join_index,sampling_index,origin,destination,area,journeyClass,ttpTravelTime,metadata
0,0,"-23.5682255 , -46.5504004","-23.400162400000003 , -46.550546100000005",urban-rural,urban,1800,"{""sample_routes"":{""date"":""2026-10-06"",""run_id"":""16eb5c42ed604af5baeee492d2fd1fba""},""join_samples"":{""date"":""2026-10-06"",""run_id"":""a3bdd9f4157e4bfd9923ad65a622a2ab""}}"
1,1,"-23.487373100000003 , -46.721161900000006","-23.630036200000003 , -46.863325800000005",urban-rural,urban,1952,"{""sample_routes"":{""date"":""2026-10-06"",""run_id"":""16eb5c42ed604af5baeee492d2fd1fba""},""join_samples"":{""date"":""2026-10-06"",""run_id"":""a3bdd9f4157e4bfd9923ad65a622a2ab""}}"
2,2,"-23.656842700000002 , -46.560659400000006","-23.4730667 , -46.560582000000004",urban-urban,urban,1987,"{""sample_routes"":{""date"":""2026-10-06"",""run_id"":""16eb5c42ed604af5baeee492d2fd1fba""},""join_samples"":{""date"":""2026-10-06"",""run_id"":""a3bdd9f4157e4bfd9923ad65a622a2ab""}}"
3,3,"-23.6845132 , -46.7473358","-23.6843922 , -46.863455300000005",urban-rural,urban,2012,"{""sample_routes"":{""date"":""2026-10-06"",""run_id"":""16eb5c42ed604af5baeee492d2fd1fba""},""join_samples"":{""date"":""2026-10-06"",""run_id"":""a3bdd9f4157e4bfd9923ad65a622a2ab""}}"
4,4,"-23.707216600000002 , -46.7325765","-23.6552286 , -46.6804998",rural-urban,urban,2016,"{""sample_routes"":{""date"":""2026-10-06"",""run_id"":""16eb5c42ed604af5baeee492d2fd1fba""},""join_samples"":{""date"":""2026-10-06"",""run_id"":""a3bdd9f4157e4bfd9923ad65a622a2ab""}}"
5,5,"-23.5682255 , -46.417217900000004","-23.737485200000002 , -46.4176802",urban-rural,urban,2017,"{""sample_routes"":{""date"":""2026-10-06"",""run_id"":""16eb5c42ed604af5baeee492d2fd1fba""},""join_samples"":{""date"":""2026-10-06"",""run_id"":""a3bdd9f4157e4bfd9923ad65a622a2ab""}}"
6,6,"-23.557052600000002 , -46.826485100000006","-23.673672800000002 , -46.7093348",urban-urban,urban,2023,"{""sample_routes"":{""date"":""2026-10-06"",""run_id"":""16eb5c42ed604af5baeee492d2fd1fba""},""join_samples"":{""date"":""2026-10-06"",""run_id"":""a3bdd9f4157e4bfd9923ad65a622a2ab""}}"
7,7,"-23.5885451 , -46.6262052","-23.589006100000002 , -46.507034700000006",urban-urban,urban,2045,"{""sample_routes"":{""date"":""2026-10-06"",""run_id"":""16eb5c42ed604af5baeee492d2fd1fba""},""join_samples"":{""date"":""2026-10-06"",""run_id"":""a3bdd9f4157e4bfd9923ad65a622a2ab""}}"
8,8,"-23.5770805 , -46.607403100000006","-23.689530700000002 , -46.494781700000004",urban-urban,urban,2050,"{""sample_routes"":{""date"":""2026-10-06"",""run_id"":""16eb5c42ed604af5baeee492d2fd1fba""},""join_samples"":{""date"":""2026-10-06"",""run_id"":""a3bdd9f4157e4bfd9923ad65a622a2ab""}}"
9,9,"-23.5383163 , -46.524533000000005","-23.6518951 , -46.637593200000005",urban-urban,urban,2052,"{""sample_routes"":{""date"":""2026-10-06"",""run_id"":""16eb5c42ed604af5baeee492d2fd1fba""},""join_samples"":{""date"":""2026-10-06"",""run_id"":""a3bdd9f4157e4bfd9923ad65a622a2ab""}}"
10,10,"-23.6812013 , -46.7830979","-23.5811943 , -46.882575900000006",urban-rural,urban,2052,"{""sample_routes"":{""date"":""2026-10-06"",""run_id"":""16eb5c42ed604af5baeee492d2fd1fba""},""join_samples"":{""date"":""2026-10-06"",""run_id"":""a3bdd9f4157e4bfd9923ad65a622a2ab""}}"
11,11,"-23.458760400000003 , -46.472157300000006","-23.6899568 , -46.4720473",urban-urban,urban,2055,"{""sample_routes"":{""date"":""2026-10-06"",""run_id"":""16eb5c42ed604af5baeee492d2fd1fba""},""join_samples"":{""date"":""2026-10-06"",""run_id"":""a3bdd9f4157e4bfd9923ad65a622a2ab""}}"
12,12,"-23.5300511 , -46.811871800000006","-23.5303839 , -46.5505817",urban-urban,urban,2060,"{""sample_routes"":{""date"":""2026-10-06"",""run_id"":""16eb5c42ed604af5baeee492d2fd1fba""},""join_samples"":{""date"":""2026-10-06"",""run_id"":""a3bdd9f4157e4bfd9923ad65a622a2ab""}}"
13,13,"-23.707243300000002 , -46.6278014","-23.522383100000003 , -46.6279319",urban-urban,urban,2063,"{""sample_routes"":{""date"":""2026-10-06"",""run_id"":""16eb5c42ed604af5baeee492d2fd1fba""},""join_samples"":{""date"":""2026-10-06"",""run_id"":""a3bdd9f4157e4bfd9923ad65a622a2ab""}}"
14,14,"-23.4364846 , -46.506199800000005","-23.5975009 , -46.6676407",urban-urban,urban,2064,"{""sample_routes"":{""date"":""2026-10-06"",""run_id"":""16eb5c42ed604af5baeee492d2fd1fba""},""join_samples"":{""date"":""2026-10-06"",""run_id"":""a3bdd9f4157e4bfd9923ad65a622a2ab""}}"
15,15,"-23.6217191 , -46.7865842","-23.712499700000002 , -46.695826800000006",urban-urban,urban,2066,"{""sample_routes"":{""date"":""2026-10-06"",""run_id"":""16eb5c42ed604af5baeee492d2fd1fba""},""join_samples"":{""date"":""2026-10-06"",""run_id"":""a3bdd9f4157e4bfd9923ad65a622a2ab""}}"
16,16,"-23.5885451 , -46.6262052","-23.588661300000002 , -46.7789328",urban-urban,urban,2066,"{""sample_routes"":{""date"":""2026-10-06"",""run_id"":""16eb5c42ed604af5baeee492d2fd1fba""},""join_samples"":{""date"":""2026-10-06"",""run_id"":""a3bdd9f4157e4bfd9923ad65a622a2ab""}}"
17,17,"-23.5008696 , -46.8001793","-23.6841134 , -46.7999768",urban-urban,urban,2067,"{""sample_routes"":{""date"":""2026-10-06"",""run_id"":""16eb5c42ed604af5baeee492d2fd1fba""},""join_samples"":{""date"":""2026-10-06"",""run_id"":""a3bdd9f4157e4bfd9923ad65a622a2ab""}}"
18,18,"-23.6955098 , -46.4972616","-23.696042900000002 , -46.630164",urban-urban,urban,2067,"{""sample_routes"":{""date"":""2026-10-06"",""run_id"":""16eb5c42ed604af5baeee492d2fd1fba""},""join_samples"":{""date"":""2026-10-06"",""run_id"":""a3bdd9f4157e4bfd9923ad65a622a2ab""}}"
19,19,"-23.6015415 , -46.6318641","-23.523229100000002 , -46.7103857",urban-urban,urban,2069,"{""sample_routes"":{""date"":""2026-10-06"",""run_id"":""16eb5c42ed604af5baeee492d2fd1fba""},""join_samples"":{""date"":""2026-10-06"",""run_id"":""a3bdd9f4157e4bfd9923ad65a622a2ab""}}"
20,20,"-23.6350887 , -46.5782478","-23.768137900000003 , -46.445153700000006",urban-rural,mixed,1912,"{""sample_routes"":{""date"":""2026-10-06"",""run_id"":""16eb5c42ed604af5baeee492d2fd1fba""},""join_samples"":{""date"":""2026-10-06"",""run_id"":""a3bdd9f4157e4bfd9923ad65a622a2ab""}}"
21,21,"-23.7115337 , -46.591165700000005","-23.7120159 , -46.4359303",urban-urban,mixed,1946,"{""sample_routes"":{""date"":""2026-10-06"",""run_id"":""16eb5c42ed604af5baeee492d2fd1fba""},""join_samples"":{""date"":""2026-10-06"",""run_id"":""a3bdd9f4157e4bfd9923ad65a622a2ab""}}"
22,22,"-23.6214456 , -46.8335152","-23.538945700000003 , -46.915676000000005",urban-urban,mixed,1590,"{""sample_routes"":{""date"":""2026-10-06"",""run_id"":""16eb5c42ed604af5baeee492d2fd1fba""},""join_samples"":{""date"":""2026-10-06"",""run_id"":""a3bdd9f4157e4bfd9923ad65a622a2ab""}}"
23,23,"-23.7603514 , -46.41131","-23.7605188 , -46.577637100000004",urban-rural,mixed,2011,"{""sample_routes"":{""date"":""2026-10-06"",""run_id"":""16eb5c42ed604af5baeee492d2fd1fba""},""join_samples"":{""date"":""2026-10-06"",""run_id"":""a3bdd9f4157e4bfd9923ad65a622a2ab""}}"
24,24,"-23.619801600000002 , -46.8055758","-23.8017195 , -46.805512900000004",urban-rural,mixed,2012,"{""sample_routes"":{""date"":""2026-10-06"",""run_id"":""16eb5c42ed604af5baeee492d2fd1fba""},""join_samples"":{""date"":""2026-10-06"",""run_id"":""a3bdd9f4157e4bfd9923ad65a622a2ab""}}"
25,25,"-23.6813344 , -46.5769077","-23.680989 , -46.4190039",urban-urban,mixed,2015,"{""sample_routes"":{""date"":""2026-10-06"",""run_id"":""16eb5c42ed604af5baeee492d2fd1fba""},""join_samples"":{""date"":""2026-10-06"",""run_id"":""a3bdd9f4157e4bfd9923ad65a622a2ab""}}"
26,26,"-23.8407862 , -46.7586789","-23.749058700000003 , -46.7589504",rural-rural,mixed,1568,"{""sample_routes"":{""date"":""2026-10-06"",""run_id"":""16eb5c42ed604af5baeee492d2fd1fba""},""join_samples"":{""date"":""2026-10-06"",""run_id"":""a3bdd9f4157e4bfd9923ad65a622a2ab""}}"
27,27,"-23.6649382 , -46.3355946","-23.7679566 , -46.4385666",rural-rural,mixed,1542,"{""sample_routes"":{""date"":""2026-10-06"",""run_id"":""16eb5c42ed604af5baeee492d2fd1fba""},""join_samples"":{""date"":""2026-10-06"",""run_id"":""a3bdd9f4157e4bfd9923ad65a622a2ab""}}"
28,28,"-23.8060288 , -46.823562800000005","-23.7295471 , -46.746611",rural-urban,mixed,1542,"{""sample_routes"":{""date"":""2026-10-06"",""run_id"":""16eb5c42ed604af5baeee492d2fd1fba""},""join_samples"":{""date"":""2026-10-06"",""run_id"":""a3bdd9f4157e4bfd9923ad65a622a2ab""}}"
0,0,"-23.013970200000003 , -43.313792400000004","-22.8928118 , -43.1926981",urban-urban,urban,1842,"{""sample_routes"":{""date"":""2026-10-06"",""run_id"":""84c79a34eea74ed49fd7ac165b775199""},""join_samples"":{""date"":""2026-10-06"",""run_id"":""404d133866ff4520b8198ff50397aa28""}}"
1,1,"-22.8519453 , -43.261254900000004","-22.952949200000003 , -43.261538300000005",urban-urban,urban,1725,"{""sample_routes"":{""date"":""2026-10-06"",""run_id"":""84c79a34eea74ed49fd7ac165b775199""},""join_samples"":{""date"":""2026-10-06"",""run_id"":""404d133866ff4520b8198ff50397aa28""}}"
2,2,"-22.8531443 , -43.3824563","-22.9242089 , -43.3110961",urban-urban,urban,1722,"{""sample_routes"":{""date"":""2026-10-06"",""run_id"":""84c79a34eea74ed49fd7ac165b775199""},""join_samples"":{""date"":""2026-10-06"",""run_id"":""404d133866ff4520b8198ff50397aa28""}}"
3,3,"-22.9347765 , -43.3472096","-22.9348974 , -43.1750556",urban-urban,urban,1697,"{""sample_routes"":{""date"":""2026-10-06"",""run_id"":""84c79a34eea74ed49fd7ac165b775199""},""join_samples"":{""date"":""2026-10-06"",""run_id"":""404d133866ff4520b8198ff50397aa28""}}"
4,4,"-22.8329871 , -43.4061704","-22.8325853 , -43.651857400000004",urban-rural,urban,1909,"{""sample_routes"":{""date"":""2026-10-06"",""run_id"":""84c79a34eea74ed49fd7ac165b775199""},""join_samples"":{""date"":""2026-10-06"",""run_id"":""404d133866ff4520b8198ff50397aa28""}}"
5,5,"-22.6874353 , -43.591661900000005","-22.6878125 , -43.4201921",urban-urban,urban,1639,"{""sample_routes"":{""date"":""2026-10-06"",""run_id"":""84c79a34eea74ed49fd7ac165b775199""},""join_samples"":{""date"":""2026-10-06"",""run_id"":""404d133866ff4520b8198ff50397aa28""}}"
6,6,"-22.874185800000003 , -43.4991847","-22.87443 , -43.8118646",urban-urban,urban,1963,"{""sample_routes"":{""date"":""2026-10-06"",""run_id"":""84c79a34eea74ed49fd7ac165b775199""},""join_samples"":{""date"":""2026-10-06"",""run_id"":""404d133866ff4520b8198ff50397aa28""}}"
7,7,"-22.788247700000003 , -43.188304800000004","-22.929338400000002 , -43.1885546",urban-urban,urban,1977,"{""sample_routes"":{""date"":""2026-10-06"",""run_id"":""84c79a34eea74ed49fd7ac165b775199""},""join_samples"":{""date"":""2026-10-06"",""run_id"":""404d133866ff4520b8198ff50397aa28""}}"
8,8,"-22.9117836 , -43.6631334","-22.728004000000002 , -43.6635411",urban-rural,urban,1978,"{""sample_routes"":{""date"":""2026-10-06"",""run_id"":""84c79a34eea74ed49fd7ac165b775199""},""join_samples"":{""date"":""2026-10-06"",""run_id"":""404d133866ff4520b8198ff50397aa28""}}"
9,9,"-22.9830688 , -43.301912200000004","-22.9079616 , -43.3768277",rural-urban,urban,1999,"{""sample_routes"":{""date"":""2026-10-06"",""run_id"":""84c79a34eea74ed49fd7ac165b775199""},""join_samples"":{""date"":""2026-10-06"",""run_id"":""404d133866ff4520b8198ff50397aa28""}}"
10,10,"-22.699972600000002 , -43.299787900000005","-22.8792961 , -43.4796422",urban-urban,urban,2030,"{""sample_routes"":{""date"":""2026-10-06"",""run_id"":""84c79a34eea74ed49fd7ac165b775199""},""join_samples"":{""date"":""2026-10-06"",""run_id"":""404d133866ff4520b8198ff50397aa28""}}"
11,11,"-22.8675138 , -43.499174000000004","-22.8673797 , -43.2327938",urban-urban,urban,2031,"{""sample_routes"":{""date"":""2026-10-06"",""run_id"":""84c79a34eea74ed49fd7ac165b775199""},""join_samples"":{""date"":""2026-10-06"",""run_id"":""404d133866ff4520b8198ff50397aa28""}}"
12,12,"-22.951092300000003 , -42.9409379","-22.7799108 , -42.9411981",urban-urban,urban,2040,"{""sample_routes"":{""date"":""2026-10-06"",""run_id"":""84c79a34eea74ed49fd7ac165b775199""},""join_samples"":{""date"":""2026-10-06"",""run_id"":""404d133866ff4520b8198ff50397aa28""}}"
13,13,"-22.7418084 , -43.3424746","-22.662335600000002 , -43.4221476",urban-rural,urban,1558,"{""sample_routes"":{""date"":""2026-10-06"",""run_id"":""84c79a34eea74ed49fd7ac165b775199""},""join_samples"":{""date"":""2026-10-06"",""run_id"":""404d133866ff4520b8198ff50397aa28""}}"
14,14,"-22.8121374 , -43.3789996","-23.0001251 , -43.3785031",urban-urban,urban,2044,"{""sample_routes"":{""date"":""2026-10-06"",""run_id"":""84c79a34eea74ed49fd7ac165b775199""},""join_samples"":{""date"":""2026-10-06"",""run_id"":""404d133866ff4520b8198ff50397aa28""}}"
15,15,"-22.696308600000002 , -43.456317600000006","-22.8736323 , -43.278607900000004",urban-urban,urban,2047,"{""sample_routes"":{""date"":""2026-10-06"",""run_id"":""84c79a34eea74ed49fd7ac165b775199""},""join_samples"":{""date"":""2026-10-06"",""run_id"":""404d133866ff4520b8198ff50397aa28""}}"
16,16,"-22.979085100000002 , -43.2765533","-22.8462822 , -43.2764158",rural-urban,urban,2051,"{""sample_routes"":{""date"":""2026-10-06"",""run_id"":""84c79a34eea74ed49fd7ac165b775199""},""join_samples"":{""date"":""2026-10-06"",""run_id"":""404d133866ff4520b8198ff50397aa28""}}"
17,17,"-23.018679900000002 , -43.4510221","-22.848643600000003 , -43.2809906",urban-urban,urban,2054,"{""sample_routes"":{""date"":""2026-10-06"",""run_id"":""84c79a34eea74ed49fd7ac165b775199""},""join_samples"":{""date"":""2026-10-06"",""run_id"":""404d133866ff4520b8198ff50397aa28""}}"
18,18,"-22.936455900000002 , -43.194874000000006","-22.936066800000003 , -43.371541900000004",urban-urban,urban,2056,"{""sample_routes"":{""date"":""2026-10-06"",""run_id"":""84c79a34eea74ed49fd7ac165b775199""},""join_samples"":{""date"":""2026-10-06"",""run_id"":""404d133866ff4520b8198ff50397aa28""}}"
19,19,"-22.8424781 , -43.5116074","-22.9997799 , -43.35387",urban-urban,urban,2068,"{""sample_routes"":{""date"":""2026-10-06"",""run_id"":""84c79a34eea74ed49fd7ac165b775199""},""join_samples"":{""date"":""2026-10-06"",""run_id"":""404d133866ff4520b8198ff50397aa28""}}"
20,20,"-22.928008400000003 , -43.5630648","-22.8120288 , -43.563577800000004",urban-rural,mixed,1774,"{""sample_routes"":{""date"":""2026-10-06"",""run_id"":""84c79a34eea74ed49fd7ac165b775199""},""join_samples"":{""date"":""2026-10-06"",""run_id"":""404d133866ff4520b8198ff50397aa28""}}"
21,21,"-22.8613456 , -43.022348900000004","-22.970261100000002 , -42.913594700000004",urban-rural,mixed,1751,"{""sample_routes"":{""date"":""2026-10-06"",""run_id"":""84c79a34eea74ed49fd7ac165b775199""},""join_samples"":{""date"":""2026-10-06"",""run_id"":""404d133866ff4520b8198ff50397aa28""}}"
22,22,"-22.8707606 , -43.017412400000005","-22.970911400000002 , -42.9171849",urban-rural,mixed,1727,"{""sample_routes"":{""date"":""2026-10-06"",""run_id"":""84c79a34eea74ed49fd7ac165b775199""},""join_samples"":{""date"":""2026-10-06"",""run_id"":""404d133866ff4520b8198ff50397aa28""}}"
23,23,"-22.9282393 , -43.6525252","-22.8057336 , -43.7750646",urban-rural,mixed,2016,"{""sample_routes"":{""date"":""2026-10-06"",""run_id"":""84c79a34eea74ed49fd7ac165b775199""},""join_samples"":{""date"":""2026-10-06"",""run_id"":""404d133866ff4520b8198ff50397aa28""}}"
24,24,"-23.000052800000002 , -43.433366","-22.999705300000002 , -43.650773300000004",rural-urban,mixed,2019,"{""sample_routes"":{""date"":""2026-10-06"",""run_id"":""84c79a34eea74ed49fd7ac165b775199""},""join_samples"":{""date"":""2026-10-06"",""run_id"":""404d133866ff4520b8198ff50397aa28""}}"
25,25,"-23.002796500000002 , -43.3248784","-22.969703000000003 , -43.2913457",urban-rural,mixed,1560,"{""sample_routes"":{""date"":""2026-10-06"",""run_id"":""84c79a34eea74ed49fd7ac165b775199""},""join_samples"":{""date"":""2026-10-06"",""run_id"":""404d133866ff4520b8198ff50397aa28""}}"
26,26,"-22.7013116 , -43.6265459","-22.8767944 , -43.802196800000004",urban-urban,mixed,2043,"{""sample_routes"":{""date"":""2026-10-06"",""run_id"":""84c79a34eea74ed49fd7ac165b775199""},""join_samples"":{""date"":""2026-10-06"",""run_id"":""404d133866ff4520b8198ff50397aa28""}}"
27,27,"-22.8816701 , -43.5404478","-22.9768398 , -43.540911200000004",urban-rural,mixed,2064,"{""sample_routes"":{""date"":""2026-10-06"",""run_id"":""84c79a34eea74ed49fd7ac165b775199""},""join_samples"":{""date"":""2026-10-06"",""run_id"":""404d133866ff4520b8198ff50397aa28""}}"
28,28,"-23.000154900000002 , -43.6509881","-23.000401500000002 , -43.4047245",urban-urban,mixed,2068,"{""sample_routes"":{""date"":""2026-10-06"",""run_id"":""84c79a34eea74ed49fd7ac165b775199""},""join_samples"":{""date"":""2026-10-06"",""run_id"":""404d133866ff4520b8198ff50397aa28""}}"
0,0,"-19.9848925 , -44.051884","-19.8970567 , -44.139341800000004",urban-rural,urban,1815,"{""sample_routes"":{""date"":""2026-10-06"",""run_id"":""9302e03a13a643c1abe48f9e9e097b88""},""join_samples"":{""date"":""2026-10-06"",""run_id"":""1360b695b82e482a9e0c3277aebc4663""}}"
1,1,"-19.7780586 , -43.899365800000005","-19.925494 , -43.899634500000005",urban-urban,urban,1775,"{""sample_routes"":{""date"":""2026-10-06"",""run_id"":""9302e03a13a643c1abe48f9e9e097b88""},""join_samples"":{""date"":""2026-10-06"",""run_id"":""1360b695b82e482a9e0c3277aebc4663""}}"
2,2,"-19.899137500000002 , -43.9977001","-19.754438200000003 , -43.852677",urban-urban,urban,1750,"{""sample_routes"":{""date"":""2026-10-06"",""run_id"":""9302e03a13a643c1abe48f9e9e097b88""},""join_samples"":{""date"":""2026-10-06"",""run_id"":""1360b695b82e482a9e0c3277aebc4663""}}"
3,3,"-19.802524100000003 , -43.9583184","-19.9691313 , -43.9578022",urban-urban,urban,1865,"{""sample_routes"":{""date"":""2026-10-06"",""run_id"":""9302e03a13a643c1abe48f9e9e097b88""},""join_samples"":{""date"":""2026-10-06"",""run_id"":""1360b695b82e482a9e0c3277aebc4663""}}"
4,4,"-19.9785256 , -44.1666886","-19.978549 , -43.9343457",urban-urban,urban,1890,"{""sample_routes"":{""date"":""2026-10-06"",""run_id"":""9302e03a13a643c1abe48f9e9e097b88""},""join_samples"":{""date"":""2026-10-06"",""run_id"":""1360b695b82e482a9e0c3277aebc4663""}}"
5,5,"-19.912536600000003 , -44.02047","-19.783054200000002 , -44.020987700000006",urban-urban,urban,1701,"{""sample_routes"":{""date"":""2026-10-06"",""run_id"":""9302e03a13a643c1abe48f9e9e097b88""},""join_samples"":{""date"":""2026-10-06"",""run_id"":""1360b695b82e482a9e0c3277aebc4663""}}"
6,6,"-19.8244894 , -43.986838500000005","-19.998995400000002 , -43.9868183",urban-urban,urban,1900,"{""sample_routes"":{""date"":""2026-10-06"",""run_id"":""9302e03a13a643c1abe48f9e9e097b88""},""join_samples"":{""date"":""2026-10-06"",""run_id"":""1360b695b82e482a9e0c3277aebc4663""}}"
7,7,"-19.9968508 , -44.0496082","-19.916190200000003 , -44.1307805",urban-urban,urban,1683,"{""sample_routes"":{""date"":""2026-10-06"",""run_id"":""9302e03a13a643c1abe48f9e9e097b88""},""join_samples"":{""date"":""2026-10-06"",""run_id"":""1360b695b82e482a9e0c3277aebc4663""}}"
8,8,"-19.9474358 , -43.9668104","-19.7368665 , -43.966370600000005",urban-rural,urban,1920,"{""sample_routes"":{""date"":""2026-10-06"",""run_id"":""9302e03a13a643c1abe48f9e9e097b88""},""join_samples"":{""date"":""2026-10-06"",""run_id"":""1360b695b82e482a9e0c3277aebc4663""}}"
9,9,"-19.9938235 , -44.0561596","-19.9933462 , -43.952609",urban-urban,urban,1639,"{""sample_routes"":{""date"":""2026-10-06"",""run_id"":""9302e03a13a643c1abe48f9e9e097b88""},""join_samples"":{""date"":""2026-10-06"",""run_id"":""1360b695b82e482a9e0c3277aebc4663""}}"
10,10,"-19.911906700000003 , -43.9889451","-19.9117643 , -44.1871439",urban-urban,urban,1605,"{""sample_routes"":{""date"":""2026-10-06"",""run_id"":""9302e03a13a643c1abe48f9e9e097b88""},""join_samples"":{""date"":""2026-10-06"",""run_id"":""1360b695b82e482a9e0c3277aebc4663""}}"
11,11,"-19.899137500000002 , -43.9977001","-20.0410405 , -44.139152700000004",urban-urban,urban,2019,"{""sample_routes"":{""date"":""2026-10-06"",""run_id"":""9302e03a13a643c1abe48f9e9e097b88""},""join_samples"":{""date"":""2026-10-06"",""run_id"":""1360b695b82e482a9e0c3277aebc4663""}}"
12,12,"-19.888436600000002 , -43.908992600000005","-20.015820700000003 , -44.0364409",urban-urban,urban,2022,"{""sample_routes"":{""date"":""2026-10-06"",""run_id"":""9302e03a13a643c1abe48f9e9e097b88""},""join_samples"":{""date"":""2026-10-06"",""run_id"":""1360b695b82e482a9e0c3277aebc4663""}}"
13,13,"-19.917751600000003 , -44.1219782","-19.9172391 , -43.886704900000005",urban-urban,urban,2022,"{""sample_routes"":{""date"":""2026-10-06"",""run_id"":""9302e03a13a643c1abe48f9e9e097b88""},""join_samples"":{""date"":""2026-10-06"",""run_id"":""1360b695b82e482a9e0c3277aebc4663""}}"
14,14,"-19.918360800000002 , -43.969644800000005","-19.780064000000003 , -43.9697964",urban-urban,urban,1557,"{""sample_routes"":{""date"":""2026-10-06"",""run_id"":""9302e03a13a643c1abe48f9e9e097b88""},""join_samples"":{""date"":""2026-10-06"",""run_id"":""1360b695b82e482a9e0c3277aebc4663""}}"
15,15,"-19.9654208 , -44.0520202","-19.7596673 , -43.8467992",urban-urban,urban,2049,"{""sample_routes"":{""date"":""2026-10-06"",""run_id"":""9302e03a13a643c1abe48f9e9e097b88""},""join_samples"":{""date"":""2026-10-06"",""run_id"":""1360b695b82e482a9e0c3277aebc4663""}}"
16,16,"-19.9633171 , -43.958879700000004","-19.9638505 , -44.1964094",urban-urban,urban,2050,"{""sample_routes"":{""date"":""2026-10-06"",""run_id"":""9302e03a13a643c1abe48f9e9e097b88""},""join_samples"":{""date"":""2026-10-06"",""run_id"":""1360b695b82e482a9e0c3277aebc4663""}}"
17,17,"-19.9082073 , -43.9370114","-20.0319165 , -44.0602225",urban-urban,urban,2052,"{""sample_routes"":{""date"":""2026-10-06"",""run_id"":""9302e03a13a643c1abe48f9e9e097b88""},""join_samples"":{""date"":""2026-10-06"",""run_id"":""1360b695b82e482a9e0c3277aebc4663""}}"
18,18,"-19.9369735 , -44.052747600000004","-20.0350267 , -44.053126000000006",urban-urban,urban,1542,"{""sample_routes"":{""date"":""2026-10-06"",""run_id"":""9302e03a13a643c1abe48f9e9e097b88""},""join_samples"":{""date"":""2026-10-06"",""run_id"":""1360b695b82e482a9e0c3277aebc4663""}}"
19,19,"-19.936522200000002 , -43.936875300000004","-19.936614300000002 , -44.130950000000006",urban-urban,urban,2058,"{""sample_routes"":{""date"":""2026-10-06"",""run_id"":""9302e03a13a643c1abe48f9e9e097b88""},""join_samples"":{""date"":""2026-10-06"",""run_id"":""1360b695b82e482a9e0c3277aebc4663""}}"
20,20,"-20.0344166 , -44.1618003","-19.959359000000003 , -44.0866374",urban-urban,mixed,1512,"{""sample_routes"":{""date"":""2026-10-06"",""run_id"":""9302e03a13a643c1abe48f9e9e097b88""},""join_samples"":{""date"":""2026-10-06"",""run_id"":""1360b695b82e482a9e0c3277aebc4663""}}"
21,21,"-20.0392054 , -44.061667400000005","-19.9776475 , -44.1231007",urban-rural,mixed,1510,"{""sample_routes"":{""date"":""2026-10-06"",""run_id"":""9302e03a13a643c1abe48f9e9e097b88""},""join_samples"":{""date"":""2026-10-06"",""run_id"":""1360b695b82e482a9e0c3277aebc4663""}}"
22,22,"-20.0387442 , -44.0683019","-19.981120500000003 , -44.126023700000005",urban-rural,mixed,1502,"{""sample_routes"":{""date"":""2026-10-06"",""run_id"":""9302e03a13a643c1abe48f9e9e097b88""},""join_samples"":{""date"":""2026-10-06"",""run_id"":""1360b695b82e482a9e0c3277aebc4663""}}"
23,23,"-19.9594294 , -44.087336300000004","-20.0344166 , -44.1618003",urban-urban,mixed,1490,"{""sample_routes"":{""date"":""2026-10-06"",""run_id"":""9302e03a13a643c1abe48f9e9e097b88""},""join_samples"":{""date"":""2026-10-06"",""run_id"":""1360b695b82e482a9e0c3277aebc4663""}}"
24,24,"-19.9981791 , -44.1392638","-19.932070600000003 , -44.2058668",rural-urban,mixed,1475,"{""sample_routes"":{""date"":""2026-10-06"",""run_id"":""9302e03a13a643c1abe48f9e9e097b88""},""join_samples"":{""date"":""2026-10-06"",""run_id"":""1360b695b82e482a9e0c3277aebc4663""}}"
25,25,"-20.038868400000002 , -44.0632469","-19.97848 , -44.1235225",urban-rural,mixed,1467,"{""sample_routes"":{""date"":""2026-10-06"",""run_id"":""9302e03a13a643c1abe48f9e9e097b88""},""join_samples"":{""date"":""2026-10-06"",""run_id"":""1360b695b82e482a9e0c3277aebc4663""}}"
26,26,"-20.0412025 , -44.1565968","-19.9637396 , -44.0790602",urban-rural,mixed,1413,"{""sample_routes"":{""date"":""2026-10-06"",""run_id"":""9302e03a13a643c1abe48f9e9e097b88""},""join_samples"":{""date"":""2026-10-06"",""run_id"":""1360b695b82e482a9e0c3277aebc4663""}}"
27,27,"-19.959582700000002 , -44.037153700000005","-20.0365071 , -44.114177100000006",urban-rural,mixed,1405,"{""sample_routes"":{""date"":""2026-10-06"",""run_id"":""9302e03a13a643c1abe48f9e9e097b88""},""join_samples"":{""date"":""2026-10-06"",""run_id"":""1360b695b82e482a9e0c3277aebc4663""}}"
28,28,"-20.0389084 , -44.1580552","-19.961381900000003 , -44.080615200000004",urban-rural,mixed,1369,"{""sample_routes"":{""date"":""2026-10-06"",""run_id"":""9302e03a13a643c1abe48f9e9e097b88""},""join_samples"":{""date"":""2026-10-06"",""run_id"":""1360b695b82e482a9e0c3277aebc4663""}}"
0,0,"-15.9180638 , -48.051593200000006","-15.812237000000001 , -48.157946300000006",urban-urban,urban,1815,"{""sample_routes"":{""date"":""2026-10-06"",""run_id"":""403e616363aa4b00945827c1bff2aa63""},""join_samples"":{""date"":""2026-10-06"",""run_id"":""8101defe13d74238a46327586af44027""}}"
1,1,"-15.801680300000001 , -47.9416913","-15.8012197 , -48.215936400000004",urban-rural,urban,1820,"{""sample_routes"":{""date"":""2026-10-06"",""run_id"":""403e616363aa4b00945827c1bff2aa63""},""join_samples"":{""date"":""2026-10-06"",""run_id"":""8101defe13d74238a46327586af44027""}}"
2,2,"-16.0096487 , -47.9934821","-15.7755469 , -47.9938361",urban-urban,urban,1867,"{""sample_routes"":{""date"":""2026-10-06"",""run_id"":""403e616363aa4b00945827c1bff2aa63""},""join_samples"":{""date"":""2026-10-06"",""run_id"":""8101defe13d74238a46327586af44027""}}"
3,3,"-15.870779100000002 , -47.969227800000006","-16.0931162 , -47.968725000000006",urban-urban,urban,1728,"{""sample_routes"":{""date"":""2026-10-06"",""run_id"":""403e616363aa4b00945827c1bff2aa63""},""join_samples"":{""date"":""2026-10-06"",""run_id"":""8101defe13d74238a46327586af44027""}}"
4,4,"-15.759510800000001 , -47.8654585","-15.9348159 , -48.0409323",urban-urban,urban,1901,"{""sample_routes"":{""date"":""2026-10-06"",""run_id"":""403e616363aa4b00945827c1bff2aa63""},""join_samples"":{""date"":""2026-10-06"",""run_id"":""8101defe13d74238a46327586af44027""}}"
5,5,"-15.900980500000001 , -47.932883200000006","-16.047878100000002 , -47.9333633",rural-rural,urban,1908,"{""sample_routes"":{""date"":""2026-10-06"",""run_id"":""403e616363aa4b00945827c1bff2aa63""},""join_samples"":{""date"":""2026-10-06"",""run_id"":""8101defe13d74238a46327586af44027""}}"
6,6,"-15.750487900000001 , -47.890833900000004","-15.750863500000001 , -48.0488737",urban-urban,urban,1914,"{""sample_routes"":{""date"":""2026-10-06"",""run_id"":""403e616363aa4b00945827c1bff2aa63""},""join_samples"":{""date"":""2026-10-06"",""run_id"":""8101defe13d74238a46327586af44027""}}"
7,7,"-15.824280600000002 , -47.9166102","-15.823911800000001 , -48.1424305",urban-urban,urban,1946,"{""sample_routes"":{""date"":""2026-10-06"",""run_id"":""403e616363aa4b00945827c1bff2aa63""},""join_samples"":{""date"":""2026-10-06"",""run_id"":""8101defe13d74238a46327586af44027""}}"
8,8,"-15.823161500000001 , -47.989151","-15.7129507 , -48.0989653",urban-rural,urban,1640,"{""sample_routes"":{""date"":""2026-10-06"",""run_id"":""403e616363aa4b00945827c1bff2aa63""},""join_samples"":{""date"":""2026-10-06"",""run_id"":""8101defe13d74238a46327586af44027""}}"
9,9,"-15.7915907 , -47.9348412","-15.944616100000001 , -48.087678700000005",urban-rural,urban,1967,"{""sample_routes"":{""date"":""2026-10-06"",""run_id"":""403e616363aa4b00945827c1bff2aa63""},""join_samples"":{""date"":""2026-10-06"",""run_id"":""8101defe13d74238a46327586af44027""}}"
10,10,"-15.906719400000002 , -47.944837500000006","-15.7993564 , -48.052732000000006",rural-urban,urban,1628,"{""sample_routes"":{""date"":""2026-10-06"",""run_id"":""403e616363aa4b00945827c1bff2aa63""},""join_samples"":{""date"":""2026-10-06"",""run_id"":""8101defe13d74238a46327586af44027""}}"
11,11,"-15.854063300000002 , -48.0115412","-15.7328854 , -47.8906888",urban-urban,urban,1626,"{""sample_routes"":{""date"":""2026-10-06"",""run_id"":""403e616363aa4b00945827c1bff2aa63""},""join_samples"":{""date"":""2026-10-06"",""run_id"":""8101defe13d74238a46327586af44027""}}"
12,12,"-15.809626300000001 , -48.022793500000006","-15.905957 , -47.9261302",urban-rural,urban,1614,"{""sample_routes"":{""date"":""2026-10-06"",""run_id"":""403e616363aa4b00945827c1bff2aa63""},""join_samples"":{""date"":""2026-10-06"",""run_id"":""8101defe13d74238a46327586af44027""}}"
13,13,"-15.753755400000001 , -48.042075000000004","-15.869790600000002 , -47.9255652",rural-rural,urban,1596,"{""sample_routes"":{""date"":""2026-10-06"",""run_id"":""403e616363aa4b00945827c1bff2aa63""},""join_samples"":{""date"":""2026-10-06"",""run_id"":""8101defe13d74238a46327586af44027""}}"
14,14,"-15.899119700000002 , -48.064682700000006","-15.898669900000002 , -47.9137799",urban-rural,urban,1590,"{""sample_routes"":{""date"":""2026-10-06"",""run_id"":""403e616363aa4b00945827c1bff2aa63""},""join_samples"":{""date"":""2026-10-06"",""run_id"":""8101defe13d74238a46327586af44027""}}"
15,15,"-15.799997600000001 , -48.0744217","-15.799581700000001 , -47.8514807",urban-rural,urban,1562,"{""sample_routes"":{""date"":""2026-10-06"",""run_id"":""403e616363aa4b00945827c1bff2aa63""},""join_samples"":{""date"":""2026-10-06"",""run_id"":""8101defe13d74238a46327586af44027""}}"
16,16,"-16.0101605 , -48.0478675","-16.114818200000002 , -47.943698100000006",urban-urban,urban,1559,"{""sample_routes"":{""date"":""2026-10-06"",""run_id"":""403e616363aa4b00945827c1bff2aa63""},""join_samples"":{""date"":""2026-10-06"",""run_id"":""8101defe13d74238a46327586af44027""}}"
17,17,"-16.0921124 , -47.967404900000005","-15.795746900000001 , -47.967384200000005",urban-urban,urban,2051,"{""sample_routes"":{""date"":""2026-10-06"",""run_id"":""403e616363aa4b00945827c1bff2aa63""},""join_samples"":{""date"":""2026-10-06"",""run_id"":""8101defe13d74238a46327586af44027""}}"
18,18,"-15.8878599 , -48.056144100000004","-15.887864500000001 , -47.816059800000005",urban-urban,urban,2058,"{""sample_routes"":{""date"":""2026-10-06"",""run_id"":""403e616363aa4b00945827c1bff2aa63""},""join_samples"":{""date"":""2026-10-06"",""run_id"":""8101defe13d74238a46327586af44027""}}"
19,19,"-16.0655101 , -47.966088000000006","-15.795599800000002 , -47.965982700000005",urban-urban,urban,2060,"{""sample_routes"":{""date"":""2026-10-06"",""run_id"":""403e616363aa4b00945827c1bff2aa63""},""join_samples"":{""date"":""2026-10-06"",""run_id"":""8101defe13d74238a46327586af44027""}}"
20,20,"-15.815296400000001 , -48.0280993","-15.674759700000001 , -48.1686035",urban-rural,mixed,1825,"{""sample_routes"":{""date"":""2026-10-06"",""run_id"":""403e616363aa4b00945827c1bff2aa63""},""join_samples"":{""date"":""2026-10-06"",""run_id"":""8101defe13d74238a46327586af44027""}}"
21,21,"-15.854063300000002 , -48.0115412","-15.7062316 , -47.863410300000005",urban-rural,mixed,1864,"{""sample_routes"":{""date"":""2026-10-06"",""run_id"":""403e616363aa4b00945827c1bff2aa63""},""join_samples"":{""date"":""2026-10-06"",""run_id"":""8101defe13d74238a46327586af44027""}}"
22,22,"-15.7957675 , -47.9713556","-15.7956766 , -47.783436900000005",urban-rural,mixed,1734,"{""sample_routes"":{""date"":""2026-10-06"",""run_id"":""403e616363aa4b00945827c1bff2aa63""},""join_samples"":{""date"":""2026-10-06"",""run_id"":""8101defe13d74238a46327586af44027""}}"
23,23,"-15.8914308 , -48.148533500000006","-15.6763712 , -48.148677400000004",urban-rural,mixed,1731,"{""sample_routes"":{""date"":""2026-10-06"",""run_id"":""403e616363aa4b00945827c1bff2aa63""},""join_samples"":{""date"":""2026-10-06"",""run_id"":""8101defe13d74238a46327586af44027""}}"
24,24,"-15.9180638 , -48.051593200000006","-15.7835891 , -48.1862739",urban-rural,mixed,1895,"{""sample_routes"":{""date"":""2026-10-06"",""run_id"":""403e616363aa4b00945827c1bff2aa63""},""join_samples"":{""date"":""2026-10-06"",""run_id"":""8101defe13d74238a46327586af44027""}}"
25,25,"-15.662192200000002 , -47.833279600000004","-15.9283833 , -47.8329181",urban-rural,mixed,1963,"{""sample_routes"":{""date"":""2026-10-06"",""run_id"":""403e616363aa4b00945827c1bff2aa63""},""join_samples"":{""date"":""2026-10-06"",""run_id"":""8101defe13d74238a46327586af44027""}}"
26,26,"-15.8302793 , -47.989645200000005","-15.829849900000001 , -47.814640100000005",urban-rural,mixed,1580,"{""sample_routes"":{""date"":""2026-10-06"",""run_id"":""403e616363aa4b00945827c1bff2aa63""},""join_samples"":{""date"":""2026-10-06"",""run_id"":""8101defe13d74238a46327586af44027""}}"
27,27,"-16.1070901 , -47.9244117","-15.872111 , -47.9241107",urban-rural,mixed,2035,"{""sample_routes"":{""date"":""2026-10-06"",""run_id"":""403e616363aa4b00945827c1bff2aa63""},""join_samples"":{""date"":""2026-10-06"",""run_id"":""8101defe13d74238a46327586af44027""}}"
28,28,"-15.8299237 , -47.817512400000005","-15.829575400000001 , -47.9921141",rural-urban,mixed,1537,"{""sample_routes"":{""date"":""2026-10-06"",""run_id"":""403e616363aa4b00945827c1bff2aa63""},""join_samples"":{""date"":""2026-10-06"",""run_id"":""8101defe13d74238a46327586af44027""}}"
0,0,"-3.7864083 , -38.5404266","-3.9061909000000004 , -38.420973800000006",urban-rural,urban,1784,"{""sample_routes"":{""date"":""2026-10-06"",""run_id"":""7eb0f59e80f34df0947ee236ad31d7f4""},""join_samples"":{""date"":""2026-10-06"",""run_id"":""071a4723bdda4cadacd374f810fcaf3b""}}"
1,1,"-3.8767292 , -38.4887881","-3.7253588000000004 , -38.488718600000006",urban-urban,urban,1719,"{""sample_routes"":{""date"":""2026-10-06"",""run_id"":""7eb0f59e80f34df0947ee236ad31d7f4""},""join_samples"":{""date"":""2026-10-06"",""run_id"":""071a4723bdda4cadacd374f810fcaf3b""}}"
2,2,"-3.7273312 , -38.5751087","-3.8689003000000004 , -38.5753477",urban-urban,urban,1915,"{""sample_routes"":{""date"":""2026-10-06"",""run_id"":""7eb0f59e80f34df0947ee236ad31d7f4""},""join_samples"":{""date"":""2026-10-06"",""run_id"":""071a4723bdda4cadacd374f810fcaf3b""}}"
3,3,"-3.7619404000000003 , -38.4948404","-3.8624870000000002 , -38.5958545",urban-urban,urban,1954,"{""sample_routes"":{""date"":""2026-10-06"",""run_id"":""7eb0f59e80f34df0947ee236ad31d7f4""},""join_samples"":{""date"":""2026-10-06"",""run_id"":""071a4723bdda4cadacd374f810fcaf3b""}}"
4,4,"-3.8650952000000003 , -38.5778096","-3.7652759000000002 , -38.478235600000005",urban-urban,urban,1972,"{""sample_routes"":{""date"":""2026-10-06"",""run_id"":""7eb0f59e80f34df0947ee236ad31d7f4""},""join_samples"":{""date"":""2026-10-06"",""run_id"":""071a4723bdda4cadacd374f810fcaf3b""}}"
5,5,"-3.746729 , -38.6054046","-3.9248383000000002 , -38.605575200000004",urban-urban,urban,1993,"{""sample_routes"":{""date"":""2026-10-06"",""run_id"":""7eb0f59e80f34df0947ee236ad31d7f4""},""join_samples"":{""date"":""2026-10-06"",""run_id"":""071a4723bdda4cadacd374f810fcaf3b""}}"
6,6,"-3.8470095000000004 , -38.652375500000005","-3.7315542 , -38.5369496",urban-urban,urban,1997,"{""sample_routes"":{""date"":""2026-10-06"",""run_id"":""7eb0f59e80f34df0947ee236ad31d7f4""},""join_samples"":{""date"":""2026-10-06"",""run_id"":""071a4723bdda4cadacd374f810fcaf3b""}}"
7,7,"-3.7855504000000004 , -38.5518925","-3.8785123 , -38.6452521",urban-urban,urban,2002,"{""sample_routes"":{""date"":""2026-10-06"",""run_id"":""7eb0f59e80f34df0947ee236ad31d7f4""},""join_samples"":{""date"":""2026-10-06"",""run_id"":""071a4723bdda4cadacd374f810fcaf3b""}}"
8,8,"-3.9133578000000004 , -38.6018023","-3.913024 , -38.4479266",urban-urban,urban,2013,"{""sample_routes"":{""date"":""2026-10-06"",""run_id"":""7eb0f59e80f34df0947ee236ad31d7f4""},""join_samples"":{""date"":""2026-10-06"",""run_id"":""071a4723bdda4cadacd374f810fcaf3b""}}"
9,9,"-3.7280975 , -38.549957","-3.7283871000000004 , -38.677604200000005",urban-urban,urban,1586,"{""sample_routes"":{""date"":""2026-10-06"",""run_id"":""7eb0f59e80f34df0947ee236ad31d7f4""},""join_samples"":{""date"":""2026-10-06"",""run_id"":""071a4723bdda4cadacd374f810fcaf3b""}}"
10,10,"-3.7864083 , -38.5404266","-3.6984534000000004 , -38.6281248",urban-rural,urban,2015,"{""sample_routes"":{""date"":""2026-10-06"",""run_id"":""7eb0f59e80f34df0947ee236ad31d7f4""},""join_samples"":{""date"":""2026-10-06"",""run_id"":""071a4723bdda4cadacd374f810fcaf3b""}}"
11,11,"-3.714567 , -38.583581200000005","-3.8710011000000004 , -38.5830496",urban-urban,urban,2020,"{""sample_routes"":{""date"":""2026-10-06"",""run_id"":""7eb0f59e80f34df0947ee236ad31d7f4""},""join_samples"":{""date"":""2026-10-06"",""run_id"":""071a4723bdda4cadacd374f810fcaf3b""}}"
12,12,"-3.8026236000000004 , -38.436188300000005","-3.7186217000000004 , -38.5205542",rural-urban,urban,2041,"{""sample_routes"":{""date"":""2026-10-06"",""run_id"":""7eb0f59e80f34df0947ee236ad31d7f4""},""join_samples"":{""date"":""2026-10-06"",""run_id"":""071a4723bdda4cadacd374f810fcaf3b""}}"
13,13,"-3.8167336 , -38.5074308","-3.7253695000000002 , -38.598456000000006",urban-urban,urban,2050,"{""sample_routes"":{""date"":""2026-10-06"",""run_id"":""7eb0f59e80f34df0947ee236ad31d7f4""},""join_samples"":{""date"":""2026-10-06"",""run_id"":""071a4723bdda4cadacd374f810fcaf3b""}}"
14,14,"-3.7015117 , -38.5770141","-3.8585832000000004 , -38.5764784",urban-urban,urban,2054,"{""sample_routes"":{""date"":""2026-10-06"",""run_id"":""7eb0f59e80f34df0947ee236ad31d7f4""},""join_samples"":{""date"":""2026-10-06"",""run_id"":""071a4723bdda4cadacd374f810fcaf3b""}}"
15,15,"-3.8169313000000002 , -38.5772926","-3.6985524 , -38.577426200000005",urban-urban,urban,2057,"{""sample_routes"":{""date"":""2026-10-06"",""run_id"":""7eb0f59e80f34df0947ee236ad31d7f4""},""join_samples"":{""date"":""2026-10-06"",""run_id"":""071a4723bdda4cadacd374f810fcaf3b""}}"
16,16,"-3.7108162 , -38.4656777","-3.7104028000000002 , -38.5527026",urban-urban,urban,2060,"{""sample_routes"":{""date"":""2026-10-06"",""run_id"":""7eb0f59e80f34df0947ee236ad31d7f4""},""join_samples"":{""date"":""2026-10-06"",""run_id"":""071a4723bdda4cadacd374f810fcaf3b""}}"
17,17,"-3.7307675000000002 , -38.547732","-3.8205838 , -38.458035300000006",urban-urban,urban,2062,"{""sample_routes"":{""date"":""2026-10-06"",""run_id"":""7eb0f59e80f34df0947ee236ad31d7f4""},""join_samples"":{""date"":""2026-10-06"",""run_id"":""071a4723bdda4cadacd374f810fcaf3b""}}"
18,18,"-3.7347469 , -38.4924617","-3.7343591000000003 , -38.5916086",urban-urban,urban,2067,"{""sample_routes"":{""date"":""2026-10-06"",""run_id"":""7eb0f59e80f34df0947ee236ad31d7f4""},""join_samples"":{""date"":""2026-10-06"",""run_id"":""071a4723bdda4cadacd374f810fcaf3b""}}"
19,19,"-3.843602 , -38.5654896","-3.7240114 , -38.5655864",urban-urban,urban,2068,"{""sample_routes"":{""date"":""2026-10-06"",""run_id"":""7eb0f59e80f34df0947ee236ad31d7f4""},""join_samples"":{""date"":""2026-10-06"",""run_id"":""071a4723bdda4cadacd374f810fcaf3b""}}"
20,20,"-3.8655773000000004 , -38.4104924","-3.7838314000000004 , -38.492057700000004",rural-urban,mixed,1812,"{""sample_routes"":{""date"":""2026-10-06"",""run_id"":""7eb0f59e80f34df0947ee236ad31d7f4""},""join_samples"":{""date"":""2026-10-06"",""run_id"":""071a4723bdda4cadacd374f810fcaf3b""}}"
21,21,"-3.8887803 , -38.635071200000006","-3.8886794000000005 , -38.518818100000004",urban-rural,mixed,1736,"{""sample_routes"":{""date"":""2026-10-06"",""run_id"":""7eb0f59e80f34df0947ee236ad31d7f4""},""join_samples"":{""date"":""2026-10-06"",""run_id"":""071a4723bdda4cadacd374f810fcaf3b""}}"
22,22,"-3.7972234 , -38.4998689","-3.8901608000000003 , -38.592864000000006",urban-urban,mixed,1886,"{""sample_routes"":{""date"":""2026-10-06"",""run_id"":""7eb0f59e80f34df0947ee236ad31d7f4""},""join_samples"":{""date"":""2026-10-06"",""run_id"":""071a4723bdda4cadacd374f810fcaf3b""}}"
23,23,"-3.7802561000000003 , -38.676795500000004","-3.9134934 , -38.677302100000006",rural-urban,mixed,1680,"{""sample_routes"":{""date"":""2026-10-06"",""run_id"":""7eb0f59e80f34df0947ee236ad31d7f4""},""join_samples"":{""date"":""2026-10-06"",""run_id"":""071a4723bdda4cadacd374f810fcaf3b""}}"
24,24,"-3.905253 , -38.523919","-3.8078119000000004 , -38.524429000000005",rural-urban,mixed,1655,"{""sample_routes"":{""date"":""2026-10-06"",""run_id"":""7eb0f59e80f34df0947ee236ad31d7f4""},""join_samples"":{""date"":""2026-10-06"",""run_id"":""071a4723bdda4cadacd374f810fcaf3b""}}"
25,25,"-3.811045 , -38.4264062","-3.8112359000000002 , -38.6686485",rural-rural,mixed,1977,"{""sample_routes"":{""date"":""2026-10-06"",""run_id"":""7eb0f59e80f34df0947ee236ad31d7f4""},""join_samples"":{""date"":""2026-10-06"",""run_id"":""071a4723bdda4cadacd374f810fcaf3b""}}"
26,26,"-3.9049232000000003 , -38.538093100000005","-3.815268 , -38.447951",rural-urban,mixed,1579,"{""sample_routes"":{""date"":""2026-10-06"",""run_id"":""7eb0f59e80f34df0947ee236ad31d7f4""},""join_samples"":{""date"":""2026-10-06"",""run_id"":""071a4723bdda4cadacd374f810fcaf3b""}}"
27,27,"-3.847799 , -38.418706","-3.8482480000000003 , -38.6001708",rural-urban,mixed,1579,"{""sample_routes"":{""date"":""2026-10-06"",""run_id"":""7eb0f59e80f34df0947ee236ad31d7f4""},""join_samples"":{""date"":""2026-10-06"",""run_id"":""071a4723bdda4cadacd374f810fcaf3b""}}"
28,28,"-3.7925907000000003 , -38.512115900000005","-3.8908829000000003 , -38.4142468",urban-rural,mixed,1537,"{""sample_routes"":{""date"":""2026-10-06"",""run_id"":""7eb0f59e80f34df0947ee236ad31d7f4""},""join_samples"":{""date"":""2026-10-06"",""run_id"":""071a4723bdda4cadacd374f810fcaf3b""}}"
0,0,"-12.7800624 , -38.387063600000005","-12.8833233 , -38.283357200000005",urban-urban,urban,1793,"{""sample_routes"":{""date"":""2026-10-06"",""run_id"":""42f7501f213d40bf99235fcd5ff5af01""},""join_samples"":{""date"":""2026-10-06"",""run_id"":""f2bad1ba6e884285958443d7bfe64e26""}}"
1,1,"-12.889331400000001 , -38.3365449","-12.980255300000001 , -38.427174900000004",urban-urban,urban,1808,"{""sample_routes"":{""date"":""2026-10-06"",""run_id"":""42f7501f213d40bf99235fcd5ff5af01""},""join_samples"":{""date"":""2026-10-06"",""run_id"":""f2bad1ba6e884285958443d7bfe64e26""}}"
2,2,"-12.952828100000001 , -38.4533136","-12.7094479 , -38.4528592",urban-rural,urban,1811,"{""sample_routes"":{""date"":""2026-10-06"",""run_id"":""42f7501f213d40bf99235fcd5ff5af01""},""join_samples"":{""date"":""2026-10-06"",""run_id"":""f2bad1ba6e884285958443d7bfe64e26""}}"
3,3,"-12.9298146 , -38.3721663","-12.9293069 , -38.5180266",urban-urban,urban,1780,"{""sample_routes"":{""date"":""2026-10-06"",""run_id"":""42f7501f213d40bf99235fcd5ff5af01""},""join_samples"":{""date"":""2026-10-06"",""run_id"":""f2bad1ba6e884285958443d7bfe64e26""}}"
4,4,"-12.7839264 , -38.3967924","-12.947606 , -38.3972135",urban-urban,urban,1768,"{""sample_routes"":{""date"":""2026-10-06"",""run_id"":""42f7501f213d40bf99235fcd5ff5af01""},""join_samples"":{""date"":""2026-10-06"",""run_id"":""f2bad1ba6e884285958443d7bfe64e26""}}"
5,5,"-13.004762900000001 , -38.4826411","-12.838571 , -38.3164347",urban-rural,urban,1759,"{""sample_routes"":{""date"":""2026-10-06"",""run_id"":""42f7501f213d40bf99235fcd5ff5af01""},""join_samples"":{""date"":""2026-10-06"",""run_id"":""f2bad1ba6e884285958443d7bfe64e26""}}"
6,6,"-12.9914506 , -38.4673791","-12.8385691 , -38.3144587",urban-rural,urban,1747,"{""sample_routes"":{""date"":""2026-10-06"",""run_id"":""42f7501f213d40bf99235fcd5ff5af01""},""join_samples"":{""date"":""2026-10-06"",""run_id"":""f2bad1ba6e884285958443d7bfe64e26""}}"
7,7,"-12.839915600000001 , -38.375491600000004","-12.9847753 , -38.5198843",rural-urban,urban,1859,"{""sample_routes"":{""date"":""2026-10-06"",""run_id"":""42f7501f213d40bf99235fcd5ff5af01""},""join_samples"":{""date"":""2026-10-06"",""run_id"":""f2bad1ba6e884285958443d7bfe64e26""}}"
8,8,"-12.948851600000001 , -38.3955567","-12.865669500000001 , -38.4783804",urban-urban,urban,1726,"{""sample_routes"":{""date"":""2026-10-06"",""run_id"":""42f7501f213d40bf99235fcd5ff5af01""},""join_samples"":{""date"":""2026-10-06"",""run_id"":""f2bad1ba6e884285958443d7bfe64e26""}}"
9,9,"-12.817756600000001 , -38.484196100000005","-12.9492863 , -38.352840300000004",urban-urban,urban,1878,"{""sample_routes"":{""date"":""2026-10-06"",""run_id"":""42f7501f213d40bf99235fcd5ff5af01""},""join_samples"":{""date"":""2026-10-06"",""run_id"":""f2bad1ba6e884285958443d7bfe64e26""}}"
10,10,"-12.897723200000001 , -38.4599242","-12.898237300000002 , -38.2961436",urban-urban,urban,1882,"{""sample_routes"":{""date"":""2026-10-06"",""run_id"":""42f7501f213d40bf99235fcd5ff5af01""},""join_samples"":{""date"":""2026-10-06"",""run_id"":""f2bad1ba6e884285958443d7bfe64e26""}}"
11,11,"-12.9465052 , -38.377097500000005","-12.8505786 , -38.4729624",urban-urban,urban,1668,"{""sample_routes"":{""date"":""2026-10-06"",""run_id"":""42f7501f213d40bf99235fcd5ff5af01""},""join_samples"":{""date"":""2026-10-06"",""run_id"":""f2bad1ba6e884285958443d7bfe64e26""}}"
12,12,"-12.916526200000002 , -38.3554052","-12.91702 , -38.500040600000005",urban-urban,urban,1663,"{""sample_routes"":{""date"":""2026-10-06"",""run_id"":""42f7501f213d40bf99235fcd5ff5af01""},""join_samples"":{""date"":""2026-10-06"",""run_id"":""f2bad1ba6e884285958443d7bfe64e26""}}"
13,13,"-12.907073100000002 , -38.4093868","-12.7606514 , -38.4090909",urban-urban,urban,1659,"{""sample_routes"":{""date"":""2026-10-06"",""run_id"":""42f7501f213d40bf99235fcd5ff5af01""},""join_samples"":{""date"":""2026-10-06"",""run_id"":""f2bad1ba6e884285958443d7bfe64e26""}}"
14,14,"-12.884733500000001 , -38.3635886","-13.0079861 , -38.4865593",urban-urban,urban,1646,"{""sample_routes"":{""date"":""2026-10-06"",""run_id"":""42f7501f213d40bf99235fcd5ff5af01""},""join_samples"":{""date"":""2026-10-06"",""run_id"":""f2bad1ba6e884285958443d7bfe64e26""}}"
15,15,"-12.9121894 , -38.4972099","-12.8030798 , -38.497405400000005",urban-rural,urban,1977,"{""sample_routes"":{""date"":""2026-10-06"",""run_id"":""42f7501f213d40bf99235fcd5ff5af01""},""join_samples"":{""date"":""2026-10-06"",""run_id"":""f2bad1ba6e884285958443d7bfe64e26""}}"
16,16,"-12.818146 , -38.4594095","-13.0064629 , -38.4589183",urban-urban,urban,1587,"{""sample_routes"":{""date"":""2026-10-06"",""run_id"":""42f7501f213d40bf99235fcd5ff5af01""},""join_samples"":{""date"":""2026-10-06"",""run_id"":""f2bad1ba6e884285958443d7bfe64e26""}}"
17,17,"-12.8049353 , -38.444090100000004","-12.927205200000001 , -38.3215091",rural-urban,urban,1553,"{""sample_routes"":{""date"":""2026-10-06"",""run_id"":""42f7501f213d40bf99235fcd5ff5af01""},""join_samples"":{""date"":""2026-10-06"",""run_id"":""f2bad1ba6e884285958443d7bfe64e26""}}"
18,18,"-12.9169941 , -38.498113000000004","-12.789135 , -38.370158700000005",urban-urban,urban,2049,"{""sample_routes"":{""date"":""2026-10-06"",""run_id"":""42f7501f213d40bf99235fcd5ff5af01""},""join_samples"":{""date"":""2026-10-06"",""run_id"":""f2bad1ba6e884285958443d7bfe64e26""}}"
19,19,"-12.759901000000001 , -38.4222162","-12.971919300000001 , -38.4225141",rural-urban,urban,2051,"{""sample_routes"":{""date"":""2026-10-06"",""run_id"":""42f7501f213d40bf99235fcd5ff5af01""},""join_samples"":{""date"":""2026-10-06"",""run_id"":""f2bad1ba6e884285958443d7bfe64e26""}}"
20,20,"-12.7031179 , -38.477224400000004","-12.889063700000001 , -38.476716100000004",rural-urban,mixed,1767,"{""sample_routes"":{""date"":""2026-10-06"",""run_id"":""42f7501f213d40bf99235fcd5ff5af01""},""join_samples"":{""date"":""2026-10-06"",""run_id"":""f2bad1ba6e884285958443d7bfe64e26""}}"
21,21,"-12.853165500000001 , -38.322533400000005","-12.8529008 , -38.475045800000004",rural-urban,mixed,1750,"{""sample_routes"":{""date"":""2026-10-06"",""run_id"":""42f7501f213d40bf99235fcd5ff5af01""},""join_samples"":{""date"":""2026-10-06"",""run_id"":""f2bad1ba6e884285958443d7bfe64e26""}}"
22,22,"-12.818199900000002 , -38.485602300000004","-12.817883400000001 , -38.3513886",urban-rural,mixed,1716,"{""sample_routes"":{""date"":""2026-10-06"",""run_id"":""42f7501f213d40bf99235fcd5ff5af01""},""join_samples"":{""date"":""2026-10-06"",""run_id"":""f2bad1ba6e884285958443d7bfe64e26""}}"
23,23,"-12.7134929 , -38.4834337","-12.8962093 , -38.483914500000004",rural-urban,mixed,1895,"{""sample_routes"":{""date"":""2026-10-06"",""run_id"":""42f7501f213d40bf99235fcd5ff5af01""},""join_samples"":{""date"":""2026-10-06"",""run_id"":""f2bad1ba6e884285958443d7bfe64e26""}}"
24,24,"-12.889815400000002 , -38.363989600000004","-12.7523181 , -38.5013355",urban-rural,mixed,1932,"{""sample_routes"":{""date"":""2026-10-06"",""run_id"":""42f7501f213d40bf99235fcd5ff5af01""},""join_samples"":{""date"":""2026-10-06"",""run_id"":""f2bad1ba6e884285958443d7bfe64e26""}}"
25,25,"-12.8697218 , -38.298338","-12.703903500000001 , -38.4639025",urban-rural,mixed,2004,"{""sample_routes"":{""date"":""2026-10-06"",""run_id"":""42f7501f213d40bf99235fcd5ff5af01""},""join_samples"":{""date"":""2026-10-06"",""run_id"":""f2bad1ba6e884285958443d7bfe64e26""}}"
26,26,"-12.7747425 , -38.4442849","-12.885305500000001 , -38.3334129",rural-urban,mixed,1573,"{""sample_routes"":{""date"":""2026-10-06"",""run_id"":""42f7501f213d40bf99235fcd5ff5af01""},""join_samples"":{""date"":""2026-10-06"",""run_id"":""f2bad1ba6e884285958443d7bfe64e26""}}"
27,27,"-12.828170700000001 , -38.3515415","-12.8784899 , -38.401691400000004",rural-urban,mixed,1559,"{""sample_routes"":{""date"":""2026-10-06"",""run_id"":""42f7501f213d40bf99235fcd5ff5af01""},""join_samples"":{""date"":""2026-10-06"",""run_id"":""f2bad1ba6e884285958443d7bfe64e26""}}"
28,28,"-12.863240300000001 , -38.4665237","-12.7008892 , -38.4669462",urban-rural,mixed,1531,"{""sample_routes"":{""date"":""2026-10-06"",""run_id"":""42f7501f213d40bf99235fcd5ff5af01""},""join_samples"":{""date"":""2026-10-06"",""run_id"":""f2bad1ba6e884285958443d7bfe64e26""}}"
0,0,"-3.1399363 , -60.0154386","-2.9956538000000004 , -60.0156806",urban-urban,urban,1823,"{""sample_routes"":{""date"":""2026-10-06"",""run_id"":""2328467992bb44ccafe4309772c6823b""},""join_samples"":{""date"":""2026-10-06"",""run_id"":""6d3d01fe5e7a4e77b3699e5455bc6c57""}}"
1,1,"-3.1374201000000004 , -60.006665100000006","-3.0474941 , -60.0963676",urban-rural,urban,1826,"{""sample_routes"":{""date"":""2026-10-06"",""run_id"":""2328467992bb44ccafe4309772c6823b""},""join_samples"":{""date"":""2026-10-06"",""run_id"":""6d3d01fe5e7a4e77b3699e5455bc6c57""}}"
2,2,"-3.0465868 , -59.9380025","-3.0462727000000003 , -60.074449200000004",urban-rural,urban,1844,"{""sample_routes"":{""date"":""2026-10-06"",""run_id"":""2328467992bb44ccafe4309772c6823b""},""join_samples"":{""date"":""2026-10-06"",""run_id"":""6d3d01fe5e7a4e77b3699e5455bc6c57""}}"
3,3,"-3.0042402000000004 , -60.031005400000005","-3.0043835000000003 , -59.90856530000001",urban-urban,urban,1742,"{""sample_routes"":{""date"":""2026-10-06"",""run_id"":""2328467992bb44ccafe4309772c6823b""},""join_samples"":{""date"":""2026-10-06"",""run_id"":""6d3d01fe5e7a4e77b3699e5455bc6c57""}}"
4,4,"-3.0014987000000004 , -60.0150195","-3.1395089 , -60.0152846",urban-urban,urban,1710,"{""sample_routes"":{""date"":""2026-10-06"",""run_id"":""2328467992bb44ccafe4309772c6823b""},""join_samples"":{""date"":""2026-10-06"",""run_id"":""6d3d01fe5e7a4e77b3699e5455bc6c57""}}"
5,5,"-3.1255717 , -59.982368900000004","-2.9641701 , -59.982277800000006",urban-rural,urban,1704,"{""sample_routes"":{""date"":""2026-10-06"",""run_id"":""2328467992bb44ccafe4309772c6823b""},""join_samples"":{""date"":""2026-10-06"",""run_id"":""6d3d01fe5e7a4e77b3699e5455bc6c57""}}"
6,6,"-3.0342777 , -59.9166795","-3.0347514 , -60.071725",urban-rural,urban,1902,"{""sample_routes"":{""date"":""2026-10-06"",""run_id"":""2328467992bb44ccafe4309772c6823b""},""join_samples"":{""date"":""2026-10-06"",""run_id"":""6d3d01fe5e7a4e77b3699e5455bc6c57""}}"
7,7,"-3.0890067 , -59.946572200000006","-2.9920635 , -60.043178600000005",urban-urban,urban,1902,"{""sample_routes"":{""date"":""2026-10-06"",""run_id"":""2328467992bb44ccafe4309772c6823b""},""join_samples"":{""date"":""2026-10-06"",""run_id"":""6d3d01fe5e7a4e77b3699e5455bc6c57""}}"
8,8,"-3.0286051 , -59.9076815","-3.0284136000000004 , -60.052535500000005",urban-rural,urban,1909,"{""sample_routes"":{""date"":""2026-10-06"",""run_id"":""2328467992bb44ccafe4309772c6823b""},""join_samples"":{""date"":""2026-10-06"",""run_id"":""6d3d01fe5e7a4e77b3699e5455bc6c57""}}"
9,9,"-3.0998371000000002 , -60.0645438","-3.0047477000000002 , -59.9693441",urban-urban,urban,1938,"{""sample_routes"":{""date"":""2026-10-06"",""run_id"":""2328467992bb44ccafe4309772c6823b""},""join_samples"":{""date"":""2026-10-06"",""run_id"":""6d3d01fe5e7a4e77b3699e5455bc6c57""}}"
10,10,"-3.0080264000000003 , -60.002772400000005","-3.1488084 , -60.002517000000005",urban-urban,urban,1648,"{""sample_routes"":{""date"":""2026-10-06"",""run_id"":""2328467992bb44ccafe4309772c6823b""},""join_samples"":{""date"":""2026-10-06"",""run_id"":""6d3d01fe5e7a4e77b3699e5455bc6c57""}}"
11,11,"-3.1254264000000003 , -60.0355295","-3.0138507000000003 , -59.9239551",urban-urban,urban,1970,"{""sample_routes"":{""date"":""2026-10-06"",""run_id"":""2328467992bb44ccafe4309772c6823b""},""join_samples"":{""date"":""2026-10-06"",""run_id"":""6d3d01fe5e7a4e77b3699e5455bc6c57""}}"
12,12,"-2.9976496000000004 , -59.976036300000004","-3.0839716000000004 , -60.06224340000001",urban-urban,urban,1623,"{""sample_routes"":{""date"":""2026-10-06"",""run_id"":""2328467992bb44ccafe4309772c6823b""},""join_samples"":{""date"":""2026-10-06"",""run_id"":""6d3d01fe5e7a4e77b3699e5455bc6c57""}}"
13,13,"-3.0835871000000004 , -60.05897950000001","-2.9984023 , -59.974062100000005",urban-urban,urban,1620,"{""sample_routes"":{""date"":""2026-10-06"",""run_id"":""2328467992bb44ccafe4309772c6823b""},""join_samples"":{""date"":""2026-10-06"",""run_id"":""6d3d01fe5e7a4e77b3699e5455bc6c57""}}"
14,14,"-3.0743685000000003 , -59.9663948","-3.0000094 , -60.0403207",urban-urban,urban,1615,"{""sample_routes"":{""date"":""2026-10-06"",""run_id"":""2328467992bb44ccafe4309772c6823b""},""join_samples"":{""date"":""2026-10-06"",""run_id"":""6d3d01fe5e7a4e77b3699e5455bc6c57""}}"
15,15,"-2.9808073000000004 , -59.9820581","-3.1569935 , -59.9822757",urban-rural,urban,1988,"{""sample_routes"":{""date"":""2026-10-06"",""run_id"":""2328467992bb44ccafe4309772c6823b""},""join_samples"":{""date"":""2026-10-06"",""run_id"":""6d3d01fe5e7a4e77b3699e5455bc6c57""}}"
16,16,"-3.1111367000000003 , -60.054602800000005","-3.1115185000000003 , -59.9396781",urban-urban,urban,1577,"{""sample_routes"":{""date"":""2026-10-06"",""run_id"":""2328467992bb44ccafe4309772c6823b""},""join_samples"":{""date"":""2026-10-06"",""run_id"":""6d3d01fe5e7a4e77b3699e5455bc6c57""}}"
17,17,"-3.0303213 , -60.0010884","-3.0308446 , -59.897108900000006",urban-rural,urban,1571,"{""sample_routes"":{""date"":""2026-10-06"",""run_id"":""2328467992bb44ccafe4309772c6823b""},""join_samples"":{""date"":""2026-10-06"",""run_id"":""6d3d01fe5e7a4e77b3699e5455bc6c57""}}"
18,18,"-3.1032968000000003 , -59.984168000000004","-2.9693720000000003 , -59.9838511",urban-urban,urban,1567,"{""sample_routes"":{""date"":""2026-10-06"",""run_id"":""2328467992bb44ccafe4309772c6823b""},""join_samples"":{""date"":""2026-10-06"",""run_id"":""6d3d01fe5e7a4e77b3699e5455bc6c57""}}"
19,19,"-3.1133759000000003 , -60.0153885","-2.9956119 , -60.0157668",urban-urban,urban,1552,"{""sample_routes"":{""date"":""2026-10-06"",""run_id"":""2328467992bb44ccafe4309772c6823b""},""join_samples"":{""date"":""2026-10-06"",""run_id"":""6d3d01fe5e7a4e77b3699e5455bc6c57""}}"
20,20,"-3.0337879 , -60.088237400000004","-3.0333547000000003 , -59.9488775",rural-urban,mixed,1893,"{""sample_routes"":{""date"":""2026-10-06"",""run_id"":""2328467992bb44ccafe4309772c6823b""},""join_samples"":{""date"":""2026-10-06"",""run_id"":""6d3d01fe5e7a4e77b3699e5455bc6c57""}}"
21,21,"-3.0973387000000003 , -59.98481640000001","-3.0021563 , -60.0799759",urban-rural,mixed,1690,"{""sample_routes"":{""date"":""2026-10-06"",""run_id"":""2328467992bb44ccafe4309772c6823b""},""join_samples"":{""date"":""2026-10-06"",""run_id"":""6d3d01fe5e7a4e77b3699e5455bc6c57""}}"
22,22,"-3.003308 , -60.081760900000006","-3.1133039 , -59.97209410000001",rural-urban,mixed,1917,"{""sample_routes"":{""date"":""2026-10-06"",""run_id"":""2328467992bb44ccafe4309772c6823b""},""join_samples"":{""date"":""2026-10-06"",""run_id"":""6d3d01fe5e7a4e77b3699e5455bc6c57""}}"
23,23,"-3.0376937 , -59.948487300000004","-3.0379529 , -60.094292200000005",urban-rural,mixed,1964,"{""sample_routes"":{""date"":""2026-10-06"",""run_id"":""2328467992bb44ccafe4309772c6823b""},""join_samples"":{""date"":""2026-10-06"",""run_id"":""6d3d01fe5e7a4e77b3699e5455bc6c57""}}"
24,24,"-3.0157886 , -60.0416116","-3.1247035000000003 , -60.0415378",urban-urban,mixed,1616,"{""sample_routes"":{""date"":""2026-10-06"",""run_id"":""2328467992bb44ccafe4309772c6823b""},""join_samples"":{""date"":""2026-10-06"",""run_id"":""6d3d01fe5e7a4e77b3699e5455bc6c57""}}"
25,25,"-3.0526099 , -60.1080485","-2.9532115 , -60.0090573",rural-rural,mixed,1613,"{""sample_routes"":{""date"":""2026-10-06"",""run_id"":""2328467992bb44ccafe4309772c6823b""},""join_samples"":{""date"":""2026-10-06"",""run_id"":""6d3d01fe5e7a4e77b3699e5455bc6c57""}}"
26,26,"-3.0912232000000004 , -60.064713600000005","-2.9912104000000004 , -60.064702000000004",urban-rural,mixed,1585,"{""sample_routes"":{""date"":""2026-10-06"",""run_id"":""2328467992bb44ccafe4309772c6823b""},""join_samples"":{""date"":""2026-10-06"",""run_id"":""6d3d01fe5e7a4e77b3699e5455bc6c57""}}"
27,27,"-3.1326946 , -59.98398340000001","-3.0223603000000003 , -60.09469060000001",urban-rural,mixed,2043,"{""sample_routes"":{""date"":""2026-10-06"",""run_id"":""2328467992bb44ccafe4309772c6823b""},""join_samples"":{""date"":""2026-10-06"",""run_id"":""6d3d01fe5e7a4e77b3699e5455bc6c57""}}"
28,28,"-3.0249433000000003 , -60.0974743","-3.1383407 , -59.984559000000004",rural-urban,mixed,2044,"{""sample_routes"":{""date"":""2026-10-06"",""run_id"":""2328467992bb44ccafe4309772c6823b""},""join_samples"":{""date"":""2026-10-06"",""run_id"":""6d3d01fe5e7a4e77b3699e5455bc6c57""}}"
0,0,"-6.4868255 , -35.4240727","-6.3263034000000005 , -35.5843574",urban-rural,urban,1796,"{""sample_routes"":{""date"":""2026-10-06"",""run_id"":""002f04e819e34a14b2981e3357d791b8""},""join_samples"":{""date"":""2026-10-06"",""run_id"":""c00e992d7bb54d65a2dd8f2b7440671c""}}"
1,1,"-25.438282500000003 , -49.1611752","-25.2991375 , -49.1612408",urban-rural,urban,1791,"{""sample_routes"":{""date"":""2026-10-06"",""run_id"":""002f04e819e34a14b2981e3357d791b8""},""join_samples"":{""date"":""2026-10-06"",""run_id"":""c00e992d7bb54d65a2dd8f2b7440671c""}}"
2,2,"-16.5734432 , -49.379383700000005","-16.7560745 , -49.379765400000004",urban-urban,urban,1811,"{""sample_routes"":{""date"":""2026-10-06"",""run_id"":""002f04e819e34a14b2981e3357d791b8""},""join_samples"":{""date"":""2026-10-06"",""run_id"":""c00e992d7bb54d65a2dd8f2b7440671c""}}"
3,3,"-30.0748226 , -51.198719100000005","-29.983928600000002 , -51.1078546",urban-urban,urban,1815,"{""sample_routes"":{""date"":""2026-10-06"",""run_id"":""002f04e819e34a14b2981e3357d791b8""},""join_samples"":{""date"":""2026-10-06"",""run_id"":""c00e992d7bb54d65a2dd8f2b7440671c""}}"
4,4,"-3.7660676000000004 , -38.4785058","-3.9695289000000002 , -38.4783965",urban-rural,urban,1785,"{""sample_routes"":{""date"":""2026-10-06"",""run_id"":""002f04e819e34a14b2981e3357d791b8""},""join_samples"":{""date"":""2026-10-06"",""run_id"":""c00e992d7bb54d65a2dd8f2b7440671c""}}"
5,5,"-26.758635 , -52.259117100000005","-26.9165226 , -52.2592147",rural-urban,urban,1820,"{""sample_routes"":{""date"":""2026-10-06"",""run_id"":""002f04e819e34a14b2981e3357d791b8""},""join_samples"":{""date"":""2026-10-06"",""run_id"":""c00e992d7bb54d65a2dd8f2b7440671c""}}"
6,6,"-21.5889405 , -42.3778081","-21.4748057 , -42.4914317",urban-urban,urban,1776,"{""sample_routes"":{""date"":""2026-10-06"",""run_id"":""002f04e819e34a14b2981e3357d791b8""},""join_samples"":{""date"":""2026-10-06"",""run_id"":""c00e992d7bb54d65a2dd8f2b7440671c""}}"
7,7,"-19.893868700000002 , -45.0110897","-19.8935095 , -45.176823500000005",urban-urban,urban,1831,"{""sample_routes"":{""date"":""2026-10-06"",""run_id"":""002f04e819e34a14b2981e3357d791b8""},""join_samples"":{""date"":""2026-10-06"",""run_id"":""c00e992d7bb54d65a2dd8f2b7440671c""}}"
8,8,"-15.6170775 , -56.0249157","-15.617251900000001 , -56.2054016",urban-rural,urban,1765,"{""sample_routes"":{""date"":""2026-10-06"",""run_id"":""002f04e819e34a14b2981e3357d791b8""},""join_samples"":{""date"":""2026-10-06"",""run_id"":""c00e992d7bb54d65a2dd8f2b7440671c""}}"
9,9,"-10.1847087 , -48.331910900000004","-10.3707341 , -48.3315611",urban-urban,urban,1762,"{""sample_routes"":{""date"":""2026-10-06"",""run_id"":""002f04e819e34a14b2981e3357d791b8""},""join_samples"":{""date"":""2026-10-06"",""run_id"":""c00e992d7bb54d65a2dd8f2b7440671c""}}"
10,10,"-16.671952400000002 , -49.1153113","-16.550230900000003 , -49.236923100000006",urban-urban,urban,1839,"{""sample_routes"":{""date"":""2026-10-06"",""run_id"":""002f04e819e34a14b2981e3357d791b8""},""join_samples"":{""date"":""2026-10-06"",""run_id"":""c00e992d7bb54d65a2dd8f2b7440671c""}}"
11,11,"-16.0098157 , -47.9990899","-16.191234700000003 , -47.9995034",urban-rural,urban,1840,"{""sample_routes"":{""date"":""2026-10-06"",""run_id"":""002f04e819e34a14b2981e3357d791b8""},""join_samples"":{""date"":""2026-10-06"",""run_id"":""c00e992d7bb54d65a2dd8f2b7440671c""}}"
12,12,"-19.6972948 , -43.9613907","-19.4735131 , -44.184985600000005",urban-urban,urban,1842,"{""sample_routes"":{""date"":""2026-10-06"",""run_id"":""002f04e819e34a14b2981e3357d791b8""},""join_samples"":{""date"":""2026-10-06"",""run_id"":""c00e992d7bb54d65a2dd8f2b7440671c""}}"
13,13,"-23.262248900000003 , -45.868107","-23.1470537 , -45.8684725",rural-urban,urban,1847,"{""sample_routes"":{""date"":""2026-10-06"",""run_id"":""002f04e819e34a14b2981e3357d791b8""},""join_samples"":{""date"":""2026-10-06"",""run_id"":""c00e992d7bb54d65a2dd8f2b7440671c""}}"
14,14,"-26.2683351 , -48.8140707","-26.3187542 , -48.763501700000006",urban-rural,urban,1848,"{""sample_routes"":{""date"":""2026-10-06"",""run_id"":""002f04e819e34a14b2981e3357d791b8""},""join_samples"":{""date"":""2026-10-06"",""run_id"":""c00e992d7bb54d65a2dd8f2b7440671c""}}"
15,15,"-25.438850600000002 , -49.2385656","-25.6091894 , -49.2386733",urban-rural,urban,1750,"{""sample_routes"":{""date"":""2026-10-06"",""run_id"":""002f04e819e34a14b2981e3357d791b8""},""join_samples"":{""date"":""2026-10-06"",""run_id"":""c00e992d7bb54d65a2dd8f2b7440671c""}}"
16,16,"-23.4830852 , -46.664232500000004","-23.35555 , -46.6646737",urban-rural,urban,1858,"{""sample_routes"":{""date"":""2026-10-06"",""run_id"":""002f04e819e34a14b2981e3357d791b8""},""join_samples"":{""date"":""2026-10-06"",""run_id"":""c00e992d7bb54d65a2dd8f2b7440671c""}}"
17,17,"-23.4960625 , -46.4540571","-23.3728191 , -46.5770008",urban-rural,urban,1742,"{""sample_routes"":{""date"":""2026-10-06"",""run_id"":""002f04e819e34a14b2981e3357d791b8""},""join_samples"":{""date"":""2026-10-06"",""run_id"":""c00e992d7bb54d65a2dd8f2b7440671c""}}"
18,18,"-10.864112 , -37.0963323","-10.9391993 , -37.021659400000004",urban-rural,urban,1741,"{""sample_routes"":{""date"":""2026-10-06"",""run_id"":""002f04e819e34a14b2981e3357d791b8""},""join_samples"":{""date"":""2026-10-06"",""run_id"":""c00e992d7bb54d65a2dd8f2b7440671c""}}"
19,19,"-23.491023600000002 , -47.5021989","-23.4099685 , -47.4206494",urban-urban,urban,1861,"{""sample_routes"":{""date"":""2026-10-06"",""run_id"":""002f04e819e34a14b2981e3357d791b8""},""join_samples"":{""date"":""2026-10-06"",""run_id"":""c00e992d7bb54d65a2dd8f2b7440671c""}}"
20,20,"-1.3471521000000002 , -48.439015700000006","-1.4385107000000001 , -48.3478587",urban-rural,urban,1737,"{""sample_routes"":{""date"":""2026-10-06"",""run_id"":""002f04e819e34a14b2981e3357d791b8""},""join_samples"":{""date"":""2026-10-06"",""run_id"":""c00e992d7bb54d65a2dd8f2b7440671c""}}"
21,21,"-16.0979692 , -47.9537586","-16.097513900000003 , -48.1233956",urban-rural,urban,1865,"{""sample_routes"":{""date"":""2026-10-06"",""run_id"":""002f04e819e34a14b2981e3357d791b8""},""join_samples"":{""date"":""2026-10-06"",""run_id"":""c00e992d7bb54d65a2dd8f2b7440671c""}}"
22,22,"-22.8566009 , -43.4846907","-22.961923900000002 , -43.5896101",urban-urban,urban,1868,"{""sample_routes"":{""date"":""2026-10-06"",""run_id"":""002f04e819e34a14b2981e3357d791b8""},""join_samples"":{""date"":""2026-10-06"",""run_id"":""c00e992d7bb54d65a2dd8f2b7440671c""}}"
23,23,"-29.1390415 , -51.1803152","-29.2547293 , -51.180421100000004",urban-rural,urban,1879,"{""sample_routes"":{""date"":""2026-10-06"",""run_id"":""002f04e819e34a14b2981e3357d791b8""},""join_samples"":{""date"":""2026-10-06"",""run_id"":""c00e992d7bb54d65a2dd8f2b7440671c""}}"
24,24,"-23.503946600000003 , -47.4708094","-23.435167 , -47.470941100000005",urban-urban,urban,1717,"{""sample_routes"":{""date"":""2026-10-06"",""run_id"":""002f04e819e34a14b2981e3357d791b8""},""join_samples"":{""date"":""2026-10-06"",""run_id"":""c00e992d7bb54d65a2dd8f2b7440671c""}}"
25,25,"-7.881425 , -40.078125","-7.7267668 , -39.923645900000004",urban-rural,urban,1711,"{""sample_routes"":{""date"":""2026-10-06"",""run_id"":""002f04e819e34a14b2981e3357d791b8""},""join_samples"":{""date"":""2026-10-06"",""run_id"":""c00e992d7bb54d65a2dd8f2b7440671c""}}"
26,26,"-21.5131613 , -42.004325200000004","-21.6270482 , -42.1177143",urban-urban,urban,1706,"{""sample_routes"":{""date"":""2026-10-06"",""run_id"":""002f04e819e34a14b2981e3357d791b8""},""join_samples"":{""date"":""2026-10-06"",""run_id"":""c00e992d7bb54d65a2dd8f2b7440671c""}}"
27,27,"-23.506729200000002 , -46.4351696","-23.592659100000002 , -46.3492352",urban-urban,urban,1902,"{""sample_routes"":{""date"":""2026-10-06"",""run_id"":""002f04e819e34a14b2981e3357d791b8""},""join_samples"":{""date"":""2026-10-06"",""run_id"":""c00e992d7bb54d65a2dd8f2b7440671c""}}"
28,28,"-22.7056378 , -43.264570500000005","-22.7057392 , -43.4786792",urban-urban,urban,1903,"{""sample_routes"":{""date"":""2026-10-06"",""run_id"":""002f04e819e34a14b2981e3357d791b8""},""join_samples"":{""date"":""2026-10-06"",""run_id"":""c00e992d7bb54d65a2dd8f2b7440671c""}}"
29,29,"-20.3117173 , -40.3583694","-20.3861145 , -40.432517100000005",urban-urban,urban,1696,"{""sample_routes"":{""date"":""2026-10-06"",""run_id"":""002f04e819e34a14b2981e3357d791b8""},""join_samples"":{""date"":""2026-10-06"",""run_id"":""c00e992d7bb54d65a2dd8f2b7440671c""}}"
30,30,"-16.7205514 , -49.3800645","-16.595089 , -49.2541018",urban-urban,urban,1694,"{""sample_routes"":{""date"":""2026-10-06"",""run_id"":""002f04e819e34a14b2981e3357d791b8""},""join_samples"":{""date"":""2026-10-06"",""run_id"":""c00e992d7bb54d65a2dd8f2b7440671c""}}"
31,31,"-22.8900876 , -47.143428300000004","-22.7126619 , -47.3211772",urban-urban,urban,1906,"{""sample_routes"":{""date"":""2026-10-06"",""run_id"":""002f04e819e34a14b2981e3357d791b8""},""join_samples"":{""date"":""2026-10-06"",""run_id"":""c00e992d7bb54d65a2dd8f2b7440671c""}}"
32,32,"-23.1923309 , -46.9912496","-23.3491801 , -46.834281600000004",urban-urban,urban,1688,"{""sample_routes"":{""date"":""2026-10-06"",""run_id"":""002f04e819e34a14b2981e3357d791b8""},""join_samples"":{""date"":""2026-10-06"",""run_id"":""c00e992d7bb54d65a2dd8f2b7440671c""}}"
33,33,"-16.7100145 , -49.159163400000004","-16.595893 , -49.2735148",rural-urban,urban,1912,"{""sample_routes"":{""date"":""2026-10-06"",""run_id"":""002f04e819e34a14b2981e3357d791b8""},""join_samples"":{""date"":""2026-10-06"",""run_id"":""c00e992d7bb54d65a2dd8f2b7440671c""}}"
34,34,"-26.926251800000003 , -48.6342025","-26.8690672 , -48.6912935",urban-urban,urban,1686,"{""sample_routes"":{""date"":""2026-10-06"",""run_id"":""002f04e819e34a14b2981e3357d791b8""},""join_samples"":{""date"":""2026-10-06"",""run_id"":""c00e992d7bb54d65a2dd8f2b7440671c""}}"
35,35,"-3.1160005 , -59.986662","-2.9641945 , -59.9864278",urban-rural,urban,1683,"{""sample_routes"":{""date"":""2026-10-06"",""run_id"":""002f04e819e34a14b2981e3357d791b8""},""join_samples"":{""date"":""2026-10-06"",""run_id"":""c00e992d7bb54d65a2dd8f2b7440671c""}}"
36,36,"-8.6396066 , -36.274614400000004","-8.5092304 , -36.4045957",rural-rural,urban,1918,"{""sample_routes"":{""date"":""2026-10-06"",""run_id"":""002f04e819e34a14b2981e3357d791b8""},""join_samples"":{""date"":""2026-10-06"",""run_id"":""c00e992d7bb54d65a2dd8f2b7440671c""}}"
37,37,"-23.616957000000003 , -46.662841900000004","-23.703811400000003 , -46.7494655",urban-urban,urban,1924,"{""sample_routes"":{""date"":""2026-10-06"",""run_id"":""002f04e819e34a14b2981e3357d791b8""},""join_samples"":{""date"":""2026-10-06"",""run_id"":""c00e992d7bb54d65a2dd8f2b7440671c""}}"
38,38,"-20.071792900000002 , -44.3045205","-19.883615300000002 , -44.1163918",urban-rural,urban,1924,"{""sample_routes"":{""date"":""2026-10-06"",""run_id"":""002f04e819e34a14b2981e3357d791b8""},""join_samples"":{""date"":""2026-10-06"",""run_id"":""c00e992d7bb54d65a2dd8f2b7440671c""}}"
39,39,"-23.566595600000003 , -46.5949649","-23.416149 , -46.4445922",urban-urban,urban,1925,"{""sample_routes"":{""date"":""2026-10-06"",""run_id"":""002f04e819e34a14b2981e3357d791b8""},""join_samples"":{""date"":""2026-10-06"",""run_id"":""c00e992d7bb54d65a2dd8f2b7440671c""}}"
40,40,"-22.830690500000003 , -43.2369478","-23.0019329 , -43.407953400000004",urban-urban,urban,1675,"{""sample_routes"":{""date"":""2026-10-06"",""run_id"":""002f04e819e34a14b2981e3357d791b8""},""join_samples"":{""date"":""2026-10-06"",""run_id"":""c00e992d7bb54d65a2dd8f2b7440671c""}}"
41,41,"-25.651032100000002 , -49.307537800000006","-25.5076654 , -49.164433800000005",urban-urban,urban,1925,"{""sample_routes"":{""date"":""2026-10-06"",""run_id"":""002f04e819e34a14b2981e3357d791b8""},""join_samples"":{""date"":""2026-10-06"",""run_id"":""c00e992d7bb54d65a2dd8f2b7440671c""}}"
42,42,"-23.276599800000003 , -51.057540100000004","-23.2770696 , -51.296185400000006",urban-urban,urban,1672,"{""sample_routes"":{""date"":""2026-10-06"",""run_id"":""002f04e819e34a14b2981e3357d791b8""},""join_samples"":{""date"":""2026-10-06"",""run_id"":""c00e992d7bb54d65a2dd8f2b7440671c""}}"
43,43,"-3.0292492 , -59.91839830000001","-3.0288555 , -60.073812200000006",urban-rural,urban,1931,"{""sample_routes"":{""date"":""2026-10-06"",""run_id"":""002f04e819e34a14b2981e3357d791b8""},""join_samples"":{""date"":""2026-10-06"",""run_id"":""c00e992d7bb54d65a2dd8f2b7440671c""}}"
44,44,"-20.2947034 , -40.3170146","-20.393579000000003 , -40.3173955",urban-urban,urban,1932,"{""sample_routes"":{""date"":""2026-10-06"",""run_id"":""002f04e819e34a14b2981e3357d791b8""},""join_samples"":{""date"":""2026-10-06"",""run_id"":""c00e992d7bb54d65a2dd8f2b7440671c""}}"
45,45,"-1.0084578 , -46.650719900000006","-1.0080817 , -46.796998200000004",urban-urban,urban,1667,"{""sample_routes"":{""date"":""2026-10-06"",""run_id"":""002f04e819e34a14b2981e3357d791b8""},""join_samples"":{""date"":""2026-10-06"",""run_id"":""c00e992d7bb54d65a2dd8f2b7440671c""}}"
46,46,"-19.8865534 , -43.951186500000006","-19.644909000000002 , -43.9510712",urban-rural,urban,1667,"{""sample_routes"":{""date"":""2026-10-06"",""run_id"":""002f04e819e34a14b2981e3357d791b8""},""join_samples"":{""date"":""2026-10-06"",""run_id"":""c00e992d7bb54d65a2dd8f2b7440671c""}}"
47,47,"-25.667347900000003 , -49.156878600000006","-25.462273800000002 , -49.362439900000005",rural-urban,urban,1934,"{""sample_routes"":{""date"":""2026-10-06"",""run_id"":""002f04e819e34a14b2981e3357d791b8""},""join_samples"":{""date"":""2026-10-06"",""run_id"":""c00e992d7bb54d65a2dd8f2b7440671c""}}"
48,48,"-3.5824707 , -39.6865493","-3.7423979000000003 , -39.686210700000004",rural-urban,urban,1941,"{""sample_routes"":{""date"":""2026-10-06"",""run_id"":""002f04e819e34a14b2981e3357d791b8""},""join_samples"":{""date"":""2026-10-06"",""run_id"":""c00e992d7bb54d65a2dd8f2b7440671c""}}"
49,49,"-15.7259664 , -47.752106500000004","-15.5981772 , -47.879484700000006",urban-rural,urban,1944,"{""sample_routes"":{""date"":""2026-10-06"",""run_id"":""002f04e819e34a14b2981e3357d791b8""},""join_samples"":{""date"":""2026-10-06"",""run_id"":""c00e992d7bb54d65a2dd8f2b7440671c""}}"
50,50,"-19.900804100000002 , -43.949560000000005","-19.7526239 , -43.801216600000004",urban-rural,urban,1946,"{""sample_routes"":{""date"":""2026-10-06"",""run_id"":""002f04e819e34a14b2981e3357d791b8""},""join_samples"":{""date"":""2026-10-06"",""run_id"":""c00e992d7bb54d65a2dd8f2b7440671c""}}"
51,51,"-12.8089413 , -38.2412061","-12.9573844 , -38.3901921",rural-urban,urban,1651,"{""sample_routes"":{""date"":""2026-10-06"",""run_id"":""002f04e819e34a14b2981e3357d791b8""},""join_samples"":{""date"":""2026-10-06"",""run_id"":""c00e992d7bb54d65a2dd8f2b7440671c""}}"
52,52,"-25.3712489 , -49.252226900000004","-25.5435249 , -49.079949500000005",urban-urban,urban,1956,"{""sample_routes"":{""date"":""2026-10-06"",""run_id"":""002f04e819e34a14b2981e3357d791b8""},""join_samples"":{""date"":""2026-10-06"",""run_id"":""c00e992d7bb54d65a2dd8f2b7440671c""}}"
53,53,"-19.9534072 , -44.103154100000005","-20.0508996 , -44.103257",urban-rural,urban,1643,"{""sample_routes"":{""date"":""2026-10-06"",""run_id"":""002f04e819e34a14b2981e3357d791b8""},""join_samples"":{""date"":""2026-10-06"",""run_id"":""c00e992d7bb54d65a2dd8f2b7440671c""}}"
54,54,"-12.938542400000001 , -38.4049691","-12.753732000000001 , -38.4045365",urban-rural,urban,1960,"{""sample_routes"":{""date"":""2026-10-06"",""run_id"":""002f04e819e34a14b2981e3357d791b8""},""join_samples"":{""date"":""2026-10-06"",""run_id"":""c00e992d7bb54d65a2dd8f2b7440671c""}}"
55,55,"-16.637396900000002 , -49.226519100000004","-16.326637700000003 , -49.2261516",urban-rural,urban,1961,"{""sample_routes"":{""date"":""2026-10-06"",""run_id"":""002f04e819e34a14b2981e3357d791b8""},""join_samples"":{""date"":""2026-10-06"",""run_id"":""c00e992d7bb54d65a2dd8f2b7440671c""}}"
56,56,"-19.9617001 , -43.946682700000004","-19.8330248 , -43.8183797",urban-rural,urban,1962,"{""sample_routes"":{""date"":""2026-10-06"",""run_id"":""002f04e819e34a14b2981e3357d791b8""},""join_samples"":{""date"":""2026-10-06"",""run_id"":""c00e992d7bb54d65a2dd8f2b7440671c""}}"
57,57,"-19.786288600000002 , -43.975352","-19.999764900000002 , -43.9754808",urban-rural,urban,1964,"{""sample_routes"":{""date"":""2026-10-06"",""run_id"":""002f04e819e34a14b2981e3357d791b8""},""join_samples"":{""date"":""2026-10-06"",""run_id"":""c00e992d7bb54d65a2dd8f2b7440671c""}}"
58,58,"-22.7437444 , -43.7025136","-22.9383054 , -43.7028824",urban-urban,urban,1967,"{""sample_routes"":{""date"":""2026-10-06"",""run_id"":""002f04e819e34a14b2981e3357d791b8""},""join_samples"":{""date"":""2026-10-06"",""run_id"":""c00e992d7bb54d65a2dd8f2b7440671c""}}"
59,59,"-15.610793900000001 , -47.6522445","-15.610939 , -47.860886",urban-rural,urban,1968,"{""sample_routes"":{""date"":""2026-10-06"",""run_id"":""002f04e819e34a14b2981e3357d791b8""},""join_samples"":{""date"":""2026-10-06"",""run_id"":""c00e992d7bb54d65a2dd8f2b7440671c""}}"
60,60,"-22.8526029 , -47.0382412","-22.8527863 , -47.268917",urban-rural,urban,1972,"{""sample_routes"":{""date"":""2026-10-06"",""run_id"":""002f04e819e34a14b2981e3357d791b8""},""join_samples"":{""date"":""2026-10-06"",""run_id"":""c00e992d7bb54d65a2dd8f2b7440671c""}}"
61,61,"-20.508111600000003 , -54.923820000000006","-20.333897800000003 , -54.924036400000006",urban-rural,urban,1973,"{""sample_routes"":{""date"":""2026-10-06"",""run_id"":""002f04e819e34a14b2981e3357d791b8""},""join_samples"":{""date"":""2026-10-06"",""run_id"":""c00e992d7bb54d65a2dd8f2b7440671c""}}"
62,62,"-25.475015000000003 , -49.273808800000005","-25.376067600000002 , -49.372590900000006",urban-urban,urban,1627,"{""sample_routes"":{""date"":""2026-10-06"",""run_id"":""002f04e819e34a14b2981e3357d791b8""},""join_samples"":{""date"":""2026-10-06"",""run_id"":""c00e992d7bb54d65a2dd8f2b7440671c""}}"
63,63,"-23.651571 , -46.546244800000004","-23.7405283 , -46.6346879",urban-rural,urban,1625,"{""sample_routes"":{""date"":""2026-10-06"",""run_id"":""002f04e819e34a14b2981e3357d791b8""},""join_samples"":{""date"":""2026-10-06"",""run_id"":""c00e992d7bb54d65a2dd8f2b7440671c""}}"
64,64,"-23.706144100000003 , -46.690532600000004","-23.746993600000003 , -46.7316755",urban-urban,urban,1977,"{""sample_routes"":{""date"":""2026-10-06"",""run_id"":""002f04e819e34a14b2981e3357d791b8""},""join_samples"":{""date"":""2026-10-06"",""run_id"":""c00e992d7bb54d65a2dd8f2b7440671c""}}"
65,65,"-23.4996015 , -46.8761097","-23.6484075 , -47.0246494",urban-rural,urban,1980,"{""sample_routes"":{""date"":""2026-10-06"",""run_id"":""002f04e819e34a14b2981e3357d791b8""},""join_samples"":{""date"":""2026-10-06"",""run_id"":""c00e992d7bb54d65a2dd8f2b7440671c""}}"
66,66,"-19.835723400000003 , -44.1598349","-19.7929028 , -44.160158100000004",urban-urban,urban,1980,"{""sample_routes"":{""date"":""2026-10-06"",""run_id"":""002f04e819e34a14b2981e3357d791b8""},""join_samples"":{""date"":""2026-10-06"",""run_id"":""c00e992d7bb54d65a2dd8f2b7440671c""}}"
67,67,"-23.4482848 , -46.7899802","-23.370235700000002 , -46.7113955",urban-urban,urban,1619,"{""sample_routes"":{""date"":""2026-10-06"",""run_id"":""002f04e819e34a14b2981e3357d791b8""},""join_samples"":{""date"":""2026-10-06"",""run_id"":""c00e992d7bb54d65a2dd8f2b7440671c""}}"
68,68,"-7.9058516 , -34.8814027","-7.8457144 , -34.9416096",urban-rural,urban,1616,"{""sample_routes"":{""date"":""2026-10-06"",""run_id"":""002f04e819e34a14b2981e3357d791b8""},""join_samples"":{""date"":""2026-10-06"",""run_id"":""c00e992d7bb54d65a2dd8f2b7440671c""}}"
69,69,"-21.796870000000002 , -43.3609936","-21.689255600000003 , -43.3606052",urban-rural,urban,1984,"{""sample_routes"":{""date"":""2026-10-06"",""run_id"":""002f04e819e34a14b2981e3357d791b8""},""join_samples"":{""date"":""2026-10-06"",""run_id"":""c00e992d7bb54d65a2dd8f2b7440671c""}}"
70,70,"-3.8146809000000004 , -38.5695192","-3.9420795 , -38.696592800000005",urban-rural,urban,1984,"{""sample_routes"":{""date"":""2026-10-06"",""run_id"":""002f04e819e34a14b2981e3357d791b8""},""join_samples"":{""date"":""2026-10-06"",""run_id"":""c00e992d7bb54d65a2dd8f2b7440671c""}}"
71,71,"-23.6902255 , -46.5902101","-23.690693300000003 , -46.714818300000005",urban-urban,urban,1985,"{""sample_routes"":{""date"":""2026-10-06"",""run_id"":""002f04e819e34a14b2981e3357d791b8""},""join_samples"":{""date"":""2026-10-06"",""run_id"":""c00e992d7bb54d65a2dd8f2b7440671c""}}"
72,72,"-21.589443000000003 , -45.5512275","-21.589267800000002 , -45.790158000000005",urban-rural,urban,1613,"{""sample_routes"":{""date"":""2026-10-06"",""run_id"":""002f04e819e34a14b2981e3357d791b8""},""join_samples"":{""date"":""2026-10-06"",""run_id"":""c00e992d7bb54d65a2dd8f2b7440671c""}}"
73,73,"-19.7605399 , -44.0813671","-19.916946600000003 , -43.9254788",urban-urban,urban,1991,"{""sample_routes"":{""date"":""2026-10-06"",""run_id"":""002f04e819e34a14b2981e3357d791b8""},""join_samples"":{""date"":""2026-10-06"",""run_id"":""c00e992d7bb54d65a2dd8f2b7440671c""}}"
74,74,"-23.563199200000003 , -46.478135900000005","-23.403147800000003 , -46.4777235",urban-urban,urban,1991,"{""sample_routes"":{""date"":""2026-10-06"",""run_id"":""002f04e819e34a14b2981e3357d791b8""},""join_samples"":{""date"":""2026-10-06"",""run_id"":""c00e992d7bb54d65a2dd8f2b7440671c""}}"
75,75,"-3.6209392 , -39.517291900000004","-3.6208687000000004 , -39.6348069",urban-urban,urban,1602,"{""sample_routes"":{""date"":""2026-10-06"",""run_id"":""002f04e819e34a14b2981e3357d791b8""},""join_samples"":{""date"":""2026-10-06"",""run_id"":""c00e992d7bb54d65a2dd8f2b7440671c""}}"
76,76,"-16.6446632 , -49.1878298","-16.8012112 , -49.344780300000004",urban-urban,urban,1999,"{""sample_routes"":{""date"":""2026-10-06"",""run_id"":""002f04e819e34a14b2981e3357d791b8""},""join_samples"":{""date"":""2026-10-06"",""run_id"":""c00e992d7bb54d65a2dd8f2b7440671c""}}"
77,77,"-3.0114534 , -60.010511400000006","-3.0826939 , -59.9392404",urban-urban,urban,1601,"{""sample_routes"":{""date"":""2026-10-06"",""run_id"":""002f04e819e34a14b2981e3357d791b8""},""join_samples"":{""date"":""2026-10-06"",""run_id"":""c00e992d7bb54d65a2dd8f2b7440671c""}}"
78,78,"-15.799854300000002 , -48.1667831","-15.936027200000002 , -48.0309808",urban-rural,urban,2002,"{""sample_routes"":{""date"":""2026-10-06"",""run_id"":""002f04e819e34a14b2981e3357d791b8""},""join_samples"":{""date"":""2026-10-06"",""run_id"":""c00e992d7bb54d65a2dd8f2b7440671c""}}"
79,79,"-22.800827 , -42.9346052","-22.9323646 , -43.066577200000005",urban-urban,urban,2002,"{""sample_routes"":{""date"":""2026-10-06"",""run_id"":""002f04e819e34a14b2981e3357d791b8""},""join_samples"":{""date"":""2026-10-06"",""run_id"":""c00e992d7bb54d65a2dd8f2b7440671c""}}"
80,80,"-23.0641052 , -46.9656381","-23.1945258 , -46.8355216",rural-urban,urban,2002,"{""sample_routes"":{""date"":""2026-10-06"",""run_id"":""002f04e819e34a14b2981e3357d791b8""},""join_samples"":{""date"":""2026-10-06"",""run_id"":""c00e992d7bb54d65a2dd8f2b7440671c""}}"
81,81,"-23.5309263 , -46.5525442","-23.652498 , -46.4307285",urban-urban,urban,2004,"{""sample_routes"":{""date"":""2026-10-06"",""run_id"":""002f04e819e34a14b2981e3357d791b8""},""join_samples"":{""date"":""2026-10-06"",""run_id"":""c00e992d7bb54d65a2dd8f2b7440671c""}}"
82,82,"-22.8763115 , -43.2733776","-23.0158036 , -43.4132861",urban-urban,urban,2011,"{""sample_routes"":{""date"":""2026-10-06"",""run_id"":""002f04e819e34a14b2981e3357d791b8""},""join_samples"":{""date"":""2026-10-06"",""run_id"":""c00e992d7bb54d65a2dd8f2b7440671c""}}"
83,83,"-19.520912000000003 , -42.619848700000006","-19.4346366 , -42.6199164",urban-rural,urban,1589,"{""sample_routes"":{""date"":""2026-10-06"",""run_id"":""002f04e819e34a14b2981e3357d791b8""},""join_samples"":{""date"":""2026-10-06"",""run_id"":""c00e992d7bb54d65a2dd8f2b7440671c""}}"
84,84,"-22.4533691 , -41.8681228","-22.6267004 , -42.041616700000006",rural-rural,urban,2012,"{""sample_routes"":{""date"":""2026-10-06"",""run_id"":""002f04e819e34a14b2981e3357d791b8""},""join_samples"":{""date"":""2026-10-06"",""run_id"":""c00e992d7bb54d65a2dd8f2b7440671c""}}"
85,85,"-15.820790800000001 , -47.905859400000004","-15.8211951 , -48.1391944",urban-urban,urban,2015,"{""sample_routes"":{""date"":""2026-10-06"",""run_id"":""002f04e819e34a14b2981e3357d791b8""},""join_samples"":{""date"":""2026-10-06"",""run_id"":""c00e992d7bb54d65a2dd8f2b7440671c""}}"
86,86,"-23.544113300000003 , -46.6144995","-23.644063000000003 , -46.5149406",urban-urban,urban,2015,"{""sample_routes"":{""date"":""2026-10-06"",""run_id"":""002f04e819e34a14b2981e3357d791b8""},""join_samples"":{""date"":""2026-10-06"",""run_id"":""c00e992d7bb54d65a2dd8f2b7440671c""}}"
87,87,"-23.748239 , -46.7365292","-23.8192616 , -46.6652447",rural-rural,urban,1583,"{""sample_routes"":{""date"":""2026-10-06"",""run_id"":""002f04e819e34a14b2981e3357d791b8""},""join_samples"":{""date"":""2026-10-06"",""run_id"":""c00e992d7bb54d65a2dd8f2b7440671c""}}"
88,88,"-20.450906 , -54.5385964","-20.4513798 , -54.7101735",urban-urban,urban,1582,"{""sample_routes"":{""date"":""2026-10-06"",""run_id"":""002f04e819e34a14b2981e3357d791b8""},""join_samples"":{""date"":""2026-10-06"",""run_id"":""c00e992d7bb54d65a2dd8f2b7440671c""}}"
89,89,"-30.0162225 , -51.1045474","-30.1090592 , -51.104539900000006",urban-urban,urban,1579,"{""sample_routes"":{""date"":""2026-10-06"",""run_id"":""002f04e819e34a14b2981e3357d791b8""},""join_samples"":{""date"":""2026-10-06"",""run_id"":""c00e992d7bb54d65a2dd8f2b7440671c""}}"
90,90,"-25.334722300000003 , -49.21983770000001","-25.5277904 , -49.220286300000005",urban-urban,urban,2022,"{""sample_routes"":{""date"":""2026-10-06"",""run_id"":""002f04e819e34a14b2981e3357d791b8""},""join_samples"":{""date"":""2026-10-06"",""run_id"":""c00e992d7bb54d65a2dd8f2b7440671c""}}"
91,91,"-23.4128149 , -46.845514400000006","-23.529499 , -46.9621968",urban-urban,urban,2022,"{""sample_routes"":{""date"":""2026-10-06"",""run_id"":""002f04e819e34a14b2981e3357d791b8""},""join_samples"":{""date"":""2026-10-06"",""run_id"":""c00e992d7bb54d65a2dd8f2b7440671c""}}"
92,92,"-23.2095589 , -47.279340600000005","-23.354347100000002 , -47.423963300000004",urban-rural,urban,2028,"{""sample_routes"":{""date"":""2026-10-06"",""run_id"":""002f04e819e34a14b2981e3357d791b8""},""join_samples"":{""date"":""2026-10-06"",""run_id"":""c00e992d7bb54d65a2dd8f2b7440671c""}}"
93,93,"-16.7612366 , -49.246184400000004","-16.6492316 , -49.358203",urban-urban,urban,2028,"{""sample_routes"":{""date"":""2026-10-06"",""run_id"":""002f04e819e34a14b2981e3357d791b8""},""join_samples"":{""date"":""2026-10-06"",""run_id"":""c00e992d7bb54d65a2dd8f2b7440671c""}}"
94,94,"-23.439541700000003 , -46.5769809","-23.4390547 , -46.7713054",urban-urban,urban,2030,"{""sample_routes"":{""date"":""2026-10-06"",""run_id"":""002f04e819e34a14b2981e3357d791b8""},""join_samples"":{""date"":""2026-10-06"",""run_id"":""c00e992d7bb54d65a2dd8f2b7440671c""}}"
95,95,"-23.6097912 , -46.6317795","-23.4812745 , -46.7600253",urban-urban,urban,2031,"{""sample_routes"":{""date"":""2026-10-06"",""run_id"":""002f04e819e34a14b2981e3357d791b8""},""join_samples"":{""date"":""2026-10-06"",""run_id"":""c00e992d7bb54d65a2dd8f2b7440671c""}}"
96,96,"-23.5191343 , -46.575048100000004","-23.648912300000003 , -46.444848900000004",urban-urban,urban,2032,"{""sample_routes"":{""date"":""2026-10-06"",""run_id"":""002f04e819e34a14b2981e3357d791b8""},""join_samples"":{""date"":""2026-10-06"",""run_id"":""c00e992d7bb54d65a2dd8f2b7440671c""}}"
97,97,"-19.5920808 , -43.9002573","-19.7751826 , -43.900361200000006",urban-urban,urban,2033,"{""sample_routes"":{""date"":""2026-10-06"",""run_id"":""002f04e819e34a14b2981e3357d791b8""},""join_samples"":{""date"":""2026-10-06"",""run_id"":""c00e992d7bb54d65a2dd8f2b7440671c""}}"
98,98,"-23.8373837 , -46.665363400000004","-23.6892114 , -46.6654768",rural-urban,urban,2035,"{""sample_routes"":{""date"":""2026-10-06"",""run_id"":""002f04e819e34a14b2981e3357d791b8""},""join_samples"":{""date"":""2026-10-06"",""run_id"":""c00e992d7bb54d65a2dd8f2b7440671c""}}"
99,99,"-30.0403549 , -51.090836800000005","-29.9093373 , -51.2217526",urban-urban,urban,2035,"{""sample_routes"":{""date"":""2026-10-06"",""run_id"":""002f04e819e34a14b2981e3357d791b8""},""join_samples"":{""date"":""2026-10-06"",""run_id"":""c00e992d7bb54d65a2dd8f2b7440671c""}}"
100,100,"-23.583826100000003 , -46.4227865","-23.4649629 , -46.5414387",urban-urban,urban,2036,"{""sample_routes"":{""date"":""2026-10-06"",""run_id"":""002f04e819e34a14b2981e3357d791b8""},""join_samples"":{""date"":""2026-10-06"",""run_id"":""c00e992d7bb54d65a2dd8f2b7440671c""}}"
101,101,"-23.5033771 , -46.5079227","-23.597768600000002 , -46.4139854",urban-urban,urban,2037,"{""sample_routes"":{""date"":""2026-10-06"",""run_id"":""002f04e819e34a14b2981e3357d791b8""},""join_samples"":{""date"":""2026-10-06"",""run_id"":""c00e992d7bb54d65a2dd8f2b7440671c""}}"
102,102,"-22.7759886 , -43.5275812","-22.9326067 , -43.6844328",urban-urban,urban,2040,"{""sample_routes"":{""date"":""2026-10-06"",""run_id"":""002f04e819e34a14b2981e3357d791b8""},""join_samples"":{""date"":""2026-10-06"",""run_id"":""c00e992d7bb54d65a2dd8f2b7440671c""}}"
103,103,"-11.1583439 , -37.597187600000005","-11.2899937 , -37.4658418",rural-rural,urban,1560,"{""sample_routes"":{""date"":""2026-10-06"",""run_id"":""002f04e819e34a14b2981e3357d791b8""},""join_samples"":{""date"":""2026-10-06"",""run_id"":""c00e992d7bb54d65a2dd8f2b7440671c""}}"
104,104,"-23.5510781 , -46.6835597","-23.5515082 , -46.848306900000004",urban-urban,urban,2040,"{""sample_routes"":{""date"":""2026-10-06"",""run_id"":""002f04e819e34a14b2981e3357d791b8""},""join_samples"":{""date"":""2026-10-06"",""run_id"":""c00e992d7bb54d65a2dd8f2b7440671c""}}"
105,105,"-23.503911000000002 , -46.1941798","-23.5043565 , -46.400498000000006",urban-urban,urban,2041,"{""sample_routes"":{""date"":""2026-10-06"",""run_id"":""002f04e819e34a14b2981e3357d791b8""},""join_samples"":{""date"":""2026-10-06"",""run_id"":""c00e992d7bb54d65a2dd8f2b7440671c""}}"
106,106,"-23.7135482 , -46.628757300000004","-23.6249752 , -46.7174922",urban-urban,urban,2041,"{""sample_routes"":{""date"":""2026-10-06"",""run_id"":""002f04e819e34a14b2981e3357d791b8""},""join_samples"":{""date"":""2026-10-06"",""run_id"":""c00e992d7bb54d65a2dd8f2b7440671c""}}"
107,107,"-23.417065800000003 , -46.3883389","-23.5481078 , -46.3884969",urban-urban,urban,2041,"{""sample_routes"":{""date"":""2026-10-06"",""run_id"":""002f04e819e34a14b2981e3357d791b8""},""join_samples"":{""date"":""2026-10-06"",""run_id"":""c00e992d7bb54d65a2dd8f2b7440671c""}}"
108,108,"-15.937628900000002 , -47.984644","-15.7932024 , -48.1292601",urban-urban,urban,2042,"{""sample_routes"":{""date"":""2026-10-06"",""run_id"":""002f04e819e34a14b2981e3357d791b8""},""join_samples"":{""date"":""2026-10-06"",""run_id"":""c00e992d7bb54d65a2dd8f2b7440671c""}}"
109,109,"-7.186165600000001 , -34.9412508","-7.0765194000000005 , -34.8315503",urban-urban,urban,1558,"{""sample_routes"":{""date"":""2026-10-06"",""run_id"":""002f04e819e34a14b2981e3357d791b8""},""join_samples"":{""date"":""2026-10-06"",""run_id"":""c00e992d7bb54d65a2dd8f2b7440671c""}}"
110,110,"-23.431734900000002 , -47.458924700000004","-23.3044729 , -47.3318987",urban-urban,urban,2043,"{""sample_routes"":{""date"":""2026-10-06"",""run_id"":""002f04e819e34a14b2981e3357d791b8""},""join_samples"":{""date"":""2026-10-06"",""run_id"":""c00e992d7bb54d65a2dd8f2b7440671c""}}"
111,111,"-3.7940055000000004 , -38.698163","-3.8852845 , -38.6070744",rural-urban,urban,1557,"{""sample_routes"":{""date"":""2026-10-06"",""run_id"":""002f04e819e34a14b2981e3357d791b8""},""join_samples"":{""date"":""2026-10-06"",""run_id"":""c00e992d7bb54d65a2dd8f2b7440671c""}}"
112,112,"-23.521093500000003 , -46.8127767","-23.6552328 , -46.6783091",urban-urban,urban,2044,"{""sample_routes"":{""date"":""2026-10-06"",""run_id"":""002f04e819e34a14b2981e3357d791b8""},""join_samples"":{""date"":""2026-10-06"",""run_id"":""c00e992d7bb54d65a2dd8f2b7440671c""}}"
113,113,"-22.4768024 , -43.173544400000004","-22.6024645 , -43.173092100000005",rural-urban,urban,2044,"{""sample_routes"":{""date"":""2026-10-06"",""run_id"":""002f04e819e34a14b2981e3357d791b8""},""join_samples"":{""date"":""2026-10-06"",""run_id"":""c00e992d7bb54d65a2dd8f2b7440671c""}}"
114,114,"-23.4831746 , -46.6564707","-23.6453412 , -46.6563036",urban-urban,urban,2044,"{""sample_routes"":{""date"":""2026-10-06"",""run_id"":""002f04e819e34a14b2981e3357d791b8""},""join_samples"":{""date"":""2026-10-06"",""run_id"":""c00e992d7bb54d65a2dd8f2b7440671c""}}"
115,115,"-19.961862 , -44.0633716","-19.7552378 , -43.8563126",urban-urban,urban,2044,"{""sample_routes"":{""date"":""2026-10-06"",""run_id"":""002f04e819e34a14b2981e3357d791b8""},""join_samples"":{""date"":""2026-10-06"",""run_id"":""c00e992d7bb54d65a2dd8f2b7440671c""}}"
116,116,"-23.638847100000003 , -46.4582124","-23.447870100000003 , -46.457774900000004",urban-urban,urban,2046,"{""sample_routes"":{""date"":""2026-10-06"",""run_id"":""002f04e819e34a14b2981e3357d791b8""},""join_samples"":{""date"":""2026-10-06"",""run_id"":""c00e992d7bb54d65a2dd8f2b7440671c""}}"
117,117,"-23.198512700000002 , -45.763462000000004","-23.198346200000003 , -45.952855500000005",rural-urban,urban,2046,"{""sample_routes"":{""date"":""2026-10-06"",""run_id"":""002f04e819e34a14b2981e3357d791b8""},""join_samples"":{""date"":""2026-10-06"",""run_id"":""c00e992d7bb54d65a2dd8f2b7440671c""}}"
118,118,"-22.97052 , -47.064916100000005","-23.1818995 , -47.276188700000006",urban-urban,urban,2046,"{""sample_routes"":{""date"":""2026-10-06"",""run_id"":""002f04e819e34a14b2981e3357d791b8""},""join_samples"":{""date"":""2026-10-06"",""run_id"":""c00e992d7bb54d65a2dd8f2b7440671c""}}"
119,119,"-23.524409600000002 , -46.4580549","-23.3950926 , -46.4579133",urban-urban,urban,2046,"{""sample_routes"":{""date"":""2026-10-06"",""run_id"":""002f04e819e34a14b2981e3357d791b8""},""join_samples"":{""date"":""2026-10-06"",""run_id"":""c00e992d7bb54d65a2dd8f2b7440671c""}}"
120,120,"-23.1767703 , -46.862691700000006","-23.176721 , -47.1103996",urban-rural,urban,2047,"{""sample_routes"":{""date"":""2026-10-06"",""run_id"":""002f04e819e34a14b2981e3357d791b8""},""join_samples"":{""date"":""2026-10-06"",""run_id"":""c00e992d7bb54d65a2dd8f2b7440671c""}}"
121,121,"-23.5633492 , -46.6309972","-23.704992100000002 , -46.6315126",urban-urban,urban,2047,"{""sample_routes"":{""date"":""2026-10-06"",""run_id"":""002f04e819e34a14b2981e3357d791b8""},""join_samples"":{""date"":""2026-10-06"",""run_id"":""c00e992d7bb54d65a2dd8f2b7440671c""}}"
122,122,"-23.583828500000003 , -46.5143143","-23.685095800000003 , -46.615328700000006",urban-urban,urban,2048,"{""sample_routes"":{""date"":""2026-10-06"",""run_id"":""002f04e819e34a14b2981e3357d791b8""},""join_samples"":{""date"":""2026-10-06"",""run_id"":""c00e992d7bb54d65a2dd8f2b7440671c""}}"
123,123,"-22.845064800000003 , -43.049533800000006","-22.8445661 , -43.3182865",urban-urban,urban,2048,"{""sample_routes"":{""date"":""2026-10-06"",""run_id"":""002f04e819e34a14b2981e3357d791b8""},""join_samples"":{""date"":""2026-10-06"",""run_id"":""c00e992d7bb54d65a2dd8f2b7440671c""}}"
124,124,"-1.3572361000000002 , -48.3524636","-1.2567984 , -48.4527688",urban-urban,urban,2049,"{""sample_routes"":{""date"":""2026-10-06"",""run_id"":""002f04e819e34a14b2981e3357d791b8""},""join_samples"":{""date"":""2026-10-06"",""run_id"":""c00e992d7bb54d65a2dd8f2b7440671c""}}"
125,125,"-22.7200674 , -47.1768567","-22.8902316 , -47.176644800000005",urban-urban,urban,2050,"{""sample_routes"":{""date"":""2026-10-06"",""run_id"":""002f04e819e34a14b2981e3357d791b8""},""join_samples"":{""date"":""2026-10-06"",""run_id"":""c00e992d7bb54d65a2dd8f2b7440671c""}}"
126,126,"-16.0811593 , -47.968995500000005","-15.795821700000001 , -47.9690579",urban-urban,urban,2050,"{""sample_routes"":{""date"":""2026-10-06"",""run_id"":""002f04e819e34a14b2981e3357d791b8""},""join_samples"":{""date"":""2026-10-06"",""run_id"":""c00e992d7bb54d65a2dd8f2b7440671c""}}"
127,127,"-29.838789000000002 , -51.12948170000001","-30.0262916 , -51.1298771",urban-urban,urban,2051,"{""sample_routes"":{""date"":""2026-10-06"",""run_id"":""002f04e819e34a14b2981e3357d791b8""},""join_samples"":{""date"":""2026-10-06"",""run_id"":""c00e992d7bb54d65a2dd8f2b7440671c""}}"
128,128,"-3.7032022 , -38.581034100000004","-3.7666386000000003 , -38.5177619",urban-urban,urban,2051,"{""sample_routes"":{""date"":""2026-10-06"",""run_id"":""002f04e819e34a14b2981e3357d791b8""},""join_samples"":{""date"":""2026-10-06"",""run_id"":""c00e992d7bb54d65a2dd8f2b7440671c""}}"
129,129,"-3.8436263000000004 , -38.5637217","-3.7325937000000002 , -38.563788200000005",urban-urban,urban,2054,"{""sample_routes"":{""date"":""2026-10-06"",""run_id"":""002f04e819e34a14b2981e3357d791b8""},""join_samples"":{""date"":""2026-10-06"",""run_id"":""c00e992d7bb54d65a2dd8f2b7440671c""}}"
130,130,"-23.4335585 , -46.741386000000006","-23.565551300000003 , -46.7416355",urban-urban,urban,2054,"{""sample_routes"":{""date"":""2026-10-06"",""run_id"":""002f04e819e34a14b2981e3357d791b8""},""join_samples"":{""date"":""2026-10-06"",""run_id"":""c00e992d7bb54d65a2dd8f2b7440671c""}}"
131,131,"-23.6112879 , -46.7853373","-23.509626 , -46.6832444",urban-urban,urban,2055,"{""sample_routes"":{""date"":""2026-10-06"",""run_id"":""002f04e819e34a14b2981e3357d791b8""},""join_samples"":{""date"":""2026-10-06"",""run_id"":""c00e992d7bb54d65a2dd8f2b7440671c""}}"
132,132,"-22.7850123 , -43.364861700000006","-22.6149846 , -43.1943081",urban-urban,urban,2056,"{""sample_routes"":{""date"":""2026-10-06"",""run_id"":""002f04e819e34a14b2981e3357d791b8""},""join_samples"":{""date"":""2026-10-06"",""run_id"":""c00e992d7bb54d65a2dd8f2b7440671c""}}"
133,133,"-23.5360689 , -46.8852905","-23.6391026 , -46.782109000000005",urban-urban,urban,2057,"{""sample_routes"":{""date"":""2026-10-06"",""run_id"":""002f04e819e34a14b2981e3357d791b8""},""join_samples"":{""date"":""2026-10-06"",""run_id"":""c00e992d7bb54d65a2dd8f2b7440671c""}}"
134,134,"-22.7994667 , -43.352925400000004","-22.7991148 , -43.6400513",urban-urban,urban,2058,"{""sample_routes"":{""date"":""2026-10-06"",""run_id"":""002f04e819e34a14b2981e3357d791b8""},""join_samples"":{""date"":""2026-10-06"",""run_id"":""c00e992d7bb54d65a2dd8f2b7440671c""}}"
135,135,"-23.483647 , -46.5833682","-23.4841061 , -46.7859636",urban-urban,urban,2058,"{""sample_routes"":{""date"":""2026-10-06"",""run_id"":""002f04e819e34a14b2981e3357d791b8""},""join_samples"":{""date"":""2026-10-06"",""run_id"":""c00e992d7bb54d65a2dd8f2b7440671c""}}"
136,136,"-23.611919500000003 , -46.3962755","-23.4719386 , -46.395848400000006",urban-urban,urban,2059,"{""sample_routes"":{""date"":""2026-10-06"",""run_id"":""002f04e819e34a14b2981e3357d791b8""},""join_samples"":{""date"":""2026-10-06"",""run_id"":""c00e992d7bb54d65a2dd8f2b7440671c""}}"
137,137,"-25.4481137 , -49.1820016","-25.5722197 , -49.3061206",urban-urban,urban,2060,"{""sample_routes"":{""date"":""2026-10-06"",""run_id"":""002f04e819e34a14b2981e3357d791b8""},""join_samples"":{""date"":""2026-10-06"",""run_id"":""c00e992d7bb54d65a2dd8f2b7440671c""}}"
138,138,"-23.665830800000002 , -46.7710031","-23.4962112 , -46.771000300000004",urban-urban,urban,2060,"{""sample_routes"":{""date"":""2026-10-06"",""run_id"":""002f04e819e34a14b2981e3357d791b8""},""join_samples"":{""date"":""2026-10-06"",""run_id"":""c00e992d7bb54d65a2dd8f2b7440671c""}}"
139,139,"-23.4222621 , -46.8545323","-23.5684298 , -46.7080764",urban-urban,urban,2060,"{""sample_routes"":{""date"":""2026-10-06"",""run_id"":""002f04e819e34a14b2981e3357d791b8""},""join_samples"":{""date"":""2026-10-06"",""run_id"":""c00e992d7bb54d65a2dd8f2b7440671c""}}"
140,140,"-22.7037757 , -43.344781100000006","-22.850255500000003 , -43.4914264",urban-urban,urban,2062,"{""sample_routes"":{""date"":""2026-10-06"",""run_id"":""002f04e819e34a14b2981e3357d791b8""},""join_samples"":{""date"":""2026-10-06"",""run_id"":""c00e992d7bb54d65a2dd8f2b7440671c""}}"
141,141,"-23.6031505 , -46.6204137","-23.6027521 , -46.7445168",urban-urban,urban,2062,"{""sample_routes"":{""date"":""2026-10-06"",""run_id"":""002f04e819e34a14b2981e3357d791b8""},""join_samples"":{""date"":""2026-10-06"",""run_id"":""c00e992d7bb54d65a2dd8f2b7440671c""}}"
142,142,"-16.7008468 , -49.41155740000001","-16.832331200000002 , -49.279595500000006",urban-urban,urban,2063,"{""sample_routes"":{""date"":""2026-10-06"",""run_id"":""002f04e819e34a14b2981e3357d791b8""},""join_samples"":{""date"":""2026-10-06"",""run_id"":""c00e992d7bb54d65a2dd8f2b7440671c""}}"
143,143,"-23.5977621 , -46.4199702","-23.4594573 , -46.5586999",urban-urban,urban,2063,"{""sample_routes"":{""date"":""2026-10-06"",""run_id"":""002f04e819e34a14b2981e3357d791b8""},""join_samples"":{""date"":""2026-10-06"",""run_id"":""c00e992d7bb54d65a2dd8f2b7440671c""}}"
144,144,"-22.723534700000002 , -43.3768934","-22.8606425 , -43.5136472",urban-urban,urban,2064,"{""sample_routes"":{""date"":""2026-10-06"",""run_id"":""002f04e819e34a14b2981e3357d791b8""},""join_samples"":{""date"":""2026-10-06"",""run_id"":""c00e992d7bb54d65a2dd8f2b7440671c""}}"
145,145,"-23.7032707 , -46.7852327","-23.598239300000003 , -46.6800963",urban-urban,urban,2065,"{""sample_routes"":{""date"":""2026-10-06"",""run_id"":""002f04e819e34a14b2981e3357d791b8""},""join_samples"":{""date"":""2026-10-06"",""run_id"":""c00e992d7bb54d65a2dd8f2b7440671c""}}"
146,146,"-25.3581898 , -49.3203912","-25.4618177 , -49.216976800000005",urban-urban,urban,2066,"{""sample_routes"":{""date"":""2026-10-06"",""run_id"":""002f04e819e34a14b2981e3357d791b8""},""join_samples"":{""date"":""2026-10-06"",""run_id"":""c00e992d7bb54d65a2dd8f2b7440671c""}}"
147,147,"-23.7186567 , -46.6042855","-23.547722800000003 , -46.775604900000005",urban-urban,urban,2068,"{""sample_routes"":{""date"":""2026-10-06"",""run_id"":""002f04e819e34a14b2981e3357d791b8""},""join_samples"":{""date"":""2026-10-06"",""run_id"":""c00e992d7bb54d65a2dd8f2b7440671c""}}"
148,148,"-7.2519986 , -39.3369208","-7.1489418 , -39.4402528",urban-rural,urban,1531,"{""sample_routes"":{""date"":""2026-10-06"",""run_id"":""002f04e819e34a14b2981e3357d791b8""},""join_samples"":{""date"":""2026-10-06"",""run_id"":""c00e992d7bb54d65a2dd8f2b7440671c""}}"
149,149,"-22.876137 , -43.2164361","-22.945458600000002 , -43.2164705",rural-urban,urban,1530,"{""sample_routes"":{""date"":""2026-10-06"",""run_id"":""002f04e819e34a14b2981e3357d791b8""},""join_samples"":{""date"":""2026-10-06"",""run_id"":""c00e992d7bb54d65a2dd8f2b7440671c""}}"
150,150,"-23.4830852 , -46.664232500000004","-23.4025092 , -46.664364400000004",urban-rural,mixed,1802,"{""sample_routes"":{""date"":""2026-10-06"",""run_id"":""002f04e819e34a14b2981e3357d791b8""},""join_samples"":{""date"":""2026-10-06"",""run_id"":""c00e992d7bb54d65a2dd8f2b7440671c""}}"
151,151,"-10.785754500000001 , -37.1387579","-10.929953000000001 , -37.139175200000004",rural-urban,mixed,1798,"{""sample_routes"":{""date"":""2026-10-06"",""run_id"":""002f04e819e34a14b2981e3357d791b8""},""join_samples"":{""date"":""2026-10-06"",""run_id"":""c00e992d7bb54d65a2dd8f2b7440671c""}}"
152,152,"-23.5004174 , -47.4945882","-23.6231571 , -47.6171288",urban-rural,mixed,1791,"{""sample_routes"":{""date"":""2026-10-06"",""run_id"":""002f04e819e34a14b2981e3357d791b8""},""join_samples"":{""date"":""2026-10-06"",""run_id"":""c00e992d7bb54d65a2dd8f2b7440671c""}}"
153,153,"-22.1297441 , -51.399126700000004","-22.0355627 , -51.304447800000005",urban-rural,mixed,1789,"{""sample_routes"":{""date"":""2026-10-06"",""run_id"":""002f04e819e34a14b2981e3357d791b8""},""join_samples"":{""date"":""2026-10-06"",""run_id"":""c00e992d7bb54d65a2dd8f2b7440671c""}}"
154,154,"-26.206915300000002 , -52.6932862","-26.3614098 , -52.8480993",urban-urban,mixed,1811,"{""sample_routes"":{""date"":""2026-10-06"",""run_id"":""002f04e819e34a14b2981e3357d791b8""},""join_samples"":{""date"":""2026-10-06"",""run_id"":""c00e992d7bb54d65a2dd8f2b7440671c""}}"
155,155,"-3.8741136000000003 , -38.621154000000004","-3.7514223 , -38.744218200000006",urban-rural,mixed,1813,"{""sample_routes"":{""date"":""2026-10-06"",""run_id"":""002f04e819e34a14b2981e3357d791b8""},""join_samples"":{""date"":""2026-10-06"",""run_id"":""c00e992d7bb54d65a2dd8f2b7440671c""}}"
156,156,"-5.0938322000000005 , -42.4054999","-5.0941396 , -42.6499004",rural-rural,mixed,1814,"{""sample_routes"":{""date"":""2026-10-06"",""run_id"":""002f04e819e34a14b2981e3357d791b8""},""join_samples"":{""date"":""2026-10-06"",""run_id"":""c00e992d7bb54d65a2dd8f2b7440671c""}}"
157,157,"-18.752568800000002 , -40.8972783","-18.7520293 , -41.1628076",urban-rural,mixed,1817,"{""sample_routes"":{""date"":""2026-10-06"",""run_id"":""002f04e819e34a14b2981e3357d791b8""},""join_samples"":{""date"":""2026-10-06"",""run_id"":""c00e992d7bb54d65a2dd8f2b7440671c""}}"
158,158,"-21.8759853 , -49.5602749","-21.6340413 , -49.801847200000005",rural-urban,mixed,1818,"{""sample_routes"":{""date"":""2026-10-06"",""run_id"":""002f04e819e34a14b2981e3357d791b8""},""join_samples"":{""date"":""2026-10-06"",""run_id"":""c00e992d7bb54d65a2dd8f2b7440671c""}}"
159,159,"-22.559199900000003 , -44.1539852","-22.396775 , -44.315999000000005",urban-rural,mixed,1820,"{""sample_routes"":{""date"":""2026-10-06"",""run_id"":""002f04e819e34a14b2981e3357d791b8""},""join_samples"":{""date"":""2026-10-06"",""run_id"":""c00e992d7bb54d65a2dd8f2b7440671c""}}"
160,160,"-23.3816099 , -48.9446613","-23.4876551 , -49.0505617",rural-urban,mixed,1821,"{""sample_routes"":{""date"":""2026-10-06"",""run_id"":""002f04e819e34a14b2981e3357d791b8""},""join_samples"":{""date"":""2026-10-06"",""run_id"":""c00e992d7bb54d65a2dd8f2b7440671c""}}"
161,161,"-22.6383025 , -46.012151700000004","-22.800356 , -46.1737776",rural-rural,mixed,1822,"{""sample_routes"":{""date"":""2026-10-06"",""run_id"":""002f04e819e34a14b2981e3357d791b8""},""join_samples"":{""date"":""2026-10-06"",""run_id"":""c00e992d7bb54d65a2dd8f2b7440671c""}}"
162,162,"-20.128472600000002 , -44.8986822","-20.250099300000002 , -44.776920000000004",urban-rural,mixed,1822,"{""sample_routes"":{""date"":""2026-10-06"",""run_id"":""002f04e819e34a14b2981e3357d791b8""},""join_samples"":{""date"":""2026-10-06"",""run_id"":""c00e992d7bb54d65a2dd8f2b7440671c""}}"
163,163,"-20.871185500000003 , -48.8779344","-20.925194700000002 , -48.931828700000004",rural-rural,mixed,1823,"{""sample_routes"":{""date"":""2026-10-06"",""run_id"":""002f04e819e34a14b2981e3357d791b8""},""join_samples"":{""date"":""2026-10-06"",""run_id"":""c00e992d7bb54d65a2dd8f2b7440671c""}}"
164,164,"-29.687458600000003 , -53.905340900000006","-29.583650700000003 , -53.8016135",rural-rural,mixed,1776,"{""sample_routes"":{""date"":""2026-10-06"",""run_id"":""002f04e819e34a14b2981e3357d791b8""},""join_samples"":{""date"":""2026-10-06"",""run_id"":""c00e992d7bb54d65a2dd8f2b7440671c""}}"
165,165,"-3.2643732 , -44.488337800000004","-3.4074786 , -44.3447217",rural-urban,mixed,1776,"{""sample_routes"":{""date"":""2026-10-06"",""run_id"":""002f04e819e34a14b2981e3357d791b8""},""join_samples"":{""date"":""2026-10-06"",""run_id"":""c00e992d7bb54d65a2dd8f2b7440671c""}}"
166,166,"-22.6360493 , -50.4253276","-22.834664 , -50.226776",urban-rural,mixed,1772,"{""sample_routes"":{""date"":""2026-10-06"",""run_id"":""002f04e819e34a14b2981e3357d791b8""},""join_samples"":{""date"":""2026-10-06"",""run_id"":""c00e992d7bb54d65a2dd8f2b7440671c""}}"
167,167,"-20.6501844 , -40.5031496","-20.571898 , -40.4253031",urban-rural,mixed,1769,"{""sample_routes"":{""date"":""2026-10-06"",""run_id"":""002f04e819e34a14b2981e3357d791b8""},""join_samples"":{""date"":""2026-10-06"",""run_id"":""c00e992d7bb54d65a2dd8f2b7440671c""}}"
168,168,"-23.2046451 , -45.8892904","-23.391736700000003 , -46.0759856",urban-rural,mixed,1835,"{""sample_routes"":{""date"":""2026-10-06"",""run_id"":""002f04e819e34a14b2981e3357d791b8""},""join_samples"":{""date"":""2026-10-06"",""run_id"":""c00e992d7bb54d65a2dd8f2b7440671c""}}"
169,169,"-14.8643473 , -40.7276064","-15.006157900000002 , -40.8690736",rural-rural,mixed,1763,"{""sample_routes"":{""date"":""2026-10-06"",""run_id"":""002f04e819e34a14b2981e3357d791b8""},""join_samples"":{""date"":""2026-10-06"",""run_id"":""c00e992d7bb54d65a2dd8f2b7440671c""}}"
170,170,"-21.617418400000002 , -43.297277400000006","-21.4301613 , -43.1103261",rural-urban,mixed,1761,"{""sample_routes"":{""date"":""2026-10-06"",""run_id"":""002f04e819e34a14b2981e3357d791b8""},""join_samples"":{""date"":""2026-10-06"",""run_id"":""c00e992d7bb54d65a2dd8f2b7440671c""}}"
171,171,"-28.1126934 , -49.161128100000006","-28.269818100000002 , -49.1611616",rural-urban,mixed,1761,"{""sample_routes"":{""date"":""2026-10-06"",""run_id"":""002f04e819e34a14b2981e3357d791b8""},""join_samples"":{""date"":""2026-10-06"",""run_id"":""c00e992d7bb54d65a2dd8f2b7440671c""}}"
172,172,"-22.307675900000003 , -49.104355000000005","-22.1518875 , -49.10440070000001",urban-rural,mixed,1761,"{""sample_routes"":{""date"":""2026-10-06"",""run_id"":""002f04e819e34a14b2981e3357d791b8""},""join_samples"":{""date"":""2026-10-06"",""run_id"":""c00e992d7bb54d65a2dd8f2b7440671c""}}"
173,173,"-3.294741 , -39.441368600000004","-3.4591749000000003 , -39.605879200000004",rural-rural,mixed,1840,"{""sample_routes"":{""date"":""2026-10-06"",""run_id"":""002f04e819e34a14b2981e3357d791b8""},""join_samples"":{""date"":""2026-10-06"",""run_id"":""c00e992d7bb54d65a2dd8f2b7440671c""}}"
174,174,"-22.0343695 , -54.745397800000006","-22.1866941 , -54.7452613",rural-rural,mixed,1760,"{""sample_routes"":{""date"":""2026-10-06"",""run_id"":""002f04e819e34a14b2981e3357d791b8""},""join_samples"":{""date"":""2026-10-06"",""run_id"":""c00e992d7bb54d65a2dd8f2b7440671c""}}"
175,175,"-8.312851400000001 , -35.147594500000004","-8.4491677 , -35.284270500000005",rural-rural,mixed,1757,"{""sample_routes"":{""date"":""2026-10-06"",""run_id"":""002f04e819e34a14b2981e3357d791b8""},""join_samples"":{""date"":""2026-10-06"",""run_id"":""c00e992d7bb54d65a2dd8f2b7440671c""}}"
176,176,"-23.407768800000003 , -47.8271146","-23.545051800000003 , -47.6897863",rural-rural,mixed,1845,"{""sample_routes"":{""date"":""2026-10-06"",""run_id"":""002f04e819e34a14b2981e3357d791b8""},""join_samples"":{""date"":""2026-10-06"",""run_id"":""c00e992d7bb54d65a2dd8f2b7440671c""}}"
177,177,"-26.138968900000002 , -48.9012266","-26.246958000000003 , -48.7937354",rural-urban,mixed,1848,"{""sample_routes"":{""date"":""2026-10-06"",""run_id"":""002f04e819e34a14b2981e3357d791b8""},""join_samples"":{""date"":""2026-10-06"",""run_id"":""c00e992d7bb54d65a2dd8f2b7440671c""}}"
178,178,"-28.593130000000002 , -49.422319800000004","-28.782327000000002 , -49.422544200000004",urban-rural,mixed,1848,"{""sample_routes"":{""date"":""2026-10-06"",""run_id"":""002f04e819e34a14b2981e3357d791b8""},""join_samples"":{""date"":""2026-10-06"",""run_id"":""c00e992d7bb54d65a2dd8f2b7440671c""}}"
179,179,"-16.0563831 , -47.951017300000004","-15.9101738 , -48.097756800000006",urban-urban,mixed,1848,"{""sample_routes"":{""date"":""2026-10-06"",""run_id"":""002f04e819e34a14b2981e3357d791b8""},""join_samples"":{""date"":""2026-10-06"",""run_id"":""c00e992d7bb54d65a2dd8f2b7440671c""}}"
180,180,"-23.4020903 , -47.3735228","-23.512916200000003 , -47.4843063",rural-urban,mixed,1849,"{""sample_routes"":{""date"":""2026-10-06"",""run_id"":""002f04e819e34a14b2981e3357d791b8""},""join_samples"":{""date"":""2026-10-06"",""run_id"":""c00e992d7bb54d65a2dd8f2b7440671c""}}"
181,181,"-3.126109 , -60.01670180000001","-3.0423647000000003 , -60.100856",urban-rural,mixed,1850,"{""sample_routes"":{""date"":""2026-10-06"",""run_id"":""002f04e819e34a14b2981e3357d791b8""},""join_samples"":{""date"":""2026-10-06"",""run_id"":""c00e992d7bb54d65a2dd8f2b7440671c""}}"
182,182,"-1.8843124000000002 , -48.7629978","-1.8846066000000001 , -48.9275372",urban-rural,mixed,1851,"{""sample_routes"":{""date"":""2026-10-06"",""run_id"":""002f04e819e34a14b2981e3357d791b8""},""join_samples"":{""date"":""2026-10-06"",""run_id"":""c00e992d7bb54d65a2dd8f2b7440671c""}}"
183,183,"-5.921567100000001 , -35.3355047","-5.8067443 , -35.450228200000005",rural-rural,mixed,1852,"{""sample_routes"":{""date"":""2026-10-06"",""run_id"":""002f04e819e34a14b2981e3357d791b8""},""join_samples"":{""date"":""2026-10-06"",""run_id"":""c00e992d7bb54d65a2dd8f2b7440671c""}}"
184,184,"-16.6799839 , -49.116594500000005","-16.7779227 , -49.018276300000004",urban-rural,mixed,1747,"{""sample_routes"":{""date"":""2026-10-06"",""run_id"":""002f04e819e34a14b2981e3357d791b8""},""join_samples"":{""date"":""2026-10-06"",""run_id"":""c00e992d7bb54d65a2dd8f2b7440671c""}}"
185,185,"-14.5229411 , -40.3572487","-14.7157435 , -40.5497968",urban-rural,mixed,1856,"{""sample_routes"":{""date"":""2026-10-06"",""run_id"":""002f04e819e34a14b2981e3357d791b8""},""join_samples"":{""date"":""2026-10-06"",""run_id"":""c00e992d7bb54d65a2dd8f2b7440671c""}}"
186,186,"-21.639680900000002 , -46.8852482","-21.471697900000002 , -46.7168337",rural-rural,mixed,1743,"{""sample_routes"":{""date"":""2026-10-06"",""run_id"":""002f04e819e34a14b2981e3357d791b8""},""join_samples"":{""date"":""2026-10-06"",""run_id"":""c00e992d7bb54d65a2dd8f2b7440671c""}}"
187,187,"-11.4275599 , -39.8825182","-11.427863 , -40.0820893",rural-rural,mixed,1858,"{""sample_routes"":{""date"":""2026-10-06"",""run_id"":""002f04e819e34a14b2981e3357d791b8""},""join_samples"":{""date"":""2026-10-06"",""run_id"":""c00e992d7bb54d65a2dd8f2b7440671c""}}"
188,188,"-22.5933201 , -47.423302","-22.7568871 , -47.259718",urban-rural,mixed,1860,"{""sample_routes"":{""date"":""2026-10-06"",""run_id"":""002f04e819e34a14b2981e3357d791b8""},""join_samples"":{""date"":""2026-10-06"",""run_id"":""c00e992d7bb54d65a2dd8f2b7440671c""}}"
189,189,"-20.0936697 , -44.616303300000006","-19.9856804 , -44.5088165",urban-rural,mixed,1740,"{""sample_routes"":{""date"":""2026-10-06"",""run_id"":""002f04e819e34a14b2981e3357d791b8""},""join_samples"":{""date"":""2026-10-06"",""run_id"":""c00e992d7bb54d65a2dd8f2b7440671c""}}"
190,190,"-22.352508200000003 , -49.092255900000005","-22.241390600000003 , -49.203456",urban-rural,mixed,1861,"{""sample_routes"":{""date"":""2026-10-06"",""run_id"":""002f04e819e34a14b2981e3357d791b8""},""join_samples"":{""date"":""2026-10-06"",""run_id"":""c00e992d7bb54d65a2dd8f2b7440671c""}}"
191,191,"-24.462440500000003 , -47.8076693","-24.6738153 , -48.0193828",rural-rural,mixed,1861,"{""sample_routes"":{""date"":""2026-10-06"",""run_id"":""002f04e819e34a14b2981e3357d791b8""},""join_samples"":{""date"":""2026-10-06"",""run_id"":""c00e992d7bb54d65a2dd8f2b7440671c""}}"
192,192,"-19.885799000000002 , -48.098257200000006","-19.7184758 , -47.9314479",rural-urban,mixed,1862,"{""sample_routes"":{""date"":""2026-10-06"",""run_id"":""002f04e819e34a14b2981e3357d791b8""},""join_samples"":{""date"":""2026-10-06"",""run_id"":""c00e992d7bb54d65a2dd8f2b7440671c""}}"
193,193,"-24.4880834 , -48.8554636","-24.4875882 , -49.0723337",urban-rural,mixed,1863,"{""sample_routes"":{""date"":""2026-10-06"",""run_id"":""002f04e819e34a14b2981e3357d791b8""},""join_samples"":{""date"":""2026-10-06"",""run_id"":""c00e992d7bb54d65a2dd8f2b7440671c""}}"
194,194,"-6.6623631 , -36.3817084","-6.5628753 , -36.2817814",rural-rural,mixed,1865,"{""sample_routes"":{""date"":""2026-10-06"",""run_id"":""002f04e819e34a14b2981e3357d791b8""},""join_samples"":{""date"":""2026-10-06"",""run_id"":""c00e992d7bb54d65a2dd8f2b7440671c""}}"
195,195,"-7.221364100000001 , -39.4094846","-7.078571200000001 , -39.2662421",urban-rural,mixed,1865,"{""sample_routes"":{""date"":""2026-10-06"",""run_id"":""002f04e819e34a14b2981e3357d791b8""},""join_samples"":{""date"":""2026-10-06"",""run_id"":""c00e992d7bb54d65a2dd8f2b7440671c""}}"
196,196,"-14.840092 , -39.1871408","-14.839607200000001 , -39.3483925",rural-rural,mixed,1869,"{""sample_routes"":{""date"":""2026-10-06"",""run_id"":""002f04e819e34a14b2981e3357d791b8""},""join_samples"":{""date"":""2026-10-06"",""run_id"":""c00e992d7bb54d65a2dd8f2b7440671c""}}"
197,197,"-19.961862 , -44.0633716","-20.073901300000003 , -44.1751188",urban-rural,mixed,1728,"{""sample_routes"":{""date"":""2026-10-06"",""run_id"":""002f04e819e34a14b2981e3357d791b8""},""join_samples"":{""date"":""2026-10-06"",""run_id"":""c00e992d7bb54d65a2dd8f2b7440671c""}}"
198,198,"-15.910603100000001 , -48.0575963","-16.055839900000002 , -47.91277830000001",urban-rural,mixed,1725,"{""sample_routes"":{""date"":""2026-10-06"",""run_id"":""002f04e819e34a14b2981e3357d791b8""},""join_samples"":{""date"":""2026-10-06"",""run_id"":""c00e992d7bb54d65a2dd8f2b7440671c""}}"
199,199,"-15.7093971 , -47.915348900000005","-15.8081156 , -47.8163624",rural-rural,mixed,1722,"{""sample_routes"":{""date"":""2026-10-06"",""run_id"":""002f04e819e34a14b2981e3357d791b8""},""join_samples"":{""date"":""2026-10-06"",""run_id"":""c00e992d7bb54d65a2dd8f2b7440671c""}}"
200,200,"-7.0470452 , -39.349969200000004","-7.1491439 , -39.2476132",rural-rural,mixed,1879,"{""sample_routes"":{""date"":""2026-10-06"",""run_id"":""002f04e819e34a14b2981e3357d791b8""},""join_samples"":{""date"":""2026-10-06"",""run_id"":""c00e992d7bb54d65a2dd8f2b7440671c""}}"
201,201,"-12.597092 , -39.1434301","-12.701159700000002 , -39.0398335",rural-rural,mixed,1881,"{""sample_routes"":{""date"":""2026-10-06"",""run_id"":""002f04e819e34a14b2981e3357d791b8""},""join_samples"":{""date"":""2026-10-06"",""run_id"":""c00e992d7bb54d65a2dd8f2b7440671c""}}"
202,202,"-21.8143329 , -47.267","-21.6632676 , -47.4180517",urban-rural,mixed,1718,"{""sample_routes"":{""date"":""2026-10-06"",""run_id"":""002f04e819e34a14b2981e3357d791b8""},""join_samples"":{""date"":""2026-10-06"",""run_id"":""c00e992d7bb54d65a2dd8f2b7440671c""}}"
203,203,"-23.762814900000002 , -46.475453800000004","-23.5786161 , -46.2917791",rural-urban,mixed,1882,"{""sample_routes"":{""date"":""2026-10-06"",""run_id"":""002f04e819e34a14b2981e3357d791b8""},""join_samples"":{""date"":""2026-10-06"",""run_id"":""c00e992d7bb54d65a2dd8f2b7440671c""}}"
204,204,"-19.803101700000003 , -44.0232937","-19.802976100000002 , -44.221763100000004",urban-rural,mixed,1882,"{""sample_routes"":{""date"":""2026-10-06"",""run_id"":""002f04e819e34a14b2981e3357d791b8""},""join_samples"":{""date"":""2026-10-06"",""run_id"":""c00e992d7bb54d65a2dd8f2b7440671c""}}"
205,205,"-11.1470584 , -41.8373931","-11.1466227 , -41.991638800000004",rural-rural,mixed,1718,"{""sample_routes"":{""date"":""2026-10-06"",""run_id"":""002f04e819e34a14b2981e3357d791b8""},""join_samples"":{""date"":""2026-10-06"",""run_id"":""c00e992d7bb54d65a2dd8f2b7440671c""}}"
206,206,"-14.7766721 , -39.2810007","-14.5993939 , -39.2805192",urban-urban,mixed,1883,"{""sample_routes"":{""date"":""2026-10-06"",""run_id"":""002f04e819e34a14b2981e3357d791b8""},""join_samples"":{""date"":""2026-10-06"",""run_id"":""c00e992d7bb54d65a2dd8f2b7440671c""}}"
207,207,"-21.8211558 , -48.140152400000005","-21.8207241 , -48.4230978",urban-rural,mixed,1885,"{""sample_routes"":{""date"":""2026-10-06"",""run_id"":""002f04e819e34a14b2981e3357d791b8""},""join_samples"":{""date"":""2026-10-06"",""run_id"":""c00e992d7bb54d65a2dd8f2b7440671c""}}"
208,208,"-8.3480203 , -36.074306400000005","-8.478157000000001 , -35.9443112",rural-rural,mixed,1887,"{""sample_routes"":{""date"":""2026-10-06"",""run_id"":""002f04e819e34a14b2981e3357d791b8""},""join_samples"":{""date"":""2026-10-06"",""run_id"":""c00e992d7bb54d65a2dd8f2b7440671c""}}"
209,209,"-8.287133 , -35.020381400000005","-8.090839200000001 , -35.019955800000005",urban-urban,mixed,1888,"{""sample_routes"":{""date"":""2026-10-06"",""run_id"":""002f04e819e34a14b2981e3357d791b8""},""join_samples"":{""date"":""2026-10-06"",""run_id"":""c00e992d7bb54d65a2dd8f2b7440671c""}}"
210,210,"-4.2164652 , -43.9273819","-4.3153699 , -43.8288993",urban-rural,mixed,1890,"{""sample_routes"":{""date"":""2026-10-06"",""run_id"":""002f04e819e34a14b2981e3357d791b8""},""join_samples"":{""date"":""2026-10-06"",""run_id"":""c00e992d7bb54d65a2dd8f2b7440671c""}}"
211,211,"-23.665861000000003 , -46.5399881","-23.891841300000003 , -46.539622800000004",urban-rural,mixed,1709,"{""sample_routes"":{""date"":""2026-10-06"",""run_id"":""002f04e819e34a14b2981e3357d791b8""},""join_samples"":{""date"":""2026-10-06"",""run_id"":""c00e992d7bb54d65a2dd8f2b7440671c""}}"
212,212,"-20.778199800000003 , -49.4463438","-20.7783787 , -49.6388996",urban-rural,mixed,1708,"{""sample_routes"":{""date"":""2026-10-06"",""run_id"":""002f04e819e34a14b2981e3357d791b8""},""join_samples"":{""date"":""2026-10-06"",""run_id"":""c00e992d7bb54d65a2dd8f2b7440671c""}}"
213,213,"-12.2786535 , -38.9790852","-12.202377 , -39.0558976",urban-rural,mixed,1706,"{""sample_routes"":{""date"":""2026-10-06"",""run_id"":""002f04e819e34a14b2981e3357d791b8""},""join_samples"":{""date"":""2026-10-06"",""run_id"":""c00e992d7bb54d65a2dd8f2b7440671c""}}"
214,214,"-19.4386423 , -44.2094407","-19.3334198 , -44.315142200000004",urban-rural,mixed,1898,"{""sample_routes"":{""date"":""2026-10-06"",""run_id"":""002f04e819e34a14b2981e3357d791b8""},""join_samples"":{""date"":""2026-10-06"",""run_id"":""c00e992d7bb54d65a2dd8f2b7440671c""}}"
215,215,"-23.1005769 , -47.5721269","-23.2119642 , -47.4606344",rural-rural,mixed,1898,"{""sample_routes"":{""date"":""2026-10-06"",""run_id"":""002f04e819e34a14b2981e3357d791b8""},""join_samples"":{""date"":""2026-10-06"",""run_id"":""c00e992d7bb54d65a2dd8f2b7440671c""}}"
216,216,"-11.2685014 , -41.789991300000004","-11.424972400000001 , -41.790168200000004",rural-rural,mixed,1899,"{""sample_routes"":{""date"":""2026-10-06"",""run_id"":""002f04e819e34a14b2981e3357d791b8""},""join_samples"":{""date"":""2026-10-06"",""run_id"":""c00e992d7bb54d65a2dd8f2b7440671c""}}"
217,217,"-23.043200000000002 , -45.551132300000006","-23.043068 , -45.7664211",urban-rural,mixed,1700,"{""sample_routes"":{""date"":""2026-10-06"",""run_id"":""002f04e819e34a14b2981e3357d791b8""},""join_samples"":{""date"":""2026-10-06"",""run_id"":""c00e992d7bb54d65a2dd8f2b7440671c""}}"
218,218,"-11.716179100000002 , -37.928663","-11.8606017 , -38.0734058",rural-rural,mixed,1902,"{""sample_routes"":{""date"":""2026-10-06"",""run_id"":""002f04e819e34a14b2981e3357d791b8""},""join_samples"":{""date"":""2026-10-06"",""run_id"":""c00e992d7bb54d65a2dd8f2b7440671c""}}"
219,219,"-17.0103808 , -39.6198065","-16.9076588 , -39.517449400000004",rural-rural,mixed,1695,"{""sample_routes"":{""date"":""2026-10-06"",""run_id"":""002f04e819e34a14b2981e3357d791b8""},""join_samples"":{""date"":""2026-10-06"",""run_id"":""c00e992d7bb54d65a2dd8f2b7440671c""}}"
220,220,"-20.1594526 , -44.9356747","-19.971543800000003 , -44.7477919",rural-rural,mixed,1908,"{""sample_routes"":{""date"":""2026-10-06"",""run_id"":""002f04e819e34a14b2981e3357d791b8""},""join_samples"":{""date"":""2026-10-06"",""run_id"":""c00e992d7bb54d65a2dd8f2b7440671c""}}"
221,221,"-22.4969867 , -47.7828844","-22.6180498 , -47.904422700000005",urban-rural,mixed,1909,"{""sample_routes"":{""date"":""2026-10-06"",""run_id"":""002f04e819e34a14b2981e3357d791b8""},""join_samples"":{""date"":""2026-10-06"",""run_id"":""c00e992d7bb54d65a2dd8f2b7440671c""}}"
222,222,"-4.881662 , -43.347574200000004","-4.7914825 , -43.2573366",urban-rural,mixed,1691,"{""sample_routes"":{""date"":""2026-10-06"",""run_id"":""002f04e819e34a14b2981e3357d791b8""},""join_samples"":{""date"":""2026-10-06"",""run_id"":""c00e992d7bb54d65a2dd8f2b7440671c""}}"
223,223,"-21.7461971 , -48.1311321","-21.9290753 , -48.130948000000004",rural-rural,mixed,1690,"{""sample_routes"":{""date"":""2026-10-06"",""run_id"":""002f04e819e34a14b2981e3357d791b8""},""join_samples"":{""date"":""2026-10-06"",""run_id"":""c00e992d7bb54d65a2dd8f2b7440671c""}}"
224,224,"-4.457575100000001 , -43.894171500000006","-4.3683945 , -43.983351600000006",urban-rural,mixed,1914,"{""sample_routes"":{""date"":""2026-10-06"",""run_id"":""002f04e819e34a14b2981e3357d791b8""},""join_samples"":{""date"":""2026-10-06"",""run_id"":""c00e992d7bb54d65a2dd8f2b7440671c""}}"
225,225,"-21.2209001 , -47.7672614","-21.0808034 , -47.907774700000004",rural-rural,mixed,1918,"{""sample_routes"":{""date"":""2026-10-06"",""run_id"":""002f04e819e34a14b2981e3357d791b8""},""join_samples"":{""date"":""2026-10-06"",""run_id"":""c00e992d7bb54d65a2dd8f2b7440671c""}}"
226,226,"-19.510055400000002 , -40.649124400000005","-19.510590200000003 , -40.7663114",urban-rural,mixed,1920,"{""sample_routes"":{""date"":""2026-10-06"",""run_id"":""002f04e819e34a14b2981e3357d791b8""},""join_samples"":{""date"":""2026-10-06"",""run_id"":""c00e992d7bb54d65a2dd8f2b7440671c""}}"
227,227,"-29.249716000000003 , -51.5251493","-29.426498300000002 , -51.5246384",urban-rural,mixed,1679,"{""sample_routes"":{""date"":""2026-10-06"",""run_id"":""002f04e819e34a14b2981e3357d791b8""},""join_samples"":{""date"":""2026-10-06"",""run_id"":""c00e992d7bb54d65a2dd8f2b7440671c""}}"
228,228,"-12.516325 , -38.5328937","-12.376758 , -38.3929139",rural-urban,mixed,1922,"{""sample_routes"":{""date"":""2026-10-06"",""run_id"":""002f04e819e34a14b2981e3357d791b8""},""join_samples"":{""date"":""2026-10-06"",""run_id"":""c00e992d7bb54d65a2dd8f2b7440671c""}}"
229,229,"-30.016255800000003 , -51.0893632","-30.189507000000003 , -51.08922200000001",urban-rural,mixed,1922,"{""sample_routes"":{""date"":""2026-10-06"",""run_id"":""002f04e819e34a14b2981e3357d791b8""},""join_samples"":{""date"":""2026-10-06"",""run_id"":""c00e992d7bb54d65a2dd8f2b7440671c""}}"
230,230,"-5.5734051000000004 , -45.1180547","-5.4303965000000005 , -45.2606477",rural-rural,mixed,1923,"{""sample_routes"":{""date"":""2026-10-06"",""run_id"":""002f04e819e34a14b2981e3357d791b8""},""join_samples"":{""date"":""2026-10-06"",""run_id"":""c00e992d7bb54d65a2dd8f2b7440671c""}}"
231,231,"-15.660783 , -48.201242","-15.855831 , -48.20138",urban-rural,mixed,1676,"{""sample_routes"":{""date"":""2026-10-06"",""run_id"":""002f04e819e34a14b2981e3357d791b8""},""join_samples"":{""date"":""2026-10-06"",""run_id"":""c00e992d7bb54d65a2dd8f2b7440671c""}}"
232,232,"-17.034987 , -41.437423100000004","-17.159191500000002 , -41.561629100000005",rural-rural,mixed,1668,"{""sample_routes"":{""date"":""2026-10-06"",""run_id"":""002f04e819e34a14b2981e3357d791b8""},""join_samples"":{""date"":""2026-10-06"",""run_id"":""c00e992d7bb54d65a2dd8f2b7440671c""}}"
233,233,"-6.923846500000001 , -35.6413558","-7.063769300000001 , -35.6409553",rural-rural,mixed,1933,"{""sample_routes"":{""date"":""2026-10-06"",""run_id"":""002f04e819e34a14b2981e3357d791b8""},""join_samples"":{""date"":""2026-10-06"",""run_id"":""c00e992d7bb54d65a2dd8f2b7440671c""}}"
234,234,"-3.9259568000000002 , -45.149989100000006","-3.6816081 , -45.394881500000004",urban-urban,mixed,1936,"{""sample_routes"":{""date"":""2026-10-06"",""run_id"":""002f04e819e34a14b2981e3357d791b8""},""join_samples"":{""date"":""2026-10-06"",""run_id"":""c00e992d7bb54d65a2dd8f2b7440671c""}}"
235,235,"-21.797279900000003 , -46.536688100000006","-21.698609400000002 , -46.5366684",urban-rural,mixed,1937,"{""sample_routes"":{""date"":""2026-10-06"",""run_id"":""002f04e819e34a14b2981e3357d791b8""},""join_samples"":{""date"":""2026-10-06"",""run_id"":""c00e992d7bb54d65a2dd8f2b7440671c""}}"
236,236,"-9.3679115 , -40.542054","-9.2139684 , -40.3885853",urban-rural,mixed,1661,"{""sample_routes"":{""date"":""2026-10-06"",""run_id"":""002f04e819e34a14b2981e3357d791b8""},""join_samples"":{""date"":""2026-10-06"",""run_id"":""c00e992d7bb54d65a2dd8f2b7440671c""}}"
237,237,"-28.3527464 , -49.2895326","-28.5721427 , -49.289056900000006",urban-rural,mixed,1939,"{""sample_routes"":{""date"":""2026-10-06"",""run_id"":""002f04e819e34a14b2981e3357d791b8""},""join_samples"":{""date"":""2026-10-06"",""run_id"":""c00e992d7bb54d65a2dd8f2b7440671c""}}"
238,238,"-27.085800300000002 , -52.69154270000001","-26.9528745 , -52.5582021",urban-urban,mixed,1944,"{""sample_routes"":{""date"":""2026-10-06"",""run_id"":""002f04e819e34a14b2981e3357d791b8""},""join_samples"":{""date"":""2026-10-06"",""run_id"":""c00e992d7bb54d65a2dd8f2b7440671c""}}"
239,239,"-21.4154658 , -42.6869944","-21.292690800000003 , -42.8102821",rural-rural,mixed,1654,"{""sample_routes"":{""date"":""2026-10-06"",""run_id"":""002f04e819e34a14b2981e3357d791b8""},""join_samples"":{""date"":""2026-10-06"",""run_id"":""c00e992d7bb54d65a2dd8f2b7440671c""}}"
240,240,"-21.206213400000003 , -45.451909300000004","-21.329946900000003 , -45.4522327",urban-urban,mixed,1652,"{""sample_routes"":{""date"":""2026-10-06"",""run_id"":""002f04e819e34a14b2981e3357d791b8""},""join_samples"":{""date"":""2026-10-06"",""run_id"":""c00e992d7bb54d65a2dd8f2b7440671c""}}"
241,241,"-22.5205091 , -48.568400000000004","-22.5209379 , -48.789292100000004",urban-rural,mixed,1650,"{""sample_routes"":{""date"":""2026-10-06"",""run_id"":""002f04e819e34a14b2981e3357d791b8""},""join_samples"":{""date"":""2026-10-06"",""run_id"":""c00e992d7bb54d65a2dd8f2b7440671c""}}"
242,242,"-25.3190041 , -49.281387200000005","-25.175793000000002 , -49.424885800000006",urban-rural,mixed,1951,"{""sample_routes"":{""date"":""2026-10-06"",""run_id"":""002f04e819e34a14b2981e3357d791b8""},""join_samples"":{""date"":""2026-10-06"",""run_id"":""c00e992d7bb54d65a2dd8f2b7440671c""}}"
243,243,"-29.174567900000003 , -51.1566205","-29.174083900000003 , -51.387720400000006",urban-rural,mixed,1951,"{""sample_routes"":{""date"":""2026-10-06"",""run_id"":""002f04e819e34a14b2981e3357d791b8""},""join_samples"":{""date"":""2026-10-06"",""run_id"":""c00e992d7bb54d65a2dd8f2b7440671c""}}"
244,244,"-22.554085 , -44.174126400000006","-22.711352700000003 , -44.174233",urban-rural,mixed,1647,"{""sample_routes"":{""date"":""2026-10-06"",""run_id"":""002f04e819e34a14b2981e3357d791b8""},""join_samples"":{""date"":""2026-10-06"",""run_id"":""c00e992d7bb54d65a2dd8f2b7440671c""}}"
245,245,"-26.89104 , -49.0709821","-26.7523342 , -49.071432200000004",urban-rural,mixed,1646,"{""sample_routes"":{""date"":""2026-10-06"",""run_id"":""002f04e819e34a14b2981e3357d791b8""},""join_samples"":{""date"":""2026-10-06"",""run_id"":""c00e992d7bb54d65a2dd8f2b7440671c""}}"
246,246,"-18.8659213 , -48.2894043","-19.032852300000002 , -48.4566888",urban-rural,mixed,1956,"{""sample_routes"":{""date"":""2026-10-06"",""run_id"":""002f04e819e34a14b2981e3357d791b8""},""join_samples"":{""date"":""2026-10-06"",""run_id"":""c00e992d7bb54d65a2dd8f2b7440671c""}}"
247,247,"-22.5146166 , -44.1938436","-22.669570800000002 , -44.1942973",urban-rural,mixed,1958,"{""sample_routes"":{""date"":""2026-10-06"",""run_id"":""002f04e819e34a14b2981e3357d791b8""},""join_samples"":{""date"":""2026-10-06"",""run_id"":""c00e992d7bb54d65a2dd8f2b7440671c""}}"
248,248,"-23.012880000000003 , -46.8625534","-23.0131476 , -47.054105400000005",urban-rural,mixed,1959,"{""sample_routes"":{""date"":""2026-10-06"",""run_id"":""002f04e819e34a14b2981e3357d791b8""},""join_samples"":{""date"":""2026-10-06"",""run_id"":""c00e992d7bb54d65a2dd8f2b7440671c""}}"
249,249,"-23.350588700000003 , -46.7444548","-23.131257400000003 , -46.7449044",urban-rural,mixed,1962,"{""sample_routes"":{""date"":""2026-10-06"",""run_id"":""002f04e819e34a14b2981e3357d791b8""},""join_samples"":{""date"":""2026-10-06"",""run_id"":""c00e992d7bb54d65a2dd8f2b7440671c""}}"
250,250,"-7.578481300000001 , -37.3994112","-7.4665375 , -37.2875628",rural-urban,mixed,1969,"{""sample_routes"":{""date"":""2026-10-06"",""run_id"":""002f04e819e34a14b2981e3357d791b8""},""join_samples"":{""date"":""2026-10-06"",""run_id"":""c00e992d7bb54d65a2dd8f2b7440671c""}}"
251,251,"-12.136032100000001 , -38.6281818","-12.010969300000001 , -38.7533967",rural-rural,mixed,1970,"{""sample_routes"":{""date"":""2026-10-06"",""run_id"":""002f04e819e34a14b2981e3357d791b8""},""join_samples"":{""date"":""2026-10-06"",""run_id"":""c00e992d7bb54d65a2dd8f2b7440671c""}}"
252,252,"-20.3028096 , -40.481953700000005","-20.1701024 , -40.349110800000005",rural-rural,mixed,1971,"{""sample_routes"":{""date"":""2026-10-06"",""run_id"":""002f04e819e34a14b2981e3357d791b8""},""join_samples"":{""date"":""2026-10-06"",""run_id"":""c00e992d7bb54d65a2dd8f2b7440671c""}}"
253,253,"-12.9585881 , -39.0012027","-13.0141214 , -39.057063",rural-rural,mixed,1973,"{""sample_routes"":{""date"":""2026-10-06"",""run_id"":""002f04e819e34a14b2981e3357d791b8""},""join_samples"":{""date"":""2026-10-06"",""run_id"":""c00e992d7bb54d65a2dd8f2b7440671c""}}"
254,254,"-12.0857671 , -38.955139100000004","-12.330439100000001 , -38.954853400000005",rural-rural,mixed,1974,"{""sample_routes"":{""date"":""2026-10-06"",""run_id"":""002f04e819e34a14b2981e3357d791b8""},""join_samples"":{""date"":""2026-10-06"",""run_id"":""c00e992d7bb54d65a2dd8f2b7440671c""}}"
255,255,"-28.977563900000003 , -51.05778","-28.9779264 , -51.217685200000005",urban-rural,mixed,1974,"{""sample_routes"":{""date"":""2026-10-06"",""run_id"":""002f04e819e34a14b2981e3357d791b8""},""join_samples"":{""date"":""2026-10-06"",""run_id"":""c00e992d7bb54d65a2dd8f2b7440671c""}}"
256,256,"-25.3557549 , -49.274455800000005","-25.260618200000003 , -49.178986300000005",urban-rural,mixed,1625,"{""sample_routes"":{""date"":""2026-10-06"",""run_id"":""002f04e819e34a14b2981e3357d791b8""},""join_samples"":{""date"":""2026-10-06"",""run_id"":""c00e992d7bb54d65a2dd8f2b7440671c""}}"
257,257,"-8.313783 , -36.3873678","-8.4469855 , -36.5202472",rural-rural,mixed,1975,"{""sample_routes"":{""date"":""2026-10-06"",""run_id"":""002f04e819e34a14b2981e3357d791b8""},""join_samples"":{""date"":""2026-10-06"",""run_id"":""c00e992d7bb54d65a2dd8f2b7440671c""}}"
258,258,"-27.574299200000002 , -48.637735000000006","-27.355359500000002 , -48.6374912",urban-rural,mixed,1985,"{""sample_routes"":{""date"":""2026-10-06"",""run_id"":""002f04e819e34a14b2981e3357d791b8""},""join_samples"":{""date"":""2026-10-06"",""run_id"":""c00e992d7bb54d65a2dd8f2b7440671c""}}"
259,259,"-19.709663600000003 , -43.049299100000006","-19.8445779 , -43.1845921",urban-urban,mixed,1986,"{""sample_routes"":{""date"":""2026-10-06"",""run_id"":""002f04e819e34a14b2981e3357d791b8""},""join_samples"":{""date"":""2026-10-06"",""run_id"":""c00e992d7bb54d65a2dd8f2b7440671c""}}"
260,260,"-10.3335215 , -38.3667462","-10.5843492 , -38.3662348",rural-urban,mixed,1988,"{""sample_routes"":{""date"":""2026-10-06"",""run_id"":""002f04e819e34a14b2981e3357d791b8""},""join_samples"":{""date"":""2026-10-06"",""run_id"":""c00e992d7bb54d65a2dd8f2b7440671c""}}"
261,261,"-7.7268189000000005 , -35.3317755","-7.8653148 , -35.1927468",rural-rural,mixed,1989,"{""sample_routes"":{""date"":""2026-10-06"",""run_id"":""002f04e819e34a14b2981e3357d791b8""},""join_samples"":{""date"":""2026-10-06"",""run_id"":""c00e992d7bb54d65a2dd8f2b7440671c""}}"
262,262,"-22.9347281 , -47.102862900000005","-23.1243225 , -46.913751600000005",urban-rural,mixed,1991,"{""sample_routes"":{""date"":""2026-10-06"",""run_id"":""002f04e819e34a14b2981e3357d791b8""},""join_samples"":{""date"":""2026-10-06"",""run_id"":""c00e992d7bb54d65a2dd8f2b7440671c""}}"
263,263,"-23.1496926 , -45.720031000000006","-23.2218082 , -45.7923862",rural-rural,mixed,1604,"{""sample_routes"":{""date"":""2026-10-06"",""run_id"":""002f04e819e34a14b2981e3357d791b8""},""join_samples"":{""date"":""2026-10-06"",""run_id"":""c00e992d7bb54d65a2dd8f2b7440671c""}}"
264,264,"-23.713620300000002 , -46.936927600000004","-23.5922312 , -46.8160133",rural-urban,mixed,2000,"{""sample_routes"":{""date"":""2026-10-06"",""run_id"":""002f04e819e34a14b2981e3357d791b8""},""join_samples"":{""date"":""2026-10-06"",""run_id"":""c00e992d7bb54d65a2dd8f2b7440671c""}}"
265,265,"-29.973889300000003 , -50.135059500000004","-29.8368429 , -50.2726242",urban-rural,mixed,2001,"{""sample_routes"":{""date"":""2026-10-06"",""run_id"":""002f04e819e34a14b2981e3357d791b8""},""join_samples"":{""date"":""2026-10-06"",""run_id"":""c00e992d7bb54d65a2dd8f2b7440671c""}}"
266,266,"-22.2199029 , -42.5112399","-22.3555296 , -42.3750863",urban-rural,mixed,2002,"{""sample_routes"":{""date"":""2026-10-06"",""run_id"":""002f04e819e34a14b2981e3357d791b8""},""join_samples"":{""date"":""2026-10-06"",""run_id"":""c00e992d7bb54d65a2dd8f2b7440671c""}}"
267,267,"-4.001061 , -40.6499773","-4.1800262 , -40.471116900000006",rural-urban,mixed,2003,"{""sample_routes"":{""date"":""2026-10-06"",""run_id"":""002f04e819e34a14b2981e3357d791b8""},""join_samples"":{""date"":""2026-10-06"",""run_id"":""c00e992d7bb54d65a2dd8f2b7440671c""}}"
268,268,"-23.4588445 , -51.4235362","-23.2164888 , -51.423646500000004",urban-rural,mixed,1596,"{""sample_routes"":{""date"":""2026-10-06"",""run_id"":""002f04e819e34a14b2981e3357d791b8""},""join_samples"":{""date"":""2026-10-06"",""run_id"":""c00e992d7bb54d65a2dd8f2b7440671c""}}"
269,269,"-22.320294500000003 , -49.0886331","-22.5560508 , -48.8524734",urban-rural,mixed,2006,"{""sample_routes"":{""date"":""2026-10-06"",""run_id"":""002f04e819e34a14b2981e3357d791b8""},""join_samples"":{""date"":""2026-10-06"",""run_id"":""c00e992d7bb54d65a2dd8f2b7440671c""}}"
270,270,"-23.2696019 , -45.934515600000005","-23.404933500000002 , -46.069675700000005",urban-rural,mixed,1589,"{""sample_routes"":{""date"":""2026-10-06"",""run_id"":""002f04e819e34a14b2981e3357d791b8""},""join_samples"":{""date"":""2026-10-06"",""run_id"":""c00e992d7bb54d65a2dd8f2b7440671c""}}"
271,271,"-15.861435600000002 , -48.045094500000005","-15.696446100000001 , -47.8802741",urban-rural,mixed,2012,"{""sample_routes"":{""date"":""2026-10-06"",""run_id"":""002f04e819e34a14b2981e3357d791b8""},""join_samples"":{""date"":""2026-10-06"",""run_id"":""c00e992d7bb54d65a2dd8f2b7440671c""}}"
272,272,"-22.8653216 , -47.189491200000006","-22.6431377 , -47.1895235",urban-urban,mixed,2013,"{""sample_routes"":{""date"":""2026-10-06"",""run_id"":""002f04e819e34a14b2981e3357d791b8""},""join_samples"":{""date"":""2026-10-06"",""run_id"":""c00e992d7bb54d65a2dd8f2b7440671c""}}"
273,273,"-29.6137058 , -50.565623900000006","-29.6135474 , -50.825763900000005",rural-urban,mixed,2014,"{""sample_routes"":{""date"":""2026-10-06"",""run_id"":""002f04e819e34a14b2981e3357d791b8""},""join_samples"":{""date"":""2026-10-06"",""run_id"":""c00e992d7bb54d65a2dd8f2b7440671c""}}"
274,274,"-14.7764793 , -39.260666900000004","-14.939555200000001 , -39.2611992",urban-rural,mixed,2015,"{""sample_routes"":{""date"":""2026-10-06"",""run_id"":""002f04e819e34a14b2981e3357d791b8""},""join_samples"":{""date"":""2026-10-06"",""run_id"":""c00e992d7bb54d65a2dd8f2b7440671c""}}"
275,275,"-8.2873746 , -35.9200868","-8.5011781 , -35.9200439",urban-rural,mixed,2015,"{""sample_routes"":{""date"":""2026-10-06"",""run_id"":""002f04e819e34a14b2981e3357d791b8""},""join_samples"":{""date"":""2026-10-06"",""run_id"":""c00e992d7bb54d65a2dd8f2b7440671c""}}"
276,276,"-15.609974900000001 , -56.0257901","-15.4360733 , -56.0260602",urban-rural,mixed,2017,"{""sample_routes"":{""date"":""2026-10-06"",""run_id"":""002f04e819e34a14b2981e3357d791b8""},""join_samples"":{""date"":""2026-10-06"",""run_id"":""c00e992d7bb54d65a2dd8f2b7440671c""}}"
277,277,"-23.9397953 , -46.3507095","-23.789307400000002 , -46.501164",urban-rural,mixed,2018,"{""sample_routes"":{""date"":""2026-10-06"",""run_id"":""002f04e819e34a14b2981e3357d791b8""},""join_samples"":{""date"":""2026-10-06"",""run_id"":""c00e992d7bb54d65a2dd8f2b7440671c""}}"
278,278,"-22.4439615 , -46.7928871","-22.4439677 , -47.032594100000004",urban-rural,mixed,1576,"{""sample_routes"":{""date"":""2026-10-06"",""run_id"":""002f04e819e34a14b2981e3357d791b8""},""join_samples"":{""date"":""2026-10-06"",""run_id"":""c00e992d7bb54d65a2dd8f2b7440671c""}}"
279,279,"-23.433410600000002 , -47.528386100000006","-23.217180300000003 , -47.528760500000004",rural-urban,mixed,2028,"{""sample_routes"":{""date"":""2026-10-06"",""run_id"":""002f04e819e34a14b2981e3357d791b8""},""join_samples"":{""date"":""2026-10-06"",""run_id"":""c00e992d7bb54d65a2dd8f2b7440671c""}}"
280,280,"-9.805396100000001 , -36.6267335","-9.686996500000001 , -36.745548",rural-rural,mixed,1569,"{""sample_routes"":{""date"":""2026-10-06"",""run_id"":""002f04e819e34a14b2981e3357d791b8""},""join_samples"":{""date"":""2026-10-06"",""run_id"":""c00e992d7bb54d65a2dd8f2b7440671c""}}"
281,281,"-8.8862907 , -36.457818700000004","-8.7853855 , -36.3568899",urban-rural,mixed,1561,"{""sample_routes"":{""date"":""2026-10-06"",""run_id"":""002f04e819e34a14b2981e3357d791b8""},""join_samples"":{""date"":""2026-10-06"",""run_id"":""c00e992d7bb54d65a2dd8f2b7440671c""}}"
282,282,"-9.486334300000001 , -35.5648901","-9.6644594 , -35.742769200000005",rural-urban,mixed,2039,"{""sample_routes"":{""date"":""2026-10-06"",""run_id"":""002f04e819e34a14b2981e3357d791b8""},""join_samples"":{""date"":""2026-10-06"",""run_id"":""c00e992d7bb54d65a2dd8f2b7440671c""}}"
283,283,"-21.508666100000003 , -42.5135051","-21.6139012 , -42.5139785",urban-rural,mixed,1559,"{""sample_routes"":{""date"":""2026-10-06"",""run_id"":""002f04e819e34a14b2981e3357d791b8""},""join_samples"":{""date"":""2026-10-06"",""run_id"":""c00e992d7bb54d65a2dd8f2b7440671c""}}"
284,284,"-22.350898800000003 , -48.7959286","-22.3513369 , -49.0955627",urban-urban,mixed,2043,"{""sample_routes"":{""date"":""2026-10-06"",""run_id"":""002f04e819e34a14b2981e3357d791b8""},""join_samples"":{""date"":""2026-10-06"",""run_id"":""c00e992d7bb54d65a2dd8f2b7440671c""}}"
285,285,"-16.7681402 , -49.367140500000005","-16.6419857 , -49.4934839",urban-urban,mixed,2047,"{""sample_routes"":{""date"":""2026-10-06"",""run_id"":""002f04e819e34a14b2981e3357d791b8""},""join_samples"":{""date"":""2026-10-06"",""run_id"":""c00e992d7bb54d65a2dd8f2b7440671c""}}"
286,286,"-30.123203800000002 , -50.843781500000006","-30.1228428 , -51.0714819",rural-urban,mixed,2047,"{""sample_routes"":{""date"":""2026-10-06"",""run_id"":""002f04e819e34a14b2981e3357d791b8""},""join_samples"":{""date"":""2026-10-06"",""run_id"":""c00e992d7bb54d65a2dd8f2b7440671c""}}"
287,287,"-11.5561319 , -39.2824034","-11.393369100000001 , -39.445416",urban-urban,mixed,1553,"{""sample_routes"":{""date"":""2026-10-06"",""run_id"":""002f04e819e34a14b2981e3357d791b8""},""join_samples"":{""date"":""2026-10-06"",""run_id"":""c00e992d7bb54d65a2dd8f2b7440671c""}}"
288,288,"-27.1789826 , -49.518821900000006","-27.179159900000002 , -49.666399500000004",rural-rural,mixed,1552,"{""sample_routes"":{""date"":""2026-10-06"",""run_id"":""002f04e819e34a14b2981e3357d791b8""},""join_samples"":{""date"":""2026-10-06"",""run_id"":""c00e992d7bb54d65a2dd8f2b7440671c""}}"
289,289,"-23.3900146 , -46.3361625","-23.389889800000002 , -46.5699228",urban-rural,mixed,2051,"{""sample_routes"":{""date"":""2026-10-06"",""run_id"":""002f04e819e34a14b2981e3357d791b8""},""join_samples"":{""date"":""2026-10-06"",""run_id"":""c00e992d7bb54d65a2dd8f2b7440671c""}}"
290,290,"-27.0417442 , -51.147898600000005","-26.9395314 , -51.24991180000001",rural-rural,mixed,1548,"{""sample_routes"":{""date"":""2026-10-06"",""run_id"":""002f04e819e34a14b2981e3357d791b8""},""join_samples"":{""date"":""2026-10-06"",""run_id"":""c00e992d7bb54d65a2dd8f2b7440671c""}}"
291,291,"-23.433410600000002 , -47.528386100000006","-23.581446500000002 , -47.528348400000006",rural-rural,mixed,2052,"{""sample_routes"":{""date"":""2026-10-06"",""run_id"":""002f04e819e34a14b2981e3357d791b8""},""join_samples"":{""date"":""2026-10-06"",""run_id"":""c00e992d7bb54d65a2dd8f2b7440671c""}}"
292,292,"-3.1578076000000004 , -52.306378900000006","-3.2331208 , -52.23135490000001",rural-urban,mixed,1547,"{""sample_routes"":{""date"":""2026-10-06"",""run_id"":""002f04e819e34a14b2981e3357d791b8""},""join_samples"":{""date"":""2026-10-06"",""run_id"":""c00e992d7bb54d65a2dd8f2b7440671c""}}"
293,293,"-22.826774800000003 , -47.343004500000006","-22.9659067 , -47.2040536",rural-urban,mixed,2054,"{""sample_routes"":{""date"":""2026-10-06"",""run_id"":""002f04e819e34a14b2981e3357d791b8""},""join_samples"":{""date"":""2026-10-06"",""run_id"":""c00e992d7bb54d65a2dd8f2b7440671c""}}"
294,294,"-18.6534877 , -48.2175559","-18.864111100000002 , -48.217939400000006",urban-rural,mixed,2054,"{""sample_routes"":{""date"":""2026-10-06"",""run_id"":""002f04e819e34a14b2981e3357d791b8""},""join_samples"":{""date"":""2026-10-06"",""run_id"":""c00e992d7bb54d65a2dd8f2b7440671c""}}"
295,295,"-27.934654400000003 , -51.711149000000006","-27.934146900000002 , -51.869446",rural-rural,mixed,1535,"{""sample_routes"":{""date"":""2026-10-06"",""run_id"":""002f04e819e34a14b2981e3357d791b8""},""join_samples"":{""date"":""2026-10-06"",""run_id"":""c00e992d7bb54d65a2dd8f2b7440671c""}}"
296,296,"-21.0945171 , -47.7948499","-21.2422574 , -47.647549500000004",urban-rural,mixed,1535,"{""sample_routes"":{""date"":""2026-10-06"",""run_id"":""002f04e819e34a14b2981e3357d791b8""},""join_samples"":{""date"":""2026-10-06"",""run_id"":""c00e992d7bb54d65a2dd8f2b7440671c""}}"
297,297,"-19.3437081 , -44.169268300000006","-19.484516000000003 , -44.1696739",rural-urban,mixed,1534,"{""sample_routes"":{""date"":""2026-10-06"",""run_id"":""002f04e819e34a14b2981e3357d791b8""},""join_samples"":{""date"":""2026-10-06"",""run_id"":""c00e992d7bb54d65a2dd8f2b7440671c""}}"
298,298,"-22.661074900000003 , -43.3012486","-22.5312266 , -43.1714214",urban-urban,mixed,2068,"{""sample_routes"":{""date"":""2026-10-06"",""run_id"":""002f04e819e34a14b2981e3357d791b8""},""join_samples"":{""date"":""2026-10-06"",""run_id"":""c00e992d7bb54d65a2dd8f2b7440671c""}}"
299,299,"-30.896329 , -55.5279316","-30.938476400000003 , -55.4863092",urban-rural,mixed,2068,"{""sample_routes"":{""date"":""2026-10-06"",""run_id"":""002f04e819e34a14b2981e3357d791b8""},""join_samples"":{""date"":""2026-10-06"",""run_id"":""c00e992d7bb54d65a2dd8f2b7440671c""}}"
300,300,"-14.4515554 , -56.7940435","-14.2899501 , -56.955482100000005",rural-rural,rural,1799,"{""sample_routes"":{""date"":""2026-10-06"",""run_id"":""002f04e819e34a14b2981e3357d791b8""},""join_samples"":{""date"":""2026-10-06"",""run_id"":""c00e992d7bb54d65a2dd8f2b7440671c""}}"
301,301,"-13.1441642 , -39.641995800000004","-13.144240600000002 , -39.5733453",rural-rural,rural,1796,"{""sample_routes"":{""date"":""2026-10-06"",""run_id"":""002f04e819e34a14b2981e3357d791b8""},""join_samples"":{""date"":""2026-10-06"",""run_id"":""c00e992d7bb54d65a2dd8f2b7440671c""}}"
302,302,"-29.6689602 , -51.7361829","-29.6686595 , -52.061639400000004",rural-rural,rural,1809,"{""sample_routes"":{""date"":""2026-10-06"",""run_id"":""002f04e819e34a14b2981e3357d791b8""},""join_samples"":{""date"":""2026-10-06"",""run_id"":""c00e992d7bb54d65a2dd8f2b7440671c""}}"
303,303,"-4.4979836 , -40.582784000000004","-4.3688245000000006 , -40.712038500000006",rural-urban,rural,1791,"{""sample_routes"":{""date"":""2026-10-06"",""run_id"":""002f04e819e34a14b2981e3357d791b8""},""join_samples"":{""date"":""2026-10-06"",""run_id"":""c00e992d7bb54d65a2dd8f2b7440671c""}}"
304,304,"-19.3437081 , -44.169268300000006","-19.194117600000002 , -44.169733",rural-rural,rural,1784,"{""sample_routes"":{""date"":""2026-10-06"",""run_id"":""002f04e819e34a14b2981e3357d791b8""},""join_samples"":{""date"":""2026-10-06"",""run_id"":""c00e992d7bb54d65a2dd8f2b7440671c""}}"
305,305,"-10.1081585 , -36.7611866","-9.9340323 , -36.7606455",rural-rural,rural,1818,"{""sample_routes"":{""date"":""2026-10-06"",""run_id"":""002f04e819e34a14b2981e3357d791b8""},""join_samples"":{""date"":""2026-10-06"",""run_id"":""c00e992d7bb54d65a2dd8f2b7440671c""}}"
306,306,"-21.0520824 , -49.7033312","-21.052399 , -49.5292626",urban-rural,rural,1782,"{""sample_routes"":{""date"":""2026-10-06"",""run_id"":""002f04e819e34a14b2981e3357d791b8""},""join_samples"":{""date"":""2026-10-06"",""run_id"":""c00e992d7bb54d65a2dd8f2b7440671c""}}"
307,307,"-14.268398300000001 , -42.0168042","-14.319915400000001 , -42.017021",rural-rural,rural,1823,"{""sample_routes"":{""date"":""2026-10-06"",""run_id"":""002f04e819e34a14b2981e3357d791b8""},""join_samples"":{""date"":""2026-10-06"",""run_id"":""c00e992d7bb54d65a2dd8f2b7440671c""}}"
308,308,"-29.694010000000002 , -51.057059300000006","-29.694132600000003 , -50.8710181",urban-rural,rural,1777,"{""sample_routes"":{""date"":""2026-10-06"",""run_id"":""002f04e819e34a14b2981e3357d791b8""},""join_samples"":{""date"":""2026-10-06"",""run_id"":""c00e992d7bb54d65a2dd8f2b7440671c""}}"
309,309,"-25.4168489 , -53.181545500000006","-25.416803400000003 , -53.4092751",urban-rural,rural,1773,"{""sample_routes"":{""date"":""2026-10-06"",""run_id"":""002f04e819e34a14b2981e3357d791b8""},""join_samples"":{""date"":""2026-10-06"",""run_id"":""c00e992d7bb54d65a2dd8f2b7440671c""}}"
310,310,"-13.0403224 , -39.4637167","-13.1344398 , -39.5579253",rural-rural,rural,1771,"{""sample_routes"":{""date"":""2026-10-06"",""run_id"":""002f04e819e34a14b2981e3357d791b8""},""join_samples"":{""date"":""2026-10-06"",""run_id"":""c00e992d7bb54d65a2dd8f2b7440671c""}}"
311,311,"-18.3008501 , -49.7179413","-18.3960367 , -49.622728200000005",rural-rural,rural,1829,"{""sample_routes"":{""date"":""2026-10-06"",""run_id"":""002f04e819e34a14b2981e3357d791b8""},""join_samples"":{""date"":""2026-10-06"",""run_id"":""c00e992d7bb54d65a2dd8f2b7440671c""}}"
312,312,"-22.5630418 , -49.873171500000005","-22.7201799 , -50.0307352",rural-rural,rural,1832,"{""sample_routes"":{""date"":""2026-10-06"",""run_id"":""002f04e819e34a14b2981e3357d791b8""},""join_samples"":{""date"":""2026-10-06"",""run_id"":""c00e992d7bb54d65a2dd8f2b7440671c""}}"
313,313,"-3.1301772000000003 , -41.8989587","-3.1304347000000003 , -41.9954485",rural-rural,rural,1834,"{""sample_routes"":{""date"":""2026-10-06"",""run_id"":""002f04e819e34a14b2981e3357d791b8""},""join_samples"":{""date"":""2026-10-06"",""run_id"":""c00e992d7bb54d65a2dd8f2b7440671c""}}"
314,314,"-3.6515717000000003 , -43.575843600000006","-3.7542428 , -43.4733725",rural-rural,rural,1765,"{""sample_routes"":{""date"":""2026-10-06"",""run_id"":""002f04e819e34a14b2981e3357d791b8""},""join_samples"":{""date"":""2026-10-06"",""run_id"":""c00e992d7bb54d65a2dd8f2b7440671c""}}"
315,315,"-13.5328548 , -41.3133828","-13.349733100000002 , -41.313734200000006",rural-rural,rural,1762,"{""sample_routes"":{""date"":""2026-10-06"",""run_id"":""002f04e819e34a14b2981e3357d791b8""},""join_samples"":{""date"":""2026-10-06"",""run_id"":""c00e992d7bb54d65a2dd8f2b7440671c""}}"
316,316,"-2.8899264000000002 , -41.270336900000004","-3.0277456000000003 , -41.133003900000006",rural-rural,rural,1761,"{""sample_routes"":{""date"":""2026-10-06"",""run_id"":""002f04e819e34a14b2981e3357d791b8""},""join_samples"":{""date"":""2026-10-06"",""run_id"":""c00e992d7bb54d65a2dd8f2b7440671c""}}"
317,317,"-22.3267378 , -45.7633889","-22.3264475 , -45.5802959",rural-rural,rural,1839,"{""sample_routes"":{""date"":""2026-10-06"",""run_id"":""002f04e819e34a14b2981e3357d791b8""},""join_samples"":{""date"":""2026-10-06"",""run_id"":""c00e992d7bb54d65a2dd8f2b7440671c""}}"
318,318,"-20.2790952 , -42.405691000000004","-20.279259500000002 , -42.5853314",rural-rural,rural,1759,"{""sample_routes"":{""date"":""2026-10-06"",""run_id"":""002f04e819e34a14b2981e3357d791b8""},""join_samples"":{""date"":""2026-10-06"",""run_id"":""c00e992d7bb54d65a2dd8f2b7440671c""}}"
319,319,"-14.089452900000001 , -39.0901469","-14.3340034 , -39.0905963",rural-rural,rural,1844,"{""sample_routes"":{""date"":""2026-10-06"",""run_id"":""002f04e819e34a14b2981e3357d791b8""},""join_samples"":{""date"":""2026-10-06"",""run_id"":""c00e992d7bb54d65a2dd8f2b7440671c""}}"
320,320,"-13.9528283 , -42.677359900000006","-13.845538800000002 , -42.5703953",rural-rural,rural,1846,"{""sample_routes"":{""date"":""2026-10-06"",""run_id"":""002f04e819e34a14b2981e3357d791b8""},""join_samples"":{""date"":""2026-10-06"",""run_id"":""c00e992d7bb54d65a2dd8f2b7440671c""}}"
321,321,"-24.5217297 , -52.2506319","-24.664104100000003 , -52.392911000000005",rural-rural,rural,1751,"{""sample_routes"":{""date"":""2026-10-06"",""run_id"":""002f04e819e34a14b2981e3357d791b8""},""join_samples"":{""date"":""2026-10-06"",""run_id"":""c00e992d7bb54d65a2dd8f2b7440671c""}}"
322,322,"-22.457844700000003 , -42.652900800000005","-22.4575622 , -42.752907400000005",urban-rural,rural,1745,"{""sample_routes"":{""date"":""2026-10-06"",""run_id"":""002f04e819e34a14b2981e3357d791b8""},""join_samples"":{""date"":""2026-10-06"",""run_id"":""c00e992d7bb54d65a2dd8f2b7440671c""}}"
323,323,"-10.9654518 , -37.8854362","-10.965207900000001 , -37.7553749",rural-rural,rural,1741,"{""sample_routes"":{""date"":""2026-10-06"",""run_id"":""002f04e819e34a14b2981e3357d791b8""},""join_samples"":{""date"":""2026-10-06"",""run_id"":""c00e992d7bb54d65a2dd8f2b7440671c""}}"
324,324,"-20.740432900000002 , -43.8746571","-20.637045200000003 , -43.9780582",rural-rural,rural,1859,"{""sample_routes"":{""date"":""2026-10-06"",""run_id"":""002f04e819e34a14b2981e3357d791b8""},""join_samples"":{""date"":""2026-10-06"",""run_id"":""c00e992d7bb54d65a2dd8f2b7440671c""}}"
325,325,"-19.553553 , -47.415887100000006","-19.4483807 , -47.520969400000006",rural-rural,rural,1860,"{""sample_routes"":{""date"":""2026-10-06"",""run_id"":""002f04e819e34a14b2981e3357d791b8""},""join_samples"":{""date"":""2026-10-06"",""run_id"":""c00e992d7bb54d65a2dd8f2b7440671c""}}"
326,326,"-29.5779919 , -51.480394000000004","-29.392972800000003 , -51.4805129",rural-rural,rural,1738,"{""sample_routes"":{""date"":""2026-10-06"",""run_id"":""002f04e819e34a14b2981e3357d791b8""},""join_samples"":{""date"":""2026-10-06"",""run_id"":""c00e992d7bb54d65a2dd8f2b7440671c""}}"
327,327,"-20.3210687 , -40.4574153","-20.442049400000002 , -40.4577716",rural-rural,rural,1734,"{""sample_routes"":{""date"":""2026-10-06"",""run_id"":""002f04e819e34a14b2981e3357d791b8""},""join_samples"":{""date"":""2026-10-06"",""run_id"":""c00e992d7bb54d65a2dd8f2b7440671c""}}"
328,328,"-12.470889300000001 , -42.652489800000005","-12.344068400000001 , -42.778843900000005",rural-rural,rural,1870,"{""sample_routes"":{""date"":""2026-10-06"",""run_id"":""002f04e819e34a14b2981e3357d791b8""},""join_samples"":{""date"":""2026-10-06"",""run_id"":""c00e992d7bb54d65a2dd8f2b7440671c""}}"
329,329,"-20.6402486 , -45.0625974","-20.639803500000003 , -44.9387855",rural-rural,rural,1728,"{""sample_routes"":{""date"":""2026-10-06"",""run_id"":""002f04e819e34a14b2981e3357d791b8""},""join_samples"":{""date"":""2026-10-06"",""run_id"":""c00e992d7bb54d65a2dd8f2b7440671c""}}"
330,330,"-20.3128442 , -43.5847764","-20.2222167 , -43.674978",rural-rural,rural,1874,"{""sample_routes"":{""date"":""2026-10-06"",""run_id"":""002f04e819e34a14b2981e3357d791b8""},""join_samples"":{""date"":""2026-10-06"",""run_id"":""c00e992d7bb54d65a2dd8f2b7440671c""}}"
331,331,"-22.9111665 , -42.7192718","-22.8188742 , -42.6269568",rural-rural,rural,1724,"{""sample_routes"":{""date"":""2026-10-06"",""run_id"":""002f04e819e34a14b2981e3357d791b8""},""join_samples"":{""date"":""2026-10-06"",""run_id"":""c00e992d7bb54d65a2dd8f2b7440671c""}}"
332,332,"-22.465028 , -42.7259249","-22.5969181 , -42.858220800000005",rural-rural,rural,1882,"{""sample_routes"":{""date"":""2026-10-06"",""run_id"":""002f04e819e34a14b2981e3357d791b8""},""join_samples"":{""date"":""2026-10-06"",""run_id"":""c00e992d7bb54d65a2dd8f2b7440671c""}}"
333,333,"-12.584847600000002 , -46.0277903","-12.680878100000001 , -45.9316733",rural-rural,rural,1882,"{""sample_routes"":{""date"":""2026-10-06"",""run_id"":""002f04e819e34a14b2981e3357d791b8""},""join_samples"":{""date"":""2026-10-06"",""run_id"":""c00e992d7bb54d65a2dd8f2b7440671c""}}"
334,334,"-12.5765194 , -38.007289","-12.412543600000001 , -38.0078003",rural-rural,rural,1888,"{""sample_routes"":{""date"":""2026-10-06"",""run_id"":""002f04e819e34a14b2981e3357d791b8""},""join_samples"":{""date"":""2026-10-06"",""run_id"":""c00e992d7bb54d65a2dd8f2b7440671c""}}"
335,335,"-20.333407 , -40.5842149","-20.333457900000003 , -40.4494339",rural-rural,rural,1890,"{""sample_routes"":{""date"":""2026-10-06"",""run_id"":""002f04e819e34a14b2981e3357d791b8""},""join_samples"":{""date"":""2026-10-06"",""run_id"":""c00e992d7bb54d65a2dd8f2b7440671c""}}"
336,336,"-13.807767100000001 , -42.8224996","-13.9052783 , -42.919587500000006",rural-rural,rural,1709,"{""sample_routes"":{""date"":""2026-10-06"",""run_id"":""002f04e819e34a14b2981e3357d791b8""},""join_samples"":{""date"":""2026-10-06"",""run_id"":""c00e992d7bb54d65a2dd8f2b7440671c""}}"
337,337,"-28.6825569 , -51.805511300000006","-28.818340000000003 , -51.8054989",rural-rural,rural,1892,"{""sample_routes"":{""date"":""2026-10-06"",""run_id"":""002f04e819e34a14b2981e3357d791b8""},""join_samples"":{""date"":""2026-10-06"",""run_id"":""c00e992d7bb54d65a2dd8f2b7440671c""}}"
338,338,"-17.4640299 , -51.158931300000006","-17.1493155 , -51.158477000000005",rural-rural,rural,1893,"{""sample_routes"":{""date"":""2026-10-06"",""run_id"":""002f04e819e34a14b2981e3357d791b8""},""join_samples"":{""date"":""2026-10-06"",""run_id"":""c00e992d7bb54d65a2dd8f2b7440671c""}}"
339,339,"-31.267832000000002 , -52.4716923","-31.419368300000002 , -52.4718747",rural-rural,rural,1895,"{""sample_routes"":{""date"":""2026-10-06"",""run_id"":""002f04e819e34a14b2981e3357d791b8""},""join_samples"":{""date"":""2026-10-06"",""run_id"":""c00e992d7bb54d65a2dd8f2b7440671c""}}"
340,340,"-22.0872156 , -51.4420371","-22.205723000000003 , -51.560541300000004",rural-rural,rural,1901,"{""sample_routes"":{""date"":""2026-10-06"",""run_id"":""002f04e819e34a14b2981e3357d791b8""},""join_samples"":{""date"":""2026-10-06"",""run_id"":""c00e992d7bb54d65a2dd8f2b7440671c""}}"
341,341,"-7.5561297000000005 , -39.4974847","-7.725083000000001 , -39.4978558",rural-rural,rural,1903,"{""sample_routes"":{""date"":""2026-10-06"",""run_id"":""002f04e819e34a14b2981e3357d791b8""},""join_samples"":{""date"":""2026-10-06"",""run_id"":""c00e992d7bb54d65a2dd8f2b7440671c""}}"
342,342,"-27.378011100000002 , -48.6213175","-27.5198925 , -48.7627205",rural-rural,rural,1687,"{""sample_routes"":{""date"":""2026-10-06"",""run_id"":""002f04e819e34a14b2981e3357d791b8""},""join_samples"":{""date"":""2026-10-06"",""run_id"":""c00e992d7bb54d65a2dd8f2b7440671c""}}"
343,343,"-19.8869548 , -42.1764178","-20.124194300000003 , -42.176838200000006",rural-rural,rural,1914,"{""sample_routes"":{""date"":""2026-10-06"",""run_id"":""002f04e819e34a14b2981e3357d791b8""},""join_samples"":{""date"":""2026-10-06"",""run_id"":""c00e992d7bb54d65a2dd8f2b7440671c""}}"
344,344,"-21.7259354 , -44.6788797","-21.725577100000002 , -44.442846100000004",rural-rural,rural,1916,"{""sample_routes"":{""date"":""2026-10-06"",""run_id"":""002f04e819e34a14b2981e3357d791b8""},""join_samples"":{""date"":""2026-10-06"",""run_id"":""c00e992d7bb54d65a2dd8f2b7440671c""}}"
345,345,"-14.0595098 , -42.4855565","-14.199791500000002 , -42.345063700000004",urban-rural,rural,1680,"{""sample_routes"":{""date"":""2026-10-06"",""run_id"":""002f04e819e34a14b2981e3357d791b8""},""join_samples"":{""date"":""2026-10-06"",""run_id"":""c00e992d7bb54d65a2dd8f2b7440671c""}}"
346,346,"-22.768969900000002 , -46.596381","-22.618645800000003 , -46.596643900000004",rural-rural,rural,1680,"{""sample_routes"":{""date"":""2026-10-06"",""run_id"":""002f04e819e34a14b2981e3357d791b8""},""join_samples"":{""date"":""2026-10-06"",""run_id"":""c00e992d7bb54d65a2dd8f2b7440671c""}}"
347,347,"-13.6875646 , -39.4849558","-13.9885695 , -39.4851243",rural-rural,rural,1921,"{""sample_routes"":{""date"":""2026-10-06"",""run_id"":""002f04e819e34a14b2981e3357d791b8""},""join_samples"":{""date"":""2026-10-06"",""run_id"":""c00e992d7bb54d65a2dd8f2b7440671c""}}"
348,348,"-18.9556375 , -40.4752032","-18.9561385 , -40.2893838",rural-rural,rural,1924,"{""sample_routes"":{""date"":""2026-10-06"",""run_id"":""002f04e819e34a14b2981e3357d791b8""},""join_samples"":{""date"":""2026-10-06"",""run_id"":""c00e992d7bb54d65a2dd8f2b7440671c""}}"
349,349,"-20.7496528 , -41.0413706","-20.650121000000002 , -41.140881300000004",rural-rural,rural,1926,"{""sample_routes"":{""date"":""2026-10-06"",""run_id"":""002f04e819e34a14b2981e3357d791b8""},""join_samples"":{""date"":""2026-10-06"",""run_id"":""c00e992d7bb54d65a2dd8f2b7440671c""}}"
350,350,"-11.5016344 , -42.0037224","-11.3288585 , -41.8305409",rural-urban,rural,1928,"{""sample_routes"":{""date"":""2026-10-06"",""run_id"":""002f04e819e34a14b2981e3357d791b8""},""join_samples"":{""date"":""2026-10-06"",""run_id"":""c00e992d7bb54d65a2dd8f2b7440671c""}}"
351,351,"-14.967156000000001 , -40.4527008","-14.897221700000001 , -40.3831136",rural-rural,rural,1931,"{""sample_routes"":{""date"":""2026-10-06"",""run_id"":""002f04e819e34a14b2981e3357d791b8""},""join_samples"":{""date"":""2026-10-06"",""run_id"":""c00e992d7bb54d65a2dd8f2b7440671c""}}"
352,352,"-7.2379211 , -40.8655009","-7.0397439 , -40.865411900000005",rural-rural,rural,1931,"{""sample_routes"":{""date"":""2026-10-06"",""run_id"":""002f04e819e34a14b2981e3357d791b8""},""join_samples"":{""date"":""2026-10-06"",""run_id"":""c00e992d7bb54d65a2dd8f2b7440671c""}}"
353,353,"-18.8646548 , -40.8361427","-18.8644018 , -41.012171",rural-rural,rural,1931,"{""sample_routes"":{""date"":""2026-10-06"",""run_id"":""002f04e819e34a14b2981e3357d791b8""},""join_samples"":{""date"":""2026-10-06"",""run_id"":""c00e992d7bb54d65a2dd8f2b7440671c""}}"
354,354,"-27.1799621 , -52.213265500000006","-27.1802868 , -52.0049751",rural-rural,rural,1935,"{""sample_routes"":{""date"":""2026-10-06"",""run_id"":""002f04e819e34a14b2981e3357d791b8""},""join_samples"":{""date"":""2026-10-06"",""run_id"":""c00e992d7bb54d65a2dd8f2b7440671c""}}"
355,355,"-19.668362000000002 , -43.3491191","-19.8559296 , -43.349061500000005",rural-rural,rural,1939,"{""sample_routes"":{""date"":""2026-10-06"",""run_id"":""002f04e819e34a14b2981e3357d791b8""},""join_samples"":{""date"":""2026-10-06"",""run_id"":""c00e992d7bb54d65a2dd8f2b7440671c""}}"
356,356,"-29.964949 , -51.611273700000005","-30.100080000000002 , -51.4765517",urban-rural,rural,1661,"{""sample_routes"":{""date"":""2026-10-06"",""run_id"":""002f04e819e34a14b2981e3357d791b8""},""join_samples"":{""date"":""2026-10-06"",""run_id"":""c00e992d7bb54d65a2dd8f2b7440671c""}}"
357,357,"-31.556953300000004 , -52.796570300000006","-31.5568293 , -52.5895553",rural-rural,rural,1940,"{""sample_routes"":{""date"":""2026-10-06"",""run_id"":""002f04e819e34a14b2981e3357d791b8""},""join_samples"":{""date"":""2026-10-06"",""run_id"":""c00e992d7bb54d65a2dd8f2b7440671c""}}"
358,358,"-8.2700754 , -35.9963635","-8.1485588 , -36.1179399",urban-rural,rural,1942,"{""sample_routes"":{""date"":""2026-10-06"",""run_id"":""002f04e819e34a14b2981e3357d791b8""},""join_samples"":{""date"":""2026-10-06"",""run_id"":""c00e992d7bb54d65a2dd8f2b7440671c""}}"
359,359,"-21.170739700000002 , -42.607107500000005","-21.2929754 , -42.7294471",rural-rural,rural,1943,"{""sample_routes"":{""date"":""2026-10-06"",""run_id"":""002f04e819e34a14b2981e3357d791b8""},""join_samples"":{""date"":""2026-10-06"",""run_id"":""c00e992d7bb54d65a2dd8f2b7440671c""}}"
360,360,"-28.3526634 , -49.283333500000005","-28.2012679 , -49.283483800000006",urban-rural,rural,1943,"{""sample_routes"":{""date"":""2026-10-06"",""run_id"":""002f04e819e34a14b2981e3357d791b8""},""join_samples"":{""date"":""2026-10-06"",""run_id"":""c00e992d7bb54d65a2dd8f2b7440671c""}}"
361,361,"-7.0327462 , -41.5673462","-7.1648114000000005 , -41.567430900000005",rural-rural,rural,1948,"{""sample_routes"":{""date"":""2026-10-06"",""run_id"":""002f04e819e34a14b2981e3357d791b8""},""join_samples"":{""date"":""2026-10-06"",""run_id"":""c00e992d7bb54d65a2dd8f2b7440671c""}}"
362,362,"-20.9003979 , -42.0214732","-20.789747900000002 , -41.910698700000005",rural-rural,rural,1952,"{""sample_routes"":{""date"":""2026-10-06"",""run_id"":""002f04e819e34a14b2981e3357d791b8""},""join_samples"":{""date"":""2026-10-06"",""run_id"":""c00e992d7bb54d65a2dd8f2b7440671c""}}"
363,363,"-28.798906600000002 , -49.512785400000006","-28.931011 , -49.51252160000001",rural-rural,rural,1646,"{""sample_routes"":{""date"":""2026-10-06"",""run_id"":""002f04e819e34a14b2981e3357d791b8""},""join_samples"":{""date"":""2026-10-06"",""run_id"":""c00e992d7bb54d65a2dd8f2b7440671c""}}"
364,364,"-4.8504157 , -44.7756491","-4.7811466000000005 , -44.8454538",rural-rural,rural,1645,"{""sample_routes"":{""date"":""2026-10-06"",""run_id"":""002f04e819e34a14b2981e3357d791b8""},""join_samples"":{""date"":""2026-10-06"",""run_id"":""c00e992d7bb54d65a2dd8f2b7440671c""}}"
365,365,"-13.3079867 , -39.8543001","-13.1631987 , -39.9993405",rural-rural,rural,1960,"{""sample_routes"":{""date"":""2026-10-06"",""run_id"":""002f04e819e34a14b2981e3357d791b8""},""join_samples"":{""date"":""2026-10-06"",""run_id"":""c00e992d7bb54d65a2dd8f2b7440671c""}}"
366,366,"-22.3075927 , -45.3740904","-22.395649900000002 , -45.373557500000004",rural-rural,rural,1962,"{""sample_routes"":{""date"":""2026-10-06"",""run_id"":""002f04e819e34a14b2981e3357d791b8""},""join_samples"":{""date"":""2026-10-06"",""run_id"":""c00e992d7bb54d65a2dd8f2b7440671c""}}"
367,367,"-23.0865148 , -48.646532900000004","-22.9133242 , -48.473509",urban-rural,rural,1967,"{""sample_routes"":{""date"":""2026-10-06"",""run_id"":""002f04e819e34a14b2981e3357d791b8""},""join_samples"":{""date"":""2026-10-06"",""run_id"":""c00e992d7bb54d65a2dd8f2b7440671c""}}"
368,368,"-18.7932013 , -46.560784100000006","-18.700161700000002 , -46.6535912",rural-rural,rural,1633,"{""sample_routes"":{""date"":""2026-10-06"",""run_id"":""002f04e819e34a14b2981e3357d791b8""},""join_samples"":{""date"":""2026-10-06"",""run_id"":""c00e992d7bb54d65a2dd8f2b7440671c""}}"
369,369,"-22.3189604 , -45.751263900000005","-22.1841307 , -45.8861062",rural-rural,rural,1971,"{""sample_routes"":{""date"":""2026-10-06"",""run_id"":""002f04e819e34a14b2981e3357d791b8""},""join_samples"":{""date"":""2026-10-06"",""run_id"":""c00e992d7bb54d65a2dd8f2b7440671c""}}"
370,370,"-24.173316200000002 , -48.454547100000006","-24.270650800000002 , -48.5516876",rural-rural,rural,1973,"{""sample_routes"":{""date"":""2026-10-06"",""run_id"":""002f04e819e34a14b2981e3357d791b8""},""join_samples"":{""date"":""2026-10-06"",""run_id"":""c00e992d7bb54d65a2dd8f2b7440671c""}}"
371,371,"-6.4307062 , -35.814938500000004","-6.593184300000001 , -35.814401100000005",rural-urban,rural,1975,"{""sample_routes"":{""date"":""2026-10-06"",""run_id"":""002f04e819e34a14b2981e3357d791b8""},""join_samples"":{""date"":""2026-10-06"",""run_id"":""c00e992d7bb54d65a2dd8f2b7440671c""}}"
372,372,"-5.6231236 , -35.4691163","-5.5066851 , -35.468798400000004",rural-rural,rural,1623,"{""sample_routes"":{""date"":""2026-10-06"",""run_id"":""002f04e819e34a14b2981e3357d791b8""},""join_samples"":{""date"":""2026-10-06"",""run_id"":""c00e992d7bb54d65a2dd8f2b7440671c""}}"
373,373,"-3.0110019 , -42.953506700000005","-2.9343030000000003 , -42.953361900000004",rural-rural,rural,1623,"{""sample_routes"":{""date"":""2026-10-06"",""run_id"":""002f04e819e34a14b2981e3357d791b8""},""join_samples"":{""date"":""2026-10-06"",""run_id"":""c00e992d7bb54d65a2dd8f2b7440671c""}}"
374,374,"-20.321124700000002 , -41.8256493","-20.428184100000003 , -41.9324742",rural-rural,rural,1980,"{""sample_routes"":{""date"":""2026-10-06"",""run_id"":""002f04e819e34a14b2981e3357d791b8""},""join_samples"":{""date"":""2026-10-06"",""run_id"":""c00e992d7bb54d65a2dd8f2b7440671c""}}"
375,375,"-20.3210015 , -44.0239844","-20.1683865 , -44.0238006",rural-rural,rural,1982,"{""sample_routes"":{""date"":""2026-10-06"",""run_id"":""002f04e819e34a14b2981e3357d791b8""},""join_samples"":{""date"":""2026-10-06"",""run_id"":""c00e992d7bb54d65a2dd8f2b7440671c""}}"
376,376,"-20.535004500000003 , -47.175535700000005","-20.6417216 , -47.28239",rural-urban,rural,1984,"{""sample_routes"":{""date"":""2026-10-06"",""run_id"":""002f04e819e34a14b2981e3357d791b8""},""join_samples"":{""date"":""2026-10-06"",""run_id"":""c00e992d7bb54d65a2dd8f2b7440671c""}}"
377,377,"-20.558133700000003 , -49.9079956","-20.644799900000002 , -49.8209877",rural-rural,rural,1611,"{""sample_routes"":{""date"":""2026-10-06"",""run_id"":""002f04e819e34a14b2981e3357d791b8""},""join_samples"":{""date"":""2026-10-06"",""run_id"":""c00e992d7bb54d65a2dd8f2b7440671c""}}"
378,378,"-22.6935068 , -43.915993300000004","-22.6934919 , -43.677261900000005",rural-rural,rural,1990,"{""sample_routes"":{""date"":""2026-10-06"",""run_id"":""002f04e819e34a14b2981e3357d791b8""},""join_samples"":{""date"":""2026-10-06"",""run_id"":""c00e992d7bb54d65a2dd8f2b7440671c""}}"
379,379,"-23.870160400000003 , -53.5441762","-23.70483 , -53.7094815",rural-rural,rural,1996,"{""sample_routes"":{""date"":""2026-10-06"",""run_id"":""002f04e819e34a14b2981e3357d791b8""},""join_samples"":{""date"":""2026-10-06"",""run_id"":""c00e992d7bb54d65a2dd8f2b7440671c""}}"
380,380,"-10.344178300000001 , -48.279655700000006","-10.4481455 , -48.383676400000006",urban-rural,rural,1603,"{""sample_routes"":{""date"":""2026-10-06"",""run_id"":""002f04e819e34a14b2981e3357d791b8""},""join_samples"":{""date"":""2026-10-06"",""run_id"":""c00e992d7bb54d65a2dd8f2b7440671c""}}"
381,381,"-22.3073693 , -42.3289429","-22.218814100000003 , -42.329067",rural-rural,rural,1602,"{""sample_routes"":{""date"":""2026-10-06"",""run_id"":""002f04e819e34a14b2981e3357d791b8""},""join_samples"":{""date"":""2026-10-06"",""run_id"":""c00e992d7bb54d65a2dd8f2b7440671c""}}"
382,382,"-29.8167745 , -51.156483900000005","-29.8163735 , -51.4986089",urban-rural,rural,2001,"{""sample_routes"":{""date"":""2026-10-06"",""run_id"":""002f04e819e34a14b2981e3357d791b8""},""join_samples"":{""date"":""2026-10-06"",""run_id"":""c00e992d7bb54d65a2dd8f2b7440671c""}}"
383,383,"-23.762814900000002 , -46.475453800000004","-23.8609769 , -46.5739524",rural-rural,rural,1593,"{""sample_routes"":{""date"":""2026-10-06"",""run_id"":""002f04e819e34a14b2981e3357d791b8""},""join_samples"":{""date"":""2026-10-06"",""run_id"":""c00e992d7bb54d65a2dd8f2b7440671c""}}"
384,384,"-27.5743042 , -48.6977021","-27.3741142 , -48.6980214",rural-rural,rural,2008,"{""sample_routes"":{""date"":""2026-10-06"",""run_id"":""002f04e819e34a14b2981e3357d791b8""},""join_samples"":{""date"":""2026-10-06"",""run_id"":""c00e992d7bb54d65a2dd8f2b7440671c""}}"
385,385,"-22.4082769 , -46.944002700000006","-22.4084974 , -46.784869300000004",urban-rural,rural,1586,"{""sample_routes"":{""date"":""2026-10-06"",""run_id"":""002f04e819e34a14b2981e3357d791b8""},""join_samples"":{""date"":""2026-10-06"",""run_id"":""c00e992d7bb54d65a2dd8f2b7440671c""}}"
386,386,"-23.202909700000003 , -45.3761657","-23.3374166 , -45.2417354",rural-rural,rural,1586,"{""sample_routes"":{""date"":""2026-10-06"",""run_id"":""002f04e819e34a14b2981e3357d791b8""},""join_samples"":{""date"":""2026-10-06"",""run_id"":""c00e992d7bb54d65a2dd8f2b7440671c""}}"
387,387,"-7.556463300000001 , -39.288595300000004","-7.327642300000001 , -39.288798500000006",rural-urban,rural,2022,"{""sample_routes"":{""date"":""2026-10-06"",""run_id"":""002f04e819e34a14b2981e3357d791b8""},""join_samples"":{""date"":""2026-10-06"",""run_id"":""c00e992d7bb54d65a2dd8f2b7440671c""}}"
388,388,"-29.9951019 , -51.3064285","-29.994928700000003 , -51.5280536",urban-rural,rural,1576,"{""sample_routes"":{""date"":""2026-10-06"",""run_id"":""002f04e819e34a14b2981e3357d791b8""},""join_samples"":{""date"":""2026-10-06"",""run_id"":""c00e992d7bb54d65a2dd8f2b7440671c""}}"
389,389,"-13.0053561 , -39.1087465","-13.0895921 , -39.1088068",rural-rural,rural,1575,"{""sample_routes"":{""date"":""2026-10-06"",""run_id"":""002f04e819e34a14b2981e3357d791b8""},""join_samples"":{""date"":""2026-10-06"",""run_id"":""c00e992d7bb54d65a2dd8f2b7440671c""}}"
390,390,"-2.3049412 , -56.0250088","-2.3052514 , -56.106534",rural-rural,rural,2026,"{""sample_routes"":{""date"":""2026-10-06"",""run_id"":""002f04e819e34a14b2981e3357d791b8""},""join_samples"":{""date"":""2026-10-06"",""run_id"":""c00e992d7bb54d65a2dd8f2b7440671c""}}"
391,391,"-20.5521916 , -43.8244374","-20.660844100000002 , -43.9331661",rural-rural,rural,1565,"{""sample_routes"":{""date"":""2026-10-06"",""run_id"":""002f04e819e34a14b2981e3357d791b8""},""join_samples"":{""date"":""2026-10-06"",""run_id"":""c00e992d7bb54d65a2dd8f2b7440671c""}}"
392,392,"-6.5204196 , -38.1788152","-6.3787878000000005 , -38.0368727",rural-rural,rural,2041,"{""sample_routes"":{""date"":""2026-10-06"",""run_id"":""002f04e819e34a14b2981e3357d791b8""},""join_samples"":{""date"":""2026-10-06"",""run_id"":""c00e992d7bb54d65a2dd8f2b7440671c""}}"
393,393,"-7.051118700000001 , -39.3183176","-7.0511739 , -39.440632300000004",rural-rural,rural,1557,"{""sample_routes"":{""date"":""2026-10-06"",""run_id"":""002f04e819e34a14b2981e3357d791b8""},""join_samples"":{""date"":""2026-10-06"",""run_id"":""c00e992d7bb54d65a2dd8f2b7440671c""}}"
394,394,"-12.767760800000001 , -39.1870818","-12.767265700000001 , -39.4245632",rural-urban,rural,2050,"{""sample_routes"":{""date"":""2026-10-06"",""run_id"":""002f04e819e34a14b2981e3357d791b8""},""join_samples"":{""date"":""2026-10-06"",""run_id"":""c00e992d7bb54d65a2dd8f2b7440671c""}}"
395,395,"-26.335701200000003 , -50.6442824","-26.4303032 , -50.7383576",rural-rural,rural,1545,"{""sample_routes"":{""date"":""2026-10-06"",""run_id"":""002f04e819e34a14b2981e3357d791b8""},""join_samples"":{""date"":""2026-10-06"",""run_id"":""c00e992d7bb54d65a2dd8f2b7440671c""}}"
396,396,"-20.162275100000002 , -43.9611971","-20.2455992 , -43.878319000000005",rural-rural,rural,1537,"{""sample_routes"":{""date"":""2026-10-06"",""run_id"":""002f04e819e34a14b2981e3357d791b8""},""join_samples"":{""date"":""2026-10-06"",""run_id"":""c00e992d7bb54d65a2dd8f2b7440671c""}}"
397,397,"-21.232948500000003 , -45.997611400000004","-21.2795723 , -45.997580600000006",rural-rural,rural,1536,"{""sample_routes"":{""date"":""2026-10-06"",""run_id"":""002f04e819e34a14b2981e3357d791b8""},""join_samples"":{""date"":""2026-10-06"",""run_id"":""c00e992d7bb54d65a2dd8f2b7440671c""}}"
398,398,"-15.573645200000001 , -56.09856310000001","-15.466597 , -56.205483400000006",urban-rural,rural,1531,"{""sample_routes"":{""date"":""2026-10-06"",""run_id"":""002f04e819e34a14b2981e3357d791b8""},""join_samples"":{""date"":""2026-10-06"",""run_id"":""c00e992d7bb54d65a2dd8f2b7440671c""}}"
399,399,"-6.0033737 , -40.285659200000005","-5.8537396 , -40.4355556",urban-rural,rural,1530,"{""sample_routes"":{""date"":""2026-10-06"",""run_id"":""002f04e819e34a14b2981e3357d791b8""},""join_samples"":{""date"":""2026-10-06"",""run_id"":""c00e992d7bb54d65a2dd8f2b7440671c""}}"
400,0,"-23.583828500000003 , -46.5143143","-23.7206903 , -46.6513119",urban-urban,urban,2696,"{""sample_routes"":{""date"":""2026-10-06"",""run_id"":""002f04e819e34a14b2981e3357d791b8""},""join_samples"":{""date"":""2026-10-06"",""run_id"":""c00e992d7bb54d65a2dd8f2b7440671c""}}"
401,1,"-3.7578003000000004 , -38.5046205","-3.9286467000000003 , -38.3340606",urban-rural,urban,2682,"{""sample_routes"":{""date"":""2026-10-06"",""run_id"":""002f04e819e34a14b2981e3357d791b8""},""join_samples"":{""date"":""2026-10-06"",""run_id"":""c00e992d7bb54d65a2dd8f2b7440671c""}}"
402,2,"-23.109785300000002 , -47.230960700000004","-23.3455853 , -47.2309488",urban-rural,urban,2677,"{""sample_routes"":{""date"":""2026-10-06"",""run_id"":""002f04e819e34a14b2981e3357d791b8""},""join_samples"":{""date"":""2026-10-06"",""run_id"":""c00e992d7bb54d65a2dd8f2b7440671c""}}"
403,3,"-16.7886659 , -49.2377064","-16.587742900000002 , -49.4388945",urban-rural,urban,2664,"{""sample_routes"":{""date"":""2026-10-06"",""run_id"":""002f04e819e34a14b2981e3357d791b8""},""join_samples"":{""date"":""2026-10-06"",""run_id"":""c00e992d7bb54d65a2dd8f2b7440671c""}}"
404,4,"-19.961862 , -44.0633716","-19.6862402 , -43.787609700000004",urban-rural,urban,2660,"{""sample_routes"":{""date"":""2026-10-06"",""run_id"":""002f04e819e34a14b2981e3357d791b8""},""join_samples"":{""date"":""2026-10-06"",""run_id"":""c00e992d7bb54d65a2dd8f2b7440671c""}}"
405,5,"-19.8375306 , -43.8953955","-19.6307547 , -44.1018321",urban-urban,urban,2655,"{""sample_routes"":{""date"":""2026-10-06"",""run_id"":""002f04e819e34a14b2981e3357d791b8""},""join_samples"":{""date"":""2026-10-06"",""run_id"":""c00e992d7bb54d65a2dd8f2b7440671c""}}"
406,6,"-22.9990133 , -43.635945400000004","-22.8273893 , -43.8074023",urban-rural,urban,2745,"{""sample_routes"":{""date"":""2026-10-06"",""run_id"":""002f04e819e34a14b2981e3357d791b8""},""join_samples"":{""date"":""2026-10-06"",""run_id"":""c00e992d7bb54d65a2dd8f2b7440671c""}}"
407,7,"-23.555486400000003 , -46.754288100000004","-23.7880033 , -46.521103000000004",urban-rural,urban,2746,"{""sample_routes"":{""date"":""2026-10-06"",""run_id"":""002f04e819e34a14b2981e3357d791b8""},""join_samples"":{""date"":""2026-10-06"",""run_id"":""c00e992d7bb54d65a2dd8f2b7440671c""}}"
408,8,"-3.8408917000000002 , -38.477428800000006","-4.0538034000000005 , -38.265272200000005",urban-rural,urban,2643,"{""sample_routes"":{""date"":""2026-10-06"",""run_id"":""002f04e819e34a14b2981e3357d791b8""},""join_samples"":{""date"":""2026-10-06"",""run_id"":""c00e992d7bb54d65a2dd8f2b7440671c""}}"
409,9,"-23.4990612 , -46.4718737","-23.351377300000003 , -46.6197388",urban-rural,urban,2763,"{""sample_routes"":{""date"":""2026-10-06"",""run_id"":""002f04e819e34a14b2981e3357d791b8""},""join_samples"":{""date"":""2026-10-06"",""run_id"":""c00e992d7bb54d65a2dd8f2b7440671c""}}"
410,10,"-22.6808167 , -43.264047500000004","-22.6800396 , -43.6492939",urban-rural,urban,2769,"{""sample_routes"":{""date"":""2026-10-06"",""run_id"":""002f04e819e34a14b2981e3357d791b8""},""join_samples"":{""date"":""2026-10-06"",""run_id"":""c00e992d7bb54d65a2dd8f2b7440671c""}}"
411,11,"-22.97052 , -47.064916100000005","-23.254889900000002 , -47.348596400000005",urban-rural,urban,2779,"{""sample_routes"":{""date"":""2026-10-06"",""run_id"":""002f04e819e34a14b2981e3357d791b8""},""join_samples"":{""date"":""2026-10-06"",""run_id"":""c00e992d7bb54d65a2dd8f2b7440671c""}}"
412,12,"-19.8357253 , -43.902358400000004","-19.5650619 , -43.9019047",urban-rural,urban,2618,"{""sample_routes"":{""date"":""2026-10-06"",""run_id"":""002f04e819e34a14b2981e3357d791b8""},""join_samples"":{""date"":""2026-10-06"",""run_id"":""c00e992d7bb54d65a2dd8f2b7440671c""}}"
413,13,"-22.999337 , -46.8665991","-23.260438800000003 , -47.128098200000004",urban-urban,urban,2794,"{""sample_routes"":{""date"":""2026-10-06"",""run_id"":""002f04e819e34a14b2981e3357d791b8""},""join_samples"":{""date"":""2026-10-06"",""run_id"":""c00e992d7bb54d65a2dd8f2b7440671c""}}"
414,14,"-19.8865534 , -43.951186500000006","-19.5236945 , -43.9506662",urban-rural,urban,2795,"{""sample_routes"":{""date"":""2026-10-06"",""run_id"":""002f04e819e34a14b2981e3357d791b8""},""join_samples"":{""date"":""2026-10-06"",""run_id"":""c00e992d7bb54d65a2dd8f2b7440671c""}}"
415,15,"-13.007520600000001 , -38.4963562","-12.770104000000002 , -38.2582998",urban-rural,urban,2798,"{""sample_routes"":{""date"":""2026-10-06"",""run_id"":""002f04e819e34a14b2981e3357d791b8""},""join_samples"":{""date"":""2026-10-06"",""run_id"":""c00e992d7bb54d65a2dd8f2b7440671c""}}"
416,16,"-25.0060019 , -49.3712189","-25.231683800000003 , -49.371476300000005",rural-urban,urban,2598,"{""sample_routes"":{""date"":""2026-10-06"",""run_id"":""002f04e819e34a14b2981e3357d791b8""},""join_samples"":{""date"":""2026-10-06"",""run_id"":""c00e992d7bb54d65a2dd8f2b7440671c""}}"
417,17,"-22.8652543 , -43.5628979","-23.0156312 , -43.4121311",urban-urban,urban,2598,"{""sample_routes"":{""date"":""2026-10-06"",""run_id"":""002f04e819e34a14b2981e3357d791b8""},""join_samples"":{""date"":""2026-10-06"",""run_id"":""c00e992d7bb54d65a2dd8f2b7440671c""}}"
418,18,"-8.287133 , -35.020381400000005","-7.9842982000000005 , -35.0196981",urban-urban,urban,2805,"{""sample_routes"":{""date"":""2026-10-06"",""run_id"":""002f04e819e34a14b2981e3357d791b8""},""join_samples"":{""date"":""2026-10-06"",""run_id"":""c00e992d7bb54d65a2dd8f2b7440671c""}}"
419,19,"-16.5734432 , -49.379383700000005","-16.8599035 , -49.379963700000005",urban-rural,urban,2808,"{""sample_routes"":{""date"":""2026-10-06"",""run_id"":""002f04e819e34a14b2981e3357d791b8""},""join_samples"":{""date"":""2026-10-06"",""run_id"":""c00e992d7bb54d65a2dd8f2b7440671c""}}"
420,20,"-22.877927900000003 , -42.8007562","-22.8777113 , -43.1258817",rural-urban,urban,2814,"{""sample_routes"":{""date"":""2026-10-06"",""run_id"":""002f04e819e34a14b2981e3357d791b8""},""join_samples"":{""date"":""2026-10-06"",""run_id"":""c00e992d7bb54d65a2dd8f2b7440671c""}}"
421,21,"-22.9119396 , -43.188701","-22.6644413 , -42.9419544",urban-rural,urban,2823,"{""sample_routes"":{""date"":""2026-10-06"",""run_id"":""002f04e819e34a14b2981e3357d791b8""},""join_samples"":{""date"":""2026-10-06"",""run_id"":""c00e992d7bb54d65a2dd8f2b7440671c""}}"
422,22,"-23.4926463 , -54.1513463","-23.726505900000003 , -54.384681900000004",urban-urban,urban,2576,"{""sample_routes"":{""date"":""2026-10-06"",""run_id"":""002f04e819e34a14b2981e3357d791b8""},""join_samples"":{""date"":""2026-10-06"",""run_id"":""c00e992d7bb54d65a2dd8f2b7440671c""}}"
423,23,"-23.3023512 , -45.9866411","-23.1205286 , -45.987199100000005",urban-rural,urban,2573,"{""sample_routes"":{""date"":""2026-10-06"",""run_id"":""002f04e819e34a14b2981e3357d791b8""},""join_samples"":{""date"":""2026-10-06"",""run_id"":""c00e992d7bb54d65a2dd8f2b7440671c""}}"
424,24,"-21.5131613 , -42.004325200000004","-21.6925956 , -42.1831143",urban-rural,urban,2833,"{""sample_routes"":{""date"":""2026-10-06"",""run_id"":""002f04e819e34a14b2981e3357d791b8""},""join_samples"":{""date"":""2026-10-06"",""run_id"":""c00e992d7bb54d65a2dd8f2b7440671c""}}"
425,25,"-25.445387 , -49.3307737","-25.243783800000003 , -49.129633600000005",urban-rural,urban,2834,"{""sample_routes"":{""date"":""2026-10-06"",""run_id"":""002f04e819e34a14b2981e3357d791b8""},""join_samples"":{""date"":""2026-10-06"",""run_id"":""c00e992d7bb54d65a2dd8f2b7440671c""}}"
426,26,"-25.497569700000003 , -49.227546100000005","-25.4981529 , -49.583387200000004",urban-urban,urban,2838,"{""sample_routes"":{""date"":""2026-10-06"",""run_id"":""002f04e819e34a14b2981e3357d791b8""},""join_samples"":{""date"":""2026-10-06"",""run_id"":""c00e992d7bb54d65a2dd8f2b7440671c""}}"
427,27,"-22.580103400000002 , -47.3787545","-22.3367413 , -47.622627800000004",urban-rural,urban,2562,"{""sample_routes"":{""date"":""2026-10-06"",""run_id"":""002f04e819e34a14b2981e3357d791b8""},""join_samples"":{""date"":""2026-10-06"",""run_id"":""c00e992d7bb54d65a2dd8f2b7440671c""}}"
428,28,"-3.0540622 , -59.9175297","-3.0535299 , -60.107816500000006",urban-rural,urban,2553,"{""sample_routes"":{""date"":""2026-10-06"",""run_id"":""002f04e819e34a14b2981e3357d791b8""},""join_samples"":{""date"":""2026-10-06"",""run_id"":""c00e992d7bb54d65a2dd8f2b7440671c""}}"
429,29,"-25.4481137 , -49.1820016","-25.663281 , -49.3970526",urban-rural,urban,2855,"{""sample_routes"":{""date"":""2026-10-06"",""run_id"":""002f04e819e34a14b2981e3357d791b8""},""join_samples"":{""date"":""2026-10-06"",""run_id"":""c00e992d7bb54d65a2dd8f2b7440671c""}}"
430,30,"-23.611920700000002 , -46.4934183","-23.3990079 , -46.493959600000004",urban-urban,urban,2541,"{""sample_routes"":{""date"":""2026-10-06"",""run_id"":""002f04e819e34a14b2981e3357d791b8""},""join_samples"":{""date"":""2026-10-06"",""run_id"":""c00e992d7bb54d65a2dd8f2b7440671c""}}"
431,31,"-15.850657600000002 , -47.884908900000006","-16.225110400000002 , -47.8845551",rural-urban,urban,2878,"{""sample_routes"":{""date"":""2026-10-06"",""run_id"":""002f04e819e34a14b2981e3357d791b8""},""join_samples"":{""date"":""2026-10-06"",""run_id"":""c00e992d7bb54d65a2dd8f2b7440671c""}}"
432,32,"-23.615670400000003 , -46.316416100000005","-23.411082200000003 , -46.521333500000004",rural-urban,urban,2880,"{""sample_routes"":{""date"":""2026-10-06"",""run_id"":""002f04e819e34a14b2981e3357d791b8""},""join_samples"":{""date"":""2026-10-06"",""run_id"":""c00e992d7bb54d65a2dd8f2b7440671c""}}"
433,33,"-8.3572177 , -36.028165800000004","-8.5426462 , -36.212884800000005",rural-rural,urban,2884,"{""sample_routes"":{""date"":""2026-10-06"",""run_id"":""002f04e819e34a14b2981e3357d791b8""},""join_samples"":{""date"":""2026-10-06"",""run_id"":""c00e992d7bb54d65a2dd8f2b7440671c""}}"
434,34,"-23.5808861 , -46.4992925","-23.3875214 , -46.305176200000005",urban-urban,urban,2514,"{""sample_routes"":{""date"":""2026-10-06"",""run_id"":""002f04e819e34a14b2981e3357d791b8""},""join_samples"":{""date"":""2026-10-06"",""run_id"":""c00e992d7bb54d65a2dd8f2b7440671c""}}"
435,35,"-29.699742800000003 , -51.23733","-29.961757400000003 , -50.974594200000006",urban-urban,urban,2510,"{""sample_routes"":{""date"":""2026-10-06"",""run_id"":""002f04e819e34a14b2981e3357d791b8""},""join_samples"":{""date"":""2026-10-06"",""run_id"":""c00e992d7bb54d65a2dd8f2b7440671c""}}"
436,36,"-4.3259545 , -47.598061400000006","-4.5656433000000005 , -47.8369483",rural-urban,urban,2506,"{""sample_routes"":{""date"":""2026-10-06"",""run_id"":""002f04e819e34a14b2981e3357d791b8""},""join_samples"":{""date"":""2026-10-06"",""run_id"":""c00e992d7bb54d65a2dd8f2b7440671c""}}"
437,37,"-3.8436263000000004 , -38.5637217","-3.7098878 , -38.5633521",urban-urban,urban,2505,"{""sample_routes"":{""date"":""2026-10-06"",""run_id"":""002f04e819e34a14b2981e3357d791b8""},""join_samples"":{""date"":""2026-10-06"",""run_id"":""c00e992d7bb54d65a2dd8f2b7440671c""}}"
438,38,"-19.799780600000002 , -44.0872912","-20.0293828 , -43.857420100000006",rural-rural,urban,2895,"{""sample_routes"":{""date"":""2026-10-06"",""run_id"":""002f04e819e34a14b2981e3357d791b8""},""join_samples"":{""date"":""2026-10-06"",""run_id"":""c00e992d7bb54d65a2dd8f2b7440671c""}}"
439,39,"-1.2757972000000002 , -48.3403185","-1.4285804000000002 , -48.4923142",rural-urban,urban,2504,"{""sample_routes"":{""date"":""2026-10-06"",""run_id"":""002f04e819e34a14b2981e3357d791b8""},""join_samples"":{""date"":""2026-10-06"",""run_id"":""c00e992d7bb54d65a2dd8f2b7440671c""}}"
440,40,"-22.968360200000003 , -47.065398800000004","-23.282718900000003 , -47.0657804",urban-urban,urban,2899,"{""sample_routes"":{""date"":""2026-10-06"",""run_id"":""002f04e819e34a14b2981e3357d791b8""},""join_samples"":{""date"":""2026-10-06"",""run_id"":""c00e992d7bb54d65a2dd8f2b7440671c""}}"
441,41,"-26.890147000000002 , -49.0653298","-27.0228082 , -49.0660169",urban-rural,urban,2904,"{""sample_routes"":{""date"":""2026-10-06"",""run_id"":""002f04e819e34a14b2981e3357d791b8""},""join_samples"":{""date"":""2026-10-06"",""run_id"":""c00e992d7bb54d65a2dd8f2b7440671c""}}"
442,42,"-26.983983300000002 , -49.1162763","-26.9389073 , -49.1615358",rural-urban,urban,2908,"{""sample_routes"":{""date"":""2026-10-06"",""run_id"":""002f04e819e34a14b2981e3357d791b8""},""join_samples"":{""date"":""2026-10-06"",""run_id"":""c00e992d7bb54d65a2dd8f2b7440671c""}}"
443,43,"-23.117092300000003 , -47.249784600000005","-22.8812862 , -47.0147695",urban-urban,urban,2491,"{""sample_routes"":{""date"":""2026-10-06"",""run_id"":""002f04e819e34a14b2981e3357d791b8""},""join_samples"":{""date"":""2026-10-06"",""run_id"":""c00e992d7bb54d65a2dd8f2b7440671c""}}"
444,44,"-23.652458000000003 , -46.430961800000006","-23.372062000000003 , -46.4315043",urban-rural,urban,2910,"{""sample_routes"":{""date"":""2026-10-06"",""run_id"":""002f04e819e34a14b2981e3357d791b8""},""join_samples"":{""date"":""2026-10-06"",""run_id"":""c00e992d7bb54d65a2dd8f2b7440671c""}}"
445,45,"-19.444823500000002 , -44.206701300000006","-19.696520500000002 , -43.9557172",urban-rural,urban,2487,"{""sample_routes"":{""date"":""2026-10-06"",""run_id"":""002f04e819e34a14b2981e3357d791b8""},""join_samples"":{""date"":""2026-10-06"",""run_id"":""c00e992d7bb54d65a2dd8f2b7440671c""}}"
446,46,"-22.940043000000003 , -47.0338033","-23.278053 , -47.03338",urban-rural,urban,2913,"{""sample_routes"":{""date"":""2026-10-06"",""run_id"":""002f04e819e34a14b2981e3357d791b8""},""join_samples"":{""date"":""2026-10-06"",""run_id"":""c00e992d7bb54d65a2dd8f2b7440671c""}}"
447,47,"-19.7769072 , -44.248132600000005","-20.0126443 , -44.0131858",rural-urban,urban,2923,"{""sample_routes"":{""date"":""2026-10-06"",""run_id"":""002f04e819e34a14b2981e3357d791b8""},""join_samples"":{""date"":""2026-10-06"",""run_id"":""c00e992d7bb54d65a2dd8f2b7440671c""}}"
448,48,"-22.884218200000003 , -43.292468400000004","-22.5993786 , -43.0071978",urban-rural,urban,2924,"{""sample_routes"":{""date"":""2026-10-06"",""run_id"":""002f04e819e34a14b2981e3357d791b8""},""join_samples"":{""date"":""2026-10-06"",""run_id"":""c00e992d7bb54d65a2dd8f2b7440671c""}}"
449,49,"-23.336448700000002 , -46.824945500000005","-23.5460393 , -47.0339297",urban-rural,urban,2927,"{""sample_routes"":{""date"":""2026-10-06"",""run_id"":""002f04e819e34a14b2981e3357d791b8""},""join_samples"":{""date"":""2026-10-06"",""run_id"":""c00e992d7bb54d65a2dd8f2b7440671c""}}"
450,50,"-23.191412500000002 , -49.766736400000006","-22.959103900000002 , -49.533978600000005",urban-urban,urban,2929,"{""sample_routes"":{""date"":""2026-10-06"",""run_id"":""002f04e819e34a14b2981e3357d791b8""},""join_samples"":{""date"":""2026-10-06"",""run_id"":""c00e992d7bb54d65a2dd8f2b7440671c""}}"
451,51,"-23.663790900000002 , -46.620423100000004","-23.663232 , -46.889842900000005",urban-rural,urban,2941,"{""sample_routes"":{""date"":""2026-10-06"",""run_id"":""002f04e819e34a14b2981e3357d791b8""},""join_samples"":{""date"":""2026-10-06"",""run_id"":""c00e992d7bb54d65a2dd8f2b7440671c""}}"
452,52,"-16.249381800000002 , -47.9515205","-15.790415900000001 , -47.9511957",urban-urban,urban,2943,"{""sample_routes"":{""date"":""2026-10-06"",""run_id"":""002f04e819e34a14b2981e3357d791b8""},""join_samples"":{""date"":""2026-10-06"",""run_id"":""c00e992d7bb54d65a2dd8f2b7440671c""}}"
453,53,"-23.0011149 , -46.8334081","-23.2781492 , -47.1100202",urban-rural,urban,2449,"{""sample_routes"":{""date"":""2026-10-06"",""run_id"":""002f04e819e34a14b2981e3357d791b8""},""join_samples"":{""date"":""2026-10-06"",""run_id"":""c00e992d7bb54d65a2dd8f2b7440671c""}}"
454,54,"-19.7865629 , -44.0021277","-20.015576300000003 , -44.002794400000006",urban-urban,urban,2448,"{""sample_routes"":{""date"":""2026-10-06"",""run_id"":""002f04e819e34a14b2981e3357d791b8""},""join_samples"":{""date"":""2026-10-06"",""run_id"":""c00e992d7bb54d65a2dd8f2b7440671c""}}"
455,55,"-19.4295753 , -44.197233700000005","-19.7032837 , -43.9238871",urban-urban,urban,2952,"{""sample_routes"":{""date"":""2026-10-06"",""run_id"":""002f04e819e34a14b2981e3357d791b8""},""join_samples"":{""date"":""2026-10-06"",""run_id"":""c00e992d7bb54d65a2dd8f2b7440671c""}}"
456,56,"-15.7933105 , -48.0645552","-16.1426552 , -48.0653036",urban-rural,urban,2958,"{""sample_routes"":{""date"":""2026-10-06"",""run_id"":""002f04e819e34a14b2981e3357d791b8""},""join_samples"":{""date"":""2026-10-06"",""run_id"":""c00e992d7bb54d65a2dd8f2b7440671c""}}"
457,57,"-23.5442098 , -46.3791579","-23.398997400000003 , -46.5243289",urban-urban,urban,2438,"{""sample_routes"":{""date"":""2026-10-06"",""run_id"":""002f04e819e34a14b2981e3357d791b8""},""join_samples"":{""date"":""2026-10-06"",""run_id"":""c00e992d7bb54d65a2dd8f2b7440671c""}}"
458,58,"-19.942655900000002 , -44.185856300000005","-20.0890045 , -44.0389095",urban-rural,urban,2964,"{""sample_routes"":{""date"":""2026-10-06"",""run_id"":""002f04e819e34a14b2981e3357d791b8""},""join_samples"":{""date"":""2026-10-06"",""run_id"":""c00e992d7bb54d65a2dd8f2b7440671c""}}"
459,59,"-16.6374287 , -49.2677939","-16.2844595 , -49.2684597",urban-rural,urban,2436,"{""sample_routes"":{""date"":""2026-10-06"",""run_id"":""002f04e819e34a14b2981e3357d791b8""},""join_samples"":{""date"":""2026-10-06"",""run_id"":""c00e992d7bb54d65a2dd8f2b7440671c""}}"
460,60,"-23.665830800000002 , -46.7710031","-23.3289419 , -46.770251200000004",urban-rural,urban,2972,"{""sample_routes"":{""date"":""2026-10-06"",""run_id"":""002f04e819e34a14b2981e3357d791b8""},""join_samples"":{""date"":""2026-10-06"",""run_id"":""c00e992d7bb54d65a2dd8f2b7440671c""}}"
461,61,"-8.383922100000001 , -35.321879700000004","-8.2311347 , -35.474405600000004",rural-urban,urban,2428,"{""sample_routes"":{""date"":""2026-10-06"",""run_id"":""002f04e819e34a14b2981e3357d791b8""},""join_samples"":{""date"":""2026-10-06"",""run_id"":""c00e992d7bb54d65a2dd8f2b7440671c""}}"
462,62,"-5.2853184 , -44.4954721","-5.5634229 , -44.2170981",urban-rural,urban,2973,"{""sample_routes"":{""date"":""2026-10-06"",""run_id"":""002f04e819e34a14b2981e3357d791b8""},""join_samples"":{""date"":""2026-10-06"",""run_id"":""c00e992d7bb54d65a2dd8f2b7440671c""}}"
463,63,"-15.815482600000001 , -47.9211613","-16.2665168 , -47.9206494",urban-urban,urban,2976,"{""sample_routes"":{""date"":""2026-10-06"",""run_id"":""002f04e819e34a14b2981e3357d791b8""},""join_samples"":{""date"":""2026-10-06"",""run_id"":""c00e992d7bb54d65a2dd8f2b7440671c""}}"
464,64,"-3.6841925000000004 , -38.658466100000005","-3.9347983 , -38.4071027",urban-urban,urban,2977,"{""sample_routes"":{""date"":""2026-10-06"",""run_id"":""002f04e819e34a14b2981e3357d791b8""},""join_samples"":{""date"":""2026-10-06"",""run_id"":""c00e992d7bb54d65a2dd8f2b7440671c""}}"
465,65,"-23.7375055 , -46.659091100000005","-23.6660749 , -46.588255600000004",urban-urban,urban,2979,"{""sample_routes"":{""date"":""2026-10-06"",""run_id"":""002f04e819e34a14b2981e3357d791b8""},""join_samples"":{""date"":""2026-10-06"",""run_id"":""c00e992d7bb54d65a2dd8f2b7440671c""}}"
466,66,"-22.4017869 , -41.811928900000005","-22.614349200000003 , -42.024138300000004",urban-urban,urban,2416,"{""sample_routes"":{""date"":""2026-10-06"",""run_id"":""002f04e819e34a14b2981e3357d791b8""},""join_samples"":{""date"":""2026-10-06"",""run_id"":""c00e992d7bb54d65a2dd8f2b7440671c""}}"
467,67,"-19.9889742 , -43.8701669","-19.720914200000003 , -44.1385397",urban-rural,urban,2986,"{""sample_routes"":{""date"":""2026-10-06"",""run_id"":""002f04e819e34a14b2981e3357d791b8""},""join_samples"":{""date"":""2026-10-06"",""run_id"":""c00e992d7bb54d65a2dd8f2b7440671c""}}"
468,68,"-9.6038121 , -35.760020700000005","-9.3128972 , -35.7607274",urban-rural,urban,2989,"{""sample_routes"":{""date"":""2026-10-06"",""run_id"":""002f04e819e34a14b2981e3357d791b8""},""join_samples"":{""date"":""2026-10-06"",""run_id"":""c00e992d7bb54d65a2dd8f2b7440671c""}}"
469,69,"-7.3519062 , -40.717504600000005","-7.672093200000001 , -40.3966744",rural-rural,urban,2993,"{""sample_routes"":{""date"":""2026-10-06"",""run_id"":""002f04e819e34a14b2981e3357d791b8""},""join_samples"":{""date"":""2026-10-06"",""run_id"":""c00e992d7bb54d65a2dd8f2b7440671c""}}"
470,70,"-15.7829025 , -47.8846494","-16.2676085 , -47.884159200000006",urban-urban,urban,2993,"{""sample_routes"":{""date"":""2026-10-06"",""run_id"":""002f04e819e34a14b2981e3357d791b8""},""join_samples"":{""date"":""2026-10-06"",""run_id"":""c00e992d7bb54d65a2dd8f2b7440671c""}}"
471,71,"-23.483901300000003 , -46.6449063","-23.7570672 , -46.9187129",urban-rural,urban,3002,"{""sample_routes"":{""date"":""2026-10-06"",""run_id"":""002f04e819e34a14b2981e3357d791b8""},""join_samples"":{""date"":""2026-10-06"",""run_id"":""c00e992d7bb54d65a2dd8f2b7440671c""}}"
472,72,"-23.483091700000003 , -46.806087000000005","-23.7513709 , -46.8063518",urban-urban,urban,3009,"{""sample_routes"":{""date"":""2026-10-06"",""run_id"":""002f04e819e34a14b2981e3357d791b8""},""join_samples"":{""date"":""2026-10-06"",""run_id"":""c00e992d7bb54d65a2dd8f2b7440671c""}}"
473,73,"-4.1598853 , -47.5449336","-4.4170226 , -47.801712200000004",urban-urban,urban,2391,"{""sample_routes"":{""date"":""2026-10-06"",""run_id"":""002f04e819e34a14b2981e3357d791b8""},""join_samples"":{""date"":""2026-10-06"",""run_id"":""c00e992d7bb54d65a2dd8f2b7440671c""}}"
474,74,"-23.6118077 , -46.7066085","-23.3990079 , -46.493959600000004",urban-urban,urban,3015,"{""sample_routes"":{""date"":""2026-10-06"",""run_id"":""002f04e819e34a14b2981e3357d791b8""},""join_samples"":{""date"":""2026-10-06"",""run_id"":""c00e992d7bb54d65a2dd8f2b7440671c""}}"
475,75,"-4.620151600000001 , -43.471391100000005","-4.7521462 , -43.340109600000005",urban-rural,urban,2382,"{""sample_routes"":{""date"":""2026-10-06"",""run_id"":""002f04e819e34a14b2981e3357d791b8""},""join_samples"":{""date"":""2026-10-06"",""run_id"":""c00e992d7bb54d65a2dd8f2b7440671c""}}"
476,76,"-23.2622724 , -45.829792100000006","-23.1221074 , -45.9700478",urban-rural,urban,2380,"{""sample_routes"":{""date"":""2026-10-06"",""run_id"":""002f04e819e34a14b2981e3357d791b8""},""join_samples"":{""date"":""2026-10-06"",""run_id"":""c00e992d7bb54d65a2dd8f2b7440671c""}}"
477,77,"-23.7501551 , -46.590244500000004","-23.7496887 , -46.657362400000004",urban-urban,urban,3020,"{""sample_routes"":{""date"":""2026-10-06"",""run_id"":""002f04e819e34a14b2981e3357d791b8""},""join_samples"":{""date"":""2026-10-06"",""run_id"":""c00e992d7bb54d65a2dd8f2b7440671c""}}"
478,78,"-23.670530600000003 , -46.7679744","-23.4715144 , -46.966945700000004",urban-rural,urban,3021,"{""sample_routes"":{""date"":""2026-10-06"",""run_id"":""002f04e819e34a14b2981e3357d791b8""},""join_samples"":{""date"":""2026-10-06"",""run_id"":""c00e992d7bb54d65a2dd8f2b7440671c""}}"
479,79,"-15.820790800000001 , -47.905859400000004","-15.820876900000002 , -48.297826400000005",urban-rural,urban,3024,"{""sample_routes"":{""date"":""2026-10-06"",""run_id"":""002f04e819e34a14b2981e3357d791b8""},""join_samples"":{""date"":""2026-10-06"",""run_id"":""c00e992d7bb54d65a2dd8f2b7440671c""}}"
480,80,"-30.0342175 , -51.239516800000004","-29.860499200000003 , -51.065043",urban-rural,urban,2376,"{""sample_routes"":{""date"":""2026-10-06"",""run_id"":""002f04e819e34a14b2981e3357d791b8""},""join_samples"":{""date"":""2026-10-06"",""run_id"":""c00e992d7bb54d65a2dd8f2b7440671c""}}"
481,81,"-23.6097912 , -46.6317795","-23.3674688 , -46.8743843",urban-rural,urban,3025,"{""sample_routes"":{""date"":""2026-10-06"",""run_id"":""002f04e819e34a14b2981e3357d791b8""},""join_samples"":{""date"":""2026-10-06"",""run_id"":""c00e992d7bb54d65a2dd8f2b7440671c""}}"
482,82,"-22.858830100000002 , -43.4827218","-22.5612818 , -43.1854723",urban-urban,urban,3026,"{""sample_routes"":{""date"":""2026-10-06"",""run_id"":""002f04e819e34a14b2981e3357d791b8""},""join_samples"":{""date"":""2026-10-06"",""run_id"":""c00e992d7bb54d65a2dd8f2b7440671c""}}"
483,83,"-23.0277692 , -47.1035613","-22.727891500000002 , -47.4040192",urban-urban,urban,3029,"{""sample_routes"":{""date"":""2026-10-06"",""run_id"":""002f04e819e34a14b2981e3357d791b8""},""join_samples"":{""date"":""2026-10-06"",""run_id"":""c00e992d7bb54d65a2dd8f2b7440671c""}}"
484,84,"-23.5510781 , -46.6835597","-23.551698700000003 , -47.055285600000005",urban-rural,urban,3033,"{""sample_routes"":{""date"":""2026-10-06"",""run_id"":""002f04e819e34a14b2981e3357d791b8""},""join_samples"":{""date"":""2026-10-06"",""run_id"":""c00e992d7bb54d65a2dd8f2b7440671c""}}"
485,85,"-19.5459563 , -44.144399500000006","-19.8297604 , -43.859917100000004",urban-rural,urban,3037,"{""sample_routes"":{""date"":""2026-10-06"",""run_id"":""002f04e819e34a14b2981e3357d791b8""},""join_samples"":{""date"":""2026-10-06"",""run_id"":""c00e992d7bb54d65a2dd8f2b7440671c""}}"
486,86,"-23.649444300000003 , -46.8478529","-23.4936593 , -47.0038142",rural-rural,urban,2363,"{""sample_routes"":{""date"":""2026-10-06"",""run_id"":""002f04e819e34a14b2981e3357d791b8""},""join_samples"":{""date"":""2026-10-06"",""run_id"":""c00e992d7bb54d65a2dd8f2b7440671c""}}"
487,87,"-22.8567509 , -43.3524175","-22.8573992 , -43.849421400000004",urban-rural,urban,3041,"{""sample_routes"":{""date"":""2026-10-06"",""run_id"":""002f04e819e34a14b2981e3357d791b8""},""join_samples"":{""date"":""2026-10-06"",""run_id"":""c00e992d7bb54d65a2dd8f2b7440671c""}}"
488,88,"-22.7032859 , -42.2636211","-22.9261328 , -42.4862419",rural-rural,urban,2357,"{""sample_routes"":{""date"":""2026-10-06"",""run_id"":""002f04e819e34a14b2981e3357d791b8""},""join_samples"":{""date"":""2026-10-06"",""run_id"":""c00e992d7bb54d65a2dd8f2b7440671c""}}"
489,89,"-16.638431100000002 , -49.224589400000006","-17.0341904 , -49.2238096",urban-urban,urban,2356,"{""sample_routes"":{""date"":""2026-10-06"",""run_id"":""002f04e819e34a14b2981e3357d791b8""},""join_samples"":{""date"":""2026-10-06"",""run_id"":""c00e992d7bb54d65a2dd8f2b7440671c""}}"
490,90,"-19.724262900000003 , -44.057702400000004","-20.0233423 , -44.058491200000006",rural-urban,urban,3045,"{""sample_routes"":{""date"":""2026-10-06"",""run_id"":""002f04e819e34a14b2981e3357d791b8""},""join_samples"":{""date"":""2026-10-06"",""run_id"":""c00e992d7bb54d65a2dd8f2b7440671c""}}"
491,91,"-23.3789272 , -46.615394300000006","-23.5674536 , -46.426428300000005",urban-urban,urban,3046,"{""sample_routes"":{""date"":""2026-10-06"",""run_id"":""002f04e819e34a14b2981e3357d791b8""},""join_samples"":{""date"":""2026-10-06"",""run_id"":""c00e992d7bb54d65a2dd8f2b7440671c""}}"
492,92,"-23.293512900000003 , -46.2342694","-23.5602658 , -46.5012404",urban-urban,urban,3054,"{""sample_routes"":{""date"":""2026-10-06"",""run_id"":""002f04e819e34a14b2981e3357d791b8""},""join_samples"":{""date"":""2026-10-06"",""run_id"":""c00e992d7bb54d65a2dd8f2b7440671c""}}"
493,93,"-23.4830852 , -46.664232500000004","-23.315764 , -46.664184600000006",urban-urban,urban,2346,"{""sample_routes"":{""date"":""2026-10-06"",""run_id"":""002f04e819e34a14b2981e3357d791b8""},""join_samples"":{""date"":""2026-10-06"",""run_id"":""c00e992d7bb54d65a2dd8f2b7440671c""}}"
494,94,"-15.933460600000002 , -47.951128000000004","-16.2538635 , -47.950521300000005",rural-urban,urban,3057,"{""sample_routes"":{""date"":""2026-10-06"",""run_id"":""002f04e819e34a14b2981e3357d791b8""},""join_samples"":{""date"":""2026-10-06"",""run_id"":""c00e992d7bb54d65a2dd8f2b7440671c""}}"
495,95,"-23.4858201 , -46.2849189","-23.7185121 , -46.518176800000006",urban-urban,urban,3057,"{""sample_routes"":{""date"":""2026-10-06"",""run_id"":""002f04e819e34a14b2981e3357d791b8""},""join_samples"":{""date"":""2026-10-06"",""run_id"":""c00e992d7bb54d65a2dd8f2b7440671c""}}"
496,96,"-29.6124058 , -51.158605400000006","-30.0133386 , -51.158905700000005",urban-urban,urban,3060,"{""sample_routes"":{""date"":""2026-10-06"",""run_id"":""002f04e819e34a14b2981e3357d791b8""},""join_samples"":{""date"":""2026-10-06"",""run_id"":""c00e992d7bb54d65a2dd8f2b7440671c""}}"
497,97,"-22.6685535 , -43.632009000000004","-22.879081300000003 , -43.421725200000004",urban-urban,urban,3061,"{""sample_routes"":{""date"":""2026-10-06"",""run_id"":""002f04e819e34a14b2981e3357d791b8""},""join_samples"":{""date"":""2026-10-06"",""run_id"":""c00e992d7bb54d65a2dd8f2b7440671c""}}"
498,98,"-20.372029 , -40.415612200000005","-20.1415022 , -40.185481800000005",urban-urban,urban,3062,"{""sample_routes"":{""date"":""2026-10-06"",""run_id"":""002f04e819e34a14b2981e3357d791b8""},""join_samples"":{""date"":""2026-10-06"",""run_id"":""c00e992d7bb54d65a2dd8f2b7440671c""}}"
499,99,"-3.6845732000000004 , -42.824102200000006","-3.4102207 , -42.550242000000004",rural-rural,urban,3063,"{""sample_routes"":{""date"":""2026-10-06"",""run_id"":""002f04e819e34a14b2981e3357d791b8""},""join_samples"":{""date"":""2026-10-06"",""run_id"":""c00e992d7bb54d65a2dd8f2b7440671c""}}"
500,100,"-22.948688100000002 , -43.3754123","-22.7005467 , -43.6233683",urban-urban,urban,3065,"{""sample_routes"":{""date"":""2026-10-06"",""run_id"":""002f04e819e34a14b2981e3357d791b8""},""join_samples"":{""date"":""2026-10-06"",""run_id"":""c00e992d7bb54d65a2dd8f2b7440671c""}}"
501,101,"-23.4449873 , -46.5927452","-23.281155000000002 , -46.756077100000006",urban-urban,urban,3066,"{""sample_routes"":{""date"":""2026-10-06"",""run_id"":""002f04e819e34a14b2981e3357d791b8""},""join_samples"":{""date"":""2026-10-06"",""run_id"":""c00e992d7bb54d65a2dd8f2b7440671c""}}"
502,102,"-22.807195200000002 , -43.398969400000006","-22.9978453 , -43.5902728",urban-rural,urban,3068,"{""sample_routes"":{""date"":""2026-10-06"",""run_id"":""002f04e819e34a14b2981e3357d791b8""},""join_samples"":{""date"":""2026-10-06"",""run_id"":""c00e992d7bb54d65a2dd8f2b7440671c""}}"
503,103,"-23.6759625 , -46.695287300000004","-23.454861100000002 , -46.473894900000005",urban-urban,urban,3068,"{""sample_routes"":{""date"":""2026-10-06"",""run_id"":""002f04e819e34a14b2981e3357d791b8""},""join_samples"":{""date"":""2026-10-06"",""run_id"":""c00e992d7bb54d65a2dd8f2b7440671c""}}"
504,104,"-22.8289021 , -47.2017698","-23.160869100000003 , -47.201761000000005",urban-rural,urban,2329,"{""sample_routes"":{""date"":""2026-10-06"",""run_id"":""002f04e819e34a14b2981e3357d791b8""},""join_samples"":{""date"":""2026-10-06"",""run_id"":""c00e992d7bb54d65a2dd8f2b7440671c""}}"
505,105,"-23.692322700000002 , -46.712068300000006","-23.3673457 , -46.7121398",urban-rural,urban,3071,"{""sample_routes"":{""date"":""2026-10-06"",""run_id"":""002f04e819e34a14b2981e3357d791b8""},""join_samples"":{""date"":""2026-10-06"",""run_id"":""c00e992d7bb54d65a2dd8f2b7440671c""}}"
506,106,"-19.7061689 , -44.2129084","-19.9355802 , -44.2126255",rural-urban,urban,3071,"{""sample_routes"":{""date"":""2026-10-06"",""run_id"":""002f04e819e34a14b2981e3357d791b8""},""join_samples"":{""date"":""2026-10-06"",""run_id"":""c00e992d7bb54d65a2dd8f2b7440671c""}}"
507,107,"-23.508899900000003 , -46.3903674","-23.5097145 , -46.8514343",urban-urban,urban,3075,"{""sample_routes"":{""date"":""2026-10-06"",""run_id"":""002f04e819e34a14b2981e3357d791b8""},""join_samples"":{""date"":""2026-10-06"",""run_id"":""c00e992d7bb54d65a2dd8f2b7440671c""}}"
508,108,"-23.501280400000002 , -46.812301600000005","-23.783084900000002 , -46.5306793",urban-rural,urban,3075,"{""sample_routes"":{""date"":""2026-10-06"",""run_id"":""002f04e819e34a14b2981e3357d791b8""},""join_samples"":{""date"":""2026-10-06"",""run_id"":""c00e992d7bb54d65a2dd8f2b7440671c""}}"
509,109,"-19.757608700000002 , -43.8476882","-20.031172400000003 , -44.121048900000005",urban-urban,urban,3076,"{""sample_routes"":{""date"":""2026-10-06"",""run_id"":""002f04e819e34a14b2981e3357d791b8""},""join_samples"":{""date"":""2026-10-06"",""run_id"":""c00e992d7bb54d65a2dd8f2b7440671c""}}"
510,110,"-23.445207800000002 , -46.438442200000004","-23.4455417 , -46.893585300000005",urban-urban,urban,3077,"{""sample_routes"":{""date"":""2026-10-06"",""run_id"":""002f04e819e34a14b2981e3357d791b8""},""join_samples"":{""date"":""2026-10-06"",""run_id"":""c00e992d7bb54d65a2dd8f2b7440671c""}}"
511,111,"-23.536316000000003 , -46.924887500000004","-23.691100000000002 , -46.7698778",urban-urban,urban,3077,"{""sample_routes"":{""date"":""2026-10-06"",""run_id"":""002f04e819e34a14b2981e3357d791b8""},""join_samples"":{""date"":""2026-10-06"",""run_id"":""c00e992d7bb54d65a2dd8f2b7440671c""}}"
512,112,"-29.749833700000003 , -51.1062615","-30.069486800000004 , -51.106278200000006",urban-urban,urban,3077,"{""sample_routes"":{""date"":""2026-10-06"",""run_id"":""002f04e819e34a14b2981e3357d791b8""},""join_samples"":{""date"":""2026-10-06"",""run_id"":""c00e992d7bb54d65a2dd8f2b7440671c""}}"
513,113,"-23.6476286 , -46.343470200000006","-23.471005100000003 , -46.519767800000004",rural-urban,urban,3080,"{""sample_routes"":{""date"":""2026-10-06"",""run_id"":""002f04e819e34a14b2981e3357d791b8""},""join_samples"":{""date"":""2026-10-06"",""run_id"":""c00e992d7bb54d65a2dd8f2b7440671c""}}"
514,114,"-23.6738813 , -46.4826308","-23.483738600000002 , -46.672496800000005",urban-urban,urban,3081,"{""sample_routes"":{""date"":""2026-10-06"",""run_id"":""002f04e819e34a14b2981e3357d791b8""},""join_samples"":{""date"":""2026-10-06"",""run_id"":""c00e992d7bb54d65a2dd8f2b7440671c""}}"
515,115,"-23.5035932 , -46.5064001","-23.502840600000003 , -46.984537",urban-rural,urban,3081,"{""sample_routes"":{""date"":""2026-10-06"",""run_id"":""002f04e819e34a14b2981e3357d791b8""},""join_samples"":{""date"":""2026-10-06"",""run_id"":""c00e992d7bb54d65a2dd8f2b7440671c""}}"
516,116,"-23.420874 , -46.8916124","-23.653789300000003 , -46.6587648",urban-urban,urban,3081,"{""sample_routes"":{""date"":""2026-10-06"",""run_id"":""002f04e819e34a14b2981e3357d791b8""},""join_samples"":{""date"":""2026-10-06"",""run_id"":""c00e992d7bb54d65a2dd8f2b7440671c""}}"
517,117,"-30.015725300000003 , -51.051690400000005","-29.646578400000003 , -51.0518146",urban-rural,urban,3082,"{""sample_routes"":{""date"":""2026-10-06"",""run_id"":""002f04e819e34a14b2981e3357d791b8""},""join_samples"":{""date"":""2026-10-06"",""run_id"":""c00e992d7bb54d65a2dd8f2b7440671c""}}"
518,118,"-23.2012512 , -46.823385200000004","-22.8897738 , -47.134079500000006",urban-urban,urban,3082,"{""sample_routes"":{""date"":""2026-10-06"",""run_id"":""002f04e819e34a14b2981e3357d791b8""},""join_samples"":{""date"":""2026-10-06"",""run_id"":""c00e992d7bb54d65a2dd8f2b7440671c""}}"
519,119,"-23.8373837 , -46.665363400000004","-23.5896776 , -46.6647483",rural-urban,urban,3082,"{""sample_routes"":{""date"":""2026-10-06"",""run_id"":""002f04e819e34a14b2981e3357d791b8""},""join_samples"":{""date"":""2026-10-06"",""run_id"":""c00e992d7bb54d65a2dd8f2b7440671c""}}"
520,120,"-23.306213300000003 , -46.586440800000005","-23.5392031 , -46.8197898",rural-urban,urban,3082,"{""sample_routes"":{""date"":""2026-10-06"",""run_id"":""002f04e819e34a14b2981e3357d791b8""},""join_samples"":{""date"":""2026-10-06"",""run_id"":""c00e992d7bb54d65a2dd8f2b7440671c""}}"
521,121,"-23.7669023 , -46.6954818","-23.6356663 , -46.8267144",urban-urban,urban,3084,"{""sample_routes"":{""date"":""2026-10-06"",""run_id"":""002f04e819e34a14b2981e3357d791b8""},""join_samples"":{""date"":""2026-10-06"",""run_id"":""c00e992d7bb54d65a2dd8f2b7440671c""}}"
522,122,"-23.638834900000003 , -46.5517678","-23.414323200000002 , -46.5523157",urban-urban,urban,3084,"{""sample_routes"":{""date"":""2026-10-06"",""run_id"":""002f04e819e34a14b2981e3357d791b8""},""join_samples"":{""date"":""2026-10-06"",""run_id"":""c00e992d7bb54d65a2dd8f2b7440671c""}}"
523,123,"-22.717707100000002 , -43.537131300000006","-22.9940542 , -43.2605888",urban-urban,urban,3084,"{""sample_routes"":{""date"":""2026-10-06"",""run_id"":""002f04e819e34a14b2981e3357d791b8""},""join_samples"":{""date"":""2026-10-06"",""run_id"":""c00e992d7bb54d65a2dd8f2b7440671c""}}"
524,124,"-22.5695708 , -43.0604169","-22.857756900000002 , -43.3482925",urban-urban,urban,3085,"{""sample_routes"":{""date"":""2026-10-06"",""run_id"":""002f04e819e34a14b2981e3357d791b8""},""join_samples"":{""date"":""2026-10-06"",""run_id"":""c00e992d7bb54d65a2dd8f2b7440671c""}}"
525,125,"-29.6905925 , -51.234525600000005","-30.085080800000004 , -51.233964500000006",urban-urban,urban,3087,"{""sample_routes"":{""date"":""2026-10-06"",""run_id"":""002f04e819e34a14b2981e3357d791b8""},""join_samples"":{""date"":""2026-10-06"",""run_id"":""c00e992d7bb54d65a2dd8f2b7440671c""}}"
526,126,"-23.5975286 , -46.965628","-23.7202191 , -46.842399300000004",rural-urban,urban,2313,"{""sample_routes"":{""date"":""2026-10-06"",""run_id"":""002f04e819e34a14b2981e3357d791b8""},""join_samples"":{""date"":""2026-10-06"",""run_id"":""c00e992d7bb54d65a2dd8f2b7440671c""}}"
527,127,"-22.8537736 , -47.057276800000004","-23.251003200000003 , -47.057922700000006",urban-urban,urban,3087,"{""sample_routes"":{""date"":""2026-10-06"",""run_id"":""002f04e819e34a14b2981e3357d791b8""},""join_samples"":{""date"":""2026-10-06"",""run_id"":""c00e992d7bb54d65a2dd8f2b7440671c""}}"
528,128,"-23.5750643 , -46.3366855","-23.57581 , -46.5792665",urban-urban,urban,3087,"{""sample_routes"":{""date"":""2026-10-06"",""run_id"":""002f04e819e34a14b2981e3357d791b8""},""join_samples"":{""date"":""2026-10-06"",""run_id"":""c00e992d7bb54d65a2dd8f2b7440671c""}}"
529,129,"-23.573443700000002 , -46.564418","-23.5742058 , -46.9813307",urban-rural,urban,3088,"{""sample_routes"":{""date"":""2026-10-06"",""run_id"":""002f04e819e34a14b2981e3357d791b8""},""join_samples"":{""date"":""2026-10-06"",""run_id"":""c00e992d7bb54d65a2dd8f2b7440671c""}}"
530,130,"-23.6578161 , -46.4336702","-23.6584003 , -46.690497900000004",urban-urban,urban,3090,"{""sample_routes"":{""date"":""2026-10-06"",""run_id"":""002f04e819e34a14b2981e3357d791b8""},""join_samples"":{""date"":""2026-10-06"",""run_id"":""c00e992d7bb54d65a2dd8f2b7440671c""}}"
531,131,"-23.426910600000003 , -47.2227587","-23.251040300000003 , -47.0466963",rural-urban,urban,3090,"{""sample_routes"":{""date"":""2026-10-06"",""run_id"":""002f04e819e34a14b2981e3357d791b8""},""join_samples"":{""date"":""2026-10-06"",""run_id"":""c00e992d7bb54d65a2dd8f2b7440671c""}}"
532,132,"-16.7349506 , -49.196062000000005","-16.4946477 , -49.436969600000005",urban-urban,urban,3092,"{""sample_routes"":{""date"":""2026-10-06"",""run_id"":""002f04e819e34a14b2981e3357d791b8""},""join_samples"":{""date"":""2026-10-06"",""run_id"":""c00e992d7bb54d65a2dd8f2b7440671c""}}"
533,133,"-22.845064800000003 , -43.049533800000006","-22.845286100000003 , -43.525954500000005",urban-urban,urban,3092,"{""sample_routes"":{""date"":""2026-10-06"",""run_id"":""002f04e819e34a14b2981e3357d791b8""},""join_samples"":{""date"":""2026-10-06"",""run_id"":""c00e992d7bb54d65a2dd8f2b7440671c""}}"
534,134,"-23.6449299 , -46.713064200000005","-23.4093765 , -46.476827",urban-urban,urban,3095,"{""sample_routes"":{""date"":""2026-10-06"",""run_id"":""002f04e819e34a14b2981e3357d791b8""},""join_samples"":{""date"":""2026-10-06"",""run_id"":""c00e992d7bb54d65a2dd8f2b7440671c""}}"
535,135,"-23.4486913 , -46.583412800000005","-23.447993 , -46.9225596",urban-urban,urban,3097,"{""sample_routes"":{""date"":""2026-10-06"",""run_id"":""002f04e819e34a14b2981e3357d791b8""},""join_samples"":{""date"":""2026-10-06"",""run_id"":""c00e992d7bb54d65a2dd8f2b7440671c""}}"
536,136,"-23.4256205 , -46.308345200000005","-23.424944800000002 , -46.725526200000004",urban-urban,urban,3097,"{""sample_routes"":{""date"":""2026-10-06"",""run_id"":""002f04e819e34a14b2981e3357d791b8""},""join_samples"":{""date"":""2026-10-06"",""run_id"":""c00e992d7bb54d65a2dd8f2b7440671c""}}"
537,137,"-23.467000900000002 , -46.6780704","-23.696735500000003 , -46.907283400000004",urban-rural,urban,3098,"{""sample_routes"":{""date"":""2026-10-06"",""run_id"":""002f04e819e34a14b2981e3357d791b8""},""join_samples"":{""date"":""2026-10-06"",""run_id"":""c00e992d7bb54d65a2dd8f2b7440671c""}}"
538,138,"-23.4431295 , -46.5769837","-23.442862 , -47.069791900000006",urban-urban,urban,3098,"{""sample_routes"":{""date"":""2026-10-06"",""run_id"":""002f04e819e34a14b2981e3357d791b8""},""join_samples"":{""date"":""2026-10-06"",""run_id"":""c00e992d7bb54d65a2dd8f2b7440671c""}}"
539,139,"-23.8615147 , -46.573582300000005","-23.690588700000003 , -46.7444685",rural-urban,urban,3098,"{""sample_routes"":{""date"":""2026-10-06"",""run_id"":""002f04e819e34a14b2981e3357d791b8""},""join_samples"":{""date"":""2026-10-06"",""run_id"":""c00e992d7bb54d65a2dd8f2b7440671c""}}"
540,140,"-29.6549909 , -51.1922067","-30.0534646 , -51.1923863",urban-urban,urban,3098,"{""sample_routes"":{""date"":""2026-10-06"",""run_id"":""002f04e819e34a14b2981e3357d791b8""},""join_samples"":{""date"":""2026-10-06"",""run_id"":""c00e992d7bb54d65a2dd8f2b7440671c""}}"
541,141,"-29.668399 , -51.1480923","-30.0605033 , -51.1486747",urban-urban,urban,3099,"{""sample_routes"":{""date"":""2026-10-06"",""run_id"":""002f04e819e34a14b2981e3357d791b8""},""join_samples"":{""date"":""2026-10-06"",""run_id"":""c00e992d7bb54d65a2dd8f2b7440671c""}}"
542,142,"-22.838130000000003 , -47.2348353","-23.1631068 , -46.9106401",rural-urban,urban,3100,"{""sample_routes"":{""date"":""2026-10-06"",""run_id"":""002f04e819e34a14b2981e3357d791b8""},""join_samples"":{""date"":""2026-10-06"",""run_id"":""c00e992d7bb54d65a2dd8f2b7440671c""}}"
543,143,"-23.540370600000003 , -46.302022","-23.540593100000002 , -46.7292155",urban-urban,urban,3103,"{""sample_routes"":{""date"":""2026-10-06"",""run_id"":""002f04e819e34a14b2981e3357d791b8""},""join_samples"":{""date"":""2026-10-06"",""run_id"":""c00e992d7bb54d65a2dd8f2b7440671c""}}"
544,144,"-23.4574076 , -46.3382748","-23.6126925 , -46.493806500000005",urban-urban,urban,3103,"{""sample_routes"":{""date"":""2026-10-06"",""run_id"":""002f04e819e34a14b2981e3357d791b8""},""join_samples"":{""date"":""2026-10-06"",""run_id"":""c00e992d7bb54d65a2dd8f2b7440671c""}}"
545,145,"-22.9252138 , -43.3905204","-22.925712100000002 , -43.9057151",urban-rural,urban,3103,"{""sample_routes"":{""date"":""2026-10-06"",""run_id"":""002f04e819e34a14b2981e3357d791b8""},""join_samples"":{""date"":""2026-10-06"",""run_id"":""c00e992d7bb54d65a2dd8f2b7440671c""}}"
546,146,"-23.667598 , -46.480768600000005","-23.461695000000002 , -46.687442000000004",urban-urban,urban,3103,"{""sample_routes"":{""date"":""2026-10-06"",""run_id"":""002f04e819e34a14b2981e3357d791b8""},""join_samples"":{""date"":""2026-10-06"",""run_id"":""c00e992d7bb54d65a2dd8f2b7440671c""}}"
547,147,"-23.503911000000002 , -46.1941798","-23.5043021 , -46.652617600000006",urban-urban,urban,3104,"{""sample_routes"":{""date"":""2026-10-06"",""run_id"":""002f04e819e34a14b2981e3357d791b8""},""join_samples"":{""date"":""2026-10-06"",""run_id"":""c00e992d7bb54d65a2dd8f2b7440671c""}}"
548,148,"-23.5291901 , -46.468119200000004","-23.5298722 , -46.9063425",urban-urban,urban,3104,"{""sample_routes"":{""date"":""2026-10-06"",""run_id"":""002f04e819e34a14b2981e3357d791b8""},""join_samples"":{""date"":""2026-10-06"",""run_id"":""c00e992d7bb54d65a2dd8f2b7440671c""}}"
549,149,"-23.623564000000002 , -46.762329300000005","-23.463861400000003 , -46.6028868",urban-urban,urban,3105,"{""sample_routes"":{""date"":""2026-10-06"",""run_id"":""002f04e819e34a14b2981e3357d791b8""},""join_samples"":{""date"":""2026-10-06"",""run_id"":""c00e992d7bb54d65a2dd8f2b7440671c""}}"
550,150,"-23.3572281 , -47.9169357","-23.045882900000002 , -47.605526700000006",rural-rural,mixed,2699,"{""sample_routes"":{""date"":""2026-10-06"",""run_id"":""002f04e819e34a14b2981e3357d791b8""},""join_samples"":{""date"":""2026-10-06"",""run_id"":""c00e992d7bb54d65a2dd8f2b7440671c""}}"
551,151,"-15.660783 , -48.201242","-15.9911635 , -48.2004394",urban-rural,mixed,2704,"{""sample_routes"":{""date"":""2026-10-06"",""run_id"":""002f04e819e34a14b2981e3357d791b8""},""join_samples"":{""date"":""2026-10-06"",""run_id"":""c00e992d7bb54d65a2dd8f2b7440671c""}}"
552,152,"-14.426441500000001 , -49.7037411","-14.4270762 , -49.960284200000004",urban-rural,mixed,2696,"{""sample_routes"":{""date"":""2026-10-06"",""run_id"":""002f04e819e34a14b2981e3357d791b8""},""join_samples"":{""date"":""2026-10-06"",""run_id"":""c00e992d7bb54d65a2dd8f2b7440671c""}}"
553,153,"-22.5775481 , -46.6835036","-22.5774715 , -46.868808800000004",rural-rural,mixed,2695,"{""sample_routes"":{""date"":""2026-10-06"",""run_id"":""002f04e819e34a14b2981e3357d791b8""},""join_samples"":{""date"":""2026-10-06"",""run_id"":""c00e992d7bb54d65a2dd8f2b7440671c""}}"
554,154,"-31.2678307 , -52.6789817","-31.550118400000002 , -52.678255500000006",rural-rural,mixed,2690,"{""sample_routes"":{""date"":""2026-10-06"",""run_id"":""002f04e819e34a14b2981e3357d791b8""},""join_samples"":{""date"":""2026-10-06"",""run_id"":""c00e992d7bb54d65a2dd8f2b7440671c""}}"
555,155,"-19.3437081 , -44.169268300000006","-19.6069962 , -44.1697323",rural-rural,mixed,2715,"{""sample_routes"":{""date"":""2026-10-06"",""run_id"":""002f04e819e34a14b2981e3357d791b8""},""join_samples"":{""date"":""2026-10-06"",""run_id"":""c00e992d7bb54d65a2dd8f2b7440671c""}}"
556,156,"-14.258928200000001 , -40.205251000000004","-14.147080200000001 , -40.3176999",rural-rural,mixed,2717,"{""sample_routes"":{""date"":""2026-10-06"",""run_id"":""002f04e819e34a14b2981e3357d791b8""},""join_samples"":{""date"":""2026-10-06"",""run_id"":""c00e992d7bb54d65a2dd8f2b7440671c""}}"
557,157,"-10.905859600000001 , -37.0312415","-10.7000545 , -37.237844700000004",urban-rural,mixed,2722,"{""sample_routes"":{""date"":""2026-10-06"",""run_id"":""002f04e819e34a14b2981e3357d791b8""},""join_samples"":{""date"":""2026-10-06"",""run_id"":""c00e992d7bb54d65a2dd8f2b7440671c""}}"
558,158,"-15.609974900000001 , -56.0257901","-15.3632807 , -56.026454",urban-rural,mixed,2730,"{""sample_routes"":{""date"":""2026-10-06"",""run_id"":""002f04e819e34a14b2981e3357d791b8""},""join_samples"":{""date"":""2026-10-06"",""run_id"":""c00e992d7bb54d65a2dd8f2b7440671c""}}"
559,159,"-19.9768036 , -40.4072669","-20.3851476 , -40.4074717",rural-rural,mixed,2731,"{""sample_routes"":{""date"":""2026-10-06"",""run_id"":""002f04e819e34a14b2981e3357d791b8""},""join_samples"":{""date"":""2026-10-06"",""run_id"":""c00e992d7bb54d65a2dd8f2b7440671c""}}"
560,160,"-11.523621 , -61.92602900000001","-11.7260787 , -61.723294300000006",rural-rural,mixed,2667,"{""sample_routes"":{""date"":""2026-10-06"",""run_id"":""002f04e819e34a14b2981e3357d791b8""},""join_samples"":{""date"":""2026-10-06"",""run_id"":""c00e992d7bb54d65a2dd8f2b7440671c""}}"
561,161,"-22.896015400000003 , -46.3839769","-22.5768053 , -46.0655075",rural-urban,mixed,2734,"{""sample_routes"":{""date"":""2026-10-06"",""run_id"":""002f04e819e34a14b2981e3357d791b8""},""join_samples"":{""date"":""2026-10-06"",""run_id"":""c00e992d7bb54d65a2dd8f2b7440671c""}}"
562,162,"-9.542975 , -36.470661500000006","-9.734367800000001 , -36.2799132",rural-rural,mixed,2666,"{""sample_routes"":{""date"":""2026-10-06"",""run_id"":""002f04e819e34a14b2981e3357d791b8""},""join_samples"":{""date"":""2026-10-06"",""run_id"":""c00e992d7bb54d65a2dd8f2b7440671c""}}"
563,163,"-22.6841477 , -43.353086100000006","-22.6847181 , -43.813193600000005",urban-rural,mixed,2659,"{""sample_routes"":{""date"":""2026-10-06"",""run_id"":""002f04e819e34a14b2981e3357d791b8""},""join_samples"":{""date"":""2026-10-06"",""run_id"":""c00e992d7bb54d65a2dd8f2b7440671c""}}"
564,164,"-21.3020046 , -46.7991655","-21.4620341 , -46.6389772",urban-rural,mixed,2743,"{""sample_routes"":{""date"":""2026-10-06"",""run_id"":""002f04e819e34a14b2981e3357d791b8""},""join_samples"":{""date"":""2026-10-06"",""run_id"":""c00e992d7bb54d65a2dd8f2b7440671c""}}"
565,165,"-5.0761599 , -42.7395841","-5.372722 , -42.739927800000004",urban-rural,mixed,2744,"{""sample_routes"":{""date"":""2026-10-06"",""run_id"":""002f04e819e34a14b2981e3357d791b8""},""join_samples"":{""date"":""2026-10-06"",""run_id"":""c00e992d7bb54d65a2dd8f2b7440671c""}}"
566,166,"-22.1069885 , -48.992638400000004","-22.5074815 , -48.9933264",rural-rural,mixed,2750,"{""sample_routes"":{""date"":""2026-10-06"",""run_id"":""002f04e819e34a14b2981e3357d791b8""},""join_samples"":{""date"":""2026-10-06"",""run_id"":""c00e992d7bb54d65a2dd8f2b7440671c""}}"
567,167,"-7.9058516 , -34.8814027","-7.742903200000001 , -35.045092600000004",urban-rural,mixed,2649,"{""sample_routes"":{""date"":""2026-10-06"",""run_id"":""002f04e819e34a14b2981e3357d791b8""},""join_samples"":{""date"":""2026-10-06"",""run_id"":""c00e992d7bb54d65a2dd8f2b7440671c""}}"
568,168,"-21.8665603 , -47.276728000000006","-21.636524 , -47.047094200000004",rural-rural,mixed,2644,"{""sample_routes"":{""date"":""2026-10-06"",""run_id"":""002f04e819e34a14b2981e3357d791b8""},""join_samples"":{""date"":""2026-10-06"",""run_id"":""c00e992d7bb54d65a2dd8f2b7440671c""}}"
569,169,"-7.8341662 , -35.275041300000005","-8.071925700000001 , -35.036577900000005",urban-rural,mixed,2643,"{""sample_routes"":{""date"":""2026-10-06"",""run_id"":""002f04e819e34a14b2981e3357d791b8""},""join_samples"":{""date"":""2026-10-06"",""run_id"":""c00e992d7bb54d65a2dd8f2b7440671c""}}"
570,170,"-26.4895229 , -49.096687200000005","-26.632134 , -49.2399824",urban-rural,mixed,2642,"{""sample_routes"":{""date"":""2026-10-06"",""run_id"":""002f04e819e34a14b2981e3357d791b8""},""join_samples"":{""date"":""2026-10-06"",""run_id"":""c00e992d7bb54d65a2dd8f2b7440671c""}}"
571,171,"-12.597092 , -39.1434301","-12.786633100000001 , -38.9533366",rural-rural,mixed,2642,"{""sample_routes"":{""date"":""2026-10-06"",""run_id"":""002f04e819e34a14b2981e3357d791b8""},""join_samples"":{""date"":""2026-10-06"",""run_id"":""c00e992d7bb54d65a2dd8f2b7440671c""}}"
572,172,"-23.2012512 , -46.823385200000004","-22.944847300000003 , -47.0801497",urban-urban,mixed,2761,"{""sample_routes"":{""date"":""2026-10-06"",""run_id"":""002f04e819e34a14b2981e3357d791b8""},""join_samples"":{""date"":""2026-10-06"",""run_id"":""c00e992d7bb54d65a2dd8f2b7440671c""}}"
573,173,"-22.600458500000002 , -44.5032328","-22.5284131 , -44.575093200000005",rural-urban,mixed,2766,"{""sample_routes"":{""date"":""2026-10-06"",""run_id"":""002f04e819e34a14b2981e3357d791b8""},""join_samples"":{""date"":""2026-10-06"",""run_id"":""c00e992d7bb54d65a2dd8f2b7440671c""}}"
574,174,"-26.9018738 , -49.097237400000004","-26.705015600000003 , -48.9010048",urban-rural,mixed,2766,"{""sample_routes"":{""date"":""2026-10-06"",""run_id"":""002f04e819e34a14b2981e3357d791b8""},""join_samples"":{""date"":""2026-10-06"",""run_id"":""c00e992d7bb54d65a2dd8f2b7440671c""}}"
575,175,"-20.178616 , -50.058914","-20.178787 , -50.4251488",rural-rural,mixed,2625,"{""sample_routes"":{""date"":""2026-10-06"",""run_id"":""002f04e819e34a14b2981e3357d791b8""},""join_samples"":{""date"":""2026-10-06"",""run_id"":""c00e992d7bb54d65a2dd8f2b7440671c""}}"
576,176,"-13.5331892 , -42.483427500000005","-13.8043388 , -42.483198300000005",rural-rural,mixed,2623,"{""sample_routes"":{""date"":""2026-10-06"",""run_id"":""002f04e819e34a14b2981e3357d791b8""},""join_samples"":{""date"":""2026-10-06"",""run_id"":""c00e992d7bb54d65a2dd8f2b7440671c""}}"
577,177,"-13.005282800000002 , -38.474076700000005","-12.657678500000001 , -38.4747058",urban-rural,mixed,2621,"{""sample_routes"":{""date"":""2026-10-06"",""run_id"":""002f04e819e34a14b2981e3357d791b8""},""join_samples"":{""date"":""2026-10-06"",""run_id"":""c00e992d7bb54d65a2dd8f2b7440671c""}}"
578,178,"-26.936039100000002 , -48.9468625","-27.1678409 , -48.9464631",urban-rural,mixed,2780,"{""sample_routes"":{""date"":""2026-10-06"",""run_id"":""002f04e819e34a14b2981e3357d791b8""},""join_samples"":{""date"":""2026-10-06"",""run_id"":""c00e992d7bb54d65a2dd8f2b7440671c""}}"
579,179,"-22.6728874 , -48.544507800000005","-22.867617000000003 , -48.349006200000005",rural-rural,mixed,2782,"{""sample_routes"":{""date"":""2026-10-06"",""run_id"":""002f04e819e34a14b2981e3357d791b8""},""join_samples"":{""date"":""2026-10-06"",""run_id"":""c00e992d7bb54d65a2dd8f2b7440671c""}}"
580,180,"-19.8865534 , -43.951186500000006","-19.559896300000002 , -43.951315300000005",urban-rural,mixed,2617,"{""sample_routes"":{""date"":""2026-10-06"",""run_id"":""002f04e819e34a14b2981e3357d791b8""},""join_samples"":{""date"":""2026-10-06"",""run_id"":""c00e992d7bb54d65a2dd8f2b7440671c""}}"
581,181,"-20.531695900000003 , -47.424371400000005","-20.7643917 , -47.1911703",urban-rural,mixed,2615,"{""sample_routes"":{""date"":""2026-10-06"",""run_id"":""002f04e819e34a14b2981e3357d791b8""},""join_samples"":{""date"":""2026-10-06"",""run_id"":""c00e992d7bb54d65a2dd8f2b7440671c""}}"
582,182,"-27.0623684 , -48.594119600000006","-27.2850579 , -48.8162443",rural-rural,mixed,2785,"{""sample_routes"":{""date"":""2026-10-06"",""run_id"":""002f04e819e34a14b2981e3357d791b8""},""join_samples"":{""date"":""2026-10-06"",""run_id"":""c00e992d7bb54d65a2dd8f2b7440671c""}}"
583,183,"-19.961862 , -44.0633716","-20.2139384 , -44.3147171",urban-rural,mixed,2790,"{""sample_routes"":{""date"":""2026-10-06"",""run_id"":""002f04e819e34a14b2981e3357d791b8""},""join_samples"":{""date"":""2026-10-06"",""run_id"":""c00e992d7bb54d65a2dd8f2b7440671c""}}"
584,184,"-16.0375678 , -44.4636982","-16.184106500000002 , -44.3166043",rural-rural,mixed,2795,"{""sample_routes"":{""date"":""2026-10-06"",""run_id"":""002f04e819e34a14b2981e3357d791b8""},""join_samples"":{""date"":""2026-10-06"",""run_id"":""c00e992d7bb54d65a2dd8f2b7440671c""}}"
585,185,"-20.7528688 , -42.880661800000006","-20.9388329 , -43.066028100000004",urban-rural,mixed,2798,"{""sample_routes"":{""date"":""2026-10-06"",""run_id"":""002f04e819e34a14b2981e3357d791b8""},""join_samples"":{""date"":""2026-10-06"",""run_id"":""c00e992d7bb54d65a2dd8f2b7440671c""}}"
586,186,"-7.6826144 , -39.759838","-7.6822343 , -40.0229761",rural-rural,mixed,2601,"{""sample_routes"":{""date"":""2026-10-06"",""run_id"":""002f04e819e34a14b2981e3357d791b8""},""join_samples"":{""date"":""2026-10-06"",""run_id"":""c00e992d7bb54d65a2dd8f2b7440671c""}}"
587,187,"-12.938542400000001 , -38.4049691","-12.594477600000001 , -38.405708000000004",urban-rural,mixed,2801,"{""sample_routes"":{""date"":""2026-10-06"",""run_id"":""002f04e819e34a14b2981e3357d791b8""},""join_samples"":{""date"":""2026-10-06"",""run_id"":""c00e992d7bb54d65a2dd8f2b7440671c""}}"
588,188,"-11.716179100000002 , -37.928663","-12.0143114 , -38.2261924",rural-rural,mixed,2805,"{""sample_routes"":{""date"":""2026-10-06"",""run_id"":""002f04e819e34a14b2981e3357d791b8""},""join_samples"":{""date"":""2026-10-06"",""run_id"":""c00e992d7bb54d65a2dd8f2b7440671c""}}"
589,189,"-5.531198900000001 , -47.510960000000004","-5.7950284000000005 , -47.775376900000005",rural-rural,mixed,2807,"{""sample_routes"":{""date"":""2026-10-06"",""run_id"":""002f04e819e34a14b2981e3357d791b8""},""join_samples"":{""date"":""2026-10-06"",""run_id"":""c00e992d7bb54d65a2dd8f2b7440671c""}}"
590,190,"-22.0065621 , -47.4090251","-21.8128566 , -47.6030061",urban-rural,mixed,2585,"{""sample_routes"":{""date"":""2026-10-06"",""run_id"":""002f04e819e34a14b2981e3357d791b8""},""join_samples"":{""date"":""2026-10-06"",""run_id"":""c00e992d7bb54d65a2dd8f2b7440671c""}}"
591,191,"-5.1667445 , -42.788077200000004","-4.9518016000000005 , -42.573942",urban-rural,mixed,2822,"{""sample_routes"":{""date"":""2026-10-06"",""run_id"":""002f04e819e34a14b2981e3357d791b8""},""join_samples"":{""date"":""2026-10-06"",""run_id"":""c00e992d7bb54d65a2dd8f2b7440671c""}}"
592,192,"-23.2142604 , -47.320440700000006","-23.4654607 , -47.0684941",urban-rural,mixed,2823,"{""sample_routes"":{""date"":""2026-10-06"",""run_id"":""002f04e819e34a14b2981e3357d791b8""},""join_samples"":{""date"":""2026-10-06"",""run_id"":""c00e992d7bb54d65a2dd8f2b7440671c""}}"
593,193,"-10.7850332 , -37.1673308","-10.4783481 , -37.167816900000005",urban-urban,mixed,2828,"{""sample_routes"":{""date"":""2026-10-06"",""run_id"":""002f04e819e34a14b2981e3357d791b8""},""join_samples"":{""date"":""2026-10-06"",""run_id"":""c00e992d7bb54d65a2dd8f2b7440671c""}}"
594,194,"-19.709663600000003 , -43.049299100000006","-19.8890454 , -43.228873500000006",urban-rural,mixed,2570,"{""sample_routes"":{""date"":""2026-10-06"",""run_id"":""002f04e819e34a14b2981e3357d791b8""},""join_samples"":{""date"":""2026-10-06"",""run_id"":""c00e992d7bb54d65a2dd8f2b7440671c""}}"
595,195,"-14.652766000000002 , -41.7868987","-14.877774200000001 , -42.0126736",rural-rural,mixed,2831,"{""sample_routes"":{""date"":""2026-10-06"",""run_id"":""002f04e819e34a14b2981e3357d791b8""},""join_samples"":{""date"":""2026-10-06"",""run_id"":""c00e992d7bb54d65a2dd8f2b7440671c""}}"
596,196,"-27.574299200000002 , -48.637735000000006","-27.178356100000002 , -48.6371131",urban-rural,mixed,2831,"{""sample_routes"":{""date"":""2026-10-06"",""run_id"":""002f04e819e34a14b2981e3357d791b8""},""join_samples"":{""date"":""2026-10-06"",""run_id"":""c00e992d7bb54d65a2dd8f2b7440671c""}}"
597,197,"-25.490567900000002 , -49.46768530000001","-25.2761287 , -49.253355000000006",rural-rural,mixed,2567,"{""sample_routes"":{""date"":""2026-10-06"",""run_id"":""002f04e819e34a14b2981e3357d791b8""},""join_samples"":{""date"":""2026-10-06"",""run_id"":""c00e992d7bb54d65a2dd8f2b7440671c""}}"
598,198,"-14.825503500000002 , -39.0394664","-14.825481400000001 , -39.314859500000004",urban-urban,mixed,2840,"{""sample_routes"":{""date"":""2026-10-06"",""run_id"":""002f04e819e34a14b2981e3357d791b8""},""join_samples"":{""date"":""2026-10-06"",""run_id"":""c00e992d7bb54d65a2dd8f2b7440671c""}}"
599,199,"-29.9641701 , -51.1722168","-29.6653753 , -51.470730700000004",urban-urban,mixed,2845,"{""sample_routes"":{""date"":""2026-10-06"",""run_id"":""002f04e819e34a14b2981e3357d791b8""},""join_samples"":{""date"":""2026-10-06"",""run_id"":""c00e992d7bb54d65a2dd8f2b7440671c""}}"
600,200,"-16.3975695 , -44.096154600000006","-16.0805528 , -44.0954545",rural-rural,mixed,2848,"{""sample_routes"":{""date"":""2026-10-06"",""run_id"":""002f04e819e34a14b2981e3357d791b8""},""join_samples"":{""date"":""2026-10-06"",""run_id"":""c00e992d7bb54d65a2dd8f2b7440671c""}}"
601,201,"-8.312851400000001 , -35.147594500000004","-8.551643200000001 , -35.3861462",rural-rural,mixed,2550,"{""sample_routes"":{""date"":""2026-10-06"",""run_id"":""002f04e819e34a14b2981e3357d791b8""},""join_samples"":{""date"":""2026-10-06"",""run_id"":""c00e992d7bb54d65a2dd8f2b7440671c""}}"
602,202,"-18.877805300000002 , -48.2286857","-18.6616658 , -48.229444",urban-rural,mixed,2548,"{""sample_routes"":{""date"":""2026-10-06"",""run_id"":""002f04e819e34a14b2981e3357d791b8""},""join_samples"":{""date"":""2026-10-06"",""run_id"":""c00e992d7bb54d65a2dd8f2b7440671c""}}"
603,203,"-20.874054400000002 , -48.300011600000005","-21.169070100000003 , -48.004192100000004",urban-rural,mixed,2546,"{""sample_routes"":{""date"":""2026-10-06"",""run_id"":""002f04e819e34a14b2981e3357d791b8""},""join_samples"":{""date"":""2026-10-06"",""run_id"":""c00e992d7bb54d65a2dd8f2b7440671c""}}"
604,204,"-23.733339200000003 , -46.6635514","-23.9068112 , -46.836724200000006",urban-rural,mixed,2862,"{""sample_routes"":{""date"":""2026-10-06"",""run_id"":""002f04e819e34a14b2981e3357d791b8""},""join_samples"":{""date"":""2026-10-06"",""run_id"":""c00e992d7bb54d65a2dd8f2b7440671c""}}"
605,205,"-17.0151775 , -43.6742888","-17.015588 , -43.8495294",rural-rural,mixed,2868,"{""sample_routes"":{""date"":""2026-10-06"",""run_id"":""002f04e819e34a14b2981e3357d791b8""},""join_samples"":{""date"":""2026-10-06"",""run_id"":""c00e992d7bb54d65a2dd8f2b7440671c""}}"
606,206,"-23.1848347 , -45.8621114","-23.4397163 , -46.117417700000004",urban-rural,mixed,2868,"{""sample_routes"":{""date"":""2026-10-06"",""run_id"":""002f04e819e34a14b2981e3357d791b8""},""join_samples"":{""date"":""2026-10-06"",""run_id"":""c00e992d7bb54d65a2dd8f2b7440671c""}}"
607,207,"-20.0892076 , -45.289956800000006","-19.7488373 , -45.290356900000006",urban-urban,mixed,2871,"{""sample_routes"":{""date"":""2026-10-06"",""run_id"":""002f04e819e34a14b2981e3357d791b8""},""join_samples"":{""date"":""2026-10-06"",""run_id"":""c00e992d7bb54d65a2dd8f2b7440671c""}}"
608,208,"-27.228923 , -48.6186683","-27.2294601 , -48.9143568",urban-rural,mixed,2527,"{""sample_routes"":{""date"":""2026-10-06"",""run_id"":""002f04e819e34a14b2981e3357d791b8""},""join_samples"":{""date"":""2026-10-06"",""run_id"":""c00e992d7bb54d65a2dd8f2b7440671c""}}"
609,209,"-30.017666700000003 , -51.1629262","-30.228980500000002 , -50.951033200000005",urban-rural,mixed,2878,"{""sample_routes"":{""date"":""2026-10-06"",""run_id"":""002f04e819e34a14b2981e3357d791b8""},""join_samples"":{""date"":""2026-10-06"",""run_id"":""c00e992d7bb54d65a2dd8f2b7440671c""}}"
610,210,"-11.4275599 , -39.8825182","-11.4273305 , -40.296025",rural-urban,mixed,2888,"{""sample_routes"":{""date"":""2026-10-06"",""run_id"":""002f04e819e34a14b2981e3357d791b8""},""join_samples"":{""date"":""2026-10-06"",""run_id"":""c00e992d7bb54d65a2dd8f2b7440671c""}}"
611,211,"-15.808673 , -47.9714893","-16.1120254 , -48.274291600000005",urban-rural,mixed,2888,"{""sample_routes"":{""date"":""2026-10-06"",""run_id"":""002f04e819e34a14b2981e3357d791b8""},""join_samples"":{""date"":""2026-10-06"",""run_id"":""c00e992d7bb54d65a2dd8f2b7440671c""}}"
612,212,"-12.4945581 , -39.210058200000006","-12.210522200000002 , -38.9264917",rural-urban,mixed,2890,"{""sample_routes"":{""date"":""2026-10-06"",""run_id"":""002f04e819e34a14b2981e3357d791b8""},""join_samples"":{""date"":""2026-10-06"",""run_id"":""c00e992d7bb54d65a2dd8f2b7440671c""}}"
613,213,"-16.7681402 , -49.367140500000005","-16.572291 , -49.563613800000006",urban-rural,mixed,2891,"{""sample_routes"":{""date"":""2026-10-06"",""run_id"":""002f04e819e34a14b2981e3357d791b8""},""join_samples"":{""date"":""2026-10-06"",""run_id"":""c00e992d7bb54d65a2dd8f2b7440671c""}}"
614,214,"-11.3882366 , -41.701626600000004","-11.388322 , -41.9930989",rural-rural,mixed,2894,"{""sample_routes"":{""date"":""2026-10-06"",""run_id"":""002f04e819e34a14b2981e3357d791b8""},""join_samples"":{""date"":""2026-10-06"",""run_id"":""c00e992d7bb54d65a2dd8f2b7440671c""}}"
615,215,"-13.450574900000001 , -42.2362337","-13.648958200000001 , -42.433893100000006",urban-rural,mixed,2899,"{""sample_routes"":{""date"":""2026-10-06"",""run_id"":""002f04e819e34a14b2981e3357d791b8""},""join_samples"":{""date"":""2026-10-06"",""run_id"":""c00e992d7bb54d65a2dd8f2b7440671c""}}"
616,216,"-12.236990200000001 , -38.9767219","-12.5638971 , -38.649753600000004",urban-rural,mixed,2899,"{""sample_routes"":{""date"":""2026-10-06"",""run_id"":""002f04e819e34a14b2981e3357d791b8""},""join_samples"":{""date"":""2026-10-06"",""run_id"":""c00e992d7bb54d65a2dd8f2b7440671c""}}"
617,217,"-22.476496400000002 , -48.8129921","-22.7398746 , -48.5503931",rural-urban,mixed,2902,"{""sample_routes"":{""date"":""2026-10-06"",""run_id"":""002f04e819e34a14b2981e3357d791b8""},""join_samples"":{""date"":""2026-10-06"",""run_id"":""c00e992d7bb54d65a2dd8f2b7440671c""}}"
618,218,"-20.859733900000002 , -48.308420100000006","-21.2386926 , -48.308528200000005",urban-urban,mixed,2903,"{""sample_routes"":{""date"":""2026-10-06"",""run_id"":""002f04e819e34a14b2981e3357d791b8""},""join_samples"":{""date"":""2026-10-06"",""run_id"":""c00e992d7bb54d65a2dd8f2b7440671c""}}"
619,219,"-8.4825598 , -36.058771400000005","-8.2668531 , -35.842917",urban-rural,mixed,2908,"{""sample_routes"":{""date"":""2026-10-06"",""run_id"":""002f04e819e34a14b2981e3357d791b8""},""join_samples"":{""date"":""2026-10-06"",""run_id"":""c00e992d7bb54d65a2dd8f2b7440671c""}}"
620,220,"-22.6360493 , -50.4253276","-22.920220500000003 , -50.1405314",urban-rural,mixed,2909,"{""sample_routes"":{""date"":""2026-10-06"",""run_id"":""002f04e819e34a14b2981e3357d791b8""},""join_samples"":{""date"":""2026-10-06"",""run_id"":""c00e992d7bb54d65a2dd8f2b7440671c""}}"
621,221,"-28.3521046 , -49.2756343","-28.696920300000002 , -49.2761694",urban-urban,mixed,2909,"{""sample_routes"":{""date"":""2026-10-06"",""run_id"":""002f04e819e34a14b2981e3357d791b8""},""join_samples"":{""date"":""2026-10-06"",""run_id"":""c00e992d7bb54d65a2dd8f2b7440671c""}}"
622,222,"-11.072864000000001 , -41.9746077","-11.384611900000001 , -41.9740686",rural-rural,mixed,2915,"{""sample_routes"":{""date"":""2026-10-06"",""run_id"":""002f04e819e34a14b2981e3357d791b8""},""join_samples"":{""date"":""2026-10-06"",""run_id"":""c00e992d7bb54d65a2dd8f2b7440671c""}}"
623,223,"-15.8298073 , -47.976818200000004","-16.0217697 , -47.785630000000005",urban-rural,mixed,2483,"{""sample_routes"":{""date"":""2026-10-06"",""run_id"":""002f04e819e34a14b2981e3357d791b8""},""join_samples"":{""date"":""2026-10-06"",""run_id"":""c00e992d7bb54d65a2dd8f2b7440671c""}}"
624,224,"-22.4407228 , -44.3262865","-22.440123 , -44.735283100000004",urban-rural,mixed,2482,"{""sample_routes"":{""date"":""2026-10-06"",""run_id"":""002f04e819e34a14b2981e3357d791b8""},""join_samples"":{""date"":""2026-10-06"",""run_id"":""c00e992d7bb54d65a2dd8f2b7440671c""}}"
625,225,"-8.660540000000001 , -36.101663900000005","-8.4485674 , -36.1024582",rural-rural,mixed,2480,"{""sample_routes"":{""date"":""2026-10-06"",""run_id"":""002f04e819e34a14b2981e3357d791b8""},""join_samples"":{""date"":""2026-10-06"",""run_id"":""c00e992d7bb54d65a2dd8f2b7440671c""}}"
626,226,"-29.4408038 , -50.9174073","-29.6270455 , -50.731730500000005",rural-rural,mixed,2922,"{""sample_routes"":{""date"":""2026-10-06"",""run_id"":""002f04e819e34a14b2981e3357d791b8""},""join_samples"":{""date"":""2026-10-06"",""run_id"":""c00e992d7bb54d65a2dd8f2b7440671c""}}"
627,227,"-21.4154658 , -42.6869944","-21.1728056 , -42.9289658",rural-urban,mixed,2928,"{""sample_routes"":{""date"":""2026-10-06"",""run_id"":""002f04e819e34a14b2981e3357d791b8""},""join_samples"":{""date"":""2026-10-06"",""run_id"":""c00e992d7bb54d65a2dd8f2b7440671c""}}"
628,228,"-16.396583200000002 , -39.5850517","-16.6555194 , -39.585797500000005",urban-rural,mixed,2471,"{""sample_routes"":{""date"":""2026-10-06"",""run_id"":""002f04e819e34a14b2981e3357d791b8""},""join_samples"":{""date"":""2026-10-06"",""run_id"":""c00e992d7bb54d65a2dd8f2b7440671c""}}"
629,229,"-21.8759853 , -49.5602749","-21.5598426 , -49.8765014",rural-urban,mixed,2470,"{""sample_routes"":{""date"":""2026-10-06"",""run_id"":""002f04e819e34a14b2981e3357d791b8""},""join_samples"":{""date"":""2026-10-06"",""run_id"":""c00e992d7bb54d65a2dd8f2b7440671c""}}"
630,230,"-13.5329969 , -39.9775019","-13.2889855 , -39.9771881",urban-rural,mixed,2933,"{""sample_routes"":{""date"":""2026-10-06"",""run_id"":""002f04e819e34a14b2981e3357d791b8""},""join_samples"":{""date"":""2026-10-06"",""run_id"":""c00e992d7bb54d65a2dd8f2b7440671c""}}"
631,231,"-8.444494 , -36.099051800000005","-8.6747688 , -36.3289978",rural-urban,mixed,2933,"{""sample_routes"":{""date"":""2026-10-06"",""run_id"":""002f04e819e34a14b2981e3357d791b8""},""join_samples"":{""date"":""2026-10-06"",""run_id"":""c00e992d7bb54d65a2dd8f2b7440671c""}}"
632,232,"-13.9107797 , -42.9499353","-13.7189847 , -42.757449300000005",rural-rural,mixed,2934,"{""sample_routes"":{""date"":""2026-10-06"",""run_id"":""002f04e819e34a14b2981e3357d791b8""},""join_samples"":{""date"":""2026-10-06"",""run_id"":""c00e992d7bb54d65a2dd8f2b7440671c""}}"
633,233,"-22.940156100000003 , -47.485321500000005","-22.674907400000002 , -47.751089400000005",rural-rural,mixed,2460,"{""sample_routes"":{""date"":""2026-10-06"",""run_id"":""002f04e819e34a14b2981e3357d791b8""},""join_samples"":{""date"":""2026-10-06"",""run_id"":""c00e992d7bb54d65a2dd8f2b7440671c""}}"
634,234,"-26.954150400000003 , -52.4515352","-26.804486500000003 , -52.6004537",rural-rural,mixed,2458,"{""sample_routes"":{""date"":""2026-10-06"",""run_id"":""002f04e819e34a14b2981e3357d791b8""},""join_samples"":{""date"":""2026-10-06"",""run_id"":""c00e992d7bb54d65a2dd8f2b7440671c""}}"
635,235,"-3.9766672 , -38.6133104","-3.7865136 , -38.803854900000005",rural-rural,mixed,2942,"{""sample_routes"":{""date"":""2026-10-06"",""run_id"":""002f04e819e34a14b2981e3357d791b8""},""join_samples"":{""date"":""2026-10-06"",""run_id"":""c00e992d7bb54d65a2dd8f2b7440671c""}}"
636,236,"-25.542656800000003 , -49.5188323","-25.5433051 , -49.7681582",urban-rural,mixed,2456,"{""sample_routes"":{""date"":""2026-10-06"",""run_id"":""002f04e819e34a14b2981e3357d791b8""},""join_samples"":{""date"":""2026-10-06"",""run_id"":""c00e992d7bb54d65a2dd8f2b7440671c""}}"
637,237,"-11.1470584 , -41.8373931","-11.147308800000001 , -42.159658400000005",rural-urban,mixed,2945,"{""sample_routes"":{""date"":""2026-10-06"",""run_id"":""002f04e819e34a14b2981e3357d791b8""},""join_samples"":{""date"":""2026-10-06"",""run_id"":""c00e992d7bb54d65a2dd8f2b7440671c""}}"
638,238,"-20.2692641 , -50.3424988","-19.981767 , -50.341748",urban-rural,mixed,2450,"{""sample_routes"":{""date"":""2026-10-06"",""run_id"":""002f04e819e34a14b2981e3357d791b8""},""join_samples"":{""date"":""2026-10-06"",""run_id"":""c00e992d7bb54d65a2dd8f2b7440671c""}}"
639,239,"-22.7890574 , -43.437429","-22.788497300000003 , -43.808322800000006",urban-rural,mixed,2952,"{""sample_routes"":{""date"":""2026-10-06"",""run_id"":""002f04e819e34a14b2981e3357d791b8""},""join_samples"":{""date"":""2026-10-06"",""run_id"":""c00e992d7bb54d65a2dd8f2b7440671c""}}"
640,240,"-29.6835765 , -51.0572822","-29.6833831 , -51.481177200000005",urban-urban,mixed,2956,"{""sample_routes"":{""date"":""2026-10-06"",""run_id"":""002f04e819e34a14b2981e3357d791b8""},""join_samples"":{""date"":""2026-10-06"",""run_id"":""c00e992d7bb54d65a2dd8f2b7440671c""}}"
641,241,"-21.548221 , -49.8603548","-21.229492 , -50.179383200000004",urban-rural,mixed,2960,"{""sample_routes"":{""date"":""2026-10-06"",""run_id"":""002f04e819e34a14b2981e3357d791b8""},""join_samples"":{""date"":""2026-10-06"",""run_id"":""c00e992d7bb54d65a2dd8f2b7440671c""}}"
642,242,"-21.5995473 , -48.3725754","-21.319563900000002 , -48.092717900000004",urban-rural,mixed,2961,"{""sample_routes"":{""date"":""2026-10-06"",""run_id"":""002f04e819e34a14b2981e3357d791b8""},""join_samples"":{""date"":""2026-10-06"",""run_id"":""c00e992d7bb54d65a2dd8f2b7440671c""}}"
643,243,"-24.4880834 , -48.8554636","-24.4873051 , -49.120935300000006",urban-rural,mixed,2437,"{""sample_routes"":{""date"":""2026-10-06"",""run_id"":""002f04e819e34a14b2981e3357d791b8""},""join_samples"":{""date"":""2026-10-06"",""run_id"":""c00e992d7bb54d65a2dd8f2b7440671c""}}"
644,244,"-6.923846500000001 , -35.6413558","-7.2018689 , -35.642005700000006",rural-rural,mixed,2966,"{""sample_routes"":{""date"":""2026-10-06"",""run_id"":""002f04e819e34a14b2981e3357d791b8""},""join_samples"":{""date"":""2026-10-06"",""run_id"":""c00e992d7bb54d65a2dd8f2b7440671c""}}"
645,245,"-8.196281200000001 , -35.548327300000004","-8.4018481 , -35.5476286",urban-rural,mixed,2967,"{""sample_routes"":{""date"":""2026-10-06"",""run_id"":""002f04e819e34a14b2981e3357d791b8""},""join_samples"":{""date"":""2026-10-06"",""run_id"":""c00e992d7bb54d65a2dd8f2b7440671c""}}"
646,246,"-23.3154657 , -51.15205580000001","-23.466363700000002 , -51.0009626",urban-rural,mixed,2433,"{""sample_routes"":{""date"":""2026-10-06"",""run_id"":""002f04e819e34a14b2981e3357d791b8""},""join_samples"":{""date"":""2026-10-06"",""run_id"":""c00e992d7bb54d65a2dd8f2b7440671c""}}"
647,247,"-7.0470452 , -39.349969200000004","-7.2390302 , -39.157287800000006",rural-rural,mixed,2977,"{""sample_routes"":{""date"":""2026-10-06"",""run_id"":""002f04e819e34a14b2981e3357d791b8""},""join_samples"":{""date"":""2026-10-06"",""run_id"":""c00e992d7bb54d65a2dd8f2b7440671c""}}"
648,248,"-21.1386623 , -43.6851423","-21.373901200000002 , -43.919882400000006",rural-rural,mixed,2979,"{""sample_routes"":{""date"":""2026-10-06"",""run_id"":""002f04e819e34a14b2981e3357d791b8""},""join_samples"":{""date"":""2026-10-06"",""run_id"":""c00e992d7bb54d65a2dd8f2b7440671c""}}"
649,249,"-23.873653200000003 , -49.0894957","-24.123214700000002 , -49.3386086",rural-urban,mixed,2979,"{""sample_routes"":{""date"":""2026-10-06"",""run_id"":""002f04e819e34a14b2981e3357d791b8""},""join_samples"":{""date"":""2026-10-06"",""run_id"":""c00e992d7bb54d65a2dd8f2b7440671c""}}"
650,250,"-26.838439800000003 , -52.2302303","-26.9962415 , -52.388555100000005",urban-rural,mixed,2416,"{""sample_routes"":{""date"":""2026-10-06"",""run_id"":""002f04e819e34a14b2981e3357d791b8""},""join_samples"":{""date"":""2026-10-06"",""run_id"":""c00e992d7bb54d65a2dd8f2b7440671c""}}"
651,251,"-8.3480203 , -36.074306400000005","-8.589404700000001 , -35.8322927",rural-rural,mixed,2989,"{""sample_routes"":{""date"":""2026-10-06"",""run_id"":""002f04e819e34a14b2981e3357d791b8""},""join_samples"":{""date"":""2026-10-06"",""run_id"":""c00e992d7bb54d65a2dd8f2b7440671c""}}"
652,252,"-21.2792211 , -50.3105173","-21.075410400000003 , -50.106046500000005",urban-rural,mixed,2407,"{""sample_routes"":{""date"":""2026-10-06"",""run_id"":""002f04e819e34a14b2981e3357d791b8""},""join_samples"":{""date"":""2026-10-06"",""run_id"":""c00e992d7bb54d65a2dd8f2b7440671c""}}"
653,253,"-5.8585669000000005 , -35.3493925","-5.708545600000001 , -35.3497955",urban-rural,mixed,2406,"{""sample_routes"":{""date"":""2026-10-06"",""run_id"":""002f04e819e34a14b2981e3357d791b8""},""join_samples"":{""date"":""2026-10-06"",""run_id"":""c00e992d7bb54d65a2dd8f2b7440671c""}}"
654,254,"-19.939850200000002 , -44.126504600000004","-19.939547700000002 , -44.5370561",urban-rural,mixed,2995,"{""sample_routes"":{""date"":""2026-10-06"",""run_id"":""002f04e819e34a14b2981e3357d791b8""},""join_samples"":{""date"":""2026-10-06"",""run_id"":""c00e992d7bb54d65a2dd8f2b7440671c""}}"
655,255,"-3.7529533 , -43.1709588","-3.7523264000000003 , -43.470996",rural-rural,mixed,2998,"{""sample_routes"":{""date"":""2026-10-06"",""run_id"":""002f04e819e34a14b2981e3357d791b8""},""join_samples"":{""date"":""2026-10-06"",""run_id"":""c00e992d7bb54d65a2dd8f2b7440671c""}}"
656,256,"-20.025346600000002 , -47.751626900000005","-19.7713098 , -48.006421",urban-rural,mixed,2400,"{""sample_routes"":{""date"":""2026-10-06"",""run_id"":""002f04e819e34a14b2981e3357d791b8""},""join_samples"":{""date"":""2026-10-06"",""run_id"":""c00e992d7bb54d65a2dd8f2b7440671c""}}"
657,257,"-12.9030032 , -38.3599167","-12.5552442 , -38.0117726",urban-rural,mixed,3001,"{""sample_routes"":{""date"":""2026-10-06"",""run_id"":""002f04e819e34a14b2981e3357d791b8""},""join_samples"":{""date"":""2026-10-06"",""run_id"":""c00e992d7bb54d65a2dd8f2b7440671c""}}"
658,258,"-3.5824707 , -39.6865493","-3.8389496000000003 , -39.685837",rural-rural,mixed,3005,"{""sample_routes"":{""date"":""2026-10-06"",""run_id"":""002f04e819e34a14b2981e3357d791b8""},""join_samples"":{""date"":""2026-10-06"",""run_id"":""c00e992d7bb54d65a2dd8f2b7440671c""}}"
659,259,"-22.219986900000002 , -50.8942471","-22.522606600000003 , -50.8948976",urban-rural,mixed,2395,"{""sample_routes"":{""date"":""2026-10-06"",""run_id"":""002f04e819e34a14b2981e3357d791b8""},""join_samples"":{""date"":""2026-10-06"",""run_id"":""c00e992d7bb54d65a2dd8f2b7440671c""}}"
660,260,"-12.4477658 , -38.820179700000004","-12.151571200000001 , -38.8197452",rural-rural,mixed,3008,"{""sample_routes"":{""date"":""2026-10-06"",""run_id"":""002f04e819e34a14b2981e3357d791b8""},""join_samples"":{""date"":""2026-10-06"",""run_id"":""c00e992d7bb54d65a2dd8f2b7440671c""}}"
661,261,"-1.9373487 , -54.24465180000001","-1.68948 , -53.9972897",rural-rural,mixed,3010,"{""sample_routes"":{""date"":""2026-10-06"",""run_id"":""002f04e819e34a14b2981e3357d791b8""},""join_samples"":{""date"":""2026-10-06"",""run_id"":""c00e992d7bb54d65a2dd8f2b7440671c""}}"
662,262,"-22.742646200000003 , -47.642347400000006","-22.496817 , -47.8889215",urban-rural,mixed,3010,"{""sample_routes"":{""date"":""2026-10-06"",""run_id"":""002f04e819e34a14b2981e3357d791b8""},""join_samples"":{""date"":""2026-10-06"",""run_id"":""c00e992d7bb54d65a2dd8f2b7440671c""}}"
663,263,"-22.307675900000003 , -49.104355000000005","-21.889334100000003 , -49.1051652",urban-rural,mixed,3011,"{""sample_routes"":{""date"":""2026-10-06"",""run_id"":""002f04e819e34a14b2981e3357d791b8""},""join_samples"":{""date"":""2026-10-06"",""run_id"":""c00e992d7bb54d65a2dd8f2b7440671c""}}"
664,264,"-18.6534877 , -48.2175559","-19.067645600000002 , -48.217089800000004",urban-rural,mixed,3011,"{""sample_routes"":{""date"":""2026-10-06"",""run_id"":""002f04e819e34a14b2981e3357d791b8""},""join_samples"":{""date"":""2026-10-06"",""run_id"":""c00e992d7bb54d65a2dd8f2b7440671c""}}"
665,265,"-18.713971 , -40.402959200000005","-18.4695088 , -40.1578651",urban-urban,mixed,3012,"{""sample_routes"":{""date"":""2026-10-06"",""run_id"":""002f04e819e34a14b2981e3357d791b8""},""join_samples"":{""date"":""2026-10-06"",""run_id"":""c00e992d7bb54d65a2dd8f2b7440671c""}}"
666,266,"-7.5616621 , -40.1055232","-7.7454466 , -40.289425400000006",rural-rural,mixed,3015,"{""sample_routes"":{""date"":""2026-10-06"",""run_id"":""002f04e819e34a14b2981e3357d791b8""},""join_samples"":{""date"":""2026-10-06"",""run_id"":""c00e992d7bb54d65a2dd8f2b7440671c""}}"
667,267,"-16.0563831 , -47.951017300000004","-15.759844200000002 , -48.2482508",urban-urban,mixed,3018,"{""sample_routes"":{""date"":""2026-10-06"",""run_id"":""002f04e819e34a14b2981e3357d791b8""},""join_samples"":{""date"":""2026-10-06"",""run_id"":""c00e992d7bb54d65a2dd8f2b7440671c""}}"
668,268,"-12.0857671 , -38.955139100000004","-12.459306900000001 , -38.9556064",rural-rural,mixed,3019,"{""sample_routes"":{""date"":""2026-10-06"",""run_id"":""002f04e819e34a14b2981e3357d791b8""},""join_samples"":{""date"":""2026-10-06"",""run_id"":""c00e992d7bb54d65a2dd8f2b7440671c""}}"
669,269,"-28.361885100000002 , -49.2817196","-28.121831800000002 , -49.041361",urban-rural,mixed,3021,"{""sample_routes"":{""date"":""2026-10-06"",""run_id"":""002f04e819e34a14b2981e3357d791b8""},""join_samples"":{""date"":""2026-10-06"",""run_id"":""c00e992d7bb54d65a2dd8f2b7440671c""}}"
670,270,"-25.054377000000002 , -53.617363600000004","-24.852539 , -53.8191105",urban-rural,mixed,2379,"{""sample_routes"":{""date"":""2026-10-06"",""run_id"":""002f04e819e34a14b2981e3357d791b8""},""join_samples"":{""date"":""2026-10-06"",""run_id"":""c00e992d7bb54d65a2dd8f2b7440671c""}}"
671,271,"-25.389367500000002 , -49.3201678","-25.3901292 , -49.818434800000006",urban-rural,mixed,3022,"{""sample_routes"":{""date"":""2026-10-06"",""run_id"":""002f04e819e34a14b2981e3357d791b8""},""join_samples"":{""date"":""2026-10-06"",""run_id"":""c00e992d7bb54d65a2dd8f2b7440671c""}}"
672,272,"-23.1152422 , -49.1905761","-23.284003100000003 , -49.0210846",rural-rural,mixed,3023,"{""sample_routes"":{""date"":""2026-10-06"",""run_id"":""002f04e819e34a14b2981e3357d791b8""},""join_samples"":{""date"":""2026-10-06"",""run_id"":""c00e992d7bb54d65a2dd8f2b7440671c""}}"
673,273,"-9.173629700000001 , -35.8064175","-9.3192535 , -35.9514003",rural-urban,mixed,2374,"{""sample_routes"":{""date"":""2026-10-06"",""run_id"":""002f04e819e34a14b2981e3357d791b8""},""join_samples"":{""date"":""2026-10-06"",""run_id"":""c00e992d7bb54d65a2dd8f2b7440671c""}}"
674,274,"-13.927446400000001 , -39.9760079","-14.1660091 , -39.737103600000005",rural-rural,mixed,3027,"{""sample_routes"":{""date"":""2026-10-06"",""run_id"":""002f04e819e34a14b2981e3357d791b8""},""join_samples"":{""date"":""2026-10-06"",""run_id"":""c00e992d7bb54d65a2dd8f2b7440671c""}}"
675,275,"-22.9915302 , -47.1372787","-22.7511337 , -46.8960993",urban-urban,mixed,3037,"{""sample_routes"":{""date"":""2026-10-06"",""run_id"":""002f04e819e34a14b2981e3357d791b8""},""join_samples"":{""date"":""2026-10-06"",""run_id"":""c00e992d7bb54d65a2dd8f2b7440671c""}}"
676,276,"-21.8898791 , -49.2288161","-21.6831849 , -49.021776700000004",rural-urban,mixed,2361,"{""sample_routes"":{""date"":""2026-10-06"",""run_id"":""002f04e819e34a14b2981e3357d791b8""},""join_samples"":{""date"":""2026-10-06"",""run_id"":""c00e992d7bb54d65a2dd8f2b7440671c""}}"
677,277,"-16.041978 , -44.6791641","-16.0412711 , -44.8660398",rural-rural,mixed,2361,"{""sample_routes"":{""date"":""2026-10-06"",""run_id"":""002f04e819e34a14b2981e3357d791b8""},""join_samples"":{""date"":""2026-10-06"",""run_id"":""c00e992d7bb54d65a2dd8f2b7440671c""}}"
678,278,"-29.7075701 , -51.1131018","-29.517244700000003 , -50.92309",urban-rural,mixed,3040,"{""sample_routes"":{""date"":""2026-10-06"",""run_id"":""002f04e819e34a14b2981e3357d791b8""},""join_samples"":{""date"":""2026-10-06"",""run_id"":""c00e992d7bb54d65a2dd8f2b7440671c""}}"
679,279,"-27.597632800000003 , -48.5685395","-27.598327 , -48.788852000000006",urban-rural,mixed,2353,"{""sample_routes"":{""date"":""2026-10-06"",""run_id"":""002f04e819e34a14b2981e3357d791b8""},""join_samples"":{""date"":""2026-10-06"",""run_id"":""c00e992d7bb54d65a2dd8f2b7440671c""}}"
680,280,"-5.099855300000001 , -39.724748000000005","-5.5011638000000005 , -39.7244301",urban-rural,mixed,3049,"{""sample_routes"":{""date"":""2026-10-06"",""run_id"":""002f04e819e34a14b2981e3357d791b8""},""join_samples"":{""date"":""2026-10-06"",""run_id"":""c00e992d7bb54d65a2dd8f2b7440671c""}}"
681,281,"-10.785754500000001 , -37.1387579","-11.107175100000001 , -37.1395612",rural-rural,mixed,3055,"{""sample_routes"":{""date"":""2026-10-06"",""run_id"":""002f04e819e34a14b2981e3357d791b8""},""join_samples"":{""date"":""2026-10-06"",""run_id"":""c00e992d7bb54d65a2dd8f2b7440671c""}}"
682,282,"-20.214389 , -47.489619700000006","-20.6553565 , -47.4904043",rural-rural,mixed,3058,"{""sample_routes"":{""date"":""2026-10-06"",""run_id"":""002f04e819e34a14b2981e3357d791b8""},""join_samples"":{""date"":""2026-10-06"",""run_id"":""c00e992d7bb54d65a2dd8f2b7440671c""}}"
683,283,"-29.660875100000002 , -50.9021795","-29.6609538 , -51.326757400000005",rural-rural,mixed,3060,"{""sample_routes"":{""date"":""2026-10-06"",""run_id"":""002f04e819e34a14b2981e3357d791b8""},""join_samples"":{""date"":""2026-10-06"",""run_id"":""c00e992d7bb54d65a2dd8f2b7440671c""}}"
684,284,"-22.7342963 , -47.236983800000004","-23.0232129 , -47.5266503",urban-urban,mixed,3060,"{""sample_routes"":{""date"":""2026-10-06"",""run_id"":""002f04e819e34a14b2981e3357d791b8""},""join_samples"":{""date"":""2026-10-06"",""run_id"":""c00e992d7bb54d65a2dd8f2b7440671c""}}"
685,285,"-7.5560206 , -34.9995862","-7.145955900000001 , -34.99933",urban-urban,mixed,3062,"{""sample_routes"":{""date"":""2026-10-06"",""run_id"":""002f04e819e34a14b2981e3357d791b8""},""join_samples"":{""date"":""2026-10-06"",""run_id"":""c00e992d7bb54d65a2dd8f2b7440671c""}}"
686,286,"-26.277783000000003 , -48.846277300000004","-26.497925100000003 , -49.0666158",urban-urban,mixed,3064,"{""sample_routes"":{""date"":""2026-10-06"",""run_id"":""002f04e819e34a14b2981e3357d791b8""},""join_samples"":{""date"":""2026-10-06"",""run_id"":""c00e992d7bb54d65a2dd8f2b7440671c""}}"
687,287,"-3.9012174 , -38.373734400000004","-3.7170470000000004 , -38.5582255",urban-urban,mixed,3066,"{""sample_routes"":{""date"":""2026-10-06"",""run_id"":""002f04e819e34a14b2981e3357d791b8""},""join_samples"":{""date"":""2026-10-06"",""run_id"":""c00e992d7bb54d65a2dd8f2b7440671c""}}"
688,288,"-23.054852200000003 , -47.836283900000005","-23.222609900000002 , -48.0039293",urban-urban,mixed,2333,"{""sample_routes"":{""date"":""2026-10-06"",""run_id"":""002f04e819e34a14b2981e3357d791b8""},""join_samples"":{""date"":""2026-10-06"",""run_id"":""c00e992d7bb54d65a2dd8f2b7440671c""}}"
689,289,"-8.4748269 , -36.2423951","-8.3251337 , -36.392346700000004",urban-rural,mixed,2332,"{""sample_routes"":{""date"":""2026-10-06"",""run_id"":""002f04e819e34a14b2981e3357d791b8""},""join_samples"":{""date"":""2026-10-06"",""run_id"":""c00e992d7bb54d65a2dd8f2b7440671c""}}"
690,290,"-5.0938322000000005 , -42.4054999","-5.0939060000000005 , -42.822005700000005",rural-urban,mixed,3071,"{""sample_routes"":{""date"":""2026-10-06"",""run_id"":""002f04e819e34a14b2981e3357d791b8""},""join_samples"":{""date"":""2026-10-06"",""run_id"":""c00e992d7bb54d65a2dd8f2b7440671c""}}"
691,291,"-3.6724284000000003 , -39.2336382","-3.8060394000000004 , -39.099832500000005",urban-rural,mixed,2326,"{""sample_routes"":{""date"":""2026-10-06"",""run_id"":""002f04e819e34a14b2981e3357d791b8""},""join_samples"":{""date"":""2026-10-06"",""run_id"":""c00e992d7bb54d65a2dd8f2b7440671c""}}"
692,292,"-28.8846762 , -50.894104000000006","-29.0055002 , -51.0156222",rural-rural,mixed,2321,"{""sample_routes"":{""date"":""2026-10-06"",""run_id"":""002f04e819e34a14b2981e3357d791b8""},""join_samples"":{""date"":""2026-10-06"",""run_id"":""c00e992d7bb54d65a2dd8f2b7440671c""}}"
693,293,"-5.8350071 , -35.3385182","-5.60066 , -35.5723318",urban-rural,mixed,3080,"{""sample_routes"":{""date"":""2026-10-06"",""run_id"":""002f04e819e34a14b2981e3357d791b8""},""join_samples"":{""date"":""2026-10-06"",""run_id"":""c00e992d7bb54d65a2dd8f2b7440671c""}}"
694,294,"-22.573293600000003 , -47.4722738","-22.885778400000003 , -47.1605354",rural-urban,mixed,3081,"{""sample_routes"":{""date"":""2026-10-06"",""run_id"":""002f04e819e34a14b2981e3357d791b8""},""join_samples"":{""date"":""2026-10-06"",""run_id"":""c00e992d7bb54d65a2dd8f2b7440671c""}}"
695,295,"-23.4078535 , -46.753547100000006","-23.229752700000002 , -46.575879900000004",urban-rural,mixed,3082,"{""sample_routes"":{""date"":""2026-10-06"",""run_id"":""002f04e819e34a14b2981e3357d791b8""},""join_samples"":{""date"":""2026-10-06"",""run_id"":""c00e992d7bb54d65a2dd8f2b7440671c""}}"
696,296,"-22.4769586 , -41.910757700000005","-22.770696700000002 , -41.9104261",urban-rural,mixed,3094,"{""sample_routes"":{""date"":""2026-10-06"",""run_id"":""002f04e819e34a14b2981e3357d791b8""},""join_samples"":{""date"":""2026-10-06"",""run_id"":""c00e992d7bb54d65a2dd8f2b7440671c""}}"
697,297,"-23.9397953 , -46.3507095","-23.652276500000003 , -46.637567100000005",urban-urban,mixed,3095,"{""sample_routes"":{""date"":""2026-10-06"",""run_id"":""002f04e819e34a14b2981e3357d791b8""},""join_samples"":{""date"":""2026-10-06"",""run_id"":""c00e992d7bb54d65a2dd8f2b7440671c""}}"
698,298,"-8.8869823 , -36.4641347","-8.685661900000001 , -36.6662224",urban-rural,mixed,2303,"{""sample_routes"":{""date"":""2026-10-06"",""run_id"":""002f04e819e34a14b2981e3357d791b8""},""join_samples"":{""date"":""2026-10-06"",""run_id"":""c00e992d7bb54d65a2dd8f2b7440671c""}}"
699,299,"-27.000735900000002 , -48.629133100000004","-27.533700800000002 , -48.629259100000006",urban-urban,mixed,3098,"{""sample_routes"":{""date"":""2026-10-06"",""run_id"":""002f04e819e34a14b2981e3357d791b8""},""join_samples"":{""date"":""2026-10-06"",""run_id"":""c00e992d7bb54d65a2dd8f2b7440671c""}}"
700,300,"-20.320861500000003 , -47.0891223","-20.086610200000003 , -47.0889103",rural-rural,rural,2700,"{""sample_routes"":{""date"":""2026-10-06"",""run_id"":""002f04e819e34a14b2981e3357d791b8""},""join_samples"":{""date"":""2026-10-06"",""run_id"":""c00e992d7bb54d65a2dd8f2b7440671c""}}"
701,301,"-4.184971 , -40.513740600000006","-4.033881200000001 , -40.361886600000005",rural-rural,rural,2709,"{""sample_routes"":{""date"":""2026-10-06"",""run_id"":""002f04e819e34a14b2981e3357d791b8""},""join_samples"":{""date"":""2026-10-06"",""run_id"":""c00e992d7bb54d65a2dd8f2b7440671c""}}"
702,302,"-14.2683967 , -56.150919200000004","-13.8306769 , -56.151624600000005",rural-urban,rural,2691,"{""sample_routes"":{""date"":""2026-10-06"",""run_id"":""002f04e819e34a14b2981e3357d791b8""},""join_samples"":{""date"":""2026-10-06"",""run_id"":""c00e992d7bb54d65a2dd8f2b7440671c""}}"
703,303,"-20.030229300000002 , -41.6764924","-20.2468618 , -41.4591797",rural-rural,rural,2709,"{""sample_routes"":{""date"":""2026-10-06"",""run_id"":""002f04e819e34a14b2981e3357d791b8""},""join_samples"":{""date"":""2026-10-06"",""run_id"":""c00e992d7bb54d65a2dd8f2b7440671c""}}"
704,304,"-18.0359434 , -41.111036000000006","-17.8052506 , -40.880332800000005",rural-rural,rural,2710,"{""sample_routes"":{""date"":""2026-10-06"",""run_id"":""002f04e819e34a14b2981e3357d791b8""},""join_samples"":{""date"":""2026-10-06"",""run_id"":""c00e992d7bb54d65a2dd8f2b7440671c""}}"
705,305,"-6.1938205 , -36.2613805","-6.4324143000000005 , -36.262140900000006",rural-rural,rural,2688,"{""sample_routes"":{""date"":""2026-10-06"",""run_id"":""002f04e819e34a14b2981e3357d791b8""},""join_samples"":{""date"":""2026-10-06"",""run_id"":""c00e992d7bb54d65a2dd8f2b7440671c""}}"
706,306,"-26.499014300000002 , -49.1570662","-26.6695713 , -49.3278443",urban-rural,rural,2686,"{""sample_routes"":{""date"":""2026-10-06"",""run_id"":""002f04e819e34a14b2981e3357d791b8""},""join_samples"":{""date"":""2026-10-06"",""run_id"":""c00e992d7bb54d65a2dd8f2b7440671c""}}"
707,307,"-7.5186612 , -39.7338273","-7.6544724 , -39.8695138",urban-rural,rural,2719,"{""sample_routes"":{""date"":""2026-10-06"",""run_id"":""002f04e819e34a14b2981e3357d791b8""},""join_samples"":{""date"":""2026-10-06"",""run_id"":""c00e992d7bb54d65a2dd8f2b7440671c""}}"
708,308,"-11.7664516 , -41.6275144","-11.7664419 , -41.931917500000004",rural-rural,rural,2680,"{""sample_routes"":{""date"":""2026-10-06"",""run_id"":""002f04e819e34a14b2981e3357d791b8""},""join_samples"":{""date"":""2026-10-06"",""run_id"":""c00e992d7bb54d65a2dd8f2b7440671c""}}"
709,309,"-5.7489448 , -35.929754800000005","-6.0281539 , -35.6499267",rural-rural,rural,2723,"{""sample_routes"":{""date"":""2026-10-06"",""run_id"":""002f04e819e34a14b2981e3357d791b8""},""join_samples"":{""date"":""2026-10-06"",""run_id"":""c00e992d7bb54d65a2dd8f2b7440671c""}}"
710,310,"-8.6408657 , -37.279797800000004","-8.801877900000001 , -37.440488900000005",rural-rural,rural,2677,"{""sample_routes"":{""date"":""2026-10-06"",""run_id"":""002f04e819e34a14b2981e3357d791b8""},""join_samples"":{""date"":""2026-10-06"",""run_id"":""c00e992d7bb54d65a2dd8f2b7440671c""}}"
711,311,"-19.553553 , -47.415887100000006","-19.3731636 , -47.5959693",rural-rural,rural,2724,"{""sample_routes"":{""date"":""2026-10-06"",""run_id"":""002f04e819e34a14b2981e3357d791b8""},""join_samples"":{""date"":""2026-10-06"",""run_id"":""c00e992d7bb54d65a2dd8f2b7440671c""}}"
712,312,"-18.7932013 , -46.560784100000006","-18.6491122 , -46.7055683",rural-rural,rural,2674,"{""sample_routes"":{""date"":""2026-10-06"",""run_id"":""002f04e819e34a14b2981e3357d791b8""},""join_samples"":{""date"":""2026-10-06"",""run_id"":""c00e992d7bb54d65a2dd8f2b7440671c""}}"
713,313,"-20.7496528 , -41.0413706","-20.573631300000002 , -41.216725000000004",rural-urban,rural,2730,"{""sample_routes"":{""date"":""2026-10-06"",""run_id"":""002f04e819e34a14b2981e3357d791b8""},""join_samples"":{""date"":""2026-10-06"",""run_id"":""c00e992d7bb54d65a2dd8f2b7440671c""}}"
714,314,"-21.6259996 , -41.76615","-21.826335200000003 , -41.9658139",rural-rural,rural,2667,"{""sample_routes"":{""date"":""2026-10-06"",""run_id"":""002f04e819e34a14b2981e3357d791b8""},""join_samples"":{""date"":""2026-10-06"",""run_id"":""c00e992d7bb54d65a2dd8f2b7440671c""}}"
715,315,"-20.719630000000002 , -41.1376834","-20.9471646 , -41.364461500000004",rural-urban,rural,2735,"{""sample_routes"":{""date"":""2026-10-06"",""run_id"":""002f04e819e34a14b2981e3357d791b8""},""join_samples"":{""date"":""2026-10-06"",""run_id"":""c00e992d7bb54d65a2dd8f2b7440671c""}}"
716,316,"-18.2421028 , -43.6151737","-17.9867844 , -43.3592498",urban-rural,rural,2737,"{""sample_routes"":{""date"":""2026-10-06"",""run_id"":""002f04e819e34a14b2981e3357d791b8""},""join_samples"":{""date"":""2026-10-06"",""run_id"":""c00e992d7bb54d65a2dd8f2b7440671c""}}"
717,317,"-12.420379700000002 , -39.262645400000004","-12.420478000000001 , -39.5050979",urban-rural,rural,2744,"{""sample_routes"":{""date"":""2026-10-06"",""run_id"":""002f04e819e34a14b2981e3357d791b8""},""join_samples"":{""date"":""2026-10-06"",""run_id"":""c00e992d7bb54d65a2dd8f2b7440671c""}}"
718,318,"-4.8504157 , -44.7756491","-4.7178493 , -44.9086842",rural-rural,rural,2656,"{""sample_routes"":{""date"":""2026-10-06"",""run_id"":""002f04e819e34a14b2981e3357d791b8""},""join_samples"":{""date"":""2026-10-06"",""run_id"":""c00e992d7bb54d65a2dd8f2b7440671c""}}"
719,319,"-24.272079100000003 , -47.406302000000004","-24.3551067 , -47.3238337",rural-rural,rural,2652,"{""sample_routes"":{""date"":""2026-10-06"",""run_id"":""002f04e819e34a14b2981e3357d791b8""},""join_samples"":{""date"":""2026-10-06"",""run_id"":""c00e992d7bb54d65a2dd8f2b7440671c""}}"
720,320,"-13.4329476 , -41.0572922","-13.5922061 , -41.217347700000005",rural-rural,rural,2646,"{""sample_routes"":{""date"":""2026-10-06"",""run_id"":""002f04e819e34a14b2981e3357d791b8""},""join_samples"":{""date"":""2026-10-06"",""run_id"":""c00e992d7bb54d65a2dd8f2b7440671c""}}"
721,321,"-6.9318666 , -39.234795600000005","-6.819637200000001 , -39.347700700000004",rural-rural,rural,2646,"{""sample_routes"":{""date"":""2026-10-06"",""run_id"":""002f04e819e34a14b2981e3357d791b8""},""join_samples"":{""date"":""2026-10-06"",""run_id"":""c00e992d7bb54d65a2dd8f2b7440671c""}}"
722,322,"-13.426434 , -42.1209517","-13.24688 , -42.300327100000004",rural-rural,rural,2754,"{""sample_routes"":{""date"":""2026-10-06"",""run_id"":""002f04e819e34a14b2981e3357d791b8""},""join_samples"":{""date"":""2026-10-06"",""run_id"":""c00e992d7bb54d65a2dd8f2b7440671c""}}"
723,323,"-22.876136900000002 , -49.9122258","-22.420134400000002 , -49.9116708",rural-rural,rural,2756,"{""sample_routes"":{""date"":""2026-10-06"",""run_id"":""002f04e819e34a14b2981e3357d791b8""},""join_samples"":{""date"":""2026-10-06"",""run_id"":""c00e992d7bb54d65a2dd8f2b7440671c""}}"
724,324,"-23.9971724 , -48.896200300000004","-24.1585113 , -48.7344755",urban-rural,rural,2641,"{""sample_routes"":{""date"":""2026-10-06"",""run_id"":""002f04e819e34a14b2981e3357d791b8""},""join_samples"":{""date"":""2026-10-06"",""run_id"":""c00e992d7bb54d65a2dd8f2b7440671c""}}"
725,325,"-29.415677700000003 , -52.0158861","-29.6749328 , -52.015811500000005",rural-rural,rural,2640,"{""sample_routes"":{""date"":""2026-10-06"",""run_id"":""002f04e819e34a14b2981e3357d791b8""},""join_samples"":{""date"":""2026-10-06"",""run_id"":""c00e992d7bb54d65a2dd8f2b7440671c""}}"
726,326,"-28.6405242 , -53.592449","-28.6399416 , -53.8515231",urban-rural,rural,2637,"{""sample_routes"":{""date"":""2026-10-06"",""run_id"":""002f04e819e34a14b2981e3357d791b8""},""join_samples"":{""date"":""2026-10-06"",""run_id"":""c00e992d7bb54d65a2dd8f2b7440671c""}}"
727,327,"-20.5088647 , -40.9844488","-20.7537398 , -40.985055700000004",rural-rural,rural,2633,"{""sample_routes"":{""date"":""2026-10-06"",""run_id"":""002f04e819e34a14b2981e3357d791b8""},""join_samples"":{""date"":""2026-10-06"",""run_id"":""c00e992d7bb54d65a2dd8f2b7440671c""}}"
728,328,"-10.784885000000001 , -37.378276400000004","-10.974965200000002 , -37.3784615",rural-rural,rural,2631,"{""sample_routes"":{""date"":""2026-10-06"",""run_id"":""002f04e819e34a14b2981e3357d791b8""},""join_samples"":{""date"":""2026-10-06"",""run_id"":""c00e992d7bb54d65a2dd8f2b7440671c""}}"
729,329,"-29.249713200000002 , -50.9380772","-29.0428466 , -50.938105",rural-rural,rural,2625,"{""sample_routes"":{""date"":""2026-10-06"",""run_id"":""002f04e819e34a14b2981e3357d791b8""},""join_samples"":{""date"":""2026-10-06"",""run_id"":""c00e992d7bb54d65a2dd8f2b7440671c""}}"
730,330,"-20.0897501 , -41.3835374","-20.3382253 , -41.3829749",rural-rural,rural,2779,"{""sample_routes"":{""date"":""2026-10-06"",""run_id"":""002f04e819e34a14b2981e3357d791b8""},""join_samples"":{""date"":""2026-10-06"",""run_id"":""c00e992d7bb54d65a2dd8f2b7440671c""}}"
731,331,"-28.071998100000002 , -48.7000188","-28.246967 , -48.875268000000005",rural-rural,rural,2781,"{""sample_routes"":{""date"":""2026-10-06"",""run_id"":""002f04e819e34a14b2981e3357d791b8""},""join_samples"":{""date"":""2026-10-06"",""run_id"":""c00e992d7bb54d65a2dd8f2b7440671c""}}"
732,332,"-20.3064456 , -42.479494300000006","-20.471484200000003 , -42.315169100000006",rural-rural,rural,2784,"{""sample_routes"":{""date"":""2026-10-06"",""run_id"":""002f04e819e34a14b2981e3357d791b8""},""join_samples"":{""date"":""2026-10-06"",""run_id"":""c00e992d7bb54d65a2dd8f2b7440671c""}}"
733,333,"-22.9111665 , -42.7192718","-22.728957700000002 , -42.5368191",rural-rural,rural,2615,"{""sample_routes"":{""date"":""2026-10-06"",""run_id"":""002f04e819e34a14b2981e3357d791b8""},""join_samples"":{""date"":""2026-10-06"",""run_id"":""c00e992d7bb54d65a2dd8f2b7440671c""}}"
734,334,"-18.877863400000003 , -48.8742746","-19.106224 , -48.8738984",urban-rural,rural,2615,"{""sample_routes"":{""date"":""2026-10-06"",""run_id"":""002f04e819e34a14b2981e3357d791b8""},""join_samples"":{""date"":""2026-10-06"",""run_id"":""c00e992d7bb54d65a2dd8f2b7440671c""}}"
735,335,"-13.2185316 , -40.286398500000004","-13.0093981 , -40.0770521",rural-rural,rural,2788,"{""sample_routes"":{""date"":""2026-10-06"",""run_id"":""002f04e819e34a14b2981e3357d791b8""},""join_samples"":{""date"":""2026-10-06"",""run_id"":""c00e992d7bb54d65a2dd8f2b7440671c""}}"
736,336,"-24.4413269 , -49.5564174","-24.134690600000003 , -49.5558989",rural-rural,rural,2804,"{""sample_routes"":{""date"":""2026-10-06"",""run_id"":""002f04e819e34a14b2981e3357d791b8""},""join_samples"":{""date"":""2026-10-06"",""run_id"":""c00e992d7bb54d65a2dd8f2b7440671c""}}"
737,337,"-23.387093500000002 , -45.892971900000006","-23.5343607 , -46.0409358",urban-rural,rural,2590,"{""sample_routes"":{""date"":""2026-10-06"",""run_id"":""002f04e819e34a14b2981e3357d791b8""},""join_samples"":{""date"":""2026-10-06"",""run_id"":""c00e992d7bb54d65a2dd8f2b7440671c""}}"
738,338,"-22.7691184 , -47.6658568","-23.153838200000003 , -47.6665878",rural-rural,rural,2810,"{""sample_routes"":{""date"":""2026-10-06"",""run_id"":""002f04e819e34a14b2981e3357d791b8""},""join_samples"":{""date"":""2026-10-06"",""run_id"":""c00e992d7bb54d65a2dd8f2b7440671c""}}"
739,339,"-7.7669113 , -38.4620619","-7.548432 , -38.4626104",rural-rural,rural,2585,"{""sample_routes"":{""date"":""2026-10-06"",""run_id"":""002f04e819e34a14b2981e3357d791b8""},""join_samples"":{""date"":""2026-10-06"",""run_id"":""c00e992d7bb54d65a2dd8f2b7440671c""}}"
740,340,"-19.6744464 , -43.4472504","-19.5324411 , -43.305283800000005",rural-rural,rural,2819,"{""sample_routes"":{""date"":""2026-10-06"",""run_id"":""002f04e819e34a14b2981e3357d791b8""},""join_samples"":{""date"":""2026-10-06"",""run_id"":""c00e992d7bb54d65a2dd8f2b7440671c""}}"
741,341,"-3.7615789000000004 , -38.6399157","-3.5437381 , -38.856997",urban-rural,rural,2580,"{""sample_routes"":{""date"":""2026-10-06"",""run_id"":""002f04e819e34a14b2981e3357d791b8""},""join_samples"":{""date"":""2026-10-06"",""run_id"":""c00e992d7bb54d65a2dd8f2b7440671c""}}"
742,342,"-9.2528434 , -42.6950584","-9.376366200000001 , -42.5722092",rural-rural,rural,2572,"{""sample_routes"":{""date"":""2026-10-06"",""run_id"":""002f04e819e34a14b2981e3357d791b8""},""join_samples"":{""date"":""2026-10-06"",""run_id"":""c00e992d7bb54d65a2dd8f2b7440671c""}}"
743,343,"-21.426245100000003 , -50.058913100000005","-21.4259117 , -50.3499435",urban-rural,rural,2566,"{""sample_routes"":{""date"":""2026-10-06"",""run_id"":""002f04e819e34a14b2981e3357d791b8""},""join_samples"":{""date"":""2026-10-06"",""run_id"":""c00e992d7bb54d65a2dd8f2b7440671c""}}"
744,344,"-8.7889666 , -39.8316126","-9.067694600000001 , -40.1109123",urban-rural,rural,2837,"{""sample_routes"":{""date"":""2026-10-06"",""run_id"":""002f04e819e34a14b2981e3357d791b8""},""join_samples"":{""date"":""2026-10-06"",""run_id"":""c00e992d7bb54d65a2dd8f2b7440671c""}}"
745,345,"-3.2478847 , -60.17109670000001","-3.2476954 , -60.465715100000004",rural-rural,rural,2843,"{""sample_routes"":{""date"":""2026-10-06"",""run_id"":""002f04e819e34a14b2981e3357d791b8""},""join_samples"":{""date"":""2026-10-06"",""run_id"":""c00e992d7bb54d65a2dd8f2b7440671c""}}"
746,346,"-14.216060100000002 , -41.6702487","-14.4696531 , -41.4173734",urban-rural,rural,2553,"{""sample_routes"":{""date"":""2026-10-06"",""run_id"":""002f04e819e34a14b2981e3357d791b8""},""join_samples"":{""date"":""2026-10-06"",""run_id"":""c00e992d7bb54d65a2dd8f2b7440671c""}}"
747,347,"-23.392982 , -51.8987763","-23.165101500000002 , -51.6706123",urban-rural,rural,2552,"{""sample_routes"":{""date"":""2026-10-06"",""run_id"":""002f04e819e34a14b2981e3357d791b8""},""join_samples"":{""date"":""2026-10-06"",""run_id"":""c00e992d7bb54d65a2dd8f2b7440671c""}}"
748,348,"-18.3532227 , -40.4136821","-18.0743774 , -40.413299200000004",rural-rural,rural,2851,"{""sample_routes"":{""date"":""2026-10-06"",""run_id"":""002f04e819e34a14b2981e3357d791b8""},""join_samples"":{""date"":""2026-10-06"",""run_id"":""c00e992d7bb54d65a2dd8f2b7440671c""}}"
749,349,"-13.0403224 , -39.4637167","-13.1687211 , -39.5913537",rural-rural,rural,2549,"{""sample_routes"":{""date"":""2026-10-06"",""run_id"":""002f04e819e34a14b2981e3357d791b8""},""join_samples"":{""date"":""2026-10-06"",""run_id"":""c00e992d7bb54d65a2dd8f2b7440671c""}}"
750,350,"-7.5560897 , -35.0076091","-7.8693235 , -35.007000500000004",urban-rural,rural,2542,"{""sample_routes"":{""date"":""2026-10-06"",""run_id"":""002f04e819e34a14b2981e3357d791b8""},""join_samples"":{""date"":""2026-10-06"",""run_id"":""c00e992d7bb54d65a2dd8f2b7440671c""}}"
751,351,"-23.356971700000003 , -47.761138100000004","-23.201034800000002 , -47.605500500000005",rural-rural,rural,2541,"{""sample_routes"":{""date"":""2026-10-06"",""run_id"":""002f04e819e34a14b2981e3357d791b8""},""join_samples"":{""date"":""2026-10-06"",""run_id"":""c00e992d7bb54d65a2dd8f2b7440671c""}}"
752,352,"-18.8778048 , -40.5483276","-18.7177635 , -40.5490525",rural-rural,rural,2538,"{""sample_routes"":{""date"":""2026-10-06"",""run_id"":""002f04e819e34a14b2981e3357d791b8""},""join_samples"":{""date"":""2026-10-06"",""run_id"":""c00e992d7bb54d65a2dd8f2b7440671c""}}"
753,353,"-5.6269942 , -50.137884","-5.490519 , -50.275079000000005",rural-rural,rural,2537,"{""sample_routes"":{""date"":""2026-10-06"",""run_id"":""002f04e819e34a14b2981e3357d791b8""},""join_samples"":{""date"":""2026-10-06"",""run_id"":""c00e992d7bb54d65a2dd8f2b7440671c""}}"
754,354,"-6.689646700000001 , -46.614823900000005","-6.8168354 , -46.486975900000004",rural-rural,rural,2535,"{""sample_routes"":{""date"":""2026-10-06"",""run_id"":""002f04e819e34a14b2981e3357d791b8""},""join_samples"":{""date"":""2026-10-06"",""run_id"":""c00e992d7bb54d65a2dd8f2b7440671c""}}"
755,355,"-26.525886200000002 , -49.426157700000005","-26.652409600000002 , -49.3000678",rural-rural,rural,2531,"{""sample_routes"":{""date"":""2026-10-06"",""run_id"":""002f04e819e34a14b2981e3357d791b8""},""join_samples"":{""date"":""2026-10-06"",""run_id"":""c00e992d7bb54d65a2dd8f2b7440671c""}}"
756,356,"-29.9951019 , -51.3064285","-29.9955262 , -51.740423400000005",urban-rural,rural,2871,"{""sample_routes"":{""date"":""2026-10-06"",""run_id"":""002f04e819e34a14b2981e3357d791b8""},""join_samples"":{""date"":""2026-10-06"",""run_id"":""c00e992d7bb54d65a2dd8f2b7440671c""}}"
757,357,"-20.637991500000002 , -51.094687","-20.380867300000002 , -50.8370206",urban-rural,rural,2880,"{""sample_routes"":{""date"":""2026-10-06"",""run_id"":""002f04e819e34a14b2981e3357d791b8""},""join_samples"":{""date"":""2026-10-06"",""run_id"":""c00e992d7bb54d65a2dd8f2b7440671c""}}"
758,358,"-20.2652694 , -40.475322600000005","-20.2657239 , -40.6036536",rural-rural,rural,2503,"{""sample_routes"":{""date"":""2026-10-06"",""run_id"":""002f04e819e34a14b2981e3357d791b8""},""join_samples"":{""date"":""2026-10-06"",""run_id"":""c00e992d7bb54d65a2dd8f2b7440671c""}}"
759,359,"-23.612159700000003 , -51.345925400000006","-23.373343300000002 , -51.1077146",rural-rural,rural,2899,"{""sample_routes"":{""date"":""2026-10-06"",""run_id"":""002f04e819e34a14b2981e3357d791b8""},""join_samples"":{""date"":""2026-10-06"",""run_id"":""c00e992d7bb54d65a2dd8f2b7440671c""}}"
760,360,"-18.173712300000002 , -39.9185664","-18.3721774 , -40.117566000000004",rural-rural,rural,2500,"{""sample_routes"":{""date"":""2026-10-06"",""run_id"":""002f04e819e34a14b2981e3357d791b8""},""join_samples"":{""date"":""2026-10-06"",""run_id"":""c00e992d7bb54d65a2dd8f2b7440671c""}}"
761,361,"-21.403817800000002 , -50.098435200000004","-21.7040469 , -49.7989612",urban-urban,rural,2495,"{""sample_routes"":{""date"":""2026-10-06"",""run_id"":""002f04e819e34a14b2981e3357d791b8""},""join_samples"":{""date"":""2026-10-06"",""run_id"":""c00e992d7bb54d65a2dd8f2b7440671c""}}"
762,362,"-23.5699146 , -48.0195142","-23.3959511 , -47.844938600000006",urban-rural,rural,2490,"{""sample_routes"":{""date"":""2026-10-06"",""run_id"":""002f04e819e34a14b2981e3357d791b8""},""join_samples"":{""date"":""2026-10-06"",""run_id"":""c00e992d7bb54d65a2dd8f2b7440671c""}}"
763,363,"-10.1085057 , -36.9195389","-10.403127000000001 , -36.918735000000005",rural-rural,rural,2486,"{""sample_routes"":{""date"":""2026-10-06"",""run_id"":""002f04e819e34a14b2981e3357d791b8""},""join_samples"":{""date"":""2026-10-06"",""run_id"":""c00e992d7bb54d65a2dd8f2b7440671c""}}"
764,364,"-6.0829924 , -37.9021601","-5.7782999 , -37.9025692",rural-rural,rural,2915,"{""sample_routes"":{""date"":""2026-10-06"",""run_id"":""002f04e819e34a14b2981e3357d791b8""},""join_samples"":{""date"":""2026-10-06"",""run_id"":""c00e992d7bb54d65a2dd8f2b7440671c""}}"
765,365,"-16.383298500000002 , -53.182092000000004","-16.383523 , -53.648160000000004",rural-rural,rural,2916,"{""sample_routes"":{""date"":""2026-10-06"",""run_id"":""002f04e819e34a14b2981e3357d791b8""},""join_samples"":{""date"":""2026-10-06"",""run_id"":""c00e992d7bb54d65a2dd8f2b7440671c""}}"
766,366,"-3.0110503000000004 , -60.0115903","-2.6199253000000002 , -60.01205830000001",urban-rural,rural,2918,"{""sample_routes"":{""date"":""2026-10-06"",""run_id"":""002f04e819e34a14b2981e3357d791b8""},""join_samples"":{""date"":""2026-10-06"",""run_id"":""c00e992d7bb54d65a2dd8f2b7440671c""}}"
767,367,"-14.2443659 , -40.7247493","-14.0330676 , -40.512687",rural-rural,rural,2480,"{""sample_routes"":{""date"":""2026-10-06"",""run_id"":""002f04e819e34a14b2981e3357d791b8""},""join_samples"":{""date"":""2026-10-06"",""run_id"":""c00e992d7bb54d65a2dd8f2b7440671c""}}"
768,368,"-18.8624049 , -48.2123641","-19.1400922 , -47.9339102",rural-rural,rural,2480,"{""sample_routes"":{""date"":""2026-10-06"",""run_id"":""002f04e819e34a14b2981e3357d791b8""},""join_samples"":{""date"":""2026-10-06"",""run_id"":""c00e992d7bb54d65a2dd8f2b7440671c""}}"
769,369,"-5.6608302 , -37.798939700000005","-6.0193002 , -38.1571054",urban-rural,rural,2923,"{""sample_routes"":{""date"":""2026-10-06"",""run_id"":""002f04e819e34a14b2981e3357d791b8""},""join_samples"":{""date"":""2026-10-06"",""run_id"":""c00e992d7bb54d65a2dd8f2b7440671c""}}"
770,370,"-29.8167745 , -51.156483900000005","-29.816784300000002 , -51.61755410000001",urban-rural,rural,2923,"{""sample_routes"":{""date"":""2026-10-06"",""run_id"":""002f04e819e34a14b2981e3357d791b8""},""join_samples"":{""date"":""2026-10-06"",""run_id"":""c00e992d7bb54d65a2dd8f2b7440671c""}}"
771,371,"-10.5400069 , -37.8731968","-10.372950600000001 , -38.041026200000005",rural-rural,rural,2924,"{""sample_routes"":{""date"":""2026-10-06"",""run_id"":""002f04e819e34a14b2981e3357d791b8""},""join_samples"":{""date"":""2026-10-06"",""run_id"":""c00e992d7bb54d65a2dd8f2b7440671c""}}"
772,372,"-20.394323200000002 , -44.5005794","-20.545427800000002 , -44.3501757",urban-rural,rural,2930,"{""sample_routes"":{""date"":""2026-10-06"",""run_id"":""002f04e819e34a14b2981e3357d791b8""},""join_samples"":{""date"":""2026-10-06"",""run_id"":""c00e992d7bb54d65a2dd8f2b7440671c""}}"
773,373,"-3.7022356000000003 , -42.9338488","-3.9637037000000004 , -42.9336021",rural-rural,rural,2465,"{""sample_routes"":{""date"":""2026-10-06"",""run_id"":""002f04e819e34a14b2981e3357d791b8""},""join_samples"":{""date"":""2026-10-06"",""run_id"":""c00e992d7bb54d65a2dd8f2b7440671c""}}"
774,374,"-20.8778435 , -45.328085400000006","-21.076504800000002 , -45.5266651",rural-rural,rural,2941,"{""sample_routes"":{""date"":""2026-10-06"",""run_id"":""002f04e819e34a14b2981e3357d791b8""},""join_samples"":{""date"":""2026-10-06"",""run_id"":""c00e992d7bb54d65a2dd8f2b7440671c""}}"
775,375,"-4.4337759000000005 , -39.025421","-4.3268979000000005 , -38.918450500000006",rural-rural,rural,2945,"{""sample_routes"":{""date"":""2026-10-06"",""run_id"":""002f04e819e34a14b2981e3357d791b8""},""join_samples"":{""date"":""2026-10-06"",""run_id"":""c00e992d7bb54d65a2dd8f2b7440671c""}}"
776,376,"-14.268398300000001 , -42.0168042","-14.389218600000001 , -42.016728400000005",rural-rural,rural,2453,"{""sample_routes"":{""date"":""2026-10-06"",""run_id"":""002f04e819e34a14b2981e3357d791b8""},""join_samples"":{""date"":""2026-10-06"",""run_id"":""c00e992d7bb54d65a2dd8f2b7440671c""}}"
777,377,"-13.950352700000002 , -42.1393275","-13.950990500000001 , -42.328144300000005",rural-rural,rural,2451,"{""sample_routes"":{""date"":""2026-10-06"",""run_id"":""002f04e819e34a14b2981e3357d791b8""},""join_samples"":{""date"":""2026-10-06"",""run_id"":""c00e992d7bb54d65a2dd8f2b7440671c""}}"
778,378,"-4.3913956 , -39.318282700000005","-4.3915952 , -39.5660149",rural-rural,rural,2949,"{""sample_routes"":{""date"":""2026-10-06"",""run_id"":""002f04e819e34a14b2981e3357d791b8""},""join_samples"":{""date"":""2026-10-06"",""run_id"":""c00e992d7bb54d65a2dd8f2b7440671c""}}"
779,379,"-4.1110303 , -55.927790300000005","-3.9894246000000004 , -56.0500217",rural-rural,rural,2955,"{""sample_routes"":{""date"":""2026-10-06"",""run_id"":""002f04e819e34a14b2981e3357d791b8""},""join_samples"":{""date"":""2026-10-06"",""run_id"":""c00e992d7bb54d65a2dd8f2b7440671c""}}"
780,380,"-6.0294629 , -39.471678600000004","-5.853286600000001 , -39.6472241",rural-rural,rural,2426,"{""sample_routes"":{""date"":""2026-10-06"",""run_id"":""002f04e819e34a14b2981e3357d791b8""},""join_samples"":{""date"":""2026-10-06"",""run_id"":""c00e992d7bb54d65a2dd8f2b7440671c""}}"
781,381,"-8.8968402 , -36.6642912","-8.6397673 , -36.664601000000005",rural-rural,rural,2974,"{""sample_routes"":{""date"":""2026-10-06"",""run_id"":""002f04e819e34a14b2981e3357d791b8""},""join_samples"":{""date"":""2026-10-06"",""run_id"":""c00e992d7bb54d65a2dd8f2b7440671c""}}"
782,382,"-25.5241855 , -51.5368391","-25.6840578 , -51.3769743",rural-rural,rural,2977,"{""sample_routes"":{""date"":""2026-10-06"",""run_id"":""002f04e819e34a14b2981e3357d791b8""},""join_samples"":{""date"":""2026-10-06"",""run_id"":""c00e992d7bb54d65a2dd8f2b7440671c""}}"
783,383,"-3.3963453 , -42.471967","-3.3379476 , -42.5310319",urban-rural,rural,2418,"{""sample_routes"":{""date"":""2026-10-06"",""run_id"":""002f04e819e34a14b2981e3357d791b8""},""join_samples"":{""date"":""2026-10-06"",""run_id"":""c00e992d7bb54d65a2dd8f2b7440671c""}}"
784,384,"-7.0323039000000005 , -35.4767807","-6.723608100000001 , -35.4761195",rural-rural,rural,2983,"{""sample_routes"":{""date"":""2026-10-06"",""run_id"":""002f04e819e34a14b2981e3357d791b8""},""join_samples"":{""date"":""2026-10-06"",""run_id"":""c00e992d7bb54d65a2dd8f2b7440671c""}}"
785,385,"-16.7480239 , -49.3930772","-16.747320900000002 , -49.7169113",rural-rural,rural,2995,"{""sample_routes"":{""date"":""2026-10-06"",""run_id"":""002f04e819e34a14b2981e3357d791b8""},""join_samples"":{""date"":""2026-10-06"",""run_id"":""c00e992d7bb54d65a2dd8f2b7440671c""}}"
786,386,"-18.653286 , -40.8592406","-18.9570747 , -40.8587499",rural-rural,rural,2997,"{""sample_routes"":{""date"":""2026-10-06"",""run_id"":""002f04e819e34a14b2981e3357d791b8""},""join_samples"":{""date"":""2026-10-06"",""run_id"":""c00e992d7bb54d65a2dd8f2b7440671c""}}"
787,387,"-12.721240100000001 , -39.926900700000004","-13.023961600000002 , -39.6235979",rural-rural,rural,2998,"{""sample_routes"":{""date"":""2026-10-06"",""run_id"":""002f04e819e34a14b2981e3357d791b8""},""join_samples"":{""date"":""2026-10-06"",""run_id"":""c00e992d7bb54d65a2dd8f2b7440671c""}}"
788,388,"-8.896798800000001 , -36.4943796","-9.2880119 , -36.494046000000004",urban-rural,rural,3001,"{""sample_routes"":{""date"":""2026-10-06"",""run_id"":""002f04e819e34a14b2981e3357d791b8""},""join_samples"":{""date"":""2026-10-06"",""run_id"":""c00e992d7bb54d65a2dd8f2b7440671c""}}"
789,389,"-19.2347532 , -40.396618800000006","-19.459466900000002 , -40.621744400000004",rural-rural,rural,3007,"{""sample_routes"":{""date"":""2026-10-06"",""run_id"":""002f04e819e34a14b2981e3357d791b8""},""join_samples"":{""date"":""2026-10-06"",""run_id"":""c00e992d7bb54d65a2dd8f2b7440671c""}}"
790,390,"-9.401221900000001 , -36.2938977","-9.231681100000001 , -36.462863500000005",rural-rural,rural,3021,"{""sample_routes"":{""date"":""2026-10-06"",""run_id"":""002f04e819e34a14b2981e3357d791b8""},""join_samples"":{""date"":""2026-10-06"",""run_id"":""c00e992d7bb54d65a2dd8f2b7440671c""}}"
791,391,"-19.5390917 , -44.238731400000006","-19.686116900000002 , -44.386265",rural-rural,rural,3027,"{""sample_routes"":{""date"":""2026-10-06"",""run_id"":""002f04e819e34a14b2981e3357d791b8""},""join_samples"":{""date"":""2026-10-06"",""run_id"":""c00e992d7bb54d65a2dd8f2b7440671c""}}"
792,392,"-30.3409148 , -51.660488300000004","-30.6010068 , -51.6602613",rural-rural,rural,3035,"{""sample_routes"":{""date"":""2026-10-06"",""run_id"":""002f04e819e34a14b2981e3357d791b8""},""join_samples"":{""date"":""2026-10-06"",""run_id"":""c00e992d7bb54d65a2dd8f2b7440671c""}}"
793,393,"-20.740432900000002 , -43.8746571","-20.5657003 , -44.049819400000004",rural-rural,rural,3037,"{""sample_routes"":{""date"":""2026-10-06"",""run_id"":""002f04e819e34a14b2981e3357d791b8""},""join_samples"":{""date"":""2026-10-06"",""run_id"":""c00e992d7bb54d65a2dd8f2b7440671c""}}"
794,394,"-12.0856189 , -38.9937696","-11.6025159 , -38.9945394",rural-rural,rural,3041,"{""sample_routes"":{""date"":""2026-10-06"",""run_id"":""002f04e819e34a14b2981e3357d791b8""},""join_samples"":{""date"":""2026-10-06"",""run_id"":""c00e992d7bb54d65a2dd8f2b7440671c""}}"
795,395,"-25.775774100000003 , -53.5433346","-26.0857257 , -53.23276250000001",urban-rural,rural,2357,"{""sample_routes"":{""date"":""2026-10-06"",""run_id"":""002f04e819e34a14b2981e3357d791b8""},""join_samples"":{""date"":""2026-10-06"",""run_id"":""c00e992d7bb54d65a2dd8f2b7440671c""}}"
796,396,"-9.7079968 , -36.2118308","-9.552216600000001 , -36.055665000000005",rural-rural,rural,3063,"{""sample_routes"":{""date"":""2026-10-06"",""run_id"":""002f04e819e34a14b2981e3357d791b8""},""join_samples"":{""date"":""2026-10-06"",""run_id"":""c00e992d7bb54d65a2dd8f2b7440671c""}}"
797,397,"-29.8387895 , -50.5156203","-30.1509798 , -50.515239",urban-rural,rural,3071,"{""sample_routes"":{""date"":""2026-10-06"",""run_id"":""002f04e819e34a14b2981e3357d791b8""},""join_samples"":{""date"":""2026-10-06"",""run_id"":""c00e992d7bb54d65a2dd8f2b7440671c""}}"
798,398,"-21.679012 , -49.7356575","-21.4944352 , -49.5505714",urban-rural,rural,2326,"{""sample_routes"":{""date"":""2026-10-06"",""run_id"":""002f04e819e34a14b2981e3357d791b8""},""join_samples"":{""date"":""2026-10-06"",""run_id"":""c00e992d7bb54d65a2dd8f2b7440671c""}}"
799,399,"-10.459464800000001 , -63.970893600000004","-10.333433000000001 , -64.096309",rural-rural,rural,2312,"{""sample_routes"":{""date"":""2026-10-06"",""run_id"":""002f04e819e34a14b2981e3357d791b8""},""join_samples"":{""date"":""2026-10-06"",""run_id"":""c00e992d7bb54d65a2dd8f2b7440671c""}}"
