join_index,sampling_index,origin,destination,area,journeyClass,ttpTravelTime,metadata
0,0,"25.6651908 , -100.3348021","25.618854900000002 , -100.3350073",urban-urban,urban,901,"{""sample_routes"":{""date"":""2026-09-22"",""run_id"":""eda5cecdd4b747b5b8244863c0d42c75""},""join_samples"":{""date"":""2026-09-22"",""run_id"":""66479cb411414ac68408a0eb73732b43""},""upload_data"":{""date"":""2026-09-22"",""run_id"":""2d2ef995ec9943ff977cf7535bb16978""}}"
1,1,"18.8810381 , -96.9622099","18.925453700000002 , -97.0067185",urban-urban,urban,901,"{""sample_routes"":{""date"":""2026-09-22"",""run_id"":""eda5cecdd4b747b5b8244863c0d42c75""},""join_samples"":{""date"":""2026-09-22"",""run_id"":""66479cb411414ac68408a0eb73732b43""},""upload_data"":{""date"":""2026-09-22"",""run_id"":""2d2ef995ec9943ff977cf7535bb16978""}}"
2,2,"19.0362766 , -98.781445","19.020394500000002 , -98.7971145",urban-urban,urban,902,"{""sample_routes"":{""date"":""2026-09-22"",""run_id"":""eda5cecdd4b747b5b8244863c0d42c75""},""join_samples"":{""date"":""2026-09-22"",""run_id"":""66479cb411414ac68408a0eb73732b43""},""upload_data"":{""date"":""2026-09-22"",""run_id"":""2d2ef995ec9943ff977cf7535bb16978""}}"
3,3,"19.2403023 , -98.2221669","19.2153405 , -98.2471678",rural-urban,urban,898,"{""sample_routes"":{""date"":""2026-09-22"",""run_id"":""eda5cecdd4b747b5b8244863c0d42c75""},""join_samples"":{""date"":""2026-09-22"",""run_id"":""66479cb411414ac68408a0eb73732b43""},""upload_data"":{""date"":""2026-09-22"",""run_id"":""2d2ef995ec9943ff977cf7535bb16978""}}"
4,4,"19.3350626 , -99.157835","19.302130100000003 , -99.12467240000001",urban-urban,urban,903,"{""sample_routes"":{""date"":""2026-09-22"",""run_id"":""eda5cecdd4b747b5b8244863c0d42c75""},""join_samples"":{""date"":""2026-09-22"",""run_id"":""66479cb411414ac68408a0eb73732b43""},""upload_data"":{""date"":""2026-09-22"",""run_id"":""2d2ef995ec9943ff977cf7535bb16978""}}"
5,5,"24.805552600000002 , -100.0743868","24.8384028 , -100.07429110000001",urban-urban,urban,903,"{""sample_routes"":{""date"":""2026-09-22"",""run_id"":""eda5cecdd4b747b5b8244863c0d42c75""},""join_samples"":{""date"":""2026-09-22"",""run_id"":""66479cb411414ac68408a0eb73732b43""},""upload_data"":{""date"":""2026-09-22"",""run_id"":""2d2ef995ec9943ff977cf7535bb16978""}}"
6,6,"27.072718100000003 , -109.4261718","27.046776 , -109.4518948",urban-urban,urban,903,"{""sample_routes"":{""date"":""2026-09-22"",""run_id"":""eda5cecdd4b747b5b8244863c0d42c75""},""join_samples"":{""date"":""2026-09-22"",""run_id"":""66479cb411414ac68408a0eb73732b43""},""upload_data"":{""date"":""2026-09-22"",""run_id"":""2d2ef995ec9943ff977cf7535bb16978""}}"
7,7,"19.2996357 , -98.9444883","19.2533886 , -98.94434480000001",urban-urban,urban,904,"{""sample_routes"":{""date"":""2026-09-22"",""run_id"":""eda5cecdd4b747b5b8244863c0d42c75""},""join_samples"":{""date"":""2026-09-22"",""run_id"":""66479cb411414ac68408a0eb73732b43""},""upload_data"":{""date"":""2026-09-22"",""run_id"":""2d2ef995ec9943ff977cf7535bb16978""}}"
8,8,"27.9448869 , -110.9303036","27.913325200000003 , -110.89885260000001",urban-urban,urban,906,"{""sample_routes"":{""date"":""2026-09-22"",""run_id"":""eda5cecdd4b747b5b8244863c0d42c75""},""join_samples"":{""date"":""2026-09-22"",""run_id"":""66479cb411414ac68408a0eb73732b43""},""upload_data"":{""date"":""2026-09-22"",""run_id"":""2d2ef995ec9943ff977cf7535bb16978""}}"
9,9,"20.0556296 , -98.42067080000001","20.0749426 , -98.4012285",urban-urban,urban,894,"{""sample_routes"":{""date"":""2026-09-22"",""run_id"":""eda5cecdd4b747b5b8244863c0d42c75""},""join_samples"":{""date"":""2026-09-22"",""run_id"":""66479cb411414ac68408a0eb73732b43""},""upload_data"":{""date"":""2026-09-22"",""run_id"":""2d2ef995ec9943ff977cf7535bb16978""}}"
10,10,"25.660078700000003 , -100.2685816","25.6243702 , -100.30442880000001",urban-urban,urban,906,"{""sample_routes"":{""date"":""2026-09-22"",""run_id"":""eda5cecdd4b747b5b8244863c0d42c75""},""join_samples"":{""date"":""2026-09-22"",""run_id"":""66479cb411414ac68408a0eb73732b43""},""upload_data"":{""date"":""2026-09-22"",""run_id"":""2d2ef995ec9943ff977cf7535bb16978""}}"
11,11,"18.636490300000002 , -99.2030333","18.6114172 , -99.17819270000001",urban-urban,urban,892,"{""sample_routes"":{""date"":""2026-09-22"",""run_id"":""eda5cecdd4b747b5b8244863c0d42c75""},""join_samples"":{""date"":""2026-09-22"",""run_id"":""66479cb411414ac68408a0eb73732b43""},""upload_data"":{""date"":""2026-09-22"",""run_id"":""2d2ef995ec9943ff977cf7535bb16978""}}"
12,12,"18.9948698 , -99.08990510000001","18.994836600000003 , -99.1202164",urban-urban,urban,910,"{""sample_routes"":{""date"":""2026-09-22"",""run_id"":""eda5cecdd4b747b5b8244863c0d42c75""},""join_samples"":{""date"":""2026-09-22"",""run_id"":""66479cb411414ac68408a0eb73732b43""},""upload_data"":{""date"":""2026-09-22"",""run_id"":""2d2ef995ec9943ff977cf7535bb16978""}}"
13,13,"20.0709409 , -98.8162384","20.059549500000003 , -98.8050067",rural-urban,urban,912,"{""sample_routes"":{""date"":""2026-09-22"",""run_id"":""eda5cecdd4b747b5b8244863c0d42c75""},""join_samples"":{""date"":""2026-09-22"",""run_id"":""66479cb411414ac68408a0eb73732b43""},""upload_data"":{""date"":""2026-09-22"",""run_id"":""2d2ef995ec9943ff977cf7535bb16978""}}"
14,14,"25.985457500000003 , -98.2829408","26.013768900000002 , -98.3112258",urban-urban,urban,913,"{""sample_routes"":{""date"":""2026-09-22"",""run_id"":""eda5cecdd4b747b5b8244863c0d42c75""},""join_samples"":{""date"":""2026-09-22"",""run_id"":""66479cb411414ac68408a0eb73732b43""},""upload_data"":{""date"":""2026-09-22"",""run_id"":""2d2ef995ec9943ff977cf7535bb16978""}}"
15,15,"19.2351114 , -98.9986939","19.277416000000002 , -98.9984811",urban-urban,urban,887,"{""sample_routes"":{""date"":""2026-09-22"",""run_id"":""eda5cecdd4b747b5b8244863c0d42c75""},""join_samples"":{""date"":""2026-09-22"",""run_id"":""66479cb411414ac68408a0eb73732b43""},""upload_data"":{""date"":""2026-09-22"",""run_id"":""2d2ef995ec9943ff977cf7535bb16978""}}"
16,16,"20.6273923 , -103.25602930000001","20.627597 , -103.3245483",urban-urban,urban,914,"{""sample_routes"":{""date"":""2026-09-22"",""run_id"":""eda5cecdd4b747b5b8244863c0d42c75""},""join_samples"":{""date"":""2026-09-22"",""run_id"":""66479cb411414ac68408a0eb73732b43""},""upload_data"":{""date"":""2026-09-22"",""run_id"":""2d2ef995ec9943ff977cf7535bb16978""}}"
17,17,"18.2942748 , -93.2320397","18.2705458 , -93.23191720000001",urban-urban,urban,914,"{""sample_routes"":{""date"":""2026-09-22"",""run_id"":""eda5cecdd4b747b5b8244863c0d42c75""},""join_samples"":{""date"":""2026-09-22"",""run_id"":""66479cb411414ac68408a0eb73732b43""},""upload_data"":{""date"":""2026-09-22"",""run_id"":""2d2ef995ec9943ff977cf7535bb16978""}}"
18,18,"20.2488363 , -99.1967924","20.2257894 , -99.2196083",urban-urban,urban,915,"{""sample_routes"":{""date"":""2026-09-22"",""run_id"":""eda5cecdd4b747b5b8244863c0d42c75""},""join_samples"":{""date"":""2026-09-22"",""run_id"":""66479cb411414ac68408a0eb73732b43""},""upload_data"":{""date"":""2026-09-22"",""run_id"":""2d2ef995ec9943ff977cf7535bb16978""}}"
19,19,"26.031933600000002 , -98.23676590000001","25.9962635 , -98.2010042",urban-rural,urban,915,"{""sample_routes"":{""date"":""2026-09-22"",""run_id"":""eda5cecdd4b747b5b8244863c0d42c75""},""join_samples"":{""date"":""2026-09-22"",""run_id"":""66479cb411414ac68408a0eb73732b43""},""upload_data"":{""date"":""2026-09-22"",""run_id"":""2d2ef995ec9943ff977cf7535bb16978""}}"
20,20,"19.837616800000003 , -98.0036795","19.8540019 , -98.0198828",rural-urban,urban,885,"{""sample_routes"":{""date"":""2026-09-22"",""run_id"":""eda5cecdd4b747b5b8244863c0d42c75""},""join_samples"":{""date"":""2026-09-22"",""run_id"":""66479cb411414ac68408a0eb73732b43""},""upload_data"":{""date"":""2026-09-22"",""run_id"":""2d2ef995ec9943ff977cf7535bb16978""}}"
21,21,"19.683681800000002 , -100.5636142","19.660743 , -100.5405477",urban-rural,urban,884,"{""sample_routes"":{""date"":""2026-09-22"",""run_id"":""eda5cecdd4b747b5b8244863c0d42c75""},""join_samples"":{""date"":""2026-09-22"",""run_id"":""66479cb411414ac68408a0eb73732b43""},""upload_data"":{""date"":""2026-09-22"",""run_id"":""2d2ef995ec9943ff977cf7535bb16978""}}"
22,22,"19.587340100000002 , -98.992227","19.6193245 , -98.96021560000001",urban-urban,urban,918,"{""sample_routes"":{""date"":""2026-09-22"",""run_id"":""eda5cecdd4b747b5b8244863c0d42c75""},""join_samples"":{""date"":""2026-09-22"",""run_id"":""66479cb411414ac68408a0eb73732b43""},""upload_data"":{""date"":""2026-09-22"",""run_id"":""2d2ef995ec9943ff977cf7535bb16978""}}"
23,23,"28.6216289 , -106.1221598","28.703754500000002 , -106.12206470000001",urban-urban,urban,879,"{""sample_routes"":{""date"":""2026-09-22"",""run_id"":""eda5cecdd4b747b5b8244863c0d42c75""},""join_samples"":{""date"":""2026-09-22"",""run_id"":""66479cb411414ac68408a0eb73732b43""},""upload_data"":{""date"":""2026-09-22"",""run_id"":""2d2ef995ec9943ff977cf7535bb16978""}}"
24,24,"28.5998677 , -106.12366870000001","28.6393254 , -106.1632544",urban-rural,urban,879,"{""sample_routes"":{""date"":""2026-09-22"",""run_id"":""eda5cecdd4b747b5b8244863c0d42c75""},""join_samples"":{""date"":""2026-09-22"",""run_id"":""66479cb411414ac68408a0eb73732b43""},""upload_data"":{""date"":""2026-09-22"",""run_id"":""2d2ef995ec9943ff977cf7535bb16978""}}"
25,25,"21.1406105 , -101.68020820000001","21.178173 , -101.71750100000001",urban-urban,urban,923,"{""sample_routes"":{""date"":""2026-09-22"",""run_id"":""eda5cecdd4b747b5b8244863c0d42c75""},""join_samples"":{""date"":""2026-09-22"",""run_id"":""66479cb411414ac68408a0eb73732b43""},""upload_data"":{""date"":""2026-09-22"",""run_id"":""2d2ef995ec9943ff977cf7535bb16978""}}"
26,26,"20.6377862 , -103.4760128","20.663878 , -103.44995270000001",urban-urban,urban,924,"{""sample_routes"":{""date"":""2026-09-22"",""run_id"":""eda5cecdd4b747b5b8244863c0d42c75""},""join_samples"":{""date"":""2026-09-22"",""run_id"":""66479cb411414ac68408a0eb73732b43""},""upload_data"":{""date"":""2026-09-22"",""run_id"":""2d2ef995ec9943ff977cf7535bb16978""}}"
27,27,"18.975981100000002 , -98.1546644","18.948230600000002 , -98.1823528",urban-urban,urban,925,"{""sample_routes"":{""date"":""2026-09-22"",""run_id"":""eda5cecdd4b747b5b8244863c0d42c75""},""join_samples"":{""date"":""2026-09-22"",""run_id"":""66479cb411414ac68408a0eb73732b43""},""upload_data"":{""date"":""2026-09-22"",""run_id"":""2d2ef995ec9943ff977cf7535bb16978""}}"
28,28,"19.260232600000002 , -99.62822170000001","19.2372963 , -99.65139",urban-urban,urban,873,"{""sample_routes"":{""date"":""2026-09-22"",""run_id"":""eda5cecdd4b747b5b8244863c0d42c75""},""join_samples"":{""date"":""2026-09-22"",""run_id"":""66479cb411414ac68408a0eb73732b43""},""upload_data"":{""date"":""2026-09-22"",""run_id"":""2d2ef995ec9943ff977cf7535bb16978""}}"
29,29,"19.138974700000002 , -98.2561939","19.164273700000003 , -98.23106250000001",urban-urban,urban,928,"{""sample_routes"":{""date"":""2026-09-22"",""run_id"":""eda5cecdd4b747b5b8244863c0d42c75""},""join_samples"":{""date"":""2026-09-22"",""run_id"":""66479cb411414ac68408a0eb73732b43""},""upload_data"":{""date"":""2026-09-22"",""run_id"":""2d2ef995ec9943ff977cf7535bb16978""}}"
30,30,"19.4418717 , -99.08556390000001","19.3983731 , -99.04187080000001",urban-urban,urban,928,"{""sample_routes"":{""date"":""2026-09-22"",""run_id"":""eda5cecdd4b747b5b8244863c0d42c75""},""join_samples"":{""date"":""2026-09-22"",""run_id"":""66479cb411414ac68408a0eb73732b43""},""upload_data"":{""date"":""2026-09-22"",""run_id"":""2d2ef995ec9943ff977cf7535bb16978""}}"
31,31,"32.591889800000004 , -115.48403830000001","32.5861427 , -115.48989710000001",urban-urban,urban,872,"{""sample_routes"":{""date"":""2026-09-22"",""run_id"":""eda5cecdd4b747b5b8244863c0d42c75""},""join_samples"":{""date"":""2026-09-22"",""run_id"":""66479cb411414ac68408a0eb73732b43""},""upload_data"":{""date"":""2026-09-22"",""run_id"":""2d2ef995ec9943ff977cf7535bb16978""}}"
32,32,"26.0375042 , -98.3417823","26.069521100000003 , -98.3736082",urban-urban,urban,929,"{""sample_routes"":{""date"":""2026-09-22"",""run_id"":""eda5cecdd4b747b5b8244863c0d42c75""},""join_samples"":{""date"":""2026-09-22"",""run_id"":""66479cb411414ac68408a0eb73732b43""},""upload_data"":{""date"":""2026-09-22"",""run_id"":""2d2ef995ec9943ff977cf7535bb16978""}}"
33,33,"23.721252 , -99.1816409","23.7006403 , -99.1607876",urban-urban,urban,871,"{""sample_routes"":{""date"":""2026-09-22"",""run_id"":""eda5cecdd4b747b5b8244863c0d42c75""},""join_samples"":{""date"":""2026-09-22"",""run_id"":""66479cb411414ac68408a0eb73732b43""},""upload_data"":{""date"":""2026-09-22"",""run_id"":""2d2ef995ec9943ff977cf7535bb16978""}}"
34,34,"29.135703200000002 , -111.0240303","29.0955158 , -111.024089",urban-urban,urban,930,"{""sample_routes"":{""date"":""2026-09-22"",""run_id"":""eda5cecdd4b747b5b8244863c0d42c75""},""join_samples"":{""date"":""2026-09-22"",""run_id"":""66479cb411414ac68408a0eb73732b43""},""upload_data"":{""date"":""2026-09-22"",""run_id"":""2d2ef995ec9943ff977cf7535bb16978""}}"
35,35,"26.9102636 , -101.43036780000001","26.948841400000003 , -101.43009450000001",urban-urban,urban,869,"{""sample_routes"":{""date"":""2026-09-22"",""run_id"":""eda5cecdd4b747b5b8244863c0d42c75""},""join_samples"":{""date"":""2026-09-22"",""run_id"":""66479cb411414ac68408a0eb73732b43""},""upload_data"":{""date"":""2026-09-22"",""run_id"":""2d2ef995ec9943ff977cf7535bb16978""}}"
36,36,"19.163718300000003 , -98.38500640000001","19.1635488 , -98.42730610000001",urban-urban,urban,869,"{""sample_routes"":{""date"":""2026-09-22"",""run_id"":""eda5cecdd4b747b5b8244863c0d42c75""},""join_samples"":{""date"":""2026-09-22"",""run_id"":""66479cb411414ac68408a0eb73732b43""},""upload_data"":{""date"":""2026-09-22"",""run_id"":""2d2ef995ec9943ff977cf7535bb16978""}}"
37,37,"18.812360700000003 , -99.1964744","18.789998 , -99.1739421",urban-rural,urban,931,"{""sample_routes"":{""date"":""2026-09-22"",""run_id"":""eda5cecdd4b747b5b8244863c0d42c75""},""join_samples"":{""date"":""2026-09-22"",""run_id"":""66479cb411414ac68408a0eb73732b43""},""upload_data"":{""date"":""2026-09-22"",""run_id"":""2d2ef995ec9943ff977cf7535bb16978""}}"
38,38,"21.1566087 , -101.69198890000001","21.194801000000002 , -101.7304273",urban-urban,urban,868,"{""sample_routes"":{""date"":""2026-09-22"",""run_id"":""eda5cecdd4b747b5b8244863c0d42c75""},""join_samples"":{""date"":""2026-09-22"",""run_id"":""66479cb411414ac68408a0eb73732b43""},""upload_data"":{""date"":""2026-09-22"",""run_id"":""2d2ef995ec9943ff977cf7535bb16978""}}"
39,39,"18.9754001 , -99.07885040000001","18.9751325 , -99.1194007",rural-urban,urban,932,"{""sample_routes"":{""date"":""2026-09-22"",""run_id"":""eda5cecdd4b747b5b8244863c0d42c75""},""join_samples"":{""date"":""2026-09-22"",""run_id"":""66479cb411414ac68408a0eb73732b43""},""upload_data"":{""date"":""2026-09-22"",""run_id"":""2d2ef995ec9943ff977cf7535bb16978""}}"
40,40,"19.269441200000003 , -98.85796710000001","19.2292233 , -98.85798720000001",urban-urban,urban,933,"{""sample_routes"":{""date"":""2026-09-22"",""run_id"":""eda5cecdd4b747b5b8244863c0d42c75""},""join_samples"":{""date"":""2026-09-22"",""run_id"":""66479cb411414ac68408a0eb73732b43""},""upload_data"":{""date"":""2026-09-22"",""run_id"":""2d2ef995ec9943ff977cf7535bb16978""}}"
41,41,"19.3242069 , -98.2028657","19.3017358 , -98.18029870000001",urban-urban,urban,866,"{""sample_routes"":{""date"":""2026-09-22"",""run_id"":""eda5cecdd4b747b5b8244863c0d42c75""},""join_samples"":{""date"":""2026-09-22"",""run_id"":""66479cb411414ac68408a0eb73732b43""},""upload_data"":{""date"":""2026-09-22"",""run_id"":""2d2ef995ec9943ff977cf7535bb16978""}}"
42,42,"19.2159857 , -99.62835120000001","19.254369 , -99.6281244",urban-urban,urban,934,"{""sample_routes"":{""date"":""2026-09-22"",""run_id"":""eda5cecdd4b747b5b8244863c0d42c75""},""join_samples"":{""date"":""2026-09-22"",""run_id"":""66479cb411414ac68408a0eb73732b43""},""upload_data"":{""date"":""2026-09-22"",""run_id"":""2d2ef995ec9943ff977cf7535bb16978""}}"
43,43,"20.6284411 , -103.4178634","20.6284868 , -103.48234690000001",urban-urban,urban,934,"{""sample_routes"":{""date"":""2026-09-22"",""run_id"":""eda5cecdd4b747b5b8244863c0d42c75""},""join_samples"":{""date"":""2026-09-22"",""run_id"":""66479cb411414ac68408a0eb73732b43""},""upload_data"":{""date"":""2026-09-22"",""run_id"":""2d2ef995ec9943ff977cf7535bb16978""}}"
44,44,"17.9649688 , -92.9347367","17.9484554 , -92.95110860000001",urban-urban,urban,935,"{""sample_routes"":{""date"":""2026-09-22"",""run_id"":""eda5cecdd4b747b5b8244863c0d42c75""},""join_samples"":{""date"":""2026-09-22"",""run_id"":""66479cb411414ac68408a0eb73732b43""},""upload_data"":{""date"":""2026-09-22"",""run_id"":""2d2ef995ec9943ff977cf7535bb16978""}}"
45,45,"18.4426269 , -97.36019610000001","18.4247087 , -97.37802780000001",rural-urban,urban,864,"{""sample_routes"":{""date"":""2026-09-22"",""run_id"":""eda5cecdd4b747b5b8244863c0d42c75""},""join_samples"":{""date"":""2026-09-22"",""run_id"":""66479cb411414ac68408a0eb73732b43""},""upload_data"":{""date"":""2026-09-22"",""run_id"":""2d2ef995ec9943ff977cf7535bb16978""}}"
46,46,"24.0729128 , -110.34276360000001","24.100475000000003 , -110.34288000000001",rural-urban,urban,937,"{""sample_routes"":{""date"":""2026-09-22"",""run_id"":""eda5cecdd4b747b5b8244863c0d42c75""},""join_samples"":{""date"":""2026-09-22"",""run_id"":""66479cb411414ac68408a0eb73732b43""},""upload_data"":{""date"":""2026-09-22"",""run_id"":""2d2ef995ec9943ff977cf7535bb16978""}}"
47,47,"22.3649199 , -97.88875870000001","22.342752500000003 , -97.91066590000001",urban-rural,urban,937,"{""sample_routes"":{""date"":""2026-09-22"",""run_id"":""eda5cecdd4b747b5b8244863c0d42c75""},""join_samples"":{""date"":""2026-09-22"",""run_id"":""66479cb411414ac68408a0eb73732b43""},""upload_data"":{""date"":""2026-09-22"",""run_id"":""2d2ef995ec9943ff977cf7535bb16978""}}"
48,48,"20.062982700000003 , -98.7974525","20.037389700000002 , -98.79719580000001",urban-urban,urban,938,"{""sample_routes"":{""date"":""2026-09-22"",""run_id"":""eda5cecdd4b747b5b8244863c0d42c75""},""join_samples"":{""date"":""2026-09-22"",""run_id"":""66479cb411414ac68408a0eb73732b43""},""upload_data"":{""date"":""2026-09-22"",""run_id"":""2d2ef995ec9943ff977cf7535bb16978""}}"
49,49,"18.0081016 , -92.9228906","18.0321472 , -92.92314200000001",urban-urban,urban,859,"{""sample_routes"":{""date"":""2026-09-22"",""run_id"":""eda5cecdd4b747b5b8244863c0d42c75""},""join_samples"":{""date"":""2026-09-22"",""run_id"":""66479cb411414ac68408a0eb73732b43""},""upload_data"":{""date"":""2026-09-22"",""run_id"":""2d2ef995ec9943ff977cf7535bb16978""}}"
50,50,"18.9818687 , -99.24116430000001","18.9624041 , -99.2608711",urban-urban,urban,942,"{""sample_routes"":{""date"":""2026-09-22"",""run_id"":""eda5cecdd4b747b5b8244863c0d42c75""},""join_samples"":{""date"":""2026-09-22"",""run_id"":""66479cb411414ac68408a0eb73732b43""},""upload_data"":{""date"":""2026-09-22"",""run_id"":""2d2ef995ec9943ff977cf7535bb16978""}}"
51,51,"21.1175988 , -101.6706254","21.154043400000003 , -101.7071262",urban-urban,urban,857,"{""sample_routes"":{""date"":""2026-09-22"",""run_id"":""eda5cecdd4b747b5b8244863c0d42c75""},""join_samples"":{""date"":""2026-09-22"",""run_id"":""66479cb411414ac68408a0eb73732b43""},""upload_data"":{""date"":""2026-09-22"",""run_id"":""2d2ef995ec9943ff977cf7535bb16978""}}"
52,52,"16.442385400000003 , -95.0074306","16.417422000000002 , -95.03247990000001",urban-urban,urban,943,"{""sample_routes"":{""date"":""2026-09-22"",""run_id"":""eda5cecdd4b747b5b8244863c0d42c75""},""join_samples"":{""date"":""2026-09-22"",""run_id"":""66479cb411414ac68408a0eb73732b43""},""upload_data"":{""date"":""2026-09-22"",""run_id"":""2d2ef995ec9943ff977cf7535bb16978""}}"
53,53,"27.0911429 , -109.46936260000001","27.066312900000003 , -109.4943796",urban-urban,urban,856,"{""sample_routes"":{""date"":""2026-09-22"",""run_id"":""eda5cecdd4b747b5b8244863c0d42c75""},""join_samples"":{""date"":""2026-09-22"",""run_id"":""66479cb411414ac68408a0eb73732b43""},""upload_data"":{""date"":""2026-09-22"",""run_id"":""2d2ef995ec9943ff977cf7535bb16978""}}"
54,54,"19.2849887 , -103.7409626","19.305949000000002 , -103.7619933",urban-rural,urban,856,"{""sample_routes"":{""date"":""2026-09-22"",""run_id"":""eda5cecdd4b747b5b8244863c0d42c75""},""join_samples"":{""date"":""2026-09-22"",""run_id"":""66479cb411414ac68408a0eb73732b43""},""upload_data"":{""date"":""2026-09-22"",""run_id"":""2d2ef995ec9943ff977cf7535bb16978""}}"
55,55,"19.1961523 , -99.0499664","19.2533402 , -99.05003090000001",urban-urban,urban,855,"{""sample_routes"":{""date"":""2026-09-22"",""run_id"":""eda5cecdd4b747b5b8244863c0d42c75""},""join_samples"":{""date"":""2026-09-22"",""run_id"":""66479cb411414ac68408a0eb73732b43""},""upload_data"":{""date"":""2026-09-22"",""run_id"":""2d2ef995ec9943ff977cf7535bb16978""}}"
56,56,"28.705831000000003 , -106.13846910000001","28.6400587 , -106.13874170000001",urban-rural,urban,854,"{""sample_routes"":{""date"":""2026-09-22"",""run_id"":""eda5cecdd4b747b5b8244863c0d42c75""},""join_samples"":{""date"":""2026-09-22"",""run_id"":""66479cb411414ac68408a0eb73732b43""},""upload_data"":{""date"":""2026-09-22"",""run_id"":""2d2ef995ec9943ff977cf7535bb16978""}}"
57,57,"20.3276636 , -101.99681460000001","20.327423900000003 , -102.0218119",rural-urban,urban,854,"{""sample_routes"":{""date"":""2026-09-22"",""run_id"":""eda5cecdd4b747b5b8244863c0d42c75""},""join_samples"":{""date"":""2026-09-22"",""run_id"":""66479cb411414ac68408a0eb73732b43""},""upload_data"":{""date"":""2026-09-22"",""run_id"":""2d2ef995ec9943ff977cf7535bb16978""}}"
58,58,"27.4922253 , -109.8965409","27.4600006 , -109.9286388",urban-urban,urban,946,"{""sample_routes"":{""date"":""2026-09-22"",""run_id"":""eda5cecdd4b747b5b8244863c0d42c75""},""join_samples"":{""date"":""2026-09-22"",""run_id"":""66479cb411414ac68408a0eb73732b43""},""upload_data"":{""date"":""2026-09-22"",""run_id"":""2d2ef995ec9943ff977cf7535bb16978""}}"
59,59,"20.6296153 , -105.2313737","20.5999509 , -105.23117330000001",urban-urban,urban,854,"{""sample_routes"":{""date"":""2026-09-22"",""run_id"":""eda5cecdd4b747b5b8244863c0d42c75""},""join_samples"":{""date"":""2026-09-22"",""run_id"":""66479cb411414ac68408a0eb73732b43""},""upload_data"":{""date"":""2026-09-22"",""run_id"":""2d2ef995ec9943ff977cf7535bb16978""}}"
60,60,"25.6715124 , -100.3599154","25.635742200000003 , -100.3955119",urban-urban,urban,946,"{""sample_routes"":{""date"":""2026-09-22"",""run_id"":""eda5cecdd4b747b5b8244863c0d42c75""},""join_samples"":{""date"":""2026-09-22"",""run_id"":""66479cb411414ac68408a0eb73732b43""},""upload_data"":{""date"":""2026-09-22"",""run_id"":""2d2ef995ec9943ff977cf7535bb16978""}}"
61,61,"31.826585700000003 , -116.58778710000001","31.7947816 , -116.58779940000001",urban-urban,urban,947,"{""sample_routes"":{""date"":""2026-09-22"",""run_id"":""eda5cecdd4b747b5b8244863c0d42c75""},""join_samples"":{""date"":""2026-09-22"",""run_id"":""66479cb411414ac68408a0eb73732b43""},""upload_data"":{""date"":""2026-09-22"",""run_id"":""2d2ef995ec9943ff977cf7535bb16978""}}"
62,62,"27.0821416 , -109.4216368","27.107100300000003 , -109.44673490000001",urban-rural,urban,852,"{""sample_routes"":{""date"":""2026-09-22"",""run_id"":""eda5cecdd4b747b5b8244863c0d42c75""},""join_samples"":{""date"":""2026-09-22"",""run_id"":""66479cb411414ac68408a0eb73732b43""},""upload_data"":{""date"":""2026-09-22"",""run_id"":""2d2ef995ec9943ff977cf7535bb16978""}}"
63,63,"21.960910700000003 , -102.27824820000001","21.9927049 , -102.30996610000001",urban-urban,urban,948,"{""sample_routes"":{""date"":""2026-09-22"",""run_id"":""eda5cecdd4b747b5b8244863c0d42c75""},""join_samples"":{""date"":""2026-09-22"",""run_id"":""66479cb411414ac68408a0eb73732b43""},""upload_data"":{""date"":""2026-09-22"",""run_id"":""2d2ef995ec9943ff977cf7535bb16978""}}"
64,64,"28.6629021 , -100.5347414","28.705151100000002 , -100.5349606",urban-urban,urban,949,"{""sample_routes"":{""date"":""2026-09-22"",""run_id"":""eda5cecdd4b747b5b8244863c0d42c75""},""join_samples"":{""date"":""2026-09-22"",""run_id"":""66479cb411414ac68408a0eb73732b43""},""upload_data"":{""date"":""2026-09-22"",""run_id"":""2d2ef995ec9943ff977cf7535bb16978""}}"
65,65,"31.733947 , -106.4587656","31.698548100000004 , -106.4942202",urban-urban,urban,951,"{""sample_routes"":{""date"":""2026-09-22"",""run_id"":""eda5cecdd4b747b5b8244863c0d42c75""},""join_samples"":{""date"":""2026-09-22"",""run_id"":""66479cb411414ac68408a0eb73732b43""},""upload_data"":{""date"":""2026-09-22"",""run_id"":""2d2ef995ec9943ff977cf7535bb16978""}}"
66,66,"19.313920200000002 , -98.1780844","19.2863198 , -98.1783147",urban-urban,urban,951,"{""sample_routes"":{""date"":""2026-09-22"",""run_id"":""eda5cecdd4b747b5b8244863c0d42c75""},""join_samples"":{""date"":""2026-09-22"",""run_id"":""66479cb411414ac68408a0eb73732b43""},""upload_data"":{""date"":""2026-09-22"",""run_id"":""2d2ef995ec9943ff977cf7535bb16978""}}"
67,67,"20.0987568 , -98.33970670000001","20.0740661 , -98.36455020000001",urban-urban,urban,952,"{""sample_routes"":{""date"":""2026-09-22"",""run_id"":""eda5cecdd4b747b5b8244863c0d42c75""},""join_samples"":{""date"":""2026-09-22"",""run_id"":""66479cb411414ac68408a0eb73732b43""},""upload_data"":{""date"":""2026-09-22"",""run_id"":""2d2ef995ec9943ff977cf7535bb16978""}}"
68,68,"19.2694982 , -99.7389668","19.2697691 , -99.77375780000001",urban-urban,urban,952,"{""sample_routes"":{""date"":""2026-09-22"",""run_id"":""eda5cecdd4b747b5b8244863c0d42c75""},""join_samples"":{""date"":""2026-09-22"",""run_id"":""66479cb411414ac68408a0eb73732b43""},""upload_data"":{""date"":""2026-09-22"",""run_id"":""2d2ef995ec9943ff977cf7535bb16978""}}"
69,69,"19.3211543 , -99.1544075","19.2881147 , -99.1542512",urban-urban,urban,846,"{""sample_routes"":{""date"":""2026-09-22"",""run_id"":""eda5cecdd4b747b5b8244863c0d42c75""},""join_samples"":{""date"":""2026-09-22"",""run_id"":""66479cb411414ac68408a0eb73732b43""},""upload_data"":{""date"":""2026-09-22"",""run_id"":""2d2ef995ec9943ff977cf7535bb16978""}}"
70,70,"20.6553264 , -101.3283983","20.655547000000002 , -101.37729110000001",urban-urban,urban,954,"{""sample_routes"":{""date"":""2026-09-22"",""run_id"":""eda5cecdd4b747b5b8244863c0d42c75""},""join_samples"":{""date"":""2026-09-22"",""run_id"":""66479cb411414ac68408a0eb73732b43""},""upload_data"":{""date"":""2026-09-22"",""run_id"":""2d2ef995ec9943ff977cf7535bb16978""}}"
71,71,"19.326820700000003 , -98.8947969","19.286160600000002 , -98.8540483",urban-urban,urban,955,"{""sample_routes"":{""date"":""2026-09-22"",""run_id"":""eda5cecdd4b747b5b8244863c0d42c75""},""join_samples"":{""date"":""2026-09-22"",""run_id"":""66479cb411414ac68408a0eb73732b43""},""upload_data"":{""date"":""2026-09-22"",""run_id"":""2d2ef995ec9943ff977cf7535bb16978""}}"
72,72,"27.508891100000003 , -109.9136344","27.5287536 , -109.89392950000001",urban-urban,urban,845,"{""sample_routes"":{""date"":""2026-09-22"",""run_id"":""eda5cecdd4b747b5b8244863c0d42c75""},""join_samples"":{""date"":""2026-09-22"",""run_id"":""66479cb411414ac68408a0eb73732b43""},""upload_data"":{""date"":""2026-09-22"",""run_id"":""2d2ef995ec9943ff977cf7535bb16978""}}"
73,73,"19.6854866 , -101.2719582","19.685531 , -101.3033278",urban-urban,urban,844,"{""sample_routes"":{""date"":""2026-09-22"",""run_id"":""eda5cecdd4b747b5b8244863c0d42c75""},""join_samples"":{""date"":""2026-09-22"",""run_id"":""66479cb411414ac68408a0eb73732b43""},""upload_data"":{""date"":""2026-09-22"",""run_id"":""2d2ef995ec9943ff977cf7535bb16978""}}"
74,74,"19.390054000000003 , -98.95578590000001","19.3609796 , -98.92646260000001",urban-urban,urban,956,"{""sample_routes"":{""date"":""2026-09-22"",""run_id"":""eda5cecdd4b747b5b8244863c0d42c75""},""join_samples"":{""date"":""2026-09-22"",""run_id"":""66479cb411414ac68408a0eb73732b43""},""upload_data"":{""date"":""2026-09-22"",""run_id"":""2d2ef995ec9943ff977cf7535bb16978""}}"
75,75,"20.570848700000003 , -101.1973476","20.5347313 , -101.1970924",urban-urban,urban,844,"{""sample_routes"":{""date"":""2026-09-22"",""run_id"":""eda5cecdd4b747b5b8244863c0d42c75""},""join_samples"":{""date"":""2026-09-22"",""run_id"":""66479cb411414ac68408a0eb73732b43""},""upload_data"":{""date"":""2026-09-22"",""run_id"":""2d2ef995ec9943ff977cf7535bb16978""}}"
76,76,"18.930091100000002 , -98.45312840000001","18.907930800000003 , -98.4750858",rural-rural,urban,843,"{""sample_routes"":{""date"":""2026-09-22"",""run_id"":""eda5cecdd4b747b5b8244863c0d42c75""},""join_samples"":{""date"":""2026-09-22"",""run_id"":""66479cb411414ac68408a0eb73732b43""},""upload_data"":{""date"":""2026-09-22"",""run_id"":""2d2ef995ec9943ff977cf7535bb16978""}}"
77,77,"27.562934900000002 , -109.90208480000001","27.5920221 , -109.93090520000001",rural-urban,urban,957,"{""sample_routes"":{""date"":""2026-09-22"",""run_id"":""eda5cecdd4b747b5b8244863c0d42c75""},""join_samples"":{""date"":""2026-09-22"",""run_id"":""66479cb411414ac68408a0eb73732b43""},""upload_data"":{""date"":""2026-09-22"",""run_id"":""2d2ef995ec9943ff977cf7535bb16978""}}"
78,78,"19.4027578 , -98.98371030000001","19.402559800000002 , -99.03527910000001",urban-urban,urban,957,"{""sample_routes"":{""date"":""2026-09-22"",""run_id"":""eda5cecdd4b747b5b8244863c0d42c75""},""join_samples"":{""date"":""2026-09-22"",""run_id"":""66479cb411414ac68408a0eb73732b43""},""upload_data"":{""date"":""2026-09-22"",""run_id"":""2d2ef995ec9943ff977cf7535bb16978""}}"
79,79,"19.787918 , -99.8512417","19.7876921 , -99.89534350000001",urban-urban,urban,957,"{""sample_routes"":{""date"":""2026-09-22"",""run_id"":""eda5cecdd4b747b5b8244863c0d42c75""},""join_samples"":{""date"":""2026-09-22"",""run_id"":""66479cb411414ac68408a0eb73732b43""},""upload_data"":{""date"":""2026-09-22"",""run_id"":""2d2ef995ec9943ff977cf7535bb16978""}}"
80,80,"19.3275599 , -99.6597967","19.3533014 , -99.63392400000001",urban-urban,urban,957,"{""sample_routes"":{""date"":""2026-09-22"",""run_id"":""eda5cecdd4b747b5b8244863c0d42c75""},""join_samples"":{""date"":""2026-09-22"",""run_id"":""66479cb411414ac68408a0eb73732b43""},""upload_data"":{""date"":""2026-09-22"",""run_id"":""2d2ef995ec9943ff977cf7535bb16978""}}"
81,81,"22.1434572 , -100.9495124","22.1111258 , -100.98163930000001",urban-urban,urban,958,"{""sample_routes"":{""date"":""2026-09-22"",""run_id"":""eda5cecdd4b747b5b8244863c0d42c75""},""join_samples"":{""date"":""2026-09-22"",""run_id"":""66479cb411414ac68408a0eb73732b43""},""upload_data"":{""date"":""2026-09-22"",""run_id"":""2d2ef995ec9943ff977cf7535bb16978""}}"
82,82,"26.927616800000003 , -101.43282780000001","26.9016409 , -101.4589924",urban-urban,urban,959,"{""sample_routes"":{""date"":""2026-09-22"",""run_id"":""eda5cecdd4b747b5b8244863c0d42c75""},""join_samples"":{""date"":""2026-09-22"",""run_id"":""66479cb411414ac68408a0eb73732b43""},""upload_data"":{""date"":""2026-09-22"",""run_id"":""2d2ef995ec9943ff977cf7535bb16978""}}"
83,83,"24.7873094 , -107.3807407","24.8105908 , -107.35732150000001",urban-urban,urban,840,"{""sample_routes"":{""date"":""2026-09-22"",""run_id"":""eda5cecdd4b747b5b8244863c0d42c75""},""join_samples"":{""date"":""2026-09-22"",""run_id"":""66479cb411414ac68408a0eb73732b43""},""upload_data"":{""date"":""2026-09-22"",""run_id"":""2d2ef995ec9943ff977cf7535bb16978""}}"
84,84,"17.5932725 , -99.1612968","17.5932035 , -99.20144140000001",urban-rural,urban,963,"{""sample_routes"":{""date"":""2026-09-22"",""run_id"":""eda5cecdd4b747b5b8244863c0d42c75""},""join_samples"":{""date"":""2026-09-22"",""run_id"":""66479cb411414ac68408a0eb73732b43""},""upload_data"":{""date"":""2026-09-22"",""run_id"":""2d2ef995ec9943ff977cf7535bb16978""}}"
85,85,"19.2513305 , -99.1803807","19.216744600000002 , -99.1802205",urban-urban,urban,963,"{""sample_routes"":{""date"":""2026-09-22"",""run_id"":""eda5cecdd4b747b5b8244863c0d42c75""},""join_samples"":{""date"":""2026-09-22"",""run_id"":""66479cb411414ac68408a0eb73732b43""},""upload_data"":{""date"":""2026-09-22"",""run_id"":""2d2ef995ec9943ff977cf7535bb16978""}}"
86,86,"22.1137097 , -100.96962060000001","22.1492648 , -101.00501840000001",urban-urban,urban,964,"{""sample_routes"":{""date"":""2026-09-22"",""run_id"":""eda5cecdd4b747b5b8244863c0d42c75""},""join_samples"":{""date"":""2026-09-22"",""run_id"":""66479cb411414ac68408a0eb73732b43""},""upload_data"":{""date"":""2026-09-22"",""run_id"":""2d2ef995ec9943ff977cf7535bb16978""}}"
87,87,"19.653394300000002 , -99.368503","19.6298549 , -99.36856250000001",rural-urban,urban,836,"{""sample_routes"":{""date"":""2026-09-22"",""run_id"":""eda5cecdd4b747b5b8244863c0d42c75""},""join_samples"":{""date"":""2026-09-22"",""run_id"":""66479cb411414ac68408a0eb73732b43""},""upload_data"":{""date"":""2026-09-22"",""run_id"":""2d2ef995ec9943ff977cf7535bb16978""}}"
88,88,"17.5226051 , -99.50208570000001","17.5555477 , -99.5020118",urban-urban,urban,964,"{""sample_routes"":{""date"":""2026-09-22"",""run_id"":""eda5cecdd4b747b5b8244863c0d42c75""},""join_samples"":{""date"":""2026-09-22"",""run_id"":""66479cb411414ac68408a0eb73732b43""},""upload_data"":{""date"":""2026-09-22"",""run_id"":""2d2ef995ec9943ff977cf7535bb16978""}}"
89,89,"19.605692400000002 , -99.0645903","19.570917 , -99.02983200000001",urban-urban,urban,965,"{""sample_routes"":{""date"":""2026-09-22"",""run_id"":""eda5cecdd4b747b5b8244863c0d42c75""},""join_samples"":{""date"":""2026-09-22"",""run_id"":""66479cb411414ac68408a0eb73732b43""},""upload_data"":{""date"":""2026-09-22"",""run_id"":""2d2ef995ec9943ff977cf7535bb16978""}}"
90,90,"19.2693401 , -98.8489473","19.3113464 , -98.849086",urban-urban,urban,966,"{""sample_routes"":{""date"":""2026-09-22"",""run_id"":""eda5cecdd4b747b5b8244863c0d42c75""},""join_samples"":{""date"":""2026-09-22"",""run_id"":""66479cb411414ac68408a0eb73732b43""},""upload_data"":{""date"":""2026-09-22"",""run_id"":""2d2ef995ec9943ff977cf7535bb16978""}}"
91,91,"16.768263 , -96.6651794","16.8021531 , -96.66510170000001",urban-urban,urban,834,"{""sample_routes"":{""date"":""2026-09-22"",""run_id"":""eda5cecdd4b747b5b8244863c0d42c75""},""join_samples"":{""date"":""2026-09-22"",""run_id"":""66479cb411414ac68408a0eb73732b43""},""upload_data"":{""date"":""2026-09-22"",""run_id"":""2d2ef995ec9943ff977cf7535bb16978""}}"
92,92,"18.902107400000002 , -99.17230780000001","18.9294817 , -99.19969180000001",urban-urban,urban,967,"{""sample_routes"":{""date"":""2026-09-22"",""run_id"":""eda5cecdd4b747b5b8244863c0d42c75""},""join_samples"":{""date"":""2026-09-22"",""run_id"":""66479cb411414ac68408a0eb73732b43""},""upload_data"":{""date"":""2026-09-22"",""run_id"":""2d2ef995ec9943ff977cf7535bb16978""}}"
93,93,"22.2737221 , -101.9750829","22.2739306 , -102.0175973",urban-urban,urban,832,"{""sample_routes"":{""date"":""2026-09-22"",""run_id"":""eda5cecdd4b747b5b8244863c0d42c75""},""join_samples"":{""date"":""2026-09-22"",""run_id"":""66479cb411414ac68408a0eb73732b43""},""upload_data"":{""date"":""2026-09-22"",""run_id"":""2d2ef995ec9943ff977cf7535bb16978""}}"
94,94,"28.677442300000003 , -106.1375213","28.720921200000003 , -106.0938553",urban-urban,urban,968,"{""sample_routes"":{""date"":""2026-09-22"",""run_id"":""eda5cecdd4b747b5b8244863c0d42c75""},""join_samples"":{""date"":""2026-09-22"",""run_id"":""66479cb411414ac68408a0eb73732b43""},""upload_data"":{""date"":""2026-09-22"",""run_id"":""2d2ef995ec9943ff977cf7535bb16978""}}"
95,95,"32.7165057 , -114.7244512","32.680721600000005 , -114.7603881",urban-rural,urban,968,"{""sample_routes"":{""date"":""2026-09-22"",""run_id"":""eda5cecdd4b747b5b8244863c0d42c75""},""join_samples"":{""date"":""2026-09-22"",""run_id"":""66479cb411414ac68408a0eb73732b43""},""upload_data"":{""date"":""2026-09-22"",""run_id"":""2d2ef995ec9943ff977cf7535bb16978""}}"
96,96,"19.6678316 , -101.514211","19.6483685 , -101.49490510000001",urban-rural,urban,831,"{""sample_routes"":{""date"":""2026-09-22"",""run_id"":""eda5cecdd4b747b5b8244863c0d42c75""},""join_samples"":{""date"":""2026-09-22"",""run_id"":""66479cb411414ac68408a0eb73732b43""},""upload_data"":{""date"":""2026-09-22"",""run_id"":""2d2ef995ec9943ff977cf7535bb16978""}}"
97,97,"19.642231000000002 , -99.2454089","19.664616000000002 , -99.2679521",urban-urban,urban,831,"{""sample_routes"":{""date"":""2026-09-22"",""run_id"":""eda5cecdd4b747b5b8244863c0d42c75""},""join_samples"":{""date"":""2026-09-22"",""run_id"":""66479cb411414ac68408a0eb73732b43""},""upload_data"":{""date"":""2026-09-22"",""run_id"":""2d2ef995ec9943ff977cf7535bb16978""}}"
98,98,"20.916960900000003 , -100.74984900000001","20.8907552 , -100.7237908",urban-urban,urban,969,"{""sample_routes"":{""date"":""2026-09-22"",""run_id"":""eda5cecdd4b747b5b8244863c0d42c75""},""join_samples"":{""date"":""2026-09-22"",""run_id"":""66479cb411414ac68408a0eb73732b43""},""upload_data"":{""date"":""2026-09-22"",""run_id"":""2d2ef995ec9943ff977cf7535bb16978""}}"
99,99,"20.639366600000002 , -100.4132228","20.6726062 , -100.4133101",urban-rural,urban,970,"{""sample_routes"":{""date"":""2026-09-22"",""run_id"":""eda5cecdd4b747b5b8244863c0d42c75""},""join_samples"":{""date"":""2026-09-22"",""run_id"":""66479cb411414ac68408a0eb73732b43""},""upload_data"":{""date"":""2026-09-22"",""run_id"":""2d2ef995ec9943ff977cf7535bb16978""}}"
100,100,"20.601059600000003 , -103.2276648","20.513045 , -103.22764570000001",urban-urban,urban,970,"{""sample_routes"":{""date"":""2026-09-22"",""run_id"":""eda5cecdd4b747b5b8244863c0d42c75""},""join_samples"":{""date"":""2026-09-22"",""run_id"":""66479cb411414ac68408a0eb73732b43""},""upload_data"":{""date"":""2026-09-22"",""run_id"":""2d2ef995ec9943ff977cf7535bb16978""}}"
101,101,"20.8130585 , -103.4912845","20.8245426 , -103.4800395",urban-urban,urban,970,"{""sample_routes"":{""date"":""2026-09-22"",""run_id"":""eda5cecdd4b747b5b8244863c0d42c75""},""join_samples"":{""date"":""2026-09-22"",""run_id"":""66479cb411414ac68408a0eb73732b43""},""upload_data"":{""date"":""2026-09-22"",""run_id"":""2d2ef995ec9943ff977cf7535bb16978""}}"
102,102,"32.484282900000004 , -116.83948960000001","32.5317798 , -116.8871807",urban-urban,urban,970,"{""sample_routes"":{""date"":""2026-09-22"",""run_id"":""eda5cecdd4b747b5b8244863c0d42c75""},""join_samples"":{""date"":""2026-09-22"",""run_id"":""66479cb411414ac68408a0eb73732b43""},""upload_data"":{""date"":""2026-09-22"",""run_id"":""2d2ef995ec9943ff977cf7535bb16978""}}"
103,103,"25.8791416 , -97.55126480000001","25.836894700000002 , -97.55127540000001",urban-urban,urban,970,"{""sample_routes"":{""date"":""2026-09-22"",""run_id"":""eda5cecdd4b747b5b8244863c0d42c75""},""join_samples"":{""date"":""2026-09-22"",""run_id"":""66479cb411414ac68408a0eb73732b43""},""upload_data"":{""date"":""2026-09-22"",""run_id"":""2d2ef995ec9943ff977cf7535bb16978""}}"
104,104,"22.877903200000002 , -109.9288619","22.9031103 , -109.954086",urban-urban,urban,970,"{""sample_routes"":{""date"":""2026-09-22"",""run_id"":""eda5cecdd4b747b5b8244863c0d42c75""},""join_samples"":{""date"":""2026-09-22"",""run_id"":""66479cb411414ac68408a0eb73732b43""},""upload_data"":{""date"":""2026-09-22"",""run_id"":""2d2ef995ec9943ff977cf7535bb16978""}}"
105,105,"20.6106106 , -103.41719920000001","20.5318723 , -103.4169701",urban-urban,urban,970,"{""sample_routes"":{""date"":""2026-09-22"",""run_id"":""eda5cecdd4b747b5b8244863c0d42c75""},""join_samples"":{""date"":""2026-09-22"",""run_id"":""66479cb411414ac68408a0eb73732b43""},""upload_data"":{""date"":""2026-09-22"",""run_id"":""2d2ef995ec9943ff977cf7535bb16978""}}"
106,106,"20.929023400000002 , -97.4069068","20.9543898 , -97.3813559",urban-urban,urban,829,"{""sample_routes"":{""date"":""2026-09-22"",""run_id"":""eda5cecdd4b747b5b8244863c0d42c75""},""join_samples"":{""date"":""2026-09-22"",""run_id"":""66479cb411414ac68408a0eb73732b43""},""upload_data"":{""date"":""2026-09-22"",""run_id"":""2d2ef995ec9943ff977cf7535bb16978""}}"
107,107,"32.6348469 , -115.48303460000001","32.605652400000004 , -115.4540542",urban-urban,urban,828,"{""sample_routes"":{""date"":""2026-09-22"",""run_id"":""eda5cecdd4b747b5b8244863c0d42c75""},""join_samples"":{""date"":""2026-09-22"",""run_id"":""66479cb411414ac68408a0eb73732b43""},""upload_data"":{""date"":""2026-09-22"",""run_id"":""2d2ef995ec9943ff977cf7535bb16978""}}"
108,108,"25.7586686 , -100.4471578","25.810448400000002 , -100.39523360000001",rural-urban,urban,973,"{""sample_routes"":{""date"":""2026-09-22"",""run_id"":""eda5cecdd4b747b5b8244863c0d42c75""},""join_samples"":{""date"":""2026-09-22"",""run_id"":""66479cb411414ac68408a0eb73732b43""},""upload_data"":{""date"":""2026-09-22"",""run_id"":""2d2ef995ec9943ff977cf7535bb16978""}}"
109,109,"19.8004049 , -97.4167111","19.785316 , -97.4015476",urban-urban,urban,974,"{""sample_routes"":{""date"":""2026-09-22"",""run_id"":""eda5cecdd4b747b5b8244863c0d42c75""},""join_samples"":{""date"":""2026-09-22"",""run_id"":""66479cb411414ac68408a0eb73732b43""},""upload_data"":{""date"":""2026-09-22"",""run_id"":""2d2ef995ec9943ff977cf7535bb16978""}}"
110,110,"27.469437300000003 , -99.54036450000001","27.496933900000002 , -99.5677981",urban-urban,urban,974,"{""sample_routes"":{""date"":""2026-09-22"",""run_id"":""eda5cecdd4b747b5b8244863c0d42c75""},""join_samples"":{""date"":""2026-09-22"",""run_id"":""66479cb411414ac68408a0eb73732b43""},""upload_data"":{""date"":""2026-09-22"",""run_id"":""2d2ef995ec9943ff977cf7535bb16978""}}"
111,111,"21.871057200000003 , -102.2948575","21.833773700000002 , -102.294865",urban-urban,urban,974,"{""sample_routes"":{""date"":""2026-09-22"",""run_id"":""eda5cecdd4b747b5b8244863c0d42c75""},""join_samples"":{""date"":""2026-09-22"",""run_id"":""66479cb411414ac68408a0eb73732b43""},""upload_data"":{""date"":""2026-09-22"",""run_id"":""2d2ef995ec9943ff977cf7535bb16978""}}"
112,112,"21.9057961 , -102.29963470000001","21.905886900000002 , -102.3307882",urban-urban,urban,975,"{""sample_routes"":{""date"":""2026-09-22"",""run_id"":""eda5cecdd4b747b5b8244863c0d42c75""},""join_samples"":{""date"":""2026-09-22"",""run_id"":""66479cb411414ac68408a0eb73732b43""},""upload_data"":{""date"":""2026-09-22"",""run_id"":""2d2ef995ec9943ff977cf7535bb16978""}}"
113,113,"19.168555700000002 , -96.1636362","19.1947633 , -96.1374181",urban-urban,urban,975,"{""sample_routes"":{""date"":""2026-09-22"",""run_id"":""eda5cecdd4b747b5b8244863c0d42c75""},""join_samples"":{""date"":""2026-09-22"",""run_id"":""66479cb411414ac68408a0eb73732b43""},""upload_data"":{""date"":""2026-09-22"",""run_id"":""2d2ef995ec9943ff977cf7535bb16978""}}"
114,114,"22.7673555 , -102.61590340000001","22.7451897 , -102.6158228",urban-urban,urban,824,"{""sample_routes"":{""date"":""2026-09-22"",""run_id"":""eda5cecdd4b747b5b8244863c0d42c75""},""join_samples"":{""date"":""2026-09-22"",""run_id"":""66479cb411414ac68408a0eb73732b43""},""upload_data"":{""date"":""2026-09-22"",""run_id"":""2d2ef995ec9943ff977cf7535bb16978""}}"
115,115,"21.8963976 , -102.28145230000001","21.9215613 , -102.30645890000001",urban-urban,urban,977,"{""sample_routes"":{""date"":""2026-09-22"",""run_id"":""eda5cecdd4b747b5b8244863c0d42c75""},""join_samples"":{""date"":""2026-09-22"",""run_id"":""66479cb411414ac68408a0eb73732b43""},""upload_data"":{""date"":""2026-09-22"",""run_id"":""2d2ef995ec9943ff977cf7535bb16978""}}"
116,116,"20.713765900000002 , -103.3708876","20.7589235 , -103.37067520000001",urban-urban,urban,977,"{""sample_routes"":{""date"":""2026-09-22"",""run_id"":""eda5cecdd4b747b5b8244863c0d42c75""},""join_samples"":{""date"":""2026-09-22"",""run_id"":""66479cb411414ac68408a0eb73732b43""},""upload_data"":{""date"":""2026-09-22"",""run_id"":""2d2ef995ec9943ff977cf7535bb16978""}}"
117,117,"19.672864500000003 , -98.96118630000001","19.6731221 , -98.9931418",urban-urban,urban,977,"{""sample_routes"":{""date"":""2026-09-22"",""run_id"":""eda5cecdd4b747b5b8244863c0d42c75""},""join_samples"":{""date"":""2026-09-22"",""run_id"":""66479cb411414ac68408a0eb73732b43""},""upload_data"":{""date"":""2026-09-22"",""run_id"":""2d2ef995ec9943ff977cf7535bb16978""}}"
118,118,"19.259743800000003 , -103.72729310000001","19.2896849 , -103.75711410000001",urban-urban,urban,977,"{""sample_routes"":{""date"":""2026-09-22"",""run_id"":""eda5cecdd4b747b5b8244863c0d42c75""},""join_samples"":{""date"":""2026-09-22"",""run_id"":""66479cb411414ac68408a0eb73732b43""},""upload_data"":{""date"":""2026-09-22"",""run_id"":""2d2ef995ec9943ff977cf7535bb16978""}}"
119,119,"23.9840844 , -104.6020505","24.019978400000003 , -104.6381795",rural-urban,urban,978,"{""sample_routes"":{""date"":""2026-09-22"",""run_id"":""eda5cecdd4b747b5b8244863c0d42c75""},""join_samples"":{""date"":""2026-09-22"",""run_id"":""66479cb411414ac68408a0eb73732b43""},""upload_data"":{""date"":""2026-09-22"",""run_id"":""2d2ef995ec9943ff977cf7535bb16978""}}"
120,120,"29.0757924 , -110.9502183","29.047347000000002 , -110.9789018",urban-urban,urban,978,"{""sample_routes"":{""date"":""2026-09-22"",""run_id"":""eda5cecdd4b747b5b8244863c0d42c75""},""join_samples"":{""date"":""2026-09-22"",""run_id"":""66479cb411414ac68408a0eb73732b43""},""upload_data"":{""date"":""2026-09-22"",""run_id"":""2d2ef995ec9943ff977cf7535bb16978""}}"
121,121,"20.635393500000003 , -103.482754","20.6708515 , -103.4470328",urban-urban,urban,979,"{""sample_routes"":{""date"":""2026-09-22"",""run_id"":""eda5cecdd4b747b5b8244863c0d42c75""},""join_samples"":{""date"":""2026-09-22"",""run_id"":""66479cb411414ac68408a0eb73732b43""},""upload_data"":{""date"":""2026-09-22"",""run_id"":""2d2ef995ec9943ff977cf7535bb16978""}}"
122,122,"19.3245662 , -97.91678440000001","19.2903816 , -97.9165366",urban-rural,urban,820,"{""sample_routes"":{""date"":""2026-09-22"",""run_id"":""eda5cecdd4b747b5b8244863c0d42c75""},""join_samples"":{""date"":""2026-09-22"",""run_id"":""66479cb411414ac68408a0eb73732b43""},""upload_data"":{""date"":""2026-09-22"",""run_id"":""2d2ef995ec9943ff977cf7535bb16978""}}"
123,123,"25.4097399 , -100.9930858","25.445049 , -100.99301000000001",urban-urban,urban,980,"{""sample_routes"":{""date"":""2026-09-22"",""run_id"":""eda5cecdd4b747b5b8244863c0d42c75""},""join_samples"":{""date"":""2026-09-22"",""run_id"":""66479cb411414ac68408a0eb73732b43""},""upload_data"":{""date"":""2026-09-22"",""run_id"":""2d2ef995ec9943ff977cf7535bb16978""}}"
124,124,"20.647904800000003 , -103.29333500000001","20.7083206 , -103.29308040000001",urban-urban,urban,981,"{""sample_routes"":{""date"":""2026-09-22"",""run_id"":""eda5cecdd4b747b5b8244863c0d42c75""},""join_samples"":{""date"":""2026-09-22"",""run_id"":""66479cb411414ac68408a0eb73732b43""},""upload_data"":{""date"":""2026-09-22"",""run_id"":""2d2ef995ec9943ff977cf7535bb16978""}}"
125,125,"27.094819800000003 , -109.42391690000001","27.061359000000003 , -109.4570989",urban-urban,urban,982,"{""sample_routes"":{""date"":""2026-09-22"",""run_id"":""eda5cecdd4b747b5b8244863c0d42c75""},""join_samples"":{""date"":""2026-09-22"",""run_id"":""66479cb411414ac68408a0eb73732b43""},""upload_data"":{""date"":""2026-09-22"",""run_id"":""2d2ef995ec9943ff977cf7535bb16978""}}"
126,126,"19.547743200000003 , -99.1769417","19.547516400000003 , -99.23932540000001",urban-urban,urban,982,"{""sample_routes"":{""date"":""2026-09-22"",""run_id"":""eda5cecdd4b747b5b8244863c0d42c75""},""join_samples"":{""date"":""2026-09-22"",""run_id"":""66479cb411414ac68408a0eb73732b43""},""upload_data"":{""date"":""2026-09-22"",""run_id"":""2d2ef995ec9943ff977cf7535bb16978""}}"
127,127,"19.1062245 , -96.1667894","19.127237700000002 , -96.1457831",urban-urban,urban,983,"{""sample_routes"":{""date"":""2026-09-22"",""run_id"":""eda5cecdd4b747b5b8244863c0d42c75""},""join_samples"":{""date"":""2026-09-22"",""run_id"":""66479cb411414ac68408a0eb73732b43""},""upload_data"":{""date"":""2026-09-22"",""run_id"":""2d2ef995ec9943ff977cf7535bb16978""}}"
128,128,"16.6090065 , -92.51386620000001","16.6352359 , -92.54012700000001",urban-urban,urban,817,"{""sample_routes"":{""date"":""2026-09-22"",""run_id"":""eda5cecdd4b747b5b8244863c0d42c75""},""join_samples"":{""date"":""2026-09-22"",""run_id"":""66479cb411414ac68408a0eb73732b43""},""upload_data"":{""date"":""2026-09-22"",""run_id"":""2d2ef995ec9943ff977cf7535bb16978""}}"
129,129,"19.335969900000002 , -99.10890140000001","19.336243 , -99.1510355",urban-urban,urban,983,"{""sample_routes"":{""date"":""2026-09-22"",""run_id"":""eda5cecdd4b747b5b8244863c0d42c75""},""join_samples"":{""date"":""2026-09-22"",""run_id"":""66479cb411414ac68408a0eb73732b43""},""upload_data"":{""date"":""2026-09-22"",""run_id"":""2d2ef995ec9943ff977cf7535bb16978""}}"
130,130,"19.5245874 , -99.24521270000001","19.493799600000003 , -99.2761854",urban-urban,urban,983,"{""sample_routes"":{""date"":""2026-09-22"",""run_id"":""eda5cecdd4b747b5b8244863c0d42c75""},""join_samples"":{""date"":""2026-09-22"",""run_id"":""66479cb411414ac68408a0eb73732b43""},""upload_data"":{""date"":""2026-09-22"",""run_id"":""2d2ef995ec9943ff977cf7535bb16978""}}"
131,131,"20.690772000000003 , -103.370908","20.6601928 , -103.3404273",urban-urban,urban,984,"{""sample_routes"":{""date"":""2026-09-22"",""run_id"":""eda5cecdd4b747b5b8244863c0d42c75""},""join_samples"":{""date"":""2026-09-22"",""run_id"":""66479cb411414ac68408a0eb73732b43""},""upload_data"":{""date"":""2026-09-22"",""run_id"":""2d2ef995ec9943ff977cf7535bb16978""}}"
132,132,"20.734402000000003 , -100.75918530000001","20.7100909 , -100.73512720000001",urban-rural,urban,984,"{""sample_routes"":{""date"":""2026-09-22"",""run_id"":""eda5cecdd4b747b5b8244863c0d42c75""},""join_samples"":{""date"":""2026-09-22"",""run_id"":""66479cb411414ac68408a0eb73732b43""},""upload_data"":{""date"":""2026-09-22"",""run_id"":""2d2ef995ec9943ff977cf7535bb16978""}}"
133,133,"19.197517 , -98.91528190000001","19.197489100000002 , -98.93506590000001",urban-urban,urban,815,"{""sample_routes"":{""date"":""2026-09-22"",""run_id"":""eda5cecdd4b747b5b8244863c0d42c75""},""join_samples"":{""date"":""2026-09-22"",""run_id"":""66479cb411414ac68408a0eb73732b43""},""upload_data"":{""date"":""2026-09-22"",""run_id"":""2d2ef995ec9943ff977cf7535bb16978""}}"
134,134,"14.8686751 , -92.26958470000001","14.8689359 , -92.30737230000001",urban-urban,urban,986,"{""sample_routes"":{""date"":""2026-09-22"",""run_id"":""eda5cecdd4b747b5b8244863c0d42c75""},""join_samples"":{""date"":""2026-09-22"",""run_id"":""66479cb411414ac68408a0eb73732b43""},""upload_data"":{""date"":""2026-09-22"",""run_id"":""2d2ef995ec9943ff977cf7535bb16978""}}"
135,135,"22.316805600000002 , -97.86987950000001","22.2771592 , -97.8701578",urban-urban,urban,986,"{""sample_routes"":{""date"":""2026-09-22"",""run_id"":""eda5cecdd4b747b5b8244863c0d42c75""},""join_samples"":{""date"":""2026-09-22"",""run_id"":""66479cb411414ac68408a0eb73732b43""},""upload_data"":{""date"":""2026-09-22"",""run_id"":""2d2ef995ec9943ff977cf7535bb16978""}}"
136,136,"22.1492718 , -100.97908620000001","22.120475900000002 , -100.95037310000001",urban-urban,urban,987,"{""sample_routes"":{""date"":""2026-09-22"",""run_id"":""eda5cecdd4b747b5b8244863c0d42c75""},""join_samples"":{""date"":""2026-09-22"",""run_id"":""66479cb411414ac68408a0eb73732b43""},""upload_data"":{""date"":""2026-09-22"",""run_id"":""2d2ef995ec9943ff977cf7535bb16978""}}"
137,137,"27.424853900000002 , -99.5258318","27.460677500000003 , -99.4901428",urban-urban,urban,987,"{""sample_routes"":{""date"":""2026-09-22"",""run_id"":""eda5cecdd4b747b5b8244863c0d42c75""},""join_samples"":{""date"":""2026-09-22"",""run_id"":""66479cb411414ac68408a0eb73732b43""},""upload_data"":{""date"":""2026-09-22"",""run_id"":""2d2ef995ec9943ff977cf7535bb16978""}}"
138,138,"22.245395600000002 , -97.86105660000001","22.2132356 , -97.8608179",urban-urban,urban,813,"{""sample_routes"":{""date"":""2026-09-22"",""run_id"":""eda5cecdd4b747b5b8244863c0d42c75""},""join_samples"":{""date"":""2026-09-22"",""run_id"":""66479cb411414ac68408a0eb73732b43""},""upload_data"":{""date"":""2026-09-22"",""run_id"":""2d2ef995ec9943ff977cf7535bb16978""}}"
139,139,"21.3484228 , -98.22405730000001","21.3085817 , -98.26405000000001",urban-urban,urban,988,"{""sample_routes"":{""date"":""2026-09-22"",""run_id"":""eda5cecdd4b747b5b8244863c0d42c75""},""join_samples"":{""date"":""2026-09-22"",""run_id"":""66479cb411414ac68408a0eb73732b43""},""upload_data"":{""date"":""2026-09-22"",""run_id"":""2d2ef995ec9943ff977cf7535bb16978""}}"
140,140,"25.766507100000002 , -100.2718742","25.8166258 , -100.2218373",urban-rural,urban,989,"{""sample_routes"":{""date"":""2026-09-22"",""run_id"":""eda5cecdd4b747b5b8244863c0d42c75""},""join_samples"":{""date"":""2026-09-22"",""run_id"":""66479cb411414ac68408a0eb73732b43""},""upload_data"":{""date"":""2026-09-22"",""run_id"":""2d2ef995ec9943ff977cf7535bb16978""}}"
141,141,"19.1553656 , -96.1605523","19.134966600000002 , -96.1399198",urban-urban,urban,810,"{""sample_routes"":{""date"":""2026-09-22"",""run_id"":""eda5cecdd4b747b5b8244863c0d42c75""},""join_samples"":{""date"":""2026-09-22"",""run_id"":""66479cb411414ac68408a0eb73732b43""},""upload_data"":{""date"":""2026-09-22"",""run_id"":""2d2ef995ec9943ff977cf7535bb16978""}}"
142,142,"16.8763903 , -99.8553583","16.898485400000002 , -99.8550785",urban-urban,urban,990,"{""sample_routes"":{""date"":""2026-09-22"",""run_id"":""eda5cecdd4b747b5b8244863c0d42c75""},""join_samples"":{""date"":""2026-09-22"",""run_id"":""66479cb411414ac68408a0eb73732b43""},""upload_data"":{""date"":""2026-09-22"",""run_id"":""2d2ef995ec9943ff977cf7535bb16978""}}"
143,143,"14.8949125 , -92.2497974","14.8948853 , -92.29071920000001",urban-urban,urban,991,"{""sample_routes"":{""date"":""2026-09-22"",""run_id"":""eda5cecdd4b747b5b8244863c0d42c75""},""join_samples"":{""date"":""2026-09-22"",""run_id"":""66479cb411414ac68408a0eb73732b43""},""upload_data"":{""date"":""2026-09-22"",""run_id"":""2d2ef995ec9943ff977cf7535bb16978""}}"
144,144,"29.119553900000003 , -110.99183140000001","29.0889403 , -110.961375",urban-urban,urban,991,"{""sample_routes"":{""date"":""2026-09-22"",""run_id"":""eda5cecdd4b747b5b8244863c0d42c75""},""join_samples"":{""date"":""2026-09-22"",""run_id"":""66479cb411414ac68408a0eb73732b43""},""upload_data"":{""date"":""2026-09-22"",""run_id"":""2d2ef995ec9943ff977cf7535bb16978""}}"
145,145,"19.603931900000003 , -99.0532319","19.662733900000003 , -98.9943147",urban-urban,urban,991,"{""sample_routes"":{""date"":""2026-09-22"",""run_id"":""eda5cecdd4b747b5b8244863c0d42c75""},""join_samples"":{""date"":""2026-09-22"",""run_id"":""66479cb411414ac68408a0eb73732b43""},""upload_data"":{""date"":""2026-09-22"",""run_id"":""2d2ef995ec9943ff977cf7535bb16978""}}"
146,146,"20.330842200000003 , -102.77210400000001","20.3538141 , -102.7490513",urban-urban,urban,992,"{""sample_routes"":{""date"":""2026-09-22"",""run_id"":""eda5cecdd4b747b5b8244863c0d42c75""},""join_samples"":{""date"":""2026-09-22"",""run_id"":""66479cb411414ac68408a0eb73732b43""},""upload_data"":{""date"":""2026-09-22"",""run_id"":""2d2ef995ec9943ff977cf7535bb16978""}}"
147,147,"18.8398903 , -98.9391719","18.813860400000003 , -98.91286790000001",urban-urban,urban,992,"{""sample_routes"":{""date"":""2026-09-22"",""run_id"":""eda5cecdd4b747b5b8244863c0d42c75""},""join_samples"":{""date"":""2026-09-22"",""run_id"":""66479cb411414ac68408a0eb73732b43""},""upload_data"":{""date"":""2026-09-22"",""run_id"":""2d2ef995ec9943ff977cf7535bb16978""}}"
148,148,"21.1644575 , -101.6230577","21.164649500000003 , -101.6826381",urban-urban,urban,992,"{""sample_routes"":{""date"":""2026-09-22"",""run_id"":""eda5cecdd4b747b5b8244863c0d42c75""},""join_samples"":{""date"":""2026-09-22"",""run_id"":""66479cb411414ac68408a0eb73732b43""},""upload_data"":{""date"":""2026-09-22"",""run_id"":""2d2ef995ec9943ff977cf7535bb16978""}}"
149,149,"20.945014 , -89.6888553","20.944835700000002 , -89.7110832",urban-urban,urban,993,"{""sample_routes"":{""date"":""2026-09-22"",""run_id"":""eda5cecdd4b747b5b8244863c0d42c75""},""join_samples"":{""date"":""2026-09-22"",""run_id"":""66479cb411414ac68408a0eb73732b43""},""upload_data"":{""date"":""2026-09-22"",""run_id"":""2d2ef995ec9943ff977cf7535bb16978""}}"
150,150,"19.5490871 , -98.86125150000001","19.5488077 , -98.9216631",urban-urban,urban,993,"{""sample_routes"":{""date"":""2026-09-22"",""run_id"":""eda5cecdd4b747b5b8244863c0d42c75""},""join_samples"":{""date"":""2026-09-22"",""run_id"":""66479cb411414ac68408a0eb73732b43""},""upload_data"":{""date"":""2026-09-22"",""run_id"":""2d2ef995ec9943ff977cf7535bb16978""}}"
151,151,"19.5620192 , -99.2062159","19.6326721 , -99.1355831",urban-urban,urban,994,"{""sample_routes"":{""date"":""2026-09-22"",""run_id"":""eda5cecdd4b747b5b8244863c0d42c75""},""join_samples"":{""date"":""2026-09-22"",""run_id"":""66479cb411414ac68408a0eb73732b43""},""upload_data"":{""date"":""2026-09-22"",""run_id"":""2d2ef995ec9943ff977cf7535bb16978""}}"
152,152,"22.1668322 , -100.99803150000001","22.1931544 , -101.0242666",urban-urban,urban,995,"{""sample_routes"":{""date"":""2026-09-22"",""run_id"":""eda5cecdd4b747b5b8244863c0d42c75""},""join_samples"":{""date"":""2026-09-22"",""run_id"":""66479cb411414ac68408a0eb73732b43""},""upload_data"":{""date"":""2026-09-22"",""run_id"":""2d2ef995ec9943ff977cf7535bb16978""}}"
153,153,"18.6017613 , -98.47776200000001","18.5745954 , -98.4507471",urban-rural,urban,995,"{""sample_routes"":{""date"":""2026-09-22"",""run_id"":""eda5cecdd4b747b5b8244863c0d42c75""},""join_samples"":{""date"":""2026-09-22"",""run_id"":""66479cb411414ac68408a0eb73732b43""},""upload_data"":{""date"":""2026-09-22"",""run_id"":""2d2ef995ec9943ff977cf7535bb16978""}}"
154,154,"25.801264000000003 , -100.23860330000001","25.801151700000002 , -100.30602200000001",urban-urban,urban,995,"{""sample_routes"":{""date"":""2026-09-22"",""run_id"":""eda5cecdd4b747b5b8244863c0d42c75""},""join_samples"":{""date"":""2026-09-22"",""run_id"":""66479cb411414ac68408a0eb73732b43""},""upload_data"":{""date"":""2026-09-22"",""run_id"":""2d2ef995ec9943ff977cf7535bb16978""}}"
155,155,"19.5008215 , -99.0721431","19.558688 , -99.01403470000001",urban-urban,urban,805,"{""sample_routes"":{""date"":""2026-09-22"",""run_id"":""eda5cecdd4b747b5b8244863c0d42c75""},""join_samples"":{""date"":""2026-09-22"",""run_id"":""66479cb411414ac68408a0eb73732b43""},""upload_data"":{""date"":""2026-09-22"",""run_id"":""2d2ef995ec9943ff977cf7535bb16978""}}"
156,156,"20.644326600000003 , -103.4626013","20.5795935 , -103.3980106",urban-urban,urban,996,"{""sample_routes"":{""date"":""2026-09-22"",""run_id"":""eda5cecdd4b747b5b8244863c0d42c75""},""join_samples"":{""date"":""2026-09-22"",""run_id"":""66479cb411414ac68408a0eb73732b43""},""upload_data"":{""date"":""2026-09-22"",""run_id"":""2d2ef995ec9943ff977cf7535bb16978""}}"
157,157,"20.4600244 , -97.31045750000001","20.4326276 , -97.3377787",urban-urban,urban,996,"{""sample_routes"":{""date"":""2026-09-22"",""run_id"":""eda5cecdd4b747b5b8244863c0d42c75""},""join_samples"":{""date"":""2026-09-22"",""run_id"":""66479cb411414ac68408a0eb73732b43""},""upload_data"":{""date"":""2026-09-22"",""run_id"":""2d2ef995ec9943ff977cf7535bb16978""}}"
158,158,"31.312147600000003 , -110.92641880000001","31.332798800000003 , -110.947258",urban-urban,urban,804,"{""sample_routes"":{""date"":""2026-09-22"",""run_id"":""eda5cecdd4b747b5b8244863c0d42c75""},""join_samples"":{""date"":""2026-09-22"",""run_id"":""66479cb411414ac68408a0eb73732b43""},""upload_data"":{""date"":""2026-09-22"",""run_id"":""2d2ef995ec9943ff977cf7535bb16978""}}"
159,159,"20.725478600000002 , -105.2660829","20.706229500000003 , -105.266327",urban-urban,urban,997,"{""sample_routes"":{""date"":""2026-09-22"",""run_id"":""eda5cecdd4b747b5b8244863c0d42c75""},""join_samples"":{""date"":""2026-09-22"",""run_id"":""66479cb411414ac68408a0eb73732b43""},""upload_data"":{""date"":""2026-09-22"",""run_id"":""2d2ef995ec9943ff977cf7535bb16978""}}"
160,160,"21.8995803 , -102.27543940000001","21.862043500000002 , -102.275616",urban-urban,urban,997,"{""sample_routes"":{""date"":""2026-09-22"",""run_id"":""eda5cecdd4b747b5b8244863c0d42c75""},""join_samples"":{""date"":""2026-09-22"",""run_id"":""66479cb411414ac68408a0eb73732b43""},""upload_data"":{""date"":""2026-09-22"",""run_id"":""2d2ef995ec9943ff977cf7535bb16978""}}"
161,161,"19.449168800000002 , -99.05969250000001","19.4926645 , -99.0160149",urban-urban,urban,998,"{""sample_routes"":{""date"":""2026-09-22"",""run_id"":""eda5cecdd4b747b5b8244863c0d42c75""},""join_samples"":{""date"":""2026-09-22"",""run_id"":""66479cb411414ac68408a0eb73732b43""},""upload_data"":{""date"":""2026-09-22"",""run_id"":""2d2ef995ec9943ff977cf7535bb16978""}}"
162,162,"29.141488000000003 , -110.9681886","29.1148421 , -110.99470740000001",urban-urban,urban,998,"{""sample_routes"":{""date"":""2026-09-22"",""run_id"":""eda5cecdd4b747b5b8244863c0d42c75""},""join_samples"":{""date"":""2026-09-22"",""run_id"":""66479cb411414ac68408a0eb73732b43""},""upload_data"":{""date"":""2026-09-22"",""run_id"":""2d2ef995ec9943ff977cf7535bb16978""}}"
163,163,"24.7381791 , -107.36831640000001","24.7718266 , -107.40202670000001",rural-urban,urban,999,"{""sample_routes"":{""date"":""2026-09-22"",""run_id"":""eda5cecdd4b747b5b8244863c0d42c75""},""join_samples"":{""date"":""2026-09-22"",""run_id"":""66479cb411414ac68408a0eb73732b43""},""upload_data"":{""date"":""2026-09-22"",""run_id"":""2d2ef995ec9943ff977cf7535bb16978""}}"
164,164,"16.8695565 , -99.8726462","16.8463083 , -99.8494105",urban-urban,urban,999,"{""sample_routes"":{""date"":""2026-09-22"",""run_id"":""eda5cecdd4b747b5b8244863c0d42c75""},""join_samples"":{""date"":""2026-09-22"",""run_id"":""66479cb411414ac68408a0eb73732b43""},""upload_data"":{""date"":""2026-09-22"",""run_id"":""2d2ef995ec9943ff977cf7535bb16978""}}"
165,165,"20.7030621 , -101.37209600000001","20.657278400000003 , -101.37199460000001",urban-urban,urban,999,"{""sample_routes"":{""date"":""2026-09-22"",""run_id"":""eda5cecdd4b747b5b8244863c0d42c75""},""join_samples"":{""date"":""2026-09-22"",""run_id"":""66479cb411414ac68408a0eb73732b43""},""upload_data"":{""date"":""2026-09-22"",""run_id"":""2d2ef995ec9943ff977cf7535bb16978""}}"
166,166,"20.118212800000002 , -101.20725580000001","20.1433658 , -101.18199340000001",urban-urban,urban,1000,"{""sample_routes"":{""date"":""2026-09-22"",""run_id"":""eda5cecdd4b747b5b8244863c0d42c75""},""join_samples"":{""date"":""2026-09-22"",""run_id"":""66479cb411414ac68408a0eb73732b43""},""upload_data"":{""date"":""2026-09-22"",""run_id"":""2d2ef995ec9943ff977cf7535bb16978""}}"
167,167,"19.0565645 , -98.23758880000001","19.0563155 , -98.31677300000001",urban-urban,urban,1001,"{""sample_routes"":{""date"":""2026-09-22"",""run_id"":""eda5cecdd4b747b5b8244863c0d42c75""},""join_samples"":{""date"":""2026-09-22"",""run_id"":""66479cb411414ac68408a0eb73732b43""},""upload_data"":{""date"":""2026-09-22"",""run_id"":""2d2ef995ec9943ff977cf7535bb16978""}}"
168,168,"31.7375235 , -106.5325013","31.686850900000003 , -106.481908",urban-urban,urban,1001,"{""sample_routes"":{""date"":""2026-09-22"",""run_id"":""eda5cecdd4b747b5b8244863c0d42c75""},""join_samples"":{""date"":""2026-09-22"",""run_id"":""66479cb411414ac68408a0eb73732b43""},""upload_data"":{""date"":""2026-09-22"",""run_id"":""2d2ef995ec9943ff977cf7535bb16978""}}"
169,169,"19.053202900000002 , -98.120829","18.994997400000003 , -98.1791912",urban-urban,urban,1001,"{""sample_routes"":{""date"":""2026-09-22"",""run_id"":""eda5cecdd4b747b5b8244863c0d42c75""},""join_samples"":{""date"":""2026-09-22"",""run_id"":""66479cb411414ac68408a0eb73732b43""},""upload_data"":{""date"":""2026-09-22"",""run_id"":""2d2ef995ec9943ff977cf7535bb16978""}}"
170,170,"18.8689945 , -99.20579430000001","18.8689611 , -99.23126810000001",urban-urban,urban,1001,"{""sample_routes"":{""date"":""2026-09-22"",""run_id"":""eda5cecdd4b747b5b8244863c0d42c75""},""join_samples"":{""date"":""2026-09-22"",""run_id"":""66479cb411414ac68408a0eb73732b43""},""upload_data"":{""date"":""2026-09-22"",""run_id"":""2d2ef995ec9943ff977cf7535bb16978""}}"
171,171,"19.864548000000003 , -97.59948940000001","19.849746 , -97.5845118",urban-rural,urban,1001,"{""sample_routes"":{""date"":""2026-09-22"",""run_id"":""eda5cecdd4b747b5b8244863c0d42c75""},""join_samples"":{""date"":""2026-09-22"",""run_id"":""66479cb411414ac68408a0eb73732b43""},""upload_data"":{""date"":""2026-09-22"",""run_id"":""2d2ef995ec9943ff977cf7535bb16978""}}"
172,172,"20.6530849 , -103.6871315","20.670379200000003 , -103.7046933",urban-urban,urban,799,"{""sample_routes"":{""date"":""2026-09-22"",""run_id"":""eda5cecdd4b747b5b8244863c0d42c75""},""join_samples"":{""date"":""2026-09-22"",""run_id"":""66479cb411414ac68408a0eb73732b43""},""upload_data"":{""date"":""2026-09-22"",""run_id"":""2d2ef995ec9943ff977cf7535bb16978""}}"
173,173,"19.4436347 , -99.2206306","19.478284600000002 , -99.1860594",urban-urban,urban,1001,"{""sample_routes"":{""date"":""2026-09-22"",""run_id"":""eda5cecdd4b747b5b8244863c0d42c75""},""join_samples"":{""date"":""2026-09-22"",""run_id"":""66479cb411414ac68408a0eb73732b43""},""upload_data"":{""date"":""2026-09-22"",""run_id"":""2d2ef995ec9943ff977cf7535bb16978""}}"
174,174,"19.355786300000002 , -99.2046567","19.3748653 , -99.2239746",urban-urban,urban,1003,"{""sample_routes"":{""date"":""2026-09-22"",""run_id"":""eda5cecdd4b747b5b8244863c0d42c75""},""join_samples"":{""date"":""2026-09-22"",""run_id"":""66479cb411414ac68408a0eb73732b43""},""upload_data"":{""date"":""2026-09-22"",""run_id"":""2d2ef995ec9943ff977cf7535bb16978""}}"
175,175,"20.717536000000003 , -103.3440216","20.7602936 , -103.38690720000001",urban-urban,urban,1003,"{""sample_routes"":{""date"":""2026-09-22"",""run_id"":""eda5cecdd4b747b5b8244863c0d42c75""},""join_samples"":{""date"":""2026-09-22"",""run_id"":""66479cb411414ac68408a0eb73732b43""},""upload_data"":{""date"":""2026-09-22"",""run_id"":""2d2ef995ec9943ff977cf7535bb16978""}}"
176,176,"20.959413400000003 , -101.2971639","20.959137000000002 , -101.32530320000001",urban-urban,urban,796,"{""sample_routes"":{""date"":""2026-09-22"",""run_id"":""eda5cecdd4b747b5b8244863c0d42c75""},""join_samples"":{""date"":""2026-09-22"",""run_id"":""66479cb411414ac68408a0eb73732b43""},""upload_data"":{""date"":""2026-09-22"",""run_id"":""2d2ef995ec9943ff977cf7535bb16978""}}"
177,177,"19.7064753 , -101.2398048","19.669570500000003 , -101.20316770000001",urban-urban,urban,1004,"{""sample_routes"":{""date"":""2026-09-22"",""run_id"":""eda5cecdd4b747b5b8244863c0d42c75""},""join_samples"":{""date"":""2026-09-22"",""run_id"":""66479cb411414ac68408a0eb73732b43""},""upload_data"":{""date"":""2026-09-22"",""run_id"":""2d2ef995ec9943ff977cf7535bb16978""}}"
178,178,"20.6354605 , -103.38203290000001","20.579814300000002 , -103.4374461",urban-urban,urban,1005,"{""sample_routes"":{""date"":""2026-09-22"",""run_id"":""eda5cecdd4b747b5b8244863c0d42c75""},""join_samples"":{""date"":""2026-09-22"",""run_id"":""66479cb411414ac68408a0eb73732b43""},""upload_data"":{""date"":""2026-09-22"",""run_id"":""2d2ef995ec9943ff977cf7535bb16978""}}"
179,179,"31.714893200000002 , -106.474113","31.754289600000003 , -106.4349112",urban-urban,urban,1005,"{""sample_routes"":{""date"":""2026-09-22"",""run_id"":""eda5cecdd4b747b5b8244863c0d42c75""},""join_samples"":{""date"":""2026-09-22"",""run_id"":""66479cb411414ac68408a0eb73732b43""},""upload_data"":{""date"":""2026-09-22"",""run_id"":""2d2ef995ec9943ff977cf7535bb16978""}}"
180,180,"20.5886022 , -103.3543384","20.523075600000002 , -103.28895630000001",urban-urban,urban,1005,"{""sample_routes"":{""date"":""2026-09-22"",""run_id"":""eda5cecdd4b747b5b8244863c0d42c75""},""join_samples"":{""date"":""2026-09-22"",""run_id"":""66479cb411414ac68408a0eb73732b43""},""upload_data"":{""date"":""2026-09-22"",""run_id"":""2d2ef995ec9943ff977cf7535bb16978""}}"
181,181,"20.542354200000002 , -100.4488786","20.5207683 , -100.42721630000001",urban-urban,urban,795,"{""sample_routes"":{""date"":""2026-09-22"",""run_id"":""eda5cecdd4b747b5b8244863c0d42c75""},""join_samples"":{""date"":""2026-09-22"",""run_id"":""66479cb411414ac68408a0eb73732b43""},""upload_data"":{""date"":""2026-09-22"",""run_id"":""2d2ef995ec9943ff977cf7535bb16978""}}"
182,182,"25.7297349 , -100.3817542","25.795094000000002 , -100.38176490000001",urban-urban,urban,1007,"{""sample_routes"":{""date"":""2026-09-22"",""run_id"":""eda5cecdd4b747b5b8244863c0d42c75""},""join_samples"":{""date"":""2026-09-22"",""run_id"":""66479cb411414ac68408a0eb73732b43""},""upload_data"":{""date"":""2026-09-22"",""run_id"":""2d2ef995ec9943ff977cf7535bb16978""}}"
183,183,"19.3126913 , -99.24700340000001","19.2851491 , -99.2194269",urban-urban,urban,1007,"{""sample_routes"":{""date"":""2026-09-22"",""run_id"":""eda5cecdd4b747b5b8244863c0d42c75""},""join_samples"":{""date"":""2026-09-22"",""run_id"":""66479cb411414ac68408a0eb73732b43""},""upload_data"":{""date"":""2026-09-22"",""run_id"":""2d2ef995ec9943ff977cf7535bb16978""}}"
184,184,"20.062996300000002 , -98.7589492","20.1078027 , -98.7586981",urban-urban,urban,1008,"{""sample_routes"":{""date"":""2026-09-22"",""run_id"":""eda5cecdd4b747b5b8244863c0d42c75""},""join_samples"":{""date"":""2026-09-22"",""run_id"":""66479cb411414ac68408a0eb73732b43""},""upload_data"":{""date"":""2026-09-22"",""run_id"":""2d2ef995ec9943ff977cf7535bb16978""}}"
185,185,"28.662717500000003 , -106.10518200000001","28.5994469 , -106.10514160000001",urban-urban,urban,1008,"{""sample_routes"":{""date"":""2026-09-22"",""run_id"":""eda5cecdd4b747b5b8244863c0d42c75""},""join_samples"":{""date"":""2026-09-22"",""run_id"":""66479cb411414ac68408a0eb73732b43""},""upload_data"":{""date"":""2026-09-22"",""run_id"":""2d2ef995ec9943ff977cf7535bb16978""}}"
186,186,"19.4444087 , -99.138771","19.392351700000003 , -99.1385321",urban-urban,urban,1008,"{""sample_routes"":{""date"":""2026-09-22"",""run_id"":""eda5cecdd4b747b5b8244863c0d42c75""},""join_samples"":{""date"":""2026-09-22"",""run_id"":""66479cb411414ac68408a0eb73732b43""},""upload_data"":{""date"":""2026-09-22"",""run_id"":""2d2ef995ec9943ff977cf7535bb16978""}}"
187,187,"18.9892103 , -97.7778234","18.9573383 , -97.7777705",urban-urban,urban,792,"{""sample_routes"":{""date"":""2026-09-22"",""run_id"":""eda5cecdd4b747b5b8244863c0d42c75""},""join_samples"":{""date"":""2026-09-22"",""run_id"":""66479cb411414ac68408a0eb73732b43""},""upload_data"":{""date"":""2026-09-22"",""run_id"":""2d2ef995ec9943ff977cf7535bb16978""}}"
188,188,"20.1179492 , -101.1881335","20.1401299 , -101.1661516",urban-urban,urban,1008,"{""sample_routes"":{""date"":""2026-09-22"",""run_id"":""eda5cecdd4b747b5b8244863c0d42c75""},""join_samples"":{""date"":""2026-09-22"",""run_id"":""66479cb411414ac68408a0eb73732b43""},""upload_data"":{""date"":""2026-09-22"",""run_id"":""2d2ef995ec9943ff977cf7535bb16978""}}"
189,189,"25.729581900000003 , -100.2028056","25.659305300000003 , -100.20304250000001",urban-urban,urban,1009,"{""sample_routes"":{""date"":""2026-09-22"",""run_id"":""eda5cecdd4b747b5b8244863c0d42c75""},""join_samples"":{""date"":""2026-09-22"",""run_id"":""66479cb411414ac68408a0eb73732b43""},""upload_data"":{""date"":""2026-09-22"",""run_id"":""2d2ef995ec9943ff977cf7535bb16978""}}"
190,190,"19.325448400000003 , -98.24770190000001","19.287655 , -98.2099172",urban-urban,urban,1010,"{""sample_routes"":{""date"":""2026-09-22"",""run_id"":""eda5cecdd4b747b5b8244863c0d42c75""},""join_samples"":{""date"":""2026-09-22"",""run_id"":""66479cb411414ac68408a0eb73732b43""},""upload_data"":{""date"":""2026-09-22"",""run_id"":""2d2ef995ec9943ff977cf7535bb16978""}}"
191,191,"21.8847175 , -102.272074","21.8590161 , -102.2976007",urban-urban,urban,1011,"{""sample_routes"":{""date"":""2026-09-22"",""run_id"":""eda5cecdd4b747b5b8244863c0d42c75""},""join_samples"":{""date"":""2026-09-22"",""run_id"":""66479cb411414ac68408a0eb73732b43""},""upload_data"":{""date"":""2026-09-22"",""run_id"":""2d2ef995ec9943ff977cf7535bb16978""}}"
192,192,"28.6672608 , -106.0182723","28.667037200000003 , -106.09718620000001",urban-urban,urban,1012,"{""sample_routes"":{""date"":""2026-09-22"",""run_id"":""eda5cecdd4b747b5b8244863c0d42c75""},""join_samples"":{""date"":""2026-09-22"",""run_id"":""66479cb411414ac68408a0eb73732b43""},""upload_data"":{""date"":""2026-09-22"",""run_id"":""2d2ef995ec9943ff977cf7535bb16978""}}"
193,193,"21.9077284 , -102.2460805","21.8607824 , -102.24599880000001",urban-urban,urban,1012,"{""sample_routes"":{""date"":""2026-09-22"",""run_id"":""eda5cecdd4b747b5b8244863c0d42c75""},""join_samples"":{""date"":""2026-09-22"",""run_id"":""66479cb411414ac68408a0eb73732b43""},""upload_data"":{""date"":""2026-09-22"",""run_id"":""2d2ef995ec9943ff977cf7535bb16978""}}"
194,194,"19.714097600000002 , -101.20425220000001","19.7506708 , -101.16779100000001",urban-rural,urban,1012,"{""sample_routes"":{""date"":""2026-09-22"",""run_id"":""eda5cecdd4b747b5b8244863c0d42c75""},""join_samples"":{""date"":""2026-09-22"",""run_id"":""66479cb411414ac68408a0eb73732b43""},""upload_data"":{""date"":""2026-09-22"",""run_id"":""2d2ef995ec9943ff977cf7535bb16978""}}"
195,195,"31.610914200000003 , -106.41245310000001","31.579157000000002 , -106.41266270000001",urban-urban,urban,788,"{""sample_routes"":{""date"":""2026-09-22"",""run_id"":""eda5cecdd4b747b5b8244863c0d42c75""},""join_samples"":{""date"":""2026-09-22"",""run_id"":""66479cb411414ac68408a0eb73732b43""},""upload_data"":{""date"":""2026-09-22"",""run_id"":""2d2ef995ec9943ff977cf7535bb16978""}}"
196,196,"20.7564186 , -103.3948888","20.7149666 , -103.35370520000001",urban-urban,urban,1012,"{""sample_routes"":{""date"":""2026-09-22"",""run_id"":""eda5cecdd4b747b5b8244863c0d42c75""},""join_samples"":{""date"":""2026-09-22"",""run_id"":""66479cb411414ac68408a0eb73732b43""},""upload_data"":{""date"":""2026-09-22"",""run_id"":""2d2ef995ec9943ff977cf7535bb16978""}}"
197,197,"20.5168125 , -100.7643372","20.5170274 , -100.83428350000001",rural-urban,urban,1012,"{""sample_routes"":{""date"":""2026-09-22"",""run_id"":""eda5cecdd4b747b5b8244863c0d42c75""},""join_samples"":{""date"":""2026-09-22"",""run_id"":""66479cb411414ac68408a0eb73732b43""},""upload_data"":{""date"":""2026-09-22"",""run_id"":""2d2ef995ec9943ff977cf7535bb16978""}}"
198,198,"19.2161641 , -99.048133","19.163458900000002 , -99.04827580000001",urban-rural,urban,1014,"{""sample_routes"":{""date"":""2026-09-22"",""run_id"":""eda5cecdd4b747b5b8244863c0d42c75""},""join_samples"":{""date"":""2026-09-22"",""run_id"":""66479cb411414ac68408a0eb73732b43""},""upload_data"":{""date"":""2026-09-22"",""run_id"":""2d2ef995ec9943ff977cf7535bb16978""}}"
199,199,"20.735651400000002 , -103.4154237","20.787356600000003 , -103.46701230000001",urban-urban,urban,1014,"{""sample_routes"":{""date"":""2026-09-22"",""run_id"":""eda5cecdd4b747b5b8244863c0d42c75""},""join_samples"":{""date"":""2026-09-22"",""run_id"":""66479cb411414ac68408a0eb73732b43""},""upload_data"":{""date"":""2026-09-22"",""run_id"":""2d2ef995ec9943ff977cf7535bb16978""}}"
200,200,"31.6722086 , -106.48455200000001","31.737104700000003 , -106.48454070000001",urban-urban,urban,1014,"{""sample_routes"":{""date"":""2026-09-22"",""run_id"":""eda5cecdd4b747b5b8244863c0d42c75""},""join_samples"":{""date"":""2026-09-22"",""run_id"":""66479cb411414ac68408a0eb73732b43""},""upload_data"":{""date"":""2026-09-22"",""run_id"":""2d2ef995ec9943ff977cf7535bb16978""}}"
201,201,"20.527266100000002 , -103.34606740000001","20.5662252 , -103.30731870000001",urban-urban,urban,1015,"{""sample_routes"":{""date"":""2026-09-22"",""run_id"":""eda5cecdd4b747b5b8244863c0d42c75""},""join_samples"":{""date"":""2026-09-22"",""run_id"":""66479cb411414ac68408a0eb73732b43""},""upload_data"":{""date"":""2026-09-22"",""run_id"":""2d2ef995ec9943ff977cf7535bb16978""}}"
202,202,"19.0518444 , -98.2776824","18.9843105 , -98.21015200000001",urban-urban,urban,1015,"{""sample_routes"":{""date"":""2026-09-22"",""run_id"":""eda5cecdd4b747b5b8244863c0d42c75""},""join_samples"":{""date"":""2026-09-22"",""run_id"":""66479cb411414ac68408a0eb73732b43""},""upload_data"":{""date"":""2026-09-22"",""run_id"":""2d2ef995ec9943ff977cf7535bb16978""}}"
203,203,"20.629840700000003 , -103.448845","20.7153049 , -103.4489192",urban-urban,urban,1015,"{""sample_routes"":{""date"":""2026-09-22"",""run_id"":""eda5cecdd4b747b5b8244863c0d42c75""},""join_samples"":{""date"":""2026-09-22"",""run_id"":""66479cb411414ac68408a0eb73732b43""},""upload_data"":{""date"":""2026-09-22"",""run_id"":""2d2ef995ec9943ff977cf7535bb16978""}}"
204,204,"19.598998400000003 , -99.22059820000001","19.5534871 , -99.22063770000001",urban-urban,urban,1015,"{""sample_routes"":{""date"":""2026-09-22"",""run_id"":""eda5cecdd4b747b5b8244863c0d42c75""},""join_samples"":{""date"":""2026-09-22"",""run_id"":""66479cb411414ac68408a0eb73732b43""},""upload_data"":{""date"":""2026-09-22"",""run_id"":""2d2ef995ec9943ff977cf7535bb16978""}}"
205,205,"25.3895221 , -100.94306440000001","25.3895485 , -100.9694946",urban-urban,urban,784,"{""sample_routes"":{""date"":""2026-09-22"",""run_id"":""eda5cecdd4b747b5b8244863c0d42c75""},""join_samples"":{""date"":""2026-09-22"",""run_id"":""66479cb411414ac68408a0eb73732b43""},""upload_data"":{""date"":""2026-09-22"",""run_id"":""2d2ef995ec9943ff977cf7535bb16978""}}"
206,206,"28.6905265 , -106.15811260000001","28.739626500000004 , -106.1092193",urban-urban,urban,1016,"{""sample_routes"":{""date"":""2026-09-22"",""run_id"":""eda5cecdd4b747b5b8244863c0d42c75""},""join_samples"":{""date"":""2026-09-22"",""run_id"":""66479cb411414ac68408a0eb73732b43""},""upload_data"":{""date"":""2026-09-22"",""run_id"":""2d2ef995ec9943ff977cf7535bb16978""}}"
207,207,"19.5990988 , -99.3070531","19.6447627 , -99.3069706",urban-urban,urban,1017,"{""sample_routes"":{""date"":""2026-09-22"",""run_id"":""eda5cecdd4b747b5b8244863c0d42c75""},""join_samples"":{""date"":""2026-09-22"",""run_id"":""66479cb411414ac68408a0eb73732b43""},""upload_data"":{""date"":""2026-09-22"",""run_id"":""2d2ef995ec9943ff977cf7535bb16978""}}"
208,208,"17.261156200000002 , -97.6700787","17.261146200000002 , -97.70076030000001",urban-urban,urban,783,"{""sample_routes"":{""date"":""2026-09-22"",""run_id"":""eda5cecdd4b747b5b8244863c0d42c75""},""join_samples"":{""date"":""2026-09-22"",""run_id"":""66479cb411414ac68408a0eb73732b43""},""upload_data"":{""date"":""2026-09-22"",""run_id"":""2d2ef995ec9943ff977cf7535bb16978""}}"
209,209,"21.0590911 , -101.5990587","21.1334874 , -101.59930270000001",urban-urban,urban,1017,"{""sample_routes"":{""date"":""2026-09-22"",""run_id"":""eda5cecdd4b747b5b8244863c0d42c75""},""join_samples"":{""date"":""2026-09-22"",""run_id"":""66479cb411414ac68408a0eb73732b43""},""upload_data"":{""date"":""2026-09-22"",""run_id"":""2d2ef995ec9943ff977cf7535bb16978""}}"
210,210,"25.450649600000002 , -101.00764500000001","25.4763385 , -100.9821895",urban-urban,urban,1017,"{""sample_routes"":{""date"":""2026-09-22"",""run_id"":""eda5cecdd4b747b5b8244863c0d42c75""},""join_samples"":{""date"":""2026-09-22"",""run_id"":""66479cb411414ac68408a0eb73732b43""},""upload_data"":{""date"":""2026-09-22"",""run_id"":""2d2ef995ec9943ff977cf7535bb16978""}}"
211,211,"18.9673631 , -99.2089739","18.941881300000002 , -99.1834948",urban-urban,urban,1018,"{""sample_routes"":{""date"":""2026-09-22"",""run_id"":""eda5cecdd4b747b5b8244863c0d42c75""},""join_samples"":{""date"":""2026-09-22"",""run_id"":""66479cb411414ac68408a0eb73732b43""},""upload_data"":{""date"":""2026-09-22"",""run_id"":""2d2ef995ec9943ff977cf7535bb16978""}}"
212,212,"19.605941400000003 , -99.07151130000001","19.6701111 , -99.0071704",urban-urban,urban,1018,"{""sample_routes"":{""date"":""2026-09-22"",""run_id"":""eda5cecdd4b747b5b8244863c0d42c75""},""join_samples"":{""date"":""2026-09-22"",""run_id"":""66479cb411414ac68408a0eb73732b43""},""upload_data"":{""date"":""2026-09-22"",""run_id"":""2d2ef995ec9943ff977cf7535bb16978""}}"
213,213,"25.597722400000002 , -103.4092078","25.5708333 , -103.4362555",urban-urban,urban,1018,"{""sample_routes"":{""date"":""2026-09-22"",""run_id"":""eda5cecdd4b747b5b8244863c0d42c75""},""join_samples"":{""date"":""2026-09-22"",""run_id"":""66479cb411414ac68408a0eb73732b43""},""upload_data"":{""date"":""2026-09-22"",""run_id"":""2d2ef995ec9943ff977cf7535bb16978""}}"
214,214,"28.3642769 , -105.59666050000001","28.397751000000003 , -105.63014430000001",rural-urban,urban,781,"{""sample_routes"":{""date"":""2026-09-22"",""run_id"":""eda5cecdd4b747b5b8244863c0d42c75""},""join_samples"":{""date"":""2026-09-22"",""run_id"":""66479cb411414ac68408a0eb73732b43""},""upload_data"":{""date"":""2026-09-22"",""run_id"":""2d2ef995ec9943ff977cf7535bb16978""}}"
215,215,"21.1485884 , -101.6398494","21.090477800000002 , -101.5816822",urban-urban,urban,1019,"{""sample_routes"":{""date"":""2026-09-22"",""run_id"":""eda5cecdd4b747b5b8244863c0d42c75""},""join_samples"":{""date"":""2026-09-22"",""run_id"":""66479cb411414ac68408a0eb73732b43""},""upload_data"":{""date"":""2026-09-22"",""run_id"":""2d2ef995ec9943ff977cf7535bb16978""}}"
216,216,"20.5531553 , -101.19896290000001","20.582402100000003 , -101.22834370000001",urban-urban,urban,1019,"{""sample_routes"":{""date"":""2026-09-22"",""run_id"":""eda5cecdd4b747b5b8244863c0d42c75""},""join_samples"":{""date"":""2026-09-22"",""run_id"":""66479cb411414ac68408a0eb73732b43""},""upload_data"":{""date"":""2026-09-22"",""run_id"":""2d2ef995ec9943ff977cf7535bb16978""}}"
217,217,"21.1396991 , -101.7225059","21.0968851 , -101.7655125",urban-urban,urban,1019,"{""sample_routes"":{""date"":""2026-09-22"",""run_id"":""eda5cecdd4b747b5b8244863c0d42c75""},""join_samples"":{""date"":""2026-09-22"",""run_id"":""66479cb411414ac68408a0eb73732b43""},""upload_data"":{""date"":""2026-09-22"",""run_id"":""2d2ef995ec9943ff977cf7535bb16978""}}"
218,218,"20.6524453 , -103.25903380000001","20.6960918 , -103.30244880000001",urban-urban,urban,1019,"{""sample_routes"":{""date"":""2026-09-22"",""run_id"":""eda5cecdd4b747b5b8244863c0d42c75""},""join_samples"":{""date"":""2026-09-22"",""run_id"":""66479cb411414ac68408a0eb73732b43""},""upload_data"":{""date"":""2026-09-22"",""run_id"":""2d2ef995ec9943ff977cf7535bb16978""}}"
219,219,"22.147682900000003 , -100.97799330000001","22.119191800000003 , -101.0065847",urban-urban,urban,1020,"{""sample_routes"":{""date"":""2026-09-22"",""run_id"":""eda5cecdd4b747b5b8244863c0d42c75""},""join_samples"":{""date"":""2026-09-22"",""run_id"":""66479cb411414ac68408a0eb73732b43""},""upload_data"":{""date"":""2026-09-22"",""run_id"":""2d2ef995ec9943ff977cf7535bb16978""}}"
220,220,"19.221248600000003 , -103.71903080000001","19.2651925 , -103.6752805",urban-rural,urban,1021,"{""sample_routes"":{""date"":""2026-09-22"",""run_id"":""eda5cecdd4b747b5b8244863c0d42c75""},""join_samples"":{""date"":""2026-09-22"",""run_id"":""66479cb411414ac68408a0eb73732b43""},""upload_data"":{""date"":""2026-09-22"",""run_id"":""2d2ef995ec9943ff977cf7535bb16978""}}"
221,221,"19.738964000000003 , -98.9592417","19.6899678 , -98.95942210000001",urban-urban,urban,1021,"{""sample_routes"":{""date"":""2026-09-22"",""run_id"":""eda5cecdd4b747b5b8244863c0d42c75""},""join_samples"":{""date"":""2026-09-22"",""run_id"":""66479cb411414ac68408a0eb73732b43""},""upload_data"":{""date"":""2026-09-22"",""run_id"":""2d2ef995ec9943ff977cf7535bb16978""}}"
222,222,"24.730646200000002 , -107.39347230000001","24.769570700000003 , -107.3932175",rural-urban,urban,1021,"{""sample_routes"":{""date"":""2026-09-22"",""run_id"":""eda5cecdd4b747b5b8244863c0d42c75""},""join_samples"":{""date"":""2026-09-22"",""run_id"":""66479cb411414ac68408a0eb73732b43""},""upload_data"":{""date"":""2026-09-22"",""run_id"":""2d2ef995ec9943ff977cf7535bb16978""}}"
223,223,"20.587442600000003 , -103.2448825","20.6450119 , -103.3025674",urban-urban,urban,1022,"{""sample_routes"":{""date"":""2026-09-22"",""run_id"":""eda5cecdd4b747b5b8244863c0d42c75""},""join_samples"":{""date"":""2026-09-22"",""run_id"":""66479cb411414ac68408a0eb73732b43""},""upload_data"":{""date"":""2026-09-22"",""run_id"":""2d2ef995ec9943ff977cf7535bb16978""}}"
224,224,"19.6167586 , -99.2497938","19.5705591 , -99.24968630000001",urban-urban,urban,1023,"{""sample_routes"":{""date"":""2026-09-22"",""run_id"":""eda5cecdd4b747b5b8244863c0d42c75""},""join_samples"":{""date"":""2026-09-22"",""run_id"":""66479cb411414ac68408a0eb73732b43""},""upload_data"":{""date"":""2026-09-22"",""run_id"":""2d2ef995ec9943ff977cf7535bb16978""}}"
225,225,"23.9850445 , -104.6780334","24.0122356 , -104.65069480000001",urban-urban,urban,1023,"{""sample_routes"":{""date"":""2026-09-22"",""run_id"":""eda5cecdd4b747b5b8244863c0d42c75""},""join_samples"":{""date"":""2026-09-22"",""run_id"":""66479cb411414ac68408a0eb73732b43""},""upload_data"":{""date"":""2026-09-22"",""run_id"":""2d2ef995ec9943ff977cf7535bb16978""}}"
226,226,"28.718410400000003 , -106.08687450000001","28.620377700000002 , -106.0870402",urban-urban,urban,1023,"{""sample_routes"":{""date"":""2026-09-22"",""run_id"":""eda5cecdd4b747b5b8244863c0d42c75""},""join_samples"":{""date"":""2026-09-22"",""run_id"":""66479cb411414ac68408a0eb73732b43""},""upload_data"":{""date"":""2026-09-22"",""run_id"":""2d2ef995ec9943ff977cf7535bb16978""}}"
227,227,"25.773686 , -103.2568006","25.791519800000003 , -103.2744335",urban-urban,urban,1024,"{""sample_routes"":{""date"":""2026-09-22"",""run_id"":""eda5cecdd4b747b5b8244863c0d42c75""},""join_samples"":{""date"":""2026-09-22"",""run_id"":""66479cb411414ac68408a0eb73732b43""},""upload_data"":{""date"":""2026-09-22"",""run_id"":""2d2ef995ec9943ff977cf7535bb16978""}}"
228,228,"19.169293800000002 , -96.14569460000001","19.196351200000002 , -96.1727321",urban-urban,urban,1024,"{""sample_routes"":{""date"":""2026-09-22"",""run_id"":""eda5cecdd4b747b5b8244863c0d42c75""},""join_samples"":{""date"":""2026-09-22"",""run_id"":""66479cb411414ac68408a0eb73732b43""},""upload_data"":{""date"":""2026-09-22"",""run_id"":""2d2ef995ec9943ff977cf7535bb16978""}}"
229,229,"25.636398800000002 , -100.165953","25.7062007 , -100.1661933",urban-urban,urban,1024,"{""sample_routes"":{""date"":""2026-09-22"",""run_id"":""eda5cecdd4b747b5b8244863c0d42c75""},""join_samples"":{""date"":""2026-09-22"",""run_id"":""66479cb411414ac68408a0eb73732b43""},""upload_data"":{""date"":""2026-09-22"",""run_id"":""2d2ef995ec9943ff977cf7535bb16978""}}"
230,230,"20.725114700000002 , -103.3185638","20.6897285 , -103.35371860000001",urban-urban,urban,1025,"{""sample_routes"":{""date"":""2026-09-22"",""run_id"":""eda5cecdd4b747b5b8244863c0d42c75""},""join_samples"":{""date"":""2026-09-22"",""run_id"":""66479cb411414ac68408a0eb73732b43""},""upload_data"":{""date"":""2026-09-22"",""run_id"":""2d2ef995ec9943ff977cf7535bb16978""}}"
231,231,"18.1345391 , -94.52584420000001","18.1642254 , -94.555802",urban-urban,urban,1025,"{""sample_routes"":{""date"":""2026-09-22"",""run_id"":""eda5cecdd4b747b5b8244863c0d42c75""},""join_samples"":{""date"":""2026-09-22"",""run_id"":""66479cb411414ac68408a0eb73732b43""},""upload_data"":{""date"":""2026-09-22"",""run_id"":""2d2ef995ec9943ff977cf7535bb16978""}}"
232,232,"19.2685506 , -99.14714690000001","19.2391414 , -99.11777950000001",urban-urban,urban,1025,"{""sample_routes"":{""date"":""2026-09-22"",""run_id"":""eda5cecdd4b747b5b8244863c0d42c75""},""join_samples"":{""date"":""2026-09-22"",""run_id"":""66479cb411414ac68408a0eb73732b43""},""upload_data"":{""date"":""2026-09-22"",""run_id"":""2d2ef995ec9943ff977cf7535bb16978""}}"
233,233,"19.5433588 , -96.9255857","19.5242535 , -96.94469430000001",urban-urban,urban,774,"{""sample_routes"":{""date"":""2026-09-22"",""run_id"":""eda5cecdd4b747b5b8244863c0d42c75""},""join_samples"":{""date"":""2026-09-22"",""run_id"":""66479cb411414ac68408a0eb73732b43""},""upload_data"":{""date"":""2026-09-22"",""run_id"":""2d2ef995ec9943ff977cf7535bb16978""}}"
234,234,"25.665378200000003 , -100.31366770000001","25.776251100000003 , -100.3134249",urban-urban,urban,1027,"{""sample_routes"":{""date"":""2026-09-22"",""run_id"":""eda5cecdd4b747b5b8244863c0d42c75""},""join_samples"":{""date"":""2026-09-22"",""run_id"":""66479cb411414ac68408a0eb73732b43""},""upload_data"":{""date"":""2026-09-22"",""run_id"":""2d2ef995ec9943ff977cf7535bb16978""}}"
235,235,"23.998000100000002 , -104.6539352","24.035239200000003 , -104.65417020000001",urban-urban,urban,1027,"{""sample_routes"":{""date"":""2026-09-22"",""run_id"":""eda5cecdd4b747b5b8244863c0d42c75""},""join_samples"":{""date"":""2026-09-22"",""run_id"":""66479cb411414ac68408a0eb73732b43""},""upload_data"":{""date"":""2026-09-22"",""run_id"":""2d2ef995ec9943ff977cf7535bb16978""}}"
236,236,"20.591649800000003 , -100.40343050000001","20.567713100000002 , -100.40347870000001",urban-urban,urban,1027,"{""sample_routes"":{""date"":""2026-09-22"",""run_id"":""eda5cecdd4b747b5b8244863c0d42c75""},""join_samples"":{""date"":""2026-09-22"",""run_id"":""66479cb411414ac68408a0eb73732b43""},""upload_data"":{""date"":""2026-09-22"",""run_id"":""2d2ef995ec9943ff977cf7535bb16978""}}"
237,237,"19.2821199 , -99.6242971","19.282302 , -99.6761348",urban-urban,urban,1027,"{""sample_routes"":{""date"":""2026-09-22"",""run_id"":""eda5cecdd4b747b5b8244863c0d42c75""},""join_samples"":{""date"":""2026-09-22"",""run_id"":""66479cb411414ac68408a0eb73732b43""},""upload_data"":{""date"":""2026-09-22"",""run_id"":""2d2ef995ec9943ff977cf7535bb16978""}}"
238,238,"18.989067300000002 , -98.28778980000001","19.080681600000002 , -98.2879145",urban-urban,urban,1029,"{""sample_routes"":{""date"":""2026-09-22"",""run_id"":""eda5cecdd4b747b5b8244863c0d42c75""},""join_samples"":{""date"":""2026-09-22"",""run_id"":""66479cb411414ac68408a0eb73732b43""},""upload_data"":{""date"":""2026-09-22"",""run_id"":""2d2ef995ec9943ff977cf7535bb16978""}}"
239,239,"17.0145664 , -96.7598756","17.044661100000003 , -96.72952500000001",urban-urban,urban,1029,"{""sample_routes"":{""date"":""2026-09-22"",""run_id"":""eda5cecdd4b747b5b8244863c0d42c75""},""join_samples"":{""date"":""2026-09-22"",""run_id"":""66479cb411414ac68408a0eb73732b43""},""upload_data"":{""date"":""2026-09-22"",""run_id"":""2d2ef995ec9943ff977cf7535bb16978""}}"
240,240,"16.8398869 , -99.8137817","16.801995400000003 , -99.8135596",urban-urban,urban,1030,"{""sample_routes"":{""date"":""2026-09-22"",""run_id"":""eda5cecdd4b747b5b8244863c0d42c75""},""join_samples"":{""date"":""2026-09-22"",""run_id"":""66479cb411414ac68408a0eb73732b43""},""upload_data"":{""date"":""2026-09-22"",""run_id"":""2d2ef995ec9943ff977cf7535bb16978""}}"
241,241,"32.5136471 , -116.8803549","32.5133992 , -116.98708260000001",urban-urban,urban,1030,"{""sample_routes"":{""date"":""2026-09-22"",""run_id"":""eda5cecdd4b747b5b8244863c0d42c75""},""join_samples"":{""date"":""2026-09-22"",""run_id"":""66479cb411414ac68408a0eb73732b43""},""upload_data"":{""date"":""2026-09-22"",""run_id"":""2d2ef995ec9943ff977cf7535bb16978""}}"
242,242,"19.2355717 , -99.11160620000001","19.2697299 , -99.14554550000001",urban-urban,urban,1030,"{""sample_routes"":{""date"":""2026-09-22"",""run_id"":""eda5cecdd4b747b5b8244863c0d42c75""},""join_samples"":{""date"":""2026-09-22"",""run_id"":""66479cb411414ac68408a0eb73732b43""},""upload_data"":{""date"":""2026-09-22"",""run_id"":""2d2ef995ec9943ff977cf7535bb16978""}}"
243,243,"20.570896100000002 , -103.23908060000001","20.6103197 , -103.27871350000001",urban-urban,urban,1030,"{""sample_routes"":{""date"":""2026-09-22"",""run_id"":""eda5cecdd4b747b5b8244863c0d42c75""},""join_samples"":{""date"":""2026-09-22"",""run_id"":""66479cb411414ac68408a0eb73732b43""},""upload_data"":{""date"":""2026-09-22"",""run_id"":""2d2ef995ec9943ff977cf7535bb16978""}}"
244,244,"32.6106731 , -115.4940239","32.642441000000005 , -115.46216150000001",urban-urban,urban,1030,"{""sample_routes"":{""date"":""2026-09-22"",""run_id"":""eda5cecdd4b747b5b8244863c0d42c75""},""join_samples"":{""date"":""2026-09-22"",""run_id"":""66479cb411414ac68408a0eb73732b43""},""upload_data"":{""date"":""2026-09-22"",""run_id"":""2d2ef995ec9943ff977cf7535bb16978""}}"
245,245,"20.2852541 , -97.95602530000001","20.314525800000002 , -97.95626340000001",urban-urban,urban,767,"{""sample_routes"":{""date"":""2026-09-22"",""run_id"":""eda5cecdd4b747b5b8244863c0d42c75""},""join_samples"":{""date"":""2026-09-22"",""run_id"":""66479cb411414ac68408a0eb73732b43""},""upload_data"":{""date"":""2026-09-22"",""run_id"":""2d2ef995ec9943ff977cf7535bb16978""}}"
246,246,"32.465914600000005 , -114.7450567","32.4323503 , -114.7783883",urban-urban,urban,1034,"{""sample_routes"":{""date"":""2026-09-22"",""run_id"":""eda5cecdd4b747b5b8244863c0d42c75""},""join_samples"":{""date"":""2026-09-22"",""run_id"":""66479cb411414ac68408a0eb73732b43""},""upload_data"":{""date"":""2026-09-22"",""run_id"":""2d2ef995ec9943ff977cf7535bb16978""}}"
247,247,"19.333805700000003 , -98.1486263","19.3186101 , -98.1638451",urban-urban,urban,765,"{""sample_routes"":{""date"":""2026-09-22"",""run_id"":""eda5cecdd4b747b5b8244863c0d42c75""},""join_samples"":{""date"":""2026-09-22"",""run_id"":""66479cb411414ac68408a0eb73732b43""},""upload_data"":{""date"":""2026-09-22"",""run_id"":""2d2ef995ec9943ff977cf7535bb16978""}}"
248,248,"19.524482600000002 , -99.02643330000001","19.6240594 , -99.0261892",urban-urban,urban,1035,"{""sample_routes"":{""date"":""2026-09-22"",""run_id"":""eda5cecdd4b747b5b8244863c0d42c75""},""join_samples"":{""date"":""2026-09-22"",""run_id"":""66479cb411414ac68408a0eb73732b43""},""upload_data"":{""date"":""2026-09-22"",""run_id"":""2d2ef995ec9943ff977cf7535bb16978""}}"
249,249,"28.418585 , -106.8659374","28.455696300000003 , -106.8287715",urban-rural,urban,1035,"{""sample_routes"":{""date"":""2026-09-22"",""run_id"":""eda5cecdd4b747b5b8244863c0d42c75""},""join_samples"":{""date"":""2026-09-22"",""run_id"":""66479cb411414ac68408a0eb73732b43""},""upload_data"":{""date"":""2026-09-22"",""run_id"":""2d2ef995ec9943ff977cf7535bb16978""}}"
250,250,"19.7937811 , -100.94710420000001","19.8325719 , -100.9081323",rural-urban,mixed,900,"{""sample_routes"":{""date"":""2026-09-22"",""run_id"":""eda5cecdd4b747b5b8244863c0d42c75""},""join_samples"":{""date"":""2026-09-22"",""run_id"":""66479cb411414ac68408a0eb73732b43""},""upload_data"":{""date"":""2026-09-22"",""run_id"":""2d2ef995ec9943ff977cf7535bb16978""}}"
251,251,"28.186760200000002 , -105.48720130000001","28.142512200000002 , -105.53146140000001",urban-rural,mixed,900,"{""sample_routes"":{""date"":""2026-09-22"",""run_id"":""eda5cecdd4b747b5b8244863c0d42c75""},""join_samples"":{""date"":""2026-09-22"",""run_id"":""66479cb411414ac68408a0eb73732b43""},""upload_data"":{""date"":""2026-09-22"",""run_id"":""2d2ef995ec9943ff977cf7535bb16978""}}"
252,252,"20.759903 , -103.3400302","20.790577900000002 , -103.37057990000001",urban-rural,mixed,900,"{""sample_routes"":{""date"":""2026-09-22"",""run_id"":""eda5cecdd4b747b5b8244863c0d42c75""},""join_samples"":{""date"":""2026-09-22"",""run_id"":""66479cb411414ac68408a0eb73732b43""},""upload_data"":{""date"":""2026-09-22"",""run_id"":""2d2ef995ec9943ff977cf7535bb16978""}}"
253,253,"25.485331600000002 , -100.9547081","25.501710900000003 , -100.93826290000001",rural-urban,mixed,899,"{""sample_routes"":{""date"":""2026-09-22"",""run_id"":""eda5cecdd4b747b5b8244863c0d42c75""},""join_samples"":{""date"":""2026-09-22"",""run_id"":""66479cb411414ac68408a0eb73732b43""},""upload_data"":{""date"":""2026-09-22"",""run_id"":""2d2ef995ec9943ff977cf7535bb16978""}}"
254,254,"20.9127002 , -89.5842817","20.8842925 , -89.5561211",urban-rural,mixed,901,"{""sample_routes"":{""date"":""2026-09-22"",""run_id"":""eda5cecdd4b747b5b8244863c0d42c75""},""join_samples"":{""date"":""2026-09-22"",""run_id"":""66479cb411414ac68408a0eb73732b43""},""upload_data"":{""date"":""2026-09-22"",""run_id"":""2d2ef995ec9943ff977cf7535bb16978""}}"
255,255,"19.7296798 , -97.2470954","19.729664800000002 , -97.2579592",urban-rural,mixed,899,"{""sample_routes"":{""date"":""2026-09-22"",""run_id"":""eda5cecdd4b747b5b8244863c0d42c75""},""join_samples"":{""date"":""2026-09-22"",""run_id"":""66479cb411414ac68408a0eb73732b43""},""upload_data"":{""date"":""2026-09-22"",""run_id"":""2d2ef995ec9943ff977cf7535bb16978""}}"
256,256,"18.871492200000002 , -97.06009060000001","18.9078383 , -97.02355840000001",rural-urban,mixed,899,"{""sample_routes"":{""date"":""2026-09-22"",""run_id"":""eda5cecdd4b747b5b8244863c0d42c75""},""join_samples"":{""date"":""2026-09-22"",""run_id"":""66479cb411414ac68408a0eb73732b43""},""upload_data"":{""date"":""2026-09-22"",""run_id"":""2d2ef995ec9943ff977cf7535bb16978""}}"
257,257,"19.2403023 , -98.2221669","19.222357900000002 , -98.2403652",rural-urban,mixed,898,"{""sample_routes"":{""date"":""2026-09-22"",""run_id"":""eda5cecdd4b747b5b8244863c0d42c75""},""join_samples"":{""date"":""2026-09-22"",""run_id"":""66479cb411414ac68408a0eb73732b43""},""upload_data"":{""date"":""2026-09-22"",""run_id"":""2d2ef995ec9943ff977cf7535bb16978""}}"
258,258,"20.7995239 , -102.78891540000001","20.7710428 , -102.7602178",urban-rural,mixed,902,"{""sample_routes"":{""date"":""2026-09-22"",""run_id"":""eda5cecdd4b747b5b8244863c0d42c75""},""join_samples"":{""date"":""2026-09-22"",""run_id"":""66479cb411414ac68408a0eb73732b43""},""upload_data"":{""date"":""2026-09-22"",""run_id"":""2d2ef995ec9943ff977cf7535bb16978""}}"
259,259,"25.69572 , -103.29004130000001","25.7142613 , -103.3083057",urban-rural,mixed,898,"{""sample_routes"":{""date"":""2026-09-22"",""run_id"":""eda5cecdd4b747b5b8244863c0d42c75""},""join_samples"":{""date"":""2026-09-22"",""run_id"":""66479cb411414ac68408a0eb73732b43""},""upload_data"":{""date"":""2026-09-22"",""run_id"":""2d2ef995ec9943ff977cf7535bb16978""}}"
260,260,"21.1049487 , -101.6908027","21.029201200000003 , -101.69104220000001",urban-rural,mixed,903,"{""sample_routes"":{""date"":""2026-09-22"",""run_id"":""eda5cecdd4b747b5b8244863c0d42c75""},""join_samples"":{""date"":""2026-09-22"",""run_id"":""66479cb411414ac68408a0eb73732b43""},""upload_data"":{""date"":""2026-09-22"",""run_id"":""2d2ef995ec9943ff977cf7535bb16978""}}"
261,261,"19.7851421 , -101.1055845","19.756187500000003 , -101.13433780000001",rural-rural,mixed,897,"{""sample_routes"":{""date"":""2026-09-22"",""run_id"":""eda5cecdd4b747b5b8244863c0d42c75""},""join_samples"":{""date"":""2026-09-22"",""run_id"":""66479cb411414ac68408a0eb73732b43""},""upload_data"":{""date"":""2026-09-22"",""run_id"":""2d2ef995ec9943ff977cf7535bb16978""}}"
262,262,"18.5389786 , -97.4231771","18.506443 , -97.4231",urban-urban,mixed,903,"{""sample_routes"":{""date"":""2026-09-22"",""run_id"":""eda5cecdd4b747b5b8244863c0d42c75""},""join_samples"":{""date"":""2026-09-22"",""run_id"":""66479cb411414ac68408a0eb73732b43""},""upload_data"":{""date"":""2026-09-22"",""run_id"":""2d2ef995ec9943ff977cf7535bb16978""}}"
263,263,"17.558708300000003 , -98.6010457","17.537831100000002 , -98.60112280000001",rural-urban,mixed,893,"{""sample_routes"":{""date"":""2026-09-22"",""run_id"":""eda5cecdd4b747b5b8244863c0d42c75""},""join_samples"":{""date"":""2026-09-22"",""run_id"":""66479cb411414ac68408a0eb73732b43""},""upload_data"":{""date"":""2026-09-22"",""run_id"":""2d2ef995ec9943ff977cf7535bb16978""}}"
264,264,"24.0137819 , -104.71957280000001","23.989102600000002 , -104.74439330000001",urban-rural,mixed,893,"{""sample_routes"":{""date"":""2026-09-22"",""run_id"":""eda5cecdd4b747b5b8244863c0d42c75""},""join_samples"":{""date"":""2026-09-22"",""run_id"":""66479cb411414ac68408a0eb73732b43""},""upload_data"":{""date"":""2026-09-22"",""run_id"":""2d2ef995ec9943ff977cf7535bb16978""}}"
265,265,"16.7695544 , -93.1948201","16.8039542 , -93.22900290000001",urban-rural,mixed,892,"{""sample_routes"":{""date"":""2026-09-22"",""run_id"":""eda5cecdd4b747b5b8244863c0d42c75""},""join_samples"":{""date"":""2026-09-22"",""run_id"":""66479cb411414ac68408a0eb73732b43""},""upload_data"":{""date"":""2026-09-22"",""run_id"":""2d2ef995ec9943ff977cf7535bb16978""}}"
266,266,"28.7201345 , -106.0214801","28.661700600000003 , -106.02127970000001",rural-urban,mixed,908,"{""sample_routes"":{""date"":""2026-09-22"",""run_id"":""eda5cecdd4b747b5b8244863c0d42c75""},""join_samples"":{""date"":""2026-09-22"",""run_id"":""66479cb411414ac68408a0eb73732b43""},""upload_data"":{""date"":""2026-09-22"",""run_id"":""2d2ef995ec9943ff977cf7535bb16978""}}"
267,267,"19.7427546 , -97.2465816","19.6887811 , -97.2464243",urban-rural,mixed,892,"{""sample_routes"":{""date"":""2026-09-22"",""run_id"":""eda5cecdd4b747b5b8244863c0d42c75""},""join_samples"":{""date"":""2026-09-22"",""run_id"":""66479cb411414ac68408a0eb73732b43""},""upload_data"":{""date"":""2026-09-22"",""run_id"":""2d2ef995ec9943ff977cf7535bb16978""}}"
268,268,"20.736502 , -103.4881605","20.7898244 , -103.487885",rural-urban,mixed,910,"{""sample_routes"":{""date"":""2026-09-22"",""run_id"":""eda5cecdd4b747b5b8244863c0d42c75""},""join_samples"":{""date"":""2026-09-22"",""run_id"":""66479cb411414ac68408a0eb73732b43""},""upload_data"":{""date"":""2026-09-22"",""run_id"":""2d2ef995ec9943ff977cf7535bb16978""}}"
269,269,"22.034150500000003 , -102.25387570000001","22.0343851 , -102.2816404",rural-urban,mixed,890,"{""sample_routes"":{""date"":""2026-09-22"",""run_id"":""eda5cecdd4b747b5b8244863c0d42c75""},""join_samples"":{""date"":""2026-09-22"",""run_id"":""66479cb411414ac68408a0eb73732b43""},""upload_data"":{""date"":""2026-09-22"",""run_id"":""2d2ef995ec9943ff977cf7535bb16978""}}"
270,270,"23.2615382 , -106.4519027","23.283950100000002 , -106.4518668",urban-rural,mixed,911,"{""sample_routes"":{""date"":""2026-09-22"",""run_id"":""eda5cecdd4b747b5b8244863c0d42c75""},""join_samples"":{""date"":""2026-09-22"",""run_id"":""66479cb411414ac68408a0eb73732b43""},""upload_data"":{""date"":""2026-09-22"",""run_id"":""2d2ef995ec9943ff977cf7535bb16978""}}"
271,271,"25.7852195 , -100.47589640000001","25.7398774 , -100.4305432",rural-urban,mixed,911,"{""sample_routes"":{""date"":""2026-09-22"",""run_id"":""eda5cecdd4b747b5b8244863c0d42c75""},""join_samples"":{""date"":""2026-09-22"",""run_id"":""66479cb411414ac68408a0eb73732b43""},""upload_data"":{""date"":""2026-09-22"",""run_id"":""2d2ef995ec9943ff977cf7535bb16978""}}"
272,272,"31.8586157 , -116.5587643","31.886779500000003 , -116.5303624",urban-rural,mixed,912,"{""sample_routes"":{""date"":""2026-09-22"",""run_id"":""eda5cecdd4b747b5b8244863c0d42c75""},""join_samples"":{""date"":""2026-09-22"",""run_id"":""66479cb411414ac68408a0eb73732b43""},""upload_data"":{""date"":""2026-09-22"",""run_id"":""2d2ef995ec9943ff977cf7535bb16978""}}"
273,273,"19.1406971 , -98.93384950000001","19.1171192 , -98.9103989",rural-urban,mixed,913,"{""sample_routes"":{""date"":""2026-09-22"",""run_id"":""eda5cecdd4b747b5b8244863c0d42c75""},""join_samples"":{""date"":""2026-09-22"",""run_id"":""66479cb411414ac68408a0eb73732b43""},""upload_data"":{""date"":""2026-09-22"",""run_id"":""2d2ef995ec9943ff977cf7535bb16978""}}"
274,274,"21.0856932 , -101.7709068","21.085915200000002 , -101.82456660000001",urban-rural,mixed,885,"{""sample_routes"":{""date"":""2026-09-22"",""run_id"":""eda5cecdd4b747b5b8244863c0d42c75""},""join_samples"":{""date"":""2026-09-22"",""run_id"":""66479cb411414ac68408a0eb73732b43""},""upload_data"":{""date"":""2026-09-22"",""run_id"":""2d2ef995ec9943ff977cf7535bb16978""}}"
275,275,"20.1175222 , -98.80187810000001","20.085531800000002 , -98.8016927",urban-rural,mixed,915,"{""sample_routes"":{""date"":""2026-09-22"",""run_id"":""eda5cecdd4b747b5b8244863c0d42c75""},""join_samples"":{""date"":""2026-09-22"",""run_id"":""66479cb411414ac68408a0eb73732b43""},""upload_data"":{""date"":""2026-09-22"",""run_id"":""2d2ef995ec9943ff977cf7535bb16978""}}"
276,276,"18.852756300000003 , -96.7997653","18.8951227 , -96.79998880000001",rural-urban,mixed,915,"{""sample_routes"":{""date"":""2026-09-22"",""run_id"":""eda5cecdd4b747b5b8244863c0d42c75""},""join_samples"":{""date"":""2026-09-22"",""run_id"":""66479cb411414ac68408a0eb73732b43""},""upload_data"":{""date"":""2026-09-22"",""run_id"":""2d2ef995ec9943ff977cf7535bb16978""}}"
277,277,"19.355889100000002 , -98.20225260000001","19.324858600000002 , -98.20245800000001",rural-urban,mixed,915,"{""sample_routes"":{""date"":""2026-09-22"",""run_id"":""eda5cecdd4b747b5b8244863c0d42c75""},""join_samples"":{""date"":""2026-09-22"",""run_id"":""66479cb411414ac68408a0eb73732b43""},""upload_data"":{""date"":""2026-09-22"",""run_id"":""2d2ef995ec9943ff977cf7535bb16978""}}"
278,278,"25.0458967 , -105.4417147","25.071539 , -105.4673365",urban-rural,mixed,883,"{""sample_routes"":{""date"":""2026-09-22"",""run_id"":""eda5cecdd4b747b5b8244863c0d42c75""},""join_samples"":{""date"":""2026-09-22"",""run_id"":""66479cb411414ac68408a0eb73732b43""},""upload_data"":{""date"":""2026-09-22"",""run_id"":""2d2ef995ec9943ff977cf7535bb16978""}}"
279,279,"16.3654596 , -92.3680925","16.3437686 , -92.38993",urban-rural,mixed,883,"{""sample_routes"":{""date"":""2026-09-22"",""run_id"":""eda5cecdd4b747b5b8244863c0d42c75""},""join_samples"":{""date"":""2026-09-22"",""run_id"":""66479cb411414ac68408a0eb73732b43""},""upload_data"":{""date"":""2026-09-22"",""run_id"":""2d2ef995ec9943ff977cf7535bb16978""}}"
280,280,"19.403959500000003 , -98.05094190000001","19.4037811 , -98.1030393",urban-urban,mixed,882,"{""sample_routes"":{""date"":""2026-09-22"",""run_id"":""eda5cecdd4b747b5b8244863c0d42c75""},""join_samples"":{""date"":""2026-09-22"",""run_id"":""66479cb411414ac68408a0eb73732b43""},""upload_data"":{""date"":""2026-09-22"",""run_id"":""2d2ef995ec9943ff977cf7535bb16978""}}"
281,281,"25.6448004 , -100.149786","25.6000051 , -100.1049091",urban-rural,mixed,882,"{""sample_routes"":{""date"":""2026-09-22"",""run_id"":""eda5cecdd4b747b5b8244863c0d42c75""},""join_samples"":{""date"":""2026-09-22"",""run_id"":""66479cb411414ac68408a0eb73732b43""},""upload_data"":{""date"":""2026-09-22"",""run_id"":""2d2ef995ec9943ff977cf7535bb16978""}}"
282,282,"16.835887200000002 , -95.06217330000001","16.816771000000003 , -95.04297600000001",urban-rural,mixed,882,"{""sample_routes"":{""date"":""2026-09-22"",""run_id"":""eda5cecdd4b747b5b8244863c0d42c75""},""join_samples"":{""date"":""2026-09-22"",""run_id"":""66479cb411414ac68408a0eb73732b43""},""upload_data"":{""date"":""2026-09-22"",""run_id"":""2d2ef995ec9943ff977cf7535bb16978""}}"
283,283,"26.8986115 , -109.688074","26.8756625 , -109.6649648",rural-rural,mixed,882,"{""sample_routes"":{""date"":""2026-09-22"",""run_id"":""eda5cecdd4b747b5b8244863c0d42c75""},""join_samples"":{""date"":""2026-09-22"",""run_id"":""66479cb411414ac68408a0eb73732b43""},""upload_data"":{""date"":""2026-09-22"",""run_id"":""2d2ef995ec9943ff977cf7535bb16978""}}"
284,284,"22.751007100000002 , -102.49707430000001","22.725311 , -102.4716027",urban-rural,mixed,881,"{""sample_routes"":{""date"":""2026-09-22"",""run_id"":""eda5cecdd4b747b5b8244863c0d42c75""},""join_samples"":{""date"":""2026-09-22"",""run_id"":""66479cb411414ac68408a0eb73732b43""},""upload_data"":{""date"":""2026-09-22"",""run_id"":""2d2ef995ec9943ff977cf7535bb16978""}}"
285,285,"19.5846671 , -99.30187090000001","19.5848513 , -99.3226516",urban-urban,mixed,919,"{""sample_routes"":{""date"":""2026-09-22"",""run_id"":""eda5cecdd4b747b5b8244863c0d42c75""},""join_samples"":{""date"":""2026-09-22"",""run_id"":""66479cb411414ac68408a0eb73732b43""},""upload_data"":{""date"":""2026-09-22"",""run_id"":""2d2ef995ec9943ff977cf7535bb16978""}}"
286,286,"21.455936100000002 , -104.89444590000001","21.398664200000002 , -104.89419640000001",urban-rural,mixed,920,"{""sample_routes"":{""date"":""2026-09-22"",""run_id"":""eda5cecdd4b747b5b8244863c0d42c75""},""join_samples"":{""date"":""2026-09-22"",""run_id"":""66479cb411414ac68408a0eb73732b43""},""upload_data"":{""date"":""2026-09-22"",""run_id"":""2d2ef995ec9943ff977cf7535bb16978""}}"
287,287,"32.5370554 , -116.6403209","32.5171901 , -116.6206241",rural-rural,mixed,920,"{""sample_routes"":{""date"":""2026-09-22"",""run_id"":""eda5cecdd4b747b5b8244863c0d42c75""},""join_samples"":{""date"":""2026-09-22"",""run_id"":""66479cb411414ac68408a0eb73732b43""},""upload_data"":{""date"":""2026-09-22"",""run_id"":""2d2ef995ec9943ff977cf7535bb16978""}}"
288,288,"28.6060093 , -105.96278810000001","28.6587214 , -106.0155579",rural-urban,mixed,879,"{""sample_routes"":{""date"":""2026-09-22"",""run_id"":""eda5cecdd4b747b5b8244863c0d42c75""},""join_samples"":{""date"":""2026-09-22"",""run_id"":""66479cb411414ac68408a0eb73732b43""},""upload_data"":{""date"":""2026-09-22"",""run_id"":""2d2ef995ec9943ff977cf7535bb16978""}}"
289,289,"28.554267300000003 , -106.15550950000001","28.6237363 , -106.08628080000001",rural-urban,mixed,878,"{""sample_routes"":{""date"":""2026-09-22"",""run_id"":""eda5cecdd4b747b5b8244863c0d42c75""},""join_samples"":{""date"":""2026-09-22"",""run_id"":""66479cb411414ac68408a0eb73732b43""},""upload_data"":{""date"":""2026-09-22"",""run_id"":""2d2ef995ec9943ff977cf7535bb16978""}}"
290,290,"19.299404300000003 , -99.49999980000001","19.3059076 , -99.49373050000001",urban-rural,mixed,922,"{""sample_routes"":{""date"":""2026-09-22"",""run_id"":""eda5cecdd4b747b5b8244863c0d42c75""},""join_samples"":{""date"":""2026-09-22"",""run_id"":""66479cb411414ac68408a0eb73732b43""},""upload_data"":{""date"":""2026-09-22"",""run_id"":""2d2ef995ec9943ff977cf7535bb16978""}}"
291,291,"20.4401091 , -101.7206539","20.4657726 , -101.6948792",urban-rural,mixed,923,"{""sample_routes"":{""date"":""2026-09-22"",""run_id"":""eda5cecdd4b747b5b8244863c0d42c75""},""join_samples"":{""date"":""2026-09-22"",""run_id"":""66479cb411414ac68408a0eb73732b43""},""upload_data"":{""date"":""2026-09-22"",""run_id"":""2d2ef995ec9943ff977cf7535bb16978""}}"
292,292,"21.107461200000003 , -101.6901344","21.029084100000002 , -101.69024540000001",urban-rural,mixed,924,"{""sample_routes"":{""date"":""2026-09-22"",""run_id"":""eda5cecdd4b747b5b8244863c0d42c75""},""join_samples"":{""date"":""2026-09-22"",""run_id"":""66479cb411414ac68408a0eb73732b43""},""upload_data"":{""date"":""2026-09-22"",""run_id"":""2d2ef995ec9943ff977cf7535bb16978""}}"
293,293,"23.953264400000002 , -104.6401039","23.9870221 , -104.64006",rural-urban,mixed,876,"{""sample_routes"":{""date"":""2026-09-22"",""run_id"":""eda5cecdd4b747b5b8244863c0d42c75""},""join_samples"":{""date"":""2026-09-22"",""run_id"":""66479cb411414ac68408a0eb73732b43""},""upload_data"":{""date"":""2026-09-22"",""run_id"":""2d2ef995ec9943ff977cf7535bb16978""}}"
294,294,"20.6057582 , -103.069731","20.6056344 , -103.09274330000001",urban-urban,mixed,875,"{""sample_routes"":{""date"":""2026-09-22"",""run_id"":""eda5cecdd4b747b5b8244863c0d42c75""},""join_samples"":{""date"":""2026-09-22"",""run_id"":""66479cb411414ac68408a0eb73732b43""},""upload_data"":{""date"":""2026-09-22"",""run_id"":""2d2ef995ec9943ff977cf7535bb16978""}}"
295,295,"20.389143800000003 , -100.00104710000001","20.3893515 , -100.04528850000001",urban-rural,mixed,927,"{""sample_routes"":{""date"":""2026-09-22"",""run_id"":""eda5cecdd4b747b5b8244863c0d42c75""},""join_samples"":{""date"":""2026-09-22"",""run_id"":""66479cb411414ac68408a0eb73732b43""},""upload_data"":{""date"":""2026-09-22"",""run_id"":""2d2ef995ec9943ff977cf7535bb16978""}}"
296,296,"19.070225800000003 , -102.388991","19.0916675 , -102.3888472",urban-rural,mixed,927,"{""sample_routes"":{""date"":""2026-09-22"",""run_id"":""eda5cecdd4b747b5b8244863c0d42c75""},""join_samples"":{""date"":""2026-09-22"",""run_id"":""66479cb411414ac68408a0eb73732b43""},""upload_data"":{""date"":""2026-09-22"",""run_id"":""2d2ef995ec9943ff977cf7535bb16978""}}"
297,297,"21.062114 , -101.62186860000001","21.0242331 , -101.5837486",urban-rural,mixed,927,"{""sample_routes"":{""date"":""2026-09-22"",""run_id"":""eda5cecdd4b747b5b8244863c0d42c75""},""join_samples"":{""date"":""2026-09-22"",""run_id"":""66479cb411414ac68408a0eb73732b43""},""upload_data"":{""date"":""2026-09-22"",""run_id"":""2d2ef995ec9943ff977cf7535bb16978""}}"
298,298,"20.558001 , -100.8667149","20.5801459 , -100.88869650000001",urban-rural,mixed,873,"{""sample_routes"":{""date"":""2026-09-22"",""run_id"":""eda5cecdd4b747b5b8244863c0d42c75""},""join_samples"":{""date"":""2026-09-22"",""run_id"":""66479cb411414ac68408a0eb73732b43""},""upload_data"":{""date"":""2026-09-22"",""run_id"":""2d2ef995ec9943ff977cf7535bb16978""}}"
299,299,"21.871556400000003 , -102.6823459","21.8493329 , -102.6601875",urban-rural,mixed,873,"{""sample_routes"":{""date"":""2026-09-22"",""run_id"":""eda5cecdd4b747b5b8244863c0d42c75""},""join_samples"":{""date"":""2026-09-22"",""run_id"":""66479cb411414ac68408a0eb73732b43""},""upload_data"":{""date"":""2026-09-22"",""run_id"":""2d2ef995ec9943ff977cf7535bb16978""}}"
300,300,"19.8244258 , -99.75931940000001","19.783179500000003 , -99.759533",rural-urban,mixed,928,"{""sample_routes"":{""date"":""2026-09-22"",""run_id"":""eda5cecdd4b747b5b8244863c0d42c75""},""join_samples"":{""date"":""2026-09-22"",""run_id"":""66479cb411414ac68408a0eb73732b43""},""upload_data"":{""date"":""2026-09-22"",""run_id"":""2d2ef995ec9943ff977cf7535bb16978""}}"
301,301,"27.9716431 , -107.6145937","27.9717811 , -107.6866552",urban-rural,mixed,928,"{""sample_routes"":{""date"":""2026-09-22"",""run_id"":""eda5cecdd4b747b5b8244863c0d42c75""},""join_samples"":{""date"":""2026-09-22"",""run_id"":""66479cb411414ac68408a0eb73732b43""},""upload_data"":{""date"":""2026-09-22"",""run_id"":""2d2ef995ec9943ff977cf7535bb16978""}}"
302,302,"20.5381693 , -99.89768480000001","20.5642874 , -99.9240171",urban-rural,mixed,872,"{""sample_routes"":{""date"":""2026-09-22"",""run_id"":""eda5cecdd4b747b5b8244863c0d42c75""},""join_samples"":{""date"":""2026-09-22"",""run_id"":""66479cb411414ac68408a0eb73732b43""},""upload_data"":{""date"":""2026-09-22"",""run_id"":""2d2ef995ec9943ff977cf7535bb16978""}}"
303,303,"21.0323172 , -101.63766100000001","21.087465 , -101.63743000000001",rural-urban,mixed,871,"{""sample_routes"":{""date"":""2026-09-22"",""run_id"":""eda5cecdd4b747b5b8244863c0d42c75""},""join_samples"":{""date"":""2026-09-22"",""run_id"":""66479cb411414ac68408a0eb73732b43""},""upload_data"":{""date"":""2026-09-22"",""run_id"":""2d2ef995ec9943ff977cf7535bb16978""}}"
304,304,"20.9522483 , -101.2671112","20.925846 , -101.29325060000001",urban-rural,mixed,930,"{""sample_routes"":{""date"":""2026-09-22"",""run_id"":""eda5cecdd4b747b5b8244863c0d42c75""},""join_samples"":{""date"":""2026-09-22"",""run_id"":""66479cb411414ac68408a0eb73732b43""},""upload_data"":{""date"":""2026-09-22"",""run_id"":""2d2ef995ec9943ff977cf7535bb16978""}}"
305,305,"21.183031200000002 , -102.8814402","21.1449402 , -102.8816012",urban-rural,mixed,930,"{""sample_routes"":{""date"":""2026-09-22"",""run_id"":""eda5cecdd4b747b5b8244863c0d42c75""},""join_samples"":{""date"":""2026-09-22"",""run_id"":""66479cb411414ac68408a0eb73732b43""},""upload_data"":{""date"":""2026-09-22"",""run_id"":""2d2ef995ec9943ff977cf7535bb16978""}}"
306,306,"21.378542200000002 , -101.9152131","21.396014 , -101.8976006",urban-rural,mixed,869,"{""sample_routes"":{""date"":""2026-09-22"",""run_id"":""eda5cecdd4b747b5b8244863c0d42c75""},""join_samples"":{""date"":""2026-09-22"",""run_id"":""66479cb411414ac68408a0eb73732b43""},""upload_data"":{""date"":""2026-09-22"",""run_id"":""2d2ef995ec9943ff977cf7535bb16978""}}"
307,307,"18.946487100000002 , -98.97994560000001","18.9183595 , -98.95199330000001",urban-rural,mixed,931,"{""sample_routes"":{""date"":""2026-09-22"",""run_id"":""eda5cecdd4b747b5b8244863c0d42c75""},""join_samples"":{""date"":""2026-09-22"",""run_id"":""66479cb411414ac68408a0eb73732b43""},""upload_data"":{""date"":""2026-09-22"",""run_id"":""2d2ef995ec9943ff977cf7535bb16978""}}"
308,308,"20.6117332 , -100.76380130000001","20.611853 , -100.8208895",urban-rural,mixed,869,"{""sample_routes"":{""date"":""2026-09-22"",""run_id"":""eda5cecdd4b747b5b8244863c0d42c75""},""join_samples"":{""date"":""2026-09-22"",""run_id"":""66479cb411414ac68408a0eb73732b43""},""upload_data"":{""date"":""2026-09-22"",""run_id"":""2d2ef995ec9943ff977cf7535bb16978""}}"
309,309,"19.8310152 , -98.01987600000001","19.8023896 , -98.048343",urban-rural,mixed,869,"{""sample_routes"":{""date"":""2026-09-22"",""run_id"":""eda5cecdd4b747b5b8244863c0d42c75""},""join_samples"":{""date"":""2026-09-22"",""run_id"":""66479cb411414ac68408a0eb73732b43""},""upload_data"":{""date"":""2026-09-22"",""run_id"":""2d2ef995ec9943ff977cf7535bb16978""}}"
310,310,"19.386639600000002 , -99.6574008","19.3984732 , -99.64553880000001",rural-rural,mixed,868,"{""sample_routes"":{""date"":""2026-09-22"",""run_id"":""eda5cecdd4b747b5b8244863c0d42c75""},""join_samples"":{""date"":""2026-09-22"",""run_id"":""66479cb411414ac68408a0eb73732b43""},""upload_data"":{""date"":""2026-09-22"",""run_id"":""2d2ef995ec9943ff977cf7535bb16978""}}"
311,311,"25.5160018 , -103.52667380000001","25.5161155 , -103.5808155",urban-rural,mixed,932,"{""sample_routes"":{""date"":""2026-09-22"",""run_id"":""eda5cecdd4b747b5b8244863c0d42c75""},""join_samples"":{""date"":""2026-09-22"",""run_id"":""66479cb411414ac68408a0eb73732b43""},""upload_data"":{""date"":""2026-09-22"",""run_id"":""2d2ef995ec9943ff977cf7535bb16978""}}"
312,312,"21.6181391 , -99.88015030000001","21.6179358 , -99.9221376",urban-rural,mixed,932,"{""sample_routes"":{""date"":""2026-09-22"",""run_id"":""eda5cecdd4b747b5b8244863c0d42c75""},""join_samples"":{""date"":""2026-09-22"",""run_id"":""66479cb411414ac68408a0eb73732b43""},""upload_data"":{""date"":""2026-09-22"",""run_id"":""2d2ef995ec9943ff977cf7535bb16978""}}"
313,313,"25.665351 , -100.10670710000001","25.7075251 , -100.10649400000001",urban-rural,mixed,933,"{""sample_routes"":{""date"":""2026-09-22"",""run_id"":""eda5cecdd4b747b5b8244863c0d42c75""},""join_samples"":{""date"":""2026-09-22"",""run_id"":""66479cb411414ac68408a0eb73732b43""},""upload_data"":{""date"":""2026-09-22"",""run_id"":""2d2ef995ec9943ff977cf7535bb16978""}}"
314,314,"20.6694348 , -98.6611453","20.6695335 , -98.686784",urban-rural,mixed,933,"{""sample_routes"":{""date"":""2026-09-22"",""run_id"":""eda5cecdd4b747b5b8244863c0d42c75""},""join_samples"":{""date"":""2026-09-22"",""run_id"":""66479cb411414ac68408a0eb73732b43""},""upload_data"":{""date"":""2026-09-22"",""run_id"":""2d2ef995ec9943ff977cf7535bb16978""}}"
315,315,"19.263138 , -98.2257608","19.2888582 , -98.19987040000001",rural-urban,mixed,934,"{""sample_routes"":{""date"":""2026-09-22"",""run_id"":""eda5cecdd4b747b5b8244863c0d42c75""},""join_samples"":{""date"":""2026-09-22"",""run_id"":""66479cb411414ac68408a0eb73732b43""},""upload_data"":{""date"":""2026-09-22"",""run_id"":""2d2ef995ec9943ff977cf7535bb16978""}}"
316,316,"20.9910086 , -100.3957031","20.958359400000003 , -100.4283398",urban-rural,mixed,935,"{""sample_routes"":{""date"":""2026-09-22"",""run_id"":""eda5cecdd4b747b5b8244863c0d42c75""},""join_samples"":{""date"":""2026-09-22"",""run_id"":""66479cb411414ac68408a0eb73732b43""},""upload_data"":{""date"":""2026-09-22"",""run_id"":""2d2ef995ec9943ff977cf7535bb16978""}}"
317,317,"25.8011602 , -100.45789540000001","25.735408200000002 , -100.5237379",urban-rural,mixed,935,"{""sample_routes"":{""date"":""2026-09-22"",""run_id"":""eda5cecdd4b747b5b8244863c0d42c75""},""join_samples"":{""date"":""2026-09-22"",""run_id"":""66479cb411414ac68408a0eb73732b43""},""upload_data"":{""date"":""2026-09-22"",""run_id"":""2d2ef995ec9943ff977cf7535bb16978""}}"
318,318,"17.1151181 , -93.1485174","17.0952819 , -93.12841060000001",rural-rural,mixed,936,"{""sample_routes"":{""date"":""2026-09-22"",""run_id"":""eda5cecdd4b747b5b8244863c0d42c75""},""join_samples"":{""date"":""2026-09-22"",""run_id"":""66479cb411414ac68408a0eb73732b43""},""upload_data"":{""date"":""2026-09-22"",""run_id"":""2d2ef995ec9943ff977cf7535bb16978""}}"
319,319,"18.875019 , -97.781433","18.837308800000002 , -97.8190508",rural-urban,mixed,936,"{""sample_routes"":{""date"":""2026-09-22"",""run_id"":""eda5cecdd4b747b5b8244863c0d42c75""},""join_samples"":{""date"":""2026-09-22"",""run_id"":""66479cb411414ac68408a0eb73732b43""},""upload_data"":{""date"":""2026-09-22"",""run_id"":""2d2ef995ec9943ff977cf7535bb16978""}}"
320,320,"17.1052615 , -92.2640432","17.0795613 , -92.2382256",urban-rural,mixed,863,"{""sample_routes"":{""date"":""2026-09-22"",""run_id"":""eda5cecdd4b747b5b8244863c0d42c75""},""join_samples"":{""date"":""2026-09-22"",""run_id"":""66479cb411414ac68408a0eb73732b43""},""upload_data"":{""date"":""2026-09-22"",""run_id"":""2d2ef995ec9943ff977cf7535bb16978""}}"
321,321,"28.5704172 , -105.99925630000001","28.607050200000003 , -105.9626954",rural-rural,mixed,938,"{""sample_routes"":{""date"":""2026-09-22"",""run_id"":""eda5cecdd4b747b5b8244863c0d42c75""},""join_samples"":{""date"":""2026-09-22"",""run_id"":""66479cb411414ac68408a0eb73732b43""},""upload_data"":{""date"":""2026-09-22"",""run_id"":""2d2ef995ec9943ff977cf7535bb16978""}}"
322,322,"20.501768300000002 , -100.6706917","20.5345432 , -100.70364160000001",rural-urban,mixed,861,"{""sample_routes"":{""date"":""2026-09-22"",""run_id"":""eda5cecdd4b747b5b8244863c0d42c75""},""join_samples"":{""date"":""2026-09-22"",""run_id"":""66479cb411414ac68408a0eb73732b43""},""upload_data"":{""date"":""2026-09-22"",""run_id"":""2d2ef995ec9943ff977cf7535bb16978""}}"
323,323,"19.9212273 , -103.0176522","19.9211555 , -103.0585612",urban-rural,mixed,940,"{""sample_routes"":{""date"":""2026-09-22"",""run_id"":""eda5cecdd4b747b5b8244863c0d42c75""},""join_samples"":{""date"":""2026-09-22"",""run_id"":""66479cb411414ac68408a0eb73732b43""},""upload_data"":{""date"":""2026-09-22"",""run_id"":""2d2ef995ec9943ff977cf7535bb16978""}}"
324,324,"25.474355600000003 , -108.0867369","25.474573300000003 , -108.14987810000001",urban-urban,mixed,860,"{""sample_routes"":{""date"":""2026-09-22"",""run_id"":""eda5cecdd4b747b5b8244863c0d42c75""},""join_samples"":{""date"":""2026-09-22"",""run_id"":""66479cb411414ac68408a0eb73732b43""},""upload_data"":{""date"":""2026-09-22"",""run_id"":""2d2ef995ec9943ff977cf7535bb16978""}}"
325,325,"20.43814 , -101.5537757","20.4035321 , -101.55360060000001",urban-rural,mixed,859,"{""sample_routes"":{""date"":""2026-09-22"",""run_id"":""eda5cecdd4b747b5b8244863c0d42c75""},""join_samples"":{""date"":""2026-09-22"",""run_id"":""66479cb411414ac68408a0eb73732b43""},""upload_data"":{""date"":""2026-09-22"",""run_id"":""2d2ef995ec9943ff977cf7535bb16978""}}"
326,326,"28.158248500000003 , -105.4726935","28.120447000000002 , -105.43515000000001",urban-rural,mixed,941,"{""sample_routes"":{""date"":""2026-09-22"",""run_id"":""eda5cecdd4b747b5b8244863c0d42c75""},""join_samples"":{""date"":""2026-09-22"",""run_id"":""66479cb411414ac68408a0eb73732b43""},""upload_data"":{""date"":""2026-09-22"",""run_id"":""2d2ef995ec9943ff977cf7535bb16978""}}"
327,327,"22.1125933 , -100.84802610000001","22.085080700000002 , -100.8755381",rural-urban,mixed,942,"{""sample_routes"":{""date"":""2026-09-22"",""run_id"":""eda5cecdd4b747b5b8244863c0d42c75""},""join_samples"":{""date"":""2026-09-22"",""run_id"":""66479cb411414ac68408a0eb73732b43""},""upload_data"":{""date"":""2026-09-22"",""run_id"":""2d2ef995ec9943ff977cf7535bb16978""}}"
328,328,"22.2112215 , -101.0421747","22.242482900000002 , -101.07334030000001",urban-rural,mixed,857,"{""sample_routes"":{""date"":""2026-09-22"",""run_id"":""eda5cecdd4b747b5b8244863c0d42c75""},""join_samples"":{""date"":""2026-09-22"",""run_id"":""66479cb411414ac68408a0eb73732b43""},""upload_data"":{""date"":""2026-09-22"",""run_id"":""2d2ef995ec9943ff977cf7535bb16978""}}"
329,329,"19.219044 , -103.71681170000001","19.1855149 , -103.7503204",urban-rural,mixed,943,"{""sample_routes"":{""date"":""2026-09-22"",""run_id"":""eda5cecdd4b747b5b8244863c0d42c75""},""join_samples"":{""date"":""2026-09-22"",""run_id"":""66479cb411414ac68408a0eb73732b43""},""upload_data"":{""date"":""2026-09-22"",""run_id"":""2d2ef995ec9943ff977cf7535bb16978""}}"
330,330,"16.794390800000002 , -93.20048560000001","16.760786500000002 , -93.20037620000001",rural-urban,mixed,945,"{""sample_routes"":{""date"":""2026-09-22"",""run_id"":""eda5cecdd4b747b5b8244863c0d42c75""},""join_samples"":{""date"":""2026-09-22"",""run_id"":""66479cb411414ac68408a0eb73732b43""},""upload_data"":{""date"":""2026-09-22"",""run_id"":""2d2ef995ec9943ff977cf7535bb16978""}}"
331,331,"18.1743235 , -94.6677337","18.1970041 , -94.6904701",rural-urban,mixed,855,"{""sample_routes"":{""date"":""2026-09-22"",""run_id"":""eda5cecdd4b747b5b8244863c0d42c75""},""join_samples"":{""date"":""2026-09-22"",""run_id"":""66479cb411414ac68408a0eb73732b43""},""upload_data"":{""date"":""2026-09-22"",""run_id"":""2d2ef995ec9943ff977cf7535bb16978""}}"
332,332,"18.8566583 , -99.1540588","18.850794800000003 , -99.1482706",rural-rural,mixed,855,"{""sample_routes"":{""date"":""2026-09-22"",""run_id"":""eda5cecdd4b747b5b8244863c0d42c75""},""join_samples"":{""date"":""2026-09-22"",""run_id"":""66479cb411414ac68408a0eb73732b43""},""upload_data"":{""date"":""2026-09-22"",""run_id"":""2d2ef995ec9943ff977cf7535bb16978""}}"
333,333,"16.7596157 , -92.66909170000001","16.7872451 , -92.6690622",urban-rural,mixed,855,"{""sample_routes"":{""date"":""2026-09-22"",""run_id"":""eda5cecdd4b747b5b8244863c0d42c75""},""join_samples"":{""date"":""2026-09-22"",""run_id"":""66479cb411414ac68408a0eb73732b43""},""upload_data"":{""date"":""2026-09-22"",""run_id"":""2d2ef995ec9943ff977cf7535bb16978""}}"
334,334,"20.3663434 , -101.98086570000001","20.390632500000002 , -102.0050997",rural-rural,mixed,854,"{""sample_routes"":{""date"":""2026-09-22"",""run_id"":""eda5cecdd4b747b5b8244863c0d42c75""},""join_samples"":{""date"":""2026-09-22"",""run_id"":""66479cb411414ac68408a0eb73732b43""},""upload_data"":{""date"":""2026-09-22"",""run_id"":""2d2ef995ec9943ff977cf7535bb16978""}}"
335,335,"25.606995700000002 , -108.48121400000001","25.638589600000003 , -108.44944860000001",urban-rural,mixed,946,"{""sample_routes"":{""date"":""2026-09-22"",""run_id"":""eda5cecdd4b747b5b8244863c0d42c75""},""join_samples"":{""date"":""2026-09-22"",""run_id"":""66479cb411414ac68408a0eb73732b43""},""upload_data"":{""date"":""2026-09-22"",""run_id"":""2d2ef995ec9943ff977cf7535bb16978""}}"
336,336,"21.8483662 , -102.721331","21.8166167 , -102.75283370000001",urban-rural,mixed,946,"{""sample_routes"":{""date"":""2026-09-22"",""run_id"":""eda5cecdd4b747b5b8244863c0d42c75""},""join_samples"":{""date"":""2026-09-22"",""run_id"":""66479cb411414ac68408a0eb73732b43""},""upload_data"":{""date"":""2026-09-22"",""run_id"":""2d2ef995ec9943ff977cf7535bb16978""}}"
337,337,"18.7230907 , -99.2626499","18.7893176 , -99.1962118",rural-rural,mixed,947,"{""sample_routes"":{""date"":""2026-09-22"",""run_id"":""eda5cecdd4b747b5b8244863c0d42c75""},""join_samples"":{""date"":""2026-09-22"",""run_id"":""66479cb411414ac68408a0eb73732b43""},""upload_data"":{""date"":""2026-09-22"",""run_id"":""2d2ef995ec9943ff977cf7535bb16978""}}"
338,338,"19.4854086 , -99.5995858","19.4592621 , -99.62576820000001",urban-rural,mixed,852,"{""sample_routes"":{""date"":""2026-09-22"",""run_id"":""eda5cecdd4b747b5b8244863c0d42c75""},""join_samples"":{""date"":""2026-09-22"",""run_id"":""66479cb411414ac68408a0eb73732b43""},""upload_data"":{""date"":""2026-09-22"",""run_id"":""2d2ef995ec9943ff977cf7535bb16978""}}"
339,339,"17.7486356 , -97.7500364","17.783328 , -97.7500954",rural-rural,mixed,852,"{""sample_routes"":{""date"":""2026-09-22"",""run_id"":""eda5cecdd4b747b5b8244863c0d42c75""},""join_samples"":{""date"":""2026-09-22"",""run_id"":""66479cb411414ac68408a0eb73732b43""},""upload_data"":{""date"":""2026-09-22"",""run_id"":""2d2ef995ec9943ff977cf7535bb16978""}}"
340,340,"16.7598699 , -93.3034743","16.7662558 , -93.30968630000001",urban-rural,mixed,851,"{""sample_routes"":{""date"":""2026-09-22"",""run_id"":""eda5cecdd4b747b5b8244863c0d42c75""},""join_samples"":{""date"":""2026-09-22"",""run_id"":""66479cb411414ac68408a0eb73732b43""},""upload_data"":{""date"":""2026-09-22"",""run_id"":""2d2ef995ec9943ff977cf7535bb16978""}}"
341,341,"14.941460000000001 , -92.1597952","14.910216900000002 , -92.19096780000001",urban-rural,mixed,851,"{""sample_routes"":{""date"":""2026-09-22"",""run_id"":""eda5cecdd4b747b5b8244863c0d42c75""},""join_samples"":{""date"":""2026-09-22"",""run_id"":""66479cb411414ac68408a0eb73732b43""},""upload_data"":{""date"":""2026-09-22"",""run_id"":""2d2ef995ec9943ff977cf7535bb16978""}}"
342,342,"21.8760781 , -102.704192","21.8556275 , -102.68369700000001",rural-rural,mixed,851,"{""sample_routes"":{""date"":""2026-09-22"",""run_id"":""eda5cecdd4b747b5b8244863c0d42c75""},""join_samples"":{""date"":""2026-09-22"",""run_id"":""66479cb411414ac68408a0eb73732b43""},""upload_data"":{""date"":""2026-09-22"",""run_id"":""2d2ef995ec9943ff977cf7535bb16978""}}"
343,343,"16.786818200000003 , -96.6800067","16.7409649 , -96.6797968",urban-rural,mixed,950,"{""sample_routes"":{""date"":""2026-09-22"",""run_id"":""eda5cecdd4b747b5b8244863c0d42c75""},""join_samples"":{""date"":""2026-09-22"",""run_id"":""66479cb411414ac68408a0eb73732b43""},""upload_data"":{""date"":""2026-09-22"",""run_id"":""2d2ef995ec9943ff977cf7535bb16978""}}"
344,344,"18.5644324 , -100.8186002","18.5957428 , -100.78752750000001",urban-rural,mixed,950,"{""sample_routes"":{""date"":""2026-09-22"",""run_id"":""eda5cecdd4b747b5b8244863c0d42c75""},""join_samples"":{""date"":""2026-09-22"",""run_id"":""66479cb411414ac68408a0eb73732b43""},""upload_data"":{""date"":""2026-09-22"",""run_id"":""2d2ef995ec9943ff977cf7535bb16978""}}"
345,345,"17.5398643 , -99.3860605","17.5450611 , -99.3806586",rural-urban,mixed,850,"{""sample_routes"":{""date"":""2026-09-22"",""run_id"":""eda5cecdd4b747b5b8244863c0d42c75""},""join_samples"":{""date"":""2026-09-22"",""run_id"":""66479cb411414ac68408a0eb73732b43""},""upload_data"":{""date"":""2026-09-22"",""run_id"":""2d2ef995ec9943ff977cf7535bb16978""}}"
346,346,"32.4874385 , -116.8491477","32.4145722 , -116.9217476",urban-rural,mixed,849,"{""sample_routes"":{""date"":""2026-09-22"",""run_id"":""eda5cecdd4b747b5b8244863c0d42c75""},""join_samples"":{""date"":""2026-09-22"",""run_id"":""66479cb411414ac68408a0eb73732b43""},""upload_data"":{""date"":""2026-09-22"",""run_id"":""2d2ef995ec9943ff977cf7535bb16978""}}"
347,347,"20.1285029 , -101.1968265","20.1287622 , -101.2456307",urban-rural,mixed,951,"{""sample_routes"":{""date"":""2026-09-22"",""run_id"":""eda5cecdd4b747b5b8244863c0d42c75""},""join_samples"":{""date"":""2026-09-22"",""run_id"":""66479cb411414ac68408a0eb73732b43""},""upload_data"":{""date"":""2026-09-22"",""run_id"":""2d2ef995ec9943ff977cf7535bb16978""}}"
348,348,"22.115881700000003 , -100.84383840000001","22.087504300000003 , -100.87212960000001",rural-urban,mixed,952,"{""sample_routes"":{""date"":""2026-09-22"",""run_id"":""eda5cecdd4b747b5b8244863c0d42c75""},""join_samples"":{""date"":""2026-09-22"",""run_id"":""66479cb411414ac68408a0eb73732b43""},""upload_data"":{""date"":""2026-09-22"",""run_id"":""2d2ef995ec9943ff977cf7535bb16978""}}"
349,349,"19.1482202 , -99.64071480000001","19.1132993 , -99.64089790000001",urban-rural,mixed,952,"{""sample_routes"":{""date"":""2026-09-22"",""run_id"":""eda5cecdd4b747b5b8244863c0d42c75""},""join_samples"":{""date"":""2026-09-22"",""run_id"":""66479cb411414ac68408a0eb73732b43""},""upload_data"":{""date"":""2026-09-22"",""run_id"":""2d2ef995ec9943ff977cf7535bb16978""}}"
350,350,"19.106810900000003 , -99.5909455","19.106739 , -99.64174750000001",urban-rural,mixed,848,"{""sample_routes"":{""date"":""2026-09-22"",""run_id"":""eda5cecdd4b747b5b8244863c0d42c75""},""join_samples"":{""date"":""2026-09-22"",""run_id"":""66479cb411414ac68408a0eb73732b43""},""upload_data"":{""date"":""2026-09-22"",""run_id"":""2d2ef995ec9943ff977cf7535bb16978""}}"
351,351,"25.9300727 , -100.17877270000001","25.971826200000002 , -100.1785004",rural-urban,mixed,953,"{""sample_routes"":{""date"":""2026-09-22"",""run_id"":""eda5cecdd4b747b5b8244863c0d42c75""},""join_samples"":{""date"":""2026-09-22"",""run_id"":""66479cb411414ac68408a0eb73732b43""},""upload_data"":{""date"":""2026-09-22"",""run_id"":""2d2ef995ec9943ff977cf7535bb16978""}}"
352,352,"18.8695445 , -97.78138340000001","18.832987600000003 , -97.8176878",rural-urban,mixed,846,"{""sample_routes"":{""date"":""2026-09-22"",""run_id"":""eda5cecdd4b747b5b8244863c0d42c75""},""join_samples"":{""date"":""2026-09-22"",""run_id"":""66479cb411414ac68408a0eb73732b43""},""upload_data"":{""date"":""2026-09-22"",""run_id"":""2d2ef995ec9943ff977cf7535bb16978""}}"
353,353,"20.395705600000003 , -103.14219390000001","20.412482800000003 , -103.12559370000001",urban-rural,mixed,954,"{""sample_routes"":{""date"":""2026-09-22"",""run_id"":""eda5cecdd4b747b5b8244863c0d42c75""},""join_samples"":{""date"":""2026-09-22"",""run_id"":""66479cb411414ac68408a0eb73732b43""},""upload_data"":{""date"":""2026-09-22"",""run_id"":""2d2ef995ec9943ff977cf7535bb16978""}}"
354,354,"18.931534000000003 , -98.41226110000001","18.903901400000002 , -98.3845587",urban-rural,mixed,955,"{""sample_routes"":{""date"":""2026-09-22"",""run_id"":""eda5cecdd4b747b5b8244863c0d42c75""},""join_samples"":{""date"":""2026-09-22"",""run_id"":""66479cb411414ac68408a0eb73732b43""},""upload_data"":{""date"":""2026-09-22"",""run_id"":""2d2ef995ec9943ff977cf7535bb16978""}}"
355,355,"17.208230200000003 , -100.6323519","17.2253204 , -100.64939000000001",urban-rural,mixed,844,"{""sample_routes"":{""date"":""2026-09-22"",""run_id"":""eda5cecdd4b747b5b8244863c0d42c75""},""join_samples"":{""date"":""2026-09-22"",""run_id"":""66479cb411414ac68408a0eb73732b43""},""upload_data"":{""date"":""2026-09-22"",""run_id"":""2d2ef995ec9943ff977cf7535bb16978""}}"
356,356,"28.6579155 , -106.1108645","28.6239464 , -106.1446774",urban-rural,mixed,956,"{""sample_routes"":{""date"":""2026-09-22"",""run_id"":""eda5cecdd4b747b5b8244863c0d42c75""},""join_samples"":{""date"":""2026-09-22"",""run_id"":""66479cb411414ac68408a0eb73732b43""},""upload_data"":{""date"":""2026-09-22"",""run_id"":""2d2ef995ec9943ff977cf7535bb16978""}}"
357,357,"20.6862943 , -101.3396896","20.631772700000003 , -101.28502560000001",urban-rural,mixed,957,"{""sample_routes"":{""date"":""2026-09-22"",""run_id"":""eda5cecdd4b747b5b8244863c0d42c75""},""join_samples"":{""date"":""2026-09-22"",""run_id"":""66479cb411414ac68408a0eb73732b43""},""upload_data"":{""date"":""2026-09-22"",""run_id"":""2d2ef995ec9943ff977cf7535bb16978""}}"
358,358,"19.982478200000003 , -97.9343915","19.950766400000003 , -97.9661286",rural-urban,mixed,958,"{""sample_routes"":{""date"":""2026-09-22"",""run_id"":""eda5cecdd4b747b5b8244863c0d42c75""},""join_samples"":{""date"":""2026-09-22"",""run_id"":""66479cb411414ac68408a0eb73732b43""},""upload_data"":{""date"":""2026-09-22"",""run_id"":""2d2ef995ec9943ff977cf7535bb16978""}}"
359,359,"23.280880800000002 , -106.3947234","23.305997700000002 , -106.42001020000001",urban-rural,mixed,842,"{""sample_routes"":{""date"":""2026-09-22"",""run_id"":""eda5cecdd4b747b5b8244863c0d42c75""},""join_samples"":{""date"":""2026-09-22"",""run_id"":""66479cb411414ac68408a0eb73732b43""},""upload_data"":{""date"":""2026-09-22"",""run_id"":""2d2ef995ec9943ff977cf7535bb16978""}}"
360,360,"19.662917200000003 , -101.5205588","19.6349686 , -101.4927332",urban-rural,mixed,958,"{""sample_routes"":{""date"":""2026-09-22"",""run_id"":""eda5cecdd4b747b5b8244863c0d42c75""},""join_samples"":{""date"":""2026-09-22"",""run_id"":""66479cb411414ac68408a0eb73732b43""},""upload_data"":{""date"":""2026-09-22"",""run_id"":""2d2ef995ec9943ff977cf7535bb16978""}}"
361,361,"19.9982909 , -98.2702294","20.0290289 , -98.30123370000001",rural-urban,mixed,841,"{""sample_routes"":{""date"":""2026-09-22"",""run_id"":""eda5cecdd4b747b5b8244863c0d42c75""},""join_samples"":{""date"":""2026-09-22"",""run_id"":""66479cb411414ac68408a0eb73732b43""},""upload_data"":{""date"":""2026-09-22"",""run_id"":""2d2ef995ec9943ff977cf7535bb16978""}}"
362,362,"22.0797643 , -100.86786350000001","22.103405600000002 , -100.8444728",urban-rural,mixed,959,"{""sample_routes"":{""date"":""2026-09-22"",""run_id"":""eda5cecdd4b747b5b8244863c0d42c75""},""join_samples"":{""date"":""2026-09-22"",""run_id"":""66479cb411414ac68408a0eb73732b43""},""upload_data"":{""date"":""2026-09-22"",""run_id"":""2d2ef995ec9943ff977cf7535bb16978""}}"
363,363,"20.410858700000002 , -99.6348985","20.3922491 , -99.6533138",rural-urban,mixed,841,"{""sample_routes"":{""date"":""2026-09-22"",""run_id"":""eda5cecdd4b747b5b8244863c0d42c75""},""join_samples"":{""date"":""2026-09-22"",""run_id"":""66479cb411414ac68408a0eb73732b43""},""upload_data"":{""date"":""2026-09-22"",""run_id"":""2d2ef995ec9943ff977cf7535bb16978""}}"
364,364,"15.124894800000002 , -92.46036620000001","15.1041509 , -92.4603179",urban-rural,mixed,959,"{""sample_routes"":{""date"":""2026-09-22"",""run_id"":""eda5cecdd4b747b5b8244863c0d42c75""},""join_samples"":{""date"":""2026-09-22"",""run_id"":""66479cb411414ac68408a0eb73732b43""},""upload_data"":{""date"":""2026-09-22"",""run_id"":""2d2ef995ec9943ff977cf7535bb16978""}}"
365,365,"19.3143372 , -97.90711800000001","19.3704302 , -97.9070662",urban-rural,mixed,959,"{""sample_routes"":{""date"":""2026-09-22"",""run_id"":""eda5cecdd4b747b5b8244863c0d42c75""},""join_samples"":{""date"":""2026-09-22"",""run_id"":""66479cb411414ac68408a0eb73732b43""},""upload_data"":{""date"":""2026-09-22"",""run_id"":""2d2ef995ec9943ff977cf7535bb16978""}}"
366,366,"24.1332518 , -110.3330071","24.1020223 , -110.3643018",urban-rural,mixed,960,"{""sample_routes"":{""date"":""2026-09-22"",""run_id"":""eda5cecdd4b747b5b8244863c0d42c75""},""join_samples"":{""date"":""2026-09-22"",""run_id"":""66479cb411414ac68408a0eb73732b43""},""upload_data"":{""date"":""2026-09-22"",""run_id"":""2d2ef995ec9943ff977cf7535bb16978""}}"
367,367,"19.2875346 , -97.34756100000001","19.259040900000002 , -97.3191422",urban-rural,mixed,961,"{""sample_routes"":{""date"":""2026-09-22"",""run_id"":""eda5cecdd4b747b5b8244863c0d42c75""},""join_samples"":{""date"":""2026-09-22"",""run_id"":""66479cb411414ac68408a0eb73732b43""},""upload_data"":{""date"":""2026-09-22"",""run_id"":""2d2ef995ec9943ff977cf7535bb16978""}}"
368,368,"20.4443302 , -103.49498480000001","20.4441276 , -103.5209459",urban-rural,mixed,839,"{""sample_routes"":{""date"":""2026-09-22"",""run_id"":""eda5cecdd4b747b5b8244863c0d42c75""},""join_samples"":{""date"":""2026-09-22"",""run_id"":""66479cb411414ac68408a0eb73732b43""},""upload_data"":{""date"":""2026-09-22"",""run_id"":""2d2ef995ec9943ff977cf7535bb16978""}}"
369,369,"18.3737941 , -95.7867406","18.419544600000002 , -95.78700810000001",urban-rural,mixed,961,"{""sample_routes"":{""date"":""2026-09-22"",""run_id"":""eda5cecdd4b747b5b8244863c0d42c75""},""join_samples"":{""date"":""2026-09-22"",""run_id"":""66479cb411414ac68408a0eb73732b43""},""upload_data"":{""date"":""2026-09-22"",""run_id"":""2d2ef995ec9943ff977cf7535bb16978""}}"
370,370,"19.487902000000002 , -98.8201884","19.5199706 , -98.8521259",urban-urban,mixed,962,"{""sample_routes"":{""date"":""2026-09-22"",""run_id"":""eda5cecdd4b747b5b8244863c0d42c75""},""join_samples"":{""date"":""2026-09-22"",""run_id"":""66479cb411414ac68408a0eb73732b43""},""upload_data"":{""date"":""2026-09-22"",""run_id"":""2d2ef995ec9943ff977cf7535bb16978""}}"
371,371,"21.1510874 , -100.94737950000001","21.191526800000002 , -100.9877819",urban-rural,mixed,964,"{""sample_routes"":{""date"":""2026-09-22"",""run_id"":""eda5cecdd4b747b5b8244863c0d42c75""},""join_samples"":{""date"":""2026-09-22"",""run_id"":""66479cb411414ac68408a0eb73732b43""},""upload_data"":{""date"":""2026-09-22"",""run_id"":""2d2ef995ec9943ff977cf7535bb16978""}}"
372,372,"20.011233500000003 , -102.28750450000001","20.0468757 , -102.2875576",urban-rural,mixed,964,"{""sample_routes"":{""date"":""2026-09-22"",""run_id"":""eda5cecdd4b747b5b8244863c0d42c75""},""join_samples"":{""date"":""2026-09-22"",""run_id"":""66479cb411414ac68408a0eb73732b43""},""upload_data"":{""date"":""2026-09-22"",""run_id"":""2d2ef995ec9943ff977cf7535bb16978""}}"
373,373,"18.4064231 , -95.17739560000001","18.4062628 , -95.2012244",rural-rural,mixed,836,"{""sample_routes"":{""date"":""2026-09-22"",""run_id"":""eda5cecdd4b747b5b8244863c0d42c75""},""join_samples"":{""date"":""2026-09-22"",""run_id"":""66479cb411414ac68408a0eb73732b43""},""upload_data"":{""date"":""2026-09-22"",""run_id"":""2d2ef995ec9943ff977cf7535bb16978""}}"
374,374,"27.8462031 , -101.1317434","27.829315800000003 , -101.131838",urban-rural,mixed,964,"{""sample_routes"":{""date"":""2026-09-22"",""run_id"":""eda5cecdd4b747b5b8244863c0d42c75""},""join_samples"":{""date"":""2026-09-22"",""run_id"":""66479cb411414ac68408a0eb73732b43""},""upload_data"":{""date"":""2026-09-22"",""run_id"":""2d2ef995ec9943ff977cf7535bb16978""}}"
375,375,"19.094698400000002 , -96.1006742","19.077527 , -96.08350080000001",urban-rural,mixed,964,"{""sample_routes"":{""date"":""2026-09-22"",""run_id"":""eda5cecdd4b747b5b8244863c0d42c75""},""join_samples"":{""date"":""2026-09-22"",""run_id"":""66479cb411414ac68408a0eb73732b43""},""upload_data"":{""date"":""2026-09-22"",""run_id"":""2d2ef995ec9943ff977cf7535bb16978""}}"
376,376,"25.7296896 , -100.0841316","25.6489918 , -100.0840556",rural-urban,mixed,965,"{""sample_routes"":{""date"":""2026-09-22"",""run_id"":""eda5cecdd4b747b5b8244863c0d42c75""},""join_samples"":{""date"":""2026-09-22"",""run_id"":""66479cb411414ac68408a0eb73732b43""},""upload_data"":{""date"":""2026-09-22"",""run_id"":""2d2ef995ec9943ff977cf7535bb16978""}}"
377,377,"25.903438700000002 , -100.28830140000001","25.8089413 , -100.288127",urban-urban,mixed,965,"{""sample_routes"":{""date"":""2026-09-22"",""run_id"":""eda5cecdd4b747b5b8244863c0d42c75""},""join_samples"":{""date"":""2026-09-22"",""run_id"":""66479cb411414ac68408a0eb73732b43""},""upload_data"":{""date"":""2026-09-22"",""run_id"":""2d2ef995ec9943ff977cf7535bb16978""}}"
378,378,"17.145239500000002 , -100.47292350000001","17.1744412 , -100.4435864",urban-rural,mixed,966,"{""sample_routes"":{""date"":""2026-09-22"",""run_id"":""eda5cecdd4b747b5b8244863c0d42c75""},""join_samples"":{""date"":""2026-09-22"",""run_id"":""66479cb411414ac68408a0eb73732b43""},""upload_data"":{""date"":""2026-09-22"",""run_id"":""2d2ef995ec9943ff977cf7535bb16978""}}"
379,379,"19.0754382 , -97.911201","19.047760800000002 , -97.9388706",rural-urban,mixed,967,"{""sample_routes"":{""date"":""2026-09-22"",""run_id"":""eda5cecdd4b747b5b8244863c0d42c75""},""join_samples"":{""date"":""2026-09-22"",""run_id"":""66479cb411414ac68408a0eb73732b43""},""upload_data"":{""date"":""2026-09-22"",""run_id"":""2d2ef995ec9943ff977cf7535bb16978""}}"
380,380,"25.502440800000002 , -100.9851359","25.531194300000003 , -100.9563243",urban-urban,mixed,967,"{""sample_routes"":{""date"":""2026-09-22"",""run_id"":""eda5cecdd4b747b5b8244863c0d42c75""},""join_samples"":{""date"":""2026-09-22"",""run_id"":""66479cb411414ac68408a0eb73732b43""},""upload_data"":{""date"":""2026-09-22"",""run_id"":""2d2ef995ec9943ff977cf7535bb16978""}}"
381,381,"22.2659306 , -102.0035103","22.2452064 , -101.9828452",urban-rural,mixed,968,"{""sample_routes"":{""date"":""2026-09-22"",""run_id"":""eda5cecdd4b747b5b8244863c0d42c75""},""join_samples"":{""date"":""2026-09-22"",""run_id"":""66479cb411414ac68408a0eb73732b43""},""upload_data"":{""date"":""2026-09-22"",""run_id"":""2d2ef995ec9943ff977cf7535bb16978""}}"
382,382,"19.0574708 , -96.1621049","19.0275402 , -96.1322835",urban-rural,mixed,832,"{""sample_routes"":{""date"":""2026-09-22"",""run_id"":""eda5cecdd4b747b5b8244863c0d42c75""},""join_samples"":{""date"":""2026-09-22"",""run_id"":""66479cb411414ac68408a0eb73732b43""},""upload_data"":{""date"":""2026-09-22"",""run_id"":""2d2ef995ec9943ff977cf7535bb16978""}}"
383,383,"25.0732421 , -105.45085970000001","25.0472745 , -105.425081",rural-urban,mixed,832,"{""sample_routes"":{""date"":""2026-09-22"",""run_id"":""eda5cecdd4b747b5b8244863c0d42c75""},""join_samples"":{""date"":""2026-09-22"",""run_id"":""66479cb411414ac68408a0eb73732b43""},""upload_data"":{""date"":""2026-09-22"",""run_id"":""2d2ef995ec9943ff977cf7535bb16978""}}"
384,384,"19.8859384 , -99.2537284","19.849298100000002 , -99.25382760000001",rural-urban,mixed,832,"{""sample_routes"":{""date"":""2026-09-22"",""run_id"":""eda5cecdd4b747b5b8244863c0d42c75""},""join_samples"":{""date"":""2026-09-22"",""run_id"":""66479cb411414ac68408a0eb73732b43""},""upload_data"":{""date"":""2026-09-22"",""run_id"":""2d2ef995ec9943ff977cf7535bb16978""}}"
385,385,"19.238599400000002 , -98.22689960000001","19.217283300000002 , -98.2057685",urban-urban,mixed,831,"{""sample_routes"":{""date"":""2026-09-22"",""run_id"":""eda5cecdd4b747b5b8244863c0d42c75""},""join_samples"":{""date"":""2026-09-22"",""run_id"":""66479cb411414ac68408a0eb73732b43""},""upload_data"":{""date"":""2026-09-22"",""run_id"":""2d2ef995ec9943ff977cf7535bb16978""}}"
386,386,"16.5648261 , -96.7197826","16.541768100000002 , -96.6965066",urban-rural,mixed,831,"{""sample_routes"":{""date"":""2026-09-22"",""run_id"":""eda5cecdd4b747b5b8244863c0d42c75""},""join_samples"":{""date"":""2026-09-22"",""run_id"":""66479cb411414ac68408a0eb73732b43""},""upload_data"":{""date"":""2026-09-22"",""run_id"":""2d2ef995ec9943ff977cf7535bb16978""}}"
387,387,"14.9582045 , -92.2092283","14.920118 , -92.2470431",rural-urban,mixed,970,"{""sample_routes"":{""date"":""2026-09-22"",""run_id"":""eda5cecdd4b747b5b8244863c0d42c75""},""join_samples"":{""date"":""2026-09-22"",""run_id"":""66479cb411414ac68408a0eb73732b43""},""upload_data"":{""date"":""2026-09-22"",""run_id"":""2d2ef995ec9943ff977cf7535bb16978""}}"
388,388,"21.1290985 , -101.7200543","21.1726873 , -101.7633778",urban-rural,mixed,830,"{""sample_routes"":{""date"":""2026-09-22"",""run_id"":""eda5cecdd4b747b5b8244863c0d42c75""},""join_samples"":{""date"":""2026-09-22"",""run_id"":""66479cb411414ac68408a0eb73732b43""},""upload_data"":{""date"":""2026-09-22"",""run_id"":""2d2ef995ec9943ff977cf7535bb16978""}}"
389,389,"20.5760414 , -100.8516946","20.5758681 , -100.8843049",rural-rural,mixed,970,"{""sample_routes"":{""date"":""2026-09-22"",""run_id"":""eda5cecdd4b747b5b8244863c0d42c75""},""join_samples"":{""date"":""2026-09-22"",""run_id"":""66479cb411414ac68408a0eb73732b43""},""upload_data"":{""date"":""2026-09-22"",""run_id"":""2d2ef995ec9943ff977cf7535bb16978""}}"
390,390,"16.5769534 , -92.5329736","16.5984371 , -92.51164200000001",rural-urban,mixed,829,"{""sample_routes"":{""date"":""2026-09-22"",""run_id"":""eda5cecdd4b747b5b8244863c0d42c75""},""join_samples"":{""date"":""2026-09-22"",""run_id"":""66479cb411414ac68408a0eb73732b43""},""upload_data"":{""date"":""2026-09-22"",""run_id"":""2d2ef995ec9943ff977cf7535bb16978""}}"
391,391,"31.876652300000003 , -116.5637492","31.912840000000003 , -116.5276922",urban-rural,mixed,971,"{""sample_routes"":{""date"":""2026-09-22"",""run_id"":""eda5cecdd4b747b5b8244863c0d42c75""},""join_samples"":{""date"":""2026-09-22"",""run_id"":""66479cb411414ac68408a0eb73732b43""},""upload_data"":{""date"":""2026-09-22"",""run_id"":""2d2ef995ec9943ff977cf7535bb16978""}}"
392,392,"20.7593907 , -101.48080680000001","20.77214 , -101.4935124",rural-rural,mixed,829,"{""sample_routes"":{""date"":""2026-09-22"",""run_id"":""eda5cecdd4b747b5b8244863c0d42c75""},""join_samples"":{""date"":""2026-09-22"",""run_id"":""66479cb411414ac68408a0eb73732b43""},""upload_data"":{""date"":""2026-09-22"",""run_id"":""2d2ef995ec9943ff977cf7535bb16978""}}"
393,393,"17.6698115 , -101.5880613","17.6438111 , -101.5623285",rural-urban,mixed,971,"{""sample_routes"":{""date"":""2026-09-22"",""run_id"":""eda5cecdd4b747b5b8244863c0d42c75""},""join_samples"":{""date"":""2026-09-22"",""run_id"":""66479cb411414ac68408a0eb73732b43""},""upload_data"":{""date"":""2026-09-22"",""run_id"":""2d2ef995ec9943ff977cf7535bb16978""}}"
394,394,"19.9427615 , -97.9748728","19.9208831 , -97.9966816",urban-rural,mixed,828,"{""sample_routes"":{""date"":""2026-09-22"",""run_id"":""eda5cecdd4b747b5b8244863c0d42c75""},""join_samples"":{""date"":""2026-09-22"",""run_id"":""66479cb411414ac68408a0eb73732b43""},""upload_data"":{""date"":""2026-09-22"",""run_id"":""2d2ef995ec9943ff977cf7535bb16978""}}"
395,395,"18.448257700000003 , -95.14791620000001","18.417475800000002 , -95.11704440000001",rural-urban,mixed,828,"{""sample_routes"":{""date"":""2026-09-22"",""run_id"":""eda5cecdd4b747b5b8244863c0d42c75""},""join_samples"":{""date"":""2026-09-22"",""run_id"":""66479cb411414ac68408a0eb73732b43""},""upload_data"":{""date"":""2026-09-22"",""run_id"":""2d2ef995ec9943ff977cf7535bb16978""}}"
396,396,"18.086000300000002 , -94.39448370000001","18.128858700000002 , -94.437398",rural-urban,mixed,973,"{""sample_routes"":{""date"":""2026-09-22"",""run_id"":""eda5cecdd4b747b5b8244863c0d42c75""},""join_samples"":{""date"":""2026-09-22"",""run_id"":""66479cb411414ac68408a0eb73732b43""},""upload_data"":{""date"":""2026-09-22"",""run_id"":""2d2ef995ec9943ff977cf7535bb16978""}}"
397,397,"21.1067582 , -86.8722109","21.0762018 , -86.8719518",urban-rural,mixed,827,"{""sample_routes"":{""date"":""2026-09-22"",""run_id"":""eda5cecdd4b747b5b8244863c0d42c75""},""join_samples"":{""date"":""2026-09-22"",""run_id"":""66479cb411414ac68408a0eb73732b43""},""upload_data"":{""date"":""2026-09-22"",""run_id"":""2d2ef995ec9943ff977cf7535bb16978""}}"
398,398,"19.4073208 , -99.61123730000001","19.4342142 , -99.5842604",rural-urban,mixed,973,"{""sample_routes"":{""date"":""2026-09-22"",""run_id"":""eda5cecdd4b747b5b8244863c0d42c75""},""join_samples"":{""date"":""2026-09-22"",""run_id"":""66479cb411414ac68408a0eb73732b43""},""upload_data"":{""date"":""2026-09-22"",""run_id"":""2d2ef995ec9943ff977cf7535bb16978""}}"
399,399,"16.8348769 , -93.3176284","16.8073334 , -93.29024840000001",rural-urban,mixed,974,"{""sample_routes"":{""date"":""2026-09-22"",""run_id"":""eda5cecdd4b747b5b8244863c0d42c75""},""join_samples"":{""date"":""2026-09-22"",""run_id"":""66479cb411414ac68408a0eb73732b43""},""upload_data"":{""date"":""2026-09-22"",""run_id"":""2d2ef995ec9943ff977cf7535bb16978""}}"
400,400,"30.535725300000003 , -111.1129123","30.5875638 , -111.1647561",urban-rural,mixed,826,"{""sample_routes"":{""date"":""2026-09-22"",""run_id"":""eda5cecdd4b747b5b8244863c0d42c75""},""join_samples"":{""date"":""2026-09-22"",""run_id"":""66479cb411414ac68408a0eb73732b43""},""upload_data"":{""date"":""2026-09-22"",""run_id"":""2d2ef995ec9943ff977cf7535bb16978""}}"
401,401,"19.109469 , -102.36745780000001","19.109336900000002 , -102.42034840000001",urban-rural,mixed,975,"{""sample_routes"":{""date"":""2026-09-22"",""run_id"":""eda5cecdd4b747b5b8244863c0d42c75""},""join_samples"":{""date"":""2026-09-22"",""run_id"":""66479cb411414ac68408a0eb73732b43""},""upload_data"":{""date"":""2026-09-22"",""run_id"":""2d2ef995ec9943ff977cf7535bb16978""}}"
402,402,"20.168472700000002 , -98.728205","20.1355343 , -98.7279589",rural-urban,mixed,975,"{""sample_routes"":{""date"":""2026-09-22"",""run_id"":""eda5cecdd4b747b5b8244863c0d42c75""},""join_samples"":{""date"":""2026-09-22"",""run_id"":""66479cb411414ac68408a0eb73732b43""},""upload_data"":{""date"":""2026-09-22"",""run_id"":""2d2ef995ec9943ff977cf7535bb16978""}}"
403,403,"24.952262400000002 , -105.07525380000001","24.8959814 , -105.0749749",rural-urban,mixed,976,"{""sample_routes"":{""date"":""2026-09-22"",""run_id"":""eda5cecdd4b747b5b8244863c0d42c75""},""join_samples"":{""date"":""2026-09-22"",""run_id"":""66479cb411414ac68408a0eb73732b43""},""upload_data"":{""date"":""2026-09-22"",""run_id"":""2d2ef995ec9943ff977cf7535bb16978""}}"
404,404,"31.6252321 , -106.4676704","31.592172700000003 , -106.50065210000001",urban-rural,mixed,823,"{""sample_routes"":{""date"":""2026-09-22"",""run_id"":""eda5cecdd4b747b5b8244863c0d42c75""},""join_samples"":{""date"":""2026-09-22"",""run_id"":""66479cb411414ac68408a0eb73732b43""},""upload_data"":{""date"":""2026-09-22"",""run_id"":""2d2ef995ec9943ff977cf7535bb16978""}}"
405,405,"26.9817536 , -109.65748880000001","26.9342122 , -109.65775300000001",urban-rural,mixed,823,"{""sample_routes"":{""date"":""2026-09-22"",""run_id"":""eda5cecdd4b747b5b8244863c0d42c75""},""join_samples"":{""date"":""2026-09-22"",""run_id"":""66479cb411414ac68408a0eb73732b43""},""upload_data"":{""date"":""2026-09-22"",""run_id"":""2d2ef995ec9943ff977cf7535bb16978""}}"
406,406,"16.3522131 , -96.5522316","16.3521267 , -96.5932135",rural-urban,mixed,977,"{""sample_routes"":{""date"":""2026-09-22"",""run_id"":""eda5cecdd4b747b5b8244863c0d42c75""},""join_samples"":{""date"":""2026-09-22"",""run_id"":""66479cb411414ac68408a0eb73732b43""},""upload_data"":{""date"":""2026-09-22"",""run_id"":""2d2ef995ec9943ff977cf7535bb16978""}}"
407,407,"21.1707709 , -101.73460290000001","21.186921700000003 , -101.7187267",rural-urban,mixed,822,"{""sample_routes"":{""date"":""2026-09-22"",""run_id"":""eda5cecdd4b747b5b8244863c0d42c75""},""join_samples"":{""date"":""2026-09-22"",""run_id"":""66479cb411414ac68408a0eb73732b43""},""upload_data"":{""date"":""2026-09-22"",""run_id"":""2d2ef995ec9943ff977cf7535bb16978""}}"
408,408,"18.816236800000002 , -97.5092357","18.816516 , -97.54164890000001",urban-rural,mixed,822,"{""sample_routes"":{""date"":""2026-09-22"",""run_id"":""eda5cecdd4b747b5b8244863c0d42c75""},""join_samples"":{""date"":""2026-09-22"",""run_id"":""66479cb411414ac68408a0eb73732b43""},""upload_data"":{""date"":""2026-09-22"",""run_id"":""2d2ef995ec9943ff977cf7535bb16978""}}"
409,409,"25.737925 , -100.19213020000001","25.789852200000002 , -100.14043450000001",urban-rural,mixed,822,"{""sample_routes"":{""date"":""2026-09-22"",""run_id"":""eda5cecdd4b747b5b8244863c0d42c75""},""join_samples"":{""date"":""2026-09-22"",""run_id"":""66479cb411414ac68408a0eb73732b43""},""upload_data"":{""date"":""2026-09-22"",""run_id"":""2d2ef995ec9943ff977cf7535bb16978""}}"
410,410,"20.0444254 , -99.3494572","19.9864871 , -99.34935180000001",urban-rural,mixed,822,"{""sample_routes"":{""date"":""2026-09-22"",""run_id"":""eda5cecdd4b747b5b8244863c0d42c75""},""join_samples"":{""date"":""2026-09-22"",""run_id"":""66479cb411414ac68408a0eb73732b43""},""upload_data"":{""date"":""2026-09-22"",""run_id"":""2d2ef995ec9943ff977cf7535bb16978""}}"
411,411,"19.9875615 , -99.85295470000001","19.968646 , -99.85277190000001",rural-urban,mixed,979,"{""sample_routes"":{""date"":""2026-09-22"",""run_id"":""eda5cecdd4b747b5b8244863c0d42c75""},""join_samples"":{""date"":""2026-09-22"",""run_id"":""66479cb411414ac68408a0eb73732b43""},""upload_data"":{""date"":""2026-09-22"",""run_id"":""2d2ef995ec9943ff977cf7535bb16978""}}"
412,412,"19.8846975 , -100.4426201","19.854990700000002 , -100.41312640000001",urban-rural,mixed,979,"{""sample_routes"":{""date"":""2026-09-22"",""run_id"":""eda5cecdd4b747b5b8244863c0d42c75""},""join_samples"":{""date"":""2026-09-22"",""run_id"":""66479cb411414ac68408a0eb73732b43""},""upload_data"":{""date"":""2026-09-22"",""run_id"":""2d2ef995ec9943ff977cf7535bb16978""}}"
413,413,"20.286564900000002 , -98.96175790000001","20.3224205 , -98.9258195",urban-rural,mixed,821,"{""sample_routes"":{""date"":""2026-09-22"",""run_id"":""eda5cecdd4b747b5b8244863c0d42c75""},""join_samples"":{""date"":""2026-09-22"",""run_id"":""66479cb411414ac68408a0eb73732b43""},""upload_data"":{""date"":""2026-09-22"",""run_id"":""2d2ef995ec9943ff977cf7535bb16978""}}"
414,414,"18.0231959 , -94.44235130000001","18.0233946 , -94.55011280000001",urban-urban,mixed,821,"{""sample_routes"":{""date"":""2026-09-22"",""run_id"":""eda5cecdd4b747b5b8244863c0d42c75""},""join_samples"":{""date"":""2026-09-22"",""run_id"":""66479cb411414ac68408a0eb73732b43""},""upload_data"":{""date"":""2026-09-22"",""run_id"":""2d2ef995ec9943ff977cf7535bb16978""}}"
415,415,"22.7524659 , -102.6201575","22.766751000000003 , -102.634466",urban-rural,mixed,981,"{""sample_routes"":{""date"":""2026-09-22"",""run_id"":""eda5cecdd4b747b5b8244863c0d42c75""},""join_samples"":{""date"":""2026-09-22"",""run_id"":""66479cb411414ac68408a0eb73732b43""},""upload_data"":{""date"":""2026-09-22"",""run_id"":""2d2ef995ec9943ff977cf7535bb16978""}}"
416,416,"19.20786 , -98.8661704","19.2388185 , -98.89723830000001",rural-urban,mixed,982,"{""sample_routes"":{""date"":""2026-09-22"",""run_id"":""eda5cecdd4b747b5b8244863c0d42c75""},""join_samples"":{""date"":""2026-09-22"",""run_id"":""66479cb411414ac68408a0eb73732b43""},""upload_data"":{""date"":""2026-09-22"",""run_id"":""2d2ef995ec9943ff977cf7535bb16978""}}"
417,417,"20.989815200000002 , -97.31949900000001","20.959152 , -97.35030350000001",rural-rural,mixed,983,"{""sample_routes"":{""date"":""2026-09-22"",""run_id"":""eda5cecdd4b747b5b8244863c0d42c75""},""join_samples"":{""date"":""2026-09-22"",""run_id"":""66479cb411414ac68408a0eb73732b43""},""upload_data"":{""date"":""2026-09-22"",""run_id"":""2d2ef995ec9943ff977cf7535bb16978""}}"
418,418,"20.789275800000002 , -100.048933","20.7490308 , -100.0490503",urban-rural,mixed,817,"{""sample_routes"":{""date"":""2026-09-22"",""run_id"":""eda5cecdd4b747b5b8244863c0d42c75""},""join_samples"":{""date"":""2026-09-22"",""run_id"":""66479cb411414ac68408a0eb73732b43""},""upload_data"":{""date"":""2026-09-22"",""run_id"":""2d2ef995ec9943ff977cf7535bb16978""}}"
419,419,"26.7086001 , -108.3283858","26.743720000000003 , -108.32814690000001",urban-rural,mixed,816,"{""sample_routes"":{""date"":""2026-09-22"",""run_id"":""eda5cecdd4b747b5b8244863c0d42c75""},""join_samples"":{""date"":""2026-09-22"",""run_id"":""66479cb411414ac68408a0eb73732b43""},""upload_data"":{""date"":""2026-09-22"",""run_id"":""2d2ef995ec9943ff977cf7535bb16978""}}"
420,420,"17.5073319 , -91.9900824","17.478391900000002 , -91.9609255",urban-rural,mixed,985,"{""sample_routes"":{""date"":""2026-09-22"",""run_id"":""eda5cecdd4b747b5b8244863c0d42c75""},""join_samples"":{""date"":""2026-09-22"",""run_id"":""66479cb411414ac68408a0eb73732b43""},""upload_data"":{""date"":""2026-09-22"",""run_id"":""2d2ef995ec9943ff977cf7535bb16978""}}"
421,421,"22.1913091 , -100.9351271","22.222189500000002 , -100.9350924",urban-rural,mixed,814,"{""sample_routes"":{""date"":""2026-09-22"",""run_id"":""eda5cecdd4b747b5b8244863c0d42c75""},""join_samples"":{""date"":""2026-09-22"",""run_id"":""66479cb411414ac68408a0eb73732b43""},""upload_data"":{""date"":""2026-09-22"",""run_id"":""2d2ef995ec9943ff977cf7535bb16978""}}"
422,422,"19.090864500000002 , -98.7937026","19.049325 , -98.7939281",rural-urban,mixed,986,"{""sample_routes"":{""date"":""2026-09-22"",""run_id"":""eda5cecdd4b747b5b8244863c0d42c75""},""join_samples"":{""date"":""2026-09-22"",""run_id"":""66479cb411414ac68408a0eb73732b43""},""upload_data"":{""date"":""2026-09-22"",""run_id"":""2d2ef995ec9943ff977cf7535bb16978""}}"
423,423,"18.6357335 , -99.21110680000001","18.611300800000002 , -99.2108721",urban-rural,mixed,813,"{""sample_routes"":{""date"":""2026-09-22"",""run_id"":""eda5cecdd4b747b5b8244863c0d42c75""},""join_samples"":{""date"":""2026-09-22"",""run_id"":""66479cb411414ac68408a0eb73732b43""},""upload_data"":{""date"":""2026-09-22"",""run_id"":""2d2ef995ec9943ff977cf7535bb16978""}}"
424,424,"25.9232894 , -100.17764140000001","25.968324600000003 , -100.1774683",rural-urban,mixed,988,"{""sample_routes"":{""date"":""2026-09-22"",""run_id"":""eda5cecdd4b747b5b8244863c0d42c75""},""join_samples"":{""date"":""2026-09-22"",""run_id"":""66479cb411414ac68408a0eb73732b43""},""upload_data"":{""date"":""2026-09-22"",""run_id"":""2d2ef995ec9943ff977cf7535bb16978""}}"
425,425,"28.579649800000002 , -105.99205060000001","28.5498486 , -105.9918746",urban-rural,mixed,988,"{""sample_routes"":{""date"":""2026-09-22"",""run_id"":""eda5cecdd4b747b5b8244863c0d42c75""},""join_samples"":{""date"":""2026-09-22"",""run_id"":""66479cb411414ac68408a0eb73732b43""},""upload_data"":{""date"":""2026-09-22"",""run_id"":""2d2ef995ec9943ff977cf7535bb16978""}}"
426,426,"18.9150058 , -98.1747811","18.972771700000003 , -98.174699",rural-urban,mixed,988,"{""sample_routes"":{""date"":""2026-09-22"",""run_id"":""eda5cecdd4b747b5b8244863c0d42c75""},""join_samples"":{""date"":""2026-09-22"",""run_id"":""66479cb411414ac68408a0eb73732b43""},""upload_data"":{""date"":""2026-09-22"",""run_id"":""2d2ef995ec9943ff977cf7535bb16978""}}"
427,427,"25.7575605 , -100.42890410000001","25.793197900000003 , -100.4646604",urban-rural,mixed,989,"{""sample_routes"":{""date"":""2026-09-22"",""run_id"":""eda5cecdd4b747b5b8244863c0d42c75""},""join_samples"":{""date"":""2026-09-22"",""run_id"":""66479cb411414ac68408a0eb73732b43""},""upload_data"":{""date"":""2026-09-22"",""run_id"":""2d2ef995ec9943ff977cf7535bb16978""}}"
428,428,"21.0317195 , -101.5482683","21.114140900000002 , -101.63041480000001",rural-urban,mixed,990,"{""sample_routes"":{""date"":""2026-09-22"",""run_id"":""eda5cecdd4b747b5b8244863c0d42c75""},""join_samples"":{""date"":""2026-09-22"",""run_id"":""66479cb411414ac68408a0eb73732b43""},""upload_data"":{""date"":""2026-09-22"",""run_id"":""2d2ef995ec9943ff977cf7535bb16978""}}"
429,429,"25.4370413 , -100.90705000000001","25.460246 , -100.8839817",urban-rural,mixed,990,"{""sample_routes"":{""date"":""2026-09-22"",""run_id"":""eda5cecdd4b747b5b8244863c0d42c75""},""join_samples"":{""date"":""2026-09-22"",""run_id"":""66479cb411414ac68408a0eb73732b43""},""upload_data"":{""date"":""2026-09-22"",""run_id"":""2d2ef995ec9943ff977cf7535bb16978""}}"
430,430,"25.916360400000002 , -100.1562253","25.940685900000002 , -100.1802916",rural-rural,mixed,809,"{""sample_routes"":{""date"":""2026-09-22"",""run_id"":""eda5cecdd4b747b5b8244863c0d42c75""},""join_samples"":{""date"":""2026-09-22"",""run_id"":""66479cb411414ac68408a0eb73732b43""},""upload_data"":{""date"":""2026-09-22"",""run_id"":""2d2ef995ec9943ff977cf7535bb16978""}}"
431,431,"18.8063691 , -99.18994760000001","18.7719776 , -99.22427350000001",urban-rural,mixed,992,"{""sample_routes"":{""date"":""2026-09-22"",""run_id"":""eda5cecdd4b747b5b8244863c0d42c75""},""join_samples"":{""date"":""2026-09-22"",""run_id"":""66479cb411414ac68408a0eb73732b43""},""upload_data"":{""date"":""2026-09-22"",""run_id"":""2d2ef995ec9943ff977cf7535bb16978""}}"
432,432,"18.1085241 , -96.14571830000001","18.129986600000002 , -96.16717100000001",rural-rural,mixed,808,"{""sample_routes"":{""date"":""2026-09-22"",""run_id"":""eda5cecdd4b747b5b8244863c0d42c75""},""join_samples"":{""date"":""2026-09-22"",""run_id"":""66479cb411414ac68408a0eb73732b43""},""upload_data"":{""date"":""2026-09-22"",""run_id"":""2d2ef995ec9943ff977cf7535bb16978""}}"
433,433,"19.5345291 , -100.4461084","19.5539677 , -100.4656422",rural-urban,mixed,808,"{""sample_routes"":{""date"":""2026-09-22"",""run_id"":""eda5cecdd4b747b5b8244863c0d42c75""},""join_samples"":{""date"":""2026-09-22"",""run_id"":""66479cb411414ac68408a0eb73732b43""},""upload_data"":{""date"":""2026-09-22"",""run_id"":""2d2ef995ec9943ff977cf7535bb16978""}}"
434,434,"19.5197089 , -98.86097140000001","19.5652404 , -98.8157176",urban-rural,mixed,807,"{""sample_routes"":{""date"":""2026-09-22"",""run_id"":""eda5cecdd4b747b5b8244863c0d42c75""},""join_samples"":{""date"":""2026-09-22"",""run_id"":""66479cb411414ac68408a0eb73732b43""},""upload_data"":{""date"":""2026-09-22"",""run_id"":""2d2ef995ec9943ff977cf7535bb16978""}}"
435,435,"20.9574916 , -101.3193083","20.957474400000002 , -101.3746778",urban-rural,mixed,993,"{""sample_routes"":{""date"":""2026-09-22"",""run_id"":""eda5cecdd4b747b5b8244863c0d42c75""},""join_samples"":{""date"":""2026-09-22"",""run_id"":""66479cb411414ac68408a0eb73732b43""},""upload_data"":{""date"":""2026-09-22"",""run_id"":""2d2ef995ec9943ff977cf7535bb16978""}}"
436,436,"18.9336011 , -98.1106876","18.979726 , -98.1570188",rural-urban,mixed,994,"{""sample_routes"":{""date"":""2026-09-22"",""run_id"":""eda5cecdd4b747b5b8244863c0d42c75""},""join_samples"":{""date"":""2026-09-22"",""run_id"":""66479cb411414ac68408a0eb73732b43""},""upload_data"":{""date"":""2026-09-22"",""run_id"":""2d2ef995ec9943ff977cf7535bb16978""}}"
437,437,"19.438836600000002 , -99.45455340000001","19.415767600000002 , -99.47754400000001",rural-urban,mixed,994,"{""sample_routes"":{""date"":""2026-09-22"",""run_id"":""eda5cecdd4b747b5b8244863c0d42c75""},""join_samples"":{""date"":""2026-09-22"",""run_id"":""66479cb411414ac68408a0eb73732b43""},""upload_data"":{""date"":""2026-09-22"",""run_id"":""2d2ef995ec9943ff977cf7535bb16978""}}"
438,438,"18.8826636 , -97.06090920000001","18.908105600000003 , -97.0866141",rural-urban,mixed,995,"{""sample_routes"":{""date"":""2026-09-22"",""run_id"":""eda5cecdd4b747b5b8244863c0d42c75""},""join_samples"":{""date"":""2026-09-22"",""run_id"":""66479cb411414ac68408a0eb73732b43""},""upload_data"":{""date"":""2026-09-22"",""run_id"":""2d2ef995ec9943ff977cf7535bb16978""}}"
439,439,"28.707052 , -106.00135490000001","28.6360214 , -106.0013576",rural-rural,mixed,995,"{""sample_routes"":{""date"":""2026-09-22"",""run_id"":""eda5cecdd4b747b5b8244863c0d42c75""},""join_samples"":{""date"":""2026-09-22"",""run_id"":""66479cb411414ac68408a0eb73732b43""},""upload_data"":{""date"":""2026-09-22"",""run_id"":""2d2ef995ec9943ff977cf7535bb16978""}}"
440,440,"20.7350078 , -88.5621509","20.7058427 , -88.59149160000001",rural-urban,mixed,996,"{""sample_routes"":{""date"":""2026-09-22"",""run_id"":""eda5cecdd4b747b5b8244863c0d42c75""},""join_samples"":{""date"":""2026-09-22"",""run_id"":""66479cb411414ac68408a0eb73732b43""},""upload_data"":{""date"":""2026-09-22"",""run_id"":""2d2ef995ec9943ff977cf7535bb16978""}}"
441,441,"16.560752 , -96.6952255","16.560489500000003 , -96.73303460000001",rural-urban,mixed,996,"{""sample_routes"":{""date"":""2026-09-22"",""run_id"":""eda5cecdd4b747b5b8244863c0d42c75""},""join_samples"":{""date"":""2026-09-22"",""run_id"":""66479cb411414ac68408a0eb73732b43""},""upload_data"":{""date"":""2026-09-22"",""run_id"":""2d2ef995ec9943ff977cf7535bb16978""}}"
442,442,"28.6259376 , -106.15112210000001","28.6623543 , -106.11460880000001",rural-urban,mixed,997,"{""sample_routes"":{""date"":""2026-09-22"",""run_id"":""eda5cecdd4b747b5b8244863c0d42c75""},""join_samples"":{""date"":""2026-09-22"",""run_id"":""66479cb411414ac68408a0eb73732b43""},""upload_data"":{""date"":""2026-09-22"",""run_id"":""2d2ef995ec9943ff977cf7535bb16978""}}"
443,443,"20.665602800000002 , -87.09935390000001","20.665666400000003 , -87.13736560000001",urban-rural,mixed,997,"{""sample_routes"":{""date"":""2026-09-22"",""run_id"":""eda5cecdd4b747b5b8244863c0d42c75""},""join_samples"":{""date"":""2026-09-22"",""run_id"":""66479cb411414ac68408a0eb73732b43""},""upload_data"":{""date"":""2026-09-22"",""run_id"":""2d2ef995ec9943ff977cf7535bb16978""}}"
444,444,"20.916462900000003 , -89.69015610000001","20.934648000000003 , -89.7080968",urban-rural,mixed,998,"{""sample_routes"":{""date"":""2026-09-22"",""run_id"":""eda5cecdd4b747b5b8244863c0d42c75""},""join_samples"":{""date"":""2026-09-22"",""run_id"":""66479cb411414ac68408a0eb73732b43""},""upload_data"":{""date"":""2026-09-22"",""run_id"":""2d2ef995ec9943ff977cf7535bb16978""}}"
445,445,"21.9531624 , -102.28759160000001","21.9750139 , -102.26577400000001",urban-rural,mixed,802,"{""sample_routes"":{""date"":""2026-09-22"",""run_id"":""eda5cecdd4b747b5b8244863c0d42c75""},""join_samples"":{""date"":""2026-09-22"",""run_id"":""66479cb411414ac68408a0eb73732b43""},""upload_data"":{""date"":""2026-09-22"",""run_id"":""2d2ef995ec9943ff977cf7535bb16978""}}"
446,446,"21.1335616 , -98.44657860000001","21.108931300000002 , -98.47112560000001",urban-rural,mixed,999,"{""sample_routes"":{""date"":""2026-09-22"",""run_id"":""eda5cecdd4b747b5b8244863c0d42c75""},""join_samples"":{""date"":""2026-09-22"",""run_id"":""66479cb411414ac68408a0eb73732b43""},""upload_data"":{""date"":""2026-09-22"",""run_id"":""2d2ef995ec9943ff977cf7535bb16978""}}"
447,447,"20.9686139 , -101.2970875","20.9683837 , -101.348138",urban-rural,mixed,1000,"{""sample_routes"":{""date"":""2026-09-22"",""run_id"":""eda5cecdd4b747b5b8244863c0d42c75""},""join_samples"":{""date"":""2026-09-22"",""run_id"":""66479cb411414ac68408a0eb73732b43""},""upload_data"":{""date"":""2026-09-22"",""run_id"":""2d2ef995ec9943ff977cf7535bb16978""}}"
448,448,"32.5962702 , -115.34879160000001","32.6238849 , -115.3763071",urban-urban,mixed,1000,"{""sample_routes"":{""date"":""2026-09-22"",""run_id"":""eda5cecdd4b747b5b8244863c0d42c75""},""join_samples"":{""date"":""2026-09-22"",""run_id"":""66479cb411414ac68408a0eb73732b43""},""upload_data"":{""date"":""2026-09-22"",""run_id"":""2d2ef995ec9943ff977cf7535bb16978""}}"
449,449,"18.0596704 , -92.92417680000001","18.059928000000003 , -92.961326",urban-rural,mixed,1000,"{""sample_routes"":{""date"":""2026-09-22"",""run_id"":""eda5cecdd4b747b5b8244863c0d42c75""},""join_samples"":{""date"":""2026-09-22"",""run_id"":""66479cb411414ac68408a0eb73732b43""},""upload_data"":{""date"":""2026-09-22"",""run_id"":""2d2ef995ec9943ff977cf7535bb16978""}}"
450,450,"20.0728905 , -98.4341316","20.111244600000003 , -98.3959566",urban-rural,mixed,1001,"{""sample_routes"":{""date"":""2026-09-22"",""run_id"":""eda5cecdd4b747b5b8244863c0d42c75""},""join_samples"":{""date"":""2026-09-22"",""run_id"":""66479cb411414ac68408a0eb73732b43""},""upload_data"":{""date"":""2026-09-22"",""run_id"":""2d2ef995ec9943ff977cf7535bb16978""}}"
451,451,"18.9341791 , -103.87832580000001","18.934164300000003 , -103.9454558",urban-urban,mixed,1002,"{""sample_routes"":{""date"":""2026-09-22"",""run_id"":""eda5cecdd4b747b5b8244863c0d42c75""},""join_samples"":{""date"":""2026-09-22"",""run_id"":""66479cb411414ac68408a0eb73732b43""},""upload_data"":{""date"":""2026-09-22"",""run_id"":""2d2ef995ec9943ff977cf7535bb16978""}}"
452,452,"21.8435446 , -102.32264020000001","21.843348900000002 , -102.35465830000001",urban-rural,mixed,797,"{""sample_routes"":{""date"":""2026-09-22"",""run_id"":""eda5cecdd4b747b5b8244863c0d42c75""},""join_samples"":{""date"":""2026-09-22"",""run_id"":""66479cb411414ac68408a0eb73732b43""},""upload_data"":{""date"":""2026-09-22"",""run_id"":""2d2ef995ec9943ff977cf7535bb16978""}}"
453,453,"20.7137576 , -101.3589977","20.749690400000002 , -101.3588648",urban-rural,mixed,1004,"{""sample_routes"":{""date"":""2026-09-22"",""run_id"":""eda5cecdd4b747b5b8244863c0d42c75""},""join_samples"":{""date"":""2026-09-22"",""run_id"":""66479cb411414ac68408a0eb73732b43""},""upload_data"":{""date"":""2026-09-22"",""run_id"":""2d2ef995ec9943ff977cf7535bb16978""}}"
454,454,"25.629035000000002 , -103.39471350000001","25.598742 , -103.4252045",rural-urban,mixed,1004,"{""sample_routes"":{""date"":""2026-09-22"",""run_id"":""eda5cecdd4b747b5b8244863c0d42c75""},""join_samples"":{""date"":""2026-09-22"",""run_id"":""66479cb411414ac68408a0eb73732b43""},""upload_data"":{""date"":""2026-09-22"",""run_id"":""2d2ef995ec9943ff977cf7535bb16978""}}"
455,455,"18.0993023 , -95.8305296","18.0995254 , -95.8779236",rural-urban,mixed,1005,"{""sample_routes"":{""date"":""2026-09-22"",""run_id"":""eda5cecdd4b747b5b8244863c0d42c75""},""join_samples"":{""date"":""2026-09-22"",""run_id"":""66479cb411414ac68408a0eb73732b43""},""upload_data"":{""date"":""2026-09-22"",""run_id"":""2d2ef995ec9943ff977cf7535bb16978""}}"
456,456,"21.2316302 , -102.3290132","21.2106694 , -102.30789410000001",urban-rural,mixed,1005,"{""sample_routes"":{""date"":""2026-09-22"",""run_id"":""eda5cecdd4b747b5b8244863c0d42c75""},""join_samples"":{""date"":""2026-09-22"",""run_id"":""66479cb411414ac68408a0eb73732b43""},""upload_data"":{""date"":""2026-09-22"",""run_id"":""2d2ef995ec9943ff977cf7535bb16978""}}"
457,457,"27.073702400000002 , -109.5232605","27.1072375 , -109.48995660000001",rural-rural,mixed,1006,"{""sample_routes"":{""date"":""2026-09-22"",""run_id"":""eda5cecdd4b747b5b8244863c0d42c75""},""join_samples"":{""date"":""2026-09-22"",""run_id"":""66479cb411414ac68408a0eb73732b43""},""upload_data"":{""date"":""2026-09-22"",""run_id"":""2d2ef995ec9943ff977cf7535bb16978""}}"
458,458,"19.9575584 , -97.9479319","19.9379618 , -97.928516",urban-rural,mixed,794,"{""sample_routes"":{""date"":""2026-09-22"",""run_id"":""eda5cecdd4b747b5b8244863c0d42c75""},""join_samples"":{""date"":""2026-09-22"",""run_id"":""66479cb411414ac68408a0eb73732b43""},""upload_data"":{""date"":""2026-09-22"",""run_id"":""2d2ef995ec9943ff977cf7535bb16978""}}"
459,459,"21.910696400000003 , -102.3354099","21.877744200000002 , -102.33548660000001",rural-urban,mixed,1006,"{""sample_routes"":{""date"":""2026-09-22"",""run_id"":""eda5cecdd4b747b5b8244863c0d42c75""},""join_samples"":{""date"":""2026-09-22"",""run_id"":""66479cb411414ac68408a0eb73732b43""},""upload_data"":{""date"":""2026-09-22"",""run_id"":""2d2ef995ec9943ff977cf7535bb16978""}}"
460,460,"20.0219241 , -98.7919834","20.0221768 , -98.81151940000001",rural-rural,mixed,794,"{""sample_routes"":{""date"":""2026-09-22"",""run_id"":""eda5cecdd4b747b5b8244863c0d42c75""},""join_samples"":{""date"":""2026-09-22"",""run_id"":""66479cb411414ac68408a0eb73732b43""},""upload_data"":{""date"":""2026-09-22"",""run_id"":""2d2ef995ec9943ff977cf7535bb16978""}}"
461,461,"19.445453500000003 , -99.2945095","19.487440300000003 , -99.2946656",urban-urban,mixed,1007,"{""sample_routes"":{""date"":""2026-09-22"",""run_id"":""eda5cecdd4b747b5b8244863c0d42c75""},""join_samples"":{""date"":""2026-09-22"",""run_id"":""66479cb411414ac68408a0eb73732b43""},""upload_data"":{""date"":""2026-09-22"",""run_id"":""2d2ef995ec9943ff977cf7535bb16978""}}"
462,462,"19.579930400000002 , -99.7677716","19.6069816 , -99.74066330000001",urban-rural,mixed,792,"{""sample_routes"":{""date"":""2026-09-22"",""run_id"":""eda5cecdd4b747b5b8244863c0d42c75""},""join_samples"":{""date"":""2026-09-22"",""run_id"":""66479cb411414ac68408a0eb73732b43""},""upload_data"":{""date"":""2026-09-22"",""run_id"":""2d2ef995ec9943ff977cf7535bb16978""}}"
463,463,"17.607345600000002 , -99.1441454","17.585602100000003 , -99.1439349",rural-rural,mixed,792,"{""sample_routes"":{""date"":""2026-09-22"",""run_id"":""eda5cecdd4b747b5b8244863c0d42c75""},""join_samples"":{""date"":""2026-09-22"",""run_id"":""66479cb411414ac68408a0eb73732b43""},""upload_data"":{""date"":""2026-09-22"",""run_id"":""2d2ef995ec9943ff977cf7535bb16978""}}"
464,464,"27.933758800000003 , -101.22046750000001","28.0308858 , -101.1232815",urban-rural,mixed,1008,"{""sample_routes"":{""date"":""2026-09-22"",""run_id"":""eda5cecdd4b747b5b8244863c0d42c75""},""join_samples"":{""date"":""2026-09-22"",""run_id"":""66479cb411414ac68408a0eb73732b43""},""upload_data"":{""date"":""2026-09-22"",""run_id"":""2d2ef995ec9943ff977cf7535bb16978""}}"
465,465,"23.024168500000002 , -99.71177460000001","23.0717232 , -99.66431890000001",rural-rural,mixed,791,"{""sample_routes"":{""date"":""2026-09-22"",""run_id"":""eda5cecdd4b747b5b8244863c0d42c75""},""join_samples"":{""date"":""2026-09-22"",""run_id"":""66479cb411414ac68408a0eb73732b43""},""upload_data"":{""date"":""2026-09-22"",""run_id"":""2d2ef995ec9943ff977cf7535bb16978""}}"
466,466,"28.773148900000002 , -106.1589","28.831302200000003 , -106.1587241",urban-rural,mixed,1009,"{""sample_routes"":{""date"":""2026-09-22"",""run_id"":""eda5cecdd4b747b5b8244863c0d42c75""},""join_samples"":{""date"":""2026-09-22"",""run_id"":""66479cb411414ac68408a0eb73732b43""},""upload_data"":{""date"":""2026-09-22"",""run_id"":""2d2ef995ec9943ff977cf7535bb16978""}}"
467,467,"32.574707000000004 , -115.3782644","32.5303618 , -115.42244260000001",urban-rural,mixed,1010,"{""sample_routes"":{""date"":""2026-09-22"",""run_id"":""eda5cecdd4b747b5b8244863c0d42c75""},""join_samples"":{""date"":""2026-09-22"",""run_id"":""66479cb411414ac68408a0eb73732b43""},""upload_data"":{""date"":""2026-09-22"",""run_id"":""2d2ef995ec9943ff977cf7535bb16978""}}"
468,468,"20.1282071 , -99.08821","20.087130600000002 , -99.12902720000001",rural-urban,mixed,1010,"{""sample_routes"":{""date"":""2026-09-22"",""run_id"":""eda5cecdd4b747b5b8244863c0d42c75""},""join_samples"":{""date"":""2026-09-22"",""run_id"":""66479cb411414ac68408a0eb73732b43""},""upload_data"":{""date"":""2026-09-22"",""run_id"":""2d2ef995ec9943ff977cf7535bb16978""}}"
469,469,"31.7646252 , -106.57196400000001","31.764586500000004 , -106.68486630000001",urban-rural,mixed,1011,"{""sample_routes"":{""date"":""2026-09-22"",""run_id"":""eda5cecdd4b747b5b8244863c0d42c75""},""join_samples"":{""date"":""2026-09-22"",""run_id"":""66479cb411414ac68408a0eb73732b43""},""upload_data"":{""date"":""2026-09-22"",""run_id"":""2d2ef995ec9943ff977cf7535bb16978""}}"
470,470,"20.3257692 , -90.0527859","20.282972400000002 , -90.0528146",urban-rural,mixed,1014,"{""sample_routes"":{""date"":""2026-09-22"",""run_id"":""eda5cecdd4b747b5b8244863c0d42c75""},""join_samples"":{""date"":""2026-09-22"",""run_id"":""66479cb411414ac68408a0eb73732b43""},""upload_data"":{""date"":""2026-09-22"",""run_id"":""2d2ef995ec9943ff977cf7535bb16978""}}"
471,471,"23.8213629 , -99.12901640000001","23.7756408 , -99.12924890000001",rural-urban,mixed,1014,"{""sample_routes"":{""date"":""2026-09-22"",""run_id"":""eda5cecdd4b747b5b8244863c0d42c75""},""join_samples"":{""date"":""2026-09-22"",""run_id"":""66479cb411414ac68408a0eb73732b43""},""upload_data"":{""date"":""2026-09-22"",""run_id"":""2d2ef995ec9943ff977cf7535bb16978""}}"
472,472,"21.3701878 , -101.942429","21.3944812 , -101.96688",urban-rural,mixed,785,"{""sample_routes"":{""date"":""2026-09-22"",""run_id"":""eda5cecdd4b747b5b8244863c0d42c75""},""join_samples"":{""date"":""2026-09-22"",""run_id"":""66479cb411414ac68408a0eb73732b43""},""upload_data"":{""date"":""2026-09-22"",""run_id"":""2d2ef995ec9943ff977cf7535bb16978""}}"
473,473,"16.877481500000002 , -96.7817799","16.9201818 , -96.8247561",urban-rural,mixed,1015,"{""sample_routes"":{""date"":""2026-09-22"",""run_id"":""eda5cecdd4b747b5b8244863c0d42c75""},""join_samples"":{""date"":""2026-09-22"",""run_id"":""66479cb411414ac68408a0eb73732b43""},""upload_data"":{""date"":""2026-09-22"",""run_id"":""2d2ef995ec9943ff977cf7535bb16978""}}"
474,474,"19.0810225 , -96.1942877","19.157601 , -96.1175348",rural-urban,mixed,1015,"{""sample_routes"":{""date"":""2026-09-22"",""run_id"":""eda5cecdd4b747b5b8244863c0d42c75""},""join_samples"":{""date"":""2026-09-22"",""run_id"":""66479cb411414ac68408a0eb73732b43""},""upload_data"":{""date"":""2026-09-22"",""run_id"":""2d2ef995ec9943ff977cf7535bb16978""}}"
475,475,"19.2016028 , -103.75975910000001","19.239433400000003 , -103.75977180000001",rural-urban,mixed,1016,"{""sample_routes"":{""date"":""2026-09-22"",""run_id"":""eda5cecdd4b747b5b8244863c0d42c75""},""join_samples"":{""date"":""2026-09-22"",""run_id"":""66479cb411414ac68408a0eb73732b43""},""upload_data"":{""date"":""2026-09-22"",""run_id"":""2d2ef995ec9943ff977cf7535bb16978""}}"
476,476,"19.8921321 , -99.3395107","19.831796100000002 , -99.33951880000001",urban-rural,mixed,1017,"{""sample_routes"":{""date"":""2026-09-22"",""run_id"":""eda5cecdd4b747b5b8244863c0d42c75""},""join_samples"":{""date"":""2026-09-22"",""run_id"":""66479cb411414ac68408a0eb73732b43""},""upload_data"":{""date"":""2026-09-22"",""run_id"":""2d2ef995ec9943ff977cf7535bb16978""}}"
477,477,"19.671954900000003 , -98.8887488","19.6719946 , -98.93430620000001",urban-rural,mixed,1017,"{""sample_routes"":{""date"":""2026-09-22"",""run_id"":""eda5cecdd4b747b5b8244863c0d42c75""},""join_samples"":{""date"":""2026-09-22"",""run_id"":""66479cb411414ac68408a0eb73732b43""},""upload_data"":{""date"":""2026-09-22"",""run_id"":""2d2ef995ec9943ff977cf7535bb16978""}}"
478,478,"17.834313400000003 , -93.3826537","17.796699200000003 , -93.4204093",urban-rural,mixed,1017,"{""sample_routes"":{""date"":""2026-09-22"",""run_id"":""eda5cecdd4b747b5b8244863c0d42c75""},""join_samples"":{""date"":""2026-09-22"",""run_id"":""66479cb411414ac68408a0eb73732b43""},""upload_data"":{""date"":""2026-09-22"",""run_id"":""2d2ef995ec9943ff977cf7535bb16978""}}"
479,479,"19.0061556 , -98.3244154","18.971699400000002 , -98.2901569",urban-urban,mixed,1018,"{""sample_routes"":{""date"":""2026-09-22"",""run_id"":""eda5cecdd4b747b5b8244863c0d42c75""},""join_samples"":{""date"":""2026-09-22"",""run_id"":""66479cb411414ac68408a0eb73732b43""},""upload_data"":{""date"":""2026-09-22"",""run_id"":""2d2ef995ec9943ff977cf7535bb16978""}}"
480,480,"21.520529800000002 , -104.9212586","21.548955600000003 , -104.9495066",urban-rural,mixed,782,"{""sample_routes"":{""date"":""2026-09-22"",""run_id"":""eda5cecdd4b747b5b8244863c0d42c75""},""join_samples"":{""date"":""2026-09-22"",""run_id"":""66479cb411414ac68408a0eb73732b43""},""upload_data"":{""date"":""2026-09-22"",""run_id"":""2d2ef995ec9943ff977cf7535bb16978""}}"
481,481,"27.1331828 , -109.4408602","27.089478200000002 , -109.4411244",rural-urban,mixed,1019,"{""sample_routes"":{""date"":""2026-09-22"",""run_id"":""eda5cecdd4b747b5b8244863c0d42c75""},""join_samples"":{""date"":""2026-09-22"",""run_id"":""66479cb411414ac68408a0eb73732b43""},""upload_data"":{""date"":""2026-09-22"",""run_id"":""2d2ef995ec9943ff977cf7535bb16978""}}"
482,482,"16.7962671 , -98.20547760000001","16.7754882 , -98.22604000000001",urban-rural,mixed,781,"{""sample_routes"":{""date"":""2026-09-22"",""run_id"":""eda5cecdd4b747b5b8244863c0d42c75""},""join_samples"":{""date"":""2026-09-22"",""run_id"":""66479cb411414ac68408a0eb73732b43""},""upload_data"":{""date"":""2026-09-22"",""run_id"":""2d2ef995ec9943ff977cf7535bb16978""}}"
483,483,"21.1001902 , -101.59161750000001","21.0596706 , -101.55121480000001",urban-rural,mixed,780,"{""sample_routes"":{""date"":""2026-09-22"",""run_id"":""eda5cecdd4b747b5b8244863c0d42c75""},""join_samples"":{""date"":""2026-09-22"",""run_id"":""66479cb411414ac68408a0eb73732b43""},""upload_data"":{""date"":""2026-09-22"",""run_id"":""2d2ef995ec9943ff977cf7535bb16978""}}"
484,484,"19.198990000000002 , -104.5567225","19.241133 , -104.5564762",rural-urban,mixed,780,"{""sample_routes"":{""date"":""2026-09-22"",""run_id"":""eda5cecdd4b747b5b8244863c0d42c75""},""join_samples"":{""date"":""2026-09-22"",""run_id"":""66479cb411414ac68408a0eb73732b43""},""upload_data"":{""date"":""2026-09-22"",""run_id"":""2d2ef995ec9943ff977cf7535bb16978""}}"
485,485,"19.866569900000002 , -99.88758","19.892102700000002 , -99.88769",urban-rural,mixed,778,"{""sample_routes"":{""date"":""2026-09-22"",""run_id"":""eda5cecdd4b747b5b8244863c0d42c75""},""join_samples"":{""date"":""2026-09-22"",""run_id"":""66479cb411414ac68408a0eb73732b43""},""upload_data"":{""date"":""2026-09-22"",""run_id"":""2d2ef995ec9943ff977cf7535bb16978""}}"
486,486,"32.4756359 , -116.7913494","32.4401427 , -116.7560461",urban-rural,mixed,777,"{""sample_routes"":{""date"":""2026-09-22"",""run_id"":""eda5cecdd4b747b5b8244863c0d42c75""},""join_samples"":{""date"":""2026-09-22"",""run_id"":""66479cb411414ac68408a0eb73732b43""},""upload_data"":{""date"":""2026-09-22"",""run_id"":""2d2ef995ec9943ff977cf7535bb16978""}}"
487,487,"25.1463293 , -99.7878172","25.1815928 , -99.822822",rural-urban,mixed,1024,"{""sample_routes"":{""date"":""2026-09-22"",""run_id"":""eda5cecdd4b747b5b8244863c0d42c75""},""join_samples"":{""date"":""2026-09-22"",""run_id"":""66479cb411414ac68408a0eb73732b43""},""upload_data"":{""date"":""2026-09-22"",""run_id"":""2d2ef995ec9943ff977cf7535bb16978""}}"
488,488,"20.570999 , -103.2369161","20.5183317 , -103.2370305",urban-urban,mixed,776,"{""sample_routes"":{""date"":""2026-09-22"",""run_id"":""eda5cecdd4b747b5b8244863c0d42c75""},""join_samples"":{""date"":""2026-09-22"",""run_id"":""66479cb411414ac68408a0eb73732b43""},""upload_data"":{""date"":""2026-09-22"",""run_id"":""2d2ef995ec9943ff977cf7535bb16978""}}"
489,489,"26.009634900000002 , -98.3830616","26.0390632 , -98.35350720000001",rural-urban,mixed,1024,"{""sample_routes"":{""date"":""2026-09-22"",""run_id"":""eda5cecdd4b747b5b8244863c0d42c75""},""join_samples"":{""date"":""2026-09-22"",""run_id"":""66479cb411414ac68408a0eb73732b43""},""upload_data"":{""date"":""2026-09-22"",""run_id"":""2d2ef995ec9943ff977cf7535bb16978""}}"
490,490,"29.5538598 , -104.42773100000001","29.5804243 , -104.4542869",urban-rural,mixed,774,"{""sample_routes"":{""date"":""2026-09-22"",""run_id"":""eda5cecdd4b747b5b8244863c0d42c75""},""join_samples"":{""date"":""2026-09-22"",""run_id"":""66479cb411414ac68408a0eb73732b43""},""upload_data"":{""date"":""2026-09-22"",""run_id"":""2d2ef995ec9943ff977cf7535bb16978""}}"
491,491,"21.979942400000002 , -98.78709880000001","22.008595200000002 , -98.7583311",urban-urban,mixed,773,"{""sample_routes"":{""date"":""2026-09-22"",""run_id"":""eda5cecdd4b747b5b8244863c0d42c75""},""join_samples"":{""date"":""2026-09-22"",""run_id"":""66479cb411414ac68408a0eb73732b43""},""upload_data"":{""date"":""2026-09-22"",""run_id"":""2d2ef995ec9943ff977cf7535bb16978""}}"
492,492,"20.0975909 , -97.0126955","20.070191400000002 , -97.04035660000001",rural-urban,mixed,773,"{""sample_routes"":{""date"":""2026-09-22"",""run_id"":""eda5cecdd4b747b5b8244863c0d42c75""},""join_samples"":{""date"":""2026-09-22"",""run_id"":""66479cb411414ac68408a0eb73732b43""},""upload_data"":{""date"":""2026-09-22"",""run_id"":""2d2ef995ec9943ff977cf7535bb16978""}}"
493,493,"28.6578796 , -105.9497908","28.6579619 , -106.00514050000001",rural-urban,mixed,773,"{""sample_routes"":{""date"":""2026-09-22"",""run_id"":""eda5cecdd4b747b5b8244863c0d42c75""},""join_samples"":{""date"":""2026-09-22"",""run_id"":""66479cb411414ac68408a0eb73732b43""},""upload_data"":{""date"":""2026-09-22"",""run_id"":""2d2ef995ec9943ff977cf7535bb16978""}}"
494,494,"20.945617900000002 , -89.559714","20.8962493 , -89.5101643",urban-rural,mixed,1028,"{""sample_routes"":{""date"":""2026-09-22"",""run_id"":""eda5cecdd4b747b5b8244863c0d42c75""},""join_samples"":{""date"":""2026-09-22"",""run_id"":""66479cb411414ac68408a0eb73732b43""},""upload_data"":{""date"":""2026-09-22"",""run_id"":""2d2ef995ec9943ff977cf7535bb16978""}}"
495,495,"15.6481109 , -93.23090850000001","15.613003800000001 , -93.26592210000001",rural-rural,mixed,1028,"{""sample_routes"":{""date"":""2026-09-22"",""run_id"":""eda5cecdd4b747b5b8244863c0d42c75""},""join_samples"":{""date"":""2026-09-22"",""run_id"":""66479cb411414ac68408a0eb73732b43""},""upload_data"":{""date"":""2026-09-22"",""run_id"":""2d2ef995ec9943ff977cf7535bb16978""}}"
496,496,"26.2294155 , -98.8348612","26.282804400000003 , -98.8348713",rural-urban,mixed,1029,"{""sample_routes"":{""date"":""2026-09-22"",""run_id"":""eda5cecdd4b747b5b8244863c0d42c75""},""join_samples"":{""date"":""2026-09-22"",""run_id"":""66479cb411414ac68408a0eb73732b43""},""upload_data"":{""date"":""2026-09-22"",""run_id"":""2d2ef995ec9943ff977cf7535bb16978""}}"
497,497,"20.6763997 , -103.69517680000001","20.6766268 , -103.7096272",urban-urban,mixed,1031,"{""sample_routes"":{""date"":""2026-09-22"",""run_id"":""eda5cecdd4b747b5b8244863c0d42c75""},""join_samples"":{""date"":""2026-09-22"",""run_id"":""66479cb411414ac68408a0eb73732b43""},""upload_data"":{""date"":""2026-09-22"",""run_id"":""2d2ef995ec9943ff977cf7535bb16978""}}"
498,498,"25.877455400000002 , -100.31619760000001","25.9094106 , -100.2844038",rural-urban,mixed,769,"{""sample_routes"":{""date"":""2026-09-22"",""run_id"":""eda5cecdd4b747b5b8244863c0d42c75""},""join_samples"":{""date"":""2026-09-22"",""run_id"":""66479cb411414ac68408a0eb73732b43""},""upload_data"":{""date"":""2026-09-22"",""run_id"":""2d2ef995ec9943ff977cf7535bb16978""}}"
499,499,"20.658654300000002 , -100.41214760000001","20.693549100000002 , -100.446967",urban-rural,mixed,1035,"{""sample_routes"":{""date"":""2026-09-22"",""run_id"":""eda5cecdd4b747b5b8244863c0d42c75""},""join_samples"":{""date"":""2026-09-22"",""run_id"":""66479cb411414ac68408a0eb73732b43""},""upload_data"":{""date"":""2026-09-22"",""run_id"":""2d2ef995ec9943ff977cf7535bb16978""}}"
500,0,"19.423939800000003 , -99.2775029","19.4630593 , -99.316197",urban-rural,urban,1503,"{""sample_routes"":{""date"":""2026-09-22"",""run_id"":""eda5cecdd4b747b5b8244863c0d42c75""},""join_samples"":{""date"":""2026-09-22"",""run_id"":""66479cb411414ac68408a0eb73732b43""},""upload_data"":{""date"":""2026-09-22"",""run_id"":""2d2ef995ec9943ff977cf7535bb16978""}}"
501,1,"19.0429588 , -98.1033692","18.9911846 , -98.1031009",urban-rural,urban,1497,"{""sample_routes"":{""date"":""2026-09-22"",""run_id"":""eda5cecdd4b747b5b8244863c0d42c75""},""join_samples"":{""date"":""2026-09-22"",""run_id"":""66479cb411414ac68408a0eb73732b43""},""upload_data"":{""date"":""2026-09-22"",""run_id"":""2d2ef995ec9943ff977cf7535bb16978""}}"
502,2,"27.9448869 , -110.9303036","27.8963767 , -110.88170260000001",urban-rural,urban,1504,"{""sample_routes"":{""date"":""2026-09-22"",""run_id"":""eda5cecdd4b747b5b8244863c0d42c75""},""join_samples"":{""date"":""2026-09-22"",""run_id"":""66479cb411414ac68408a0eb73732b43""},""upload_data"":{""date"":""2026-09-22"",""run_id"":""2d2ef995ec9943ff977cf7535bb16978""}}"
503,3,"25.7466092 , -100.43478540000001","25.705346300000002 , -100.47650220000001",rural-urban,urban,1495,"{""sample_routes"":{""date"":""2026-09-22"",""run_id"":""eda5cecdd4b747b5b8244863c0d42c75""},""join_samples"":{""date"":""2026-09-22"",""run_id"":""66479cb411414ac68408a0eb73732b43""},""upload_data"":{""date"":""2026-09-22"",""run_id"":""2d2ef995ec9943ff977cf7535bb16978""}}"
504,4,"16.3442627 , -92.61134100000001","16.3002957 , -92.56710600000001",rural-rural,urban,1494,"{""sample_routes"":{""date"":""2026-09-22"",""run_id"":""eda5cecdd4b747b5b8244863c0d42c75""},""join_samples"":{""date"":""2026-09-22"",""run_id"":""66479cb411414ac68408a0eb73732b43""},""upload_data"":{""date"":""2026-09-22"",""run_id"":""2d2ef995ec9943ff977cf7535bb16978""}}"
505,5,"20.118212800000002 , -101.20725580000001","20.1549462 , -101.1703049",urban-urban,urban,1493,"{""sample_routes"":{""date"":""2026-09-22"",""run_id"":""eda5cecdd4b747b5b8244863c0d42c75""},""join_samples"":{""date"":""2026-09-22"",""run_id"":""66479cb411414ac68408a0eb73732b43""},""upload_data"":{""date"":""2026-09-22"",""run_id"":""2d2ef995ec9943ff977cf7535bb16978""}}"
506,6,"21.1984143 , -86.8384492","21.165725100000003 , -86.80556800000001",urban-rural,urban,1490,"{""sample_routes"":{""date"":""2026-09-22"",""run_id"":""eda5cecdd4b747b5b8244863c0d42c75""},""join_samples"":{""date"":""2026-09-22"",""run_id"":""66479cb411414ac68408a0eb73732b43""},""upload_data"":{""date"":""2026-09-22"",""run_id"":""2d2ef995ec9943ff977cf7535bb16978""}}"
507,7,"19.1580975 , -98.4155595","19.215735000000002 , -98.3576278",urban-rural,urban,1511,"{""sample_routes"":{""date"":""2026-09-22"",""run_id"":""eda5cecdd4b747b5b8244863c0d42c75""},""join_samples"":{""date"":""2026-09-22"",""run_id"":""66479cb411414ac68408a0eb73732b43""},""upload_data"":{""date"":""2026-09-22"",""run_id"":""2d2ef995ec9943ff977cf7535bb16978""}}"
508,8,"14.8686751 , -92.26958470000001","14.868396100000002 , -92.3263163",urban-urban,urban,1489,"{""sample_routes"":{""date"":""2026-09-22"",""run_id"":""eda5cecdd4b747b5b8244863c0d42c75""},""join_samples"":{""date"":""2026-09-22"",""run_id"":""66479cb411414ac68408a0eb73732b43""},""upload_data"":{""date"":""2026-09-22"",""run_id"":""2d2ef995ec9943ff977cf7535bb16978""}}"
509,9,"28.662717500000003 , -106.10518200000001","28.559816700000002 , -106.10535630000001",urban-rural,urban,1488,"{""sample_routes"":{""date"":""2026-09-22"",""run_id"":""eda5cecdd4b747b5b8244863c0d42c75""},""join_samples"":{""date"":""2026-09-22"",""run_id"":""66479cb411414ac68408a0eb73732b43""},""upload_data"":{""date"":""2026-09-22"",""run_id"":""2d2ef995ec9943ff977cf7535bb16978""}}"
510,10,"19.9743546 , -99.5528537","19.9323351 , -99.5110595",rural-rural,urban,1512,"{""sample_routes"":{""date"":""2026-09-22"",""run_id"":""eda5cecdd4b747b5b8244863c0d42c75""},""join_samples"":{""date"":""2026-09-22"",""run_id"":""66479cb411414ac68408a0eb73732b43""},""upload_data"":{""date"":""2026-09-22"",""run_id"":""2d2ef995ec9943ff977cf7535bb16978""}}"
511,11,"32.6149737 , -115.50294550000001","32.658278800000005 , -115.5466327",urban-urban,urban,1514,"{""sample_routes"":{""date"":""2026-09-22"",""run_id"":""eda5cecdd4b747b5b8244863c0d42c75""},""join_samples"":{""date"":""2026-09-22"",""run_id"":""66479cb411414ac68408a0eb73732b43""},""upload_data"":{""date"":""2026-09-22"",""run_id"":""2d2ef995ec9943ff977cf7535bb16978""}}"
512,12,"18.0081016 , -92.9228906","18.0528125 , -92.9226251",urban-urban,urban,1518,"{""sample_routes"":{""date"":""2026-09-22"",""run_id"":""eda5cecdd4b747b5b8244863c0d42c75""},""join_samples"":{""date"":""2026-09-22"",""run_id"":""66479cb411414ac68408a0eb73732b43""},""upload_data"":{""date"":""2026-09-22"",""run_id"":""2d2ef995ec9943ff977cf7535bb16978""}}"
513,13,"18.3693272 , -99.51483610000001","18.369653 , -99.57373070000001",urban-urban,urban,1518,"{""sample_routes"":{""date"":""2026-09-22"",""run_id"":""eda5cecdd4b747b5b8244863c0d42c75""},""join_samples"":{""date"":""2026-09-22"",""run_id"":""66479cb411414ac68408a0eb73732b43""},""upload_data"":{""date"":""2026-09-22"",""run_id"":""2d2ef995ec9943ff977cf7535bb16978""}}"
514,14,"20.647771600000002 , -103.2881514","20.538152500000002 , -103.2883632",urban-urban,urban,1520,"{""sample_routes"":{""date"":""2026-09-22"",""run_id"":""eda5cecdd4b747b5b8244863c0d42c75""},""join_samples"":{""date"":""2026-09-22"",""run_id"":""66479cb411414ac68408a0eb73732b43""},""upload_data"":{""date"":""2026-09-22"",""run_id"":""2d2ef995ec9943ff977cf7535bb16978""}}"
515,15,"19.672864500000003 , -98.96118630000001","19.673292200000002 , -99.0409568",urban-urban,urban,1524,"{""sample_routes"":{""date"":""2026-09-22"",""run_id"":""eda5cecdd4b747b5b8244863c0d42c75""},""join_samples"":{""date"":""2026-09-22"",""run_id"":""66479cb411414ac68408a0eb73732b43""},""upload_data"":{""date"":""2026-09-22"",""run_id"":""2d2ef995ec9943ff977cf7535bb16978""}}"
516,16,"27.488353200000002 , -99.5895086","27.5392864 , -99.538976",urban-rural,urban,1473,"{""sample_routes"":{""date"":""2026-09-22"",""run_id"":""eda5cecdd4b747b5b8244863c0d42c75""},""join_samples"":{""date"":""2026-09-22"",""run_id"":""66479cb411414ac68408a0eb73732b43""},""upload_data"":{""date"":""2026-09-22"",""run_id"":""2d2ef995ec9943ff977cf7535bb16978""}}"
517,17,"20.6841081 , -103.3991826","20.578430400000002 , -103.39919850000001",urban-urban,urban,1529,"{""sample_routes"":{""date"":""2026-09-22"",""run_id"":""eda5cecdd4b747b5b8244863c0d42c75""},""join_samples"":{""date"":""2026-09-22"",""run_id"":""66479cb411414ac68408a0eb73732b43""},""upload_data"":{""date"":""2026-09-22"",""run_id"":""2d2ef995ec9943ff977cf7535bb16978""}}"
518,18,"24.805265600000002 , -107.4096327","24.751316900000003 , -107.4100846",urban-urban,urban,1470,"{""sample_routes"":{""date"":""2026-09-22"",""run_id"":""eda5cecdd4b747b5b8244863c0d42c75""},""join_samples"":{""date"":""2026-09-22"",""run_id"":""66479cb411414ac68408a0eb73732b43""},""upload_data"":{""date"":""2026-09-22"",""run_id"":""2d2ef995ec9943ff977cf7535bb16978""}}"
519,19,"16.7969899 , -93.0969048","16.7651791 , -93.0647484",urban-urban,urban,1468,"{""sample_routes"":{""date"":""2026-09-22"",""run_id"":""eda5cecdd4b747b5b8244863c0d42c75""},""join_samples"":{""date"":""2026-09-22"",""run_id"":""66479cb411414ac68408a0eb73732b43""},""upload_data"":{""date"":""2026-09-22"",""run_id"":""2d2ef995ec9943ff977cf7535bb16978""}}"
520,20,"19.0172069 , -98.14269420000001","18.9278511 , -98.14254460000001",urban-rural,urban,1534,"{""sample_routes"":{""date"":""2026-09-22"",""run_id"":""eda5cecdd4b747b5b8244863c0d42c75""},""join_samples"":{""date"":""2026-09-22"",""run_id"":""66479cb411414ac68408a0eb73732b43""},""upload_data"":{""date"":""2026-09-22"",""run_id"":""2d2ef995ec9943ff977cf7535bb16978""}}"
521,21,"19.0565645 , -98.23758880000001","19.0565068 , -98.3562924",urban-rural,urban,1536,"{""sample_routes"":{""date"":""2026-09-22"",""run_id"":""eda5cecdd4b747b5b8244863c0d42c75""},""join_samples"":{""date"":""2026-09-22"",""run_id"":""66479cb411414ac68408a0eb73732b43""},""upload_data"":{""date"":""2026-09-22"",""run_id"":""2d2ef995ec9943ff977cf7535bb16978""}}"
522,22,"20.907194200000003 , -100.7597985","20.865525100000003 , -100.7178296",urban-rural,urban,1463,"{""sample_routes"":{""date"":""2026-09-22"",""run_id"":""eda5cecdd4b747b5b8244863c0d42c75""},""join_samples"":{""date"":""2026-09-22"",""run_id"":""66479cb411414ac68408a0eb73732b43""},""upload_data"":{""date"":""2026-09-22"",""run_id"":""2d2ef995ec9943ff977cf7535bb16978""}}"
523,23,"24.7961345 , -107.39704780000001","24.7393833 , -107.45415460000001",urban-urban,urban,1537,"{""sample_routes"":{""date"":""2026-09-22"",""run_id"":""eda5cecdd4b747b5b8244863c0d42c75""},""join_samples"":{""date"":""2026-09-22"",""run_id"":""66479cb411414ac68408a0eb73732b43""},""upload_data"":{""date"":""2026-09-22"",""run_id"":""2d2ef995ec9943ff977cf7535bb16978""}}"
524,24,"17.965434600000002 , -92.94355630000001","17.9650076 , -92.9971235",urban-urban,urban,1538,"{""sample_routes"":{""date"":""2026-09-22"",""run_id"":""eda5cecdd4b747b5b8244863c0d42c75""},""join_samples"":{""date"":""2026-09-22"",""run_id"":""66479cb411414ac68408a0eb73732b43""},""upload_data"":{""date"":""2026-09-22"",""run_id"":""2d2ef995ec9943ff977cf7535bb16978""}}"
525,25,"19.1429729 , -98.4141603","19.175693300000002 , -98.3818308",urban-rural,urban,1462,"{""sample_routes"":{""date"":""2026-09-22"",""run_id"":""eda5cecdd4b747b5b8244863c0d42c75""},""join_samples"":{""date"":""2026-09-22"",""run_id"":""66479cb411414ac68408a0eb73732b43""},""upload_data"":{""date"":""2026-09-22"",""run_id"":""2d2ef995ec9943ff977cf7535bb16978""}}"
526,26,"18.9818687 , -99.24116430000001","18.9547561 , -99.2683554",urban-urban,urban,1538,"{""sample_routes"":{""date"":""2026-09-22"",""run_id"":""eda5cecdd4b747b5b8244863c0d42c75""},""join_samples"":{""date"":""2026-09-22"",""run_id"":""66479cb411414ac68408a0eb73732b43""},""upload_data"":{""date"":""2026-09-22"",""run_id"":""2d2ef995ec9943ff977cf7535bb16978""}}"
527,27,"19.327730600000002 , -98.8653939","19.2454934 , -98.86518480000001",urban-urban,urban,1458,"{""sample_routes"":{""date"":""2026-09-22"",""run_id"":""eda5cecdd4b747b5b8244863c0d42c75""},""join_samples"":{""date"":""2026-09-22"",""run_id"":""66479cb411414ac68408a0eb73732b43""},""upload_data"":{""date"":""2026-09-22"",""run_id"":""2d2ef995ec9943ff977cf7535bb16978""}}"
528,28,"27.965122500000003 , -110.8176519","27.917856800000003 , -110.770431",urban-rural,urban,1543,"{""sample_routes"":{""date"":""2026-09-22"",""run_id"":""eda5cecdd4b747b5b8244863c0d42c75""},""join_samples"":{""date"":""2026-09-22"",""run_id"":""66479cb411414ac68408a0eb73732b43""},""upload_data"":{""date"":""2026-09-22"",""run_id"":""2d2ef995ec9943ff977cf7535bb16978""}}"
529,29,"19.2694982 , -99.7389668","19.2696653 , -99.7914027",urban-urban,urban,1457,"{""sample_routes"":{""date"":""2026-09-22"",""run_id"":""eda5cecdd4b747b5b8244863c0d42c75""},""join_samples"":{""date"":""2026-09-22"",""run_id"":""66479cb411414ac68408a0eb73732b43""},""upload_data"":{""date"":""2026-09-22"",""run_id"":""2d2ef995ec9943ff977cf7535bb16978""}}"
530,30,"19.2823026 , -99.69015630000001","19.2366062 , -99.73609950000001",urban-urban,urban,1544,"{""sample_routes"":{""date"":""2026-09-22"",""run_id"":""eda5cecdd4b747b5b8244863c0d42c75""},""join_samples"":{""date"":""2026-09-22"",""run_id"":""66479cb411414ac68408a0eb73732b43""},""upload_data"":{""date"":""2026-09-22"",""run_id"":""2d2ef995ec9943ff977cf7535bb16978""}}"
531,31,"20.570853500000002 , -101.20378410000001","20.5023053 , -101.2040271",urban-rural,urban,1456,"{""sample_routes"":{""date"":""2026-09-22"",""run_id"":""eda5cecdd4b747b5b8244863c0d42c75""},""join_samples"":{""date"":""2026-09-22"",""run_id"":""66479cb411414ac68408a0eb73732b43""},""upload_data"":{""date"":""2026-09-22"",""run_id"":""2d2ef995ec9943ff977cf7535bb16978""}}"
532,32,"23.6480925 , -100.62252740000001","23.647756 , -100.6947406",urban-rural,urban,1546,"{""sample_routes"":{""date"":""2026-09-22"",""run_id"":""eda5cecdd4b747b5b8244863c0d42c75""},""join_samples"":{""date"":""2026-09-22"",""run_id"":""66479cb411414ac68408a0eb73732b43""},""upload_data"":{""date"":""2026-09-22"",""run_id"":""2d2ef995ec9943ff977cf7535bb16978""}}"
533,33,"20.990351 , -89.6827592","21.0316133 , -89.6413495",urban-urban,urban,1549,"{""sample_routes"":{""date"":""2026-09-22"",""run_id"":""eda5cecdd4b747b5b8244863c0d42c75""},""join_samples"":{""date"":""2026-09-22"",""run_id"":""66479cb411414ac68408a0eb73732b43""},""upload_data"":{""date"":""2026-09-22"",""run_id"":""2d2ef995ec9943ff977cf7535bb16978""}}"
534,34,"18.780899700000003 , -98.9390221","18.8206154 , -98.9787146",urban-rural,urban,1551,"{""sample_routes"":{""date"":""2026-09-22"",""run_id"":""eda5cecdd4b747b5b8244863c0d42c75""},""join_samples"":{""date"":""2026-09-22"",""run_id"":""66479cb411414ac68408a0eb73732b43""},""upload_data"":{""date"":""2026-09-22"",""run_id"":""2d2ef995ec9943ff977cf7535bb16978""}}"
535,35,"28.207967900000003 , -105.47367050000001","28.302826800000002 , -105.47387570000001",urban-rural,urban,1552,"{""sample_routes"":{""date"":""2026-09-22"",""run_id"":""eda5cecdd4b747b5b8244863c0d42c75""},""join_samples"":{""date"":""2026-09-22"",""run_id"":""66479cb411414ac68408a0eb73732b43""},""upload_data"":{""date"":""2026-09-22"",""run_id"":""2d2ef995ec9943ff977cf7535bb16978""}}"
536,36,"14.8949125 , -92.2497974","14.8948929 , -92.32384250000001",urban-urban,urban,1447,"{""sample_routes"":{""date"":""2026-09-22"",""run_id"":""eda5cecdd4b747b5b8244863c0d42c75""},""join_samples"":{""date"":""2026-09-22"",""run_id"":""66479cb411414ac68408a0eb73732b43""},""upload_data"":{""date"":""2026-09-22"",""run_id"":""2d2ef995ec9943ff977cf7535bb16978""}}"
537,37,"20.7225351 , -103.4612024","20.782968500000003 , -103.40046520000001",urban-rural,urban,1553,"{""sample_routes"":{""date"":""2026-09-22"",""run_id"":""eda5cecdd4b747b5b8244863c0d42c75""},""join_samples"":{""date"":""2026-09-22"",""run_id"":""66479cb411414ac68408a0eb73732b43""},""upload_data"":{""date"":""2026-09-22"",""run_id"":""2d2ef995ec9943ff977cf7535bb16978""}}"
538,38,"25.4097399 , -100.9930858","25.477633700000002 , -100.9935221",urban-urban,urban,1554,"{""sample_routes"":{""date"":""2026-09-22"",""run_id"":""eda5cecdd4b747b5b8244863c0d42c75""},""join_samples"":{""date"":""2026-09-22"",""run_id"":""66479cb411414ac68408a0eb73732b43""},""upload_data"":{""date"":""2026-09-22"",""run_id"":""2d2ef995ec9943ff977cf7535bb16978""}}"
539,39,"21.931271900000002 , -102.2996901","21.930941400000002 , -102.36355660000001",urban-urban,urban,1555,"{""sample_routes"":{""date"":""2026-09-22"",""run_id"":""eda5cecdd4b747b5b8244863c0d42c75""},""join_samples"":{""date"":""2026-09-22"",""run_id"":""66479cb411414ac68408a0eb73732b43""},""upload_data"":{""date"":""2026-09-22"",""run_id"":""2d2ef995ec9943ff977cf7535bb16978""}}"
540,40,"25.6143673 , -103.40774080000001","25.5611253 , -103.46060960000001",rural-urban,urban,1557,"{""sample_routes"":{""date"":""2026-09-22"",""run_id"":""eda5cecdd4b747b5b8244863c0d42c75""},""join_samples"":{""date"":""2026-09-22"",""run_id"":""66479cb411414ac68408a0eb73732b43""},""upload_data"":{""date"":""2026-09-22"",""run_id"":""2d2ef995ec9943ff977cf7535bb16978""}}"
541,41,"19.474058600000003 , -99.1087897","19.4737134 , -99.01240480000001",urban-urban,urban,1558,"{""sample_routes"":{""date"":""2026-09-22"",""run_id"":""eda5cecdd4b747b5b8244863c0d42c75""},""join_samples"":{""date"":""2026-09-22"",""run_id"":""66479cb411414ac68408a0eb73732b43""},""upload_data"":{""date"":""2026-09-22"",""run_id"":""2d2ef995ec9943ff977cf7535bb16978""}}"
542,42,"21.0145656 , -101.25511420000001","20.9682873 , -101.301316",urban-urban,urban,1558,"{""sample_routes"":{""date"":""2026-09-22"",""run_id"":""eda5cecdd4b747b5b8244863c0d42c75""},""join_samples"":{""date"":""2026-09-22"",""run_id"":""66479cb411414ac68408a0eb73732b43""},""upload_data"":{""date"":""2026-09-22"",""run_id"":""2d2ef995ec9943ff977cf7535bb16978""}}"
543,43,"22.895637100000002 , -109.9115943","22.9434758 , -109.95968370000001",urban-urban,urban,1440,"{""sample_routes"":{""date"":""2026-09-22"",""run_id"":""eda5cecdd4b747b5b8244863c0d42c75""},""join_samples"":{""date"":""2026-09-22"",""run_id"":""66479cb411414ac68408a0eb73732b43""},""upload_data"":{""date"":""2026-09-22"",""run_id"":""2d2ef995ec9943ff977cf7535bb16978""}}"
544,44,"29.119553900000003 , -110.99183140000001","29.069390300000002 , -110.9412678",urban-urban,urban,1562,"{""sample_routes"":{""date"":""2026-09-22"",""run_id"":""eda5cecdd4b747b5b8244863c0d42c75""},""join_samples"":{""date"":""2026-09-22"",""run_id"":""66479cb411414ac68408a0eb73732b43""},""upload_data"":{""date"":""2026-09-22"",""run_id"":""2d2ef995ec9943ff977cf7535bb16978""}}"
545,45,"19.397993200000002 , -99.53707820000001","19.3984549 , -99.57728730000001",urban-rural,urban,1438,"{""sample_routes"":{""date"":""2026-09-22"",""run_id"":""eda5cecdd4b747b5b8244863c0d42c75""},""join_samples"":{""date"":""2026-09-22"",""run_id"":""66479cb411414ac68408a0eb73732b43""},""upload_data"":{""date"":""2026-09-22"",""run_id"":""2d2ef995ec9943ff977cf7535bb16978""}}"
546,46,"29.1316613 , -110.95267310000001","29.1706158 , -110.9138408",urban-rural,urban,1436,"{""sample_routes"":{""date"":""2026-09-22"",""run_id"":""eda5cecdd4b747b5b8244863c0d42c75""},""join_samples"":{""date"":""2026-09-22"",""run_id"":""66479cb411414ac68408a0eb73732b43""},""upload_data"":{""date"":""2026-09-22"",""run_id"":""2d2ef995ec9943ff977cf7535bb16978""}}"
547,47,"28.6629021 , -100.5347414","28.724431000000003 , -100.53444970000001",urban-urban,urban,1436,"{""sample_routes"":{""date"":""2026-09-22"",""run_id"":""eda5cecdd4b747b5b8244863c0d42c75""},""join_samples"":{""date"":""2026-09-22"",""run_id"":""66479cb411414ac68408a0eb73732b43""},""upload_data"":{""date"":""2026-09-22"",""run_id"":""2d2ef995ec9943ff977cf7535bb16978""}}"
548,48,"19.2698126 , -98.81190520000001","19.2247305 , -98.85707330000001",urban-urban,urban,1566,"{""sample_routes"":{""date"":""2026-09-22"",""run_id"":""eda5cecdd4b747b5b8244863c0d42c75""},""join_samples"":{""date"":""2026-09-22"",""run_id"":""66479cb411414ac68408a0eb73732b43""},""upload_data"":{""date"":""2026-09-22"",""run_id"":""2d2ef995ec9943ff977cf7535bb16978""}}"
549,49,"18.112041 , -96.1454156","18.0728338 , -96.18438590000001",rural-urban,urban,1566,"{""sample_routes"":{""date"":""2026-09-22"",""run_id"":""eda5cecdd4b747b5b8244863c0d42c75""},""join_samples"":{""date"":""2026-09-22"",""run_id"":""66479cb411414ac68408a0eb73732b43""},""upload_data"":{""date"":""2026-09-22"",""run_id"":""2d2ef995ec9943ff977cf7535bb16978""}}"
550,50,"20.4232696 , -103.40905140000001","20.4999533 , -103.4855438",urban-urban,urban,1434,"{""sample_routes"":{""date"":""2026-09-22"",""run_id"":""eda5cecdd4b747b5b8244863c0d42c75""},""join_samples"":{""date"":""2026-09-22"",""run_id"":""66479cb411414ac68408a0eb73732b43""},""upload_data"":{""date"":""2026-09-22"",""run_id"":""2d2ef995ec9943ff977cf7535bb16978""}}"
551,51,"19.7064753 , -101.2398048","19.653666100000002 , -101.1873913",urban-urban,urban,1568,"{""sample_routes"":{""date"":""2026-09-22"",""run_id"":""eda5cecdd4b747b5b8244863c0d42c75""},""join_samples"":{""date"":""2026-09-22"",""run_id"":""66479cb411414ac68408a0eb73732b43""},""upload_data"":{""date"":""2026-09-22"",""run_id"":""2d2ef995ec9943ff977cf7535bb16978""}}"
552,52,"19.247634 , -99.5390933","19.2027907 , -99.49457670000001",urban-urban,urban,1431,"{""sample_routes"":{""date"":""2026-09-22"",""run_id"":""eda5cecdd4b747b5b8244863c0d42c75""},""join_samples"":{""date"":""2026-09-22"",""run_id"":""66479cb411414ac68408a0eb73732b43""},""upload_data"":{""date"":""2026-09-22"",""run_id"":""2d2ef995ec9943ff977cf7535bb16978""}}"
553,53,"19.275934900000003 , -99.16553160000001","19.2760773 , -99.24666610000001",urban-urban,urban,1572,"{""sample_routes"":{""date"":""2026-09-22"",""run_id"":""eda5cecdd4b747b5b8244863c0d42c75""},""join_samples"":{""date"":""2026-09-22"",""run_id"":""66479cb411414ac68408a0eb73732b43""},""upload_data"":{""date"":""2026-09-22"",""run_id"":""2d2ef995ec9943ff977cf7535bb16978""}}"
554,54,"21.1175988 , -101.6706254","21.202727600000003 , -101.7555669",urban-rural,urban,1574,"{""sample_routes"":{""date"":""2026-09-22"",""run_id"":""eda5cecdd4b747b5b8244863c0d42c75""},""join_samples"":{""date"":""2026-09-22"",""run_id"":""66479cb411414ac68408a0eb73732b43""},""upload_data"":{""date"":""2026-09-22"",""run_id"":""2d2ef995ec9943ff977cf7535bb16978""}}"
555,55,"20.735651400000002 , -103.4154237","20.8057409 , -103.48589030000001",urban-urban,urban,1576,"{""sample_routes"":{""date"":""2026-09-22"",""run_id"":""eda5cecdd4b747b5b8244863c0d42c75""},""join_samples"":{""date"":""2026-09-22"",""run_id"":""66479cb411414ac68408a0eb73732b43""},""upload_data"":{""date"":""2026-09-22"",""run_id"":""2d2ef995ec9943ff977cf7535bb16978""}}"
556,56,"25.534061700000002 , -100.93743280000001","25.452465 , -100.9378966",urban-urban,urban,1577,"{""sample_routes"":{""date"":""2026-09-22"",""run_id"":""eda5cecdd4b747b5b8244863c0d42c75""},""join_samples"":{""date"":""2026-09-22"",""run_id"":""66479cb411414ac68408a0eb73732b43""},""upload_data"":{""date"":""2026-09-22"",""run_id"":""2d2ef995ec9943ff977cf7535bb16978""}}"
557,57,"18.8810381 , -96.9622099","18.941866 , -97.02268260000001",urban-rural,urban,1423,"{""sample_routes"":{""date"":""2026-09-22"",""run_id"":""eda5cecdd4b747b5b8244863c0d42c75""},""join_samples"":{""date"":""2026-09-22"",""run_id"":""66479cb411414ac68408a0eb73732b43""},""upload_data"":{""date"":""2026-09-22"",""run_id"":""2d2ef995ec9943ff977cf7535bb16978""}}"
558,58,"20.4520038 , -103.3079558","20.508055600000002 , -103.2523512",rural-urban,urban,1578,"{""sample_routes"":{""date"":""2026-09-22"",""run_id"":""eda5cecdd4b747b5b8244863c0d42c75""},""join_samples"":{""date"":""2026-09-22"",""run_id"":""66479cb411414ac68408a0eb73732b43""},""upload_data"":{""date"":""2026-09-22"",""run_id"":""2d2ef995ec9943ff977cf7535bb16978""}}"
559,59,"19.1961523 , -99.0499664","19.2770122 , -99.04961800000001",urban-urban,urban,1578,"{""sample_routes"":{""date"":""2026-09-22"",""run_id"":""eda5cecdd4b747b5b8244863c0d42c75""},""join_samples"":{""date"":""2026-09-22"",""run_id"":""66479cb411414ac68408a0eb73732b43""},""upload_data"":{""date"":""2026-09-22"",""run_id"":""2d2ef995ec9943ff977cf7535bb16978""}}"
560,60,"19.6327481 , -99.03755840000001","19.7268836 , -98.9435564",urban-rural,urban,1579,"{""sample_routes"":{""date"":""2026-09-22"",""run_id"":""eda5cecdd4b747b5b8244863c0d42c75""},""join_samples"":{""date"":""2026-09-22"",""run_id"":""66479cb411414ac68408a0eb73732b43""},""upload_data"":{""date"":""2026-09-22"",""run_id"":""2d2ef995ec9943ff977cf7535bb16978""}}"
561,61,"28.705831000000003 , -106.13846910000001","28.582768100000003 , -106.1382224",urban-urban,urban,1421,"{""sample_routes"":{""date"":""2026-09-22"",""run_id"":""eda5cecdd4b747b5b8244863c0d42c75""},""join_samples"":{""date"":""2026-09-22"",""run_id"":""66479cb411414ac68408a0eb73732b43""},""upload_data"":{""date"":""2026-09-22"",""run_id"":""2d2ef995ec9943ff977cf7535bb16978""}}"
562,62,"31.826585700000003 , -116.58778710000001","31.754683600000003 , -116.58801770000001",urban-rural,urban,1580,"{""sample_routes"":{""date"":""2026-09-22"",""run_id"":""eda5cecdd4b747b5b8244863c0d42c75""},""join_samples"":{""date"":""2026-09-22"",""run_id"":""66479cb411414ac68408a0eb73732b43""},""upload_data"":{""date"":""2026-09-22"",""run_id"":""2d2ef995ec9943ff977cf7535bb16978""}}"
563,63,"19.795238100000002 , -99.06645010000001","19.748946500000002 , -99.11231980000001",urban-urban,urban,1585,"{""sample_routes"":{""date"":""2026-09-22"",""run_id"":""eda5cecdd4b747b5b8244863c0d42c75""},""join_samples"":{""date"":""2026-09-22"",""run_id"":""66479cb411414ac68408a0eb73732b43""},""upload_data"":{""date"":""2026-09-22"",""run_id"":""2d2ef995ec9943ff977cf7535bb16978""}}"
564,64,"20.5618285 , -103.44744940000001","20.6063122 , -103.49166960000001",urban-rural,urban,1585,"{""sample_routes"":{""date"":""2026-09-22"",""run_id"":""eda5cecdd4b747b5b8244863c0d42c75""},""join_samples"":{""date"":""2026-09-22"",""run_id"":""66479cb411414ac68408a0eb73732b43""},""upload_data"":{""date"":""2026-09-22"",""run_id"":""2d2ef995ec9943ff977cf7535bb16978""}}"
565,65,"19.4027578 , -98.98371030000001","19.4028198 , -99.0713161",urban-urban,urban,1587,"{""sample_routes"":{""date"":""2026-09-22"",""run_id"":""eda5cecdd4b747b5b8244863c0d42c75""},""join_samples"":{""date"":""2026-09-22"",""run_id"":""66479cb411414ac68408a0eb73732b43""},""upload_data"":{""date"":""2026-09-22"",""run_id"":""2d2ef995ec9943ff977cf7535bb16978""}}"
566,66,"32.425629300000004 , -117.0018625","32.4260272 , -117.08353140000001",urban-rural,urban,1588,"{""sample_routes"":{""date"":""2026-09-22"",""run_id"":""eda5cecdd4b747b5b8244863c0d42c75""},""join_samples"":{""date"":""2026-09-22"",""run_id"":""66479cb411414ac68408a0eb73732b43""},""upload_data"":{""date"":""2026-09-22"",""run_id"":""2d2ef995ec9943ff977cf7535bb16978""}}"
567,67,"17.5226051 , -99.50208570000001","17.5815962 , -99.5022",urban-urban,urban,1589,"{""sample_routes"":{""date"":""2026-09-22"",""run_id"":""eda5cecdd4b747b5b8244863c0d42c75""},""join_samples"":{""date"":""2026-09-22"",""run_id"":""66479cb411414ac68408a0eb73732b43""},""upload_data"":{""date"":""2026-09-22"",""run_id"":""2d2ef995ec9943ff977cf7535bb16978""}}"
568,68,"21.9183485 , -102.2573005","21.9184829 , -102.31697600000001",urban-urban,urban,1589,"{""sample_routes"":{""date"":""2026-09-22"",""run_id"":""eda5cecdd4b747b5b8244863c0d42c75""},""join_samples"":{""date"":""2026-09-22"",""run_id"":""66479cb411414ac68408a0eb73732b43""},""upload_data"":{""date"":""2026-09-22"",""run_id"":""2d2ef995ec9943ff977cf7535bb16978""}}"
569,69,"14.8689174 , -92.27864430000001","14.8202566 , -92.32690480000001",urban-rural,urban,1410,"{""sample_routes"":{""date"":""2026-09-22"",""run_id"":""eda5cecdd4b747b5b8244863c0d42c75""},""join_samples"":{""date"":""2026-09-22"",""run_id"":""66479cb411414ac68408a0eb73732b43""},""upload_data"":{""date"":""2026-09-22"",""run_id"":""2d2ef995ec9943ff977cf7535bb16978""}}"
570,70,"19.0098965 , -98.1888047","19.0929359 , -98.1060863",urban-urban,urban,1590,"{""sample_routes"":{""date"":""2026-09-22"",""run_id"":""eda5cecdd4b747b5b8244863c0d42c75""},""join_samples"":{""date"":""2026-09-22"",""run_id"":""66479cb411414ac68408a0eb73732b43""},""upload_data"":{""date"":""2026-09-22"",""run_id"":""2d2ef995ec9943ff977cf7535bb16978""}}"
571,71,"25.5527832 , -108.50185230000001","25.611839800000002 , -108.44321790000001",urban-urban,urban,1592,"{""sample_routes"":{""date"":""2026-09-22"",""run_id"":""eda5cecdd4b747b5b8244863c0d42c75""},""join_samples"":{""date"":""2026-09-22"",""run_id"":""66479cb411414ac68408a0eb73732b43""},""upload_data"":{""date"":""2026-09-22"",""run_id"":""2d2ef995ec9943ff977cf7535bb16978""}}"
572,72,"23.998000100000002 , -104.6539352","24.066158400000003 , -104.65387480000001",urban-urban,urban,1594,"{""sample_routes"":{""date"":""2026-09-22"",""run_id"":""eda5cecdd4b747b5b8244863c0d42c75""},""join_samples"":{""date"":""2026-09-22"",""run_id"":""66479cb411414ac68408a0eb73732b43""},""upload_data"":{""date"":""2026-09-22"",""run_id"":""2d2ef995ec9943ff977cf7535bb16978""}}"
573,73,"20.660003800000002 , -87.1044942","20.701677500000002 , -87.06316380000001",urban-urban,urban,1594,"{""sample_routes"":{""date"":""2026-09-22"",""run_id"":""eda5cecdd4b747b5b8244863c0d42c75""},""join_samples"":{""date"":""2026-09-22"",""run_id"":""66479cb411414ac68408a0eb73732b43""},""upload_data"":{""date"":""2026-09-22"",""run_id"":""2d2ef995ec9943ff977cf7535bb16978""}}"
574,74,"21.2355911 , -101.68374200000001","21.3188578 , -101.6001945",urban-urban,urban,1595,"{""sample_routes"":{""date"":""2026-09-22"",""run_id"":""eda5cecdd4b747b5b8244863c0d42c75""},""join_samples"":{""date"":""2026-09-22"",""run_id"":""66479cb411414ac68408a0eb73732b43""},""upload_data"":{""date"":""2026-09-22"",""run_id"":""2d2ef995ec9943ff977cf7535bb16978""}}"
575,75,"19.2987281 , -98.85744140000001","19.2508644 , -98.8099311",urban-urban,urban,1401,"{""sample_routes"":{""date"":""2026-09-22"",""run_id"":""eda5cecdd4b747b5b8244863c0d42c75""},""join_samples"":{""date"":""2026-09-22"",""run_id"":""66479cb411414ac68408a0eb73732b43""},""upload_data"":{""date"":""2026-09-22"",""run_id"":""2d2ef995ec9943ff977cf7535bb16978""}}"
576,76,"25.673203400000002 , -100.39971220000001","25.6214705 , -100.3482393",urban-rural,urban,1399,"{""sample_routes"":{""date"":""2026-09-22"",""run_id"":""eda5cecdd4b747b5b8244863c0d42c75""},""join_samples"":{""date"":""2026-09-22"",""run_id"":""66479cb411414ac68408a0eb73732b43""},""upload_data"":{""date"":""2026-09-22"",""run_id"":""2d2ef995ec9943ff977cf7535bb16978""}}"
577,77,"22.5149486 , -101.91459640000001","22.4397644 , -101.91474260000001",urban-rural,urban,1603,"{""sample_routes"":{""date"":""2026-09-22"",""run_id"":""eda5cecdd4b747b5b8244863c0d42c75""},""join_samples"":{""date"":""2026-09-22"",""run_id"":""66479cb411414ac68408a0eb73732b43""},""upload_data"":{""date"":""2026-09-22"",""run_id"":""2d2ef995ec9943ff977cf7535bb16978""}}"
578,78,"20.5613457 , -103.2735497","20.6140899 , -103.2207759",urban-urban,urban,1396,"{""sample_routes"":{""date"":""2026-09-22"",""run_id"":""eda5cecdd4b747b5b8244863c0d42c75""},""join_samples"":{""date"":""2026-09-22"",""run_id"":""66479cb411414ac68408a0eb73732b43""},""upload_data"":{""date"":""2026-09-22"",""run_id"":""2d2ef995ec9943ff977cf7535bb16978""}}"
579,79,"19.407363800000002 , -99.11936820000001","19.5118365 , -99.01491820000001",urban-urban,urban,1395,"{""sample_routes"":{""date"":""2026-09-22"",""run_id"":""eda5cecdd4b747b5b8244863c0d42c75""},""join_samples"":{""date"":""2026-09-22"",""run_id"":""66479cb411414ac68408a0eb73732b43""},""upload_data"":{""date"":""2026-09-22"",""run_id"":""2d2ef995ec9943ff977cf7535bb16978""}}"
580,80,"16.8183765 , -93.25056640000001","16.818398900000002 , -93.3004166",rural-urban,urban,1605,"{""sample_routes"":{""date"":""2026-09-22"",""run_id"":""eda5cecdd4b747b5b8244863c0d42c75""},""join_samples"":{""date"":""2026-09-22"",""run_id"":""66479cb411414ac68408a0eb73732b43""},""upload_data"":{""date"":""2026-09-22"",""run_id"":""2d2ef995ec9943ff977cf7535bb16978""}}"
581,81,"21.340025100000002 , -98.2381569","21.292149700000003 , -98.19063080000001",urban-rural,urban,1606,"{""sample_routes"":{""date"":""2026-09-22"",""run_id"":""eda5cecdd4b747b5b8244863c0d42c75""},""join_samples"":{""date"":""2026-09-22"",""run_id"":""66479cb411414ac68408a0eb73732b43""},""upload_data"":{""date"":""2026-09-22"",""run_id"":""2d2ef995ec9943ff977cf7535bb16978""}}"
582,82,"25.7533582 , -100.3476097","25.6221597 , -100.34762780000001",urban-rural,urban,1609,"{""sample_routes"":{""date"":""2026-09-22"",""run_id"":""eda5cecdd4b747b5b8244863c0d42c75""},""join_samples"":{""date"":""2026-09-22"",""run_id"":""66479cb411414ac68408a0eb73732b43""},""upload_data"":{""date"":""2026-09-22"",""run_id"":""2d2ef995ec9943ff977cf7535bb16978""}}"
583,83,"18.2942748 , -93.2320397","18.238731 , -93.2318595",urban-urban,urban,1610,"{""sample_routes"":{""date"":""2026-09-22"",""run_id"":""eda5cecdd4b747b5b8244863c0d42c75""},""join_samples"":{""date"":""2026-09-22"",""run_id"":""66479cb411414ac68408a0eb73732b43""},""upload_data"":{""date"":""2026-09-22"",""run_id"":""2d2ef995ec9943ff977cf7535bb16978""}}"
584,84,"17.1521432 , -96.7901489","17.094805700000002 , -96.7330742",rural-urban,urban,1611,"{""sample_routes"":{""date"":""2026-09-22"",""run_id"":""eda5cecdd4b747b5b8244863c0d42c75""},""join_samples"":{""date"":""2026-09-22"",""run_id"":""66479cb411414ac68408a0eb73732b43""},""upload_data"":{""date"":""2026-09-22"",""run_id"":""2d2ef995ec9943ff977cf7535bb16978""}}"
585,85,"24.7381791 , -107.36831640000001","24.793539300000003 , -107.42359090000001",rural-urban,urban,1613,"{""sample_routes"":{""date"":""2026-09-22"",""run_id"":""eda5cecdd4b747b5b8244863c0d42c75""},""join_samples"":{""date"":""2026-09-22"",""run_id"":""66479cb411414ac68408a0eb73732b43""},""upload_data"":{""date"":""2026-09-22"",""run_id"":""2d2ef995ec9943ff977cf7535bb16978""}}"
586,86,"19.5975408 , -98.85565890000001","19.643694 , -98.90162810000001",rural-urban,urban,1387,"{""sample_routes"":{""date"":""2026-09-22"",""run_id"":""eda5cecdd4b747b5b8244863c0d42c75""},""join_samples"":{""date"":""2026-09-22"",""run_id"":""66479cb411414ac68408a0eb73732b43""},""upload_data"":{""date"":""2026-09-22"",""run_id"":""2d2ef995ec9943ff977cf7535bb16978""}}"
587,87,"18.8736688 , -99.1096589","18.861689600000002 , -99.1216457",urban-urban,urban,1387,"{""sample_routes"":{""date"":""2026-09-22"",""run_id"":""eda5cecdd4b747b5b8244863c0d42c75""},""join_samples"":{""date"":""2026-09-22"",""run_id"":""66479cb411414ac68408a0eb73732b43""},""upload_data"":{""date"":""2026-09-22"",""run_id"":""2d2ef995ec9943ff977cf7535bb16978""}}"
588,88,"20.0987568 , -98.33970670000001","20.0628019 , -98.3756295",urban-urban,urban,1386,"{""sample_routes"":{""date"":""2026-09-22"",""run_id"":""eda5cecdd4b747b5b8244863c0d42c75""},""join_samples"":{""date"":""2026-09-22"",""run_id"":""66479cb411414ac68408a0eb73732b43""},""upload_data"":{""date"":""2026-09-22"",""run_id"":""2d2ef995ec9943ff977cf7535bb16978""}}"
589,89,"16.7682763 , -93.15412180000001","16.7250512 , -93.15398680000001",urban-urban,urban,1384,"{""sample_routes"":{""date"":""2026-09-22"",""run_id"":""eda5cecdd4b747b5b8244863c0d42c75""},""join_samples"":{""date"":""2026-09-22"",""run_id"":""66479cb411414ac68408a0eb73732b43""},""upload_data"":{""date"":""2026-09-22"",""run_id"":""2d2ef995ec9943ff977cf7535bb16978""}}"
590,90,"26.927616800000003 , -101.43282780000001","26.877435300000002 , -101.4827111",urban-rural,urban,1618,"{""sample_routes"":{""date"":""2026-09-22"",""run_id"":""eda5cecdd4b747b5b8244863c0d42c75""},""join_samples"":{""date"":""2026-09-22"",""run_id"":""66479cb411414ac68408a0eb73732b43""},""upload_data"":{""date"":""2026-09-22"",""run_id"":""2d2ef995ec9943ff977cf7535bb16978""}}"
591,91,"21.866999500000002 , -102.3094727","21.9091439 , -102.2670763",urban-urban,urban,1620,"{""sample_routes"":{""date"":""2026-09-22"",""run_id"":""eda5cecdd4b747b5b8244863c0d42c75""},""join_samples"":{""date"":""2026-09-22"",""run_id"":""66479cb411414ac68408a0eb73732b43""},""upload_data"":{""date"":""2026-09-22"",""run_id"":""2d2ef995ec9943ff977cf7535bb16978""}}"
592,92,"25.8791416 , -97.55126480000001","25.7867941 , -97.5515462",urban-rural,urban,1621,"{""sample_routes"":{""date"":""2026-09-22"",""run_id"":""eda5cecdd4b747b5b8244863c0d42c75""},""join_samples"":{""date"":""2026-09-22"",""run_id"":""66479cb411414ac68408a0eb73732b43""},""upload_data"":{""date"":""2026-09-22"",""run_id"":""2d2ef995ec9943ff977cf7535bb16978""}}"
593,93,"25.792088600000003 , -100.3149035","25.645627400000002 , -100.31458900000001",urban-urban,urban,1622,"{""sample_routes"":{""date"":""2026-09-22"",""run_id"":""eda5cecdd4b747b5b8244863c0d42c75""},""join_samples"":{""date"":""2026-09-22"",""run_id"":""66479cb411414ac68408a0eb73732b43""},""upload_data"":{""date"":""2026-09-22"",""run_id"":""2d2ef995ec9943ff977cf7535bb16978""}}"
594,94,"31.727283000000003 , -106.42701500000001","31.635682600000003 , -106.3353831",urban-urban,urban,1624,"{""sample_routes"":{""date"":""2026-09-22"",""run_id"":""eda5cecdd4b747b5b8244863c0d42c75""},""join_samples"":{""date"":""2026-09-22"",""run_id"":""66479cb411414ac68408a0eb73732b43""},""upload_data"":{""date"":""2026-09-22"",""run_id"":""2d2ef995ec9943ff977cf7535bb16978""}}"
595,95,"28.4048787 , -106.8511988","28.447587400000003 , -106.80840880000001",urban-urban,urban,1375,"{""sample_routes"":{""date"":""2026-09-22"",""run_id"":""eda5cecdd4b747b5b8244863c0d42c75""},""join_samples"":{""date"":""2026-09-22"",""run_id"":""66479cb411414ac68408a0eb73732b43""},""upload_data"":{""date"":""2026-09-22"",""run_id"":""2d2ef995ec9943ff977cf7535bb16978""}}"
596,96,"20.5760147 , -103.2737105","20.4545812 , -103.2737469",urban-rural,urban,1629,"{""sample_routes"":{""date"":""2026-09-22"",""run_id"":""eda5cecdd4b747b5b8244863c0d42c75""},""join_samples"":{""date"":""2026-09-22"",""run_id"":""66479cb411414ac68408a0eb73732b43""},""upload_data"":{""date"":""2026-09-22"",""run_id"":""2d2ef995ec9943ff977cf7535bb16978""}}"
597,97,"31.6651276 , -106.3922471","31.7396762 , -106.4666069",urban-urban,urban,1630,"{""sample_routes"":{""date"":""2026-09-22"",""run_id"":""eda5cecdd4b747b5b8244863c0d42c75""},""join_samples"":{""date"":""2026-09-22"",""run_id"":""66479cb411414ac68408a0eb73732b43""},""upload_data"":{""date"":""2026-09-22"",""run_id"":""2d2ef995ec9943ff977cf7535bb16978""}}"
598,98,"19.253304 , -99.5340448","19.3114889 , -99.591963",urban-urban,urban,1631,"{""sample_routes"":{""date"":""2026-09-22"",""run_id"":""eda5cecdd4b747b5b8244863c0d42c75""},""join_samples"":{""date"":""2026-09-22"",""run_id"":""66479cb411414ac68408a0eb73732b43""},""upload_data"":{""date"":""2026-09-22"",""run_id"":""2d2ef995ec9943ff977cf7535bb16978""}}"
599,99,"31.3100117 , -110.92264650000001","31.260914800000002 , -110.971975",urban-urban,urban,1632,"{""sample_routes"":{""date"":""2026-09-22"",""run_id"":""eda5cecdd4b747b5b8244863c0d42c75""},""join_samples"":{""date"":""2026-09-22"",""run_id"":""66479cb411414ac68408a0eb73732b43""},""upload_data"":{""date"":""2026-09-22"",""run_id"":""2d2ef995ec9943ff977cf7535bb16978""}}"
600,100,"28.410734700000003 , -106.8971867","28.364599100000003 , -106.8506442",urban-rural,urban,1367,"{""sample_routes"":{""date"":""2026-09-22"",""run_id"":""eda5cecdd4b747b5b8244863c0d42c75""},""join_samples"":{""date"":""2026-09-22"",""run_id"":""66479cb411414ac68408a0eb73732b43""},""upload_data"":{""date"":""2026-09-22"",""run_id"":""2d2ef995ec9943ff977cf7535bb16978""}}"
601,101,"20.784194900000003 , -103.35359500000001","20.6764273 , -103.46162360000001",urban-urban,urban,1633,"{""sample_routes"":{""date"":""2026-09-22"",""run_id"":""eda5cecdd4b747b5b8244863c0d42c75""},""join_samples"":{""date"":""2026-09-22"",""run_id"":""66479cb411414ac68408a0eb73732b43""},""upload_data"":{""date"":""2026-09-22"",""run_id"":""2d2ef995ec9943ff977cf7535bb16978""}}"
602,102,"16.7447781 , -93.1312355","16.744733800000002 , -93.20896540000001",urban-rural,urban,1637,"{""sample_routes"":{""date"":""2026-09-22"",""run_id"":""eda5cecdd4b747b5b8244863c0d42c75""},""join_samples"":{""date"":""2026-09-22"",""run_id"":""66479cb411414ac68408a0eb73732b43""},""upload_data"":{""date"":""2026-09-22"",""run_id"":""2d2ef995ec9943ff977cf7535bb16978""}}"
603,103,"19.638498900000002 , -99.0043265","19.503021800000003 , -98.8689521",urban-urban,urban,1637,"{""sample_routes"":{""date"":""2026-09-22"",""run_id"":""eda5cecdd4b747b5b8244863c0d42c75""},""join_samples"":{""date"":""2026-09-22"",""run_id"":""66479cb411414ac68408a0eb73732b43""},""upload_data"":{""date"":""2026-09-22"",""run_id"":""2d2ef995ec9943ff977cf7535bb16978""}}"
604,104,"19.5518833 , -96.9695418","19.508620500000003 , -96.92602380000001",urban-urban,urban,1637,"{""sample_routes"":{""date"":""2026-09-22"",""run_id"":""eda5cecdd4b747b5b8244863c0d42c75""},""join_samples"":{""date"":""2026-09-22"",""run_id"":""66479cb411414ac68408a0eb73732b43""},""upload_data"":{""date"":""2026-09-22"",""run_id"":""2d2ef995ec9943ff977cf7535bb16978""}}"
605,105,"19.313767600000002 , -98.9498781","19.3567965 , -98.90643410000001",urban-rural,urban,1639,"{""sample_routes"":{""date"":""2026-09-22"",""run_id"":""eda5cecdd4b747b5b8244863c0d42c75""},""join_samples"":{""date"":""2026-09-22"",""run_id"":""66479cb411414ac68408a0eb73732b43""},""upload_data"":{""date"":""2026-09-22"",""run_id"":""2d2ef995ec9943ff977cf7535bb16978""}}"
606,106,"29.081879 , -111.0687827","29.082160100000003 , -110.97450490000001",urban-urban,urban,1639,"{""sample_routes"":{""date"":""2026-09-22"",""run_id"":""eda5cecdd4b747b5b8244863c0d42c75""},""join_samples"":{""date"":""2026-09-22"",""run_id"":""66479cb411414ac68408a0eb73732b43""},""upload_data"":{""date"":""2026-09-22"",""run_id"":""2d2ef995ec9943ff977cf7535bb16978""}}"
607,107,"19.321391300000002 , -98.84748370000001","19.247682400000002 , -98.92141740000001",urban-urban,urban,1640,"{""sample_routes"":{""date"":""2026-09-22"",""run_id"":""eda5cecdd4b747b5b8244863c0d42c75""},""join_samples"":{""date"":""2026-09-22"",""run_id"":""66479cb411414ac68408a0eb73732b43""},""upload_data"":{""date"":""2026-09-22"",""run_id"":""2d2ef995ec9943ff977cf7535bb16978""}}"
608,108,"19.582493900000003 , -98.94558040000001","19.5820501 , -99.06565880000001",urban-urban,urban,1643,"{""sample_routes"":{""date"":""2026-09-22"",""run_id"":""eda5cecdd4b747b5b8244863c0d42c75""},""join_samples"":{""date"":""2026-09-22"",""run_id"":""66479cb411414ac68408a0eb73732b43""},""upload_data"":{""date"":""2026-09-22"",""run_id"":""2d2ef995ec9943ff977cf7535bb16978""}}"
609,109,"18.5372065 , -88.28415820000001","18.5376564 , -88.3493674",urban-rural,urban,1643,"{""sample_routes"":{""date"":""2026-09-22"",""run_id"":""eda5cecdd4b747b5b8244863c0d42c75""},""join_samples"":{""date"":""2026-09-22"",""run_id"":""66479cb411414ac68408a0eb73732b43""},""upload_data"":{""date"":""2026-09-22"",""run_id"":""2d2ef995ec9943ff977cf7535bb16978""}}"
610,110,"19.3799235 , -98.9091674","19.3234108 , -98.9655398",urban-urban,urban,1644,"{""sample_routes"":{""date"":""2026-09-22"",""run_id"":""eda5cecdd4b747b5b8244863c0d42c75""},""join_samples"":{""date"":""2026-09-22"",""run_id"":""66479cb411414ac68408a0eb73732b43""},""upload_data"":{""date"":""2026-09-22"",""run_id"":""2d2ef995ec9943ff977cf7535bb16978""}}"
611,111,"22.1896619 , -100.9964444","22.137337600000002 , -100.99672740000001",urban-urban,urban,1356,"{""sample_routes"":{""date"":""2026-09-22"",""run_id"":""eda5cecdd4b747b5b8244863c0d42c75""},""join_samples"":{""date"":""2026-09-22"",""run_id"":""66479cb411414ac68408a0eb73732b43""},""upload_data"":{""date"":""2026-09-22"",""run_id"":""2d2ef995ec9943ff977cf7535bb16978""}}"
612,112,"25.729518600000002 , -100.25338900000001","25.562044800000002 , -100.25342930000001",urban-rural,urban,1646,"{""sample_routes"":{""date"":""2026-09-22"",""run_id"":""eda5cecdd4b747b5b8244863c0d42c75""},""join_samples"":{""date"":""2026-09-22"",""run_id"":""66479cb411414ac68408a0eb73732b43""},""upload_data"":{""date"":""2026-09-22"",""run_id"":""2d2ef995ec9943ff977cf7535bb16978""}}"
613,113,"19.5490871 , -98.86125150000001","19.5489143 , -98.94512680000001",urban-rural,urban,1352,"{""sample_routes"":{""date"":""2026-09-22"",""run_id"":""eda5cecdd4b747b5b8244863c0d42c75""},""join_samples"":{""date"":""2026-09-22"",""run_id"":""66479cb411414ac68408a0eb73732b43""},""upload_data"":{""date"":""2026-09-22"",""run_id"":""2d2ef995ec9943ff977cf7535bb16978""}}"
614,114,"19.8546795 , -97.4632464","19.829558000000002 , -97.4880409",urban-urban,urban,1352,"{""sample_routes"":{""date"":""2026-09-22"",""run_id"":""eda5cecdd4b747b5b8244863c0d42c75""},""join_samples"":{""date"":""2026-09-22"",""run_id"":""66479cb411414ac68408a0eb73732b43""},""upload_data"":{""date"":""2026-09-22"",""run_id"":""2d2ef995ec9943ff977cf7535bb16978""}}"
615,115,"20.7564186 , -103.3948888","20.6774358 , -103.31607020000001",urban-urban,urban,1649,"{""sample_routes"":{""date"":""2026-09-22"",""run_id"":""eda5cecdd4b747b5b8244863c0d42c75""},""join_samples"":{""date"":""2026-09-22"",""run_id"":""66479cb411414ac68408a0eb73732b43""},""upload_data"":{""date"":""2026-09-22"",""run_id"":""2d2ef995ec9943ff977cf7535bb16978""}}"
616,116,"19.264843900000002 , -99.69049290000001","19.264383600000002 , -99.76851540000001",urban-urban,urban,1650,"{""sample_routes"":{""date"":""2026-09-22"",""run_id"":""eda5cecdd4b747b5b8244863c0d42c75""},""join_samples"":{""date"":""2026-09-22"",""run_id"":""66479cb411414ac68408a0eb73732b43""},""upload_data"":{""date"":""2026-09-22"",""run_id"":""2d2ef995ec9943ff977cf7535bb16978""}}"
617,117,"18.924518600000003 , -98.1575013","19.0034205 , -98.23598700000001",rural-urban,urban,1651,"{""sample_routes"":{""date"":""2026-09-22"",""run_id"":""eda5cecdd4b747b5b8244863c0d42c75""},""join_samples"":{""date"":""2026-09-22"",""run_id"":""66479cb411414ac68408a0eb73732b43""},""upload_data"":{""date"":""2026-09-22"",""run_id"":""2d2ef995ec9943ff977cf7535bb16978""}}"
618,118,"19.9626296 , -102.34550540000001","19.9627872 , -102.4244374",rural-urban,urban,1652,"{""sample_routes"":{""date"":""2026-09-22"",""run_id"":""eda5cecdd4b747b5b8244863c0d42c75""},""join_samples"":{""date"":""2026-09-22"",""run_id"":""66479cb411414ac68408a0eb73732b43""},""upload_data"":{""date"":""2026-09-22"",""run_id"":""2d2ef995ec9943ff977cf7535bb16978""}}"
619,119,"19.093112 , -98.2362418","19.002048000000002 , -98.1450054",urban-rural,urban,1652,"{""sample_routes"":{""date"":""2026-09-22"",""run_id"":""eda5cecdd4b747b5b8244863c0d42c75""},""join_samples"":{""date"":""2026-09-22"",""run_id"":""66479cb411414ac68408a0eb73732b43""},""upload_data"":{""date"":""2026-09-22"",""run_id"":""2d2ef995ec9943ff977cf7535bb16978""}}"
620,120,"16.8695565 , -99.8726462","16.8343122 , -99.8374589",urban-urban,urban,1654,"{""sample_routes"":{""date"":""2026-09-22"",""run_id"":""eda5cecdd4b747b5b8244863c0d42c75""},""join_samples"":{""date"":""2026-09-22"",""run_id"":""66479cb411414ac68408a0eb73732b43""},""upload_data"":{""date"":""2026-09-22"",""run_id"":""2d2ef995ec9943ff977cf7535bb16978""}}"
621,121,"27.5188419 , -109.94538770000001","27.461987200000003 , -109.8889742",urban-rural,urban,1654,"{""sample_routes"":{""date"":""2026-09-22"",""run_id"":""eda5cecdd4b747b5b8244863c0d42c75""},""join_samples"":{""date"":""2026-09-22"",""run_id"":""66479cb411414ac68408a0eb73732b43""},""upload_data"":{""date"":""2026-09-22"",""run_id"":""2d2ef995ec9943ff977cf7535bb16978""}}"
622,122,"14.902051 , -92.27101560000001","14.8735242 , -92.2422322",urban-urban,urban,1345,"{""sample_routes"":{""date"":""2026-09-22"",""run_id"":""eda5cecdd4b747b5b8244863c0d42c75""},""join_samples"":{""date"":""2026-09-22"",""run_id"":""66479cb411414ac68408a0eb73732b43""},""upload_data"":{""date"":""2026-09-22"",""run_id"":""2d2ef995ec9943ff977cf7535bb16978""}}"
623,123,"19.0812047 , -98.166634","18.9827012 , -98.26544170000001",urban-urban,urban,1657,"{""sample_routes"":{""date"":""2026-09-22"",""run_id"":""eda5cecdd4b747b5b8244863c0d42c75""},""join_samples"":{""date"":""2026-09-22"",""run_id"":""66479cb411414ac68408a0eb73732b43""},""upload_data"":{""date"":""2026-09-22"",""run_id"":""2d2ef995ec9943ff977cf7535bb16978""}}"
624,124,"19.3928972 , -99.1001736","19.3271495 , -99.03407270000001",urban-urban,urban,1657,"{""sample_routes"":{""date"":""2026-09-22"",""run_id"":""eda5cecdd4b747b5b8244863c0d42c75""},""join_samples"":{""date"":""2026-09-22"",""run_id"":""66479cb411414ac68408a0eb73732b43""},""upload_data"":{""date"":""2026-09-22"",""run_id"":""2d2ef995ec9943ff977cf7535bb16978""}}"
625,125,"27.469229300000002 , -99.54070650000001","27.5197067 , -99.5909403",urban-urban,urban,1657,"{""sample_routes"":{""date"":""2026-09-22"",""run_id"":""eda5cecdd4b747b5b8244863c0d42c75""},""join_samples"":{""date"":""2026-09-22"",""run_id"":""66479cb411414ac68408a0eb73732b43""},""upload_data"":{""date"":""2026-09-22"",""run_id"":""2d2ef995ec9943ff977cf7535bb16978""}}"
626,126,"21.166106600000003 , -98.6336466","21.2027776 , -98.5969707",urban-rural,urban,1342,"{""sample_routes"":{""date"":""2026-09-22"",""run_id"":""eda5cecdd4b747b5b8244863c0d42c75""},""join_samples"":{""date"":""2026-09-22"",""run_id"":""66479cb411414ac68408a0eb73732b43""},""upload_data"":{""date"":""2026-09-22"",""run_id"":""2d2ef995ec9943ff977cf7535bb16978""}}"
627,127,"25.7091557 , -100.317373","25.632185600000003 , -100.3939455",urban-urban,urban,1658,"{""sample_routes"":{""date"":""2026-09-22"",""run_id"":""eda5cecdd4b747b5b8244863c0d42c75""},""join_samples"":{""date"":""2026-09-22"",""run_id"":""66479cb411414ac68408a0eb73732b43""},""upload_data"":{""date"":""2026-09-22"",""run_id"":""2d2ef995ec9943ff977cf7535bb16978""}}"
628,128,"19.5433588 , -96.9255857","19.510554300000003 , -96.95865850000001",urban-rural,urban,1341,"{""sample_routes"":{""date"":""2026-09-22"",""run_id"":""eda5cecdd4b747b5b8244863c0d42c75""},""join_samples"":{""date"":""2026-09-22"",""run_id"":""66479cb411414ac68408a0eb73732b43""},""upload_data"":{""date"":""2026-09-22"",""run_id"":""2d2ef995ec9943ff977cf7535bb16978""}}"
629,129,"18.8053129 , -97.08466750000001","18.858182900000003 , -97.0842386",urban-urban,urban,1341,"{""sample_routes"":{""date"":""2026-09-22"",""run_id"":""eda5cecdd4b747b5b8244863c0d42c75""},""join_samples"":{""date"":""2026-09-22"",""run_id"":""66479cb411414ac68408a0eb73732b43""},""upload_data"":{""date"":""2026-09-22"",""run_id"":""2d2ef995ec9943ff977cf7535bb16978""}}"
630,130,"26.8797022 , -101.39992210000001","26.931401800000003 , -101.45132890000001",urban-urban,urban,1660,"{""sample_routes"":{""date"":""2026-09-22"",""run_id"":""eda5cecdd4b747b5b8244863c0d42c75""},""join_samples"":{""date"":""2026-09-22"",""run_id"":""66479cb411414ac68408a0eb73732b43""},""upload_data"":{""date"":""2026-09-22"",""run_id"":""2d2ef995ec9943ff977cf7535bb16978""}}"
631,131,"19.095344100000002 , -96.3350573","19.038337600000002 , -96.39189520000001",urban-rural,urban,1662,"{""sample_routes"":{""date"":""2026-09-22"",""run_id"":""eda5cecdd4b747b5b8244863c0d42c75""},""join_samples"":{""date"":""2026-09-22"",""run_id"":""66479cb411414ac68408a0eb73732b43""},""upload_data"":{""date"":""2026-09-22"",""run_id"":""2d2ef995ec9943ff977cf7535bb16978""}}"
632,132,"19.108386900000003 , -98.16468350000001","19.1885075 , -98.24458870000001",urban-urban,urban,1664,"{""sample_routes"":{""date"":""2026-09-22"",""run_id"":""eda5cecdd4b747b5b8244863c0d42c75""},""join_samples"":{""date"":""2026-09-22"",""run_id"":""66479cb411414ac68408a0eb73732b43""},""upload_data"":{""date"":""2026-09-22"",""run_id"":""2d2ef995ec9943ff977cf7535bb16978""}}"
633,133,"19.6596102 , -99.0717237","19.754264000000003 , -99.165992",urban-urban,urban,1665,"{""sample_routes"":{""date"":""2026-09-22"",""run_id"":""eda5cecdd4b747b5b8244863c0d42c75""},""join_samples"":{""date"":""2026-09-22"",""run_id"":""66479cb411414ac68408a0eb73732b43""},""upload_data"":{""date"":""2026-09-22"",""run_id"":""2d2ef995ec9943ff977cf7535bb16978""}}"
634,134,"25.825036700000002 , -97.5394495","25.874139300000003 , -97.4903299",urban-urban,urban,1665,"{""sample_routes"":{""date"":""2026-09-22"",""run_id"":""eda5cecdd4b747b5b8244863c0d42c75""},""join_samples"":{""date"":""2026-09-22"",""run_id"":""66479cb411414ac68408a0eb73732b43""},""upload_data"":{""date"":""2026-09-22"",""run_id"":""2d2ef995ec9943ff977cf7535bb16978""}}"
635,135,"18.8386014 , -99.2364503","18.874992300000002 , -99.27285250000001",urban-rural,urban,1334,"{""sample_routes"":{""date"":""2026-09-22"",""run_id"":""eda5cecdd4b747b5b8244863c0d42c75""},""join_samples"":{""date"":""2026-09-22"",""run_id"":""66479cb411414ac68408a0eb73732b43""},""upload_data"":{""date"":""2026-09-22"",""run_id"":""2d2ef995ec9943ff977cf7535bb16978""}}"
636,136,"29.133899300000003 , -110.95298290000001","29.133494900000002 , -111.02886740000001",urban-urban,urban,1667,"{""sample_routes"":{""date"":""2026-09-22"",""run_id"":""eda5cecdd4b747b5b8244863c0d42c75""},""join_samples"":{""date"":""2026-09-22"",""run_id"":""66479cb411414ac68408a0eb73732b43""},""upload_data"":{""date"":""2026-09-22"",""run_id"":""2d2ef995ec9943ff977cf7535bb16978""}}"
637,137,"19.361181600000002 , -99.16959800000001","19.3608435 , -99.280513",urban-urban,urban,1669,"{""sample_routes"":{""date"":""2026-09-22"",""run_id"":""eda5cecdd4b747b5b8244863c0d42c75""},""join_samples"":{""date"":""2026-09-22"",""run_id"":""66479cb411414ac68408a0eb73732b43""},""upload_data"":{""date"":""2026-09-22"",""run_id"":""2d2ef995ec9943ff977cf7535bb16978""}}"
638,138,"28.721097800000003 , -100.5781429","28.7212332 , -100.5161047",urban-urban,urban,1330,"{""sample_routes"":{""date"":""2026-09-22"",""run_id"":""eda5cecdd4b747b5b8244863c0d42c75""},""join_samples"":{""date"":""2026-09-22"",""run_id"":""66479cb411414ac68408a0eb73732b43""},""upload_data"":{""date"":""2026-09-22"",""run_id"":""2d2ef995ec9943ff977cf7535bb16978""}}"
639,139,"19.1651718 , -96.1836646","19.131092000000002 , -96.2177092",urban-rural,urban,1670,"{""sample_routes"":{""date"":""2026-09-22"",""run_id"":""eda5cecdd4b747b5b8244863c0d42c75""},""join_samples"":{""date"":""2026-09-22"",""run_id"":""66479cb411414ac68408a0eb73732b43""},""upload_data"":{""date"":""2026-09-22"",""run_id"":""2d2ef995ec9943ff977cf7535bb16978""}}"
640,140,"19.415078400000002 , -102.0131491","19.4153252 , -102.07999240000001",urban-urban,urban,1672,"{""sample_routes"":{""date"":""2026-09-22"",""run_id"":""eda5cecdd4b747b5b8244863c0d42c75""},""join_samples"":{""date"":""2026-09-22"",""run_id"":""66479cb411414ac68408a0eb73732b43""},""upload_data"":{""date"":""2026-09-22"",""run_id"":""2d2ef995ec9943ff977cf7535bb16978""}}"
641,141,"19.0985513 , -99.58837820000001","19.1510441 , -99.6412037",urban-urban,urban,1672,"{""sample_routes"":{""date"":""2026-09-22"",""run_id"":""eda5cecdd4b747b5b8244863c0d42c75""},""join_samples"":{""date"":""2026-09-22"",""run_id"":""66479cb411414ac68408a0eb73732b43""},""upload_data"":{""date"":""2026-09-22"",""run_id"":""2d2ef995ec9943ff977cf7535bb16978""}}"
642,142,"31.7375235 , -106.5325013","31.641661600000003 , -106.4362617",urban-urban,urban,1673,"{""sample_routes"":{""date"":""2026-09-22"",""run_id"":""eda5cecdd4b747b5b8244863c0d42c75""},""join_samples"":{""date"":""2026-09-22"",""run_id"":""66479cb411414ac68408a0eb73732b43""},""upload_data"":{""date"":""2026-09-22"",""run_id"":""2d2ef995ec9943ff977cf7535bb16978""}}"
643,143,"16.8763903 , -99.8553583","16.9199431 , -99.8553938",urban-urban,urban,1674,"{""sample_routes"":{""date"":""2026-09-22"",""run_id"":""eda5cecdd4b747b5b8244863c0d42c75""},""join_samples"":{""date"":""2026-09-22"",""run_id"":""66479cb411414ac68408a0eb73732b43""},""upload_data"":{""date"":""2026-09-22"",""run_id"":""2d2ef995ec9943ff977cf7535bb16978""}}"
644,144,"19.2858386 , -99.70613","19.285649900000003 , -99.77846910000001",urban-urban,urban,1676,"{""sample_routes"":{""date"":""2026-09-22"",""run_id"":""eda5cecdd4b747b5b8244863c0d42c75""},""join_samples"":{""date"":""2026-09-22"",""run_id"":""66479cb411414ac68408a0eb73732b43""},""upload_data"":{""date"":""2026-09-22"",""run_id"":""2d2ef995ec9943ff977cf7535bb16978""}}"
645,145,"19.7844856 , -99.1020671","19.8719214 , -99.1016149",urban-rural,urban,1678,"{""sample_routes"":{""date"":""2026-09-22"",""run_id"":""eda5cecdd4b747b5b8244863c0d42c75""},""join_samples"":{""date"":""2026-09-22"",""run_id"":""66479cb411414ac68408a0eb73732b43""},""upload_data"":{""date"":""2026-09-22"",""run_id"":""2d2ef995ec9943ff977cf7535bb16978""}}"
646,146,"28.6466661 , -106.1429064","28.7058357 , -106.0837443",urban-urban,urban,1319,"{""sample_routes"":{""date"":""2026-09-22"",""run_id"":""eda5cecdd4b747b5b8244863c0d42c75""},""join_samples"":{""date"":""2026-09-22"",""run_id"":""66479cb411414ac68408a0eb73732b43""},""upload_data"":{""date"":""2026-09-22"",""run_id"":""2d2ef995ec9943ff977cf7535bb16978""}}"
647,147,"19.6167923 , -99.16315730000001","19.4969523 , -99.1627663",urban-urban,urban,1681,"{""sample_routes"":{""date"":""2026-09-22"",""run_id"":""eda5cecdd4b747b5b8244863c0d42c75""},""join_samples"":{""date"":""2026-09-22"",""run_id"":""66479cb411414ac68408a0eb73732b43""},""upload_data"":{""date"":""2026-09-22"",""run_id"":""2d2ef995ec9943ff977cf7535bb16978""}}"
648,148,"24.135861400000003 , -110.27974350000001","24.087800700000003 , -110.32774540000001",urban-urban,urban,1681,"{""sample_routes"":{""date"":""2026-09-22"",""run_id"":""eda5cecdd4b747b5b8244863c0d42c75""},""join_samples"":{""date"":""2026-09-22"",""run_id"":""66479cb411414ac68408a0eb73732b43""},""upload_data"":{""date"":""2026-09-22"",""run_id"":""2d2ef995ec9943ff977cf7535bb16978""}}"
649,149,"19.5976223 , -99.2746858","19.6954178 , -99.1767061",urban-urban,urban,1682,"{""sample_routes"":{""date"":""2026-09-22"",""run_id"":""eda5cecdd4b747b5b8244863c0d42c75""},""join_samples"":{""date"":""2026-09-22"",""run_id"":""66479cb411414ac68408a0eb73732b43""},""upload_data"":{""date"":""2026-09-22"",""run_id"":""2d2ef995ec9943ff977cf7535bb16978""}}"
650,150,"19.524482600000002 , -99.02643330000001","19.668368 , -99.026387",urban-urban,urban,1682,"{""sample_routes"":{""date"":""2026-09-22"",""run_id"":""eda5cecdd4b747b5b8244863c0d42c75""},""join_samples"":{""date"":""2026-09-22"",""run_id"":""66479cb411414ac68408a0eb73732b43""},""upload_data"":{""date"":""2026-09-22"",""run_id"":""2d2ef995ec9943ff977cf7535bb16978""}}"
651,151,"19.5617704 , -99.0563963","19.399766500000002 , -99.0563439",urban-urban,urban,1683,"{""sample_routes"":{""date"":""2026-09-22"",""run_id"":""eda5cecdd4b747b5b8244863c0d42c75""},""join_samples"":{""date"":""2026-09-22"",""run_id"":""66479cb411414ac68408a0eb73732b43""},""upload_data"":{""date"":""2026-09-22"",""run_id"":""2d2ef995ec9943ff977cf7535bb16978""}}"
652,152,"20.815845600000003 , -103.4862477","20.7395138 , -103.4094594",urban-urban,urban,1683,"{""sample_routes"":{""date"":""2026-09-22"",""run_id"":""eda5cecdd4b747b5b8244863c0d42c75""},""join_samples"":{""date"":""2026-09-22"",""run_id"":""66479cb411414ac68408a0eb73732b43""},""upload_data"":{""date"":""2026-09-22"",""run_id"":""2d2ef995ec9943ff977cf7535bb16978""}}"
653,153,"19.7738683 , -99.1136728","19.818634900000003 , -99.1588694",urban-urban,urban,1685,"{""sample_routes"":{""date"":""2026-09-22"",""run_id"":""eda5cecdd4b747b5b8244863c0d42c75""},""join_samples"":{""date"":""2026-09-22"",""run_id"":""66479cb411414ac68408a0eb73732b43""},""upload_data"":{""date"":""2026-09-22"",""run_id"":""2d2ef995ec9943ff977cf7535bb16978""}}"
654,154,"20.640197800000003 , -100.40154220000001","20.600207100000002 , -100.36149950000001",urban-urban,urban,1686,"{""sample_routes"":{""date"":""2026-09-22"",""run_id"":""eda5cecdd4b747b5b8244863c0d42c75""},""join_samples"":{""date"":""2026-09-22"",""run_id"":""66479cb411414ac68408a0eb73732b43""},""upload_data"":{""date"":""2026-09-22"",""run_id"":""2d2ef995ec9943ff977cf7535bb16978""}}"
655,155,"20.5785735 , -100.42127620000001","20.5266743 , -100.4217038",urban-urban,urban,1686,"{""sample_routes"":{""date"":""2026-09-22"",""run_id"":""eda5cecdd4b747b5b8244863c0d42c75""},""join_samples"":{""date"":""2026-09-22"",""run_id"":""66479cb411414ac68408a0eb73732b43""},""upload_data"":{""date"":""2026-09-22"",""run_id"":""2d2ef995ec9943ff977cf7535bb16978""}}"
656,156,"19.8838423 , -99.24715970000001","19.817738600000002 , -99.18064240000001",rural-urban,urban,1686,"{""sample_routes"":{""date"":""2026-09-22"",""run_id"":""eda5cecdd4b747b5b8244863c0d42c75""},""join_samples"":{""date"":""2026-09-22"",""run_id"":""66479cb411414ac68408a0eb73732b43""},""upload_data"":{""date"":""2026-09-22"",""run_id"":""2d2ef995ec9943ff977cf7535bb16978""}}"
657,157,"19.2992813 , -99.73000560000001","19.3448004 , -99.6841766",urban-urban,urban,1686,"{""sample_routes"":{""date"":""2026-09-22"",""run_id"":""eda5cecdd4b747b5b8244863c0d42c75""},""join_samples"":{""date"":""2026-09-22"",""run_id"":""66479cb411414ac68408a0eb73732b43""},""upload_data"":{""date"":""2026-09-22"",""run_id"":""2d2ef995ec9943ff977cf7535bb16978""}}"
658,158,"22.8672834 , -102.6084249","22.954149 , -102.69542630000001",urban-urban,urban,1686,"{""sample_routes"":{""date"":""2026-09-22"",""run_id"":""eda5cecdd4b747b5b8244863c0d42c75""},""join_samples"":{""date"":""2026-09-22"",""run_id"":""66479cb411414ac68408a0eb73732b43""},""upload_data"":{""date"":""2026-09-22"",""run_id"":""2d2ef995ec9943ff977cf7535bb16978""}}"
659,159,"19.385903000000003 , -98.2407165","19.3140711 , -98.241146",rural-urban,urban,1688,"{""sample_routes"":{""date"":""2026-09-22"",""run_id"":""eda5cecdd4b747b5b8244863c0d42c75""},""join_samples"":{""date"":""2026-09-22"",""run_id"":""66479cb411414ac68408a0eb73732b43""},""upload_data"":{""date"":""2026-09-22"",""run_id"":""2d2ef995ec9943ff977cf7535bb16978""}}"
660,160,"22.4207356 , -97.9082403","22.3545489 , -97.90849920000001",urban-urban,urban,1688,"{""sample_routes"":{""date"":""2026-09-22"",""run_id"":""eda5cecdd4b747b5b8244863c0d42c75""},""join_samples"":{""date"":""2026-09-22"",""run_id"":""66479cb411414ac68408a0eb73732b43""},""upload_data"":{""date"":""2026-09-22"",""run_id"":""2d2ef995ec9943ff977cf7535bb16978""}}"
661,161,"19.3126913 , -99.24700340000001","19.2395821 , -99.1739072",urban-urban,urban,1688,"{""sample_routes"":{""date"":""2026-09-22"",""run_id"":""eda5cecdd4b747b5b8244863c0d42c75""},""join_samples"":{""date"":""2026-09-22"",""run_id"":""66479cb411414ac68408a0eb73732b43""},""upload_data"":{""date"":""2026-09-22"",""run_id"":""2d2ef995ec9943ff977cf7535bb16978""}}"
662,162,"19.006443700000002 , -98.2402304","19.1062562 , -98.3397254",urban-rural,urban,1688,"{""sample_routes"":{""date"":""2026-09-22"",""run_id"":""eda5cecdd4b747b5b8244863c0d42c75""},""join_samples"":{""date"":""2026-09-22"",""run_id"":""66479cb411414ac68408a0eb73732b43""},""upload_data"":{""date"":""2026-09-22"",""run_id"":""2d2ef995ec9943ff977cf7535bb16978""}}"
663,163,"20.4943278 , -103.4171357","20.571825200000003 , -103.4949392",urban-rural,urban,1688,"{""sample_routes"":{""date"":""2026-09-22"",""run_id"":""eda5cecdd4b747b5b8244863c0d42c75""},""join_samples"":{""date"":""2026-09-22"",""run_id"":""66479cb411414ac68408a0eb73732b43""},""upload_data"":{""date"":""2026-09-22"",""run_id"":""2d2ef995ec9943ff977cf7535bb16978""}}"
664,164,"24.1217608 , -110.3175884","24.0620727 , -110.31746670000001",urban-urban,urban,1312,"{""sample_routes"":{""date"":""2026-09-22"",""run_id"":""eda5cecdd4b747b5b8244863c0d42c75""},""join_samples"":{""date"":""2026-09-22"",""run_id"":""66479cb411414ac68408a0eb73732b43""},""upload_data"":{""date"":""2026-09-22"",""run_id"":""2d2ef995ec9943ff977cf7535bb16978""}}"
665,165,"19.5429968 , -99.185108","19.6342266 , -99.0943331",urban-urban,urban,1689,"{""sample_routes"":{""date"":""2026-09-22"",""run_id"":""eda5cecdd4b747b5b8244863c0d42c75""},""join_samples"":{""date"":""2026-09-22"",""run_id"":""66479cb411414ac68408a0eb73732b43""},""upload_data"":{""date"":""2026-09-22"",""run_id"":""2d2ef995ec9943ff977cf7535bb16978""}}"
666,166,"28.7038195 , -106.12836820000001","28.593754 , -106.01860280000001",urban-urban,urban,1689,"{""sample_routes"":{""date"":""2026-09-22"",""run_id"":""eda5cecdd4b747b5b8244863c0d42c75""},""join_samples"":{""date"":""2026-09-22"",""run_id"":""66479cb411414ac68408a0eb73732b43""},""upload_data"":{""date"":""2026-09-22"",""run_id"":""2d2ef995ec9943ff977cf7535bb16978""}}"
667,167,"19.8341807 , -98.98039050000001","19.680317300000002 , -98.98072230000001",urban-urban,urban,1689,"{""sample_routes"":{""date"":""2026-09-22"",""run_id"":""eda5cecdd4b747b5b8244863c0d42c75""},""join_samples"":{""date"":""2026-09-22"",""run_id"":""66479cb411414ac68408a0eb73732b43""},""upload_data"":{""date"":""2026-09-22"",""run_id"":""2d2ef995ec9943ff977cf7535bb16978""}}"
668,168,"19.5563787 , -99.0218967","19.6751906 , -98.9030108",urban-urban,urban,1690,"{""sample_routes"":{""date"":""2026-09-22"",""run_id"":""eda5cecdd4b747b5b8244863c0d42c75""},""join_samples"":{""date"":""2026-09-22"",""run_id"":""66479cb411414ac68408a0eb73732b43""},""upload_data"":{""date"":""2026-09-22"",""run_id"":""2d2ef995ec9943ff977cf7535bb16978""}}"
669,169,"17.0567697 , -96.76022320000001","17.057194900000002 , -96.8111023",urban-rural,urban,1690,"{""sample_routes"":{""date"":""2026-09-22"",""run_id"":""eda5cecdd4b747b5b8244863c0d42c75""},""join_samples"":{""date"":""2026-09-22"",""run_id"":""66479cb411414ac68408a0eb73732b43""},""upload_data"":{""date"":""2026-09-22"",""run_id"":""2d2ef995ec9943ff977cf7535bb16978""}}"
670,170,"19.2403023 , -98.2221669","19.2034418 , -98.25948410000001",rural-urban,urban,1309,"{""sample_routes"":{""date"":""2026-09-22"",""run_id"":""eda5cecdd4b747b5b8244863c0d42c75""},""join_samples"":{""date"":""2026-09-22"",""run_id"":""66479cb411414ac68408a0eb73732b43""},""upload_data"":{""date"":""2026-09-22"",""run_id"":""2d2ef995ec9943ff977cf7535bb16978""}}"
671,171,"19.4198644 , -98.9506214","19.4194117 , -99.07424370000001",urban-urban,urban,1691,"{""sample_routes"":{""date"":""2026-09-22"",""run_id"":""eda5cecdd4b747b5b8244863c0d42c75""},""join_samples"":{""date"":""2026-09-22"",""run_id"":""66479cb411414ac68408a0eb73732b43""},""upload_data"":{""date"":""2026-09-22"",""run_id"":""2d2ef995ec9943ff977cf7535bb16978""}}"
672,172,"19.5700751 , -99.18492640000001","19.484443900000002 , -99.2709851",urban-urban,urban,1692,"{""sample_routes"":{""date"":""2026-09-22"",""run_id"":""eda5cecdd4b747b5b8244863c0d42c75""},""join_samples"":{""date"":""2026-09-22"",""run_id"":""66479cb411414ac68408a0eb73732b43""},""upload_data"":{""date"":""2026-09-22"",""run_id"":""2d2ef995ec9943ff977cf7535bb16978""}}"
673,173,"19.4613261 , -99.08052950000001","19.3109484 , -99.23071390000001",urban-urban,urban,1692,"{""sample_routes"":{""date"":""2026-09-22"",""run_id"":""eda5cecdd4b747b5b8244863c0d42c75""},""join_samples"":{""date"":""2026-09-22"",""run_id"":""66479cb411414ac68408a0eb73732b43""},""upload_data"":{""date"":""2026-09-22"",""run_id"":""2d2ef995ec9943ff977cf7535bb16978""}}"
674,174,"32.4561431 , -114.72184270000001","32.4560978 , -114.79985210000001",urban-urban,urban,1692,"{""sample_routes"":{""date"":""2026-09-22"",""run_id"":""eda5cecdd4b747b5b8244863c0d42c75""},""join_samples"":{""date"":""2026-09-22"",""run_id"":""66479cb411414ac68408a0eb73732b43""},""upload_data"":{""date"":""2026-09-22"",""run_id"":""2d2ef995ec9943ff977cf7535bb16978""}}"
675,175,"19.3338456 , -99.1769388","19.334000800000002 , -99.26389630000001",urban-urban,urban,1693,"{""sample_routes"":{""date"":""2026-09-22"",""run_id"":""eda5cecdd4b747b5b8244863c0d42c75""},""join_samples"":{""date"":""2026-09-22"",""run_id"":""66479cb411414ac68408a0eb73732b43""},""upload_data"":{""date"":""2026-09-22"",""run_id"":""2d2ef995ec9943ff977cf7535bb16978""}}"
676,176,"25.597722400000002 , -103.4092078","25.5422668 , -103.4649085",urban-urban,urban,1693,"{""sample_routes"":{""date"":""2026-09-22"",""run_id"":""eda5cecdd4b747b5b8244863c0d42c75""},""join_samples"":{""date"":""2026-09-22"",""run_id"":""66479cb411414ac68408a0eb73732b43""},""upload_data"":{""date"":""2026-09-22"",""run_id"":""2d2ef995ec9943ff977cf7535bb16978""}}"
677,177,"19.4436347 , -99.2206306","19.5269963 , -99.13698450000001",urban-urban,urban,1693,"{""sample_routes"":{""date"":""2026-09-22"",""run_id"":""eda5cecdd4b747b5b8244863c0d42c75""},""join_samples"":{""date"":""2026-09-22"",""run_id"":""66479cb411414ac68408a0eb73732b43""},""upload_data"":{""date"":""2026-09-22"",""run_id"":""2d2ef995ec9943ff977cf7535bb16978""}}"
678,178,"30.382890000000003 , -107.8872845","30.4189672 , -107.92340510000001",urban-urban,urban,1307,"{""sample_routes"":{""date"":""2026-09-22"",""run_id"":""eda5cecdd4b747b5b8244863c0d42c75""},""join_samples"":{""date"":""2026-09-22"",""run_id"":""66479cb411414ac68408a0eb73732b43""},""upload_data"":{""date"":""2026-09-22"",""run_id"":""2d2ef995ec9943ff977cf7535bb16978""}}"
679,179,"20.7563907 , -103.37197970000001","20.648955 , -103.26432220000001",urban-urban,urban,1694,"{""sample_routes"":{""date"":""2026-09-22"",""run_id"":""eda5cecdd4b747b5b8244863c0d42c75""},""join_samples"":{""date"":""2026-09-22"",""run_id"":""66479cb411414ac68408a0eb73732b43""},""upload_data"":{""date"":""2026-09-22"",""run_id"":""2d2ef995ec9943ff977cf7535bb16978""}}"
680,180,"18.9523671 , -98.20561000000001","19.0505323 , -98.3035328",urban-urban,urban,1694,"{""sample_routes"":{""date"":""2026-09-22"",""run_id"":""eda5cecdd4b747b5b8244863c0d42c75""},""join_samples"":{""date"":""2026-09-22"",""run_id"":""66479cb411414ac68408a0eb73732b43""},""upload_data"":{""date"":""2026-09-22"",""run_id"":""2d2ef995ec9943ff977cf7535bb16978""}}"
681,181,"19.507877500000003 , -99.1082013","19.416177100000002 , -99.0162195",urban-urban,urban,1694,"{""sample_routes"":{""date"":""2026-09-22"",""run_id"":""eda5cecdd4b747b5b8244863c0d42c75""},""join_samples"":{""date"":""2026-09-22"",""run_id"":""66479cb411414ac68408a0eb73732b43""},""upload_data"":{""date"":""2026-09-22"",""run_id"":""2d2ef995ec9943ff977cf7535bb16978""}}"
682,182,"20.629840700000003 , -103.448845","20.779536200000003 , -103.4492912",urban-urban,urban,1694,"{""sample_routes"":{""date"":""2026-09-22"",""run_id"":""eda5cecdd4b747b5b8244863c0d42c75""},""join_samples"":{""date"":""2026-09-22"",""run_id"":""66479cb411414ac68408a0eb73732b43""},""upload_data"":{""date"":""2026-09-22"",""run_id"":""2d2ef995ec9943ff977cf7535bb16978""}}"
683,183,"19.414573400000002 , -99.3280685","19.3399146 , -99.3276922",urban-rural,urban,1694,"{""sample_routes"":{""date"":""2026-09-22"",""run_id"":""eda5cecdd4b747b5b8244863c0d42c75""},""join_samples"":{""date"":""2026-09-22"",""run_id"":""66479cb411414ac68408a0eb73732b43""},""upload_data"":{""date"":""2026-09-22"",""run_id"":""2d2ef995ec9943ff977cf7535bb16978""}}"
684,184,"18.989067300000002 , -98.28778980000001","19.145948 , -98.28791890000001",urban-urban,urban,1695,"{""sample_routes"":{""date"":""2026-09-22"",""run_id"":""eda5cecdd4b747b5b8244863c0d42c75""},""join_samples"":{""date"":""2026-09-22"",""run_id"":""66479cb411414ac68408a0eb73732b43""},""upload_data"":{""date"":""2026-09-22"",""run_id"":""2d2ef995ec9943ff977cf7535bb16978""}}"
685,185,"20.9426269 , -89.70188350000001","21.0193064 , -89.6252803",urban-urban,urban,1695,"{""sample_routes"":{""date"":""2026-09-22"",""run_id"":""eda5cecdd4b747b5b8244863c0d42c75""},""join_samples"":{""date"":""2026-09-22"",""run_id"":""66479cb411414ac68408a0eb73732b43""},""upload_data"":{""date"":""2026-09-22"",""run_id"":""2d2ef995ec9943ff977cf7535bb16978""}}"
686,186,"19.5990988 , -99.3070531","19.6685525 , -99.30732660000001",urban-rural,urban,1696,"{""sample_routes"":{""date"":""2026-09-22"",""run_id"":""eda5cecdd4b747b5b8244863c0d42c75""},""join_samples"":{""date"":""2026-09-22"",""run_id"":""66479cb411414ac68408a0eb73732b43""},""upload_data"":{""date"":""2026-09-22"",""run_id"":""2d2ef995ec9943ff977cf7535bb16978""}}"
687,187,"19.197517 , -98.91528190000001","19.197651200000003 , -98.96497520000001",urban-urban,urban,1303,"{""sample_routes"":{""date"":""2026-09-22"",""run_id"":""eda5cecdd4b747b5b8244863c0d42c75""},""join_samples"":{""date"":""2026-09-22"",""run_id"":""66479cb411414ac68408a0eb73732b43""},""upload_data"":{""date"":""2026-09-22"",""run_id"":""2d2ef995ec9943ff977cf7535bb16978""}}"
688,188,"20.8244399 , -103.4474869","20.783729100000002 , -103.4877938",rural-urban,urban,1697,"{""sample_routes"":{""date"":""2026-09-22"",""run_id"":""eda5cecdd4b747b5b8244863c0d42c75""},""join_samples"":{""date"":""2026-09-22"",""run_id"":""66479cb411414ac68408a0eb73732b43""},""upload_data"":{""date"":""2026-09-22"",""run_id"":""2d2ef995ec9943ff977cf7535bb16978""}}"
689,189,"19.355786300000002 , -99.2046567","19.414364600000003 , -99.26328600000001",urban-urban,urban,1697,"{""sample_routes"":{""date"":""2026-09-22"",""run_id"":""eda5cecdd4b747b5b8244863c0d42c75""},""join_samples"":{""date"":""2026-09-22"",""run_id"":""66479cb411414ac68408a0eb73732b43""},""upload_data"":{""date"":""2026-09-22"",""run_id"":""2d2ef995ec9943ff977cf7535bb16978""}}"
690,190,"24.072678800000002 , -104.605878","24.0182934 , -104.6058672",urban-urban,urban,1699,"{""sample_routes"":{""date"":""2026-09-22"",""run_id"":""eda5cecdd4b747b5b8244863c0d42c75""},""join_samples"":{""date"":""2026-09-22"",""run_id"":""66479cb411414ac68408a0eb73732b43""},""upload_data"":{""date"":""2026-09-22"",""run_id"":""2d2ef995ec9943ff977cf7535bb16978""}}"
691,191,"19.3896847 , -98.90938150000001","19.389403400000003 , -99.0266258",urban-urban,urban,1700,"{""sample_routes"":{""date"":""2026-09-22"",""run_id"":""eda5cecdd4b747b5b8244863c0d42c75""},""join_samples"":{""date"":""2026-09-22"",""run_id"":""66479cb411414ac68408a0eb73732b43""},""upload_data"":{""date"":""2026-09-22"",""run_id"":""2d2ef995ec9943ff977cf7535bb16978""}}"
692,192,"20.062996300000002 , -98.7589492","20.1322854 , -98.7587333",urban-urban,urban,1700,"{""sample_routes"":{""date"":""2026-09-22"",""run_id"":""eda5cecdd4b747b5b8244863c0d42c75""},""join_samples"":{""date"":""2026-09-22"",""run_id"":""66479cb411414ac68408a0eb73732b43""},""upload_data"":{""date"":""2026-09-22"",""run_id"":""2d2ef995ec9943ff977cf7535bb16978""}}"
693,193,"17.5832357 , -99.18167890000001","17.6120944 , -99.1528639",urban-rural,urban,1300,"{""sample_routes"":{""date"":""2026-09-22"",""run_id"":""eda5cecdd4b747b5b8244863c0d42c75""},""join_samples"":{""date"":""2026-09-22"",""run_id"":""66479cb411414ac68408a0eb73732b43""},""upload_data"":{""date"":""2026-09-22"",""run_id"":""2d2ef995ec9943ff977cf7535bb16978""}}"
694,194,"23.9850445 , -104.6780334","24.0322302 , -104.6309736",urban-urban,urban,1700,"{""sample_routes"":{""date"":""2026-09-22"",""run_id"":""eda5cecdd4b747b5b8244863c0d42c75""},""join_samples"":{""date"":""2026-09-22"",""run_id"":""66479cb411414ac68408a0eb73732b43""},""upload_data"":{""date"":""2026-09-22"",""run_id"":""2d2ef995ec9943ff977cf7535bb16978""}}"
695,195,"18.9510156 , -98.266474","19.0246995 , -98.19234780000001",urban-urban,urban,1700,"{""sample_routes"":{""date"":""2026-09-22"",""run_id"":""eda5cecdd4b747b5b8244863c0d42c75""},""join_samples"":{""date"":""2026-09-22"",""run_id"":""66479cb411414ac68408a0eb73732b43""},""upload_data"":{""date"":""2026-09-22"",""run_id"":""2d2ef995ec9943ff977cf7535bb16978""}}"
696,196,"17.0592912 , -96.7552538","17.006778 , -96.70262310000001",urban-urban,urban,1701,"{""sample_routes"":{""date"":""2026-09-22"",""run_id"":""eda5cecdd4b747b5b8244863c0d42c75""},""join_samples"":{""date"":""2026-09-22"",""run_id"":""66479cb411414ac68408a0eb73732b43""},""upload_data"":{""date"":""2026-09-22"",""run_id"":""2d2ef995ec9943ff977cf7535bb16978""}}"
697,197,"22.2585553 , -97.83871300000001","22.317660200000002 , -97.898042",urban-urban,urban,1701,"{""sample_routes"":{""date"":""2026-09-22"",""run_id"":""eda5cecdd4b747b5b8244863c0d42c75""},""join_samples"":{""date"":""2026-09-22"",""run_id"":""66479cb411414ac68408a0eb73732b43""},""upload_data"":{""date"":""2026-09-22"",""run_id"":""2d2ef995ec9943ff977cf7535bb16978""}}"
698,198,"19.4010569 , -99.50242420000001","19.4007833 , -99.57741850000001",urban-rural,urban,1701,"{""sample_routes"":{""date"":""2026-09-22"",""run_id"":""eda5cecdd4b747b5b8244863c0d42c75""},""join_samples"":{""date"":""2026-09-22"",""run_id"":""66479cb411414ac68408a0eb73732b43""},""upload_data"":{""date"":""2026-09-22"",""run_id"":""2d2ef995ec9943ff977cf7535bb16978""}}"
699,199,"19.302243100000002 , -98.96729260000001","19.4317433 , -99.0969934",urban-urban,urban,1702,"{""sample_routes"":{""date"":""2026-09-22"",""run_id"":""eda5cecdd4b747b5b8244863c0d42c75""},""join_samples"":{""date"":""2026-09-22"",""run_id"":""66479cb411414ac68408a0eb73732b43""},""upload_data"":{""date"":""2026-09-22"",""run_id"":""2d2ef995ec9943ff977cf7535bb16978""}}"
700,200,"19.6519291 , -99.1094455","19.7134128 , -99.17080960000001",urban-urban,urban,1704,"{""sample_routes"":{""date"":""2026-09-22"",""run_id"":""eda5cecdd4b747b5b8244863c0d42c75""},""join_samples"":{""date"":""2026-09-22"",""run_id"":""66479cb411414ac68408a0eb73732b43""},""upload_data"":{""date"":""2026-09-22"",""run_id"":""2d2ef995ec9943ff977cf7535bb16978""}}"
701,201,"19.3691539 , -99.01185880000001","19.4640795 , -99.1064106",urban-urban,urban,1704,"{""sample_routes"":{""date"":""2026-09-22"",""run_id"":""eda5cecdd4b747b5b8244863c0d42c75""},""join_samples"":{""date"":""2026-09-22"",""run_id"":""66479cb411414ac68408a0eb73732b43""},""upload_data"":{""date"":""2026-09-22"",""run_id"":""2d2ef995ec9943ff977cf7535bb16978""}}"
702,202,"19.450658 , -99.1120904","19.527055400000002 , -99.0361395",urban-urban,urban,1296,"{""sample_routes"":{""date"":""2026-09-22"",""run_id"":""eda5cecdd4b747b5b8244863c0d42c75""},""join_samples"":{""date"":""2026-09-22"",""run_id"":""66479cb411414ac68408a0eb73732b43""},""upload_data"":{""date"":""2026-09-22"",""run_id"":""2d2ef995ec9943ff977cf7535bb16978""}}"
703,203,"28.6216289 , -106.1221598","28.763331400000002 , -106.12174150000001",urban-urban,urban,1704,"{""sample_routes"":{""date"":""2026-09-22"",""run_id"":""eda5cecdd4b747b5b8244863c0d42c75""},""join_samples"":{""date"":""2026-09-22"",""run_id"":""66479cb411414ac68408a0eb73732b43""},""upload_data"":{""date"":""2026-09-22"",""run_id"":""2d2ef995ec9943ff977cf7535bb16978""}}"
704,204,"19.2407159 , -99.1612147","19.240473700000003 , -99.08444010000001",urban-urban,urban,1704,"{""sample_routes"":{""date"":""2026-09-22"",""run_id"":""eda5cecdd4b747b5b8244863c0d42c75""},""join_samples"":{""date"":""2026-09-22"",""run_id"":""66479cb411414ac68408a0eb73732b43""},""upload_data"":{""date"":""2026-09-22"",""run_id"":""2d2ef995ec9943ff977cf7535bb16978""}}"
705,205,"19.4444087 , -99.138771","19.292783 , -99.1390913",urban-urban,urban,1704,"{""sample_routes"":{""date"":""2026-09-22"",""run_id"":""eda5cecdd4b747b5b8244863c0d42c75""},""join_samples"":{""date"":""2026-09-22"",""run_id"":""66479cb411414ac68408a0eb73732b43""},""upload_data"":{""date"":""2026-09-22"",""run_id"":""2d2ef995ec9943ff977cf7535bb16978""}}"
706,206,"32.6348469 , -115.48303460000001","32.5760643 , -115.4238224",urban-urban,urban,1295,"{""sample_routes"":{""date"":""2026-09-22"",""run_id"":""eda5cecdd4b747b5b8244863c0d42c75""},""join_samples"":{""date"":""2026-09-22"",""run_id"":""66479cb411414ac68408a0eb73732b43""},""upload_data"":{""date"":""2026-09-22"",""run_id"":""2d2ef995ec9943ff977cf7535bb16978""}}"
707,207,"19.720016 , -99.19400870000001","19.629496500000002 , -99.10388660000001",urban-urban,urban,1706,"{""sample_routes"":{""date"":""2026-09-22"",""run_id"":""eda5cecdd4b747b5b8244863c0d42c75""},""join_samples"":{""date"":""2026-09-22"",""run_id"":""66479cb411414ac68408a0eb73732b43""},""upload_data"":{""date"":""2026-09-22"",""run_id"":""2d2ef995ec9943ff977cf7535bb16978""}}"
708,208,"21.116359000000003 , -101.62316100000001","21.115912400000003 , -101.7417254",urban-urban,urban,1706,"{""sample_routes"":{""date"":""2026-09-22"",""run_id"":""eda5cecdd4b747b5b8244863c0d42c75""},""join_samples"":{""date"":""2026-09-22"",""run_id"":""66479cb411414ac68408a0eb73732b43""},""upload_data"":{""date"":""2026-09-22"",""run_id"":""2d2ef995ec9943ff977cf7535bb16978""}}"
709,209,"32.608738 , -115.3429954","32.6085708 , -115.439166",urban-urban,urban,1706,"{""sample_routes"":{""date"":""2026-09-22"",""run_id"":""eda5cecdd4b747b5b8244863c0d42c75""},""join_samples"":{""date"":""2026-09-22"",""run_id"":""66479cb411414ac68408a0eb73732b43""},""upload_data"":{""date"":""2026-09-22"",""run_id"":""2d2ef995ec9943ff977cf7535bb16978""}}"
710,210,"19.3665187 , -99.02672430000001","19.3661627 , -98.9071042",urban-urban,urban,1707,"{""sample_routes"":{""date"":""2026-09-22"",""run_id"":""eda5cecdd4b747b5b8244863c0d42c75""},""join_samples"":{""date"":""2026-09-22"",""run_id"":""66479cb411414ac68408a0eb73732b43""},""upload_data"":{""date"":""2026-09-22"",""run_id"":""2d2ef995ec9943ff977cf7535bb16978""}}"
711,211,"20.644154500000003 , -103.2529185","20.5541078 , -103.3432439",urban-urban,urban,1707,"{""sample_routes"":{""date"":""2026-09-22"",""run_id"":""eda5cecdd4b747b5b8244863c0d42c75""},""join_samples"":{""date"":""2026-09-22"",""run_id"":""66479cb411414ac68408a0eb73732b43""},""upload_data"":{""date"":""2026-09-22"",""run_id"":""2d2ef995ec9943ff977cf7535bb16978""}}"
712,212,"19.670427800000002 , -99.1768835","19.670115000000003 , -99.0884963",urban-urban,urban,1709,"{""sample_routes"":{""date"":""2026-09-22"",""run_id"":""eda5cecdd4b747b5b8244863c0d42c75""},""join_samples"":{""date"":""2026-09-22"",""run_id"":""66479cb411414ac68408a0eb73732b43""},""upload_data"":{""date"":""2026-09-22"",""run_id"":""2d2ef995ec9943ff977cf7535bb16978""}}"
713,213,"19.169293800000002 , -96.14569460000001","19.213204700000002 , -96.1895125",urban-urban,urban,1709,"{""sample_routes"":{""date"":""2026-09-22"",""run_id"":""eda5cecdd4b747b5b8244863c0d42c75""},""join_samples"":{""date"":""2026-09-22"",""run_id"":""66479cb411414ac68408a0eb73732b43""},""upload_data"":{""date"":""2026-09-22"",""run_id"":""2d2ef995ec9943ff977cf7535bb16978""}}"
714,214,"20.997498500000003 , -89.64009510000001","21.0383147 , -89.598923",urban-urban,urban,1709,"{""sample_routes"":{""date"":""2026-09-22"",""run_id"":""eda5cecdd4b747b5b8244863c0d42c75""},""join_samples"":{""date"":""2026-09-22"",""run_id"":""66479cb411414ac68408a0eb73732b43""},""upload_data"":{""date"":""2026-09-22"",""run_id"":""2d2ef995ec9943ff977cf7535bb16978""}}"
715,215,"20.7298215 , -103.3317667","20.7812507 , -103.38304280000001",urban-rural,urban,1290,"{""sample_routes"":{""date"":""2026-09-22"",""run_id"":""eda5cecdd4b747b5b8244863c0d42c75""},""join_samples"":{""date"":""2026-09-22"",""run_id"":""66479cb411414ac68408a0eb73732b43""},""upload_data"":{""date"":""2026-09-22"",""run_id"":""2d2ef995ec9943ff977cf7535bb16978""}}"
716,216,"19.5243377 , -98.91131510000001","19.3942206 , -98.9109966",urban-urban,urban,1710,"{""sample_routes"":{""date"":""2026-09-22"",""run_id"":""eda5cecdd4b747b5b8244863c0d42c75""},""join_samples"":{""date"":""2026-09-22"",""run_id"":""66479cb411414ac68408a0eb73732b43""},""upload_data"":{""date"":""2026-09-22"",""run_id"":""2d2ef995ec9943ff977cf7535bb16978""}}"
717,217,"21.991420700000003 , -102.2596532","21.9350598 , -102.31618270000001",rural-urban,urban,1711,"{""sample_routes"":{""date"":""2026-09-22"",""run_id"":""eda5cecdd4b747b5b8244863c0d42c75""},""join_samples"":{""date"":""2026-09-22"",""run_id"":""66479cb411414ac68408a0eb73732b43""},""upload_data"":{""date"":""2026-09-22"",""run_id"":""2d2ef995ec9943ff977cf7535bb16978""}}"
718,218,"19.6342907 , -99.3283183","19.6983408 , -99.26467240000001",urban-urban,urban,1711,"{""sample_routes"":{""date"":""2026-09-22"",""run_id"":""eda5cecdd4b747b5b8244863c0d42c75""},""join_samples"":{""date"":""2026-09-22"",""run_id"":""66479cb411414ac68408a0eb73732b43""},""upload_data"":{""date"":""2026-09-22"",""run_id"":""2d2ef995ec9943ff977cf7535bb16978""}}"
719,219,"20.4837217 , -103.44844230000001","20.566676700000002 , -103.3654066",urban-urban,urban,1711,"{""sample_routes"":{""date"":""2026-09-22"",""run_id"":""eda5cecdd4b747b5b8244863c0d42c75""},""join_samples"":{""date"":""2026-09-22"",""run_id"":""66479cb411414ac68408a0eb73732b43""},""upload_data"":{""date"":""2026-09-22"",""run_id"":""2d2ef995ec9943ff977cf7535bb16978""}}"
720,220,"20.3088012 , -89.40462910000001","20.2529752 , -89.34859490000001",urban-urban,urban,1712,"{""sample_routes"":{""date"":""2026-09-22"",""run_id"":""eda5cecdd4b747b5b8244863c0d42c75""},""join_samples"":{""date"":""2026-09-22"",""run_id"":""66479cb411414ac68408a0eb73732b43""},""upload_data"":{""date"":""2026-09-22"",""run_id"":""2d2ef995ec9943ff977cf7535bb16978""}}"
721,221,"20.7030621 , -101.37209600000001","20.6485153 , -101.37236290000001",urban-urban,urban,1712,"{""sample_routes"":{""date"":""2026-09-22"",""run_id"":""eda5cecdd4b747b5b8244863c0d42c75""},""join_samples"":{""date"":""2026-09-22"",""run_id"":""66479cb411414ac68408a0eb73732b43""},""upload_data"":{""date"":""2026-09-22"",""run_id"":""2d2ef995ec9943ff977cf7535bb16978""}}"
722,222,"19.3551703 , -99.3152659","19.322384500000002 , -99.2828223",urban-urban,urban,1713,"{""sample_routes"":{""date"":""2026-09-22"",""run_id"":""eda5cecdd4b747b5b8244863c0d42c75""},""join_samples"":{""date"":""2026-09-22"",""run_id"":""66479cb411414ac68408a0eb73732b43""},""upload_data"":{""date"":""2026-09-22"",""run_id"":""2d2ef995ec9943ff977cf7535bb16978""}}"
723,223,"19.5594906 , -98.9150566","19.6764353 , -99.0324166",urban-urban,urban,1713,"{""sample_routes"":{""date"":""2026-09-22"",""run_id"":""eda5cecdd4b747b5b8244863c0d42c75""},""join_samples"":{""date"":""2026-09-22"",""run_id"":""66479cb411414ac68408a0eb73732b43""},""upload_data"":{""date"":""2026-09-22"",""run_id"":""2d2ef995ec9943ff977cf7535bb16978""}}"
724,224,"20.570896100000002 , -103.23908060000001","20.6578182 , -103.3258696",urban-urban,urban,1714,"{""sample_routes"":{""date"":""2026-09-22"",""run_id"":""eda5cecdd4b747b5b8244863c0d42c75""},""join_samples"":{""date"":""2026-09-22"",""run_id"":""66479cb411414ac68408a0eb73732b43""},""upload_data"":{""date"":""2026-09-22"",""run_id"":""2d2ef995ec9943ff977cf7535bb16978""}}"
725,225,"19.6562272 , -99.0228381","19.7234309 , -99.09017530000001",urban-rural,urban,1715,"{""sample_routes"":{""date"":""2026-09-22"",""run_id"":""eda5cecdd4b747b5b8244863c0d42c75""},""join_samples"":{""date"":""2026-09-22"",""run_id"":""66479cb411414ac68408a0eb73732b43""},""upload_data"":{""date"":""2026-09-22"",""run_id"":""2d2ef995ec9943ff977cf7535bb16978""}}"
726,226,"29.1498373 , -110.9768803","29.0992579 , -111.0276494",urban-urban,urban,1715,"{""sample_routes"":{""date"":""2026-09-22"",""run_id"":""eda5cecdd4b747b5b8244863c0d42c75""},""join_samples"":{""date"":""2026-09-22"",""run_id"":""66479cb411414ac68408a0eb73732b43""},""upload_data"":{""date"":""2026-09-22"",""run_id"":""2d2ef995ec9943ff977cf7535bb16978""}}"
727,227,"20.6967009 , -103.2742154","20.618550900000002 , -103.35225910000001",urban-urban,urban,1715,"{""sample_routes"":{""date"":""2026-09-22"",""run_id"":""eda5cecdd4b747b5b8244863c0d42c75""},""join_samples"":{""date"":""2026-09-22"",""run_id"":""66479cb411414ac68408a0eb73732b43""},""upload_data"":{""date"":""2026-09-22"",""run_id"":""2d2ef995ec9943ff977cf7535bb16978""}}"
728,228,"25.6704949 , -100.1628893","25.6703015 , -100.38860500000001",urban-urban,urban,1715,"{""sample_routes"":{""date"":""2026-09-22"",""run_id"":""eda5cecdd4b747b5b8244863c0d42c75""},""join_samples"":{""date"":""2026-09-22"",""run_id"":""66479cb411414ac68408a0eb73732b43""},""upload_data"":{""date"":""2026-09-22"",""run_id"":""2d2ef995ec9943ff977cf7535bb16978""}}"
729,229,"24.058185400000003 , -104.59146630000001","24.0584974 , -104.68341280000001",urban-urban,urban,1716,"{""sample_routes"":{""date"":""2026-09-22"",""run_id"":""eda5cecdd4b747b5b8244863c0d42c75""},""join_samples"":{""date"":""2026-09-22"",""run_id"":""66479cb411414ac68408a0eb73732b43""},""upload_data"":{""date"":""2026-09-22"",""run_id"":""2d2ef995ec9943ff977cf7535bb16978""}}"
730,230,"20.4821797 , -103.40040230000001","20.5608548 , -103.47937440000001",urban-urban,urban,1716,"{""sample_routes"":{""date"":""2026-09-22"",""run_id"":""eda5cecdd4b747b5b8244863c0d42c75""},""join_samples"":{""date"":""2026-09-22"",""run_id"":""66479cb411414ac68408a0eb73732b43""},""upload_data"":{""date"":""2026-09-22"",""run_id"":""2d2ef995ec9943ff977cf7535bb16978""}}"
731,231,"22.1875964 , -100.97801150000001","22.084435900000003 , -100.87441650000001",urban-urban,urban,1716,"{""sample_routes"":{""date"":""2026-09-22"",""run_id"":""eda5cecdd4b747b5b8244863c0d42c75""},""join_samples"":{""date"":""2026-09-22"",""run_id"":""66479cb411414ac68408a0eb73732b43""},""upload_data"":{""date"":""2026-09-22"",""run_id"":""2d2ef995ec9943ff977cf7535bb16978""}}"
732,232,"25.574480700000002 , -103.41480220000001","25.516166300000002 , -103.414901",urban-urban,urban,1716,"{""sample_routes"":{""date"":""2026-09-22"",""run_id"":""eda5cecdd4b747b5b8244863c0d42c75""},""join_samples"":{""date"":""2026-09-22"",""run_id"":""66479cb411414ac68408a0eb73732b43""},""upload_data"":{""date"":""2026-09-22"",""run_id"":""2d2ef995ec9943ff977cf7535bb16978""}}"
733,233,"20.662401300000003 , -103.25989460000001","20.56125 , -103.36097310000001",urban-urban,urban,1716,"{""sample_routes"":{""date"":""2026-09-22"",""run_id"":""eda5cecdd4b747b5b8244863c0d42c75""},""join_samples"":{""date"":""2026-09-22"",""run_id"":""66479cb411414ac68408a0eb73732b43""},""upload_data"":{""date"":""2026-09-22"",""run_id"":""2d2ef995ec9943ff977cf7535bb16978""}}"
734,234,"19.6317624 , -99.163251","19.507589900000003 , -99.16280640000001",urban-urban,urban,1717,"{""sample_routes"":{""date"":""2026-09-22"",""run_id"":""eda5cecdd4b747b5b8244863c0d42c75""},""join_samples"":{""date"":""2026-09-22"",""run_id"":""66479cb411414ac68408a0eb73732b43""},""upload_data"":{""date"":""2026-09-22"",""run_id"":""2d2ef995ec9943ff977cf7535bb16978""}}"
735,235,"19.738964000000003 , -98.9592417","19.596241300000003 , -98.9595019",urban-urban,urban,1717,"{""sample_routes"":{""date"":""2026-09-22"",""run_id"":""eda5cecdd4b747b5b8244863c0d42c75""},""join_samples"":{""date"":""2026-09-22"",""run_id"":""66479cb411414ac68408a0eb73732b43""},""upload_data"":{""date"":""2026-09-22"",""run_id"":""2d2ef995ec9943ff977cf7535bb16978""}}"
736,236,"22.316805600000002 , -97.86987950000001","22.2390246 , -97.86979480000001",urban-urban,urban,1717,"{""sample_routes"":{""date"":""2026-09-22"",""run_id"":""eda5cecdd4b747b5b8244863c0d42c75""},""join_samples"":{""date"":""2026-09-22"",""run_id"":""66479cb411414ac68408a0eb73732b43""},""upload_data"":{""date"":""2026-09-22"",""run_id"":""2d2ef995ec9943ff977cf7535bb16978""}}"
737,237,"19.5620192 , -99.2062159","19.672873600000003 , -99.09542300000001",urban-urban,urban,1718,"{""sample_routes"":{""date"":""2026-09-22"",""run_id"":""eda5cecdd4b747b5b8244863c0d42c75""},""join_samples"":{""date"":""2026-09-22"",""run_id"":""66479cb411414ac68408a0eb73732b43""},""upload_data"":{""date"":""2026-09-22"",""run_id"":""2d2ef995ec9943ff977cf7535bb16978""}}"
738,238,"19.6598729 , -99.1400751","19.562833100000002 , -99.23708930000001",urban-urban,urban,1718,"{""sample_routes"":{""date"":""2026-09-22"",""run_id"":""eda5cecdd4b747b5b8244863c0d42c75""},""join_samples"":{""date"":""2026-09-22"",""run_id"":""66479cb411414ac68408a0eb73732b43""},""upload_data"":{""date"":""2026-09-22"",""run_id"":""2d2ef995ec9943ff977cf7535bb16978""}}"
739,239,"19.695131 , -99.01059470000001","19.6243124 , -99.08169140000001",urban-urban,urban,1719,"{""sample_routes"":{""date"":""2026-09-22"",""run_id"":""eda5cecdd4b747b5b8244863c0d42c75""},""join_samples"":{""date"":""2026-09-22"",""run_id"":""66479cb411414ac68408a0eb73732b43""},""upload_data"":{""date"":""2026-09-22"",""run_id"":""2d2ef995ec9943ff977cf7535bb16978""}}"
740,240,"25.6259881 , -100.28246410000001","25.757331800000003 , -100.1513695",urban-urban,urban,1720,"{""sample_routes"":{""date"":""2026-09-22"",""run_id"":""eda5cecdd4b747b5b8244863c0d42c75""},""join_samples"":{""date"":""2026-09-22"",""run_id"":""66479cb411414ac68408a0eb73732b43""},""upload_data"":{""date"":""2026-09-22"",""run_id"":""2d2ef995ec9943ff977cf7535bb16978""}}"
741,241,"19.3277219 , -99.29144620000001","19.398548400000003 , -99.2915729",urban-urban,urban,1720,"{""sample_routes"":{""date"":""2026-09-22"",""run_id"":""eda5cecdd4b747b5b8244863c0d42c75""},""join_samples"":{""date"":""2026-09-22"",""run_id"":""66479cb411414ac68408a0eb73732b43""},""upload_data"":{""date"":""2026-09-22"",""run_id"":""2d2ef995ec9943ff977cf7535bb16978""}}"
742,242,"19.4196275 , -99.1676082","19.4193178 , -99.29627810000001",urban-urban,urban,1722,"{""sample_routes"":{""date"":""2026-09-22"",""run_id"":""eda5cecdd4b747b5b8244863c0d42c75""},""join_samples"":{""date"":""2026-09-22"",""run_id"":""66479cb411414ac68408a0eb73732b43""},""upload_data"":{""date"":""2026-09-22"",""run_id"":""2d2ef995ec9943ff977cf7535bb16978""}}"
743,243,"21.792590500000003 , -100.7319085","21.8227048 , -100.7622121",urban-rural,urban,1277,"{""sample_routes"":{""date"":""2026-09-22"",""run_id"":""eda5cecdd4b747b5b8244863c0d42c75""},""join_samples"":{""date"":""2026-09-22"",""run_id"":""66479cb411414ac68408a0eb73732b43""},""upload_data"":{""date"":""2026-09-22"",""run_id"":""2d2ef995ec9943ff977cf7535bb16978""}}"
744,244,"19.5250293 , -99.2703463","19.6395322 , -99.15575670000001",urban-urban,urban,1723,"{""sample_routes"":{""date"":""2026-09-22"",""run_id"":""eda5cecdd4b747b5b8244863c0d42c75""},""join_samples"":{""date"":""2026-09-22"",""run_id"":""66479cb411414ac68408a0eb73732b43""},""upload_data"":{""date"":""2026-09-22"",""run_id"":""2d2ef995ec9943ff977cf7535bb16978""}}"
745,245,"29.1396999 , -110.94680550000001","29.171932 , -110.91476080000001",urban-rural,urban,1724,"{""sample_routes"":{""date"":""2026-09-22"",""run_id"":""eda5cecdd4b747b5b8244863c0d42c75""},""join_samples"":{""date"":""2026-09-22"",""run_id"":""66479cb411414ac68408a0eb73732b43""},""upload_data"":{""date"":""2026-09-22"",""run_id"":""2d2ef995ec9943ff977cf7535bb16978""}}"
746,246,"20.3493266 , -102.02942560000001","20.349382600000002 , -102.08569",urban-rural,urban,1276,"{""sample_routes"":{""date"":""2026-09-22"",""run_id"":""eda5cecdd4b747b5b8244863c0d42c75""},""join_samples"":{""date"":""2026-09-22"",""run_id"":""66479cb411414ac68408a0eb73732b43""},""upload_data"":{""date"":""2026-09-22"",""run_id"":""2d2ef995ec9943ff977cf7535bb16978""}}"
747,247,"19.3111566 , -99.5749189","19.270117900000002 , -99.6163161",urban-urban,urban,1724,"{""sample_routes"":{""date"":""2026-09-22"",""run_id"":""eda5cecdd4b747b5b8244863c0d42c75""},""join_samples"":{""date"":""2026-09-22"",""run_id"":""66479cb411414ac68408a0eb73732b43""},""upload_data"":{""date"":""2026-09-22"",""run_id"":""2d2ef995ec9943ff977cf7535bb16978""}}"
748,248,"19.515903100000003 , -99.06436910000001","19.417583200000003 , -99.1625152",urban-urban,urban,1725,"{""sample_routes"":{""date"":""2026-09-22"",""run_id"":""eda5cecdd4b747b5b8244863c0d42c75""},""join_samples"":{""date"":""2026-09-22"",""run_id"":""66479cb411414ac68408a0eb73732b43""},""upload_data"":{""date"":""2026-09-22"",""run_id"":""2d2ef995ec9943ff977cf7535bb16978""}}"
749,249,"19.6267353 , -99.2309886","19.5613207 , -99.23131160000001",urban-urban,urban,1725,"{""sample_routes"":{""date"":""2026-09-22"",""run_id"":""eda5cecdd4b747b5b8244863c0d42c75""},""join_samples"":{""date"":""2026-09-22"",""run_id"":""66479cb411414ac68408a0eb73732b43""},""upload_data"":{""date"":""2026-09-22"",""run_id"":""2d2ef995ec9943ff977cf7535bb16978""}}"
750,250,"25.2887643 , -100.02265600000001","25.288793400000003 , -100.07823680000001",urban-rural,mixed,1500,"{""sample_routes"":{""date"":""2026-09-22"",""run_id"":""eda5cecdd4b747b5b8244863c0d42c75""},""join_samples"":{""date"":""2026-09-22"",""run_id"":""66479cb411414ac68408a0eb73732b43""},""upload_data"":{""date"":""2026-09-22"",""run_id"":""2d2ef995ec9943ff977cf7535bb16978""}}"
751,251,"20.8069776 , -97.4780336","20.8409538 , -97.443928",rural-rural,mixed,1500,"{""sample_routes"":{""date"":""2026-09-22"",""run_id"":""eda5cecdd4b747b5b8244863c0d42c75""},""join_samples"":{""date"":""2026-09-22"",""run_id"":""66479cb411414ac68408a0eb73732b43""},""upload_data"":{""date"":""2026-09-22"",""run_id"":""2d2ef995ec9943ff977cf7535bb16978""}}"
752,252,"19.5340564 , -99.5536879","19.571007700000003 , -99.55394670000001",rural-rural,mixed,1498,"{""sample_routes"":{""date"":""2026-09-22"",""run_id"":""eda5cecdd4b747b5b8244863c0d42c75""},""join_samples"":{""date"":""2026-09-22"",""run_id"":""66479cb411414ac68408a0eb73732b43""},""upload_data"":{""date"":""2026-09-22"",""run_id"":""2d2ef995ec9943ff977cf7535bb16978""}}"
753,253,"15.2809144 , -92.6899193","15.323598200000001 , -92.7324186",urban-rural,mixed,1502,"{""sample_routes"":{""date"":""2026-09-22"",""run_id"":""eda5cecdd4b747b5b8244863c0d42c75""},""join_samples"":{""date"":""2026-09-22"",""run_id"":""66479cb411414ac68408a0eb73732b43""},""upload_data"":{""date"":""2026-09-22"",""run_id"":""2d2ef995ec9943ff977cf7535bb16978""}}"
754,254,"19.6790682 , -99.74847390000001","19.7249193 , -99.79460250000001",rural-urban,mixed,1497,"{""sample_routes"":{""date"":""2026-09-22"",""run_id"":""eda5cecdd4b747b5b8244863c0d42c75""},""join_samples"":{""date"":""2026-09-22"",""run_id"":""66479cb411414ac68408a0eb73732b43""},""upload_data"":{""date"":""2026-09-22"",""run_id"":""2d2ef995ec9943ff977cf7535bb16978""}}"
755,255,"28.270987100000003 , -105.4895331","28.2066401 , -105.55414080000001",urban-rural,mixed,1506,"{""sample_routes"":{""date"":""2026-09-22"",""run_id"":""eda5cecdd4b747b5b8244863c0d42c75""},""join_samples"":{""date"":""2026-09-22"",""run_id"":""66479cb411414ac68408a0eb73732b43""},""upload_data"":{""date"":""2026-09-22"",""run_id"":""2d2ef995ec9943ff977cf7535bb16978""}}"
756,256,"20.436048900000003 , -101.7365891","20.4674155 , -101.7049233",urban-rural,mixed,1494,"{""sample_routes"":{""date"":""2026-09-22"",""run_id"":""eda5cecdd4b747b5b8244863c0d42c75""},""join_samples"":{""date"":""2026-09-22"",""run_id"":""66479cb411414ac68408a0eb73732b43""},""upload_data"":{""date"":""2026-09-22"",""run_id"":""2d2ef995ec9943ff977cf7535bb16978""}}"
757,257,"24.0335916 , -104.70970360000001","23.9784963 , -104.7097365",urban-rural,mixed,1506,"{""sample_routes"":{""date"":""2026-09-22"",""run_id"":""eda5cecdd4b747b5b8244863c0d42c75""},""join_samples"":{""date"":""2026-09-22"",""run_id"":""66479cb411414ac68408a0eb73732b43""},""upload_data"":{""date"":""2026-09-22"",""run_id"":""2d2ef995ec9943ff977cf7535bb16978""}}"
758,258,"17.8142527 , -97.7925862","17.8145011 , -97.8491633",urban-rural,mixed,1493,"{""sample_routes"":{""date"":""2026-09-22"",""run_id"":""eda5cecdd4b747b5b8244863c0d42c75""},""join_samples"":{""date"":""2026-09-22"",""run_id"":""66479cb411414ac68408a0eb73732b43""},""upload_data"":{""date"":""2026-09-22"",""run_id"":""2d2ef995ec9943ff977cf7535bb16978""}}"
759,259,"21.1266316 , -101.61096900000001","21.0223003 , -101.6111326",urban-rural,mixed,1493,"{""sample_routes"":{""date"":""2026-09-22"",""run_id"":""eda5cecdd4b747b5b8244863c0d42c75""},""join_samples"":{""date"":""2026-09-22"",""run_id"":""66479cb411414ac68408a0eb73732b43""},""upload_data"":{""date"":""2026-09-22"",""run_id"":""2d2ef995ec9943ff977cf7535bb16978""}}"
760,260,"25.588532400000002 , -103.3035073","25.5464011 , -103.3460376",rural-urban,mixed,1493,"{""sample_routes"":{""date"":""2026-09-22"",""run_id"":""eda5cecdd4b747b5b8244863c0d42c75""},""join_samples"":{""date"":""2026-09-22"",""run_id"":""66479cb411414ac68408a0eb73732b43""},""upload_data"":{""date"":""2026-09-22"",""run_id"":""2d2ef995ec9943ff977cf7535bb16978""}}"
761,261,"17.145239500000002 , -100.47292350000001","17.1900257 , -100.428139",urban-rural,mixed,1491,"{""sample_routes"":{""date"":""2026-09-22"",""run_id"":""eda5cecdd4b747b5b8244863c0d42c75""},""join_samples"":{""date"":""2026-09-22"",""run_id"":""66479cb411414ac68408a0eb73732b43""},""upload_data"":{""date"":""2026-09-22"",""run_id"":""2d2ef995ec9943ff977cf7535bb16978""}}"
762,262,"16.302742600000002 , -91.9769941","16.2426633 , -91.97731110000001",urban-rural,mixed,1490,"{""sample_routes"":{""date"":""2026-09-22"",""run_id"":""eda5cecdd4b747b5b8244863c0d42c75""},""join_samples"":{""date"":""2026-09-22"",""run_id"":""66479cb411414ac68408a0eb73732b43""},""upload_data"":{""date"":""2026-09-22"",""run_id"":""2d2ef995ec9943ff977cf7535bb16978""}}"
763,263,"30.6993027 , -112.1704397","30.6667966 , -112.20340130000001",urban-rural,mixed,1489,"{""sample_routes"":{""date"":""2026-09-22"",""run_id"":""eda5cecdd4b747b5b8244863c0d42c75""},""join_samples"":{""date"":""2026-09-22"",""run_id"":""66479cb411414ac68408a0eb73732b43""},""upload_data"":{""date"":""2026-09-22"",""run_id"":""2d2ef995ec9943ff977cf7535bb16978""}}"
764,264,"19.7260858 , -97.23061960000001","19.7256351 , -97.2633576",rural-rural,mixed,1488,"{""sample_routes"":{""date"":""2026-09-22"",""run_id"":""eda5cecdd4b747b5b8244863c0d42c75""},""join_samples"":{""date"":""2026-09-22"",""run_id"":""66479cb411414ac68408a0eb73732b43""},""upload_data"":{""date"":""2026-09-22"",""run_id"":""2d2ef995ec9943ff977cf7535bb16978""}}"
765,265,"20.7479352 , -100.4797788","20.7131912 , -100.4795529",rural-rural,mixed,1488,"{""sample_routes"":{""date"":""2026-09-22"",""run_id"":""eda5cecdd4b747b5b8244863c0d42c75""},""join_samples"":{""date"":""2026-09-22"",""run_id"":""66479cb411414ac68408a0eb73732b43""},""upload_data"":{""date"":""2026-09-22"",""run_id"":""2d2ef995ec9943ff977cf7535bb16978""}}"
766,266,"24.444837300000003 , -107.20550720000001","24.407272300000002 , -107.1683411",rural-rural,mixed,1514,"{""sample_routes"":{""date"":""2026-09-22"",""run_id"":""eda5cecdd4b747b5b8244863c0d42c75""},""join_samples"":{""date"":""2026-09-22"",""run_id"":""66479cb411414ac68408a0eb73732b43""},""upload_data"":{""date"":""2026-09-22"",""run_id"":""2d2ef995ec9943ff977cf7535bb16978""}}"
767,267,"18.770913200000003 , -96.71039610000001","18.8109806 , -96.7505201",rural-rural,mixed,1485,"{""sample_routes"":{""date"":""2026-09-22"",""run_id"":""eda5cecdd4b747b5b8244863c0d42c75""},""join_samples"":{""date"":""2026-09-22"",""run_id"":""66479cb411414ac68408a0eb73732b43""},""upload_data"":{""date"":""2026-09-22"",""run_id"":""2d2ef995ec9943ff977cf7535bb16978""}}"
768,268,"21.043995600000002 , -101.51039420000001","21.0442322 , -101.64404060000001",rural-rural,mixed,1485,"{""sample_routes"":{""date"":""2026-09-22"",""run_id"":""eda5cecdd4b747b5b8244863c0d42c75""},""join_samples"":{""date"":""2026-09-22"",""run_id"":""66479cb411414ac68408a0eb73732b43""},""upload_data"":{""date"":""2026-09-22"",""run_id"":""2d2ef995ec9943ff977cf7535bb16978""}}"
769,269,"21.759009000000002 , -105.25761720000001","21.824789900000003 , -105.25724020000001",rural-rural,mixed,1515,"{""sample_routes"":{""date"":""2026-09-22"",""run_id"":""eda5cecdd4b747b5b8244863c0d42c75""},""join_samples"":{""date"":""2026-09-22"",""run_id"":""66479cb411414ac68408a0eb73732b43""},""upload_data"":{""date"":""2026-09-22"",""run_id"":""2d2ef995ec9943ff977cf7535bb16978""}}"
770,270,"20.1670707 , -98.0459136","20.1996165 , -98.0463198",urban-rural,mixed,1516,"{""sample_routes"":{""date"":""2026-09-22"",""run_id"":""eda5cecdd4b747b5b8244863c0d42c75""},""join_samples"":{""date"":""2026-09-22"",""run_id"":""66479cb411414ac68408a0eb73732b43""},""upload_data"":{""date"":""2026-09-22"",""run_id"":""2d2ef995ec9943ff977cf7535bb16978""}}"
771,271,"18.9650676 , -98.97465530000001","19.013796300000003 , -98.97467400000001",urban-rural,mixed,1482,"{""sample_routes"":{""date"":""2026-09-22"",""run_id"":""eda5cecdd4b747b5b8244863c0d42c75""},""join_samples"":{""date"":""2026-09-22"",""run_id"":""66479cb411414ac68408a0eb73732b43""},""upload_data"":{""date"":""2026-09-22"",""run_id"":""2d2ef995ec9943ff977cf7535bb16978""}}"
772,272,"18.9081097 , -98.7239371","18.9079321 , -98.77996440000001",urban-rural,mixed,1520,"{""sample_routes"":{""date"":""2026-09-22"",""run_id"":""eda5cecdd4b747b5b8244863c0d42c75""},""join_samples"":{""date"":""2026-09-22"",""run_id"":""66479cb411414ac68408a0eb73732b43""},""upload_data"":{""date"":""2026-09-22"",""run_id"":""2d2ef995ec9943ff977cf7535bb16978""}}"
773,273,"20.740067 , -103.4666973","20.788698500000002 , -103.51512550000001",rural-rural,mixed,1479,"{""sample_routes"":{""date"":""2026-09-22"",""run_id"":""eda5cecdd4b747b5b8244863c0d42c75""},""join_samples"":{""date"":""2026-09-22"",""run_id"":""66479cb411414ac68408a0eb73732b43""},""upload_data"":{""date"":""2026-09-22"",""run_id"":""2d2ef995ec9943ff977cf7535bb16978""}}"
774,274,"25.726304900000002 , -108.3459134","25.6752487 , -108.2951412",rural-rural,mixed,1478,"{""sample_routes"":{""date"":""2026-09-22"",""run_id"":""eda5cecdd4b747b5b8244863c0d42c75""},""join_samples"":{""date"":""2026-09-22"",""run_id"":""66479cb411414ac68408a0eb73732b43""},""upload_data"":{""date"":""2026-09-22"",""run_id"":""2d2ef995ec9943ff977cf7535bb16978""}}"
775,275,"19.3009989 , -101.4263056","19.261659100000003 , -101.4654055",rural-urban,mixed,1477,"{""sample_routes"":{""date"":""2026-09-22"",""run_id"":""eda5cecdd4b747b5b8244863c0d42c75""},""join_samples"":{""date"":""2026-09-22"",""run_id"":""66479cb411414ac68408a0eb73732b43""},""upload_data"":{""date"":""2026-09-22"",""run_id"":""2d2ef995ec9943ff977cf7535bb16978""}}"
776,276,"24.3352797 , -104.016602","24.272051400000002 , -104.01698830000001",rural-rural,mixed,1476,"{""sample_routes"":{""date"":""2026-09-22"",""run_id"":""eda5cecdd4b747b5b8244863c0d42c75""},""join_samples"":{""date"":""2026-09-22"",""run_id"":""66479cb411414ac68408a0eb73732b43""},""upload_data"":{""date"":""2026-09-22"",""run_id"":""2d2ef995ec9943ff977cf7535bb16978""}}"
777,277,"19.566455700000002 , -97.2393018","19.5663322 , -97.32172120000001",urban-rural,mixed,1525,"{""sample_routes"":{""date"":""2026-09-22"",""run_id"":""eda5cecdd4b747b5b8244863c0d42c75""},""join_samples"":{""date"":""2026-09-22"",""run_id"":""66479cb411414ac68408a0eb73732b43""},""upload_data"":{""date"":""2026-09-22"",""run_id"":""2d2ef995ec9943ff977cf7535bb16978""}}"
778,278,"19.7899566 , -97.4929201","19.8505444 , -97.49313980000001",rural-urban,mixed,1527,"{""sample_routes"":{""date"":""2026-09-22"",""run_id"":""eda5cecdd4b747b5b8244863c0d42c75""},""join_samples"":{""date"":""2026-09-22"",""run_id"":""66479cb411414ac68408a0eb73732b43""},""upload_data"":{""date"":""2026-09-22"",""run_id"":""2d2ef995ec9943ff977cf7535bb16978""}}"
779,279,"19.2016028 , -103.75975910000001","19.2632784 , -103.7593487",rural-urban,mixed,1528,"{""sample_routes"":{""date"":""2026-09-22"",""run_id"":""eda5cecdd4b747b5b8244863c0d42c75""},""join_samples"":{""date"":""2026-09-22"",""run_id"":""66479cb411414ac68408a0eb73732b43""},""upload_data"":{""date"":""2026-09-22"",""run_id"":""2d2ef995ec9943ff977cf7535bb16978""}}"
780,280,"20.1266095 , -98.72247820000001","20.171481 , -98.7228367",urban-rural,mixed,1471,"{""sample_routes"":{""date"":""2026-09-22"",""run_id"":""eda5cecdd4b747b5b8244863c0d42c75""},""join_samples"":{""date"":""2026-09-22"",""run_id"":""66479cb411414ac68408a0eb73732b43""},""upload_data"":{""date"":""2026-09-22"",""run_id"":""2d2ef995ec9943ff977cf7535bb16978""}}"
781,281,"25.083463000000002 , -107.70651360000001","25.032919900000003 , -107.7570364",urban-rural,mixed,1470,"{""sample_routes"":{""date"":""2026-09-22"",""run_id"":""eda5cecdd4b747b5b8244863c0d42c75""},""join_samples"":{""date"":""2026-09-22"",""run_id"":""66479cb411414ac68408a0eb73732b43""},""upload_data"":{""date"":""2026-09-22"",""run_id"":""2d2ef995ec9943ff977cf7535bb16978""}}"
782,282,"17.701798500000002 , -101.61010850000001","17.7457566 , -101.5658999",urban-rural,mixed,1531,"{""sample_routes"":{""date"":""2026-09-22"",""run_id"":""eda5cecdd4b747b5b8244863c0d42c75""},""join_samples"":{""date"":""2026-09-22"",""run_id"":""66479cb411414ac68408a0eb73732b43""},""upload_data"":{""date"":""2026-09-22"",""run_id"":""2d2ef995ec9943ff977cf7535bb16978""}}"
783,283,"21.6728507 , -102.94417580000001","21.6245897 , -102.99269290000001",rural-urban,mixed,1469,"{""sample_routes"":{""date"":""2026-09-22"",""run_id"":""eda5cecdd4b747b5b8244863c0d42c75""},""join_samples"":{""date"":""2026-09-22"",""run_id"":""66479cb411414ac68408a0eb73732b43""},""upload_data"":{""date"":""2026-09-22"",""run_id"":""2d2ef995ec9943ff977cf7535bb16978""}}"
784,284,"21.087627100000002 , -100.97290770000001","21.1606904 , -100.97305870000001",rural-urban,mixed,1532,"{""sample_routes"":{""date"":""2026-09-22"",""run_id"":""eda5cecdd4b747b5b8244863c0d42c75""},""join_samples"":{""date"":""2026-09-22"",""run_id"":""66479cb411414ac68408a0eb73732b43""},""upload_data"":{""date"":""2026-09-22"",""run_id"":""2d2ef995ec9943ff977cf7535bb16978""}}"
785,285,"17.1837935 , -92.3381933","17.2301715 , -92.3383847",urban-rural,mixed,1465,"{""sample_routes"":{""date"":""2026-09-22"",""run_id"":""eda5cecdd4b747b5b8244863c0d42c75""},""join_samples"":{""date"":""2026-09-22"",""run_id"":""66479cb411414ac68408a0eb73732b43""},""upload_data"":{""date"":""2026-09-22"",""run_id"":""2d2ef995ec9943ff977cf7535bb16978""}}"
786,286,"14.8794625 , -92.27231920000001","14.8272524 , -92.2721985",urban-rural,mixed,1461,"{""sample_routes"":{""date"":""2026-09-22"",""run_id"":""eda5cecdd4b747b5b8244863c0d42c75""},""join_samples"":{""date"":""2026-09-22"",""run_id"":""66479cb411414ac68408a0eb73732b43""},""upload_data"":{""date"":""2026-09-22"",""run_id"":""2d2ef995ec9943ff977cf7535bb16978""}}"
787,287,"20.4808573 , -100.1256341","20.4147186 , -100.12609540000001",urban-rural,mixed,1461,"{""sample_routes"":{""date"":""2026-09-22"",""run_id"":""eda5cecdd4b747b5b8244863c0d42c75""},""join_samples"":{""date"":""2026-09-22"",""run_id"":""66479cb411414ac68408a0eb73732b43""},""upload_data"":{""date"":""2026-09-22"",""run_id"":""2d2ef995ec9943ff977cf7535bb16978""}}"
788,288,"19.843649300000003 , -99.2253264","19.9362371 , -99.2257556",urban-rural,mixed,1460,"{""sample_routes"":{""date"":""2026-09-22"",""run_id"":""eda5cecdd4b747b5b8244863c0d42c75""},""join_samples"":{""date"":""2026-09-22"",""run_id"":""66479cb411414ac68408a0eb73732b43""},""upload_data"":{""date"":""2026-09-22"",""run_id"":""2d2ef995ec9943ff977cf7535bb16978""}}"
789,289,"25.7296896 , -100.0841316","25.6093364 , -100.0838386",rural-rural,mixed,1457,"{""sample_routes"":{""date"":""2026-09-22"",""run_id"":""eda5cecdd4b747b5b8244863c0d42c75""},""join_samples"":{""date"":""2026-09-22"",""run_id"":""66479cb411414ac68408a0eb73732b43""},""upload_data"":{""date"":""2026-09-22"",""run_id"":""2d2ef995ec9943ff977cf7535bb16978""}}"
790,290,"21.7189975 , -103.30043210000001","21.788757500000003 , -103.30079280000001",rural-urban,mixed,1545,"{""sample_routes"":{""date"":""2026-09-22"",""run_id"":""eda5cecdd4b747b5b8244863c0d42c75""},""join_samples"":{""date"":""2026-09-22"",""run_id"":""66479cb411414ac68408a0eb73732b43""},""upload_data"":{""date"":""2026-09-22"",""run_id"":""2d2ef995ec9943ff977cf7535bb16978""}}"
791,291,"16.7555224 , -92.6727965","16.790182100000003 , -92.638253",urban-rural,mixed,1545,"{""sample_routes"":{""date"":""2026-09-22"",""run_id"":""eda5cecdd4b747b5b8244863c0d42c75""},""join_samples"":{""date"":""2026-09-22"",""run_id"":""66479cb411414ac68408a0eb73732b43""},""upload_data"":{""date"":""2026-09-22"",""run_id"":""2d2ef995ec9943ff977cf7535bb16978""}}"
792,292,"19.3800928 , -96.38198510000001","19.312549500000003 , -96.31432640000001",urban-rural,mixed,1454,"{""sample_routes"":{""date"":""2026-09-22"",""run_id"":""eda5cecdd4b747b5b8244863c0d42c75""},""join_samples"":{""date"":""2026-09-22"",""run_id"":""66479cb411414ac68408a0eb73732b43""},""upload_data"":{""date"":""2026-09-22"",""run_id"":""2d2ef995ec9943ff977cf7535bb16978""}}"
793,293,"26.031355400000002 , -98.3874803","25.9876492 , -98.43150080000001",urban-rural,mixed,1453,"{""sample_routes"":{""date"":""2026-09-22"",""run_id"":""eda5cecdd4b747b5b8244863c0d42c75""},""join_samples"":{""date"":""2026-09-22"",""run_id"":""66479cb411414ac68408a0eb73732b43""},""upload_data"":{""date"":""2026-09-22"",""run_id"":""2d2ef995ec9943ff977cf7535bb16978""}}"
794,294,"21.2075424 , -101.0064981","21.1535395 , -100.9527199",rural-urban,mixed,1547,"{""sample_routes"":{""date"":""2026-09-22"",""run_id"":""eda5cecdd4b747b5b8244863c0d42c75""},""join_samples"":{""date"":""2026-09-22"",""run_id"":""66479cb411414ac68408a0eb73732b43""},""upload_data"":{""date"":""2026-09-22"",""run_id"":""2d2ef995ec9943ff977cf7535bb16978""}}"
795,295,"28.435483700000002 , -106.8164608","28.369294600000003 , -106.7506742",urban-rural,mixed,1548,"{""sample_routes"":{""date"":""2026-09-22"",""run_id"":""eda5cecdd4b747b5b8244863c0d42c75""},""join_samples"":{""date"":""2026-09-22"",""run_id"":""66479cb411414ac68408a0eb73732b43""},""upload_data"":{""date"":""2026-09-22"",""run_id"":""2d2ef995ec9943ff977cf7535bb16978""}}"
796,296,"16.3522131 , -96.5522316","16.3525297 , -96.62094180000001",rural-rural,mixed,1550,"{""sample_routes"":{""date"":""2026-09-22"",""run_id"":""eda5cecdd4b747b5b8244863c0d42c75""},""join_samples"":{""date"":""2026-09-22"",""run_id"":""66479cb411414ac68408a0eb73732b43""},""upload_data"":{""date"":""2026-09-22"",""run_id"":""2d2ef995ec9943ff977cf7535bb16978""}}"
797,297,"20.939382900000002 , -89.7095134","20.888124100000002 , -89.7091412",rural-rural,mixed,1450,"{""sample_routes"":{""date"":""2026-09-22"",""run_id"":""eda5cecdd4b747b5b8244863c0d42c75""},""join_samples"":{""date"":""2026-09-22"",""run_id"":""66479cb411414ac68408a0eb73732b43""},""upload_data"":{""date"":""2026-09-22"",""run_id"":""2d2ef995ec9943ff977cf7535bb16978""}}"
798,298,"20.8628672 , -97.72578060000001","20.9213615 , -97.7260816",rural-rural,mixed,1552,"{""sample_routes"":{""date"":""2026-09-22"",""run_id"":""eda5cecdd4b747b5b8244863c0d42c75""},""join_samples"":{""date"":""2026-09-22"",""run_id"":""66479cb411414ac68408a0eb73732b43""},""upload_data"":{""date"":""2026-09-22"",""run_id"":""2d2ef995ec9943ff977cf7535bb16978""}}"
799,299,"27.9750264 , -110.81874710000001","27.974754700000002 , -110.913672",urban-urban,mixed,1552,"{""sample_routes"":{""date"":""2026-09-22"",""run_id"":""eda5cecdd4b747b5b8244863c0d42c75""},""join_samples"":{""date"":""2026-09-22"",""run_id"":""66479cb411414ac68408a0eb73732b43""},""upload_data"":{""date"":""2026-09-22"",""run_id"":""2d2ef995ec9943ff977cf7535bb16978""}}"
800,300,"25.744958800000003 , -100.17122090000001","25.8182687 , -100.0983355",urban-rural,mixed,1553,"{""sample_routes"":{""date"":""2026-09-22"",""run_id"":""eda5cecdd4b747b5b8244863c0d42c75""},""join_samples"":{""date"":""2026-09-22"",""run_id"":""66479cb411414ac68408a0eb73732b43""},""upload_data"":{""date"":""2026-09-22"",""run_id"":""2d2ef995ec9943ff977cf7535bb16978""}}"
801,301,"18.848477000000003 , -97.9176649","18.7934918 , -97.8628609",urban-rural,mixed,1445,"{""sample_routes"":{""date"":""2026-09-22"",""run_id"":""eda5cecdd4b747b5b8244863c0d42c75""},""join_samples"":{""date"":""2026-09-22"",""run_id"":""66479cb411414ac68408a0eb73732b43""},""upload_data"":{""date"":""2026-09-22"",""run_id"":""2d2ef995ec9943ff977cf7535bb16978""}}"
802,302,"25.279321600000003 , -100.02321570000001","25.2794999 , -99.9640258",urban-rural,mixed,1443,"{""sample_routes"":{""date"":""2026-09-22"",""run_id"":""eda5cecdd4b747b5b8244863c0d42c75""},""join_samples"":{""date"":""2026-09-22"",""run_id"":""66479cb411414ac68408a0eb73732b43""},""upload_data"":{""date"":""2026-09-22"",""run_id"":""2d2ef995ec9943ff977cf7535bb16978""}}"
803,303,"19.0033204 , -97.951756","19.0030433 , -97.88967760000001",rural-urban,mixed,1443,"{""sample_routes"":{""date"":""2026-09-22"",""run_id"":""eda5cecdd4b747b5b8244863c0d42c75""},""join_samples"":{""date"":""2026-09-22"",""run_id"":""66479cb411414ac68408a0eb73732b43""},""upload_data"":{""date"":""2026-09-22"",""run_id"":""2d2ef995ec9943ff977cf7535bb16978""}}"
804,304,"19.5904183 , -99.7767208","19.6399326 , -99.82605550000001",urban-urban,mixed,1557,"{""sample_routes"":{""date"":""2026-09-22"",""run_id"":""eda5cecdd4b747b5b8244863c0d42c75""},""join_samples"":{""date"":""2026-09-22"",""run_id"":""66479cb411414ac68408a0eb73732b43""},""upload_data"":{""date"":""2026-09-22"",""run_id"":""2d2ef995ec9943ff977cf7535bb16978""}}"
805,305,"25.776060500000003 , -100.2811643","25.9036349 , -100.1538931",urban-urban,mixed,1558,"{""sample_routes"":{""date"":""2026-09-22"",""run_id"":""eda5cecdd4b747b5b8244863c0d42c75""},""join_samples"":{""date"":""2026-09-22"",""run_id"":""66479cb411414ac68408a0eb73732b43""},""upload_data"":{""date"":""2026-09-22"",""run_id"":""2d2ef995ec9943ff977cf7535bb16978""}}"
806,306,"20.931662000000003 , -89.609634","20.8604893 , -89.60987440000001",urban-rural,mixed,1560,"{""sample_routes"":{""date"":""2026-09-22"",""run_id"":""eda5cecdd4b747b5b8244863c0d42c75""},""join_samples"":{""date"":""2026-09-22"",""run_id"":""66479cb411414ac68408a0eb73732b43""},""upload_data"":{""date"":""2026-09-22"",""run_id"":""2d2ef995ec9943ff977cf7535bb16978""}}"
807,307,"25.7996859 , -108.49395050000001","25.737719600000002 , -108.43175020000001",urban-rural,mixed,1560,"{""sample_routes"":{""date"":""2026-09-22"",""run_id"":""eda5cecdd4b747b5b8244863c0d42c75""},""join_samples"":{""date"":""2026-09-22"",""run_id"":""66479cb411414ac68408a0eb73732b43""},""upload_data"":{""date"":""2026-09-22"",""run_id"":""2d2ef995ec9943ff977cf7535bb16978""}}"
808,308,"28.6060093 , -105.96278810000001","28.684373500000003 , -106.04161690000001",rural-rural,mixed,1560,"{""sample_routes"":{""date"":""2026-09-22"",""run_id"":""eda5cecdd4b747b5b8244863c0d42c75""},""join_samples"":{""date"":""2026-09-22"",""run_id"":""66479cb411414ac68408a0eb73732b43""},""upload_data"":{""date"":""2026-09-22"",""run_id"":""2d2ef995ec9943ff977cf7535bb16978""}}"
809,309,"18.562975400000003 , -98.4705354","18.5632576 , -98.53607120000001",rural-urban,mixed,1560,"{""sample_routes"":{""date"":""2026-09-22"",""run_id"":""eda5cecdd4b747b5b8244863c0d42c75""},""join_samples"":{""date"":""2026-09-22"",""run_id"":""66479cb411414ac68408a0eb73732b43""},""upload_data"":{""date"":""2026-09-22"",""run_id"":""2d2ef995ec9943ff977cf7535bb16978""}}"
810,310,"21.0042492 , -89.87915840000001","20.908291600000002 , -89.97538270000001",urban-urban,mixed,1560,"{""sample_routes"":{""date"":""2026-09-22"",""run_id"":""eda5cecdd4b747b5b8244863c0d42c75""},""join_samples"":{""date"":""2026-09-22"",""run_id"":""66479cb411414ac68408a0eb73732b43""},""upload_data"":{""date"":""2026-09-22"",""run_id"":""2d2ef995ec9943ff977cf7535bb16978""}}"
811,311,"18.848553300000003 , -98.52334970000001","18.9183565 , -98.5236258",rural-rural,mixed,1562,"{""sample_routes"":{""date"":""2026-09-22"",""run_id"":""eda5cecdd4b747b5b8244863c0d42c75""},""join_samples"":{""date"":""2026-09-22"",""run_id"":""66479cb411414ac68408a0eb73732b43""},""upload_data"":{""date"":""2026-09-22"",""run_id"":""2d2ef995ec9943ff977cf7535bb16978""}}"
812,312,"17.926181200000002 , -92.9844444","17.9262118 , -93.0498084",urban-rural,mixed,1562,"{""sample_routes"":{""date"":""2026-09-22"",""run_id"":""eda5cecdd4b747b5b8244863c0d42c75""},""join_samples"":{""date"":""2026-09-22"",""run_id"":""66479cb411414ac68408a0eb73732b43""},""upload_data"":{""date"":""2026-09-22"",""run_id"":""2d2ef995ec9943ff977cf7535bb16978""}}"
813,313,"16.8021973 , -96.66447640000001","16.733064900000002 , -96.6648016",urban-rural,mixed,1437,"{""sample_routes"":{""date"":""2026-09-22"",""run_id"":""eda5cecdd4b747b5b8244863c0d42c75""},""join_samples"":{""date"":""2026-09-22"",""run_id"":""66479cb411414ac68408a0eb73732b43""},""upload_data"":{""date"":""2026-09-22"",""run_id"":""2d2ef995ec9943ff977cf7535bb16978""}}"
814,314,"19.670208300000002 , -101.382874","19.6703106 , -101.3009097",rural-urban,mixed,1564,"{""sample_routes"":{""date"":""2026-09-22"",""run_id"":""eda5cecdd4b747b5b8244863c0d42c75""},""join_samples"":{""date"":""2026-09-22"",""run_id"":""66479cb411414ac68408a0eb73732b43""},""upload_data"":{""date"":""2026-09-22"",""run_id"":""2d2ef995ec9943ff977cf7535bb16978""}}"
815,315,"19.7534537 , -101.20181950000001","19.753043400000003 , -101.1395176",urban-rural,mixed,1564,"{""sample_routes"":{""date"":""2026-09-22"",""run_id"":""eda5cecdd4b747b5b8244863c0d42c75""},""join_samples"":{""date"":""2026-09-22"",""run_id"":""66479cb411414ac68408a0eb73732b43""},""upload_data"":{""date"":""2026-09-22"",""run_id"":""2d2ef995ec9943ff977cf7535bb16978""}}"
816,316,"24.129701800000003 , -110.27337990000001","24.192205700000002 , -110.2105616",urban-rural,mixed,1435,"{""sample_routes"":{""date"":""2026-09-22"",""run_id"":""eda5cecdd4b747b5b8244863c0d42c75""},""join_samples"":{""date"":""2026-09-22"",""run_id"":""66479cb411414ac68408a0eb73732b43""},""upload_data"":{""date"":""2026-09-22"",""run_id"":""2d2ef995ec9943ff977cf7535bb16978""}}"
817,317,"18.8632695 , -97.7086132","18.8082227 , -97.76353350000001",urban-rural,mixed,1435,"{""sample_routes"":{""date"":""2026-09-22"",""run_id"":""eda5cecdd4b747b5b8244863c0d42c75""},""join_samples"":{""date"":""2026-09-22"",""run_id"":""66479cb411414ac68408a0eb73732b43""},""upload_data"":{""date"":""2026-09-22"",""run_id"":""2d2ef995ec9943ff977cf7535bb16978""}}"
818,318,"16.9087778 , -99.83367430000001","16.9672956 , -99.8921863",urban-rural,mixed,1435,"{""sample_routes"":{""date"":""2026-09-22"",""run_id"":""eda5cecdd4b747b5b8244863c0d42c75""},""join_samples"":{""date"":""2026-09-22"",""run_id"":""66479cb411414ac68408a0eb73732b43""},""upload_data"":{""date"":""2026-09-22"",""run_id"":""2d2ef995ec9943ff977cf7535bb16978""}}"
819,319,"20.670121700000003 , -101.32885130000001","20.5723199 , -101.2314633",urban-urban,mixed,1566,"{""sample_routes"":{""date"":""2026-09-22"",""run_id"":""eda5cecdd4b747b5b8244863c0d42c75""},""join_samples"":{""date"":""2026-09-22"",""run_id"":""66479cb411414ac68408a0eb73732b43""},""upload_data"":{""date"":""2026-09-22"",""run_id"":""2d2ef995ec9943ff977cf7535bb16978""}}"
820,320,"21.3701878 , -101.942429","21.418036500000003 , -101.99011270000001",urban-rural,mixed,1434,"{""sample_routes"":{""date"":""2026-09-22"",""run_id"":""eda5cecdd4b747b5b8244863c0d42c75""},""join_samples"":{""date"":""2026-09-22"",""run_id"":""66479cb411414ac68408a0eb73732b43""},""upload_data"":{""date"":""2026-09-22"",""run_id"":""2d2ef995ec9943ff977cf7535bb16978""}}"
821,321,"17.6423841 , -99.86529390000001","17.6719036 , -99.8650923",rural-rural,mixed,1567,"{""sample_routes"":{""date"":""2026-09-22"",""run_id"":""eda5cecdd4b747b5b8244863c0d42c75""},""join_samples"":{""date"":""2026-09-22"",""run_id"":""66479cb411414ac68408a0eb73732b43""},""upload_data"":{""date"":""2026-09-22"",""run_id"":""2d2ef995ec9943ff977cf7535bb16978""}}"
822,322,"21.104638400000002 , -89.29294390000001","21.1051031 , -89.3695076",urban-rural,mixed,1567,"{""sample_routes"":{""date"":""2026-09-22"",""run_id"":""eda5cecdd4b747b5b8244863c0d42c75""},""join_samples"":{""date"":""2026-09-22"",""run_id"":""66479cb411414ac68408a0eb73732b43""},""upload_data"":{""date"":""2026-09-22"",""run_id"":""2d2ef995ec9943ff977cf7535bb16978""}}"
823,323,"17.9398658 , -94.99706","17.9776157 , -94.959501",rural-urban,mixed,1569,"{""sample_routes"":{""date"":""2026-09-22"",""run_id"":""eda5cecdd4b747b5b8244863c0d42c75""},""join_samples"":{""date"":""2026-09-22"",""run_id"":""66479cb411414ac68408a0eb73732b43""},""upload_data"":{""date"":""2026-09-22"",""run_id"":""2d2ef995ec9943ff977cf7535bb16978""}}"
824,324,"18.7257581 , -99.3326959","18.683508800000002 , -99.37514730000001",urban-rural,mixed,1571,"{""sample_routes"":{""date"":""2026-09-22"",""run_id"":""eda5cecdd4b747b5b8244863c0d42c75""},""join_samples"":{""date"":""2026-09-22"",""run_id"":""66479cb411414ac68408a0eb73732b43""},""upload_data"":{""date"":""2026-09-22"",""run_id"":""2d2ef995ec9943ff977cf7535bb16978""}}"
825,325,"21.8581974 , -102.2614004","21.7879776 , -102.261402",urban-rural,mixed,1571,"{""sample_routes"":{""date"":""2026-09-22"",""run_id"":""eda5cecdd4b747b5b8244863c0d42c75""},""join_samples"":{""date"":""2026-09-22"",""run_id"":""66479cb411414ac68408a0eb73732b43""},""upload_data"":{""date"":""2026-09-22"",""run_id"":""2d2ef995ec9943ff977cf7535bb16978""}}"
826,326,"21.119656600000003 , -101.6390331","21.0145543 , -101.6385669",urban-rural,mixed,1426,"{""sample_routes"":{""date"":""2026-09-22"",""run_id"":""eda5cecdd4b747b5b8244863c0d42c75""},""join_samples"":{""date"":""2026-09-22"",""run_id"":""66479cb411414ac68408a0eb73732b43""},""upload_data"":{""date"":""2026-09-22"",""run_id"":""2d2ef995ec9943ff977cf7535bb16978""}}"
827,327,"19.7742089 , -101.1385717","19.728511400000002 , -101.1381272",urban-urban,mixed,1424,"{""sample_routes"":{""date"":""2026-09-22"",""run_id"":""eda5cecdd4b747b5b8244863c0d42c75""},""join_samples"":{""date"":""2026-09-22"",""run_id"":""66479cb411414ac68408a0eb73732b43""},""upload_data"":{""date"":""2026-09-22"",""run_id"":""2d2ef995ec9943ff977cf7535bb16978""}}"
828,328,"19.393587200000002 , -99.9768466","19.4433678 , -100.0265171",rural-rural,mixed,1422,"{""sample_routes"":{""date"":""2026-09-22"",""run_id"":""eda5cecdd4b747b5b8244863c0d42c75""},""join_samples"":{""date"":""2026-09-22"",""run_id"":""66479cb411414ac68408a0eb73732b43""},""upload_data"":{""date"":""2026-09-22"",""run_id"":""2d2ef995ec9943ff977cf7535bb16978""}}"
829,329,"28.6184809 , -106.10065130000001","28.52843 , -106.19092520000001",urban-rural,mixed,1578,"{""sample_routes"":{""date"":""2026-09-22"",""run_id"":""eda5cecdd4b747b5b8244863c0d42c75""},""join_samples"":{""date"":""2026-09-22"",""run_id"":""66479cb411414ac68408a0eb73732b43""},""upload_data"":{""date"":""2026-09-22"",""run_id"":""2d2ef995ec9943ff977cf7535bb16978""}}"
830,330,"16.336907500000002 , -96.5968873","16.416277700000002 , -96.5969038",urban-rural,mixed,1417,"{""sample_routes"":{""date"":""2026-09-22"",""run_id"":""eda5cecdd4b747b5b8244863c0d42c75""},""join_samples"":{""date"":""2026-09-22"",""run_id"":""66479cb411414ac68408a0eb73732b43""},""upload_data"":{""date"":""2026-09-22"",""run_id"":""2d2ef995ec9943ff977cf7535bb16978""}}"
831,331,"19.779623 , -97.2585042","19.7171869 , -97.25837680000001",urban-rural,mixed,1416,"{""sample_routes"":{""date"":""2026-09-22"",""run_id"":""eda5cecdd4b747b5b8244863c0d42c75""},""join_samples"":{""date"":""2026-09-22"",""run_id"":""66479cb411414ac68408a0eb73732b43""},""upload_data"":{""date"":""2026-09-22"",""run_id"":""2d2ef995ec9943ff977cf7535bb16978""}}"
832,332,"28.391198600000003 , -106.8009777","28.431637900000002 , -106.76070440000001",rural-rural,mixed,1584,"{""sample_routes"":{""date"":""2026-09-22"",""run_id"":""eda5cecdd4b747b5b8244863c0d42c75""},""join_samples"":{""date"":""2026-09-22"",""run_id"":""66479cb411414ac68408a0eb73732b43""},""upload_data"":{""date"":""2026-09-22"",""run_id"":""2d2ef995ec9943ff977cf7535bb16978""}}"
833,333,"28.740689500000002 , -105.9848144","28.8357819 , -105.8892962",rural-urban,mixed,1584,"{""sample_routes"":{""date"":""2026-09-22"",""run_id"":""eda5cecdd4b747b5b8244863c0d42c75""},""join_samples"":{""date"":""2026-09-22"",""run_id"":""66479cb411414ac68408a0eb73732b43""},""upload_data"":{""date"":""2026-09-22"",""run_id"":""2d2ef995ec9943ff977cf7535bb16978""}}"
834,334,"18.5897905 , -95.4387409","18.550218400000002 , -95.47795860000001",urban-rural,mixed,1416,"{""sample_routes"":{""date"":""2026-09-22"",""run_id"":""eda5cecdd4b747b5b8244863c0d42c75""},""join_samples"":{""date"":""2026-09-22"",""run_id"":""66479cb411414ac68408a0eb73732b43""},""upload_data"":{""date"":""2026-09-22"",""run_id"":""2d2ef995ec9943ff977cf7535bb16978""}}"
835,335,"18.419374100000002 , -95.1109036","18.370347300000002 , -95.11090100000001",urban-rural,mixed,1414,"{""sample_routes"":{""date"":""2026-09-22"",""run_id"":""eda5cecdd4b747b5b8244863c0d42c75""},""join_samples"":{""date"":""2026-09-22"",""run_id"":""66479cb411414ac68408a0eb73732b43""},""upload_data"":{""date"":""2026-09-22"",""run_id"":""2d2ef995ec9943ff977cf7535bb16978""}}"
836,336,"25.988703100000002 , -98.1297936","25.988377900000003 , -98.2221646",urban-rural,mixed,1412,"{""sample_routes"":{""date"":""2026-09-22"",""run_id"":""eda5cecdd4b747b5b8244863c0d42c75""},""join_samples"":{""date"":""2026-09-22"",""run_id"":""66479cb411414ac68408a0eb73732b43""},""upload_data"":{""date"":""2026-09-22"",""run_id"":""2d2ef995ec9943ff977cf7535bb16978""}}"
837,337,"20.0862172 , -97.0459807","20.1186179 , -97.01335560000001",urban-rural,mixed,1412,"{""sample_routes"":{""date"":""2026-09-22"",""run_id"":""eda5cecdd4b747b5b8244863c0d42c75""},""join_samples"":{""date"":""2026-09-22"",""run_id"":""66479cb411414ac68408a0eb73732b43""},""upload_data"":{""date"":""2026-09-22"",""run_id"":""2d2ef995ec9943ff977cf7535bb16978""}}"
838,338,"25.031735100000002 , -105.4453048","25.0843284 , -105.445502",rural-rural,mixed,1589,"{""sample_routes"":{""date"":""2026-09-22"",""run_id"":""eda5cecdd4b747b5b8244863c0d42c75""},""join_samples"":{""date"":""2026-09-22"",""run_id"":""66479cb411414ac68408a0eb73732b43""},""upload_data"":{""date"":""2026-09-22"",""run_id"":""2d2ef995ec9943ff977cf7535bb16978""}}"
839,339,"22.145409400000002 , -100.89829320000001","22.090111800000003 , -100.8430058",urban-rural,mixed,1590,"{""sample_routes"":{""date"":""2026-09-22"",""run_id"":""eda5cecdd4b747b5b8244863c0d42c75""},""join_samples"":{""date"":""2026-09-22"",""run_id"":""66479cb411414ac68408a0eb73732b43""},""upload_data"":{""date"":""2026-09-22"",""run_id"":""2d2ef995ec9943ff977cf7535bb16978""}}"
840,340,"20.8978879 , -101.28747050000001","20.9383971 , -101.3278672",rural-rural,mixed,1590,"{""sample_routes"":{""date"":""2026-09-22"",""run_id"":""eda5cecdd4b747b5b8244863c0d42c75""},""join_samples"":{""date"":""2026-09-22"",""run_id"":""66479cb411414ac68408a0eb73732b43""},""upload_data"":{""date"":""2026-09-22"",""run_id"":""2d2ef995ec9943ff977cf7535bb16978""}}"
841,341,"18.4466225 , -95.21088560000001","18.4010277 , -95.2567394",urban-rural,mixed,1591,"{""sample_routes"":{""date"":""2026-09-22"",""run_id"":""eda5cecdd4b747b5b8244863c0d42c75""},""join_samples"":{""date"":""2026-09-22"",""run_id"":""66479cb411414ac68408a0eb73732b43""},""upload_data"":{""date"":""2026-09-22"",""run_id"":""2d2ef995ec9943ff977cf7535bb16978""}}"
842,342,"21.9597376 , -105.1401747","21.9189168 , -105.1808029",urban-rural,mixed,1409,"{""sample_routes"":{""date"":""2026-09-22"",""run_id"":""eda5cecdd4b747b5b8244863c0d42c75""},""join_samples"":{""date"":""2026-09-22"",""run_id"":""66479cb411414ac68408a0eb73732b43""},""upload_data"":{""date"":""2026-09-22"",""run_id"":""2d2ef995ec9943ff977cf7535bb16978""}}"
843,343,"19.9509517 , -97.21947800000001","19.9078024 , -97.21903680000001",urban-rural,mixed,1406,"{""sample_routes"":{""date"":""2026-09-22"",""run_id"":""eda5cecdd4b747b5b8244863c0d42c75""},""join_samples"":{""date"":""2026-09-22"",""run_id"":""66479cb411414ac68408a0eb73732b43""},""upload_data"":{""date"":""2026-09-22"",""run_id"":""2d2ef995ec9943ff977cf7535bb16978""}}"
844,344,"20.658654300000002 , -100.41214760000001","20.7136201 , -100.46708220000001",urban-rural,mixed,1594,"{""sample_routes"":{""date"":""2026-09-22"",""run_id"":""eda5cecdd4b747b5b8244863c0d42c75""},""join_samples"":{""date"":""2026-09-22"",""run_id"":""66479cb411414ac68408a0eb73732b43""},""upload_data"":{""date"":""2026-09-22"",""run_id"":""2d2ef995ec9943ff977cf7535bb16978""}}"
845,345,"22.108539 , -102.22622840000001","22.0538095 , -102.2807396",rural-urban,mixed,1595,"{""sample_routes"":{""date"":""2026-09-22"",""run_id"":""eda5cecdd4b747b5b8244863c0d42c75""},""join_samples"":{""date"":""2026-09-22"",""run_id"":""66479cb411414ac68408a0eb73732b43""},""upload_data"":{""date"":""2026-09-22"",""run_id"":""2d2ef995ec9943ff977cf7535bb16978""}}"
846,346,"26.042820300000002 , -111.36588830000001","26.003561100000002 , -111.40534960000001",urban-rural,mixed,1405,"{""sample_routes"":{""date"":""2026-09-22"",""run_id"":""eda5cecdd4b747b5b8244863c0d42c75""},""join_samples"":{""date"":""2026-09-22"",""run_id"":""66479cb411414ac68408a0eb73732b43""},""upload_data"":{""date"":""2026-09-22"",""run_id"":""2d2ef995ec9943ff977cf7535bb16978""}}"
847,347,"21.0031424 , -89.55888510000001","21.053886000000002 , -89.5085779",urban-rural,mixed,1595,"{""sample_routes"":{""date"":""2026-09-22"",""run_id"":""eda5cecdd4b747b5b8244863c0d42c75""},""join_samples"":{""date"":""2026-09-22"",""run_id"":""66479cb411414ac68408a0eb73732b43""},""upload_data"":{""date"":""2026-09-22"",""run_id"":""2d2ef995ec9943ff977cf7535bb16978""}}"
848,348,"14.983745 , -92.1646762","14.9839234 , -92.2188091",urban-rural,mixed,1599,"{""sample_routes"":{""date"":""2026-09-22"",""run_id"":""eda5cecdd4b747b5b8244863c0d42c75""},""join_samples"":{""date"":""2026-09-22"",""run_id"":""66479cb411414ac68408a0eb73732b43""},""upload_data"":{""date"":""2026-09-22"",""run_id"":""2d2ef995ec9943ff977cf7535bb16978""}}"
849,349,"19.923101000000003 , -97.22245120000001","19.922742900000003 , -97.2556382",urban-rural,mixed,1599,"{""sample_routes"":{""date"":""2026-09-22"",""run_id"":""eda5cecdd4b747b5b8244863c0d42c75""},""join_samples"":{""date"":""2026-09-22"",""run_id"":""66479cb411414ac68408a0eb73732b43""},""upload_data"":{""date"":""2026-09-22"",""run_id"":""2d2ef995ec9943ff977cf7535bb16978""}}"
850,350,"25.782276000000003 , -100.1885493","25.668871300000003 , -100.07535510000001",urban-urban,mixed,1400,"{""sample_routes"":{""date"":""2026-09-22"",""run_id"":""eda5cecdd4b747b5b8244863c0d42c75""},""join_samples"":{""date"":""2026-09-22"",""run_id"":""66479cb411414ac68408a0eb73732b43""},""upload_data"":{""date"":""2026-09-22"",""run_id"":""2d2ef995ec9943ff977cf7535bb16978""}}"
851,351,"18.911912700000002 , -96.9840276","18.937849500000002 , -96.9579726",urban-rural,mixed,1399,"{""sample_routes"":{""date"":""2026-09-22"",""run_id"":""eda5cecdd4b747b5b8244863c0d42c75""},""join_samples"":{""date"":""2026-09-22"",""run_id"":""66479cb411414ac68408a0eb73732b43""},""upload_data"":{""date"":""2026-09-22"",""run_id"":""2d2ef995ec9943ff977cf7535bb16978""}}"
852,352,"20.2847811 , -98.6533079","20.2241578 , -98.6537699",urban-rural,mixed,1603,"{""sample_routes"":{""date"":""2026-09-22"",""run_id"":""eda5cecdd4b747b5b8244863c0d42c75""},""join_samples"":{""date"":""2026-09-22"",""run_id"":""66479cb411414ac68408a0eb73732b43""},""upload_data"":{""date"":""2026-09-22"",""run_id"":""2d2ef995ec9943ff977cf7535bb16978""}}"
853,353,"25.665351 , -100.10670710000001","25.7951833 , -100.10666280000001",urban-rural,mixed,1603,"{""sample_routes"":{""date"":""2026-09-22"",""run_id"":""eda5cecdd4b747b5b8244863c0d42c75""},""join_samples"":{""date"":""2026-09-22"",""run_id"":""66479cb411414ac68408a0eb73732b43""},""upload_data"":{""date"":""2026-09-22"",""run_id"":""2d2ef995ec9943ff977cf7535bb16978""}}"
854,354,"18.955907800000002 , -98.26192350000001","18.9053469 , -98.2109884",urban-rural,mixed,1604,"{""sample_routes"":{""date"":""2026-09-22"",""run_id"":""eda5cecdd4b747b5b8244863c0d42c75""},""join_samples"":{""date"":""2026-09-22"",""run_id"":""66479cb411414ac68408a0eb73732b43""},""upload_data"":{""date"":""2026-09-22"",""run_id"":""2d2ef995ec9943ff977cf7535bb16978""}}"
855,355,"18.969616300000002 , -98.3078648","19.051886500000002 , -98.30754680000001",rural-urban,mixed,1605,"{""sample_routes"":{""date"":""2026-09-22"",""run_id"":""eda5cecdd4b747b5b8244863c0d42c75""},""join_samples"":{""date"":""2026-09-22"",""run_id"":""66479cb411414ac68408a0eb73732b43""},""upload_data"":{""date"":""2026-09-22"",""run_id"":""2d2ef995ec9943ff977cf7535bb16978""}}"
856,356,"20.446117700000002 , -99.95767620000001","20.465852700000003 , -99.9769806",rural-rural,mixed,1395,"{""sample_routes"":{""date"":""2026-09-22"",""run_id"":""eda5cecdd4b747b5b8244863c0d42c75""},""join_samples"":{""date"":""2026-09-22"",""run_id"":""66479cb411414ac68408a0eb73732b43""},""upload_data"":{""date"":""2026-09-22"",""run_id"":""2d2ef995ec9943ff977cf7535bb16978""}}"
857,357,"23.2615382 , -106.4519027","23.3413828 , -106.4517172",urban-rural,mixed,1606,"{""sample_routes"":{""date"":""2026-09-22"",""run_id"":""eda5cecdd4b747b5b8244863c0d42c75""},""join_samples"":{""date"":""2026-09-22"",""run_id"":""66479cb411414ac68408a0eb73732b43""},""upload_data"":{""date"":""2026-09-22"",""run_id"":""2d2ef995ec9943ff977cf7535bb16978""}}"
858,358,"18.9412902 , -99.0079522","18.8435147 , -98.9102541",rural-urban,mixed,1606,"{""sample_routes"":{""date"":""2026-09-22"",""run_id"":""eda5cecdd4b747b5b8244863c0d42c75""},""join_samples"":{""date"":""2026-09-22"",""run_id"":""66479cb411414ac68408a0eb73732b43""},""upload_data"":{""date"":""2026-09-22"",""run_id"":""2d2ef995ec9943ff977cf7535bb16978""}}"
859,359,"25.903438700000002 , -100.28830140000001","25.7680398 , -100.2887594",urban-urban,mixed,1394,"{""sample_routes"":{""date"":""2026-09-22"",""run_id"":""eda5cecdd4b747b5b8244863c0d42c75""},""join_samples"":{""date"":""2026-09-22"",""run_id"":""66479cb411414ac68408a0eb73732b43""},""upload_data"":{""date"":""2026-09-22"",""run_id"":""2d2ef995ec9943ff977cf7535bb16978""}}"
860,360,"21.938469700000002 , -100.0405669","21.9019125 , -100.0775462",urban-rural,mixed,1393,"{""sample_routes"":{""date"":""2026-09-22"",""run_id"":""eda5cecdd4b747b5b8244863c0d42c75""},""join_samples"":{""date"":""2026-09-22"",""run_id"":""66479cb411414ac68408a0eb73732b43""},""upload_data"":{""date"":""2026-09-22"",""run_id"":""2d2ef995ec9943ff977cf7535bb16978""}}"
861,361,"19.772181800000002 , -97.2478578","19.6995794 , -97.3201561",urban-rural,mixed,1608,"{""sample_routes"":{""date"":""2026-09-22"",""run_id"":""eda5cecdd4b747b5b8244863c0d42c75""},""join_samples"":{""date"":""2026-09-22"",""run_id"":""66479cb411414ac68408a0eb73732b43""},""upload_data"":{""date"":""2026-09-22"",""run_id"":""2d2ef995ec9943ff977cf7535bb16978""}}"
862,362,"20.905422700000003 , -103.9703326","20.846116900000002 , -104.02961160000001",urban-rural,mixed,1609,"{""sample_routes"":{""date"":""2026-09-22"",""run_id"":""eda5cecdd4b747b5b8244863c0d42c75""},""join_samples"":{""date"":""2026-09-22"",""run_id"":""66479cb411414ac68408a0eb73732b43""},""upload_data"":{""date"":""2026-09-22"",""run_id"":""2d2ef995ec9943ff977cf7535bb16978""}}"
863,363,"18.440459 , -95.29225190000001","18.4687755 , -95.26374530000001",urban-rural,mixed,1609,"{""sample_routes"":{""date"":""2026-09-22"",""run_id"":""eda5cecdd4b747b5b8244863c0d42c75""},""join_samples"":{""date"":""2026-09-22"",""run_id"":""66479cb411414ac68408a0eb73732b43""},""upload_data"":{""date"":""2026-09-22"",""run_id"":""2d2ef995ec9943ff977cf7535bb16978""}}"
864,364,"21.3729404 , -101.93919960000001","21.3200135 , -101.8861234",urban-rural,mixed,1610,"{""sample_routes"":{""date"":""2026-09-22"",""run_id"":""eda5cecdd4b747b5b8244863c0d42c75""},""join_samples"":{""date"":""2026-09-22"",""run_id"":""66479cb411414ac68408a0eb73732b43""},""upload_data"":{""date"":""2026-09-22"",""run_id"":""2d2ef995ec9943ff977cf7535bb16978""}}"
865,365,"18.3730446 , -95.754153","18.450027900000002 , -95.8314442",urban-rural,mixed,1612,"{""sample_routes"":{""date"":""2026-09-22"",""run_id"":""eda5cecdd4b747b5b8244863c0d42c75""},""join_samples"":{""date"":""2026-09-22"",""run_id"":""66479cb411414ac68408a0eb73732b43""},""upload_data"":{""date"":""2026-09-22"",""run_id"":""2d2ef995ec9943ff977cf7535bb16978""}}"
866,366,"17.5437613 , -98.56652840000001","17.5809205 , -98.60396970000001",urban-rural,mixed,1612,"{""sample_routes"":{""date"":""2026-09-22"",""run_id"":""eda5cecdd4b747b5b8244863c0d42c75""},""join_samples"":{""date"":""2026-09-22"",""run_id"":""66479cb411414ac68408a0eb73732b43""},""upload_data"":{""date"":""2026-09-22"",""run_id"":""2d2ef995ec9943ff977cf7535bb16978""}}"
867,367,"21.0068324 , -89.3899564","20.9376086 , -89.3900261",urban-rural,mixed,1387,"{""sample_routes"":{""date"":""2026-09-22"",""run_id"":""eda5cecdd4b747b5b8244863c0d42c75""},""join_samples"":{""date"":""2026-09-22"",""run_id"":""66479cb411414ac68408a0eb73732b43""},""upload_data"":{""date"":""2026-09-22"",""run_id"":""2d2ef995ec9943ff977cf7535bb16978""}}"
868,368,"21.871057200000003 , -102.2948575","21.804570400000003 , -102.29530770000001",urban-rural,mixed,1387,"{""sample_routes"":{""date"":""2026-09-22"",""run_id"":""eda5cecdd4b747b5b8244863c0d42c75""},""join_samples"":{""date"":""2026-09-22"",""run_id"":""66479cb411414ac68408a0eb73732b43""},""upload_data"":{""date"":""2026-09-22"",""run_id"":""2d2ef995ec9943ff977cf7535bb16978""}}"
869,369,"25.8763572 , -97.55437450000001","25.876079200000003 , -97.624104",urban-rural,mixed,1387,"{""sample_routes"":{""date"":""2026-09-22"",""run_id"":""eda5cecdd4b747b5b8244863c0d42c75""},""join_samples"":{""date"":""2026-09-22"",""run_id"":""66479cb411414ac68408a0eb73732b43""},""upload_data"":{""date"":""2026-09-22"",""run_id"":""2d2ef995ec9943ff977cf7535bb16978""}}"
870,370,"28.611925900000003 , -106.0866524","28.516138700000003 , -106.1820352",urban-rural,mixed,1387,"{""sample_routes"":{""date"":""2026-09-22"",""run_id"":""eda5cecdd4b747b5b8244863c0d42c75""},""join_samples"":{""date"":""2026-09-22"",""run_id"":""66479cb411414ac68408a0eb73732b43""},""upload_data"":{""date"":""2026-09-22"",""run_id"":""2d2ef995ec9943ff977cf7535bb16978""}}"
871,371,"19.8652745 , -99.85880320000001","19.9657608 , -99.8586882",rural-urban,mixed,1613,"{""sample_routes"":{""date"":""2026-09-22"",""run_id"":""eda5cecdd4b747b5b8244863c0d42c75""},""join_samples"":{""date"":""2026-09-22"",""run_id"":""66479cb411414ac68408a0eb73732b43""},""upload_data"":{""date"":""2026-09-22"",""run_id"":""2d2ef995ec9943ff977cf7535bb16978""}}"
872,372,"18.5389786 , -97.4231771","18.4860767 , -97.4235486",urban-urban,mixed,1386,"{""sample_routes"":{""date"":""2026-09-22"",""run_id"":""eda5cecdd4b747b5b8244863c0d42c75""},""join_samples"":{""date"":""2026-09-22"",""run_id"":""66479cb411414ac68408a0eb73732b43""},""upload_data"":{""date"":""2026-09-22"",""run_id"":""2d2ef995ec9943ff977cf7535bb16978""}}"
873,373,"19.714097600000002 , -101.20425220000001","19.7580077 , -101.1600057",urban-rural,mixed,1615,"{""sample_routes"":{""date"":""2026-09-22"",""run_id"":""eda5cecdd4b747b5b8244863c0d42c75""},""join_samples"":{""date"":""2026-09-22"",""run_id"":""66479cb411414ac68408a0eb73732b43""},""upload_data"":{""date"":""2026-09-22"",""run_id"":""2d2ef995ec9943ff977cf7535bb16978""}}"
874,374,"24.037268 , -104.6570985","24.094839800000003 , -104.65744350000001",urban-rural,mixed,1385,"{""sample_routes"":{""date"":""2026-09-22"",""run_id"":""eda5cecdd4b747b5b8244863c0d42c75""},""join_samples"":{""date"":""2026-09-22"",""run_id"":""66479cb411414ac68408a0eb73732b43""},""upload_data"":{""date"":""2026-09-22"",""run_id"":""2d2ef995ec9943ff977cf7535bb16978""}}"
875,375,"20.5499648 , -100.3852868","20.5500493 , -100.21928070000001",urban-rural,mixed,1615,"{""sample_routes"":{""date"":""2026-09-22"",""run_id"":""eda5cecdd4b747b5b8244863c0d42c75""},""join_samples"":{""date"":""2026-09-22"",""run_id"":""66479cb411414ac68408a0eb73732b43""},""upload_data"":{""date"":""2026-09-22"",""run_id"":""2d2ef995ec9943ff977cf7535bb16978""}}"
876,376,"19.868673700000002 , -97.49922710000001","19.8324578 , -97.5350413",rural-rural,mixed,1615,"{""sample_routes"":{""date"":""2026-09-22"",""run_id"":""eda5cecdd4b747b5b8244863c0d42c75""},""join_samples"":{""date"":""2026-09-22"",""run_id"":""66479cb411414ac68408a0eb73732b43""},""upload_data"":{""date"":""2026-09-22"",""run_id"":""2d2ef995ec9943ff977cf7535bb16978""}}"
877,377,"20.9277234 , -89.68298560000001","20.8704421 , -89.7398836",urban-urban,mixed,1616,"{""sample_routes"":{""date"":""2026-09-22"",""run_id"":""eda5cecdd4b747b5b8244863c0d42c75""},""join_samples"":{""date"":""2026-09-22"",""run_id"":""66479cb411414ac68408a0eb73732b43""},""upload_data"":{""date"":""2026-09-22"",""run_id"":""2d2ef995ec9943ff977cf7535bb16978""}}"
878,378,"19.8916575 , -100.4361252","19.8286358 , -100.3731181",urban-rural,mixed,1617,"{""sample_routes"":{""date"":""2026-09-22"",""run_id"":""eda5cecdd4b747b5b8244863c0d42c75""},""join_samples"":{""date"":""2026-09-22"",""run_id"":""66479cb411414ac68408a0eb73732b43""},""upload_data"":{""date"":""2026-09-22"",""run_id"":""2d2ef995ec9943ff977cf7535bb16978""}}"
879,379,"21.530281000000002 , -102.2502448","21.5954859 , -102.2504734",urban-rural,mixed,1619,"{""sample_routes"":{""date"":""2026-09-22"",""run_id"":""eda5cecdd4b747b5b8244863c0d42c75""},""join_samples"":{""date"":""2026-09-22"",""run_id"":""66479cb411414ac68408a0eb73732b43""},""upload_data"":{""date"":""2026-09-22"",""run_id"":""2d2ef995ec9943ff977cf7535bb16978""}}"
880,380,"16.8908397 , -92.09521430000001","16.9353494 , -92.1394533",urban-rural,mixed,1619,"{""sample_routes"":{""date"":""2026-09-22"",""run_id"":""eda5cecdd4b747b5b8244863c0d42c75""},""join_samples"":{""date"":""2026-09-22"",""run_id"":""66479cb411414ac68408a0eb73732b43""},""upload_data"":{""date"":""2026-09-22"",""run_id"":""2d2ef995ec9943ff977cf7535bb16978""}}"
881,381,"25.798585900000003 , -100.25506560000001","25.8775577 , -100.17576190000001",urban-urban,mixed,1620,"{""sample_routes"":{""date"":""2026-09-22"",""run_id"":""eda5cecdd4b747b5b8244863c0d42c75""},""join_samples"":{""date"":""2026-09-22"",""run_id"":""66479cb411414ac68408a0eb73732b43""},""upload_data"":{""date"":""2026-09-22"",""run_id"":""2d2ef995ec9943ff977cf7535bb16978""}}"
882,382,"15.370393000000002 , -92.24446920000001","15.4101984 , -92.2048536",urban-rural,mixed,1620,"{""sample_routes"":{""date"":""2026-09-22"",""run_id"":""eda5cecdd4b747b5b8244863c0d42c75""},""join_samples"":{""date"":""2026-09-22"",""run_id"":""66479cb411414ac68408a0eb73732b43""},""upload_data"":{""date"":""2026-09-22"",""run_id"":""2d2ef995ec9943ff977cf7535bb16978""}}"
883,383,"21.814939600000002 , -99.5835986","21.7822906 , -99.5835124",rural-urban,mixed,1380,"{""sample_routes"":{""date"":""2026-09-22"",""run_id"":""eda5cecdd4b747b5b8244863c0d42c75""},""join_samples"":{""date"":""2026-09-22"",""run_id"":""66479cb411414ac68408a0eb73732b43""},""upload_data"":{""date"":""2026-09-22"",""run_id"":""2d2ef995ec9943ff977cf7535bb16978""}}"
884,384,"19.6891411 , -99.8522915","19.6440075 , -99.89788490000001",urban-rural,mixed,1379,"{""sample_routes"":{""date"":""2026-09-22"",""run_id"":""eda5cecdd4b747b5b8244863c0d42c75""},""join_samples"":{""date"":""2026-09-22"",""run_id"":""66479cb411414ac68408a0eb73732b43""},""upload_data"":{""date"":""2026-09-22"",""run_id"":""2d2ef995ec9943ff977cf7535bb16978""}}"
885,385,"16.330924800000002 , -96.5974644","16.416836 , -96.5970889",urban-rural,mixed,1622,"{""sample_routes"":{""date"":""2026-09-22"",""run_id"":""eda5cecdd4b747b5b8244863c0d42c75""},""join_samples"":{""date"":""2026-09-22"",""run_id"":""66479cb411414ac68408a0eb73732b43""},""upload_data"":{""date"":""2026-09-22"",""run_id"":""2d2ef995ec9943ff977cf7535bb16978""}}"
886,386,"19.2515247 , -103.7199518","19.1700336 , -103.71949500000001",urban-rural,mixed,1622,"{""sample_routes"":{""date"":""2026-09-22"",""run_id"":""eda5cecdd4b747b5b8244863c0d42c75""},""join_samples"":{""date"":""2026-09-22"",""run_id"":""66479cb411414ac68408a0eb73732b43""},""upload_data"":{""date"":""2026-09-22"",""run_id"":""2d2ef995ec9943ff977cf7535bb16978""}}"
887,387,"26.0205027 , -97.9510908","26.0201177 , -98.12313710000001",rural-rural,mixed,1624,"{""sample_routes"":{""date"":""2026-09-22"",""run_id"":""eda5cecdd4b747b5b8244863c0d42c75""},""join_samples"":{""date"":""2026-09-22"",""run_id"":""66479cb411414ac68408a0eb73732b43""},""upload_data"":{""date"":""2026-09-22"",""run_id"":""2d2ef995ec9943ff977cf7535bb16978""}}"
888,388,"17.4662972 , -97.1600252","17.466001300000002 , -97.246626",rural-urban,mixed,1624,"{""sample_routes"":{""date"":""2026-09-22"",""run_id"":""eda5cecdd4b747b5b8244863c0d42c75""},""join_samples"":{""date"":""2026-09-22"",""run_id"":""66479cb411414ac68408a0eb73732b43""},""upload_data"":{""date"":""2026-09-22"",""run_id"":""2d2ef995ec9943ff977cf7535bb16978""}}"
889,389,"19.3725652 , -99.76939920000001","19.3167559 , -99.825356",urban-rural,mixed,1624,"{""sample_routes"":{""date"":""2026-09-22"",""run_id"":""eda5cecdd4b747b5b8244863c0d42c75""},""join_samples"":{""date"":""2026-09-22"",""run_id"":""66479cb411414ac68408a0eb73732b43""},""upload_data"":{""date"":""2026-09-22"",""run_id"":""2d2ef995ec9943ff977cf7535bb16978""}}"
890,390,"19.289425100000003 , -98.2394213","19.2392286 , -98.18878400000001",urban-urban,mixed,1625,"{""sample_routes"":{""date"":""2026-09-22"",""run_id"":""eda5cecdd4b747b5b8244863c0d42c75""},""join_samples"":{""date"":""2026-09-22"",""run_id"":""66479cb411414ac68408a0eb73732b43""},""upload_data"":{""date"":""2026-09-22"",""run_id"":""2d2ef995ec9943ff977cf7535bb16978""}}"
891,391,"20.157325500000002 , -101.1728484","20.2174358 , -101.11229540000001",urban-urban,mixed,1625,"{""sample_routes"":{""date"":""2026-09-22"",""run_id"":""eda5cecdd4b747b5b8244863c0d42c75""},""join_samples"":{""date"":""2026-09-22"",""run_id"":""66479cb411414ac68408a0eb73732b43""},""upload_data"":{""date"":""2026-09-22"",""run_id"":""2d2ef995ec9943ff977cf7535bb16978""}}"
892,392,"19.7523994 , -98.92912740000001","19.697202100000002 , -98.9294495",rural-rural,mixed,1375,"{""sample_routes"":{""date"":""2026-09-22"",""run_id"":""eda5cecdd4b747b5b8244863c0d42c75""},""join_samples"":{""date"":""2026-09-22"",""run_id"":""66479cb411414ac68408a0eb73732b43""},""upload_data"":{""date"":""2026-09-22"",""run_id"":""2d2ef995ec9943ff977cf7535bb16978""}}"
893,393,"18.1212017 , -97.047869","18.1212185 , -97.07802860000001",rural-urban,mixed,1626,"{""sample_routes"":{""date"":""2026-09-22"",""run_id"":""eda5cecdd4b747b5b8244863c0d42c75""},""join_samples"":{""date"":""2026-09-22"",""run_id"":""66479cb411414ac68408a0eb73732b43""},""upload_data"":{""date"":""2026-09-22"",""run_id"":""2d2ef995ec9943ff977cf7535bb16978""}}"
894,394,"28.8228851 , -105.95285790000001","28.799660000000003 , -105.95244070000001",rural-urban,mixed,1372,"{""sample_routes"":{""date"":""2026-09-22"",""run_id"":""eda5cecdd4b747b5b8244863c0d42c75""},""join_samples"":{""date"":""2026-09-22"",""run_id"":""66479cb411414ac68408a0eb73732b43""},""upload_data"":{""date"":""2026-09-22"",""run_id"":""2d2ef995ec9943ff977cf7535bb16978""}}"
895,395,"31.329233100000003 , -113.48357250000001","31.389704300000002 , -113.54390070000001",urban-rural,mixed,1629,"{""sample_routes"":{""date"":""2026-09-22"",""run_id"":""eda5cecdd4b747b5b8244863c0d42c75""},""join_samples"":{""date"":""2026-09-22"",""run_id"":""66479cb411414ac68408a0eb73732b43""},""upload_data"":{""date"":""2026-09-22"",""run_id"":""2d2ef995ec9943ff977cf7535bb16978""}}"
896,396,"22.145446 , -102.27824690000001","22.1972099 , -102.3297299",urban-rural,mixed,1630,"{""sample_routes"":{""date"":""2026-09-22"",""run_id"":""eda5cecdd4b747b5b8244863c0d42c75""},""join_samples"":{""date"":""2026-09-22"",""run_id"":""66479cb411414ac68408a0eb73732b43""},""upload_data"":{""date"":""2026-09-22"",""run_id"":""2d2ef995ec9943ff977cf7535bb16978""}}"
897,397,"21.2145264 , -100.8587234","21.1529339 , -100.920056",rural-urban,mixed,1631,"{""sample_routes"":{""date"":""2026-09-22"",""run_id"":""eda5cecdd4b747b5b8244863c0d42c75""},""join_samples"":{""date"":""2026-09-22"",""run_id"":""66479cb411414ac68408a0eb73732b43""},""upload_data"":{""date"":""2026-09-22"",""run_id"":""2d2ef995ec9943ff977cf7535bb16978""}}"
898,398,"20.9637502 , -89.35394170000001","21.009599700000003 , -89.4002425",rural-urban,mixed,1368,"{""sample_routes"":{""date"":""2026-09-22"",""run_id"":""eda5cecdd4b747b5b8244863c0d42c75""},""join_samples"":{""date"":""2026-09-22"",""run_id"":""66479cb411414ac68408a0eb73732b43""},""upload_data"":{""date"":""2026-09-22"",""run_id"":""2d2ef995ec9943ff977cf7535bb16978""}}"
899,399,"21.183031200000002 , -102.8814402","21.1238126 , -102.88122560000001",urban-rural,mixed,1368,"{""sample_routes"":{""date"":""2026-09-22"",""run_id"":""eda5cecdd4b747b5b8244863c0d42c75""},""join_samples"":{""date"":""2026-09-22"",""run_id"":""66479cb411414ac68408a0eb73732b43""},""upload_data"":{""date"":""2026-09-22"",""run_id"":""2d2ef995ec9943ff977cf7535bb16978""}}"
900,400,"20.5531553 , -101.19896290000001","20.6419871 , -101.2875037",urban-rural,mixed,1632,"{""sample_routes"":{""date"":""2026-09-22"",""run_id"":""eda5cecdd4b747b5b8244863c0d42c75""},""join_samples"":{""date"":""2026-09-22"",""run_id"":""66479cb411414ac68408a0eb73732b43""},""upload_data"":{""date"":""2026-09-22"",""run_id"":""2d2ef995ec9943ff977cf7535bb16978""}}"
901,401,"21.0213669 , -89.65562600000001","21.020999 , -89.6936374",urban-rural,mixed,1367,"{""sample_routes"":{""date"":""2026-09-22"",""run_id"":""eda5cecdd4b747b5b8244863c0d42c75""},""join_samples"":{""date"":""2026-09-22"",""run_id"":""66479cb411414ac68408a0eb73732b43""},""upload_data"":{""date"":""2026-09-22"",""run_id"":""2d2ef995ec9943ff977cf7535bb16978""}}"
902,402,"19.3561538 , -99.7754757","19.4114538 , -99.8309243",urban-rural,mixed,1633,"{""sample_routes"":{""date"":""2026-09-22"",""run_id"":""eda5cecdd4b747b5b8244863c0d42c75""},""join_samples"":{""date"":""2026-09-22"",""run_id"":""66479cb411414ac68408a0eb73732b43""},""upload_data"":{""date"":""2026-09-22"",""run_id"":""2d2ef995ec9943ff977cf7535bb16978""}}"
903,403,"18.2502378 , -93.0754356","18.1826917 , -93.0758114",rural-urban,mixed,1633,"{""sample_routes"":{""date"":""2026-09-22"",""run_id"":""eda5cecdd4b747b5b8244863c0d42c75""},""join_samples"":{""date"":""2026-09-22"",""run_id"":""66479cb411414ac68408a0eb73732b43""},""upload_data"":{""date"":""2026-09-22"",""run_id"":""2d2ef995ec9943ff977cf7535bb16978""}}"
904,404,"20.0976393 , -98.7595512","20.0973437 , -98.81996720000001",urban-rural,mixed,1634,"{""sample_routes"":{""date"":""2026-09-22"",""run_id"":""eda5cecdd4b747b5b8244863c0d42c75""},""join_samples"":{""date"":""2026-09-22"",""run_id"":""66479cb411414ac68408a0eb73732b43""},""upload_data"":{""date"":""2026-09-22"",""run_id"":""2d2ef995ec9943ff977cf7535bb16978""}}"
905,405,"17.0194245 , -96.58091850000001","17.0735564 , -96.6352363",rural-rural,mixed,1635,"{""sample_routes"":{""date"":""2026-09-22"",""run_id"":""eda5cecdd4b747b5b8244863c0d42c75""},""join_samples"":{""date"":""2026-09-22"",""run_id"":""66479cb411414ac68408a0eb73732b43""},""upload_data"":{""date"":""2026-09-22"",""run_id"":""2d2ef995ec9943ff977cf7535bb16978""}}"
906,406,"23.9861852 , -104.60718960000001","23.9521023 , -104.64131060000001",rural-rural,mixed,1364,"{""sample_routes"":{""date"":""2026-09-22"",""run_id"":""eda5cecdd4b747b5b8244863c0d42c75""},""join_samples"":{""date"":""2026-09-22"",""run_id"":""66479cb411414ac68408a0eb73732b43""},""upload_data"":{""date"":""2026-09-22"",""run_id"":""2d2ef995ec9943ff977cf7535bb16978""}}"
907,407,"20.985194200000002 , -101.30436010000001","20.9855264 , -101.4125953",urban-rural,mixed,1364,"{""sample_routes"":{""date"":""2026-09-22"",""run_id"":""eda5cecdd4b747b5b8244863c0d42c75""},""join_samples"":{""date"":""2026-09-22"",""run_id"":""66479cb411414ac68408a0eb73732b43""},""upload_data"":{""date"":""2026-09-22"",""run_id"":""2d2ef995ec9943ff977cf7535bb16978""}}"
908,408,"19.9576768 , -97.95594530000001","20.011575800000003 , -97.9559402",urban-rural,mixed,1636,"{""sample_routes"":{""date"":""2026-09-22"",""run_id"":""eda5cecdd4b747b5b8244863c0d42c75""},""join_samples"":{""date"":""2026-09-22"",""run_id"":""66479cb411414ac68408a0eb73732b43""},""upload_data"":{""date"":""2026-09-22"",""run_id"":""2d2ef995ec9943ff977cf7535bb16978""}}"
909,409,"19.2551841 , -99.78369760000001","19.255592200000002 , -99.83266440000001",urban-rural,mixed,1363,"{""sample_routes"":{""date"":""2026-09-22"",""run_id"":""eda5cecdd4b747b5b8244863c0d42c75""},""join_samples"":{""date"":""2026-09-22"",""run_id"":""66479cb411414ac68408a0eb73732b43""},""upload_data"":{""date"":""2026-09-22"",""run_id"":""2d2ef995ec9943ff977cf7535bb16978""}}"
910,410,"18.9892176 , -98.2431931","18.9086886 , -98.24345450000001",urban-rural,mixed,1637,"{""sample_routes"":{""date"":""2026-09-22"",""run_id"":""eda5cecdd4b747b5b8244863c0d42c75""},""join_samples"":{""date"":""2026-09-22"",""run_id"":""66479cb411414ac68408a0eb73732b43""},""upload_data"":{""date"":""2026-09-22"",""run_id"":""2d2ef995ec9943ff977cf7535bb16978""}}"
911,411,"19.3787498 , -98.0982405","19.379126900000003 , -98.18195440000001",rural-rural,mixed,1637,"{""sample_routes"":{""date"":""2026-09-22"",""run_id"":""eda5cecdd4b747b5b8244863c0d42c75""},""join_samples"":{""date"":""2026-09-22"",""run_id"":""66479cb411414ac68408a0eb73732b43""},""upload_data"":{""date"":""2026-09-22"",""run_id"":""2d2ef995ec9943ff977cf7535bb16978""}}"
912,412,"23.9300497 , -106.9005977","23.9910314 , -106.839611",urban-rural,mixed,1638,"{""sample_routes"":{""date"":""2026-09-22"",""run_id"":""eda5cecdd4b747b5b8244863c0d42c75""},""join_samples"":{""date"":""2026-09-22"",""run_id"":""66479cb411414ac68408a0eb73732b43""},""upload_data"":{""date"":""2026-09-22"",""run_id"":""2d2ef995ec9943ff977cf7535bb16978""}}"
913,413,"20.6886155 , -101.3471552","20.617574400000002 , -101.2762709",urban-rural,mixed,1638,"{""sample_routes"":{""date"":""2026-09-22"",""run_id"":""eda5cecdd4b747b5b8244863c0d42c75""},""join_samples"":{""date"":""2026-09-22"",""run_id"":""66479cb411414ac68408a0eb73732b43""},""upload_data"":{""date"":""2026-09-22"",""run_id"":""2d2ef995ec9943ff977cf7535bb16978""}}"
914,414,"18.406996 , -97.30720880000001","18.362137800000003 , -97.30703720000001",rural-urban,mixed,1638,"{""sample_routes"":{""date"":""2026-09-22"",""run_id"":""eda5cecdd4b747b5b8244863c0d42c75""},""join_samples"":{""date"":""2026-09-22"",""run_id"":""66479cb411414ac68408a0eb73732b43""},""upload_data"":{""date"":""2026-09-22"",""run_id"":""2d2ef995ec9943ff977cf7535bb16978""}}"
915,415,"21.069797400000002 , -101.58757170000001","21.0051416 , -101.65206850000001",rural-rural,mixed,1360,"{""sample_routes"":{""date"":""2026-09-22"",""run_id"":""eda5cecdd4b747b5b8244863c0d42c75""},""join_samples"":{""date"":""2026-09-22"",""run_id"":""66479cb411414ac68408a0eb73732b43""},""upload_data"":{""date"":""2026-09-22"",""run_id"":""2d2ef995ec9943ff977cf7535bb16978""}}"
916,416,"19.3647926 , -99.57783160000001","19.4001485 , -99.6128152",urban-rural,mixed,1640,"{""sample_routes"":{""date"":""2026-09-22"",""run_id"":""eda5cecdd4b747b5b8244863c0d42c75""},""join_samples"":{""date"":""2026-09-22"",""run_id"":""66479cb411414ac68408a0eb73732b43""},""upload_data"":{""date"":""2026-09-22"",""run_id"":""2d2ef995ec9943ff977cf7535bb16978""}}"
917,417,"25.271167100000003 , -100.0245912","25.3413474 , -100.0247374",urban-rural,mixed,1641,"{""sample_routes"":{""date"":""2026-09-22"",""run_id"":""eda5cecdd4b747b5b8244863c0d42c75""},""join_samples"":{""date"":""2026-09-22"",""run_id"":""66479cb411414ac68408a0eb73732b43""},""upload_data"":{""date"":""2026-09-22"",""run_id"":""2d2ef995ec9943ff977cf7535bb16978""}}"
918,418,"19.1012124 , -98.44990080000001","19.0305246 , -98.3787918",rural-rural,mixed,1641,"{""sample_routes"":{""date"":""2026-09-22"",""run_id"":""eda5cecdd4b747b5b8244863c0d42c75""},""join_samples"":{""date"":""2026-09-22"",""run_id"":""66479cb411414ac68408a0eb73732b43""},""upload_data"":{""date"":""2026-09-22"",""run_id"":""2d2ef995ec9943ff977cf7535bb16978""}}"
919,419,"21.0317195 , -101.5482683","21.1528889 , -101.669877",rural-urban,mixed,1642,"{""sample_routes"":{""date"":""2026-09-22"",""run_id"":""eda5cecdd4b747b5b8244863c0d42c75""},""join_samples"":{""date"":""2026-09-22"",""run_id"":""66479cb411414ac68408a0eb73732b43""},""upload_data"":{""date"":""2026-09-22"",""run_id"":""2d2ef995ec9943ff977cf7535bb16978""}}"
920,420,"17.952026 , -94.6410671","17.952440600000003 , -94.7139099",urban-urban,mixed,1642,"{""sample_routes"":{""date"":""2026-09-22"",""run_id"":""eda5cecdd4b747b5b8244863c0d42c75""},""join_samples"":{""date"":""2026-09-22"",""run_id"":""66479cb411414ac68408a0eb73732b43""},""upload_data"":{""date"":""2026-09-22"",""run_id"":""2d2ef995ec9943ff977cf7535bb16978""}}"
921,421,"15.986588800000002 , -97.0778104","15.9255837 , -97.1391097",rural-urban,mixed,1646,"{""sample_routes"":{""date"":""2026-09-22"",""run_id"":""eda5cecdd4b747b5b8244863c0d42c75""},""join_samples"":{""date"":""2026-09-22"",""run_id"":""66479cb411414ac68408a0eb73732b43""},""upload_data"":{""date"":""2026-09-22"",""run_id"":""2d2ef995ec9943ff977cf7535bb16978""}}"
922,422,"19.162021900000003 , -99.4645151","19.162262000000002 , -99.55173190000001",urban-urban,mixed,1649,"{""sample_routes"":{""date"":""2026-09-22"",""run_id"":""eda5cecdd4b747b5b8244863c0d42c75""},""join_samples"":{""date"":""2026-09-22"",""run_id"":""66479cb411414ac68408a0eb73732b43""},""upload_data"":{""date"":""2026-09-22"",""run_id"":""2d2ef995ec9943ff977cf7535bb16978""}}"
923,423,"19.7844856 , -99.1020671","19.869335900000003 , -99.1021273",urban-rural,mixed,1650,"{""sample_routes"":{""date"":""2026-09-22"",""run_id"":""eda5cecdd4b747b5b8244863c0d42c75""},""join_samples"":{""date"":""2026-09-22"",""run_id"":""66479cb411414ac68408a0eb73732b43""},""upload_data"":{""date"":""2026-09-22"",""run_id"":""2d2ef995ec9943ff977cf7535bb16978""}}"
924,424,"21.022484900000002 , -89.68916680000001","21.0229152 , -89.74721770000001",rural-rural,mixed,1651,"{""sample_routes"":{""date"":""2026-09-22"",""run_id"":""eda5cecdd4b747b5b8244863c0d42c75""},""join_samples"":{""date"":""2026-09-22"",""run_id"":""66479cb411414ac68408a0eb73732b43""},""upload_data"":{""date"":""2026-09-22"",""run_id"":""2d2ef995ec9943ff977cf7535bb16978""}}"
925,425,"18.8924121 , -96.9450934","18.957389300000003 , -96.9447971",urban-rural,mixed,1652,"{""sample_routes"":{""date"":""2026-09-22"",""run_id"":""eda5cecdd4b747b5b8244863c0d42c75""},""join_samples"":{""date"":""2026-09-22"",""run_id"":""66479cb411414ac68408a0eb73732b43""},""upload_data"":{""date"":""2026-09-22"",""run_id"":""2d2ef995ec9943ff977cf7535bb16978""}}"
926,426,"19.8401117 , -97.35642510000001","19.8397939 , -97.3143412",urban-rural,mixed,1652,"{""sample_routes"":{""date"":""2026-09-22"",""run_id"":""eda5cecdd4b747b5b8244863c0d42c75""},""join_samples"":{""date"":""2026-09-22"",""run_id"":""66479cb411414ac68408a0eb73732b43""},""upload_data"":{""date"":""2026-09-22"",""run_id"":""2d2ef995ec9943ff977cf7535bb16978""}}"
927,427,"20.6036053 , -100.49131790000001","20.6033654 , -100.4060644",rural-urban,mixed,1653,"{""sample_routes"":{""date"":""2026-09-22"",""run_id"":""eda5cecdd4b747b5b8244863c0d42c75""},""join_samples"":{""date"":""2026-09-22"",""run_id"":""66479cb411414ac68408a0eb73732b43""},""upload_data"":{""date"":""2026-09-22"",""run_id"":""2d2ef995ec9943ff977cf7535bb16978""}}"
928,428,"21.8642578 , -102.75378850000001","21.8155509 , -102.75349480000001",rural-rural,mixed,1654,"{""sample_routes"":{""date"":""2026-09-22"",""run_id"":""eda5cecdd4b747b5b8244863c0d42c75""},""join_samples"":{""date"":""2026-09-22"",""run_id"":""66479cb411414ac68408a0eb73732b43""},""upload_data"":{""date"":""2026-09-22"",""run_id"":""2d2ef995ec9943ff977cf7535bb16978""}}"
929,429,"15.8871567 , -97.08896580000001","15.9801531 , -97.08907860000001",urban-rural,mixed,1654,"{""sample_routes"":{""date"":""2026-09-22"",""run_id"":""eda5cecdd4b747b5b8244863c0d42c75""},""join_samples"":{""date"":""2026-09-22"",""run_id"":""66479cb411414ac68408a0eb73732b43""},""upload_data"":{""date"":""2026-09-22"",""run_id"":""2d2ef995ec9943ff977cf7535bb16978""}}"
930,430,"20.5909774 , -103.2558844","20.5908126 , -103.16870080000001",urban-rural,mixed,1656,"{""sample_routes"":{""date"":""2026-09-22"",""run_id"":""eda5cecdd4b747b5b8244863c0d42c75""},""join_samples"":{""date"":""2026-09-22"",""run_id"":""66479cb411414ac68408a0eb73732b43""},""upload_data"":{""date"":""2026-09-22"",""run_id"":""2d2ef995ec9943ff977cf7535bb16978""}}"
931,431,"18.6708789 , -99.2537415","18.6052712 , -99.3193969",urban-urban,mixed,1659,"{""sample_routes"":{""date"":""2026-09-22"",""run_id"":""eda5cecdd4b747b5b8244863c0d42c75""},""join_samples"":{""date"":""2026-09-22"",""run_id"":""66479cb411414ac68408a0eb73732b43""},""upload_data"":{""date"":""2026-09-22"",""run_id"":""2d2ef995ec9943ff977cf7535bb16978""}}"
932,432,"16.7902746 , -92.61232670000001","16.7493562 , -92.6533373",rural-urban,mixed,1659,"{""sample_routes"":{""date"":""2026-09-22"",""run_id"":""eda5cecdd4b747b5b8244863c0d42c75""},""join_samples"":{""date"":""2026-09-22"",""run_id"":""66479cb411414ac68408a0eb73732b43""},""upload_data"":{""date"":""2026-09-22"",""run_id"":""2d2ef995ec9943ff977cf7535bb16978""}}"
933,433,"18.856659500000003 , -97.777698","18.9321366 , -97.7772582",urban-urban,mixed,1339,"{""sample_routes"":{""date"":""2026-09-22"",""run_id"":""eda5cecdd4b747b5b8244863c0d42c75""},""join_samples"":{""date"":""2026-09-22"",""run_id"":""66479cb411414ac68408a0eb73732b43""},""upload_data"":{""date"":""2026-09-22"",""run_id"":""2d2ef995ec9943ff977cf7535bb16978""}}"
934,434,"19.347250900000002 , -98.87489860000001","19.372005 , -98.89969210000001",urban-urban,mixed,1666,"{""sample_routes"":{""date"":""2026-09-22"",""run_id"":""eda5cecdd4b747b5b8244863c0d42c75""},""join_samples"":{""date"":""2026-09-22"",""run_id"":""66479cb411414ac68408a0eb73732b43""},""upload_data"":{""date"":""2026-09-22"",""run_id"":""2d2ef995ec9943ff977cf7535bb16978""}}"
935,435,"17.5444703 , -98.57373480000001","17.5751084 , -98.6040303",urban-rural,mixed,1332,"{""sample_routes"":{""date"":""2026-09-22"",""run_id"":""eda5cecdd4b747b5b8244863c0d42c75""},""join_samples"":{""date"":""2026-09-22"",""run_id"":""66479cb411414ac68408a0eb73732b43""},""upload_data"":{""date"":""2026-09-22"",""run_id"":""2d2ef995ec9943ff977cf7535bb16978""}}"
936,436,"22.111849900000003 , -101.0080173","22.111928000000002 , -101.0741758",rural-rural,mixed,1668,"{""sample_routes"":{""date"":""2026-09-22"",""run_id"":""eda5cecdd4b747b5b8244863c0d42c75""},""join_samples"":{""date"":""2026-09-22"",""run_id"":""66479cb411414ac68408a0eb73732b43""},""upload_data"":{""date"":""2026-09-22"",""run_id"":""2d2ef995ec9943ff977cf7535bb16978""}}"
937,437,"19.175516000000002 , -99.49469","19.2306384 , -99.55002400000001",urban-urban,mixed,1670,"{""sample_routes"":{""date"":""2026-09-22"",""run_id"":""eda5cecdd4b747b5b8244863c0d42c75""},""join_samples"":{""date"":""2026-09-22"",""run_id"":""66479cb411414ac68408a0eb73732b43""},""upload_data"":{""date"":""2026-09-22"",""run_id"":""2d2ef995ec9943ff977cf7535bb16978""}}"
938,438,"25.799491000000003 , -103.2760815","25.7435186 , -103.33251560000001",urban-rural,mixed,1674,"{""sample_routes"":{""date"":""2026-09-22"",""run_id"":""eda5cecdd4b747b5b8244863c0d42c75""},""join_samples"":{""date"":""2026-09-22"",""run_id"":""66479cb411414ac68408a0eb73732b43""},""upload_data"":{""date"":""2026-09-22"",""run_id"":""2d2ef995ec9943ff977cf7535bb16978""}}"
939,439,"22.1017504 , -100.88534560000001","22.0405638 , -100.82374460000001",urban-rural,mixed,1675,"{""sample_routes"":{""date"":""2026-09-22"",""run_id"":""eda5cecdd4b747b5b8244863c0d42c75""},""join_samples"":{""date"":""2026-09-22"",""run_id"":""66479cb411414ac68408a0eb73732b43""},""upload_data"":{""date"":""2026-09-22"",""run_id"":""2d2ef995ec9943ff977cf7535bb16978""}}"
940,440,"20.5264014 , -103.52705060000001","20.5260867 , -103.4634764",rural-urban,mixed,1676,"{""sample_routes"":{""date"":""2026-09-22"",""run_id"":""eda5cecdd4b747b5b8244863c0d42c75""},""join_samples"":{""date"":""2026-09-22"",""run_id"":""66479cb411414ac68408a0eb73732b43""},""upload_data"":{""date"":""2026-09-22"",""run_id"":""2d2ef995ec9943ff977cf7535bb16978""}}"
941,441,"20.147836 , -98.714133","20.1482244 , -98.80566",rural-rural,mixed,1677,"{""sample_routes"":{""date"":""2026-09-22"",""run_id"":""eda5cecdd4b747b5b8244863c0d42c75""},""join_samples"":{""date"":""2026-09-22"",""run_id"":""66479cb411414ac68408a0eb73732b43""},""upload_data"":{""date"":""2026-09-22"",""run_id"":""2d2ef995ec9943ff977cf7535bb16978""}}"
942,442,"20.356266400000003 , -101.1397287","20.5386716 , -101.1400107",rural-urban,mixed,1677,"{""sample_routes"":{""date"":""2026-09-22"",""run_id"":""eda5cecdd4b747b5b8244863c0d42c75""},""join_samples"":{""date"":""2026-09-22"",""run_id"":""66479cb411414ac68408a0eb73732b43""},""upload_data"":{""date"":""2026-09-22"",""run_id"":""2d2ef995ec9943ff977cf7535bb16978""}}"
943,443,"19.954437900000002 , -99.8467863","20.002190000000002 , -99.8472261",urban-rural,mixed,1323,"{""sample_routes"":{""date"":""2026-09-22"",""run_id"":""eda5cecdd4b747b5b8244863c0d42c75""},""join_samples"":{""date"":""2026-09-22"",""run_id"":""66479cb411414ac68408a0eb73732b43""},""upload_data"":{""date"":""2026-09-22"",""run_id"":""2d2ef995ec9943ff977cf7535bb16978""}}"
944,444,"20.0425006 , -99.35273400000001","20.104260200000002 , -99.41413920000001",urban-rural,mixed,1677,"{""sample_routes"":{""date"":""2026-09-22"",""run_id"":""eda5cecdd4b747b5b8244863c0d42c75""},""join_samples"":{""date"":""2026-09-22"",""run_id"":""66479cb411414ac68408a0eb73732b43""},""upload_data"":{""date"":""2026-09-22"",""run_id"":""2d2ef995ec9943ff977cf7535bb16978""}}"
945,445,"20.085921300000003 , -98.36625810000001","20.0326741 , -98.41921540000001",urban-rural,mixed,1678,"{""sample_routes"":{""date"":""2026-09-22"",""run_id"":""eda5cecdd4b747b5b8244863c0d42c75""},""join_samples"":{""date"":""2026-09-22"",""run_id"":""66479cb411414ac68408a0eb73732b43""},""upload_data"":{""date"":""2026-09-22"",""run_id"":""2d2ef995ec9943ff977cf7535bb16978""}}"
946,446,"19.445453500000003 , -99.2945095","19.5761909 , -99.2946745",urban-urban,mixed,1678,"{""sample_routes"":{""date"":""2026-09-22"",""run_id"":""eda5cecdd4b747b5b8244863c0d42c75""},""join_samples"":{""date"":""2026-09-22"",""run_id"":""66479cb411414ac68408a0eb73732b43""},""upload_data"":{""date"":""2026-09-22"",""run_id"":""2d2ef995ec9943ff977cf7535bb16978""}}"
947,447,"32.546548 , -116.88034560000001","32.5469036 , -116.6084254",urban-urban,mixed,1680,"{""sample_routes"":{""date"":""2026-09-22"",""run_id"":""eda5cecdd4b747b5b8244863c0d42c75""},""join_samples"":{""date"":""2026-09-22"",""run_id"":""66479cb411414ac68408a0eb73732b43""},""upload_data"":{""date"":""2026-09-22"",""run_id"":""2d2ef995ec9943ff977cf7535bb16978""}}"
948,448,"32.515412600000005 , -116.7342318","32.5153915 , -116.8732291",urban-urban,mixed,1680,"{""sample_routes"":{""date"":""2026-09-22"",""run_id"":""eda5cecdd4b747b5b8244863c0d42c75""},""join_samples"":{""date"":""2026-09-22"",""run_id"":""66479cb411414ac68408a0eb73732b43""},""upload_data"":{""date"":""2026-09-22"",""run_id"":""2d2ef995ec9943ff977cf7535bb16978""}}"
949,449,"20.569105500000003 , -100.8191501","20.6021439 , -100.85187400000001",urban-rural,mixed,1320,"{""sample_routes"":{""date"":""2026-09-22"",""run_id"":""eda5cecdd4b747b5b8244863c0d42c75""},""join_samples"":{""date"":""2026-09-22"",""run_id"":""66479cb411414ac68408a0eb73732b43""},""upload_data"":{""date"":""2026-09-22"",""run_id"":""2d2ef995ec9943ff977cf7535bb16978""}}"
950,450,"21.0725896 , -101.645481","20.9885246 , -101.56157610000001",urban-rural,mixed,1681,"{""sample_routes"":{""date"":""2026-09-22"",""run_id"":""eda5cecdd4b747b5b8244863c0d42c75""},""join_samples"":{""date"":""2026-09-22"",""run_id"":""66479cb411414ac68408a0eb73732b43""},""upload_data"":{""date"":""2026-09-22"",""run_id"":""2d2ef995ec9943ff977cf7535bb16978""}}"
951,451,"16.232420100000002 , -93.89662290000001","16.2323238 , -93.9827585",urban-rural,mixed,1318,"{""sample_routes"":{""date"":""2026-09-22"",""run_id"":""eda5cecdd4b747b5b8244863c0d42c75""},""join_samples"":{""date"":""2026-09-22"",""run_id"":""66479cb411414ac68408a0eb73732b43""},""upload_data"":{""date"":""2026-09-22"",""run_id"":""2d2ef995ec9943ff977cf7535bb16978""}}"
952,452,"16.928463700000002 , -92.08142500000001","16.9606602 , -92.11336610000001",urban-rural,mixed,1683,"{""sample_routes"":{""date"":""2026-09-22"",""run_id"":""eda5cecdd4b747b5b8244863c0d42c75""},""join_samples"":{""date"":""2026-09-22"",""run_id"":""66479cb411414ac68408a0eb73732b43""},""upload_data"":{""date"":""2026-09-22"",""run_id"":""2d2ef995ec9943ff977cf7535bb16978""}}"
953,453,"17.0088787 , -96.7543701","17.0543473 , -96.79997920000001",urban-rural,mixed,1684,"{""sample_routes"":{""date"":""2026-09-22"",""run_id"":""eda5cecdd4b747b5b8244863c0d42c75""},""join_samples"":{""date"":""2026-09-22"",""run_id"":""66479cb411414ac68408a0eb73732b43""},""upload_data"":{""date"":""2026-09-22"",""run_id"":""2d2ef995ec9943ff977cf7535bb16978""}}"
954,454,"21.055761200000003 , -100.4198506","21.1120801 , -100.47649390000001",urban-rural,mixed,1685,"{""sample_routes"":{""date"":""2026-09-22"",""run_id"":""eda5cecdd4b747b5b8244863c0d42c75""},""join_samples"":{""date"":""2026-09-22"",""run_id"":""66479cb411414ac68408a0eb73732b43""},""upload_data"":{""date"":""2026-09-22"",""run_id"":""2d2ef995ec9943ff977cf7535bb16978""}}"
955,455,"20.7258341 , -100.46880730000001","20.6363996 , -100.469075",urban-urban,mixed,1685,"{""sample_routes"":{""date"":""2026-09-22"",""run_id"":""eda5cecdd4b747b5b8244863c0d42c75""},""join_samples"":{""date"":""2026-09-22"",""run_id"":""66479cb411414ac68408a0eb73732b43""},""upload_data"":{""date"":""2026-09-22"",""run_id"":""2d2ef995ec9943ff977cf7535bb16978""}}"
956,456,"19.211172700000002 , -101.3414774","19.2114501 , -101.37696840000001",rural-urban,mixed,1314,"{""sample_routes"":{""date"":""2026-09-22"",""run_id"":""eda5cecdd4b747b5b8244863c0d42c75""},""join_samples"":{""date"":""2026-09-22"",""run_id"":""66479cb411414ac68408a0eb73732b43""},""upload_data"":{""date"":""2026-09-22"",""run_id"":""2d2ef995ec9943ff977cf7535bb16978""}}"
957,457,"23.953264400000002 , -104.6401039","24.0074036 , -104.6398034",rural-urban,mixed,1314,"{""sample_routes"":{""date"":""2026-09-22"",""run_id"":""eda5cecdd4b747b5b8244863c0d42c75""},""join_samples"":{""date"":""2026-09-22"",""run_id"":""66479cb411414ac68408a0eb73732b43""},""upload_data"":{""date"":""2026-09-22"",""run_id"":""2d2ef995ec9943ff977cf7535bb16978""}}"
958,458,"14.971301 , -92.1901509","14.895120100000002 , -92.19042540000001",rural-rural,mixed,1687,"{""sample_routes"":{""date"":""2026-09-22"",""run_id"":""eda5cecdd4b747b5b8244863c0d42c75""},""join_samples"":{""date"":""2026-09-22"",""run_id"":""66479cb411414ac68408a0eb73732b43""},""upload_data"":{""date"":""2026-09-22"",""run_id"":""2d2ef995ec9943ff977cf7535bb16978""}}"
959,459,"24.05349 , -104.64330290000001","24.0536801 , -104.55579340000001",urban-rural,mixed,1688,"{""sample_routes"":{""date"":""2026-09-22"",""run_id"":""eda5cecdd4b747b5b8244863c0d42c75""},""join_samples"":{""date"":""2026-09-22"",""run_id"":""66479cb411414ac68408a0eb73732b43""},""upload_data"":{""date"":""2026-09-22"",""run_id"":""2d2ef995ec9943ff977cf7535bb16978""}}"
960,460,"18.352409 , -98.64820940000001","18.296703 , -98.5928777",rural-urban,mixed,1688,"{""sample_routes"":{""date"":""2026-09-22"",""run_id"":""eda5cecdd4b747b5b8244863c0d42c75""},""join_samples"":{""date"":""2026-09-22"",""run_id"":""66479cb411414ac68408a0eb73732b43""},""upload_data"":{""date"":""2026-09-22"",""run_id"":""2d2ef995ec9943ff977cf7535bb16978""}}"
961,461,"17.155326900000002 , -99.53366620000001","17.1029707 , -99.5856576",urban-rural,mixed,1311,"{""sample_routes"":{""date"":""2026-09-22"",""run_id"":""eda5cecdd4b747b5b8244863c0d42c75""},""join_samples"":{""date"":""2026-09-22"",""run_id"":""66479cb411414ac68408a0eb73732b43""},""upload_data"":{""date"":""2026-09-22"",""run_id"":""2d2ef995ec9943ff977cf7535bb16978""}}"
962,462,"28.6234767 , -106.11403250000001","28.7664012 , -105.9707549",urban-rural,mixed,1691,"{""sample_routes"":{""date"":""2026-09-22"",""run_id"":""eda5cecdd4b747b5b8244863c0d42c75""},""join_samples"":{""date"":""2026-09-22"",""run_id"":""66479cb411414ac68408a0eb73732b43""},""upload_data"":{""date"":""2026-09-22"",""run_id"":""2d2ef995ec9943ff977cf7535bb16978""}}"
963,463,"19.154965400000002 , -98.30980650000001","19.2523491 , -98.4070549",urban-urban,mixed,1692,"{""sample_routes"":{""date"":""2026-09-22"",""run_id"":""eda5cecdd4b747b5b8244863c0d42c75""},""join_samples"":{""date"":""2026-09-22"",""run_id"":""66479cb411414ac68408a0eb73732b43""},""upload_data"":{""date"":""2026-09-22"",""run_id"":""2d2ef995ec9943ff977cf7535bb16978""}}"
964,464,"19.3913115 , -98.118583","19.4373174 , -98.0722377",urban-rural,mixed,1308,"{""sample_routes"":{""date"":""2026-09-22"",""run_id"":""eda5cecdd4b747b5b8244863c0d42c75""},""join_samples"":{""date"":""2026-09-22"",""run_id"":""66479cb411414ac68408a0eb73732b43""},""upload_data"":{""date"":""2026-09-22"",""run_id"":""2d2ef995ec9943ff977cf7535bb16978""}}"
965,465,"25.7112695 , -100.2288575","25.872099600000002 , -100.2293028",urban-rural,mixed,1693,"{""sample_routes"":{""date"":""2026-09-22"",""run_id"":""eda5cecdd4b747b5b8244863c0d42c75""},""join_samples"":{""date"":""2026-09-22"",""run_id"":""66479cb411414ac68408a0eb73732b43""},""upload_data"":{""date"":""2026-09-22"",""run_id"":""2d2ef995ec9943ff977cf7535bb16978""}}"
966,466,"21.468374400000002 , -98.33644380000001","21.4181309 , -98.28633280000001",rural-rural,mixed,1306,"{""sample_routes"":{""date"":""2026-09-22"",""run_id"":""eda5cecdd4b747b5b8244863c0d42c75""},""join_samples"":{""date"":""2026-09-22"",""run_id"":""66479cb411414ac68408a0eb73732b43""},""upload_data"":{""date"":""2026-09-22"",""run_id"":""2d2ef995ec9943ff977cf7535bb16978""}}"
967,467,"21.016923900000002 , -89.68960820000001","21.0173598 , -89.6418507",rural-urban,mixed,1694,"{""sample_routes"":{""date"":""2026-09-22"",""run_id"":""eda5cecdd4b747b5b8244863c0d42c75""},""join_samples"":{""date"":""2026-09-22"",""run_id"":""66479cb411414ac68408a0eb73732b43""},""upload_data"":{""date"":""2026-09-22"",""run_id"":""2d2ef995ec9943ff977cf7535bb16978""}}"
968,468,"20.6057582 , -103.069731","20.605896 , -103.2528358",urban-urban,mixed,1694,"{""sample_routes"":{""date"":""2026-09-22"",""run_id"":""eda5cecdd4b747b5b8244863c0d42c75""},""join_samples"":{""date"":""2026-09-22"",""run_id"":""66479cb411414ac68408a0eb73732b43""},""upload_data"":{""date"":""2026-09-22"",""run_id"":""2d2ef995ec9943ff977cf7535bb16978""}}"
969,469,"21.174734100000002 , -86.86191570000001","21.2206641 , -86.9075035",urban-rural,mixed,1695,"{""sample_routes"":{""date"":""2026-09-22"",""run_id"":""eda5cecdd4b747b5b8244863c0d42c75""},""join_samples"":{""date"":""2026-09-22"",""run_id"":""66479cb411414ac68408a0eb73732b43""},""upload_data"":{""date"":""2026-09-22"",""run_id"":""2d2ef995ec9943ff977cf7535bb16978""}}"
970,470,"19.8812186 , -99.2009106","19.899113500000002 , -99.21879600000001",rural-rural,mixed,1695,"{""sample_routes"":{""date"":""2026-09-22"",""run_id"":""eda5cecdd4b747b5b8244863c0d42c75""},""join_samples"":{""date"":""2026-09-22"",""run_id"":""66479cb411414ac68408a0eb73732b43""},""upload_data"":{""date"":""2026-09-22"",""run_id"":""2d2ef995ec9943ff977cf7535bb16978""}}"
971,471,"25.745645200000002 , -100.04156400000001","25.6379173 , -100.0417886",rural-urban,mixed,1695,"{""sample_routes"":{""date"":""2026-09-22"",""run_id"":""eda5cecdd4b747b5b8244863c0d42c75""},""join_samples"":{""date"":""2026-09-22"",""run_id"":""66479cb411414ac68408a0eb73732b43""},""upload_data"":{""date"":""2026-09-22"",""run_id"":""2d2ef995ec9943ff977cf7535bb16978""}}"
972,472,"24.8627548 , -103.6933046","24.818271300000003 , -103.7377448",urban-rural,mixed,1304,"{""sample_routes"":{""date"":""2026-09-22"",""run_id"":""eda5cecdd4b747b5b8244863c0d42c75""},""join_samples"":{""date"":""2026-09-22"",""run_id"":""66479cb411414ac68408a0eb73732b43""},""upload_data"":{""date"":""2026-09-22"",""run_id"":""2d2ef995ec9943ff977cf7535bb16978""}}"
973,473,"19.065413500000002 , -104.20538130000001","19.0653265 , -104.26021630000001",rural-urban,mixed,1303,"{""sample_routes"":{""date"":""2026-09-22"",""run_id"":""eda5cecdd4b747b5b8244863c0d42c75""},""join_samples"":{""date"":""2026-09-22"",""run_id"":""66479cb411414ac68408a0eb73732b43""},""upload_data"":{""date"":""2026-09-22"",""run_id"":""2d2ef995ec9943ff977cf7535bb16978""}}"
974,474,"20.6750836 , -101.35463990000001","20.674698300000003 , -101.42877460000001",urban-rural,mixed,1697,"{""sample_routes"":{""date"":""2026-09-22"",""run_id"":""eda5cecdd4b747b5b8244863c0d42c75""},""join_samples"":{""date"":""2026-09-22"",""run_id"":""66479cb411414ac68408a0eb73732b43""},""upload_data"":{""date"":""2026-09-22"",""run_id"":""2d2ef995ec9943ff977cf7535bb16978""}}"
975,475,"17.5271089 , -97.2191701","17.4525167 , -97.2188141",rural-urban,mixed,1698,"{""sample_routes"":{""date"":""2026-09-22"",""run_id"":""eda5cecdd4b747b5b8244863c0d42c75""},""join_samples"":{""date"":""2026-09-22"",""run_id"":""66479cb411414ac68408a0eb73732b43""},""upload_data"":{""date"":""2026-09-22"",""run_id"":""2d2ef995ec9943ff977cf7535bb16978""}}"
976,476,"16.1913918 , -93.26296090000001","16.1452445 , -93.2626364",urban-rural,mixed,1300,"{""sample_routes"":{""date"":""2026-09-22"",""run_id"":""eda5cecdd4b747b5b8244863c0d42c75""},""join_samples"":{""date"":""2026-09-22"",""run_id"":""66479cb411414ac68408a0eb73732b43""},""upload_data"":{""date"":""2026-09-22"",""run_id"":""2d2ef995ec9943ff977cf7535bb16978""}}"
977,477,"19.661670400000002 , -99.83589160000001","19.706030000000002 , -99.8802971",rural-rural,mixed,1700,"{""sample_routes"":{""date"":""2026-09-22"",""run_id"":""eda5cecdd4b747b5b8244863c0d42c75""},""join_samples"":{""date"":""2026-09-22"",""run_id"":""66479cb411414ac68408a0eb73732b43""},""upload_data"":{""date"":""2026-09-22"",""run_id"":""2d2ef995ec9943ff977cf7535bb16978""}}"
978,478,"19.800402100000003 , -99.8732167","19.838822800000003 , -99.91208200000001",urban-rural,mixed,1299,"{""sample_routes"":{""date"":""2026-09-22"",""run_id"":""eda5cecdd4b747b5b8244863c0d42c75""},""join_samples"":{""date"":""2026-09-22"",""run_id"":""66479cb411414ac68408a0eb73732b43""},""upload_data"":{""date"":""2026-09-22"",""run_id"":""2d2ef995ec9943ff977cf7535bb16978""}}"
979,479,"32.5798939 , -115.48495600000001","32.5798745 , -115.5902295",urban-rural,mixed,1701,"{""sample_routes"":{""date"":""2026-09-22"",""run_id"":""eda5cecdd4b747b5b8244863c0d42c75""},""join_samples"":{""date"":""2026-09-22"",""run_id"":""66479cb411414ac68408a0eb73732b43""},""upload_data"":{""date"":""2026-09-22"",""run_id"":""2d2ef995ec9943ff977cf7535bb16978""}}"
980,480,"20.164899600000002 , -98.3887306","20.0687435 , -98.3884582",rural-urban,mixed,1701,"{""sample_routes"":{""date"":""2026-09-22"",""run_id"":""eda5cecdd4b747b5b8244863c0d42c75""},""join_samples"":{""date"":""2026-09-22"",""run_id"":""66479cb411414ac68408a0eb73732b43""},""upload_data"":{""date"":""2026-09-22"",""run_id"":""2d2ef995ec9943ff977cf7535bb16978""}}"
981,481,"19.0474655 , -98.3114785","18.992547300000002 , -98.36668870000001",urban-rural,mixed,1299,"{""sample_routes"":{""date"":""2026-09-22"",""run_id"":""eda5cecdd4b747b5b8244863c0d42c75""},""join_samples"":{""date"":""2026-09-22"",""run_id"":""66479cb411414ac68408a0eb73732b43""},""upload_data"":{""date"":""2026-09-22"",""run_id"":""2d2ef995ec9943ff977cf7535bb16978""}}"
982,482,"17.1687562 , -100.4339314","17.1691541 , -100.5024295",rural-rural,mixed,1701,"{""sample_routes"":{""date"":""2026-09-22"",""run_id"":""eda5cecdd4b747b5b8244863c0d42c75""},""join_samples"":{""date"":""2026-09-22"",""run_id"":""66479cb411414ac68408a0eb73732b43""},""upload_data"":{""date"":""2026-09-22"",""run_id"":""2d2ef995ec9943ff977cf7535bb16978""}}"
983,483,"20.852676000000002 , -89.7302288","20.894938 , -89.72996970000001",rural-urban,mixed,1297,"{""sample_routes"":{""date"":""2026-09-22"",""run_id"":""eda5cecdd4b747b5b8244863c0d42c75""},""join_samples"":{""date"":""2026-09-22"",""run_id"":""66479cb411414ac68408a0eb73732b43""},""upload_data"":{""date"":""2026-09-22"",""run_id"":""2d2ef995ec9943ff977cf7535bb16978""}}"
984,484,"19.046584600000003 , -98.0565273","19.046405200000002 , -97.9389647",urban-urban,mixed,1703,"{""sample_routes"":{""date"":""2026-09-22"",""run_id"":""eda5cecdd4b747b5b8244863c0d42c75""},""join_samples"":{""date"":""2026-09-22"",""run_id"":""66479cb411414ac68408a0eb73732b43""},""upload_data"":{""date"":""2026-09-22"",""run_id"":""2d2ef995ec9943ff977cf7535bb16978""}}"
985,485,"28.3634792 , -106.74265980000001","28.4338465 , -106.81256690000001",rural-urban,mixed,1706,"{""sample_routes"":{""date"":""2026-09-22"",""run_id"":""eda5cecdd4b747b5b8244863c0d42c75""},""join_samples"":{""date"":""2026-09-22"",""run_id"":""66479cb411414ac68408a0eb73732b43""},""upload_data"":{""date"":""2026-09-22"",""run_id"":""2d2ef995ec9943ff977cf7535bb16978""}}"
986,486,"25.497080800000003 , -103.6652894","25.497371400000002 , -103.5891679",rural-urban,mixed,1709,"{""sample_routes"":{""date"":""2026-09-22"",""run_id"":""eda5cecdd4b747b5b8244863c0d42c75""},""join_samples"":{""date"":""2026-09-22"",""run_id"":""66479cb411414ac68408a0eb73732b43""},""upload_data"":{""date"":""2026-09-22"",""run_id"":""2d2ef995ec9943ff977cf7535bb16978""}}"
987,487,"20.5120426 , -100.9542194","20.545134100000002 , -100.9870791",urban-rural,mixed,1291,"{""sample_routes"":{""date"":""2026-09-22"",""run_id"":""eda5cecdd4b747b5b8244863c0d42c75""},""join_samples"":{""date"":""2026-09-22"",""run_id"":""66479cb411414ac68408a0eb73732b43""},""upload_data"":{""date"":""2026-09-22"",""run_id"":""2d2ef995ec9943ff977cf7535bb16978""}}"
988,488,"17.9703865 , -93.0296866","17.934209600000003 , -93.0660385",rural-rural,mixed,1709,"{""sample_routes"":{""date"":""2026-09-22"",""run_id"":""eda5cecdd4b747b5b8244863c0d42c75""},""join_samples"":{""date"":""2026-09-22"",""run_id"":""66479cb411414ac68408a0eb73732b43""},""upload_data"":{""date"":""2026-09-22"",""run_id"":""2d2ef995ec9943ff977cf7535bb16978""}}"
989,489,"20.9377891 , -101.45695690000001","20.9029408 , -101.42241240000001",rural-rural,mixed,1288,"{""sample_routes"":{""date"":""2026-09-22"",""run_id"":""eda5cecdd4b747b5b8244863c0d42c75""},""join_samples"":{""date"":""2026-09-22"",""run_id"":""66479cb411414ac68408a0eb73732b43""},""upload_data"":{""date"":""2026-09-22"",""run_id"":""2d2ef995ec9943ff977cf7535bb16978""}}"
990,490,"25.8140672 , -100.08921360000001","25.696403800000002 , -100.2072617",rural-urban,mixed,1712,"{""sample_routes"":{""date"":""2026-09-22"",""run_id"":""eda5cecdd4b747b5b8244863c0d42c75""},""join_samples"":{""date"":""2026-09-22"",""run_id"":""66479cb411414ac68408a0eb73732b43""},""upload_data"":{""date"":""2026-09-22"",""run_id"":""2d2ef995ec9943ff977cf7535bb16978""}}"
991,491,"20.791134600000003 , -102.83371840000001","20.831853300000002 , -102.79260070000001",rural-rural,mixed,1288,"{""sample_routes"":{""date"":""2026-09-22"",""run_id"":""eda5cecdd4b747b5b8244863c0d42c75""},""join_samples"":{""date"":""2026-09-22"",""run_id"":""66479cb411414ac68408a0eb73732b43""},""upload_data"":{""date"":""2026-09-22"",""run_id"":""2d2ef995ec9943ff977cf7535bb16978""}}"
992,492,"20.5261678 , -103.4848984","20.441143 , -103.48460730000001",rural-urban,mixed,1288,"{""sample_routes"":{""date"":""2026-09-22"",""run_id"":""eda5cecdd4b747b5b8244863c0d42c75""},""join_samples"":{""date"":""2026-09-22"",""run_id"":""66479cb411414ac68408a0eb73732b43""},""upload_data"":{""date"":""2026-09-22"",""run_id"":""2d2ef995ec9943ff977cf7535bb16978""}}"
993,493,"19.2041037 , -98.252047","19.3095904 , -98.251745",urban-urban,mixed,1287,"{""sample_routes"":{""date"":""2026-09-22"",""run_id"":""eda5cecdd4b747b5b8244863c0d42c75""},""join_samples"":{""date"":""2026-09-22"",""run_id"":""66479cb411414ac68408a0eb73732b43""},""upload_data"":{""date"":""2026-09-22"",""run_id"":""2d2ef995ec9943ff977cf7535bb16978""}}"
994,494,"16.2321962 , -92.14943550000001","16.1787776 , -92.0956488",urban-rural,mixed,1713,"{""sample_routes"":{""date"":""2026-09-22"",""run_id"":""eda5cecdd4b747b5b8244863c0d42c75""},""join_samples"":{""date"":""2026-09-22"",""run_id"":""66479cb411414ac68408a0eb73732b43""},""upload_data"":{""date"":""2026-09-22"",""run_id"":""2d2ef995ec9943ff977cf7535bb16978""}}"
995,495,"16.8025935 , -98.65626630000001","16.8027874 , -98.72750850000001",rural-urban,mixed,1715,"{""sample_routes"":{""date"":""2026-09-22"",""run_id"":""eda5cecdd4b747b5b8244863c0d42c75""},""join_samples"":{""date"":""2026-09-22"",""run_id"":""66479cb411414ac68408a0eb73732b43""},""upload_data"":{""date"":""2026-09-22"",""run_id"":""2d2ef995ec9943ff977cf7535bb16978""}}"
996,496,"27.929135400000003 , -110.89169380000001","27.966427300000003 , -110.89198750000001",urban-urban,mixed,1284,"{""sample_routes"":{""date"":""2026-09-22"",""run_id"":""eda5cecdd4b747b5b8244863c0d42c75""},""join_samples"":{""date"":""2026-09-22"",""run_id"":""66479cb411414ac68408a0eb73732b43""},""upload_data"":{""date"":""2026-09-22"",""run_id"":""2d2ef995ec9943ff977cf7535bb16978""}}"
997,497,"32.486364900000005 , -117.0498848","32.448977400000004 , -117.0874766",urban-rural,mixed,1283,"{""sample_routes"":{""date"":""2026-09-22"",""run_id"":""eda5cecdd4b747b5b8244863c0d42c75""},""join_samples"":{""date"":""2026-09-22"",""run_id"":""66479cb411414ac68408a0eb73732b43""},""upload_data"":{""date"":""2026-09-22"",""run_id"":""2d2ef995ec9943ff977cf7535bb16978""}}"
998,498,"16.6338031 , -93.0282609","16.7048971 , -93.0283105",rural-urban,mixed,1282,"{""sample_routes"":{""date"":""2026-09-22"",""run_id"":""eda5cecdd4b747b5b8244863c0d42c75""},""join_samples"":{""date"":""2026-09-22"",""run_id"":""66479cb411414ac68408a0eb73732b43""},""upload_data"":{""date"":""2026-09-22"",""run_id"":""2d2ef995ec9943ff977cf7535bb16978""}}"
999,499,"19.1834434 , -99.58090480000001","19.183884600000003 , -99.65621220000001",rural-rural,mixed,1721,"{""sample_routes"":{""date"":""2026-09-22"",""run_id"":""eda5cecdd4b747b5b8244863c0d42c75""},""join_samples"":{""date"":""2026-09-22"",""run_id"":""66479cb411414ac68408a0eb73732b43""},""upload_data"":{""date"":""2026-09-22"",""run_id"":""2d2ef995ec9943ff977cf7535bb16978""}}"
