join_index,sampling_index,origin,destination,area,journeyClass,ttpTravelTime,metadata
0,0,"-25.9819695 , 27.9620107","-26.101662500000003 , 27.9624729",urban-urban,urban,1811,"{""sample_routes"":{""date"":""2026-10-06"",""run_id"":""deb017b3fab64374b7597690a2976631""},""join_samples"":{""date"":""2026-10-06"",""run_id"":""2b5355369c0d4ea2a4f76fa99bb45a8d""}}"
1,1,"-26.1994277 , 27.9143165","-26.103434 , 28.010548800000002",urban-urban,urban,1821,"{""sample_routes"":{""date"":""2026-10-06"",""run_id"":""deb017b3fab64374b7597690a2976631""},""join_samples"":{""date"":""2026-10-06"",""run_id"":""2b5355369c0d4ea2a4f76fa99bb45a8d""}}"
2,2,"-26.217624800000003 , 27.940587400000002","-26.130743000000002 , 28.027881700000002",urban-urban,urban,1763,"{""sample_routes"":{""date"":""2026-10-06"",""run_id"":""deb017b3fab64374b7597690a2976631""},""join_samples"":{""date"":""2026-10-06"",""run_id"":""2b5355369c0d4ea2a4f76fa99bb45a8d""}}"
3,3,"-26.179035300000002 , 27.9458358","-26.089213200000003 , 28.035562300000002",urban-urban,urban,1839,"{""sample_routes"":{""date"":""2026-10-06"",""run_id"":""deb017b3fab64374b7597690a2976631""},""join_samples"":{""date"":""2026-10-06"",""run_id"":""2b5355369c0d4ea2a4f76fa99bb45a8d""}}"
4,4,"-26.1191463 , 28.032415500000003","-26.118997500000003 , 27.9177497",urban-urban,urban,1756,"{""sample_routes"":{""date"":""2026-10-06"",""run_id"":""deb017b3fab64374b7597690a2976631""},""join_samples"":{""date"":""2026-10-06"",""run_id"":""2b5355369c0d4ea2a4f76fa99bb45a8d""}}"
5,5,"-26.189619 , 27.962923500000002","-26.106099200000003 , 28.0468243",urban-rural,urban,1749,"{""sample_routes"":{""date"":""2026-10-06"",""run_id"":""deb017b3fab64374b7597690a2976631""},""join_samples"":{""date"":""2026-10-06"",""run_id"":""2b5355369c0d4ea2a4f76fa99bb45a8d""}}"
6,6,"-26.183000000000003 , 27.968183300000003","-26.1023032 , 28.049404600000003",urban-urban,urban,1856,"{""sample_routes"":{""date"":""2026-10-06"",""run_id"":""deb017b3fab64374b7597690a2976631""},""join_samples"":{""date"":""2026-10-06"",""run_id"":""2b5355369c0d4ea2a4f76fa99bb45a8d""}}"
7,7,"-26.184800300000003 , 28.0080503","-26.0842531 , 28.008102200000003",urban-urban,urban,1739,"{""sample_routes"":{""date"":""2026-10-06"",""run_id"":""deb017b3fab64374b7597690a2976631""},""join_samples"":{""date"":""2026-10-06"",""run_id"":""2b5355369c0d4ea2a4f76fa99bb45a8d""}}"
8,8,"-26.0933053 , 28.006632800000002","-26.2027925 , 28.0066169",urban-urban,urban,1737,"{""sample_routes"":{""date"":""2026-10-06"",""run_id"":""deb017b3fab64374b7597690a2976631""},""join_samples"":{""date"":""2026-10-06"",""run_id"":""2b5355369c0d4ea2a4f76fa99bb45a8d""}}"
9,9,"-26.162977 , 27.9029801","-26.1626508 , 28.0420741",urban-urban,urban,1734,"{""sample_routes"":{""date"":""2026-10-06"",""run_id"":""deb017b3fab64374b7597690a2976631""},""join_samples"":{""date"":""2026-10-06"",""run_id"":""2b5355369c0d4ea2a4f76fa99bb45a8d""}}"
10,10,"-26.148418500000002 , 27.967873500000003","-26.1484233 , 28.0866793",urban-urban,urban,1726,"{""sample_routes"":{""date"":""2026-10-06"",""run_id"":""deb017b3fab64374b7597690a2976631""},""join_samples"":{""date"":""2026-10-06"",""run_id"":""2b5355369c0d4ea2a4f76fa99bb45a8d""}}"
11,11,"-26.119780300000002 , 28.104546900000003","-26.120158500000002 , 27.998570800000003",urban-urban,urban,1713,"{""sample_routes"":{""date"":""2026-10-06"",""run_id"":""deb017b3fab64374b7597690a2976631""},""join_samples"":{""date"":""2026-10-06"",""run_id"":""2b5355369c0d4ea2a4f76fa99bb45a8d""}}"
12,12,"-26.184659600000003 , 28.1057062","-26.1017823 , 28.0229627",rural-urban,urban,1712,"{""sample_routes"":{""date"":""2026-10-06"",""run_id"":""deb017b3fab64374b7597690a2976631""},""join_samples"":{""date"":""2026-10-06"",""run_id"":""2b5355369c0d4ea2a4f76fa99bb45a8d""}}"
13,13,"-26.184019600000003 , 28.1051673","-26.1017823 , 28.0229627",rural-urban,urban,1703,"{""sample_routes"":{""date"":""2026-10-06"",""run_id"":""deb017b3fab64374b7597690a2976631""},""join_samples"":{""date"":""2026-10-06"",""run_id"":""2b5355369c0d4ea2a4f76fa99bb45a8d""}}"
14,14,"-26.107398600000003 , 28.043809500000002","-26.1812712 , 28.1177178",urban-urban,urban,1677,"{""sample_routes"":{""date"":""2026-10-06"",""run_id"":""deb017b3fab64374b7597690a2976631""},""join_samples"":{""date"":""2026-10-06"",""run_id"":""2b5355369c0d4ea2a4f76fa99bb45a8d""}}"
15,15,"-26.067245500000002 , 28.012915900000003","-26.1675317 , 28.0129896",urban-urban,urban,1671,"{""sample_routes"":{""date"":""2026-10-06"",""run_id"":""deb017b3fab64374b7597690a2976631""},""join_samples"":{""date"":""2026-10-06"",""run_id"":""2b5355369c0d4ea2a4f76fa99bb45a8d""}}"
16,16,"-26.1802071 , 28.0057006","-26.075100300000003 , 28.006214300000003",urban-urban,urban,1665,"{""sample_routes"":{""date"":""2026-10-06"",""run_id"":""deb017b3fab64374b7597690a2976631""},""join_samples"":{""date"":""2026-10-06"",""run_id"":""2b5355369c0d4ea2a4f76fa99bb45a8d""}}"
17,17,"-26.091980300000003 , 28.020945","-26.1940445 , 28.0209048",urban-urban,urban,1661,"{""sample_routes"":{""date"":""2026-10-06"",""run_id"":""deb017b3fab64374b7597690a2976631""},""join_samples"":{""date"":""2026-10-06"",""run_id"":""2b5355369c0d4ea2a4f76fa99bb45a8d""}}"
18,18,"-26.1971966 , 28.0153825","-26.0924528 , 28.0149392",urban-urban,urban,1652,"{""sample_routes"":{""date"":""2026-10-06"",""run_id"":""deb017b3fab64374b7597690a2976631""},""join_samples"":{""date"":""2026-10-06"",""run_id"":""2b5355369c0d4ea2a4f76fa99bb45a8d""}}"
19,19,"-26.183593300000002 , 28.1047942","-26.1017823 , 28.0229627",rural-urban,urban,1652,"{""sample_routes"":{""date"":""2026-10-06"",""run_id"":""deb017b3fab64374b7597690a2976631""},""join_samples"":{""date"":""2026-10-06"",""run_id"":""2b5355369c0d4ea2a4f76fa99bb45a8d""}}"
20,20,"-26.1195597 , 27.958482500000002","-26.119674300000003 , 28.0657487",urban-urban,urban,1649,"{""sample_routes"":{""date"":""2026-10-06"",""run_id"":""deb017b3fab64374b7597690a2976631""},""join_samples"":{""date"":""2026-10-06"",""run_id"":""2b5355369c0d4ea2a4f76fa99bb45a8d""}}"
21,21,"-26.0897165 , 28.0176303","-26.192976700000003 , 28.017514000000002",urban-urban,urban,1649,"{""sample_routes"":{""date"":""2026-10-06"",""run_id"":""deb017b3fab64374b7597690a2976631""},""join_samples"":{""date"":""2026-10-06"",""run_id"":""2b5355369c0d4ea2a4f76fa99bb45a8d""}}"
22,22,"-26.1958772 , 27.994978800000002","-26.099025 , 27.994612800000002",urban-rural,urban,1639,"{""sample_routes"":{""date"":""2026-10-06"",""run_id"":""deb017b3fab64374b7597690a2976631""},""join_samples"":{""date"":""2026-10-06"",""run_id"":""2b5355369c0d4ea2a4f76fa99bb45a8d""}}"
23,23,"-26.125508800000002 , 28.016845300000004","-26.0632492 , 27.955096800000003",urban-urban,urban,1625,"{""sample_routes"":{""date"":""2026-10-06"",""run_id"":""deb017b3fab64374b7597690a2976631""},""join_samples"":{""date"":""2026-10-06"",""run_id"":""2b5355369c0d4ea2a4f76fa99bb45a8d""}}"
24,24,"-26.137115 , 27.901130100000003","-26.137012100000003 , 28.0468954",urban-rural,urban,2007,"{""sample_routes"":{""date"":""2026-10-06"",""run_id"":""deb017b3fab64374b7597690a2976631""},""join_samples"":{""date"":""2026-10-06"",""run_id"":""2b5355369c0d4ea2a4f76fa99bb45a8d""}}"
25,25,"-26.128166800000002 , 27.898057","-26.127855 , 28.029624000000002",urban-urban,urban,2015,"{""sample_routes"":{""date"":""2026-10-06"",""run_id"":""deb017b3fab64374b7597690a2976631""},""join_samples"":{""date"":""2026-10-06"",""run_id"":""2b5355369c0d4ea2a4f76fa99bb45a8d""}}"
26,26,"-26.0180475 , 27.9223903","-26.114636100000002 , 28.0186712",urban-urban,urban,2016,"{""sample_routes"":{""date"":""2026-10-06"",""run_id"":""deb017b3fab64374b7597690a2976631""},""join_samples"":{""date"":""2026-10-06"",""run_id"":""2b5355369c0d4ea2a4f76fa99bb45a8d""}}"
27,27,"-26.119128500000002 , 28.0332161","-26.1909308 , 28.1048231",urban-urban,urban,1581,"{""sample_routes"":{""date"":""2026-10-06"",""run_id"":""deb017b3fab64374b7597690a2976631""},""join_samples"":{""date"":""2026-10-06"",""run_id"":""2b5355369c0d4ea2a4f76fa99bb45a8d""}}"
28,28,"-26.1381915 , 28.034512900000003","-26.138618500000003 , 27.876749500000003",urban-urban,urban,2027,"{""sample_routes"":{""date"":""2026-10-06"",""run_id"":""deb017b3fab64374b7597690a2976631""},""join_samples"":{""date"":""2026-10-06"",""run_id"":""2b5355369c0d4ea2a4f76fa99bb45a8d""}}"
29,29,"-26.116476600000002 , 28.031071100000002","-26.187588100000003 , 28.1023469",urban-urban,urban,1568,"{""sample_routes"":{""date"":""2026-10-06"",""run_id"":""deb017b3fab64374b7597690a2976631""},""join_samples"":{""date"":""2026-10-06"",""run_id"":""2b5355369c0d4ea2a4f76fa99bb45a8d""}}"
30,30,"-26.1490872 , 28.039357600000002","-26.1491733 , 27.8789583",urban-urban,urban,2040,"{""sample_routes"":{""date"":""2026-10-06"",""run_id"":""deb017b3fab64374b7597690a2976631""},""join_samples"":{""date"":""2026-10-06"",""run_id"":""2b5355369c0d4ea2a4f76fa99bb45a8d""}}"
31,31,"-26.191483400000003 , 28.092677400000003","-26.0999954 , 28.0010696",urban-urban,urban,2042,"{""sample_routes"":{""date"":""2026-10-06"",""run_id"":""deb017b3fab64374b7597690a2976631""},""join_samples"":{""date"":""2026-10-06"",""run_id"":""2b5355369c0d4ea2a4f76fa99bb45a8d""}}"
32,32,"-26.0417862 , 27.918878600000003","-26.115710800000002 , 27.9925652",urban-urban,urban,1556,"{""sample_routes"":{""date"":""2026-10-06"",""run_id"":""deb017b3fab64374b7597690a2976631""},""join_samples"":{""date"":""2026-10-06"",""run_id"":""2b5355369c0d4ea2a4f76fa99bb45a8d""}}"
33,33,"-26.0912058 , 28.036790300000003","-26.091122900000002 , 27.908032100000003",urban-urban,urban,2047,"{""sample_routes"":{""date"":""2026-10-06"",""run_id"":""deb017b3fab64374b7597690a2976631""},""join_samples"":{""date"":""2026-10-06"",""run_id"":""2b5355369c0d4ea2a4f76fa99bb45a8d""}}"
34,34,"-26.0578715 , 27.970113100000003","-25.9584088 , 27.9696223",urban-urban,urban,1549,"{""sample_routes"":{""date"":""2026-10-06"",""run_id"":""deb017b3fab64374b7597690a2976631""},""join_samples"":{""date"":""2026-10-06"",""run_id"":""2b5355369c0d4ea2a4f76fa99bb45a8d""}}"
35,35,"-26.0609135 , 28.060412300000003","-25.96451 , 27.9636034",rural-urban,mixed,1840,"{""sample_routes"":{""date"":""2026-10-06"",""run_id"":""deb017b3fab64374b7597690a2976631""},""join_samples"":{""date"":""2026-10-06"",""run_id"":""2b5355369c0d4ea2a4f76fa99bb45a8d""}}"
36,36,"-26.0249257 , 27.935636600000002","-26.137172800000002 , 27.935469700000002",urban-urban,mixed,1756,"{""sample_routes"":{""date"":""2026-10-06"",""run_id"":""deb017b3fab64374b7597690a2976631""},""join_samples"":{""date"":""2026-10-06"",""run_id"":""2b5355369c0d4ea2a4f76fa99bb45a8d""}}"
37,37,"-26.083223 , 27.9635119","-26.1742853 , 27.872712600000003",urban-rural,mixed,1848,"{""sample_routes"":{""date"":""2026-10-06"",""run_id"":""deb017b3fab64374b7597690a2976631""},""join_samples"":{""date"":""2026-10-06"",""run_id"":""2b5355369c0d4ea2a4f76fa99bb45a8d""}}"
38,38,"-26.171285800000003 , 27.868115500000002","-26.056007 , 27.868520500000002",urban-urban,mixed,1748,"{""sample_routes"":{""date"":""2026-10-06"",""run_id"":""deb017b3fab64374b7597690a2976631""},""join_samples"":{""date"":""2026-10-06"",""run_id"":""2b5355369c0d4ea2a4f76fa99bb45a8d""}}"
39,39,"-26.0351615 , 28.064205700000002","-26.035534400000003 , 27.9057482",urban-urban,mixed,1877,"{""sample_routes"":{""date"":""2026-10-06"",""run_id"":""deb017b3fab64374b7597690a2976631""},""join_samples"":{""date"":""2026-10-06"",""run_id"":""2b5355369c0d4ea2a4f76fa99bb45a8d""}}"
40,40,"-26.0734615 , 27.784541800000003","-26.225088200000002 , 27.7851028",urban-urban,mixed,1708,"{""sample_routes"":{""date"":""2026-10-06"",""run_id"":""deb017b3fab64374b7597690a2976631""},""join_samples"":{""date"":""2026-10-06"",""run_id"":""2b5355369c0d4ea2a4f76fa99bb45a8d""}}"
41,41,"-26.178424200000002 , 27.926151800000003","-26.0643147 , 27.812407",urban-rural,mixed,1912,"{""sample_routes"":{""date"":""2026-10-06"",""run_id"":""deb017b3fab64374b7597690a2976631""},""join_samples"":{""date"":""2026-10-06"",""run_id"":""2b5355369c0d4ea2a4f76fa99bb45a8d""}}"
42,42,"-26.212066800000002 , 27.8567298","-26.070495 , 27.85716",urban-urban,mixed,1926,"{""sample_routes"":{""date"":""2026-10-06"",""run_id"":""deb017b3fab64374b7597690a2976631""},""join_samples"":{""date"":""2026-10-06"",""run_id"":""2b5355369c0d4ea2a4f76fa99bb45a8d""}}"
43,43,"-26.2435197 , 27.810933900000002","-26.157089000000003 , 27.897751900000003",urban-urban,mixed,1635,"{""sample_routes"":{""date"":""2026-10-06"",""run_id"":""deb017b3fab64374b7597690a2976631""},""join_samples"":{""date"":""2026-10-06"",""run_id"":""2b5355369c0d4ea2a4f76fa99bb45a8d""}}"
44,44,"-26.066348 , 27.988758500000003","-26.184176200000003 , 27.988406100000002",urban-urban,mixed,1624,"{""sample_routes"":{""date"":""2026-10-06"",""run_id"":""deb017b3fab64374b7597690a2976631""},""join_samples"":{""date"":""2026-10-06"",""run_id"":""2b5355369c0d4ea2a4f76fa99bb45a8d""}}"
45,45,"-26.100786300000003 , 27.922581400000002","-26.1008111 , 27.759012100000003",urban-urban,mixed,1984,"{""sample_routes"":{""date"":""2026-10-06"",""run_id"":""deb017b3fab64374b7597690a2976631""},""join_samples"":{""date"":""2026-10-06"",""run_id"":""2b5355369c0d4ea2a4f76fa99bb45a8d""}}"
46,46,"-26.176531100000002 , 27.8112245","-26.081906200000002 , 27.9057603",urban-urban,mixed,2003,"{""sample_routes"":{""date"":""2026-10-06"",""run_id"":""deb017b3fab64374b7597690a2976631""},""join_samples"":{""date"":""2026-10-06"",""run_id"":""2b5355369c0d4ea2a4f76fa99bb45a8d""}}"
47,47,"-25.960004700000002 , 28.0092198","-26.074732 , 27.8946703",urban-urban,mixed,2018,"{""sample_routes"":{""date"":""2026-10-06"",""run_id"":""deb017b3fab64374b7597690a2976631""},""join_samples"":{""date"":""2026-10-06"",""run_id"":""2b5355369c0d4ea2a4f76fa99bb45a8d""}}"
48,48,"-26.102077400000002 , 28.0400974","-26.229306 , 28.1668425",rural-urban,mixed,2024,"{""sample_routes"":{""date"":""2026-10-06"",""run_id"":""deb017b3fab64374b7597690a2976631""},""join_samples"":{""date"":""2026-10-06"",""run_id"":""2b5355369c0d4ea2a4f76fa99bb45a8d""}}"
49,49,"-26.081108800000003 , 28.198252500000002","-26.1596626 , 28.277266100000002",urban-rural,mixed,1560,"{""sample_routes"":{""date"":""2026-10-06"",""run_id"":""deb017b3fab64374b7597690a2976631""},""join_samples"":{""date"":""2026-10-06"",""run_id"":""2b5355369c0d4ea2a4f76fa99bb45a8d""}}"
0,0,"-33.9103258 , 18.683496400000003","-34.0453422 , 18.5479953",urban-urban,urban,1826,"{""sample_routes"":{""date"":""2026-10-06"",""run_id"":""fb13491668104fb9909b00a4768a4a73""},""join_samples"":{""date"":""2026-10-06"",""run_id"":""06f49b6491e64137b722f4575e58499a""}}"
1,1,"-33.7928822 , 18.494597300000002","-33.899836300000004 , 18.6015276",urban-urban,urban,1834,"{""sample_routes"":{""date"":""2026-10-06"",""run_id"":""fb13491668104fb9909b00a4768a4a73""},""join_samples"":{""date"":""2026-10-06"",""run_id"":""06f49b6491e64137b722f4575e58499a""}}"
2,2,"-33.932856900000004 , 18.6749373","-33.815186000000004 , 18.5570252",urban-urban,urban,1853,"{""sample_routes"":{""date"":""2026-10-06"",""run_id"":""fb13491668104fb9909b00a4768a4a73""},""join_samples"":{""date"":""2026-10-06"",""run_id"":""06f49b6491e64137b722f4575e58499a""}}"
3,3,"-33.994707500000004 , 18.5865698","-33.8789825 , 18.7026584",urban-urban,urban,1744,"{""sample_routes"":{""date"":""2026-10-06"",""run_id"":""fb13491668104fb9909b00a4768a4a73""},""join_samples"":{""date"":""2026-10-06"",""run_id"":""06f49b6491e64137b722f4575e58499a""}}"
4,4,"-34.073202800000004 , 18.455746700000002","-34.1385451 , 18.38992",urban-urban,urban,1733,"{""sample_routes"":{""date"":""2026-10-06"",""run_id"":""fb13491668104fb9909b00a4768a4a73""},""join_samples"":{""date"":""2026-10-06"",""run_id"":""06f49b6491e64137b722f4575e58499a""}}"
5,5,"-34.0068688 , 18.5687593","-33.8890052 , 18.569145300000002",urban-urban,urban,1894,"{""sample_routes"":{""date"":""2026-10-06"",""run_id"":""fb13491668104fb9909b00a4768a4a73""},""join_samples"":{""date"":""2026-10-06"",""run_id"":""06f49b6491e64137b722f4575e58499a""}}"
6,6,"-33.962567400000005 , 18.5563438","-34.076398600000005 , 18.442630100000002",urban-urban,urban,1916,"{""sample_routes"":{""date"":""2026-10-06"",""run_id"":""fb13491668104fb9909b00a4768a4a73""},""join_samples"":{""date"":""2026-10-06"",""run_id"":""06f49b6491e64137b722f4575e58499a""}}"
7,7,"-34.067278200000004 , 18.6072612","-33.9192199 , 18.458758200000002",urban-urban,urban,1918,"{""sample_routes"":{""date"":""2026-10-06"",""run_id"":""fb13491668104fb9909b00a4768a4a73""},""join_samples"":{""date"":""2026-10-06"",""run_id"":""06f49b6491e64137b722f4575e58499a""}}"
8,8,"-34.0746674 , 18.8553661","-34.0749744 , 18.5918172",urban-urban,urban,1931,"{""sample_routes"":{""date"":""2026-10-06"",""run_id"":""fb13491668104fb9909b00a4768a4a73""},""join_samples"":{""date"":""2026-10-06"",""run_id"":""06f49b6491e64137b722f4575e58499a""}}"
9,9,"-33.964723 , 18.496082","-34.067123800000005 , 18.5978959",urban-urban,urban,1666,"{""sample_routes"":{""date"":""2026-10-06"",""run_id"":""fb13491668104fb9909b00a4768a4a73""},""join_samples"":{""date"":""2026-10-06"",""run_id"":""06f49b6491e64137b722f4575e58499a""}}"
10,10,"-33.9285968 , 18.459658100000002","-34.072511600000006 , 18.6034231",urban-urban,urban,1946,"{""sample_routes"":{""date"":""2026-10-06"",""run_id"":""fb13491668104fb9909b00a4768a4a73""},""join_samples"":{""date"":""2026-10-06"",""run_id"":""06f49b6491e64137b722f4575e58499a""}}"
11,11,"-33.896919700000005 , 18.5491055","-34.0455987 , 18.5488462",urban-urban,urban,1988,"{""sample_routes"":{""date"":""2026-10-06"",""run_id"":""fb13491668104fb9909b00a4768a4a73""},""join_samples"":{""date"":""2026-10-06"",""run_id"":""06f49b6491e64137b722f4575e58499a""}}"
12,12,"-33.976304500000005 , 18.502383400000003","-33.8129865 , 18.5027376",urban-urban,urban,1990,"{""sample_routes"":{""date"":""2026-10-06"",""run_id"":""fb13491668104fb9909b00a4768a4a73""},""join_samples"":{""date"":""2026-10-06"",""run_id"":""06f49b6491e64137b722f4575e58499a""}}"
13,13,"-34.0387308 , 18.5943493","-33.9088062 , 18.5948071",urban-urban,urban,1995,"{""sample_routes"":{""date"":""2026-10-06"",""run_id"":""fb13491668104fb9909b00a4768a4a73""},""join_samples"":{""date"":""2026-10-06"",""run_id"":""06f49b6491e64137b722f4575e58499a""}}"
14,14,"-33.9305934 , 18.456227900000002","-33.9309856 , 18.7141248",urban-urban,urban,1997,"{""sample_routes"":{""date"":""2026-10-06"",""run_id"":""fb13491668104fb9909b00a4768a4a73""},""join_samples"":{""date"":""2026-10-06"",""run_id"":""06f49b6491e64137b722f4575e58499a""}}"
15,15,"-33.9499694 , 18.633966700000002","-34.0539428 , 18.5295639",urban-urban,urban,2008,"{""sample_routes"":{""date"":""2026-10-06"",""run_id"":""fb13491668104fb9909b00a4768a4a73""},""join_samples"":{""date"":""2026-10-06"",""run_id"":""06f49b6491e64137b722f4575e58499a""}}"
16,16,"-34.0503617 , 18.6177287","-33.977033500000005 , 18.690905",urban-urban,urban,1591,"{""sample_routes"":{""date"":""2026-10-06"",""run_id"":""fb13491668104fb9909b00a4768a4a73""},""join_samples"":{""date"":""2026-10-06"",""run_id"":""06f49b6491e64137b722f4575e58499a""}}"
17,17,"-33.8246599 , 18.6876429","-34.0438843 , 18.6881324",urban-urban,urban,2018,"{""sample_routes"":{""date"":""2026-10-06"",""run_id"":""fb13491668104fb9909b00a4768a4a73""},""join_samples"":{""date"":""2026-10-06"",""run_id"":""06f49b6491e64137b722f4575e58499a""}}"
18,18,"-34.006494700000005 , 18.6287476","-33.8776279 , 18.499558200000003",urban-urban,urban,2018,"{""sample_routes"":{""date"":""2026-10-06"",""run_id"":""fb13491668104fb9909b00a4768a4a73""},""join_samples"":{""date"":""2026-10-06"",""run_id"":""06f49b6491e64137b722f4575e58499a""}}"
19,19,"-33.8558661 , 18.612207400000003","-34.031555700000006 , 18.6116524",urban-urban,urban,2020,"{""sample_routes"":{""date"":""2026-10-06"",""run_id"":""fb13491668104fb9909b00a4768a4a73""},""join_samples"":{""date"":""2026-10-06"",""run_id"":""06f49b6491e64137b722f4575e58499a""}}"
20,20,"-33.909055200000005 , 18.4239788","-34.0411987 , 18.556443700000003",urban-rural,urban,2022,"{""sample_routes"":{""date"":""2026-10-06"",""run_id"":""fb13491668104fb9909b00a4768a4a73""},""join_samples"":{""date"":""2026-10-06"",""run_id"":""06f49b6491e64137b722f4575e58499a""}}"
21,21,"-34.0784316 , 18.4610381","-33.944275600000005 , 18.5946895",urban-urban,urban,2023,"{""sample_routes"":{""date"":""2026-10-06"",""run_id"":""fb13491668104fb9909b00a4768a4a73""},""join_samples"":{""date"":""2026-10-06"",""run_id"":""06f49b6491e64137b722f4575e58499a""}}"
22,22,"-33.937966700000004 , 18.522148700000002","-34.0546969 , 18.5225806",urban-urban,urban,2033,"{""sample_routes"":{""date"":""2026-10-06"",""run_id"":""fb13491668104fb9909b00a4768a4a73""},""join_samples"":{""date"":""2026-10-06"",""run_id"":""06f49b6491e64137b722f4575e58499a""}}"
23,23,"-34.0695306 , 18.825905600000002","-34.0691519 , 18.5583564",urban-urban,urban,2036,"{""sample_routes"":{""date"":""2026-10-06"",""run_id"":""fb13491668104fb9909b00a4768a4a73""},""join_samples"":{""date"":""2026-10-06"",""run_id"":""06f49b6491e64137b722f4575e58499a""}}"
24,24,"-34.0133442 , 18.709361100000002","-33.857532500000005 , 18.5535538",urban-urban,urban,2037,"{""sample_routes"":{""date"":""2026-10-06"",""run_id"":""fb13491668104fb9909b00a4768a4a73""},""join_samples"":{""date"":""2026-10-06"",""run_id"":""06f49b6491e64137b722f4575e58499a""}}"
25,25,"-34.0366767 , 18.674527400000002","-34.0366037 , 18.4948002",urban-urban,urban,2037,"{""sample_routes"":{""date"":""2026-10-06"",""run_id"":""fb13491668104fb9909b00a4768a4a73""},""join_samples"":{""date"":""2026-10-06"",""run_id"":""06f49b6491e64137b722f4575e58499a""}}"
26,26,"-33.9227038 , 18.412025500000002","-33.9224399 , 18.6606369",urban-urban,urban,2041,"{""sample_routes"":{""date"":""2026-10-06"",""run_id"":""fb13491668104fb9909b00a4768a4a73""},""join_samples"":{""date"":""2026-10-06"",""run_id"":""06f49b6491e64137b722f4575e58499a""}}"
27,27,"-34.0689304 , 18.5718831","-33.9313151 , 18.5721117",urban-urban,urban,2047,"{""sample_routes"":{""date"":""2026-10-06"",""run_id"":""fb13491668104fb9909b00a4768a4a73""},""join_samples"":{""date"":""2026-10-06"",""run_id"":""06f49b6491e64137b722f4575e58499a""}}"
28,28,"-33.9445404 , 18.6349556","-33.9448718 , 18.4125652",urban-urban,urban,2054,"{""sample_routes"":{""date"":""2026-10-06"",""run_id"":""fb13491668104fb9909b00a4768a4a73""},""join_samples"":{""date"":""2026-10-06"",""run_id"":""06f49b6491e64137b722f4575e58499a""}}"
29,29,"-34.0801411 , 18.8192896","-33.8822776 , 18.6218255",rural-urban,urban,2057,"{""sample_routes"":{""date"":""2026-10-06"",""run_id"":""fb13491668104fb9909b00a4768a4a73""},""join_samples"":{""date"":""2026-10-06"",""run_id"":""06f49b6491e64137b722f4575e58499a""}}"
30,30,"-34.017988700000004 , 18.713988500000003","-34.017461100000006 , 18.4706583",urban-urban,urban,2061,"{""sample_routes"":{""date"":""2026-10-06"",""run_id"":""fb13491668104fb9909b00a4768a4a73""},""join_samples"":{""date"":""2026-10-06"",""run_id"":""06f49b6491e64137b722f4575e58499a""}}"
31,31,"-33.798333500000005 , 18.5087024","-33.9589701 , 18.669289900000003",urban-urban,urban,2063,"{""sample_routes"":{""date"":""2026-10-06"",""run_id"":""fb13491668104fb9909b00a4768a4a73""},""join_samples"":{""date"":""2026-10-06"",""run_id"":""06f49b6491e64137b722f4575e58499a""}}"
32,32,"-33.807791300000005 , 18.5065537","-34.0010113 , 18.5071193",urban-urban,urban,2064,"{""sample_routes"":{""date"":""2026-10-06"",""run_id"":""fb13491668104fb9909b00a4768a4a73""},""join_samples"":{""date"":""2026-10-06"",""run_id"":""06f49b6491e64137b722f4575e58499a""}}"
33,33,"-34.033070900000006 , 18.484437500000002","-33.9122286 , 18.605644",urban-urban,urban,2065,"{""sample_routes"":{""date"":""2026-10-06"",""run_id"":""fb13491668104fb9909b00a4768a4a73""},""join_samples"":{""date"":""2026-10-06"",""run_id"":""06f49b6491e64137b722f4575e58499a""}}"
34,34,"-33.8271444 , 18.652187400000003","-33.950352 , 18.5295405",urban-urban,urban,2067,"{""sample_routes"":{""date"":""2026-10-06"",""run_id"":""fb13491668104fb9909b00a4768a4a73""},""join_samples"":{""date"":""2026-10-06"",""run_id"":""06f49b6491e64137b722f4575e58499a""}}"
35,35,"-33.833955 , 18.692790000000002","-33.8334433 , 18.5436966",urban-urban,mixed,1801,"{""sample_routes"":{""date"":""2026-10-06"",""run_id"":""fb13491668104fb9909b00a4768a4a73""},""join_samples"":{""date"":""2026-10-06"",""run_id"":""06f49b6491e64137b722f4575e58499a""}}"
36,36,"-33.9191073 , 18.4353501","-34.009823700000005 , 18.344992",urban-rural,mixed,1885,"{""sample_routes"":{""date"":""2026-10-06"",""run_id"":""fb13491668104fb9909b00a4768a4a73""},""join_samples"":{""date"":""2026-10-06"",""run_id"":""06f49b6491e64137b722f4575e58499a""}}"
37,37,"-34.0128381 , 18.435607100000002","-34.012867 , 18.336765",rural-rural,mixed,1708,"{""sample_routes"":{""date"":""2026-10-06"",""run_id"":""fb13491668104fb9909b00a4768a4a73""},""join_samples"":{""date"":""2026-10-06"",""run_id"":""06f49b6491e64137b722f4575e58499a""}}"
38,38,"-34.0514055 , 18.424952700000002","-33.984558500000006 , 18.3578537",urban-rural,mixed,1894,"{""sample_routes"":{""date"":""2026-10-06"",""run_id"":""fb13491668104fb9909b00a4768a4a73""},""join_samples"":{""date"":""2026-10-06"",""run_id"":""06f49b6491e64137b722f4575e58499a""}}"
39,39,"-34.1011615 , 18.4742238","-34.015102500000005 , 18.3878376",urban-rural,mixed,1907,"{""sample_routes"":{""date"":""2026-10-06"",""run_id"":""fb13491668104fb9909b00a4768a4a73""},""join_samples"":{""date"":""2026-10-06"",""run_id"":""06f49b6491e64137b722f4575e58499a""}}"
40,40,"-33.9346106 , 18.420124","-34.022988000000005 , 18.420664900000002",urban-rural,mixed,1677,"{""sample_routes"":{""date"":""2026-10-06"",""run_id"":""fb13491668104fb9909b00a4768a4a73""},""join_samples"":{""date"":""2026-10-06"",""run_id"":""06f49b6491e64137b722f4575e58499a""}}"
41,41,"-33.925211600000004 , 18.385226600000003","-34.010097200000004 , 18.384718900000003",urban-rural,mixed,1932,"{""sample_routes"":{""date"":""2026-10-06"",""run_id"":""fb13491668104fb9909b00a4768a4a73""},""join_samples"":{""date"":""2026-10-06"",""run_id"":""06f49b6491e64137b722f4575e58499a""}}"
42,42,"-33.967857800000004 , 18.4671081","-34.0631922 , 18.371609900000003",urban-rural,mixed,1958,"{""sample_routes"":{""date"":""2026-10-06"",""run_id"":""fb13491668104fb9909b00a4768a4a73""},""join_samples"":{""date"":""2026-10-06"",""run_id"":""06f49b6491e64137b722f4575e58499a""}}"
43,43,"-34.099299200000004 , 18.383066200000002","-34.0072485 , 18.3834811",rural-rural,mixed,1960,"{""sample_routes"":{""date"":""2026-10-06"",""run_id"":""fb13491668104fb9909b00a4768a4a73""},""join_samples"":{""date"":""2026-10-06"",""run_id"":""06f49b6491e64137b722f4575e58499a""}}"
44,44,"-34.038049 , 18.3646333","-33.930938000000005 , 18.4711687",urban-urban,mixed,1965,"{""sample_routes"":{""date"":""2026-10-06"",""run_id"":""fb13491668104fb9909b00a4768a4a73""},""join_samples"":{""date"":""2026-10-06"",""run_id"":""06f49b6491e64137b722f4575e58499a""}}"
45,45,"-34.015075200000005 , 18.3675977","-33.9071961 , 18.4752279",urban-urban,mixed,1971,"{""sample_routes"":{""date"":""2026-10-06"",""run_id"":""fb13491668104fb9909b00a4768a4a73""},""join_samples"":{""date"":""2026-10-06"",""run_id"":""06f49b6491e64137b722f4575e58499a""}}"
46,46,"-34.0201652 , 18.3768138","-34.1108202 , 18.466940700000002",rural-urban,mixed,2005,"{""sample_routes"":{""date"":""2026-10-06"",""run_id"":""fb13491668104fb9909b00a4768a4a73""},""join_samples"":{""date"":""2026-10-06"",""run_id"":""06f49b6491e64137b722f4575e58499a""}}"
47,47,"-34.0161261 , 18.380383000000002","-34.0161085 , 18.5262068",rural-urban,mixed,2016,"{""sample_routes"":{""date"":""2026-10-06"",""run_id"":""fb13491668104fb9909b00a4768a4a73""},""join_samples"":{""date"":""2026-10-06"",""run_id"":""06f49b6491e64137b722f4575e58499a""}}"
48,48,"-34.0203822 , 18.3501151","-34.0204789 , 18.483678",urban-urban,mixed,2042,"{""sample_routes"":{""date"":""2026-10-06"",""run_id"":""fb13491668104fb9909b00a4768a4a73""},""join_samples"":{""date"":""2026-10-06"",""run_id"":""06f49b6491e64137b722f4575e58499a""}}"
49,49,"-34.1380866 , 18.3562949","-34.029964500000006 , 18.356829",urban-urban,mixed,2053,"{""sample_routes"":{""date"":""2026-10-06"",""run_id"":""fb13491668104fb9909b00a4768a4a73""},""join_samples"":{""date"":""2026-10-06"",""run_id"":""06f49b6491e64137b722f4575e58499a""}}"
0,0,"-29.906089 , 30.900690700000002","-29.800831600000002 , 30.7958938",urban-rural,urban,1791,"{""sample_routes"":{""date"":""2026-10-06"",""run_id"":""bdabe3fa9721458da31e5ca3d8417609""},""join_samples"":{""date"":""2026-10-06"",""run_id"":""6053842e89dc42398b57ac2741086b30""}}"
1,1,"-29.745088600000003 , 30.965771800000002","-29.8169058 , 31.037359600000002",urban-urban,urban,1811,"{""sample_routes"":{""date"":""2026-10-06"",""run_id"":""bdabe3fa9721458da31e5ca3d8417609""},""join_samples"":{""date"":""2026-10-06"",""run_id"":""6053842e89dc42398b57ac2741086b30""}}"
2,2,"-29.7991221 , 30.8527382","-29.798739800000003 , 31.032319400000002",urban-urban,urban,1777,"{""sample_routes"":{""date"":""2026-10-06"",""run_id"":""bdabe3fa9721458da31e5ca3d8417609""},""join_samples"":{""date"":""2026-10-06"",""run_id"":""6053842e89dc42398b57ac2741086b30""}}"
3,3,"-29.723343300000003 , 31.0403118","-29.866006700000003 , 31.040565800000003",urban-urban,urban,1771,"{""sample_routes"":{""date"":""2026-10-06"",""run_id"":""bdabe3fa9721458da31e5ca3d8417609""},""join_samples"":{""date"":""2026-10-06"",""run_id"":""6053842e89dc42398b57ac2741086b30""}}"
4,4,"-29.908190100000002 , 30.9074761","-29.7958588 , 30.795712400000003",urban-rural,urban,1831,"{""sample_routes"":{""date"":""2026-10-06"",""run_id"":""bdabe3fa9721458da31e5ca3d8417609""},""join_samples"":{""date"":""2026-10-06"",""run_id"":""6053842e89dc42398b57ac2741086b30""}}"
5,5,"-29.908248800000003 , 30.861935700000004","-29.7896363 , 30.8615856",urban-urban,urban,1841,"{""sample_routes"":{""date"":""2026-10-06"",""run_id"":""bdabe3fa9721458da31e5ca3d8417609""},""join_samples"":{""date"":""2026-10-06"",""run_id"":""6053842e89dc42398b57ac2741086b30""}}"
6,6,"-29.8219761 , 30.808710500000004","-29.946653500000004 , 30.9335762",urban-urban,urban,1873,"{""sample_routes"":{""date"":""2026-10-06"",""run_id"":""bdabe3fa9721458da31e5ca3d8417609""},""join_samples"":{""date"":""2026-10-06"",""run_id"":""6053842e89dc42398b57ac2741086b30""}}"
7,7,"-29.795787800000003 , 30.968257500000004","-29.956908700000003 , 30.9686485",urban-urban,urban,1726,"{""sample_routes"":{""date"":""2026-10-06"",""run_id"":""bdabe3fa9721458da31e5ca3d8417609""},""join_samples"":{""date"":""2026-10-06"",""run_id"":""6053842e89dc42398b57ac2741086b30""}}"
8,8,"-29.7028381 , 30.9523805","-29.794146100000003 , 31.044057000000002",urban-urban,urban,1886,"{""sample_routes"":{""date"":""2026-10-06"",""run_id"":""bdabe3fa9721458da31e5ca3d8417609""},""join_samples"":{""date"":""2026-10-06"",""run_id"":""6053842e89dc42398b57ac2741086b30""}}"
9,9,"-29.8039959 , 30.906766100000002","-29.804168100000002 , 31.0390471",urban-urban,urban,1694,"{""sample_routes"":{""date"":""2026-10-06"",""run_id"":""bdabe3fa9721458da31e5ca3d8417609""},""join_samples"":{""date"":""2026-10-06"",""run_id"":""6053842e89dc42398b57ac2741086b30""}}"
10,10,"-29.705062400000003 , 31.0266674","-29.704738900000002 , 30.920141",urban-urban,urban,1910,"{""sample_routes"":{""date"":""2026-10-06"",""run_id"":""bdabe3fa9721458da31e5ca3d8417609""},""join_samples"":{""date"":""2026-10-06"",""run_id"":""6053842e89dc42398b57ac2741086b30""}}"
11,11,"-29.8198043 , 31.000114200000002","-29.732479700000003 , 30.9132269",urban-urban,urban,1911,"{""sample_routes"":{""date"":""2026-10-06"",""run_id"":""bdabe3fa9721458da31e5ca3d8417609""},""join_samples"":{""date"":""2026-10-06"",""run_id"":""6053842e89dc42398b57ac2741086b30""}}"
12,12,"-29.863879 , 30.997078100000003","-29.8644548 , 30.8543653",urban-urban,urban,1675,"{""sample_routes"":{""date"":""2026-10-06"",""run_id"":""bdabe3fa9721458da31e5ca3d8417609""},""join_samples"":{""date"":""2026-10-06"",""run_id"":""6053842e89dc42398b57ac2741086b30""}}"
13,13,"-29.8822177 , 30.9101475","-29.707633400000002 , 31.084906000000004",urban-rural,urban,1669,"{""sample_routes"":{""date"":""2026-10-06"",""run_id"":""bdabe3fa9721458da31e5ca3d8417609""},""join_samples"":{""date"":""2026-10-06"",""run_id"":""6053842e89dc42398b57ac2741086b30""}}"
14,14,"-29.772847000000002 , 31.012622500000003","-29.7733592 , 30.8657898",urban-urban,urban,1934,"{""sample_routes"":{""date"":""2026-10-06"",""run_id"":""bdabe3fa9721458da31e5ca3d8417609""},""join_samples"":{""date"":""2026-10-06"",""run_id"":""6053842e89dc42398b57ac2741086b30""}}"
15,15,"-29.937849200000002 , 30.919176800000002","-29.811053500000003 , 30.919688800000003",urban-urban,urban,1947,"{""sample_routes"":{""date"":""2026-10-06"",""run_id"":""bdabe3fa9721458da31e5ca3d8417609""},""join_samples"":{""date"":""2026-10-06"",""run_id"":""6053842e89dc42398b57ac2741086b30""}}"
16,16,"-29.7758305 , 30.9081265","-29.8124831 , 30.944817800000003",urban-urban,urban,1635,"{""sample_routes"":{""date"":""2026-10-06"",""run_id"":""bdabe3fa9721458da31e5ca3d8417609""},""join_samples"":{""date"":""2026-10-06"",""run_id"":""6053842e89dc42398b57ac2741086b30""}}"
17,17,"-29.966938300000002 , 30.919936600000003","-29.8184882 , 30.9203751",urban-rural,urban,1980,"{""sample_routes"":{""date"":""2026-10-06"",""run_id"":""bdabe3fa9721458da31e5ca3d8417609""},""join_samples"":{""date"":""2026-10-06"",""run_id"":""6053842e89dc42398b57ac2741086b30""}}"
18,18,"-29.987088800000002 , 30.8894482","-29.8539487 , 30.889878900000003",urban-urban,urban,2005,"{""sample_routes"":{""date"":""2026-10-06"",""run_id"":""bdabe3fa9721458da31e5ca3d8417609""},""join_samples"":{""date"":""2026-10-06"",""run_id"":""6053842e89dc42398b57ac2741086b30""}}"
19,19,"-29.673587400000002 , 30.934926400000002","-29.7772359 , 30.9344883",urban-urban,urban,2010,"{""sample_routes"":{""date"":""2026-10-06"",""run_id"":""bdabe3fa9721458da31e5ca3d8417609""},""join_samples"":{""date"":""2026-10-06"",""run_id"":""6053842e89dc42398b57ac2741086b30""}}"
20,20,"-29.9247584 , 30.886915000000002","-29.814055800000002 , 30.997324700000004",urban-urban,urban,2011,"{""sample_routes"":{""date"":""2026-10-06"",""run_id"":""bdabe3fa9721458da31e5ca3d8417609""},""join_samples"":{""date"":""2026-10-06"",""run_id"":""6053842e89dc42398b57ac2741086b30""}}"
21,21,"-29.7177988 , 30.9675954","-29.759623800000004 , 30.926081200000002",urban-urban,urban,2013,"{""sample_routes"":{""date"":""2026-10-06"",""run_id"":""bdabe3fa9721458da31e5ca3d8417609""},""join_samples"":{""date"":""2026-10-06"",""run_id"":""6053842e89dc42398b57ac2741086b30""}}"
22,22,"-29.679342400000003 , 30.933848800000003","-29.7698624 , 31.024062400000002",urban-urban,urban,2021,"{""sample_routes"":{""date"":""2026-10-06"",""run_id"":""bdabe3fa9721458da31e5ca3d8417609""},""join_samples"":{""date"":""2026-10-06"",""run_id"":""6053842e89dc42398b57ac2741086b30""}}"
23,23,"-29.723641500000003 , 30.915235000000003","-29.723950100000003 , 31.081036400000002",urban-rural,urban,2023,"{""sample_routes"":{""date"":""2026-10-06"",""run_id"":""bdabe3fa9721458da31e5ca3d8417609""},""join_samples"":{""date"":""2026-10-06"",""run_id"":""6053842e89dc42398b57ac2741086b30""}}"
24,24,"-29.742734600000002 , 31.0193818","-29.8923877 , 30.869549300000003",urban-urban,urban,2027,"{""sample_routes"":{""date"":""2026-10-06"",""run_id"":""bdabe3fa9721458da31e5ca3d8417609""},""join_samples"":{""date"":""2026-10-06"",""run_id"":""6053842e89dc42398b57ac2741086b30""}}"
25,25,"-29.691086600000002 , 31.037115300000004","-29.827276200000004 , 30.900387600000002",urban-rural,urban,2031,"{""sample_routes"":{""date"":""2026-10-06"",""run_id"":""bdabe3fa9721458da31e5ca3d8417609""},""join_samples"":{""date"":""2026-10-06"",""run_id"":""6053842e89dc42398b57ac2741086b30""}}"
26,26,"-29.7155561 , 31.023678","-29.861484400000002 , 30.8782044",urban-urban,urban,2036,"{""sample_routes"":{""date"":""2026-10-06"",""run_id"":""bdabe3fa9721458da31e5ca3d8417609""},""join_samples"":{""date"":""2026-10-06"",""run_id"":""6053842e89dc42398b57ac2741086b30""}}"
27,27,"-29.761510400000002 , 31.061777300000003","-29.761881900000002 , 30.9098773",urban-urban,urban,2043,"{""sample_routes"":{""date"":""2026-10-06"",""run_id"":""bdabe3fa9721458da31e5ca3d8417609""},""join_samples"":{""date"":""2026-10-06"",""run_id"":""6053842e89dc42398b57ac2741086b30""}}"
28,28,"-29.759416100000003 , 31.0467437","-29.7596245 , 30.907159200000002",urban-urban,urban,2049,"{""sample_routes"":{""date"":""2026-10-06"",""run_id"":""bdabe3fa9721458da31e5ca3d8417609""},""join_samples"":{""date"":""2026-10-06"",""run_id"":""6053842e89dc42398b57ac2741086b30""}}"
29,29,"-29.880590700000003 , 30.928554300000002","-29.734581000000002 , 30.928074100000003",urban-urban,urban,2050,"{""sample_routes"":{""date"":""2026-10-06"",""run_id"":""bdabe3fa9721458da31e5ca3d8417609""},""join_samples"":{""date"":""2026-10-06"",""run_id"":""6053842e89dc42398b57ac2741086b30""}}"
30,30,"-29.770806500000003 , 31.0189123","-29.685622300000002 , 30.9341292",urban-urban,urban,2050,"{""sample_routes"":{""date"":""2026-10-06"",""run_id"":""bdabe3fa9721458da31e5ca3d8417609""},""join_samples"":{""date"":""2026-10-06"",""run_id"":""6053842e89dc42398b57ac2741086b30""}}"
31,31,"-29.692340100000003 , 30.9069","-29.77505 , 30.9072412",urban-urban,urban,2059,"{""sample_routes"":{""date"":""2026-10-06"",""run_id"":""bdabe3fa9721458da31e5ca3d8417609""},""join_samples"":{""date"":""2026-10-06"",""run_id"":""6053842e89dc42398b57ac2741086b30""}}"
32,32,"-29.811955500000003 , 30.9636695","-29.913904900000002 , 30.861618300000004",urban-urban,urban,2062,"{""sample_routes"":{""date"":""2026-10-06"",""run_id"":""bdabe3fa9721458da31e5ca3d8417609""},""join_samples"":{""date"":""2026-10-06"",""run_id"":""6053842e89dc42398b57ac2741086b30""}}"
33,33,"-29.708949200000003 , 30.962794600000002","-29.951080800000003 , 30.9623996",urban-urban,urban,2069,"{""sample_routes"":{""date"":""2026-10-06"",""run_id"":""bdabe3fa9721458da31e5ca3d8417609""},""join_samples"":{""date"":""2026-10-06"",""run_id"":""6053842e89dc42398b57ac2741086b30""}}"
34,34,"-29.7839956 , 30.909646000000002","-29.7837628 , 31.0128309",urban-urban,urban,2070,"{""sample_routes"":{""date"":""2026-10-06"",""run_id"":""bdabe3fa9721458da31e5ca3d8417609""},""join_samples"":{""date"":""2026-10-06"",""run_id"":""6053842e89dc42398b57ac2741086b30""}}"
35,35,"-29.8329263 , 30.953582500000003","-29.7619879 , 30.882333000000003",urban-urban,mixed,1795,"{""sample_routes"":{""date"":""2026-10-06"",""run_id"":""bdabe3fa9721458da31e5ca3d8417609""},""join_samples"":{""date"":""2026-10-06"",""run_id"":""6053842e89dc42398b57ac2741086b30""}}"
36,36,"-29.8304669 , 30.963900300000002","-29.7691224 , 30.902057300000003",urban-urban,mixed,1789,"{""sample_routes"":{""date"":""2026-10-06"",""run_id"":""bdabe3fa9721458da31e5ca3d8417609""},""join_samples"":{""date"":""2026-10-06"",""run_id"":""6053842e89dc42398b57ac2741086b30""}}"
37,37,"-29.8349727 , 30.9083249","-29.758133700000002 , 30.908715200000003",rural-urban,mixed,1823,"{""sample_routes"":{""date"":""2026-10-06"",""run_id"":""bdabe3fa9721458da31e5ca3d8417609""},""join_samples"":{""date"":""2026-10-06"",""run_id"":""6053842e89dc42398b57ac2741086b30""}}"
38,38,"-29.83432 , 30.914777500000003","-29.7596898 , 30.914431500000003",rural-urban,mixed,1709,"{""sample_routes"":{""date"":""2026-10-06"",""run_id"":""bdabe3fa9721458da31e5ca3d8417609""},""join_samples"":{""date"":""2026-10-06"",""run_id"":""6053842e89dc42398b57ac2741086b30""}}"
39,39,"-29.7758305 , 30.9081265","-29.8309433 , 30.9629273",urban-urban,mixed,1686,"{""sample_routes"":{""date"":""2026-10-06"",""run_id"":""bdabe3fa9721458da31e5ca3d8417609""},""join_samples"":{""date"":""2026-10-06"",""run_id"":""6053842e89dc42398b57ac2741086b30""}}"
40,40,"-29.878450700000002 , 30.8817556","-29.8218898 , 30.9387095",urban-rural,mixed,1678,"{""sample_routes"":{""date"":""2026-10-06"",""run_id"":""bdabe3fa9721458da31e5ca3d8417609""},""join_samples"":{""date"":""2026-10-06"",""run_id"":""6053842e89dc42398b57ac2741086b30""}}"
41,41,"-29.810245400000003 , 30.9173787","-29.873362200000003 , 30.854198600000004",urban-urban,mixed,1647,"{""sample_routes"":{""date"":""2026-10-06"",""run_id"":""bdabe3fa9721458da31e5ca3d8417609""},""join_samples"":{""date"":""2026-10-06"",""run_id"":""6053842e89dc42398b57ac2741086b30""}}"
42,42,"-29.8604947 , 31.0336673","-29.860694700000003 , 30.8730653",urban-urban,mixed,1640,"{""sample_routes"":{""date"":""2026-10-06"",""run_id"":""bdabe3fa9721458da31e5ca3d8417609""},""join_samples"":{""date"":""2026-10-06"",""run_id"":""6053842e89dc42398b57ac2741086b30""}}"
43,43,"-29.797385000000002 , 30.9005486","-29.8718769 , 30.974555400000003",urban-urban,mixed,1633,"{""sample_routes"":{""date"":""2026-10-06"",""run_id"":""bdabe3fa9721458da31e5ca3d8417609""},""join_samples"":{""date"":""2026-10-06"",""run_id"":""6053842e89dc42398b57ac2741086b30""}}"
44,44,"-29.7427548 , 30.943949000000003","-29.830173900000002 , 30.943848300000003",urban-urban,mixed,1970,"{""sample_routes"":{""date"":""2026-10-06"",""run_id"":""bdabe3fa9721458da31e5ca3d8417609""},""join_samples"":{""date"":""2026-10-06"",""run_id"":""6053842e89dc42398b57ac2741086b30""}}"
45,45,"-29.8347999 , 30.906670000000002","-29.9085375 , 30.9070265",rural-urban,mixed,1601,"{""sample_routes"":{""date"":""2026-10-06"",""run_id"":""bdabe3fa9721458da31e5ca3d8417609""},""join_samples"":{""date"":""2026-10-06"",""run_id"":""6053842e89dc42398b57ac2741086b30""}}"
46,46,"-29.7959749 , 30.901152900000003","-29.8684252 , 30.9733021",urban-urban,mixed,1592,"{""sample_routes"":{""date"":""2026-10-06"",""run_id"":""bdabe3fa9721458da31e5ca3d8417609""},""join_samples"":{""date"":""2026-10-06"",""run_id"":""6053842e89dc42398b57ac2741086b30""}}"
47,47,"-29.838887300000003 , 31.0317022","-29.838338200000003 , 30.8890694",urban-rural,mixed,1575,"{""sample_routes"":{""date"":""2026-10-06"",""run_id"":""bdabe3fa9721458da31e5ca3d8417609""},""join_samples"":{""date"":""2026-10-06"",""run_id"":""6053842e89dc42398b57ac2741086b30""}}"
48,48,"-29.8169183 , 30.928052800000003","-29.8868031 , 30.8576446",rural-urban,mixed,2053,"{""sample_routes"":{""date"":""2026-10-06"",""run_id"":""bdabe3fa9721458da31e5ca3d8417609""},""join_samples"":{""date"":""2026-10-06"",""run_id"":""6053842e89dc42398b57ac2741086b30""}}"
49,49,"-29.880463600000002 , 30.870299900000003","-29.850496200000002 , 30.899694200000003",urban-rural,mixed,1530,"{""sample_routes"":{""date"":""2026-10-06"",""run_id"":""bdabe3fa9721458da31e5ca3d8417609""},""join_samples"":{""date"":""2026-10-06"",""run_id"":""6053842e89dc42398b57ac2741086b30""}}"
0,0,"-25.7022902 , 28.084897400000003","-25.702392800000002 , 28.254502400000003",rural-urban,urban,1817,"{""sample_routes"":{""date"":""2026-10-06"",""run_id"":""252cee987573455f883ec49ca28bdce9""},""join_samples"":{""date"":""2026-10-06"",""run_id"":""d8b54c5858694aefa8bee117f9f54e64""}}"
1,1,"-25.734065100000002 , 28.3929182","-25.884772700000003 , 28.242006000000003",urban-rural,urban,1819,"{""sample_routes"":{""date"":""2026-10-06"",""run_id"":""252cee987573455f883ec49ca28bdce9""},""join_samples"":{""date"":""2026-10-06"",""run_id"":""d8b54c5858694aefa8bee117f9f54e64""}}"
2,2,"-25.7953814 , 28.0443205","-25.7033892 , 28.1363276",urban-urban,urban,1847,"{""sample_routes"":{""date"":""2026-10-06"",""run_id"":""252cee987573455f883ec49ca28bdce9""},""join_samples"":{""date"":""2026-10-06"",""run_id"":""d8b54c5858694aefa8bee117f9f54e64""}}"
3,3,"-25.722829400000002 , 28.120827100000003","-25.7232215 , 28.265709700000002",urban-urban,urban,1746,"{""sample_routes"":{""date"":""2026-10-06"",""run_id"":""252cee987573455f883ec49ca28bdce9""},""join_samples"":{""date"":""2026-10-06"",""run_id"":""d8b54c5858694aefa8bee117f9f54e64""}}"
4,4,"-25.7628959 , 28.172100800000003","-25.6371417 , 28.0464269",rural-rural,urban,1872,"{""sample_routes"":{""date"":""2026-10-06"",""run_id"":""252cee987573455f883ec49ca28bdce9""},""join_samples"":{""date"":""2026-10-06"",""run_id"":""d8b54c5858694aefa8bee117f9f54e64""}}"
5,5,"-25.7512082 , 28.1978143","-25.9342529 , 28.197345900000002",urban-rural,urban,1696,"{""sample_routes"":{""date"":""2026-10-06"",""run_id"":""252cee987573455f883ec49ca28bdce9""},""join_samples"":{""date"":""2026-10-06"",""run_id"":""d8b54c5858694aefa8bee117f9f54e64""}}"
6,6,"-25.7577564 , 28.217883200000003","-25.6567957 , 28.116818300000002",urban-urban,urban,1916,"{""sample_routes"":{""date"":""2026-10-06"",""run_id"":""252cee987573455f883ec49ca28bdce9""},""join_samples"":{""date"":""2026-10-06"",""run_id"":""d8b54c5858694aefa8bee117f9f54e64""}}"
7,7,"-25.748109900000003 , 28.206677900000003","-25.9612972 , 28.2061178",urban-urban,urban,1918,"{""sample_routes"":{""date"":""2026-10-06"",""run_id"":""252cee987573455f883ec49ca28bdce9""},""join_samples"":{""date"":""2026-10-06"",""run_id"":""d8b54c5858694aefa8bee117f9f54e64""}}"
8,8,"-25.720089400000003 , 28.1355116","-25.720607400000002 , 28.309110200000003",urban-urban,urban,1924,"{""sample_routes"":{""date"":""2026-10-06"",""run_id"":""252cee987573455f883ec49ca28bdce9""},""join_samples"":{""date"":""2026-10-06"",""run_id"":""d8b54c5858694aefa8bee117f9f54e64""}}"
9,9,"-25.725050300000003 , 28.432265100000002","-25.7248689 , 28.311965500000003",urban-urban,urban,1657,"{""sample_routes"":{""date"":""2026-10-06"",""run_id"":""252cee987573455f883ec49ca28bdce9""},""join_samples"":{""date"":""2026-10-06"",""run_id"":""d8b54c5858694aefa8bee117f9f54e64""}}"
10,10,"-25.754375000000003 , 28.1249165","-25.8959745 , 28.124901800000004",urban-urban,urban,1944,"{""sample_routes"":{""date"":""2026-10-06"",""run_id"":""252cee987573455f883ec49ca28bdce9""},""join_samples"":{""date"":""2026-10-06"",""run_id"":""d8b54c5858694aefa8bee117f9f54e64""}}"
11,11,"-25.7435304 , 28.229951900000003","-25.966563400000002 , 28.2295042",urban-urban,urban,1645,"{""sample_routes"":{""date"":""2026-10-06"",""run_id"":""252cee987573455f883ec49ca28bdce9""},""join_samples"":{""date"":""2026-10-06"",""run_id"":""d8b54c5858694aefa8bee117f9f54e64""}}"
12,12,"-25.827136000000003 , 28.157409100000002","-25.679174500000002 , 28.1569277",urban-urban,urban,1957,"{""sample_routes"":{""date"":""2026-10-06"",""run_id"":""252cee987573455f883ec49ca28bdce9""},""join_samples"":{""date"":""2026-10-06"",""run_id"":""d8b54c5858694aefa8bee117f9f54e64""}}"
13,13,"-25.918741500000003 , 28.2272478","-25.780025900000002 , 28.366023000000002",rural-urban,urban,1984,"{""sample_routes"":{""date"":""2026-10-06"",""run_id"":""252cee987573455f883ec49ca28bdce9""},""join_samples"":{""date"":""2026-10-06"",""run_id"":""d8b54c5858694aefa8bee117f9f54e64""}}"
14,14,"-25.7630014 , 28.187301700000003","-25.639483100000003 , 28.1873815",urban-rural,urban,1613,"{""sample_routes"":{""date"":""2026-10-06"",""run_id"":""252cee987573455f883ec49ca28bdce9""},""join_samples"":{""date"":""2026-10-06"",""run_id"":""d8b54c5858694aefa8bee117f9f54e64""}}"
15,15,"-25.7226719 , 28.3534471","-25.841962000000002 , 28.3537648",urban-rural,urban,1988,"{""sample_routes"":{""date"":""2026-10-06"",""run_id"":""252cee987573455f883ec49ca28bdce9""},""join_samples"":{""date"":""2026-10-06"",""run_id"":""d8b54c5858694aefa8bee117f9f54e64""}}"
16,16,"-25.7868104 , 28.1690553","-25.786891400000002 , 28.348245600000002",rural-rural,urban,1990,"{""sample_routes"":{""date"":""2026-10-06"",""run_id"":""252cee987573455f883ec49ca28bdce9""},""join_samples"":{""date"":""2026-10-06"",""run_id"":""d8b54c5858694aefa8bee117f9f54e64""}}"
17,17,"-25.931016200000002 , 28.122370200000002","-25.748187400000003 , 28.1220119",rural-urban,urban,1990,"{""sample_routes"":{""date"":""2026-10-06"",""run_id"":""252cee987573455f883ec49ca28bdce9""},""join_samples"":{""date"":""2026-10-06"",""run_id"":""d8b54c5858694aefa8bee117f9f54e64""}}"
18,18,"-25.8812363 , 28.100903700000003","-25.7771158 , 27.9967435",urban-rural,urban,1992,"{""sample_routes"":{""date"":""2026-10-06"",""run_id"":""252cee987573455f883ec49ca28bdce9""},""join_samples"":{""date"":""2026-10-06"",""run_id"":""d8b54c5858694aefa8bee117f9f54e64""}}"
19,19,"-25.881441000000002 , 28.138603800000002","-25.719053000000002 , 28.138212000000003",urban-urban,urban,1995,"{""sample_routes"":{""date"":""2026-10-06"",""run_id"":""252cee987573455f883ec49ca28bdce9""},""join_samples"":{""date"":""2026-10-06"",""run_id"":""d8b54c5858694aefa8bee117f9f54e64""}}"
20,20,"-25.7083598 , 28.426363600000002","-25.7078388 , 28.218433400000002",urban-urban,urban,2004,"{""sample_routes"":{""date"":""2026-10-06"",""run_id"":""252cee987573455f883ec49ca28bdce9""},""join_samples"":{""date"":""2026-10-06"",""run_id"":""d8b54c5858694aefa8bee117f9f54e64""}}"
21,21,"-25.764382100000002 , 28.2093908","-25.641543400000003 , 28.0868992",urban-urban,urban,2004,"{""sample_routes"":{""date"":""2026-10-06"",""run_id"":""252cee987573455f883ec49ca28bdce9""},""join_samples"":{""date"":""2026-10-06"",""run_id"":""d8b54c5858694aefa8bee117f9f54e64""}}"
22,22,"-25.637519 , 28.201862100000003","-25.738377 , 28.100561300000003",urban-urban,urban,2009,"{""sample_routes"":{""date"":""2026-10-06"",""run_id"":""252cee987573455f883ec49ca28bdce9""},""join_samples"":{""date"":""2026-10-06"",""run_id"":""d8b54c5858694aefa8bee117f9f54e64""}}"
23,23,"-25.917028000000002 , 28.1093386","-25.7401036 , 28.109077000000003",urban-urban,urban,2017,"{""sample_routes"":{""date"":""2026-10-06"",""run_id"":""252cee987573455f883ec49ca28bdce9""},""join_samples"":{""date"":""2026-10-06"",""run_id"":""d8b54c5858694aefa8bee117f9f54e64""}}"
24,24,"-25.930266200000002 , 28.097466500000003","-25.714436600000003 , 28.3127771",urban-urban,urban,2025,"{""sample_routes"":{""date"":""2026-10-06"",""run_id"":""252cee987573455f883ec49ca28bdce9""},""join_samples"":{""date"":""2026-10-06"",""run_id"":""d8b54c5858694aefa8bee117f9f54e64""}}"
25,25,"-25.7226369 , 28.413653","-25.723161500000003 , 28.2003902",urban-urban,urban,2027,"{""sample_routes"":{""date"":""2026-10-06"",""run_id"":""252cee987573455f883ec49ca28bdce9""},""join_samples"":{""date"":""2026-10-06"",""run_id"":""d8b54c5858694aefa8bee117f9f54e64""}}"
26,26,"-25.7780698 , 28.336522400000003","-25.7784033 , 28.165722900000002",urban-rural,urban,2030,"{""sample_routes"":{""date"":""2026-10-06"",""run_id"":""252cee987573455f883ec49ca28bdce9""},""join_samples"":{""date"":""2026-10-06"",""run_id"":""d8b54c5858694aefa8bee117f9f54e64""}}"
27,27,"-25.930100000000003 , 28.061258000000002","-25.728876200000002 , 28.262846600000003",urban-urban,urban,2032,"{""sample_routes"":{""date"":""2026-10-06"",""run_id"":""252cee987573455f883ec49ca28bdce9""},""join_samples"":{""date"":""2026-10-06"",""run_id"":""d8b54c5858694aefa8bee117f9f54e64""}}"
28,28,"-25.7941034 , 28.030449500000003","-25.6820175 , 28.1427163",urban-urban,urban,2034,"{""sample_routes"":{""date"":""2026-10-06"",""run_id"":""252cee987573455f883ec49ca28bdce9""},""join_samples"":{""date"":""2026-10-06"",""run_id"":""d8b54c5858694aefa8bee117f9f54e64""}}"
29,29,"-25.9277039 , 28.143901500000002","-25.720913300000003 , 28.350322300000002",urban-urban,urban,2035,"{""sample_routes"":{""date"":""2026-10-06"",""run_id"":""252cee987573455f883ec49ca28bdce9""},""join_samples"":{""date"":""2026-10-06"",""run_id"":""d8b54c5858694aefa8bee117f9f54e64""}}"
30,30,"-25.758117300000002 , 28.2373122","-25.6842162 , 28.163283800000002",urban-urban,urban,2037,"{""sample_routes"":{""date"":""2026-10-06"",""run_id"":""252cee987573455f883ec49ca28bdce9""},""join_samples"":{""date"":""2026-10-06"",""run_id"":""d8b54c5858694aefa8bee117f9f54e64""}}"
31,31,"-25.7586768 , 28.088802200000003","-25.900333900000003 , 28.088788800000003",urban-urban,urban,2041,"{""sample_routes"":{""date"":""2026-10-06"",""run_id"":""252cee987573455f883ec49ca28bdce9""},""join_samples"":{""date"":""2026-10-06"",""run_id"":""d8b54c5858694aefa8bee117f9f54e64""}}"
32,32,"-25.956726000000003 , 28.140203800000002","-25.7231135 , 28.374357600000003",urban-urban,urban,2047,"{""sample_routes"":{""date"":""2026-10-06"",""run_id"":""252cee987573455f883ec49ca28bdce9""},""join_samples"":{""date"":""2026-10-06"",""run_id"":""d8b54c5858694aefa8bee117f9f54e64""}}"
33,33,"-25.7171495 , 28.145117000000003","-25.716653700000002 , 28.334505200000002",urban-urban,urban,2048,"{""sample_routes"":{""date"":""2026-10-06"",""run_id"":""252cee987573455f883ec49ca28bdce9""},""join_samples"":{""date"":""2026-10-06"",""run_id"":""d8b54c5858694aefa8bee117f9f54e64""}}"
34,34,"-25.746056900000003 , 28.309769300000003","-25.7465586 , 28.094487100000002",urban-urban,urban,2068,"{""sample_routes"":{""date"":""2026-10-06"",""run_id"":""252cee987573455f883ec49ca28bdce9""},""join_samples"":{""date"":""2026-10-06"",""run_id"":""d8b54c5858694aefa8bee117f9f54e64""}}"
35,35,"-25.761565400000002 , 28.420269500000003","-25.856161200000003 , 28.325717100000002",rural-rural,mixed,1813,"{""sample_routes"":{""date"":""2026-10-06"",""run_id"":""252cee987573455f883ec49ca28bdce9""},""join_samples"":{""date"":""2026-10-06"",""run_id"":""d8b54c5858694aefa8bee117f9f54e64""}}"
36,36,"-25.7804392 , 28.1691022","-25.6732085 , 28.0616945",rural-rural,mixed,1848,"{""sample_routes"":{""date"":""2026-10-06"",""run_id"":""252cee987573455f883ec49ca28bdce9""},""join_samples"":{""date"":""2026-10-06"",""run_id"":""d8b54c5858694aefa8bee117f9f54e64""}}"
37,37,"-25.675778100000002 , 28.383189400000003","-25.800298100000003 , 28.2586049",rural-urban,mixed,1736,"{""sample_routes"":{""date"":""2026-10-06"",""run_id"":""252cee987573455f883ec49ca28bdce9""},""join_samples"":{""date"":""2026-10-06"",""run_id"":""d8b54c5858694aefa8bee117f9f54e64""}}"
38,38,"-25.7771146 , 28.1256692","-25.904639600000003 , 28.252929",urban-rural,mixed,1874,"{""sample_routes"":{""date"":""2026-10-06"",""run_id"":""252cee987573455f883ec49ca28bdce9""},""join_samples"":{""date"":""2026-10-06"",""run_id"":""d8b54c5858694aefa8bee117f9f54e64""}}"
39,39,"-25.756351400000003 , 28.236193","-25.941275700000002 , 28.2361173",urban-rural,mixed,1681,"{""sample_routes"":{""date"":""2026-10-06"",""run_id"":""252cee987573455f883ec49ca28bdce9""},""join_samples"":{""date"":""2026-10-06"",""run_id"":""d8b54c5858694aefa8bee117f9f54e64""}}"
40,40,"-25.918741500000003 , 28.2272478","-25.8161655 , 28.3294205",rural-urban,mixed,1646,"{""sample_routes"":{""date"":""2026-10-06"",""run_id"":""252cee987573455f883ec49ca28bdce9""},""join_samples"":{""date"":""2026-10-06"",""run_id"":""d8b54c5858694aefa8bee117f9f54e64""}}"
41,41,"-25.6829152 , 28.2394123","-25.682511400000003 , 28.4155628",urban-urban,mixed,1638,"{""sample_routes"":{""date"":""2026-10-06"",""run_id"":""252cee987573455f883ec49ca28bdce9""},""join_samples"":{""date"":""2026-10-06"",""run_id"":""d8b54c5858694aefa8bee117f9f54e64""}}"
42,42,"-25.7627419 , 28.198937100000002","-25.935368500000003 , 28.1985381",urban-rural,mixed,1633,"{""sample_routes"":{""date"":""2026-10-06"",""run_id"":""252cee987573455f883ec49ca28bdce9""},""join_samples"":{""date"":""2026-10-06"",""run_id"":""d8b54c5858694aefa8bee117f9f54e64""}}"
43,43,"-25.7716475 , 28.215306400000003","-25.772175200000003 , 27.960355300000003",urban-rural,mixed,1987,"{""sample_routes"":{""date"":""2026-10-06"",""run_id"":""252cee987573455f883ec49ca28bdce9""},""join_samples"":{""date"":""2026-10-06"",""run_id"":""d8b54c5858694aefa8bee117f9f54e64""}}"
44,44,"-25.6767545 , 28.087553500000002","-25.676659700000002 , 28.373006200000003",urban-rural,mixed,2034,"{""sample_routes"":{""date"":""2026-10-06"",""run_id"":""252cee987573455f883ec49ca28bdce9""},""join_samples"":{""date"":""2026-10-06"",""run_id"":""d8b54c5858694aefa8bee117f9f54e64""}}"
45,45,"-25.6828499 , 28.418514000000002","-25.6824249 , 28.1374016",urban-urban,mixed,2037,"{""sample_routes"":{""date"":""2026-10-06"",""run_id"":""252cee987573455f883ec49ca28bdce9""},""join_samples"":{""date"":""2026-10-06"",""run_id"":""d8b54c5858694aefa8bee117f9f54e64""}}"
46,46,"-25.806738300000003 , 28.246657600000002","-25.673839400000002 , 28.3793244",urban-rural,mixed,1560,"{""sample_routes"":{""date"":""2026-10-06"",""run_id"":""252cee987573455f883ec49ca28bdce9""},""join_samples"":{""date"":""2026-10-06"",""run_id"":""d8b54c5858694aefa8bee117f9f54e64""}}"
47,47,"-25.737795600000002 , 28.120199500000002","-25.8185828 , 28.2008437",urban-urban,mixed,1547,"{""sample_routes"":{""date"":""2026-10-06"",""run_id"":""252cee987573455f883ec49ca28bdce9""},""join_samples"":{""date"":""2026-10-06"",""run_id"":""d8b54c5858694aefa8bee117f9f54e64""}}"
48,48,"-25.966099800000002 , 28.2159674","-25.833143200000002 , 28.215984400000004",urban-urban,mixed,1543,"{""sample_routes"":{""date"":""2026-10-06"",""run_id"":""252cee987573455f883ec49ca28bdce9""},""join_samples"":{""date"":""2026-10-06"",""run_id"":""d8b54c5858694aefa8bee117f9f54e64""}}"
49,49,"-25.7505299 , 28.4111048","-25.674225 , 28.3352201",rural-rural,mixed,1530,"{""sample_routes"":{""date"":""2026-10-06"",""run_id"":""252cee987573455f883ec49ca28bdce9""},""join_samples"":{""date"":""2026-10-06"",""run_id"":""d8b54c5858694aefa8bee117f9f54e64""}}"
0,0,"-29.170711200000003 , 26.3336562","-29.1704343 , 26.186463800000002",rural-urban,urban,1795,"{""sample_routes"":{""date"":""2026-10-06"",""run_id"":""67703a563474423ba5515216f8c494f4""},""join_samples"":{""date"":""2026-10-06"",""run_id"":""d860418d5a004543869e740fe3eaeb7d""}}"
1,1,"-26.3560993 , 28.2314843","-26.355961200000003 , 28.0956864",urban-urban,urban,1815,"{""sample_routes"":{""date"":""2026-10-06"",""run_id"":""67703a563474423ba5515216f8c494f4""},""join_samples"":{""date"":""2026-10-06"",""run_id"":""d860418d5a004543869e740fe3eaeb7d""}}"
2,2,"-26.2715518 , 27.9331107","-26.155791400000002 , 27.8179124",urban-urban,urban,1820,"{""sample_routes"":{""date"":""2026-10-06"",""run_id"":""67703a563474423ba5515216f8c494f4""},""join_samples"":{""date"":""2026-10-06"",""run_id"":""d860418d5a004543869e740fe3eaeb7d""}}"
3,3,"-33.855281500000004 , 25.4747723","-33.7386563 , 25.358459800000002",urban-urban,urban,1780,"{""sample_routes"":{""date"":""2026-10-06"",""run_id"":""67703a563474423ba5515216f8c494f4""},""join_samples"":{""date"":""2026-10-06"",""run_id"":""d860418d5a004543869e740fe3eaeb7d""}}"
4,4,"-33.9510801 , 18.4865703","-34.094844 , 18.487020700000002",urban-urban,urban,1821,"{""sample_routes"":{""date"":""2026-10-06"",""run_id"":""67703a563474423ba5515216f8c494f4""},""join_samples"":{""date"":""2026-10-06"",""run_id"":""d860418d5a004543869e740fe3eaeb7d""}}"
5,5,"-25.695567800000003 , 28.394642500000003","-25.7816903 , 28.3079837",urban-urban,urban,1843,"{""sample_routes"":{""date"":""2026-10-06"",""run_id"":""67703a563474423ba5515216f8c494f4""},""join_samples"":{""date"":""2026-10-06"",""run_id"":""d860418d5a004543869e740fe3eaeb7d""}}"
6,6,"-26.0372431 , 28.060873700000002","-25.946649700000002 , 27.970066000000003",urban-urban,urban,1755,"{""sample_routes"":{""date"":""2026-10-06"",""run_id"":""67703a563474423ba5515216f8c494f4""},""join_samples"":{""date"":""2026-10-06"",""run_id"":""d860418d5a004543869e740fe3eaeb7d""}}"
7,7,"-26.2165107 , 27.7753167","-26.118018300000003 , 27.8743051",urban-urban,urban,1849,"{""sample_routes"":{""date"":""2026-10-06"",""run_id"":""67703a563474423ba5515216f8c494f4""},""join_samples"":{""date"":""2026-10-06"",""run_id"":""d860418d5a004543869e740fe3eaeb7d""}}"
8,8,"-26.1346589 , 28.4142642","-26.246987800000003 , 28.526234300000002",urban-rural,urban,1849,"{""sample_routes"":{""date"":""2026-10-06"",""run_id"":""67703a563474423ba5515216f8c494f4""},""join_samples"":{""date"":""2026-10-06"",""run_id"":""d860418d5a004543869e740fe3eaeb7d""}}"
9,9,"-25.7589235 , 28.378164","-25.758583400000003 , 28.167942600000003",urban-urban,urban,1850,"{""sample_routes"":{""date"":""2026-10-06"",""run_id"":""67703a563474423ba5515216f8c494f4""},""join_samples"":{""date"":""2026-10-06"",""run_id"":""d860418d5a004543869e740fe3eaeb7d""}}"
10,10,"-33.8395688 , 25.505260300000003","-33.9458098 , 25.399403600000003",urban-rural,urban,1855,"{""sample_routes"":{""date"":""2026-10-06"",""run_id"":""67703a563474423ba5515216f8c494f4""},""join_samples"":{""date"":""2026-10-06"",""run_id"":""d860418d5a004543869e740fe3eaeb7d""}}"
11,11,"-25.4111525 , 31.150454000000003","-25.317974300000003 , 31.057608000000002",urban-rural,urban,1856,"{""sample_routes"":{""date"":""2026-10-06"",""run_id"":""67703a563474423ba5515216f8c494f4""},""join_samples"":{""date"":""2026-10-06"",""run_id"":""d860418d5a004543869e740fe3eaeb7d""}}"
12,12,"-26.301908100000002 , 27.943291100000003","-26.4209153 , 27.824280100000003",urban-urban,urban,1734,"{""sample_routes"":{""date"":""2026-10-06"",""run_id"":""67703a563474423ba5515216f8c494f4""},""join_samples"":{""date"":""2026-10-06"",""run_id"":""d860418d5a004543869e740fe3eaeb7d""}}"
13,13,"-25.8797932 , 25.5830893","-25.879316600000003 , 25.4363065",urban-rural,urban,1869,"{""sample_routes"":{""date"":""2026-10-06"",""run_id"":""67703a563474423ba5515216f8c494f4""},""join_samples"":{""date"":""2026-10-06"",""run_id"":""d860418d5a004543869e740fe3eaeb7d""}}"
14,14,"-26.539898200000003 , 27.8348118","-26.426483700000002 , 27.9477569",urban-rural,urban,1875,"{""sample_routes"":{""date"":""2026-10-06"",""run_id"":""67703a563474423ba5515216f8c494f4""},""join_samples"":{""date"":""2026-10-06"",""run_id"":""d860418d5a004543869e740fe3eaeb7d""}}"
15,15,"-28.594485900000002 , 28.780534600000003","-28.4999268 , 28.875521300000003",urban-rural,urban,1877,"{""sample_routes"":{""date"":""2026-10-06"",""run_id"":""67703a563474423ba5515216f8c494f4""},""join_samples"":{""date"":""2026-10-06"",""run_id"":""d860418d5a004543869e740fe3eaeb7d""}}"
16,16,"-29.2752583 , 27.529451400000003","-29.400218000000002 , 27.5289988",urban-urban,urban,1723,"{""sample_routes"":{""date"":""2026-10-06"",""run_id"":""67703a563474423ba5515216f8c494f4""},""join_samples"":{""date"":""2026-10-06"",""run_id"":""d860418d5a004543869e740fe3eaeb7d""}}"
17,17,"-25.213546400000002 , 28.996052700000003","-25.1177071 , 28.9001419",rural-urban,urban,1879,"{""sample_routes"":{""date"":""2026-10-06"",""run_id"":""67703a563474423ba5515216f8c494f4""},""join_samples"":{""date"":""2026-10-06"",""run_id"":""d860418d5a004543869e740fe3eaeb7d""}}"
18,18,"-34.0005309 , 25.6653515","-34.000739 , 25.507522100000003",urban-urban,urban,1880,"{""sample_routes"":{""date"":""2026-10-06"",""run_id"":""67703a563474423ba5515216f8c494f4""},""join_samples"":{""date"":""2026-10-06"",""run_id"":""d860418d5a004543869e740fe3eaeb7d""}}"
19,19,"-26.0747432 , 27.745479500000002","-26.2305053 , 27.7458619",urban-rural,urban,1720,"{""sample_routes"":{""date"":""2026-10-06"",""run_id"":""67703a563474423ba5515216f8c494f4""},""join_samples"":{""date"":""2026-10-06"",""run_id"":""d860418d5a004543869e740fe3eaeb7d""}}"
20,20,"-26.139615600000003 , 28.0674934","-26.353580200000003 , 28.0676525",urban-rural,urban,1885,"{""sample_routes"":{""date"":""2026-10-06"",""run_id"":""67703a563474423ba5515216f8c494f4""},""join_samples"":{""date"":""2026-10-06"",""run_id"":""d860418d5a004543869e740fe3eaeb7d""}}"
21,21,"-26.077413200000002 , 27.849514300000003","-26.1415636 , 27.785325",rural-urban,urban,1713,"{""sample_routes"":{""date"":""2026-10-06"",""run_id"":""67703a563474423ba5515216f8c494f4""},""join_samples"":{""date"":""2026-10-06"",""run_id"":""d860418d5a004543869e740fe3eaeb7d""}}"
22,22,"-33.942660700000005 , 18.6044193","-34.0674949 , 18.604534100000002",urban-urban,urban,1713,"{""sample_routes"":{""date"":""2026-10-06"",""run_id"":""67703a563474423ba5515216f8c494f4""},""join_samples"":{""date"":""2026-10-06"",""run_id"":""d860418d5a004543869e740fe3eaeb7d""}}"
23,23,"-29.342869800000003 , 27.5612017","-29.347784500000003 , 27.5665936",urban-urban,urban,1711,"{""sample_routes"":{""date"":""2026-10-06"",""run_id"":""67703a563474423ba5515216f8c494f4""},""join_samples"":{""date"":""2026-10-06"",""run_id"":""d860418d5a004543869e740fe3eaeb7d""}}"
24,24,"-34.015991400000004 , 18.656629600000002","-33.813714100000006 , 18.8588074",urban-rural,urban,1889,"{""sample_routes"":{""date"":""2026-10-06"",""run_id"":""67703a563474423ba5515216f8c494f4""},""join_samples"":{""date"":""2026-10-06"",""run_id"":""d860418d5a004543869e740fe3eaeb7d""}}"
25,25,"-26.068366400000002 , 28.0899985","-26.0680881 , 27.920191900000003",urban-urban,urban,1708,"{""sample_routes"":{""date"":""2026-10-06"",""run_id"":""67703a563474423ba5515216f8c494f4""},""join_samples"":{""date"":""2026-10-06"",""run_id"":""d860418d5a004543869e740fe3eaeb7d""}}"
26,26,"-25.6811887 , 28.3015492","-25.7675477 , 28.387629500000003",rural-urban,urban,1707,"{""sample_routes"":{""date"":""2026-10-06"",""run_id"":""67703a563474423ba5515216f8c494f4""},""join_samples"":{""date"":""2026-10-06"",""run_id"":""d860418d5a004543869e740fe3eaeb7d""}}"
27,27,"-25.7892769 , 25.591746800000003","-25.872511600000003 , 25.5082638",rural-urban,urban,1900,"{""sample_routes"":{""date"":""2026-10-06"",""run_id"":""67703a563474423ba5515216f8c494f4""},""join_samples"":{""date"":""2026-10-06"",""run_id"":""d860418d5a004543869e740fe3eaeb7d""}}"
28,28,"-25.978101600000002 , 27.998300200000003","-26.0605762 , 27.915798900000002",urban-urban,urban,1902,"{""sample_routes"":{""date"":""2026-10-06"",""run_id"":""67703a563474423ba5515216f8c494f4""},""join_samples"":{""date"":""2026-10-06"",""run_id"":""d860418d5a004543869e740fe3eaeb7d""}}"
29,29,"-23.2663842 , 29.1235019","-23.1462077 , 29.1230446",rural-urban,urban,1694,"{""sample_routes"":{""date"":""2026-10-06"",""run_id"":""67703a563474423ba5515216f8c494f4""},""join_samples"":{""date"":""2026-10-06"",""run_id"":""d860418d5a004543869e740fe3eaeb7d""}}"
30,30,"-29.8350569 , 30.859723100000004","-29.958987200000003 , 30.983867600000004",urban-urban,urban,1906,"{""sample_routes"":{""date"":""2026-10-06"",""run_id"":""67703a563474423ba5515216f8c494f4""},""join_samples"":{""date"":""2026-10-06"",""run_id"":""d860418d5a004543869e740fe3eaeb7d""}}"
31,31,"-26.2755575 , 27.8170931","-26.105972100000002 , 27.8168356",urban-urban,urban,1908,"{""sample_routes"":{""date"":""2026-10-06"",""run_id"":""67703a563474423ba5515216f8c494f4""},""join_samples"":{""date"":""2026-10-06"",""run_id"":""d860418d5a004543869e740fe3eaeb7d""}}"
32,32,"-33.890565200000005 , 18.690395600000002","-33.890905700000005 , 18.4859112",urban-urban,urban,1910,"{""sample_routes"":{""date"":""2026-10-06"",""run_id"":""67703a563474423ba5515216f8c494f4""},""join_samples"":{""date"":""2026-10-06"",""run_id"":""d860418d5a004543869e740fe3eaeb7d""}}"
33,33,"-26.4182586 , 27.9226595","-26.307799000000003 , 27.8126004",rural-urban,urban,1912,"{""sample_routes"":{""date"":""2026-10-06"",""run_id"":""67703a563474423ba5515216f8c494f4""},""join_samples"":{""date"":""2026-10-06"",""run_id"":""d860418d5a004543869e740fe3eaeb7d""}}"
34,34,"-25.724022100000003 , 28.391231400000002","-25.8296864 , 28.286012500000002",urban-urban,urban,1913,"{""sample_routes"":{""date"":""2026-10-06"",""run_id"":""67703a563474423ba5515216f8c494f4""},""join_samples"":{""date"":""2026-10-06"",""run_id"":""d860418d5a004543869e740fe3eaeb7d""}}"
35,35,"-29.8231098 , 31.014748100000002","-29.9271698 , 30.9111645",urban-urban,urban,1914,"{""sample_routes"":{""date"":""2026-10-06"",""run_id"":""67703a563474423ba5515216f8c494f4""},""join_samples"":{""date"":""2026-10-06"",""run_id"":""d860418d5a004543869e740fe3eaeb7d""}}"
36,36,"-25.291233100000003 , 28.946692000000002","-25.416656500000002 , 28.821812800000004",urban-urban,urban,1685,"{""sample_routes"":{""date"":""2026-10-06"",""run_id"":""67703a563474423ba5515216f8c494f4""},""join_samples"":{""date"":""2026-10-06"",""run_id"":""d860418d5a004543869e740fe3eaeb7d""}}"
37,37,"-24.9239731 , 29.953747500000002","-24.8028198 , 29.9532634",rural-rural,urban,1917,"{""sample_routes"":{""date"":""2026-10-06"",""run_id"":""67703a563474423ba5515216f8c494f4""},""join_samples"":{""date"":""2026-10-06"",""run_id"":""d860418d5a004543869e740fe3eaeb7d""}}"
38,38,"-29.137794000000003 , 31.0694607","-29.2676008 , 31.1990616",urban-rural,urban,1924,"{""sample_routes"":{""date"":""2026-10-06"",""run_id"":""67703a563474423ba5515216f8c494f4""},""join_samples"":{""date"":""2026-10-06"",""run_id"":""d860418d5a004543869e740fe3eaeb7d""}}"
39,39,"-25.9273147 , 28.1897199","-25.927606200000003 , 28.0019148",urban-urban,urban,1676,"{""sample_routes"":{""date"":""2026-10-06"",""run_id"":""67703a563474423ba5515216f8c494f4""},""join_samples"":{""date"":""2026-10-06"",""run_id"":""d860418d5a004543869e740fe3eaeb7d""}}"
40,40,"-26.2530752 , 28.299795500000002","-26.3783083 , 28.175099600000003",urban-urban,urban,1928,"{""sample_routes"":{""date"":""2026-10-06"",""run_id"":""67703a563474423ba5515216f8c494f4""},""join_samples"":{""date"":""2026-10-06"",""run_id"":""d860418d5a004543869e740fe3eaeb7d""}}"
41,41,"-26.1998561 , 27.7647753","-26.342541 , 27.9079583",urban-urban,urban,1928,"{""sample_routes"":{""date"":""2026-10-06"",""run_id"":""67703a563474423ba5515216f8c494f4""},""join_samples"":{""date"":""2026-10-06"",""run_id"":""d860418d5a004543869e740fe3eaeb7d""}}"
42,42,"-25.030806700000003 , 29.6735264","-25.0696537 , 29.7127698",rural-rural,urban,1663,"{""sample_routes"":{""date"":""2026-10-06"",""run_id"":""67703a563474423ba5515216f8c494f4""},""join_samples"":{""date"":""2026-10-06"",""run_id"":""d860418d5a004543869e740fe3eaeb7d""}}"
43,43,"-25.7150998 , 28.228833700000003","-25.837532500000002 , 28.350856",urban-rural,urban,1937,"{""sample_routes"":{""date"":""2026-10-06"",""run_id"":""67703a563474423ba5515216f8c494f4""},""join_samples"":{""date"":""2026-10-06"",""run_id"":""d860418d5a004543869e740fe3eaeb7d""}}"
44,44,"-26.1333899 , 28.445949100000004","-26.314813100000002 , 28.445675100000003",urban-urban,urban,1941,"{""sample_routes"":{""date"":""2026-10-06"",""run_id"":""67703a563474423ba5515216f8c494f4""},""join_samples"":{""date"":""2026-10-06"",""run_id"":""d860418d5a004543869e740fe3eaeb7d""}}"
45,45,"-26.407258900000002 , 25.190450100000003","-26.531785000000003 , 25.3151125",rural-rural,urban,1941,"{""sample_routes"":{""date"":""2026-10-06"",""run_id"":""67703a563474423ba5515216f8c494f4""},""join_samples"":{""date"":""2026-10-06"",""run_id"":""d860418d5a004543869e740fe3eaeb7d""}}"
46,46,"-25.4522444 , 28.729352700000003","-25.452749400000002 , 28.609680500000003",urban-rural,urban,1659,"{""sample_routes"":{""date"":""2026-10-06"",""run_id"":""67703a563474423ba5515216f8c494f4""},""join_samples"":{""date"":""2026-10-06"",""run_id"":""d860418d5a004543869e740fe3eaeb7d""}}"
47,47,"-25.7368899 , 28.322510500000003","-25.6143769 , 28.2004358",urban-rural,urban,1657,"{""sample_routes"":{""date"":""2026-10-06"",""run_id"":""67703a563474423ba5515216f8c494f4""},""join_samples"":{""date"":""2026-10-06"",""run_id"":""d860418d5a004543869e740fe3eaeb7d""}}"
48,48,"-26.1312019 , 28.106605700000003","-26.3342096 , 28.106632200000004",urban-urban,urban,1656,"{""sample_routes"":{""date"":""2026-10-06"",""run_id"":""67703a563474423ba5515216f8c494f4""},""join_samples"":{""date"":""2026-10-06"",""run_id"":""d860418d5a004543869e740fe3eaeb7d""}}"
49,49,"-34.0263636 , 18.6021192","-33.901454 , 18.4776111",urban-urban,urban,1652,"{""sample_routes"":{""date"":""2026-10-06"",""run_id"":""67703a563474423ba5515216f8c494f4""},""join_samples"":{""date"":""2026-10-06"",""run_id"":""d860418d5a004543869e740fe3eaeb7d""}}"
50,50,"-26.1416383 , 28.4468932","-26.3248223 , 28.4463976",urban-rural,urban,1948,"{""sample_routes"":{""date"":""2026-10-06"",""run_id"":""67703a563474423ba5515216f8c494f4""},""join_samples"":{""date"":""2026-10-06"",""run_id"":""d860418d5a004543869e740fe3eaeb7d""}}"
51,51,"-25.9105661 , 28.157497600000003","-25.738015200000003 , 28.329901500000002",urban-urban,urban,1649,"{""sample_routes"":{""date"":""2026-10-06"",""run_id"":""67703a563474423ba5515216f8c494f4""},""join_samples"":{""date"":""2026-10-06"",""run_id"":""d860418d5a004543869e740fe3eaeb7d""}}"
52,52,"-33.742860300000004 , 25.427157700000002","-33.863567700000004 , 25.3067715",urban-rural,urban,1952,"{""sample_routes"":{""date"":""2026-10-06"",""run_id"":""67703a563474423ba5515216f8c494f4""},""join_samples"":{""date"":""2026-10-06"",""run_id"":""d860418d5a004543869e740fe3eaeb7d""}}"
53,53,"-33.8375086 , 18.708762500000002","-33.8375969 , 18.4853923",urban-urban,urban,1953,"{""sample_routes"":{""date"":""2026-10-06"",""run_id"":""67703a563474423ba5515216f8c494f4""},""join_samples"":{""date"":""2026-10-06"",""run_id"":""d860418d5a004543869e740fe3eaeb7d""}}"
54,54,"-28.464449400000003 , 30.155396000000003","-28.3716517 , 30.0621824",urban-urban,urban,1647,"{""sample_routes"":{""date"":""2026-10-06"",""run_id"":""67703a563474423ba5515216f8c494f4""},""join_samples"":{""date"":""2026-10-06"",""run_id"":""d860418d5a004543869e740fe3eaeb7d""}}"
55,55,"-26.1967804 , 27.729724100000002","-26.0962952 , 27.8296843",rural-urban,urban,1645,"{""sample_routes"":{""date"":""2026-10-06"",""run_id"":""67703a563474423ba5515216f8c494f4""},""join_samples"":{""date"":""2026-10-06"",""run_id"":""d860418d5a004543869e740fe3eaeb7d""}}"
56,56,"-32.9405012 , 27.7194715","-33.0303792 , 27.8095128",urban-rural,urban,1955,"{""sample_routes"":{""date"":""2026-10-06"",""run_id"":""67703a563474423ba5515216f8c494f4""},""join_samples"":{""date"":""2026-10-06"",""run_id"":""d860418d5a004543869e740fe3eaeb7d""}}"
57,57,"-33.9143114 , 18.4750681","-34.0617171 , 18.622009000000002",urban-urban,urban,1957,"{""sample_routes"":{""date"":""2026-10-06"",""run_id"":""67703a563474423ba5515216f8c494f4""},""join_samples"":{""date"":""2026-10-06"",""run_id"":""d860418d5a004543869e740fe3eaeb7d""}}"
58,58,"-26.1516854 , 27.938031100000003","-26.4175296 , 27.9381345",urban-rural,urban,1957,"{""sample_routes"":{""date"":""2026-10-06"",""run_id"":""67703a563474423ba5515216f8c494f4""},""join_samples"":{""date"":""2026-10-06"",""run_id"":""d860418d5a004543869e740fe3eaeb7d""}}"
59,59,"-34.0025288 , 18.4760667","-33.919714 , 18.3932156",urban-urban,urban,1639,"{""sample_routes"":{""date"":""2026-10-06"",""run_id"":""67703a563474423ba5515216f8c494f4""},""join_samples"":{""date"":""2026-10-06"",""run_id"":""d860418d5a004543869e740fe3eaeb7d""}}"
60,60,"-25.3407111 , 31.127608300000002","-25.426394100000003 , 31.128030700000004",urban-rural,urban,1639,"{""sample_routes"":{""date"":""2026-10-06"",""run_id"":""67703a563474423ba5515216f8c494f4""},""join_samples"":{""date"":""2026-10-06"",""run_id"":""d860418d5a004543869e740fe3eaeb7d""}}"
61,61,"-25.5941453 , 28.041312400000002","-25.485794400000003 , 28.150149300000002",urban-urban,urban,1962,"{""sample_routes"":{""date"":""2026-10-06"",""run_id"":""67703a563474423ba5515216f8c494f4""},""join_samples"":{""date"":""2026-10-06"",""run_id"":""d860418d5a004543869e740fe3eaeb7d""}}"
62,62,"-33.7911591 , 18.469158800000002","-33.904409900000005 , 18.582583500000002",urban-urban,urban,1965,"{""sample_routes"":{""date"":""2026-10-06"",""run_id"":""67703a563474423ba5515216f8c494f4""},""join_samples"":{""date"":""2026-10-06"",""run_id"":""d860418d5a004543869e740fe3eaeb7d""}}"
63,63,"-26.163852700000003 , 27.922213600000003","-26.164416600000003 , 27.7262239",urban-rural,urban,1969,"{""sample_routes"":{""date"":""2026-10-06"",""run_id"":""67703a563474423ba5515216f8c494f4""},""join_samples"":{""date"":""2026-10-06"",""run_id"":""d860418d5a004543869e740fe3eaeb7d""}}"
64,64,"-26.368537500000002 , 28.1420032","-26.3687526 , 27.940354000000003",urban-urban,urban,1974,"{""sample_routes"":{""date"":""2026-10-06"",""run_id"":""67703a563474423ba5515216f8c494f4""},""join_samples"":{""date"":""2026-10-06"",""run_id"":""d860418d5a004543869e740fe3eaeb7d""}}"
65,65,"-26.242711300000003 , 28.028037500000003","-26.3881972 , 28.1734736",urban-urban,urban,1975,"{""sample_routes"":{""date"":""2026-10-06"",""run_id"":""67703a563474423ba5515216f8c494f4""},""join_samples"":{""date"":""2026-10-06"",""run_id"":""d860418d5a004543869e740fe3eaeb7d""}}"
66,66,"-25.4191727 , 28.145553800000002","-25.315327900000003 , 28.041352600000003",urban-rural,urban,1625,"{""sample_routes"":{""date"":""2026-10-06"",""run_id"":""67703a563474423ba5515216f8c494f4""},""join_samples"":{""date"":""2026-10-06"",""run_id"":""d860418d5a004543869e740fe3eaeb7d""}}"
67,67,"-25.8670474 , 28.2113359","-25.6730783 , 28.2112708",urban-urban,urban,1978,"{""sample_routes"":{""date"":""2026-10-06"",""run_id"":""67703a563474423ba5515216f8c494f4""},""join_samples"":{""date"":""2026-10-06"",""run_id"":""d860418d5a004543869e740fe3eaeb7d""}}"
68,68,"-25.5816577 , 28.048065500000003","-25.736108700000003 , 28.2030569",urban-urban,urban,1978,"{""sample_routes"":{""date"":""2026-10-06"",""run_id"":""67703a563474423ba5515216f8c494f4""},""join_samples"":{""date"":""2026-10-06"",""run_id"":""d860418d5a004543869e740fe3eaeb7d""}}"
69,69,"-25.966843100000002 , 28.0247783","-26.1004076 , 28.158388100000003",rural-urban,urban,1982,"{""sample_routes"":{""date"":""2026-10-06"",""run_id"":""67703a563474423ba5515216f8c494f4""},""join_samples"":{""date"":""2026-10-06"",""run_id"":""d860418d5a004543869e740fe3eaeb7d""}}"
70,70,"-22.984469 , 30.3927191","-23.0912003 , 30.285591800000002",urban-rural,urban,1983,"{""sample_routes"":{""date"":""2026-10-06"",""run_id"":""67703a563474423ba5515216f8c494f4""},""join_samples"":{""date"":""2026-10-06"",""run_id"":""d860418d5a004543869e740fe3eaeb7d""}}"
71,71,"-26.217058700000003 , 27.944711","-26.4128809 , 27.945085700000003",urban-rural,urban,1986,"{""sample_routes"":{""date"":""2026-10-06"",""run_id"":""67703a563474423ba5515216f8c494f4""},""join_samples"":{""date"":""2026-10-06"",""run_id"":""d860418d5a004543869e740fe3eaeb7d""}}"
72,72,"-26.246657000000003 , 27.9399313","-26.132224400000002 , 27.8255233",urban-urban,urban,1986,"{""sample_routes"":{""date"":""2026-10-06"",""run_id"":""67703a563474423ba5515216f8c494f4""},""join_samples"":{""date"":""2026-10-06"",""run_id"":""d860418d5a004543869e740fe3eaeb7d""}}"
73,73,"-26.238438900000002 , 27.8227687","-26.413349800000002 , 27.822398500000002",urban-urban,urban,1988,"{""sample_routes"":{""date"":""2026-10-06"",""run_id"":""67703a563474423ba5515216f8c494f4""},""join_samples"":{""date"":""2026-10-06"",""run_id"":""d860418d5a004543869e740fe3eaeb7d""}}"
74,74,"-26.206416100000002 , 27.9133277","-26.4145195 , 27.913597300000003",urban-urban,urban,1989,"{""sample_routes"":{""date"":""2026-10-06"",""run_id"":""67703a563474423ba5515216f8c494f4""},""join_samples"":{""date"":""2026-10-06"",""run_id"":""d860418d5a004543869e740fe3eaeb7d""}}"
75,75,"-26.160299300000002 , 27.880462","-26.0081969 , 28.0323384",urban-urban,urban,1993,"{""sample_routes"":{""date"":""2026-10-06"",""run_id"":""67703a563474423ba5515216f8c494f4""},""join_samples"":{""date"":""2026-10-06"",""run_id"":""d860418d5a004543869e740fe3eaeb7d""}}"
76,76,"-29.844149100000003 , 30.9766446","-29.903599900000003 , 31.0366062",urban-urban,urban,1605,"{""sample_routes"":{""date"":""2026-10-06"",""run_id"":""67703a563474423ba5515216f8c494f4""},""join_samples"":{""date"":""2026-10-06"",""run_id"":""d860418d5a004543869e740fe3eaeb7d""}}"
77,77,"-29.9162408 , 30.8262949","-29.795339700000003 , 30.8268522",urban-rural,urban,1996,"{""sample_routes"":{""date"":""2026-10-06"",""run_id"":""67703a563474423ba5515216f8c494f4""},""join_samples"":{""date"":""2026-10-06"",""run_id"":""d860418d5a004543869e740fe3eaeb7d""}}"
78,78,"-33.7813871 , 25.585495400000003","-33.872472800000004 , 25.4940111",urban-urban,urban,1997,"{""sample_routes"":{""date"":""2026-10-06"",""run_id"":""67703a563474423ba5515216f8c494f4""},""join_samples"":{""date"":""2026-10-06"",""run_id"":""d860418d5a004543869e740fe3eaeb7d""}}"
79,79,"-25.4097437 , 28.8151565","-25.340578100000002 , 28.7456332",urban-urban,urban,1602,"{""sample_routes"":{""date"":""2026-10-06"",""run_id"":""67703a563474423ba5515216f8c494f4""},""join_samples"":{""date"":""2026-10-06"",""run_id"":""d860418d5a004543869e740fe3eaeb7d""}}"
80,80,"-33.891755100000005 , 25.6008046","-34.006662600000006 , 25.486165000000003",urban-rural,urban,2001,"{""sample_routes"":{""date"":""2026-10-06"",""run_id"":""67703a563474423ba5515216f8c494f4""},""join_samples"":{""date"":""2026-10-06"",""run_id"":""d860418d5a004543869e740fe3eaeb7d""}}"
81,81,"-33.8852987 , 25.502455400000002","-33.7615053 , 25.378723100000002",urban-urban,urban,2002,"{""sample_routes"":{""date"":""2026-10-06"",""run_id"":""67703a563474423ba5515216f8c494f4""},""join_samples"":{""date"":""2026-10-06"",""run_id"":""d860418d5a004543869e740fe3eaeb7d""}}"
82,82,"-26.266325900000002 , 27.8921138","-26.464216200000003 , 27.8923184",urban-rural,urban,2008,"{""sample_routes"":{""date"":""2026-10-06"",""run_id"":""67703a563474423ba5515216f8c494f4""},""join_samples"":{""date"":""2026-10-06"",""run_id"":""d860418d5a004543869e740fe3eaeb7d""}}"
83,83,"-26.354792600000003 , 27.8903925","-26.212128 , 27.747627700000002",urban-rural,urban,2009,"{""sample_routes"":{""date"":""2026-10-06"",""run_id"":""67703a563474423ba5515216f8c494f4""},""join_samples"":{""date"":""2026-10-06"",""run_id"":""d860418d5a004543869e740fe3eaeb7d""}}"
84,84,"-25.023834 , 29.670663200000003","-25.085516300000002 , 29.732270800000002",rural-rural,urban,2009,"{""sample_routes"":{""date"":""2026-10-06"",""run_id"":""67703a563474423ba5515216f8c494f4""},""join_samples"":{""date"":""2026-10-06"",""run_id"":""d860418d5a004543869e740fe3eaeb7d""}}"
85,85,"-33.9126015 , 18.474173500000003","-33.7833119 , 18.4736644",urban-rural,urban,2009,"{""sample_routes"":{""date"":""2026-10-06"",""run_id"":""67703a563474423ba5515216f8c494f4""},""join_samples"":{""date"":""2026-10-06"",""run_id"":""d860418d5a004543869e740fe3eaeb7d""}}"
86,86,"-29.335224200000003 , 27.455062","-29.236436200000004 , 27.553482900000002",urban-rural,urban,2011,"{""sample_routes"":{""date"":""2026-10-06"",""run_id"":""67703a563474423ba5515216f8c494f4""},""join_samples"":{""date"":""2026-10-06"",""run_id"":""d860418d5a004543869e740fe3eaeb7d""}}"
87,87,"-33.8302392 , 25.2834705","-33.7304375 , 25.3830488",urban-urban,urban,1588,"{""sample_routes"":{""date"":""2026-10-06"",""run_id"":""67703a563474423ba5515216f8c494f4""},""join_samples"":{""date"":""2026-10-06"",""run_id"":""d860418d5a004543869e740fe3eaeb7d""}}"
88,88,"-30.002728100000002 , 30.9306498","-29.7840345 , 30.931158200000002",urban-urban,urban,2013,"{""sample_routes"":{""date"":""2026-10-06"",""run_id"":""67703a563474423ba5515216f8c494f4""},""join_samples"":{""date"":""2026-10-06"",""run_id"":""d860418d5a004543869e740fe3eaeb7d""}}"
89,89,"-26.218558400000003 , 27.8959353","-26.0987282 , 27.775874400000003",urban-urban,urban,2013,"{""sample_routes"":{""date"":""2026-10-06"",""run_id"":""67703a563474423ba5515216f8c494f4""},""join_samples"":{""date"":""2026-10-06"",""run_id"":""d860418d5a004543869e740fe3eaeb7d""}}"
90,90,"-29.685612600000002 , 30.908947100000002","-29.7799815 , 31.0028854",urban-urban,urban,2013,"{""sample_routes"":{""date"":""2026-10-06"",""run_id"":""67703a563474423ba5515216f8c494f4""},""join_samples"":{""date"":""2026-10-06"",""run_id"":""d860418d5a004543869e740fe3eaeb7d""}}"
91,91,"-25.8939737 , 28.136309500000003","-26.0412517 , 27.988734",urban-urban,urban,2013,"{""sample_routes"":{""date"":""2026-10-06"",""run_id"":""67703a563474423ba5515216f8c494f4""},""join_samples"":{""date"":""2026-10-06"",""run_id"":""d860418d5a004543869e740fe3eaeb7d""}}"
92,92,"-25.576088400000003 , 28.078777600000002","-25.7909988 , 28.293171800000003",urban-urban,urban,2014,"{""sample_routes"":{""date"":""2026-10-06"",""run_id"":""67703a563474423ba5515216f8c494f4""},""join_samples"":{""date"":""2026-10-06"",""run_id"":""d860418d5a004543869e740fe3eaeb7d""}}"
93,93,"-26.137567800000003 , 28.1398964","-26.4040649 , 28.1401706",urban-urban,urban,2017,"{""sample_routes"":{""date"":""2026-10-06"",""run_id"":""67703a563474423ba5515216f8c494f4""},""join_samples"":{""date"":""2026-10-06"",""run_id"":""d860418d5a004543869e740fe3eaeb7d""}}"
94,94,"-26.111388 , 28.056055100000002","-26.247338900000003 , 27.9198309",urban-urban,urban,2021,"{""sample_routes"":{""date"":""2026-10-06"",""run_id"":""67703a563474423ba5515216f8c494f4""},""join_samples"":{""date"":""2026-10-06"",""run_id"":""d860418d5a004543869e740fe3eaeb7d""}}"
95,95,"-33.978001 , 25.6417445","-33.809221300000004 , 25.4725313",urban-urban,urban,2022,"{""sample_routes"":{""date"":""2026-10-06"",""run_id"":""67703a563474423ba5515216f8c494f4""},""join_samples"":{""date"":""2026-10-06"",""run_id"":""d860418d5a004543869e740fe3eaeb7d""}}"
96,96,"-26.367395700000003 , 28.2027894","-26.152373700000002 , 28.202272400000002",urban-urban,urban,2023,"{""sample_routes"":{""date"":""2026-10-06"",""run_id"":""67703a563474423ba5515216f8c494f4""},""join_samples"":{""date"":""2026-10-06"",""run_id"":""d860418d5a004543869e740fe3eaeb7d""}}"
97,97,"-26.4178533 , 27.8487808","-26.1962738 , 28.0699517",urban-urban,urban,2023,"{""sample_routes"":{""date"":""2026-10-06"",""run_id"":""67703a563474423ba5515216f8c494f4""},""join_samples"":{""date"":""2026-10-06"",""run_id"":""d860418d5a004543869e740fe3eaeb7d""}}"
98,98,"-26.00187 , 28.180531100000003","-25.892364200000003 , 28.071382600000003",urban-rural,urban,2024,"{""sample_routes"":{""date"":""2026-10-06"",""run_id"":""67703a563474423ba5515216f8c494f4""},""join_samples"":{""date"":""2026-10-06"",""run_id"":""d860418d5a004543869e740fe3eaeb7d""}}"
99,99,"-25.546809000000003 , 27.9927403","-25.443848600000003 , 27.9932164",urban-rural,urban,1574,"{""sample_routes"":{""date"":""2026-10-06"",""run_id"":""67703a563474423ba5515216f8c494f4""},""join_samples"":{""date"":""2026-10-06"",""run_id"":""d860418d5a004543869e740fe3eaeb7d""}}"
100,100,"-26.3229645 , 28.399810100000003","-26.1688659 , 28.2458302",urban-urban,urban,2026,"{""sample_routes"":{""date"":""2026-10-06"",""run_id"":""67703a563474423ba5515216f8c494f4""},""join_samples"":{""date"":""2026-10-06"",""run_id"":""d860418d5a004543869e740fe3eaeb7d""}}"
101,101,"-26.151861500000003 , 28.388961600000002","-26.2980933 , 28.2430467",urban-urban,urban,2028,"{""sample_routes"":{""date"":""2026-10-06"",""run_id"":""67703a563474423ba5515216f8c494f4""},""join_samples"":{""date"":""2026-10-06"",""run_id"":""d860418d5a004543869e740fe3eaeb7d""}}"
102,102,"-25.784398900000003 , 28.3669949","-25.784013700000003 , 28.190702",urban-rural,urban,2030,"{""sample_routes"":{""date"":""2026-10-06"",""run_id"":""67703a563474423ba5515216f8c494f4""},""join_samples"":{""date"":""2026-10-06"",""run_id"":""d860418d5a004543869e740fe3eaeb7d""}}"
103,103,"-26.861565000000002 , 26.5816006","-26.763702600000002 , 26.679356400000003",urban-rural,urban,2031,"{""sample_routes"":{""date"":""2026-10-06"",""run_id"":""67703a563474423ba5515216f8c494f4""},""join_samples"":{""date"":""2026-10-06"",""run_id"":""d860418d5a004543869e740fe3eaeb7d""}}"
104,104,"-26.037896200000002 , 27.957181000000002","-26.138042100000003 , 27.8574711",urban-urban,urban,2031,"{""sample_routes"":{""date"":""2026-10-06"",""run_id"":""67703a563474423ba5515216f8c494f4""},""join_samples"":{""date"":""2026-10-06"",""run_id"":""d860418d5a004543869e740fe3eaeb7d""}}"
105,105,"-26.2776199 , 27.946293800000003","-26.068405000000002 , 28.155941300000002",urban-rural,urban,2033,"{""sample_routes"":{""date"":""2026-10-06"",""run_id"":""67703a563474423ba5515216f8c494f4""},""join_samples"":{""date"":""2026-10-06"",""run_id"":""d860418d5a004543869e740fe3eaeb7d""}}"
106,106,"-34.063467 , 18.699448500000003","-34.063481100000004 , 18.522678300000003",urban-urban,urban,1566,"{""sample_routes"":{""date"":""2026-10-06"",""run_id"":""67703a563474423ba5515216f8c494f4""},""join_samples"":{""date"":""2026-10-06"",""run_id"":""d860418d5a004543869e740fe3eaeb7d""}}"
107,107,"-33.992564 , 25.671586400000002","-33.8568845 , 25.5356549",urban-urban,urban,2034,"{""sample_routes"":{""date"":""2026-10-06"",""run_id"":""67703a563474423ba5515216f8c494f4""},""join_samples"":{""date"":""2026-10-06"",""run_id"":""d860418d5a004543869e740fe3eaeb7d""}}"
108,108,"-26.15015 , 28.020495","-26.3508482 , 28.221042500000003",urban-urban,urban,2035,"{""sample_routes"":{""date"":""2026-10-06"",""run_id"":""67703a563474423ba5515216f8c494f4""},""join_samples"":{""date"":""2026-10-06"",""run_id"":""d860418d5a004543869e740fe3eaeb7d""}}"
109,109,"-26.173499200000002 , 28.0395287","-26.1730473 , 27.848158700000003",urban-rural,urban,2035,"{""sample_routes"":{""date"":""2026-10-06"",""run_id"":""67703a563474423ba5515216f8c494f4""},""join_samples"":{""date"":""2026-10-06"",""run_id"":""d860418d5a004543869e740fe3eaeb7d""}}"
110,110,"-26.1571058 , 27.6938108","-26.335092000000003 , 27.6940692",urban-rural,urban,1565,"{""sample_routes"":{""date"":""2026-10-06"",""run_id"":""67703a563474423ba5515216f8c494f4""},""join_samples"":{""date"":""2026-10-06"",""run_id"":""d860418d5a004543869e740fe3eaeb7d""}}"
111,111,"-33.986666400000004 , 25.5844951","-33.8243073 , 25.5843117",urban-urban,urban,2035,"{""sample_routes"":{""date"":""2026-10-06"",""run_id"":""67703a563474423ba5515216f8c494f4""},""join_samples"":{""date"":""2026-10-06"",""run_id"":""d860418d5a004543869e740fe3eaeb7d""}}"
112,112,"-26.0989906 , 28.4060419","-26.246545100000002 , 28.258462700000003",rural-urban,urban,2035,"{""sample_routes"":{""date"":""2026-10-06"",""run_id"":""67703a563474423ba5515216f8c494f4""},""join_samples"":{""date"":""2026-10-06"",""run_id"":""d860418d5a004543869e740fe3eaeb7d""}}"
113,113,"-26.215328600000003 , 27.8554092","-26.101352900000002 , 27.9690063",urban-urban,urban,2036,"{""sample_routes"":{""date"":""2026-10-06"",""run_id"":""67703a563474423ba5515216f8c494f4""},""join_samples"":{""date"":""2026-10-06"",""run_id"":""d860418d5a004543869e740fe3eaeb7d""}}"
114,114,"-33.890982 , 18.826301700000002","-33.891304500000004 , 18.5167772",urban-urban,urban,2037,"{""sample_routes"":{""date"":""2026-10-06"",""run_id"":""67703a563474423ba5515216f8c494f4""},""join_samples"":{""date"":""2026-10-06"",""run_id"":""d860418d5a004543869e740fe3eaeb7d""}}"
115,115,"-26.494771500000002 , 27.834878900000003","-26.7214649 , 27.835416400000003",urban-urban,urban,2037,"{""sample_routes"":{""date"":""2026-10-06"",""run_id"":""67703a563474423ba5515216f8c494f4""},""join_samples"":{""date"":""2026-10-06"",""run_id"":""d860418d5a004543869e740fe3eaeb7d""}}"
116,116,"-26.2877638 , 28.3979879","-26.118152100000003 , 28.2279763",urban-urban,urban,2037,"{""sample_routes"":{""date"":""2026-10-06"",""run_id"":""67703a563474423ba5515216f8c494f4""},""join_samples"":{""date"":""2026-10-06"",""run_id"":""d860418d5a004543869e740fe3eaeb7d""}}"
117,117,"-33.9284981 , 18.6737971","-33.928281000000005 , 18.4125088",urban-urban,urban,2040,"{""sample_routes"":{""date"":""2026-10-06"",""run_id"":""67703a563474423ba5515216f8c494f4""},""join_samples"":{""date"":""2026-10-06"",""run_id"":""d860418d5a004543869e740fe3eaeb7d""}}"
118,118,"-30.1721852 , 30.779431700000004","-29.9918212 , 30.779748",rural-rural,urban,2040,"{""sample_routes"":{""date"":""2026-10-06"",""run_id"":""67703a563474423ba5515216f8c494f4""},""join_samples"":{""date"":""2026-10-06"",""run_id"":""d860418d5a004543869e740fe3eaeb7d""}}"
119,119,"-26.258612600000003 , 28.4743792","-26.2588739 , 28.1165962",urban-urban,urban,2040,"{""sample_routes"":{""date"":""2026-10-06"",""run_id"":""67703a563474423ba5515216f8c494f4""},""join_samples"":{""date"":""2026-10-06"",""run_id"":""d860418d5a004543869e740fe3eaeb7d""}}"
120,120,"-29.8651637 , 30.7522452","-29.789035700000003 , 30.828379700000003",urban-rural,urban,2041,"{""sample_routes"":{""date"":""2026-10-06"",""run_id"":""67703a563474423ba5515216f8c494f4""},""join_samples"":{""date"":""2026-10-06"",""run_id"":""d860418d5a004543869e740fe3eaeb7d""}}"
121,121,"-33.7899861 , 18.4683582","-33.9583092 , 18.467952500000003",urban-urban,urban,2041,"{""sample_routes"":{""date"":""2026-10-06"",""run_id"":""67703a563474423ba5515216f8c494f4""},""join_samples"":{""date"":""2026-10-06"",""run_id"":""d860418d5a004543869e740fe3eaeb7d""}}"
122,122,"-25.994850600000003 , 28.2392156","-25.8580505 , 28.102556600000003",urban-rural,urban,2043,"{""sample_routes"":{""date"":""2026-10-06"",""run_id"":""67703a563474423ba5515216f8c494f4""},""join_samples"":{""date"":""2026-10-06"",""run_id"":""d860418d5a004543869e740fe3eaeb7d""}}"
123,123,"-26.053635900000003 , 27.947333200000003","-26.1455823 , 28.038761100000002",urban-urban,urban,2044,"{""sample_routes"":{""date"":""2026-10-06"",""run_id"":""67703a563474423ba5515216f8c494f4""},""join_samples"":{""date"":""2026-10-06"",""run_id"":""d860418d5a004543869e740fe3eaeb7d""}}"
124,124,"-25.935344100000002 , 28.171906800000002","-25.7405067 , 28.366173500000002",rural-urban,urban,2046,"{""sample_routes"":{""date"":""2026-10-06"",""run_id"":""67703a563474423ba5515216f8c494f4""},""join_samples"":{""date"":""2026-10-06"",""run_id"":""d860418d5a004543869e740fe3eaeb7d""}}"
125,125,"-34.103357100000004 , 18.382380700000002","-34.0086759 , 18.477284100000002",rural-urban,urban,2046,"{""sample_routes"":{""date"":""2026-10-06"",""run_id"":""67703a563474423ba5515216f8c494f4""},""join_samples"":{""date"":""2026-10-06"",""run_id"":""d860418d5a004543869e740fe3eaeb7d""}}"
126,126,"-25.603602400000003 , 28.7228704","-25.7744003 , 28.722959000000003",rural-urban,urban,2047,"{""sample_routes"":{""date"":""2026-10-06"",""run_id"":""67703a563474423ba5515216f8c494f4""},""join_samples"":{""date"":""2026-10-06"",""run_id"":""d860418d5a004543869e740fe3eaeb7d""}}"
127,127,"-33.861875000000005 , 25.4896338","-33.949003000000005 , 25.489343100000003",urban-urban,urban,2050,"{""sample_routes"":{""date"":""2026-10-06"",""run_id"":""67703a563474423ba5515216f8c494f4""},""join_samples"":{""date"":""2026-10-06"",""run_id"":""d860418d5a004543869e740fe3eaeb7d""}}"
128,128,"-25.721625600000003 , 28.1209062","-25.8855939 , 28.121392",urban-urban,urban,2050,"{""sample_routes"":{""date"":""2026-10-06"",""run_id"":""67703a563474423ba5515216f8c494f4""},""join_samples"":{""date"":""2026-10-06"",""run_id"":""d860418d5a004543869e740fe3eaeb7d""}}"
129,129,"-30.055068000000002 , 30.866407400000003","-29.960386900000003 , 30.866070200000003",urban-urban,urban,2051,"{""sample_routes"":{""date"":""2026-10-06"",""run_id"":""67703a563474423ba5515216f8c494f4""},""join_samples"":{""date"":""2026-10-06"",""run_id"":""d860418d5a004543869e740fe3eaeb7d""}}"
130,130,"-29.6522305 , 31.011118600000003","-29.7189839 , 30.944194800000002",urban-urban,urban,2051,"{""sample_routes"":{""date"":""2026-10-06"",""run_id"":""67703a563474423ba5515216f8c494f4""},""join_samples"":{""date"":""2026-10-06"",""run_id"":""d860418d5a004543869e740fe3eaeb7d""}}"
131,131,"-26.1698896 , 28.114665400000003","-26.169900000000002 , 27.909269300000002",urban-urban,urban,2052,"{""sample_routes"":{""date"":""2026-10-06"",""run_id"":""67703a563474423ba5515216f8c494f4""},""join_samples"":{""date"":""2026-10-06"",""run_id"":""d860418d5a004543869e740fe3eaeb7d""}}"
132,132,"-34.098295900000004 , 18.4676112","-33.9730135 , 18.5933877",urban-urban,urban,2054,"{""sample_routes"":{""date"":""2026-10-06"",""run_id"":""67703a563474423ba5515216f8c494f4""},""join_samples"":{""date"":""2026-10-06"",""run_id"":""d860418d5a004543869e740fe3eaeb7d""}}"
133,133,"-29.6895692 , 30.9868643","-29.7583747 , 30.918170800000002",urban-urban,urban,2055,"{""sample_routes"":{""date"":""2026-10-06"",""run_id"":""67703a563474423ba5515216f8c494f4""},""join_samples"":{""date"":""2026-10-06"",""run_id"":""d860418d5a004543869e740fe3eaeb7d""}}"
134,134,"-26.2724675 , 27.776115","-26.150510200000003 , 27.897539300000002",urban-urban,urban,2055,"{""sample_routes"":{""date"":""2026-10-06"",""run_id"":""67703a563474423ba5515216f8c494f4""},""join_samples"":{""date"":""2026-10-06"",""run_id"":""d860418d5a004543869e740fe3eaeb7d""}}"
135,135,"-26.068184600000002 , 28.0644598","-26.0682489 , 27.9069773",urban-urban,urban,2055,"{""sample_routes"":{""date"":""2026-10-06"",""run_id"":""67703a563474423ba5515216f8c494f4""},""join_samples"":{""date"":""2026-10-06"",""run_id"":""d860418d5a004543869e740fe3eaeb7d""}}"
136,136,"-33.787422500000005 , 25.5747208","-33.867075 , 25.4948841",urban-urban,urban,2055,"{""sample_routes"":{""date"":""2026-10-06"",""run_id"":""67703a563474423ba5515216f8c494f4""},""join_samples"":{""date"":""2026-10-06"",""run_id"":""d860418d5a004543869e740fe3eaeb7d""}}"
137,137,"-29.873191000000002 , 31.050514900000003","-30.041056400000002 , 30.8821647",urban-urban,urban,2057,"{""sample_routes"":{""date"":""2026-10-06"",""run_id"":""67703a563474423ba5515216f8c494f4""},""join_samples"":{""date"":""2026-10-06"",""run_id"":""d860418d5a004543869e740fe3eaeb7d""}}"
138,138,"-34.038733900000004 , 18.485545000000002","-33.9259876 , 18.598358100000002",urban-urban,urban,2058,"{""sample_routes"":{""date"":""2026-10-06"",""run_id"":""67703a563474423ba5515216f8c494f4""},""join_samples"":{""date"":""2026-10-06"",""run_id"":""d860418d5a004543869e740fe3eaeb7d""}}"
139,139,"-33.806567 , 18.514152900000003","-34.013728900000004 , 18.5137386",urban-urban,urban,2058,"{""sample_routes"":{""date"":""2026-10-06"",""run_id"":""67703a563474423ba5515216f8c494f4""},""join_samples"":{""date"":""2026-10-06"",""run_id"":""d860418d5a004543869e740fe3eaeb7d""}}"
140,140,"-26.0024431 , 28.1747684","-26.0028246 , 27.986834",urban-urban,urban,2059,"{""sample_routes"":{""date"":""2026-10-06"",""run_id"":""67703a563474423ba5515216f8c494f4""},""join_samples"":{""date"":""2026-10-06"",""run_id"":""d860418d5a004543869e740fe3eaeb7d""}}"
141,141,"-25.9803874 , 28.0348362","-26.148769 , 28.0348332",rural-urban,urban,2059,"{""sample_routes"":{""date"":""2026-10-06"",""run_id"":""67703a563474423ba5515216f8c494f4""},""join_samples"":{""date"":""2026-10-06"",""run_id"":""d860418d5a004543869e740fe3eaeb7d""}}"
142,142,"-33.971598 , 18.5052401","-33.8346539 , 18.6424989",urban-urban,urban,2060,"{""sample_routes"":{""date"":""2026-10-06"",""run_id"":""67703a563474423ba5515216f8c494f4""},""join_samples"":{""date"":""2026-10-06"",""run_id"":""d860418d5a004543869e740fe3eaeb7d""}}"
143,143,"-29.8946569 , 30.8925519","-29.949298900000002 , 30.947141100000003",urban-urban,urban,1540,"{""sample_routes"":{""date"":""2026-10-06"",""run_id"":""67703a563474423ba5515216f8c494f4""},""join_samples"":{""date"":""2026-10-06"",""run_id"":""d860418d5a004543869e740fe3eaeb7d""}}"
144,144,"-33.9843503 , 18.4633235","-34.0732256 , 18.5523464",urban-urban,urban,2061,"{""sample_routes"":{""date"":""2026-10-06"",""run_id"":""67703a563474423ba5515216f8c494f4""},""join_samples"":{""date"":""2026-10-06"",""run_id"":""d860418d5a004543869e740fe3eaeb7d""}}"
145,145,"-29.2624041 , 26.738735000000002","-29.168485800000003 , 26.832359200000003",urban-urban,urban,1539,"{""sample_routes"":{""date"":""2026-10-06"",""run_id"":""67703a563474423ba5515216f8c494f4""},""join_samples"":{""date"":""2026-10-06"",""run_id"":""d860418d5a004543869e740fe3eaeb7d""}}"
146,146,"-25.685947600000002 , 28.246002500000003","-25.6856848 , 28.145745",urban-urban,urban,1536,"{""sample_routes"":{""date"":""2026-10-06"",""run_id"":""67703a563474423ba5515216f8c494f4""},""join_samples"":{""date"":""2026-10-06"",""run_id"":""d860418d5a004543869e740fe3eaeb7d""}}"
147,147,"-34.1242466 , 18.889661","-33.909555700000006 , 18.6749064",urban-urban,urban,2064,"{""sample_routes"":{""date"":""2026-10-06"",""run_id"":""67703a563474423ba5515216f8c494f4""},""join_samples"":{""date"":""2026-10-06"",""run_id"":""d860418d5a004543869e740fe3eaeb7d""}}"
148,148,"-25.917822400000002 , 29.265588100000002","-25.8256115 , 29.266005500000002",urban-rural,urban,1533,"{""sample_routes"":{""date"":""2026-10-06"",""run_id"":""67703a563474423ba5515216f8c494f4""},""join_samples"":{""date"":""2026-10-06"",""run_id"":""d860418d5a004543869e740fe3eaeb7d""}}"
149,149,"-25.9895578 , 28.076241500000002","-25.990082200000003 , 27.9689048",urban-rural,urban,1530,"{""sample_routes"":{""date"":""2026-10-06"",""run_id"":""67703a563474423ba5515216f8c494f4""},""join_samples"":{""date"":""2026-10-06"",""run_id"":""d860418d5a004543869e740fe3eaeb7d""}}"
150,150,"-29.850181300000003 , 30.910087800000003","-29.8507047 , 30.755569800000004",rural-urban,mixed,1801,"{""sample_routes"":{""date"":""2026-10-06"",""run_id"":""67703a563474423ba5515216f8c494f4""},""join_samples"":{""date"":""2026-10-06"",""run_id"":""d860418d5a004543869e740fe3eaeb7d""}}"
151,151,"-26.843275700000003 , 26.689974900000003","-26.842709000000003 , 26.5211073",rural-rural,mixed,1795,"{""sample_routes"":{""date"":""2026-10-06"",""run_id"":""67703a563474423ba5515216f8c494f4""},""join_samples"":{""date"":""2026-10-06"",""run_id"":""d860418d5a004543869e740fe3eaeb7d""}}"
152,152,"-29.195635600000003 , 26.258967100000003","-29.0904567 , 26.364375900000002",urban-rural,mixed,1805,"{""sample_routes"":{""date"":""2026-10-06"",""run_id"":""67703a563474423ba5515216f8c494f4""},""join_samples"":{""date"":""2026-10-06"",""run_id"":""d860418d5a004543869e740fe3eaeb7d""}}"
153,153,"-25.133561500000003 , 31.1254209","-25.070602700000002 , 31.062058200000003",urban-rural,mixed,1789,"{""sample_routes"":{""date"":""2026-10-06"",""run_id"":""67703a563474423ba5515216f8c494f4""},""join_samples"":{""date"":""2026-10-06"",""run_id"":""d860418d5a004543869e740fe3eaeb7d""}}"
154,154,"-25.7863167 , 28.718280900000003","-25.6857578 , 28.6182623",urban-rural,mixed,1820,"{""sample_routes"":{""date"":""2026-10-06"",""run_id"":""67703a563474423ba5515216f8c494f4""},""join_samples"":{""date"":""2026-10-06"",""run_id"":""d860418d5a004543869e740fe3eaeb7d""}}"
155,155,"-34.409680800000004 , 19.279912200000002","-34.354772000000004 , 19.2797187",rural-rural,mixed,1820,"{""sample_routes"":{""date"":""2026-10-06"",""run_id"":""67703a563474423ba5515216f8c494f4""},""join_samples"":{""date"":""2026-10-06"",""run_id"":""d860418d5a004543869e740fe3eaeb7d""}}"
156,156,"-30.0674238 , 30.8050418","-29.972191300000002 , 30.7103256",urban-rural,mixed,1777,"{""sample_routes"":{""date"":""2026-10-06"",""run_id"":""67703a563474423ba5515216f8c494f4""},""join_samples"":{""date"":""2026-10-06"",""run_id"":""d860418d5a004543869e740fe3eaeb7d""}}"
157,157,"-24.132946500000003 , 28.9757496","-23.958306800000003 , 28.9762835",urban-rural,mixed,1775,"{""sample_routes"":{""date"":""2026-10-06"",""run_id"":""67703a563474423ba5515216f8c494f4""},""join_samples"":{""date"":""2026-10-06"",""run_id"":""d860418d5a004543869e740fe3eaeb7d""}}"
158,158,"-29.083738500000003 , 31.423253600000002","-29.215947500000002 , 31.423741600000003",urban-rural,mixed,1827,"{""sample_routes"":{""date"":""2026-10-06"",""run_id"":""67703a563474423ba5515216f8c494f4""},""join_samples"":{""date"":""2026-10-06"",""run_id"":""d860418d5a004543869e740fe3eaeb7d""}}"
159,159,"-29.123309900000002 , 26.174993800000003","-29.242632 , 26.0559462",urban-rural,mixed,1772,"{""sample_routes"":{""date"":""2026-10-06"",""run_id"":""67703a563474423ba5515216f8c494f4""},""join_samples"":{""date"":""2026-10-06"",""run_id"":""d860418d5a004543869e740fe3eaeb7d""}}"
160,160,"-25.775570300000002 , 28.290038000000003","-25.953262300000002 , 28.290299200000003",urban-rural,mixed,1829,"{""sample_routes"":{""date"":""2026-10-06"",""run_id"":""67703a563474423ba5515216f8c494f4""},""join_samples"":{""date"":""2026-10-06"",""run_id"":""d860418d5a004543869e740fe3eaeb7d""}}"
161,161,"-31.898656700000004 , 26.957458600000002","-31.981255200000003 , 27.040473300000002",urban-urban,mixed,1768,"{""sample_routes"":{""date"":""2026-10-06"",""run_id"":""67703a563474423ba5515216f8c494f4""},""join_samples"":{""date"":""2026-10-06"",""run_id"":""d860418d5a004543869e740fe3eaeb7d""}}"
162,162,"-23.8902864 , 30.257450000000002","-23.7666754 , 30.257299800000002",urban-rural,mixed,1838,"{""sample_routes"":{""date"":""2026-10-06"",""run_id"":""67703a563474423ba5515216f8c494f4""},""join_samples"":{""date"":""2026-10-06"",""run_id"":""d860418d5a004543869e740fe3eaeb7d""}}"
163,163,"-31.652814000000003 , 28.042170700000003","-31.7448082 , 28.0416597",rural-rural,mixed,1761,"{""sample_routes"":{""date"":""2026-10-06"",""run_id"":""67703a563474423ba5515216f8c494f4""},""join_samples"":{""date"":""2026-10-06"",""run_id"":""d860418d5a004543869e740fe3eaeb7d""}}"
164,164,"-33.033012400000004 , 27.838703000000002","-32.9147144 , 27.9565613",rural-rural,mixed,1761,"{""sample_routes"":{""date"":""2026-10-06"",""run_id"":""67703a563474423ba5515216f8c494f4""},""join_samples"":{""date"":""2026-10-06"",""run_id"":""d860418d5a004543869e740fe3eaeb7d""}}"
165,165,"-25.641999100000003 , 31.731480800000003","-25.753258600000002 , 31.842474600000003",urban-urban,mixed,1760,"{""sample_routes"":{""date"":""2026-10-06"",""run_id"":""67703a563474423ba5515216f8c494f4""},""join_samples"":{""date"":""2026-10-06"",""run_id"":""d860418d5a004543869e740fe3eaeb7d""}}"
166,166,"-29.175475400000003 , 31.4961914","-29.080819400000003 , 31.402038500000003",rural-urban,mixed,1841,"{""sample_routes"":{""date"":""2026-10-06"",""run_id"":""67703a563474423ba5515216f8c494f4""},""join_samples"":{""date"":""2026-10-06"",""run_id"":""d860418d5a004543869e740fe3eaeb7d""}}"
167,167,"-27.806566 , 30.0883663","-27.8069808 , 29.9379017",urban-rural,mixed,1758,"{""sample_routes"":{""date"":""2026-10-06"",""run_id"":""67703a563474423ba5515216f8c494f4""},""join_samples"":{""date"":""2026-10-06"",""run_id"":""d860418d5a004543869e740fe3eaeb7d""}}"
168,168,"-23.806093800000003 , 29.477731900000002","-23.887044900000003 , 29.3964314",rural-urban,mixed,1757,"{""sample_routes"":{""date"":""2026-10-06"",""run_id"":""67703a563474423ba5515216f8c494f4""},""join_samples"":{""date"":""2026-10-06"",""run_id"":""d860418d5a004543869e740fe3eaeb7d""}}"
169,169,"-25.9254357 , 29.2309817","-26.0780564 , 29.078290600000003",urban-rural,mixed,1756,"{""sample_routes"":{""date"":""2026-10-06"",""run_id"":""67703a563474423ba5515216f8c494f4""},""join_samples"":{""date"":""2026-10-06"",""run_id"":""d860418d5a004543869e740fe3eaeb7d""}}"
170,170,"-25.450371200000003 , 31.209356000000003","-25.5410046 , 31.2099282",urban-rural,mixed,1755,"{""sample_routes"":{""date"":""2026-10-06"",""run_id"":""67703a563474423ba5515216f8c494f4""},""join_samples"":{""date"":""2026-10-06"",""run_id"":""d860418d5a004543869e740fe3eaeb7d""}}"
171,171,"-27.370135100000002 , 29.891708","-27.4698253 , 29.9910396",urban-rural,mixed,1847,"{""sample_routes"":{""date"":""2026-10-06"",""run_id"":""67703a563474423ba5515216f8c494f4""},""join_samples"":{""date"":""2026-10-06"",""run_id"":""d860418d5a004543869e740fe3eaeb7d""}}"
172,172,"-25.917822400000002 , 29.265588100000002","-25.796457800000002 , 29.2650441",urban-rural,mixed,1847,"{""sample_routes"":{""date"":""2026-10-06"",""run_id"":""67703a563474423ba5515216f8c494f4""},""join_samples"":{""date"":""2026-10-06"",""run_id"":""d860418d5a004543869e740fe3eaeb7d""}}"
173,173,"-29.734263700000003 , 30.863540800000003","-29.7986851 , 30.7993528",urban-urban,mixed,1751,"{""sample_routes"":{""date"":""2026-10-06"",""run_id"":""67703a563474423ba5515216f8c494f4""},""join_samples"":{""date"":""2026-10-06"",""run_id"":""d860418d5a004543869e740fe3eaeb7d""}}"
174,174,"-31.618598300000002 , 28.013398600000002","-31.618939200000003 , 27.990094900000003",rural-urban,mixed,1750,"{""sample_routes"":{""date"":""2026-10-06"",""run_id"":""67703a563474423ba5515216f8c494f4""},""join_samples"":{""date"":""2026-10-06"",""run_id"":""d860418d5a004543869e740fe3eaeb7d""}}"
175,175,"-25.553157300000002 , 28.000546200000002","-25.6839848 , 27.870257900000002",urban-rural,mixed,1851,"{""sample_routes"":{""date"":""2026-10-06"",""run_id"":""67703a563474423ba5515216f8c494f4""},""join_samples"":{""date"":""2026-10-06"",""run_id"":""d860418d5a004543869e740fe3eaeb7d""}}"
176,176,"-24.763279800000003 , 29.7802301","-24.8820689 , 29.7796762",rural-rural,mixed,1742,"{""sample_routes"":{""date"":""2026-10-06"",""run_id"":""67703a563474423ba5515216f8c494f4""},""join_samples"":{""date"":""2026-10-06"",""run_id"":""d860418d5a004543869e740fe3eaeb7d""}}"
177,177,"-27.9887851 , 26.7343413","-28.1149415 , 26.861063700000003",rural-rural,mixed,1741,"{""sample_routes"":{""date"":""2026-10-06"",""run_id"":""67703a563474423ba5515216f8c494f4""},""join_samples"":{""date"":""2026-10-06"",""run_id"":""d860418d5a004543869e740fe3eaeb7d""}}"
178,178,"-26.025872800000002 , 27.9575071","-25.902155500000003 , 27.9575162",urban-rural,mixed,1740,"{""sample_routes"":{""date"":""2026-10-06"",""run_id"":""67703a563474423ba5515216f8c494f4""},""join_samples"":{""date"":""2026-10-06"",""run_id"":""d860418d5a004543869e740fe3eaeb7d""}}"
179,179,"-22.936228 , 30.4611638","-22.9069819 , 30.4322416",rural-rural,mixed,1740,"{""sample_routes"":{""date"":""2026-10-06"",""run_id"":""67703a563474423ba5515216f8c494f4""},""join_samples"":{""date"":""2026-10-06"",""run_id"":""d860418d5a004543869e740fe3eaeb7d""}}"
180,180,"-29.1259593 , 26.1861424","-29.252499800000002 , 26.059356700000002",urban-rural,mixed,1861,"{""sample_routes"":{""date"":""2026-10-06"",""run_id"":""67703a563474423ba5515216f8c494f4""},""join_samples"":{""date"":""2026-10-06"",""run_id"":""d860418d5a004543869e740fe3eaeb7d""}}"
181,181,"-26.304336600000003 , 28.436884600000003","-26.186875200000003 , 28.5542808",urban-rural,mixed,1862,"{""sample_routes"":{""date"":""2026-10-06"",""run_id"":""67703a563474423ba5515216f8c494f4""},""join_samples"":{""date"":""2026-10-06"",""run_id"":""d860418d5a004543869e740fe3eaeb7d""}}"
182,182,"-23.0023832 , 30.350572000000003","-23.044242800000003 , 30.3091885",rural-rural,mixed,1737,"{""sample_routes"":{""date"":""2026-10-06"",""run_id"":""67703a563474423ba5515216f8c494f4""},""join_samples"":{""date"":""2026-10-06"",""run_id"":""d860418d5a004543869e740fe3eaeb7d""}}"
183,183,"-26.264574200000002 , 28.1312293","-26.5039531 , 28.3710987",urban-rural,mixed,1866,"{""sample_routes"":{""date"":""2026-10-06"",""run_id"":""67703a563474423ba5515216f8c494f4""},""join_samples"":{""date"":""2026-10-06"",""run_id"":""d860418d5a004543869e740fe3eaeb7d""}}"
184,184,"-29.0521755 , 26.2211573","-29.1472516 , 26.316638400000002",rural-rural,mixed,1732,"{""sample_routes"":{""date"":""2026-10-06"",""run_id"":""67703a563474423ba5515216f8c494f4""},""join_samples"":{""date"":""2026-10-06"",""run_id"":""d860418d5a004543869e740fe3eaeb7d""}}"
185,185,"-29.4088202 , 31.244869100000003","-29.2777487 , 31.244505600000004",urban-rural,mixed,1730,"{""sample_routes"":{""date"":""2026-10-06"",""run_id"":""67703a563474423ba5515216f8c494f4""},""join_samples"":{""date"":""2026-10-06"",""run_id"":""d860418d5a004543869e740fe3eaeb7d""}}"
186,186,"-25.417053900000003 , 31.189853300000003","-25.528345 , 31.301714500000003",urban-rural,mixed,1872,"{""sample_routes"":{""date"":""2026-10-06"",""run_id"":""67703a563474423ba5515216f8c494f4""},""join_samples"":{""date"":""2026-10-06"",""run_id"":""d860418d5a004543869e740fe3eaeb7d""}}"
187,187,"-29.9993526 , 30.856439400000003","-29.929167500000002 , 30.786466700000002",urban-rural,mixed,1875,"{""sample_routes"":{""date"":""2026-10-06"",""run_id"":""67703a563474423ba5515216f8c494f4""},""join_samples"":{""date"":""2026-10-06"",""run_id"":""d860418d5a004543869e740fe3eaeb7d""}}"
188,188,"-29.098339900000003 , 31.402364400000003","-29.216432100000002 , 31.4020264",urban-rural,mixed,1722,"{""sample_routes"":{""date"":""2026-10-06"",""run_id"":""67703a563474423ba5515216f8c494f4""},""join_samples"":{""date"":""2026-10-06"",""run_id"":""d860418d5a004543869e740fe3eaeb7d""}}"
189,189,"-30.730657200000003 , 28.4862976","-30.645394200000002 , 28.4868655",rural-rural,mixed,1879,"{""sample_routes"":{""date"":""2026-10-06"",""run_id"":""67703a563474423ba5515216f8c494f4""},""join_samples"":{""date"":""2026-10-06"",""run_id"":""d860418d5a004543869e740fe3eaeb7d""}}"
190,190,"-25.0328044 , 28.950187000000003","-25.141088900000003 , 29.058284",rural-urban,mixed,1879,"{""sample_routes"":{""date"":""2026-10-06"",""run_id"":""67703a563474423ba5515216f8c494f4""},""join_samples"":{""date"":""2026-10-06"",""run_id"":""d860418d5a004543869e740fe3eaeb7d""}}"
191,191,"-29.368272500000003 , 27.535095100000003","-29.2302827 , 27.396566300000003",urban-rural,mixed,1880,"{""sample_routes"":{""date"":""2026-10-06"",""run_id"":""67703a563474423ba5515216f8c494f4""},""join_samples"":{""date"":""2026-10-06"",""run_id"":""d860418d5a004543869e740fe3eaeb7d""}}"
192,192,"-23.9001962 , 30.333341800000003","-23.9875906 , 30.3327987",urban-rural,mixed,1720,"{""sample_routes"":{""date"":""2026-10-06"",""run_id"":""67703a563474423ba5515216f8c494f4""},""join_samples"":{""date"":""2026-10-06"",""run_id"":""d860418d5a004543869e740fe3eaeb7d""}}"
193,193,"-29.1157994 , 26.2267145","-28.983581200000003 , 26.0941252",urban-rural,mixed,1881,"{""sample_routes"":{""date"":""2026-10-06"",""run_id"":""67703a563474423ba5515216f8c494f4""},""join_samples"":{""date"":""2026-10-06"",""run_id"":""d860418d5a004543869e740fe3eaeb7d""}}"
194,194,"-28.963125400000003 , 31.463939800000002","-28.8869125 , 31.540688600000003",rural-rural,mixed,1881,"{""sample_routes"":{""date"":""2026-10-06"",""run_id"":""67703a563474423ba5515216f8c494f4""},""join_samples"":{""date"":""2026-10-06"",""run_id"":""d860418d5a004543869e740fe3eaeb7d""}}"
195,195,"-25.546870100000003 , 28.967461800000002","-25.466229400000003 , 28.9675076",rural-rural,mixed,1712,"{""sample_routes"":{""date"":""2026-10-06"",""run_id"":""67703a563474423ba5515216f8c494f4""},""join_samples"":{""date"":""2026-10-06"",""run_id"":""d860418d5a004543869e740fe3eaeb7d""}}"
196,196,"-31.6805041 , 28.0381554","-31.7970158 , 27.9214525",urban-rural,mixed,1711,"{""sample_routes"":{""date"":""2026-10-06"",""run_id"":""67703a563474423ba5515216f8c494f4""},""join_samples"":{""date"":""2026-10-06"",""run_id"":""d860418d5a004543869e740fe3eaeb7d""}}"
197,197,"-33.8065269 , 18.9517996","-33.678634100000004 , 18.9512913",rural-rural,mixed,1710,"{""sample_routes"":{""date"":""2026-10-06"",""run_id"":""67703a563474423ba5515216f8c494f4""},""join_samples"":{""date"":""2026-10-06"",""run_id"":""d860418d5a004543869e740fe3eaeb7d""}}"
198,198,"-29.2936529 , 27.524185300000003","-29.263089 , 27.4932459",urban-rural,mixed,1891,"{""sample_routes"":{""date"":""2026-10-06"",""run_id"":""67703a563474423ba5515216f8c494f4""},""join_samples"":{""date"":""2026-10-06"",""run_id"":""d860418d5a004543869e740fe3eaeb7d""}}"
199,199,"-33.0144838 , 27.865641800000002","-32.8643391 , 28.015952600000002",urban-rural,mixed,1892,"{""sample_routes"":{""date"":""2026-10-06"",""run_id"":""67703a563474423ba5515216f8c494f4""},""join_samples"":{""date"":""2026-10-06"",""run_id"":""d860418d5a004543869e740fe3eaeb7d""}}"
200,200,"-23.8564854 , 29.416678100000002","-23.9426825 , 29.330807200000002",urban-rural,mixed,1892,"{""sample_routes"":{""date"":""2026-10-06"",""run_id"":""67703a563474423ba5515216f8c494f4""},""join_samples"":{""date"":""2026-10-06"",""run_id"":""d860418d5a004543869e740fe3eaeb7d""}}"
201,201,"-30.0519338 , 30.841334800000002","-30.133491900000003 , 30.760323600000003",urban-rural,mixed,1702,"{""sample_routes"":{""date"":""2026-10-06"",""run_id"":""67703a563474423ba5515216f8c494f4""},""join_samples"":{""date"":""2026-10-06"",""run_id"":""d860418d5a004543869e740fe3eaeb7d""}}"
202,202,"-25.914601700000002 , 25.509065000000003","-25.7928816 , 25.6309496",rural-urban,mixed,1698,"{""sample_routes"":{""date"":""2026-10-06"",""run_id"":""67703a563474423ba5515216f8c494f4""},""join_samples"":{""date"":""2026-10-06"",""run_id"":""d860418d5a004543869e740fe3eaeb7d""}}"
203,203,"-28.881312200000004 , 28.0432546","-28.9874653 , 27.9373015",urban-rural,mixed,1902,"{""sample_routes"":{""date"":""2026-10-06"",""run_id"":""67703a563474423ba5515216f8c494f4""},""join_samples"":{""date"":""2026-10-06"",""run_id"":""d860418d5a004543869e740fe3eaeb7d""}}"
204,204,"-29.7714181 , 30.760548000000004","-29.880857700000004 , 30.8696696",rural-urban,mixed,1696,"{""sample_routes"":{""date"":""2026-10-06"",""run_id"":""67703a563474423ba5515216f8c494f4""},""join_samples"":{""date"":""2026-10-06"",""run_id"":""d860418d5a004543869e740fe3eaeb7d""}}"
205,205,"-29.797026100000004 , 30.797541700000004","-29.685215000000003 , 30.685672",urban-urban,mixed,1692,"{""sample_routes"":{""date"":""2026-10-06"",""run_id"":""67703a563474423ba5515216f8c494f4""},""join_samples"":{""date"":""2026-10-06"",""run_id"":""d860418d5a004543869e740fe3eaeb7d""}}"
206,206,"-23.8577978 , 29.637421200000002","-23.857581900000003 , 29.5063296",rural-rural,mixed,1908,"{""sample_routes"":{""date"":""2026-10-06"",""run_id"":""67703a563474423ba5515216f8c494f4""},""join_samples"":{""date"":""2026-10-06"",""run_id"":""d860418d5a004543869e740fe3eaeb7d""}}"
207,207,"-23.867847400000002 , 29.2190395","-23.7644661 , 29.3228316",rural-urban,mixed,1911,"{""sample_routes"":{""date"":""2026-10-06"",""run_id"":""67703a563474423ba5515216f8c494f4""},""join_samples"":{""date"":""2026-10-06"",""run_id"":""d860418d5a004543869e740fe3eaeb7d""}}"
208,208,"-26.5399138 , 27.8833786","-26.623857100000002 , 27.967575800000002",urban-urban,mixed,1687,"{""sample_routes"":{""date"":""2026-10-06"",""run_id"":""67703a563474423ba5515216f8c494f4""},""join_samples"":{""date"":""2026-10-06"",""run_id"":""d860418d5a004543869e740fe3eaeb7d""}}"
209,209,"-31.757463200000004 , 27.9435767","-31.6477186 , 28.053530400000003",rural-rural,mixed,1684,"{""sample_routes"":{""date"":""2026-10-06"",""run_id"":""67703a563474423ba5515216f8c494f4""},""join_samples"":{""date"":""2026-10-06"",""run_id"":""d860418d5a004543869e740fe3eaeb7d""}}"
210,210,"-26.003947200000002 , 28.1908002","-25.915692800000002 , 28.279556900000003",urban-rural,mixed,1684,"{""sample_routes"":{""date"":""2026-10-06"",""run_id"":""67703a563474423ba5515216f8c494f4""},""join_samples"":{""date"":""2026-10-06"",""run_id"":""d860418d5a004543869e740fe3eaeb7d""}}"
211,211,"-33.9125467 , 18.6828714","-33.7045571 , 18.682696200000002",urban-rural,mixed,1919,"{""sample_routes"":{""date"":""2026-10-06"",""run_id"":""67703a563474423ba5515216f8c494f4""},""join_samples"":{""date"":""2026-10-06"",""run_id"":""d860418d5a004543869e740fe3eaeb7d""}}"
212,212,"-27.7625937 , 30.064193500000002","-27.868278800000002 , 30.064076200000002",urban-rural,mixed,1674,"{""sample_routes"":{""date"":""2026-10-06"",""run_id"":""67703a563474423ba5515216f8c494f4""},""join_samples"":{""date"":""2026-10-06"",""run_id"":""d860418d5a004543869e740fe3eaeb7d""}}"
213,213,"-28.356822 , 32.123846400000005","-28.4500047 , 32.1232966",rural-urban,mixed,1928,"{""sample_routes"":{""date"":""2026-10-06"",""run_id"":""67703a563474423ba5515216f8c494f4""},""join_samples"":{""date"":""2026-10-06"",""run_id"":""d860418d5a004543869e740fe3eaeb7d""}}"
214,214,"-32.8713481 , 27.773264500000003","-32.871617300000004 , 27.5839542",rural-rural,mixed,1929,"{""sample_routes"":{""date"":""2026-10-06"",""run_id"":""67703a563474423ba5515216f8c494f4""},""join_samples"":{""date"":""2026-10-06"",""run_id"":""d860418d5a004543869e740fe3eaeb7d""}}"
215,215,"-31.611840700000002 , 28.8600996","-31.5028906 , 28.750941800000003",rural-rural,mixed,1933,"{""sample_routes"":{""date"":""2026-10-06"",""run_id"":""67703a563474423ba5515216f8c494f4""},""join_samples"":{""date"":""2026-10-06"",""run_id"":""d860418d5a004543869e740fe3eaeb7d""}}"
216,216,"-25.400156600000003 , 31.158894900000004","-25.3218439 , 31.2370893",urban-rural,mixed,1935,"{""sample_routes"":{""date"":""2026-10-06"",""run_id"":""67703a563474423ba5515216f8c494f4""},""join_samples"":{""date"":""2026-10-06"",""run_id"":""d860418d5a004543869e740fe3eaeb7d""}}"
217,217,"-26.282127300000003 , 27.767166500000002","-26.281838200000003 , 27.6104249",rural-rural,mixed,1939,"{""sample_routes"":{""date"":""2026-10-06"",""run_id"":""67703a563474423ba5515216f8c494f4""},""join_samples"":{""date"":""2026-10-06"",""run_id"":""d860418d5a004543869e740fe3eaeb7d""}}"
218,218,"-27.7864621 , 30.054479200000003","-27.871374900000003 , 30.054044700000002",urban-rural,mixed,1661,"{""sample_routes"":{""date"":""2026-10-06"",""run_id"":""67703a563474423ba5515216f8c494f4""},""join_samples"":{""date"":""2026-10-06"",""run_id"":""d860418d5a004543869e740fe3eaeb7d""}}"
219,219,"-26.4542906 , 28.423765900000003","-26.557876800000003 , 28.319806200000002",rural-urban,mixed,1660,"{""sample_routes"":{""date"":""2026-10-06"",""run_id"":""67703a563474423ba5515216f8c494f4""},""join_samples"":{""date"":""2026-10-06"",""run_id"":""d860418d5a004543869e740fe3eaeb7d""}}"
220,220,"-26.0424365 , 30.8441739","-26.1279669 , 30.758754900000003",rural-rural,mixed,1941,"{""sample_routes"":{""date"":""2026-10-06"",""run_id"":""67703a563474423ba5515216f8c494f4""},""join_samples"":{""date"":""2026-10-06"",""run_id"":""d860418d5a004543869e740fe3eaeb7d""}}"
221,221,"-29.1769719 , 26.2870941","-29.0735236 , 26.183076200000002",urban-rural,mixed,1943,"{""sample_routes"":{""date"":""2026-10-06"",""run_id"":""67703a563474423ba5515216f8c494f4""},""join_samples"":{""date"":""2026-10-06"",""run_id"":""d860418d5a004543869e740fe3eaeb7d""}}"
222,222,"-31.555448000000002 , 28.787494900000002","-31.648846900000002 , 28.694272",urban-rural,mixed,1656,"{""sample_routes"":{""date"":""2026-10-06"",""run_id"":""67703a563474423ba5515216f8c494f4""},""join_samples"":{""date"":""2026-10-06"",""run_id"":""d860418d5a004543869e740fe3eaeb7d""}}"
223,223,"-29.8071425 , 30.7677671","-29.8735807 , 30.767850600000003",rural-urban,mixed,1949,"{""sample_routes"":{""date"":""2026-10-06"",""run_id"":""67703a563474423ba5515216f8c494f4""},""join_samples"":{""date"":""2026-10-06"",""run_id"":""d860418d5a004543869e740fe3eaeb7d""}}"
224,224,"-29.2017741 , 26.225790800000002","-29.0609271 , 26.0854451",urban-rural,mixed,1949,"{""sample_routes"":{""date"":""2026-10-06"",""run_id"":""67703a563474423ba5515216f8c494f4""},""join_samples"":{""date"":""2026-10-06"",""run_id"":""d860418d5a004543869e740fe3eaeb7d""}}"
225,225,"-33.951141500000006 , 18.5391069","-33.6510886 , 18.538730400000002",urban-rural,mixed,1649,"{""sample_routes"":{""date"":""2026-10-06"",""run_id"":""67703a563474423ba5515216f8c494f4""},""join_samples"":{""date"":""2026-10-06"",""run_id"":""d860418d5a004543869e740fe3eaeb7d""}}"
226,226,"-24.925236700000003 , 31.1292672","-24.805877900000002 , 31.129216300000003",rural-rural,mixed,1952,"{""sample_routes"":{""date"":""2026-10-06"",""run_id"":""67703a563474423ba5515216f8c494f4""},""join_samples"":{""date"":""2026-10-06"",""run_id"":""d860418d5a004543869e740fe3eaeb7d""}}"
227,227,"-26.2738701 , 28.108165900000003","-26.405733400000003 , 27.975822200000003",urban-rural,mixed,1964,"{""sample_routes"":{""date"":""2026-10-06"",""run_id"":""67703a563474423ba5515216f8c494f4""},""join_samples"":{""date"":""2026-10-06"",""run_id"":""d860418d5a004543869e740fe3eaeb7d""}}"
228,228,"-29.0681365 , 27.7365613","-29.166457500000003 , 27.736208400000002",rural-urban,mixed,1966,"{""sample_routes"":{""date"":""2026-10-06"",""run_id"":""67703a563474423ba5515216f8c494f4""},""join_samples"":{""date"":""2026-10-06"",""run_id"":""d860418d5a004543869e740fe3eaeb7d""}}"
229,229,"-32.2723746 , 28.2024568","-32.2721818 , 28.058760200000002",urban-rural,mixed,1966,"{""sample_routes"":{""date"":""2026-10-06"",""run_id"":""67703a563474423ba5515216f8c494f4""},""join_samples"":{""date"":""2026-10-06"",""run_id"":""d860418d5a004543869e740fe3eaeb7d""}}"
230,230,"-26.076595800000003 , 28.378507600000002","-26.212975800000002 , 28.5149945",rural-rural,mixed,1966,"{""sample_routes"":{""date"":""2026-10-06"",""run_id"":""67703a563474423ba5515216f8c494f4""},""join_samples"":{""date"":""2026-10-06"",""run_id"":""d860418d5a004543869e740fe3eaeb7d""}}"
231,231,"-24.0635036 , 30.2781674","-24.0014122 , 30.215783300000002",rural-rural,mixed,1634,"{""sample_routes"":{""date"":""2026-10-06"",""run_id"":""67703a563474423ba5515216f8c494f4""},""join_samples"":{""date"":""2026-10-06"",""run_id"":""d860418d5a004543869e740fe3eaeb7d""}}"
232,232,"-30.7155056 , 30.4537261","-30.7150813 , 30.2708939",rural-rural,mixed,1968,"{""sample_routes"":{""date"":""2026-10-06"",""run_id"":""67703a563474423ba5515216f8c494f4""},""join_samples"":{""date"":""2026-10-06"",""run_id"":""d860418d5a004543869e740fe3eaeb7d""}}"
233,233,"-22.9464602 , 30.4749088","-22.849917 , 30.5710471",urban-rural,mixed,1629,"{""sample_routes"":{""date"":""2026-10-06"",""run_id"":""67703a563474423ba5515216f8c494f4""},""join_samples"":{""date"":""2026-10-06"",""run_id"":""d860418d5a004543869e740fe3eaeb7d""}}"
234,234,"-25.1676398 , 29.184534300000003","-25.1673221 , 29.023884300000002",rural-urban,mixed,1971,"{""sample_routes"":{""date"":""2026-10-06"",""run_id"":""67703a563474423ba5515216f8c494f4""},""join_samples"":{""date"":""2026-10-06"",""run_id"":""d860418d5a004543869e740fe3eaeb7d""}}"
235,235,"-29.1440701 , 26.240690500000003","-29.144637900000003 , 26.0881045",urban-rural,mixed,1629,"{""sample_routes"":{""date"":""2026-10-06"",""run_id"":""67703a563474423ba5515216f8c494f4""},""join_samples"":{""date"":""2026-10-06"",""run_id"":""d860418d5a004543869e740fe3eaeb7d""}}"
236,236,"-23.914764 , 29.5854816","-23.9150019 , 29.378479400000003",rural-rural,mixed,1972,"{""sample_routes"":{""date"":""2026-10-06"",""run_id"":""67703a563474423ba5515216f8c494f4""},""join_samples"":{""date"":""2026-10-06"",""run_id"":""d860418d5a004543869e740fe3eaeb7d""}}"
237,237,"-26.137407600000003 , 28.298578300000003","-26.0105235 , 28.4259747",urban-rural,mixed,1972,"{""sample_routes"":{""date"":""2026-10-06"",""run_id"":""67703a563474423ba5515216f8c494f4""},""join_samples"":{""date"":""2026-10-06"",""run_id"":""d860418d5a004543869e740fe3eaeb7d""}}"
238,238,"-28.7051993 , 24.7190331","-28.845718 , 24.859530600000003",urban-rural,mixed,1626,"{""sample_routes"":{""date"":""2026-10-06"",""run_id"":""67703a563474423ba5515216f8c494f4""},""join_samples"":{""date"":""2026-10-06"",""run_id"":""d860418d5a004543869e740fe3eaeb7d""}}"
239,239,"-30.173363700000003 , 28.704842600000003","-30.287685600000003 , 28.819680100000003",rural-urban,mixed,1625,"{""sample_routes"":{""date"":""2026-10-06"",""run_id"":""67703a563474423ba5515216f8c494f4""},""join_samples"":{""date"":""2026-10-06"",""run_id"":""d860418d5a004543869e740fe3eaeb7d""}}"
240,240,"-29.8537591 , 30.7620399","-29.854307000000002 , 30.689967000000003",urban-rural,mixed,1976,"{""sample_routes"":{""date"":""2026-10-06"",""run_id"":""67703a563474423ba5515216f8c494f4""},""join_samples"":{""date"":""2026-10-06"",""run_id"":""d860418d5a004543869e740fe3eaeb7d""}}"
241,241,"-24.1001909 , 28.9495399","-24.013216 , 28.8622373",urban-rural,mixed,1623,"{""sample_routes"":{""date"":""2026-10-06"",""run_id"":""67703a563474423ba5515216f8c494f4""},""join_samples"":{""date"":""2026-10-06"",""run_id"":""d860418d5a004543869e740fe3eaeb7d""}}"
242,242,"-32.860702 , 27.292834600000003","-32.8605285 , 27.126268500000002",rural-rural,mixed,1980,"{""sample_routes"":{""date"":""2026-10-06"",""run_id"":""67703a563474423ba5515216f8c494f4""},""join_samples"":{""date"":""2026-10-06"",""run_id"":""d860418d5a004543869e740fe3eaeb7d""}}"
243,243,"-29.8468045 , 30.8574267","-29.914255700000002 , 30.7896424",urban-rural,mixed,1984,"{""sample_routes"":{""date"":""2026-10-06"",""run_id"":""67703a563474423ba5515216f8c494f4""},""join_samples"":{""date"":""2026-10-06"",""run_id"":""d860418d5a004543869e740fe3eaeb7d""}}"
244,244,"-24.7802131 , 31.078875200000002","-24.8945362 , 31.078683400000003",rural-rural,mixed,1616,"{""sample_routes"":{""date"":""2026-10-06"",""run_id"":""67703a563474423ba5515216f8c494f4""},""join_samples"":{""date"":""2026-10-06"",""run_id"":""d860418d5a004543869e740fe3eaeb7d""}}"
245,245,"-25.840864 , 25.5711696","-25.7353272 , 25.676180700000003",urban-rural,mixed,1984,"{""sample_routes"":{""date"":""2026-10-06"",""run_id"":""67703a563474423ba5515216f8c494f4""},""join_samples"":{""date"":""2026-10-06"",""run_id"":""d860418d5a004543869e740fe3eaeb7d""}}"
246,246,"-29.3477482 , 27.448253","-29.183381400000002 , 27.4477945",urban-rural,mixed,1984,"{""sample_routes"":{""date"":""2026-10-06"",""run_id"":""67703a563474423ba5515216f8c494f4""},""join_samples"":{""date"":""2026-10-06"",""run_id"":""d860418d5a004543869e740fe3eaeb7d""}}"
247,247,"-29.1642371 , 26.282877600000003","-29.047554 , 26.166587800000002",urban-rural,mixed,1987,"{""sample_routes"":{""date"":""2026-10-06"",""run_id"":""67703a563474423ba5515216f8c494f4""},""join_samples"":{""date"":""2026-10-06"",""run_id"":""d860418d5a004543869e740fe3eaeb7d""}}"
248,248,"-22.9355796 , 30.459088500000004","-22.9357253 , 30.2843459",rural-rural,mixed,1987,"{""sample_routes"":{""date"":""2026-10-06"",""run_id"":""67703a563474423ba5515216f8c494f4""},""join_samples"":{""date"":""2026-10-06"",""run_id"":""d860418d5a004543869e740fe3eaeb7d""}}"
249,249,"-33.9558732 , 25.5183502","-33.8713587 , 25.433266500000002",urban-urban,mixed,1988,"{""sample_routes"":{""date"":""2026-10-06"",""run_id"":""67703a563474423ba5515216f8c494f4""},""join_samples"":{""date"":""2026-10-06"",""run_id"":""d860418d5a004543869e740fe3eaeb7d""}}"
250,250,"-33.8152947 , 25.3772586","-33.9111028 , 25.2811631",urban-rural,mixed,1610,"{""sample_routes"":{""date"":""2026-10-06"",""run_id"":""67703a563474423ba5515216f8c494f4""},""join_samples"":{""date"":""2026-10-06"",""run_id"":""d860418d5a004543869e740fe3eaeb7d""}}"
251,251,"-23.9094064 , 29.7317424","-23.8002617 , 29.731211400000003",urban-rural,mixed,1609,"{""sample_routes"":{""date"":""2026-10-06"",""run_id"":""67703a563474423ba5515216f8c494f4""},""join_samples"":{""date"":""2026-10-06"",""run_id"":""d860418d5a004543869e740fe3eaeb7d""}}"
252,252,"-32.2948974 , 28.1635324","-32.4045216 , 28.2730794",rural-rural,mixed,1991,"{""sample_routes"":{""date"":""2026-10-06"",""run_id"":""67703a563474423ba5515216f8c494f4""},""join_samples"":{""date"":""2026-10-06"",""run_id"":""d860418d5a004543869e740fe3eaeb7d""}}"
253,253,"-25.784720200000002 , 29.0557641","-25.8742288 , 29.145809200000002",rural-urban,mixed,1605,"{""sample_routes"":{""date"":""2026-10-06"",""run_id"":""67703a563474423ba5515216f8c494f4""},""join_samples"":{""date"":""2026-10-06"",""run_id"":""d860418d5a004543869e740fe3eaeb7d""}}"
254,254,"-26.2949537 , 28.1532826","-26.524702 , 28.383052600000003",urban-urban,mixed,1996,"{""sample_routes"":{""date"":""2026-10-06"",""run_id"":""67703a563474423ba5515216f8c494f4""},""join_samples"":{""date"":""2026-10-06"",""run_id"":""d860418d5a004543869e740fe3eaeb7d""}}"
255,255,"-25.6502939 , 27.288354","-25.6499893 , 27.068287400000003",urban-rural,mixed,1997,"{""sample_routes"":{""date"":""2026-10-06"",""run_id"":""67703a563474423ba5515216f8c494f4""},""join_samples"":{""date"":""2026-10-06"",""run_id"":""d860418d5a004543869e740fe3eaeb7d""}}"
256,256,"-25.820837 , 29.221875800000003","-25.9729306 , 29.2219537",rural-rural,mixed,1997,"{""sample_routes"":{""date"":""2026-10-06"",""run_id"":""67703a563474423ba5515216f8c494f4""},""join_samples"":{""date"":""2026-10-06"",""run_id"":""d860418d5a004543869e740fe3eaeb7d""}}"
257,257,"-29.121350500000002 , 31.0298002","-29.1216873 , 30.901828000000002",rural-rural,mixed,2001,"{""sample_routes"":{""date"":""2026-10-06"",""run_id"":""67703a563474423ba5515216f8c494f4""},""join_samples"":{""date"":""2026-10-06"",""run_id"":""d860418d5a004543869e740fe3eaeb7d""}}"
258,258,"-23.6738715 , 29.261250800000003","-23.8204691 , 29.261258700000003",rural-rural,mixed,2002,"{""sample_routes"":{""date"":""2026-10-06"",""run_id"":""67703a563474423ba5515216f8c494f4""},""join_samples"":{""date"":""2026-10-06"",""run_id"":""d860418d5a004543869e740fe3eaeb7d""}}"
259,259,"-24.802543500000002 , 31.128952100000003","-24.925236700000003 , 31.1292672",rural-rural,mixed,2003,"{""sample_routes"":{""date"":""2026-10-06"",""run_id"":""67703a563474423ba5515216f8c494f4""},""join_samples"":{""date"":""2026-10-06"",""run_id"":""d860418d5a004543869e740fe3eaeb7d""}}"
260,260,"-32.9486146 , 27.7694289","-32.8580078 , 27.7688814",urban-rural,mixed,1596,"{""sample_routes"":{""date"":""2026-10-06"",""run_id"":""67703a563474423ba5515216f8c494f4""},""join_samples"":{""date"":""2026-10-06"",""run_id"":""d860418d5a004543869e740fe3eaeb7d""}}"
261,261,"-25.824602700000003 , 29.2073605","-25.9200315 , 29.303181700000003",rural-rural,mixed,1594,"{""sample_routes"":{""date"":""2026-10-06"",""run_id"":""67703a563474423ba5515216f8c494f4""},""join_samples"":{""date"":""2026-10-06"",""run_id"":""d860418d5a004543869e740fe3eaeb7d""}}"
262,262,"-27.975804500000002 , 26.8259042","-27.9755025 , 26.6736943",urban-rural,mixed,1590,"{""sample_routes"":{""date"":""2026-10-06"",""run_id"":""67703a563474423ba5515216f8c494f4""},""join_samples"":{""date"":""2026-10-06"",""run_id"":""d860418d5a004543869e740fe3eaeb7d""}}"
263,263,"-24.9560706 , 31.192905300000003","-24.841513600000003 , 31.078079900000002",rural-urban,mixed,2010,"{""sample_routes"":{""date"":""2026-10-06"",""run_id"":""67703a563474423ba5515216f8c494f4""},""join_samples"":{""date"":""2026-10-06"",""run_id"":""d860418d5a004543869e740fe3eaeb7d""}}"
264,264,"-25.702156000000002 , 28.4075613","-25.848187900000003 , 28.4076056",urban-rural,mixed,2011,"{""sample_routes"":{""date"":""2026-10-06"",""run_id"":""67703a563474423ba5515216f8c494f4""},""join_samples"":{""date"":""2026-10-06"",""run_id"":""d860418d5a004543869e740fe3eaeb7d""}}"
265,265,"-30.136281800000003 , 30.837263500000002","-30.0558246 , 30.756984900000003",urban-rural,mixed,2011,"{""sample_routes"":{""date"":""2026-10-06"",""run_id"":""67703a563474423ba5515216f8c494f4""},""join_samples"":{""date"":""2026-10-06"",""run_id"":""d860418d5a004543869e740fe3eaeb7d""}}"
266,266,"-26.0483407 , 27.8195474","-26.191310100000003 , 27.676158100000002",rural-urban,mixed,2012,"{""sample_routes"":{""date"":""2026-10-06"",""run_id"":""67703a563474423ba5515216f8c494f4""},""join_samples"":{""date"":""2026-10-06"",""run_id"":""d860418d5a004543869e740fe3eaeb7d""}}"
267,267,"-27.770349900000003 , 30.022362500000003","-27.8957777 , 30.148050800000004",urban-rural,mixed,2012,"{""sample_routes"":{""date"":""2026-10-06"",""run_id"":""67703a563474423ba5515216f8c494f4""},""join_samples"":{""date"":""2026-10-06"",""run_id"":""d860418d5a004543869e740fe3eaeb7d""}}"
268,268,"-29.501007800000004 , 28.6224671","-29.413581200000003 , 28.622275700000003",rural-rural,mixed,2012,"{""sample_routes"":{""date"":""2026-10-06"",""run_id"":""67703a563474423ba5515216f8c494f4""},""join_samples"":{""date"":""2026-10-06"",""run_id"":""d860418d5a004543869e740fe3eaeb7d""}}"
269,269,"-25.720364800000002 , 28.115696800000002","-25.586592300000003 , 27.981673500000003",urban-urban,mixed,2013,"{""sample_routes"":{""date"":""2026-10-06"",""run_id"":""67703a563474423ba5515216f8c494f4""},""join_samples"":{""date"":""2026-10-06"",""run_id"":""d860418d5a004543869e740fe3eaeb7d""}}"
270,270,"-30.8096116 , 30.325604100000003","-30.916413400000003 , 30.325678500000002",urban-rural,mixed,2015,"{""sample_routes"":{""date"":""2026-10-06"",""run_id"":""67703a563474423ba5515216f8c494f4""},""join_samples"":{""date"":""2026-10-06"",""run_id"":""d860418d5a004543869e740fe3eaeb7d""}}"
271,271,"-23.9093261 , 29.463572900000003","-24.0630187 , 29.4631675",urban-rural,mixed,1582,"{""sample_routes"":{""date"":""2026-10-06"",""run_id"":""67703a563474423ba5515216f8c494f4""},""join_samples"":{""date"":""2026-10-06"",""run_id"":""d860418d5a004543869e740fe3eaeb7d""}}"
272,272,"-26.102860800000002 , 27.9220681","-26.1027416 , 27.752910600000003",urban-urban,mixed,2018,"{""sample_routes"":{""date"":""2026-10-06"",""run_id"":""67703a563474423ba5515216f8c494f4""},""join_samples"":{""date"":""2026-10-06"",""run_id"":""d860418d5a004543869e740fe3eaeb7d""}}"
273,273,"-28.895092 , 24.7606462","-28.7370185 , 24.7604033",rural-urban,mixed,2021,"{""sample_routes"":{""date"":""2026-10-06"",""run_id"":""67703a563474423ba5515216f8c494f4""},""join_samples"":{""date"":""2026-10-06"",""run_id"":""d860418d5a004543869e740fe3eaeb7d""}}"
274,274,"-24.1291645 , 28.9600602","-24.282078400000003 , 28.960140600000003",urban-rural,mixed,1579,"{""sample_routes"":{""date"":""2026-10-06"",""run_id"":""67703a563474423ba5515216f8c494f4""},""join_samples"":{""date"":""2026-10-06"",""run_id"":""d860418d5a004543869e740fe3eaeb7d""}}"
275,275,"-28.7906228 , 32.097346200000004","-28.6817451 , 32.2066113",rural-rural,mixed,2022,"{""sample_routes"":{""date"":""2026-10-06"",""run_id"":""67703a563474423ba5515216f8c494f4""},""join_samples"":{""date"":""2026-10-06"",""run_id"":""d860418d5a004543869e740fe3eaeb7d""}}"
276,276,"-28.183400700000004 , 28.3195467","-28.293190000000003 , 28.4298465",urban-rural,mixed,1578,"{""sample_routes"":{""date"":""2026-10-06"",""run_id"":""67703a563474423ba5515216f8c494f4""},""join_samples"":{""date"":""2026-10-06"",""run_id"":""d860418d5a004543869e740fe3eaeb7d""}}"
277,277,"-28.890703300000002 , 27.910691500000002","-29.0012526 , 28.021037600000003",urban-rural,mixed,2023,"{""sample_routes"":{""date"":""2026-10-06"",""run_id"":""67703a563474423ba5515216f8c494f4""},""join_samples"":{""date"":""2026-10-06"",""run_id"":""d860418d5a004543869e740fe3eaeb7d""}}"
278,278,"-22.927651400000002 , 30.600799600000002","-22.928147900000003 , 30.4698086",rural-rural,mixed,2024,"{""sample_routes"":{""date"":""2026-10-06"",""run_id"":""67703a563474423ba5515216f8c494f4""},""join_samples"":{""date"":""2026-10-06"",""run_id"":""d860418d5a004543869e740fe3eaeb7d""}}"
279,279,"-26.550988500000003 , 29.999941900000003","-26.4298986 , 29.878703400000003",rural-rural,mixed,1576,"{""sample_routes"":{""date"":""2026-10-06"",""run_id"":""67703a563474423ba5515216f8c494f4""},""join_samples"":{""date"":""2026-10-06"",""run_id"":""d860418d5a004543869e740fe3eaeb7d""}}"
280,280,"-28.8726278 , 28.118135300000002","-28.919650500000003 , 28.071457600000002",rural-rural,mixed,1575,"{""sample_routes"":{""date"":""2026-10-06"",""run_id"":""67703a563474423ba5515216f8c494f4""},""join_samples"":{""date"":""2026-10-06"",""run_id"":""d860418d5a004543869e740fe3eaeb7d""}}"
281,281,"-25.144646 , 29.3880254","-25.046285500000003 , 29.4861165",rural-urban,mixed,2026,"{""sample_routes"":{""date"":""2026-10-06"",""run_id"":""67703a563474423ba5515216f8c494f4""},""join_samples"":{""date"":""2026-10-06"",""run_id"":""d860418d5a004543869e740fe3eaeb7d""}}"
282,282,"-29.499396800000003 , 27.6481622","-29.3591869 , 27.507882900000002",rural-urban,mixed,2028,"{""sample_routes"":{""date"":""2026-10-06"",""run_id"":""67703a563474423ba5515216f8c494f4""},""join_samples"":{""date"":""2026-10-06"",""run_id"":""d860418d5a004543869e740fe3eaeb7d""}}"
283,283,"-25.2834325 , 28.216266200000003","-25.283465200000002 , 28.0772164",urban-rural,mixed,1566,"{""sample_routes"":{""date"":""2026-10-06"",""run_id"":""67703a563474423ba5515216f8c494f4""},""join_samples"":{""date"":""2026-10-06"",""run_id"":""d860418d5a004543869e740fe3eaeb7d""}}"
284,284,"-28.8597383 , 27.9302287","-28.918232000000003 , 27.9886741",rural-rural,mixed,1566,"{""sample_routes"":{""date"":""2026-10-06"",""run_id"":""67703a563474423ba5515216f8c494f4""},""join_samples"":{""date"":""2026-10-06"",""run_id"":""d860418d5a004543869e740fe3eaeb7d""}}"
285,285,"-26.3303507 , 28.3894403","-26.330208300000002 , 28.202899400000003",urban-urban,mixed,2038,"{""sample_routes"":{""date"":""2026-10-06"",""run_id"":""67703a563474423ba5515216f8c494f4""},""join_samples"":{""date"":""2026-10-06"",""run_id"":""d860418d5a004543869e740fe3eaeb7d""}}"
286,286,"-28.232504700000003 , 28.3547727","-28.091197100000002 , 28.3543248",rural-rural,mixed,1561,"{""sample_routes"":{""date"":""2026-10-06"",""run_id"":""67703a563474423ba5515216f8c494f4""},""join_samples"":{""date"":""2026-10-06"",""run_id"":""d860418d5a004543869e740fe3eaeb7d""}}"
287,287,"-29.0906245 , 26.079535","-29.1845873 , 26.173973200000002",rural-rural,mixed,2040,"{""sample_routes"":{""date"":""2026-10-06"",""run_id"":""67703a563474423ba5515216f8c494f4""},""join_samples"":{""date"":""2026-10-06"",""run_id"":""d860418d5a004543869e740fe3eaeb7d""}}"
288,288,"-29.742512400000003 , 27.339720000000003","-29.7423673 , 27.146229700000003",rural-rural,mixed,2042,"{""sample_routes"":{""date"":""2026-10-06"",""run_id"":""67703a563474423ba5515216f8c494f4""},""join_samples"":{""date"":""2026-10-06"",""run_id"":""d860418d5a004543869e740fe3eaeb7d""}}"
289,289,"-29.377106800000004 , 31.2397333","-29.287032900000003 , 31.240082700000002",urban-rural,mixed,1557,"{""sample_routes"":{""date"":""2026-10-06"",""run_id"":""67703a563474423ba5515216f8c494f4""},""join_samples"":{""date"":""2026-10-06"",""run_id"":""d860418d5a004543869e740fe3eaeb7d""}}"
290,290,"-33.4828816 , 19.658874100000002","-33.6425995 , 19.499064",urban-urban,mixed,2044,"{""sample_routes"":{""date"":""2026-10-06"",""run_id"":""67703a563474423ba5515216f8c494f4""},""join_samples"":{""date"":""2026-10-06"",""run_id"":""d860418d5a004543869e740fe3eaeb7d""}}"
291,291,"-26.118227500000003 , 27.754191600000002","-26.2827598 , 27.754710900000003",rural-rural,mixed,2046,"{""sample_routes"":{""date"":""2026-10-06"",""run_id"":""67703a563474423ba5515216f8c494f4""},""join_samples"":{""date"":""2026-10-06"",""run_id"":""d860418d5a004543869e740fe3eaeb7d""}}"
292,292,"-31.6080009 , 28.854131700000003","-31.694412600000003 , 28.768279000000003",rural-rural,mixed,2048,"{""sample_routes"":{""date"":""2026-10-06"",""run_id"":""67703a563474423ba5515216f8c494f4""},""join_samples"":{""date"":""2026-10-06"",""run_id"":""d860418d5a004543869e740fe3eaeb7d""}}"
293,293,"-29.2751564 , 31.192250800000004","-29.1597529 , 31.192232100000002",rural-rural,mixed,1552,"{""sample_routes"":{""date"":""2026-10-06"",""run_id"":""67703a563474423ba5515216f8c494f4""},""join_samples"":{""date"":""2026-10-06"",""run_id"":""d860418d5a004543869e740fe3eaeb7d""}}"
294,294,"-29.896690900000003 , 30.823523700000003","-29.7220826 , 30.649237000000003",urban-urban,mixed,2048,"{""sample_routes"":{""date"":""2026-10-06"",""run_id"":""67703a563474423ba5515216f8c494f4""},""join_samples"":{""date"":""2026-10-06"",""run_id"":""d860418d5a004543869e740fe3eaeb7d""}}"
295,295,"-29.012863600000003 , 26.073036000000002","-29.139341100000003 , 26.199808500000003",rural-urban,mixed,2053,"{""sample_routes"":{""date"":""2026-10-06"",""run_id"":""67703a563474423ba5515216f8c494f4""},""join_samples"":{""date"":""2026-10-06"",""run_id"":""d860418d5a004543869e740fe3eaeb7d""}}"
296,296,"-31.4451129 , 28.854163900000003","-31.5887075 , 28.853814000000003",rural-rural,mixed,2054,"{""sample_routes"":{""date"":""2026-10-06"",""run_id"":""67703a563474423ba5515216f8c494f4""},""join_samples"":{""date"":""2026-10-06"",""run_id"":""d860418d5a004543869e740fe3eaeb7d""}}"
297,297,"-26.049723200000003 , 27.846243400000002","-26.194728700000002 , 27.7015476",rural-urban,mixed,2054,"{""sample_routes"":{""date"":""2026-10-06"",""run_id"":""67703a563474423ba5515216f8c494f4""},""join_samples"":{""date"":""2026-10-06"",""run_id"":""d860418d5a004543869e740fe3eaeb7d""}}"
298,298,"-25.545861000000002 , 28.336317800000003","-25.7754933 , 28.3367296",rural-urban,mixed,2056,"{""sample_routes"":{""date"":""2026-10-06"",""run_id"":""67703a563474423ba5515216f8c494f4""},""join_samples"":{""date"":""2026-10-06"",""run_id"":""d860418d5a004543869e740fe3eaeb7d""}}"
299,299,"-26.2907842 , 27.8765047","-26.378745600000002 , 27.788763600000003",urban-urban,mixed,1540,"{""sample_routes"":{""date"":""2026-10-06"",""run_id"":""67703a563474423ba5515216f8c494f4""},""join_samples"":{""date"":""2026-10-06"",""run_id"":""d860418d5a004543869e740fe3eaeb7d""}}"
300,300,"-28.5123855 , 30.750152800000002","-28.5905029 , 30.671620100000002",rural-rural,rural,1801,"{""sample_routes"":{""date"":""2026-10-06"",""run_id"":""67703a563474423ba5515216f8c494f4""},""join_samples"":{""date"":""2026-10-06"",""run_id"":""d860418d5a004543869e740fe3eaeb7d""}}"
301,301,"-29.0335825 , 31.2646182","-29.123753800000003 , 31.264618700000003",rural-rural,rural,1797,"{""sample_routes"":{""date"":""2026-10-06"",""run_id"":""67703a563474423ba5515216f8c494f4""},""join_samples"":{""date"":""2026-10-06"",""run_id"":""d860418d5a004543869e740fe3eaeb7d""}}"
302,302,"-25.0107557 , 28.628144900000002","-25.163362300000003 , 28.627903500000002",rural-rural,rural,1805,"{""sample_routes"":{""date"":""2026-10-06"",""run_id"":""67703a563474423ba5515216f8c494f4""},""join_samples"":{""date"":""2026-10-06"",""run_id"":""d860418d5a004543869e740fe3eaeb7d""}}"
303,303,"-30.689071300000002 , 29.998311100000002","-30.6037597 , 30.083126300000004",rural-rural,rural,1793,"{""sample_routes"":{""date"":""2026-10-06"",""run_id"":""67703a563474423ba5515216f8c494f4""},""join_samples"":{""date"":""2026-10-06"",""run_id"":""d860418d5a004543869e740fe3eaeb7d""}}"
304,304,"-23.614560800000003 , 30.4672927","-23.5306941 , 30.550696000000002",rural-rural,rural,1809,"{""sample_routes"":{""date"":""2026-10-06"",""run_id"":""67703a563474423ba5515216f8c494f4""},""join_samples"":{""date"":""2026-10-06"",""run_id"":""d860418d5a004543869e740fe3eaeb7d""}}"
305,305,"-29.0334815 , 29.5196332","-28.934350300000002 , 29.519966",rural-rural,rural,1809,"{""sample_routes"":{""date"":""2026-10-06"",""run_id"":""67703a563474423ba5515216f8c494f4""},""join_samples"":{""date"":""2026-10-06"",""run_id"":""d860418d5a004543869e740fe3eaeb7d""}}"
306,306,"-32.2349079 , 27.8404834","-32.2350425 , 27.718811600000002",rural-rural,rural,1790,"{""sample_routes"":{""date"":""2026-10-06"",""run_id"":""67703a563474423ba5515216f8c494f4""},""join_samples"":{""date"":""2026-10-06"",""run_id"":""d860418d5a004543869e740fe3eaeb7d""}}"
307,307,"-28.638467300000002 , 30.514845500000003","-28.699998700000002 , 30.576013600000003",rural-rural,rural,1813,"{""sample_routes"":{""date"":""2026-10-06"",""run_id"":""67703a563474423ba5515216f8c494f4""},""join_samples"":{""date"":""2026-10-06"",""run_id"":""d860418d5a004543869e740fe3eaeb7d""}}"
308,308,"-25.8017904 , 31.7899892","-25.8888086 , 31.876471600000002",rural-rural,rural,1814,"{""sample_routes"":{""date"":""2026-10-06"",""run_id"":""67703a563474423ba5515216f8c494f4""},""join_samples"":{""date"":""2026-10-06"",""run_id"":""d860418d5a004543869e740fe3eaeb7d""}}"
309,309,"-26.554508300000002 , 29.052998700000003","-26.5139092 , 29.0123995",urban-rural,rural,1818,"{""sample_routes"":{""date"":""2026-10-06"",""run_id"":""67703a563474423ba5515216f8c494f4""},""join_samples"":{""date"":""2026-10-06"",""run_id"":""d860418d5a004543869e740fe3eaeb7d""}}"
310,310,"-28.5305602 , 28.424398900000003","-28.392448 , 28.4246403",rural-rural,rural,1820,"{""sample_routes"":{""date"":""2026-10-06"",""run_id"":""67703a563474423ba5515216f8c494f4""},""join_samples"":{""date"":""2026-10-06"",""run_id"":""d860418d5a004543869e740fe3eaeb7d""}}"
311,311,"-31.447154 , 29.409056600000003","-31.523119400000002 , 29.4848411",rural-rural,rural,1778,"{""sample_routes"":{""date"":""2026-10-06"",""run_id"":""67703a563474423ba5515216f8c494f4""},""join_samples"":{""date"":""2026-10-06"",""run_id"":""d860418d5a004543869e740fe3eaeb7d""}}"
312,312,"-25.791059800000003 , 25.2799836","-25.7912095 , 25.4395616",rural-rural,rural,1777,"{""sample_routes"":{""date"":""2026-10-06"",""run_id"":""67703a563474423ba5515216f8c494f4""},""join_samples"":{""date"":""2026-10-06"",""run_id"":""d860418d5a004543869e740fe3eaeb7d""}}"
313,313,"-28.014791300000002 , 32.020099800000004","-27.934544900000002 , 31.9402027",rural-rural,rural,1775,"{""sample_routes"":{""date"":""2026-10-06"",""run_id"":""67703a563474423ba5515216f8c494f4""},""join_samples"":{""date"":""2026-10-06"",""run_id"":""d860418d5a004543869e740fe3eaeb7d""}}"
314,314,"-23.118175200000003 , 30.525367900000003","-23.201015 , 30.442667300000004",rural-rural,rural,1827,"{""sample_routes"":{""date"":""2026-10-06"",""run_id"":""67703a563474423ba5515216f8c494f4""},""join_samples"":{""date"":""2026-10-06"",""run_id"":""d860418d5a004543869e740fe3eaeb7d""}}"
315,315,"-26.2781622 , 27.7001445","-26.278061200000003 , 27.589208600000003",urban-rural,rural,1828,"{""sample_routes"":{""date"":""2026-10-06"",""run_id"":""67703a563474423ba5515216f8c494f4""},""join_samples"":{""date"":""2026-10-06"",""run_id"":""d860418d5a004543869e740fe3eaeb7d""}}"
316,316,"-23.0096555 , 30.53656","-22.9548424 , 30.590979400000002",rural-rural,rural,1769,"{""sample_routes"":{""date"":""2026-10-06"",""run_id"":""67703a563474423ba5515216f8c494f4""},""join_samples"":{""date"":""2026-10-06"",""run_id"":""d860418d5a004543869e740fe3eaeb7d""}}"
317,317,"-31.5698782 , 29.5459029","-31.4968234 , 29.472407800000003",rural-rural,rural,1761,"{""sample_routes"":{""date"":""2026-10-06"",""run_id"":""67703a563474423ba5515216f8c494f4""},""join_samples"":{""date"":""2026-10-06"",""run_id"":""d860418d5a004543869e740fe3eaeb7d""}}"
318,318,"-31.913731400000003 , 29.0119019","-31.861758000000002 , 28.9602828",rural-rural,rural,1749,"{""sample_routes"":{""date"":""2026-10-06"",""run_id"":""67703a563474423ba5515216f8c494f4""},""join_samples"":{""date"":""2026-10-06"",""run_id"":""d860418d5a004543869e740fe3eaeb7d""}}"
319,319,"-28.6480974 , 31.9549786","-28.7487946 , 31.853814300000003",rural-rural,rural,1852,"{""sample_routes"":{""date"":""2026-10-06"",""run_id"":""67703a563474423ba5515216f8c494f4""},""join_samples"":{""date"":""2026-10-06"",""run_id"":""d860418d5a004543869e740fe3eaeb7d""}}"
320,320,"-24.9841631 , 31.1423738","-24.909959100000002 , 31.216964700000002",rural-rural,rural,1854,"{""sample_routes"":{""date"":""2026-10-06"",""run_id"":""67703a563474423ba5515216f8c494f4""},""join_samples"":{""date"":""2026-10-06"",""run_id"":""d860418d5a004543869e740fe3eaeb7d""}}"
321,321,"-32.396040400000004 , 28.250269900000003","-32.5073797 , 28.2500916",rural-rural,rural,1855,"{""sample_routes"":{""date"":""2026-10-06"",""run_id"":""67703a563474423ba5515216f8c494f4""},""join_samples"":{""date"":""2026-10-06"",""run_id"":""d860418d5a004543869e740fe3eaeb7d""}}"
322,322,"-22.8761091 , 30.6351346","-22.8764365 , 30.5132744",rural-rural,rural,1859,"{""sample_routes"":{""date"":""2026-10-06"",""run_id"":""67703a563474423ba5515216f8c494f4""},""join_samples"":{""date"":""2026-10-06"",""run_id"":""d860418d5a004543869e740fe3eaeb7d""}}"
323,323,"-23.674779200000003 , 30.3776492","-23.780838600000003 , 30.3774991",rural-rural,rural,1863,"{""sample_routes"":{""date"":""2026-10-06"",""run_id"":""67703a563474423ba5515216f8c494f4""},""join_samples"":{""date"":""2026-10-06"",""run_id"":""d860418d5a004543869e740fe3eaeb7d""}}"
324,324,"-25.5339676 , 27.3933892","-25.393340700000003 , 27.2529173",rural-urban,rural,1733,"{""sample_routes"":{""date"":""2026-10-06"",""run_id"":""67703a563474423ba5515216f8c494f4""},""join_samples"":{""date"":""2026-10-06"",""run_id"":""d860418d5a004543869e740fe3eaeb7d""}}"
325,325,"-24.6301449 , 30.2178955","-24.7298189 , 30.217477600000002",urban-rural,rural,1728,"{""sample_routes"":{""date"":""2026-10-06"",""run_id"":""67703a563474423ba5515216f8c494f4""},""join_samples"":{""date"":""2026-10-06"",""run_id"":""d860418d5a004543869e740fe3eaeb7d""}}"
326,326,"-23.3625474 , 30.504129100000004","-23.2799674 , 30.5865517",rural-rural,rural,1728,"{""sample_routes"":{""date"":""2026-10-06"",""run_id"":""67703a563474423ba5515216f8c494f4""},""join_samples"":{""date"":""2026-10-06"",""run_id"":""d860418d5a004543869e740fe3eaeb7d""}}"
327,327,"-33.8065176 , 18.514518000000002","-33.6078202 , 18.5147517",urban-rural,rural,1727,"{""sample_routes"":{""date"":""2026-10-06"",""run_id"":""67703a563474423ba5515216f8c494f4""},""join_samples"":{""date"":""2026-10-06"",""run_id"":""d860418d5a004543869e740fe3eaeb7d""}}"
328,328,"-28.7239441 , 29.146725800000002","-28.795992700000003 , 29.2182466",rural-rural,rural,1724,"{""sample_routes"":{""date"":""2026-10-06"",""run_id"":""67703a563474423ba5515216f8c494f4""},""join_samples"":{""date"":""2026-10-06"",""run_id"":""d860418d5a004543869e740fe3eaeb7d""}}"
329,329,"-24.8130285 , 29.834098200000003","-24.697425300000003 , 29.7189979",urban-rural,rural,1723,"{""sample_routes"":{""date"":""2026-10-06"",""run_id"":""67703a563474423ba5515216f8c494f4""},""join_samples"":{""date"":""2026-10-06"",""run_id"":""d860418d5a004543869e740fe3eaeb7d""}}"
330,330,"-25.942495700000002 , 25.654734100000002","-26.0477206 , 25.7595373",rural-rural,rural,1878,"{""sample_routes"":{""date"":""2026-10-06"",""run_id"":""67703a563474423ba5515216f8c494f4""},""join_samples"":{""date"":""2026-10-06"",""run_id"":""d860418d5a004543869e740fe3eaeb7d""}}"
331,331,"-24.542077600000002 , 30.1568873","-24.6096614 , 30.089691300000002",rural-rural,rural,1721,"{""sample_routes"":{""date"":""2026-10-06"",""run_id"":""67703a563474423ba5515216f8c494f4""},""join_samples"":{""date"":""2026-10-06"",""run_id"":""d860418d5a004543869e740fe3eaeb7d""}}"
332,332,"-26.438778000000003 , 30.681180100000002","-26.3562544 , 30.7638484",rural-rural,rural,1879,"{""sample_routes"":{""date"":""2026-10-06"",""run_id"":""67703a563474423ba5515216f8c494f4""},""join_samples"":{""date"":""2026-10-06"",""run_id"":""d860418d5a004543869e740fe3eaeb7d""}}"
333,333,"-26.0739692 , 27.8649726","-26.073916200000003 , 27.633977400000003",rural-rural,rural,1882,"{""sample_routes"":{""date"":""2026-10-06"",""run_id"":""67703a563474423ba5515216f8c494f4""},""join_samples"":{""date"":""2026-10-06"",""run_id"":""d860418d5a004543869e740fe3eaeb7d""}}"
334,334,"-31.9004067 , 28.259242500000003","-31.851547500000002 , 28.3075511",rural-rural,rural,1883,"{""sample_routes"":{""date"":""2026-10-06"",""run_id"":""67703a563474423ba5515216f8c494f4""},""join_samples"":{""date"":""2026-10-06"",""run_id"":""d860418d5a004543869e740fe3eaeb7d""}}"
335,335,"-31.0486171 , 29.877238900000002","-31.1314619 , 29.9598516",rural-rural,rural,1888,"{""sample_routes"":{""date"":""2026-10-06"",""run_id"":""67703a563474423ba5515216f8c494f4""},""join_samples"":{""date"":""2026-10-06"",""run_id"":""d860418d5a004543869e740fe3eaeb7d""}}"
336,336,"-33.2117931 , 27.5015299","-33.1468159 , 27.566520200000003",rural-rural,rural,1891,"{""sample_routes"":{""date"":""2026-10-06"",""run_id"":""67703a563474423ba5515216f8c494f4""},""join_samples"":{""date"":""2026-10-06"",""run_id"":""d860418d5a004543869e740fe3eaeb7d""}}"
337,337,"-24.985564500000002 , 31.1634855","-24.8959364 , 31.073776300000002",rural-rural,rural,1709,"{""sample_routes"":{""date"":""2026-10-06"",""run_id"":""67703a563474423ba5515216f8c494f4""},""join_samples"":{""date"":""2026-10-06"",""run_id"":""d860418d5a004543869e740fe3eaeb7d""}}"
338,338,"-26.276086600000003 , 27.593380800000002","-26.148045300000003 , 27.5928149",rural-rural,rural,1895,"{""sample_routes"":{""date"":""2026-10-06"",""run_id"":""67703a563474423ba5515216f8c494f4""},""join_samples"":{""date"":""2026-10-06"",""run_id"":""d860418d5a004543869e740fe3eaeb7d""}}"
339,339,"-26.9676861 , 30.4484475","-26.967768600000003 , 30.3040762",rural-rural,rural,1705,"{""sample_routes"":{""date"":""2026-10-06"",""run_id"":""67703a563474423ba5515216f8c494f4""},""join_samples"":{""date"":""2026-10-06"",""run_id"":""d860418d5a004543869e740fe3eaeb7d""}}"
340,340,"-28.966310900000003 , 30.325232000000003","-29.0764558 , 30.2146836",rural-rural,rural,1896,"{""sample_routes"":{""date"":""2026-10-06"",""run_id"":""67703a563474423ba5515216f8c494f4""},""join_samples"":{""date"":""2026-10-06"",""run_id"":""d860418d5a004543869e740fe3eaeb7d""}}"
341,341,"-30.4619962 , 30.155004400000003","-30.388243300000003 , 30.229207400000004",rural-rural,rural,1897,"{""sample_routes"":{""date"":""2026-10-06"",""run_id"":""67703a563474423ba5515216f8c494f4""},""join_samples"":{""date"":""2026-10-06"",""run_id"":""d860418d5a004543869e740fe3eaeb7d""}}"
342,342,"-30.9056147 , 30.062289800000002","-30.9061556 , 30.007164900000003",rural-rural,rural,1900,"{""sample_routes"":{""date"":""2026-10-06"",""run_id"":""67703a563474423ba5515216f8c494f4""},""join_samples"":{""date"":""2026-10-06"",""run_id"":""d860418d5a004543869e740fe3eaeb7d""}}"
343,343,"-23.550420000000003 , 30.403479200000003","-23.644398900000002 , 30.309417800000002",rural-rural,rural,1699,"{""sample_routes"":{""date"":""2026-10-06"",""run_id"":""67703a563474423ba5515216f8c494f4""},""join_samples"":{""date"":""2026-10-06"",""run_id"":""d860418d5a004543869e740fe3eaeb7d""}}"
344,344,"-25.917924300000003 , 25.5431713","-26.0511924 , 25.5429758",rural-rural,rural,1903,"{""sample_routes"":{""date"":""2026-10-06"",""run_id"":""67703a563474423ba5515216f8c494f4""},""join_samples"":{""date"":""2026-10-06"",""run_id"":""d860418d5a004543869e740fe3eaeb7d""}}"
345,345,"-32.3958298 , 28.192476300000003","-32.2639802 , 28.192148600000003",rural-rural,rural,1905,"{""sample_routes"":{""date"":""2026-10-06"",""run_id"":""67703a563474423ba5515216f8c494f4""},""join_samples"":{""date"":""2026-10-06"",""run_id"":""d860418d5a004543869e740fe3eaeb7d""}}"
346,346,"-30.419573800000002 , 29.891704","-30.3491223 , 29.8209552",rural-rural,rural,1906,"{""sample_routes"":{""date"":""2026-10-06"",""run_id"":""67703a563474423ba5515216f8c494f4""},""join_samples"":{""date"":""2026-10-06"",""run_id"":""d860418d5a004543869e740fe3eaeb7d""}}"
347,347,"-25.1063924 , 26.6661438","-25.1850346 , 26.5869369",rural-rural,rural,1914,"{""sample_routes"":{""date"":""2026-10-06"",""run_id"":""67703a563474423ba5515216f8c494f4""},""join_samples"":{""date"":""2026-10-06"",""run_id"":""d860418d5a004543869e740fe3eaeb7d""}}"
348,348,"-28.488239800000002 , 30.1017505","-28.583975300000002 , 30.006129700000002",rural-rural,rural,1685,"{""sample_routes"":{""date"":""2026-10-06"",""run_id"":""67703a563474423ba5515216f8c494f4""},""join_samples"":{""date"":""2026-10-06"",""run_id"":""d860418d5a004543869e740fe3eaeb7d""}}"
349,349,"-29.2720306 , 31.1958148","-29.2714877 , 31.058674200000002",rural-rural,rural,1922,"{""sample_routes"":{""date"":""2026-10-06"",""run_id"":""67703a563474423ba5515216f8c494f4""},""join_samples"":{""date"":""2026-10-06"",""run_id"":""d860418d5a004543869e740fe3eaeb7d""}}"
350,350,"-28.7329043 , 24.713098700000003","-28.732545000000002 , 24.5095861",urban-rural,rural,1677,"{""sample_routes"":{""date"":""2026-10-06"",""run_id"":""67703a563474423ba5515216f8c494f4""},""join_samples"":{""date"":""2026-10-06"",""run_id"":""d860418d5a004543869e740fe3eaeb7d""}}"
351,351,"-29.601564300000003 , 30.6266092","-29.683350700000002 , 30.708407800000003",rural-rural,rural,1923,"{""sample_routes"":{""date"":""2026-10-06"",""run_id"":""67703a563474423ba5515216f8c494f4""},""join_samples"":{""date"":""2026-10-06"",""run_id"":""d860418d5a004543869e740fe3eaeb7d""}}"
352,352,"-27.890888200000003 , 31.638342400000003","-27.803166200000003 , 31.725924600000003",rural-rural,rural,1674,"{""sample_routes"":{""date"":""2026-10-06"",""run_id"":""67703a563474423ba5515216f8c494f4""},""join_samples"":{""date"":""2026-10-06"",""run_id"":""d860418d5a004543869e740fe3eaeb7d""}}"
353,353,"-27.215830500000003 , 32.158227000000004","-27.3090386 , 32.0648709",rural-rural,rural,1673,"{""sample_routes"":{""date"":""2026-10-06"",""run_id"":""67703a563474423ba5515216f8c494f4""},""join_samples"":{""date"":""2026-10-06"",""run_id"":""d860418d5a004543869e740fe3eaeb7d""}}"
354,354,"-26.892572 , 27.4461176","-26.893097700000002 , 27.6393968",rural-rural,rural,1928,"{""sample_routes"":{""date"":""2026-10-06"",""run_id"":""67703a563474423ba5515216f8c494f4""},""join_samples"":{""date"":""2026-10-06"",""run_id"":""d860418d5a004543869e740fe3eaeb7d""}}"
355,355,"-28.271281100000003 , 31.4272673","-28.2717476 , 31.3685489",rural-rural,rural,1669,"{""sample_routes"":{""date"":""2026-10-06"",""run_id"":""67703a563474423ba5515216f8c494f4""},""join_samples"":{""date"":""2026-10-06"",""run_id"":""d860418d5a004543869e740fe3eaeb7d""}}"
356,356,"-29.489874 , 30.696698700000002","-29.5522755 , 30.759197500000003",rural-rural,rural,1932,"{""sample_routes"":{""date"":""2026-10-06"",""run_id"":""67703a563474423ba5515216f8c494f4""},""join_samples"":{""date"":""2026-10-06"",""run_id"":""d860418d5a004543869e740fe3eaeb7d""}}"
357,357,"-31.5058818 , 28.9389271","-31.6048751 , 29.037374300000003",rural-rural,rural,1933,"{""sample_routes"":{""date"":""2026-10-06"",""run_id"":""67703a563474423ba5515216f8c494f4""},""join_samples"":{""date"":""2026-10-06"",""run_id"":""d860418d5a004543869e740fe3eaeb7d""}}"
358,358,"-30.622322 , 29.802537700000002","-30.7428129 , 29.802150500000003",rural-rural,rural,1665,"{""sample_routes"":{""date"":""2026-10-06"",""run_id"":""67703a563474423ba5515216f8c494f4""},""join_samples"":{""date"":""2026-10-06"",""run_id"":""d860418d5a004543869e740fe3eaeb7d""}}"
359,359,"-24.1867747 , 29.522609000000003","-24.0699933 , 29.405659900000003",rural-rural,rural,1937,"{""sample_routes"":{""date"":""2026-10-06"",""run_id"":""67703a563474423ba5515216f8c494f4""},""join_samples"":{""date"":""2026-10-06"",""run_id"":""d860418d5a004543869e740fe3eaeb7d""}}"
360,360,"-23.0812147 , 28.796043100000002","-23.1673349 , 28.709544500000003",rural-rural,rural,1662,"{""sample_routes"":{""date"":""2026-10-06"",""run_id"":""67703a563474423ba5515216f8c494f4""},""join_samples"":{""date"":""2026-10-06"",""run_id"":""d860418d5a004543869e740fe3eaeb7d""}}"
361,361,"-27.346497900000003 , 30.347154200000002","-27.4027183 , 30.402962600000002",rural-rural,rural,1938,"{""sample_routes"":{""date"":""2026-10-06"",""run_id"":""67703a563474423ba5515216f8c494f4""},""join_samples"":{""date"":""2026-10-06"",""run_id"":""d860418d5a004543869e740fe3eaeb7d""}}"
362,362,"-32.772925900000004 , 26.908168800000002","-32.772841400000004 , 26.743324700000002",rural-rural,rural,1938,"{""sample_routes"":{""date"":""2026-10-06"",""run_id"":""67703a563474423ba5515216f8c494f4""},""join_samples"":{""date"":""2026-10-06"",""run_id"":""d860418d5a004543869e740fe3eaeb7d""}}"
363,363,"-23.239347300000002 , 30.109641600000003","-23.2392635 , 30.039716400000003",rural-rural,rural,1660,"{""sample_routes"":{""date"":""2026-10-06"",""run_id"":""67703a563474423ba5515216f8c494f4""},""join_samples"":{""date"":""2026-10-06"",""run_id"":""d860418d5a004543869e740fe3eaeb7d""}}"
364,364,"-25.690122000000002 , 30.372946000000002","-25.6024828 , 30.460777600000004",rural-rural,rural,1941,"{""sample_routes"":{""date"":""2026-10-06"",""run_id"":""67703a563474423ba5515216f8c494f4""},""join_samples"":{""date"":""2026-10-06"",""run_id"":""d860418d5a004543869e740fe3eaeb7d""}}"
365,365,"-28.397979900000003 , 32.165765300000004","-28.2769575 , 32.045027000000005",rural-rural,rural,1942,"{""sample_routes"":{""date"":""2026-10-06"",""run_id"":""67703a563474423ba5515216f8c494f4""},""join_samples"":{""date"":""2026-10-06"",""run_id"":""d860418d5a004543869e740fe3eaeb7d""}}"
366,366,"-24.8390978 , 31.3110801","-24.909638 , 31.3811937",rural-rural,rural,1656,"{""sample_routes"":{""date"":""2026-10-06"",""run_id"":""67703a563474423ba5515216f8c494f4""},""join_samples"":{""date"":""2026-10-06"",""run_id"":""d860418d5a004543869e740fe3eaeb7d""}}"
367,367,"-30.4621782 , 30.650395000000003","-30.684218200000004 , 30.427968800000002",rural-rural,rural,1945,"{""sample_routes"":{""date"":""2026-10-06"",""run_id"":""67703a563474423ba5515216f8c494f4""},""join_samples"":{""date"":""2026-10-06"",""run_id"":""d860418d5a004543869e740fe3eaeb7d""}}"
368,368,"-27.366579400000003 , 32.532198","-27.533900600000003 , 32.531829200000004",rural-rural,rural,1947,"{""sample_routes"":{""date"":""2026-10-06"",""run_id"":""67703a563474423ba5515216f8c494f4""},""join_samples"":{""date"":""2026-10-06"",""run_id"":""d860418d5a004543869e740fe3eaeb7d""}}"
369,369,"-26.2421523 , 27.563509000000003","-26.2416878 , 27.415834",rural-rural,rural,1950,"{""sample_routes"":{""date"":""2026-10-06"",""run_id"":""67703a563474423ba5515216f8c494f4""},""join_samples"":{""date"":""2026-10-06"",""run_id"":""d860418d5a004543869e740fe3eaeb7d""}}"
370,370,"-29.646663900000004 , 28.693309300000003","-29.6773683 , 28.7239173",rural-rural,rural,1645,"{""sample_routes"":{""date"":""2026-10-06"",""run_id"":""67703a563474423ba5515216f8c494f4""},""join_samples"":{""date"":""2026-10-06"",""run_id"":""d860418d5a004543869e740fe3eaeb7d""}}"
371,371,"-26.943421800000003 , 32.2941506","-27.011179900000002 , 32.2264335",rural-rural,rural,1643,"{""sample_routes"":{""date"":""2026-10-06"",""run_id"":""67703a563474423ba5515216f8c494f4""},""join_samples"":{""date"":""2026-10-06"",""run_id"":""d860418d5a004543869e740fe3eaeb7d""}}"
372,372,"-22.975536 , 30.1051006","-23.0873402 , 30.1047975",rural-rural,rural,1959,"{""sample_routes"":{""date"":""2026-10-06"",""run_id"":""67703a563474423ba5515216f8c494f4""},""join_samples"":{""date"":""2026-10-06"",""run_id"":""d860418d5a004543869e740fe3eaeb7d""}}"
373,373,"-26.202042600000002 , 27.6340922","-26.109521700000002 , 27.542072800000003",rural-rural,rural,1639,"{""sample_routes"":{""date"":""2026-10-06"",""run_id"":""67703a563474423ba5515216f8c494f4""},""join_samples"":{""date"":""2026-10-06"",""run_id"":""d860418d5a004543869e740fe3eaeb7d""}}"
374,374,"-30.937897500000002 , 29.555636600000003","-30.8536436 , 29.639774900000003",rural-rural,rural,1628,"{""sample_routes"":{""date"":""2026-10-06"",""run_id"":""67703a563474423ba5515216f8c494f4""},""join_samples"":{""date"":""2026-10-06"",""run_id"":""d860418d5a004543869e740fe3eaeb7d""}}"
375,375,"-23.267506 , 29.130186000000002","-23.421658800000003 , 29.129722200000003",urban-rural,rural,1977,"{""sample_routes"":{""date"":""2026-10-06"",""run_id"":""67703a563474423ba5515216f8c494f4""},""join_samples"":{""date"":""2026-10-06"",""run_id"":""d860418d5a004543869e740fe3eaeb7d""}}"
376,376,"-28.7437967 , 31.190121200000004","-28.688648500000003 , 31.134786100000003",rural-rural,rural,1622,"{""sample_routes"":{""date"":""2026-10-06"",""run_id"":""67703a563474423ba5515216f8c494f4""},""join_samples"":{""date"":""2026-10-06"",""run_id"":""d860418d5a004543869e740fe3eaeb7d""}}"
377,377,"-29.567359000000003 , 30.709649000000002","-29.671641400000002 , 30.710102600000003",rural-rural,rural,1981,"{""sample_routes"":{""date"":""2026-10-06"",""run_id"":""67703a563474423ba5515216f8c494f4""},""join_samples"":{""date"":""2026-10-06"",""run_id"":""d860418d5a004543869e740fe3eaeb7d""}}"
378,378,"-24.0334581 , 29.856457100000004","-24.0338439 , 29.712497600000003",rural-rural,rural,1982,"{""sample_routes"":{""date"":""2026-10-06"",""run_id"":""67703a563474423ba5515216f8c494f4""},""join_samples"":{""date"":""2026-10-06"",""run_id"":""d860418d5a004543869e740fe3eaeb7d""}}"
379,379,"-30.6222594 , 28.474560200000003","-30.518031500000003 , 28.474403300000002",rural-rural,rural,1986,"{""sample_routes"":{""date"":""2026-10-06"",""run_id"":""67703a563474423ba5515216f8c494f4""},""join_samples"":{""date"":""2026-10-06"",""run_id"":""d860418d5a004543869e740fe3eaeb7d""}}"
380,380,"-25.3130159 , 31.1073449","-25.4075947 , 31.0126367",rural-rural,rural,1990,"{""sample_routes"":{""date"":""2026-10-06"",""run_id"":""67703a563474423ba5515216f8c494f4""},""join_samples"":{""date"":""2026-10-06"",""run_id"":""d860418d5a004543869e740fe3eaeb7d""}}"
381,381,"-26.289519900000002 , 28.688779500000003","-26.192556600000003 , 28.592192500000003",rural-rural,rural,1601,"{""sample_routes"":{""date"":""2026-10-06"",""run_id"":""67703a563474423ba5515216f8c494f4""},""join_samples"":{""date"":""2026-10-06"",""run_id"":""d860418d5a004543869e740fe3eaeb7d""}}"
382,382,"-28.889664900000003 , 29.777059700000002","-28.9844678 , 29.6819461",rural-rural,rural,2000,"{""sample_routes"":{""date"":""2026-10-06"",""run_id"":""67703a563474423ba5515216f8c494f4""},""join_samples"":{""date"":""2026-10-06"",""run_id"":""d860418d5a004543869e740fe3eaeb7d""}}"
383,383,"-31.5489418 , 29.547077700000003","-31.3801713 , 29.547193000000004",rural-rural,rural,2000,"{""sample_routes"":{""date"":""2026-10-06"",""run_id"":""67703a563474423ba5515216f8c494f4""},""join_samples"":{""date"":""2026-10-06"",""run_id"":""d860418d5a004543869e740fe3eaeb7d""}}"
384,384,"-32.1041594 , 28.5674196","-32.0494751 , 28.5128823",rural-rural,rural,1595,"{""sample_routes"":{""date"":""2026-10-06"",""run_id"":""67703a563474423ba5515216f8c494f4""},""join_samples"":{""date"":""2026-10-06"",""run_id"":""d860418d5a004543869e740fe3eaeb7d""}}"
385,385,"-24.9610112 , 28.993680500000004","-24.960883000000003 , 28.844427500000002",rural-rural,rural,2014,"{""sample_routes"":{""date"":""2026-10-06"",""run_id"":""67703a563474423ba5515216f8c494f4""},""join_samples"":{""date"":""2026-10-06"",""run_id"":""d860418d5a004543869e740fe3eaeb7d""}}"
386,386,"-28.3598491 , 30.806998500000002","-28.265023300000003 , 30.902387200000003",rural-rural,rural,1585,"{""sample_routes"":{""date"":""2026-10-06"",""run_id"":""67703a563474423ba5515216f8c494f4""},""join_samples"":{""date"":""2026-10-06"",""run_id"":""d860418d5a004543869e740fe3eaeb7d""}}"
387,387,"-28.8139116 , 31.8589823","-28.6996088 , 31.973521",rural-rural,rural,1581,"{""sample_routes"":{""date"":""2026-10-06"",""run_id"":""67703a563474423ba5515216f8c494f4""},""join_samples"":{""date"":""2026-10-06"",""run_id"":""d860418d5a004543869e740fe3eaeb7d""}}"
388,388,"-23.4939047 , 28.915557000000003","-23.524580500000003 , 28.885282900000004",rural-rural,rural,1580,"{""sample_routes"":{""date"":""2026-10-06"",""run_id"":""67703a563474423ba5515216f8c494f4""},""join_samples"":{""date"":""2026-10-06"",""run_id"":""d860418d5a004543869e740fe3eaeb7d""}}"
389,389,"-26.9214732 , 32.2698672","-27.055686100000003 , 32.269882",rural-rural,rural,2020,"{""sample_routes"":{""date"":""2026-10-06"",""run_id"":""67703a563474423ba5515216f8c494f4""},""join_samples"":{""date"":""2026-10-06"",""run_id"":""d860418d5a004543869e740fe3eaeb7d""}}"
390,390,"-28.9553504 , 31.5712684","-29.107387300000003 , 31.5718317",rural-rural,rural,2021,"{""sample_routes"":{""date"":""2026-10-06"",""run_id"":""67703a563474423ba5515216f8c494f4""},""join_samples"":{""date"":""2026-10-06"",""run_id"":""d860418d5a004543869e740fe3eaeb7d""}}"
391,391,"-27.8472857 , 30.870951700000003","-27.9547476 , 30.9783474",rural-rural,rural,2021,"{""sample_routes"":{""date"":""2026-10-06"",""run_id"":""67703a563474423ba5515216f8c494f4""},""join_samples"":{""date"":""2026-10-06"",""run_id"":""d860418d5a004543869e740fe3eaeb7d""}}"
392,392,"-30.862654300000003 , 28.862196","-30.947260500000002 , 28.947346500000002",rural-rural,rural,2029,"{""sample_routes"":{""date"":""2026-10-06"",""run_id"":""67703a563474423ba5515216f8c494f4""},""join_samples"":{""date"":""2026-10-06"",""run_id"":""d860418d5a004543869e740fe3eaeb7d""}}"
393,393,"-27.660372600000002 , 31.8140134","-27.745522200000003 , 31.8992405",rural-rural,rural,1568,"{""sample_routes"":{""date"":""2026-10-06"",""run_id"":""67703a563474423ba5515216f8c494f4""},""join_samples"":{""date"":""2026-10-06"",""run_id"":""d860418d5a004543869e740fe3eaeb7d""}}"
394,394,"-25.547003200000002 , 30.9820877","-25.7197178 , 30.981861100000003",rural-rural,rural,2034,"{""sample_routes"":{""date"":""2026-10-06"",""run_id"":""67703a563474423ba5515216f8c494f4""},""join_samples"":{""date"":""2026-10-06"",""run_id"":""d860418d5a004543869e740fe3eaeb7d""}}"
395,395,"-28.032177100000002 , 27.809041200000003","-28.0320305 , 27.6402302",rural-rural,rural,1554,"{""sample_routes"":{""date"":""2026-10-06"",""run_id"":""67703a563474423ba5515216f8c494f4""},""join_samples"":{""date"":""2026-10-06"",""run_id"":""d860418d5a004543869e740fe3eaeb7d""}}"
396,396,"-27.795875100000003 , 31.7467037","-27.912989300000003 , 31.746160200000002",rural-rural,rural,2049,"{""sample_routes"":{""date"":""2026-10-06"",""run_id"":""67703a563474423ba5515216f8c494f4""},""join_samples"":{""date"":""2026-10-06"",""run_id"":""d860418d5a004543869e740fe3eaeb7d""}}"
397,397,"-24.3919177 , 29.5979901","-24.3148337 , 29.675568900000002",rural-rural,rural,2052,"{""sample_routes"":{""date"":""2026-10-06"",""run_id"":""67703a563474423ba5515216f8c494f4""},""join_samples"":{""date"":""2026-10-06"",""run_id"":""d860418d5a004543869e740fe3eaeb7d""}}"
398,398,"-32.1350791 , 28.9043695","-32.0511858 , 28.8203654",rural-rural,rural,1543,"{""sample_routes"":{""date"":""2026-10-06"",""run_id"":""67703a563474423ba5515216f8c494f4""},""join_samples"":{""date"":""2026-10-06"",""run_id"":""d860418d5a004543869e740fe3eaeb7d""}}"
399,399,"-32.2768109 , 28.5348727","-32.224648 , 28.5874023",rural-rural,rural,1534,"{""sample_routes"":{""date"":""2026-10-06"",""run_id"":""67703a563474423ba5515216f8c494f4""},""join_samples"":{""date"":""2026-10-06"",""run_id"":""d860418d5a004543869e740fe3eaeb7d""}}"
400,0,"-26.062573 , 28.2384185","-26.3011242 , 28.237711800000003",urban-urban,urban,2700,"{""sample_routes"":{""date"":""2026-10-06"",""run_id"":""67703a563474423ba5515216f8c494f4""},""join_samples"":{""date"":""2026-10-06"",""run_id"":""d860418d5a004543869e740fe3eaeb7d""}}"
401,1,"-26.0726212 , 27.935573","-26.2656783 , 27.742295700000003",urban-rural,urban,2720,"{""sample_routes"":{""date"":""2026-10-06"",""run_id"":""67703a563474423ba5515216f8c494f4""},""join_samples"":{""date"":""2026-10-06"",""run_id"":""d860418d5a004543869e740fe3eaeb7d""}}"
402,2,"-29.6914012 , 30.320636200000003","-29.691887800000003 , 30.132965600000002",urban-rural,urban,2668,"{""sample_routes"":{""date"":""2026-10-06"",""run_id"":""67703a563474423ba5515216f8c494f4""},""join_samples"":{""date"":""2026-10-06"",""run_id"":""d860418d5a004543869e740fe3eaeb7d""}}"
403,3,"-26.2954097 , 27.909442300000002","-26.130068 , 27.7442604",urban-rural,urban,2661,"{""sample_routes"":{""date"":""2026-10-06"",""run_id"":""67703a563474423ba5515216f8c494f4""},""join_samples"":{""date"":""2026-10-06"",""run_id"":""d860418d5a004543869e740fe3eaeb7d""}}"
404,4,"-33.9284981 , 18.6737971","-33.928481500000004 , 18.3891597",urban-urban,urban,2660,"{""sample_routes"":{""date"":""2026-10-06"",""run_id"":""67703a563474423ba5515216f8c494f4""},""join_samples"":{""date"":""2026-10-06"",""run_id"":""d860418d5a004543869e740fe3eaeb7d""}}"
405,5,"-26.068366400000002 , 28.0899985","-26.069113700000003 , 27.8339141",urban-rural,urban,2742,"{""sample_routes"":{""date"":""2026-10-06"",""run_id"":""67703a563474423ba5515216f8c494f4""},""join_samples"":{""date"":""2026-10-06"",""run_id"":""d860418d5a004543869e740fe3eaeb7d""}}"
406,6,"-26.179656700000002 , 28.032789700000002","-26.4572718 , 27.755456000000002",urban-urban,urban,2745,"{""sample_routes"":{""date"":""2026-10-06"",""run_id"":""67703a563474423ba5515216f8c494f4""},""join_samples"":{""date"":""2026-10-06"",""run_id"":""d860418d5a004543869e740fe3eaeb7d""}}"
407,7,"-26.1611124 , 28.018667800000003","-26.389272400000003 , 27.7896836",urban-urban,urban,2748,"{""sample_routes"":{""date"":""2026-10-06"",""run_id"":""67703a563474423ba5515216f8c494f4""},""join_samples"":{""date"":""2026-10-06"",""run_id"":""d860418d5a004543869e740fe3eaeb7d""}}"
408,8,"-26.3056747 , 28.171509500000003","-26.0716901 , 27.937506900000002",urban-urban,urban,2757,"{""sample_routes"":{""date"":""2026-10-06"",""run_id"":""67703a563474423ba5515216f8c494f4""},""join_samples"":{""date"":""2026-10-06"",""run_id"":""d860418d5a004543869e740fe3eaeb7d""}}"
409,9,"-33.7813871 , 25.585495400000003","-33.916493800000005 , 25.4501513",urban-urban,urban,2641,"{""sample_routes"":{""date"":""2026-10-06"",""run_id"":""67703a563474423ba5515216f8c494f4""},""join_samples"":{""date"":""2026-10-06"",""run_id"":""d860418d5a004543869e740fe3eaeb7d""}}"
410,10,"-26.348896800000002 , 28.090425000000003","-26.092190000000002 , 28.346557200000003",urban-rural,urban,2633,"{""sample_routes"":{""date"":""2026-10-06"",""run_id"":""67703a563474423ba5515216f8c494f4""},""join_samples"":{""date"":""2026-10-06"",""run_id"":""d860418d5a004543869e740fe3eaeb7d""}}"
411,11,"-33.885313100000005 , 25.503300900000003","-34.0284421 , 25.6458087",urban-rural,urban,2769,"{""sample_routes"":{""date"":""2026-10-06"",""run_id"":""67703a563474423ba5515216f8c494f4""},""join_samples"":{""date"":""2026-10-06"",""run_id"":""d860418d5a004543869e740fe3eaeb7d""}}"
412,12,"-26.8985002 , 26.595721800000003","-26.6542405 , 26.596382300000002",urban-urban,urban,2775,"{""sample_routes"":{""date"":""2026-10-06"",""run_id"":""67703a563474423ba5515216f8c494f4""},""join_samples"":{""date"":""2026-10-06"",""run_id"":""d860418d5a004543869e740fe3eaeb7d""}}"
413,13,"-32.889931100000005 , 27.4566759","-33.019646 , 27.585645300000003",rural-rural,urban,2777,"{""sample_routes"":{""date"":""2026-10-06"",""run_id"":""67703a563474423ba5515216f8c494f4""},""join_samples"":{""date"":""2026-10-06"",""run_id"":""d860418d5a004543869e740fe3eaeb7d""}}"
414,14,"-29.7333484 , 30.381187100000002","-29.603950100000002 , 30.252579200000003",rural-urban,urban,2621,"{""sample_routes"":{""date"":""2026-10-06"",""run_id"":""67703a563474423ba5515216f8c494f4""},""join_samples"":{""date"":""2026-10-06"",""run_id"":""d860418d5a004543869e740fe3eaeb7d""}}"
415,15,"-26.0626284 , 28.2787684","-26.262923 , 28.479215200000002",rural-urban,urban,2616,"{""sample_routes"":{""date"":""2026-10-06"",""run_id"":""67703a563474423ba5515216f8c494f4""},""join_samples"":{""date"":""2026-10-06"",""run_id"":""d860418d5a004543869e740fe3eaeb7d""}}"
416,16,"-33.983224400000005 , 18.516711700000002","-33.782565600000005 , 18.7170354",urban-rural,urban,2613,"{""sample_routes"":{""date"":""2026-10-06"",""run_id"":""67703a563474423ba5515216f8c494f4""},""join_samples"":{""date"":""2026-10-06"",""run_id"":""d860418d5a004543869e740fe3eaeb7d""}}"
417,17,"-33.7598167 , 25.4148162","-34.0044649 , 25.6600995",urban-urban,urban,2792,"{""sample_routes"":{""date"":""2026-10-06"",""run_id"":""67703a563474423ba5515216f8c494f4""},""join_samples"":{""date"":""2026-10-06"",""run_id"":""d860418d5a004543869e740fe3eaeb7d""}}"
418,18,"-26.1907785 , 28.0578429","-26.4510739 , 27.798252",urban-urban,urban,2608,"{""sample_routes"":{""date"":""2026-10-06"",""run_id"":""67703a563474423ba5515216f8c494f4""},""join_samples"":{""date"":""2026-10-06"",""run_id"":""d860418d5a004543869e740fe3eaeb7d""}}"
419,19,"-26.1950933 , 28.054024100000003","-26.4752261 , 27.7739069",urban-urban,urban,2605,"{""sample_routes"":{""date"":""2026-10-06"",""run_id"":""67703a563474423ba5515216f8c494f4""},""join_samples"":{""date"":""2026-10-06"",""run_id"":""d860418d5a004543869e740fe3eaeb7d""}}"
420,20,"-26.206416100000002 , 27.9133277","-26.497350800000003 , 27.914056300000002",urban-rural,urban,2597,"{""sample_routes"":{""date"":""2026-10-06"",""run_id"":""67703a563474423ba5515216f8c494f4""},""join_samples"":{""date"":""2026-10-06"",""run_id"":""d860418d5a004543869e740fe3eaeb7d""}}"
421,21,"-26.197956700000002 , 28.0394255","-26.4540764 , 27.7825968",urban-urban,urban,2591,"{""sample_routes"":{""date"":""2026-10-06"",""run_id"":""67703a563474423ba5515216f8c494f4""},""join_samples"":{""date"":""2026-10-06"",""run_id"":""d860418d5a004543869e740fe3eaeb7d""}}"
422,22,"-25.411458000000003 , 31.195448100000004","-25.299123 , 31.082468700000003",urban-rural,urban,2590,"{""sample_routes"":{""date"":""2026-10-06"",""run_id"":""67703a563474423ba5515216f8c494f4""},""join_samples"":{""date"":""2026-10-06"",""run_id"":""d860418d5a004543869e740fe3eaeb7d""}}"
423,23,"-26.3470869 , 28.2160657","-26.3464145 , 27.7710222",urban-rural,urban,2811,"{""sample_routes"":{""date"":""2026-10-06"",""run_id"":""67703a563474423ba5515216f8c494f4""},""join_samples"":{""date"":""2026-10-06"",""run_id"":""d860418d5a004543869e740fe3eaeb7d""}}"
424,24,"-25.6189371 , 27.968642000000003","-25.8441054 , 28.1942996",urban-urban,urban,2812,"{""sample_routes"":{""date"":""2026-10-06"",""run_id"":""67703a563474423ba5515216f8c494f4""},""join_samples"":{""date"":""2026-10-06"",""run_id"":""d860418d5a004543869e740fe3eaeb7d""}}"
425,25,"-25.917724300000003 , 28.197290900000002","-25.765657500000003 , 28.0451577",urban-urban,urban,2580,"{""sample_routes"":{""date"":""2026-10-06"",""run_id"":""67703a563474423ba5515216f8c494f4""},""join_samples"":{""date"":""2026-10-06"",""run_id"":""d860418d5a004543869e740fe3eaeb7d""}}"
426,26,"-26.338385000000002 , 27.957179500000002","-26.148749600000002 , 27.767499100000002",rural-urban,urban,2820,"{""sample_routes"":{""date"":""2026-10-06"",""run_id"":""67703a563474423ba5515216f8c494f4""},""join_samples"":{""date"":""2026-10-06"",""run_id"":""d860418d5a004543869e740fe3eaeb7d""}}"
427,27,"-33.9544778 , 25.612437","-33.7300808 , 25.3880662",urban-urban,urban,2575,"{""sample_routes"":{""date"":""2026-10-06"",""run_id"":""67703a563474423ba5515216f8c494f4""},""join_samples"":{""date"":""2026-10-06"",""run_id"":""d860418d5a004543869e740fe3eaeb7d""}}"
428,28,"-26.3618464 , 28.428361900000002","-26.116829000000003 , 28.4291003",rural-urban,urban,2571,"{""sample_routes"":{""date"":""2026-10-06"",""run_id"":""67703a563474423ba5515216f8c494f4""},""join_samples"":{""date"":""2026-10-06"",""run_id"":""d860418d5a004543869e740fe3eaeb7d""}}"
429,29,"-25.669389600000002 , 28.143118700000002","-25.864666200000002 , 28.3387184",urban-rural,urban,2830,"{""sample_routes"":{""date"":""2026-10-06"",""run_id"":""67703a563474423ba5515216f8c494f4""},""join_samples"":{""date"":""2026-10-06"",""run_id"":""d860418d5a004543869e740fe3eaeb7d""}}"
430,30,"-28.496638400000002 , 30.1897182","-28.342286400000003 , 30.035563800000002",rural-rural,urban,2831,"{""sample_routes"":{""date"":""2026-10-06"",""run_id"":""67703a563474423ba5515216f8c494f4""},""join_samples"":{""date"":""2026-10-06"",""run_id"":""d860418d5a004543869e740fe3eaeb7d""}}"
431,31,"-25.7648303 , 28.083156900000002","-25.6048617 , 27.923898",urban-urban,urban,2837,"{""sample_routes"":{""date"":""2026-10-06"",""run_id"":""67703a563474423ba5515216f8c494f4""},""join_samples"":{""date"":""2026-10-06"",""run_id"":""d860418d5a004543869e740fe3eaeb7d""}}"
432,32,"-33.7946643 , 25.4710675","-33.994921500000004 , 25.6720444",urban-urban,urban,2550,"{""sample_routes"":{""date"":""2026-10-06"",""run_id"":""67703a563474423ba5515216f8c494f4""},""join_samples"":{""date"":""2026-10-06"",""run_id"":""d860418d5a004543869e740fe3eaeb7d""}}"
433,33,"-25.575750000000003 , 28.037878000000003","-25.797997900000002 , 28.0380119",urban-urban,urban,2851,"{""sample_routes"":{""date"":""2026-10-06"",""run_id"":""67703a563474423ba5515216f8c494f4""},""join_samples"":{""date"":""2026-10-06"",""run_id"":""d860418d5a004543869e740fe3eaeb7d""}}"
434,34,"-25.9355729 , 28.006835300000002","-25.6141834 , 28.3289471",urban-rural,urban,2853,"{""sample_routes"":{""date"":""2026-10-06"",""run_id"":""67703a563474423ba5515216f8c494f4""},""join_samples"":{""date"":""2026-10-06"",""run_id"":""d860418d5a004543869e740fe3eaeb7d""}}"
435,35,"-33.9725531 , 25.620537000000002","-33.7309458 , 25.3790647",urban-urban,urban,2857,"{""sample_routes"":{""date"":""2026-10-06"",""run_id"":""67703a563474423ba5515216f8c494f4""},""join_samples"":{""date"":""2026-10-06"",""run_id"":""d860418d5a004543869e740fe3eaeb7d""}}"
436,36,"-25.385444900000003 , 28.1772655","-25.5766829 , 27.9853622",urban-urban,urban,2862,"{""sample_routes"":{""date"":""2026-10-06"",""run_id"":""67703a563474423ba5515216f8c494f4""},""join_samples"":{""date"":""2026-10-06"",""run_id"":""d860418d5a004543869e740fe3eaeb7d""}}"
437,37,"-32.9775186 , 27.921997","-32.9780378 , 27.646408100000002",rural-rural,urban,2537,"{""sample_routes"":{""date"":""2026-10-06"",""run_id"":""67703a563474423ba5515216f8c494f4""},""join_samples"":{""date"":""2026-10-06"",""run_id"":""d860418d5a004543869e740fe3eaeb7d""}}"
438,38,"-26.1787342 , 28.0013918","-26.3985585 , 27.7823813",urban-urban,urban,2871,"{""sample_routes"":{""date"":""2026-10-06"",""run_id"":""67703a563474423ba5515216f8c494f4""},""join_samples"":{""date"":""2026-10-06"",""run_id"":""d860418d5a004543869e740fe3eaeb7d""}}"
439,39,"-33.846877 , 25.441372100000002","-33.9942587 , 25.588133900000003",rural-urban,urban,2872,"{""sample_routes"":{""date"":""2026-10-06"",""run_id"":""67703a563474423ba5515216f8c494f4""},""join_samples"":{""date"":""2026-10-06"",""run_id"":""d860418d5a004543869e740fe3eaeb7d""}}"
440,40,"-25.916542500000002 , 28.049234300000002","-25.616889800000003 , 28.349452600000003",rural-rural,urban,2878,"{""sample_routes"":{""date"":""2026-10-06"",""run_id"":""67703a563474423ba5515216f8c494f4""},""join_samples"":{""date"":""2026-10-06"",""run_id"":""d860418d5a004543869e740fe3eaeb7d""}}"
441,41,"-33.890982 , 18.826301700000002","-33.890905700000005 , 18.4859112",urban-urban,urban,2522,"{""sample_routes"":{""date"":""2026-10-06"",""run_id"":""67703a563474423ba5515216f8c494f4""},""join_samples"":{""date"":""2026-10-06"",""run_id"":""d860418d5a004543869e740fe3eaeb7d""}}"
442,42,"-33.9437702 , 25.5868833","-33.731356000000005 , 25.373637000000002",urban-urban,urban,2881,"{""sample_routes"":{""date"":""2026-10-06"",""run_id"":""67703a563474423ba5515216f8c494f4""},""join_samples"":{""date"":""2026-10-06"",""run_id"":""d860418d5a004543869e740fe3eaeb7d""}}"
443,43,"-33.9849976 , 25.5994977","-33.7716238 , 25.3867523",urban-urban,urban,2885,"{""sample_routes"":{""date"":""2026-10-06"",""run_id"":""67703a563474423ba5515216f8c494f4""},""join_samples"":{""date"":""2026-10-06"",""run_id"":""d860418d5a004543869e740fe3eaeb7d""}}"
444,44,"-29.3997667 , 31.182628400000002","-29.264897700000002 , 31.3173974",rural-urban,urban,2509,"{""sample_routes"":{""date"":""2026-10-06"",""run_id"":""67703a563474423ba5515216f8c494f4""},""join_samples"":{""date"":""2026-10-06"",""run_id"":""d860418d5a004543869e740fe3eaeb7d""}}"
445,45,"-26.3560993 , 28.2314843","-26.3563109 , 27.914912",urban-urban,urban,2891,"{""sample_routes"":{""date"":""2026-10-06"",""run_id"":""67703a563474423ba5515216f8c494f4""},""join_samples"":{""date"":""2026-10-06"",""run_id"":""d860418d5a004543869e740fe3eaeb7d""}}"
446,46,"-26.4392004 , 27.952696200000002","-26.4397519 , 27.737513300000003",rural-rural,urban,2508,"{""sample_routes"":{""date"":""2026-10-06"",""run_id"":""67703a563474423ba5515216f8c494f4""},""join_samples"":{""date"":""2026-10-06"",""run_id"":""d860418d5a004543869e740fe3eaeb7d""}}"
447,47,"-34.0395393 , 18.4860568","-33.7659889 , 18.7602565",urban-rural,urban,2504,"{""sample_routes"":{""date"":""2026-10-06"",""run_id"":""67703a563474423ba5515216f8c494f4""},""join_samples"":{""date"":""2026-10-06"",""run_id"":""d860418d5a004543869e740fe3eaeb7d""}}"
448,48,"-26.212428900000003 , 28.0767303","-26.473860000000002 , 27.815253100000003",urban-urban,urban,2502,"{""sample_routes"":{""date"":""2026-10-06"",""run_id"":""67703a563474423ba5515216f8c494f4""},""join_samples"":{""date"":""2026-10-06"",""run_id"":""d860418d5a004543869e740fe3eaeb7d""}}"
449,49,"-29.824761400000003 , 31.036749500000003","-30.0602322 , 30.800905800000002",urban-urban,urban,2899,"{""sample_routes"":{""date"":""2026-10-06"",""run_id"":""67703a563474423ba5515216f8c494f4""},""join_samples"":{""date"":""2026-10-06"",""run_id"":""d860418d5a004543869e740fe3eaeb7d""}}"
450,50,"-25.484838500000002 , 28.094676300000003","-25.821230500000002 , 28.095061200000004",urban-urban,urban,2907,"{""sample_routes"":{""date"":""2026-10-06"",""run_id"":""67703a563474423ba5515216f8c494f4""},""join_samples"":{""date"":""2026-10-06"",""run_id"":""d860418d5a004543869e740fe3eaeb7d""}}"
451,51,"-25.3560088 , 28.2090886","-25.266057500000002 , 28.1199286",urban-rural,urban,2493,"{""sample_routes"":{""date"":""2026-10-06"",""run_id"":""67703a563474423ba5515216f8c494f4""},""join_samples"":{""date"":""2026-10-06"",""run_id"":""d860418d5a004543869e740fe3eaeb7d""}}"
452,52,"-26.2853746 , 28.2346299","-26.0357549 , 28.234578300000003",rural-urban,urban,2909,"{""sample_routes"":{""date"":""2026-10-06"",""run_id"":""67703a563474423ba5515216f8c494f4""},""join_samples"":{""date"":""2026-10-06"",""run_id"":""d860418d5a004543869e740fe3eaeb7d""}}"
453,53,"-26.294458600000002 , 28.268113300000003","-26.072770700000003 , 28.268958700000002",urban-urban,urban,2486,"{""sample_routes"":{""date"":""2026-10-06"",""run_id"":""67703a563474423ba5515216f8c494f4""},""join_samples"":{""date"":""2026-10-06"",""run_id"":""d860418d5a004543869e740fe3eaeb7d""}}"
454,54,"-26.031926700000003 , 28.0703047","-26.443564400000003 , 28.069549400000003",urban-rural,urban,2917,"{""sample_routes"":{""date"":""2026-10-06"",""run_id"":""67703a563474423ba5515216f8c494f4""},""join_samples"":{""date"":""2026-10-06"",""run_id"":""d860418d5a004543869e740fe3eaeb7d""}}"
455,55,"-29.2752583 , 27.529451400000003","-29.491010900000003 , 27.530268000000003",urban-rural,urban,2482,"{""sample_routes"":{""date"":""2026-10-06"",""run_id"":""67703a563474423ba5515216f8c494f4""},""join_samples"":{""date"":""2026-10-06"",""run_id"":""d860418d5a004543869e740fe3eaeb7d""}}"
456,56,"-26.0748411 , 28.2598771","-26.2942675 , 28.260677500000003",urban-urban,urban,2476,"{""sample_routes"":{""date"":""2026-10-06"",""run_id"":""67703a563474423ba5515216f8c494f4""},""join_samples"":{""date"":""2026-10-06"",""run_id"":""d860418d5a004543869e740fe3eaeb7d""}}"
457,57,"-26.223981300000002 , 28.2531709","-26.3883249 , 28.4183558",urban-urban,urban,2475,"{""sample_routes"":{""date"":""2026-10-06"",""run_id"":""67703a563474423ba5515216f8c494f4""},""join_samples"":{""date"":""2026-10-06"",""run_id"":""d860418d5a004543869e740fe3eaeb7d""}}"
458,58,"-25.7589235 , 28.378164","-25.758420500000003 , 28.066681900000003",urban-urban,urban,2470,"{""sample_routes"":{""date"":""2026-10-06"",""run_id"":""67703a563474423ba5515216f8c494f4""},""join_samples"":{""date"":""2026-10-06"",""run_id"":""d860418d5a004543869e740fe3eaeb7d""}}"
459,59,"-25.312653100000002 , 31.1437457","-25.4219273 , 31.2525273",urban-urban,urban,2470,"{""sample_routes"":{""date"":""2026-10-06"",""run_id"":""67703a563474423ba5515216f8c494f4""},""join_samples"":{""date"":""2026-10-06"",""run_id"":""d860418d5a004543869e740fe3eaeb7d""}}"
460,60,"-29.7597938 , 30.965602800000003","-29.9082623 , 30.8173028",urban-rural,urban,2932,"{""sample_routes"":{""date"":""2026-10-06"",""run_id"":""67703a563474423ba5515216f8c494f4""},""join_samples"":{""date"":""2026-10-06"",""run_id"":""d860418d5a004543869e740fe3eaeb7d""}}"
461,61,"-26.217058700000003 , 27.944711","-26.4392427 , 27.944650300000003",urban-rural,urban,2466,"{""sample_routes"":{""date"":""2026-10-06"",""run_id"":""67703a563474423ba5515216f8c494f4""},""join_samples"":{""date"":""2026-10-06"",""run_id"":""d860418d5a004543869e740fe3eaeb7d""}}"
462,62,"-26.181734700000003 , 28.017119200000003","-26.425663500000002 , 27.7725027",urban-rural,urban,2937,"{""sample_routes"":{""date"":""2026-10-06"",""run_id"":""67703a563474423ba5515216f8c494f4""},""join_samples"":{""date"":""2026-10-06"",""run_id"":""d860418d5a004543869e740fe3eaeb7d""}}"
463,63,"-26.049200000000003 , 27.912696800000003","-26.436420700000003 , 27.912031300000002",urban-rural,urban,2939,"{""sample_routes"":{""date"":""2026-10-06"",""run_id"":""67703a563474423ba5515216f8c494f4""},""join_samples"":{""date"":""2026-10-06"",""run_id"":""d860418d5a004543869e740fe3eaeb7d""}}"
464,64,"-33.986666400000004 , 25.5844951","-33.7664041 , 25.583694100000002",urban-urban,urban,2461,"{""sample_routes"":{""date"":""2026-10-06"",""run_id"":""67703a563474423ba5515216f8c494f4""},""join_samples"":{""date"":""2026-10-06"",""run_id"":""d860418d5a004543869e740fe3eaeb7d""}}"
465,65,"-26.3173375 , 28.260550100000003","-26.0211228 , 28.260816300000002",urban-urban,urban,2940,"{""sample_routes"":{""date"":""2026-10-06"",""run_id"":""67703a563474423ba5515216f8c494f4""},""join_samples"":{""date"":""2026-10-06"",""run_id"":""d860418d5a004543869e740fe3eaeb7d""}}"
466,66,"-25.484094000000002 , 27.9829422","-25.4842163 , 27.828393300000002",urban-urban,urban,2459,"{""sample_routes"":{""date"":""2026-10-06"",""run_id"":""67703a563474423ba5515216f8c494f4""},""join_samples"":{""date"":""2026-10-06"",""run_id"":""d860418d5a004543869e740fe3eaeb7d""}}"
467,67,"-34.0993166 , 18.8520365","-33.852436600000004 , 18.6045069",urban-rural,urban,2950,"{""sample_routes"":{""date"":""2026-10-06"",""run_id"":""67703a563474423ba5515216f8c494f4""},""join_samples"":{""date"":""2026-10-06"",""run_id"":""d860418d5a004543869e740fe3eaeb7d""}}"
468,68,"-30.0788195 , 30.831724400000002","-29.8688132 , 31.041837800000003",urban-urban,urban,2450,"{""sample_routes"":{""date"":""2026-10-06"",""run_id"":""67703a563474423ba5515216f8c494f4""},""join_samples"":{""date"":""2026-10-06"",""run_id"":""d860418d5a004543869e740fe3eaeb7d""}}"
469,69,"-25.5816577 , 28.048065500000003","-25.839489200000003 , 28.306067900000002",urban-urban,urban,2955,"{""sample_routes"":{""date"":""2026-10-06"",""run_id"":""67703a563474423ba5515216f8c494f4""},""join_samples"":{""date"":""2026-10-06"",""run_id"":""d860418d5a004543869e740fe3eaeb7d""}}"
470,70,"-25.576088400000003 , 28.078777600000002","-25.848704700000003 , 28.350777800000003",urban-rural,urban,2963,"{""sample_routes"":{""date"":""2026-10-06"",""run_id"":""67703a563474423ba5515216f8c494f4""},""join_samples"":{""date"":""2026-10-06"",""run_id"":""d860418d5a004543869e740fe3eaeb7d""}}"
471,71,"-33.9511892 , 18.6209484","-33.7483859 , 18.621210700000002",urban-rural,urban,2964,"{""sample_routes"":{""date"":""2026-10-06"",""run_id"":""67703a563474423ba5515216f8c494f4""},""join_samples"":{""date"":""2026-10-06"",""run_id"":""d860418d5a004543869e740fe3eaeb7d""}}"
472,72,"-26.1158901 , 28.277726","-26.361502 , 28.0315522",rural-rural,urban,2968,"{""sample_routes"":{""date"":""2026-10-06"",""run_id"":""67703a563474423ba5515216f8c494f4""},""join_samples"":{""date"":""2026-10-06"",""run_id"":""d860418d5a004543869e740fe3eaeb7d""}}"
473,73,"-26.037334 , 28.0574252","-26.369216400000003 , 28.057887100000002",urban-rural,urban,2423,"{""sample_routes"":{""date"":""2026-10-06"",""run_id"":""67703a563474423ba5515216f8c494f4""},""join_samples"":{""date"":""2026-10-06"",""run_id"":""d860418d5a004543869e740fe3eaeb7d""}}"
474,74,"-34.0324177 , 18.6808924","-34.179640500000005 , 18.827330800000002",urban-rural,urban,2419,"{""sample_routes"":{""date"":""2026-10-06"",""run_id"":""67703a563474423ba5515216f8c494f4""},""join_samples"":{""date"":""2026-10-06"",""run_id"":""d860418d5a004543869e740fe3eaeb7d""}}"
475,75,"-29.6837693 , 30.960967500000002","-29.914957500000003 , 30.9609264",urban-urban,urban,2983,"{""sample_routes"":{""date"":""2026-10-06"",""run_id"":""67703a563474423ba5515216f8c494f4""},""join_samples"":{""date"":""2026-10-06"",""run_id"":""d860418d5a004543869e740fe3eaeb7d""}}"
476,76,"-25.125801900000003 , 29.006378","-25.1260164 , 28.754533900000002",urban-rural,urban,2984,"{""sample_routes"":{""date"":""2026-10-06"",""run_id"":""67703a563474423ba5515216f8c494f4""},""join_samples"":{""date"":""2026-10-06"",""run_id"":""d860418d5a004543869e740fe3eaeb7d""}}"
477,77,"-25.7150998 , 28.228833700000003","-25.858592400000003 , 28.3725062",urban-rural,urban,2415,"{""sample_routes"":{""date"":""2026-10-06"",""run_id"":""67703a563474423ba5515216f8c494f4""},""join_samples"":{""date"":""2026-10-06"",""run_id"":""d860418d5a004543869e740fe3eaeb7d""}}"
478,78,"-29.988030900000002 , 30.895386600000002","-29.770400000000002 , 30.8962141",urban-urban,urban,2995,"{""sample_routes"":{""date"":""2026-10-06"",""run_id"":""67703a563474423ba5515216f8c494f4""},""join_samples"":{""date"":""2026-10-06"",""run_id"":""d860418d5a004543869e740fe3eaeb7d""}}"
479,79,"-25.9191468 , 28.102376200000002","-26.148460800000002 , 28.331492500000003",urban-urban,urban,2995,"{""sample_routes"":{""date"":""2026-10-06"",""run_id"":""67703a563474423ba5515216f8c494f4""},""join_samples"":{""date"":""2026-10-06"",""run_id"":""d860418d5a004543869e740fe3eaeb7d""}}"
480,80,"-34.086232800000005 , 18.852899700000002","-33.7991819 , 18.5653308",urban-rural,urban,3004,"{""sample_routes"":{""date"":""2026-10-06"",""run_id"":""67703a563474423ba5515216f8c494f4""},""join_samples"":{""date"":""2026-10-06"",""run_id"":""d860418d5a004543869e740fe3eaeb7d""}}"
481,81,"-26.140129700000003 , 27.968075300000002","-26.140382600000002 , 27.669817100000003",urban-rural,urban,3006,"{""sample_routes"":{""date"":""2026-10-06"",""run_id"":""67703a563474423ba5515216f8c494f4""},""join_samples"":{""date"":""2026-10-06"",""run_id"":""d860418d5a004543869e740fe3eaeb7d""}}"
482,82,"-26.151861500000003 , 28.388961600000002","-26.414382800000002 , 28.126837300000002",urban-rural,urban,3006,"{""sample_routes"":{""date"":""2026-10-06"",""run_id"":""67703a563474423ba5515216f8c494f4""},""join_samples"":{""date"":""2026-10-06"",""run_id"":""d860418d5a004543869e740fe3eaeb7d""}}"
483,83,"-33.806567 , 18.514152900000003","-34.0488262 , 18.514999",urban-urban,urban,2388,"{""sample_routes"":{""date"":""2026-10-06"",""run_id"":""67703a563474423ba5515216f8c494f4""},""join_samples"":{""date"":""2026-10-06"",""run_id"":""d860418d5a004543869e740fe3eaeb7d""}}"
484,84,"-34.0198623 , 18.652192","-33.7805611 , 18.6521031",urban-rural,urban,2383,"{""sample_routes"":{""date"":""2026-10-06"",""run_id"":""67703a563474423ba5515216f8c494f4""},""join_samples"":{""date"":""2026-10-06"",""run_id"":""d860418d5a004543869e740fe3eaeb7d""}}"
485,85,"-26.392579700000002 , 27.868667300000002","-26.081287000000003 , 27.8693573",urban-urban,urban,3017,"{""sample_routes"":{""date"":""2026-10-06"",""run_id"":""67703a563474423ba5515216f8c494f4""},""join_samples"":{""date"":""2026-10-06"",""run_id"":""d860418d5a004543869e740fe3eaeb7d""}}"
486,86,"-26.355020300000003 , 27.8899295","-26.0042289 , 27.889437700000002",urban-rural,urban,3019,"{""sample_routes"":{""date"":""2026-10-06"",""run_id"":""67703a563474423ba5515216f8c494f4""},""join_samples"":{""date"":""2026-10-06"",""run_id"":""d860418d5a004543869e740fe3eaeb7d""}}"
487,87,"-26.264459400000003 , 27.906398600000003","-26.091590200000002 , 27.732954600000003",urban-urban,urban,3020,"{""sample_routes"":{""date"":""2026-10-06"",""run_id"":""67703a563474423ba5515216f8c494f4""},""join_samples"":{""date"":""2026-10-06"",""run_id"":""d860418d5a004543869e740fe3eaeb7d""}}"
488,88,"-26.6902703 , 27.837503400000003","-26.9050745 , 28.0519755",urban-urban,urban,3021,"{""sample_routes"":{""date"":""2026-10-06"",""run_id"":""67703a563474423ba5515216f8c494f4""},""join_samples"":{""date"":""2026-10-06"",""run_id"":""d860418d5a004543869e740fe3eaeb7d""}}"
489,89,"-33.7911591 , 18.469158800000002","-34.0656945 , 18.7431172",urban-urban,urban,3022,"{""sample_routes"":{""date"":""2026-10-06"",""run_id"":""67703a563474423ba5515216f8c494f4""},""join_samples"":{""date"":""2026-10-06"",""run_id"":""d860418d5a004543869e740fe3eaeb7d""}}"
490,90,"-26.1072831 , 28.0756921","-26.4222232 , 28.076241500000002",urban-rural,urban,2377,"{""sample_routes"":{""date"":""2026-10-06"",""run_id"":""67703a563474423ba5515216f8c494f4""},""join_samples"":{""date"":""2026-10-06"",""run_id"":""d860418d5a004543869e740fe3eaeb7d""}}"
491,91,"-26.3586339 , 28.1154459","-25.8610048 , 28.1160119",urban-urban,urban,3029,"{""sample_routes"":{""date"":""2026-10-06"",""run_id"":""67703a563474423ba5515216f8c494f4""},""join_samples"":{""date"":""2026-10-06"",""run_id"":""d860418d5a004543869e740fe3eaeb7d""}}"
492,92,"-26.238438900000002 , 27.8227687","-26.567554100000002 , 27.8231502",urban-urban,urban,3031,"{""sample_routes"":{""date"":""2026-10-06"",""run_id"":""67703a563474423ba5515216f8c494f4""},""join_samples"":{""date"":""2026-10-06"",""run_id"":""d860418d5a004543869e740fe3eaeb7d""}}"
493,93,"-26.301426600000003 , 27.9414705","-26.001791700000002 , 28.240723900000003",urban-urban,urban,3033,"{""sample_routes"":{""date"":""2026-10-06"",""run_id"":""67703a563474423ba5515216f8c494f4""},""join_samples"":{""date"":""2026-10-06"",""run_id"":""d860418d5a004543869e740fe3eaeb7d""}}"
494,94,"-25.9987059 , 28.1863187","-26.3293633 , 27.854914",urban-urban,urban,3033,"{""sample_routes"":{""date"":""2026-10-06"",""run_id"":""67703a563474423ba5515216f8c494f4""},""join_samples"":{""date"":""2026-10-06"",""run_id"":""d860418d5a004543869e740fe3eaeb7d""}}"
495,95,"-26.367827400000003 , 27.9000887","-26.723395200000002 , 27.8992724",urban-rural,urban,3034,"{""sample_routes"":{""date"":""2026-10-06"",""run_id"":""67703a563474423ba5515216f8c494f4""},""join_samples"":{""date"":""2026-10-06"",""run_id"":""d860418d5a004543869e740fe3eaeb7d""}}"
496,96,"-29.7781245 , 30.969882300000002","-29.9852442 , 30.763065200000003",urban-rural,urban,3037,"{""sample_routes"":{""date"":""2026-10-06"",""run_id"":""67703a563474423ba5515216f8c494f4""},""join_samples"":{""date"":""2026-10-06"",""run_id"":""d860418d5a004543869e740fe3eaeb7d""}}"
497,97,"-26.1026431 , 27.9667639","-26.4451597 , 27.967579800000003",urban-rural,urban,3038,"{""sample_routes"":{""date"":""2026-10-06"",""run_id"":""67703a563474423ba5515216f8c494f4""},""join_samples"":{""date"":""2026-10-06"",""run_id"":""d860418d5a004543869e740fe3eaeb7d""}}"
498,98,"-26.3995123 , 27.8836052","-26.028720500000002 , 27.8837091",urban-rural,urban,3041,"{""sample_routes"":{""date"":""2026-10-06"",""run_id"":""67703a563474423ba5515216f8c494f4""},""join_samples"":{""date"":""2026-10-06"",""run_id"":""d860418d5a004543869e740fe3eaeb7d""}}"
499,99,"-26.6584383 , 27.988839900000002","-26.461822400000003 , 27.791868700000002",urban-urban,urban,3042,"{""sample_routes"":{""date"":""2026-10-06"",""run_id"":""67703a563474423ba5515216f8c494f4""},""join_samples"":{""date"":""2026-10-06"",""run_id"":""d860418d5a004543869e740fe3eaeb7d""}}"
500,100,"-25.724022100000003 , 28.391231400000002","-26.0553294 , 28.0601315",urban-urban,urban,3042,"{""sample_routes"":{""date"":""2026-10-06"",""run_id"":""67703a563474423ba5515216f8c494f4""},""join_samples"":{""date"":""2026-10-06"",""run_id"":""d860418d5a004543869e740fe3eaeb7d""}}"
501,101,"-26.1374202 , 27.8575777","-25.9399182 , 28.0542608",urban-rural,urban,3043,"{""sample_routes"":{""date"":""2026-10-06"",""run_id"":""67703a563474423ba5515216f8c494f4""},""join_samples"":{""date"":""2026-10-06"",""run_id"":""d860418d5a004543869e740fe3eaeb7d""}}"
502,102,"-26.406416800000002 , 27.9047249","-26.0384391 , 27.903894800000003",urban-urban,urban,3044,"{""sample_routes"":{""date"":""2026-10-06"",""run_id"":""67703a563474423ba5515216f8c494f4""},""join_samples"":{""date"":""2026-10-06"",""run_id"":""d860418d5a004543869e740fe3eaeb7d""}}"
503,103,"-25.776332 , 28.020326800000003","-25.968441900000002 , 28.2132581",urban-urban,urban,3046,"{""sample_routes"":{""date"":""2026-10-06"",""run_id"":""67703a563474423ba5515216f8c494f4""},""join_samples"":{""date"":""2026-10-06"",""run_id"":""d860418d5a004543869e740fe3eaeb7d""}}"
504,104,"-26.275662800000003 , 27.896528300000003","-25.9632866 , 27.8961031",urban-rural,urban,3047,"{""sample_routes"":{""date"":""2026-10-06"",""run_id"":""67703a563474423ba5515216f8c494f4""},""join_samples"":{""date"":""2026-10-06"",""run_id"":""d860418d5a004543869e740fe3eaeb7d""}}"
505,105,"-26.0288946 , 27.9725399","-26.3940777 , 27.9732808",urban-rural,urban,3047,"{""sample_routes"":{""date"":""2026-10-06"",""run_id"":""67703a563474423ba5515216f8c494f4""},""join_samples"":{""date"":""2026-10-06"",""run_id"":""d860418d5a004543869e740fe3eaeb7d""}}"
506,106,"-26.3022519 , 27.9430456","-26.093077700000002 , 27.734249700000003",urban-urban,urban,3047,"{""sample_routes"":{""date"":""2026-10-06"",""run_id"":""67703a563474423ba5515216f8c494f4""},""join_samples"":{""date"":""2026-10-06"",""run_id"":""d860418d5a004543869e740fe3eaeb7d""}}"
507,107,"-26.1827262 , 27.991747200000002","-25.9225338 , 28.2523525",urban-rural,urban,3049,"{""sample_routes"":{""date"":""2026-10-06"",""run_id"":""67703a563474423ba5515216f8c494f4""},""join_samples"":{""date"":""2026-10-06"",""run_id"":""d860418d5a004543869e740fe3eaeb7d""}}"
508,108,"-26.386141600000002 , 27.890282600000003","-26.011335300000002 , 27.8909102",urban-rural,urban,3049,"{""sample_routes"":{""date"":""2026-10-06"",""run_id"":""67703a563474423ba5515216f8c494f4""},""join_samples"":{""date"":""2026-10-06"",""run_id"":""d860418d5a004543869e740fe3eaeb7d""}}"
509,109,"-26.240516900000003 , 28.090008100000002","-26.2403955 , 28.4683147",urban-urban,urban,2349,"{""sample_routes"":{""date"":""2026-10-06"",""run_id"":""67703a563474423ba5515216f8c494f4""},""join_samples"":{""date"":""2026-10-06"",""run_id"":""d860418d5a004543869e740fe3eaeb7d""}}"
510,110,"-34.0253321 , 18.6658803","-33.692792600000004 , 18.998048100000002",urban-urban,urban,3054,"{""sample_routes"":{""date"":""2026-10-06"",""run_id"":""67703a563474423ba5515216f8c494f4""},""join_samples"":{""date"":""2026-10-06"",""run_id"":""d860418d5a004543869e740fe3eaeb7d""}}"
511,111,"-26.201827700000003 , 28.064336200000003","-26.2021604 , 27.652093100000002",urban-rural,urban,3056,"{""sample_routes"":{""date"":""2026-10-06"",""run_id"":""67703a563474423ba5515216f8c494f4""},""join_samples"":{""date"":""2026-10-06"",""run_id"":""d860418d5a004543869e740fe3eaeb7d""}}"
512,112,"-26.2464261 , 28.042913700000003","-26.058657500000002 , 28.231188000000003",urban-urban,urban,2343,"{""sample_routes"":{""date"":""2026-10-06"",""run_id"":""67703a563474423ba5515216f8c494f4""},""join_samples"":{""date"":""2026-10-06"",""run_id"":""d860418d5a004543869e740fe3eaeb7d""}}"
513,113,"-25.978101600000002 , 27.998300200000003","-26.155062400000002 , 27.820700700000003",urban-urban,urban,3059,"{""sample_routes"":{""date"":""2026-10-06"",""run_id"":""67703a563474423ba5515216f8c494f4""},""join_samples"":{""date"":""2026-10-06"",""run_id"":""d860418d5a004543869e740fe3eaeb7d""}}"
514,114,"-26.4631849 , 27.842611700000003","-26.838424300000003 , 27.8417554",urban-urban,urban,3061,"{""sample_routes"":{""date"":""2026-10-06"",""run_id"":""67703a563474423ba5515216f8c494f4""},""join_samples"":{""date"":""2026-10-06"",""run_id"":""d860418d5a004543869e740fe3eaeb7d""}}"
515,115,"-26.8507813 , 27.893242400000002","-26.5112366 , 27.8931794",urban-urban,urban,3062,"{""sample_routes"":{""date"":""2026-10-06"",""run_id"":""67703a563474423ba5515216f8c494f4""},""join_samples"":{""date"":""2026-10-06"",""run_id"":""d860418d5a004543869e740fe3eaeb7d""}}"
516,116,"-25.963565900000003 , 28.2001716","-25.7228858 , 28.441523500000002",urban-urban,urban,3064,"{""sample_routes"":{""date"":""2026-10-06"",""run_id"":""67703a563474423ba5515216f8c494f4""},""join_samples"":{""date"":""2026-10-06"",""run_id"":""d860418d5a004543869e740fe3eaeb7d""}}"
517,117,"-25.852846000000003 , 28.1690313","-25.621010400000003 , 27.9377798",urban-urban,urban,3065,"{""sample_routes"":{""date"":""2026-10-06"",""run_id"":""67703a563474423ba5515216f8c494f4""},""join_samples"":{""date"":""2026-10-06"",""run_id"":""d860418d5a004543869e740fe3eaeb7d""}}"
518,118,"-25.529267100000002 , 28.014995900000002","-25.806363400000002 , 28.2927527",urban-urban,urban,3066,"{""sample_routes"":{""date"":""2026-10-06"",""run_id"":""67703a563474423ba5515216f8c494f4""},""join_samples"":{""date"":""2026-10-06"",""run_id"":""d860418d5a004543869e740fe3eaeb7d""}}"
519,119,"-25.495292900000003 , 28.007019000000003","-25.73291 , 28.244723200000003",urban-urban,urban,3067,"{""sample_routes"":{""date"":""2026-10-06"",""run_id"":""67703a563474423ba5515216f8c494f4""},""join_samples"":{""date"":""2026-10-06"",""run_id"":""d860418d5a004543869e740fe3eaeb7d""}}"
520,120,"-26.4194099 , 28.1081681","-25.9131481 , 28.1075583",rural-urban,urban,3069,"{""sample_routes"":{""date"":""2026-10-06"",""run_id"":""67703a563474423ba5515216f8c494f4""},""join_samples"":{""date"":""2026-10-06"",""run_id"":""d860418d5a004543869e740fe3eaeb7d""}}"
521,121,"-26.4197455 , 27.8297384","-26.818519300000002 , 27.8290162",urban-urban,urban,3069,"{""sample_routes"":{""date"":""2026-10-06"",""run_id"":""67703a563474423ba5515216f8c494f4""},""join_samples"":{""date"":""2026-10-06"",""run_id"":""d860418d5a004543869e740fe3eaeb7d""}}"
522,122,"-25.712131900000003 , 28.428241800000002","-25.9985383 , 28.140987900000002",urban-rural,urban,3071,"{""sample_routes"":{""date"":""2026-10-06"",""run_id"":""67703a563474423ba5515216f8c494f4""},""join_samples"":{""date"":""2026-10-06"",""run_id"":""d860418d5a004543869e740fe3eaeb7d""}}"
523,123,"-30.0551226 , 30.832230000000003","-29.808419800000003 , 30.8330696",urban-rural,urban,3072,"{""sample_routes"":{""date"":""2026-10-06"",""run_id"":""67703a563474423ba5515216f8c494f4""},""join_samples"":{""date"":""2026-10-06"",""run_id"":""d860418d5a004543869e740fe3eaeb7d""}}"
524,124,"-25.415016100000003 , 28.2341498","-25.564626500000003 , 28.084085400000003",urban-urban,urban,3073,"{""sample_routes"":{""date"":""2026-10-06"",""run_id"":""67703a563474423ba5515216f8c494f4""},""join_samples"":{""date"":""2026-10-06"",""run_id"":""d860418d5a004543869e740fe3eaeb7d""}}"
525,125,"-26.351737200000002 , 27.884685500000003","-26.0542754 , 28.182473400000003",urban-urban,urban,3073,"{""sample_routes"":{""date"":""2026-10-06"",""run_id"":""67703a563474423ba5515216f8c494f4""},""join_samples"":{""date"":""2026-10-06"",""run_id"":""d860418d5a004543869e740fe3eaeb7d""}}"
526,126,"-25.6600177 , 28.108682100000003","-25.399892400000002 , 28.109244200000003",urban-urban,urban,2324,"{""sample_routes"":{""date"":""2026-10-06"",""run_id"":""67703a563474423ba5515216f8c494f4""},""join_samples"":{""date"":""2026-10-06"",""run_id"":""d860418d5a004543869e740fe3eaeb7d""}}"
527,127,"-26.232814 , 27.7002534","-26.232128300000003 , 28.165109800000003",urban-urban,urban,3076,"{""sample_routes"":{""date"":""2026-10-06"",""run_id"":""67703a563474423ba5515216f8c494f4""},""join_samples"":{""date"":""2026-10-06"",""run_id"":""d860418d5a004543869e740fe3eaeb7d""}}"
528,128,"-26.1698236 , 27.8649996","-26.169580300000003 , 28.2959895",urban-urban,urban,3077,"{""sample_routes"":{""date"":""2026-10-06"",""run_id"":""67703a563474423ba5515216f8c494f4""},""join_samples"":{""date"":""2026-10-06"",""run_id"":""d860418d5a004543869e740fe3eaeb7d""}}"
529,129,"-25.440029600000003 , 28.0504904","-25.7081972 , 28.3184688",urban-urban,urban,3081,"{""sample_routes"":{""date"":""2026-10-06"",""run_id"":""67703a563474423ba5515216f8c494f4""},""join_samples"":{""date"":""2026-10-06"",""run_id"":""d860418d5a004543869e740fe3eaeb7d""}}"
530,130,"-26.380251 , 28.1269956","-25.892974600000002 , 28.127613800000002",urban-urban,urban,3082,"{""sample_routes"":{""date"":""2026-10-06"",""run_id"":""67703a563474423ba5515216f8c494f4""},""join_samples"":{""date"":""2026-10-06"",""run_id"":""d860418d5a004543869e740fe3eaeb7d""}}"
531,131,"-26.258612600000003 , 28.4743792","-26.2590912 , 27.9146129",urban-urban,urban,3083,"{""sample_routes"":{""date"":""2026-10-06"",""run_id"":""67703a563474423ba5515216f8c494f4""},""join_samples"":{""date"":""2026-10-06"",""run_id"":""d860418d5a004543869e740fe3eaeb7d""}}"
532,132,"-26.150192200000003 , 27.8983144","-25.7871129 , 28.261808000000002",urban-urban,urban,3084,"{""sample_routes"":{""date"":""2026-10-06"",""run_id"":""67703a563474423ba5515216f8c494f4""},""join_samples"":{""date"":""2026-10-06"",""run_id"":""d860418d5a004543869e740fe3eaeb7d""}}"
533,133,"-33.9692813 , 25.606577100000003","-33.7285324 , 25.366553200000002",urban-urban,urban,3084,"{""sample_routes"":{""date"":""2026-10-06"",""run_id"":""67703a563474423ba5515216f8c494f4""},""join_samples"":{""date"":""2026-10-06"",""run_id"":""d860418d5a004543869e740fe3eaeb7d""}}"
534,134,"-26.003076 , 28.1936153","-26.3712723 , 28.1933326",urban-urban,urban,3086,"{""sample_routes"":{""date"":""2026-10-06"",""run_id"":""67703a563474423ba5515216f8c494f4""},""join_samples"":{""date"":""2026-10-06"",""run_id"":""d860418d5a004543869e740fe3eaeb7d""}}"
535,135,"-25.6841997 , 28.2320123","-25.9847442 , 27.9306941",urban-rural,urban,3087,"{""sample_routes"":{""date"":""2026-10-06"",""run_id"":""67703a563474423ba5515216f8c494f4""},""join_samples"":{""date"":""2026-10-06"",""run_id"":""d860418d5a004543869e740fe3eaeb7d""}}"
536,136,"-26.262079900000003 , 27.820451300000002","-26.5842762 , 27.8206209",urban-urban,urban,3088,"{""sample_routes"":{""date"":""2026-10-06"",""run_id"":""67703a563474423ba5515216f8c494f4""},""join_samples"":{""date"":""2026-10-06"",""run_id"":""d860418d5a004543869e740fe3eaeb7d""}}"
537,137,"-33.952722900000005 , 18.6762435","-33.7896038 , 18.5123612",urban-urban,urban,2309,"{""sample_routes"":{""date"":""2026-10-06"",""run_id"":""67703a563474423ba5515216f8c494f4""},""join_samples"":{""date"":""2026-10-06"",""run_id"":""d860418d5a004543869e740fe3eaeb7d""}}"
538,138,"-25.454652900000003 , 27.9576543","-25.6783985 , 28.182137",rural-urban,urban,3092,"{""sample_routes"":{""date"":""2026-10-06"",""run_id"":""67703a563474423ba5515216f8c494f4""},""join_samples"":{""date"":""2026-10-06"",""run_id"":""d860418d5a004543869e740fe3eaeb7d""}}"
539,139,"-26.257657400000003 , 27.8098193","-26.584900500000003 , 27.809484400000002",urban-urban,urban,3093,"{""sample_routes"":{""date"":""2026-10-06"",""run_id"":""67703a563474423ba5515216f8c494f4""},""join_samples"":{""date"":""2026-10-06"",""run_id"":""d860418d5a004543869e740fe3eaeb7d""}}"
540,140,"-26.368537500000002 , 28.1420032","-26.3692092 , 27.807036200000002",urban-urban,urban,3093,"{""sample_routes"":{""date"":""2026-10-06"",""run_id"":""67703a563474423ba5515216f8c494f4""},""join_samples"":{""date"":""2026-10-06"",""run_id"":""d860418d5a004543869e740fe3eaeb7d""}}"
541,141,"-34.006008 , 18.7069568","-33.7842039 , 18.4847173",urban-urban,urban,3094,"{""sample_routes"":{""date"":""2026-10-06"",""run_id"":""67703a563474423ba5515216f8c494f4""},""join_samples"":{""date"":""2026-10-06"",""run_id"":""d860418d5a004543869e740fe3eaeb7d""}}"
542,142,"-25.695567800000003 , 28.394642500000003","-26.012456200000003 , 28.0782816",urban-urban,urban,3096,"{""sample_routes"":{""date"":""2026-10-06"",""run_id"":""67703a563474423ba5515216f8c494f4""},""join_samples"":{""date"":""2026-10-06"",""run_id"":""d860418d5a004543869e740fe3eaeb7d""}}"
543,143,"-26.3675897 , 28.105180400000002","-25.882527900000003 , 28.1045166",urban-urban,urban,3096,"{""sample_routes"":{""date"":""2026-10-06"",""run_id"":""67703a563474423ba5515216f8c494f4""},""join_samples"":{""date"":""2026-10-06"",""run_id"":""d860418d5a004543869e740fe3eaeb7d""}}"
544,144,"-25.545770200000003 , 28.0309497","-25.824186 , 28.308703",urban-urban,urban,3097,"{""sample_routes"":{""date"":""2026-10-06"",""run_id"":""67703a563474423ba5515216f8c494f4""},""join_samples"":{""date"":""2026-10-06"",""run_id"":""d860418d5a004543869e740fe3eaeb7d""}}"
545,145,"-34.1303429 , 18.8464546","-33.8637475 , 18.5806583",urban-urban,urban,3098,"{""sample_routes"":{""date"":""2026-10-06"",""run_id"":""67703a563474423ba5515216f8c494f4""},""join_samples"":{""date"":""2026-10-06"",""run_id"":""d860418d5a004543869e740fe3eaeb7d""}}"
546,146,"-29.952901400000002 , 30.9253198","-29.685753400000003 , 30.9246698",urban-urban,urban,3099,"{""sample_routes"":{""date"":""2026-10-06"",""run_id"":""67703a563474423ba5515216f8c494f4""},""join_samples"":{""date"":""2026-10-06"",""run_id"":""d860418d5a004543869e740fe3eaeb7d""}}"
547,147,"-33.7899861 , 18.4683582","-34.0765619 , 18.4692013",urban-urban,urban,3103,"{""sample_routes"":{""date"":""2026-10-06"",""run_id"":""67703a563474423ba5515216f8c494f4""},""join_samples"":{""date"":""2026-10-06"",""run_id"":""d860418d5a004543869e740fe3eaeb7d""}}"
548,148,"-30.010953 , 30.800409600000002","-29.8164899 , 30.9945607",rural-urban,urban,3104,"{""sample_routes"":{""date"":""2026-10-06"",""run_id"":""67703a563474423ba5515216f8c494f4""},""join_samples"":{""date"":""2026-10-06"",""run_id"":""d860418d5a004543869e740fe3eaeb7d""}}"
549,149,"-25.784398900000003 , 28.3669949","-25.7847189 , 28.0294986",urban-urban,urban,3105,"{""sample_routes"":{""date"":""2026-10-06"",""run_id"":""67703a563474423ba5515216f8c494f4""},""join_samples"":{""date"":""2026-10-06"",""run_id"":""d860418d5a004543869e740fe3eaeb7d""}}"
550,150,"-26.1791379 , 28.066031000000002","-26.4972308 , 28.3832954",urban-rural,mixed,2698,"{""sample_routes"":{""date"":""2026-10-06"",""run_id"":""67703a563474423ba5515216f8c494f4""},""join_samples"":{""date"":""2026-10-06"",""run_id"":""d860418d5a004543869e740fe3eaeb7d""}}"
551,151,"-26.3596179 , 28.156511300000002","-26.534164 , 28.331912900000003",urban-rural,mixed,2696,"{""sample_routes"":{""date"":""2026-10-06"",""run_id"":""67703a563474423ba5515216f8c494f4""},""join_samples"":{""date"":""2026-10-06"",""run_id"":""d860418d5a004543869e740fe3eaeb7d""}}"
552,152,"-29.170711200000003 , 26.3336562","-29.1715324 , 25.995202300000003",rural-rural,mixed,2707,"{""sample_routes"":{""date"":""2026-10-06"",""run_id"":""67703a563474423ba5515216f8c494f4""},""join_samples"":{""date"":""2026-10-06"",""run_id"":""d860418d5a004543869e740fe3eaeb7d""}}"
553,153,"-26.369045800000002 , 28.389447","-26.3684678 , 28.1173718",urban-urban,mixed,2693,"{""sample_routes"":{""date"":""2026-10-06"",""run_id"":""67703a563474423ba5515216f8c494f4""},""join_samples"":{""date"":""2026-10-06"",""run_id"":""d860418d5a004543869e740fe3eaeb7d""}}"
554,154,"-26.232432000000003 , 27.8737038","-26.420663100000002 , 27.685377900000002",urban-rural,mixed,2709,"{""sample_routes"":{""date"":""2026-10-06"",""run_id"":""67703a563474423ba5515216f8c494f4""},""join_samples"":{""date"":""2026-10-06"",""run_id"":""d860418d5a004543869e740fe3eaeb7d""}}"
555,155,"-33.9558732 , 25.5183502","-33.8102376 , 25.3735122",urban-urban,mixed,2688,"{""sample_routes"":{""date"":""2026-10-06"",""run_id"":""67703a563474423ba5515216f8c494f4""},""join_samples"":{""date"":""2026-10-06"",""run_id"":""d860418d5a004543869e740fe3eaeb7d""}}"
556,156,"-25.4095802 , 31.1693341","-25.409373000000002 , 31.012572300000002",urban-rural,mixed,2714,"{""sample_routes"":{""date"":""2026-10-06"",""run_id"":""67703a563474423ba5515216f8c494f4""},""join_samples"":{""date"":""2026-10-06"",""run_id"":""d860418d5a004543869e740fe3eaeb7d""}}"
557,157,"-26.1045854 , 28.4634807","-26.267354700000002 , 28.6262928",urban-rural,mixed,2717,"{""sample_routes"":{""date"":""2026-10-06"",""run_id"":""67703a563474423ba5515216f8c494f4""},""join_samples"":{""date"":""2026-10-06"",""run_id"":""d860418d5a004543869e740fe3eaeb7d""}}"
558,158,"-26.8841125 , 26.825319500000003","-26.7543383 , 26.695670900000003",urban-urban,mixed,2722,"{""sample_routes"":{""date"":""2026-10-06"",""run_id"":""67703a563474423ba5515216f8c494f4""},""join_samples"":{""date"":""2026-10-06"",""run_id"":""d860418d5a004543869e740fe3eaeb7d""}}"
559,159,"-29.2751564 , 31.192250800000004","-29.0855549 , 31.192933000000004",rural-rural,mixed,2671,"{""sample_routes"":{""date"":""2026-10-06"",""run_id"":""67703a563474423ba5515216f8c494f4""},""join_samples"":{""date"":""2026-10-06"",""run_id"":""d860418d5a004543869e740fe3eaeb7d""}}"
560,160,"-27.9819117 , 26.7126258","-28.147069100000003 , 26.8775307",rural-urban,mixed,2668,"{""sample_routes"":{""date"":""2026-10-06"",""run_id"":""67703a563474423ba5515216f8c494f4""},""join_samples"":{""date"":""2026-10-06"",""run_id"":""d860418d5a004543869e740fe3eaeb7d""}}"
561,161,"-27.420892900000002 , 23.374190900000002","-27.294929900000003 , 23.500987000000002",rural-rural,mixed,2656,"{""sample_routes"":{""date"":""2026-10-06"",""run_id"":""67703a563474423ba5515216f8c494f4""},""join_samples"":{""date"":""2026-10-06"",""run_id"":""d860418d5a004543869e740fe3eaeb7d""}}"
562,162,"-25.682153500000002 , 31.812998500000003","-25.610233800000003 , 31.741205500000003",urban-rural,mixed,2748,"{""sample_routes"":{""date"":""2026-10-06"",""run_id"":""67703a563474423ba5515216f8c494f4""},""join_samples"":{""date"":""2026-10-06"",""run_id"":""d860418d5a004543869e740fe3eaeb7d""}}"
563,163,"-25.7524735 , 27.809057900000003","-25.751775300000002 , 27.335282600000003",rural-rural,mixed,2750,"{""sample_routes"":{""date"":""2026-10-06"",""run_id"":""67703a563474423ba5515216f8c494f4""},""join_samples"":{""date"":""2026-10-06"",""run_id"":""d860418d5a004543869e740fe3eaeb7d""}}"
564,164,"-26.268391400000002 , 27.825754000000003","-26.2688267 , 27.565127800000003",urban-rural,mixed,2752,"{""sample_routes"":{""date"":""2026-10-06"",""run_id"":""67703a563474423ba5515216f8c494f4""},""join_samples"":{""date"":""2026-10-06"",""run_id"":""d860418d5a004543869e740fe3eaeb7d""}}"
565,165,"-25.022598700000003 , 29.526081400000002","-25.021774200000003 , 29.350831200000002",rural-rural,mixed,2644,"{""sample_routes"":{""date"":""2026-10-06"",""run_id"":""67703a563474423ba5515216f8c494f4""},""join_samples"":{""date"":""2026-10-06"",""run_id"":""d860418d5a004543869e740fe3eaeb7d""}}"
566,166,"-33.9454773 , 18.3923424","-33.701025300000005 , 18.6363209",urban-rural,mixed,2761,"{""sample_routes"":{""date"":""2026-10-06"",""run_id"":""67703a563474423ba5515216f8c494f4""},""join_samples"":{""date"":""2026-10-06"",""run_id"":""d860418d5a004543869e740fe3eaeb7d""}}"
567,167,"-25.274465900000003 , 31.233354400000003","-25.422031200000003 , 31.085979000000002",rural-rural,mixed,2762,"{""sample_routes"":{""date"":""2026-10-06"",""run_id"":""67703a563474423ba5515216f8c494f4""},""join_samples"":{""date"":""2026-10-06"",""run_id"":""d860418d5a004543869e740fe3eaeb7d""}}"
568,168,"-28.747570600000003 , 31.8416673","-28.928572000000003 , 31.8409699",rural-rural,mixed,2762,"{""sample_routes"":{""date"":""2026-10-06"",""run_id"":""67703a563474423ba5515216f8c494f4""},""join_samples"":{""date"":""2026-10-06"",""run_id"":""d860418d5a004543869e740fe3eaeb7d""}}"
569,169,"-23.867847400000002 , 29.2190395","-23.7262904 , 29.360090200000002",rural-rural,mixed,2635,"{""sample_routes"":{""date"":""2026-10-06"",""run_id"":""67703a563474423ba5515216f8c494f4""},""join_samples"":{""date"":""2026-10-06"",""run_id"":""d860418d5a004543869e740fe3eaeb7d""}}"
570,170,"-28.478261500000002 , 29.846506100000003","-28.608236700000003 , 29.976295500000003",rural-rural,mixed,2765,"{""sample_routes"":{""date"":""2026-10-06"",""run_id"":""67703a563474423ba5515216f8c494f4""},""join_samples"":{""date"":""2026-10-06"",""run_id"":""d860418d5a004543869e740fe3eaeb7d""}}"
571,171,"-26.4189684 , 27.728245","-26.1930975 , 27.728320900000003",rural-rural,mixed,2768,"{""sample_routes"":{""date"":""2026-10-06"",""run_id"":""67703a563474423ba5515216f8c494f4""},""join_samples"":{""date"":""2026-10-06"",""run_id"":""d860418d5a004543869e740fe3eaeb7d""}}"
572,172,"-25.545861000000002 , 28.336317800000003","-25.8556443 , 28.3359957",rural-rural,mixed,2769,"{""sample_routes"":{""date"":""2026-10-06"",""run_id"":""67703a563474423ba5515216f8c494f4""},""join_samples"":{""date"":""2026-10-06"",""run_id"":""d860418d5a004543869e740fe3eaeb7d""}}"
573,173,"-26.2690267 , 27.8332923","-26.2688267 , 27.565127800000003",urban-rural,mixed,2769,"{""sample_routes"":{""date"":""2026-10-06"",""run_id"":""67703a563474423ba5515216f8c494f4""},""join_samples"":{""date"":""2026-10-06"",""run_id"":""d860418d5a004543869e740fe3eaeb7d""}}"
574,174,"-26.4858185 , 27.8448178","-26.7143349 , 27.6161622",urban-rural,mixed,2617,"{""sample_routes"":{""date"":""2026-10-06"",""run_id"":""67703a563474423ba5515216f8c494f4""},""join_samples"":{""date"":""2026-10-06"",""run_id"":""d860418d5a004543869e740fe3eaeb7d""}}"
575,175,"-31.5731277 , 28.8614809","-31.7499995 , 28.6854422",rural-rural,mixed,2612,"{""sample_routes"":{""date"":""2026-10-06"",""run_id"":""67703a563474423ba5515216f8c494f4""},""join_samples"":{""date"":""2026-10-06"",""run_id"":""d860418d5a004543869e740fe3eaeb7d""}}"
576,176,"-25.659811700000002 , 28.7570741","-25.8810167 , 28.7569687",urban-rural,mixed,2796,"{""sample_routes"":{""date"":""2026-10-06"",""run_id"":""67703a563474423ba5515216f8c494f4""},""join_samples"":{""date"":""2026-10-06"",""run_id"":""d860418d5a004543869e740fe3eaeb7d""}}"
577,177,"-26.5375678 , 28.004121100000003","-26.8078997 , 27.733870900000003",rural-rural,mixed,2603,"{""sample_routes"":{""date"":""2026-10-06"",""run_id"":""67703a563474423ba5515216f8c494f4""},""join_samples"":{""date"":""2026-10-06"",""run_id"":""d860418d5a004543869e740fe3eaeb7d""}}"
578,178,"-24.7627902 , 29.8774669","-24.9179624 , 29.878215200000003",rural-rural,mixed,2600,"{""sample_routes"":{""date"":""2026-10-06"",""run_id"":""67703a563474423ba5515216f8c494f4""},""join_samples"":{""date"":""2026-10-06"",""run_id"":""d860418d5a004543869e740fe3eaeb7d""}}"
579,179,"-32.9014484 , 27.5424232","-32.691756600000005 , 27.542830600000002",urban-rural,mixed,2801,"{""sample_routes"":{""date"":""2026-10-06"",""run_id"":""67703a563474423ba5515216f8c494f4""},""join_samples"":{""date"":""2026-10-06"",""run_id"":""d860418d5a004543869e740fe3eaeb7d""}}"
580,180,"-29.7815504 , 30.6704043","-29.6499573 , 30.8013383",rural-rural,mixed,2801,"{""sample_routes"":{""date"":""2026-10-06"",""run_id"":""67703a563474423ba5515216f8c494f4""},""join_samples"":{""date"":""2026-10-06"",""run_id"":""d860418d5a004543869e740fe3eaeb7d""}}"
581,181,"-26.291867 , 28.4124912","-26.480368700000003 , 28.600848000000003",urban-rural,mixed,2597,"{""sample_routes"":{""date"":""2026-10-06"",""run_id"":""67703a563474423ba5515216f8c494f4""},""join_samples"":{""date"":""2026-10-06"",""run_id"":""d860418d5a004543869e740fe3eaeb7d""}}"
582,182,"-33.8065269 , 18.9517996","-33.5899701 , 18.9509472",rural-rural,mixed,2597,"{""sample_routes"":{""date"":""2026-10-06"",""run_id"":""67703a563474423ba5515216f8c494f4""},""join_samples"":{""date"":""2026-10-06"",""run_id"":""d860418d5a004543869e740fe3eaeb7d""}}"
583,183,"-29.4088202 , 31.244869100000003","-29.209090500000002 , 31.245559800000002",urban-rural,mixed,2595,"{""sample_routes"":{""date"":""2026-10-06"",""run_id"":""67703a563474423ba5515216f8c494f4""},""join_samples"":{""date"":""2026-10-06"",""run_id"":""d860418d5a004543869e740fe3eaeb7d""}}"
584,184,"-29.104412300000003 , 27.197613800000003","-28.9433763 , 27.357935400000002",rural-rural,mixed,2590,"{""sample_routes"":{""date"":""2026-10-06"",""run_id"":""67703a563474423ba5515216f8c494f4""},""join_samples"":{""date"":""2026-10-06"",""run_id"":""d860418d5a004543869e740fe3eaeb7d""}}"
585,185,"-32.9122781 , 27.4530208","-33.0303011 , 27.3351605",rural-rural,mixed,2586,"{""sample_routes"":{""date"":""2026-10-06"",""run_id"":""67703a563474423ba5515216f8c494f4""},""join_samples"":{""date"":""2026-10-06"",""run_id"":""d860418d5a004543869e740fe3eaeb7d""}}"
586,186,"-29.6571336 , 30.848913000000003","-29.773798600000003 , 30.732466600000002",rural-rural,mixed,2818,"{""sample_routes"":{""date"":""2026-10-06"",""run_id"":""67703a563474423ba5515216f8c494f4""},""join_samples"":{""date"":""2026-10-06"",""run_id"":""d860418d5a004543869e740fe3eaeb7d""}}"
587,187,"-31.579253500000004 , 27.942485100000003","-31.6243917 , 27.987098200000002",rural-urban,mixed,2819,"{""sample_routes"":{""date"":""2026-10-06"",""run_id"":""67703a563474423ba5515216f8c494f4""},""join_samples"":{""date"":""2026-10-06"",""run_id"":""d860418d5a004543869e740fe3eaeb7d""}}"
588,188,"-29.2287192 , 26.8459766","-29.3907008 , 26.683417000000002",urban-rural,mixed,2821,"{""sample_routes"":{""date"":""2026-10-06"",""run_id"":""67703a563474423ba5515216f8c494f4""},""join_samples"":{""date"":""2026-10-06"",""run_id"":""d860418d5a004543869e740fe3eaeb7d""}}"
589,189,"-25.804885000000002 , 28.464169400000003","-25.937050900000003 , 28.332016900000003",rural-rural,mixed,2572,"{""sample_routes"":{""date"":""2026-10-06"",""run_id"":""67703a563474423ba5515216f8c494f4""},""join_samples"":{""date"":""2026-10-06"",""run_id"":""d860418d5a004543869e740fe3eaeb7d""}}"
590,190,"-25.9993221 , 28.179079","-26.1581115 , 28.3380049",urban-urban,mixed,2572,"{""sample_routes"":{""date"":""2026-10-06"",""run_id"":""67703a563474423ba5515216f8c494f4""},""join_samples"":{""date"":""2026-10-06"",""run_id"":""d860418d5a004543869e740fe3eaeb7d""}}"
591,191,"-25.131305700000002 , 29.373858000000002","-25.014825300000002 , 29.490748600000003",rural-urban,mixed,2571,"{""sample_routes"":{""date"":""2026-10-06"",""run_id"":""67703a563474423ba5515216f8c494f4""},""join_samples"":{""date"":""2026-10-06"",""run_id"":""d860418d5a004543869e740fe3eaeb7d""}}"
592,192,"-28.6070758 , 30.062724300000003","-28.6065931 , 29.8454681",rural-urban,mixed,2837,"{""sample_routes"":{""date"":""2026-10-06"",""run_id"":""67703a563474423ba5515216f8c494f4""},""join_samples"":{""date"":""2026-10-06"",""run_id"":""d860418d5a004543869e740fe3eaeb7d""}}"
593,193,"-26.718392700000003 , 27.0233561","-26.5832118 , 27.1584097",urban-rural,mixed,2558,"{""sample_routes"":{""date"":""2026-10-06"",""run_id"":""67703a563474423ba5515216f8c494f4""},""join_samples"":{""date"":""2026-10-06"",""run_id"":""d860418d5a004543869e740fe3eaeb7d""}}"
594,194,"-24.7261087 , 29.7448692","-24.927175300000002 , 29.7456095",rural-rural,mixed,2845,"{""sample_routes"":{""date"":""2026-10-06"",""run_id"":""67703a563474423ba5515216f8c494f4""},""join_samples"":{""date"":""2026-10-06"",""run_id"":""d860418d5a004543869e740fe3eaeb7d""}}"
595,195,"-23.8402183 , 29.3156755","-23.627419600000003 , 29.316132800000002",rural-rural,mixed,2848,"{""sample_routes"":{""date"":""2026-10-06"",""run_id"":""67703a563474423ba5515216f8c494f4""},""join_samples"":{""date"":""2026-10-06"",""run_id"":""d860418d5a004543869e740fe3eaeb7d""}}"
596,196,"-29.161754300000002 , 31.4981541","-29.028834800000002 , 31.365778400000004",rural-rural,mixed,2853,"{""sample_routes"":{""date"":""2026-10-06"",""run_id"":""67703a563474423ba5515216f8c494f4""},""join_samples"":{""date"":""2026-10-06"",""run_id"":""d860418d5a004543869e740fe3eaeb7d""}}"
597,197,"-29.828917500000003 , 27.2527928","-29.828202400000002 , 27.024406600000002",urban-rural,mixed,2856,"{""sample_routes"":{""date"":""2026-10-06"",""run_id"":""67703a563474423ba5515216f8c494f4""},""join_samples"":{""date"":""2026-10-06"",""run_id"":""d860418d5a004543869e740fe3eaeb7d""}}"
598,198,"-25.830063600000003 , 29.2150363","-25.9680211 , 29.3536663",rural-rural,mixed,2541,"{""sample_routes"":{""date"":""2026-10-06"",""run_id"":""67703a563474423ba5515216f8c494f4""},""join_samples"":{""date"":""2026-10-06"",""run_id"":""d860418d5a004543869e740fe3eaeb7d""}}"
599,199,"-33.8529247 , 18.711410700000002","-33.5946098 , 18.453737500000003",urban-rural,mixed,2862,"{""sample_routes"":{""date"":""2026-10-06"",""run_id"":""67703a563474423ba5515216f8c494f4""},""join_samples"":{""date"":""2026-10-06"",""run_id"":""d860418d5a004543869e740fe3eaeb7d""}}"
600,200,"-29.2624041 , 26.738735000000002","-29.050378300000002 , 26.950745",urban-rural,mixed,2865,"{""sample_routes"":{""date"":""2026-10-06"",""run_id"":""67703a563474423ba5515216f8c494f4""},""join_samples"":{""date"":""2026-10-06"",""run_id"":""d860418d5a004543869e740fe3eaeb7d""}}"
601,201,"-25.634644400000003 , 27.28779","-25.855648900000002 , 27.2886041",urban-rural,mixed,2532,"{""sample_routes"":{""date"":""2026-10-06"",""run_id"":""67703a563474423ba5515216f8c494f4""},""join_samples"":{""date"":""2026-10-06"",""run_id"":""d860418d5a004543869e740fe3eaeb7d""}}"
602,202,"-25.6535519 , 28.741654500000003","-25.9107121 , 28.7410685",urban-rural,mixed,2876,"{""sample_routes"":{""date"":""2026-10-06"",""run_id"":""67703a563474423ba5515216f8c494f4""},""join_samples"":{""date"":""2026-10-06"",""run_id"":""d860418d5a004543869e740fe3eaeb7d""}}"
603,203,"-29.207311200000003 , 30.448472900000002","-29.028491700000004 , 30.6267661",rural-rural,mixed,2876,"{""sample_routes"":{""date"":""2026-10-06"",""run_id"":""67703a563474423ba5515216f8c494f4""},""join_samples"":{""date"":""2026-10-06"",""run_id"":""d860418d5a004543869e740fe3eaeb7d""}}"
604,204,"-31.639371800000003 , 28.8066606","-31.483771400000002 , 28.962920800000003",urban-rural,mixed,2878,"{""sample_routes"":{""date"":""2026-10-06"",""run_id"":""67703a563474423ba5515216f8c494f4""},""join_samples"":{""date"":""2026-10-06"",""run_id"":""d860418d5a004543869e740fe3eaeb7d""}}"
605,205,"-33.037565 , 27.8000995","-32.893606000000005 , 27.656760100000003",rural-rural,mixed,2517,"{""sample_routes"":{""date"":""2026-10-06"",""run_id"":""67703a563474423ba5515216f8c494f4""},""join_samples"":{""date"":""2026-10-06"",""run_id"":""d860418d5a004543869e740fe3eaeb7d""}}"
606,206,"-26.2605562 , 28.031652200000003","-25.9644437 , 28.3277314",urban-rural,mixed,2883,"{""sample_routes"":{""date"":""2026-10-06"",""run_id"":""67703a563474423ba5515216f8c494f4""},""join_samples"":{""date"":""2026-10-06"",""run_id"":""d860418d5a004543869e740fe3eaeb7d""}}"
607,207,"-26.748081000000003 , 26.544805500000002","-26.917632400000002 , 26.7135344",rural-rural,mixed,2889,"{""sample_routes"":{""date"":""2026-10-06"",""run_id"":""67703a563474423ba5515216f8c494f4""},""join_samples"":{""date"":""2026-10-06"",""run_id"":""d860418d5a004543869e740fe3eaeb7d""}}"
608,208,"-25.772079 , 28.2715023","-25.590843900000003 , 28.4522878",urban-rural,mixed,2509,"{""sample_routes"":{""date"":""2026-10-06"",""run_id"":""67703a563474423ba5515216f8c494f4""},""join_samples"":{""date"":""2026-10-06"",""run_id"":""d860418d5a004543869e740fe3eaeb7d""}}"
609,209,"-31.504169 , 25.012653200000003","-31.822442100000004 , 25.0130486",urban-rural,mixed,2505,"{""sample_routes"":{""date"":""2026-10-06"",""run_id"":""67703a563474423ba5515216f8c494f4""},""join_samples"":{""date"":""2026-10-06"",""run_id"":""d860418d5a004543869e740fe3eaeb7d""}}"
610,210,"-25.739900000000002 , 28.311011200000003","-25.2057597 , 28.311030900000002",urban-rural,mixed,2896,"{""sample_routes"":{""date"":""2026-10-06"",""run_id"":""67703a563474423ba5515216f8c494f4""},""join_samples"":{""date"":""2026-10-06"",""run_id"":""d860418d5a004543869e740fe3eaeb7d""}}"
611,211,"-29.411188600000003 , 27.700191800000002","-29.4106613 , 27.474318800000002",rural-rural,mixed,2501,"{""sample_routes"":{""date"":""2026-10-06"",""run_id"":""67703a563474423ba5515216f8c494f4""},""join_samples"":{""date"":""2026-10-06"",""run_id"":""d860418d5a004543869e740fe3eaeb7d""}}"
612,212,"-25.558846000000003 , 28.204795700000002","-25.7219154 , 28.368681300000002",rural-urban,mixed,2899,"{""sample_routes"":{""date"":""2026-10-06"",""run_id"":""67703a563474423ba5515216f8c494f4""},""join_samples"":{""date"":""2026-10-06"",""run_id"":""d860418d5a004543869e740fe3eaeb7d""}}"
613,213,"-32.958996400000004 , 27.461955900000003","-33.110495900000004 , 27.613673300000002",rural-rural,mixed,2900,"{""sample_routes"":{""date"":""2026-10-06"",""run_id"":""67703a563474423ba5515216f8c494f4""},""join_samples"":{""date"":""2026-10-06"",""run_id"":""d860418d5a004543869e740fe3eaeb7d""}}"
614,214,"-32.9526429 , 27.757660100000003","-32.846731000000005 , 27.864025100000003",urban-rural,mixed,2499,"{""sample_routes"":{""date"":""2026-10-06"",""run_id"":""67703a563474423ba5515216f8c494f4""},""join_samples"":{""date"":""2026-10-06"",""run_id"":""d860418d5a004543869e740fe3eaeb7d""}}"
615,215,"-25.3551347 , 31.141363300000002","-25.5767138 , 31.140950900000004",urban-rural,mixed,2901,"{""sample_routes"":{""date"":""2026-10-06"",""run_id"":""67703a563474423ba5515216f8c494f4""},""join_samples"":{""date"":""2026-10-06"",""run_id"":""d860418d5a004543869e740fe3eaeb7d""}}"
616,216,"-25.3273134 , 31.146362300000003","-25.326654700000002 , 30.941522300000003",urban-rural,mixed,2490,"{""sample_routes"":{""date"":""2026-10-06"",""run_id"":""67703a563474423ba5515216f8c494f4""},""join_samples"":{""date"":""2026-10-06"",""run_id"":""d860418d5a004543869e740fe3eaeb7d""}}"
617,217,"-30.393646500000003 , 29.9176383","-30.263343900000002 , 29.786505100000003",urban-rural,mixed,2913,"{""sample_routes"":{""date"":""2026-10-06"",""run_id"":""67703a563474423ba5515216f8c494f4""},""join_samples"":{""date"":""2026-10-06"",""run_id"":""d860418d5a004543869e740fe3eaeb7d""}}"
618,218,"-26.118227500000003 , 27.754191600000002","-26.437124400000002 , 27.7534537",rural-rural,mixed,2917,"{""sample_routes"":{""date"":""2026-10-06"",""run_id"":""67703a563474423ba5515216f8c494f4""},""join_samples"":{""date"":""2026-10-06"",""run_id"":""d860418d5a004543869e740fe3eaeb7d""}}"
619,219,"-29.5001442 , 27.647560000000002","-29.272094900000003 , 27.4201477",rural-rural,mixed,2917,"{""sample_routes"":{""date"":""2026-10-06"",""run_id"":""67703a563474423ba5515216f8c494f4""},""join_samples"":{""date"":""2026-10-06"",""run_id"":""d860418d5a004543869e740fe3eaeb7d""}}"
620,220,"-29.8072367 , 30.6921503","-29.904144100000003 , 30.6914985",rural-rural,mixed,2920,"{""sample_routes"":{""date"":""2026-10-06"",""run_id"":""67703a563474423ba5515216f8c494f4""},""join_samples"":{""date"":""2026-10-06"",""run_id"":""d860418d5a004543869e740fe3eaeb7d""}}"
621,221,"-26.1016593 , 27.893642200000002","-26.101039800000002 , 27.6576197",urban-rural,mixed,2480,"{""sample_routes"":{""date"":""2026-10-06"",""run_id"":""67703a563474423ba5515216f8c494f4""},""join_samples"":{""date"":""2026-10-06"",""run_id"":""d860418d5a004543869e740fe3eaeb7d""}}"
622,222,"-24.5485858 , 30.3423635","-24.400699300000003 , 30.1952858",rural-rural,mixed,2921,"{""sample_routes"":{""date"":""2026-10-06"",""run_id"":""67703a563474423ba5515216f8c494f4""},""join_samples"":{""date"":""2026-10-06"",""run_id"":""d860418d5a004543869e740fe3eaeb7d""}}"
623,223,"-28.553910400000003 , 28.774250100000003","-28.3924793 , 28.936404000000003",urban-rural,mixed,2479,"{""sample_routes"":{""date"":""2026-10-06"",""run_id"":""67703a563474423ba5515216f8c494f4""},""join_samples"":{""date"":""2026-10-06"",""run_id"":""d860418d5a004543869e740fe3eaeb7d""}}"
624,224,"-29.685004900000003 , 30.224515200000003","-29.5590103 , 30.098928800000003",rural-rural,mixed,2922,"{""sample_routes"":{""date"":""2026-10-06"",""run_id"":""67703a563474423ba5515216f8c494f4""},""join_samples"":{""date"":""2026-10-06"",""run_id"":""d860418d5a004543869e740fe3eaeb7d""}}"
625,225,"-23.739230900000003 , 30.3587142","-23.628834400000002 , 30.249067500000002",rural-rural,mixed,2475,"{""sample_routes"":{""date"":""2026-10-06"",""run_id"":""67703a563474423ba5515216f8c494f4""},""join_samples"":{""date"":""2026-10-06"",""run_id"":""d860418d5a004543869e740fe3eaeb7d""}}"
626,226,"-29.9993526 , 30.856439400000003","-29.898931 , 30.755171500000003",urban-rural,mixed,2473,"{""sample_routes"":{""date"":""2026-10-06"",""run_id"":""67703a563474423ba5515216f8c494f4""},""join_samples"":{""date"":""2026-10-06"",""run_id"":""d860418d5a004543869e740fe3eaeb7d""}}"
627,227,"-30.325973700000002 , 28.783769300000003","-30.182362 , 28.9280492",rural-rural,mixed,2929,"{""sample_routes"":{""date"":""2026-10-06"",""run_id"":""67703a563474423ba5515216f8c494f4""},""join_samples"":{""date"":""2026-10-06"",""run_id"":""d860418d5a004543869e740fe3eaeb7d""}}"
628,228,"-30.730657200000003 , 28.4862976","-30.5643488 , 28.4857088",rural-rural,mixed,2932,"{""sample_routes"":{""date"":""2026-10-06"",""run_id"":""67703a563474423ba5515216f8c494f4""},""join_samples"":{""date"":""2026-10-06"",""run_id"":""d860418d5a004543869e740fe3eaeb7d""}}"
629,229,"-29.896690900000003 , 30.823523700000003","-29.668009400000003 , 30.5955145",urban-rural,mixed,2933,"{""sample_routes"":{""date"":""2026-10-06"",""run_id"":""67703a563474423ba5515216f8c494f4""},""join_samples"":{""date"":""2026-10-06"",""run_id"":""d860418d5a004543869e740fe3eaeb7d""}}"
630,230,"-34.1536076 , 18.8746277","-33.9290557 , 18.875209100000003",urban-urban,mixed,2936,"{""sample_routes"":{""date"":""2026-10-06"",""run_id"":""67703a563474423ba5515216f8c494f4""},""join_samples"":{""date"":""2026-10-06"",""run_id"":""d860418d5a004543869e740fe3eaeb7d""}}"
631,231,"-33.900470600000006 , 25.5370299","-33.901014 , 25.1138449",urban-rural,mixed,2461,"{""sample_routes"":{""date"":""2026-10-06"",""run_id"":""67703a563474423ba5515216f8c494f4""},""join_samples"":{""date"":""2026-10-06"",""run_id"":""d860418d5a004543869e740fe3eaeb7d""}}"
632,232,"-24.7602109 , 29.9050882","-24.8823639 , 30.0266084",rural-urban,mixed,2459,"{""sample_routes"":{""date"":""2026-10-06"",""run_id"":""67703a563474423ba5515216f8c494f4""},""join_samples"":{""date"":""2026-10-06"",""run_id"":""d860418d5a004543869e740fe3eaeb7d""}}"
633,233,"-28.895092 , 24.7606462","-28.597432 , 24.7603498",rural-rural,mixed,2948,"{""sample_routes"":{""date"":""2026-10-06"",""run_id"":""67703a563474423ba5515216f8c494f4""},""join_samples"":{""date"":""2026-10-06"",""run_id"":""d860418d5a004543869e740fe3eaeb7d""}}"
634,234,"-25.9807297 , 28.3567429","-26.2131857 , 28.356415600000002",rural-urban,mixed,2952,"{""sample_routes"":{""date"":""2026-10-06"",""run_id"":""67703a563474423ba5515216f8c494f4""},""join_samples"":{""date"":""2026-10-06"",""run_id"":""d860418d5a004543869e740fe3eaeb7d""}}"
635,235,"-25.050052 , 29.585786000000002","-25.181643700000002 , 29.4539031",rural-rural,mixed,2953,"{""sample_routes"":{""date"":""2026-10-06"",""run_id"":""67703a563474423ba5515216f8c494f4""},""join_samples"":{""date"":""2026-10-06"",""run_id"":""d860418d5a004543869e740fe3eaeb7d""}}"
636,236,"-25.7758632 , 28.3444825","-25.3532298 , 28.3436443",urban-rural,mixed,2953,"{""sample_routes"":{""date"":""2026-10-06"",""run_id"":""67703a563474423ba5515216f8c494f4""},""join_samples"":{""date"":""2026-10-06"",""run_id"":""d860418d5a004543869e740fe3eaeb7d""}}"
637,237,"-29.342869800000003 , 27.5612017","-29.4290452 , 27.6469993",urban-rural,mixed,2447,"{""sample_routes"":{""date"":""2026-10-06"",""run_id"":""67703a563474423ba5515216f8c494f4""},""join_samples"":{""date"":""2026-10-06"",""run_id"":""d860418d5a004543869e740fe3eaeb7d""}}"
638,238,"-26.074075200000003 , 28.674956100000003","-26.3287581 , 28.4195582",urban-urban,mixed,2954,"{""sample_routes"":{""date"":""2026-10-06"",""run_id"":""67703a563474423ba5515216f8c494f4""},""join_samples"":{""date"":""2026-10-06"",""run_id"":""d860418d5a004543869e740fe3eaeb7d""}}"
639,239,"-25.922899800000003 , 25.6751152","-25.7846815 , 25.5373254",rural-rural,mixed,2446,"{""sample_routes"":{""date"":""2026-10-06"",""run_id"":""67703a563474423ba5515216f8c494f4""},""join_samples"":{""date"":""2026-10-06"",""run_id"":""d860418d5a004543869e740fe3eaeb7d""}}"
640,240,"-31.4451129 , 28.854163900000003","-31.6350112 , 28.853305600000002",rural-rural,mixed,2444,"{""sample_routes"":{""date"":""2026-10-06"",""run_id"":""67703a563474423ba5515216f8c494f4""},""join_samples"":{""date"":""2026-10-06"",""run_id"":""d860418d5a004543869e740fe3eaeb7d""}}"
641,241,"-25.5835501 , 27.445929000000003","-25.7509489 , 27.446060000000003",rural-rural,mixed,2443,"{""sample_routes"":{""date"":""2026-10-06"",""run_id"":""67703a563474423ba5515216f8c494f4""},""join_samples"":{""date"":""2026-10-06"",""run_id"":""d860418d5a004543869e740fe3eaeb7d""}}"
642,242,"-24.6205223 , 31.047805800000003","-24.890321 , 31.048597100000002",rural-rural,mixed,2959,"{""sample_routes"":{""date"":""2026-10-06"",""run_id"":""67703a563474423ba5515216f8c494f4""},""join_samples"":{""date"":""2026-10-06"",""run_id"":""d860418d5a004543869e740fe3eaeb7d""}}"
643,243,"-25.7150998 , 28.228833700000003","-25.919192000000002 , 28.432585000000003",urban-rural,mixed,2960,"{""sample_routes"":{""date"":""2026-10-06"",""run_id"":""67703a563474423ba5515216f8c494f4""},""join_samples"":{""date"":""2026-10-06"",""run_id"":""d860418d5a004543869e740fe3eaeb7d""}}"
644,244,"-25.5733907 , 28.073679300000002","-25.7965203 , 27.850084600000002",urban-rural,mixed,2961,"{""sample_routes"":{""date"":""2026-10-06"",""run_id"":""67703a563474423ba5515216f8c494f4""},""join_samples"":{""date"":""2026-10-06"",""run_id"":""d860418d5a004543869e740fe3eaeb7d""}}"
645,245,"-29.841692000000002 , 30.663209900000002","-29.7459409 , 30.7597762",urban-rural,mixed,2438,"{""sample_routes"":{""date"":""2026-10-06"",""run_id"":""67703a563474423ba5515216f8c494f4""},""join_samples"":{""date"":""2026-10-06"",""run_id"":""d860418d5a004543869e740fe3eaeb7d""}}"
646,246,"-25.0140803 , 28.765727400000003","-25.149421500000003 , 28.9006346",rural-urban,mixed,2964,"{""sample_routes"":{""date"":""2026-10-06"",""run_id"":""67703a563474423ba5515216f8c494f4""},""join_samples"":{""date"":""2026-10-06"",""run_id"":""d860418d5a004543869e740fe3eaeb7d""}}"
647,247,"-27.2787693 , 26.9661073","-27.078202800000003 , 26.7655464",rural-rural,mixed,2964,"{""sample_routes"":{""date"":""2026-10-06"",""run_id"":""67703a563474423ba5515216f8c494f4""},""join_samples"":{""date"":""2026-10-06"",""run_id"":""d860418d5a004543869e740fe3eaeb7d""}}"
648,248,"-25.4189304 , 27.841481100000003","-25.5579943 , 27.7024693",urban-rural,mixed,2965,"{""sample_routes"":{""date"":""2026-10-06"",""run_id"":""67703a563474423ba5515216f8c494f4""},""join_samples"":{""date"":""2026-10-06"",""run_id"":""d860418d5a004543869e740fe3eaeb7d""}}"
649,249,"-25.86278 , 25.573421900000003","-25.9962826 , 25.707516700000003",urban-rural,mixed,2428,"{""sample_routes"":{""date"":""2026-10-06"",""run_id"":""67703a563474423ba5515216f8c494f4""},""join_samples"":{""date"":""2026-10-06"",""run_id"":""d860418d5a004543869e740fe3eaeb7d""}}"
650,250,"-23.550420000000003 , 30.403479200000003","-23.672730400000003 , 30.281683800000003",rural-urban,mixed,2428,"{""sample_routes"":{""date"":""2026-10-06"",""run_id"":""67703a563474423ba5515216f8c494f4""},""join_samples"":{""date"":""2026-10-06"",""run_id"":""d860418d5a004543869e740fe3eaeb7d""}}"
651,251,"-25.785947 , 29.108871800000003","-25.7859319 , 28.723571800000002",rural-urban,mixed,2973,"{""sample_routes"":{""date"":""2026-10-06"",""run_id"":""67703a563474423ba5515216f8c494f4""},""join_samples"":{""date"":""2026-10-06"",""run_id"":""d860418d5a004543869e740fe3eaeb7d""}}"
652,252,"-26.117589600000002 , 28.042227200000003","-25.9381701 , 28.042694400000002",urban-rural,mixed,2425,"{""sample_routes"":{""date"":""2026-10-06"",""run_id"":""67703a563474423ba5515216f8c494f4""},""join_samples"":{""date"":""2026-10-06"",""run_id"":""d860418d5a004543869e740fe3eaeb7d""}}"
653,253,"-28.1457352 , 26.8838185","-27.8234189 , 26.883903",urban-rural,mixed,2979,"{""sample_routes"":{""date"":""2026-10-06"",""run_id"":""67703a563474423ba5515216f8c494f4""},""join_samples"":{""date"":""2026-10-06"",""run_id"":""d860418d5a004543869e740fe3eaeb7d""}}"
654,254,"-34.0598112 , 18.855476200000002","-34.248624400000004 , 18.854855800000003",urban-rural,mixed,2984,"{""sample_routes"":{""date"":""2026-10-06"",""run_id"":""67703a563474423ba5515216f8c494f4""},""join_samples"":{""date"":""2026-10-06"",""run_id"":""d860418d5a004543869e740fe3eaeb7d""}}"
655,255,"-25.6037146 , 27.2431668","-25.859296 , 27.242333300000002",urban-rural,mixed,2997,"{""sample_routes"":{""date"":""2026-10-06"",""run_id"":""67703a563474423ba5515216f8c494f4""},""join_samples"":{""date"":""2026-10-06"",""run_id"":""d860418d5a004543869e740fe3eaeb7d""}}"
656,256,"-28.888436600000002 , 31.729046500000003","-28.757515700000003 , 31.860567500000002",rural-urban,mixed,2998,"{""sample_routes"":{""date"":""2026-10-06"",""run_id"":""67703a563474423ba5515216f8c494f4""},""join_samples"":{""date"":""2026-10-06"",""run_id"":""d860418d5a004543869e740fe3eaeb7d""}}"
657,257,"-29.6383091 , 30.3194607","-29.8337314 , 30.514778500000002",urban-rural,mixed,3002,"{""sample_routes"":{""date"":""2026-10-06"",""run_id"":""67703a563474423ba5515216f8c494f4""},""join_samples"":{""date"":""2026-10-06"",""run_id"":""d860418d5a004543869e740fe3eaeb7d""}}"
658,258,"-29.3637909 , 31.2570684","-29.363952 , 31.1068348",urban-rural,mixed,2398,"{""sample_routes"":{""date"":""2026-10-06"",""run_id"":""67703a563474423ba5515216f8c494f4""},""join_samples"":{""date"":""2026-10-06"",""run_id"":""d860418d5a004543869e740fe3eaeb7d""}}"
659,259,"-29.638383100000002 , 31.1235035","-29.8575707 , 30.9044324",rural-rural,mixed,2398,"{""sample_routes"":{""date"":""2026-10-06"",""run_id"":""67703a563474423ba5515216f8c494f4""},""join_samples"":{""date"":""2026-10-06"",""run_id"":""d860418d5a004543869e740fe3eaeb7d""}}"
660,260,"-29.175475400000003 , 31.4961914","-29.010662000000004 , 31.330672900000003",rural-rural,mixed,3003,"{""sample_routes"":{""date"":""2026-10-06"",""run_id"":""67703a563474423ba5515216f8c494f4""},""join_samples"":{""date"":""2026-10-06"",""run_id"":""d860418d5a004543869e740fe3eaeb7d""}}"
661,261,"-31.5379958 , 28.939764200000003","-31.5385947 , 28.66872",rural-rural,mixed,3005,"{""sample_routes"":{""date"":""2026-10-06"",""run_id"":""67703a563474423ba5515216f8c494f4""},""join_samples"":{""date"":""2026-10-06"",""run_id"":""d860418d5a004543869e740fe3eaeb7d""}}"
662,262,"-29.6683473 , 30.321408","-29.836480400000003 , 30.320948700000002",urban-rural,mixed,2395,"{""sample_routes"":{""date"":""2026-10-06"",""run_id"":""67703a563474423ba5515216f8c494f4""},""join_samples"":{""date"":""2026-10-06"",""run_id"":""d860418d5a004543869e740fe3eaeb7d""}}"
663,263,"-26.3673287 , 27.796496400000002","-26.1720092 , 27.796076000000003",urban-urban,mixed,2394,"{""sample_routes"":{""date"":""2026-10-06"",""run_id"":""67703a563474423ba5515216f8c494f4""},""join_samples"":{""date"":""2026-10-06"",""run_id"":""d860418d5a004543869e740fe3eaeb7d""}}"
664,264,"-29.362664100000003 , 31.2590459","-29.188708700000003 , 31.0856652",urban-rural,mixed,3006,"{""sample_routes"":{""date"":""2026-10-06"",""run_id"":""67703a563474423ba5515216f8c494f4""},""join_samples"":{""date"":""2026-10-06"",""run_id"":""d860418d5a004543869e740fe3eaeb7d""}}"
665,265,"-27.9661276 , 26.8283726","-27.754112900000003 , 26.616533500000003",urban-rural,mixed,3007,"{""sample_routes"":{""date"":""2026-10-06"",""run_id"":""67703a563474423ba5515216f8c494f4""},""join_samples"":{""date"":""2026-10-06"",""run_id"":""d860418d5a004543869e740fe3eaeb7d""}}"
666,266,"-26.416618600000003 , 27.836849500000003","-26.4165291 , 27.581451700000002",urban-rural,mixed,3009,"{""sample_routes"":{""date"":""2026-10-06"",""run_id"":""67703a563474423ba5515216f8c494f4""},""join_samples"":{""date"":""2026-10-06"",""run_id"":""d860418d5a004543869e740fe3eaeb7d""}}"
667,267,"-29.4557475 , 30.1288747","-29.6835543 , 30.356820000000003",rural-urban,mixed,3010,"{""sample_routes"":{""date"":""2026-10-06"",""run_id"":""67703a563474423ba5515216f8c494f4""},""join_samples"":{""date"":""2026-10-06"",""run_id"":""d860418d5a004543869e740fe3eaeb7d""}}"
668,268,"-29.567205 , 30.970182700000002","-29.647694100000002 , 30.970370300000003",rural-urban,mixed,2390,"{""sample_routes"":{""date"":""2026-10-06"",""run_id"":""67703a563474423ba5515216f8c494f4""},""join_samples"":{""date"":""2026-10-06"",""run_id"":""d860418d5a004543869e740fe3eaeb7d""}}"
669,269,"-26.2638545 , 28.240447000000003","-26.4448541 , 28.4220238",urban-rural,mixed,2389,"{""sample_routes"":{""date"":""2026-10-06"",""run_id"":""67703a563474423ba5515216f8c494f4""},""join_samples"":{""date"":""2026-10-06"",""run_id"":""d860418d5a004543869e740fe3eaeb7d""}}"
670,270,"-25.6589734 , 28.1071777","-25.8775489 , 27.888962900000003",urban-rural,mixed,3011,"{""sample_routes"":{""date"":""2026-10-06"",""run_id"":""67703a563474423ba5515216f8c494f4""},""join_samples"":{""date"":""2026-10-06"",""run_id"":""d860418d5a004543869e740fe3eaeb7d""}}"
671,271,"-24.8673822 , 29.7658172","-24.7005164 , 29.764975000000003",rural-rural,mixed,2385,"{""sample_routes"":{""date"":""2026-10-06"",""run_id"":""67703a563474423ba5515216f8c494f4""},""join_samples"":{""date"":""2026-10-06"",""run_id"":""d860418d5a004543869e740fe3eaeb7d""}}"
672,272,"-29.9162408 , 30.8262949","-29.728700600000003 , 30.8261186",urban-rural,mixed,3017,"{""sample_routes"":{""date"":""2026-10-06"",""run_id"":""67703a563474423ba5515216f8c494f4""},""join_samples"":{""date"":""2026-10-06"",""run_id"":""d860418d5a004543869e740fe3eaeb7d""}}"
673,273,"-22.9460206 , 30.611075200000002","-23.1056315 , 30.4517132",rural-rural,mixed,3019,"{""sample_routes"":{""date"":""2026-10-06"",""run_id"":""67703a563474423ba5515216f8c494f4""},""join_samples"":{""date"":""2026-10-06"",""run_id"":""d860418d5a004543869e740fe3eaeb7d""}}"
674,274,"-26.413892500000003 , 28.1351739","-26.7537276 , 27.7959654",urban-rural,mixed,3020,"{""sample_routes"":{""date"":""2026-10-06"",""run_id"":""67703a563474423ba5515216f8c494f4""},""join_samples"":{""date"":""2026-10-06"",""run_id"":""d860418d5a004543869e740fe3eaeb7d""}}"
675,275,"-29.670770800000003 , 30.8885147","-29.7370154 , 30.8223729",rural-rural,mixed,2378,"{""sample_routes"":{""date"":""2026-10-06"",""run_id"":""67703a563474423ba5515216f8c494f4""},""join_samples"":{""date"":""2026-10-06"",""run_id"":""d860418d5a004543869e740fe3eaeb7d""}}"
676,276,"-25.8463871 , 28.0976059","-25.723503200000003 , 27.9752107",rural-rural,mixed,3022,"{""sample_routes"":{""date"":""2026-10-06"",""run_id"":""67703a563474423ba5515216f8c494f4""},""join_samples"":{""date"":""2026-10-06"",""run_id"":""d860418d5a004543869e740fe3eaeb7d""}}"
677,277,"-33.715177100000005 , 18.9975755","-33.5618423 , 18.844657400000003",urban-rural,mixed,2371,"{""sample_routes"":{""date"":""2026-10-06"",""run_id"":""67703a563474423ba5515216f8c494f4""},""join_samples"":{""date"":""2026-10-06"",""run_id"":""d860418d5a004543869e740fe3eaeb7d""}}"
678,278,"-26.7598157 , 27.116749600000002","-26.623177300000002 , 27.2525431",rural-rural,mixed,2370,"{""sample_routes"":{""date"":""2026-10-06"",""run_id"":""67703a563474423ba5515216f8c494f4""},""join_samples"":{""date"":""2026-10-06"",""run_id"":""d860418d5a004543869e740fe3eaeb7d""}}"
679,279,"-25.6959397 , 31.4991452","-25.807404700000003 , 31.611367400000002",urban-rural,mixed,2361,"{""sample_routes"":{""date"":""2026-10-06"",""run_id"":""67703a563474423ba5515216f8c494f4""},""join_samples"":{""date"":""2026-10-06"",""run_id"":""d860418d5a004543869e740fe3eaeb7d""}}"
680,280,"-26.1374202 , 27.8575777","-25.882454000000003 , 28.1124124",urban-urban,mixed,3040,"{""sample_routes"":{""date"":""2026-10-06"",""run_id"":""67703a563474423ba5515216f8c494f4""},""join_samples"":{""date"":""2026-10-06"",""run_id"":""d860418d5a004543869e740fe3eaeb7d""}}"
681,281,"-25.7028581 , 27.963533700000003","-25.534334 , 27.9632615",rural-urban,mixed,3043,"{""sample_routes"":{""date"":""2026-10-06"",""run_id"":""67703a563474423ba5515216f8c494f4""},""join_samples"":{""date"":""2026-10-06"",""run_id"":""d860418d5a004543869e740fe3eaeb7d""}}"
682,282,"-29.9215726 , 30.899469600000003","-29.719167900000002 , 30.697670400000003",urban-rural,mixed,3047,"{""sample_routes"":{""date"":""2026-10-06"",""run_id"":""67703a563474423ba5515216f8c494f4""},""join_samples"":{""date"":""2026-10-06"",""run_id"":""d860418d5a004543869e740fe3eaeb7d""}}"
683,283,"-29.684381700000003 , 30.841905800000003","-29.886011600000003 , 30.842532600000002",rural-urban,mixed,3055,"{""sample_routes"":{""date"":""2026-10-06"",""run_id"":""67703a563474423ba5515216f8c494f4""},""join_samples"":{""date"":""2026-10-06"",""run_id"":""d860418d5a004543869e740fe3eaeb7d""}}"
684,284,"-28.908728800000002 , 28.071136600000003","-28.738301600000003 , 28.240914500000002",rural-rural,mixed,3063,"{""sample_routes"":{""date"":""2026-10-06"",""run_id"":""67703a563474423ba5515216f8c494f4""},""join_samples"":{""date"":""2026-10-06"",""run_id"":""d860418d5a004543869e740fe3eaeb7d""}}"
685,285,"-29.3622356 , 27.482126800000003","-29.1486972 , 27.695199600000002",urban-rural,mixed,3066,"{""sample_routes"":{""date"":""2026-10-06"",""run_id"":""67703a563474423ba5515216f8c494f4""},""join_samples"":{""date"":""2026-10-06"",""run_id"":""d860418d5a004543869e740fe3eaeb7d""}}"
686,286,"-29.7277945 , 30.9208268","-29.5993135 , 30.792378900000003",urban-rural,mixed,3068,"{""sample_routes"":{""date"":""2026-10-06"",""run_id"":""67703a563474423ba5515216f8c494f4""},""join_samples"":{""date"":""2026-10-06"",""run_id"":""d860418d5a004543869e740fe3eaeb7d""}}"
687,287,"-25.757305000000002 , 28.193573400000002","-26.0844948 , 27.866212100000002",urban-urban,mixed,3072,"{""sample_routes"":{""date"":""2026-10-06"",""run_id"":""67703a563474423ba5515216f8c494f4""},""join_samples"":{""date"":""2026-10-06"",""run_id"":""d860418d5a004543869e740fe3eaeb7d""}}"
688,288,"-32.892404400000004 , 27.3216274","-32.7248438 , 27.488896",rural-rural,mixed,2324,"{""sample_routes"":{""date"":""2026-10-06"",""run_id"":""67703a563474423ba5515216f8c494f4""},""join_samples"":{""date"":""2026-10-06"",""run_id"":""d860418d5a004543869e740fe3eaeb7d""}}"
689,289,"-25.056704900000003 , 29.6663287","-24.941070500000002 , 29.5499155",rural-rural,mixed,2321,"{""sample_routes"":{""date"":""2026-10-06"",""run_id"":""67703a563474423ba5515216f8c494f4""},""join_samples"":{""date"":""2026-10-06"",""run_id"":""d860418d5a004543869e740fe3eaeb7d""}}"
690,290,"-28.5336943 , 24.5042572","-28.7672044 , 24.7374778",urban-rural,mixed,3080,"{""sample_routes"":{""date"":""2026-10-06"",""run_id"":""67703a563474423ba5515216f8c494f4""},""join_samples"":{""date"":""2026-10-06"",""run_id"":""d860418d5a004543869e740fe3eaeb7d""}}"
691,291,"-29.5956277 , 30.832892500000003","-29.7268867 , 30.963738000000003",rural-urban,mixed,3082,"{""sample_routes"":{""date"":""2026-10-06"",""run_id"":""67703a563474423ba5515216f8c494f4""},""join_samples"":{""date"":""2026-10-06"",""run_id"":""d860418d5a004543869e740fe3eaeb7d""}}"
692,292,"-25.440528 , 27.832183200000003","-25.578921100000002 , 27.693510000000003",urban-rural,mixed,3083,"{""sample_routes"":{""date"":""2026-10-06"",""run_id"":""67703a563474423ba5515216f8c494f4""},""join_samples"":{""date"":""2026-10-06"",""run_id"":""d860418d5a004543869e740fe3eaeb7d""}}"
693,293,"-28.7208851 , 31.5161987","-28.9118503 , 31.5157494",rural-rural,mixed,2315,"{""sample_routes"":{""date"":""2026-10-06"",""run_id"":""67703a563474423ba5515216f8c494f4""},""join_samples"":{""date"":""2026-10-06"",""run_id"":""d860418d5a004543869e740fe3eaeb7d""}}"
694,294,"-26.363050400000002 , 28.1856729","-26.680383900000002 , 27.867685100000003",urban-urban,mixed,3085,"{""sample_routes"":{""date"":""2026-10-06"",""run_id"":""67703a563474423ba5515216f8c494f4""},""join_samples"":{""date"":""2026-10-06"",""run_id"":""d860418d5a004543869e740fe3eaeb7d""}}"
695,295,"-25.5941453 , 28.041312400000002","-25.3956713 , 28.238978300000003",urban-urban,mixed,3086,"{""sample_routes"":{""date"":""2026-10-06"",""run_id"":""67703a563474423ba5515216f8c494f4""},""join_samples"":{""date"":""2026-10-06"",""run_id"":""d860418d5a004543869e740fe3eaeb7d""}}"
696,296,"-28.6480974 , 31.9549786","-28.7741511 , 31.8284279",rural-urban,mixed,2313,"{""sample_routes"":{""date"":""2026-10-06"",""run_id"":""67703a563474423ba5515216f8c494f4""},""join_samples"":{""date"":""2026-10-06"",""run_id"":""d860418d5a004543869e740fe3eaeb7d""}}"
697,297,"-28.8866072 , 31.9403511","-28.885892100000003 , 31.7377304",urban-rural,mixed,2303,"{""sample_routes"":{""date"":""2026-10-06"",""run_id"":""67703a563474423ba5515216f8c494f4""},""join_samples"":{""date"":""2026-10-06"",""run_id"":""d860418d5a004543869e740fe3eaeb7d""}}"
698,298,"-25.866369600000002 , 29.198235200000003","-26.077308700000003 , 29.197579500000003",urban-rural,mixed,2301,"{""sample_routes"":{""date"":""2026-10-06"",""run_id"":""67703a563474423ba5515216f8c494f4""},""join_samples"":{""date"":""2026-10-06"",""run_id"":""d860418d5a004543869e740fe3eaeb7d""}}"
699,299,"-25.775472200000003 , 28.0304226","-26.024689600000002 , 28.030412000000002",urban-urban,mixed,3101,"{""sample_routes"":{""date"":""2026-10-06"",""run_id"":""67703a563474423ba5515216f8c494f4""},""join_samples"":{""date"":""2026-10-06"",""run_id"":""d860418d5a004543869e740fe3eaeb7d""}}"
700,300,"-31.913776900000002 , 27.888917300000003","-31.713327900000003 , 27.8885605",rural-rural,rural,2700,"{""sample_routes"":{""date"":""2026-10-06"",""run_id"":""67703a563474423ba5515216f8c494f4""},""join_samples"":{""date"":""2026-10-06"",""run_id"":""d860418d5a004543869e740fe3eaeb7d""}}"
701,301,"-26.921284900000003 , 27.4237676","-26.718653500000002 , 27.424306400000003",rural-rural,rural,2698,"{""sample_routes"":{""date"":""2026-10-06"",""run_id"":""67703a563474423ba5515216f8c494f4""},""join_samples"":{""date"":""2026-10-06"",""run_id"":""d860418d5a004543869e740fe3eaeb7d""}}"
702,302,"-25.9508 , 29.9572307","-25.950814400000002 , 29.7090375",rural-rural,rural,2697,"{""sample_routes"":{""date"":""2026-10-06"",""run_id"":""67703a563474423ba5515216f8c494f4""},""join_samples"":{""date"":""2026-10-06"",""run_id"":""d860418d5a004543869e740fe3eaeb7d""}}"
703,303,"-33.2117931 , 27.5015299","-33.0744975 , 27.638616300000002",rural-rural,rural,2690,"{""sample_routes"":{""date"":""2026-10-06"",""run_id"":""67703a563474423ba5515216f8c494f4""},""join_samples"":{""date"":""2026-10-06"",""run_id"":""d860418d5a004543869e740fe3eaeb7d""}}"
704,304,"-28.591330600000003 , 26.067053700000002","-28.7428525 , 25.9156845",rural-rural,rural,2712,"{""sample_routes"":{""date"":""2026-10-06"",""run_id"":""67703a563474423ba5515216f8c494f4""},""join_samples"":{""date"":""2026-10-06"",""run_id"":""d860418d5a004543869e740fe3eaeb7d""}}"
705,305,"-28.8139116 , 31.8589823","-28.597162500000003 , 32.0759692",rural-rural,rural,2713,"{""sample_routes"":{""date"":""2026-10-06"",""run_id"":""67703a563474423ba5515216f8c494f4""},""join_samples"":{""date"":""2026-10-06"",""run_id"":""d860418d5a004543869e740fe3eaeb7d""}}"
706,306,"-28.1752368 , 30.6221098","-28.3139022 , 30.482798000000003",rural-rural,rural,2715,"{""sample_routes"":{""date"":""2026-10-06"",""run_id"":""67703a563474423ba5515216f8c494f4""},""join_samples"":{""date"":""2026-10-06"",""run_id"":""d860418d5a004543869e740fe3eaeb7d""}}"
707,307,"-28.7437967 , 31.190121200000004","-28.6200425 , 31.0661281",rural-rural,rural,2715,"{""sample_routes"":{""date"":""2026-10-06"",""run_id"":""67703a563474423ba5515216f8c494f4""},""join_samples"":{""date"":""2026-10-06"",""run_id"":""d860418d5a004543869e740fe3eaeb7d""}}"
708,308,"-24.549039 , 29.899314200000003","-24.406925400000002 , 29.757438",rural-rural,rural,2719,"{""sample_routes"":{""date"":""2026-10-06"",""run_id"":""67703a563474423ba5515216f8c494f4""},""join_samples"":{""date"":""2026-10-06"",""run_id"":""d860418d5a004543869e740fe3eaeb7d""}}"
709,309,"-29.033761900000002 , 24.641802900000002","-29.2359353 , 24.6415669",rural-rural,rural,2680,"{""sample_routes"":{""date"":""2026-10-06"",""run_id"":""67703a563474423ba5515216f8c494f4""},""join_samples"":{""date"":""2026-10-06"",""run_id"":""d860418d5a004543869e740fe3eaeb7d""}}"
710,310,"-24.3649512 , 30.1195738","-24.518325500000003 , 30.120123600000003",rural-rural,rural,2680,"{""sample_routes"":{""date"":""2026-10-06"",""run_id"":""67703a563474423ba5515216f8c494f4""},""join_samples"":{""date"":""2026-10-06"",""run_id"":""d860418d5a004543869e740fe3eaeb7d""}}"
711,311,"-25.1467548 , 29.099494800000002","-24.9461595 , 29.299326100000002",rural-rural,rural,2721,"{""sample_routes"":{""date"":""2026-10-06"",""run_id"":""67703a563474423ba5515216f8c494f4""},""join_samples"":{""date"":""2026-10-06"",""run_id"":""d860418d5a004543869e740fe3eaeb7d""}}"
712,312,"-27.131541700000003 , 32.0213753","-27.281604 , 32.1707166",rural-rural,rural,2731,"{""sample_routes"":{""date"":""2026-10-06"",""run_id"":""67703a563474423ba5515216f8c494f4""},""join_samples"":{""date"":""2026-10-06"",""run_id"":""d860418d5a004543869e740fe3eaeb7d""}}"
713,313,"-28.1899541 , 32.2732455","-27.860060700000002 , 32.2728807",rural-rural,rural,2733,"{""sample_routes"":{""date"":""2026-10-06"",""run_id"":""67703a563474423ba5515216f8c494f4""},""join_samples"":{""date"":""2026-10-06"",""run_id"":""d860418d5a004543869e740fe3eaeb7d""}}"
714,314,"-23.179219200000002 , 29.080062100000003","-23.340951800000003 , 29.2423627",rural-urban,rural,2735,"{""sample_routes"":{""date"":""2026-10-06"",""run_id"":""67703a563474423ba5515216f8c494f4""},""join_samples"":{""date"":""2026-10-06"",""run_id"":""d860418d5a004543869e740fe3eaeb7d""}}"
715,315,"-23.106237800000002 , 30.186144900000002","-22.9936617 , 30.073680000000003",rural-rural,rural,2745,"{""sample_routes"":{""date"":""2026-10-06"",""run_id"":""67703a563474423ba5515216f8c494f4""},""join_samples"":{""date"":""2026-10-06"",""run_id"":""d860418d5a004543869e740fe3eaeb7d""}}"
716,316,"-29.385545200000003 , 30.9098116","-29.3849598 , 30.703650300000003",rural-rural,rural,2758,"{""sample_routes"":{""date"":""2026-10-06"",""run_id"":""67703a563474423ba5515216f8c494f4""},""join_samples"":{""date"":""2026-10-06"",""run_id"":""d860418d5a004543869e740fe3eaeb7d""}}"
717,317,"-29.650989900000003 , 29.8978007","-29.7560627 , 30.002462200000004",rural-rural,rural,2758,"{""sample_routes"":{""date"":""2026-10-06"",""run_id"":""67703a563474423ba5515216f8c494f4""},""join_samples"":{""date"":""2026-10-06"",""run_id"":""d860418d5a004543869e740fe3eaeb7d""}}"
718,318,"-23.810954000000002 , 30.9831557","-23.6776875 , 30.850542500000003",rural-rural,rural,2758,"{""sample_routes"":{""date"":""2026-10-06"",""run_id"":""67703a563474423ba5515216f8c494f4""},""join_samples"":{""date"":""2026-10-06"",""run_id"":""d860418d5a004543869e740fe3eaeb7d""}}"
719,319,"-30.275218400000004 , 28.7806378","-30.275004300000003 , 28.563270000000003",urban-rural,rural,2638,"{""sample_routes"":{""date"":""2026-10-06"",""run_id"":""67703a563474423ba5515216f8c494f4""},""join_samples"":{""date"":""2026-10-06"",""run_id"":""d860418d5a004543869e740fe3eaeb7d""}}"
720,320,"-24.2761317 , 30.149506600000002","-24.383055000000002 , 30.0424924",rural-rural,rural,2636,"{""sample_routes"":{""date"":""2026-10-06"",""run_id"":""67703a563474423ba5515216f8c494f4""},""join_samples"":{""date"":""2026-10-06"",""run_id"":""d860418d5a004543869e740fe3eaeb7d""}}"
721,321,"-28.190454300000003 , 31.896473200000003","-28.3095952 , 31.895711700000003",rural-rural,rural,2629,"{""sample_routes"":{""date"":""2026-10-06"",""run_id"":""67703a563474423ba5515216f8c494f4""},""join_samples"":{""date"":""2026-10-06"",""run_id"":""d860418d5a004543869e740fe3eaeb7d""}}"
722,322,"-26.0184868 , 27.874644300000003","-25.872952100000003 , 27.729472100000002",rural-rural,rural,2781,"{""sample_routes"":{""date"":""2026-10-06"",""run_id"":""67703a563474423ba5515216f8c494f4""},""join_samples"":{""date"":""2026-10-06"",""run_id"":""d860418d5a004543869e740fe3eaeb7d""}}"
723,323,"-27.795535800000003 , 32.025243","-27.5876379 , 32.0244323",rural-rural,rural,2615,"{""sample_routes"":{""date"":""2026-10-06"",""run_id"":""67703a563474423ba5515216f8c494f4""},""join_samples"":{""date"":""2026-10-06"",""run_id"":""d860418d5a004543869e740fe3eaeb7d""}}"
724,324,"-23.9349744 , 29.1281596","-23.715563200000002 , 29.1289751",rural-rural,rural,2789,"{""sample_routes"":{""date"":""2026-10-06"",""run_id"":""67703a563474423ba5515216f8c494f4""},""join_samples"":{""date"":""2026-10-06"",""run_id"":""d860418d5a004543869e740fe3eaeb7d""}}"
725,325,"-26.518864100000002 , 25.1354393","-26.6843761 , 24.9702179",rural-rural,rural,2790,"{""sample_routes"":{""date"":""2026-10-06"",""run_id"":""67703a563474423ba5515216f8c494f4""},""join_samples"":{""date"":""2026-10-06"",""run_id"":""d860418d5a004543869e740fe3eaeb7d""}}"
726,326,"-30.906445400000003 , 29.1074717","-30.907154300000002 , 28.912636000000003",rural-rural,rural,2792,"{""sample_routes"":{""date"":""2026-10-06"",""run_id"":""67703a563474423ba5515216f8c494f4""},""join_samples"":{""date"":""2026-10-06"",""run_id"":""d860418d5a004543869e740fe3eaeb7d""}}"
727,327,"-32.395827600000004 , 28.0698055","-32.201362700000004 , 28.070240700000003",rural-rural,rural,2796,"{""sample_routes"":{""date"":""2026-10-06"",""run_id"":""67703a563474423ba5515216f8c494f4""},""join_samples"":{""date"":""2026-10-06"",""run_id"":""d860418d5a004543869e740fe3eaeb7d""}}"
728,328,"-32.1623645 , 28.364266500000003","-31.918601300000002 , 28.364473",rural-rural,rural,2801,"{""sample_routes"":{""date"":""2026-10-06"",""run_id"":""67703a563474423ba5515216f8c494f4""},""join_samples"":{""date"":""2026-10-06"",""run_id"":""d860418d5a004543869e740fe3eaeb7d""}}"
729,329,"-29.642795000000003 , 30.241941500000003","-29.769160300000003 , 30.115983000000003",rural-rural,rural,2807,"{""sample_routes"":{""date"":""2026-10-06"",""run_id"":""67703a563474423ba5515216f8c494f4""},""join_samples"":{""date"":""2026-10-06"",""run_id"":""d860418d5a004543869e740fe3eaeb7d""}}"
730,330,"-31.003304600000003 , 29.376003200000003","-30.9734325 , 29.346134300000003",rural-rural,rural,2807,"{""sample_routes"":{""date"":""2026-10-06"",""run_id"":""67703a563474423ba5515216f8c494f4""},""join_samples"":{""date"":""2026-10-06"",""run_id"":""d860418d5a004543869e740fe3eaeb7d""}}"
731,331,"-30.198288100000003 , 24.30673","-30.396209900000002 , 24.504054",rural-rural,rural,2592,"{""sample_routes"":{""date"":""2026-10-06"",""run_id"":""67703a563474423ba5515216f8c494f4""},""join_samples"":{""date"":""2026-10-06"",""run_id"":""d860418d5a004543869e740fe3eaeb7d""}}"
732,332,"-22.975378600000003 , 30.4799165","-23.1933946 , 30.479497900000002",urban-rural,rural,2808,"{""sample_routes"":{""date"":""2026-10-06"",""run_id"":""67703a563474423ba5515216f8c494f4""},""join_samples"":{""date"":""2026-10-06"",""run_id"":""d860418d5a004543869e740fe3eaeb7d""}}"
733,333,"-25.917993000000003 , 29.180225300000004","-26.1491806 , 29.1795963",rural-rural,rural,2585,"{""sample_routes"":{""date"":""2026-10-06"",""run_id"":""67703a563474423ba5515216f8c494f4""},""join_samples"":{""date"":""2026-10-06"",""run_id"":""d860418d5a004543869e740fe3eaeb7d""}}"
734,334,"-26.450263500000002 , 27.6477639","-26.6117092 , 27.8085382",rural-urban,rural,2817,"{""sample_routes"":{""date"":""2026-10-06"",""run_id"":""67703a563474423ba5515216f8c494f4""},""join_samples"":{""date"":""2026-10-06"",""run_id"":""d860418d5a004543869e740fe3eaeb7d""}}"
735,335,"-31.895508500000002 , 28.057128000000002","-31.802979200000003 , 28.1503951",rural-rural,rural,2577,"{""sample_routes"":{""date"":""2026-10-06"",""run_id"":""67703a563474423ba5515216f8c494f4""},""join_samples"":{""date"":""2026-10-06"",""run_id"":""d860418d5a004543869e740fe3eaeb7d""}}"
736,336,"-26.9622069 , 23.967195200000003","-26.803704300000003 , 23.808345300000003",rural-rural,rural,2823,"{""sample_routes"":{""date"":""2026-10-06"",""run_id"":""67703a563474423ba5515216f8c494f4""},""join_samples"":{""date"":""2026-10-06"",""run_id"":""d860418d5a004543869e740fe3eaeb7d""}}"
737,337,"-31.914410200000003 , 23.4133597","-32.0977428 , 23.4127182",rural-rural,rural,2576,"{""sample_routes"":{""date"":""2026-10-06"",""run_id"":""67703a563474423ba5515216f8c494f4""},""join_samples"":{""date"":""2026-10-06"",""run_id"":""d860418d5a004543869e740fe3eaeb7d""}}"
738,338,"-28.1112201 , 30.7670537","-28.268440000000002 , 30.9245024",rural-rural,rural,2826,"{""sample_routes"":{""date"":""2026-10-06"",""run_id"":""67703a563474423ba5515216f8c494f4""},""join_samples"":{""date"":""2026-10-06"",""run_id"":""d860418d5a004543869e740fe3eaeb7d""}}"
739,339,"-29.9587928 , 29.901423","-29.9585575 , 29.7105476",rural-rural,rural,2828,"{""sample_routes"":{""date"":""2026-10-06"",""run_id"":""67703a563474423ba5515216f8c494f4""},""join_samples"":{""date"":""2026-10-06"",""run_id"":""d860418d5a004543869e740fe3eaeb7d""}}"
740,340,"-29.987414100000002 , 30.799771200000002","-29.8824183 , 30.694009",urban-rural,rural,2830,"{""sample_routes"":{""date"":""2026-10-06"",""run_id"":""67703a563474423ba5515216f8c494f4""},""join_samples"":{""date"":""2026-10-06"",""run_id"":""d860418d5a004543869e740fe3eaeb7d""}}"
741,341,"-25.5011626 , 30.707404","-25.3404893 , 30.868891800000004",rural-rural,rural,2561,"{""sample_routes"":{""date"":""2026-10-06"",""run_id"":""67703a563474423ba5515216f8c494f4""},""join_samples"":{""date"":""2026-10-06"",""run_id"":""d860418d5a004543869e740fe3eaeb7d""}}"
742,342,"-29.641882900000002 , 29.8280907","-29.4816368 , 29.9887289",rural-rural,rural,2849,"{""sample_routes"":{""date"":""2026-10-06"",""run_id"":""67703a563474423ba5515216f8c494f4""},""join_samples"":{""date"":""2026-10-06"",""run_id"":""d860418d5a004543869e740fe3eaeb7d""}}"
743,343,"-23.187055800000003 , 28.873843200000003","-23.1872839 , 28.605181100000003",rural-rural,rural,2851,"{""sample_routes"":{""date"":""2026-10-06"",""run_id"":""67703a563474423ba5515216f8c494f4""},""join_samples"":{""date"":""2026-10-06"",""run_id"":""d860418d5a004543869e740fe3eaeb7d""}}"
744,344,"-28.0515623 , 31.5682322","-28.193373700000002 , 31.7107971",rural-rural,rural,2854,"{""sample_routes"":{""date"":""2026-10-06"",""run_id"":""67703a563474423ba5515216f8c494f4""},""join_samples"":{""date"":""2026-10-06"",""run_id"":""d860418d5a004543869e740fe3eaeb7d""}}"
745,345,"-25.6423074 , 29.6291198","-25.7896237 , 29.777222000000002",rural-rural,rural,2856,"{""sample_routes"":{""date"":""2026-10-06"",""run_id"":""67703a563474423ba5515216f8c494f4""},""join_samples"":{""date"":""2026-10-06"",""run_id"":""d860418d5a004543869e740fe3eaeb7d""}}"
746,346,"-24.1343612 , 28.962712900000003","-24.4598435 , 28.962460800000002",urban-rural,rural,2543,"{""sample_routes"":{""date"":""2026-10-06"",""run_id"":""67703a563474423ba5515216f8c494f4""},""join_samples"":{""date"":""2026-10-06"",""run_id"":""d860418d5a004543869e740fe3eaeb7d""}}"
747,347,"-27.949065400000002 , 30.212355400000003","-28.1073762 , 30.370517200000002",rural-rural,rural,2861,"{""sample_routes"":{""date"":""2026-10-06"",""run_id"":""67703a563474423ba5515216f8c494f4""},""join_samples"":{""date"":""2026-10-06"",""run_id"":""d860418d5a004543869e740fe3eaeb7d""}}"
748,348,"-24.6300364 , 29.727556900000003","-24.8156749 , 29.7268474",rural-rural,rural,2534,"{""sample_routes"":{""date"":""2026-10-06"",""run_id"":""67703a563474423ba5515216f8c494f4""},""join_samples"":{""date"":""2026-10-06"",""run_id"":""d860418d5a004543869e740fe3eaeb7d""}}"
749,349,"-29.0330425 , 31.3799773","-28.956021600000003 , 31.380794",rural-rural,rural,2874,"{""sample_routes"":{""date"":""2026-10-06"",""run_id"":""67703a563474423ba5515216f8c494f4""},""join_samples"":{""date"":""2026-10-06"",""run_id"":""d860418d5a004543869e740fe3eaeb7d""}}"
750,350,"-26.739396300000003 , 30.323765","-26.950653300000003 , 30.5342017",rural-rural,rural,2883,"{""sample_routes"":{""date"":""2026-10-06"",""run_id"":""67703a563474423ba5515216f8c494f4""},""join_samples"":{""date"":""2026-10-06"",""run_id"":""d860418d5a004543869e740fe3eaeb7d""}}"
751,351,"-28.356425400000003 , 31.6059601","-28.2221507 , 31.605604800000002",rural-rural,rural,2499,"{""sample_routes"":{""date"":""2026-10-06"",""run_id"":""67703a563474423ba5515216f8c494f4""},""join_samples"":{""date"":""2026-10-06"",""run_id"":""d860418d5a004543869e740fe3eaeb7d""}}"
752,352,"-32.272879100000004 , 28.038436800000003","-32.099587500000005 , 27.865813300000003",rural-rural,rural,2902,"{""sample_routes"":{""date"":""2026-10-06"",""run_id"":""67703a563474423ba5515216f8c494f4""},""join_samples"":{""date"":""2026-10-06"",""run_id"":""d860418d5a004543869e740fe3eaeb7d""}}"
753,353,"-28.357375500000003 , 30.776147700000003","-28.5567634 , 30.775564900000003",rural-rural,rural,2912,"{""sample_routes"":{""date"":""2026-10-06"",""run_id"":""67703a563474423ba5515216f8c494f4""},""join_samples"":{""date"":""2026-10-06"",""run_id"":""d860418d5a004543869e740fe3eaeb7d""}}"
754,354,"-29.734263700000003 , 30.863540800000003","-29.863823300000004 , 30.734776000000004",urban-rural,rural,2486,"{""sample_routes"":{""date"":""2026-10-06"",""run_id"":""67703a563474423ba5515216f8c494f4""},""join_samples"":{""date"":""2026-10-06"",""run_id"":""d860418d5a004543869e740fe3eaeb7d""}}"
755,355,"-27.3661649 , 32.518482500000005","-27.087500100000003 , 32.5187158",rural-rural,rural,2915,"{""sample_routes"":{""date"":""2026-10-06"",""run_id"":""67703a563474423ba5515216f8c494f4""},""join_samples"":{""date"":""2026-10-06"",""run_id"":""d860418d5a004543869e740fe3eaeb7d""}}"
756,356,"-28.530561400000003 , 29.785764800000003","-28.745109600000003 , 29.7858775",rural-rural,rural,2915,"{""sample_routes"":{""date"":""2026-10-06"",""run_id"":""67703a563474423ba5515216f8c494f4""},""join_samples"":{""date"":""2026-10-06"",""run_id"":""d860418d5a004543869e740fe3eaeb7d""}}"
757,357,"-28.377402300000004 , 28.0699177","-28.5326728 , 27.9143836",rural-rural,rural,2916,"{""sample_routes"":{""date"":""2026-10-06"",""run_id"":""67703a563474423ba5515216f8c494f4""},""join_samples"":{""date"":""2026-10-06"",""run_id"":""d860418d5a004543869e740fe3eaeb7d""}}"
758,358,"-30.7750753 , 28.9379479","-30.775610800000003 , 28.8663488",rural-rural,rural,2918,"{""sample_routes"":{""date"":""2026-10-06"",""run_id"":""67703a563474423ba5515216f8c494f4""},""join_samples"":{""date"":""2026-10-06"",""run_id"":""d860418d5a004543869e740fe3eaeb7d""}}"
759,359,"-23.3435032 , 30.492553700000002","-23.1650588 , 30.3133231",rural-rural,rural,2929,"{""sample_routes"":{""date"":""2026-10-06"",""run_id"":""67703a563474423ba5515216f8c494f4""},""join_samples"":{""date"":""2026-10-06"",""run_id"":""d860418d5a004543869e740fe3eaeb7d""}}"
760,360,"-31.688883500000003 , 28.0995673","-31.844115300000002 , 28.0997121",rural-rural,rural,2930,"{""sample_routes"":{""date"":""2026-10-06"",""run_id"":""67703a563474423ba5515216f8c494f4""},""join_samples"":{""date"":""2026-10-06"",""run_id"":""d860418d5a004543869e740fe3eaeb7d""}}"
761,361,"-28.5146875 , 28.8259289","-28.513943500000003 , 28.6402752",urban-rural,rural,2469,"{""sample_routes"":{""date"":""2026-10-06"",""run_id"":""67703a563474423ba5515216f8c494f4""},""join_samples"":{""date"":""2026-10-06"",""run_id"":""d860418d5a004543869e740fe3eaeb7d""}}"
762,362,"-28.397979900000003 , 32.165765300000004","-28.2406489 , 32.0085374",rural-rural,rural,2938,"{""sample_routes"":{""date"":""2026-10-06"",""run_id"":""67703a563474423ba5515216f8c494f4""},""join_samples"":{""date"":""2026-10-06"",""run_id"":""d860418d5a004543869e740fe3eaeb7d""}}"
763,363,"-34.2243013 , 19.404730800000003","-34.049166400000004 , 19.580659",rural-rural,rural,2459,"{""sample_routes"":{""date"":""2026-10-06"",""run_id"":""67703a563474423ba5515216f8c494f4""},""join_samples"":{""date"":""2026-10-06"",""run_id"":""d860418d5a004543869e740fe3eaeb7d""}}"
764,364,"-30.8518867 , 29.723176600000002","-30.663883000000002 , 29.9113137",rural-rural,rural,2943,"{""sample_routes"":{""date"":""2026-10-06"",""run_id"":""67703a563474423ba5515216f8c494f4""},""join_samples"":{""date"":""2026-10-06"",""run_id"":""d860418d5a004543869e740fe3eaeb7d""}}"
765,365,"-26.1584678 , 30.904515500000002","-26.0023079 , 30.7486518",rural-urban,rural,2947,"{""sample_routes"":{""date"":""2026-10-06"",""run_id"":""67703a563474423ba5515216f8c494f4""},""join_samples"":{""date"":""2026-10-06"",""run_id"":""d860418d5a004543869e740fe3eaeb7d""}}"
766,366,"-25.010041700000002 , 29.654143400000002","-24.822587600000002 , 29.6536718",rural-rural,rural,2451,"{""sample_routes"":{""date"":""2026-10-06"",""run_id"":""67703a563474423ba5515216f8c494f4""},""join_samples"":{""date"":""2026-10-06"",""run_id"":""d860418d5a004543869e740fe3eaeb7d""}}"
767,367,"-30.517000900000003 , 28.573233300000002","-30.323658400000003 , 28.7672764",rural-rural,rural,2951,"{""sample_routes"":{""date"":""2026-10-06"",""run_id"":""67703a563474423ba5515216f8c494f4""},""join_samples"":{""date"":""2026-10-06"",""run_id"":""d860418d5a004543869e740fe3eaeb7d""}}"
768,368,"-29.877333500000002 , 29.8554141","-29.877799500000002 , 29.666072600000003",rural-rural,rural,2435,"{""sample_routes"":{""date"":""2026-10-06"",""run_id"":""67703a563474423ba5515216f8c494f4""},""join_samples"":{""date"":""2026-10-06"",""run_id"":""d860418d5a004543869e740fe3eaeb7d""}}"
769,369,"-26.1469236 , 26.1597784","-26.147457900000003 , 25.9224223",rural-rural,rural,2425,"{""sample_routes"":{""date"":""2026-10-06"",""run_id"":""67703a563474423ba5515216f8c494f4""},""join_samples"":{""date"":""2026-10-06"",""run_id"":""d860418d5a004543869e740fe3eaeb7d""}}"
770,370,"-27.3089295 , 28.060816000000003","-27.4569665 , 27.913548000000002",rural-rural,rural,2424,"{""sample_routes"":{""date"":""2026-10-06"",""run_id"":""67703a563474423ba5515216f8c494f4""},""join_samples"":{""date"":""2026-10-06"",""run_id"":""d860418d5a004543869e740fe3eaeb7d""}}"
771,371,"-32.3962896 , 28.458665600000003","-32.5574193 , 28.458767",rural-rural,rural,2980,"{""sample_routes"":{""date"":""2026-10-06"",""run_id"":""67703a563474423ba5515216f8c494f4""},""join_samples"":{""date"":""2026-10-06"",""run_id"":""d860418d5a004543869e740fe3eaeb7d""}}"
772,372,"-31.015764 , 29.014637800000003","-30.836386200000003 , 29.015407600000003",rural-rural,rural,2412,"{""sample_routes"":{""date"":""2026-10-06"",""run_id"":""67703a563474423ba5515216f8c494f4""},""join_samples"":{""date"":""2026-10-06"",""run_id"":""d860418d5a004543869e740fe3eaeb7d""}}"
773,373,"-27.9753277 , 32.1654684","-28.178182300000003 , 32.1649313",rural-rural,rural,2991,"{""sample_routes"":{""date"":""2026-10-06"",""run_id"":""67703a563474423ba5515216f8c494f4""},""join_samples"":{""date"":""2026-10-06"",""run_id"":""d860418d5a004543869e740fe3eaeb7d""}}"
774,374,"-28.220493400000002 , 32.2812894","-28.1221789 , 32.1834562",rural-rural,rural,2404,"{""sample_routes"":{""date"":""2026-10-06"",""run_id"":""67703a563474423ba5515216f8c494f4""},""join_samples"":{""date"":""2026-10-06"",""run_id"":""d860418d5a004543869e740fe3eaeb7d""}}"
775,375,"-28.159866200000003 , 32.2849479","-27.913000500000003 , 32.0385173",rural-rural,rural,2996,"{""sample_routes"":{""date"":""2026-10-06"",""run_id"":""67703a563474423ba5515216f8c494f4""},""join_samples"":{""date"":""2026-10-06"",""run_id"":""d860418d5a004543869e740fe3eaeb7d""}}"
776,376,"-26.270993800000003 , 29.786600300000003","-26.3968214 , 29.659989300000003",rural-rural,rural,2402,"{""sample_routes"":{""date"":""2026-10-06"",""run_id"":""67703a563474423ba5515216f8c494f4""},""join_samples"":{""date"":""2026-10-06"",""run_id"":""d860418d5a004543869e740fe3eaeb7d""}}"
777,377,"-28.0869697 , 31.847058500000003","-28.2623868 , 32.0228586",rural-rural,rural,3004,"{""sample_routes"":{""date"":""2026-10-06"",""run_id"":""67703a563474423ba5515216f8c494f4""},""join_samples"":{""date"":""2026-10-06"",""run_id"":""d860418d5a004543869e740fe3eaeb7d""}}"
778,378,"-30.196065 , 30.545239000000002","-30.196337900000003 , 30.388824200000002",rural-rural,rural,2386,"{""sample_routes"":{""date"":""2026-10-06"",""run_id"":""67703a563474423ba5515216f8c494f4""},""join_samples"":{""date"":""2026-10-06"",""run_id"":""d860418d5a004543869e740fe3eaeb7d""}}"
779,379,"-27.8092991 , 31.704799500000004","-27.9785049 , 31.873472900000003",rural-rural,rural,3014,"{""sample_routes"":{""date"":""2026-10-06"",""run_id"":""67703a563474423ba5515216f8c494f4""},""join_samples"":{""date"":""2026-10-06"",""run_id"":""d860418d5a004543869e740fe3eaeb7d""}}"
780,380,"-29.1250624 , 27.7428159","-28.9774312 , 27.8910884",urban-rural,rural,3018,"{""sample_routes"":{""date"":""2026-10-06"",""run_id"":""67703a563474423ba5515216f8c494f4""},""join_samples"":{""date"":""2026-10-06"",""run_id"":""d860418d5a004543869e740fe3eaeb7d""}}"
781,381,"-31.294851800000004 , 19.1375402","-30.946154000000003 , 19.486537600000002",rural-rural,rural,3019,"{""sample_routes"":{""date"":""2026-10-06"",""run_id"":""67703a563474423ba5515216f8c494f4""},""join_samples"":{""date"":""2026-10-06"",""run_id"":""d860418d5a004543869e740fe3eaeb7d""}}"
782,382,"-28.6515634 , 31.6966134","-28.8224528 , 31.526486900000002",rural-rural,rural,3029,"{""sample_routes"":{""date"":""2026-10-06"",""run_id"":""67703a563474423ba5515216f8c494f4""},""join_samples"":{""date"":""2026-10-06"",""run_id"":""d860418d5a004543869e740fe3eaeb7d""}}"
783,383,"-25.449940100000003 , 31.1645684","-25.5782144 , 31.0360739",urban-rural,rural,3032,"{""sample_routes"":{""date"":""2026-10-06"",""run_id"":""67703a563474423ba5515216f8c494f4""},""join_samples"":{""date"":""2026-10-06"",""run_id"":""d860418d5a004543869e740fe3eaeb7d""}}"
784,384,"-32.3434473 , 28.443825500000003","-32.462483500000005 , 28.5621812",rural-rural,rural,3032,"{""sample_routes"":{""date"":""2026-10-06"",""run_id"":""67703a563474423ba5515216f8c494f4""},""join_samples"":{""date"":""2026-10-06"",""run_id"":""d860418d5a004543869e740fe3eaeb7d""}}"
785,385,"-25.692199400000003 , 28.405804500000002","-25.479124300000002 , 28.192192000000002",urban-rural,rural,3036,"{""sample_routes"":{""date"":""2026-10-06"",""run_id"":""67703a563474423ba5515216f8c494f4""},""join_samples"":{""date"":""2026-10-06"",""run_id"":""d860418d5a004543869e740fe3eaeb7d""}}"
786,386,"-27.1755111 , 32.549610900000005","-27.259262200000002 , 32.633960800000004",rural-rural,rural,2362,"{""sample_routes"":{""date"":""2026-10-06"",""run_id"":""67703a563474423ba5515216f8c494f4""},""join_samples"":{""date"":""2026-10-06"",""run_id"":""d860418d5a004543869e740fe3eaeb7d""}}"
787,387,"-31.642674000000003 , 29.463145","-31.6433801 , 29.3029939",rural-rural,rural,2359,"{""sample_routes"":{""date"":""2026-10-06"",""run_id"":""67703a563474423ba5515216f8c494f4""},""join_samples"":{""date"":""2026-10-06"",""run_id"":""d860418d5a004543869e740fe3eaeb7d""}}"
788,388,"-23.4688339 , 30.322748400000002","-23.638482800000002 , 30.153098600000003",rural-rural,rural,2358,"{""sample_routes"":{""date"":""2026-10-06"",""run_id"":""67703a563474423ba5515216f8c494f4""},""join_samples"":{""date"":""2026-10-06"",""run_id"":""d860418d5a004543869e740fe3eaeb7d""}}"
789,389,"-28.299909900000003 , 32.2522347","-28.521741600000002 , 32.0311599",rural-rural,rural,3048,"{""sample_routes"":{""date"":""2026-10-06"",""run_id"":""67703a563474423ba5515216f8c494f4""},""join_samples"":{""date"":""2026-10-06"",""run_id"":""d860418d5a004543869e740fe3eaeb7d""}}"
790,390,"-31.5488664 , 28.832255600000003","-31.239795200000003 , 28.833083100000003",rural-rural,rural,3062,"{""sample_routes"":{""date"":""2026-10-06"",""run_id"":""67703a563474423ba5515216f8c494f4""},""join_samples"":{""date"":""2026-10-06"",""run_id"":""d860418d5a004543869e740fe3eaeb7d""}}"
791,391,"-26.680409200000003 , 27.868376700000002","-26.8955036 , 28.084213000000002",urban-urban,rural,3063,"{""sample_routes"":{""date"":""2026-10-06"",""run_id"":""67703a563474423ba5515216f8c494f4""},""join_samples"":{""date"":""2026-10-06"",""run_id"":""d860418d5a004543869e740fe3eaeb7d""}}"
792,392,"-23.8881915 , 29.410735000000003","-23.8883319 , 29.126590500000002",urban-rural,rural,3064,"{""sample_routes"":{""date"":""2026-10-06"",""run_id"":""67703a563474423ba5515216f8c494f4""},""join_samples"":{""date"":""2026-10-06"",""run_id"":""d860418d5a004543869e740fe3eaeb7d""}}"
793,393,"-24.981611100000002 , 31.140011700000002","-24.8484005 , 31.2732804",rural-rural,rural,3068,"{""sample_routes"":{""date"":""2026-10-06"",""run_id"":""67703a563474423ba5515216f8c494f4""},""join_samples"":{""date"":""2026-10-06"",""run_id"":""d860418d5a004543869e740fe3eaeb7d""}}"
794,394,"-23.2671719 , 30.290412900000003","-23.405948900000002 , 30.289920900000002",rural-rural,rural,2327,"{""sample_routes"":{""date"":""2026-10-06"",""run_id"":""67703a563474423ba5515216f8c494f4""},""join_samples"":{""date"":""2026-10-06"",""run_id"":""d860418d5a004543869e740fe3eaeb7d""}}"
795,395,"-29.566857400000004 , 31.005724700000002","-29.3937014 , 31.0056429",rural-rural,rural,3075,"{""sample_routes"":{""date"":""2026-10-06"",""run_id"":""67703a563474423ba5515216f8c494f4""},""join_samples"":{""date"":""2026-10-06"",""run_id"":""d860418d5a004543869e740fe3eaeb7d""}}"
796,396,"-30.6225118 , 29.776146","-30.8361386 , 29.7752908",rural-rural,rural,3076,"{""sample_routes"":{""date"":""2026-10-06"",""run_id"":""67703a563474423ba5515216f8c494f4""},""join_samples"":{""date"":""2026-10-06"",""run_id"":""d860418d5a004543869e740fe3eaeb7d""}}"
797,397,"-28.063985600000002 , 30.634874800000002","-28.0638375 , 30.520951600000004",rural-rural,rural,2322,"{""sample_routes"":{""date"":""2026-10-06"",""run_id"":""67703a563474423ba5515216f8c494f4""},""join_samples"":{""date"":""2026-10-06"",""run_id"":""d860418d5a004543869e740fe3eaeb7d""}}"
798,398,"-25.181728300000003 , 27.2008876","-25.353761900000002 , 27.028759700000002",rural-urban,rural,3079,"{""sample_routes"":{""date"":""2026-10-06"",""run_id"":""67703a563474423ba5515216f8c494f4""},""join_samples"":{""date"":""2026-10-06"",""run_id"":""d860418d5a004543869e740fe3eaeb7d""}}"
799,399,"-27.299567000000003 , 32.1008894","-27.397166400000003 , 32.0040609",rural-rural,rural,2317,"{""sample_routes"":{""date"":""2026-10-06"",""run_id"":""67703a563474423ba5515216f8c494f4""},""join_samples"":{""date"":""2026-10-06"",""run_id"":""d860418d5a004543869e740fe3eaeb7d""}}"
