join_index,sampling_index,origin,destination,area,journeyClass,ttpTravelTime,metadata
0,0,"25.2306235 , 55.503232700000005","25.2300605 , 55.259388200000004",urban-urban,urban,1802,"{""sample_routes"":{""date"":""2026-07-01"",""run_id"":""fcdac6b517fa4767ae7de180abf96bfe""},""join_samples"":{""date"":""2026-07-02"",""run_id"":""9e4e33f802cb4dde8190122e3fffbfbb""},""upload_data"":{""date"":""2026-07-02"",""run_id"":""e9518277e225485f801d89bd8a4f89fc""}}"
1,1,"25.1015045 , 55.309507700000005","25.184096800000003 , 55.2274383",urban-urban,urban,1804,"{""sample_routes"":{""date"":""2026-07-01"",""run_id"":""fcdac6b517fa4767ae7de180abf96bfe""},""join_samples"":{""date"":""2026-07-02"",""run_id"":""9e4e33f802cb4dde8190122e3fffbfbb""},""upload_data"":{""date"":""2026-07-02"",""run_id"":""e9518277e225485f801d89bd8a4f89fc""}}"
2,2,"25.2524045 , 55.4529961","25.252907800000003 , 55.2823113",urban-urban,urban,1793,"{""sample_routes"":{""date"":""2026-07-01"",""run_id"":""fcdac6b517fa4767ae7de180abf96bfe""},""join_samples"":{""date"":""2026-07-02"",""run_id"":""9e4e33f802cb4dde8190122e3fffbfbb""},""upload_data"":{""date"":""2026-07-02"",""run_id"":""e9518277e225485f801d89bd8a4f89fc""}}"
3,3,"25.112325000000002 , 55.3722465","25.320606 , 55.5800392",urban-rural,urban,1816,"{""sample_routes"":{""date"":""2026-07-01"",""run_id"":""fcdac6b517fa4767ae7de180abf96bfe""},""join_samples"":{""date"":""2026-07-02"",""run_id"":""9e4e33f802cb4dde8190122e3fffbfbb""},""upload_data"":{""date"":""2026-07-02"",""run_id"":""e9518277e225485f801d89bd8a4f89fc""}}"
4,4,"25.262608500000002 , 55.4804285","25.262521200000002 , 55.5415884",urban-urban,urban,1783,"{""sample_routes"":{""date"":""2026-07-01"",""run_id"":""fcdac6b517fa4767ae7de180abf96bfe""},""join_samples"":{""date"":""2026-07-02"",""run_id"":""9e4e33f802cb4dde8190122e3fffbfbb""},""upload_data"":{""date"":""2026-07-02"",""run_id"":""e9518277e225485f801d89bd8a4f89fc""}}"
5,5,"25.007005600000003 , 55.2379186","25.1121754 , 55.132962500000005",urban-rural,urban,1783,"{""sample_routes"":{""date"":""2026-07-01"",""run_id"":""fcdac6b517fa4767ae7de180abf96bfe""},""join_samples"":{""date"":""2026-07-02"",""run_id"":""9e4e33f802cb4dde8190122e3fffbfbb""},""upload_data"":{""date"":""2026-07-02"",""run_id"":""e9518277e225485f801d89bd8a4f89fc""}}"
6,6,"25.437373800000003 , 55.5326383","25.2627683 , 55.5329356",urban-urban,urban,1821,"{""sample_routes"":{""date"":""2026-07-01"",""run_id"":""fcdac6b517fa4767ae7de180abf96bfe""},""join_samples"":{""date"":""2026-07-02"",""run_id"":""9e4e33f802cb4dde8190122e3fffbfbb""},""upload_data"":{""date"":""2026-07-02"",""run_id"":""e9518277e225485f801d89bd8a4f89fc""}}"
7,7,"25.351382500000003 , 55.3857987","25.2049042 , 55.238828700000006",urban-urban,urban,1778,"{""sample_routes"":{""date"":""2026-07-01"",""run_id"":""fcdac6b517fa4767ae7de180abf96bfe""},""join_samples"":{""date"":""2026-07-02"",""run_id"":""9e4e33f802cb4dde8190122e3fffbfbb""},""upload_data"":{""date"":""2026-07-02"",""run_id"":""e9518277e225485f801d89bd8a4f89fc""}}"
8,8,"25.241417900000002 , 55.5215906","25.370758900000002 , 55.3927763",urban-urban,urban,1822,"{""sample_routes"":{""date"":""2026-07-01"",""run_id"":""fcdac6b517fa4767ae7de180abf96bfe""},""join_samples"":{""date"":""2026-07-02"",""run_id"":""9e4e33f802cb4dde8190122e3fffbfbb""},""upload_data"":{""date"":""2026-07-02"",""run_id"":""e9518277e225485f801d89bd8a4f89fc""}}"
9,9,"25.153986000000003 , 55.4549894","25.153866800000003 , 55.2001251",urban-urban,urban,1771,"{""sample_routes"":{""date"":""2026-07-01"",""run_id"":""fcdac6b517fa4767ae7de180abf96bfe""},""join_samples"":{""date"":""2026-07-02"",""run_id"":""9e4e33f802cb4dde8190122e3fffbfbb""},""upload_data"":{""date"":""2026-07-02"",""run_id"":""e9518277e225485f801d89bd8a4f89fc""}}"
10,10,"25.272365800000003 , 55.478526","25.2728544 , 55.2884876",urban-urban,urban,1769,"{""sample_routes"":{""date"":""2026-07-01"",""run_id"":""fcdac6b517fa4767ae7de180abf96bfe""},""join_samples"":{""date"":""2026-07-02"",""run_id"":""9e4e33f802cb4dde8190122e3fffbfbb""},""upload_data"":{""date"":""2026-07-02"",""run_id"":""e9518277e225485f801d89bd8a4f89fc""}}"
11,11,"25.009542200000002 , 55.228594","25.107998000000002 , 55.1297797",urban-rural,urban,1762,"{""sample_routes"":{""date"":""2026-07-01"",""run_id"":""fcdac6b517fa4767ae7de180abf96bfe""},""join_samples"":{""date"":""2026-07-02"",""run_id"":""9e4e33f802cb4dde8190122e3fffbfbb""},""upload_data"":{""date"":""2026-07-02"",""run_id"":""e9518277e225485f801d89bd8a4f89fc""}}"
12,12,"25.2194371 , 55.40993460000001","25.2198686 , 55.2281557",urban-rural,urban,1842,"{""sample_routes"":{""date"":""2026-07-01"",""run_id"":""fcdac6b517fa4767ae7de180abf96bfe""},""join_samples"":{""date"":""2026-07-02"",""run_id"":""9e4e33f802cb4dde8190122e3fffbfbb""},""upload_data"":{""date"":""2026-07-02"",""run_id"":""e9518277e225485f801d89bd8a4f89fc""}}"
13,13,"25.334121500000002 , 55.427040700000006","25.172340700000003 , 55.427366500000005",urban-urban,urban,1750,"{""sample_routes"":{""date"":""2026-07-01"",""run_id"":""fcdac6b517fa4767ae7de180abf96bfe""},""join_samples"":{""date"":""2026-07-02"",""run_id"":""9e4e33f802cb4dde8190122e3fffbfbb""},""upload_data"":{""date"":""2026-07-02"",""run_id"":""e9518277e225485f801d89bd8a4f89fc""}}"
14,14,"25.388230200000002 , 55.436061","25.163149200000003 , 55.435633300000006",urban-urban,urban,1850,"{""sample_routes"":{""date"":""2026-07-01"",""run_id"":""fcdac6b517fa4767ae7de180abf96bfe""},""join_samples"":{""date"":""2026-07-02"",""run_id"":""9e4e33f802cb4dde8190122e3fffbfbb""},""upload_data"":{""date"":""2026-07-02"",""run_id"":""e9518277e225485f801d89bd8a4f89fc""}}"
15,15,"25.3283248 , 55.3946327","25.089674900000002 , 55.394081",urban-urban,urban,1749,"{""sample_routes"":{""date"":""2026-07-01"",""run_id"":""fcdac6b517fa4767ae7de180abf96bfe""},""join_samples"":{""date"":""2026-07-02"",""run_id"":""9e4e33f802cb4dde8190122e3fffbfbb""},""upload_data"":{""date"":""2026-07-02"",""run_id"":""e9518277e225485f801d89bd8a4f89fc""}}"
16,16,"25.071876200000002 , 55.35413990000001","25.192626800000003 , 55.233848800000004",urban-urban,urban,1853,"{""sample_routes"":{""date"":""2026-07-01"",""run_id"":""fcdac6b517fa4767ae7de180abf96bfe""},""join_samples"":{""date"":""2026-07-02"",""run_id"":""9e4e33f802cb4dde8190122e3fffbfbb""},""upload_data"":{""date"":""2026-07-02"",""run_id"":""e9518277e225485f801d89bd8a4f89fc""}}"
17,17,"25.1640811 , 55.403153","25.3827751 , 55.403106300000005",urban-urban,urban,1854,"{""sample_routes"":{""date"":""2026-07-01"",""run_id"":""fcdac6b517fa4767ae7de180abf96bfe""},""join_samples"":{""date"":""2026-07-02"",""run_id"":""9e4e33f802cb4dde8190122e3fffbfbb""},""upload_data"":{""date"":""2026-07-02"",""run_id"":""e9518277e225485f801d89bd8a4f89fc""}}"
18,18,"25.119744800000003 , 55.362868500000005","25.1200568 , 55.146694000000004",urban-urban,urban,1859,"{""sample_routes"":{""date"":""2026-07-01"",""run_id"":""fcdac6b517fa4767ae7de180abf96bfe""},""join_samples"":{""date"":""2026-07-02"",""run_id"":""9e4e33f802cb4dde8190122e3fffbfbb""},""upload_data"":{""date"":""2026-07-02"",""run_id"":""e9518277e225485f801d89bd8a4f89fc""}}"
19,19,"25.212879500000003 , 55.507564","25.2123795 , 55.248662800000005",urban-urban,urban,1860,"{""sample_routes"":{""date"":""2026-07-01"",""run_id"":""fcdac6b517fa4767ae7de180abf96bfe""},""join_samples"":{""date"":""2026-07-02"",""run_id"":""9e4e33f802cb4dde8190122e3fffbfbb""},""upload_data"":{""date"":""2026-07-02"",""run_id"":""e9518277e225485f801d89bd8a4f89fc""}}"
20,20,"25.102239100000002 , 55.340565100000006","25.3110527 , 55.340014100000005",urban-urban,urban,1739,"{""sample_routes"":{""date"":""2026-07-01"",""run_id"":""fcdac6b517fa4767ae7de180abf96bfe""},""join_samples"":{""date"":""2026-07-02"",""run_id"":""9e4e33f802cb4dde8190122e3fffbfbb""},""upload_data"":{""date"":""2026-07-02"",""run_id"":""e9518277e225485f801d89bd8a4f89fc""}}"
21,21,"25.026276600000003 , 55.27326420000001","25.2566062 , 55.272884100000006",urban-urban,urban,1863,"{""sample_routes"":{""date"":""2026-07-01"",""run_id"":""fcdac6b517fa4767ae7de180abf96bfe""},""join_samples"":{""date"":""2026-07-02"",""run_id"":""9e4e33f802cb4dde8190122e3fffbfbb""},""upload_data"":{""date"":""2026-07-02"",""run_id"":""e9518277e225485f801d89bd8a4f89fc""}}"
22,22,"25.1106021 , 55.3847521","25.360865800000003 , 55.384794500000005",urban-urban,urban,1869,"{""sample_routes"":{""date"":""2026-07-01"",""run_id"":""fcdac6b517fa4767ae7de180abf96bfe""},""join_samples"":{""date"":""2026-07-02"",""run_id"":""9e4e33f802cb4dde8190122e3fffbfbb""},""upload_data"":{""date"":""2026-07-02"",""run_id"":""e9518277e225485f801d89bd8a4f89fc""}}"
23,23,"25.2409076 , 55.5601397","25.079263800000003 , 55.398716",urban-rural,urban,1729,"{""sample_routes"":{""date"":""2026-07-01"",""run_id"":""fcdac6b517fa4767ae7de180abf96bfe""},""join_samples"":{""date"":""2026-07-02"",""run_id"":""9e4e33f802cb4dde8190122e3fffbfbb""},""upload_data"":{""date"":""2026-07-02"",""run_id"":""e9518277e225485f801d89bd8a4f89fc""}}"
24,24,"25.237453900000002 , 55.4567703","25.237479500000003 , 55.2556306",urban-urban,urban,1725,"{""sample_routes"":{""date"":""2026-07-01"",""run_id"":""fcdac6b517fa4767ae7de180abf96bfe""},""join_samples"":{""date"":""2026-07-02"",""run_id"":""9e4e33f802cb4dde8190122e3fffbfbb""},""upload_data"":{""date"":""2026-07-02"",""run_id"":""e9518277e225485f801d89bd8a4f89fc""}}"
25,25,"25.1518559 , 55.247941600000004","25.151630100000002 , 55.516393",urban-rural,urban,1714,"{""sample_routes"":{""date"":""2026-07-01"",""run_id"":""fcdac6b517fa4767ae7de180abf96bfe""},""join_samples"":{""date"":""2026-07-02"",""run_id"":""9e4e33f802cb4dde8190122e3fffbfbb""},""upload_data"":{""date"":""2026-07-02"",""run_id"":""e9518277e225485f801d89bd8a4f89fc""}}"
26,26,"25.375945 , 55.457222300000005","25.151411200000002 , 55.4575765",urban-urban,urban,1708,"{""sample_routes"":{""date"":""2026-07-01"",""run_id"":""fcdac6b517fa4767ae7de180abf96bfe""},""join_samples"":{""date"":""2026-07-02"",""run_id"":""9e4e33f802cb4dde8190122e3fffbfbb""},""upload_data"":{""date"":""2026-07-02"",""run_id"":""e9518277e225485f801d89bd8a4f89fc""}}"
27,27,"25.1636111 , 55.458558700000005","25.163322200000003 , 55.2106043",urban-urban,urban,1706,"{""sample_routes"":{""date"":""2026-07-01"",""run_id"":""fcdac6b517fa4767ae7de180abf96bfe""},""join_samples"":{""date"":""2026-07-02"",""run_id"":""9e4e33f802cb4dde8190122e3fffbfbb""},""upload_data"":{""date"":""2026-07-02"",""run_id"":""e9518277e225485f801d89bd8a4f89fc""}}"
28,28,"25.3460988 , 55.577715600000005","25.34625 , 55.367700500000005",rural-urban,urban,1701,"{""sample_routes"":{""date"":""2026-07-01"",""run_id"":""fcdac6b517fa4767ae7de180abf96bfe""},""join_samples"":{""date"":""2026-07-02"",""run_id"":""9e4e33f802cb4dde8190122e3fffbfbb""},""upload_data"":{""date"":""2026-07-02"",""run_id"":""e9518277e225485f801d89bd8a4f89fc""}}"
29,29,"25.4074643 , 55.4770325","25.192018200000003 , 55.477534500000004",urban-urban,urban,1908,"{""sample_routes"":{""date"":""2026-07-01"",""run_id"":""fcdac6b517fa4767ae7de180abf96bfe""},""join_samples"":{""date"":""2026-07-02"",""run_id"":""9e4e33f802cb4dde8190122e3fffbfbb""},""upload_data"":{""date"":""2026-07-02"",""run_id"":""e9518277e225485f801d89bd8a4f89fc""}}"
30,30,"25.0526556 , 55.1507261","25.250116000000002 , 55.348080200000005",urban-urban,urban,1908,"{""sample_routes"":{""date"":""2026-07-01"",""run_id"":""fcdac6b517fa4767ae7de180abf96bfe""},""join_samples"":{""date"":""2026-07-02"",""run_id"":""9e4e33f802cb4dde8190122e3fffbfbb""},""upload_data"":{""date"":""2026-07-02"",""run_id"":""e9518277e225485f801d89bd8a4f89fc""}}"
31,31,"25.1613644 , 55.470007300000006","25.297225400000002 , 55.3342053",urban-urban,urban,1689,"{""sample_routes"":{""date"":""2026-07-01"",""run_id"":""fcdac6b517fa4767ae7de180abf96bfe""},""join_samples"":{""date"":""2026-07-02"",""run_id"":""9e4e33f802cb4dde8190122e3fffbfbb""},""upload_data"":{""date"":""2026-07-02"",""run_id"":""e9518277e225485f801d89bd8a4f89fc""}}"
32,32,"25.2790047 , 55.3756974","25.4616228 , 55.5586526",urban-urban,urban,1913,"{""sample_routes"":{""date"":""2026-07-01"",""run_id"":""fcdac6b517fa4767ae7de180abf96bfe""},""join_samples"":{""date"":""2026-07-02"",""run_id"":""9e4e33f802cb4dde8190122e3fffbfbb""},""upload_data"":{""date"":""2026-07-02"",""run_id"":""e9518277e225485f801d89bd8a4f89fc""}}"
33,33,"25.2239329 , 55.2554194","25.2233805 , 55.5033315",urban-urban,urban,1932,"{""sample_routes"":{""date"":""2026-07-01"",""run_id"":""fcdac6b517fa4767ae7de180abf96bfe""},""join_samples"":{""date"":""2026-07-02"",""run_id"":""9e4e33f802cb4dde8190122e3fffbfbb""},""upload_data"":{""date"":""2026-07-02"",""run_id"":""e9518277e225485f801d89bd8a4f89fc""}}"
34,34,"25.143971800000003 , 55.40786550000001","25.1442017 , 55.1917854",urban-urban,urban,1936,"{""sample_routes"":{""date"":""2026-07-01"",""run_id"":""fcdac6b517fa4767ae7de180abf96bfe""},""join_samples"":{""date"":""2026-07-02"",""run_id"":""9e4e33f802cb4dde8190122e3fffbfbb""},""upload_data"":{""date"":""2026-07-02"",""run_id"":""e9518277e225485f801d89bd8a4f89fc""}}"
35,35,"25.3436942 , 55.4513893","25.090410000000002 , 55.451487400000005",urban-rural,urban,1936,"{""sample_routes"":{""date"":""2026-07-01"",""run_id"":""fcdac6b517fa4767ae7de180abf96bfe""},""join_samples"":{""date"":""2026-07-02"",""run_id"":""9e4e33f802cb4dde8190122e3fffbfbb""},""upload_data"":{""date"":""2026-07-02"",""run_id"":""e9518277e225485f801d89bd8a4f89fc""}}"
36,36,"25.3035013 , 55.5159255","25.247144900000002 , 55.5157742",urban-urban,urban,1662,"{""sample_routes"":{""date"":""2026-07-01"",""run_id"":""fcdac6b517fa4767ae7de180abf96bfe""},""join_samples"":{""date"":""2026-07-02"",""run_id"":""9e4e33f802cb4dde8190122e3fffbfbb""},""upload_data"":{""date"":""2026-07-02"",""run_id"":""e9518277e225485f801d89bd8a4f89fc""}}"
37,37,"25.251034200000003 , 55.303026","25.250603100000003 , 55.5171025",urban-urban,urban,1938,"{""sample_routes"":{""date"":""2026-07-01"",""run_id"":""fcdac6b517fa4767ae7de180abf96bfe""},""join_samples"":{""date"":""2026-07-02"",""run_id"":""9e4e33f802cb4dde8190122e3fffbfbb""},""upload_data"":{""date"":""2026-07-02"",""run_id"":""e9518277e225485f801d89bd8a4f89fc""}}"
38,38,"25.1186863 , 55.393759900000006","25.3726632 , 55.3940877",urban-urban,urban,1939,"{""sample_routes"":{""date"":""2026-07-01"",""run_id"":""fcdac6b517fa4767ae7de180abf96bfe""},""join_samples"":{""date"":""2026-07-02"",""run_id"":""9e4e33f802cb4dde8190122e3fffbfbb""},""upload_data"":{""date"":""2026-07-02"",""run_id"":""e9518277e225485f801d89bd8a4f89fc""}}"
39,39,"25.176270900000002 , 55.277581100000006","25.1759926 , 55.5214955",urban-rural,urban,1941,"{""sample_routes"":{""date"":""2026-07-01"",""run_id"":""fcdac6b517fa4767ae7de180abf96bfe""},""join_samples"":{""date"":""2026-07-02"",""run_id"":""9e4e33f802cb4dde8190122e3fffbfbb""},""upload_data"":{""date"":""2026-07-02"",""run_id"":""e9518277e225485f801d89bd8a4f89fc""}}"
40,40,"25.291607900000002 , 55.5125168","25.2920143 , 55.2920761",urban-urban,urban,1945,"{""sample_routes"":{""date"":""2026-07-01"",""run_id"":""fcdac6b517fa4767ae7de180abf96bfe""},""join_samples"":{""date"":""2026-07-02"",""run_id"":""9e4e33f802cb4dde8190122e3fffbfbb""},""upload_data"":{""date"":""2026-07-02"",""run_id"":""e9518277e225485f801d89bd8a4f89fc""}}"
41,41,"25.0759644 , 55.3609074","25.1987394 , 55.238404300000006",urban-urban,urban,1959,"{""sample_routes"":{""date"":""2026-07-01"",""run_id"":""fcdac6b517fa4767ae7de180abf96bfe""},""join_samples"":{""date"":""2026-07-02"",""run_id"":""9e4e33f802cb4dde8190122e3fffbfbb""},""upload_data"":{""date"":""2026-07-02"",""run_id"":""e9518277e225485f801d89bd8a4f89fc""}}"
42,42,"25.3311594 , 55.3700361","25.0804829 , 55.3704058",urban-urban,urban,1963,"{""sample_routes"":{""date"":""2026-07-01"",""run_id"":""fcdac6b517fa4767ae7de180abf96bfe""},""join_samples"":{""date"":""2026-07-02"",""run_id"":""9e4e33f802cb4dde8190122e3fffbfbb""},""upload_data"":{""date"":""2026-07-02"",""run_id"":""e9518277e225485f801d89bd8a4f89fc""}}"
43,43,"25.322374800000002 , 55.492509500000004","25.243601400000003 , 55.492434800000005",urban-urban,urban,1630,"{""sample_routes"":{""date"":""2026-07-01"",""run_id"":""fcdac6b517fa4767ae7de180abf96bfe""},""join_samples"":{""date"":""2026-07-02"",""run_id"":""9e4e33f802cb4dde8190122e3fffbfbb""},""upload_data"":{""date"":""2026-07-02"",""run_id"":""e9518277e225485f801d89bd8a4f89fc""}}"
44,44,"25.364571700000003 , 55.5385538","25.141301700000003 , 55.315816100000006",urban-urban,urban,1970,"{""sample_routes"":{""date"":""2026-07-01"",""run_id"":""fcdac6b517fa4767ae7de180abf96bfe""},""join_samples"":{""date"":""2026-07-02"",""run_id"":""9e4e33f802cb4dde8190122e3fffbfbb""},""upload_data"":{""date"":""2026-07-02"",""run_id"":""e9518277e225485f801d89bd8a4f89fc""}}"
45,45,"25.402773900000003 , 55.4384535","25.2551057 , 55.5861881",urban-rural,urban,1976,"{""sample_routes"":{""date"":""2026-07-01"",""run_id"":""fcdac6b517fa4767ae7de180abf96bfe""},""join_samples"":{""date"":""2026-07-02"",""run_id"":""9e4e33f802cb4dde8190122e3fffbfbb""},""upload_data"":{""date"":""2026-07-02"",""run_id"":""e9518277e225485f801d89bd8a4f89fc""}}"
46,46,"25.2596844 , 55.3094217","25.107464 , 55.461283300000005",urban-rural,urban,1978,"{""sample_routes"":{""date"":""2026-07-01"",""run_id"":""fcdac6b517fa4767ae7de180abf96bfe""},""join_samples"":{""date"":""2026-07-02"",""run_id"":""9e4e33f802cb4dde8190122e3fffbfbb""},""upload_data"":{""date"":""2026-07-02"",""run_id"":""e9518277e225485f801d89bd8a4f89fc""}}"
47,47,"25.1643118 , 55.4055619","24.9601802 , 55.2011503",urban-urban,urban,1979,"{""sample_routes"":{""date"":""2026-07-01"",""run_id"":""fcdac6b517fa4767ae7de180abf96bfe""},""join_samples"":{""date"":""2026-07-02"",""run_id"":""9e4e33f802cb4dde8190122e3fffbfbb""},""upload_data"":{""date"":""2026-07-02"",""run_id"":""e9518277e225485f801d89bd8a4f89fc""}}"
48,48,"25.2618626 , 55.2897491","25.1252983 , 55.426037900000004",urban-urban,urban,1618,"{""sample_routes"":{""date"":""2026-07-01"",""run_id"":""fcdac6b517fa4767ae7de180abf96bfe""},""join_samples"":{""date"":""2026-07-02"",""run_id"":""9e4e33f802cb4dde8190122e3fffbfbb""},""upload_data"":{""date"":""2026-07-02"",""run_id"":""e9518277e225485f801d89bd8a4f89fc""}}"
49,49,"25.401486300000002 , 55.4443172","25.258106400000003 , 55.5877975",urban-rural,urban,1988,"{""sample_routes"":{""date"":""2026-07-01"",""run_id"":""fcdac6b517fa4767ae7de180abf96bfe""},""join_samples"":{""date"":""2026-07-02"",""run_id"":""9e4e33f802cb4dde8190122e3fffbfbb""},""upload_data"":{""date"":""2026-07-02"",""run_id"":""e9518277e225485f801d89bd8a4f89fc""}}"
50,50,"25.2354291 , 55.27072020000001","25.2350011 , 55.534998200000004",urban-urban,urban,1989,"{""sample_routes"":{""date"":""2026-07-01"",""run_id"":""fcdac6b517fa4767ae7de180abf96bfe""},""join_samples"":{""date"":""2026-07-02"",""run_id"":""9e4e33f802cb4dde8190122e3fffbfbb""},""upload_data"":{""date"":""2026-07-02"",""run_id"":""e9518277e225485f801d89bd8a4f89fc""}}"
51,51,"25.3588391 , 55.4407185","25.1451254 , 55.441149300000006",urban-urban,urban,1609,"{""sample_routes"":{""date"":""2026-07-01"",""run_id"":""fcdac6b517fa4767ae7de180abf96bfe""},""join_samples"":{""date"":""2026-07-02"",""run_id"":""9e4e33f802cb4dde8190122e3fffbfbb""},""upload_data"":{""date"":""2026-07-02"",""run_id"":""e9518277e225485f801d89bd8a4f89fc""}}"
52,52,"25.333536900000002 , 55.425980900000006","25.110954600000003 , 55.2034783",urban-urban,urban,1995,"{""sample_routes"":{""date"":""2026-07-01"",""run_id"":""fcdac6b517fa4767ae7de180abf96bfe""},""join_samples"":{""date"":""2026-07-02"",""run_id"":""9e4e33f802cb4dde8190122e3fffbfbb""},""upload_data"":{""date"":""2026-07-02"",""run_id"":""e9518277e225485f801d89bd8a4f89fc""}}"
53,53,"25.0129987 , 55.249641600000004","25.2145601 , 55.250010200000006",urban-urban,urban,1998,"{""sample_routes"":{""date"":""2026-07-01"",""run_id"":""fcdac6b517fa4767ae7de180abf96bfe""},""join_samples"":{""date"":""2026-07-02"",""run_id"":""9e4e33f802cb4dde8190122e3fffbfbb""},""upload_data"":{""date"":""2026-07-02"",""run_id"":""e9518277e225485f801d89bd8a4f89fc""}}"
54,54,"25.1129347 , 55.249688400000004","24.9380859 , 55.074877",urban-urban,urban,1999,"{""sample_routes"":{""date"":""2026-07-01"",""run_id"":""fcdac6b517fa4767ae7de180abf96bfe""},""join_samples"":{""date"":""2026-07-02"",""run_id"":""9e4e33f802cb4dde8190122e3fffbfbb""},""upload_data"":{""date"":""2026-07-02"",""run_id"":""e9518277e225485f801d89bd8a4f89fc""}}"
55,55,"25.1209624 , 55.379753900000004","25.240552800000003 , 55.2606843",urban-urban,urban,1600,"{""sample_routes"":{""date"":""2026-07-01"",""run_id"":""fcdac6b517fa4767ae7de180abf96bfe""},""join_samples"":{""date"":""2026-07-02"",""run_id"":""9e4e33f802cb4dde8190122e3fffbfbb""},""upload_data"":{""date"":""2026-07-02"",""run_id"":""e9518277e225485f801d89bd8a4f89fc""}}"
56,56,"25.1133336 , 55.187078400000004","25.1135813 , 55.4296481",urban-rural,urban,2009,"{""sample_routes"":{""date"":""2026-07-01"",""run_id"":""fcdac6b517fa4767ae7de180abf96bfe""},""join_samples"":{""date"":""2026-07-02"",""run_id"":""9e4e33f802cb4dde8190122e3fffbfbb""},""upload_data"":{""date"":""2026-07-02"",""run_id"":""e9518277e225485f801d89bd8a4f89fc""}}"
57,57,"24.9731884 , 55.009068600000006","25.1085569 , 55.1440896",rural-rural,urban,2012,"{""sample_routes"":{""date"":""2026-07-01"",""run_id"":""fcdac6b517fa4767ae7de180abf96bfe""},""join_samples"":{""date"":""2026-07-02"",""run_id"":""9e4e33f802cb4dde8190122e3fffbfbb""},""upload_data"":{""date"":""2026-07-02"",""run_id"":""e9518277e225485f801d89bd8a4f89fc""}}"
58,58,"25.2366558 , 55.5339776","25.373956200000002 , 55.39637750000001",urban-urban,urban,2012,"{""sample_routes"":{""date"":""2026-07-01"",""run_id"":""fcdac6b517fa4767ae7de180abf96bfe""},""join_samples"":{""date"":""2026-07-02"",""run_id"":""9e4e33f802cb4dde8190122e3fffbfbb""},""upload_data"":{""date"":""2026-07-02"",""run_id"":""e9518277e225485f801d89bd8a4f89fc""}}"
59,59,"25.1933565 , 55.544649500000006","25.3595587 , 55.378514800000005",rural-urban,urban,2013,"{""sample_routes"":{""date"":""2026-07-01"",""run_id"":""fcdac6b517fa4767ae7de180abf96bfe""},""join_samples"":{""date"":""2026-07-02"",""run_id"":""9e4e33f802cb4dde8190122e3fffbfbb""},""upload_data"":{""date"":""2026-07-02"",""run_id"":""e9518277e225485f801d89bd8a4f89fc""}}"
60,60,"25.0115836 , 55.262188800000004","25.230351900000002 , 55.262388800000004",urban-urban,urban,2015,"{""sample_routes"":{""date"":""2026-07-01"",""run_id"":""fcdac6b517fa4767ae7de180abf96bfe""},""join_samples"":{""date"":""2026-07-02"",""run_id"":""9e4e33f802cb4dde8190122e3fffbfbb""},""upload_data"":{""date"":""2026-07-02"",""run_id"":""e9518277e225485f801d89bd8a4f89fc""}}"
61,61,"25.1908272 , 55.3790484","25.4226262 , 55.610936900000006",urban-rural,urban,2017,"{""sample_routes"":{""date"":""2026-07-01"",""run_id"":""fcdac6b517fa4767ae7de180abf96bfe""},""join_samples"":{""date"":""2026-07-02"",""run_id"":""9e4e33f802cb4dde8190122e3fffbfbb""},""upload_data"":{""date"":""2026-07-02"",""run_id"":""e9518277e225485f801d89bd8a4f89fc""}}"
62,62,"25.174609800000002 , 55.427603000000005","25.299844200000003 , 55.301833300000006",urban-urban,urban,1581,"{""sample_routes"":{""date"":""2026-07-01"",""run_id"":""fcdac6b517fa4767ae7de180abf96bfe""},""join_samples"":{""date"":""2026-07-02"",""run_id"":""9e4e33f802cb4dde8190122e3fffbfbb""},""upload_data"":{""date"":""2026-07-02"",""run_id"":""e9518277e225485f801d89bd8a4f89fc""}}"
63,63,"25.3776334 , 55.564678900000004","25.1848707 , 55.3717333",urban-urban,urban,2019,"{""sample_routes"":{""date"":""2026-07-01"",""run_id"":""fcdac6b517fa4767ae7de180abf96bfe""},""join_samples"":{""date"":""2026-07-02"",""run_id"":""9e4e33f802cb4dde8190122e3fffbfbb""},""upload_data"":{""date"":""2026-07-02"",""run_id"":""e9518277e225485f801d89bd8a4f89fc""}}"
64,64,"25.086526900000003 , 55.2480363","25.318353300000002 , 55.4793863",urban-urban,urban,2022,"{""sample_routes"":{""date"":""2026-07-01"",""run_id"":""fcdac6b517fa4767ae7de180abf96bfe""},""join_samples"":{""date"":""2026-07-02"",""run_id"":""9e4e33f802cb4dde8190122e3fffbfbb""},""upload_data"":{""date"":""2026-07-02"",""run_id"":""e9518277e225485f801d89bd8a4f89fc""}}"
65,65,"25.392553600000003 , 55.494583000000006","25.204832600000003 , 55.494604100000004",urban-urban,urban,2024,"{""sample_routes"":{""date"":""2026-07-01"",""run_id"":""fcdac6b517fa4767ae7de180abf96bfe""},""join_samples"":{""date"":""2026-07-02"",""run_id"":""9e4e33f802cb4dde8190122e3fffbfbb""},""upload_data"":{""date"":""2026-07-02"",""run_id"":""e9518277e225485f801d89bd8a4f89fc""}}"
66,66,"25.0040581 , 55.13286110000001","25.1074409 , 55.1332729",urban-rural,urban,1575,"{""sample_routes"":{""date"":""2026-07-01"",""run_id"":""fcdac6b517fa4767ae7de180abf96bfe""},""join_samples"":{""date"":""2026-07-02"",""run_id"":""9e4e33f802cb4dde8190122e3fffbfbb""},""upload_data"":{""date"":""2026-07-02"",""run_id"":""e9518277e225485f801d89bd8a4f89fc""}}"
67,67,"25.0488822 , 55.189704600000006","25.2959815 , 55.4373633",urban-urban,urban,2027,"{""sample_routes"":{""date"":""2026-07-01"",""run_id"":""fcdac6b517fa4767ae7de180abf96bfe""},""join_samples"":{""date"":""2026-07-02"",""run_id"":""9e4e33f802cb4dde8190122e3fffbfbb""},""upload_data"":{""date"":""2026-07-02"",""run_id"":""e9518277e225485f801d89bd8a4f89fc""}}"
68,68,"25.3841171 , 55.4981883","25.2007072 , 55.497709400000005",urban-urban,urban,2029,"{""sample_routes"":{""date"":""2026-07-01"",""run_id"":""fcdac6b517fa4767ae7de180abf96bfe""},""join_samples"":{""date"":""2026-07-02"",""run_id"":""9e4e33f802cb4dde8190122e3fffbfbb""},""upload_data"":{""date"":""2026-07-02"",""run_id"":""e9518277e225485f801d89bd8a4f89fc""}}"
69,69,"25.010144800000003 , 55.2596757","25.227664200000003 , 55.2599377",urban-urban,urban,2038,"{""sample_routes"":{""date"":""2026-07-01"",""run_id"":""fcdac6b517fa4767ae7de180abf96bfe""},""join_samples"":{""date"":""2026-07-02"",""run_id"":""9e4e33f802cb4dde8190122e3fffbfbb""},""upload_data"":{""date"":""2026-07-02"",""run_id"":""e9518277e225485f801d89bd8a4f89fc""}}"
70,70,"25.013808100000002 , 55.2394296","25.2097771 , 55.23894730000001",urban-urban,urban,2039,"{""sample_routes"":{""date"":""2026-07-01"",""run_id"":""fcdac6b517fa4767ae7de180abf96bfe""},""join_samples"":{""date"":""2026-07-02"",""run_id"":""9e4e33f802cb4dde8190122e3fffbfbb""},""upload_data"":{""date"":""2026-07-02"",""run_id"":""e9518277e225485f801d89bd8a4f89fc""}}"
71,71,"25.330647000000003 , 55.3767672","25.105961200000003 , 55.151744400000005",urban-urban,urban,2043,"{""sample_routes"":{""date"":""2026-07-01"",""run_id"":""fcdac6b517fa4767ae7de180abf96bfe""},""join_samples"":{""date"":""2026-07-02"",""run_id"":""9e4e33f802cb4dde8190122e3fffbfbb""},""upload_data"":{""date"":""2026-07-02"",""run_id"":""e9518277e225485f801d89bd8a4f89fc""}}"
72,72,"25.233726100000002 , 55.510019400000004","25.3622282 , 55.3820094",urban-urban,urban,2044,"{""sample_routes"":{""date"":""2026-07-01"",""run_id"":""fcdac6b517fa4767ae7de180abf96bfe""},""join_samples"":{""date"":""2026-07-02"",""run_id"":""9e4e33f802cb4dde8190122e3fffbfbb""},""upload_data"":{""date"":""2026-07-02"",""run_id"":""e9518277e225485f801d89bd8a4f89fc""}}"
73,73,"25.2575778 , 55.455325800000004","25.3959864 , 55.45561",urban-urban,urban,1555,"{""sample_routes"":{""date"":""2026-07-01"",""run_id"":""fcdac6b517fa4767ae7de180abf96bfe""},""join_samples"":{""date"":""2026-07-02"",""run_id"":""9e4e33f802cb4dde8190122e3fffbfbb""},""upload_data"":{""date"":""2026-07-02"",""run_id"":""e9518277e225485f801d89bd8a4f89fc""}}"
74,74,"25.0145176 , 55.3052244","25.2550719 , 55.3057463",rural-urban,urban,2050,"{""sample_routes"":{""date"":""2026-07-01"",""run_id"":""fcdac6b517fa4767ae7de180abf96bfe""},""join_samples"":{""date"":""2026-07-02"",""run_id"":""9e4e33f802cb4dde8190122e3fffbfbb""},""upload_data"":{""date"":""2026-07-02"",""run_id"":""e9518277e225485f801d89bd8a4f89fc""}}"
75,75,"25.384020600000003 , 55.4500237","25.1521988 , 55.218059800000006",urban-urban,urban,2051,"{""sample_routes"":{""date"":""2026-07-01"",""run_id"":""fcdac6b517fa4767ae7de180abf96bfe""},""join_samples"":{""date"":""2026-07-02"",""run_id"":""9e4e33f802cb4dde8190122e3fffbfbb""},""upload_data"":{""date"":""2026-07-02"",""run_id"":""e9518277e225485f801d89bd8a4f89fc""}}"
76,76,"25.262505400000002 , 55.392062300000006","25.0659183 , 55.1956074",urban-urban,urban,2057,"{""sample_routes"":{""date"":""2026-07-01"",""run_id"":""fcdac6b517fa4767ae7de180abf96bfe""},""join_samples"":{""date"":""2026-07-02"",""run_id"":""9e4e33f802cb4dde8190122e3fffbfbb""},""upload_data"":{""date"":""2026-07-02"",""run_id"":""e9518277e225485f801d89bd8a4f89fc""}}"
77,77,"24.9984536 , 55.1692192","25.2410251 , 55.4115818",urban-urban,urban,2058,"{""sample_routes"":{""date"":""2026-07-01"",""run_id"":""fcdac6b517fa4767ae7de180abf96bfe""},""join_samples"":{""date"":""2026-07-02"",""run_id"":""9e4e33f802cb4dde8190122e3fffbfbb""},""upload_data"":{""date"":""2026-07-02"",""run_id"":""e9518277e225485f801d89bd8a4f89fc""}}"
78,78,"25.116198 , 55.203194200000006","25.381730100000002 , 55.4690402",urban-urban,urban,2059,"{""sample_routes"":{""date"":""2026-07-01"",""run_id"":""fcdac6b517fa4767ae7de180abf96bfe""},""join_samples"":{""date"":""2026-07-02"",""run_id"":""9e4e33f802cb4dde8190122e3fffbfbb""},""upload_data"":{""date"":""2026-07-02"",""run_id"":""e9518277e225485f801d89bd8a4f89fc""}}"
79,79,"25.2464063 , 55.357429200000006","24.996726900000002 , 55.1072161",urban-urban,urban,2059,"{""sample_routes"":{""date"":""2026-07-01"",""run_id"":""fcdac6b517fa4767ae7de180abf96bfe""},""join_samples"":{""date"":""2026-07-02"",""run_id"":""9e4e33f802cb4dde8190122e3fffbfbb""},""upload_data"":{""date"":""2026-07-02"",""run_id"":""e9518277e225485f801d89bd8a4f89fc""}}"
80,80,"25.1129223 , 55.1797235","25.3382986 , 55.405384100000006",urban-urban,urban,2060,"{""sample_routes"":{""date"":""2026-07-01"",""run_id"":""fcdac6b517fa4767ae7de180abf96bfe""},""join_samples"":{""date"":""2026-07-02"",""run_id"":""9e4e33f802cb4dde8190122e3fffbfbb""},""upload_data"":{""date"":""2026-07-02"",""run_id"":""e9518277e225485f801d89bd8a4f89fc""}}"
81,81,"25.1484789 , 55.2156619","25.392547800000003 , 55.459617900000005",urban-urban,urban,2061,"{""sample_routes"":{""date"":""2026-07-01"",""run_id"":""fcdac6b517fa4767ae7de180abf96bfe""},""join_samples"":{""date"":""2026-07-02"",""run_id"":""9e4e33f802cb4dde8190122e3fffbfbb""},""upload_data"":{""date"":""2026-07-02"",""run_id"":""e9518277e225485f801d89bd8a4f89fc""}}"
82,82,"24.9464131 , 55.0771747","25.2234325 , 55.353891600000004",urban-urban,urban,2062,"{""sample_routes"":{""date"":""2026-07-01"",""run_id"":""fcdac6b517fa4767ae7de180abf96bfe""},""join_samples"":{""date"":""2026-07-02"",""run_id"":""9e4e33f802cb4dde8190122e3fffbfbb""},""upload_data"":{""date"":""2026-07-02"",""run_id"":""e9518277e225485f801d89bd8a4f89fc""}}"
83,83,"25.0143959 , 55.0935697","25.2881496 , 55.3668175",urban-urban,urban,2063,"{""sample_routes"":{""date"":""2026-07-01"",""run_id"":""fcdac6b517fa4767ae7de180abf96bfe""},""join_samples"":{""date"":""2026-07-02"",""run_id"":""9e4e33f802cb4dde8190122e3fffbfbb""},""upload_data"":{""date"":""2026-07-02"",""run_id"":""e9518277e225485f801d89bd8a4f89fc""}}"
84,84,"25.410028800000003 , 55.449882200000005","25.2270882 , 55.2667323",urban-urban,urban,2064,"{""sample_routes"":{""date"":""2026-07-01"",""run_id"":""fcdac6b517fa4767ae7de180abf96bfe""},""join_samples"":{""date"":""2026-07-02"",""run_id"":""9e4e33f802cb4dde8190122e3fffbfbb""},""upload_data"":{""date"":""2026-07-02"",""run_id"":""e9518277e225485f801d89bd8a4f89fc""}}"
85,85,"25.0124105 , 55.134667300000004","25.116696700000002 , 55.1348044",urban-rural,urban,1536,"{""sample_routes"":{""date"":""2026-07-01"",""run_id"":""fcdac6b517fa4767ae7de180abf96bfe""},""join_samples"":{""date"":""2026-07-02"",""run_id"":""9e4e33f802cb4dde8190122e3fffbfbb""},""upload_data"":{""date"":""2026-07-02"",""run_id"":""e9518277e225485f801d89bd8a4f89fc""}}"
86,86,"25.2453061 , 55.4035961","25.245417200000002 , 55.256443000000004",urban-urban,urban,1534,"{""sample_routes"":{""date"":""2026-07-01"",""run_id"":""fcdac6b517fa4767ae7de180abf96bfe""},""join_samples"":{""date"":""2026-07-02"",""run_id"":""9e4e33f802cb4dde8190122e3fffbfbb""},""upload_data"":{""date"":""2026-07-02"",""run_id"":""e9518277e225485f801d89bd8a4f89fc""}}"
87,87,"25.119654800000003 , 55.386600800000004","25.2476266 , 55.2582024",urban-urban,urban,1534,"{""sample_routes"":{""date"":""2026-07-01"",""run_id"":""fcdac6b517fa4767ae7de180abf96bfe""},""join_samples"":{""date"":""2026-07-02"",""run_id"":""9e4e33f802cb4dde8190122e3fffbfbb""},""upload_data"":{""date"":""2026-07-02"",""run_id"":""e9518277e225485f801d89bd8a4f89fc""}}"
88,88,"25.264047100000003 , 55.4591318","25.098123800000003 , 55.4594973",urban-rural,mixed,1800,"{""sample_routes"":{""date"":""2026-07-01"",""run_id"":""fcdac6b517fa4767ae7de180abf96bfe""},""join_samples"":{""date"":""2026-07-02"",""run_id"":""9e4e33f802cb4dde8190122e3fffbfbb""},""upload_data"":{""date"":""2026-07-02"",""run_id"":""e9518277e225485f801d89bd8a4f89fc""}}"
89,89,"25.114839900000003 , 55.4541064","25.2092536 , 55.3601685",rural-urban,mixed,1790,"{""sample_routes"":{""date"":""2026-07-01"",""run_id"":""fcdac6b517fa4767ae7de180abf96bfe""},""join_samples"":{""date"":""2026-07-02"",""run_id"":""9e4e33f802cb4dde8190122e3fffbfbb""},""upload_data"":{""date"":""2026-07-02"",""run_id"":""e9518277e225485f801d89bd8a4f89fc""}}"
90,90,"25.1072181 , 55.4604274","25.2088974 , 55.358879200000004",rural-urban,mixed,1813,"{""sample_routes"":{""date"":""2026-07-01"",""run_id"":""fcdac6b517fa4767ae7de180abf96bfe""},""join_samples"":{""date"":""2026-07-02"",""run_id"":""9e4e33f802cb4dde8190122e3fffbfbb""},""upload_data"":{""date"":""2026-07-02"",""run_id"":""e9518277e225485f801d89bd8a4f89fc""}}"
91,91,"24.951553 , 55.220916900000006","24.9512696 , 55.094807",rural-urban,mixed,1817,"{""sample_routes"":{""date"":""2026-07-01"",""run_id"":""fcdac6b517fa4767ae7de180abf96bfe""},""join_samples"":{""date"":""2026-07-02"",""run_id"":""9e4e33f802cb4dde8190122e3fffbfbb""},""upload_data"":{""date"":""2026-07-02"",""run_id"":""e9518277e225485f801d89bd8a4f89fc""}}"
92,92,"25.1737286 , 55.402319600000006","25.2953249 , 55.5236492",urban-urban,mixed,1825,"{""sample_routes"":{""date"":""2026-07-01"",""run_id"":""fcdac6b517fa4767ae7de180abf96bfe""},""join_samples"":{""date"":""2026-07-02"",""run_id"":""9e4e33f802cb4dde8190122e3fffbfbb""},""upload_data"":{""date"":""2026-07-02"",""run_id"":""e9518277e225485f801d89bd8a4f89fc""}}"
93,93,"25.325355700000003 , 55.4600937","25.197729600000002 , 55.5881569",urban-rural,mixed,1827,"{""sample_routes"":{""date"":""2026-07-01"",""run_id"":""fcdac6b517fa4767ae7de180abf96bfe""},""join_samples"":{""date"":""2026-07-02"",""run_id"":""9e4e33f802cb4dde8190122e3fffbfbb""},""upload_data"":{""date"":""2026-07-02"",""run_id"":""e9518277e225485f801d89bd8a4f89fc""}}"
94,94,"25.169908200000002 , 55.4030842","25.294262200000002 , 55.527216700000004",urban-urban,mixed,1829,"{""sample_routes"":{""date"":""2026-07-01"",""run_id"":""fcdac6b517fa4767ae7de180abf96bfe""},""join_samples"":{""date"":""2026-07-02"",""run_id"":""9e4e33f802cb4dde8190122e3fffbfbb""},""upload_data"":{""date"":""2026-07-02"",""run_id"":""e9518277e225485f801d89bd8a4f89fc""}}"
95,95,"25.2003835 , 55.582827300000005","25.200550500000002 , 55.3094206",rural-urban,mixed,1734,"{""sample_routes"":{""date"":""2026-07-01"",""run_id"":""fcdac6b517fa4767ae7de180abf96bfe""},""join_samples"":{""date"":""2026-07-02"",""run_id"":""9e4e33f802cb4dde8190122e3fffbfbb""},""upload_data"":{""date"":""2026-07-02"",""run_id"":""e9518277e225485f801d89bd8a4f89fc""}}"
96,96,"25.215657500000002 , 55.31431190000001","25.2161623 , 55.5943259",urban-rural,mixed,1730,"{""sample_routes"":{""date"":""2026-07-01"",""run_id"":""fcdac6b517fa4767ae7de180abf96bfe""},""join_samples"":{""date"":""2026-07-02"",""run_id"":""9e4e33f802cb4dde8190122e3fffbfbb""},""upload_data"":{""date"":""2026-07-02"",""run_id"":""e9518277e225485f801d89bd8a4f89fc""}}"
97,97,"25.211491000000002 , 55.5686029","25.211210100000002 , 55.3704947",rural-urban,mixed,1729,"{""sample_routes"":{""date"":""2026-07-01"",""run_id"":""fcdac6b517fa4767ae7de180abf96bfe""},""join_samples"":{""date"":""2026-07-02"",""run_id"":""9e4e33f802cb4dde8190122e3fffbfbb""},""upload_data"":{""date"":""2026-07-02"",""run_id"":""e9518277e225485f801d89bd8a4f89fc""}}"
98,98,"25.0483262 , 55.1672166","25.1008609 , 55.115202700000005",urban-rural,mixed,1722,"{""sample_routes"":{""date"":""2026-07-01"",""run_id"":""fcdac6b517fa4767ae7de180abf96bfe""},""join_samples"":{""date"":""2026-07-02"",""run_id"":""9e4e33f802cb4dde8190122e3fffbfbb""},""upload_data"":{""date"":""2026-07-02"",""run_id"":""e9518277e225485f801d89bd8a4f89fc""}}"
99,99,"25.2174157 , 55.5830205","25.216919 , 55.354788500000005",rural-urban,mixed,1883,"{""sample_routes"":{""date"":""2026-07-01"",""run_id"":""fcdac6b517fa4767ae7de180abf96bfe""},""join_samples"":{""date"":""2026-07-02"",""run_id"":""9e4e33f802cb4dde8190122e3fffbfbb""},""upload_data"":{""date"":""2026-07-02"",""run_id"":""e9518277e225485f801d89bd8a4f89fc""}}"
100,100,"25.0538379 , 55.2259011","25.1249648 , 55.1547318",urban-urban,mixed,1903,"{""sample_routes"":{""date"":""2026-07-01"",""run_id"":""fcdac6b517fa4767ae7de180abf96bfe""},""join_samples"":{""date"":""2026-07-02"",""run_id"":""9e4e33f802cb4dde8190122e3fffbfbb""},""upload_data"":{""date"":""2026-07-02"",""run_id"":""e9518277e225485f801d89bd8a4f89fc""}}"
101,101,"24.937905200000003 , 55.2243653","25.0851167 , 55.224888500000006",rural-urban,mixed,1692,"{""sample_routes"":{""date"":""2026-07-01"",""run_id"":""fcdac6b517fa4767ae7de180abf96bfe""},""join_samples"":{""date"":""2026-07-02"",""run_id"":""9e4e33f802cb4dde8190122e3fffbfbb""},""upload_data"":{""date"":""2026-07-02"",""run_id"":""e9518277e225485f801d89bd8a4f89fc""}}"
102,102,"25.2649495 , 55.5864811","25.367809100000002 , 55.4834576",rural-urban,mixed,1690,"{""sample_routes"":{""date"":""2026-07-01"",""run_id"":""fcdac6b517fa4767ae7de180abf96bfe""},""join_samples"":{""date"":""2026-07-02"",""run_id"":""9e4e33f802cb4dde8190122e3fffbfbb""},""upload_data"":{""date"":""2026-07-02"",""run_id"":""e9518277e225485f801d89bd8a4f89fc""}}"
103,103,"25.3035013 , 55.5159255","25.2361882 , 55.515525100000005",urban-urban,mixed,1683,"{""sample_routes"":{""date"":""2026-07-01"",""run_id"":""fcdac6b517fa4767ae7de180abf96bfe""},""join_samples"":{""date"":""2026-07-02"",""run_id"":""9e4e33f802cb4dde8190122e3fffbfbb""},""upload_data"":{""date"":""2026-07-02"",""run_id"":""e9518277e225485f801d89bd8a4f89fc""}}"
104,104,"25.201427000000002 , 55.3502767","25.201203200000002 , 55.5825162",urban-rural,mixed,1677,"{""sample_routes"":{""date"":""2026-07-01"",""run_id"":""fcdac6b517fa4767ae7de180abf96bfe""},""join_samples"":{""date"":""2026-07-02"",""run_id"":""9e4e33f802cb4dde8190122e3fffbfbb""},""upload_data"":{""date"":""2026-07-02"",""run_id"":""e9518277e225485f801d89bd8a4f89fc""}}"
105,105,"25.285158600000003 , 55.4816834","25.120308 , 55.4812269",urban-rural,mixed,1670,"{""sample_routes"":{""date"":""2026-07-01"",""run_id"":""fcdac6b517fa4767ae7de180abf96bfe""},""join_samples"":{""date"":""2026-07-02"",""run_id"":""9e4e33f802cb4dde8190122e3fffbfbb""},""upload_data"":{""date"":""2026-07-02"",""run_id"":""e9518277e225485f801d89bd8a4f89fc""}}"
106,106,"25.1170559 , 55.392624000000005","25.2623873 , 55.537473600000006",urban-urban,mixed,1931,"{""sample_routes"":{""date"":""2026-07-01"",""run_id"":""fcdac6b517fa4767ae7de180abf96bfe""},""join_samples"":{""date"":""2026-07-02"",""run_id"":""9e4e33f802cb4dde8190122e3fffbfbb""},""upload_data"":{""date"":""2026-07-02"",""run_id"":""e9518277e225485f801d89bd8a4f89fc""}}"
107,107,"25.2674285 , 55.586113700000006","25.3724078 , 55.481058600000004",rural-urban,mixed,1666,"{""sample_routes"":{""date"":""2026-07-01"",""run_id"":""fcdac6b517fa4767ae7de180abf96bfe""},""join_samples"":{""date"":""2026-07-02"",""run_id"":""9e4e33f802cb4dde8190122e3fffbfbb""},""upload_data"":{""date"":""2026-07-02"",""run_id"":""e9518277e225485f801d89bd8a4f89fc""}}"
108,108,"25.0631939 , 55.1407195","25.1410364 , 55.140249000000004",urban-rural,mixed,1652,"{""sample_routes"":{""date"":""2026-07-01"",""run_id"":""fcdac6b517fa4767ae7de180abf96bfe""},""join_samples"":{""date"":""2026-07-02"",""run_id"":""9e4e33f802cb4dde8190122e3fffbfbb""},""upload_data"":{""date"":""2026-07-02"",""run_id"":""e9518277e225485f801d89bd8a4f89fc""}}"
109,109,"25.527953500000002 , 55.5367704","25.344440900000002 , 55.5366925",rural-urban,mixed,1635,"{""sample_routes"":{""date"":""2026-07-01"",""run_id"":""fcdac6b517fa4767ae7de180abf96bfe""},""join_samples"":{""date"":""2026-07-02"",""run_id"":""9e4e33f802cb4dde8190122e3fffbfbb""},""upload_data"":{""date"":""2026-07-02"",""run_id"":""e9518277e225485f801d89bd8a4f89fc""}}"
110,110,"25.1643474 , 55.414759800000006","25.277380700000002 , 55.5272676",urban-urban,mixed,1976,"{""sample_routes"":{""date"":""2026-07-01"",""run_id"":""fcdac6b517fa4767ae7de180abf96bfe""},""join_samples"":{""date"":""2026-07-02"",""run_id"":""9e4e33f802cb4dde8190122e3fffbfbb""},""upload_data"":{""date"":""2026-07-02"",""run_id"":""e9518277e225485f801d89bd8a4f89fc""}}"
111,111,"25.2419316 , 55.4277421","25.2422453 , 55.6218103",urban-rural,mixed,1617,"{""sample_routes"":{""date"":""2026-07-01"",""run_id"":""fcdac6b517fa4767ae7de180abf96bfe""},""join_samples"":{""date"":""2026-07-02"",""run_id"":""9e4e33f802cb4dde8190122e3fffbfbb""},""upload_data"":{""date"":""2026-07-02"",""run_id"":""e9518277e225485f801d89bd8a4f89fc""}}"
112,112,"24.878711000000003 , 55.0482014","24.9446663 , 55.0478718",rural-urban,mixed,1606,"{""sample_routes"":{""date"":""2026-07-01"",""run_id"":""fcdac6b517fa4767ae7de180abf96bfe""},""join_samples"":{""date"":""2026-07-02"",""run_id"":""9e4e33f802cb4dde8190122e3fffbfbb""},""upload_data"":{""date"":""2026-07-02"",""run_id"":""e9518277e225485f801d89bd8a4f89fc""}}"
113,113,"25.214191900000003 , 55.5821983","25.2140504 , 55.3232292",rural-urban,mixed,2000,"{""sample_routes"":{""date"":""2026-07-01"",""run_id"":""fcdac6b517fa4767ae7de180abf96bfe""},""join_samples"":{""date"":""2026-07-02"",""run_id"":""9e4e33f802cb4dde8190122e3fffbfbb""},""upload_data"":{""date"":""2026-07-02"",""run_id"":""e9518277e225485f801d89bd8a4f89fc""}}"
114,114,"25.240932200000003 , 55.454571900000005","25.241438700000003 , 55.564241700000004",urban-urban,mixed,1591,"{""sample_routes"":{""date"":""2026-07-01"",""run_id"":""fcdac6b517fa4767ae7de180abf96bfe""},""join_samples"":{""date"":""2026-07-02"",""run_id"":""9e4e33f802cb4dde8190122e3fffbfbb""},""upload_data"":{""date"":""2026-07-02"",""run_id"":""e9518277e225485f801d89bd8a4f89fc""}}"
115,115,"24.94529 , 55.223162800000004","25.0825412 , 55.222705700000006",rural-urban,mixed,1579,"{""sample_routes"":{""date"":""2026-07-01"",""run_id"":""fcdac6b517fa4767ae7de180abf96bfe""},""join_samples"":{""date"":""2026-07-02"",""run_id"":""9e4e33f802cb4dde8190122e3fffbfbb""},""upload_data"":{""date"":""2026-07-02"",""run_id"":""e9518277e225485f801d89bd8a4f89fc""}}"
116,116,"25.3127138 , 55.528180400000004","25.2457879 , 55.527686100000004",urban-urban,mixed,1570,"{""sample_routes"":{""date"":""2026-07-01"",""run_id"":""fcdac6b517fa4767ae7de180abf96bfe""},""join_samples"":{""date"":""2026-07-02"",""run_id"":""9e4e33f802cb4dde8190122e3fffbfbb""},""upload_data"":{""date"":""2026-07-02"",""run_id"":""e9518277e225485f801d89bd8a4f89fc""}}"
117,117,"24.8746671 , 55.047341200000005","24.9491082 , 55.04723310000001",rural-urban,mixed,1568,"{""sample_routes"":{""date"":""2026-07-01"",""run_id"":""fcdac6b517fa4767ae7de180abf96bfe""},""join_samples"":{""date"":""2026-07-02"",""run_id"":""9e4e33f802cb4dde8190122e3fffbfbb""},""upload_data"":{""date"":""2026-07-02"",""run_id"":""e9518277e225485f801d89bd8a4f89fc""}}"
118,118,"25.1714604 , 55.398951000000004","25.2735123 , 55.501347700000004",urban-urban,mixed,1560,"{""sample_routes"":{""date"":""2026-07-01"",""run_id"":""fcdac6b517fa4767ae7de180abf96bfe""},""join_samples"":{""date"":""2026-07-02"",""run_id"":""9e4e33f802cb4dde8190122e3fffbfbb""},""upload_data"":{""date"":""2026-07-02"",""run_id"":""e9518277e225485f801d89bd8a4f89fc""}}"
119,119,"25.245437300000003 , 55.305572500000004","25.2450501 , 55.613125800000006",urban-rural,mixed,2041,"{""sample_routes"":{""date"":""2026-07-01"",""run_id"":""fcdac6b517fa4767ae7de180abf96bfe""},""join_samples"":{""date"":""2026-07-02"",""run_id"":""9e4e33f802cb4dde8190122e3fffbfbb""},""upload_data"":{""date"":""2026-07-02"",""run_id"":""e9518277e225485f801d89bd8a4f89fc""}}"
120,120,"25.0789879 , 55.3613489","25.235925700000003 , 55.518307500000006",urban-urban,mixed,2045,"{""sample_routes"":{""date"":""2026-07-01"",""run_id"":""fcdac6b517fa4767ae7de180abf96bfe""},""join_samples"":{""date"":""2026-07-02"",""run_id"":""9e4e33f802cb4dde8190122e3fffbfbb""},""upload_data"":{""date"":""2026-07-02"",""run_id"":""e9518277e225485f801d89bd8a4f89fc""}}"
121,121,"25.3540251 , 55.596650700000005","25.160244000000002 , 55.4025654",rural-urban,mixed,2047,"{""sample_routes"":{""date"":""2026-07-01"",""run_id"":""fcdac6b517fa4767ae7de180abf96bfe""},""join_samples"":{""date"":""2026-07-02"",""run_id"":""9e4e33f802cb4dde8190122e3fffbfbb""},""upload_data"":{""date"":""2026-07-02"",""run_id"":""e9518277e225485f801d89bd8a4f89fc""}}"
122,122,"25.2425831 , 55.281356200000005","25.2428649 , 55.56768400000001",urban-urban,mixed,2063,"{""sample_routes"":{""date"":""2026-07-01"",""run_id"":""fcdac6b517fa4767ae7de180abf96bfe""},""join_samples"":{""date"":""2026-07-02"",""run_id"":""9e4e33f802cb4dde8190122e3fffbfbb""},""upload_data"":{""date"":""2026-07-02"",""run_id"":""e9518277e225485f801d89bd8a4f89fc""}}"
123,123,"25.233957500000002 , 55.3200213","25.2343341 , 55.61650040000001",urban-rural,mixed,2064,"{""sample_routes"":{""date"":""2026-07-01"",""run_id"":""fcdac6b517fa4767ae7de180abf96bfe""},""join_samples"":{""date"":""2026-07-02"",""run_id"":""9e4e33f802cb4dde8190122e3fffbfbb""},""upload_data"":{""date"":""2026-07-02"",""run_id"":""e9518277e225485f801d89bd8a4f89fc""}}"
124,124,"25.2594314 , 55.587793500000004","25.2597798 , 55.3168869",rural-urban,mixed,2068,"{""sample_routes"":{""date"":""2026-07-01"",""run_id"":""fcdac6b517fa4767ae7de180abf96bfe""},""join_samples"":{""date"":""2026-07-02"",""run_id"":""9e4e33f802cb4dde8190122e3fffbfbb""},""upload_data"":{""date"":""2026-07-02"",""run_id"":""e9518277e225485f801d89bd8a4f89fc""}}"
125,125,"24.9740024 , 55.01152810000001","24.900527 , 55.0118044",urban-rural,mixed,1530,"{""sample_routes"":{""date"":""2026-07-01"",""run_id"":""fcdac6b517fa4767ae7de180abf96bfe""},""join_samples"":{""date"":""2026-07-02"",""run_id"":""9e4e33f802cb4dde8190122e3fffbfbb""},""upload_data"":{""date"":""2026-07-02"",""run_id"":""e9518277e225485f801d89bd8a4f89fc""}}"
0,0,"24.2997729 , 54.624070200000006","24.2995243 , 54.752485",urban-rural,urban,1800,"{""sample_routes"":{""date"":""2026-07-01"",""run_id"":""fcdac6b517fa4767ae7de180abf96bfe""},""join_samples"":{""date"":""2026-07-02"",""run_id"":""9e4e33f802cb4dde8190122e3fffbfbb""},""upload_data"":{""date"":""2026-07-02"",""run_id"":""e9518277e225485f801d89bd8a4f89fc""}}"
1,1,"24.524545600000003 , 54.452443","24.486514200000002 , 54.414963500000006",rural-urban,urban,1790,"{""sample_routes"":{""date"":""2026-07-01"",""run_id"":""fcdac6b517fa4767ae7de180abf96bfe""},""join_samples"":{""date"":""2026-07-02"",""run_id"":""9e4e33f802cb4dde8190122e3fffbfbb""},""upload_data"":{""date"":""2026-07-02"",""run_id"":""e9518277e225485f801d89bd8a4f89fc""}}"
2,2,"24.282966400000003 , 54.5541033","24.2832544 , 54.540502100000005",urban-urban,urban,1785,"{""sample_routes"":{""date"":""2026-07-01"",""run_id"":""fcdac6b517fa4767ae7de180abf96bfe""},""join_samples"":{""date"":""2026-07-02"",""run_id"":""9e4e33f802cb4dde8190122e3fffbfbb""},""upload_data"":{""date"":""2026-07-02"",""run_id"":""e9518277e225485f801d89bd8a4f89fc""}}"
3,3,"24.334196900000002 , 54.525702300000006","24.4906641 , 54.3695795",urban-urban,urban,1815,"{""sample_routes"":{""date"":""2026-07-01"",""run_id"":""fcdac6b517fa4767ae7de180abf96bfe""},""join_samples"":{""date"":""2026-07-02"",""run_id"":""9e4e33f802cb4dde8190122e3fffbfbb""},""upload_data"":{""date"":""2026-07-02"",""run_id"":""e9518277e225485f801d89bd8a4f89fc""}}"
4,4,"24.299416700000002 , 54.648771100000005","24.485314900000002 , 54.648293200000005",urban-rural,urban,1823,"{""sample_routes"":{""date"":""2026-07-01"",""run_id"":""fcdac6b517fa4767ae7de180abf96bfe""},""join_samples"":{""date"":""2026-07-02"",""run_id"":""9e4e33f802cb4dde8190122e3fffbfbb""},""upload_data"":{""date"":""2026-07-02"",""run_id"":""e9518277e225485f801d89bd8a4f89fc""}}"
5,5,"24.3967323 , 54.7572874","24.2312678 , 54.7571468",rural-rural,urban,1829,"{""sample_routes"":{""date"":""2026-07-01"",""run_id"":""fcdac6b517fa4767ae7de180abf96bfe""},""join_samples"":{""date"":""2026-07-02"",""run_id"":""9e4e33f802cb4dde8190122e3fffbfbb""},""upload_data"":{""date"":""2026-07-02"",""run_id"":""e9518277e225485f801d89bd8a4f89fc""}}"
6,6,"24.4426263 , 54.363494100000004","24.3315357 , 54.474341200000005",urban-urban,urban,1831,"{""sample_routes"":{""date"":""2026-07-01"",""run_id"":""fcdac6b517fa4767ae7de180abf96bfe""},""join_samples"":{""date"":""2026-07-02"",""run_id"":""9e4e33f802cb4dde8190122e3fffbfbb""},""upload_data"":{""date"":""2026-07-02"",""run_id"":""e9518277e225485f801d89bd8a4f89fc""}}"
7,7,"24.2934446 , 54.646807900000006","24.485486100000003 , 54.646951200000004",urban-rural,urban,1764,"{""sample_routes"":{""date"":""2026-07-01"",""run_id"":""fcdac6b517fa4767ae7de180abf96bfe""},""join_samples"":{""date"":""2026-07-02"",""run_id"":""9e4e33f802cb4dde8190122e3fffbfbb""},""upload_data"":{""date"":""2026-07-02"",""run_id"":""e9518277e225485f801d89bd8a4f89fc""}}"
8,8,"24.4589046 , 54.7313168","24.2968848 , 54.568891400000005",urban-urban,urban,1846,"{""sample_routes"":{""date"":""2026-07-01"",""run_id"":""fcdac6b517fa4767ae7de180abf96bfe""},""join_samples"":{""date"":""2026-07-02"",""run_id"":""9e4e33f802cb4dde8190122e3fffbfbb""},""upload_data"":{""date"":""2026-07-02"",""run_id"":""e9518277e225485f801d89bd8a4f89fc""}}"
9,9,"24.252594400000003 , 54.630155","24.4237505 , 54.630247100000005",urban-urban,urban,1863,"{""sample_routes"":{""date"":""2026-07-01"",""run_id"":""fcdac6b517fa4767ae7de180abf96bfe""},""join_samples"":{""date"":""2026-07-02"",""run_id"":""9e4e33f802cb4dde8190122e3fffbfbb""},""upload_data"":{""date"":""2026-07-02"",""run_id"":""e9518277e225485f801d89bd8a4f89fc""}}"
10,10,"24.2703612 , 54.647606","24.486249200000003 , 54.6476345",urban-rural,urban,1874,"{""sample_routes"":{""date"":""2026-07-01"",""run_id"":""fcdac6b517fa4767ae7de180abf96bfe""},""join_samples"":{""date"":""2026-07-02"",""run_id"":""9e4e33f802cb4dde8190122e3fffbfbb""},""upload_data"":{""date"":""2026-07-02"",""run_id"":""e9518277e225485f801d89bd8a4f89fc""}}"
11,11,"24.425123900000003 , 54.4543083","24.255389800000003 , 54.6241684",urban-urban,urban,1877,"{""sample_routes"":{""date"":""2026-07-01"",""run_id"":""fcdac6b517fa4767ae7de180abf96bfe""},""join_samples"":{""date"":""2026-07-02"",""run_id"":""9e4e33f802cb4dde8190122e3fffbfbb""},""upload_data"":{""date"":""2026-07-02"",""run_id"":""e9518277e225485f801d89bd8a4f89fc""}}"
12,12,"24.3283628 , 54.7456296","24.399925200000002 , 54.674308700000005",rural-urban,urban,1720,"{""sample_routes"":{""date"":""2026-07-01"",""run_id"":""fcdac6b517fa4767ae7de180abf96bfe""},""join_samples"":{""date"":""2026-07-02"",""run_id"":""9e4e33f802cb4dde8190122e3fffbfbb""},""upload_data"":{""date"":""2026-07-02"",""run_id"":""e9518277e225485f801d89bd8a4f89fc""}}"
13,13,"24.393886000000002 , 54.5137773","24.483370400000002 , 54.6030487",urban-rural,urban,1717,"{""sample_routes"":{""date"":""2026-07-01"",""run_id"":""fcdac6b517fa4767ae7de180abf96bfe""},""join_samples"":{""date"":""2026-07-02"",""run_id"":""9e4e33f802cb4dde8190122e3fffbfbb""},""upload_data"":{""date"":""2026-07-02"",""run_id"":""e9518277e225485f801d89bd8a4f89fc""}}"
14,14,"24.4491704 , 54.7212042","24.2859345 , 54.557676",urban-urban,urban,1899,"{""sample_routes"":{""date"":""2026-07-01"",""run_id"":""fcdac6b517fa4767ae7de180abf96bfe""},""join_samples"":{""date"":""2026-07-02"",""run_id"":""9e4e33f802cb4dde8190122e3fffbfbb""},""upload_data"":{""date"":""2026-07-02"",""run_id"":""e9518277e225485f801d89bd8a4f89fc""}}"
15,15,"24.319772200000003 , 54.6951103","24.2188702 , 54.694768700000004",urban-rural,urban,1699,"{""sample_routes"":{""date"":""2026-07-01"",""run_id"":""fcdac6b517fa4767ae7de180abf96bfe""},""join_samples"":{""date"":""2026-07-02"",""run_id"":""9e4e33f802cb4dde8190122e3fffbfbb""},""upload_data"":{""date"":""2026-07-02"",""run_id"":""e9518277e225485f801d89bd8a4f89fc""}}"
16,16,"24.3151297 , 54.6474485","24.314855700000003 , 54.4806164",urban-urban,urban,1693,"{""sample_routes"":{""date"":""2026-07-01"",""run_id"":""fcdac6b517fa4767ae7de180abf96bfe""},""join_samples"":{""date"":""2026-07-02"",""run_id"":""9e4e33f802cb4dde8190122e3fffbfbb""},""upload_data"":{""date"":""2026-07-02"",""run_id"":""e9518277e225485f801d89bd8a4f89fc""}}"
17,17,"24.297037900000003 , 54.685520200000006","24.424380600000003 , 54.5577228",urban-urban,urban,1909,"{""sample_routes"":{""date"":""2026-07-01"",""run_id"":""fcdac6b517fa4767ae7de180abf96bfe""},""join_samples"":{""date"":""2026-07-02"",""run_id"":""9e4e33f802cb4dde8190122e3fffbfbb""},""upload_data"":{""date"":""2026-07-02"",""run_id"":""e9518277e225485f801d89bd8a4f89fc""}}"
18,18,"24.375476600000002 , 54.610884600000006","24.281676500000003 , 54.611327",urban-urban,urban,1691,"{""sample_routes"":{""date"":""2026-07-01"",""run_id"":""fcdac6b517fa4767ae7de180abf96bfe""},""join_samples"":{""date"":""2026-07-02"",""run_id"":""9e4e33f802cb4dde8190122e3fffbfbb""},""upload_data"":{""date"":""2026-07-02"",""run_id"":""e9518277e225485f801d89bd8a4f89fc""}}"
19,19,"24.3528363 , 54.590323100000006","24.4834976 , 54.459976700000006",urban-urban,urban,1911,"{""sample_routes"":{""date"":""2026-07-01"",""run_id"":""fcdac6b517fa4767ae7de180abf96bfe""},""join_samples"":{""date"":""2026-07-02"",""run_id"":""9e4e33f802cb4dde8190122e3fffbfbb""},""upload_data"":{""date"":""2026-07-02"",""run_id"":""e9518277e225485f801d89bd8a4f89fc""}}"
20,20,"24.414128400000003 , 54.568499900000006","24.298775900000003 , 54.4534048",urban-urban,urban,1688,"{""sample_routes"":{""date"":""2026-07-01"",""run_id"":""fcdac6b517fa4767ae7de180abf96bfe""},""join_samples"":{""date"":""2026-07-02"",""run_id"":""9e4e33f802cb4dde8190122e3fffbfbb""},""upload_data"":{""date"":""2026-07-02"",""run_id"":""e9518277e225485f801d89bd8a4f89fc""}}"
21,21,"24.383766100000003 , 54.7303736","24.249058 , 54.72983790000001",urban-urban,urban,1915,"{""sample_routes"":{""date"":""2026-07-01"",""run_id"":""fcdac6b517fa4767ae7de180abf96bfe""},""join_samples"":{""date"":""2026-07-02"",""run_id"":""9e4e33f802cb4dde8190122e3fffbfbb""},""upload_data"":{""date"":""2026-07-02"",""run_id"":""e9518277e225485f801d89bd8a4f89fc""}}"
22,22,"24.3711033 , 54.679264200000006","24.4382199 , 54.612547600000006",urban-urban,urban,1684,"{""sample_routes"":{""date"":""2026-07-01"",""run_id"":""fcdac6b517fa4767ae7de180abf96bfe""},""join_samples"":{""date"":""2026-07-02"",""run_id"":""9e4e33f802cb4dde8190122e3fffbfbb""},""upload_data"":{""date"":""2026-07-02"",""run_id"":""e9518277e225485f801d89bd8a4f89fc""}}"
23,23,"24.3740828 , 54.5233186","24.4871845 , 54.636763900000005",urban-rural,urban,1678,"{""sample_routes"":{""date"":""2026-07-01"",""run_id"":""fcdac6b517fa4767ae7de180abf96bfe""},""join_samples"":{""date"":""2026-07-02"",""run_id"":""9e4e33f802cb4dde8190122e3fffbfbb""},""upload_data"":{""date"":""2026-07-02"",""run_id"":""e9518277e225485f801d89bd8a4f89fc""}}"
24,24,"24.3553596 , 54.712518900000006","24.453719200000002 , 54.613610900000005",urban-urban,urban,1676,"{""sample_routes"":{""date"":""2026-07-01"",""run_id"":""fcdac6b517fa4767ae7de180abf96bfe""},""join_samples"":{""date"":""2026-07-02"",""run_id"":""9e4e33f802cb4dde8190122e3fffbfbb""},""upload_data"":{""date"":""2026-07-02"",""run_id"":""e9518277e225485f801d89bd8a4f89fc""}}"
25,25,"24.389893100000002 , 54.704416","24.281465700000002 , 54.5962042",urban-urban,urban,1927,"{""sample_routes"":{""date"":""2026-07-01"",""run_id"":""fcdac6b517fa4767ae7de180abf96bfe""},""join_samples"":{""date"":""2026-07-02"",""run_id"":""9e4e33f802cb4dde8190122e3fffbfbb""},""upload_data"":{""date"":""2026-07-02"",""run_id"":""e9518277e225485f801d89bd8a4f89fc""}}"
26,26,"24.297461100000003 , 54.6278821","24.4614365 , 54.6283503",urban-rural,urban,1670,"{""sample_routes"":{""date"":""2026-07-01"",""run_id"":""fcdac6b517fa4767ae7de180abf96bfe""},""join_samples"":{""date"":""2026-07-02"",""run_id"":""9e4e33f802cb4dde8190122e3fffbfbb""},""upload_data"":{""date"":""2026-07-02"",""run_id"":""e9518277e225485f801d89bd8a4f89fc""}}"
27,27,"24.348686200000003 , 54.772440800000005","24.4432659 , 54.678207",rural-urban,urban,1670,"{""sample_routes"":{""date"":""2026-07-01"",""run_id"":""fcdac6b517fa4767ae7de180abf96bfe""},""join_samples"":{""date"":""2026-07-02"",""run_id"":""9e4e33f802cb4dde8190122e3fffbfbb""},""upload_data"":{""date"":""2026-07-02"",""run_id"":""e9518277e225485f801d89bd8a4f89fc""}}"
28,28,"24.4364734 , 54.430629100000004","24.232263300000003 , 54.6349212",urban-rural,urban,1933,"{""sample_routes"":{""date"":""2026-07-01"",""run_id"":""fcdac6b517fa4767ae7de180abf96bfe""},""join_samples"":{""date"":""2026-07-02"",""run_id"":""9e4e33f802cb4dde8190122e3fffbfbb""},""upload_data"":{""date"":""2026-07-02"",""run_id"":""e9518277e225485f801d89bd8a4f89fc""}}"
29,29,"24.373611800000003 , 54.6776969","24.2242442 , 54.677345800000005",urban-rural,urban,1937,"{""sample_routes"":{""date"":""2026-07-01"",""run_id"":""fcdac6b517fa4767ae7de180abf96bfe""},""join_samples"":{""date"":""2026-07-02"",""run_id"":""9e4e33f802cb4dde8190122e3fffbfbb""},""upload_data"":{""date"":""2026-07-02"",""run_id"":""e9518277e225485f801d89bd8a4f89fc""}}"
30,30,"24.399180700000002 , 54.7022623","24.2436183 , 54.702457300000006",urban-urban,urban,1948,"{""sample_routes"":{""date"":""2026-07-01"",""run_id"":""fcdac6b517fa4767ae7de180abf96bfe""},""join_samples"":{""date"":""2026-07-02"",""run_id"":""9e4e33f802cb4dde8190122e3fffbfbb""},""upload_data"":{""date"":""2026-07-02"",""run_id"":""e9518277e225485f801d89bd8a4f89fc""}}"
31,31,"24.3691053 , 54.600806000000006","24.283822200000003 , 54.600793800000005",urban-urban,urban,1638,"{""sample_routes"":{""date"":""2026-07-01"",""run_id"":""fcdac6b517fa4767ae7de180abf96bfe""},""join_samples"":{""date"":""2026-07-02"",""run_id"":""9e4e33f802cb4dde8190122e3fffbfbb""},""upload_data"":{""date"":""2026-07-02"",""run_id"":""e9518277e225485f801d89bd8a4f89fc""}}"
32,32,"24.4115104 , 54.477641000000006","24.4118421 , 54.7601281",urban-urban,urban,1636,"{""sample_routes"":{""date"":""2026-07-01"",""run_id"":""fcdac6b517fa4767ae7de180abf96bfe""},""join_samples"":{""date"":""2026-07-02"",""run_id"":""9e4e33f802cb4dde8190122e3fffbfbb""},""upload_data"":{""date"":""2026-07-02"",""run_id"":""e9518277e225485f801d89bd8a4f89fc""}}"
33,33,"24.2805447 , 54.6976736","24.2807312 , 54.438302",urban-rural,urban,1965,"{""sample_routes"":{""date"":""2026-07-01"",""run_id"":""fcdac6b517fa4767ae7de180abf96bfe""},""join_samples"":{""date"":""2026-07-02"",""run_id"":""9e4e33f802cb4dde8190122e3fffbfbb""},""upload_data"":{""date"":""2026-07-02"",""run_id"":""e9518277e225485f801d89bd8a4f89fc""}}"
34,34,"24.352308100000002 , 54.56606","24.4550361 , 54.668854",urban-urban,urban,1629,"{""sample_routes"":{""date"":""2026-07-01"",""run_id"":""fcdac6b517fa4767ae7de180abf96bfe""},""join_samples"":{""date"":""2026-07-02"",""run_id"":""9e4e33f802cb4dde8190122e3fffbfbb""},""upload_data"":{""date"":""2026-07-02"",""run_id"":""e9518277e225485f801d89bd8a4f89fc""}}"
35,35,"24.423418 , 54.581101800000006","24.263058 , 54.5815258",urban-urban,urban,1975,"{""sample_routes"":{""date"":""2026-07-01"",""run_id"":""fcdac6b517fa4767ae7de180abf96bfe""},""join_samples"":{""date"":""2026-07-02"",""run_id"":""9e4e33f802cb4dde8190122e3fffbfbb""},""upload_data"":{""date"":""2026-07-02"",""run_id"":""e9518277e225485f801d89bd8a4f89fc""}}"
36,36,"24.458194300000002 , 54.7189934","24.2880411 , 54.54854580000001",urban-urban,urban,1975,"{""sample_routes"":{""date"":""2026-07-01"",""run_id"":""fcdac6b517fa4767ae7de180abf96bfe""},""join_samples"":{""date"":""2026-07-02"",""run_id"":""9e4e33f802cb4dde8190122e3fffbfbb""},""upload_data"":{""date"":""2026-07-02"",""run_id"":""e9518277e225485f801d89bd8a4f89fc""}}"
37,37,"24.371987 , 54.603129300000006","24.281842 , 54.603194300000006",urban-urban,urban,1624,"{""sample_routes"":{""date"":""2026-07-01"",""run_id"":""fcdac6b517fa4767ae7de180abf96bfe""},""join_samples"":{""date"":""2026-07-02"",""run_id"":""9e4e33f802cb4dde8190122e3fffbfbb""},""upload_data"":{""date"":""2026-07-02"",""run_id"":""e9518277e225485f801d89bd8a4f89fc""}}"
38,38,"24.4263233 , 54.557430000000004","24.541073100000002 , 54.442651700000006",urban-rural,urban,1977,"{""sample_routes"":{""date"":""2026-07-01"",""run_id"":""fcdac6b517fa4767ae7de180abf96bfe""},""join_samples"":{""date"":""2026-07-02"",""run_id"":""9e4e33f802cb4dde8190122e3fffbfbb""},""upload_data"":{""date"":""2026-07-02"",""run_id"":""e9518277e225485f801d89bd8a4f89fc""}}"
39,39,"24.3013161 , 54.5604906","24.434232100000003 , 54.5604014",urban-urban,urban,1622,"{""sample_routes"":{""date"":""2026-07-01"",""run_id"":""fcdac6b517fa4767ae7de180abf96bfe""},""join_samples"":{""date"":""2026-07-02"",""run_id"":""9e4e33f802cb4dde8190122e3fffbfbb""},""upload_data"":{""date"":""2026-07-02"",""run_id"":""e9518277e225485f801d89bd8a4f89fc""}}"
40,40,"24.3543053 , 54.656062000000006","24.3539002 , 54.7516158",urban-rural,urban,1617,"{""sample_routes"":{""date"":""2026-07-01"",""run_id"":""fcdac6b517fa4767ae7de180abf96bfe""},""join_samples"":{""date"":""2026-07-02"",""run_id"":""9e4e33f802cb4dde8190122e3fffbfbb""},""upload_data"":{""date"":""2026-07-02"",""run_id"":""e9518277e225485f801d89bd8a4f89fc""}}"
41,41,"24.293636900000003 , 54.74069720000001","24.2358189 , 54.740554100000004",rural-rural,urban,1605,"{""sample_routes"":{""date"":""2026-07-01"",""run_id"":""fcdac6b517fa4767ae7de180abf96bfe""},""join_samples"":{""date"":""2026-07-02"",""run_id"":""9e4e33f802cb4dde8190122e3fffbfbb""},""upload_data"":{""date"":""2026-07-02"",""run_id"":""e9518277e225485f801d89bd8a4f89fc""}}"
42,42,"24.313425300000002 , 54.634269100000004","24.4542973 , 54.63376",urban-urban,urban,1604,"{""sample_routes"":{""date"":""2026-07-01"",""run_id"":""fcdac6b517fa4767ae7de180abf96bfe""},""join_samples"":{""date"":""2026-07-02"",""run_id"":""9e4e33f802cb4dde8190122e3fffbfbb""},""upload_data"":{""date"":""2026-07-02"",""run_id"":""e9518277e225485f801d89bd8a4f89fc""}}"
43,43,"24.3735727 , 54.7398195","24.373218 , 54.4717927",urban-urban,urban,1997,"{""sample_routes"":{""date"":""2026-07-01"",""run_id"":""fcdac6b517fa4767ae7de180abf96bfe""},""join_samples"":{""date"":""2026-07-02"",""run_id"":""9e4e33f802cb4dde8190122e3fffbfbb""},""upload_data"":{""date"":""2026-07-02"",""run_id"":""e9518277e225485f801d89bd8a4f89fc""}}"
44,44,"24.433812800000002 , 54.377049500000005","24.3061386 , 54.5042568",urban-urban,urban,1603,"{""sample_routes"":{""date"":""2026-07-01"",""run_id"":""fcdac6b517fa4767ae7de180abf96bfe""},""join_samples"":{""date"":""2026-07-02"",""run_id"":""9e4e33f802cb4dde8190122e3fffbfbb""},""upload_data"":{""date"":""2026-07-02"",""run_id"":""e9518277e225485f801d89bd8a4f89fc""}}"
45,45,"24.3096095 , 54.737365600000004","24.4505698 , 54.7376851",rural-urban,urban,1999,"{""sample_routes"":{""date"":""2026-07-01"",""run_id"":""fcdac6b517fa4767ae7de180abf96bfe""},""join_samples"":{""date"":""2026-07-02"",""run_id"":""9e4e33f802cb4dde8190122e3fffbfbb""},""upload_data"":{""date"":""2026-07-02"",""run_id"":""e9518277e225485f801d89bd8a4f89fc""}}"
46,46,"24.3781342 , 54.597682000000006","24.269696900000003 , 54.4894971",urban-rural,urban,1599,"{""sample_routes"":{""date"":""2026-07-01"",""run_id"":""fcdac6b517fa4767ae7de180abf96bfe""},""join_samples"":{""date"":""2026-07-02"",""run_id"":""9e4e33f802cb4dde8190122e3fffbfbb""},""upload_data"":{""date"":""2026-07-02"",""run_id"":""e9518277e225485f801d89bd8a4f89fc""}}"
47,47,"24.318880500000002 , 54.692696600000005","24.4292675 , 54.5820683",urban-urban,urban,2001,"{""sample_routes"":{""date"":""2026-07-01"",""run_id"":""fcdac6b517fa4767ae7de180abf96bfe""},""join_samples"":{""date"":""2026-07-02"",""run_id"":""9e4e33f802cb4dde8190122e3fffbfbb""},""upload_data"":{""date"":""2026-07-02"",""run_id"":""e9518277e225485f801d89bd8a4f89fc""}}"
48,48,"24.3688904 , 54.601037600000005","24.368477000000002 , 54.773394",urban-rural,urban,2010,"{""sample_routes"":{""date"":""2026-07-01"",""run_id"":""fcdac6b517fa4767ae7de180abf96bfe""},""join_samples"":{""date"":""2026-07-02"",""run_id"":""9e4e33f802cb4dde8190122e3fffbfbb""},""upload_data"":{""date"":""2026-07-02"",""run_id"":""e9518277e225485f801d89bd8a4f89fc""}}"
49,49,"24.3487951 , 54.6941483","24.2201327 , 54.694487900000006",urban-rural,urban,1589,"{""sample_routes"":{""date"":""2026-07-01"",""run_id"":""fcdac6b517fa4767ae7de180abf96bfe""},""join_samples"":{""date"":""2026-07-02"",""run_id"":""9e4e33f802cb4dde8190122e3fffbfbb""},""upload_data"":{""date"":""2026-07-02"",""run_id"":""e9518277e225485f801d89bd8a4f89fc""}}"
50,50,"24.3824599 , 54.775213","24.2642244 , 54.6571246",rural-urban,urban,2015,"{""sample_routes"":{""date"":""2026-07-01"",""run_id"":""fcdac6b517fa4767ae7de180abf96bfe""},""join_samples"":{""date"":""2026-07-02"",""run_id"":""9e4e33f802cb4dde8190122e3fffbfbb""},""upload_data"":{""date"":""2026-07-02"",""run_id"":""e9518277e225485f801d89bd8a4f89fc""}}"
51,51,"24.429750300000002 , 54.609247800000006","24.307365800000003 , 54.6096092",urban-urban,urban,1584,"{""sample_routes"":{""date"":""2026-07-01"",""run_id"":""fcdac6b517fa4767ae7de180abf96bfe""},""join_samples"":{""date"":""2026-07-02"",""run_id"":""9e4e33f802cb4dde8190122e3fffbfbb""},""upload_data"":{""date"":""2026-07-02"",""run_id"":""e9518277e225485f801d89bd8a4f89fc""}}"
52,52,"24.335987300000003 , 54.7371478","24.456883100000002 , 54.616799",rural-urban,urban,2018,"{""sample_routes"":{""date"":""2026-07-01"",""run_id"":""fcdac6b517fa4767ae7de180abf96bfe""},""join_samples"":{""date"":""2026-07-02"",""run_id"":""9e4e33f802cb4dde8190122e3fffbfbb""},""upload_data"":{""date"":""2026-07-02"",""run_id"":""e9518277e225485f801d89bd8a4f89fc""}}"
53,53,"24.358242200000003 , 54.6164599","24.4604916 , 54.718652600000006",urban-urban,urban,1580,"{""sample_routes"":{""date"":""2026-07-01"",""run_id"":""fcdac6b517fa4767ae7de180abf96bfe""},""join_samples"":{""date"":""2026-07-02"",""run_id"":""9e4e33f802cb4dde8190122e3fffbfbb""},""upload_data"":{""date"":""2026-07-02"",""run_id"":""e9518277e225485f801d89bd8a4f89fc""}}"
54,54,"24.3509783 , 54.7664393","24.3513856 , 54.5982636",rural-urban,urban,2022,"{""sample_routes"":{""date"":""2026-07-01"",""run_id"":""fcdac6b517fa4767ae7de180abf96bfe""},""join_samples"":{""date"":""2026-07-02"",""run_id"":""9e4e33f802cb4dde8190122e3fffbfbb""},""upload_data"":{""date"":""2026-07-02"",""run_id"":""e9518277e225485f801d89bd8a4f89fc""}}"
55,55,"24.4796948 , 54.635345300000004","24.3222065 , 54.477589900000005",rural-urban,urban,2022,"{""sample_routes"":{""date"":""2026-07-01"",""run_id"":""fcdac6b517fa4767ae7de180abf96bfe""},""join_samples"":{""date"":""2026-07-02"",""run_id"":""9e4e33f802cb4dde8190122e3fffbfbb""},""upload_data"":{""date"":""2026-07-02"",""run_id"":""e9518277e225485f801d89bd8a4f89fc""}}"
56,56,"24.3514142 , 54.7509682","24.3509481 , 54.602617",rural-urban,urban,2023,"{""sample_routes"":{""date"":""2026-07-01"",""run_id"":""fcdac6b517fa4767ae7de180abf96bfe""},""join_samples"":{""date"":""2026-07-02"",""run_id"":""9e4e33f802cb4dde8190122e3fffbfbb""},""upload_data"":{""date"":""2026-07-02"",""run_id"":""e9518277e225485f801d89bd8a4f89fc""}}"
57,57,"24.318040200000002 , 54.716895","24.247227300000002 , 54.716972500000004",urban-urban,urban,1573,"{""sample_routes"":{""date"":""2026-07-01"",""run_id"":""fcdac6b517fa4767ae7de180abf96bfe""},""join_samples"":{""date"":""2026-07-02"",""run_id"":""9e4e33f802cb4dde8190122e3fffbfbb""},""upload_data"":{""date"":""2026-07-02"",""run_id"":""e9518277e225485f801d89bd8a4f89fc""}}"
58,58,"24.323166500000003 , 54.540902","24.494121800000002 , 54.3697681",urban-urban,urban,2033,"{""sample_routes"":{""date"":""2026-07-01"",""run_id"":""fcdac6b517fa4767ae7de180abf96bfe""},""join_samples"":{""date"":""2026-07-02"",""run_id"":""9e4e33f802cb4dde8190122e3fffbfbb""},""upload_data"":{""date"":""2026-07-02"",""run_id"":""e9518277e225485f801d89bd8a4f89fc""}}"
59,59,"24.359658300000003 , 54.6173518","24.4605451 , 54.7178503",urban-urban,urban,1566,"{""sample_routes"":{""date"":""2026-07-01"",""run_id"":""fcdac6b517fa4767ae7de180abf96bfe""},""join_samples"":{""date"":""2026-07-02"",""run_id"":""9e4e33f802cb4dde8190122e3fffbfbb""},""upload_data"":{""date"":""2026-07-02"",""run_id"":""e9518277e225485f801d89bd8a4f89fc""}}"
60,60,"24.3129932 , 54.7558079","24.3125566 , 54.617985600000004",rural-urban,urban,2034,"{""sample_routes"":{""date"":""2026-07-01"",""run_id"":""fcdac6b517fa4767ae7de180abf96bfe""},""join_samples"":{""date"":""2026-07-02"",""run_id"":""9e4e33f802cb4dde8190122e3fffbfbb""},""upload_data"":{""date"":""2026-07-02"",""run_id"":""e9518277e225485f801d89bd8a4f89fc""}}"
61,61,"24.424276300000002 , 54.7495168","24.259945100000003 , 54.585681900000004",urban-urban,urban,2036,"{""sample_routes"":{""date"":""2026-07-01"",""run_id"":""fcdac6b517fa4767ae7de180abf96bfe""},""join_samples"":{""date"":""2026-07-02"",""run_id"":""9e4e33f802cb4dde8190122e3fffbfbb""},""upload_data"":{""date"":""2026-07-02"",""run_id"":""e9518277e225485f801d89bd8a4f89fc""}}"
62,62,"24.3464677 , 54.7744129","24.346138900000003 , 54.643365800000005",rural-urban,urban,2036,"{""sample_routes"":{""date"":""2026-07-01"",""run_id"":""fcdac6b517fa4767ae7de180abf96bfe""},""join_samples"":{""date"":""2026-07-02"",""run_id"":""9e4e33f802cb4dde8190122e3fffbfbb""},""upload_data"":{""date"":""2026-07-02"",""run_id"":""e9518277e225485f801d89bd8a4f89fc""}}"
63,63,"24.2898259 , 54.729409700000005","24.437342100000002 , 54.728926",rural-urban,urban,2036,"{""sample_routes"":{""date"":""2026-07-01"",""run_id"":""fcdac6b517fa4767ae7de180abf96bfe""},""join_samples"":{""date"":""2026-07-02"",""run_id"":""9e4e33f802cb4dde8190122e3fffbfbb""},""upload_data"":{""date"":""2026-07-02"",""run_id"":""e9518277e225485f801d89bd8a4f89fc""}}"
64,64,"24.365340300000003 , 54.6043085","24.4791364 , 54.604070300000004",urban-rural,urban,2039,"{""sample_routes"":{""date"":""2026-07-01"",""run_id"":""fcdac6b517fa4767ae7de180abf96bfe""},""join_samples"":{""date"":""2026-07-02"",""run_id"":""9e4e33f802cb4dde8190122e3fffbfbb""},""upload_data"":{""date"":""2026-07-02"",""run_id"":""e9518277e225485f801d89bd8a4f89fc""}}"
65,65,"24.430596100000002 , 54.6360797","24.283328800000003 , 54.489335000000004",urban-rural,urban,1561,"{""sample_routes"":{""date"":""2026-07-01"",""run_id"":""fcdac6b517fa4767ae7de180abf96bfe""},""join_samples"":{""date"":""2026-07-02"",""run_id"":""9e4e33f802cb4dde8190122e3fffbfbb""},""upload_data"":{""date"":""2026-07-02"",""run_id"":""e9518277e225485f801d89bd8a4f89fc""}}"
66,66,"24.288314 , 54.464021300000006","24.426581000000002 , 54.463678200000004",rural-urban,urban,2043,"{""sample_routes"":{""date"":""2026-07-01"",""run_id"":""fcdac6b517fa4767ae7de180abf96bfe""},""join_samples"":{""date"":""2026-07-02"",""run_id"":""9e4e33f802cb4dde8190122e3fffbfbb""},""upload_data"":{""date"":""2026-07-02"",""run_id"":""e9518277e225485f801d89bd8a4f89fc""}}"
67,67,"24.3254537 , 54.7375678","24.4422949 , 54.6204322",rural-urban,urban,2043,"{""sample_routes"":{""date"":""2026-07-01"",""run_id"":""fcdac6b517fa4767ae7de180abf96bfe""},""join_samples"":{""date"":""2026-07-02"",""run_id"":""9e4e33f802cb4dde8190122e3fffbfbb""},""upload_data"":{""date"":""2026-07-02"",""run_id"":""e9518277e225485f801d89bd8a4f89fc""}}"
68,68,"24.292557900000002 , 54.731419300000006","24.2928482 , 54.54736380000001",rural-urban,urban,2047,"{""sample_routes"":{""date"":""2026-07-01"",""run_id"":""fcdac6b517fa4767ae7de180abf96bfe""},""join_samples"":{""date"":""2026-07-02"",""run_id"":""9e4e33f802cb4dde8190122e3fffbfbb""},""upload_data"":{""date"":""2026-07-02"",""run_id"":""e9518277e225485f801d89bd8a4f89fc""}}"
69,69,"24.4614732 , 54.3754471","24.2865764 , 54.550688900000004",urban-urban,urban,2047,"{""sample_routes"":{""date"":""2026-07-01"",""run_id"":""fcdac6b517fa4767ae7de180abf96bfe""},""join_samples"":{""date"":""2026-07-02"",""run_id"":""9e4e33f802cb4dde8190122e3fffbfbb""},""upload_data"":{""date"":""2026-07-02"",""run_id"":""e9518277e225485f801d89bd8a4f89fc""}}"
70,70,"24.4542451 , 54.6745553","24.357520400000002 , 54.7707965",urban-rural,urban,1551,"{""sample_routes"":{""date"":""2026-07-01"",""run_id"":""fcdac6b517fa4767ae7de180abf96bfe""},""join_samples"":{""date"":""2026-07-02"",""run_id"":""9e4e33f802cb4dde8190122e3fffbfbb""},""upload_data"":{""date"":""2026-07-02"",""run_id"":""e9518277e225485f801d89bd8a4f89fc""}}"
71,71,"24.3749037 , 54.58953330000001","24.5371582 , 54.426860000000005",urban-rural,urban,2050,"{""sample_routes"":{""date"":""2026-07-01"",""run_id"":""fcdac6b517fa4767ae7de180abf96bfe""},""join_samples"":{""date"":""2026-07-02"",""run_id"":""9e4e33f802cb4dde8190122e3fffbfbb""},""upload_data"":{""date"":""2026-07-02"",""run_id"":""e9518277e225485f801d89bd8a4f89fc""}}"
72,72,"24.367373500000003 , 54.7356618","24.367626700000002 , 54.4870128",urban-urban,urban,2051,"{""sample_routes"":{""date"":""2026-07-01"",""run_id"":""fcdac6b517fa4767ae7de180abf96bfe""},""join_samples"":{""date"":""2026-07-02"",""run_id"":""9e4e33f802cb4dde8190122e3fffbfbb""},""upload_data"":{""date"":""2026-07-02"",""run_id"":""e9518277e225485f801d89bd8a4f89fc""}}"
73,73,"24.463475900000002 , 54.67378720000001","24.4634678 , 54.36144590000001",urban-urban,urban,2051,"{""sample_routes"":{""date"":""2026-07-01"",""run_id"":""fcdac6b517fa4767ae7de180abf96bfe""},""join_samples"":{""date"":""2026-07-02"",""run_id"":""9e4e33f802cb4dde8190122e3fffbfbb""},""upload_data"":{""date"":""2026-07-02"",""run_id"":""e9518277e225485f801d89bd8a4f89fc""}}"
74,74,"24.2863602 , 54.7092177","24.4448726 , 54.70959250000001",urban-urban,urban,2051,"{""sample_routes"":{""date"":""2026-07-01"",""run_id"":""fcdac6b517fa4767ae7de180abf96bfe""},""join_samples"":{""date"":""2026-07-02"",""run_id"":""9e4e33f802cb4dde8190122e3fffbfbb""},""upload_data"":{""date"":""2026-07-02"",""run_id"":""e9518277e225485f801d89bd8a4f89fc""}}"
75,75,"24.4932994 , 54.378321400000004","24.300079200000003 , 54.5716851",urban-urban,urban,2053,"{""sample_routes"":{""date"":""2026-07-01"",""run_id"":""fcdac6b517fa4767ae7de180abf96bfe""},""join_samples"":{""date"":""2026-07-02"",""run_id"":""9e4e33f802cb4dde8190122e3fffbfbb""},""upload_data"":{""date"":""2026-07-02"",""run_id"":""e9518277e225485f801d89bd8a4f89fc""}}"
76,76,"24.5083889 , 54.3821948","24.3130783 , 54.5775085",urban-urban,urban,2055,"{""sample_routes"":{""date"":""2026-07-01"",""run_id"":""fcdac6b517fa4767ae7de180abf96bfe""},""join_samples"":{""date"":""2026-07-02"",""run_id"":""9e4e33f802cb4dde8190122e3fffbfbb""},""upload_data"":{""date"":""2026-07-02"",""run_id"":""e9518277e225485f801d89bd8a4f89fc""}}"
77,77,"24.4922153 , 54.4008352","24.3157174 , 54.57779300000001",urban-urban,urban,2059,"{""sample_routes"":{""date"":""2026-07-01"",""run_id"":""fcdac6b517fa4767ae7de180abf96bfe""},""join_samples"":{""date"":""2026-07-02"",""run_id"":""9e4e33f802cb4dde8190122e3fffbfbb""},""upload_data"":{""date"":""2026-07-02"",""run_id"":""e9518277e225485f801d89bd8a4f89fc""}}"
78,78,"24.4185108 , 54.49378","24.253398500000003 , 54.659048000000006",urban-urban,urban,1541,"{""sample_routes"":{""date"":""2026-07-01"",""run_id"":""fcdac6b517fa4767ae7de180abf96bfe""},""join_samples"":{""date"":""2026-07-02"",""run_id"":""9e4e33f802cb4dde8190122e3fffbfbb""},""upload_data"":{""date"":""2026-07-02"",""run_id"":""e9518277e225485f801d89bd8a4f89fc""}}"
79,79,"24.3220755 , 54.7461896","24.3226017 , 54.5785594",rural-urban,urban,2060,"{""sample_routes"":{""date"":""2026-07-01"",""run_id"":""fcdac6b517fa4767ae7de180abf96bfe""},""join_samples"":{""date"":""2026-07-02"",""run_id"":""9e4e33f802cb4dde8190122e3fffbfbb""},""upload_data"":{""date"":""2026-07-02"",""run_id"":""e9518277e225485f801d89bd8a4f89fc""}}"
80,80,"24.3223476 , 54.614506500000005","24.322890700000002 , 54.7689912",urban-rural,urban,2061,"{""sample_routes"":{""date"":""2026-07-01"",""run_id"":""fcdac6b517fa4767ae7de180abf96bfe""},""join_samples"":{""date"":""2026-07-02"",""run_id"":""9e4e33f802cb4dde8190122e3fffbfbb""},""upload_data"":{""date"":""2026-07-02"",""run_id"":""e9518277e225485f801d89bd8a4f89fc""}}"
81,81,"24.307570000000002 , 54.618471400000004","24.4560232 , 54.6180767",urban-urban,urban,1537,"{""sample_routes"":{""date"":""2026-07-01"",""run_id"":""fcdac6b517fa4767ae7de180abf96bfe""},""join_samples"":{""date"":""2026-07-02"",""run_id"":""9e4e33f802cb4dde8190122e3fffbfbb""},""upload_data"":{""date"":""2026-07-02"",""run_id"":""e9518277e225485f801d89bd8a4f89fc""}}"
82,82,"24.543837500000002 , 54.435358300000004","24.4144882 , 54.564201700000005",rural-urban,urban,2065,"{""sample_routes"":{""date"":""2026-07-01"",""run_id"":""fcdac6b517fa4767ae7de180abf96bfe""},""join_samples"":{""date"":""2026-07-02"",""run_id"":""9e4e33f802cb4dde8190122e3fffbfbb""},""upload_data"":{""date"":""2026-07-02"",""run_id"":""e9518277e225485f801d89bd8a4f89fc""}}"
83,83,"24.5390486 , 54.417575600000006","24.3996427 , 54.5570383",rural-urban,urban,2066,"{""sample_routes"":{""date"":""2026-07-01"",""run_id"":""fcdac6b517fa4767ae7de180abf96bfe""},""join_samples"":{""date"":""2026-07-02"",""run_id"":""9e4e33f802cb4dde8190122e3fffbfbb""},""upload_data"":{""date"":""2026-07-02"",""run_id"":""e9518277e225485f801d89bd8a4f89fc""}}"
84,84,"24.463262800000003 , 54.353283000000005","24.4636658 , 54.629553400000006",urban-rural,urban,2066,"{""sample_routes"":{""date"":""2026-07-01"",""run_id"":""fcdac6b517fa4767ae7de180abf96bfe""},""join_samples"":{""date"":""2026-07-02"",""run_id"":""9e4e33f802cb4dde8190122e3fffbfbb""},""upload_data"":{""date"":""2026-07-02"",""run_id"":""e9518277e225485f801d89bd8a4f89fc""}}"
85,85,"24.443116 , 54.7208672","24.4433495 , 54.419062800000006",urban-urban,urban,2067,"{""sample_routes"":{""date"":""2026-07-01"",""run_id"":""fcdac6b517fa4767ae7de180abf96bfe""},""join_samples"":{""date"":""2026-07-02"",""run_id"":""9e4e33f802cb4dde8190122e3fffbfbb""},""upload_data"":{""date"":""2026-07-02"",""run_id"":""e9518277e225485f801d89bd8a4f89fc""}}"
86,86,"24.4494811 , 54.3475435","24.3223595 , 54.474186200000005",urban-urban,urban,2070,"{""sample_routes"":{""date"":""2026-07-01"",""run_id"":""fcdac6b517fa4767ae7de180abf96bfe""},""join_samples"":{""date"":""2026-07-02"",""run_id"":""9e4e33f802cb4dde8190122e3fffbfbb""},""upload_data"":{""date"":""2026-07-02"",""run_id"":""e9518277e225485f801d89bd8a4f89fc""}}"
87,87,"24.3501952 , 54.5532721","24.350627000000003 , 54.7364134",urban-rural,urban,2070,"{""sample_routes"":{""date"":""2026-07-01"",""run_id"":""fcdac6b517fa4767ae7de180abf96bfe""},""join_samples"":{""date"":""2026-07-02"",""run_id"":""9e4e33f802cb4dde8190122e3fffbfbb""},""upload_data"":{""date"":""2026-07-02"",""run_id"":""e9518277e225485f801d89bd8a4f89fc""}}"
88,88,"24.343165600000003 , 54.67886360000001","24.343417600000002 , 54.7848004",urban-rural,mixed,1797,"{""sample_routes"":{""date"":""2026-07-01"",""run_id"":""fcdac6b517fa4767ae7de180abf96bfe""},""join_samples"":{""date"":""2026-07-02"",""run_id"":""9e4e33f802cb4dde8190122e3fffbfbb""},""upload_data"":{""date"":""2026-07-02"",""run_id"":""e9518277e225485f801d89bd8a4f89fc""}}"
89,89,"24.2860222 , 54.7401764","24.2171698 , 54.671094000000004",rural-rural,mixed,1790,"{""sample_routes"":{""date"":""2026-07-01"",""run_id"":""fcdac6b517fa4767ae7de180abf96bfe""},""join_samples"":{""date"":""2026-07-02"",""run_id"":""9e4e33f802cb4dde8190122e3fffbfbb""},""upload_data"":{""date"":""2026-07-02"",""run_id"":""e9518277e225485f801d89bd8a4f89fc""}}"
90,90,"24.399121500000003 , 54.51234710000001","24.4891095 , 54.602402700000006",urban-rural,mixed,1788,"{""sample_routes"":{""date"":""2026-07-01"",""run_id"":""fcdac6b517fa4767ae7de180abf96bfe""},""join_samples"":{""date"":""2026-07-02"",""run_id"":""9e4e33f802cb4dde8190122e3fffbfbb""},""upload_data"":{""date"":""2026-07-02"",""run_id"":""e9518277e225485f801d89bd8a4f89fc""}}"
91,91,"24.3993895 , 54.512629800000006","24.489046700000003 , 54.6022316",urban-rural,mixed,1777,"{""sample_routes"":{""date"":""2026-07-01"",""run_id"":""fcdac6b517fa4767ae7de180abf96bfe""},""join_samples"":{""date"":""2026-07-02"",""run_id"":""9e4e33f802cb4dde8190122e3fffbfbb""},""upload_data"":{""date"":""2026-07-02"",""run_id"":""e9518277e225485f801d89bd8a4f89fc""}}"
92,92,"24.320682 , 54.7756325","24.4027227 , 54.6936053",rural-urban,mixed,1774,"{""sample_routes"":{""date"":""2026-07-01"",""run_id"":""fcdac6b517fa4767ae7de180abf96bfe""},""join_samples"":{""date"":""2026-07-02"",""run_id"":""9e4e33f802cb4dde8190122e3fffbfbb""},""upload_data"":{""date"":""2026-07-02"",""run_id"":""e9518277e225485f801d89bd8a4f89fc""}}"
93,93,"24.378682 , 54.6227601","24.4844742 , 54.6229255",urban-rural,mixed,1758,"{""sample_routes"":{""date"":""2026-07-01"",""run_id"":""fcdac6b517fa4767ae7de180abf96bfe""},""join_samples"":{""date"":""2026-07-02"",""run_id"":""9e4e33f802cb4dde8190122e3fffbfbb""},""upload_data"":{""date"":""2026-07-02"",""run_id"":""e9518277e225485f801d89bd8a4f89fc""}}"
94,94,"24.287708300000002 , 54.7303166","24.2160665 , 54.658558600000006",rural-rural,mixed,1844,"{""sample_routes"":{""date"":""2026-07-01"",""run_id"":""fcdac6b517fa4767ae7de180abf96bfe""},""join_samples"":{""date"":""2026-07-02"",""run_id"":""9e4e33f802cb4dde8190122e3fffbfbb""},""upload_data"":{""date"":""2026-07-02"",""run_id"":""e9518277e225485f801d89bd8a4f89fc""}}"
95,95,"24.451153100000003 , 54.7462468","24.319083000000003 , 54.746725100000006",urban-rural,mixed,1754,"{""sample_routes"":{""date"":""2026-07-01"",""run_id"":""fcdac6b517fa4767ae7de180abf96bfe""},""join_samples"":{""date"":""2026-07-02"",""run_id"":""9e4e33f802cb4dde8190122e3fffbfbb""},""upload_data"":{""date"":""2026-07-02"",""run_id"":""e9518277e225485f801d89bd8a4f89fc""}}"
96,96,"24.485739300000002 , 54.6484947","24.304025600000003 , 54.647989700000004",rural-urban,mixed,1848,"{""sample_routes"":{""date"":""2026-07-01"",""run_id"":""fcdac6b517fa4767ae7de180abf96bfe""},""join_samples"":{""date"":""2026-07-02"",""run_id"":""9e4e33f802cb4dde8190122e3fffbfbb""},""upload_data"":{""date"":""2026-07-02"",""run_id"":""e9518277e225485f801d89bd8a4f89fc""}}"
97,97,"24.249274900000003 , 54.6253661","24.2161057 , 54.6586585",urban-rural,mixed,1750,"{""sample_routes"":{""date"":""2026-07-01"",""run_id"":""fcdac6b517fa4767ae7de180abf96bfe""},""join_samples"":{""date"":""2026-07-02"",""run_id"":""9e4e33f802cb4dde8190122e3fffbfbb""},""upload_data"":{""date"":""2026-07-02"",""run_id"":""e9518277e225485f801d89bd8a4f89fc""}}"
98,98,"24.365177300000003 , 54.762672200000004","24.485605900000003 , 54.64271840000001",rural-rural,mixed,1856,"{""sample_routes"":{""date"":""2026-07-01"",""run_id"":""fcdac6b517fa4767ae7de180abf96bfe""},""join_samples"":{""date"":""2026-07-02"",""run_id"":""9e4e33f802cb4dde8190122e3fffbfbb""},""upload_data"":{""date"":""2026-07-02"",""run_id"":""e9518277e225485f801d89bd8a4f89fc""}}"
99,99,"24.282713 , 54.7200428","24.2116642 , 54.7195492",urban-rural,mixed,1742,"{""sample_routes"":{""date"":""2026-07-01"",""run_id"":""fcdac6b517fa4767ae7de180abf96bfe""},""join_samples"":{""date"":""2026-07-02"",""run_id"":""9e4e33f802cb4dde8190122e3fffbfbb""},""upload_data"":{""date"":""2026-07-02"",""run_id"":""e9518277e225485f801d89bd8a4f89fc""}}"
100,100,"24.335248500000002 , 54.7536835","24.270716 , 54.6894119",rural-urban,mixed,1868,"{""sample_routes"":{""date"":""2026-07-01"",""run_id"":""fcdac6b517fa4767ae7de180abf96bfe""},""join_samples"":{""date"":""2026-07-02"",""run_id"":""9e4e33f802cb4dde8190122e3fffbfbb""},""upload_data"":{""date"":""2026-07-02"",""run_id"":""e9518277e225485f801d89bd8a4f89fc""}}"
101,101,"24.4883646 , 54.4398794","24.547764500000003 , 54.439869200000004",urban-rural,mixed,1723,"{""sample_routes"":{""date"":""2026-07-01"",""run_id"":""fcdac6b517fa4767ae7de180abf96bfe""},""join_samples"":{""date"":""2026-07-02"",""run_id"":""9e4e33f802cb4dde8190122e3fffbfbb""},""upload_data"":{""date"":""2026-07-02"",""run_id"":""e9518277e225485f801d89bd8a4f89fc""}}"
102,102,"24.289688400000003 , 54.73240130000001","24.2160665 , 54.658558600000006",rural-rural,mixed,1880,"{""sample_routes"":{""date"":""2026-07-01"",""run_id"":""fcdac6b517fa4767ae7de180abf96bfe""},""join_samples"":{""date"":""2026-07-02"",""run_id"":""9e4e33f802cb4dde8190122e3fffbfbb""},""upload_data"":{""date"":""2026-07-02"",""run_id"":""e9518277e225485f801d89bd8a4f89fc""}}"
103,103,"24.441025200000002 , 54.60177710000001","24.441215500000002 , 54.744651000000005",urban-urban,mixed,1713,"{""sample_routes"":{""date"":""2026-07-01"",""run_id"":""fcdac6b517fa4767ae7de180abf96bfe""},""join_samples"":{""date"":""2026-07-02"",""run_id"":""9e4e33f802cb4dde8190122e3fffbfbb""},""upload_data"":{""date"":""2026-07-02"",""run_id"":""e9518277e225485f801d89bd8a4f89fc""}}"
104,104,"24.4083936 , 54.710244700000004","24.4818052 , 54.6368632",urban-rural,mixed,1706,"{""sample_routes"":{""date"":""2026-07-01"",""run_id"":""fcdac6b517fa4767ae7de180abf96bfe""},""join_samples"":{""date"":""2026-07-02"",""run_id"":""9e4e33f802cb4dde8190122e3fffbfbb""},""upload_data"":{""date"":""2026-07-02"",""run_id"":""e9518277e225485f801d89bd8a4f89fc""}}"
105,105,"24.458892900000002 , 54.7438554","24.325464800000002 , 54.7442417",urban-rural,mixed,1687,"{""sample_routes"":{""date"":""2026-07-01"",""run_id"":""fcdac6b517fa4767ae7de180abf96bfe""},""join_samples"":{""date"":""2026-07-02"",""run_id"":""9e4e33f802cb4dde8190122e3fffbfbb""},""upload_data"":{""date"":""2026-07-02"",""run_id"":""e9518277e225485f801d89bd8a4f89fc""}}"
106,106,"24.283526300000002 , 54.7349496","24.228558900000003 , 54.6801741",rural-rural,mixed,1929,"{""sample_routes"":{""date"":""2026-07-01"",""run_id"":""fcdac6b517fa4767ae7de180abf96bfe""},""join_samples"":{""date"":""2026-07-02"",""run_id"":""9e4e33f802cb4dde8190122e3fffbfbb""},""upload_data"":{""date"":""2026-07-02"",""run_id"":""e9518277e225485f801d89bd8a4f89fc""}}"
107,107,"24.2988827 , 54.5533803","24.2004914 , 54.6520396",urban-rural,mixed,1669,"{""sample_routes"":{""date"":""2026-07-01"",""run_id"":""fcdac6b517fa4767ae7de180abf96bfe""},""join_samples"":{""date"":""2026-07-02"",""run_id"":""9e4e33f802cb4dde8190122e3fffbfbb""},""upload_data"":{""date"":""2026-07-02"",""run_id"":""e9518277e225485f801d89bd8a4f89fc""}}"
108,108,"24.363372000000002 , 54.7826491","24.2812844 , 54.70002040000001",rural-urban,mixed,1931,"{""sample_routes"":{""date"":""2026-07-01"",""run_id"":""fcdac6b517fa4767ae7de180abf96bfe""},""join_samples"":{""date"":""2026-07-02"",""run_id"":""9e4e33f802cb4dde8190122e3fffbfbb""},""upload_data"":{""date"":""2026-07-02"",""run_id"":""e9518277e225485f801d89bd8a4f89fc""}}"
109,109,"24.3361696 , 54.742799600000005","24.4579421 , 54.7428698",rural-urban,mixed,1664,"{""sample_routes"":{""date"":""2026-07-01"",""run_id"":""fcdac6b517fa4767ae7de180abf96bfe""},""join_samples"":{""date"":""2026-07-02"",""run_id"":""9e4e33f802cb4dde8190122e3fffbfbb""},""upload_data"":{""date"":""2026-07-02"",""run_id"":""e9518277e225485f801d89bd8a4f89fc""}}"
110,110,"24.2930478 , 54.7454204","24.2196374 , 54.7458782",rural-rural,mixed,1952,"{""sample_routes"":{""date"":""2026-07-01"",""run_id"":""fcdac6b517fa4767ae7de180abf96bfe""},""join_samples"":{""date"":""2026-07-02"",""run_id"":""9e4e33f802cb4dde8190122e3fffbfbb""},""upload_data"":{""date"":""2026-07-02"",""run_id"":""e9518277e225485f801d89bd8a4f89fc""}}"
111,111,"24.336074 , 54.743678100000004","24.4591464 , 54.743853800000004",rural-urban,mixed,1647,"{""sample_routes"":{""date"":""2026-07-01"",""run_id"":""fcdac6b517fa4767ae7de180abf96bfe""},""join_samples"":{""date"":""2026-07-02"",""run_id"":""9e4e33f802cb4dde8190122e3fffbfbb""},""upload_data"":{""date"":""2026-07-02"",""run_id"":""e9518277e225485f801d89bd8a4f89fc""}}"
112,112,"24.337035200000003 , 54.6561833","24.336594 , 54.784877400000006",urban-rural,mixed,1967,"{""sample_routes"":{""date"":""2026-07-01"",""run_id"":""fcdac6b517fa4767ae7de180abf96bfe""},""join_samples"":{""date"":""2026-07-02"",""run_id"":""9e4e33f802cb4dde8190122e3fffbfbb""},""upload_data"":{""date"":""2026-07-02"",""run_id"":""e9518277e225485f801d89bd8a4f89fc""}}"
113,113,"24.341813300000002 , 54.700255600000006","24.3417019 , 54.7849252",urban-rural,mixed,1632,"{""sample_routes"":{""date"":""2026-07-01"",""run_id"":""fcdac6b517fa4767ae7de180abf96bfe""},""join_samples"":{""date"":""2026-07-02"",""run_id"":""9e4e33f802cb4dde8190122e3fffbfbb""},""upload_data"":{""date"":""2026-07-02"",""run_id"":""e9518277e225485f801d89bd8a4f89fc""}}"
114,114,"24.458251100000002 , 54.74134900000001","24.325361400000002 , 54.741846800000005",urban-rural,mixed,1627,"{""sample_routes"":{""date"":""2026-07-01"",""run_id"":""fcdac6b517fa4767ae7de180abf96bfe""},""join_samples"":{""date"":""2026-07-02"",""run_id"":""9e4e33f802cb4dde8190122e3fffbfbb""},""upload_data"":{""date"":""2026-07-02"",""run_id"":""e9518277e225485f801d89bd8a4f89fc""}}"
115,115,"24.3456267 , 54.6968929","24.346085300000002 , 54.7843637",urban-rural,mixed,1624,"{""sample_routes"":{""date"":""2026-07-01"",""run_id"":""fcdac6b517fa4767ae7de180abf96bfe""},""join_samples"":{""date"":""2026-07-02"",""run_id"":""9e4e33f802cb4dde8190122e3fffbfbb""},""upload_data"":{""date"":""2026-07-02"",""run_id"":""e9518277e225485f801d89bd8a4f89fc""}}"
116,116,"24.3276101 , 54.781687500000004","24.430643200000002 , 54.6785943",rural-urban,mixed,1605,"{""sample_routes"":{""date"":""2026-07-01"",""run_id"":""fcdac6b517fa4767ae7de180abf96bfe""},""join_samples"":{""date"":""2026-07-02"",""run_id"":""9e4e33f802cb4dde8190122e3fffbfbb""},""upload_data"":{""date"":""2026-07-02"",""run_id"":""e9518277e225485f801d89bd8a4f89fc""}}"
117,117,"24.3408231 , 54.700566","24.340375400000003 , 54.784931500000006",urban-rural,mixed,1578,"{""sample_routes"":{""date"":""2026-07-01"",""run_id"":""fcdac6b517fa4767ae7de180abf96bfe""},""join_samples"":{""date"":""2026-07-02"",""run_id"":""9e4e33f802cb4dde8190122e3fffbfbb""},""upload_data"":{""date"":""2026-07-02"",""run_id"":""e9518277e225485f801d89bd8a4f89fc""}}"
118,118,"24.335373800000003 , 54.747136700000006","24.4604731 , 54.747171300000005",rural-urban,mixed,1576,"{""sample_routes"":{""date"":""2026-07-01"",""run_id"":""fcdac6b517fa4767ae7de180abf96bfe""},""join_samples"":{""date"":""2026-07-02"",""run_id"":""9e4e33f802cb4dde8190122e3fffbfbb""},""upload_data"":{""date"":""2026-07-02"",""run_id"":""e9518277e225485f801d89bd8a4f89fc""}}"
119,119,"24.402998500000002 , 54.71337380000001","24.4896873 , 54.626581",urban-rural,mixed,1560,"{""sample_routes"":{""date"":""2026-07-01"",""run_id"":""fcdac6b517fa4767ae7de180abf96bfe""},""join_samples"":{""date"":""2026-07-02"",""run_id"":""9e4e33f802cb4dde8190122e3fffbfbb""},""upload_data"":{""date"":""2026-07-02"",""run_id"":""e9518277e225485f801d89bd8a4f89fc""}}"
120,120,"24.3547747 , 54.7640066","24.4342395 , 54.7642748",rural-rural,mixed,1559,"{""sample_routes"":{""date"":""2026-07-01"",""run_id"":""fcdac6b517fa4767ae7de180abf96bfe""},""join_samples"":{""date"":""2026-07-02"",""run_id"":""9e4e33f802cb4dde8190122e3fffbfbb""},""upload_data"":{""date"":""2026-07-02"",""run_id"":""e9518277e225485f801d89bd8a4f89fc""}}"
121,121,"24.2860838 , 54.69017590000001","24.3529124 , 54.7574258",urban-rural,mixed,1552,"{""sample_routes"":{""date"":""2026-07-01"",""run_id"":""fcdac6b517fa4767ae7de180abf96bfe""},""join_samples"":{""date"":""2026-07-02"",""run_id"":""9e4e33f802cb4dde8190122e3fffbfbb""},""upload_data"":{""date"":""2026-07-02"",""run_id"":""e9518277e225485f801d89bd8a4f89fc""}}"
122,122,"24.284388 , 54.7387631","24.342248400000003 , 54.6809476",rural-urban,mixed,1546,"{""sample_routes"":{""date"":""2026-07-01"",""run_id"":""fcdac6b517fa4767ae7de180abf96bfe""},""join_samples"":{""date"":""2026-07-02"",""run_id"":""9e4e33f802cb4dde8190122e3fffbfbb""},""upload_data"":{""date"":""2026-07-02"",""run_id"":""e9518277e225485f801d89bd8a4f89fc""}}"
123,123,"24.4010368 , 54.5747701","24.482247 , 54.656311900000006",urban-rural,mixed,1537,"{""sample_routes"":{""date"":""2026-07-01"",""run_id"":""fcdac6b517fa4767ae7de180abf96bfe""},""join_samples"":{""date"":""2026-07-02"",""run_id"":""9e4e33f802cb4dde8190122e3fffbfbb""},""upload_data"":{""date"":""2026-07-02"",""run_id"":""e9518277e225485f801d89bd8a4f89fc""}}"
124,124,"24.482225200000002 , 54.618654500000005","24.3417941 , 54.7589095",rural-rural,mixed,2067,"{""sample_routes"":{""date"":""2026-07-01"",""run_id"":""fcdac6b517fa4767ae7de180abf96bfe""},""join_samples"":{""date"":""2026-07-02"",""run_id"":""9e4e33f802cb4dde8190122e3fffbfbb""},""upload_data"":{""date"":""2026-07-02"",""run_id"":""e9518277e225485f801d89bd8a4f89fc""}}"
125,125,"24.460837400000003 , 54.62174340000001","24.335122700000003 , 54.74740370000001",urban-rural,mixed,2068,"{""sample_routes"":{""date"":""2026-07-01"",""run_id"":""fcdac6b517fa4767ae7de180abf96bfe""},""join_samples"":{""date"":""2026-07-02"",""run_id"":""9e4e33f802cb4dde8190122e3fffbfbb""},""upload_data"":{""date"":""2026-07-02"",""run_id"":""e9518277e225485f801d89bd8a4f89fc""}}"
0,0,"24.4215276 , 54.8403373","24.5014711 , 54.9200426",rural-urban,urban,1801,"{""sample_routes"":{""date"":""2026-07-01"",""run_id"":""fcdac6b517fa4767ae7de180abf96bfe""},""join_samples"":{""date"":""2026-07-02"",""run_id"":""9e4e33f802cb4dde8190122e3fffbfbb""},""upload_data"":{""date"":""2026-07-02"",""run_id"":""e9518277e225485f801d89bd8a4f89fc""}}"
1,1,"24.5982673 , 54.8910233","24.5050372 , 54.7981545",rural-urban,urban,1802,"{""sample_routes"":{""date"":""2026-07-01"",""run_id"":""fcdac6b517fa4767ae7de180abf96bfe""},""join_samples"":{""date"":""2026-07-02"",""run_id"":""9e4e33f802cb4dde8190122e3fffbfbb""},""upload_data"":{""date"":""2026-07-02"",""run_id"":""e9518277e225485f801d89bd8a4f89fc""}}"
2,2,"24.5981184 , 54.890775700000006","24.5050372 , 54.7981545",rural-urban,urban,1798,"{""sample_routes"":{""date"":""2026-07-01"",""run_id"":""fcdac6b517fa4767ae7de180abf96bfe""},""join_samples"":{""date"":""2026-07-02"",""run_id"":""9e4e33f802cb4dde8190122e3fffbfbb""},""upload_data"":{""date"":""2026-07-02"",""run_id"":""e9518277e225485f801d89bd8a4f89fc""}}"
3,3,"24.080165100000002 , 55.740333500000006","24.080572500000002 , 55.7704986",urban-urban,urban,1804,"{""sample_routes"":{""date"":""2026-07-01"",""run_id"":""fcdac6b517fa4767ae7de180abf96bfe""},""join_samples"":{""date"":""2026-07-02"",""run_id"":""9e4e33f802cb4dde8190122e3fffbfbb""},""upload_data"":{""date"":""2026-07-02"",""run_id"":""e9518277e225485f801d89bd8a4f89fc""}}"
4,4,"24.597503900000003 , 54.891125200000005","24.5050372 , 54.7981545",rural-urban,urban,1794,"{""sample_routes"":{""date"":""2026-07-01"",""run_id"":""fcdac6b517fa4767ae7de180abf96bfe""},""join_samples"":{""date"":""2026-07-02"",""run_id"":""9e4e33f802cb4dde8190122e3fffbfbb""},""upload_data"":{""date"":""2026-07-02"",""run_id"":""e9518277e225485f801d89bd8a4f89fc""}}"
5,5,"25.2530366 , 55.425747900000005","25.2530608 , 55.634131200000006",urban-urban,urban,1815,"{""sample_routes"":{""date"":""2026-07-01"",""run_id"":""fcdac6b517fa4767ae7de180abf96bfe""},""join_samples"":{""date"":""2026-07-02"",""run_id"":""9e4e33f802cb4dde8190122e3fffbfbb""},""upload_data"":{""date"":""2026-07-02"",""run_id"":""e9518277e225485f801d89bd8a4f89fc""}}"
6,6,"25.041724900000002 , 55.180575700000006","25.0975541 , 55.1246458",urban-urban,urban,1783,"{""sample_routes"":{""date"":""2026-07-01"",""run_id"":""fcdac6b517fa4767ae7de180abf96bfe""},""join_samples"":{""date"":""2026-07-02"",""run_id"":""9e4e33f802cb4dde8190122e3fffbfbb""},""upload_data"":{""date"":""2026-07-02"",""run_id"":""e9518277e225485f801d89bd8a4f89fc""}}"
7,7,"24.0343926 , 55.8548945","24.118904500000003 , 55.939144000000006",urban-rural,urban,1783,"{""sample_routes"":{""date"":""2026-07-01"",""run_id"":""fcdac6b517fa4767ae7de180abf96bfe""},""join_samples"":{""date"":""2026-07-02"",""run_id"":""9e4e33f802cb4dde8190122e3fffbfbb""},""upload_data"":{""date"":""2026-07-02"",""run_id"":""e9518277e225485f801d89bd8a4f89fc""}}"
8,8,"24.5028244 , 54.925287600000004","24.4208006 , 54.843129000000005",urban-rural,urban,1782,"{""sample_routes"":{""date"":""2026-07-01"",""run_id"":""fcdac6b517fa4767ae7de180abf96bfe""},""join_samples"":{""date"":""2026-07-02"",""run_id"":""9e4e33f802cb4dde8190122e3fffbfbb""},""upload_data"":{""date"":""2026-07-02"",""run_id"":""e9518277e225485f801d89bd8a4f89fc""}}"
9,9,"24.037481600000003 , 55.85925580000001","24.114122700000003 , 55.9354724",urban-rural,urban,1782,"{""sample_routes"":{""date"":""2026-07-01"",""run_id"":""fcdac6b517fa4767ae7de180abf96bfe""},""join_samples"":{""date"":""2026-07-02"",""run_id"":""9e4e33f802cb4dde8190122e3fffbfbb""},""upload_data"":{""date"":""2026-07-02"",""run_id"":""e9518277e225485f801d89bd8a4f89fc""}}"
10,10,"24.029133 , 55.8618254","24.1141927 , 55.946828100000005",urban-rural,urban,1824,"{""sample_routes"":{""date"":""2026-07-01"",""run_id"":""fcdac6b517fa4767ae7de180abf96bfe""},""join_samples"":{""date"":""2026-07-02"",""run_id"":""9e4e33f802cb4dde8190122e3fffbfbb""},""upload_data"":{""date"":""2026-07-02"",""run_id"":""e9518277e225485f801d89bd8a4f89fc""}}"
11,11,"25.1345719 , 55.2017638","25.1342789 , 55.1518085",urban-urban,urban,1776,"{""sample_routes"":{""date"":""2026-07-01"",""run_id"":""fcdac6b517fa4767ae7de180abf96bfe""},""join_samples"":{""date"":""2026-07-02"",""run_id"":""9e4e33f802cb4dde8190122e3fffbfbb""},""upload_data"":{""date"":""2026-07-02"",""run_id"":""e9518277e225485f801d89bd8a4f89fc""}}"
12,12,"24.325622000000003 , 54.7832822","24.4062896 , 54.7022538",urban-rural,urban,1826,"{""sample_routes"":{""date"":""2026-07-01"",""run_id"":""fcdac6b517fa4767ae7de180abf96bfe""},""join_samples"":{""date"":""2026-07-02"",""run_id"":""9e4e33f802cb4dde8190122e3fffbfbb""},""upload_data"":{""date"":""2026-07-02"",""run_id"":""e9518277e225485f801d89bd8a4f89fc""}}"
13,13,"25.2678297 , 55.3862024","25.268347000000002 , 55.6027387",urban-rural,urban,1771,"{""sample_routes"":{""date"":""2026-07-01"",""run_id"":""fcdac6b517fa4767ae7de180abf96bfe""},""join_samples"":{""date"":""2026-07-02"",""run_id"":""9e4e33f802cb4dde8190122e3fffbfbb""},""upload_data"":{""date"":""2026-07-02"",""run_id"":""e9518277e225485f801d89bd8a4f89fc""}}"
14,14,"24.497911700000003 , 54.9181079","24.4210759 , 54.841759700000004",urban-rural,urban,1829,"{""sample_routes"":{""date"":""2026-07-01"",""run_id"":""fcdac6b517fa4767ae7de180abf96bfe""},""join_samples"":{""date"":""2026-07-02"",""run_id"":""9e4e33f802cb4dde8190122e3fffbfbb""},""upload_data"":{""date"":""2026-07-02"",""run_id"":""e9518277e225485f801d89bd8a4f89fc""}}"
15,15,"24.4332937 , 54.825165000000005","24.532742000000002 , 54.9249402",rural-urban,urban,1831,"{""sample_routes"":{""date"":""2026-07-01"",""run_id"":""fcdac6b517fa4767ae7de180abf96bfe""},""join_samples"":{""date"":""2026-07-02"",""run_id"":""9e4e33f802cb4dde8190122e3fffbfbb""},""upload_data"":{""date"":""2026-07-02"",""run_id"":""e9518277e225485f801d89bd8a4f89fc""}}"
16,16,"24.340616800000003 , 54.784405500000005","24.3405002 , 54.6724352",urban-rural,urban,1766,"{""sample_routes"":{""date"":""2026-07-01"",""run_id"":""fcdac6b517fa4767ae7de180abf96bfe""},""join_samples"":{""date"":""2026-07-02"",""run_id"":""9e4e33f802cb4dde8190122e3fffbfbb""},""upload_data"":{""date"":""2026-07-02"",""run_id"":""e9518277e225485f801d89bd8a4f89fc""}}"
17,17,"24.4821804 , 55.269105100000004","24.5495962 , 55.202031700000006",urban-urban,urban,1834,"{""sample_routes"":{""date"":""2026-07-01"",""run_id"":""fcdac6b517fa4767ae7de180abf96bfe""},""join_samples"":{""date"":""2026-07-02"",""run_id"":""9e4e33f802cb4dde8190122e3fffbfbb""},""upload_data"":{""date"":""2026-07-02"",""run_id"":""e9518277e225485f801d89bd8a4f89fc""}}"
18,18,"24.4963118 , 54.92581680000001","24.4195306 , 54.8489239",urban-rural,urban,1836,"{""sample_routes"":{""date"":""2026-07-01"",""run_id"":""fcdac6b517fa4767ae7de180abf96bfe""},""join_samples"":{""date"":""2026-07-02"",""run_id"":""9e4e33f802cb4dde8190122e3fffbfbb""},""upload_data"":{""date"":""2026-07-02"",""run_id"":""e9518277e225485f801d89bd8a4f89fc""}}"
19,19,"24.553492100000003 , 54.8154705","24.430217000000003 , 54.8154265",urban-rural,urban,1762,"{""sample_routes"":{""date"":""2026-07-01"",""run_id"":""fcdac6b517fa4767ae7de180abf96bfe""},""join_samples"":{""date"":""2026-07-02"",""run_id"":""9e4e33f802cb4dde8190122e3fffbfbb""},""upload_data"":{""date"":""2026-07-02"",""run_id"":""e9518277e225485f801d89bd8a4f89fc""}}"
20,20,"24.107602500000002 , 55.757369000000004","24.1076914 , 55.6993359",urban-urban,urban,1762,"{""sample_routes"":{""date"":""2026-07-01"",""run_id"":""fcdac6b517fa4767ae7de180abf96bfe""},""join_samples"":{""date"":""2026-07-02"",""run_id"":""9e4e33f802cb4dde8190122e3fffbfbb""},""upload_data"":{""date"":""2026-07-02"",""run_id"":""e9518277e225485f801d89bd8a4f89fc""}}"
21,21,"24.5046794 , 54.9706825","24.5052002 , 54.798146100000004",urban-urban,urban,1759,"{""sample_routes"":{""date"":""2026-07-01"",""run_id"":""fcdac6b517fa4767ae7de180abf96bfe""},""join_samples"":{""date"":""2026-07-02"",""run_id"":""9e4e33f802cb4dde8190122e3fffbfbb""},""upload_data"":{""date"":""2026-07-02"",""run_id"":""e9518277e225485f801d89bd8a4f89fc""}}"
22,22,"24.0791316 , 55.737261600000004","24.079444000000002 , 55.7708997",urban-urban,urban,1847,"{""sample_routes"":{""date"":""2026-07-01"",""run_id"":""fcdac6b517fa4767ae7de180abf96bfe""},""join_samples"":{""date"":""2026-07-02"",""run_id"":""9e4e33f802cb4dde8190122e3fffbfbb""},""upload_data"":{""date"":""2026-07-02"",""run_id"":""e9518277e225485f801d89bd8a4f89fc""}}"
23,23,"25.248292600000003 , 55.43125130000001","25.248233300000003 , 55.633262800000004",urban-urban,urban,1848,"{""sample_routes"":{""date"":""2026-07-01"",""run_id"":""fcdac6b517fa4767ae7de180abf96bfe""},""join_samples"":{""date"":""2026-07-02"",""run_id"":""9e4e33f802cb4dde8190122e3fffbfbb""},""upload_data"":{""date"":""2026-07-02"",""run_id"":""e9518277e225485f801d89bd8a4f89fc""}}"
24,24,"25.423634900000003 , 55.75132910000001","25.496156000000003 , 55.751672400000004",rural-urban,urban,1751,"{""sample_routes"":{""date"":""2026-07-01"",""run_id"":""fcdac6b517fa4767ae7de180abf96bfe""},""join_samples"":{""date"":""2026-07-02"",""run_id"":""9e4e33f802cb4dde8190122e3fffbfbb""},""upload_data"":{""date"":""2026-07-02"",""run_id"":""e9518277e225485f801d89bd8a4f89fc""}}"
25,25,"24.032178100000003 , 55.8650601","24.117327600000003 , 55.950388700000005",urban-rural,urban,1850,"{""sample_routes"":{""date"":""2026-07-01"",""run_id"":""fcdac6b517fa4767ae7de180abf96bfe""},""join_samples"":{""date"":""2026-07-02"",""run_id"":""9e4e33f802cb4dde8190122e3fffbfbb""},""upload_data"":{""date"":""2026-07-02"",""run_id"":""e9518277e225485f801d89bd8a4f89fc""}}"
26,26,"24.0687342 , 55.740033100000005","24.068344600000003 , 55.7712639",urban-urban,urban,1853,"{""sample_routes"":{""date"":""2026-07-01"",""run_id"":""fcdac6b517fa4767ae7de180abf96bfe""},""join_samples"":{""date"":""2026-07-02"",""run_id"":""9e4e33f802cb4dde8190122e3fffbfbb""},""upload_data"":{""date"":""2026-07-02"",""run_id"":""e9518277e225485f801d89bd8a4f89fc""}}"
27,27,"25.2482258 , 55.431277200000004","25.247713700000002 , 55.638397000000005",urban-urban,urban,1854,"{""sample_routes"":{""date"":""2026-07-01"",""run_id"":""fcdac6b517fa4767ae7de180abf96bfe""},""join_samples"":{""date"":""2026-07-02"",""run_id"":""9e4e33f802cb4dde8190122e3fffbfbb""},""upload_data"":{""date"":""2026-07-02"",""run_id"":""e9518277e225485f801d89bd8a4f89fc""}}"
28,28,"24.4955429 , 54.9186161","24.420597100000002 , 54.8439459",urban-rural,urban,1746,"{""sample_routes"":{""date"":""2026-07-01"",""run_id"":""fcdac6b517fa4767ae7de180abf96bfe""},""join_samples"":{""date"":""2026-07-02"",""run_id"":""9e4e33f802cb4dde8190122e3fffbfbb""},""upload_data"":{""date"":""2026-07-02"",""run_id"":""e9518277e225485f801d89bd8a4f89fc""}}"
29,29,"24.3233354 , 54.777184600000005","24.404710100000003 , 54.696067600000006",urban-urban,urban,1742,"{""sample_routes"":{""date"":""2026-07-01"",""run_id"":""fcdac6b517fa4767ae7de180abf96bfe""},""join_samples"":{""date"":""2026-07-02"",""run_id"":""9e4e33f802cb4dde8190122e3fffbfbb""},""upload_data"":{""date"":""2026-07-02"",""run_id"":""e9518277e225485f801d89bd8a4f89fc""}}"
30,30,"24.504995500000003 , 54.9708066","24.505527400000002 , 54.77398470000001",urban-urban,urban,1859,"{""sample_routes"":{""date"":""2026-07-01"",""run_id"":""fcdac6b517fa4767ae7de180abf96bfe""},""join_samples"":{""date"":""2026-07-02"",""run_id"":""9e4e33f802cb4dde8190122e3fffbfbb""},""upload_data"":{""date"":""2026-07-02"",""run_id"":""e9518277e225485f801d89bd8a4f89fc""}}"
31,31,"24.9268357 , 55.462527200000004","24.9263745 , 55.3968064",urban-rural,urban,1860,"{""sample_routes"":{""date"":""2026-07-01"",""run_id"":""fcdac6b517fa4767ae7de180abf96bfe""},""join_samples"":{""date"":""2026-07-02"",""run_id"":""9e4e33f802cb4dde8190122e3fffbfbb""},""upload_data"":{""date"":""2026-07-02"",""run_id"":""e9518277e225485f801d89bd8a4f89fc""}}"
32,32,"24.930387500000002 , 55.4674325","24.930243200000003 , 55.400888900000005",urban-rural,urban,1740,"{""sample_routes"":{""date"":""2026-07-01"",""run_id"":""fcdac6b517fa4767ae7de180abf96bfe""},""join_samples"":{""date"":""2026-07-02"",""run_id"":""9e4e33f802cb4dde8190122e3fffbfbb""},""upload_data"":{""date"":""2026-07-02"",""run_id"":""e9518277e225485f801d89bd8a4f89fc""}}"
33,33,"24.496381300000003 , 54.921102600000005","24.4202875 , 54.844780400000005",urban-rural,urban,1737,"{""sample_routes"":{""date"":""2026-07-01"",""run_id"":""fcdac6b517fa4767ae7de180abf96bfe""},""join_samples"":{""date"":""2026-07-02"",""run_id"":""9e4e33f802cb4dde8190122e3fffbfbb""},""upload_data"":{""date"":""2026-07-02"",""run_id"":""e9518277e225485f801d89bd8a4f89fc""}}"
34,34,"25.136041300000002 , 55.188886000000004","25.135703900000003 , 55.150643200000005",urban-urban,urban,1731,"{""sample_routes"":{""date"":""2026-07-01"",""run_id"":""fcdac6b517fa4767ae7de180abf96bfe""},""join_samples"":{""date"":""2026-07-02"",""run_id"":""9e4e33f802cb4dde8190122e3fffbfbb""},""upload_data"":{""date"":""2026-07-02"",""run_id"":""e9518277e225485f801d89bd8a4f89fc""}}"
35,35,"24.5975335 , 54.8910269","24.503518000000003 , 54.8915736",rural-urban,urban,1871,"{""sample_routes"":{""date"":""2026-07-01"",""run_id"":""fcdac6b517fa4767ae7de180abf96bfe""},""join_samples"":{""date"":""2026-07-02"",""run_id"":""9e4e33f802cb4dde8190122e3fffbfbb""},""upload_data"":{""date"":""2026-07-02"",""run_id"":""e9518277e225485f801d89bd8a4f89fc""}}"
36,36,"25.045151800000003 , 55.231191700000004","25.141121700000003 , 55.1354935",urban-urban,urban,1728,"{""sample_routes"":{""date"":""2026-07-01"",""run_id"":""fcdac6b517fa4767ae7de180abf96bfe""},""join_samples"":{""date"":""2026-07-02"",""run_id"":""9e4e33f802cb4dde8190122e3fffbfbb""},""upload_data"":{""date"":""2026-07-02"",""run_id"":""e9518277e225485f801d89bd8a4f89fc""}}"
37,37,"24.4777701 , 55.2171645","24.550049700000002 , 55.2175178",urban-urban,urban,1877,"{""sample_routes"":{""date"":""2026-07-01"",""run_id"":""fcdac6b517fa4767ae7de180abf96bfe""},""join_samples"":{""date"":""2026-07-02"",""run_id"":""9e4e33f802cb4dde8190122e3fffbfbb""},""upload_data"":{""date"":""2026-07-02"",""run_id"":""e9518277e225485f801d89bd8a4f89fc""}}"
38,38,"25.052605800000002 , 55.132101500000005","25.098288800000002 , 55.132318100000006",rural-urban,urban,1721,"{""sample_routes"":{""date"":""2026-07-01"",""run_id"":""fcdac6b517fa4767ae7de180abf96bfe""},""join_samples"":{""date"":""2026-07-02"",""run_id"":""9e4e33f802cb4dde8190122e3fffbfbb""},""upload_data"":{""date"":""2026-07-02"",""run_id"":""e9518277e225485f801d89bd8a4f89fc""}}"
39,39,"25.0526121 , 55.1320496","25.098288800000002 , 55.132318100000006",rural-urban,urban,1721,"{""sample_routes"":{""date"":""2026-07-01"",""run_id"":""fcdac6b517fa4767ae7de180abf96bfe""},""join_samples"":{""date"":""2026-07-02"",""run_id"":""9e4e33f802cb4dde8190122e3fffbfbb""},""upload_data"":{""date"":""2026-07-02"",""run_id"":""e9518277e225485f801d89bd8a4f89fc""}}"
40,40,"25.052657500000002 , 55.1323069","25.0982412 , 55.1323267",rural-urban,urban,1720,"{""sample_routes"":{""date"":""2026-07-01"",""run_id"":""fcdac6b517fa4767ae7de180abf96bfe""},""join_samples"":{""date"":""2026-07-02"",""run_id"":""9e4e33f802cb4dde8190122e3fffbfbb""},""upload_data"":{""date"":""2026-07-02"",""run_id"":""e9518277e225485f801d89bd8a4f89fc""}}"
41,41,"24.598231700000003 , 54.8914741","24.503372000000002 , 54.89162090000001",rural-urban,urban,1883,"{""sample_routes"":{""date"":""2026-07-01"",""run_id"":""fcdac6b517fa4767ae7de180abf96bfe""},""join_samples"":{""date"":""2026-07-02"",""run_id"":""9e4e33f802cb4dde8190122e3fffbfbb""},""upload_data"":{""date"":""2026-07-02"",""run_id"":""e9518277e225485f801d89bd8a4f89fc""}}"
42,42,"24.5982993 , 54.891301000000006","24.503372000000002 , 54.89162090000001",rural-urban,urban,1883,"{""sample_routes"":{""date"":""2026-07-01"",""run_id"":""fcdac6b517fa4767ae7de180abf96bfe""},""join_samples"":{""date"":""2026-07-02"",""run_id"":""9e4e33f802cb4dde8190122e3fffbfbb""},""upload_data"":{""date"":""2026-07-02"",""run_id"":""e9518277e225485f801d89bd8a4f89fc""}}"
43,43,"24.3223704 , 54.7948899","24.408546100000002 , 54.709166200000006",urban-rural,urban,1890,"{""sample_routes"":{""date"":""2026-07-01"",""run_id"":""fcdac6b517fa4767ae7de180abf96bfe""},""join_samples"":{""date"":""2026-07-02"",""run_id"":""9e4e33f802cb4dde8190122e3fffbfbb""},""upload_data"":{""date"":""2026-07-02"",""run_id"":""e9518277e225485f801d89bd8a4f89fc""}}"
44,44,"24.5979041 , 54.891872400000004","24.503372000000002 , 54.89162090000001",rural-urban,urban,1890,"{""sample_routes"":{""date"":""2026-07-01"",""run_id"":""fcdac6b517fa4767ae7de180abf96bfe""},""join_samples"":{""date"":""2026-07-02"",""run_id"":""9e4e33f802cb4dde8190122e3fffbfbb""},""upload_data"":{""date"":""2026-07-02"",""run_id"":""e9518277e225485f801d89bd8a4f89fc""}}"
45,45,"24.4743768 , 55.301038500000004","24.5289661 , 55.246510400000005",urban-urban,urban,1706,"{""sample_routes"":{""date"":""2026-07-01"",""run_id"":""fcdac6b517fa4767ae7de180abf96bfe""},""join_samples"":{""date"":""2026-07-02"",""run_id"":""9e4e33f802cb4dde8190122e3fffbfbb""},""upload_data"":{""date"":""2026-07-02"",""run_id"":""e9518277e225485f801d89bd8a4f89fc""}}"
46,46,"24.138622400000003 , 55.8985641","24.0657837 , 55.8983034",rural-urban,urban,1706,"{""sample_routes"":{""date"":""2026-07-01"",""run_id"":""fcdac6b517fa4767ae7de180abf96bfe""},""join_samples"":{""date"":""2026-07-02"",""run_id"":""9e4e33f802cb4dde8190122e3fffbfbb""},""upload_data"":{""date"":""2026-07-02"",""run_id"":""e9518277e225485f801d89bd8a4f89fc""}}"
47,47,"24.035987300000002 , 55.86322010000001","24.1222488 , 55.948970100000004",urban-urban,urban,1896,"{""sample_routes"":{""date"":""2026-07-01"",""run_id"":""fcdac6b517fa4767ae7de180abf96bfe""},""join_samples"":{""date"":""2026-07-02"",""run_id"":""9e4e33f802cb4dde8190122e3fffbfbb""},""upload_data"":{""date"":""2026-07-02"",""run_id"":""e9518277e225485f801d89bd8a4f89fc""}}"
48,48,"24.4930656 , 54.9162182","24.420597100000002 , 54.8439459",urban-rural,urban,1702,"{""sample_routes"":{""date"":""2026-07-01"",""run_id"":""fcdac6b517fa4767ae7de180abf96bfe""},""join_samples"":{""date"":""2026-07-02"",""run_id"":""9e4e33f802cb4dde8190122e3fffbfbb""},""upload_data"":{""date"":""2026-07-02"",""run_id"":""e9518277e225485f801d89bd8a4f89fc""}}"
49,49,"24.328415600000003 , 54.794914000000006","24.4054307 , 54.7182614",urban-urban,urban,1701,"{""sample_routes"":{""date"":""2026-07-01"",""run_id"":""fcdac6b517fa4767ae7de180abf96bfe""},""join_samples"":{""date"":""2026-07-02"",""run_id"":""9e4e33f802cb4dde8190122e3fffbfbb""},""upload_data"":{""date"":""2026-07-02"",""run_id"":""e9518277e225485f801d89bd8a4f89fc""}}"
50,50,"25.2602574 , 55.427566500000005","25.2605384 , 55.6111414",urban-urban,urban,1697,"{""sample_routes"":{""date"":""2026-07-01"",""run_id"":""fcdac6b517fa4767ae7de180abf96bfe""},""join_samples"":{""date"":""2026-07-02"",""run_id"":""9e4e33f802cb4dde8190122e3fffbfbb""},""upload_data"":{""date"":""2026-07-02"",""run_id"":""e9518277e225485f801d89bd8a4f89fc""}}"
51,51,"24.4958104 , 54.9166936","24.4210759 , 54.841759700000004",urban-rural,urban,1696,"{""sample_routes"":{""date"":""2026-07-01"",""run_id"":""fcdac6b517fa4767ae7de180abf96bfe""},""join_samples"":{""date"":""2026-07-02"",""run_id"":""9e4e33f802cb4dde8190122e3fffbfbb""},""upload_data"":{""date"":""2026-07-02"",""run_id"":""e9518277e225485f801d89bd8a4f89fc""}}"
52,52,"24.338497200000003 , 54.7851301","24.3387999 , 54.683494800000005",urban-rural,urban,1695,"{""sample_routes"":{""date"":""2026-07-01"",""run_id"":""fcdac6b517fa4767ae7de180abf96bfe""},""join_samples"":{""date"":""2026-07-02"",""run_id"":""9e4e33f802cb4dde8190122e3fffbfbb""},""upload_data"":{""date"":""2026-07-02"",""run_id"":""e9518277e225485f801d89bd8a4f89fc""}}"
53,53,"24.0412417 , 55.859442200000004","24.103638200000002 , 55.9218746",urban-rural,urban,1694,"{""sample_routes"":{""date"":""2026-07-01"",""run_id"":""fcdac6b517fa4767ae7de180abf96bfe""},""join_samples"":{""date"":""2026-07-02"",""run_id"":""9e4e33f802cb4dde8190122e3fffbfbb""},""upload_data"":{""date"":""2026-07-02"",""run_id"":""e9518277e225485f801d89bd8a4f89fc""}}"
54,54,"24.0326975 , 55.8624744","24.121176000000002 , 55.9510422",urban-rural,urban,1908,"{""sample_routes"":{""date"":""2026-07-01"",""run_id"":""fcdac6b517fa4767ae7de180abf96bfe""},""join_samples"":{""date"":""2026-07-02"",""run_id"":""9e4e33f802cb4dde8190122e3fffbfbb""},""upload_data"":{""date"":""2026-07-02"",""run_id"":""e9518277e225485f801d89bd8a4f89fc""}}"
55,55,"25.2473329 , 55.4313701","25.246947300000002 , 55.6342688",urban-urban,urban,1909,"{""sample_routes"":{""date"":""2026-07-01"",""run_id"":""fcdac6b517fa4767ae7de180abf96bfe""},""join_samples"":{""date"":""2026-07-02"",""run_id"":""9e4e33f802cb4dde8190122e3fffbfbb""},""upload_data"":{""date"":""2026-07-02"",""run_id"":""e9518277e225485f801d89bd8a4f89fc""}}"
56,56,"24.9309216 , 55.468311400000005","24.931456500000003 , 55.401720100000006",urban-rural,urban,1689,"{""sample_routes"":{""date"":""2026-07-01"",""run_id"":""fcdac6b517fa4767ae7de180abf96bfe""},""join_samples"":{""date"":""2026-07-02"",""run_id"":""9e4e33f802cb4dde8190122e3fffbfbb""},""upload_data"":{""date"":""2026-07-02"",""run_id"":""e9518277e225485f801d89bd8a4f89fc""}}"
57,57,"24.029903500000003 , 55.8577859","24.119561100000002 , 55.947090100000004",urban-rural,urban,1911,"{""sample_routes"":{""date"":""2026-07-01"",""run_id"":""fcdac6b517fa4767ae7de180abf96bfe""},""join_samples"":{""date"":""2026-07-02"",""run_id"":""9e4e33f802cb4dde8190122e3fffbfbb""},""upload_data"":{""date"":""2026-07-02"",""run_id"":""e9518277e225485f801d89bd8a4f89fc""}}"
58,58,"24.040884100000003 , 55.878691100000005","24.1244513 , 55.9627253",urban-urban,urban,1914,"{""sample_routes"":{""date"":""2026-07-01"",""run_id"":""fcdac6b517fa4767ae7de180abf96bfe""},""join_samples"":{""date"":""2026-07-02"",""run_id"":""9e4e33f802cb4dde8190122e3fffbfbb""},""upload_data"":{""date"":""2026-07-02"",""run_id"":""e9518277e225485f801d89bd8a4f89fc""}}"
59,59,"24.597819 , 54.8449534","24.437268300000003 , 54.84524630000001",rural-rural,urban,1684,"{""sample_routes"":{""date"":""2026-07-01"",""run_id"":""fcdac6b517fa4767ae7de180abf96bfe""},""join_samples"":{""date"":""2026-07-02"",""run_id"":""9e4e33f802cb4dde8190122e3fffbfbb""},""upload_data"":{""date"":""2026-07-02"",""run_id"":""e9518277e225485f801d89bd8a4f89fc""}}"
60,60,"25.4956186 , 55.750342","25.4470239 , 55.7018423",urban-urban,urban,1917,"{""sample_routes"":{""date"":""2026-07-01"",""run_id"":""fcdac6b517fa4767ae7de180abf96bfe""},""join_samples"":{""date"":""2026-07-02"",""run_id"":""9e4e33f802cb4dde8190122e3fffbfbb""},""upload_data"":{""date"":""2026-07-02"",""run_id"":""e9518277e225485f801d89bd8a4f89fc""}}"
61,61,"24.030638500000002 , 55.861263400000006","24.119543800000002 , 55.9497804",urban-rural,urban,1918,"{""sample_routes"":{""date"":""2026-07-01"",""run_id"":""fcdac6b517fa4767ae7de180abf96bfe""},""join_samples"":{""date"":""2026-07-02"",""run_id"":""9e4e33f802cb4dde8190122e3fffbfbb""},""upload_data"":{""date"":""2026-07-02"",""run_id"":""e9518277e225485f801d89bd8a4f89fc""}}"
62,62,"24.0410188 , 55.8592263","24.103638200000002 , 55.9218746",urban-rural,urban,1682,"{""sample_routes"":{""date"":""2026-07-01"",""run_id"":""fcdac6b517fa4767ae7de180abf96bfe""},""join_samples"":{""date"":""2026-07-02"",""run_id"":""9e4e33f802cb4dde8190122e3fffbfbb""},""upload_data"":{""date"":""2026-07-02"",""run_id"":""e9518277e225485f801d89bd8a4f89fc""}}"
63,63,"24.036504200000003 , 55.8558655","24.1128573 , 55.9321216",urban-rural,urban,1680,"{""sample_routes"":{""date"":""2026-07-01"",""run_id"":""fcdac6b517fa4767ae7de180abf96bfe""},""join_samples"":{""date"":""2026-07-02"",""run_id"":""9e4e33f802cb4dde8190122e3fffbfbb""},""upload_data"":{""date"":""2026-07-02"",""run_id"":""e9518277e225485f801d89bd8a4f89fc""}}"
64,64,"24.4202875 , 54.844780400000005","24.581773600000002 , 54.8445826",rural-rural,urban,1680,"{""sample_routes"":{""date"":""2026-07-01"",""run_id"":""fcdac6b517fa4767ae7de180abf96bfe""},""join_samples"":{""date"":""2026-07-02"",""run_id"":""9e4e33f802cb4dde8190122e3fffbfbb""},""upload_data"":{""date"":""2026-07-02"",""run_id"":""e9518277e225485f801d89bd8a4f89fc""}}"
65,65,"24.3244797 , 54.796457100000005","24.4014147 , 54.719019100000004",urban-rural,urban,1676,"{""sample_routes"":{""date"":""2026-07-01"",""run_id"":""fcdac6b517fa4767ae7de180abf96bfe""},""join_samples"":{""date"":""2026-07-02"",""run_id"":""9e4e33f802cb4dde8190122e3fffbfbb""},""upload_data"":{""date"":""2026-07-02"",""run_id"":""e9518277e225485f801d89bd8a4f89fc""}}"
66,66,"24.0297406 , 55.8650145","24.120450400000003 , 55.9553306",urban-urban,urban,1925,"{""sample_routes"":{""date"":""2026-07-01"",""run_id"":""fcdac6b517fa4767ae7de180abf96bfe""},""join_samples"":{""date"":""2026-07-02"",""run_id"":""9e4e33f802cb4dde8190122e3fffbfbb""},""upload_data"":{""date"":""2026-07-02"",""run_id"":""e9518277e225485f801d89bd8a4f89fc""}}"
67,67,"25.034202800000003 , 55.149634600000006","25.136608900000002 , 55.1497358",urban-urban,urban,1926,"{""sample_routes"":{""date"":""2026-07-01"",""run_id"":""fcdac6b517fa4767ae7de180abf96bfe""},""join_samples"":{""date"":""2026-07-02"",""run_id"":""9e4e33f802cb4dde8190122e3fffbfbb""},""upload_data"":{""date"":""2026-07-02"",""run_id"":""e9518277e225485f801d89bd8a4f89fc""}}"
68,68,"24.579530600000002 , 54.844514600000004","24.420377900000002 , 54.84469360000001",urban-rural,urban,1670,"{""sample_routes"":{""date"":""2026-07-01"",""run_id"":""fcdac6b517fa4767ae7de180abf96bfe""},""join_samples"":{""date"":""2026-07-02"",""run_id"":""9e4e33f802cb4dde8190122e3fffbfbb""},""upload_data"":{""date"":""2026-07-02"",""run_id"":""e9518277e225485f801d89bd8a4f89fc""}}"
69,69,"24.4973512 , 54.9210189","24.440536 , 54.864188500000004",urban-rural,urban,1670,"{""sample_routes"":{""date"":""2026-07-01"",""run_id"":""fcdac6b517fa4767ae7de180abf96bfe""},""join_samples"":{""date"":""2026-07-02"",""run_id"":""9e4e33f802cb4dde8190122e3fffbfbb""},""upload_data"":{""date"":""2026-07-02"",""run_id"":""e9518277e225485f801d89bd8a4f89fc""}}"
70,70,"24.0309263 , 55.855374600000005","24.1102868 , 55.9351549",urban-rural,urban,1669,"{""sample_routes"":{""date"":""2026-07-01"",""run_id"":""fcdac6b517fa4767ae7de180abf96bfe""},""join_samples"":{""date"":""2026-07-02"",""run_id"":""9e4e33f802cb4dde8190122e3fffbfbb""},""upload_data"":{""date"":""2026-07-02"",""run_id"":""e9518277e225485f801d89bd8a4f89fc""}}"
71,71,"25.247437400000003 , 55.4311055","25.247401200000002 , 55.635485700000004",urban-urban,urban,1931,"{""sample_routes"":{""date"":""2026-07-01"",""run_id"":""fcdac6b517fa4767ae7de180abf96bfe""},""join_samples"":{""date"":""2026-07-02"",""run_id"":""9e4e33f802cb4dde8190122e3fffbfbb""},""upload_data"":{""date"":""2026-07-02"",""run_id"":""e9518277e225485f801d89bd8a4f89fc""}}"
72,72,"24.030748600000003 , 55.8607753","24.119543800000002 , 55.9497804",urban-rural,urban,1932,"{""sample_routes"":{""date"":""2026-07-01"",""run_id"":""fcdac6b517fa4767ae7de180abf96bfe""},""join_samples"":{""date"":""2026-07-02"",""run_id"":""9e4e33f802cb4dde8190122e3fffbfbb""},""upload_data"":{""date"":""2026-07-02"",""run_id"":""e9518277e225485f801d89bd8a4f89fc""}}"
73,73,"25.1046626 , 55.250179100000004","25.1041677 , 55.111813600000005",urban-urban,urban,1664,"{""sample_routes"":{""date"":""2026-07-01"",""run_id"":""fcdac6b517fa4767ae7de180abf96bfe""},""join_samples"":{""date"":""2026-07-02"",""run_id"":""9e4e33f802cb4dde8190122e3fffbfbb""},""upload_data"":{""date"":""2026-07-02"",""run_id"":""e9518277e225485f801d89bd8a4f89fc""}}"
74,74,"24.0400071 , 55.8609188","24.127698300000002 , 55.9488738",urban-urban,urban,1937,"{""sample_routes"":{""date"":""2026-07-01"",""run_id"":""fcdac6b517fa4767ae7de180abf96bfe""},""join_samples"":{""date"":""2026-07-02"",""run_id"":""9e4e33f802cb4dde8190122e3fffbfbb""},""upload_data"":{""date"":""2026-07-02"",""run_id"":""e9518277e225485f801d89bd8a4f89fc""}}"
75,75,"25.036641600000003 , 55.1516163","25.1342789 , 55.1518085",urban-urban,urban,1938,"{""sample_routes"":{""date"":""2026-07-01"",""run_id"":""fcdac6b517fa4767ae7de180abf96bfe""},""join_samples"":{""date"":""2026-07-02"",""run_id"":""9e4e33f802cb4dde8190122e3fffbfbb""},""upload_data"":{""date"":""2026-07-02"",""run_id"":""e9518277e225485f801d89bd8a4f89fc""}}"
76,76,"24.101577900000002 , 55.9322092","24.023410300000002 , 55.854532400000004",rural-urban,urban,1659,"{""sample_routes"":{""date"":""2026-07-01"",""run_id"":""fcdac6b517fa4767ae7de180abf96bfe""},""join_samples"":{""date"":""2026-07-02"",""run_id"":""9e4e33f802cb4dde8190122e3fffbfbb""},""upload_data"":{""date"":""2026-07-02"",""run_id"":""e9518277e225485f801d89bd8a4f89fc""}}"
77,77,"24.066116800000003 , 55.899290400000005","24.138665200000002 , 55.8987751",urban-rural,urban,1657,"{""sample_routes"":{""date"":""2026-07-01"",""run_id"":""fcdac6b517fa4767ae7de180abf96bfe""},""join_samples"":{""date"":""2026-07-02"",""run_id"":""9e4e33f802cb4dde8190122e3fffbfbb""},""upload_data"":{""date"":""2026-07-02"",""run_id"":""e9518277e225485f801d89bd8a4f89fc""}}"
78,78,"24.567815600000003 , 54.891459000000005","24.503372000000002 , 54.89162090000001",urban-urban,urban,1655,"{""sample_routes"":{""date"":""2026-07-01"",""run_id"":""fcdac6b517fa4767ae7de180abf96bfe""},""join_samples"":{""date"":""2026-07-02"",""run_id"":""9e4e33f802cb4dde8190122e3fffbfbb""},""upload_data"":{""date"":""2026-07-02"",""run_id"":""e9518277e225485f801d89bd8a4f89fc""}}"
79,79,"24.0476397 , 55.90182780000001","24.1244027 , 55.9021429",urban-rural,urban,1649,"{""sample_routes"":{""date"":""2026-07-01"",""run_id"":""fcdac6b517fa4767ae7de180abf96bfe""},""join_samples"":{""date"":""2026-07-02"",""run_id"":""9e4e33f802cb4dde8190122e3fffbfbb""},""upload_data"":{""date"":""2026-07-02"",""run_id"":""e9518277e225485f801d89bd8a4f89fc""}}"
80,80,"24.567783900000002 , 54.89198510000001","24.503372000000002 , 54.89162090000001",urban-urban,urban,1649,"{""sample_routes"":{""date"":""2026-07-01"",""run_id"":""fcdac6b517fa4767ae7de180abf96bfe""},""join_samples"":{""date"":""2026-07-02"",""run_id"":""9e4e33f802cb4dde8190122e3fffbfbb""},""upload_data"":{""date"":""2026-07-02"",""run_id"":""e9518277e225485f801d89bd8a4f89fc""}}"
81,81,"24.5684095 , 54.8918193","24.503518000000003 , 54.8915736",urban-urban,urban,1645,"{""sample_routes"":{""date"":""2026-07-01"",""run_id"":""fcdac6b517fa4767ae7de180abf96bfe""},""join_samples"":{""date"":""2026-07-02"",""run_id"":""9e4e33f802cb4dde8190122e3fffbfbb""},""upload_data"":{""date"":""2026-07-02"",""run_id"":""e9518277e225485f801d89bd8a4f89fc""}}"
82,82,"24.5684681 , 54.891676600000004","24.503372000000002 , 54.89162090000001",urban-urban,urban,1645,"{""sample_routes"":{""date"":""2026-07-01"",""run_id"":""fcdac6b517fa4767ae7de180abf96bfe""},""join_samples"":{""date"":""2026-07-02"",""run_id"":""9e4e33f802cb4dde8190122e3fffbfbb""},""upload_data"":{""date"":""2026-07-02"",""run_id"":""e9518277e225485f801d89bd8a4f89fc""}}"
83,83,"24.514987 , 55.21222650000001","24.474142500000003 , 55.212248",urban-urban,urban,1643,"{""sample_routes"":{""date"":""2026-07-01"",""run_id"":""fcdac6b517fa4767ae7de180abf96bfe""},""join_samples"":{""date"":""2026-07-02"",""run_id"":""9e4e33f802cb4dde8190122e3fffbfbb""},""upload_data"":{""date"":""2026-07-02"",""run_id"":""e9518277e225485f801d89bd8a4f89fc""}}"
84,84,"24.568183400000002 , 54.891885300000006","24.503518000000003 , 54.8915736",urban-urban,urban,1643,"{""sample_routes"":{""date"":""2026-07-01"",""run_id"":""fcdac6b517fa4767ae7de180abf96bfe""},""join_samples"":{""date"":""2026-07-02"",""run_id"":""9e4e33f802cb4dde8190122e3fffbfbb""},""upload_data"":{""date"":""2026-07-02"",""run_id"":""e9518277e225485f801d89bd8a4f89fc""}}"
85,85,"24.069391200000002 , 55.836346400000004","24.0696936 , 55.944307300000006",urban-urban,urban,1642,"{""sample_routes"":{""date"":""2026-07-01"",""run_id"":""fcdac6b517fa4767ae7de180abf96bfe""},""join_samples"":{""date"":""2026-07-02"",""run_id"":""9e4e33f802cb4dde8190122e3fffbfbb""},""upload_data"":{""date"":""2026-07-02"",""run_id"":""e9518277e225485f801d89bd8a4f89fc""}}"
86,86,"24.1393692 , 55.882883400000004","24.0904446 , 55.8830475",rural-rural,urban,1642,"{""sample_routes"":{""date"":""2026-07-01"",""run_id"":""fcdac6b517fa4767ae7de180abf96bfe""},""join_samples"":{""date"":""2026-07-02"",""run_id"":""9e4e33f802cb4dde8190122e3fffbfbb""},""upload_data"":{""date"":""2026-07-02"",""run_id"":""e9518277e225485f801d89bd8a4f89fc""}}"
87,87,"25.489639800000003 , 55.742856700000004","25.4151738 , 55.7425976",urban-urban,urban,1634,"{""sample_routes"":{""date"":""2026-07-01"",""run_id"":""fcdac6b517fa4767ae7de180abf96bfe""},""join_samples"":{""date"":""2026-07-02"",""run_id"":""9e4e33f802cb4dde8190122e3fffbfbb""},""upload_data"":{""date"":""2026-07-02"",""run_id"":""e9518277e225485f801d89bd8a4f89fc""}}"
88,88,"24.3503745 , 54.7622719","24.3504699 , 54.6600204",urban-urban,urban,1633,"{""sample_routes"":{""date"":""2026-07-01"",""run_id"":""fcdac6b517fa4767ae7de180abf96bfe""},""join_samples"":{""date"":""2026-07-02"",""run_id"":""9e4e33f802cb4dde8190122e3fffbfbb""},""upload_data"":{""date"":""2026-07-02"",""run_id"":""e9518277e225485f801d89bd8a4f89fc""}}"
89,89,"25.500446200000003 , 55.7595578","25.4376722 , 55.6966496",urban-rural,urban,1971,"{""sample_routes"":{""date"":""2026-07-01"",""run_id"":""fcdac6b517fa4767ae7de180abf96bfe""},""join_samples"":{""date"":""2026-07-02"",""run_id"":""9e4e33f802cb4dde8190122e3fffbfbb""},""upload_data"":{""date"":""2026-07-02"",""run_id"":""e9518277e225485f801d89bd8a4f89fc""}}"
90,90,"25.4983204 , 55.7550949","25.455878400000003 , 55.712239800000006",urban-rural,urban,1971,"{""sample_routes"":{""date"":""2026-07-01"",""run_id"":""fcdac6b517fa4767ae7de180abf96bfe""},""join_samples"":{""date"":""2026-07-02"",""run_id"":""9e4e33f802cb4dde8190122e3fffbfbb""},""upload_data"":{""date"":""2026-07-02"",""run_id"":""e9518277e225485f801d89bd8a4f89fc""}}"
91,91,"25.161724800000002 , 55.401529700000005","25.162224000000002 , 55.2907768",urban-urban,urban,1622,"{""sample_routes"":{""date"":""2026-07-01"",""run_id"":""fcdac6b517fa4767ae7de180abf96bfe""},""join_samples"":{""date"":""2026-07-02"",""run_id"":""9e4e33f802cb4dde8190122e3fffbfbb""},""upload_data"":{""date"":""2026-07-02"",""run_id"":""e9518277e225485f801d89bd8a4f89fc""}}"
92,92,"24.3291173 , 54.7920243","24.410757200000003 , 54.710020400000005",urban-urban,urban,1620,"{""sample_routes"":{""date"":""2026-07-01"",""run_id"":""fcdac6b517fa4767ae7de180abf96bfe""},""join_samples"":{""date"":""2026-07-02"",""run_id"":""9e4e33f802cb4dde8190122e3fffbfbb""},""upload_data"":{""date"":""2026-07-02"",""run_id"":""e9518277e225485f801d89bd8a4f89fc""}}"
93,93,"24.553210200000002 , 55.212374100000005","24.4728348 , 55.2124103",urban-urban,urban,1981,"{""sample_routes"":{""date"":""2026-07-01"",""run_id"":""fcdac6b517fa4767ae7de180abf96bfe""},""join_samples"":{""date"":""2026-07-02"",""run_id"":""9e4e33f802cb4dde8190122e3fffbfbb""},""upload_data"":{""date"":""2026-07-02"",""run_id"":""e9518277e225485f801d89bd8a4f89fc""}}"
94,94,"24.3255148 , 54.7739744","24.403602000000003 , 54.6961067",urban-urban,urban,1617,"{""sample_routes"":{""date"":""2026-07-01"",""run_id"":""fcdac6b517fa4767ae7de180abf96bfe""},""join_samples"":{""date"":""2026-07-02"",""run_id"":""9e4e33f802cb4dde8190122e3fffbfbb""},""upload_data"":{""date"":""2026-07-02"",""run_id"":""e9518277e225485f801d89bd8a4f89fc""}}"
95,95,"25.046164400000002 , 55.1940893","25.1275088 , 55.112965",urban-urban,urban,1616,"{""sample_routes"":{""date"":""2026-07-01"",""run_id"":""fcdac6b517fa4767ae7de180abf96bfe""},""join_samples"":{""date"":""2026-07-02"",""run_id"":""9e4e33f802cb4dde8190122e3fffbfbb""},""upload_data"":{""date"":""2026-07-02"",""run_id"":""e9518277e225485f801d89bd8a4f89fc""}}"
96,96,"24.3273258 , 54.756066000000004","24.396241900000003 , 54.687619000000005",urban-urban,urban,1613,"{""sample_routes"":{""date"":""2026-07-01"",""run_id"":""fcdac6b517fa4767ae7de180abf96bfe""},""join_samples"":{""date"":""2026-07-02"",""run_id"":""9e4e33f802cb4dde8190122e3fffbfbb""},""upload_data"":{""date"":""2026-07-02"",""run_id"":""e9518277e225485f801d89bd8a4f89fc""}}"
97,97,"24.339446300000002 , 54.7841552","24.3390923 , 54.6827443",urban-rural,urban,1610,"{""sample_routes"":{""date"":""2026-07-01"",""run_id"":""fcdac6b517fa4767ae7de180abf96bfe""},""join_samples"":{""date"":""2026-07-02"",""run_id"":""9e4e33f802cb4dde8190122e3fffbfbb""},""upload_data"":{""date"":""2026-07-02"",""run_id"":""e9518277e225485f801d89bd8a4f89fc""}}"
98,98,"24.0675151 , 55.77155140000001","24.1207029 , 55.7178819",urban-urban,urban,1610,"{""sample_routes"":{""date"":""2026-07-01"",""run_id"":""fcdac6b517fa4767ae7de180abf96bfe""},""join_samples"":{""date"":""2026-07-02"",""run_id"":""9e4e33f802cb4dde8190122e3fffbfbb""},""upload_data"":{""date"":""2026-07-02"",""run_id"":""e9518277e225485f801d89bd8a4f89fc""}}"
99,99,"24.331385 , 54.7640011","24.4012233 , 54.6938332",urban-urban,urban,1604,"{""sample_routes"":{""date"":""2026-07-01"",""run_id"":""fcdac6b517fa4767ae7de180abf96bfe""},""join_samples"":{""date"":""2026-07-02"",""run_id"":""9e4e33f802cb4dde8190122e3fffbfbb""},""upload_data"":{""date"":""2026-07-02"",""run_id"":""e9518277e225485f801d89bd8a4f89fc""}}"
100,100,"24.339664900000002 , 54.7849598","24.3396699 , 54.682244000000004",urban-rural,urban,1603,"{""sample_routes"":{""date"":""2026-07-01"",""run_id"":""fcdac6b517fa4767ae7de180abf96bfe""},""join_samples"":{""date"":""2026-07-02"",""run_id"":""9e4e33f802cb4dde8190122e3fffbfbb""},""upload_data"":{""date"":""2026-07-02"",""run_id"":""e9518277e225485f801d89bd8a4f89fc""}}"
101,101,"24.487529700000003 , 54.879852500000005","24.5681872 , 54.880040400000006",urban-urban,urban,1601,"{""sample_routes"":{""date"":""2026-07-01"",""run_id"":""fcdac6b517fa4767ae7de180abf96bfe""},""join_samples"":{""date"":""2026-07-02"",""run_id"":""9e4e33f802cb4dde8190122e3fffbfbb""},""upload_data"":{""date"":""2026-07-02"",""run_id"":""e9518277e225485f801d89bd8a4f89fc""}}"
102,102,"25.049221000000003 , 55.13595170000001","25.141248100000002 , 55.1363556",urban-urban,urban,1595,"{""sample_routes"":{""date"":""2026-07-01"",""run_id"":""fcdac6b517fa4767ae7de180abf96bfe""},""join_samples"":{""date"":""2026-07-02"",""run_id"":""9e4e33f802cb4dde8190122e3fffbfbb""},""upload_data"":{""date"":""2026-07-02"",""run_id"":""e9518277e225485f801d89bd8a4f89fc""}}"
103,103,"24.3311622 , 54.778466","24.331703800000003 , 54.68316780000001",urban-rural,urban,1594,"{""sample_routes"":{""date"":""2026-07-01"",""run_id"":""fcdac6b517fa4767ae7de180abf96bfe""},""join_samples"":{""date"":""2026-07-02"",""run_id"":""9e4e33f802cb4dde8190122e3fffbfbb""},""upload_data"":{""date"":""2026-07-02"",""run_id"":""e9518277e225485f801d89bd8a4f89fc""}}"
104,104,"24.035980000000002 , 55.864614800000005","24.1266481 , 55.95526280000001",urban-urban,urban,2009,"{""sample_routes"":{""date"":""2026-07-01"",""run_id"":""fcdac6b517fa4767ae7de180abf96bfe""},""join_samples"":{""date"":""2026-07-02"",""run_id"":""9e4e33f802cb4dde8190122e3fffbfbb""},""upload_data"":{""date"":""2026-07-02"",""run_id"":""e9518277e225485f801d89bd8a4f89fc""}}"
105,105,"25.0893921 , 55.146267200000004","25.1390527 , 55.1462426",urban-urban,urban,1590,"{""sample_routes"":{""date"":""2026-07-01"",""run_id"":""fcdac6b517fa4767ae7de180abf96bfe""},""join_samples"":{""date"":""2026-07-02"",""run_id"":""9e4e33f802cb4dde8190122e3fffbfbb""},""upload_data"":{""date"":""2026-07-02"",""run_id"":""e9518277e225485f801d89bd8a4f89fc""}}"
106,106,"25.115109800000003 , 55.1974218","25.1150287 , 55.10871830000001",urban-urban,urban,1589,"{""sample_routes"":{""date"":""2026-07-01"",""run_id"":""fcdac6b517fa4767ae7de180abf96bfe""},""join_samples"":{""date"":""2026-07-02"",""run_id"":""9e4e33f802cb4dde8190122e3fffbfbb""},""upload_data"":{""date"":""2026-07-02"",""run_id"":""e9518277e225485f801d89bd8a4f89fc""}}"
107,107,"24.5054324 , 54.7764126","24.505129200000002 , 54.9849571",urban-urban,urban,2012,"{""sample_routes"":{""date"":""2026-07-01"",""run_id"":""fcdac6b517fa4767ae7de180abf96bfe""},""join_samples"":{""date"":""2026-07-02"",""run_id"":""9e4e33f802cb4dde8190122e3fffbfbb""},""upload_data"":{""date"":""2026-07-02"",""run_id"":""e9518277e225485f801d89bd8a4f89fc""}}"
108,108,"25.035923 , 55.1428753","25.140376300000003 , 55.143187700000006",rural-urban,urban,2015,"{""sample_routes"":{""date"":""2026-07-01"",""run_id"":""fcdac6b517fa4767ae7de180abf96bfe""},""join_samples"":{""date"":""2026-07-02"",""run_id"":""9e4e33f802cb4dde8190122e3fffbfbb""},""upload_data"":{""date"":""2026-07-02"",""run_id"":""e9518277e225485f801d89bd8a4f89fc""}}"
109,109,"25.097466500000003 , 55.124686600000004","25.0972218 , 55.173833800000004",urban-urban,urban,1584,"{""sample_routes"":{""date"":""2026-07-01"",""run_id"":""fcdac6b517fa4767ae7de180abf96bfe""},""join_samples"":{""date"":""2026-07-02"",""run_id"":""9e4e33f802cb4dde8190122e3fffbfbb""},""upload_data"":{""date"":""2026-07-02"",""run_id"":""e9518277e225485f801d89bd8a4f89fc""}}"
110,110,"24.4952493 , 54.8808857","24.608369900000003 , 54.880430100000005",urban-rural,urban,2018,"{""sample_routes"":{""date"":""2026-07-01"",""run_id"":""fcdac6b517fa4767ae7de180abf96bfe""},""join_samples"":{""date"":""2026-07-02"",""run_id"":""9e4e33f802cb4dde8190122e3fffbfbb""},""upload_data"":{""date"":""2026-07-02"",""run_id"":""e9518277e225485f801d89bd8a4f89fc""}}"
111,111,"24.1371174 , 55.8859599","24.0857384 , 55.886166",rural-rural,urban,1570,"{""sample_routes"":{""date"":""2026-07-01"",""run_id"":""fcdac6b517fa4767ae7de180abf96bfe""},""join_samples"":{""date"":""2026-07-02"",""run_id"":""9e4e33f802cb4dde8190122e3fffbfbb""},""upload_data"":{""date"":""2026-07-02"",""run_id"":""e9518277e225485f801d89bd8a4f89fc""}}"
112,112,"24.1375457 , 55.885241","24.0897517 , 55.8852685",rural-rural,urban,1569,"{""sample_routes"":{""date"":""2026-07-01"",""run_id"":""fcdac6b517fa4767ae7de180abf96bfe""},""join_samples"":{""date"":""2026-07-02"",""run_id"":""9e4e33f802cb4dde8190122e3fffbfbb""},""upload_data"":{""date"":""2026-07-02"",""run_id"":""e9518277e225485f801d89bd8a4f89fc""}}"
113,113,"24.0667899 , 55.773045700000004","24.121057200000003 , 55.718676300000006",urban-urban,urban,1567,"{""sample_routes"":{""date"":""2026-07-01"",""run_id"":""fcdac6b517fa4767ae7de180abf96bfe""},""join_samples"":{""date"":""2026-07-02"",""run_id"":""9e4e33f802cb4dde8190122e3fffbfbb""},""upload_data"":{""date"":""2026-07-02"",""run_id"":""e9518277e225485f801d89bd8a4f89fc""}}"
114,114,"24.3731398 , 54.77047880000001","24.3062384 , 54.703022000000004",urban-urban,urban,1565,"{""sample_routes"":{""date"":""2026-07-01"",""run_id"":""fcdac6b517fa4767ae7de180abf96bfe""},""join_samples"":{""date"":""2026-07-02"",""run_id"":""9e4e33f802cb4dde8190122e3fffbfbb""},""upload_data"":{""date"":""2026-07-02"",""run_id"":""e9518277e225485f801d89bd8a4f89fc""}}"
115,115,"24.938679 , 55.467294","24.9383401 , 55.4160764",rural-rural,urban,1564,"{""sample_routes"":{""date"":""2026-07-01"",""run_id"":""fcdac6b517fa4767ae7de180abf96bfe""},""join_samples"":{""date"":""2026-07-02"",""run_id"":""9e4e33f802cb4dde8190122e3fffbfbb""},""upload_data"":{""date"":""2026-07-02"",""run_id"":""e9518277e225485f801d89bd8a4f89fc""}}"
116,116,"24.334280200000002 , 54.782580800000005","24.3337417 , 54.68192620000001",urban-rural,urban,1564,"{""sample_routes"":{""date"":""2026-07-01"",""run_id"":""fcdac6b517fa4767ae7de180abf96bfe""},""join_samples"":{""date"":""2026-07-02"",""run_id"":""9e4e33f802cb4dde8190122e3fffbfbb""},""upload_data"":{""date"":""2026-07-02"",""run_id"":""e9518277e225485f801d89bd8a4f89fc""}}"
117,117,"24.329389300000003 , 54.793435800000005","24.4053179 , 54.717373900000005",urban-urban,urban,1557,"{""sample_routes"":{""date"":""2026-07-01"",""run_id"":""fcdac6b517fa4767ae7de180abf96bfe""},""join_samples"":{""date"":""2026-07-02"",""run_id"":""9e4e33f802cb4dde8190122e3fffbfbb""},""upload_data"":{""date"":""2026-07-02"",""run_id"":""e9518277e225485f801d89bd8a4f89fc""}}"
118,118,"25.0528228 , 55.1322525","25.098288800000002 , 55.132318100000006",rural-urban,urban,1557,"{""sample_routes"":{""date"":""2026-07-01"",""run_id"":""fcdac6b517fa4767ae7de180abf96bfe""},""join_samples"":{""date"":""2026-07-02"",""run_id"":""9e4e33f802cb4dde8190122e3fffbfbb""},""upload_data"":{""date"":""2026-07-02"",""run_id"":""e9518277e225485f801d89bd8a4f89fc""}}"
119,119,"24.517917500000003 , 54.906263200000005","24.517443200000002 , 55.028420800000006",urban-rural,urban,1557,"{""sample_routes"":{""date"":""2026-07-01"",""run_id"":""fcdac6b517fa4767ae7de180abf96bfe""},""join_samples"":{""date"":""2026-07-02"",""run_id"":""9e4e33f802cb4dde8190122e3fffbfbb""},""upload_data"":{""date"":""2026-07-02"",""run_id"":""e9518277e225485f801d89bd8a4f89fc""}}"
120,120,"24.066537800000003 , 55.9029578","24.139144 , 55.9025601",urban-urban,urban,1552,"{""sample_routes"":{""date"":""2026-07-01"",""run_id"":""fcdac6b517fa4767ae7de180abf96bfe""},""join_samples"":{""date"":""2026-07-02"",""run_id"":""9e4e33f802cb4dde8190122e3fffbfbb""},""upload_data"":{""date"":""2026-07-02"",""run_id"":""e9518277e225485f801d89bd8a4f89fc""}}"
121,121,"24.463764700000002 , 54.84198000000001","24.607771600000003 , 54.841452100000005",urban-rural,urban,1549,"{""sample_routes"":{""date"":""2026-07-01"",""run_id"":""fcdac6b517fa4767ae7de180abf96bfe""},""join_samples"":{""date"":""2026-07-02"",""run_id"":""9e4e33f802cb4dde8190122e3fffbfbb""},""upload_data"":{""date"":""2026-07-02"",""run_id"":""e9518277e225485f801d89bd8a4f89fc""}}"
122,122,"25.072104000000003 , 55.128183","25.0975448 , 55.127989500000005",urban-urban,urban,1544,"{""sample_routes"":{""date"":""2026-07-01"",""run_id"":""fcdac6b517fa4767ae7de180abf96bfe""},""join_samples"":{""date"":""2026-07-02"",""run_id"":""9e4e33f802cb4dde8190122e3fffbfbb""},""upload_data"":{""date"":""2026-07-02"",""run_id"":""e9518277e225485f801d89bd8a4f89fc""}}"
123,123,"24.3289267 , 54.7523587","24.3950248 , 54.6859204",urban-urban,urban,1532,"{""sample_routes"":{""date"":""2026-07-01"",""run_id"":""fcdac6b517fa4767ae7de180abf96bfe""},""join_samples"":{""date"":""2026-07-02"",""run_id"":""9e4e33f802cb4dde8190122e3fffbfbb""},""upload_data"":{""date"":""2026-07-02"",""run_id"":""e9518277e225485f801d89bd8a4f89fc""}}"
124,124,"25.0772833 , 55.1537985","25.0982412 , 55.1323267",urban-urban,urban,1530,"{""sample_routes"":{""date"":""2026-07-01"",""run_id"":""fcdac6b517fa4767ae7de180abf96bfe""},""join_samples"":{""date"":""2026-07-02"",""run_id"":""9e4e33f802cb4dde8190122e3fffbfbb""},""upload_data"":{""date"":""2026-07-02"",""run_id"":""e9518277e225485f801d89bd8a4f89fc""}}"
125,125,"24.1711555 , 55.9362781","24.170816300000002 , 55.8028806",urban-rural,mixed,1795,"{""sample_routes"":{""date"":""2026-07-01"",""run_id"":""fcdac6b517fa4767ae7de180abf96bfe""},""join_samples"":{""date"":""2026-07-02"",""run_id"":""9e4e33f802cb4dde8190122e3fffbfbb""},""upload_data"":{""date"":""2026-07-02"",""run_id"":""e9518277e225485f801d89bd8a4f89fc""}}"
126,126,"25.3162661 , 56.330709500000005","25.5322187 , 56.330219500000005",rural-urban,mixed,1807,"{""sample_routes"":{""date"":""2026-07-01"",""run_id"":""fcdac6b517fa4767ae7de180abf96bfe""},""join_samples"":{""date"":""2026-07-02"",""run_id"":""9e4e33f802cb4dde8190122e3fffbfbb""},""upload_data"":{""date"":""2026-07-02"",""run_id"":""e9518277e225485f801d89bd8a4f89fc""}}"
127,127,"25.2515895 , 55.405133400000004","25.251262500000003 , 55.654635600000006",rural-urban,mixed,1810,"{""sample_routes"":{""date"":""2026-07-01"",""run_id"":""fcdac6b517fa4767ae7de180abf96bfe""},""join_samples"":{""date"":""2026-07-02"",""run_id"":""9e4e33f802cb4dde8190122e3fffbfbb""},""upload_data"":{""date"":""2026-07-02"",""run_id"":""e9518277e225485f801d89bd8a4f89fc""}}"
128,128,"24.9346108 , 55.098687600000005","24.834420400000003 , 55.099191700000006",rural-urban,mixed,1810,"{""sample_routes"":{""date"":""2026-07-01"",""run_id"":""fcdac6b517fa4767ae7de180abf96bfe""},""join_samples"":{""date"":""2026-07-02"",""run_id"":""9e4e33f802cb4dde8190122e3fffbfbb""},""upload_data"":{""date"":""2026-07-02"",""run_id"":""e9518277e225485f801d89bd8a4f89fc""}}"
129,129,"25.2740398 , 55.331924400000005","25.4199333 , 55.47739240000001",urban-urban,mixed,1788,"{""sample_routes"":{""date"":""2026-07-01"",""run_id"":""fcdac6b517fa4767ae7de180abf96bfe""},""join_samples"":{""date"":""2026-07-02"",""run_id"":""9e4e33f802cb4dde8190122e3fffbfbb""},""upload_data"":{""date"":""2026-07-02"",""run_id"":""e9518277e225485f801d89bd8a4f89fc""}}"
130,130,"25.255651 , 55.5259592","25.1047832 , 55.3756452",urban-urban,mixed,1813,"{""sample_routes"":{""date"":""2026-07-01"",""run_id"":""fcdac6b517fa4767ae7de180abf96bfe""},""join_samples"":{""date"":""2026-07-02"",""run_id"":""9e4e33f802cb4dde8190122e3fffbfbb""},""upload_data"":{""date"":""2026-07-02"",""run_id"":""e9518277e225485f801d89bd8a4f89fc""}}"
131,131,"25.022374900000003 , 55.145718300000006","25.1277168 , 55.14582540000001",urban-urban,mixed,1825,"{""sample_routes"":{""date"":""2026-07-01"",""run_id"":""fcdac6b517fa4767ae7de180abf96bfe""},""join_samples"":{""date"":""2026-07-02"",""run_id"":""9e4e33f802cb4dde8190122e3fffbfbb""},""upload_data"":{""date"":""2026-07-02"",""run_id"":""e9518277e225485f801d89bd8a4f89fc""}}"
132,132,"24.3199292 , 54.7321949","24.453167200000003 , 54.7317216",urban-urban,mixed,1773,"{""sample_routes"":{""date"":""2026-07-01"",""run_id"":""fcdac6b517fa4767ae7de180abf96bfe""},""join_samples"":{""date"":""2026-07-02"",""run_id"":""9e4e33f802cb4dde8190122e3fffbfbb""},""upload_data"":{""date"":""2026-07-02"",""run_id"":""e9518277e225485f801d89bd8a4f89fc""}}"
133,133,"25.4220004 , 55.4927943","25.243601400000003 , 55.492434800000005",rural-urban,mixed,1828,"{""sample_routes"":{""date"":""2026-07-01"",""run_id"":""fcdac6b517fa4767ae7de180abf96bfe""},""join_samples"":{""date"":""2026-07-02"",""run_id"":""9e4e33f802cb4dde8190122e3fffbfbb""},""upload_data"":{""date"":""2026-07-02"",""run_id"":""e9518277e225485f801d89bd8a4f89fc""}}"
134,134,"25.372235600000003 , 55.581480600000006","25.200867300000002 , 55.581546",urban-urban,mixed,1830,"{""sample_routes"":{""date"":""2026-07-01"",""run_id"":""fcdac6b517fa4767ae7de180abf96bfe""},""join_samples"":{""date"":""2026-07-02"",""run_id"":""9e4e33f802cb4dde8190122e3fffbfbb""},""upload_data"":{""date"":""2026-07-02"",""run_id"":""e9518277e225485f801d89bd8a4f89fc""}}"
135,135,"24.314241900000003 , 54.717543600000006","24.4513658 , 54.718034800000005",urban-urban,mixed,1833,"{""sample_routes"":{""date"":""2026-07-01"",""run_id"":""fcdac6b517fa4767ae7de180abf96bfe""},""join_samples"":{""date"":""2026-07-02"",""run_id"":""9e4e33f802cb4dde8190122e3fffbfbb""},""upload_data"":{""date"":""2026-07-02"",""run_id"":""e9518277e225485f801d89bd8a4f89fc""}}"
136,136,"24.844586500000002 , 55.0695008","25.0136268 , 55.0693525",urban-urban,mixed,1833,"{""sample_routes"":{""date"":""2026-07-01"",""run_id"":""fcdac6b517fa4767ae7de180abf96bfe""},""join_samples"":{""date"":""2026-07-02"",""run_id"":""9e4e33f802cb4dde8190122e3fffbfbb""},""upload_data"":{""date"":""2026-07-02"",""run_id"":""e9518277e225485f801d89bd8a4f89fc""}}"
137,137,"25.3119826 , 56.345387300000006","25.101729600000002 , 56.34561600000001",rural-urban,mixed,1834,"{""sample_routes"":{""date"":""2026-07-01"",""run_id"":""fcdac6b517fa4767ae7de180abf96bfe""},""join_samples"":{""date"":""2026-07-02"",""run_id"":""9e4e33f802cb4dde8190122e3fffbfbb""},""upload_data"":{""date"":""2026-07-02"",""run_id"":""e9518277e225485f801d89bd8a4f89fc""}}"
138,138,"25.091282500000002 , 55.1282438","24.9806695 , 55.2393876",urban-rural,mixed,1835,"{""sample_routes"":{""date"":""2026-07-01"",""run_id"":""fcdac6b517fa4767ae7de180abf96bfe""},""join_samples"":{""date"":""2026-07-02"",""run_id"":""9e4e33f802cb4dde8190122e3fffbfbb""},""upload_data"":{""date"":""2026-07-02"",""run_id"":""e9518277e225485f801d89bd8a4f89fc""}}"
139,139,"25.423901 , 55.5992666","25.268309400000003 , 55.5988593",rural-urban,mixed,1765,"{""sample_routes"":{""date"":""2026-07-01"",""run_id"":""fcdac6b517fa4767ae7de180abf96bfe""},""join_samples"":{""date"":""2026-07-02"",""run_id"":""9e4e33f802cb4dde8190122e3fffbfbb""},""upload_data"":{""date"":""2026-07-02"",""run_id"":""e9518277e225485f801d89bd8a4f89fc""}}"
140,140,"25.188974400000003 , 55.2753056","25.0381506 , 55.1242341",urban-urban,mixed,1839,"{""sample_routes"":{""date"":""2026-07-01"",""run_id"":""fcdac6b517fa4767ae7de180abf96bfe""},""join_samples"":{""date"":""2026-07-02"",""run_id"":""9e4e33f802cb4dde8190122e3fffbfbb""},""upload_data"":{""date"":""2026-07-02"",""run_id"":""e9518277e225485f801d89bd8a4f89fc""}}"
141,141,"25.105186900000003 , 55.1845962","24.997957900000003 , 55.1845573",urban-rural,mixed,1759,"{""sample_routes"":{""date"":""2026-07-01"",""run_id"":""fcdac6b517fa4767ae7de180abf96bfe""},""join_samples"":{""date"":""2026-07-02"",""run_id"":""9e4e33f802cb4dde8190122e3fffbfbb""},""upload_data"":{""date"":""2026-07-02"",""run_id"":""e9518277e225485f801d89bd8a4f89fc""}}"
142,142,"24.1781915 , 55.823771400000005","24.2742784 , 55.7281052",urban-urban,mixed,1848,"{""sample_routes"":{""date"":""2026-07-01"",""run_id"":""fcdac6b517fa4767ae7de180abf96bfe""},""join_samples"":{""date"":""2026-07-02"",""run_id"":""9e4e33f802cb4dde8190122e3fffbfbb""},""upload_data"":{""date"":""2026-07-02"",""run_id"":""e9518277e225485f801d89bd8a4f89fc""}}"
143,143,"25.1937141 , 55.7437491","25.194085400000002 , 55.52535700000001",urban-rural,mixed,1751,"{""sample_routes"":{""date"":""2026-07-01"",""run_id"":""fcdac6b517fa4767ae7de180abf96bfe""},""join_samples"":{""date"":""2026-07-02"",""run_id"":""9e4e33f802cb4dde8190122e3fffbfbb""},""upload_data"":{""date"":""2026-07-02"",""run_id"":""e9518277e225485f801d89bd8a4f89fc""}}"
144,144,"25.2329818 , 55.383766","25.2333868 , 55.649109",urban-rural,mixed,1851,"{""sample_routes"":{""date"":""2026-07-01"",""run_id"":""fcdac6b517fa4767ae7de180abf96bfe""},""join_samples"":{""date"":""2026-07-02"",""run_id"":""9e4e33f802cb4dde8190122e3fffbfbb""},""upload_data"":{""date"":""2026-07-02"",""run_id"":""e9518277e225485f801d89bd8a4f89fc""}}"
145,145,"24.4311958 , 54.3745569","24.3315357 , 54.474341200000005",urban-urban,mixed,1743,"{""sample_routes"":{""date"":""2026-07-01"",""run_id"":""fcdac6b517fa4767ae7de180abf96bfe""},""join_samples"":{""date"":""2026-07-02"",""run_id"":""9e4e33f802cb4dde8190122e3fffbfbb""},""upload_data"":{""date"":""2026-07-02"",""run_id"":""e9518277e225485f801d89bd8a4f89fc""}}"
146,146,"25.4182467 , 55.546976900000004","25.2431158 , 55.5468436",urban-urban,mixed,1742,"{""sample_routes"":{""date"":""2026-07-01"",""run_id"":""fcdac6b517fa4767ae7de180abf96bfe""},""join_samples"":{""date"":""2026-07-02"",""run_id"":""9e4e33f802cb4dde8190122e3fffbfbb""},""upload_data"":{""date"":""2026-07-02"",""run_id"":""e9518277e225485f801d89bd8a4f89fc""}}"
147,147,"25.234620000000003 , 55.5146402","25.3622167 , 55.3866334",urban-urban,mixed,1861,"{""sample_routes"":{""date"":""2026-07-01"",""run_id"":""fcdac6b517fa4767ae7de180abf96bfe""},""join_samples"":{""date"":""2026-07-02"",""run_id"":""9e4e33f802cb4dde8190122e3fffbfbb""},""upload_data"":{""date"":""2026-07-02"",""run_id"":""e9518277e225485f801d89bd8a4f89fc""}}"
148,148,"25.4697117 , 56.3561082","25.231691700000002 , 56.3561994",urban-rural,mixed,1737,"{""sample_routes"":{""date"":""2026-07-01"",""run_id"":""fcdac6b517fa4767ae7de180abf96bfe""},""join_samples"":{""date"":""2026-07-02"",""run_id"":""9e4e33f802cb4dde8190122e3fffbfbb""},""upload_data"":{""date"":""2026-07-02"",""run_id"":""e9518277e225485f801d89bd8a4f89fc""}}"
149,149,"25.2168534 , 55.4155105","25.2173999 , 55.6779492",rural-urban,mixed,1864,"{""sample_routes"":{""date"":""2026-07-01"",""run_id"":""fcdac6b517fa4767ae7de180abf96bfe""},""join_samples"":{""date"":""2026-07-02"",""run_id"":""9e4e33f802cb4dde8190122e3fffbfbb""},""upload_data"":{""date"":""2026-07-02"",""run_id"":""e9518277e225485f801d89bd8a4f89fc""}}"
150,150,"25.3006579 , 55.3585477","25.300263500000003 , 55.6000607",rural-rural,mixed,1733,"{""sample_routes"":{""date"":""2026-07-01"",""run_id"":""fcdac6b517fa4767ae7de180abf96bfe""},""join_samples"":{""date"":""2026-07-02"",""run_id"":""9e4e33f802cb4dde8190122e3fffbfbb""},""upload_data"":{""date"":""2026-07-02"",""run_id"":""e9518277e225485f801d89bd8a4f89fc""}}"
151,151,"25.114761700000003 , 55.19862010000001","24.963807900000003 , 55.0475666",urban-urban,mixed,1731,"{""sample_routes"":{""date"":""2026-07-01"",""run_id"":""fcdac6b517fa4767ae7de180abf96bfe""},""join_samples"":{""date"":""2026-07-02"",""run_id"":""9e4e33f802cb4dde8190122e3fffbfbb""},""upload_data"":{""date"":""2026-07-02"",""run_id"":""e9518277e225485f801d89bd8a4f89fc""}}"
152,152,"25.166870600000003 , 55.4101787","25.2752571 , 55.302077600000004",urban-urban,mixed,1730,"{""sample_routes"":{""date"":""2026-07-01"",""run_id"":""fcdac6b517fa4767ae7de180abf96bfe""},""join_samples"":{""date"":""2026-07-02"",""run_id"":""9e4e33f802cb4dde8190122e3fffbfbb""},""upload_data"":{""date"":""2026-07-02"",""run_id"":""e9518277e225485f801d89bd8a4f89fc""}}"
153,153,"25.362637000000003 , 55.390814600000006","25.201714300000003 , 55.551414",urban-rural,mixed,1871,"{""sample_routes"":{""date"":""2026-07-01"",""run_id"":""fcdac6b517fa4767ae7de180abf96bfe""},""join_samples"":{""date"":""2026-07-02"",""run_id"":""9e4e33f802cb4dde8190122e3fffbfbb""},""upload_data"":{""date"":""2026-07-02"",""run_id"":""e9518277e225485f801d89bd8a4f89fc""}}"
154,154,"25.198377200000003 , 55.255348000000005","25.006641600000002 , 55.255747500000005",urban-urban,mixed,1728,"{""sample_routes"":{""date"":""2026-07-01"",""run_id"":""fcdac6b517fa4767ae7de180abf96bfe""},""join_samples"":{""date"":""2026-07-02"",""run_id"":""9e4e33f802cb4dde8190122e3fffbfbb""},""upload_data"":{""date"":""2026-07-02"",""run_id"":""e9518277e225485f801d89bd8a4f89fc""}}"
155,155,"24.3566816 , 54.742760800000006","24.357041600000002 , 54.8381358",urban-rural,mixed,1713,"{""sample_routes"":{""date"":""2026-07-01"",""run_id"":""fcdac6b517fa4767ae7de180abf96bfe""},""join_samples"":{""date"":""2026-07-02"",""run_id"":""9e4e33f802cb4dde8190122e3fffbfbb""},""upload_data"":{""date"":""2026-07-02"",""run_id"":""e9518277e225485f801d89bd8a4f89fc""}}"
156,156,"24.262833800000003 , 54.8387218","24.3478928 , 54.7539439",rural-urban,mixed,1889,"{""sample_routes"":{""date"":""2026-07-01"",""run_id"":""fcdac6b517fa4767ae7de180abf96bfe""},""join_samples"":{""date"":""2026-07-02"",""run_id"":""9e4e33f802cb4dde8190122e3fffbfbb""},""upload_data"":{""date"":""2026-07-02"",""run_id"":""e9518277e225485f801d89bd8a4f89fc""}}"
157,157,"24.1419849 , 55.839951600000006","24.075476400000003 , 55.773108500000006",urban-urban,mixed,1891,"{""sample_routes"":{""date"":""2026-07-01"",""run_id"":""fcdac6b517fa4767ae7de180abf96bfe""},""join_samples"":{""date"":""2026-07-02"",""run_id"":""9e4e33f802cb4dde8190122e3fffbfbb""},""upload_data"":{""date"":""2026-07-02"",""run_id"":""e9518277e225485f801d89bd8a4f89fc""}}"
158,158,"25.0058463 , 55.290715000000006","25.155854700000003 , 55.2906811",urban-urban,mixed,1895,"{""sample_routes"":{""date"":""2026-07-01"",""run_id"":""fcdac6b517fa4767ae7de180abf96bfe""},""join_samples"":{""date"":""2026-07-02"",""run_id"":""9e4e33f802cb4dde8190122e3fffbfbb""},""upload_data"":{""date"":""2026-07-02"",""run_id"":""e9518277e225485f801d89bd8a4f89fc""}}"
159,159,"25.137914700000003 , 55.2561369","25.3309856 , 55.449671300000006",urban-urban,mixed,1705,"{""sample_routes"":{""date"":""2026-07-01"",""run_id"":""fcdac6b517fa4767ae7de180abf96bfe""},""join_samples"":{""date"":""2026-07-02"",""run_id"":""9e4e33f802cb4dde8190122e3fffbfbb""},""upload_data"":{""date"":""2026-07-02"",""run_id"":""e9518277e225485f801d89bd8a4f89fc""}}"
160,160,"25.2780646 , 55.3308261","25.140590000000003 , 55.468352800000005",urban-rural,mixed,1703,"{""sample_routes"":{""date"":""2026-07-01"",""run_id"":""fcdac6b517fa4767ae7de180abf96bfe""},""join_samples"":{""date"":""2026-07-02"",""run_id"":""9e4e33f802cb4dde8190122e3fffbfbb""},""upload_data"":{""date"":""2026-07-02"",""run_id"":""e9518277e225485f801d89bd8a4f89fc""}}"
161,161,"24.9575891 , 55.085926400000005","24.824577700000003 , 55.0863773",urban-urban,mixed,1897,"{""sample_routes"":{""date"":""2026-07-01"",""run_id"":""fcdac6b517fa4767ae7de180abf96bfe""},""join_samples"":{""date"":""2026-07-02"",""run_id"":""9e4e33f802cb4dde8190122e3fffbfbb""},""upload_data"":{""date"":""2026-07-02"",""run_id"":""e9518277e225485f801d89bd8a4f89fc""}}"
162,162,"25.0272182 , 55.20608910000001","25.1227018 , 55.1105408",urban-urban,mixed,1697,"{""sample_routes"":{""date"":""2026-07-01"",""run_id"":""fcdac6b517fa4767ae7de180abf96bfe""},""join_samples"":{""date"":""2026-07-02"",""run_id"":""9e4e33f802cb4dde8190122e3fffbfbb""},""upload_data"":{""date"":""2026-07-02"",""run_id"":""e9518277e225485f801d89bd8a4f89fc""}}"
163,163,"24.3817133 , 54.7212435","24.3813695 , 54.49017310000001",urban-urban,mixed,1904,"{""sample_routes"":{""date"":""2026-07-01"",""run_id"":""fcdac6b517fa4767ae7de180abf96bfe""},""join_samples"":{""date"":""2026-07-02"",""run_id"":""9e4e33f802cb4dde8190122e3fffbfbb""},""upload_data"":{""date"":""2026-07-02"",""run_id"":""e9518277e225485f801d89bd8a4f89fc""}}"
164,164,"25.2637497 , 55.4979378","25.2638529 , 55.807202200000006",urban-urban,mixed,1694,"{""sample_routes"":{""date"":""2026-07-01"",""run_id"":""fcdac6b517fa4767ae7de180abf96bfe""},""join_samples"":{""date"":""2026-07-02"",""run_id"":""9e4e33f802cb4dde8190122e3fffbfbb""},""upload_data"":{""date"":""2026-07-02"",""run_id"":""e9518277e225485f801d89bd8a4f89fc""}}"
165,165,"25.104859400000002 , 55.370930300000005","25.344132000000002 , 55.3703871",urban-rural,mixed,1911,"{""sample_routes"":{""date"":""2026-07-01"",""run_id"":""fcdac6b517fa4767ae7de180abf96bfe""},""join_samples"":{""date"":""2026-07-02"",""run_id"":""9e4e33f802cb4dde8190122e3fffbfbb""},""upload_data"":{""date"":""2026-07-02"",""run_id"":""e9518277e225485f801d89bd8a4f89fc""}}"
166,166,"25.0254057 , 55.2226481","25.131617900000002 , 55.1161948",rural-urban,mixed,1686,"{""sample_routes"":{""date"":""2026-07-01"",""run_id"":""fcdac6b517fa4767ae7de180abf96bfe""},""join_samples"":{""date"":""2026-07-02"",""run_id"":""9e4e33f802cb4dde8190122e3fffbfbb""},""upload_data"":{""date"":""2026-07-02"",""run_id"":""e9518277e225485f801d89bd8a4f89fc""}}"
167,167,"25.1593394 , 55.295184600000006","25.159399500000003 , 55.5541503",urban-rural,mixed,1685,"{""sample_routes"":{""date"":""2026-07-01"",""run_id"":""fcdac6b517fa4767ae7de180abf96bfe""},""join_samples"":{""date"":""2026-07-02"",""run_id"":""9e4e33f802cb4dde8190122e3fffbfbb""},""upload_data"":{""date"":""2026-07-02"",""run_id"":""e9518277e225485f801d89bd8a4f89fc""}}"
168,168,"25.246383100000003 , 55.270957800000005","25.104924800000003 , 55.129361700000004",urban-urban,mixed,1917,"{""sample_routes"":{""date"":""2026-07-01"",""run_id"":""fcdac6b517fa4767ae7de180abf96bfe""},""join_samples"":{""date"":""2026-07-02"",""run_id"":""9e4e33f802cb4dde8190122e3fffbfbb""},""upload_data"":{""date"":""2026-07-02"",""run_id"":""e9518277e225485f801d89bd8a4f89fc""}}"
169,169,"25.1028564 , 56.316352800000004","25.266317500000003 , 56.3164707",rural-urban,mixed,1922,"{""sample_routes"":{""date"":""2026-07-01"",""run_id"":""fcdac6b517fa4767ae7de180abf96bfe""},""join_samples"":{""date"":""2026-07-02"",""run_id"":""9e4e33f802cb4dde8190122e3fffbfbb""},""upload_data"":{""date"":""2026-07-02"",""run_id"":""e9518277e225485f801d89bd8a4f89fc""}}"
170,170,"24.3324758 , 54.754112600000006","24.3322094 , 54.634232000000004",urban-urban,mixed,1930,"{""sample_routes"":{""date"":""2026-07-01"",""run_id"":""fcdac6b517fa4767ae7de180abf96bfe""},""join_samples"":{""date"":""2026-07-02"",""run_id"":""9e4e33f802cb4dde8190122e3fffbfbb""},""upload_data"":{""date"":""2026-07-02"",""run_id"":""e9518277e225485f801d89bd8a4f89fc""}}"
171,171,"24.333846700000002 , 54.7484107","24.334052800000002 , 54.6127094",urban-rural,mixed,1931,"{""sample_routes"":{""date"":""2026-07-01"",""run_id"":""fcdac6b517fa4767ae7de180abf96bfe""},""join_samples"":{""date"":""2026-07-02"",""run_id"":""9e4e33f802cb4dde8190122e3fffbfbb""},""upload_data"":{""date"":""2026-07-02"",""run_id"":""e9518277e225485f801d89bd8a4f89fc""}}"
172,172,"24.296679 , 54.835554","24.389809200000002 , 54.7425147",rural-urban,mixed,1933,"{""sample_routes"":{""date"":""2026-07-01"",""run_id"":""fcdac6b517fa4767ae7de180abf96bfe""},""join_samples"":{""date"":""2026-07-02"",""run_id"":""9e4e33f802cb4dde8190122e3fffbfbb""},""upload_data"":{""date"":""2026-07-02"",""run_id"":""e9518277e225485f801d89bd8a4f89fc""}}"
173,173,"25.0412359 , 55.401689700000006","25.1561649 , 55.286295700000004",rural-urban,mixed,1933,"{""sample_routes"":{""date"":""2026-07-01"",""run_id"":""fcdac6b517fa4767ae7de180abf96bfe""},""join_samples"":{""date"":""2026-07-02"",""run_id"":""9e4e33f802cb4dde8190122e3fffbfbb""},""upload_data"":{""date"":""2026-07-02"",""run_id"":""e9518277e225485f801d89bd8a4f89fc""}}"
174,174,"25.3940433 , 55.4557026","25.2183978 , 55.6315997",rural-urban,mixed,1933,"{""sample_routes"":{""date"":""2026-07-01"",""run_id"":""fcdac6b517fa4767ae7de180abf96bfe""},""join_samples"":{""date"":""2026-07-02"",""run_id"":""9e4e33f802cb4dde8190122e3fffbfbb""},""upload_data"":{""date"":""2026-07-02"",""run_id"":""e9518277e225485f801d89bd8a4f89fc""}}"
175,175,"25.190808500000003 , 55.2362297","25.091019600000003 , 55.3365031",urban-urban,mixed,1940,"{""sample_routes"":{""date"":""2026-07-01"",""run_id"":""fcdac6b517fa4767ae7de180abf96bfe""},""join_samples"":{""date"":""2026-07-02"",""run_id"":""9e4e33f802cb4dde8190122e3fffbfbb""},""upload_data"":{""date"":""2026-07-02"",""run_id"":""e9518277e225485f801d89bd8a4f89fc""}}"
176,176,"25.335652900000003 , 55.366922100000004","25.225432700000002 , 55.2565073",urban-urban,mixed,1659,"{""sample_routes"":{""date"":""2026-07-01"",""run_id"":""fcdac6b517fa4767ae7de180abf96bfe""},""join_samples"":{""date"":""2026-07-02"",""run_id"":""9e4e33f802cb4dde8190122e3fffbfbb""},""upload_data"":{""date"":""2026-07-02"",""run_id"":""e9518277e225485f801d89bd8a4f89fc""}}"
177,177,"24.3231217 , 55.70503110000001","24.3231621 , 55.8233358",urban-urban,mixed,1941,"{""sample_routes"":{""date"":""2026-07-01"",""run_id"":""fcdac6b517fa4767ae7de180abf96bfe""},""join_samples"":{""date"":""2026-07-02"",""run_id"":""9e4e33f802cb4dde8190122e3fffbfbb""},""upload_data"":{""date"":""2026-07-02"",""run_id"":""e9518277e225485f801d89bd8a4f89fc""}}"
178,178,"24.442295400000003 , 54.4060062","24.3676855 , 54.4810662",urban-urban,mixed,1659,"{""sample_routes"":{""date"":""2026-07-01"",""run_id"":""fcdac6b517fa4767ae7de180abf96bfe""},""join_samples"":{""date"":""2026-07-02"",""run_id"":""9e4e33f802cb4dde8190122e3fffbfbb""},""upload_data"":{""date"":""2026-07-02"",""run_id"":""e9518277e225485f801d89bd8a4f89fc""}}"
179,179,"24.8400557 , 55.023314500000005","24.960403300000003 , 55.02356090000001",urban-rural,mixed,1658,"{""sample_routes"":{""date"":""2026-07-01"",""run_id"":""fcdac6b517fa4767ae7de180abf96bfe""},""join_samples"":{""date"":""2026-07-02"",""run_id"":""9e4e33f802cb4dde8190122e3fffbfbb""},""upload_data"":{""date"":""2026-07-02"",""run_id"":""e9518277e225485f801d89bd8a4f89fc""}}"
180,180,"25.159701000000002 , 55.40963240000001","25.271154300000003 , 55.2987308",urban-urban,mixed,1656,"{""sample_routes"":{""date"":""2026-07-01"",""run_id"":""fcdac6b517fa4767ae7de180abf96bfe""},""join_samples"":{""date"":""2026-07-02"",""run_id"":""9e4e33f802cb4dde8190122e3fffbfbb""},""upload_data"":{""date"":""2026-07-02"",""run_id"":""e9518277e225485f801d89bd8a4f89fc""}}"
181,181,"25.022811500000003 , 55.21629840000001","25.125081400000003 , 55.114578900000005",rural-urban,mixed,1654,"{""sample_routes"":{""date"":""2026-07-01"",""run_id"":""fcdac6b517fa4767ae7de180abf96bfe""},""join_samples"":{""date"":""2026-07-02"",""run_id"":""9e4e33f802cb4dde8190122e3fffbfbb""},""upload_data"":{""date"":""2026-07-02"",""run_id"":""e9518277e225485f801d89bd8a4f89fc""}}"
182,182,"25.2179682 , 55.505937900000006","25.217944000000003 , 55.264822800000005",urban-urban,mixed,1654,"{""sample_routes"":{""date"":""2026-07-01"",""run_id"":""fcdac6b517fa4767ae7de180abf96bfe""},""join_samples"":{""date"":""2026-07-02"",""run_id"":""9e4e33f802cb4dde8190122e3fffbfbb""},""upload_data"":{""date"":""2026-07-02"",""run_id"":""e9518277e225485f801d89bd8a4f89fc""}}"
183,183,"24.3224513 , 54.762376700000004","24.260167000000003 , 54.6996983",urban-urban,mixed,1947,"{""sample_routes"":{""date"":""2026-07-01"",""run_id"":""fcdac6b517fa4767ae7de180abf96bfe""},""join_samples"":{""date"":""2026-07-02"",""run_id"":""9e4e33f802cb4dde8190122e3fffbfbb""},""upload_data"":{""date"":""2026-07-02"",""run_id"":""e9518277e225485f801d89bd8a4f89fc""}}"
184,184,"24.8202958 , 55.117257300000006","24.962046500000003 , 55.1171798",urban-urban,mixed,1950,"{""sample_routes"":{""date"":""2026-07-01"",""run_id"":""fcdac6b517fa4767ae7de180abf96bfe""},""join_samples"":{""date"":""2026-07-02"",""run_id"":""9e4e33f802cb4dde8190122e3fffbfbb""},""upload_data"":{""date"":""2026-07-02"",""run_id"":""e9518277e225485f801d89bd8a4f89fc""}}"
185,185,"24.124094900000003 , 55.836105100000005","24.0498246 , 55.910335800000006",rural-urban,mixed,1641,"{""sample_routes"":{""date"":""2026-07-01"",""run_id"":""fcdac6b517fa4767ae7de180abf96bfe""},""join_samples"":{""date"":""2026-07-02"",""run_id"":""9e4e33f802cb4dde8190122e3fffbfbb""},""upload_data"":{""date"":""2026-07-02"",""run_id"":""e9518277e225485f801d89bd8a4f89fc""}}"
186,186,"25.4536756 , 55.6120658","25.221588500000003 , 55.612421100000006",rural-urban,mixed,1638,"{""sample_routes"":{""date"":""2026-07-01"",""run_id"":""fcdac6b517fa4767ae7de180abf96bfe""},""join_samples"":{""date"":""2026-07-02"",""run_id"":""9e4e33f802cb4dde8190122e3fffbfbb""},""upload_data"":{""date"":""2026-07-02"",""run_id"":""e9518277e225485f801d89bd8a4f89fc""}}"
187,187,"24.4949325 , 55.7506659","24.4148414 , 55.75029910000001",urban-urban,mixed,1638,"{""sample_routes"":{""date"":""2026-07-01"",""run_id"":""fcdac6b517fa4767ae7de180abf96bfe""},""join_samples"":{""date"":""2026-07-02"",""run_id"":""9e4e33f802cb4dde8190122e3fffbfbb""},""upload_data"":{""date"":""2026-07-02"",""run_id"":""e9518277e225485f801d89bd8a4f89fc""}}"
188,188,"25.335675700000003 , 55.398656300000006","25.067274700000002 , 55.1300644",urban-urban,mixed,1964,"{""sample_routes"":{""date"":""2026-07-01"",""run_id"":""fcdac6b517fa4767ae7de180abf96bfe""},""join_samples"":{""date"":""2026-07-02"",""run_id"":""9e4e33f802cb4dde8190122e3fffbfbb""},""upload_data"":{""date"":""2026-07-02"",""run_id"":""e9518277e225485f801d89bd8a4f89fc""}}"
189,189,"24.3145044 , 54.62147890000001","24.3140833 , 54.4703972",urban-urban,mixed,1633,"{""sample_routes"":{""date"":""2026-07-01"",""run_id"":""fcdac6b517fa4767ae7de180abf96bfe""},""join_samples"":{""date"":""2026-07-02"",""run_id"":""9e4e33f802cb4dde8190122e3fffbfbb""},""upload_data"":{""date"":""2026-07-02"",""run_id"":""e9518277e225485f801d89bd8a4f89fc""}}"
190,190,"24.3555132 , 54.742549200000006","24.255739400000003 , 54.642269500000005",urban-rural,mixed,1972,"{""sample_routes"":{""date"":""2026-07-01"",""run_id"":""fcdac6b517fa4767ae7de180abf96bfe""},""join_samples"":{""date"":""2026-07-02"",""run_id"":""9e4e33f802cb4dde8190122e3fffbfbb""},""upload_data"":{""date"":""2026-07-02"",""run_id"":""e9518277e225485f801d89bd8a4f89fc""}}"
191,191,"25.4711803 , 56.354238300000006","25.6044275 , 56.221268200000004",urban-urban,mixed,1974,"{""sample_routes"":{""date"":""2026-07-01"",""run_id"":""fcdac6b517fa4767ae7de180abf96bfe""},""join_samples"":{""date"":""2026-07-02"",""run_id"":""9e4e33f802cb4dde8190122e3fffbfbb""},""upload_data"":{""date"":""2026-07-02"",""run_id"":""e9518277e225485f801d89bd8a4f89fc""}}"
192,192,"24.932289200000003 , 55.10177650000001","24.835765300000002 , 55.1012478",urban-urban,mixed,1625,"{""sample_routes"":{""date"":""2026-07-01"",""run_id"":""fcdac6b517fa4767ae7de180abf96bfe""},""join_samples"":{""date"":""2026-07-02"",""run_id"":""9e4e33f802cb4dde8190122e3fffbfbb""},""upload_data"":{""date"":""2026-07-02"",""run_id"":""e9518277e225485f801d89bd8a4f89fc""}}"
193,193,"25.010884100000002 , 55.2401028","25.177795200000002 , 55.407097",rural-rural,mixed,1978,"{""sample_routes"":{""date"":""2026-07-01"",""run_id"":""fcdac6b517fa4767ae7de180abf96bfe""},""join_samples"":{""date"":""2026-07-02"",""run_id"":""9e4e33f802cb4dde8190122e3fffbfbb""},""upload_data"":{""date"":""2026-07-02"",""run_id"":""e9518277e225485f801d89bd8a4f89fc""}}"
194,194,"25.2239638 , 55.2988031","25.2236361 , 55.633859",urban-urban,mixed,1978,"{""sample_routes"":{""date"":""2026-07-01"",""run_id"":""fcdac6b517fa4767ae7de180abf96bfe""},""join_samples"":{""date"":""2026-07-02"",""run_id"":""9e4e33f802cb4dde8190122e3fffbfbb""},""upload_data"":{""date"":""2026-07-02"",""run_id"":""e9518277e225485f801d89bd8a4f89fc""}}"
195,195,"24.9193874 , 55.1219551","25.109624800000002 , 55.1222482",rural-urban,mixed,1979,"{""sample_routes"":{""date"":""2026-07-01"",""run_id"":""fcdac6b517fa4767ae7de180abf96bfe""},""join_samples"":{""date"":""2026-07-02"",""run_id"":""9e4e33f802cb4dde8190122e3fffbfbb""},""upload_data"":{""date"":""2026-07-02"",""run_id"":""e9518277e225485f801d89bd8a4f89fc""}}"
196,196,"25.212120900000002 , 55.5084822","25.3500693 , 55.3701044",urban-urban,mixed,1982,"{""sample_routes"":{""date"":""2026-07-01"",""run_id"":""fcdac6b517fa4767ae7de180abf96bfe""},""join_samples"":{""date"":""2026-07-02"",""run_id"":""9e4e33f802cb4dde8190122e3fffbfbb""},""upload_data"":{""date"":""2026-07-02"",""run_id"":""e9518277e225485f801d89bd8a4f89fc""}}"
197,197,"25.113205 , 55.1947258","24.970264 , 55.337663500000005",urban-rural,mixed,1982,"{""sample_routes"":{""date"":""2026-07-01"",""run_id"":""fcdac6b517fa4767ae7de180abf96bfe""},""join_samples"":{""date"":""2026-07-02"",""run_id"":""9e4e33f802cb4dde8190122e3fffbfbb""},""upload_data"":{""date"":""2026-07-02"",""run_id"":""e9518277e225485f801d89bd8a4f89fc""}}"
198,198,"25.2727532 , 55.592886400000005","25.2730888 , 55.3652287",urban-urban,mixed,1984,"{""sample_routes"":{""date"":""2026-07-01"",""run_id"":""fcdac6b517fa4767ae7de180abf96bfe""},""join_samples"":{""date"":""2026-07-02"",""run_id"":""9e4e33f802cb4dde8190122e3fffbfbb""},""upload_data"":{""date"":""2026-07-02"",""run_id"":""e9518277e225485f801d89bd8a4f89fc""}}"
199,199,"25.173416300000003 , 55.283045400000006","25.333682600000003 , 55.443251800000006",urban-urban,mixed,1985,"{""sample_routes"":{""date"":""2026-07-01"",""run_id"":""fcdac6b517fa4767ae7de180abf96bfe""},""join_samples"":{""date"":""2026-07-02"",""run_id"":""9e4e33f802cb4dde8190122e3fffbfbb""},""upload_data"":{""date"":""2026-07-02"",""run_id"":""e9518277e225485f801d89bd8a4f89fc""}}"
200,200,"25.1186289 , 55.180496500000004","25.1186842 , 55.427965500000006",urban-rural,mixed,1987,"{""sample_routes"":{""date"":""2026-07-01"",""run_id"":""fcdac6b517fa4767ae7de180abf96bfe""},""join_samples"":{""date"":""2026-07-02"",""run_id"":""9e4e33f802cb4dde8190122e3fffbfbb""},""upload_data"":{""date"":""2026-07-02"",""run_id"":""e9518277e225485f801d89bd8a4f89fc""}}"
201,201,"25.0668928 , 55.22054120000001","25.066914200000003 , 55.335477100000006",urban-rural,mixed,1610,"{""sample_routes"":{""date"":""2026-07-01"",""run_id"":""fcdac6b517fa4767ae7de180abf96bfe""},""join_samples"":{""date"":""2026-07-02"",""run_id"":""9e4e33f802cb4dde8190122e3fffbfbb""},""upload_data"":{""date"":""2026-07-02"",""run_id"":""e9518277e225485f801d89bd8a4f89fc""}}"
202,202,"24.347487100000002 , 54.777839","24.2828367 , 54.7134992",urban-rural,mixed,1609,"{""sample_routes"":{""date"":""2026-07-01"",""run_id"":""fcdac6b517fa4767ae7de180abf96bfe""},""join_samples"":{""date"":""2026-07-02"",""run_id"":""9e4e33f802cb4dde8190122e3fffbfbb""},""upload_data"":{""date"":""2026-07-02"",""run_id"":""e9518277e225485f801d89bd8a4f89fc""}}"
203,203,"24.264649300000002 , 54.688846700000006","24.3834254 , 54.6890459",rural-urban,mixed,1608,"{""sample_routes"":{""date"":""2026-07-01"",""run_id"":""fcdac6b517fa4767ae7de180abf96bfe""},""join_samples"":{""date"":""2026-07-02"",""run_id"":""9e4e33f802cb4dde8190122e3fffbfbb""},""upload_data"":{""date"":""2026-07-02"",""run_id"":""e9518277e225485f801d89bd8a4f89fc""}}"
204,204,"24.0726286 , 55.8520058","24.072985000000003 , 56.008495200000006",urban-rural,mixed,1992,"{""sample_routes"":{""date"":""2026-07-01"",""run_id"":""fcdac6b517fa4767ae7de180abf96bfe""},""join_samples"":{""date"":""2026-07-02"",""run_id"":""9e4e33f802cb4dde8190122e3fffbfbb""},""upload_data"":{""date"":""2026-07-02"",""run_id"":""e9518277e225485f801d89bd8a4f89fc""}}"
205,205,"25.3666428 , 55.5486962","25.148446 , 55.330463",urban-urban,mixed,1994,"{""sample_routes"":{""date"":""2026-07-01"",""run_id"":""fcdac6b517fa4767ae7de180abf96bfe""},""join_samples"":{""date"":""2026-07-02"",""run_id"":""9e4e33f802cb4dde8190122e3fffbfbb""},""upload_data"":{""date"":""2026-07-02"",""run_id"":""e9518277e225485f801d89bd8a4f89fc""}}"
206,206,"24.361385300000002 , 54.578877600000006","24.3618871 , 54.47227530000001",rural-urban,mixed,1605,"{""sample_routes"":{""date"":""2026-07-01"",""run_id"":""fcdac6b517fa4767ae7de180abf96bfe""},""join_samples"":{""date"":""2026-07-02"",""run_id"":""9e4e33f802cb4dde8190122e3fffbfbb""},""upload_data"":{""date"":""2026-07-02"",""run_id"":""e9518277e225485f801d89bd8a4f89fc""}}"
207,207,"25.0071747 , 55.2857817","25.1586375 , 55.2852991",urban-urban,mixed,1995,"{""sample_routes"":{""date"":""2026-07-01"",""run_id"":""fcdac6b517fa4767ae7de180abf96bfe""},""join_samples"":{""date"":""2026-07-02"",""run_id"":""9e4e33f802cb4dde8190122e3fffbfbb""},""upload_data"":{""date"":""2026-07-02"",""run_id"":""e9518277e225485f801d89bd8a4f89fc""}}"
208,208,"25.3645889 , 55.48104300000001","25.159899300000003 , 55.27653050000001",urban-urban,mixed,1997,"{""sample_routes"":{""date"":""2026-07-01"",""run_id"":""fcdac6b517fa4767ae7de180abf96bfe""},""join_samples"":{""date"":""2026-07-02"",""run_id"":""9e4e33f802cb4dde8190122e3fffbfbb""},""upload_data"":{""date"":""2026-07-02"",""run_id"":""e9518277e225485f801d89bd8a4f89fc""}}"
209,209,"24.445691800000002 , 54.7326866","24.3745568 , 54.732418200000005",urban-rural,mixed,1601,"{""sample_routes"":{""date"":""2026-07-01"",""run_id"":""fcdac6b517fa4767ae7de180abf96bfe""},""join_samples"":{""date"":""2026-07-02"",""run_id"":""9e4e33f802cb4dde8190122e3fffbfbb""},""upload_data"":{""date"":""2026-07-02"",""run_id"":""e9518277e225485f801d89bd8a4f89fc""}}"
210,210,"25.260016200000003 , 55.320447","25.2602547 , 55.617224300000004",urban-urban,mixed,2002,"{""sample_routes"":{""date"":""2026-07-01"",""run_id"":""fcdac6b517fa4767ae7de180abf96bfe""},""join_samples"":{""date"":""2026-07-02"",""run_id"":""9e4e33f802cb4dde8190122e3fffbfbb""},""upload_data"":{""date"":""2026-07-02"",""run_id"":""e9518277e225485f801d89bd8a4f89fc""}}"
211,211,"25.271694200000002 , 55.290842700000006","25.271711500000002 , 55.517973100000006",urban-urban,mixed,2004,"{""sample_routes"":{""date"":""2026-07-01"",""run_id"":""fcdac6b517fa4767ae7de180abf96bfe""},""join_samples"":{""date"":""2026-07-02"",""run_id"":""9e4e33f802cb4dde8190122e3fffbfbb""},""upload_data"":{""date"":""2026-07-02"",""run_id"":""e9518277e225485f801d89bd8a4f89fc""}}"
212,212,"24.3283491 , 54.767752300000005","24.328808000000002 , 54.6182694",urban-urban,mixed,2007,"{""sample_routes"":{""date"":""2026-07-01"",""run_id"":""fcdac6b517fa4767ae7de180abf96bfe""},""join_samples"":{""date"":""2026-07-02"",""run_id"":""9e4e33f802cb4dde8190122e3fffbfbb""},""upload_data"":{""date"":""2026-07-02"",""run_id"":""e9518277e225485f801d89bd8a4f89fc""}}"
213,213,"25.2971596 , 55.366924600000004","25.1651163 , 55.4985178",urban-urban,mixed,1592,"{""sample_routes"":{""date"":""2026-07-01"",""run_id"":""fcdac6b517fa4767ae7de180abf96bfe""},""join_samples"":{""date"":""2026-07-02"",""run_id"":""9e4e33f802cb4dde8190122e3fffbfbb""},""upload_data"":{""date"":""2026-07-02"",""run_id"":""e9518277e225485f801d89bd8a4f89fc""}}"
214,214,"25.2545101 , 55.5973703","25.2544773 , 55.386470100000004",rural-rural,mixed,2008,"{""sample_routes"":{""date"":""2026-07-01"",""run_id"":""fcdac6b517fa4767ae7de180abf96bfe""},""join_samples"":{""date"":""2026-07-02"",""run_id"":""9e4e33f802cb4dde8190122e3fffbfbb""},""upload_data"":{""date"":""2026-07-02"",""run_id"":""e9518277e225485f801d89bd8a4f89fc""}}"
215,215,"25.002513500000003 , 55.292739600000004","25.145505800000002 , 55.292390000000005",urban-urban,mixed,2011,"{""sample_routes"":{""date"":""2026-07-01"",""run_id"":""fcdac6b517fa4767ae7de180abf96bfe""},""join_samples"":{""date"":""2026-07-02"",""run_id"":""9e4e33f802cb4dde8190122e3fffbfbb""},""upload_data"":{""date"":""2026-07-02"",""run_id"":""e9518277e225485f801d89bd8a4f89fc""}}"
216,216,"25.2903537 , 55.372868600000004","25.2902606 , 55.589671700000004",urban-rural,mixed,1589,"{""sample_routes"":{""date"":""2026-07-01"",""run_id"":""fcdac6b517fa4767ae7de180abf96bfe""},""join_samples"":{""date"":""2026-07-02"",""run_id"":""9e4e33f802cb4dde8190122e3fffbfbb""},""upload_data"":{""date"":""2026-07-02"",""run_id"":""e9518277e225485f801d89bd8a4f89fc""}}"
217,217,"25.4076811 , 55.4677499","25.230915300000003 , 55.6446674",urban-urban,mixed,2013,"{""sample_routes"":{""date"":""2026-07-01"",""run_id"":""fcdac6b517fa4767ae7de180abf96bfe""},""join_samples"":{""date"":""2026-07-02"",""run_id"":""9e4e33f802cb4dde8190122e3fffbfbb""},""upload_data"":{""date"":""2026-07-02"",""run_id"":""e9518277e225485f801d89bd8a4f89fc""}}"
218,218,"24.3266974 , 54.777210100000005","24.326998300000003 , 54.6368244",urban-rural,mixed,2014,"{""sample_routes"":{""date"":""2026-07-01"",""run_id"":""fcdac6b517fa4767ae7de180abf96bfe""},""join_samples"":{""date"":""2026-07-02"",""run_id"":""9e4e33f802cb4dde8190122e3fffbfbb""},""upload_data"":{""date"":""2026-07-02"",""run_id"":""e9518277e225485f801d89bd8a4f89fc""}}"
219,219,"25.1695391 , 55.228115700000004","25.070374 , 55.32763490000001",urban-rural,mixed,2014,"{""sample_routes"":{""date"":""2026-07-01"",""run_id"":""fcdac6b517fa4767ae7de180abf96bfe""},""join_samples"":{""date"":""2026-07-02"",""run_id"":""9e4e33f802cb4dde8190122e3fffbfbb""},""upload_data"":{""date"":""2026-07-02"",""run_id"":""e9518277e225485f801d89bd8a4f89fc""}}"
220,220,"25.170350300000003 , 55.229612700000004","25.067498 , 55.33196100000001",urban-rural,mixed,2015,"{""sample_routes"":{""date"":""2026-07-01"",""run_id"":""fcdac6b517fa4767ae7de180abf96bfe""},""join_samples"":{""date"":""2026-07-02"",""run_id"":""9e4e33f802cb4dde8190122e3fffbfbb""},""upload_data"":{""date"":""2026-07-02"",""run_id"":""e9518277e225485f801d89bd8a4f89fc""}}"
221,221,"24.289093700000002 , 55.749803","24.329530300000002 , 55.709068200000004",urban-urban,mixed,1583,"{""sample_routes"":{""date"":""2026-07-01"",""run_id"":""fcdac6b517fa4767ae7de180abf96bfe""},""join_samples"":{""date"":""2026-07-02"",""run_id"":""9e4e33f802cb4dde8190122e3fffbfbb""},""upload_data"":{""date"":""2026-07-02"",""run_id"":""e9518277e225485f801d89bd8a4f89fc""}}"
222,222,"25.1041576 , 55.215305300000004","24.9408265 , 55.215783300000005",urban-urban,mixed,1582,"{""sample_routes"":{""date"":""2026-07-01"",""run_id"":""fcdac6b517fa4767ae7de180abf96bfe""},""join_samples"":{""date"":""2026-07-02"",""run_id"":""9e4e33f802cb4dde8190122e3fffbfbb""},""upload_data"":{""date"":""2026-07-02"",""run_id"":""e9518277e225485f801d89bd8a4f89fc""}}"
223,223,"25.471798300000003 , 56.350561400000004","25.600835500000002 , 56.221974900000006",urban-urban,mixed,2020,"{""sample_routes"":{""date"":""2026-07-01"",""run_id"":""fcdac6b517fa4767ae7de180abf96bfe""},""join_samples"":{""date"":""2026-07-02"",""run_id"":""9e4e33f802cb4dde8190122e3fffbfbb""},""upload_data"":{""date"":""2026-07-02"",""run_id"":""e9518277e225485f801d89bd8a4f89fc""}}"
224,224,"25.159513200000003 , 55.35091920000001","25.2884791 , 55.4802315",urban-urban,mixed,1579,"{""sample_routes"":{""date"":""2026-07-01"",""run_id"":""fcdac6b517fa4767ae7de180abf96bfe""},""join_samples"":{""date"":""2026-07-02"",""run_id"":""9e4e33f802cb4dde8190122e3fffbfbb""},""upload_data"":{""date"":""2026-07-02"",""run_id"":""e9518277e225485f801d89bd8a4f89fc""}}"
225,225,"25.350769300000003 , 55.852139900000005","25.457980600000003 , 55.744639600000006",urban-urban,mixed,1576,"{""sample_routes"":{""date"":""2026-07-01"",""run_id"":""fcdac6b517fa4767ae7de180abf96bfe""},""join_samples"":{""date"":""2026-07-02"",""run_id"":""9e4e33f802cb4dde8190122e3fffbfbb""},""upload_data"":{""date"":""2026-07-02"",""run_id"":""e9518277e225485f801d89bd8a4f89fc""}}"
226,226,"24.343393900000002 , 54.7708753","24.4164895 , 54.697451900000004",urban-urban,mixed,1574,"{""sample_routes"":{""date"":""2026-07-01"",""run_id"":""fcdac6b517fa4767ae7de180abf96bfe""},""join_samples"":{""date"":""2026-07-02"",""run_id"":""9e4e33f802cb4dde8190122e3fffbfbb""},""upload_data"":{""date"":""2026-07-02"",""run_id"":""e9518277e225485f801d89bd8a4f89fc""}}"
227,227,"25.107250800000003 , 56.3475484","25.372515 , 56.347160300000006",urban-urban,mixed,2028,"{""sample_routes"":{""date"":""2026-07-01"",""run_id"":""fcdac6b517fa4767ae7de180abf96bfe""},""join_samples"":{""date"":""2026-07-02"",""run_id"":""9e4e33f802cb4dde8190122e3fffbfbb""},""upload_data"":{""date"":""2026-07-02"",""run_id"":""e9518277e225485f801d89bd8a4f89fc""}}"
228,228,"24.933161100000003 , 55.103464300000006","24.817058300000003 , 55.102909100000005",urban-urban,mixed,1568,"{""sample_routes"":{""date"":""2026-07-01"",""run_id"":""fcdac6b517fa4767ae7de180abf96bfe""},""join_samples"":{""date"":""2026-07-02"",""run_id"":""9e4e33f802cb4dde8190122e3fffbfbb""},""upload_data"":{""date"":""2026-07-02"",""run_id"":""e9518277e225485f801d89bd8a4f89fc""}}"
229,229,"24.340781900000003 , 54.627444200000006","24.3412851 , 54.472975000000005",urban-urban,mixed,1567,"{""sample_routes"":{""date"":""2026-07-01"",""run_id"":""fcdac6b517fa4767ae7de180abf96bfe""},""join_samples"":{""date"":""2026-07-02"",""run_id"":""9e4e33f802cb4dde8190122e3fffbfbb""},""upload_data"":{""date"":""2026-07-02"",""run_id"":""e9518277e225485f801d89bd8a4f89fc""}}"
230,230,"24.3790817 , 54.6298873","24.378634700000003 , 54.776912800000005",urban-urban,mixed,2033,"{""sample_routes"":{""date"":""2026-07-01"",""run_id"":""fcdac6b517fa4767ae7de180abf96bfe""},""join_samples"":{""date"":""2026-07-02"",""run_id"":""9e4e33f802cb4dde8190122e3fffbfbb""},""upload_data"":{""date"":""2026-07-02"",""run_id"":""e9518277e225485f801d89bd8a4f89fc""}}"
231,231,"24.333999900000002 , 54.4734027","24.4627979 , 54.3442371",urban-urban,mixed,2041,"{""sample_routes"":{""date"":""2026-07-01"",""run_id"":""fcdac6b517fa4767ae7de180abf96bfe""},""join_samples"":{""date"":""2026-07-02"",""run_id"":""9e4e33f802cb4dde8190122e3fffbfbb""},""upload_data"":{""date"":""2026-07-02"",""run_id"":""e9518277e225485f801d89bd8a4f89fc""}}"
232,232,"25.3061784 , 55.3471118","25.1009333 , 55.3476464",rural-urban,mixed,2042,"{""sample_routes"":{""date"":""2026-07-01"",""run_id"":""fcdac6b517fa4767ae7de180abf96bfe""},""join_samples"":{""date"":""2026-07-02"",""run_id"":""9e4e33f802cb4dde8190122e3fffbfbb""},""upload_data"":{""date"":""2026-07-02"",""run_id"":""e9518277e225485f801d89bd8a4f89fc""}}"
233,233,"25.102860300000003 , 55.2981435","24.993244500000003 , 55.297960200000006",urban-urban,mixed,1558,"{""sample_routes"":{""date"":""2026-07-01"",""run_id"":""fcdac6b517fa4767ae7de180abf96bfe""},""join_samples"":{""date"":""2026-07-02"",""run_id"":""9e4e33f802cb4dde8190122e3fffbfbb""},""upload_data"":{""date"":""2026-07-02"",""run_id"":""e9518277e225485f801d89bd8a4f89fc""}}"
234,234,"25.2646757 , 55.653157300000004","25.264621400000003 , 55.379159300000005",urban-urban,mixed,2044,"{""sample_routes"":{""date"":""2026-07-01"",""run_id"":""fcdac6b517fa4767ae7de180abf96bfe""},""join_samples"":{""date"":""2026-07-02"",""run_id"":""9e4e33f802cb4dde8190122e3fffbfbb""},""upload_data"":{""date"":""2026-07-02"",""run_id"":""e9518277e225485f801d89bd8a4f89fc""}}"
235,235,"25.4374626 , 56.3502013","25.121833600000002 , 56.3496426",urban-urban,mixed,2046,"{""sample_routes"":{""date"":""2026-07-01"",""run_id"":""fcdac6b517fa4767ae7de180abf96bfe""},""join_samples"":{""date"":""2026-07-02"",""run_id"":""9e4e33f802cb4dde8190122e3fffbfbb""},""upload_data"":{""date"":""2026-07-02"",""run_id"":""e9518277e225485f801d89bd8a4f89fc""}}"
236,236,"25.2990636 , 55.3758131","25.0629512 , 55.1397406",urban-urban,mixed,2049,"{""sample_routes"":{""date"":""2026-07-01"",""run_id"":""fcdac6b517fa4767ae7de180abf96bfe""},""join_samples"":{""date"":""2026-07-02"",""run_id"":""9e4e33f802cb4dde8190122e3fffbfbb""},""upload_data"":{""date"":""2026-07-02"",""run_id"":""e9518277e225485f801d89bd8a4f89fc""}}"
237,237,"24.3157442 , 54.634404800000006","24.3157405 , 54.48174830000001",urban-urban,mixed,1549,"{""sample_routes"":{""date"":""2026-07-01"",""run_id"":""fcdac6b517fa4767ae7de180abf96bfe""},""join_samples"":{""date"":""2026-07-02"",""run_id"":""9e4e33f802cb4dde8190122e3fffbfbb""},""upload_data"":{""date"":""2026-07-02"",""run_id"":""e9518277e225485f801d89bd8a4f89fc""}}"
238,238,"24.0868952 , 55.7636752","24.193710900000003 , 55.656328",urban-urban,mixed,2052,"{""sample_routes"":{""date"":""2026-07-01"",""run_id"":""fcdac6b517fa4767ae7de180abf96bfe""},""join_samples"":{""date"":""2026-07-02"",""run_id"":""9e4e33f802cb4dde8190122e3fffbfbb""},""upload_data"":{""date"":""2026-07-02"",""run_id"":""e9518277e225485f801d89bd8a4f89fc""}}"
239,239,"24.9885491 , 55.216695200000004","25.170214100000003 , 55.216416800000005",rural-urban,mixed,2053,"{""sample_routes"":{""date"":""2026-07-01"",""run_id"":""fcdac6b517fa4767ae7de180abf96bfe""},""join_samples"":{""date"":""2026-07-02"",""run_id"":""9e4e33f802cb4dde8190122e3fffbfbb""},""upload_data"":{""date"":""2026-07-02"",""run_id"":""e9518277e225485f801d89bd8a4f89fc""}}"
240,240,"24.370722200000003 , 54.568197100000006","24.3709378 , 54.695042300000004",rural-urban,mixed,2055,"{""sample_routes"":{""date"":""2026-07-01"",""run_id"":""fcdac6b517fa4767ae7de180abf96bfe""},""join_samples"":{""date"":""2026-07-02"",""run_id"":""9e4e33f802cb4dde8190122e3fffbfbb""},""upload_data"":{""date"":""2026-07-02"",""run_id"":""e9518277e225485f801d89bd8a4f89fc""}}"
241,241,"25.230803100000003 , 55.2745198","25.2312517 , 55.549025400000005",urban-rural,mixed,2056,"{""sample_routes"":{""date"":""2026-07-01"",""run_id"":""fcdac6b517fa4767ae7de180abf96bfe""},""join_samples"":{""date"":""2026-07-02"",""run_id"":""9e4e33f802cb4dde8190122e3fffbfbb""},""upload_data"":{""date"":""2026-07-02"",""run_id"":""e9518277e225485f801d89bd8a4f89fc""}}"
242,242,"24.0927037 , 55.873983100000004","24.0926048 , 55.761056700000005",rural-urban,mixed,2060,"{""sample_routes"":{""date"":""2026-07-01"",""run_id"":""fcdac6b517fa4767ae7de180abf96bfe""},""join_samples"":{""date"":""2026-07-02"",""run_id"":""9e4e33f802cb4dde8190122e3fffbfbb""},""upload_data"":{""date"":""2026-07-02"",""run_id"":""e9518277e225485f801d89bd8a4f89fc""}}"
243,243,"24.8280722 , 55.079930600000004","25.007495600000002 , 55.079493600000006",urban-urban,mixed,2060,"{""sample_routes"":{""date"":""2026-07-01"",""run_id"":""fcdac6b517fa4767ae7de180abf96bfe""},""join_samples"":{""date"":""2026-07-02"",""run_id"":""9e4e33f802cb4dde8190122e3fffbfbb""},""upload_data"":{""date"":""2026-07-02"",""run_id"":""e9518277e225485f801d89bd8a4f89fc""}}"
244,244,"25.256526200000003 , 55.6338054","25.3903846 , 55.49955370000001",urban-urban,mixed,2063,"{""sample_routes"":{""date"":""2026-07-01"",""run_id"":""fcdac6b517fa4767ae7de180abf96bfe""},""join_samples"":{""date"":""2026-07-02"",""run_id"":""9e4e33f802cb4dde8190122e3fffbfbb""},""upload_data"":{""date"":""2026-07-02"",""run_id"":""e9518277e225485f801d89bd8a4f89fc""}}"
245,245,"25.105023300000003 , 55.439191","25.1046443 , 55.198714300000006",rural-urban,mixed,2065,"{""sample_routes"":{""date"":""2026-07-01"",""run_id"":""fcdac6b517fa4767ae7de180abf96bfe""},""join_samples"":{""date"":""2026-07-02"",""run_id"":""9e4e33f802cb4dde8190122e3fffbfbb""},""upload_data"":{""date"":""2026-07-02"",""run_id"":""e9518277e225485f801d89bd8a4f89fc""}}"
246,246,"25.231737900000002 , 55.6477944","25.231953700000002 , 55.3022664",urban-rural,mixed,2068,"{""sample_routes"":{""date"":""2026-07-01"",""run_id"":""fcdac6b517fa4767ae7de180abf96bfe""},""join_samples"":{""date"":""2026-07-02"",""run_id"":""9e4e33f802cb4dde8190122e3fffbfbb""},""upload_data"":{""date"":""2026-07-02"",""run_id"":""e9518277e225485f801d89bd8a4f89fc""}}"
247,247,"25.250575 , 55.6037551","25.250062000000003 , 55.2772967",urban-urban,mixed,2070,"{""sample_routes"":{""date"":""2026-07-01"",""run_id"":""fcdac6b517fa4767ae7de180abf96bfe""},""join_samples"":{""date"":""2026-07-02"",""run_id"":""9e4e33f802cb4dde8190122e3fffbfbb""},""upload_data"":{""date"":""2026-07-02"",""run_id"":""e9518277e225485f801d89bd8a4f89fc""}}"
248,248,"25.265574100000002 , 55.5852561","25.2657077 , 55.3627965",urban-rural,mixed,2070,"{""sample_routes"":{""date"":""2026-07-01"",""run_id"":""fcdac6b517fa4767ae7de180abf96bfe""},""join_samples"":{""date"":""2026-07-02"",""run_id"":""9e4e33f802cb4dde8190122e3fffbfbb""},""upload_data"":{""date"":""2026-07-02"",""run_id"":""e9518277e225485f801d89bd8a4f89fc""}}"
249,249,"24.367900300000002 , 54.6036574","24.5091217 , 54.603484400000006",urban-urban,mixed,2070,"{""sample_routes"":{""date"":""2026-07-01"",""run_id"":""fcdac6b517fa4767ae7de180abf96bfe""},""join_samples"":{""date"":""2026-07-02"",""run_id"":""9e4e33f802cb4dde8190122e3fffbfbb""},""upload_data"":{""date"":""2026-07-02"",""run_id"":""e9518277e225485f801d89bd8a4f89fc""}}"
250,250,"25.459593400000003 , 55.605897000000006","25.239597500000002 , 55.605642200000005",rural-urban,rural,1798,"{""sample_routes"":{""date"":""2026-07-01"",""run_id"":""fcdac6b517fa4767ae7de180abf96bfe""},""join_samples"":{""date"":""2026-07-02"",""run_id"":""9e4e33f802cb4dde8190122e3fffbfbb""},""upload_data"":{""date"":""2026-07-02"",""run_id"":""e9518277e225485f801d89bd8a4f89fc""}}"
251,251,"25.4242333 , 55.751959400000004","25.424160200000003 , 55.496718200000004",urban-rural,rural,1812,"{""sample_routes"":{""date"":""2026-07-01"",""run_id"":""fcdac6b517fa4767ae7de180abf96bfe""},""join_samples"":{""date"":""2026-07-02"",""run_id"":""9e4e33f802cb4dde8190122e3fffbfbb""},""upload_data"":{""date"":""2026-07-02"",""run_id"":""e9518277e225485f801d89bd8a4f89fc""}}"
252,252,"24.1865269 , 55.8112806","24.2753847 , 55.7223655",urban-rural,rural,1785,"{""sample_routes"":{""date"":""2026-07-01"",""run_id"":""fcdac6b517fa4767ae7de180abf96bfe""},""join_samples"":{""date"":""2026-07-02"",""run_id"":""9e4e33f802cb4dde8190122e3fffbfbb""},""upload_data"":{""date"":""2026-07-02"",""run_id"":""e9518277e225485f801d89bd8a4f89fc""}}"
253,253,"24.227140000000002 , 55.7211641","24.2270314 , 55.6219581",urban-rural,rural,1781,"{""sample_routes"":{""date"":""2026-07-01"",""run_id"":""fcdac6b517fa4767ae7de180abf96bfe""},""join_samples"":{""date"":""2026-07-02"",""run_id"":""9e4e33f802cb4dde8190122e3fffbfbb""},""upload_data"":{""date"":""2026-07-02"",""run_id"":""e9518277e225485f801d89bd8a4f89fc""}}"
254,254,"25.0870289 , 55.3827993","25.324244 , 55.3827397",urban-urban,rural,1819,"{""sample_routes"":{""date"":""2026-07-01"",""run_id"":""fcdac6b517fa4767ae7de180abf96bfe""},""join_samples"":{""date"":""2026-07-02"",""run_id"":""9e4e33f802cb4dde8190122e3fffbfbb""},""upload_data"":{""date"":""2026-07-02"",""run_id"":""e9518277e225485f801d89bd8a4f89fc""}}"
255,255,"24.7262622 , 54.726258900000005","24.792258 , 54.792516500000005",rural-rural,rural,1823,"{""sample_routes"":{""date"":""2026-07-01"",""run_id"":""fcdac6b517fa4767ae7de180abf96bfe""},""join_samples"":{""date"":""2026-07-02"",""run_id"":""9e4e33f802cb4dde8190122e3fffbfbb""},""upload_data"":{""date"":""2026-07-02"",""run_id"":""e9518277e225485f801d89bd8a4f89fc""}}"
256,256,"24.2708604 , 54.665332500000005","24.3954683 , 54.7894044",urban-urban,rural,1772,"{""sample_routes"":{""date"":""2026-07-01"",""run_id"":""fcdac6b517fa4767ae7de180abf96bfe""},""join_samples"":{""date"":""2026-07-02"",""run_id"":""9e4e33f802cb4dde8190122e3fffbfbb""},""upload_data"":{""date"":""2026-07-02"",""run_id"":""e9518277e225485f801d89bd8a4f89fc""}}"
257,257,"24.0900223 , 52.654475100000006","24.1132187 , 52.6547039",urban-urban,rural,1770,"{""sample_routes"":{""date"":""2026-07-01"",""run_id"":""fcdac6b517fa4767ae7de180abf96bfe""},""join_samples"":{""date"":""2026-07-02"",""run_id"":""9e4e33f802cb4dde8190122e3fffbfbb""},""upload_data"":{""date"":""2026-07-02"",""run_id"":""e9518277e225485f801d89bd8a4f89fc""}}"
258,258,"25.349751400000002 , 55.4310733","25.3497632 , 55.7221714",urban-rural,rural,1832,"{""sample_routes"":{""date"":""2026-07-01"",""run_id"":""fcdac6b517fa4767ae7de180abf96bfe""},""join_samples"":{""date"":""2026-07-02"",""run_id"":""9e4e33f802cb4dde8190122e3fffbfbb""},""upload_data"":{""date"":""2026-07-02"",""run_id"":""e9518277e225485f801d89bd8a4f89fc""}}"
259,259,"24.4266064 , 54.451117","24.542078800000002 , 54.451490400000004",urban-rural,rural,1768,"{""sample_routes"":{""date"":""2026-07-01"",""run_id"":""fcdac6b517fa4767ae7de180abf96bfe""},""join_samples"":{""date"":""2026-07-02"",""run_id"":""9e4e33f802cb4dde8190122e3fffbfbb""},""upload_data"":{""date"":""2026-07-02"",""run_id"":""e9518277e225485f801d89bd8a4f89fc""}}"
260,260,"24.230181400000003 , 55.708834800000005","24.415281 , 55.7092291",urban-rural,rural,1767,"{""sample_routes"":{""date"":""2026-07-01"",""run_id"":""fcdac6b517fa4767ae7de180abf96bfe""},""join_samples"":{""date"":""2026-07-02"",""run_id"":""9e4e33f802cb4dde8190122e3fffbfbb""},""upload_data"":{""date"":""2026-07-02"",""run_id"":""e9518277e225485f801d89bd8a4f89fc""}}"
261,261,"24.137719500000003 , 55.6313132","24.214941600000003 , 55.5545984",urban-urban,rural,1838,"{""sample_routes"":{""date"":""2026-07-01"",""run_id"":""fcdac6b517fa4767ae7de180abf96bfe""},""join_samples"":{""date"":""2026-07-02"",""run_id"":""9e4e33f802cb4dde8190122e3fffbfbb""},""upload_data"":{""date"":""2026-07-02"",""run_id"":""e9518277e225485f801d89bd8a4f89fc""}}"
262,262,"24.465921700000003 , 54.601727600000004","24.466471400000003 , 54.7502013",urban-rural,rural,1759,"{""sample_routes"":{""date"":""2026-07-01"",""run_id"":""fcdac6b517fa4767ae7de180abf96bfe""},""join_samples"":{""date"":""2026-07-02"",""run_id"":""9e4e33f802cb4dde8190122e3fffbfbb""},""upload_data"":{""date"":""2026-07-02"",""run_id"":""e9518277e225485f801d89bd8a4f89fc""}}"
263,263,"24.841591400000002 , 55.3630617","24.943419000000002 , 55.2608053",rural-urban,rural,1844,"{""sample_routes"":{""date"":""2026-07-01"",""run_id"":""fcdac6b517fa4767ae7de180abf96bfe""},""join_samples"":{""date"":""2026-07-02"",""run_id"":""9e4e33f802cb4dde8190122e3fffbfbb""},""upload_data"":{""date"":""2026-07-02"",""run_id"":""e9518277e225485f801d89bd8a4f89fc""}}"
264,264,"25.2561664 , 55.301867400000006","25.098123800000003 , 55.4594973",urban-urban,rural,1845,"{""sample_routes"":{""date"":""2026-07-01"",""run_id"":""fcdac6b517fa4767ae7de180abf96bfe""},""join_samples"":{""date"":""2026-07-02"",""run_id"":""9e4e33f802cb4dde8190122e3fffbfbb""},""upload_data"":{""date"":""2026-07-02"",""run_id"":""e9518277e225485f801d89bd8a4f89fc""}}"
265,265,"24.219635800000002 , 55.70762250000001","24.416399600000002 , 55.7080422",urban-rural,rural,1847,"{""sample_routes"":{""date"":""2026-07-01"",""run_id"":""fcdac6b517fa4767ae7de180abf96bfe""},""join_samples"":{""date"":""2026-07-02"",""run_id"":""9e4e33f802cb4dde8190122e3fffbfbb""},""upload_data"":{""date"":""2026-07-02"",""run_id"":""e9518277e225485f801d89bd8a4f89fc""}}"
266,266,"24.503480500000002 , 54.409476600000005","24.503277500000003 , 54.6021142",urban-urban,rural,1742,"{""sample_routes"":{""date"":""2026-07-01"",""run_id"":""fcdac6b517fa4767ae7de180abf96bfe""},""join_samples"":{""date"":""2026-07-02"",""run_id"":""9e4e33f802cb4dde8190122e3fffbfbb""},""upload_data"":{""date"":""2026-07-02"",""run_id"":""e9518277e225485f801d89bd8a4f89fc""}}"
267,267,"25.343420300000002 , 55.3961382","25.343705500000002 , 55.6465334",rural-urban,rural,1737,"{""sample_routes"":{""date"":""2026-07-01"",""run_id"":""fcdac6b517fa4767ae7de180abf96bfe""},""join_samples"":{""date"":""2026-07-02"",""run_id"":""9e4e33f802cb4dde8190122e3fffbfbb""},""upload_data"":{""date"":""2026-07-02"",""run_id"":""e9518277e225485f801d89bd8a4f89fc""}}"
268,268,"24.094977200000002 , 55.6987497","24.261452600000002 , 55.699023100000005",urban-urban,rural,1734,"{""sample_routes"":{""date"":""2026-07-01"",""run_id"":""fcdac6b517fa4767ae7de180abf96bfe""},""join_samples"":{""date"":""2026-07-02"",""run_id"":""9e4e33f802cb4dde8190122e3fffbfbb""},""upload_data"":{""date"":""2026-07-02"",""run_id"":""e9518277e225485f801d89bd8a4f89fc""}}"
269,269,"24.406123100000002 , 54.601589000000004","24.405624500000002 , 54.44790810000001",rural-urban,rural,1731,"{""sample_routes"":{""date"":""2026-07-01"",""run_id"":""fcdac6b517fa4767ae7de180abf96bfe""},""join_samples"":{""date"":""2026-07-02"",""run_id"":""9e4e33f802cb4dde8190122e3fffbfbb""},""upload_data"":{""date"":""2026-07-02"",""run_id"":""e9518277e225485f801d89bd8a4f89fc""}}"
270,270,"24.356619400000003 , 54.558883","24.3570111 , 54.7275654",urban-urban,rural,1730,"{""sample_routes"":{""date"":""2026-07-01"",""run_id"":""fcdac6b517fa4767ae7de180abf96bfe""},""join_samples"":{""date"":""2026-07-02"",""run_id"":""9e4e33f802cb4dde8190122e3fffbfbb""},""upload_data"":{""date"":""2026-07-02"",""run_id"":""e9518277e225485f801d89bd8a4f89fc""}}"
271,271,"25.653516200000002 , 55.9920787","25.412039800000002 , 55.99253040000001",rural-urban,rural,1872,"{""sample_routes"":{""date"":""2026-07-01"",""run_id"":""fcdac6b517fa4767ae7de180abf96bfe""},""join_samples"":{""date"":""2026-07-02"",""run_id"":""9e4e33f802cb4dde8190122e3fffbfbb""},""upload_data"":{""date"":""2026-07-02"",""run_id"":""e9518277e225485f801d89bd8a4f89fc""}}"
272,272,"24.179174500000002 , 55.8116283","24.179250000000003 , 55.6210998",urban-urban,rural,1875,"{""sample_routes"":{""date"":""2026-07-01"",""run_id"":""fcdac6b517fa4767ae7de180abf96bfe""},""join_samples"":{""date"":""2026-07-02"",""run_id"":""9e4e33f802cb4dde8190122e3fffbfbb""},""upload_data"":{""date"":""2026-07-02"",""run_id"":""e9518277e225485f801d89bd8a4f89fc""}}"
273,273,"24.241986100000002 , 55.5646403","24.2424575 , 55.321834800000005",rural-urban,rural,1876,"{""sample_routes"":{""date"":""2026-07-01"",""run_id"":""fcdac6b517fa4767ae7de180abf96bfe""},""join_samples"":{""date"":""2026-07-02"",""run_id"":""9e4e33f802cb4dde8190122e3fffbfbb""},""upload_data"":{""date"":""2026-07-02"",""run_id"":""e9518277e225485f801d89bd8a4f89fc""}}"
274,274,"25.2422396 , 55.363240600000005","25.014066900000003 , 55.13481530000001",rural-urban,rural,1876,"{""sample_routes"":{""date"":""2026-07-01"",""run_id"":""fcdac6b517fa4767ae7de180abf96bfe""},""join_samples"":{""date"":""2026-07-02"",""run_id"":""9e4e33f802cb4dde8190122e3fffbfbb""},""upload_data"":{""date"":""2026-07-02"",""run_id"":""e9518277e225485f801d89bd8a4f89fc""}}"
275,275,"24.216804 , 55.707316000000006","24.2164842 , 55.441389400000006",rural-rural,rural,1723,"{""sample_routes"":{""date"":""2026-07-01"",""run_id"":""fcdac6b517fa4767ae7de180abf96bfe""},""join_samples"":{""date"":""2026-07-02"",""run_id"":""9e4e33f802cb4dde8190122e3fffbfbb""},""upload_data"":{""date"":""2026-07-02"",""run_id"":""e9518277e225485f801d89bd8a4f89fc""}}"
276,276,"24.4442051 , 54.4400666","24.4442266 , 54.678862200000005",rural-rural,rural,1885,"{""sample_routes"":{""date"":""2026-07-01"",""run_id"":""fcdac6b517fa4767ae7de180abf96bfe""},""join_samples"":{""date"":""2026-07-02"",""run_id"":""9e4e33f802cb4dde8190122e3fffbfbb""},""upload_data"":{""date"":""2026-07-02"",""run_id"":""e9518277e225485f801d89bd8a4f89fc""}}"
277,277,"25.060488000000003 , 55.4207844","24.885461600000003 , 55.5954295",urban-rural,rural,1705,"{""sample_routes"":{""date"":""2026-07-01"",""run_id"":""fcdac6b517fa4767ae7de180abf96bfe""},""join_samples"":{""date"":""2026-07-02"",""run_id"":""9e4e33f802cb4dde8190122e3fffbfbb""},""upload_data"":{""date"":""2026-07-02"",""run_id"":""e9518277e225485f801d89bd8a4f89fc""}}"
278,278,"24.5089979 , 54.384984900000006","24.508618700000003 , 54.684914000000006",rural-rural,rural,1704,"{""sample_routes"":{""date"":""2026-07-01"",""run_id"":""fcdac6b517fa4767ae7de180abf96bfe""},""join_samples"":{""date"":""2026-07-02"",""run_id"":""9e4e33f802cb4dde8190122e3fffbfbb""},""upload_data"":{""date"":""2026-07-02"",""run_id"":""e9518277e225485f801d89bd8a4f89fc""}}"
279,279,"24.1324991 , 55.8528753","24.132196200000003 , 55.6850115",rural-urban,rural,1899,"{""sample_routes"":{""date"":""2026-07-01"",""run_id"":""fcdac6b517fa4767ae7de180abf96bfe""},""join_samples"":{""date"":""2026-07-02"",""run_id"":""9e4e33f802cb4dde8190122e3fffbfbb""},""upload_data"":{""date"":""2026-07-02"",""run_id"":""e9518277e225485f801d89bd8a4f89fc""}}"
280,280,"24.335554300000002 , 54.568051700000005","24.3357411 , 54.704487900000004",urban-urban,rural,1700,"{""sample_routes"":{""date"":""2026-07-01"",""run_id"":""fcdac6b517fa4767ae7de180abf96bfe""},""join_samples"":{""date"":""2026-07-02"",""run_id"":""9e4e33f802cb4dde8190122e3fffbfbb""},""upload_data"":{""date"":""2026-07-02"",""run_id"":""e9518277e225485f801d89bd8a4f89fc""}}"
281,281,"24.3893431 , 54.654396600000005","24.6052988 , 54.65478",urban-rural,rural,1904,"{""sample_routes"":{""date"":""2026-07-01"",""run_id"":""fcdac6b517fa4767ae7de180abf96bfe""},""join_samples"":{""date"":""2026-07-02"",""run_id"":""9e4e33f802cb4dde8190122e3fffbfbb""},""upload_data"":{""date"":""2026-07-02"",""run_id"":""e9518277e225485f801d89bd8a4f89fc""}}"
282,282,"24.2147305 , 55.501067400000004","24.2151654 , 55.7598416",urban-rural,rural,1907,"{""sample_routes"":{""date"":""2026-07-01"",""run_id"":""fcdac6b517fa4767ae7de180abf96bfe""},""join_samples"":{""date"":""2026-07-02"",""run_id"":""9e4e33f802cb4dde8190122e3fffbfbb""},""upload_data"":{""date"":""2026-07-02"",""run_id"":""e9518277e225485f801d89bd8a4f89fc""}}"
283,283,"25.4106594 , 55.5057271","25.2587304 , 55.657631300000006",urban-urban,rural,1908,"{""sample_routes"":{""date"":""2026-07-01"",""run_id"":""fcdac6b517fa4767ae7de180abf96bfe""},""join_samples"":{""date"":""2026-07-02"",""run_id"":""9e4e33f802cb4dde8190122e3fffbfbb""},""upload_data"":{""date"":""2026-07-02"",""run_id"":""e9518277e225485f801d89bd8a4f89fc""}}"
284,284,"24.3411486 , 54.5391489","24.3410642 , 54.680230200000004",urban-rural,rural,1687,"{""sample_routes"":{""date"":""2026-07-01"",""run_id"":""fcdac6b517fa4767ae7de180abf96bfe""},""join_samples"":{""date"":""2026-07-02"",""run_id"":""9e4e33f802cb4dde8190122e3fffbfbb""},""upload_data"":{""date"":""2026-07-02"",""run_id"":""e9518277e225485f801d89bd8a4f89fc""}}"
285,285,"24.2160501 , 55.724175","24.216153600000002 , 55.463860800000006",urban-urban,rural,1686,"{""sample_routes"":{""date"":""2026-07-01"",""run_id"":""fcdac6b517fa4767ae7de180abf96bfe""},""join_samples"":{""date"":""2026-07-02"",""run_id"":""9e4e33f802cb4dde8190122e3fffbfbb""},""upload_data"":{""date"":""2026-07-02"",""run_id"":""e9518277e225485f801d89bd8a4f89fc""}}"
286,286,"24.082128800000003 , 55.732341600000005","24.082254900000002 , 55.5678221",urban-urban,rural,1919,"{""sample_routes"":{""date"":""2026-07-01"",""run_id"":""fcdac6b517fa4767ae7de180abf96bfe""},""join_samples"":{""date"":""2026-07-02"",""run_id"":""9e4e33f802cb4dde8190122e3fffbfbb""},""upload_data"":{""date"":""2026-07-02"",""run_id"":""e9518277e225485f801d89bd8a4f89fc""}}"
287,287,"25.5569187 , 55.9356481","25.652977800000002 , 56.031146500000006",urban-rural,rural,1680,"{""sample_routes"":{""date"":""2026-07-01"",""run_id"":""fcdac6b517fa4767ae7de180abf96bfe""},""join_samples"":{""date"":""2026-07-02"",""run_id"":""9e4e33f802cb4dde8190122e3fffbfbb""},""upload_data"":{""date"":""2026-07-02"",""run_id"":""e9518277e225485f801d89bd8a4f89fc""}}"
288,288,"24.092605600000002 , 55.873424400000005","24.193360600000002 , 55.7728261",rural-rural,rural,1679,"{""sample_routes"":{""date"":""2026-07-01"",""run_id"":""fcdac6b517fa4767ae7de180abf96bfe""},""join_samples"":{""date"":""2026-07-02"",""run_id"":""9e4e33f802cb4dde8190122e3fffbfbb""},""upload_data"":{""date"":""2026-07-02"",""run_id"":""e9518277e225485f801d89bd8a4f89fc""}}"
289,289,"24.21871 , 55.6161935","24.2980281 , 55.536929400000005",rural-urban,rural,1925,"{""sample_routes"":{""date"":""2026-07-01"",""run_id"":""fcdac6b517fa4767ae7de180abf96bfe""},""join_samples"":{""date"":""2026-07-02"",""run_id"":""9e4e33f802cb4dde8190122e3fffbfbb""},""upload_data"":{""date"":""2026-07-02"",""run_id"":""e9518277e225485f801d89bd8a4f89fc""}}"
290,290,"24.157737500000003 , 55.646370000000005","24.0319968 , 55.646342000000004",urban-rural,rural,1925,"{""sample_routes"":{""date"":""2026-07-01"",""run_id"":""fcdac6b517fa4767ae7de180abf96bfe""},""join_samples"":{""date"":""2026-07-02"",""run_id"":""9e4e33f802cb4dde8190122e3fffbfbb""},""upload_data"":{""date"":""2026-07-02"",""run_id"":""e9518277e225485f801d89bd8a4f89fc""}}"
291,291,"25.3533432 , 55.412181200000006","25.1917344 , 55.57402930000001",rural-urban,rural,1928,"{""sample_routes"":{""date"":""2026-07-01"",""run_id"":""fcdac6b517fa4767ae7de180abf96bfe""},""join_samples"":{""date"":""2026-07-02"",""run_id"":""9e4e33f802cb4dde8190122e3fffbfbb""},""upload_data"":{""date"":""2026-07-02"",""run_id"":""e9518277e225485f801d89bd8a4f89fc""}}"
292,292,"24.2937242 , 55.530823600000005","24.251712700000002 , 55.5727174",rural-urban,rural,1928,"{""sample_routes"":{""date"":""2026-07-01"",""run_id"":""fcdac6b517fa4767ae7de180abf96bfe""},""join_samples"":{""date"":""2026-07-02"",""run_id"":""9e4e33f802cb4dde8190122e3fffbfbb""},""upload_data"":{""date"":""2026-07-02"",""run_id"":""e9518277e225485f801d89bd8a4f89fc""}}"
293,293,"24.142070200000003 , 55.5445817","24.1417681 , 55.33719610000001",rural-rural,rural,1929,"{""sample_routes"":{""date"":""2026-07-01"",""run_id"":""fcdac6b517fa4767ae7de180abf96bfe""},""join_samples"":{""date"":""2026-07-02"",""run_id"":""9e4e33f802cb4dde8190122e3fffbfbb""},""upload_data"":{""date"":""2026-07-02"",""run_id"":""e9518277e225485f801d89bd8a4f89fc""}}"
294,294,"25.308100000000003 , 55.88451920000001","25.158208100000003 , 56.0346933",urban-rural,rural,1670,"{""sample_routes"":{""date"":""2026-07-01"",""run_id"":""fcdac6b517fa4767ae7de180abf96bfe""},""join_samples"":{""date"":""2026-07-02"",""run_id"":""9e4e33f802cb4dde8190122e3fffbfbb""},""upload_data"":{""date"":""2026-07-02"",""run_id"":""e9518277e225485f801d89bd8a4f89fc""}}"
295,295,"24.2033321 , 54.421144500000004","24.203229500000003 , 54.6662686",rural-rural,rural,1934,"{""sample_routes"":{""date"":""2026-07-01"",""run_id"":""fcdac6b517fa4767ae7de180abf96bfe""},""join_samples"":{""date"":""2026-07-02"",""run_id"":""9e4e33f802cb4dde8190122e3fffbfbb""},""upload_data"":{""date"":""2026-07-02"",""run_id"":""e9518277e225485f801d89bd8a4f89fc""}}"
296,296,"24.208543900000002 , 55.5788099","24.323276 , 55.693803700000004",urban-urban,rural,1935,"{""sample_routes"":{""date"":""2026-07-01"",""run_id"":""fcdac6b517fa4767ae7de180abf96bfe""},""join_samples"":{""date"":""2026-07-02"",""run_id"":""9e4e33f802cb4dde8190122e3fffbfbb""},""upload_data"":{""date"":""2026-07-02"",""run_id"":""e9518277e225485f801d89bd8a4f89fc""}}"
297,297,"24.9773448 , 55.1293693","25.222827600000002 , 55.3746262",rural-rural,rural,1939,"{""sample_routes"":{""date"":""2026-07-01"",""run_id"":""fcdac6b517fa4767ae7de180abf96bfe""},""join_samples"":{""date"":""2026-07-02"",""run_id"":""9e4e33f802cb4dde8190122e3fffbfbb""},""upload_data"":{""date"":""2026-07-02"",""run_id"":""e9518277e225485f801d89bd8a4f89fc""}}"
298,298,"24.0990389 , 55.7097661","24.2079798 , 55.818554600000006",urban-urban,rural,1941,"{""sample_routes"":{""date"":""2026-07-01"",""run_id"":""fcdac6b517fa4767ae7de180abf96bfe""},""join_samples"":{""date"":""2026-07-02"",""run_id"":""9e4e33f802cb4dde8190122e3fffbfbb""},""upload_data"":{""date"":""2026-07-02"",""run_id"":""e9518277e225485f801d89bd8a4f89fc""}}"
299,299,"25.3830533 , 55.4303516","25.1836732 , 55.4302664",urban-urban,rural,1658,"{""sample_routes"":{""date"":""2026-07-01"",""run_id"":""fcdac6b517fa4767ae7de180abf96bfe""},""join_samples"":{""date"":""2026-07-02"",""run_id"":""9e4e33f802cb4dde8190122e3fffbfbb""},""upload_data"":{""date"":""2026-07-02"",""run_id"":""e9518277e225485f801d89bd8a4f89fc""}}"
300,300,"24.041720400000003 , 52.5717641","24.0414028 , 52.405587100000005",rural-urban,rural,1658,"{""sample_routes"":{""date"":""2026-07-01"",""run_id"":""fcdac6b517fa4767ae7de180abf96bfe""},""join_samples"":{""date"":""2026-07-02"",""run_id"":""9e4e33f802cb4dde8190122e3fffbfbb""},""upload_data"":{""date"":""2026-07-02"",""run_id"":""e9518277e225485f801d89bd8a4f89fc""}}"
301,301,"25.1646126 , 56.3288972","25.325396100000003 , 56.168575100000005",urban-rural,rural,1942,"{""sample_routes"":{""date"":""2026-07-01"",""run_id"":""fcdac6b517fa4767ae7de180abf96bfe""},""join_samples"":{""date"":""2026-07-02"",""run_id"":""9e4e33f802cb4dde8190122e3fffbfbb""},""upload_data"":{""date"":""2026-07-02"",""run_id"":""e9518277e225485f801d89bd8a4f89fc""}}"
302,302,"25.108501800000003 , 56.345601200000004","25.2958448 , 56.157745000000006",urban-urban,rural,1945,"{""sample_routes"":{""date"":""2026-07-01"",""run_id"":""fcdac6b517fa4767ae7de180abf96bfe""},""join_samples"":{""date"":""2026-07-02"",""run_id"":""9e4e33f802cb4dde8190122e3fffbfbb""},""upload_data"":{""date"":""2026-07-02"",""run_id"":""e9518277e225485f801d89bd8a4f89fc""}}"
303,303,"24.909885000000003 , 54.974553300000004","24.6933724 , 54.75855120000001",rural-urban,rural,1946,"{""sample_routes"":{""date"":""2026-07-01"",""run_id"":""fcdac6b517fa4767ae7de180abf96bfe""},""join_samples"":{""date"":""2026-07-02"",""run_id"":""9e4e33f802cb4dde8190122e3fffbfbb""},""upload_data"":{""date"":""2026-07-02"",""run_id"":""e9518277e225485f801d89bd8a4f89fc""}}"
304,304,"25.5691661 , 55.6541057","25.412398000000003 , 55.6538758",rural-rural,rural,1948,"{""sample_routes"":{""date"":""2026-07-01"",""run_id"":""fcdac6b517fa4767ae7de180abf96bfe""},""join_samples"":{""date"":""2026-07-02"",""run_id"":""9e4e33f802cb4dde8190122e3fffbfbb""},""upload_data"":{""date"":""2026-07-02"",""run_id"":""e9518277e225485f801d89bd8a4f89fc""}}"
305,305,"22.9853664 , 53.794183100000005","23.1276274 , 53.793757600000006",rural-urban,rural,1948,"{""sample_routes"":{""date"":""2026-07-01"",""run_id"":""fcdac6b517fa4767ae7de180abf96bfe""},""join_samples"":{""date"":""2026-07-02"",""run_id"":""9e4e33f802cb4dde8190122e3fffbfbb""},""upload_data"":{""date"":""2026-07-02"",""run_id"":""e9518277e225485f801d89bd8a4f89fc""}}"
306,306,"25.223988900000002 , 55.3863245","25.4508778 , 55.6135797",urban-rural,rural,1951,"{""sample_routes"":{""date"":""2026-07-01"",""run_id"":""fcdac6b517fa4767ae7de180abf96bfe""},""join_samples"":{""date"":""2026-07-02"",""run_id"":""9e4e33f802cb4dde8190122e3fffbfbb""},""upload_data"":{""date"":""2026-07-02"",""run_id"":""e9518277e225485f801d89bd8a4f89fc""}}"
307,307,"24.303131800000003 , 54.6924731","24.398073500000002 , 54.787847400000004",urban-urban,rural,1645,"{""sample_routes"":{""date"":""2026-07-01"",""run_id"":""fcdac6b517fa4767ae7de180abf96bfe""},""join_samples"":{""date"":""2026-07-02"",""run_id"":""9e4e33f802cb4dde8190122e3fffbfbb""},""upload_data"":{""date"":""2026-07-02"",""run_id"":""e9518277e225485f801d89bd8a4f89fc""}}"
308,308,"25.017926300000003 , 55.1589679","25.2369045 , 55.377645",rural-rural,rural,1644,"{""sample_routes"":{""date"":""2026-07-01"",""run_id"":""fcdac6b517fa4767ae7de180abf96bfe""},""join_samples"":{""date"":""2026-07-02"",""run_id"":""9e4e33f802cb4dde8190122e3fffbfbb""},""upload_data"":{""date"":""2026-07-02"",""run_id"":""e9518277e225485f801d89bd8a4f89fc""}}"
309,309,"24.2033321 , 55.62995840000001","24.360619200000002 , 55.7877105",urban-rural,rural,1958,"{""sample_routes"":{""date"":""2026-07-01"",""run_id"":""fcdac6b517fa4767ae7de180abf96bfe""},""join_samples"":{""date"":""2026-07-02"",""run_id"":""9e4e33f802cb4dde8190122e3fffbfbb""},""upload_data"":{""date"":""2026-07-02"",""run_id"":""e9518277e225485f801d89bd8a4f89fc""}}"
310,310,"24.286845200000002 , 54.62984590000001","24.2867469 , 54.7464275",urban-rural,rural,1641,"{""sample_routes"":{""date"":""2026-07-01"",""run_id"":""fcdac6b517fa4767ae7de180abf96bfe""},""join_samples"":{""date"":""2026-07-02"",""run_id"":""9e4e33f802cb4dde8190122e3fffbfbb""},""upload_data"":{""date"":""2026-07-02"",""run_id"":""e9518277e225485f801d89bd8a4f89fc""}}"
311,311,"24.182728 , 55.73275","24.399140900000003 , 55.7332832",urban-urban,rural,1962,"{""sample_routes"":{""date"":""2026-07-01"",""run_id"":""fcdac6b517fa4767ae7de180abf96bfe""},""join_samples"":{""date"":""2026-07-02"",""run_id"":""9e4e33f802cb4dde8190122e3fffbfbb""},""upload_data"":{""date"":""2026-07-02"",""run_id"":""e9518277e225485f801d89bd8a4f89fc""}}"
312,312,"25.394341200000003 , 55.464436000000006","25.2555945 , 55.602741300000005",urban-urban,rural,1638,"{""sample_routes"":{""date"":""2026-07-01"",""run_id"":""fcdac6b517fa4767ae7de180abf96bfe""},""join_samples"":{""date"":""2026-07-02"",""run_id"":""9e4e33f802cb4dde8190122e3fffbfbb""},""upload_data"":{""date"":""2026-07-02"",""run_id"":""e9518277e225485f801d89bd8a4f89fc""}}"
313,313,"24.369235900000003 , 54.6891218","24.3689895 , 54.5455654",urban-urban,rural,1636,"{""sample_routes"":{""date"":""2026-07-01"",""run_id"":""fcdac6b517fa4767ae7de180abf96bfe""},""join_samples"":{""date"":""2026-07-02"",""run_id"":""9e4e33f802cb4dde8190122e3fffbfbb""},""upload_data"":{""date"":""2026-07-02"",""run_id"":""e9518277e225485f801d89bd8a4f89fc""}}"
314,314,"24.365019200000003 , 54.5350545","24.365326300000003 , 54.722693400000004",urban-rural,rural,1968,"{""sample_routes"":{""date"":""2026-07-01"",""run_id"":""fcdac6b517fa4767ae7de180abf96bfe""},""join_samples"":{""date"":""2026-07-02"",""run_id"":""9e4e33f802cb4dde8190122e3fffbfbb""},""upload_data"":{""date"":""2026-07-02"",""run_id"":""e9518277e225485f801d89bd8a4f89fc""}}"
315,315,"24.0864303 , 55.939550600000004","24.203522000000003 , 55.822946",urban-rural,rural,1971,"{""sample_routes"":{""date"":""2026-07-01"",""run_id"":""fcdac6b517fa4767ae7de180abf96bfe""},""join_samples"":{""date"":""2026-07-02"",""run_id"":""9e4e33f802cb4dde8190122e3fffbfbb""},""upload_data"":{""date"":""2026-07-02"",""run_id"":""e9518277e225485f801d89bd8a4f89fc""}}"
316,316,"24.185045900000002 , 55.8206392","24.1854492 , 55.601017600000006",urban-rural,rural,1972,"{""sample_routes"":{""date"":""2026-07-01"",""run_id"":""fcdac6b517fa4767ae7de180abf96bfe""},""join_samples"":{""date"":""2026-07-02"",""run_id"":""9e4e33f802cb4dde8190122e3fffbfbb""},""upload_data"":{""date"":""2026-07-02"",""run_id"":""e9518277e225485f801d89bd8a4f89fc""}}"
317,317,"24.0776697 , 55.6372507","24.204818600000003 , 55.6370195",rural-urban,rural,1973,"{""sample_routes"":{""date"":""2026-07-01"",""run_id"":""fcdac6b517fa4767ae7de180abf96bfe""},""join_samples"":{""date"":""2026-07-02"",""run_id"":""9e4e33f802cb4dde8190122e3fffbfbb""},""upload_data"":{""date"":""2026-07-02"",""run_id"":""e9518277e225485f801d89bd8a4f89fc""}}"
318,318,"25.3645889 , 55.48104300000001","25.5585872 , 55.6750515",urban-urban,rural,1977,"{""sample_routes"":{""date"":""2026-07-01"",""run_id"":""fcdac6b517fa4767ae7de180abf96bfe""},""join_samples"":{""date"":""2026-07-02"",""run_id"":""9e4e33f802cb4dde8190122e3fffbfbb""},""upload_data"":{""date"":""2026-07-02"",""run_id"":""e9518277e225485f801d89bd8a4f89fc""}}"
319,319,"24.1884309 , 55.6224033","24.063839700000003 , 55.6228957",urban-urban,rural,1980,"{""sample_routes"":{""date"":""2026-07-01"",""run_id"":""fcdac6b517fa4767ae7de180abf96bfe""},""join_samples"":{""date"":""2026-07-02"",""run_id"":""9e4e33f802cb4dde8190122e3fffbfbb""},""upload_data"":{""date"":""2026-07-02"",""run_id"":""e9518277e225485f801d89bd8a4f89fc""}}"
320,320,"25.068973500000002 , 55.34983080000001","24.8530845 , 55.350191300000006",urban-rural,rural,1981,"{""sample_routes"":{""date"":""2026-07-01"",""run_id"":""fcdac6b517fa4767ae7de180abf96bfe""},""join_samples"":{""date"":""2026-07-02"",""run_id"":""9e4e33f802cb4dde8190122e3fffbfbb""},""upload_data"":{""date"":""2026-07-02"",""run_id"":""e9518277e225485f801d89bd8a4f89fc""}}"
321,321,"25.027922 , 55.2229382","24.8424613 , 55.0376856",urban-rural,rural,1982,"{""sample_routes"":{""date"":""2026-07-01"",""run_id"":""fcdac6b517fa4767ae7de180abf96bfe""},""join_samples"":{""date"":""2026-07-02"",""run_id"":""9e4e33f802cb4dde8190122e3fffbfbb""},""upload_data"":{""date"":""2026-07-02"",""run_id"":""e9518277e225485f801d89bd8a4f89fc""}}"
322,322,"24.894979000000003 , 55.4907149","24.9932638 , 55.392352900000006",rural-urban,rural,1982,"{""sample_routes"":{""date"":""2026-07-01"",""run_id"":""fcdac6b517fa4767ae7de180abf96bfe""},""join_samples"":{""date"":""2026-07-02"",""run_id"":""9e4e33f802cb4dde8190122e3fffbfbb""},""upload_data"":{""date"":""2026-07-02"",""run_id"":""e9518277e225485f801d89bd8a4f89fc""}}"
323,323,"24.1762911 , 55.700113","24.3286187 , 55.700206200000004",urban-urban,rural,1982,"{""sample_routes"":{""date"":""2026-07-01"",""run_id"":""fcdac6b517fa4767ae7de180abf96bfe""},""join_samples"":{""date"":""2026-07-02"",""run_id"":""9e4e33f802cb4dde8190122e3fffbfbb""},""upload_data"":{""date"":""2026-07-02"",""run_id"":""e9518277e225485f801d89bd8a4f89fc""}}"
324,324,"25.414207700000002 , 55.43879810000001","25.1721775 , 55.4389357",urban-urban,rural,1983,"{""sample_routes"":{""date"":""2026-07-01"",""run_id"":""fcdac6b517fa4767ae7de180abf96bfe""},""join_samples"":{""date"":""2026-07-02"",""run_id"":""9e4e33f802cb4dde8190122e3fffbfbb""},""upload_data"":{""date"":""2026-07-02"",""run_id"":""e9518277e225485f801d89bd8a4f89fc""}}"
325,325,"24.413799100000002 , 54.56805060000001","24.413610000000002 , 54.3554077",rural-rural,rural,1616,"{""sample_routes"":{""date"":""2026-07-01"",""run_id"":""fcdac6b517fa4767ae7de180abf96bfe""},""join_samples"":{""date"":""2026-07-02"",""run_id"":""9e4e33f802cb4dde8190122e3fffbfbb""},""upload_data"":{""date"":""2026-07-02"",""run_id"":""e9518277e225485f801d89bd8a4f89fc""}}"
326,326,"24.8167644 , 56.098695600000006","24.890392700000003 , 56.172629",urban-urban,rural,1616,"{""sample_routes"":{""date"":""2026-07-01"",""run_id"":""fcdac6b517fa4767ae7de180abf96bfe""},""join_samples"":{""date"":""2026-07-02"",""run_id"":""9e4e33f802cb4dde8190122e3fffbfbb""},""upload_data"":{""date"":""2026-07-02"",""run_id"":""e9518277e225485f801d89bd8a4f89fc""}}"
327,327,"25.166308 , 55.90361360000001","25.3551152 , 55.7150018",rural-rural,rural,1986,"{""sample_routes"":{""date"":""2026-07-01"",""run_id"":""fcdac6b517fa4767ae7de180abf96bfe""},""join_samples"":{""date"":""2026-07-02"",""run_id"":""9e4e33f802cb4dde8190122e3fffbfbb""},""upload_data"":{""date"":""2026-07-02"",""run_id"":""e9518277e225485f801d89bd8a4f89fc""}}"
328,328,"25.137914700000003 , 55.2561369","24.910627 , 55.0289914",urban-rural,rural,1993,"{""sample_routes"":{""date"":""2026-07-01"",""run_id"":""fcdac6b517fa4767ae7de180abf96bfe""},""join_samples"":{""date"":""2026-07-02"",""run_id"":""9e4e33f802cb4dde8190122e3fffbfbb""},""upload_data"":{""date"":""2026-07-02"",""run_id"":""e9518277e225485f801d89bd8a4f89fc""}}"
329,329,"25.1356286 , 55.386381500000006","24.940742200000003 , 55.38584590000001",urban-rural,rural,1994,"{""sample_routes"":{""date"":""2026-07-01"",""run_id"":""fcdac6b517fa4767ae7de180abf96bfe""},""join_samples"":{""date"":""2026-07-02"",""run_id"":""9e4e33f802cb4dde8190122e3fffbfbb""},""upload_data"":{""date"":""2026-07-02"",""run_id"":""e9518277e225485f801d89bd8a4f89fc""}}"
330,330,"24.420223 , 54.4273838","24.420511700000002 , 54.7438687",rural-urban,rural,1999,"{""sample_routes"":{""date"":""2026-07-01"",""run_id"":""fcdac6b517fa4767ae7de180abf96bfe""},""join_samples"":{""date"":""2026-07-02"",""run_id"":""9e4e33f802cb4dde8190122e3fffbfbb""},""upload_data"":{""date"":""2026-07-02"",""run_id"":""e9518277e225485f801d89bd8a4f89fc""}}"
331,331,"24.196760400000002 , 55.717823100000004","24.196259700000002 , 55.389920200000006",rural-rural,rural,2000,"{""sample_routes"":{""date"":""2026-07-01"",""run_id"":""fcdac6b517fa4767ae7de180abf96bfe""},""join_samples"":{""date"":""2026-07-02"",""run_id"":""9e4e33f802cb4dde8190122e3fffbfbb""},""upload_data"":{""date"":""2026-07-02"",""run_id"":""e9518277e225485f801d89bd8a4f89fc""}}"
332,332,"25.1270506 , 55.884111600000004","25.300011100000003 , 56.057334000000004",urban-rural,rural,2002,"{""sample_routes"":{""date"":""2026-07-01"",""run_id"":""fcdac6b517fa4767ae7de180abf96bfe""},""join_samples"":{""date"":""2026-07-02"",""run_id"":""9e4e33f802cb4dde8190122e3fffbfbb""},""upload_data"":{""date"":""2026-07-02"",""run_id"":""e9518277e225485f801d89bd8a4f89fc""}}"
333,333,"25.010080400000003 , 55.456651300000004","25.1975875 , 55.2696185",rural-rural,rural,2004,"{""sample_routes"":{""date"":""2026-07-01"",""run_id"":""fcdac6b517fa4767ae7de180abf96bfe""},""join_samples"":{""date"":""2026-07-02"",""run_id"":""9e4e33f802cb4dde8190122e3fffbfbb""},""upload_data"":{""date"":""2026-07-02"",""run_id"":""e9518277e225485f801d89bd8a4f89fc""}}"
334,334,"24.4143644 , 54.550141100000005","24.414880500000002 , 54.761748100000005",urban-rural,rural,1595,"{""sample_routes"":{""date"":""2026-07-01"",""run_id"":""fcdac6b517fa4767ae7de180abf96bfe""},""join_samples"":{""date"":""2026-07-02"",""run_id"":""9e4e33f802cb4dde8190122e3fffbfbb""},""upload_data"":{""date"":""2026-07-02"",""run_id"":""e9518277e225485f801d89bd8a4f89fc""}}"
335,335,"25.281554900000003 , 55.8757755","25.0059408 , 55.8761537",rural-urban,rural,2009,"{""sample_routes"":{""date"":""2026-07-01"",""run_id"":""fcdac6b517fa4767ae7de180abf96bfe""},""join_samples"":{""date"":""2026-07-02"",""run_id"":""9e4e33f802cb4dde8190122e3fffbfbb""},""upload_data"":{""date"":""2026-07-02"",""run_id"":""e9518277e225485f801d89bd8a4f89fc""}}"
336,336,"24.132893600000003 , 55.688188200000006","24.219621 , 55.774988300000004",urban-rural,rural,1588,"{""sample_routes"":{""date"":""2026-07-01"",""run_id"":""fcdac6b517fa4767ae7de180abf96bfe""},""join_samples"":{""date"":""2026-07-02"",""run_id"":""9e4e33f802cb4dde8190122e3fffbfbb""},""upload_data"":{""date"":""2026-07-02"",""run_id"":""e9518277e225485f801d89bd8a4f89fc""}}"
337,337,"25.1969874 , 55.2500227","24.9197525 , 55.526989300000004",urban-rural,rural,2013,"{""sample_routes"":{""date"":""2026-07-01"",""run_id"":""fcdac6b517fa4767ae7de180abf96bfe""},""join_samples"":{""date"":""2026-07-02"",""run_id"":""9e4e33f802cb4dde8190122e3fffbfbb""},""upload_data"":{""date"":""2026-07-02"",""run_id"":""e9518277e225485f801d89bd8a4f89fc""}}"
338,338,"25.0412359 , 55.401689700000006","25.2022276 , 55.241050200000004",rural-urban,rural,2013,"{""sample_routes"":{""date"":""2026-07-01"",""run_id"":""fcdac6b517fa4767ae7de180abf96bfe""},""join_samples"":{""date"":""2026-07-02"",""run_id"":""9e4e33f802cb4dde8190122e3fffbfbb""},""upload_data"":{""date"":""2026-07-02"",""run_id"":""e9518277e225485f801d89bd8a4f89fc""}}"
339,339,"24.314690300000002 , 54.530708800000006","24.407575100000003 , 54.531125100000004",rural-urban,rural,1585,"{""sample_routes"":{""date"":""2026-07-01"",""run_id"":""fcdac6b517fa4767ae7de180abf96bfe""},""join_samples"":{""date"":""2026-07-02"",""run_id"":""9e4e33f802cb4dde8190122e3fffbfbb""},""upload_data"":{""date"":""2026-07-02"",""run_id"":""e9518277e225485f801d89bd8a4f89fc""}}"
340,340,"25.002610800000003 , 55.35601990000001","25.181862300000002 , 55.35658050000001",rural-urban,rural,2015,"{""sample_routes"":{""date"":""2026-07-01"",""run_id"":""fcdac6b517fa4767ae7de180abf96bfe""},""join_samples"":{""date"":""2026-07-02"",""run_id"":""9e4e33f802cb4dde8190122e3fffbfbb""},""upload_data"":{""date"":""2026-07-02"",""run_id"":""e9518277e225485f801d89bd8a4f89fc""}}"
341,341,"24.735873100000003 , 54.7425853","24.4445577 , 54.7428856",rural-urban,rural,2016,"{""sample_routes"":{""date"":""2026-07-01"",""run_id"":""fcdac6b517fa4767ae7de180abf96bfe""},""join_samples"":{""date"":""2026-07-02"",""run_id"":""9e4e33f802cb4dde8190122e3fffbfbb""},""upload_data"":{""date"":""2026-07-02"",""run_id"":""e9518277e225485f801d89bd8a4f89fc""}}"
342,342,"25.1631669 , 55.416675700000006","24.976862 , 55.41706430000001",urban-rural,rural,1583,"{""sample_routes"":{""date"":""2026-07-01"",""run_id"":""fcdac6b517fa4767ae7de180abf96bfe""},""join_samples"":{""date"":""2026-07-02"",""run_id"":""9e4e33f802cb4dde8190122e3fffbfbb""},""upload_data"":{""date"":""2026-07-02"",""run_id"":""e9518277e225485f801d89bd8a4f89fc""}}"
343,343,"24.288827100000002 , 54.4642046","24.2890839 , 54.701887500000005",rural-rural,rural,2025,"{""sample_routes"":{""date"":""2026-07-01"",""run_id"":""fcdac6b517fa4767ae7de180abf96bfe""},""join_samples"":{""date"":""2026-07-02"",""run_id"":""9e4e33f802cb4dde8190122e3fffbfbb""},""upload_data"":{""date"":""2026-07-02"",""run_id"":""e9518277e225485f801d89bd8a4f89fc""}}"
344,344,"25.3105356 , 55.4064015","25.0356196 , 55.406846300000005",urban-rural,rural,2025,"{""sample_routes"":{""date"":""2026-07-01"",""run_id"":""fcdac6b517fa4767ae7de180abf96bfe""},""join_samples"":{""date"":""2026-07-02"",""run_id"":""9e4e33f802cb4dde8190122e3fffbfbb""},""upload_data"":{""date"":""2026-07-02"",""run_id"":""e9518277e225485f801d89bd8a4f89fc""}}"
345,345,"24.337358000000002 , 55.7819658","24.337671500000003 , 55.6779743",urban-urban,rural,1575,"{""sample_routes"":{""date"":""2026-07-01"",""run_id"":""fcdac6b517fa4767ae7de180abf96bfe""},""join_samples"":{""date"":""2026-07-02"",""run_id"":""9e4e33f802cb4dde8190122e3fffbfbb""},""upload_data"":{""date"":""2026-07-02"",""run_id"":""e9518277e225485f801d89bd8a4f89fc""}}"
346,346,"25.341337600000003 , 55.595271700000005","25.0606526 , 55.595596",urban-urban,rural,2026,"{""sample_routes"":{""date"":""2026-07-01"",""run_id"":""fcdac6b517fa4767ae7de180abf96bfe""},""join_samples"":{""date"":""2026-07-02"",""run_id"":""9e4e33f802cb4dde8190122e3fffbfbb""},""upload_data"":{""date"":""2026-07-02"",""run_id"":""e9518277e225485f801d89bd8a4f89fc""}}"
347,347,"24.1294077 , 55.8350754","24.266278600000003 , 55.6985997",rural-rural,rural,2026,"{""sample_routes"":{""date"":""2026-07-01"",""run_id"":""fcdac6b517fa4767ae7de180abf96bfe""},""join_samples"":{""date"":""2026-07-02"",""run_id"":""9e4e33f802cb4dde8190122e3fffbfbb""},""upload_data"":{""date"":""2026-07-02"",""run_id"":""e9518277e225485f801d89bd8a4f89fc""}}"
348,348,"24.328169000000003 , 55.653613500000006","24.231245700000002 , 55.556475500000005",urban-urban,rural,2027,"{""sample_routes"":{""date"":""2026-07-01"",""run_id"":""fcdac6b517fa4767ae7de180abf96bfe""},""join_samples"":{""date"":""2026-07-02"",""run_id"":""9e4e33f802cb4dde8190122e3fffbfbb""},""upload_data"":{""date"":""2026-07-02"",""run_id"":""e9518277e225485f801d89bd8a4f89fc""}}"
349,349,"25.471009300000002 , 56.0854244","25.592047 , 55.9640774",urban-urban,rural,2028,"{""sample_routes"":{""date"":""2026-07-01"",""run_id"":""fcdac6b517fa4767ae7de180abf96bfe""},""join_samples"":{""date"":""2026-07-02"",""run_id"":""9e4e33f802cb4dde8190122e3fffbfbb""},""upload_data"":{""date"":""2026-07-02"",""run_id"":""e9518277e225485f801d89bd8a4f89fc""}}"
350,350,"25.330869800000002 , 55.5998281","25.0324999 , 55.5996801",urban-rural,rural,2028,"{""sample_routes"":{""date"":""2026-07-01"",""run_id"":""fcdac6b517fa4767ae7de180abf96bfe""},""join_samples"":{""date"":""2026-07-02"",""run_id"":""9e4e33f802cb4dde8190122e3fffbfbb""},""upload_data"":{""date"":""2026-07-02"",""run_id"":""e9518277e225485f801d89bd8a4f89fc""}}"
351,351,"24.265798200000003 , 55.7571135","24.6109477 , 55.757132500000004",urban-urban,rural,2028,"{""sample_routes"":{""date"":""2026-07-01"",""run_id"":""fcdac6b517fa4767ae7de180abf96bfe""},""join_samples"":{""date"":""2026-07-02"",""run_id"":""9e4e33f802cb4dde8190122e3fffbfbb""},""upload_data"":{""date"":""2026-07-02"",""run_id"":""e9518277e225485f801d89bd8a4f89fc""}}"
352,352,"24.464995000000002 , 54.6782259","24.685770400000003 , 54.678154400000004",rural-rural,rural,2030,"{""sample_routes"":{""date"":""2026-07-01"",""run_id"":""fcdac6b517fa4767ae7de180abf96bfe""},""join_samples"":{""date"":""2026-07-02"",""run_id"":""9e4e33f802cb4dde8190122e3fffbfbb""},""upload_data"":{""date"":""2026-07-02"",""run_id"":""e9518277e225485f801d89bd8a4f89fc""}}"
353,353,"24.631647 , 55.1399776","24.8626088 , 54.908632600000004",rural-rural,rural,2031,"{""sample_routes"":{""date"":""2026-07-01"",""run_id"":""fcdac6b517fa4767ae7de180abf96bfe""},""join_samples"":{""date"":""2026-07-02"",""run_id"":""9e4e33f802cb4dde8190122e3fffbfbb""},""upload_data"":{""date"":""2026-07-02"",""run_id"":""e9518277e225485f801d89bd8a4f89fc""}}"
354,354,"24.4868479 , 54.3678657","24.4872389 , 54.635759400000005",urban-rural,rural,2031,"{""sample_routes"":{""date"":""2026-07-01"",""run_id"":""fcdac6b517fa4767ae7de180abf96bfe""},""join_samples"":{""date"":""2026-07-02"",""run_id"":""9e4e33f802cb4dde8190122e3fffbfbb""},""upload_data"":{""date"":""2026-07-02"",""run_id"":""e9518277e225485f801d89bd8a4f89fc""}}"
355,355,"24.573906800000003 , 54.747520400000006","24.793213 , 54.966726900000005",rural-rural,rural,2038,"{""sample_routes"":{""date"":""2026-07-01"",""run_id"":""fcdac6b517fa4767ae7de180abf96bfe""},""join_samples"":{""date"":""2026-07-02"",""run_id"":""9e4e33f802cb4dde8190122e3fffbfbb""},""upload_data"":{""date"":""2026-07-02"",""run_id"":""e9518277e225485f801d89bd8a4f89fc""}}"
356,356,"24.194560000000003 , 55.636461800000006","24.1941305 , 55.814165100000004",urban-urban,rural,1562,"{""sample_routes"":{""date"":""2026-07-01"",""run_id"":""fcdac6b517fa4767ae7de180abf96bfe""},""join_samples"":{""date"":""2026-07-02"",""run_id"":""9e4e33f802cb4dde8190122e3fffbfbb""},""upload_data"":{""date"":""2026-07-02"",""run_id"":""e9518277e225485f801d89bd8a4f89fc""}}"
357,357,"25.173650000000002 , 55.557407000000005","25.024474100000003 , 55.5576784",urban-rural,rural,1561,"{""sample_routes"":{""date"":""2026-07-01"",""run_id"":""fcdac6b517fa4767ae7de180abf96bfe""},""join_samples"":{""date"":""2026-07-02"",""run_id"":""9e4e33f802cb4dde8190122e3fffbfbb""},""upload_data"":{""date"":""2026-07-02"",""run_id"":""e9518277e225485f801d89bd8a4f89fc""}}"
358,358,"24.428811200000002 , 54.741345300000006","24.2803082 , 54.740799200000005",urban-rural,rural,2039,"{""sample_routes"":{""date"":""2026-07-01"",""run_id"":""fcdac6b517fa4767ae7de180abf96bfe""},""join_samples"":{""date"":""2026-07-02"",""run_id"":""9e4e33f802cb4dde8190122e3fffbfbb""},""upload_data"":{""date"":""2026-07-02"",""run_id"":""e9518277e225485f801d89bd8a4f89fc""}}"
359,359,"24.467120700000002 , 54.6735102","24.2703178 , 54.673075700000005",rural-rural,rural,2039,"{""sample_routes"":{""date"":""2026-07-01"",""run_id"":""fcdac6b517fa4767ae7de180abf96bfe""},""join_samples"":{""date"":""2026-07-02"",""run_id"":""9e4e33f802cb4dde8190122e3fffbfbb""},""upload_data"":{""date"":""2026-07-02"",""run_id"":""e9518277e225485f801d89bd8a4f89fc""}}"
360,360,"24.314690300000002 , 54.530708800000006","24.3141554 , 54.7244698",rural-rural,rural,2041,"{""sample_routes"":{""date"":""2026-07-01"",""run_id"":""fcdac6b517fa4767ae7de180abf96bfe""},""join_samples"":{""date"":""2026-07-02"",""run_id"":""9e4e33f802cb4dde8190122e3fffbfbb""},""upload_data"":{""date"":""2026-07-02"",""run_id"":""e9518277e225485f801d89bd8a4f89fc""}}"
361,361,"24.1796833 , 55.48299","24.297463200000003 , 55.483526700000006",rural-rural,rural,1555,"{""sample_routes"":{""date"":""2026-07-01"",""run_id"":""fcdac6b517fa4767ae7de180abf96bfe""},""join_samples"":{""date"":""2026-07-02"",""run_id"":""9e4e33f802cb4dde8190122e3fffbfbb""},""upload_data"":{""date"":""2026-07-02"",""run_id"":""e9518277e225485f801d89bd8a4f89fc""}}"
362,362,"24.293436900000003 , 54.720800000000004","24.408434200000002 , 54.6056578",rural-urban,rural,2049,"{""sample_routes"":{""date"":""2026-07-01"",""run_id"":""fcdac6b517fa4767ae7de180abf96bfe""},""join_samples"":{""date"":""2026-07-02"",""run_id"":""9e4e33f802cb4dde8190122e3fffbfbb""},""upload_data"":{""date"":""2026-07-02"",""run_id"":""e9518277e225485f801d89bd8a4f89fc""}}"
363,363,"24.183896700000002 , 55.713648600000006","24.183468400000002 , 55.5304152",urban-urban,rural,1549,"{""sample_routes"":{""date"":""2026-07-01"",""run_id"":""fcdac6b517fa4767ae7de180abf96bfe""},""join_samples"":{""date"":""2026-07-02"",""run_id"":""9e4e33f802cb4dde8190122e3fffbfbb""},""upload_data"":{""date"":""2026-07-02"",""run_id"":""e9518277e225485f801d89bd8a4f89fc""}}"
364,364,"24.0987462 , 55.842906500000005","24.241363200000002 , 55.700093900000006",urban-rural,rural,2052,"{""sample_routes"":{""date"":""2026-07-01"",""run_id"":""fcdac6b517fa4767ae7de180abf96bfe""},""join_samples"":{""date"":""2026-07-02"",""run_id"":""9e4e33f802cb4dde8190122e3fffbfbb""},""upload_data"":{""date"":""2026-07-02"",""run_id"":""e9518277e225485f801d89bd8a4f89fc""}}"
365,365,"25.2651231 , 55.7273629","25.2655342 , 55.3961747",rural-urban,rural,2055,"{""sample_routes"":{""date"":""2026-07-01"",""run_id"":""fcdac6b517fa4767ae7de180abf96bfe""},""join_samples"":{""date"":""2026-07-02"",""run_id"":""9e4e33f802cb4dde8190122e3fffbfbb""},""upload_data"":{""date"":""2026-07-02"",""run_id"":""e9518277e225485f801d89bd8a4f89fc""}}"
366,366,"24.4420132 , 54.4315488","24.4424889 , 54.740359000000005",urban-urban,rural,2056,"{""sample_routes"":{""date"":""2026-07-01"",""run_id"":""fcdac6b517fa4767ae7de180abf96bfe""},""join_samples"":{""date"":""2026-07-02"",""run_id"":""9e4e33f802cb4dde8190122e3fffbfbb""},""upload_data"":{""date"":""2026-07-02"",""run_id"":""e9518277e225485f801d89bd8a4f89fc""}}"
367,367,"25.285663000000003 , 55.83738820000001","25.2860894 , 55.427344100000006",urban-rural,rural,2059,"{""sample_routes"":{""date"":""2026-07-01"",""run_id"":""fcdac6b517fa4767ae7de180abf96bfe""},""join_samples"":{""date"":""2026-07-02"",""run_id"":""9e4e33f802cb4dde8190122e3fffbfbb""},""upload_data"":{""date"":""2026-07-02"",""run_id"":""e9518277e225485f801d89bd8a4f89fc""}}"
368,368,"24.2144343 , 54.732556","24.310292500000003 , 54.732025900000004",rural-rural,rural,2064,"{""sample_routes"":{""date"":""2026-07-01"",""run_id"":""fcdac6b517fa4767ae7de180abf96bfe""},""join_samples"":{""date"":""2026-07-02"",""run_id"":""9e4e33f802cb4dde8190122e3fffbfbb""},""upload_data"":{""date"":""2026-07-02"",""run_id"":""e9518277e225485f801d89bd8a4f89fc""}}"
369,369,"25.251393500000002 , 55.653816000000006","25.4172465 , 55.4875825",urban-rural,rural,2065,"{""sample_routes"":{""date"":""2026-07-01"",""run_id"":""fcdac6b517fa4767ae7de180abf96bfe""},""join_samples"":{""date"":""2026-07-02"",""run_id"":""9e4e33f802cb4dde8190122e3fffbfbb""},""upload_data"":{""date"":""2026-07-02"",""run_id"":""e9518277e225485f801d89bd8a4f89fc""}}"
370,370,"24.533442400000002 , 54.4349793","24.3933214 , 54.5754383",rural-rural,rural,2066,"{""sample_routes"":{""date"":""2026-07-01"",""run_id"":""fcdac6b517fa4767ae7de180abf96bfe""},""join_samples"":{""date"":""2026-07-02"",""run_id"":""9e4e33f802cb4dde8190122e3fffbfbb""},""upload_data"":{""date"":""2026-07-02"",""run_id"":""e9518277e225485f801d89bd8a4f89fc""}}"
371,371,"25.068973500000002 , 55.34983080000001","25.2855916 , 55.3503509",urban-urban,rural,2067,"{""sample_routes"":{""date"":""2026-07-01"",""run_id"":""fcdac6b517fa4767ae7de180abf96bfe""},""join_samples"":{""date"":""2026-07-02"",""run_id"":""9e4e33f802cb4dde8190122e3fffbfbb""},""upload_data"":{""date"":""2026-07-02"",""run_id"":""e9518277e225485f801d89bd8a4f89fc""}}"
372,372,"25.0567989 , 55.589198","25.2677206 , 55.3777929",urban-urban,rural,2068,"{""sample_routes"":{""date"":""2026-07-01"",""run_id"":""fcdac6b517fa4767ae7de180abf96bfe""},""join_samples"":{""date"":""2026-07-02"",""run_id"":""9e4e33f802cb4dde8190122e3fffbfbb""},""upload_data"":{""date"":""2026-07-02"",""run_id"":""e9518277e225485f801d89bd8a4f89fc""}}"
373,373,"24.539804 , 54.4842214","24.3463271 , 54.6777481",rural-rural,rural,2069,"{""sample_routes"":{""date"":""2026-07-01"",""run_id"":""fcdac6b517fa4767ae7de180abf96bfe""},""join_samples"":{""date"":""2026-07-02"",""run_id"":""9e4e33f802cb4dde8190122e3fffbfbb""},""upload_data"":{""date"":""2026-07-02"",""run_id"":""e9518277e225485f801d89bd8a4f89fc""}}"
374,374,"24.9917902 , 56.03942910000001","24.880042000000003 , 56.151493200000004",rural-rural,rural,2070,"{""sample_routes"":{""date"":""2026-07-01"",""run_id"":""fcdac6b517fa4767ae7de180abf96bfe""},""join_samples"":{""date"":""2026-07-02"",""run_id"":""9e4e33f802cb4dde8190122e3fffbfbb""},""upload_data"":{""date"":""2026-07-02"",""run_id"":""e9518277e225485f801d89bd8a4f89fc""}}"
375,0,"24.599543500000003 , 54.8781447","24.5120384 , 54.9665182",rural-urban,urban,2696,"{""sample_routes"":{""date"":""2026-07-01"",""run_id"":""fcdac6b517fa4767ae7de180abf96bfe""},""join_samples"":{""date"":""2026-07-02"",""run_id"":""9e4e33f802cb4dde8190122e3fffbfbb""},""upload_data"":{""date"":""2026-07-02"",""run_id"":""e9518277e225485f801d89bd8a4f89fc""}}"
376,1,"24.507074000000003 , 54.984547000000006","24.6077991 , 54.8846404",urban-rural,urban,2721,"{""sample_routes"":{""date"":""2026-07-01"",""run_id"":""fcdac6b517fa4767ae7de180abf96bfe""},""join_samples"":{""date"":""2026-07-02"",""run_id"":""9e4e33f802cb4dde8190122e3fffbfbb""},""upload_data"":{""date"":""2026-07-02"",""run_id"":""e9518277e225485f801d89bd8a4f89fc""}}"
377,2,"24.5987934 , 54.8838481","24.5180036 , 54.96479780000001",rural-urban,urban,2671,"{""sample_routes"":{""date"":""2026-07-01"",""run_id"":""fcdac6b517fa4767ae7de180abf96bfe""},""join_samples"":{""date"":""2026-07-02"",""run_id"":""9e4e33f802cb4dde8190122e3fffbfbb""},""upload_data"":{""date"":""2026-07-02"",""run_id"":""e9518277e225485f801d89bd8a4f89fc""}}"
378,3,"24.5016032 , 54.9932068","24.6074932 , 54.88689960000001",urban-rural,urban,2732,"{""sample_routes"":{""date"":""2026-07-01"",""run_id"":""fcdac6b517fa4767ae7de180abf96bfe""},""join_samples"":{""date"":""2026-07-02"",""run_id"":""9e4e33f802cb4dde8190122e3fffbfbb""},""upload_data"":{""date"":""2026-07-02"",""run_id"":""e9518277e225485f801d89bd8a4f89fc""}}"
379,4,"24.597936400000002 , 54.8917901","24.521669000000003 , 54.968366200000006",rural-urban,urban,2668,"{""sample_routes"":{""date"":""2026-07-01"",""run_id"":""fcdac6b517fa4767ae7de180abf96bfe""},""join_samples"":{""date"":""2026-07-02"",""run_id"":""9e4e33f802cb4dde8190122e3fffbfbb""},""upload_data"":{""date"":""2026-07-02"",""run_id"":""e9518277e225485f801d89bd8a4f89fc""}}"
380,5,"24.5059542 , 54.9848244","24.6047556 , 54.8864639",urban-rural,urban,2663,"{""sample_routes"":{""date"":""2026-07-01"",""run_id"":""fcdac6b517fa4767ae7de180abf96bfe""},""join_samples"":{""date"":""2026-07-02"",""run_id"":""9e4e33f802cb4dde8190122e3fffbfbb""},""upload_data"":{""date"":""2026-07-02"",""run_id"":""e9518277e225485f801d89bd8a4f89fc""}}"
381,6,"24.5017496 , 54.9845928","24.6056011 , 54.879996600000005",urban-rural,urban,2661,"{""sample_routes"":{""date"":""2026-07-01"",""run_id"":""fcdac6b517fa4767ae7de180abf96bfe""},""join_samples"":{""date"":""2026-07-02"",""run_id"":""9e4e33f802cb4dde8190122e3fffbfbb""},""upload_data"":{""date"":""2026-07-02"",""run_id"":""e9518277e225485f801d89bd8a4f89fc""}}"
382,7,"24.5982336 , 54.8892144","24.5200424 , 54.9667663",rural-urban,urban,2661,"{""sample_routes"":{""date"":""2026-07-01"",""run_id"":""fcdac6b517fa4767ae7de180abf96bfe""},""join_samples"":{""date"":""2026-07-02"",""run_id"":""9e4e33f802cb4dde8190122e3fffbfbb""},""upload_data"":{""date"":""2026-07-02"",""run_id"":""e9518277e225485f801d89bd8a4f89fc""}}"
383,8,"24.5974459 , 54.891074800000005","24.522836 , 54.96547090000001",rural-urban,urban,2660,"{""sample_routes"":{""date"":""2026-07-01"",""run_id"":""fcdac6b517fa4767ae7de180abf96bfe""},""join_samples"":{""date"":""2026-07-02"",""run_id"":""9e4e33f802cb4dde8190122e3fffbfbb""},""upload_data"":{""date"":""2026-07-02"",""run_id"":""e9518277e225485f801d89bd8a4f89fc""}}"
384,9,"24.5018542 , 54.9955664","24.6070403 , 54.890236300000005",urban-rural,urban,2740,"{""sample_routes"":{""date"":""2026-07-01"",""run_id"":""fcdac6b517fa4767ae7de180abf96bfe""},""join_samples"":{""date"":""2026-07-02"",""run_id"":""9e4e33f802cb4dde8190122e3fffbfbb""},""upload_data"":{""date"":""2026-07-02"",""run_id"":""e9518277e225485f801d89bd8a4f89fc""}}"
385,10,"24.597495700000003 , 54.8912283","24.520836900000003 , 54.967500900000005",rural-urban,urban,2659,"{""sample_routes"":{""date"":""2026-07-01"",""run_id"":""fcdac6b517fa4767ae7de180abf96bfe""},""join_samples"":{""date"":""2026-07-02"",""run_id"":""9e4e33f802cb4dde8190122e3fffbfbb""},""upload_data"":{""date"":""2026-07-02"",""run_id"":""e9518277e225485f801d89bd8a4f89fc""}}"
386,11,"24.597424 , 54.891321600000005","24.520836900000003 , 54.967500900000005",rural-urban,urban,2659,"{""sample_routes"":{""date"":""2026-07-01"",""run_id"":""fcdac6b517fa4767ae7de180abf96bfe""},""join_samples"":{""date"":""2026-07-02"",""run_id"":""9e4e33f802cb4dde8190122e3fffbfbb""},""upload_data"":{""date"":""2026-07-02"",""run_id"":""e9518277e225485f801d89bd8a4f89fc""}}"
387,12,"24.5210586 , 54.9699627","24.4182881 , 54.8680905",urban-urban,urban,2659,"{""sample_routes"":{""date"":""2026-07-01"",""run_id"":""fcdac6b517fa4767ae7de180abf96bfe""},""join_samples"":{""date"":""2026-07-02"",""run_id"":""9e4e33f802cb4dde8190122e3fffbfbb""},""upload_data"":{""date"":""2026-07-02"",""run_id"":""e9518277e225485f801d89bd8a4f89fc""}}"
388,13,"24.5973557 , 54.891284000000006","24.520836900000003 , 54.967500900000005",rural-urban,urban,2659,"{""sample_routes"":{""date"":""2026-07-01"",""run_id"":""fcdac6b517fa4767ae7de180abf96bfe""},""join_samples"":{""date"":""2026-07-02"",""run_id"":""9e4e33f802cb4dde8190122e3fffbfbb""},""upload_data"":{""date"":""2026-07-02"",""run_id"":""e9518277e225485f801d89bd8a4f89fc""}}"
389,14,"24.597509300000002 , 54.891330700000005","24.520836900000003 , 54.967500900000005",rural-urban,urban,2659,"{""sample_routes"":{""date"":""2026-07-01"",""run_id"":""fcdac6b517fa4767ae7de180abf96bfe""},""join_samples"":{""date"":""2026-07-02"",""run_id"":""9e4e33f802cb4dde8190122e3fffbfbb""},""upload_data"":{""date"":""2026-07-02"",""run_id"":""e9518277e225485f801d89bd8a4f89fc""}}"
390,15,"24.597476500000003 , 54.891360500000005","24.520836900000003 , 54.967500900000005",rural-urban,urban,2659,"{""sample_routes"":{""date"":""2026-07-01"",""run_id"":""fcdac6b517fa4767ae7de180abf96bfe""},""join_samples"":{""date"":""2026-07-02"",""run_id"":""9e4e33f802cb4dde8190122e3fffbfbb""},""upload_data"":{""date"":""2026-07-02"",""run_id"":""e9518277e225485f801d89bd8a4f89fc""}}"
391,16,"24.597294700000003 , 54.89126520000001","24.520836900000003 , 54.967500900000005",rural-urban,urban,2659,"{""sample_routes"":{""date"":""2026-07-01"",""run_id"":""fcdac6b517fa4767ae7de180abf96bfe""},""join_samples"":{""date"":""2026-07-02"",""run_id"":""9e4e33f802cb4dde8190122e3fffbfbb""},""upload_data"":{""date"":""2026-07-02"",""run_id"":""e9518277e225485f801d89bd8a4f89fc""}}"
392,17,"24.5977406 , 54.891929700000006","24.521493800000002 , 54.9690918",rural-urban,urban,2658,"{""sample_routes"":{""date"":""2026-07-01"",""run_id"":""fcdac6b517fa4767ae7de180abf96bfe""},""join_samples"":{""date"":""2026-07-02"",""run_id"":""9e4e33f802cb4dde8190122e3fffbfbb""},""upload_data"":{""date"":""2026-07-02"",""run_id"":""e9518277e225485f801d89bd8a4f89fc""}}"
393,18,"24.5978332 , 54.8916552","24.521617000000003 , 54.9687538",rural-urban,urban,2653,"{""sample_routes"":{""date"":""2026-07-01"",""run_id"":""fcdac6b517fa4767ae7de180abf96bfe""},""join_samples"":{""date"":""2026-07-02"",""run_id"":""9e4e33f802cb4dde8190122e3fffbfbb""},""upload_data"":{""date"":""2026-07-02"",""run_id"":""e9518277e225485f801d89bd8a4f89fc""}}"
394,19,"24.597720600000002 , 54.891744","24.521344300000003 , 54.9679791",rural-urban,urban,2652,"{""sample_routes"":{""date"":""2026-07-01"",""run_id"":""fcdac6b517fa4767ae7de180abf96bfe""},""join_samples"":{""date"":""2026-07-02"",""run_id"":""9e4e33f802cb4dde8190122e3fffbfbb""},""upload_data"":{""date"":""2026-07-02"",""run_id"":""e9518277e225485f801d89bd8a4f89fc""}}"
395,20,"24.597736400000002 , 54.891836100000006","24.521344300000003 , 54.9679791",rural-urban,urban,2652,"{""sample_routes"":{""date"":""2026-07-01"",""run_id"":""fcdac6b517fa4767ae7de180abf96bfe""},""join_samples"":{""date"":""2026-07-02"",""run_id"":""9e4e33f802cb4dde8190122e3fffbfbb""},""upload_data"":{""date"":""2026-07-02"",""run_id"":""e9518277e225485f801d89bd8a4f89fc""}}"
396,21,"24.409977100000003 , 54.8782554","24.5124628 , 54.9799219",urban-urban,urban,2748,"{""sample_routes"":{""date"":""2026-07-01"",""run_id"":""fcdac6b517fa4767ae7de180abf96bfe""},""join_samples"":{""date"":""2026-07-02"",""run_id"":""9e4e33f802cb4dde8190122e3fffbfbb""},""upload_data"":{""date"":""2026-07-02"",""run_id"":""e9518277e225485f801d89bd8a4f89fc""}}"
397,22,"24.597693600000003 , 54.8916551","24.521344300000003 , 54.9679791",rural-urban,urban,2652,"{""sample_routes"":{""date"":""2026-07-01"",""run_id"":""fcdac6b517fa4767ae7de180abf96bfe""},""join_samples"":{""date"":""2026-07-02"",""run_id"":""9e4e33f802cb4dde8190122e3fffbfbb""},""upload_data"":{""date"":""2026-07-02"",""run_id"":""e9518277e225485f801d89bd8a4f89fc""}}"
398,23,"24.5067111 , 54.9846359","24.6014978 , 54.8893555",urban-rural,urban,2652,"{""sample_routes"":{""date"":""2026-07-01"",""run_id"":""fcdac6b517fa4767ae7de180abf96bfe""},""join_samples"":{""date"":""2026-07-02"",""run_id"":""9e4e33f802cb4dde8190122e3fffbfbb""},""upload_data"":{""date"":""2026-07-02"",""run_id"":""e9518277e225485f801d89bd8a4f89fc""}}"
399,24,"24.409876200000003 , 54.8779787","24.5125606 , 54.9798831",urban-urban,urban,2749,"{""sample_routes"":{""date"":""2026-07-01"",""run_id"":""fcdac6b517fa4767ae7de180abf96bfe""},""join_samples"":{""date"":""2026-07-02"",""run_id"":""9e4e33f802cb4dde8190122e3fffbfbb""},""upload_data"":{""date"":""2026-07-02"",""run_id"":""e9518277e225485f801d89bd8a4f89fc""}}"
400,25,"24.5046794 , 54.9706825","24.505522900000003 , 54.748226",urban-rural,urban,2750,"{""sample_routes"":{""date"":""2026-07-01"",""run_id"":""fcdac6b517fa4767ae7de180abf96bfe""},""join_samples"":{""date"":""2026-07-02"",""run_id"":""9e4e33f802cb4dde8190122e3fffbfbb""},""upload_data"":{""date"":""2026-07-02"",""run_id"":""e9518277e225485f801d89bd8a4f89fc""}}"
401,26,"24.5039179 , 54.9853535","24.608369900000003 , 54.880430100000005",urban-rural,urban,2754,"{""sample_routes"":{""date"":""2026-07-01"",""run_id"":""fcdac6b517fa4767ae7de180abf96bfe""},""join_samples"":{""date"":""2026-07-02"",""run_id"":""9e4e33f802cb4dde8190122e3fffbfbb""},""upload_data"":{""date"":""2026-07-02"",""run_id"":""e9518277e225485f801d89bd8a4f89fc""}}"
402,27,"24.5981184 , 54.890775700000006","24.520836900000003 , 54.967500900000005",rural-urban,urban,2642,"{""sample_routes"":{""date"":""2026-07-01"",""run_id"":""fcdac6b517fa4767ae7de180abf96bfe""},""join_samples"":{""date"":""2026-07-02"",""run_id"":""9e4e33f802cb4dde8190122e3fffbfbb""},""upload_data"":{""date"":""2026-07-02"",""run_id"":""e9518277e225485f801d89bd8a4f89fc""}}"
403,28,"24.598069600000002 , 54.890526300000005","24.520836900000003 , 54.967500900000005",rural-urban,urban,2642,"{""sample_routes"":{""date"":""2026-07-01"",""run_id"":""fcdac6b517fa4767ae7de180abf96bfe""},""join_samples"":{""date"":""2026-07-02"",""run_id"":""9e4e33f802cb4dde8190122e3fffbfbb""},""upload_data"":{""date"":""2026-07-02"",""run_id"":""e9518277e225485f801d89bd8a4f89fc""}}"
404,29,"24.5980965 , 54.890708700000005","24.520836900000003 , 54.967500900000005",rural-urban,urban,2642,"{""sample_routes"":{""date"":""2026-07-01"",""run_id"":""fcdac6b517fa4767ae7de180abf96bfe""},""join_samples"":{""date"":""2026-07-02"",""run_id"":""9e4e33f802cb4dde8190122e3fffbfbb""},""upload_data"":{""date"":""2026-07-02"",""run_id"":""e9518277e225485f801d89bd8a4f89fc""}}"
405,30,"24.598076900000002 , 54.8904136","24.520836900000003 , 54.967500900000005",rural-urban,urban,2642,"{""sample_routes"":{""date"":""2026-07-01"",""run_id"":""fcdac6b517fa4767ae7de180abf96bfe""},""join_samples"":{""date"":""2026-07-02"",""run_id"":""9e4e33f802cb4dde8190122e3fffbfbb""},""upload_data"":{""date"":""2026-07-02"",""run_id"":""e9518277e225485f801d89bd8a4f89fc""}}"
406,31,"24.598076900000002 , 54.8906228","24.520836900000003 , 54.967500900000005",rural-urban,urban,2642,"{""sample_routes"":{""date"":""2026-07-01"",""run_id"":""fcdac6b517fa4767ae7de180abf96bfe""},""join_samples"":{""date"":""2026-07-02"",""run_id"":""9e4e33f802cb4dde8190122e3fffbfbb""},""upload_data"":{""date"":""2026-07-02"",""run_id"":""e9518277e225485f801d89bd8a4f89fc""}}"
407,32,"24.6019352 , 54.886014900000006","24.520836900000003 , 54.967500900000005",rural-urban,urban,2760,"{""sample_routes"":{""date"":""2026-07-01"",""run_id"":""fcdac6b517fa4767ae7de180abf96bfe""},""join_samples"":{""date"":""2026-07-02"",""run_id"":""9e4e33f802cb4dde8190122e3fffbfbb""},""upload_data"":{""date"":""2026-07-02"",""run_id"":""e9518277e225485f801d89bd8a4f89fc""}}"
408,33,"24.516658800000002 , 55.0357859","24.5165115 , 54.775012700000005",rural-urban,urban,2762,"{""sample_routes"":{""date"":""2026-07-01"",""run_id"":""fcdac6b517fa4767ae7de180abf96bfe""},""join_samples"":{""date"":""2026-07-02"",""run_id"":""9e4e33f802cb4dde8190122e3fffbfbb""},""upload_data"":{""date"":""2026-07-02"",""run_id"":""e9518277e225485f801d89bd8a4f89fc""}}"
409,34,"24.5975335 , 54.8910269","24.520836900000003 , 54.967500900000005",rural-urban,urban,2638,"{""sample_routes"":{""date"":""2026-07-01"",""run_id"":""fcdac6b517fa4767ae7de180abf96bfe""},""join_samples"":{""date"":""2026-07-02"",""run_id"":""9e4e33f802cb4dde8190122e3fffbfbb""},""upload_data"":{""date"":""2026-07-02"",""run_id"":""e9518277e225485f801d89bd8a4f89fc""}}"
410,35,"24.597503900000003 , 54.891125200000005","24.520836900000003 , 54.967500900000005",rural-urban,urban,2638,"{""sample_routes"":{""date"":""2026-07-01"",""run_id"":""fcdac6b517fa4767ae7de180abf96bfe""},""join_samples"":{""date"":""2026-07-02"",""run_id"":""9e4e33f802cb4dde8190122e3fffbfbb""},""upload_data"":{""date"":""2026-07-02"",""run_id"":""e9518277e225485f801d89bd8a4f89fc""}}"
411,36,"24.597733100000003 , 54.8920231","24.521421 , 54.9692371",rural-urban,urban,2764,"{""sample_routes"":{""date"":""2026-07-01"",""run_id"":""fcdac6b517fa4767ae7de180abf96bfe""},""join_samples"":{""date"":""2026-07-02"",""run_id"":""9e4e33f802cb4dde8190122e3fffbfbb""},""upload_data"":{""date"":""2026-07-02"",""run_id"":""e9518277e225485f801d89bd8a4f89fc""}}"
412,37,"24.521284400000003 , 54.96950270000001","24.4184404 , 54.8669328",urban-urban,urban,2634,"{""sample_routes"":{""date"":""2026-07-01"",""run_id"":""fcdac6b517fa4767ae7de180abf96bfe""},""join_samples"":{""date"":""2026-07-02"",""run_id"":""9e4e33f802cb4dde8190122e3fffbfbb""},""upload_data"":{""date"":""2026-07-02"",""run_id"":""e9518277e225485f801d89bd8a4f89fc""}}"
413,38,"24.5972191 , 54.8912545","24.520836900000003 , 54.967500900000005",rural-urban,urban,2631,"{""sample_routes"":{""date"":""2026-07-01"",""run_id"":""fcdac6b517fa4767ae7de180abf96bfe""},""join_samples"":{""date"":""2026-07-02"",""run_id"":""9e4e33f802cb4dde8190122e3fffbfbb""},""upload_data"":{""date"":""2026-07-02"",""run_id"":""e9518277e225485f801d89bd8a4f89fc""}}"
414,39,"24.597124 , 54.891251800000006","24.520836900000003 , 54.967500900000005",rural-urban,urban,2631,"{""sample_routes"":{""date"":""2026-07-01"",""run_id"":""fcdac6b517fa4767ae7de180abf96bfe""},""join_samples"":{""date"":""2026-07-02"",""run_id"":""9e4e33f802cb4dde8190122e3fffbfbb""},""upload_data"":{""date"":""2026-07-02"",""run_id"":""e9518277e225485f801d89bd8a4f89fc""}}"
415,40,"24.6043197 , 54.8897982","24.5100452 , 54.983189800000005",rural-urban,urban,2792,"{""sample_routes"":{""date"":""2026-07-01"",""run_id"":""fcdac6b517fa4767ae7de180abf96bfe""},""join_samples"":{""date"":""2026-07-02"",""run_id"":""9e4e33f802cb4dde8190122e3fffbfbb""},""upload_data"":{""date"":""2026-07-02"",""run_id"":""e9518277e225485f801d89bd8a4f89fc""}}"
416,41,"24.5019302 , 54.9955736","24.610339600000003 , 54.8873527",urban-rural,urban,2800,"{""sample_routes"":{""date"":""2026-07-01"",""run_id"":""fcdac6b517fa4767ae7de180abf96bfe""},""join_samples"":{""date"":""2026-07-02"",""run_id"":""9e4e33f802cb4dde8190122e3fffbfbb""},""upload_data"":{""date"":""2026-07-02"",""run_id"":""e9518277e225485f801d89bd8a4f89fc""}}"
417,42,"24.502445 , 54.985682100000005","24.6019352 , 54.886014900000006",urban-rural,urban,2583,"{""sample_routes"":{""date"":""2026-07-01"",""run_id"":""fcdac6b517fa4767ae7de180abf96bfe""},""join_samples"":{""date"":""2026-07-02"",""run_id"":""9e4e33f802cb4dde8190122e3fffbfbb""},""upload_data"":{""date"":""2026-07-02"",""run_id"":""e9518277e225485f801d89bd8a4f89fc""}}"
418,43,"24.520464200000003 , 54.970721600000005","24.4188954 , 54.869376700000004",urban-urban,urban,2583,"{""sample_routes"":{""date"":""2026-07-01"",""run_id"":""fcdac6b517fa4767ae7de180abf96bfe""},""join_samples"":{""date"":""2026-07-02"",""run_id"":""9e4e33f802cb4dde8190122e3fffbfbb""},""upload_data"":{""date"":""2026-07-02"",""run_id"":""e9518277e225485f801d89bd8a4f89fc""}}"
419,44,"24.6022307 , 54.883758900000004","24.521666000000003 , 54.964321600000005",rural-urban,urban,2819,"{""sample_routes"":{""date"":""2026-07-01"",""run_id"":""fcdac6b517fa4767ae7de180abf96bfe""},""join_samples"":{""date"":""2026-07-02"",""run_id"":""9e4e33f802cb4dde8190122e3fffbfbb""},""upload_data"":{""date"":""2026-07-02"",""run_id"":""e9518277e225485f801d89bd8a4f89fc""}}"
420,45,"24.508505300000003 , 54.9841509","24.6111964 , 54.880869800000006",urban-rural,urban,2820,"{""sample_routes"":{""date"":""2026-07-01"",""run_id"":""fcdac6b517fa4767ae7de180abf96bfe""},""join_samples"":{""date"":""2026-07-02"",""run_id"":""9e4e33f802cb4dde8190122e3fffbfbb""},""upload_data"":{""date"":""2026-07-02"",""run_id"":""e9518277e225485f801d89bd8a4f89fc""}}"
421,46,"24.597563500000003 , 54.8943682","24.516104100000003 , 54.9760714",rural-urban,urban,2845,"{""sample_routes"":{""date"":""2026-07-01"",""run_id"":""fcdac6b517fa4767ae7de180abf96bfe""},""join_samples"":{""date"":""2026-07-02"",""run_id"":""9e4e33f802cb4dde8190122e3fffbfbb""},""upload_data"":{""date"":""2026-07-02"",""run_id"":""e9518277e225485f801d89bd8a4f89fc""}}"
422,47,"24.600143300000003 , 54.874620900000004","24.5035859 , 54.9706678",rural-urban,urban,2552,"{""sample_routes"":{""date"":""2026-07-01"",""run_id"":""fcdac6b517fa4767ae7de180abf96bfe""},""join_samples"":{""date"":""2026-07-02"",""run_id"":""9e4e33f802cb4dde8190122e3fffbfbb""},""upload_data"":{""date"":""2026-07-02"",""run_id"":""e9518277e225485f801d89bd8a4f89fc""}}"
423,48,"24.510619400000003 , 54.7472639","24.511439300000003 , 54.966942200000005",rural-urban,urban,2854,"{""sample_routes"":{""date"":""2026-07-01"",""run_id"":""fcdac6b517fa4767ae7de180abf96bfe""},""join_samples"":{""date"":""2026-07-02"",""run_id"":""9e4e33f802cb4dde8190122e3fffbfbb""},""upload_data"":{""date"":""2026-07-02"",""run_id"":""e9518277e225485f801d89bd8a4f89fc""}}"
424,49,"24.5034981 , 54.7486989","24.502592800000002 , 54.9367086",rural-urban,urban,2543,"{""sample_routes"":{""date"":""2026-07-01"",""run_id"":""fcdac6b517fa4767ae7de180abf96bfe""},""join_samples"":{""date"":""2026-07-02"",""run_id"":""9e4e33f802cb4dde8190122e3fffbfbb""},""upload_data"":{""date"":""2026-07-02"",""run_id"":""e9518277e225485f801d89bd8a4f89fc""}}"
425,50,"24.501599300000002 , 54.995007","24.6137179 , 54.883616100000005",urban-rural,urban,2867,"{""sample_routes"":{""date"":""2026-07-01"",""run_id"":""fcdac6b517fa4767ae7de180abf96bfe""},""join_samples"":{""date"":""2026-07-02"",""run_id"":""9e4e33f802cb4dde8190122e3fffbfbb""},""upload_data"":{""date"":""2026-07-02"",""run_id"":""e9518277e225485f801d89bd8a4f89fc""}}"
426,51,"24.5084793 , 54.9840596","24.597349100000002 , 54.894970900000004",urban-rural,urban,2533,"{""sample_routes"":{""date"":""2026-07-01"",""run_id"":""fcdac6b517fa4767ae7de180abf96bfe""},""join_samples"":{""date"":""2026-07-02"",""run_id"":""9e4e33f802cb4dde8190122e3fffbfbb""},""upload_data"":{""date"":""2026-07-02"",""run_id"":""e9518277e225485f801d89bd8a4f89fc""}}"
427,52,"24.5208927 , 54.970106300000005","24.4172051 , 54.8658294",urban-urban,urban,2532,"{""sample_routes"":{""date"":""2026-07-01"",""run_id"":""fcdac6b517fa4767ae7de180abf96bfe""},""join_samples"":{""date"":""2026-07-02"",""run_id"":""9e4e33f802cb4dde8190122e3fffbfbb""},""upload_data"":{""date"":""2026-07-02"",""run_id"":""e9518277e225485f801d89bd8a4f89fc""}}"
428,53,"24.5057699 , 54.98486990000001","24.5974973 , 54.893784600000004",urban-rural,urban,2510,"{""sample_routes"":{""date"":""2026-07-01"",""run_id"":""fcdac6b517fa4767ae7de180abf96bfe""},""join_samples"":{""date"":""2026-07-02"",""run_id"":""9e4e33f802cb4dde8190122e3fffbfbb""},""upload_data"":{""date"":""2026-07-02"",""run_id"":""e9518277e225485f801d89bd8a4f89fc""}}"
429,54,"24.5040678 , 54.985297300000006","24.5975335 , 54.8910269",urban-rural,urban,2509,"{""sample_routes"":{""date"":""2026-07-01"",""run_id"":""fcdac6b517fa4767ae7de180abf96bfe""},""join_samples"":{""date"":""2026-07-02"",""run_id"":""9e4e33f802cb4dde8190122e3fffbfbb""},""upload_data"":{""date"":""2026-07-02"",""run_id"":""e9518277e225485f801d89bd8a4f89fc""}}"
430,55,"24.503988600000003 , 54.9853481","24.5975335 , 54.8910269",urban-rural,urban,2509,"{""sample_routes"":{""date"":""2026-07-01"",""run_id"":""fcdac6b517fa4767ae7de180abf96bfe""},""join_samples"":{""date"":""2026-07-02"",""run_id"":""9e4e33f802cb4dde8190122e3fffbfbb""},""upload_data"":{""date"":""2026-07-02"",""run_id"":""e9518277e225485f801d89bd8a4f89fc""}}"
431,56,"24.504048500000003 , 54.9853548","24.5975335 , 54.8910269",urban-rural,urban,2509,"{""sample_routes"":{""date"":""2026-07-01"",""run_id"":""fcdac6b517fa4767ae7de180abf96bfe""},""join_samples"":{""date"":""2026-07-02"",""run_id"":""9e4e33f802cb4dde8190122e3fffbfbb""},""upload_data"":{""date"":""2026-07-02"",""run_id"":""e9518277e225485f801d89bd8a4f89fc""}}"
432,57,"24.503356500000002 , 54.9855037","24.5975335 , 54.8910269",urban-rural,urban,2509,"{""sample_routes"":{""date"":""2026-07-01"",""run_id"":""fcdac6b517fa4767ae7de180abf96bfe""},""join_samples"":{""date"":""2026-07-02"",""run_id"":""9e4e33f802cb4dde8190122e3fffbfbb""},""upload_data"":{""date"":""2026-07-02"",""run_id"":""e9518277e225485f801d89bd8a4f89fc""}}"
433,58,"24.505060500000003 , 54.985084","24.597978 , 54.891713",urban-rural,urban,2508,"{""sample_routes"":{""date"":""2026-07-01"",""run_id"":""fcdac6b517fa4767ae7de180abf96bfe""},""join_samples"":{""date"":""2026-07-02"",""run_id"":""9e4e33f802cb4dde8190122e3fffbfbb""},""upload_data"":{""date"":""2026-07-02"",""run_id"":""e9518277e225485f801d89bd8a4f89fc""}}"
434,59,"24.5114264 , 54.9674575","24.4112486 , 54.867318600000004",urban-urban,urban,2505,"{""sample_routes"":{""date"":""2026-07-01"",""run_id"":""fcdac6b517fa4767ae7de180abf96bfe""},""join_samples"":{""date"":""2026-07-02"",""run_id"":""9e4e33f802cb4dde8190122e3fffbfbb""},""upload_data"":{""date"":""2026-07-02"",""run_id"":""e9518277e225485f801d89bd8a4f89fc""}}"
435,60,"24.504178000000003 , 54.984818100000005","24.5975335 , 54.8910269",urban-rural,urban,2500,"{""sample_routes"":{""date"":""2026-07-01"",""run_id"":""fcdac6b517fa4767ae7de180abf96bfe""},""join_samples"":{""date"":""2026-07-02"",""run_id"":""9e4e33f802cb4dde8190122e3fffbfbb""},""upload_data"":{""date"":""2026-07-02"",""run_id"":""e9518277e225485f801d89bd8a4f89fc""}}"
436,61,"24.410990100000003 , 54.8692858","24.502221600000002 , 54.9612902",urban-urban,urban,2499,"{""sample_routes"":{""date"":""2026-07-01"",""run_id"":""fcdac6b517fa4767ae7de180abf96bfe""},""join_samples"":{""date"":""2026-07-02"",""run_id"":""9e4e33f802cb4dde8190122e3fffbfbb""},""upload_data"":{""date"":""2026-07-02"",""run_id"":""e9518277e225485f801d89bd8a4f89fc""}}"
437,62,"24.504567100000003 , 54.9852166","24.5981184 , 54.890775700000006",urban-rural,urban,2497,"{""sample_routes"":{""date"":""2026-07-01"",""run_id"":""fcdac6b517fa4767ae7de180abf96bfe""},""join_samples"":{""date"":""2026-07-02"",""run_id"":""9e4e33f802cb4dde8190122e3fffbfbb""},""upload_data"":{""date"":""2026-07-02"",""run_id"":""e9518277e225485f801d89bd8a4f89fc""}}"
438,63,"24.503985200000002 , 54.9834073","24.597950200000003 , 54.8902373",urban-rural,urban,2493,"{""sample_routes"":{""date"":""2026-07-01"",""run_id"":""fcdac6b517fa4767ae7de180abf96bfe""},""join_samples"":{""date"":""2026-07-02"",""run_id"":""9e4e33f802cb4dde8190122e3fffbfbb""},""upload_data"":{""date"":""2026-07-02"",""run_id"":""e9518277e225485f801d89bd8a4f89fc""}}"
439,64,"24.5189057 , 54.965600200000004","24.418591600000003 , 54.865783300000004",urban-urban,urban,2492,"{""sample_routes"":{""date"":""2026-07-01"",""run_id"":""fcdac6b517fa4767ae7de180abf96bfe""},""join_samples"":{""date"":""2026-07-02"",""run_id"":""9e4e33f802cb4dde8190122e3fffbfbb""},""upload_data"":{""date"":""2026-07-02"",""run_id"":""e9518277e225485f801d89bd8a4f89fc""}}"
440,65,"24.504630600000002 , 54.9851898","24.597978 , 54.891713",urban-rural,urban,2486,"{""sample_routes"":{""date"":""2026-07-01"",""run_id"":""fcdac6b517fa4767ae7de180abf96bfe""},""join_samples"":{""date"":""2026-07-02"",""run_id"":""9e4e33f802cb4dde8190122e3fffbfbb""},""upload_data"":{""date"":""2026-07-02"",""run_id"":""e9518277e225485f801d89bd8a4f89fc""}}"
441,66,"24.5189631 , 54.965675000000005","24.4182057 , 54.8657137",urban-urban,urban,2485,"{""sample_routes"":{""date"":""2026-07-01"",""run_id"":""fcdac6b517fa4767ae7de180abf96bfe""},""join_samples"":{""date"":""2026-07-02"",""run_id"":""9e4e33f802cb4dde8190122e3fffbfbb""},""upload_data"":{""date"":""2026-07-02"",""run_id"":""e9518277e225485f801d89bd8a4f89fc""}}"
442,67,"25.024718 , 55.1549057","25.1205719 , 55.1543611",urban-urban,urban,2478,"{""sample_routes"":{""date"":""2026-07-01"",""run_id"":""fcdac6b517fa4767ae7de180abf96bfe""},""join_samples"":{""date"":""2026-07-02"",""run_id"":""9e4e33f802cb4dde8190122e3fffbfbb""},""upload_data"":{""date"":""2026-07-02"",""run_id"":""e9518277e225485f801d89bd8a4f89fc""}}"
443,68,"24.5019828 , 54.985679100000006","24.597382500000002 , 54.891133800000006",urban-rural,urban,2474,"{""sample_routes"":{""date"":""2026-07-01"",""run_id"":""fcdac6b517fa4767ae7de180abf96bfe""},""join_samples"":{""date"":""2026-07-02"",""run_id"":""9e4e33f802cb4dde8190122e3fffbfbb""},""upload_data"":{""date"":""2026-07-02"",""run_id"":""e9518277e225485f801d89bd8a4f89fc""}}"
444,69,"24.501725200000003 , 54.985761100000005","24.597950200000003 , 54.8902373",urban-rural,urban,2472,"{""sample_routes"":{""date"":""2026-07-01"",""run_id"":""fcdac6b517fa4767ae7de180abf96bfe""},""join_samples"":{""date"":""2026-07-02"",""run_id"":""9e4e33f802cb4dde8190122e3fffbfbb""},""upload_data"":{""date"":""2026-07-02"",""run_id"":""e9518277e225485f801d89bd8a4f89fc""}}"
445,70,"24.5018949 , 54.985684400000004","24.597950200000003 , 54.8902373",urban-rural,urban,2469,"{""sample_routes"":{""date"":""2026-07-01"",""run_id"":""fcdac6b517fa4767ae7de180abf96bfe""},""join_samples"":{""date"":""2026-07-02"",""run_id"":""9e4e33f802cb4dde8190122e3fffbfbb""},""upload_data"":{""date"":""2026-07-02"",""run_id"":""e9518277e225485f801d89bd8a4f89fc""}}"
446,71,"24.5191227 , 54.965628","24.418357800000003 , 54.864557600000005",urban-urban,urban,2469,"{""sample_routes"":{""date"":""2026-07-01"",""run_id"":""fcdac6b517fa4767ae7de180abf96bfe""},""join_samples"":{""date"":""2026-07-02"",""run_id"":""9e4e33f802cb4dde8190122e3fffbfbb""},""upload_data"":{""date"":""2026-07-02"",""run_id"":""e9518277e225485f801d89bd8a4f89fc""}}"
447,72,"24.5018339 , 54.9857086","24.597950200000003 , 54.8902373",urban-rural,urban,2469,"{""sample_routes"":{""date"":""2026-07-01"",""run_id"":""fcdac6b517fa4767ae7de180abf96bfe""},""join_samples"":{""date"":""2026-07-02"",""run_id"":""9e4e33f802cb4dde8190122e3fffbfbb""},""upload_data"":{""date"":""2026-07-02"",""run_id"":""e9518277e225485f801d89bd8a4f89fc""}}"
448,73,"24.5076517 , 54.747770800000005","24.5071982 , 54.984413700000005",rural-urban,urban,2942,"{""sample_routes"":{""date"":""2026-07-01"",""run_id"":""fcdac6b517fa4767ae7de180abf96bfe""},""join_samples"":{""date"":""2026-07-02"",""run_id"":""9e4e33f802cb4dde8190122e3fffbfbb""},""upload_data"":{""date"":""2026-07-02"",""run_id"":""e9518277e225485f801d89bd8a4f89fc""}}"
449,74,"24.5154493 , 54.9627556","24.4166406 , 54.8643536",urban-urban,urban,2458,"{""sample_routes"":{""date"":""2026-07-01"",""run_id"":""fcdac6b517fa4767ae7de180abf96bfe""},""join_samples"":{""date"":""2026-07-02"",""run_id"":""9e4e33f802cb4dde8190122e3fffbfbb""},""upload_data"":{""date"":""2026-07-02"",""run_id"":""e9518277e225485f801d89bd8a4f89fc""}}"
450,75,"24.501979900000002 , 54.96794010000001","24.611257400000003 , 54.85868790000001",urban-rural,urban,2454,"{""sample_routes"":{""date"":""2026-07-01"",""run_id"":""fcdac6b517fa4767ae7de180abf96bfe""},""join_samples"":{""date"":""2026-07-02"",""run_id"":""9e4e33f802cb4dde8190122e3fffbfbb""},""upload_data"":{""date"":""2026-07-02"",""run_id"":""e9518277e225485f801d89bd8a4f89fc""}}"
451,76,"24.501945900000003 , 54.970429700000004","24.6241781 , 54.847781100000006",urban-rural,urban,2444,"{""sample_routes"":{""date"":""2026-07-01"",""run_id"":""fcdac6b517fa4767ae7de180abf96bfe""},""join_samples"":{""date"":""2026-07-02"",""run_id"":""9e4e33f802cb4dde8190122e3fffbfbb""},""upload_data"":{""date"":""2026-07-02"",""run_id"":""e9518277e225485f801d89bd8a4f89fc""}}"
452,77,"24.501950700000002 , 54.9703304","24.6175864 , 54.8542476",urban-rural,urban,2444,"{""sample_routes"":{""date"":""2026-07-01"",""run_id"":""fcdac6b517fa4767ae7de180abf96bfe""},""join_samples"":{""date"":""2026-07-02"",""run_id"":""9e4e33f802cb4dde8190122e3fffbfbb""},""upload_data"":{""date"":""2026-07-02"",""run_id"":""e9518277e225485f801d89bd8a4f89fc""}}"
453,78,"24.6039037 , 54.8595819","24.5021865 , 54.9613354",rural-urban,urban,2404,"{""sample_routes"":{""date"":""2026-07-01"",""run_id"":""fcdac6b517fa4767ae7de180abf96bfe""},""join_samples"":{""date"":""2026-07-02"",""run_id"":""9e4e33f802cb4dde8190122e3fffbfbb""},""upload_data"":{""date"":""2026-07-02"",""run_id"":""e9518277e225485f801d89bd8a4f89fc""}}"
454,79,"24.502000300000002 , 54.9669055","24.624662500000003 , 54.84410870000001",urban-rural,urban,2387,"{""sample_routes"":{""date"":""2026-07-01"",""run_id"":""fcdac6b517fa4767ae7de180abf96bfe""},""join_samples"":{""date"":""2026-07-02"",""run_id"":""9e4e33f802cb4dde8190122e3fffbfbb""},""upload_data"":{""date"":""2026-07-02"",""run_id"":""e9518277e225485f801d89bd8a4f89fc""}}"
455,80,"24.522092500000003 , 54.746691600000005","24.521421 , 54.9692371",rural-urban,urban,3028,"{""sample_routes"":{""date"":""2026-07-01"",""run_id"":""fcdac6b517fa4767ae7de180abf96bfe""},""join_samples"":{""date"":""2026-07-02"",""run_id"":""9e4e33f802cb4dde8190122e3fffbfbb""},""upload_data"":{""date"":""2026-07-02"",""run_id"":""e9518277e225485f801d89bd8a4f89fc""}}"
456,81,"24.5990129 , 54.926031200000004","24.495019000000003 , 54.925406300000006",rural-urban,urban,2334,"{""sample_routes"":{""date"":""2026-07-01"",""run_id"":""fcdac6b517fa4767ae7de180abf96bfe""},""join_samples"":{""date"":""2026-07-02"",""run_id"":""9e4e33f802cb4dde8190122e3fffbfbb""},""upload_data"":{""date"":""2026-07-02"",""run_id"":""e9518277e225485f801d89bd8a4f89fc""}}"
457,82,"24.598382 , 54.92031540000001","24.5014711 , 54.9200426",rural-urban,urban,2316,"{""sample_routes"":{""date"":""2026-07-01"",""run_id"":""fcdac6b517fa4767ae7de180abf96bfe""},""join_samples"":{""date"":""2026-07-02"",""run_id"":""9e4e33f802cb4dde8190122e3fffbfbb""},""upload_data"":{""date"":""2026-07-02"",""run_id"":""e9518277e225485f801d89bd8a4f89fc""}}"
458,83,"24.6034231 , 54.863262600000006","24.502143 , 54.9651471",rural-urban,urban,2272,"{""sample_routes"":{""date"":""2026-07-01"",""run_id"":""fcdac6b517fa4767ae7de180abf96bfe""},""join_samples"":{""date"":""2026-07-02"",""run_id"":""9e4e33f802cb4dde8190122e3fffbfbb""},""upload_data"":{""date"":""2026-07-02"",""run_id"":""e9518277e225485f801d89bd8a4f89fc""}}"
459,84,"24.4877323 , 54.880250000000004","24.6111964 , 54.880869800000006",urban-rural,urban,2253,"{""sample_routes"":{""date"":""2026-07-01"",""run_id"":""fcdac6b517fa4767ae7de180abf96bfe""},""join_samples"":{""date"":""2026-07-02"",""run_id"":""9e4e33f802cb4dde8190122e3fffbfbb""},""upload_data"":{""date"":""2026-07-02"",""run_id"":""e9518277e225485f801d89bd8a4f89fc""}}"
460,85,"24.5137602 , 54.746896400000004","24.5136761 , 54.906228500000005",rural-urban,urban,2245,"{""sample_routes"":{""date"":""2026-07-01"",""run_id"":""fcdac6b517fa4767ae7de180abf96bfe""},""join_samples"":{""date"":""2026-07-02"",""run_id"":""9e4e33f802cb4dde8190122e3fffbfbb""},""upload_data"":{""date"":""2026-07-02"",""run_id"":""e9518277e225485f801d89bd8a4f89fc""}}"
461,86,"24.487529700000003 , 54.879852500000005","24.608369900000003 , 54.880430100000005",urban-rural,urban,2209,"{""sample_routes"":{""date"":""2026-07-01"",""run_id"":""fcdac6b517fa4767ae7de180abf96bfe""},""join_samples"":{""date"":""2026-07-02"",""run_id"":""9e4e33f802cb4dde8190122e3fffbfbb""},""upload_data"":{""date"":""2026-07-02"",""run_id"":""e9518277e225485f801d89bd8a4f89fc""}}"
462,87,"24.4749383 , 55.2176714","24.550741300000002 , 55.217928900000004",urban-rural,urban,2185,"{""sample_routes"":{""date"":""2026-07-01"",""run_id"":""fcdac6b517fa4767ae7de180abf96bfe""},""join_samples"":{""date"":""2026-07-02"",""run_id"":""9e4e33f802cb4dde8190122e3fffbfbb""},""upload_data"":{""date"":""2026-07-02"",""run_id"":""e9518277e225485f801d89bd8a4f89fc""}}"
463,88,"25.0688362 , 55.208125800000005","25.1216362 , 55.1546109",urban-urban,urban,2177,"{""sample_routes"":{""date"":""2026-07-01"",""run_id"":""fcdac6b517fa4767ae7de180abf96bfe""},""join_samples"":{""date"":""2026-07-02"",""run_id"":""9e4e33f802cb4dde8190122e3fffbfbb""},""upload_data"":{""date"":""2026-07-02"",""run_id"":""e9518277e225485f801d89bd8a4f89fc""}}"
464,89,"25.068839800000003 , 55.2078433","25.122035200000003 , 55.154669000000005",urban-urban,urban,2174,"{""sample_routes"":{""date"":""2026-07-01"",""run_id"":""fcdac6b517fa4767ae7de180abf96bfe""},""join_samples"":{""date"":""2026-07-02"",""run_id"":""9e4e33f802cb4dde8190122e3fffbfbb""},""upload_data"":{""date"":""2026-07-02"",""run_id"":""e9518277e225485f801d89bd8a4f89fc""}}"
465,90,"25.0689339 , 55.208163000000006","25.121907500000002 , 55.1546524",urban-urban,urban,2174,"{""sample_routes"":{""date"":""2026-07-01"",""run_id"":""fcdac6b517fa4767ae7de180abf96bfe""},""join_samples"":{""date"":""2026-07-02"",""run_id"":""9e4e33f802cb4dde8190122e3fffbfbb""},""upload_data"":{""date"":""2026-07-02"",""run_id"":""e9518277e225485f801d89bd8a4f89fc""}}"
466,91,"25.0689524 , 55.20787000000001","25.122035200000003 , 55.154669000000005",urban-urban,urban,2174,"{""sample_routes"":{""date"":""2026-07-01"",""run_id"":""fcdac6b517fa4767ae7de180abf96bfe""},""join_samples"":{""date"":""2026-07-02"",""run_id"":""9e4e33f802cb4dde8190122e3fffbfbb""},""upload_data"":{""date"":""2026-07-02"",""run_id"":""e9518277e225485f801d89bd8a4f89fc""}}"
467,92,"25.067412400000002 , 55.210559100000005","25.122419100000002 , 55.154707800000004",urban-urban,urban,2170,"{""sample_routes"":{""date"":""2026-07-01"",""run_id"":""fcdac6b517fa4767ae7de180abf96bfe""},""join_samples"":{""date"":""2026-07-02"",""run_id"":""9e4e33f802cb4dde8190122e3fffbfbb""},""upload_data"":{""date"":""2026-07-02"",""run_id"":""e9518277e225485f801d89bd8a4f89fc""}}"
468,93,"25.0674452 , 55.2104191","25.122291 , 55.1546967",urban-urban,urban,2167,"{""sample_routes"":{""date"":""2026-07-01"",""run_id"":""fcdac6b517fa4767ae7de180abf96bfe""},""join_samples"":{""date"":""2026-07-02"",""run_id"":""9e4e33f802cb4dde8190122e3fffbfbb""},""upload_data"":{""date"":""2026-07-02"",""run_id"":""e9518277e225485f801d89bd8a4f89fc""}}"
469,94,"24.476832700000003 , 55.2059836","24.545132300000002 , 55.20571940000001",rural-urban,urban,2166,"{""sample_routes"":{""date"":""2026-07-01"",""run_id"":""fcdac6b517fa4767ae7de180abf96bfe""},""join_samples"":{""date"":""2026-07-02"",""run_id"":""9e4e33f802cb4dde8190122e3fffbfbb""},""upload_data"":{""date"":""2026-07-02"",""run_id"":""e9518277e225485f801d89bd8a4f89fc""}}"
470,95,"25.067563300000003 , 55.2104471","25.122419100000002 , 55.154707800000004",urban-urban,urban,2165,"{""sample_routes"":{""date"":""2026-07-01"",""run_id"":""fcdac6b517fa4767ae7de180abf96bfe""},""join_samples"":{""date"":""2026-07-02"",""run_id"":""9e4e33f802cb4dde8190122e3fffbfbb""},""upload_data"":{""date"":""2026-07-02"",""run_id"":""e9518277e225485f801d89bd8a4f89fc""}}"
471,96,"25.0676467 , 55.2105358","25.122695800000002 , 55.1547094",urban-urban,urban,2165,"{""sample_routes"":{""date"":""2026-07-01"",""run_id"":""fcdac6b517fa4767ae7de180abf96bfe""},""join_samples"":{""date"":""2026-07-02"",""run_id"":""9e4e33f802cb4dde8190122e3fffbfbb""},""upload_data"":{""date"":""2026-07-02"",""run_id"":""e9518277e225485f801d89bd8a4f89fc""}}"
472,97,"25.0698086 , 55.208905900000005","25.124198200000002 , 55.1547509",urban-urban,urban,2149,"{""sample_routes"":{""date"":""2026-07-01"",""run_id"":""fcdac6b517fa4767ae7de180abf96bfe""},""join_samples"":{""date"":""2026-07-02"",""run_id"":""9e4e33f802cb4dde8190122e3fffbfbb""},""upload_data"":{""date"":""2026-07-02"",""run_id"":""e9518277e225485f801d89bd8a4f89fc""}}"
473,98,"25.030901200000002 , 55.1539092","25.1205523 , 55.154251200000004",urban-urban,urban,2147,"{""sample_routes"":{""date"":""2026-07-01"",""run_id"":""fcdac6b517fa4767ae7de180abf96bfe""},""join_samples"":{""date"":""2026-07-02"",""run_id"":""9e4e33f802cb4dde8190122e3fffbfbb""},""upload_data"":{""date"":""2026-07-02"",""run_id"":""e9518277e225485f801d89bd8a4f89fc""}}"
474,99,"24.4833749 , 54.8791336","24.6056011 , 54.879996600000005",urban-rural,urban,2133,"{""sample_routes"":{""date"":""2026-07-01"",""run_id"":""fcdac6b517fa4767ae7de180abf96bfe""},""join_samples"":{""date"":""2026-07-02"",""run_id"":""9e4e33f802cb4dde8190122e3fffbfbb""},""upload_data"":{""date"":""2026-07-02"",""run_id"":""e9518277e225485f801d89bd8a4f89fc""}}"
475,100,"24.4774454 , 55.215308400000005","24.5528036 , 55.214990500000006",urban-rural,urban,2126,"{""sample_routes"":{""date"":""2026-07-01"",""run_id"":""fcdac6b517fa4767ae7de180abf96bfe""},""join_samples"":{""date"":""2026-07-02"",""run_id"":""9e4e33f802cb4dde8190122e3fffbfbb""},""upload_data"":{""date"":""2026-07-02"",""run_id"":""e9518277e225485f801d89bd8a4f89fc""}}"
476,101,"25.122465400000003 , 55.24340960000001","25.1216362 , 55.1546109",urban-urban,urban,2124,"{""sample_routes"":{""date"":""2026-07-01"",""run_id"":""fcdac6b517fa4767ae7de180abf96bfe""},""join_samples"":{""date"":""2026-07-02"",""run_id"":""9e4e33f802cb4dde8190122e3fffbfbb""},""upload_data"":{""date"":""2026-07-02"",""run_id"":""e9518277e225485f801d89bd8a4f89fc""}}"
477,102,"25.045151800000003 , 55.231191700000004","25.121293700000003 , 55.15455540000001",urban-urban,urban,2105,"{""sample_routes"":{""date"":""2026-07-01"",""run_id"":""fcdac6b517fa4767ae7de180abf96bfe""},""join_samples"":{""date"":""2026-07-02"",""run_id"":""9e4e33f802cb4dde8190122e3fffbfbb""},""upload_data"":{""date"":""2026-07-02"",""run_id"":""e9518277e225485f801d89bd8a4f89fc""}}"
478,103,"24.4727071 , 55.208755700000005","24.554136200000002 , 55.2089153",urban-urban,urban,2092,"{""sample_routes"":{""date"":""2026-07-01"",""run_id"":""fcdac6b517fa4767ae7de180abf96bfe""},""join_samples"":{""date"":""2026-07-02"",""run_id"":""9e4e33f802cb4dde8190122e3fffbfbb""},""upload_data"":{""date"":""2026-07-02"",""run_id"":""e9518277e225485f801d89bd8a4f89fc""}}"
479,104,"25.071146600000002 , 55.213930500000004","25.139462 , 55.145590000000006",urban-urban,urban,2090,"{""sample_routes"":{""date"":""2026-07-01"",""run_id"":""fcdac6b517fa4767ae7de180abf96bfe""},""join_samples"":{""date"":""2026-07-02"",""run_id"":""9e4e33f802cb4dde8190122e3fffbfbb""},""upload_data"":{""date"":""2026-07-02"",""run_id"":""e9518277e225485f801d89bd8a4f89fc""}}"
480,105,"24.485430200000003 , 54.8787474","24.602780900000003 , 54.87955650000001",urban-rural,urban,2084,"{""sample_routes"":{""date"":""2026-07-01"",""run_id"":""fcdac6b517fa4767ae7de180abf96bfe""},""join_samples"":{""date"":""2026-07-02"",""run_id"":""9e4e33f802cb4dde8190122e3fffbfbb""},""upload_data"":{""date"":""2026-07-02"",""run_id"":""e9518277e225485f801d89bd8a4f89fc""}}"
481,106,"25.2402295 , 55.428078500000005","25.240941000000003 , 55.642849700000006",urban-urban,urban,2080,"{""sample_routes"":{""date"":""2026-07-01"",""run_id"":""fcdac6b517fa4767ae7de180abf96bfe""},""join_samples"":{""date"":""2026-07-02"",""run_id"":""9e4e33f802cb4dde8190122e3fffbfbb""},""upload_data"":{""date"":""2026-07-02"",""run_id"":""e9518277e225485f801d89bd8a4f89fc""}}"
482,107,"25.069960400000003 , 55.2048836","25.1205719 , 55.1543611",rural-urban,urban,2058,"{""sample_routes"":{""date"":""2026-07-01"",""run_id"":""fcdac6b517fa4767ae7de180abf96bfe""},""join_samples"":{""date"":""2026-07-02"",""run_id"":""9e4e33f802cb4dde8190122e3fffbfbb""},""upload_data"":{""date"":""2026-07-02"",""run_id"":""e9518277e225485f801d89bd8a4f89fc""}}"
483,108,"24.5054154 , 54.7813457","24.6077991 , 54.8846404",urban-rural,urban,2058,"{""sample_routes"":{""date"":""2026-07-01"",""run_id"":""fcdac6b517fa4767ae7de180abf96bfe""},""join_samples"":{""date"":""2026-07-02"",""run_id"":""9e4e33f802cb4dde8190122e3fffbfbb""},""upload_data"":{""date"":""2026-07-02"",""run_id"":""e9518277e225485f801d89bd8a4f89fc""}}"
484,109,"25.0975614 , 55.250978700000005","25.098288800000002 , 55.132318100000006",urban-urban,urban,2056,"{""sample_routes"":{""date"":""2026-07-01"",""run_id"":""fcdac6b517fa4767ae7de180abf96bfe""},""join_samples"":{""date"":""2026-07-02"",""run_id"":""9e4e33f802cb4dde8190122e3fffbfbb""},""upload_data"":{""date"":""2026-07-02"",""run_id"":""e9518277e225485f801d89bd8a4f89fc""}}"
485,110,"25.070329100000002 , 55.204951","25.1205719 , 55.1543611",rural-urban,urban,2055,"{""sample_routes"":{""date"":""2026-07-01"",""run_id"":""fcdac6b517fa4767ae7de180abf96bfe""},""join_samples"":{""date"":""2026-07-02"",""run_id"":""9e4e33f802cb4dde8190122e3fffbfbb""},""upload_data"":{""date"":""2026-07-02"",""run_id"":""e9518277e225485f801d89bd8a4f89fc""}}"
486,111,"25.240076000000002 , 55.426940800000004","25.240471300000003 , 55.65151770000001",urban-urban,urban,2054,"{""sample_routes"":{""date"":""2026-07-01"",""run_id"":""fcdac6b517fa4767ae7de180abf96bfe""},""join_samples"":{""date"":""2026-07-02"",""run_id"":""9e4e33f802cb4dde8190122e3fffbfbb""},""upload_data"":{""date"":""2026-07-02"",""run_id"":""e9518277e225485f801d89bd8a4f89fc""}}"
487,112,"25.240056900000003 , 55.426957800000004","25.240941000000003 , 55.642849700000006",urban-urban,urban,2052,"{""sample_routes"":{""date"":""2026-07-01"",""run_id"":""fcdac6b517fa4767ae7de180abf96bfe""},""join_samples"":{""date"":""2026-07-02"",""run_id"":""9e4e33f802cb4dde8190122e3fffbfbb""},""upload_data"":{""date"":""2026-07-02"",""run_id"":""e9518277e225485f801d89bd8a4f89fc""}}"
488,113,"24.472418100000002 , 55.215272000000006","24.551590400000002 , 55.215002600000005",urban-urban,urban,2051,"{""sample_routes"":{""date"":""2026-07-01"",""run_id"":""fcdac6b517fa4767ae7de180abf96bfe""},""join_samples"":{""date"":""2026-07-02"",""run_id"":""9e4e33f802cb4dde8190122e3fffbfbb""},""upload_data"":{""date"":""2026-07-02"",""run_id"":""e9518277e225485f801d89bd8a4f89fc""}}"
489,114,"24.551590400000002 , 55.215002600000005","24.472418100000002 , 55.215272000000006",urban-urban,urban,2051,"{""sample_routes"":{""date"":""2026-07-01"",""run_id"":""fcdac6b517fa4767ae7de180abf96bfe""},""join_samples"":{""date"":""2026-07-02"",""run_id"":""9e4e33f802cb4dde8190122e3fffbfbb""},""upload_data"":{""date"":""2026-07-02"",""run_id"":""e9518277e225485f801d89bd8a4f89fc""}}"
490,115,"25.0984802 , 55.2448598","25.0982933 , 55.1322923",urban-urban,urban,2039,"{""sample_routes"":{""date"":""2026-07-01"",""run_id"":""fcdac6b517fa4767ae7de180abf96bfe""},""join_samples"":{""date"":""2026-07-02"",""run_id"":""9e4e33f802cb4dde8190122e3fffbfbb""},""upload_data"":{""date"":""2026-07-02"",""run_id"":""e9518277e225485f801d89bd8a4f89fc""}}"
491,116,"25.067776300000002 , 55.2127556","25.141134400000002 , 55.1395117",urban-urban,urban,2036,"{""sample_routes"":{""date"":""2026-07-01"",""run_id"":""fcdac6b517fa4767ae7de180abf96bfe""},""join_samples"":{""date"":""2026-07-02"",""run_id"":""9e4e33f802cb4dde8190122e3fffbfbb""},""upload_data"":{""date"":""2026-07-02"",""run_id"":""e9518277e225485f801d89bd8a4f89fc""}}"
492,117,"25.067913100000002 , 55.2133905","25.141134400000002 , 55.1395117",urban-urban,urban,2036,"{""sample_routes"":{""date"":""2026-07-01"",""run_id"":""fcdac6b517fa4767ae7de180abf96bfe""},""join_samples"":{""date"":""2026-07-02"",""run_id"":""9e4e33f802cb4dde8190122e3fffbfbb""},""upload_data"":{""date"":""2026-07-02"",""run_id"":""e9518277e225485f801d89bd8a4f89fc""}}"
493,118,"25.0681364 , 55.213361400000004","25.1410364 , 55.140249000000004",urban-urban,urban,2036,"{""sample_routes"":{""date"":""2026-07-01"",""run_id"":""fcdac6b517fa4767ae7de180abf96bfe""},""join_samples"":{""date"":""2026-07-02"",""run_id"":""9e4e33f802cb4dde8190122e3fffbfbb""},""upload_data"":{""date"":""2026-07-02"",""run_id"":""e9518277e225485f801d89bd8a4f89fc""}}"
494,119,"25.0678996 , 55.2130153","25.141134400000002 , 55.1395117",urban-urban,urban,2036,"{""sample_routes"":{""date"":""2026-07-01"",""run_id"":""fcdac6b517fa4767ae7de180abf96bfe""},""join_samples"":{""date"":""2026-07-02"",""run_id"":""9e4e33f802cb4dde8190122e3fffbfbb""},""upload_data"":{""date"":""2026-07-02"",""run_id"":""e9518277e225485f801d89bd8a4f89fc""}}"
495,120,"25.068026200000002 , 55.2133716","25.141134400000002 , 55.1395117",urban-urban,urban,2036,"{""sample_routes"":{""date"":""2026-07-01"",""run_id"":""fcdac6b517fa4767ae7de180abf96bfe""},""join_samples"":{""date"":""2026-07-02"",""run_id"":""9e4e33f802cb4dde8190122e3fffbfbb""},""upload_data"":{""date"":""2026-07-02"",""run_id"":""e9518277e225485f801d89bd8a4f89fc""}}"
496,121,"25.0679017 , 55.212483000000006","25.141134400000002 , 55.1395117",urban-urban,urban,2036,"{""sample_routes"":{""date"":""2026-07-01"",""run_id"":""fcdac6b517fa4767ae7de180abf96bfe""},""join_samples"":{""date"":""2026-07-02"",""run_id"":""9e4e33f802cb4dde8190122e3fffbfbb""},""upload_data"":{""date"":""2026-07-02"",""run_id"":""e9518277e225485f801d89bd8a4f89fc""}}"
497,122,"24.0271855 , 55.86004440000001","24.120665900000002 , 55.954227700000004",urban-urban,urban,2035,"{""sample_routes"":{""date"":""2026-07-01"",""run_id"":""fcdac6b517fa4767ae7de180abf96bfe""},""join_samples"":{""date"":""2026-07-02"",""run_id"":""9e4e33f802cb4dde8190122e3fffbfbb""},""upload_data"":{""date"":""2026-07-02"",""run_id"":""e9518277e225485f801d89bd8a4f89fc""}}"
498,123,"24.4061737 , 54.84019000000001","24.501110200000003 , 54.9352025",rural-urban,urban,2029,"{""sample_routes"":{""date"":""2026-07-01"",""run_id"":""fcdac6b517fa4767ae7de180abf96bfe""},""join_samples"":{""date"":""2026-07-02"",""run_id"":""9e4e33f802cb4dde8190122e3fffbfbb""},""upload_data"":{""date"":""2026-07-02"",""run_id"":""e9518277e225485f801d89bd8a4f89fc""}}"
499,124,"24.5052984 , 54.7839314","24.6074932 , 54.88689960000001",urban-rural,urban,2026,"{""sample_routes"":{""date"":""2026-07-01"",""run_id"":""fcdac6b517fa4767ae7de180abf96bfe""},""join_samples"":{""date"":""2026-07-02"",""run_id"":""9e4e33f802cb4dde8190122e3fffbfbb""},""upload_data"":{""date"":""2026-07-02"",""run_id"":""e9518277e225485f801d89bd8a4f89fc""}}"
500,125,"25.242553400000002 , 56.34446620000001","25.597386500000002 , 56.344057600000006",urban-rural,mixed,2701,"{""sample_routes"":{""date"":""2026-07-01"",""run_id"":""fcdac6b517fa4767ae7de180abf96bfe""},""join_samples"":{""date"":""2026-07-02"",""run_id"":""9e4e33f802cb4dde8190122e3fffbfbb""},""upload_data"":{""date"":""2026-07-02"",""run_id"":""e9518277e225485f801d89bd8a4f89fc""}}"
501,126,"25.3658678 , 55.41950490000001","25.0025441 , 55.0562332",urban-urban,mixed,2691,"{""sample_routes"":{""date"":""2026-07-01"",""run_id"":""fcdac6b517fa4767ae7de180abf96bfe""},""join_samples"":{""date"":""2026-07-02"",""run_id"":""9e4e33f802cb4dde8190122e3fffbfbb""},""upload_data"":{""date"":""2026-07-02"",""run_id"":""e9518277e225485f801d89bd8a4f89fc""}}"
502,127,"24.885306200000002 , 55.1268267","25.0975168 , 55.1275551",rural-urban,mixed,2712,"{""sample_routes"":{""date"":""2026-07-01"",""run_id"":""fcdac6b517fa4767ae7de180abf96bfe""},""join_samples"":{""date"":""2026-07-02"",""run_id"":""9e4e33f802cb4dde8190122e3fffbfbb""},""upload_data"":{""date"":""2026-07-02"",""run_id"":""e9518277e225485f801d89bd8a4f89fc""}}"
503,128,"25.154152900000003 , 56.344165800000006","25.555363900000003 , 56.343598400000005",urban-urban,mixed,2713,"{""sample_routes"":{""date"":""2026-07-01"",""run_id"":""fcdac6b517fa4767ae7de180abf96bfe""},""join_samples"":{""date"":""2026-07-02"",""run_id"":""9e4e33f802cb4dde8190122e3fffbfbb""},""upload_data"":{""date"":""2026-07-02"",""run_id"":""e9518277e225485f801d89bd8a4f89fc""}}"
504,129,"25.0126315 , 55.0933919","25.3910103 , 55.4710632",rural-rural,mixed,2686,"{""sample_routes"":{""date"":""2026-07-01"",""run_id"":""fcdac6b517fa4767ae7de180abf96bfe""},""join_samples"":{""date"":""2026-07-02"",""run_id"":""9e4e33f802cb4dde8190122e3fffbfbb""},""upload_data"":{""date"":""2026-07-02"",""run_id"":""e9518277e225485f801d89bd8a4f89fc""}}"
505,130,"24.835975400000002 , 55.0693427","25.0927843 , 55.325745600000005",urban-urban,mixed,2686,"{""sample_routes"":{""date"":""2026-07-01"",""run_id"":""fcdac6b517fa4767ae7de180abf96bfe""},""join_samples"":{""date"":""2026-07-02"",""run_id"":""9e4e33f802cb4dde8190122e3fffbfbb""},""upload_data"":{""date"":""2026-07-02"",""run_id"":""e9518277e225485f801d89bd8a4f89fc""}}"
506,131,"25.3645889 , 55.48104300000001","25.0404334 , 55.156401",urban-urban,mixed,2684,"{""sample_routes"":{""date"":""2026-07-01"",""run_id"":""fcdac6b517fa4767ae7de180abf96bfe""},""join_samples"":{""date"":""2026-07-02"",""run_id"":""9e4e33f802cb4dde8190122e3fffbfbb""},""upload_data"":{""date"":""2026-07-02"",""run_id"":""e9518277e225485f801d89bd8a4f89fc""}}"
507,132,"25.1692298 , 56.3506495","25.593641100000003 , 56.350402200000005",urban-rural,mixed,2716,"{""sample_routes"":{""date"":""2026-07-01"",""run_id"":""fcdac6b517fa4767ae7de180abf96bfe""},""join_samples"":{""date"":""2026-07-02"",""run_id"":""9e4e33f802cb4dde8190122e3fffbfbb""},""upload_data"":{""date"":""2026-07-02"",""run_id"":""e9518277e225485f801d89bd8a4f89fc""}}"
508,133,"24.060105 , 55.77765410000001","24.0604103 , 55.909739",urban-urban,mixed,2682,"{""sample_routes"":{""date"":""2026-07-01"",""run_id"":""fcdac6b517fa4767ae7de180abf96bfe""},""join_samples"":{""date"":""2026-07-02"",""run_id"":""9e4e33f802cb4dde8190122e3fffbfbb""},""upload_data"":{""date"":""2026-07-02"",""run_id"":""e9518277e225485f801d89bd8a4f89fc""}}"
509,134,"24.5327215 , 54.9063876","24.3837523 , 54.9063822",urban-urban,mixed,2729,"{""sample_routes"":{""date"":""2026-07-01"",""run_id"":""fcdac6b517fa4767ae7de180abf96bfe""},""join_samples"":{""date"":""2026-07-02"",""run_id"":""9e4e33f802cb4dde8190122e3fffbfbb""},""upload_data"":{""date"":""2026-07-02"",""run_id"":""e9518277e225485f801d89bd8a4f89fc""}}"
510,135,"25.022621200000003 , 55.22824550000001","25.3002605 , 55.5060834",urban-urban,mixed,2668,"{""sample_routes"":{""date"":""2026-07-01"",""run_id"":""fcdac6b517fa4767ae7de180abf96bfe""},""join_samples"":{""date"":""2026-07-02"",""run_id"":""9e4e33f802cb4dde8190122e3fffbfbb""},""upload_data"":{""date"":""2026-07-02"",""run_id"":""e9518277e225485f801d89bd8a4f89fc""}}"
511,136,"25.2258342 , 56.355675000000005","25.587570300000003 , 56.355387400000005",rural-urban,mixed,2734,"{""sample_routes"":{""date"":""2026-07-01"",""run_id"":""fcdac6b517fa4767ae7de180abf96bfe""},""join_samples"":{""date"":""2026-07-02"",""run_id"":""9e4e33f802cb4dde8190122e3fffbfbb""},""upload_data"":{""date"":""2026-07-02"",""run_id"":""e9518277e225485f801d89bd8a4f89fc""}}"
512,137,"24.347487100000002 , 54.777839","24.2116486 , 54.642147800000004",urban-urban,mixed,2743,"{""sample_routes"":{""date"":""2026-07-01"",""run_id"":""fcdac6b517fa4767ae7de180abf96bfe""},""join_samples"":{""date"":""2026-07-02"",""run_id"":""9e4e33f802cb4dde8190122e3fffbfbb""},""upload_data"":{""date"":""2026-07-02"",""run_id"":""e9518277e225485f801d89bd8a4f89fc""}}"
513,138,"24.3438778 , 54.7611349","24.3440008 , 54.4730226",urban-urban,mixed,2744,"{""sample_routes"":{""date"":""2026-07-01"",""run_id"":""fcdac6b517fa4767ae7de180abf96bfe""},""join_samples"":{""date"":""2026-07-02"",""run_id"":""9e4e33f802cb4dde8190122e3fffbfbb""},""upload_data"":{""date"":""2026-07-02"",""run_id"":""e9518277e225485f801d89bd8a4f89fc""}}"
514,139,"24.9982967 , 55.37091100000001","25.1605123 , 55.2083074",urban-urban,mixed,2649,"{""sample_routes"":{""date"":""2026-07-01"",""run_id"":""fcdac6b517fa4767ae7de180abf96bfe""},""join_samples"":{""date"":""2026-07-02"",""run_id"":""9e4e33f802cb4dde8190122e3fffbfbb""},""upload_data"":{""date"":""2026-07-02"",""run_id"":""e9518277e225485f801d89bd8a4f89fc""}}"
515,140,"24.323120300000003 , 54.552972600000004","24.323535000000003 , 54.793118500000006",urban-urban,mixed,2648,"{""sample_routes"":{""date"":""2026-07-01"",""run_id"":""fcdac6b517fa4767ae7de180abf96bfe""},""join_samples"":{""date"":""2026-07-02"",""run_id"":""9e4e33f802cb4dde8190122e3fffbfbb""},""upload_data"":{""date"":""2026-07-02"",""run_id"":""e9518277e225485f801d89bd8a4f89fc""}}"
516,141,"24.346933200000002 , 54.760415200000004","24.347085500000002 , 54.472879500000005",urban-urban,mixed,2648,"{""sample_routes"":{""date"":""2026-07-01"",""run_id"":""fcdac6b517fa4767ae7de180abf96bfe""},""join_samples"":{""date"":""2026-07-02"",""run_id"":""9e4e33f802cb4dde8190122e3fffbfbb""},""upload_data"":{""date"":""2026-07-02"",""run_id"":""e9518277e225485f801d89bd8a4f89fc""}}"
517,142,"25.267032200000003 , 55.4570676","25.130837000000003 , 55.321057100000004",urban-urban,mixed,2646,"{""sample_routes"":{""date"":""2026-07-01"",""run_id"":""fcdac6b517fa4767ae7de180abf96bfe""},""join_samples"":{""date"":""2026-07-02"",""run_id"":""9e4e33f802cb4dde8190122e3fffbfbb""},""upload_data"":{""date"":""2026-07-02"",""run_id"":""e9518277e225485f801d89bd8a4f89fc""}}"
518,143,"25.5871752 , 56.2554905","25.334424000000002 , 56.25559380000001",urban-rural,mixed,2755,"{""sample_routes"":{""date"":""2026-07-01"",""run_id"":""fcdac6b517fa4767ae7de180abf96bfe""},""join_samples"":{""date"":""2026-07-02"",""run_id"":""9e4e33f802cb4dde8190122e3fffbfbb""},""upload_data"":{""date"":""2026-07-02"",""run_id"":""e9518277e225485f801d89bd8a4f89fc""}}"
519,144,"24.3337344 , 54.76805160000001","24.2241229 , 54.6584506",urban-urban,mixed,2758,"{""sample_routes"":{""date"":""2026-07-01"",""run_id"":""fcdac6b517fa4767ae7de180abf96bfe""},""join_samples"":{""date"":""2026-07-02"",""run_id"":""9e4e33f802cb4dde8190122e3fffbfbb""},""upload_data"":{""date"":""2026-07-02"",""run_id"":""e9518277e225485f801d89bd8a4f89fc""}}"
520,145,"25.5887506 , 56.257400800000006","25.340802200000002 , 56.2566044",urban-rural,mixed,2641,"{""sample_routes"":{""date"":""2026-07-01"",""run_id"":""fcdac6b517fa4767ae7de180abf96bfe""},""join_samples"":{""date"":""2026-07-02"",""run_id"":""9e4e33f802cb4dde8190122e3fffbfbb""},""upload_data"":{""date"":""2026-07-02"",""run_id"":""e9518277e225485f801d89bd8a4f89fc""}}"
521,146,"25.5906677 , 56.315664000000005","25.266317500000003 , 56.3164707",urban-urban,mixed,2635,"{""sample_routes"":{""date"":""2026-07-01"",""run_id"":""fcdac6b517fa4767ae7de180abf96bfe""},""join_samples"":{""date"":""2026-07-02"",""run_id"":""9e4e33f802cb4dde8190122e3fffbfbb""},""upload_data"":{""date"":""2026-07-02"",""run_id"":""e9518277e225485f801d89bd8a4f89fc""}}"
522,147,"25.1937141 , 55.7437491","25.193465200000002 , 55.3094114",urban-rural,mixed,2771,"{""sample_routes"":{""date"":""2026-07-01"",""run_id"":""fcdac6b517fa4767ae7de180abf96bfe""},""join_samples"":{""date"":""2026-07-02"",""run_id"":""9e4e33f802cb4dde8190122e3fffbfbb""},""upload_data"":{""date"":""2026-07-02"",""run_id"":""e9518277e225485f801d89bd8a4f89fc""}}"
523,148,"24.3309235 , 54.769035800000005","24.485462000000002 , 54.615039800000005",urban-urban,mixed,2627,"{""sample_routes"":{""date"":""2026-07-01"",""run_id"":""fcdac6b517fa4767ae7de180abf96bfe""},""join_samples"":{""date"":""2026-07-02"",""run_id"":""9e4e33f802cb4dde8190122e3fffbfbb""},""upload_data"":{""date"":""2026-07-02"",""run_id"":""e9518277e225485f801d89bd8a4f89fc""}}"
524,149,"24.3263718 , 54.774829000000004","24.485429500000002 , 54.615123800000006",urban-urban,mixed,2776,"{""sample_routes"":{""date"":""2026-07-01"",""run_id"":""fcdac6b517fa4767ae7de180abf96bfe""},""join_samples"":{""date"":""2026-07-02"",""run_id"":""9e4e33f802cb4dde8190122e3fffbfbb""},""upload_data"":{""date"":""2026-07-02"",""run_id"":""e9518277e225485f801d89bd8a4f89fc""}}"
525,150,"24.341621500000002 , 54.7588603","24.341817000000002 , 54.4830345",urban-urban,mixed,2778,"{""sample_routes"":{""date"":""2026-07-01"",""run_id"":""fcdac6b517fa4767ae7de180abf96bfe""},""join_samples"":{""date"":""2026-07-02"",""run_id"":""9e4e33f802cb4dde8190122e3fffbfbb""},""upload_data"":{""date"":""2026-07-02"",""run_id"":""e9518277e225485f801d89bd8a4f89fc""}}"
526,151,"25.049918 , 55.12695050000001","25.429792900000002 , 55.507645800000006",rural-urban,mixed,2783,"{""sample_routes"":{""date"":""2026-07-01"",""run_id"":""fcdac6b517fa4767ae7de180abf96bfe""},""join_samples"":{""date"":""2026-07-02"",""run_id"":""9e4e33f802cb4dde8190122e3fffbfbb""},""upload_data"":{""date"":""2026-07-02"",""run_id"":""e9518277e225485f801d89bd8a4f89fc""}}"
527,152,"25.0581847 , 55.7060236","25.253109000000002 , 55.5110341",rural-urban,mixed,2609,"{""sample_routes"":{""date"":""2026-07-01"",""run_id"":""fcdac6b517fa4767ae7de180abf96bfe""},""join_samples"":{""date"":""2026-07-02"",""run_id"":""9e4e33f802cb4dde8190122e3fffbfbb""},""upload_data"":{""date"":""2026-07-02"",""run_id"":""e9518277e225485f801d89bd8a4f89fc""}}"
528,153,"24.3373822 , 54.7826607","24.512351300000002 , 54.6079839",urban-urban,mixed,2791,"{""sample_routes"":{""date"":""2026-07-01"",""run_id"":""fcdac6b517fa4767ae7de180abf96bfe""},""join_samples"":{""date"":""2026-07-02"",""run_id"":""9e4e33f802cb4dde8190122e3fffbfbb""},""upload_data"":{""date"":""2026-07-02"",""run_id"":""e9518277e225485f801d89bd8a4f89fc""}}"
529,154,"24.8883733 , 56.2898469","25.103664900000002 , 56.2896027",rural-urban,mixed,2606,"{""sample_routes"":{""date"":""2026-07-01"",""run_id"":""fcdac6b517fa4767ae7de180abf96bfe""},""join_samples"":{""date"":""2026-07-02"",""run_id"":""9e4e33f802cb4dde8190122e3fffbfbb""},""upload_data"":{""date"":""2026-07-02"",""run_id"":""e9518277e225485f801d89bd8a4f89fc""}}"
530,155,"24.1034694 , 55.73893330000001","24.102906100000002 , 55.963151200000006",urban-rural,mixed,2601,"{""sample_routes"":{""date"":""2026-07-01"",""run_id"":""fcdac6b517fa4767ae7de180abf96bfe""},""join_samples"":{""date"":""2026-07-02"",""run_id"":""9e4e33f802cb4dde8190122e3fffbfbb""},""upload_data"":{""date"":""2026-07-02"",""run_id"":""e9518277e225485f801d89bd8a4f89fc""}}"
531,156,"25.498028700000003 , 55.576078200000005","25.4987658 , 55.7557386",urban-urban,mixed,2803,"{""sample_routes"":{""date"":""2026-07-01"",""run_id"":""fcdac6b517fa4767ae7de180abf96bfe""},""join_samples"":{""date"":""2026-07-02"",""run_id"":""9e4e33f802cb4dde8190122e3fffbfbb""},""upload_data"":{""date"":""2026-07-02"",""run_id"":""e9518277e225485f801d89bd8a4f89fc""}}"
532,157,"25.199425100000003 , 55.3013112","25.199369 , 55.741683800000004",rural-urban,mixed,2806,"{""sample_routes"":{""date"":""2026-07-01"",""run_id"":""fcdac6b517fa4767ae7de180abf96bfe""},""join_samples"":{""date"":""2026-07-02"",""run_id"":""9e4e33f802cb4dde8190122e3fffbfbb""},""upload_data"":{""date"":""2026-07-02"",""run_id"":""e9518277e225485f801d89bd8a4f89fc""}}"
533,158,"25.259081000000002 , 55.2940947","25.2582431 , 55.65897880000001",urban-urban,mixed,2593,"{""sample_routes"":{""date"":""2026-07-01"",""run_id"":""fcdac6b517fa4767ae7de180abf96bfe""},""join_samples"":{""date"":""2026-07-02"",""run_id"":""9e4e33f802cb4dde8190122e3fffbfbb""},""upload_data"":{""date"":""2026-07-02"",""run_id"":""e9518277e225485f801d89bd8a4f89fc""}}"
534,159,"24.3391215 , 54.785167900000005","24.5110795 , 54.6138692",urban-urban,mixed,2809,"{""sample_routes"":{""date"":""2026-07-01"",""run_id"":""fcdac6b517fa4767ae7de180abf96bfe""},""join_samples"":{""date"":""2026-07-02"",""run_id"":""9e4e33f802cb4dde8190122e3fffbfbb""},""upload_data"":{""date"":""2026-07-02"",""run_id"":""e9518277e225485f801d89bd8a4f89fc""}}"
535,160,"25.6033997 , 56.2694327","25.3471809 , 56.268919000000004",urban-rural,mixed,2588,"{""sample_routes"":{""date"":""2026-07-01"",""run_id"":""fcdac6b517fa4767ae7de180abf96bfe""},""join_samples"":{""date"":""2026-07-02"",""run_id"":""9e4e33f802cb4dde8190122e3fffbfbb""},""upload_data"":{""date"":""2026-07-02"",""run_id"":""e9518277e225485f801d89bd8a4f89fc""}}"
536,161,"24.262833800000003 , 54.8387218","24.375616200000003 , 54.7259922",rural-urban,mixed,2584,"{""sample_routes"":{""date"":""2026-07-01"",""run_id"":""fcdac6b517fa4767ae7de180abf96bfe""},""join_samples"":{""date"":""2026-07-02"",""run_id"":""9e4e33f802cb4dde8190122e3fffbfbb""},""upload_data"":{""date"":""2026-07-02"",""run_id"":""e9518277e225485f801d89bd8a4f89fc""}}"
537,162,"24.3392513 , 54.7847803","24.511021300000003 , 54.613784200000005",urban-urban,mixed,2823,"{""sample_routes"":{""date"":""2026-07-01"",""run_id"":""fcdac6b517fa4767ae7de180abf96bfe""},""join_samples"":{""date"":""2026-07-02"",""run_id"":""9e4e33f802cb4dde8190122e3fffbfbb""},""upload_data"":{""date"":""2026-07-02"",""run_id"":""e9518277e225485f801d89bd8a4f89fc""}}"
538,163,"25.5873476 , 56.2691852","25.3470827 , 56.269480900000005",urban-rural,mixed,2577,"{""sample_routes"":{""date"":""2026-07-01"",""run_id"":""fcdac6b517fa4767ae7de180abf96bfe""},""join_samples"":{""date"":""2026-07-02"",""run_id"":""9e4e33f802cb4dde8190122e3fffbfbb""},""upload_data"":{""date"":""2026-07-02"",""run_id"":""e9518277e225485f801d89bd8a4f89fc""}}"
539,164,"25.2019702 , 55.8224048","25.380855200000003 , 55.644353200000005",urban-rural,mixed,2571,"{""sample_routes"":{""date"":""2026-07-01"",""run_id"":""fcdac6b517fa4767ae7de180abf96bfe""},""join_samples"":{""date"":""2026-07-02"",""run_id"":""9e4e33f802cb4dde8190122e3fffbfbb""},""upload_data"":{""date"":""2026-07-02"",""run_id"":""e9518277e225485f801d89bd8a4f89fc""}}"
540,165,"25.1418038 , 55.400993400000004","25.1410501 , 55.7496312",urban-urban,mixed,2567,"{""sample_routes"":{""date"":""2026-07-01"",""run_id"":""fcdac6b517fa4767ae7de180abf96bfe""},""join_samples"":{""date"":""2026-07-02"",""run_id"":""9e4e33f802cb4dde8190122e3fffbfbb""},""upload_data"":{""date"":""2026-07-02"",""run_id"":""e9518277e225485f801d89bd8a4f89fc""}}"
541,166,"25.4106594 , 55.5057271","25.187426600000002 , 55.7282748",urban-urban,mixed,2566,"{""sample_routes"":{""date"":""2026-07-01"",""run_id"":""fcdac6b517fa4767ae7de180abf96bfe""},""join_samples"":{""date"":""2026-07-02"",""run_id"":""9e4e33f802cb4dde8190122e3fffbfbb""},""upload_data"":{""date"":""2026-07-02"",""run_id"":""e9518277e225485f801d89bd8a4f89fc""}}"
542,167,"25.2579399 , 55.6561497","25.258456000000002 , 55.297623400000006",urban-urban,mixed,2561,"{""sample_routes"":{""date"":""2026-07-01"",""run_id"":""fcdac6b517fa4767ae7de180abf96bfe""},""join_samples"":{""date"":""2026-07-02"",""run_id"":""9e4e33f802cb4dde8190122e3fffbfbb""},""upload_data"":{""date"":""2026-07-02"",""run_id"":""e9518277e225485f801d89bd8a4f89fc""}}"
543,168,"24.900183000000002 , 56.293612700000004","25.099548900000002 , 56.2942891",rural-urban,mixed,2560,"{""sample_routes"":{""date"":""2026-07-01"",""run_id"":""fcdac6b517fa4767ae7de180abf96bfe""},""join_samples"":{""date"":""2026-07-02"",""run_id"":""9e4e33f802cb4dde8190122e3fffbfbb""},""upload_data"":{""date"":""2026-07-02"",""run_id"":""e9518277e225485f801d89bd8a4f89fc""}}"
544,169,"25.170065700000002 , 55.332375600000006","25.1698877 , 55.739682900000005",urban-rural,mixed,2844,"{""sample_routes"":{""date"":""2026-07-01"",""run_id"":""fcdac6b517fa4767ae7de180abf96bfe""},""join_samples"":{""date"":""2026-07-02"",""run_id"":""9e4e33f802cb4dde8190122e3fffbfbb""},""upload_data"":{""date"":""2026-07-02"",""run_id"":""e9518277e225485f801d89bd8a4f89fc""}}"
545,170,"25.2355513 , 55.6442199","25.2354267 , 55.255710500000006",urban-urban,mixed,2554,"{""sample_routes"":{""date"":""2026-07-01"",""run_id"":""fcdac6b517fa4767ae7de180abf96bfe""},""join_samples"":{""date"":""2026-07-02"",""run_id"":""9e4e33f802cb4dde8190122e3fffbfbb""},""upload_data"":{""date"":""2026-07-02"",""run_id"":""e9518277e225485f801d89bd8a4f89fc""}}"
546,171,"25.2601137 , 55.2961302","25.2594947 , 55.6559475",urban-urban,mixed,2553,"{""sample_routes"":{""date"":""2026-07-01"",""run_id"":""fcdac6b517fa4767ae7de180abf96bfe""},""join_samples"":{""date"":""2026-07-02"",""run_id"":""9e4e33f802cb4dde8190122e3fffbfbb""},""upload_data"":{""date"":""2026-07-02"",""run_id"":""e9518277e225485f801d89bd8a4f89fc""}}"
547,172,"25.6067943 , 56.299548400000006","25.2960244 , 56.299703300000004",urban-rural,mixed,2850,"{""sample_routes"":{""date"":""2026-07-01"",""run_id"":""fcdac6b517fa4767ae7de180abf96bfe""},""join_samples"":{""date"":""2026-07-02"",""run_id"":""9e4e33f802cb4dde8190122e3fffbfbb""},""upload_data"":{""date"":""2026-07-02"",""run_id"":""e9518277e225485f801d89bd8a4f89fc""}}"
548,173,"25.246204900000002 , 55.6803444","25.245417200000002 , 55.256443000000004",urban-urban,mixed,2850,"{""sample_routes"":{""date"":""2026-07-01"",""run_id"":""fcdac6b517fa4767ae7de180abf96bfe""},""join_samples"":{""date"":""2026-07-02"",""run_id"":""9e4e33f802cb4dde8190122e3fffbfbb""},""upload_data"":{""date"":""2026-07-02"",""run_id"":""e9518277e225485f801d89bd8a4f89fc""}}"
549,174,"24.8550614 , 55.356934700000004","25.078028200000002 , 55.1341698",rural-urban,mixed,2858,"{""sample_routes"":{""date"":""2026-07-01"",""run_id"":""fcdac6b517fa4767ae7de180abf96bfe""},""join_samples"":{""date"":""2026-07-02"",""run_id"":""9e4e33f802cb4dde8190122e3fffbfbb""},""upload_data"":{""date"":""2026-07-02"",""run_id"":""e9518277e225485f801d89bd8a4f89fc""}}"
550,175,"24.5064376 , 55.478977900000004","24.5060353 , 55.226249100000004",urban-urban,mixed,2533,"{""sample_routes"":{""date"":""2026-07-01"",""run_id"":""fcdac6b517fa4767ae7de180abf96bfe""},""join_samples"":{""date"":""2026-07-02"",""run_id"":""9e4e33f802cb4dde8190122e3fffbfbb""},""upload_data"":{""date"":""2026-07-02"",""run_id"":""e9518277e225485f801d89bd8a4f89fc""}}"
551,176,"25.265194800000003 , 56.2903085","24.983765700000003 , 56.2911067",rural-rural,mixed,2869,"{""sample_routes"":{""date"":""2026-07-01"",""run_id"":""fcdac6b517fa4767ae7de180abf96bfe""},""join_samples"":{""date"":""2026-07-02"",""run_id"":""9e4e33f802cb4dde8190122e3fffbfbb""},""upload_data"":{""date"":""2026-07-02"",""run_id"":""e9518277e225485f801d89bd8a4f89fc""}}"
552,177,"24.3481413 , 54.761779700000005","24.348029 , 54.472847400000006",urban-urban,mixed,2530,"{""sample_routes"":{""date"":""2026-07-01"",""run_id"":""fcdac6b517fa4767ae7de180abf96bfe""},""join_samples"":{""date"":""2026-07-02"",""run_id"":""9e4e33f802cb4dde8190122e3fffbfbb""},""upload_data"":{""date"":""2026-07-02"",""run_id"":""e9518277e225485f801d89bd8a4f89fc""}}"
553,178,"24.533117800000003 , 54.899970200000006","24.677368100000002 , 54.756402400000006",urban-urban,mixed,2529,"{""sample_routes"":{""date"":""2026-07-01"",""run_id"":""fcdac6b517fa4767ae7de180abf96bfe""},""join_samples"":{""date"":""2026-07-02"",""run_id"":""9e4e33f802cb4dde8190122e3fffbfbb""},""upload_data"":{""date"":""2026-07-02"",""run_id"":""e9518277e225485f801d89bd8a4f89fc""}}"
554,179,"25.3987273 , 55.550122800000004","25.1431523 , 55.2945823",urban-urban,mixed,2524,"{""sample_routes"":{""date"":""2026-07-01"",""run_id"":""fcdac6b517fa4767ae7de180abf96bfe""},""join_samples"":{""date"":""2026-07-02"",""run_id"":""9e4e33f802cb4dde8190122e3fffbfbb""},""upload_data"":{""date"":""2026-07-02"",""run_id"":""e9518277e225485f801d89bd8a4f89fc""}}"
555,180,"25.177788500000002 , 55.2335798","25.4328675 , 55.4880123",urban-rural,mixed,2523,"{""sample_routes"":{""date"":""2026-07-01"",""run_id"":""fcdac6b517fa4767ae7de180abf96bfe""},""join_samples"":{""date"":""2026-07-02"",""run_id"":""9e4e33f802cb4dde8190122e3fffbfbb""},""upload_data"":{""date"":""2026-07-02"",""run_id"":""e9518277e225485f801d89bd8a4f89fc""}}"
556,181,"24.3503745 , 54.7622719","24.350409600000003 , 54.4825731",urban-urban,mixed,2516,"{""sample_routes"":{""date"":""2026-07-01"",""run_id"":""fcdac6b517fa4767ae7de180abf96bfe""},""join_samples"":{""date"":""2026-07-02"",""run_id"":""9e4e33f802cb4dde8190122e3fffbfbb""},""upload_data"":{""date"":""2026-07-02"",""run_id"":""e9518277e225485f801d89bd8a4f89fc""}}"
557,182,"25.521956900000003 , 55.54250690000001","25.2348691 , 55.2550067",rural-urban,mixed,2885,"{""sample_routes"":{""date"":""2026-07-01"",""run_id"":""fcdac6b517fa4767ae7de180abf96bfe""},""join_samples"":{""date"":""2026-07-02"",""run_id"":""9e4e33f802cb4dde8190122e3fffbfbb""},""upload_data"":{""date"":""2026-07-02"",""run_id"":""e9518277e225485f801d89bd8a4f89fc""}}"
558,183,"24.352796400000003 , 54.751452500000006","24.3536228 , 54.479369500000004",urban-urban,mixed,2513,"{""sample_routes"":{""date"":""2026-07-01"",""run_id"":""fcdac6b517fa4767ae7de180abf96bfe""},""join_samples"":{""date"":""2026-07-02"",""run_id"":""9e4e33f802cb4dde8190122e3fffbfbb""},""upload_data"":{""date"":""2026-07-02"",""run_id"":""e9518277e225485f801d89bd8a4f89fc""}}"
559,184,"24.2081598 , 54.8807899","24.3421899 , 54.7473071",urban-urban,mixed,2888,"{""sample_routes"":{""date"":""2026-07-01"",""run_id"":""fcdac6b517fa4767ae7de180abf96bfe""},""join_samples"":{""date"":""2026-07-02"",""run_id"":""9e4e33f802cb4dde8190122e3fffbfbb""},""upload_data"":{""date"":""2026-07-02"",""run_id"":""e9518277e225485f801d89bd8a4f89fc""}}"
560,185,"25.269673200000003 , 55.4469718","25.0152177 , 55.192101900000004",urban-urban,mixed,2512,"{""sample_routes"":{""date"":""2026-07-01"",""run_id"":""fcdac6b517fa4767ae7de180abf96bfe""},""join_samples"":{""date"":""2026-07-02"",""run_id"":""9e4e33f802cb4dde8190122e3fffbfbb""},""upload_data"":{""date"":""2026-07-02"",""run_id"":""e9518277e225485f801d89bd8a4f89fc""}}"
561,186,"25.4363214 , 55.4942981","25.0741674 , 55.132161200000006",urban-urban,mixed,2898,"{""sample_routes"":{""date"":""2026-07-01"",""run_id"":""fcdac6b517fa4767ae7de180abf96bfe""},""join_samples"":{""date"":""2026-07-02"",""run_id"":""9e4e33f802cb4dde8190122e3fffbfbb""},""upload_data"":{""date"":""2026-07-02"",""run_id"":""e9518277e225485f801d89bd8a4f89fc""}}"
562,187,"25.037433500000002 , 55.244897","25.2966333 , 55.5036465",urban-urban,mixed,2498,"{""sample_routes"":{""date"":""2026-07-01"",""run_id"":""fcdac6b517fa4767ae7de180abf96bfe""},""join_samples"":{""date"":""2026-07-02"",""run_id"":""9e4e33f802cb4dde8190122e3fffbfbb""},""upload_data"":{""date"":""2026-07-02"",""run_id"":""e9518277e225485f801d89bd8a4f89fc""}}"
563,188,"24.3475001 , 54.765241","24.346929600000003 , 54.4727029",urban-urban,mixed,2497,"{""sample_routes"":{""date"":""2026-07-01"",""run_id"":""fcdac6b517fa4767ae7de180abf96bfe""},""join_samples"":{""date"":""2026-07-02"",""run_id"":""9e4e33f802cb4dde8190122e3fffbfbb""},""upload_data"":{""date"":""2026-07-02"",""run_id"":""e9518277e225485f801d89bd8a4f89fc""}}"
564,189,"25.169631600000002 , 56.3363336","25.602041500000002 , 56.336094800000005",urban-rural,mixed,2903,"{""sample_routes"":{""date"":""2026-07-01"",""run_id"":""fcdac6b517fa4767ae7de180abf96bfe""},""join_samples"":{""date"":""2026-07-02"",""run_id"":""9e4e33f802cb4dde8190122e3fffbfbb""},""upload_data"":{""date"":""2026-07-02"",""run_id"":""e9518277e225485f801d89bd8a4f89fc""}}"
565,190,"25.595303400000002 , 56.2986499","25.297459800000002 , 56.2979464",urban-rural,mixed,2904,"{""sample_routes"":{""date"":""2026-07-01"",""run_id"":""fcdac6b517fa4767ae7de180abf96bfe""},""join_samples"":{""date"":""2026-07-02"",""run_id"":""9e4e33f802cb4dde8190122e3fffbfbb""},""upload_data"":{""date"":""2026-07-02"",""run_id"":""e9518277e225485f801d89bd8a4f89fc""}}"
566,191,"24.5861677 , 54.4754596","24.586797400000002 , 54.6992982",urban-urban,mixed,2905,"{""sample_routes"":{""date"":""2026-07-01"",""run_id"":""fcdac6b517fa4767ae7de180abf96bfe""},""join_samples"":{""date"":""2026-07-02"",""run_id"":""9e4e33f802cb4dde8190122e3fffbfbb""},""upload_data"":{""date"":""2026-07-02"",""run_id"":""e9518277e225485f801d89bd8a4f89fc""}}"
567,192,"25.3590088 , 56.3488872","25.0187971 , 56.3497229",urban-rural,mixed,2494,"{""sample_routes"":{""date"":""2026-07-01"",""run_id"":""fcdac6b517fa4767ae7de180abf96bfe""},""join_samples"":{""date"":""2026-07-02"",""run_id"":""9e4e33f802cb4dde8190122e3fffbfbb""},""upload_data"":{""date"":""2026-07-02"",""run_id"":""e9518277e225485f801d89bd8a4f89fc""}}"
568,193,"24.336984100000002 , 54.7596416","24.3368255 , 54.467426700000004",urban-urban,mixed,2915,"{""sample_routes"":{""date"":""2026-07-01"",""run_id"":""fcdac6b517fa4767ae7de180abf96bfe""},""join_samples"":{""date"":""2026-07-02"",""run_id"":""9e4e33f802cb4dde8190122e3fffbfbb""},""upload_data"":{""date"":""2026-07-02"",""run_id"":""e9518277e225485f801d89bd8a4f89fc""}}"
569,194,"25.191538400000002 , 55.378126200000004","24.997957900000003 , 55.1845573",urban-rural,mixed,2483,"{""sample_routes"":{""date"":""2026-07-01"",""run_id"":""fcdac6b517fa4767ae7de180abf96bfe""},""join_samples"":{""date"":""2026-07-02"",""run_id"":""9e4e33f802cb4dde8190122e3fffbfbb""},""upload_data"":{""date"":""2026-07-02"",""run_id"":""e9518277e225485f801d89bd8a4f89fc""}}"
570,195,"24.219747100000003 , 55.77512840000001","24.0721613 , 55.7748192",rural-urban,mixed,2482,"{""sample_routes"":{""date"":""2026-07-01"",""run_id"":""fcdac6b517fa4767ae7de180abf96bfe""},""join_samples"":{""date"":""2026-07-02"",""run_id"":""9e4e33f802cb4dde8190122e3fffbfbb""},""upload_data"":{""date"":""2026-07-02"",""run_id"":""e9518277e225485f801d89bd8a4f89fc""}}"
571,196,"25.074312300000003 , 55.632767400000006","25.342290400000003 , 55.3651654",urban-rural,mixed,2920,"{""sample_routes"":{""date"":""2026-07-01"",""run_id"":""fcdac6b517fa4767ae7de180abf96bfe""},""join_samples"":{""date"":""2026-07-02"",""run_id"":""9e4e33f802cb4dde8190122e3fffbfbb""},""upload_data"":{""date"":""2026-07-02"",""run_id"":""e9518277e225485f801d89bd8a4f89fc""}}"
572,197,"25.101687100000003 , 55.6585461","25.368922400000002 , 55.3916806",rural-urban,mixed,2475,"{""sample_routes"":{""date"":""2026-07-01"",""run_id"":""fcdac6b517fa4767ae7de180abf96bfe""},""join_samples"":{""date"":""2026-07-02"",""run_id"":""9e4e33f802cb4dde8190122e3fffbfbb""},""upload_data"":{""date"":""2026-07-02"",""run_id"":""e9518277e225485f801d89bd8a4f89fc""}}"
573,198,"24.3535459 , 54.760866400000005","24.3528452 , 54.472601700000006",urban-urban,mixed,2474,"{""sample_routes"":{""date"":""2026-07-01"",""run_id"":""fcdac6b517fa4767ae7de180abf96bfe""},""join_samples"":{""date"":""2026-07-02"",""run_id"":""9e4e33f802cb4dde8190122e3fffbfbb""},""upload_data"":{""date"":""2026-07-02"",""run_id"":""e9518277e225485f801d89bd8a4f89fc""}}"
574,199,"25.253143 , 55.6474095","25.253893400000003 , 55.28333490000001",urban-urban,mixed,2473,"{""sample_routes"":{""date"":""2026-07-01"",""run_id"":""fcdac6b517fa4767ae7de180abf96bfe""},""join_samples"":{""date"":""2026-07-02"",""run_id"":""9e4e33f802cb4dde8190122e3fffbfbb""},""upload_data"":{""date"":""2026-07-02"",""run_id"":""e9518277e225485f801d89bd8a4f89fc""}}"
575,200,"24.3374279 , 54.7663012","24.5002007 , 54.6038609",urban-urban,mixed,2472,"{""sample_routes"":{""date"":""2026-07-01"",""run_id"":""fcdac6b517fa4767ae7de180abf96bfe""},""join_samples"":{""date"":""2026-07-02"",""run_id"":""9e4e33f802cb4dde8190122e3fffbfbb""},""upload_data"":{""date"":""2026-07-02"",""run_id"":""e9518277e225485f801d89bd8a4f89fc""}}"
576,201,"25.1774744 , 55.308289900000005","25.178237000000003 , 55.734295700000004",urban-rural,mixed,2468,"{""sample_routes"":{""date"":""2026-07-01"",""run_id"":""fcdac6b517fa4767ae7de180abf96bfe""},""join_samples"":{""date"":""2026-07-02"",""run_id"":""9e4e33f802cb4dde8190122e3fffbfbb""},""upload_data"":{""date"":""2026-07-02"",""run_id"":""e9518277e225485f801d89bd8a4f89fc""}}"
577,202,"24.201072200000002 , 55.773987700000006","24.0669365 , 55.773176400000004",urban-urban,mixed,2459,"{""sample_routes"":{""date"":""2026-07-01"",""run_id"":""fcdac6b517fa4767ae7de180abf96bfe""},""join_samples"":{""date"":""2026-07-02"",""run_id"":""9e4e33f802cb4dde8190122e3fffbfbb""},""upload_data"":{""date"":""2026-07-02"",""run_id"":""e9518277e225485f801d89bd8a4f89fc""}}"
578,203,"25.267068000000002 , 55.2969948","25.2666906 , 55.6110381",rural-urban,mixed,2455,"{""sample_routes"":{""date"":""2026-07-01"",""run_id"":""fcdac6b517fa4767ae7de180abf96bfe""},""join_samples"":{""date"":""2026-07-02"",""run_id"":""9e4e33f802cb4dde8190122e3fffbfbb""},""upload_data"":{""date"":""2026-07-02"",""run_id"":""e9518277e225485f801d89bd8a4f89fc""}}"
579,204,"24.067536200000003 , 55.552519600000004","24.067451900000002 , 55.771487",urban-urban,mixed,2947,"{""sample_routes"":{""date"":""2026-07-01"",""run_id"":""fcdac6b517fa4767ae7de180abf96bfe""},""join_samples"":{""date"":""2026-07-02"",""run_id"":""9e4e33f802cb4dde8190122e3fffbfbb""},""upload_data"":{""date"":""2026-07-02"",""run_id"":""e9518277e225485f801d89bd8a4f89fc""}}"
580,205,"24.207028700000002 , 54.8429184","24.3230071 , 54.726264",urban-urban,mixed,2450,"{""sample_routes"":{""date"":""2026-07-01"",""run_id"":""fcdac6b517fa4767ae7de180abf96bfe""},""join_samples"":{""date"":""2026-07-02"",""run_id"":""9e4e33f802cb4dde8190122e3fffbfbb""},""upload_data"":{""date"":""2026-07-02"",""run_id"":""e9518277e225485f801d89bd8a4f89fc""}}"
581,206,"24.358778800000003 , 54.7568945","24.359106200000003 , 54.4720291",urban-urban,mixed,2450,"{""sample_routes"":{""date"":""2026-07-01"",""run_id"":""fcdac6b517fa4767ae7de180abf96bfe""},""join_samples"":{""date"":""2026-07-02"",""run_id"":""9e4e33f802cb4dde8190122e3fffbfbb""},""upload_data"":{""date"":""2026-07-02"",""run_id"":""e9518277e225485f801d89bd8a4f89fc""}}"
582,207,"24.059671100000003 , 55.777771900000005","24.2889407 , 55.7773321",urban-rural,mixed,2955,"{""sample_routes"":{""date"":""2026-07-01"",""run_id"":""fcdac6b517fa4767ae7de180abf96bfe""},""join_samples"":{""date"":""2026-07-02"",""run_id"":""9e4e33f802cb4dde8190122e3fffbfbb""},""upload_data"":{""date"":""2026-07-02"",""run_id"":""e9518277e225485f801d89bd8a4f89fc""}}"
583,208,"25.0530587 , 55.13348130000001","25.452005600000003 , 55.531931400000005",rural-urban,mixed,2956,"{""sample_routes"":{""date"":""2026-07-01"",""run_id"":""fcdac6b517fa4767ae7de180abf96bfe""},""join_samples"":{""date"":""2026-07-02"",""run_id"":""9e4e33f802cb4dde8190122e3fffbfbb""},""upload_data"":{""date"":""2026-07-02"",""run_id"":""e9518277e225485f801d89bd8a4f89fc""}}"
584,209,"24.0868952 , 55.7636752","24.2115823 , 55.6391788",urban-urban,mixed,2444,"{""sample_routes"":{""date"":""2026-07-01"",""run_id"":""fcdac6b517fa4767ae7de180abf96bfe""},""join_samples"":{""date"":""2026-07-02"",""run_id"":""9e4e33f802cb4dde8190122e3fffbfbb""},""upload_data"":{""date"":""2026-07-02"",""run_id"":""e9518277e225485f801d89bd8a4f89fc""}}"
585,210,"24.927382100000003 , 56.261008000000004","25.0920792 , 56.26070360000001",rural-urban,mixed,2439,"{""sample_routes"":{""date"":""2026-07-01"",""run_id"":""fcdac6b517fa4767ae7de180abf96bfe""},""join_samples"":{""date"":""2026-07-02"",""run_id"":""9e4e33f802cb4dde8190122e3fffbfbb""},""upload_data"":{""date"":""2026-07-02"",""run_id"":""e9518277e225485f801d89bd8a4f89fc""}}"
586,211,"25.2443621 , 55.3047004","25.2445947 , 55.688958500000005",urban-urban,mixed,2437,"{""sample_routes"":{""date"":""2026-07-01"",""run_id"":""fcdac6b517fa4767ae7de180abf96bfe""},""join_samples"":{""date"":""2026-07-02"",""run_id"":""9e4e33f802cb4dde8190122e3fffbfbb""},""upload_data"":{""date"":""2026-07-02"",""run_id"":""e9518277e225485f801d89bd8a4f89fc""}}"
587,212,"24.622563200000002 , 54.8820375","24.481808 , 54.881912400000004",rural-urban,mixed,2434,"{""sample_routes"":{""date"":""2026-07-01"",""run_id"":""fcdac6b517fa4767ae7de180abf96bfe""},""join_samples"":{""date"":""2026-07-02"",""run_id"":""9e4e33f802cb4dde8190122e3fffbfbb""},""upload_data"":{""date"":""2026-07-02"",""run_id"":""e9518277e225485f801d89bd8a4f89fc""}}"
588,213,"24.078924800000003 , 55.7370973","24.079210500000002 , 55.9409974",urban-urban,mixed,2967,"{""sample_routes"":{""date"":""2026-07-01"",""run_id"":""fcdac6b517fa4767ae7de180abf96bfe""},""join_samples"":{""date"":""2026-07-02"",""run_id"":""9e4e33f802cb4dde8190122e3fffbfbb""},""upload_data"":{""date"":""2026-07-02"",""run_id"":""e9518277e225485f801d89bd8a4f89fc""}}"
589,214,"24.8583651 , 55.3718414","25.094526400000003 , 55.135843300000005",rural-urban,mixed,2969,"{""sample_routes"":{""date"":""2026-07-01"",""run_id"":""fcdac6b517fa4767ae7de180abf96bfe""},""join_samples"":{""date"":""2026-07-02"",""run_id"":""9e4e33f802cb4dde8190122e3fffbfbb""},""upload_data"":{""date"":""2026-07-02"",""run_id"":""e9518277e225485f801d89bd8a4f89fc""}}"
590,215,"24.3786482 , 54.8921591","24.583436600000002 , 54.8914631",urban-rural,mixed,2981,"{""sample_routes"":{""date"":""2026-07-01"",""run_id"":""fcdac6b517fa4767ae7de180abf96bfe""},""join_samples"":{""date"":""2026-07-02"",""run_id"":""9e4e33f802cb4dde8190122e3fffbfbb""},""upload_data"":{""date"":""2026-07-02"",""run_id"":""e9518277e225485f801d89bd8a4f89fc""}}"
591,216,"25.6007673 , 56.27316020000001","25.254549800000003 , 56.272334400000005",urban-rural,mixed,2984,"{""sample_routes"":{""date"":""2026-07-01"",""run_id"":""fcdac6b517fa4767ae7de180abf96bfe""},""join_samples"":{""date"":""2026-07-02"",""run_id"":""9e4e33f802cb4dde8190122e3fffbfbb""},""upload_data"":{""date"":""2026-07-02"",""run_id"":""e9518277e225485f801d89bd8a4f89fc""}}"
592,217,"25.597221800000003 , 56.278556300000005","25.2731199 , 56.278215800000005",urban-rural,mixed,2986,"{""sample_routes"":{""date"":""2026-07-01"",""run_id"":""fcdac6b517fa4767ae7de180abf96bfe""},""join_samples"":{""date"":""2026-07-02"",""run_id"":""9e4e33f802cb4dde8190122e3fffbfbb""},""upload_data"":{""date"":""2026-07-02"",""run_id"":""e9518277e225485f801d89bd8a4f89fc""}}"
593,218,"24.366885200000002 , 54.7809882","24.2641744 , 54.6774684",urban-rural,mixed,2409,"{""sample_routes"":{""date"":""2026-07-01"",""run_id"":""fcdac6b517fa4767ae7de180abf96bfe""},""join_samples"":{""date"":""2026-07-02"",""run_id"":""9e4e33f802cb4dde8190122e3fffbfbb""},""upload_data"":{""date"":""2026-07-02"",""run_id"":""e9518277e225485f801d89bd8a4f89fc""}}"
594,219,"24.840419500000003 , 55.022878600000006","25.1362981 , 55.3183518",urban-urban,mixed,2994,"{""sample_routes"":{""date"":""2026-07-01"",""run_id"":""fcdac6b517fa4767ae7de180abf96bfe""},""join_samples"":{""date"":""2026-07-02"",""run_id"":""9e4e33f802cb4dde8190122e3fffbfbb""},""upload_data"":{""date"":""2026-07-02"",""run_id"":""e9518277e225485f801d89bd8a4f89fc""}}"
595,220,"25.4300856 , 56.355658700000006","25.0201257 , 56.3564475",urban-rural,mixed,2998,"{""sample_routes"":{""date"":""2026-07-01"",""run_id"":""fcdac6b517fa4767ae7de180abf96bfe""},""join_samples"":{""date"":""2026-07-02"",""run_id"":""9e4e33f802cb4dde8190122e3fffbfbb""},""upload_data"":{""date"":""2026-07-02"",""run_id"":""e9518277e225485f801d89bd8a4f89fc""}}"
596,221,"24.959212700000002 , 55.4021139","25.156062300000002 , 55.204775000000005",rural-urban,mixed,2397,"{""sample_routes"":{""date"":""2026-07-01"",""run_id"":""fcdac6b517fa4767ae7de180abf96bfe""},""join_samples"":{""date"":""2026-07-02"",""run_id"":""9e4e33f802cb4dde8190122e3fffbfbb""},""upload_data"":{""date"":""2026-07-02"",""run_id"":""e9518277e225485f801d89bd8a4f89fc""}}"
597,222,"25.1525517 , 56.338477600000004","24.959770000000002 , 56.1464548",urban-rural,mixed,2395,"{""sample_routes"":{""date"":""2026-07-01"",""run_id"":""fcdac6b517fa4767ae7de180abf96bfe""},""join_samples"":{""date"":""2026-07-02"",""run_id"":""9e4e33f802cb4dde8190122e3fffbfbb""},""upload_data"":{""date"":""2026-07-02"",""run_id"":""e9518277e225485f801d89bd8a4f89fc""}}"
598,223,"25.0661446 , 56.3580163","25.527147600000003 , 56.358817300000005",urban-urban,mixed,3007,"{""sample_routes"":{""date"":""2026-07-01"",""run_id"":""fcdac6b517fa4767ae7de180abf96bfe""},""join_samples"":{""date"":""2026-07-02"",""run_id"":""9e4e33f802cb4dde8190122e3fffbfbb""},""upload_data"":{""date"":""2026-07-02"",""run_id"":""e9518277e225485f801d89bd8a4f89fc""}}"
599,224,"25.428268000000003 , 56.3459712","24.990955600000003 , 56.346676800000004",urban-rural,mixed,3007,"{""sample_routes"":{""date"":""2026-07-01"",""run_id"":""fcdac6b517fa4767ae7de180abf96bfe""},""join_samples"":{""date"":""2026-07-02"",""run_id"":""9e4e33f802cb4dde8190122e3fffbfbb""},""upload_data"":{""date"":""2026-07-02"",""run_id"":""e9518277e225485f801d89bd8a4f89fc""}}"
600,225,"24.335554300000002 , 54.568051700000005","24.3359694 , 54.7788465",urban-urban,mixed,2380,"{""sample_routes"":{""date"":""2026-07-01"",""run_id"":""fcdac6b517fa4767ae7de180abf96bfe""},""join_samples"":{""date"":""2026-07-02"",""run_id"":""9e4e33f802cb4dde8190122e3fffbfbb""},""upload_data"":{""date"":""2026-07-02"",""run_id"":""e9518277e225485f801d89bd8a4f89fc""}}"
601,226,"25.1794841 , 55.6380337","25.1789574 , 55.305061200000004",rural-urban,mixed,2378,"{""sample_routes"":{""date"":""2026-07-01"",""run_id"":""fcdac6b517fa4767ae7de180abf96bfe""},""join_samples"":{""date"":""2026-07-02"",""run_id"":""9e4e33f802cb4dde8190122e3fffbfbb""},""upload_data"":{""date"":""2026-07-02"",""run_id"":""e9518277e225485f801d89bd8a4f89fc""}}"
602,227,"24.3359966 , 54.4818523","24.336181500000002 , 54.7892998",urban-urban,mixed,3026,"{""sample_routes"":{""date"":""2026-07-01"",""run_id"":""fcdac6b517fa4767ae7de180abf96bfe""},""join_samples"":{""date"":""2026-07-02"",""run_id"":""9e4e33f802cb4dde8190122e3fffbfbb""},""upload_data"":{""date"":""2026-07-02"",""run_id"":""e9518277e225485f801d89bd8a4f89fc""}}"
603,228,"24.907093500000002 , 55.2125618","25.168352600000002 , 55.212386300000006",rural-urban,mixed,2371,"{""sample_routes"":{""date"":""2026-07-01"",""run_id"":""fcdac6b517fa4767ae7de180abf96bfe""},""join_samples"":{""date"":""2026-07-02"",""run_id"":""9e4e33f802cb4dde8190122e3fffbfbb""},""upload_data"":{""date"":""2026-07-02"",""run_id"":""e9518277e225485f801d89bd8a4f89fc""}}"
604,229,"25.531791700000003 , 55.547676700000004","25.240763 , 55.257184",urban-urban,mixed,3031,"{""sample_routes"":{""date"":""2026-07-01"",""run_id"":""fcdac6b517fa4767ae7de180abf96bfe""},""join_samples"":{""date"":""2026-07-02"",""run_id"":""9e4e33f802cb4dde8190122e3fffbfbb""},""upload_data"":{""date"":""2026-07-02"",""run_id"":""e9518277e225485f801d89bd8a4f89fc""}}"
605,230,"24.427201500000002 , 55.140925300000006","24.5315471 , 55.2458753",rural-urban,mixed,2358,"{""sample_routes"":{""date"":""2026-07-01"",""run_id"":""fcdac6b517fa4767ae7de180abf96bfe""},""join_samples"":{""date"":""2026-07-02"",""run_id"":""9e4e33f802cb4dde8190122e3fffbfbb""},""upload_data"":{""date"":""2026-07-02"",""run_id"":""e9518277e225485f801d89bd8a4f89fc""}}"
606,231,"25.1640197 , 55.2852435","25.424411900000003 , 55.546254700000006",urban-urban,mixed,3045,"{""sample_routes"":{""date"":""2026-07-01"",""run_id"":""fcdac6b517fa4767ae7de180abf96bfe""},""join_samples"":{""date"":""2026-07-02"",""run_id"":""9e4e33f802cb4dde8190122e3fffbfbb""},""upload_data"":{""date"":""2026-07-02"",""run_id"":""e9518277e225485f801d89bd8a4f89fc""}}"
607,232,"25.091042 , 55.1462986","25.435887100000002 , 55.4905636",urban-urban,mixed,3052,"{""sample_routes"":{""date"":""2026-07-01"",""run_id"":""fcdac6b517fa4767ae7de180abf96bfe""},""join_samples"":{""date"":""2026-07-02"",""run_id"":""9e4e33f802cb4dde8190122e3fffbfbb""},""upload_data"":{""date"":""2026-07-02"",""run_id"":""e9518277e225485f801d89bd8a4f89fc""}}"
608,233,"25.515989700000002 , 56.3576679","25.0619461 , 56.357189700000006",urban-urban,mixed,3057,"{""sample_routes"":{""date"":""2026-07-01"",""run_id"":""fcdac6b517fa4767ae7de180abf96bfe""},""join_samples"":{""date"":""2026-07-02"",""run_id"":""9e4e33f802cb4dde8190122e3fffbfbb""},""upload_data"":{""date"":""2026-07-02"",""run_id"":""e9518277e225485f801d89bd8a4f89fc""}}"
609,234,"24.534026 , 54.478659500000006","24.534229500000002 , 54.845664600000006",rural-urban,mixed,3058,"{""sample_routes"":{""date"":""2026-07-01"",""run_id"":""fcdac6b517fa4767ae7de180abf96bfe""},""join_samples"":{""date"":""2026-07-02"",""run_id"":""9e4e33f802cb4dde8190122e3fffbfbb""},""upload_data"":{""date"":""2026-07-02"",""run_id"":""e9518277e225485f801d89bd8a4f89fc""}}"
610,235,"25.0786556 , 56.314269700000004","25.3654192 , 56.3146233",urban-urban,mixed,3061,"{""sample_routes"":{""date"":""2026-07-01"",""run_id"":""fcdac6b517fa4767ae7de180abf96bfe""},""join_samples"":{""date"":""2026-07-02"",""run_id"":""9e4e33f802cb4dde8190122e3fffbfbb""},""upload_data"":{""date"":""2026-07-02"",""run_id"":""e9518277e225485f801d89bd8a4f89fc""}}"
611,236,"24.949694 , 55.228276400000006","25.1861585 , 55.228902000000005",urban-urban,mixed,2328,"{""sample_routes"":{""date"":""2026-07-01"",""run_id"":""fcdac6b517fa4767ae7de180abf96bfe""},""join_samples"":{""date"":""2026-07-02"",""run_id"":""9e4e33f802cb4dde8190122e3fffbfbb""},""upload_data"":{""date"":""2026-07-02"",""run_id"":""e9518277e225485f801d89bd8a4f89fc""}}"
612,237,"24.553249 , 54.8332143","24.5528727 , 54.4521494",urban-urban,mixed,3072,"{""sample_routes"":{""date"":""2026-07-01"",""run_id"":""fcdac6b517fa4767ae7de180abf96bfe""},""join_samples"":{""date"":""2026-07-02"",""run_id"":""9e4e33f802cb4dde8190122e3fffbfbb""},""upload_data"":{""date"":""2026-07-02"",""run_id"":""e9518277e225485f801d89bd8a4f89fc""}}"
613,238,"25.2605222 , 55.4414469","25.0133304 , 55.1939872",rural-urban,mixed,2325,"{""sample_routes"":{""date"":""2026-07-01"",""run_id"":""fcdac6b517fa4767ae7de180abf96bfe""},""join_samples"":{""date"":""2026-07-02"",""run_id"":""9e4e33f802cb4dde8190122e3fffbfbb""},""upload_data"":{""date"":""2026-07-02"",""run_id"":""e9518277e225485f801d89bd8a4f89fc""}}"
614,239,"25.440594 , 56.3461847","25.0035454 , 56.3458236",urban-rural,mixed,3081,"{""sample_routes"":{""date"":""2026-07-01"",""run_id"":""fcdac6b517fa4767ae7de180abf96bfe""},""join_samples"":{""date"":""2026-07-02"",""run_id"":""9e4e33f802cb4dde8190122e3fffbfbb""},""upload_data"":{""date"":""2026-07-02"",""run_id"":""e9518277e225485f801d89bd8a4f89fc""}}"
615,240,"24.9770992 , 55.140825500000005","25.1410364 , 55.140249000000004",urban-urban,mixed,2317,"{""sample_routes"":{""date"":""2026-07-01"",""run_id"":""fcdac6b517fa4767ae7de180abf96bfe""},""join_samples"":{""date"":""2026-07-02"",""run_id"":""9e4e33f802cb4dde8190122e3fffbfbb""},""upload_data"":{""date"":""2026-07-02"",""run_id"":""e9518277e225485f801d89bd8a4f89fc""}}"
616,241,"25.424328000000003 , 55.502394300000006","25.032961200000003 , 55.1117872",urban-urban,mixed,3083,"{""sample_routes"":{""date"":""2026-07-01"",""run_id"":""fcdac6b517fa4767ae7de180abf96bfe""},""join_samples"":{""date"":""2026-07-02"",""run_id"":""9e4e33f802cb4dde8190122e3fffbfbb""},""upload_data"":{""date"":""2026-07-02"",""run_id"":""e9518277e225485f801d89bd8a4f89fc""}}"
617,242,"25.407447 , 55.511457300000004","25.049794400000003 , 55.154237200000004",urban-urban,mixed,3086,"{""sample_routes"":{""date"":""2026-07-01"",""run_id"":""fcdac6b517fa4767ae7de180abf96bfe""},""join_samples"":{""date"":""2026-07-02"",""run_id"":""9e4e33f802cb4dde8190122e3fffbfbb""},""upload_data"":{""date"":""2026-07-02"",""run_id"":""e9518277e225485f801d89bd8a4f89fc""}}"
618,243,"24.3666005 , 54.7632758","24.3673915 , 54.4812293",urban-urban,mixed,2312,"{""sample_routes"":{""date"":""2026-07-01"",""run_id"":""fcdac6b517fa4767ae7de180abf96bfe""},""join_samples"":{""date"":""2026-07-02"",""run_id"":""9e4e33f802cb4dde8190122e3fffbfbb""},""upload_data"":{""date"":""2026-07-02"",""run_id"":""e9518277e225485f801d89bd8a4f89fc""}}"
619,244,"25.5387281 , 55.553665200000005","25.2415927 , 55.256956200000005",urban-urban,mixed,3098,"{""sample_routes"":{""date"":""2026-07-01"",""run_id"":""fcdac6b517fa4767ae7de180abf96bfe""},""join_samples"":{""date"":""2026-07-02"",""run_id"":""9e4e33f802cb4dde8190122e3fffbfbb""},""upload_data"":{""date"":""2026-07-02"",""run_id"":""e9518277e225485f801d89bd8a4f89fc""}}"
620,245,"24.979106700000003 , 55.091189","25.351669700000002 , 55.4645604",rural-urban,mixed,3099,"{""sample_routes"":{""date"":""2026-07-01"",""run_id"":""fcdac6b517fa4767ae7de180abf96bfe""},""join_samples"":{""date"":""2026-07-02"",""run_id"":""9e4e33f802cb4dde8190122e3fffbfbb""},""upload_data"":{""date"":""2026-07-02"",""run_id"":""e9518277e225485f801d89bd8a4f89fc""}}"
621,246,"24.974408800000003 , 55.139430000000004","25.141134400000002 , 55.1395117",rural-urban,mixed,2300,"{""sample_routes"":{""date"":""2026-07-01"",""run_id"":""fcdac6b517fa4767ae7de180abf96bfe""},""join_samples"":{""date"":""2026-07-02"",""run_id"":""9e4e33f802cb4dde8190122e3fffbfbb""},""upload_data"":{""date"":""2026-07-02"",""run_id"":""e9518277e225485f801d89bd8a4f89fc""}}"
622,247,"25.0028478 , 55.2381876","25.212853000000003 , 55.23754460000001",rural-urban,mixed,2299,"{""sample_routes"":{""date"":""2026-07-01"",""run_id"":""fcdac6b517fa4767ae7de180abf96bfe""},""join_samples"":{""date"":""2026-07-02"",""run_id"":""9e4e33f802cb4dde8190122e3fffbfbb""},""upload_data"":{""date"":""2026-07-02"",""run_id"":""e9518277e225485f801d89bd8a4f89fc""}}"
623,248,"25.273587900000003 , 55.2973738","25.273048300000003 , 55.6068573",rural-rural,mixed,2298,"{""sample_routes"":{""date"":""2026-07-01"",""run_id"":""fcdac6b517fa4767ae7de180abf96bfe""},""join_samples"":{""date"":""2026-07-02"",""run_id"":""9e4e33f802cb4dde8190122e3fffbfbb""},""upload_data"":{""date"":""2026-07-02"",""run_id"":""e9518277e225485f801d89bd8a4f89fc""}}"
624,249,"25.0423572 , 55.158160200000005","25.4078336 , 55.523873900000005",urban-urban,mixed,3105,"{""sample_routes"":{""date"":""2026-07-01"",""run_id"":""fcdac6b517fa4767ae7de180abf96bfe""},""join_samples"":{""date"":""2026-07-02"",""run_id"":""9e4e33f802cb4dde8190122e3fffbfbb""},""upload_data"":{""date"":""2026-07-02"",""run_id"":""e9518277e225485f801d89bd8a4f89fc""}}"
625,250,"25.2858044 , 55.645903700000005","25.041875 , 55.8902031",urban-rural,rural,2701,"{""sample_routes"":{""date"":""2026-07-01"",""run_id"":""fcdac6b517fa4767ae7de180abf96bfe""},""join_samples"":{""date"":""2026-07-02"",""run_id"":""9e4e33f802cb4dde8190122e3fffbfbb""},""upload_data"":{""date"":""2026-07-02"",""run_id"":""e9518277e225485f801d89bd8a4f89fc""}}"
626,251,"25.0206155 , 55.2739897","25.0208529 , 55.6599428",urban-rural,rural,2699,"{""sample_routes"":{""date"":""2026-07-01"",""run_id"":""fcdac6b517fa4767ae7de180abf96bfe""},""join_samples"":{""date"":""2026-07-02"",""run_id"":""9e4e33f802cb4dde8190122e3fffbfbb""},""upload_data"":{""date"":""2026-07-02"",""run_id"":""e9518277e225485f801d89bd8a4f89fc""}}"
627,252,"25.4972335 , 56.034737400000004","25.158208100000003 , 56.0346933",urban-rural,rural,2698,"{""sample_routes"":{""date"":""2026-07-01"",""run_id"":""fcdac6b517fa4767ae7de180abf96bfe""},""join_samples"":{""date"":""2026-07-02"",""run_id"":""9e4e33f802cb4dde8190122e3fffbfbb""},""upload_data"":{""date"":""2026-07-02"",""run_id"":""e9518277e225485f801d89bd8a4f89fc""}}"
628,253,"25.024474100000003 , 55.5576784","25.2857598 , 55.2955544",rural-rural,rural,2695,"{""sample_routes"":{""date"":""2026-07-01"",""run_id"":""fcdac6b517fa4767ae7de180abf96bfe""},""join_samples"":{""date"":""2026-07-02"",""run_id"":""9e4e33f802cb4dde8190122e3fffbfbb""},""upload_data"":{""date"":""2026-07-02"",""run_id"":""e9518277e225485f801d89bd8a4f89fc""}}"
629,254,"24.3962238 , 54.6721335","24.723507400000003 , 54.671393900000005",urban-rural,rural,2693,"{""sample_routes"":{""date"":""2026-07-01"",""run_id"":""fcdac6b517fa4767ae7de180abf96bfe""},""join_samples"":{""date"":""2026-07-02"",""run_id"":""9e4e33f802cb4dde8190122e3fffbfbb""},""upload_data"":{""date"":""2026-07-02"",""run_id"":""e9518277e225485f801d89bd8a4f89fc""}}"
630,255,"25.099489700000003 , 55.4102217","25.098720500000002 , 55.8622755",rural-rural,rural,2707,"{""sample_routes"":{""date"":""2026-07-01"",""run_id"":""fcdac6b517fa4767ae7de180abf96bfe""},""join_samples"":{""date"":""2026-07-02"",""run_id"":""9e4e33f802cb4dde8190122e3fffbfbb""},""upload_data"":{""date"":""2026-07-02"",""run_id"":""e9518277e225485f801d89bd8a4f89fc""}}"
631,256,"25.2786271 , 55.73209000000001","25.2778351 , 56.18613800000001",rural-rural,rural,2709,"{""sample_routes"":{""date"":""2026-07-01"",""run_id"":""fcdac6b517fa4767ae7de180abf96bfe""},""join_samples"":{""date"":""2026-07-02"",""run_id"":""9e4e33f802cb4dde8190122e3fffbfbb""},""upload_data"":{""date"":""2026-07-02"",""run_id"":""e9518277e225485f801d89bd8a4f89fc""}}"
632,257,"25.2148705 , 55.39105300000001","25.550556200000003 , 55.7261218",urban-rural,rural,2679,"{""sample_routes"":{""date"":""2026-07-01"",""run_id"":""fcdac6b517fa4767ae7de180abf96bfe""},""join_samples"":{""date"":""2026-07-02"",""run_id"":""9e4e33f802cb4dde8190122e3fffbfbb""},""upload_data"":{""date"":""2026-07-02"",""run_id"":""e9518277e225485f801d89bd8a4f89fc""}}"
633,258,"24.400753 , 55.094686700000004","24.7546886 , 55.0954355",rural-rural,rural,2679,"{""sample_routes"":{""date"":""2026-07-01"",""run_id"":""fcdac6b517fa4767ae7de180abf96bfe""},""join_samples"":{""date"":""2026-07-02"",""run_id"":""9e4e33f802cb4dde8190122e3fffbfbb""},""upload_data"":{""date"":""2026-07-02"",""run_id"":""e9518277e225485f801d89bd8a4f89fc""}}"
634,259,"24.4097563 , 55.1008397","24.7566841 , 55.10037380000001",rural-rural,rural,2666,"{""sample_routes"":{""date"":""2026-07-01"",""run_id"":""fcdac6b517fa4767ae7de180abf96bfe""},""join_samples"":{""date"":""2026-07-02"",""run_id"":""9e4e33f802cb4dde8190122e3fffbfbb""},""upload_data"":{""date"":""2026-07-02"",""run_id"":""e9518277e225485f801d89bd8a4f89fc""}}"
635,260,"24.4273016 , 55.141215","24.6898659 , 55.1405748",rural-rural,rural,2662,"{""sample_routes"":{""date"":""2026-07-01"",""run_id"":""fcdac6b517fa4767ae7de180abf96bfe""},""join_samples"":{""date"":""2026-07-02"",""run_id"":""9e4e33f802cb4dde8190122e3fffbfbb""},""upload_data"":{""date"":""2026-07-02"",""run_id"":""e9518277e225485f801d89bd8a4f89fc""}}"
636,261,"24.6335534 , 54.7276211","24.297211800000003 , 54.7277416",rural-rural,rural,2738,"{""sample_routes"":{""date"":""2026-07-01"",""run_id"":""fcdac6b517fa4767ae7de180abf96bfe""},""join_samples"":{""date"":""2026-07-02"",""run_id"":""9e4e33f802cb4dde8190122e3fffbfbb""},""upload_data"":{""date"":""2026-07-02"",""run_id"":""e9518277e225485f801d89bd8a4f89fc""}}"
637,262,"24.0629661 , 55.497916700000005","24.063353000000003 , 55.736299700000004",urban-urban,rural,2662,"{""sample_routes"":{""date"":""2026-07-01"",""run_id"":""fcdac6b517fa4767ae7de180abf96bfe""},""join_samples"":{""date"":""2026-07-02"",""run_id"":""9e4e33f802cb4dde8190122e3fffbfbb""},""upload_data"":{""date"":""2026-07-02"",""run_id"":""e9518277e225485f801d89bd8a4f89fc""}}"
638,263,"25.157120000000003 , 56.3417656","25.1571125 , 55.9209728",urban-rural,rural,2658,"{""sample_routes"":{""date"":""2026-07-01"",""run_id"":""fcdac6b517fa4767ae7de180abf96bfe""},""join_samples"":{""date"":""2026-07-02"",""run_id"":""9e4e33f802cb4dde8190122e3fffbfbb""},""upload_data"":{""date"":""2026-07-02"",""run_id"":""e9518277e225485f801d89bd8a4f89fc""}}"
639,264,"24.2288321 , 55.76974130000001","24.6197689 , 55.769337400000005",rural-rural,rural,2749,"{""sample_routes"":{""date"":""2026-07-01"",""run_id"":""fcdac6b517fa4767ae7de180abf96bfe""},""join_samples"":{""date"":""2026-07-02"",""run_id"":""9e4e33f802cb4dde8190122e3fffbfbb""},""upload_data"":{""date"":""2026-07-02"",""run_id"":""e9518277e225485f801d89bd8a4f89fc""}}"
640,265,"24.4451007 , 54.721957","24.7016868 , 54.722672100000004",urban-rural,rural,2645,"{""sample_routes"":{""date"":""2026-07-01"",""run_id"":""fcdac6b517fa4767ae7de180abf96bfe""},""join_samples"":{""date"":""2026-07-02"",""run_id"":""9e4e33f802cb4dde8190122e3fffbfbb""},""upload_data"":{""date"":""2026-07-02"",""run_id"":""e9518277e225485f801d89bd8a4f89fc""}}"
641,266,"24.389411600000003 , 55.7257794","24.0611439 , 55.7265244",urban-rural,rural,2643,"{""sample_routes"":{""date"":""2026-07-01"",""run_id"":""fcdac6b517fa4767ae7de180abf96bfe""},""join_samples"":{""date"":""2026-07-02"",""run_id"":""9e4e33f802cb4dde8190122e3fffbfbb""},""upload_data"":{""date"":""2026-07-02"",""run_id"":""e9518277e225485f801d89bd8a4f89fc""}}"
642,267,"24.270905900000002 , 55.7644838","24.5153798 , 55.51999120000001",urban-urban,rural,2762,"{""sample_routes"":{""date"":""2026-07-01"",""run_id"":""fcdac6b517fa4767ae7de180abf96bfe""},""join_samples"":{""date"":""2026-07-02"",""run_id"":""9e4e33f802cb4dde8190122e3fffbfbb""},""upload_data"":{""date"":""2026-07-02"",""run_id"":""e9518277e225485f801d89bd8a4f89fc""}}"
643,268,"25.2799008 , 55.85573410000001","25.5202162 , 55.614594100000005",urban-rural,rural,2763,"{""sample_routes"":{""date"":""2026-07-01"",""run_id"":""fcdac6b517fa4767ae7de180abf96bfe""},""join_samples"":{""date"":""2026-07-02"",""run_id"":""9e4e33f802cb4dde8190122e3fffbfbb""},""upload_data"":{""date"":""2026-07-02"",""run_id"":""e9518277e225485f801d89bd8a4f89fc""}}"
644,269,"24.3682553 , 54.629846400000005","24.367655600000003 , 54.96407790000001",rural-rural,rural,2765,"{""sample_routes"":{""date"":""2026-07-01"",""run_id"":""fcdac6b517fa4767ae7de180abf96bfe""},""join_samples"":{""date"":""2026-07-02"",""run_id"":""9e4e33f802cb4dde8190122e3fffbfbb""},""upload_data"":{""date"":""2026-07-02"",""run_id"":""e9518277e225485f801d89bd8a4f89fc""}}"
645,270,"25.064966100000003 , 55.603791400000006","25.064125100000002 , 55.209542400000004",urban-urban,rural,2766,"{""sample_routes"":{""date"":""2026-07-01"",""run_id"":""fcdac6b517fa4767ae7de180abf96bfe""},""join_samples"":{""date"":""2026-07-02"",""run_id"":""9e4e33f802cb4dde8190122e3fffbfbb""},""upload_data"":{""date"":""2026-07-02"",""run_id"":""e9518277e225485f801d89bd8a4f89fc""}}"
646,271,"25.3105429 , 55.7227011","25.3110274 , 55.3399968",urban-urban,rural,2771,"{""sample_routes"":{""date"":""2026-07-01"",""run_id"":""fcdac6b517fa4767ae7de180abf96bfe""},""join_samples"":{""date"":""2026-07-02"",""run_id"":""9e4e33f802cb4dde8190122e3fffbfbb""},""upload_data"":{""date"":""2026-07-02"",""run_id"":""e9518277e225485f801d89bd8a4f89fc""}}"
647,272,"24.2806415 , 54.6820213","24.654193600000003 , 54.6824443",rural-urban,rural,2772,"{""sample_routes"":{""date"":""2026-07-01"",""run_id"":""fcdac6b517fa4767ae7de180abf96bfe""},""join_samples"":{""date"":""2026-07-02"",""run_id"":""9e4e33f802cb4dde8190122e3fffbfbb""},""upload_data"":{""date"":""2026-07-02"",""run_id"":""e9518277e225485f801d89bd8a4f89fc""}}"
648,273,"24.319471500000002 , 54.721907900000005","24.169509700000003 , 54.8715787",rural-urban,rural,2622,"{""sample_routes"":{""date"":""2026-07-01"",""run_id"":""fcdac6b517fa4767ae7de180abf96bfe""},""join_samples"":{""date"":""2026-07-02"",""run_id"":""9e4e33f802cb4dde8190122e3fffbfbb""},""upload_data"":{""date"":""2026-07-02"",""run_id"":""e9518277e225485f801d89bd8a4f89fc""}}"
649,274,"25.041996700000002 , 55.180496100000006","25.041401 , 55.58773",urban-rural,rural,2613,"{""sample_routes"":{""date"":""2026-07-01"",""run_id"":""fcdac6b517fa4767ae7de180abf96bfe""},""join_samples"":{""date"":""2026-07-02"",""run_id"":""9e4e33f802cb4dde8190122e3fffbfbb""},""upload_data"":{""date"":""2026-07-02"",""run_id"":""e9518277e225485f801d89bd8a4f89fc""}}"
650,275,"24.370722200000003 , 54.568197100000006","24.370402600000002 , 54.838722000000004",rural-rural,rural,2788,"{""sample_routes"":{""date"":""2026-07-01"",""run_id"":""fcdac6b517fa4767ae7de180abf96bfe""},""join_samples"":{""date"":""2026-07-02"",""run_id"":""9e4e33f802cb4dde8190122e3fffbfbb""},""upload_data"":{""date"":""2026-07-02"",""run_id"":""e9518277e225485f801d89bd8a4f89fc""}}"
651,276,"25.393130900000003 , 56.0517952","25.5550542 , 55.88954330000001",rural-rural,rural,2791,"{""sample_routes"":{""date"":""2026-07-01"",""run_id"":""fcdac6b517fa4767ae7de180abf96bfe""},""join_samples"":{""date"":""2026-07-02"",""run_id"":""9e4e33f802cb4dde8190122e3fffbfbb""},""upload_data"":{""date"":""2026-07-02"",""run_id"":""e9518277e225485f801d89bd8a4f89fc""}}"
652,277,"25.1893402 , 55.425846","24.8937297 , 55.425873800000005",urban-rural,rural,2793,"{""sample_routes"":{""date"":""2026-07-01"",""run_id"":""fcdac6b517fa4767ae7de180abf96bfe""},""join_samples"":{""date"":""2026-07-02"",""run_id"":""9e4e33f802cb4dde8190122e3fffbfbb""},""upload_data"":{""date"":""2026-07-02"",""run_id"":""e9518277e225485f801d89bd8a4f89fc""}}"
653,278,"25.396585 , 55.4723898","25.3973283 , 55.8259607",urban-urban,rural,2604,"{""sample_routes"":{""date"":""2026-07-01"",""run_id"":""fcdac6b517fa4767ae7de180abf96bfe""},""join_samples"":{""date"":""2026-07-02"",""run_id"":""9e4e33f802cb4dde8190122e3fffbfbb""},""upload_data"":{""date"":""2026-07-02"",""run_id"":""e9518277e225485f801d89bd8a4f89fc""}}"
654,279,"24.043860900000002 , 53.929494000000005","24.044433400000003 , 53.5814407",rural-urban,rural,2600,"{""sample_routes"":{""date"":""2026-07-01"",""run_id"":""fcdac6b517fa4767ae7de180abf96bfe""},""join_samples"":{""date"":""2026-07-02"",""run_id"":""9e4e33f802cb4dde8190122e3fffbfbb""},""upload_data"":{""date"":""2026-07-02"",""run_id"":""e9518277e225485f801d89bd8a4f89fc""}}"
655,280,"23.624621700000002 , 53.691945800000006","23.624042600000003 , 53.4121536",urban-rural,rural,2598,"{""sample_routes"":{""date"":""2026-07-01"",""run_id"":""fcdac6b517fa4767ae7de180abf96bfe""},""join_samples"":{""date"":""2026-07-02"",""run_id"":""9e4e33f802cb4dde8190122e3fffbfbb""},""upload_data"":{""date"":""2026-07-02"",""run_id"":""e9518277e225485f801d89bd8a4f89fc""}}"
656,281,"24.2640044 , 55.731008200000005","24.692950600000003 , 55.7312925",urban-rural,rural,2806,"{""sample_routes"":{""date"":""2026-07-01"",""run_id"":""fcdac6b517fa4767ae7de180abf96bfe""},""join_samples"":{""date"":""2026-07-02"",""run_id"":""9e4e33f802cb4dde8190122e3fffbfbb""},""upload_data"":{""date"":""2026-07-02"",""run_id"":""e9518277e225485f801d89bd8a4f89fc""}}"
657,282,"25.0155719 , 55.818642200000006","25.258423 , 55.574969800000005",rural-rural,rural,2810,"{""sample_routes"":{""date"":""2026-07-01"",""run_id"":""fcdac6b517fa4767ae7de180abf96bfe""},""join_samples"":{""date"":""2026-07-02"",""run_id"":""9e4e33f802cb4dde8190122e3fffbfbb""},""upload_data"":{""date"":""2026-07-02"",""run_id"":""e9518277e225485f801d89bd8a4f89fc""}}"
658,283,"25.1607953 , 55.266335100000006","25.4896098 , 55.595586100000006",urban-urban,rural,2810,"{""sample_routes"":{""date"":""2026-07-01"",""run_id"":""fcdac6b517fa4767ae7de180abf96bfe""},""join_samples"":{""date"":""2026-07-02"",""run_id"":""9e4e33f802cb4dde8190122e3fffbfbb""},""upload_data"":{""date"":""2026-07-02"",""run_id"":""e9518277e225485f801d89bd8a4f89fc""}}"
659,284,"25.520335900000003 , 55.540917300000004","25.1591492 , 55.541598500000006",urban-urban,rural,2589,"{""sample_routes"":{""date"":""2026-07-01"",""run_id"":""fcdac6b517fa4767ae7de180abf96bfe""},""join_samples"":{""date"":""2026-07-02"",""run_id"":""9e4e33f802cb4dde8190122e3fffbfbb""},""upload_data"":{""date"":""2026-07-02"",""run_id"":""e9518277e225485f801d89bd8a4f89fc""}}"
660,285,"25.027084400000003 , 56.364762400000004","25.2973743 , 56.0949662",rural-rural,rural,2818,"{""sample_routes"":{""date"":""2026-07-01"",""run_id"":""fcdac6b517fa4767ae7de180abf96bfe""},""join_samples"":{""date"":""2026-07-02"",""run_id"":""9e4e33f802cb4dde8190122e3fffbfbb""},""upload_data"":{""date"":""2026-07-02"",""run_id"":""e9518277e225485f801d89bd8a4f89fc""}}"
661,286,"25.3828141 , 55.4642659","25.3827363 , 55.860176100000004",rural-urban,rural,2574,"{""sample_routes"":{""date"":""2026-07-01"",""run_id"":""fcdac6b517fa4767ae7de180abf96bfe""},""join_samples"":{""date"":""2026-07-02"",""run_id"":""9e4e33f802cb4dde8190122e3fffbfbb""},""upload_data"":{""date"":""2026-07-02"",""run_id"":""e9518277e225485f801d89bd8a4f89fc""}}"
662,287,"25.017491900000003 , 55.829838200000005","25.2573326 , 55.590455500000004",rural-urban,rural,2834,"{""sample_routes"":{""date"":""2026-07-01"",""run_id"":""fcdac6b517fa4767ae7de180abf96bfe""},""join_samples"":{""date"":""2026-07-02"",""run_id"":""9e4e33f802cb4dde8190122e3fffbfbb""},""upload_data"":{""date"":""2026-07-02"",""run_id"":""e9518277e225485f801d89bd8a4f89fc""}}"
663,288,"25.377470600000002 , 55.42851640000001","25.3770397 , 55.8541316",urban-urban,rural,2838,"{""sample_routes"":{""date"":""2026-07-01"",""run_id"":""fcdac6b517fa4767ae7de180abf96bfe""},""join_samples"":{""date"":""2026-07-02"",""run_id"":""9e4e33f802cb4dde8190122e3fffbfbb""},""upload_data"":{""date"":""2026-07-02"",""run_id"":""e9518277e225485f801d89bd8a4f89fc""}}"
664,289,"24.573906800000003 , 54.747520400000006","24.2907769 , 54.4646411",rural-urban,rural,2839,"{""sample_routes"":{""date"":""2026-07-01"",""run_id"":""fcdac6b517fa4767ae7de180abf96bfe""},""join_samples"":{""date"":""2026-07-02"",""run_id"":""9e4e33f802cb4dde8190122e3fffbfbb""},""upload_data"":{""date"":""2026-07-02"",""run_id"":""e9518277e225485f801d89bd8a4f89fc""}}"
665,290,"25.114797600000003 , 56.339334900000004","25.1151151 , 55.870169700000005",urban-rural,rural,2561,"{""sample_routes"":{""date"":""2026-07-01"",""run_id"":""fcdac6b517fa4767ae7de180abf96bfe""},""join_samples"":{""date"":""2026-07-02"",""run_id"":""9e4e33f802cb4dde8190122e3fffbfbb""},""upload_data"":{""date"":""2026-07-02"",""run_id"":""e9518277e225485f801d89bd8a4f89fc""}}"
666,291,"25.050815 , 56.343832600000006","25.050597300000003 , 56.010659000000004",urban-rural,rural,2559,"{""sample_routes"":{""date"":""2026-07-01"",""run_id"":""fcdac6b517fa4767ae7de180abf96bfe""},""join_samples"":{""date"":""2026-07-02"",""run_id"":""9e4e33f802cb4dde8190122e3fffbfbb""},""upload_data"":{""date"":""2026-07-02"",""run_id"":""e9518277e225485f801d89bd8a4f89fc""}}"
667,292,"23.424563000000003 , 55.4363564","23.601518900000002 , 55.435777900000005",rural-urban,rural,2841,"{""sample_routes"":{""date"":""2026-07-01"",""run_id"":""fcdac6b517fa4767ae7de180abf96bfe""},""join_samples"":{""date"":""2026-07-02"",""run_id"":""9e4e33f802cb4dde8190122e3fffbfbb""},""upload_data"":{""date"":""2026-07-02"",""run_id"":""e9518277e225485f801d89bd8a4f89fc""}}"
668,293,"24.312838300000003 , 55.756851700000006","24.1246824 , 55.568802100000006",urban-rural,rural,2559,"{""sample_routes"":{""date"":""2026-07-01"",""run_id"":""fcdac6b517fa4767ae7de180abf96bfe""},""join_samples"":{""date"":""2026-07-02"",""run_id"":""9e4e33f802cb4dde8190122e3fffbfbb""},""upload_data"":{""date"":""2026-07-02"",""run_id"":""e9518277e225485f801d89bd8a4f89fc""}}"
669,294,"25.2825981 , 55.359465300000004","25.002299700000002 , 55.3596112",urban-rural,rural,2558,"{""sample_routes"":{""date"":""2026-07-01"",""run_id"":""fcdac6b517fa4767ae7de180abf96bfe""},""join_samples"":{""date"":""2026-07-02"",""run_id"":""9e4e33f802cb4dde8190122e3fffbfbb""},""upload_data"":{""date"":""2026-07-02"",""run_id"":""e9518277e225485f801d89bd8a4f89fc""}}"
670,295,"24.2147305 , 55.501067400000004","24.2146234 , 54.9222837",urban-urban,rural,2848,"{""sample_routes"":{""date"":""2026-07-01"",""run_id"":""fcdac6b517fa4767ae7de180abf96bfe""},""join_samples"":{""date"":""2026-07-02"",""run_id"":""9e4e33f802cb4dde8190122e3fffbfbb""},""upload_data"":{""date"":""2026-07-02"",""run_id"":""e9518277e225485f801d89bd8a4f89fc""}}"
671,296,"25.287801100000003 , 55.8525362","25.519759800000003 , 55.62015280000001",urban-rural,rural,2850,"{""sample_routes"":{""date"":""2026-07-01"",""run_id"":""fcdac6b517fa4767ae7de180abf96bfe""},""join_samples"":{""date"":""2026-07-02"",""run_id"":""9e4e33f802cb4dde8190122e3fffbfbb""},""upload_data"":{""date"":""2026-07-02"",""run_id"":""e9518277e225485f801d89bd8a4f89fc""}}"
672,297,"25.1520504 , 55.358221400000005","25.525167000000003 , 55.7320829",urban-rural,rural,2850,"{""sample_routes"":{""date"":""2026-07-01"",""run_id"":""fcdac6b517fa4767ae7de180abf96bfe""},""join_samples"":{""date"":""2026-07-02"",""run_id"":""9e4e33f802cb4dde8190122e3fffbfbb""},""upload_data"":{""date"":""2026-07-02"",""run_id"":""e9518277e225485f801d89bd8a4f89fc""}}"
673,298,"23.133708300000002 , 53.74429790000001","23.4912691 , 53.7440219",urban-rural,rural,2853,"{""sample_routes"":{""date"":""2026-07-01"",""run_id"":""fcdac6b517fa4767ae7de180abf96bfe""},""join_samples"":{""date"":""2026-07-02"",""run_id"":""9e4e33f802cb4dde8190122e3fffbfbb""},""upload_data"":{""date"":""2026-07-02"",""run_id"":""e9518277e225485f801d89bd8a4f89fc""}}"
674,299,"25.6649838 , 55.884902600000004","25.4971688 , 56.051984700000006",urban-urban,rural,2543,"{""sample_routes"":{""date"":""2026-07-01"",""run_id"":""fcdac6b517fa4767ae7de180abf96bfe""},""join_samples"":{""date"":""2026-07-02"",""run_id"":""9e4e33f802cb4dde8190122e3fffbfbb""},""upload_data"":{""date"":""2026-07-02"",""run_id"":""e9518277e225485f801d89bd8a4f89fc""}}"
675,300,"24.1193005 , 55.713971400000005","24.1187362 , 55.3980821",urban-rural,rural,2858,"{""sample_routes"":{""date"":""2026-07-01"",""run_id"":""fcdac6b517fa4767ae7de180abf96bfe""},""join_samples"":{""date"":""2026-07-02"",""run_id"":""9e4e33f802cb4dde8190122e3fffbfbb""},""upload_data"":{""date"":""2026-07-02"",""run_id"":""e9518277e225485f801d89bd8a4f89fc""}}"
676,301,"24.376449 , 54.672724300000006","24.157772 , 54.891133800000006",urban-urban,rural,2861,"{""sample_routes"":{""date"":""2026-07-01"",""run_id"":""fcdac6b517fa4767ae7de180abf96bfe""},""join_samples"":{""date"":""2026-07-02"",""run_id"":""9e4e33f802cb4dde8190122e3fffbfbb""},""upload_data"":{""date"":""2026-07-02"",""run_id"":""e9518277e225485f801d89bd8a4f89fc""}}"
677,302,"24.294008 , 54.6427775","24.622581800000003 , 54.6434573",rural-urban,rural,2534,"{""sample_routes"":{""date"":""2026-07-01"",""run_id"":""fcdac6b517fa4767ae7de180abf96bfe""},""join_samples"":{""date"":""2026-07-02"",""run_id"":""9e4e33f802cb4dde8190122e3fffbfbb""},""upload_data"":{""date"":""2026-07-02"",""run_id"":""e9518277e225485f801d89bd8a4f89fc""}}"
678,303,"25.220367600000003 , 56.355561","25.221104500000003 , 55.9390827",rural-rural,rural,2866,"{""sample_routes"":{""date"":""2026-07-01"",""run_id"":""fcdac6b517fa4767ae7de180abf96bfe""},""join_samples"":{""date"":""2026-07-02"",""run_id"":""9e4e33f802cb4dde8190122e3fffbfbb""},""upload_data"":{""date"":""2026-07-02"",""run_id"":""e9518277e225485f801d89bd8a4f89fc""}}"
679,304,"25.137914700000003 , 55.2561369","25.4935791 , 55.612040900000004",urban-urban,rural,2873,"{""sample_routes"":{""date"":""2026-07-01"",""run_id"":""fcdac6b517fa4767ae7de180abf96bfe""},""join_samples"":{""date"":""2026-07-02"",""run_id"":""9e4e33f802cb4dde8190122e3fffbfbb""},""upload_data"":{""date"":""2026-07-02"",""run_id"":""e9518277e225485f801d89bd8a4f89fc""}}"
680,305,"24.9846067 , 55.1989996","24.817115 , 55.366022",rural-rural,rural,2526,"{""sample_routes"":{""date"":""2026-07-01"",""run_id"":""fcdac6b517fa4767ae7de180abf96bfe""},""join_samples"":{""date"":""2026-07-02"",""run_id"":""9e4e33f802cb4dde8190122e3fffbfbb""},""upload_data"":{""date"":""2026-07-02"",""run_id"":""e9518277e225485f801d89bd8a4f89fc""}}"
681,306,"25.017840200000002 , 56.335765900000006","25.227999200000003 , 56.125748200000004",urban-rural,rural,2874,"{""sample_routes"":{""date"":""2026-07-01"",""run_id"":""fcdac6b517fa4767ae7de180abf96bfe""},""join_samples"":{""date"":""2026-07-02"",""run_id"":""9e4e33f802cb4dde8190122e3fffbfbb""},""upload_data"":{""date"":""2026-07-02"",""run_id"":""e9518277e225485f801d89bd8a4f89fc""}}"
682,307,"25.0713121 , 55.809190400000006","25.010983200000002 , 55.869963000000006",rural-rural,rural,2526,"{""sample_routes"":{""date"":""2026-07-01"",""run_id"":""fcdac6b517fa4767ae7de180abf96bfe""},""join_samples"":{""date"":""2026-07-02"",""run_id"":""9e4e33f802cb4dde8190122e3fffbfbb""},""upload_data"":{""date"":""2026-07-02"",""run_id"":""e9518277e225485f801d89bd8a4f89fc""}}"
683,308,"24.2636012 , 55.725490400000005","24.0957881 , 55.8929455",urban-urban,rural,2525,"{""sample_routes"":{""date"":""2026-07-01"",""run_id"":""fcdac6b517fa4767ae7de180abf96bfe""},""join_samples"":{""date"":""2026-07-02"",""run_id"":""9e4e33f802cb4dde8190122e3fffbfbb""},""upload_data"":{""date"":""2026-07-02"",""run_id"":""e9518277e225485f801d89bd8a4f89fc""}}"
684,309,"24.346781800000002 , 55.785093200000006","24.1704629 , 55.960691600000004",urban-urban,rural,2879,"{""sample_routes"":{""date"":""2026-07-01"",""run_id"":""fcdac6b517fa4767ae7de180abf96bfe""},""join_samples"":{""date"":""2026-07-02"",""run_id"":""9e4e33f802cb4dde8190122e3fffbfbb""},""upload_data"":{""date"":""2026-07-02"",""run_id"":""e9518277e225485f801d89bd8a4f89fc""}}"
685,310,"25.0392341 , 55.122428500000005","24.724596400000003 , 55.122216",urban-rural,rural,2513,"{""sample_routes"":{""date"":""2026-07-01"",""run_id"":""fcdac6b517fa4767ae7de180abf96bfe""},""join_samples"":{""date"":""2026-07-02"",""run_id"":""9e4e33f802cb4dde8190122e3fffbfbb""},""upload_data"":{""date"":""2026-07-02"",""run_id"":""e9518277e225485f801d89bd8a4f89fc""}}"
686,311,"25.388137 , 55.436233900000005","25.3889645 , 55.8466414",rural-urban,rural,2895,"{""sample_routes"":{""date"":""2026-07-01"",""run_id"":""fcdac6b517fa4767ae7de180abf96bfe""},""join_samples"":{""date"":""2026-07-02"",""run_id"":""9e4e33f802cb4dde8190122e3fffbfbb""},""upload_data"":{""date"":""2026-07-02"",""run_id"":""e9518277e225485f801d89bd8a4f89fc""}}"
687,312,"25.2183338 , 55.4051254","25.218686 , 55.8824703",rural-urban,rural,2896,"{""sample_routes"":{""date"":""2026-07-01"",""run_id"":""fcdac6b517fa4767ae7de180abf96bfe""},""join_samples"":{""date"":""2026-07-02"",""run_id"":""9e4e33f802cb4dde8190122e3fffbfbb""},""upload_data"":{""date"":""2026-07-02"",""run_id"":""e9518277e225485f801d89bd8a4f89fc""}}"
688,313,"25.049446800000002 , 56.35757280000001","25.048823900000002 , 55.89533290000001",urban-rural,rural,2896,"{""sample_routes"":{""date"":""2026-07-01"",""run_id"":""fcdac6b517fa4767ae7de180abf96bfe""},""join_samples"":{""date"":""2026-07-02"",""run_id"":""9e4e33f802cb4dde8190122e3fffbfbb""},""upload_data"":{""date"":""2026-07-02"",""run_id"":""e9518277e225485f801d89bd8a4f89fc""}}"
689,314,"24.1044561 , 55.710815700000005","24.1040324 , 55.4005444",urban-rural,rural,2903,"{""sample_routes"":{""date"":""2026-07-01"",""run_id"":""fcdac6b517fa4767ae7de180abf96bfe""},""join_samples"":{""date"":""2026-07-02"",""run_id"":""9e4e33f802cb4dde8190122e3fffbfbb""},""upload_data"":{""date"":""2026-07-02"",""run_id"":""e9518277e225485f801d89bd8a4f89fc""}}"
690,315,"25.1248234 , 56.346440900000005","25.125356 , 55.889818700000006",urban-urban,rural,2497,"{""sample_routes"":{""date"":""2026-07-01"",""run_id"":""fcdac6b517fa4767ae7de180abf96bfe""},""join_samples"":{""date"":""2026-07-02"",""run_id"":""9e4e33f802cb4dde8190122e3fffbfbb""},""upload_data"":{""date"":""2026-07-02"",""run_id"":""e9518277e225485f801d89bd8a4f89fc""}}"
691,316,"25.040414700000003 , 55.255817900000004","25.040580000000002 , 55.6894852",rural-rural,rural,2904,"{""sample_routes"":{""date"":""2026-07-01"",""run_id"":""fcdac6b517fa4767ae7de180abf96bfe""},""join_samples"":{""date"":""2026-07-02"",""run_id"":""9e4e33f802cb4dde8190122e3fffbfbb""},""upload_data"":{""date"":""2026-07-02"",""run_id"":""e9518277e225485f801d89bd8a4f89fc""}}"
692,317,"24.820724100000003 , 56.0577837","25.0569336 , 55.82213960000001",urban-rural,rural,2905,"{""sample_routes"":{""date"":""2026-07-01"",""run_id"":""fcdac6b517fa4767ae7de180abf96bfe""},""join_samples"":{""date"":""2026-07-02"",""run_id"":""9e4e33f802cb4dde8190122e3fffbfbb""},""upload_data"":{""date"":""2026-07-02"",""run_id"":""e9518277e225485f801d89bd8a4f89fc""}}"
693,318,"25.345849 , 55.431530200000005","25.6622014 , 55.747785900000004",urban-rural,rural,2905,"{""sample_routes"":{""date"":""2026-07-01"",""run_id"":""fcdac6b517fa4767ae7de180abf96bfe""},""join_samples"":{""date"":""2026-07-02"",""run_id"":""9e4e33f802cb4dde8190122e3fffbfbb""},""upload_data"":{""date"":""2026-07-02"",""run_id"":""e9518277e225485f801d89bd8a4f89fc""}}"
694,319,"25.270813800000003 , 55.5835991","25.0125661 , 55.8413751",urban-urban,rural,2905,"{""sample_routes"":{""date"":""2026-07-01"",""run_id"":""fcdac6b517fa4767ae7de180abf96bfe""},""join_samples"":{""date"":""2026-07-02"",""run_id"":""9e4e33f802cb4dde8190122e3fffbfbb""},""upload_data"":{""date"":""2026-07-02"",""run_id"":""e9518277e225485f801d89bd8a4f89fc""}}"
695,320,"24.2890142 , 55.782835600000006","24.127800200000003 , 55.9446864",urban-rural,rural,2911,"{""sample_routes"":{""date"":""2026-07-01"",""run_id"":""fcdac6b517fa4767ae7de180abf96bfe""},""join_samples"":{""date"":""2026-07-02"",""run_id"":""9e4e33f802cb4dde8190122e3fffbfbb""},""upload_data"":{""date"":""2026-07-02"",""run_id"":""e9518277e225485f801d89bd8a4f89fc""}}"
696,321,"25.1904776 , 55.4086956","24.947452100000003 , 55.652330400000004",rural-rural,rural,2485,"{""sample_routes"":{""date"":""2026-07-01"",""run_id"":""fcdac6b517fa4767ae7de180abf96bfe""},""join_samples"":{""date"":""2026-07-02"",""run_id"":""9e4e33f802cb4dde8190122e3fffbfbb""},""upload_data"":{""date"":""2026-07-02"",""run_id"":""e9518277e225485f801d89bd8a4f89fc""}}"
697,322,"25.1894861 , 56.235980100000006","25.445328 , 55.980172",urban-urban,rural,2927,"{""sample_routes"":{""date"":""2026-07-01"",""run_id"":""fcdac6b517fa4767ae7de180abf96bfe""},""join_samples"":{""date"":""2026-07-02"",""run_id"":""9e4e33f802cb4dde8190122e3fffbfbb""},""upload_data"":{""date"":""2026-07-02"",""run_id"":""e9518277e225485f801d89bd8a4f89fc""}}"
698,323,"24.1893625 , 55.016729000000005","24.424982800000002 , 55.0162892",urban-rural,rural,2466,"{""sample_routes"":{""date"":""2026-07-01"",""run_id"":""fcdac6b517fa4767ae7de180abf96bfe""},""join_samples"":{""date"":""2026-07-02"",""run_id"":""9e4e33f802cb4dde8190122e3fffbfbb""},""upload_data"":{""date"":""2026-07-02"",""run_id"":""e9518277e225485f801d89bd8a4f89fc""}}"
699,324,"25.655855300000002 , 55.8550747","25.332621200000002 , 55.8552874",rural-rural,rural,2934,"{""sample_routes"":{""date"":""2026-07-01"",""run_id"":""fcdac6b517fa4767ae7de180abf96bfe""},""join_samples"":{""date"":""2026-07-02"",""run_id"":""9e4e33f802cb4dde8190122e3fffbfbb""},""upload_data"":{""date"":""2026-07-02"",""run_id"":""e9518277e225485f801d89bd8a4f89fc""}}"
700,325,"24.1217565 , 55.688984600000005","24.4030111 , 55.6889715",urban-urban,rural,2944,"{""sample_routes"":{""date"":""2026-07-01"",""run_id"":""fcdac6b517fa4767ae7de180abf96bfe""},""join_samples"":{""date"":""2026-07-02"",""run_id"":""9e4e33f802cb4dde8190122e3fffbfbb""},""upload_data"":{""date"":""2026-07-02"",""run_id"":""e9518277e225485f801d89bd8a4f89fc""}}"
701,326,"25.0654258 , 55.3199094","25.066205 , 55.600369",urban-rural,rural,2945,"{""sample_routes"":{""date"":""2026-07-01"",""run_id"":""fcdac6b517fa4767ae7de180abf96bfe""},""join_samples"":{""date"":""2026-07-02"",""run_id"":""9e4e33f802cb4dde8190122e3fffbfbb""},""upload_data"":{""date"":""2026-07-02"",""run_id"":""e9518277e225485f801d89bd8a4f89fc""}}"
702,327,"25.3533219 , 55.601631000000005","25.3538089 , 56.027564000000005",urban-urban,rural,2946,"{""sample_routes"":{""date"":""2026-07-01"",""run_id"":""fcdac6b517fa4767ae7de180abf96bfe""},""join_samples"":{""date"":""2026-07-02"",""run_id"":""9e4e33f802cb4dde8190122e3fffbfbb""},""upload_data"":{""date"":""2026-07-02"",""run_id"":""e9518277e225485f801d89bd8a4f89fc""}}"
703,328,"25.0024665 , 55.9216854","25.319588600000003 , 55.9211553",rural-rural,rural,2950,"{""sample_routes"":{""date"":""2026-07-01"",""run_id"":""fcdac6b517fa4767ae7de180abf96bfe""},""join_samples"":{""date"":""2026-07-02"",""run_id"":""9e4e33f802cb4dde8190122e3fffbfbb""},""upload_data"":{""date"":""2026-07-02"",""run_id"":""e9518277e225485f801d89bd8a4f89fc""}}"
704,329,"24.695348600000003 , 54.78137400000001","24.367379200000002 , 54.7812594",rural-urban,rural,2955,"{""sample_routes"":{""date"":""2026-07-01"",""run_id"":""fcdac6b517fa4767ae7de180abf96bfe""},""join_samples"":{""date"":""2026-07-02"",""run_id"":""9e4e33f802cb4dde8190122e3fffbfbb""},""upload_data"":{""date"":""2026-07-02"",""run_id"":""e9518277e225485f801d89bd8a4f89fc""}}"
705,330,"24.520999600000003 , 54.66709470000001","24.2237978 , 54.6675235",urban-urban,rural,2443,"{""sample_routes"":{""date"":""2026-07-01"",""run_id"":""fcdac6b517fa4767ae7de180abf96bfe""},""join_samples"":{""date"":""2026-07-02"",""run_id"":""9e4e33f802cb4dde8190122e3fffbfbb""},""upload_data"":{""date"":""2026-07-02"",""run_id"":""e9518277e225485f801d89bd8a4f89fc""}}"
706,331,"25.3645889 , 55.48104300000001","25.099565600000002 , 55.2155695",urban-urban,rural,2442,"{""sample_routes"":{""date"":""2026-07-01"",""run_id"":""fcdac6b517fa4767ae7de180abf96bfe""},""join_samples"":{""date"":""2026-07-02"",""run_id"":""9e4e33f802cb4dde8190122e3fffbfbb""},""upload_data"":{""date"":""2026-07-02"",""run_id"":""e9518277e225485f801d89bd8a4f89fc""}}"
707,332,"24.491639300000003 , 55.7406914","24.15088 , 55.7406043",urban-rural,rural,2960,"{""sample_routes"":{""date"":""2026-07-01"",""run_id"":""fcdac6b517fa4767ae7de180abf96bfe""},""join_samples"":{""date"":""2026-07-02"",""run_id"":""9e4e33f802cb4dde8190122e3fffbfbb""},""upload_data"":{""date"":""2026-07-02"",""run_id"":""e9518277e225485f801d89bd8a4f89fc""}}"
708,333,"24.210509000000002 , 54.814570200000006","24.4294727 , 54.8141143",rural-rural,rural,2434,"{""sample_routes"":{""date"":""2026-07-01"",""run_id"":""fcdac6b517fa4767ae7de180abf96bfe""},""join_samples"":{""date"":""2026-07-02"",""run_id"":""9e4e33f802cb4dde8190122e3fffbfbb""},""upload_data"":{""date"":""2026-07-02"",""run_id"":""e9518277e225485f801d89bd8a4f89fc""}}"
709,334,"24.4210156 , 54.5152221","24.789031700000002 , 54.883535800000004",rural-rural,rural,2429,"{""sample_routes"":{""date"":""2026-07-01"",""run_id"":""fcdac6b517fa4767ae7de180abf96bfe""},""join_samples"":{""date"":""2026-07-02"",""run_id"":""9e4e33f802cb4dde8190122e3fffbfbb""},""upload_data"":{""date"":""2026-07-02"",""run_id"":""e9518277e225485f801d89bd8a4f89fc""}}"
710,335,"25.2404788 , 56.068150300000006","24.982799800000002 , 56.067755600000005",urban-rural,rural,2975,"{""sample_routes"":{""date"":""2026-07-01"",""run_id"":""fcdac6b517fa4767ae7de180abf96bfe""},""join_samples"":{""date"":""2026-07-02"",""run_id"":""9e4e33f802cb4dde8190122e3fffbfbb""},""upload_data"":{""date"":""2026-07-02"",""run_id"":""e9518277e225485f801d89bd8a4f89fc""}}"
711,336,"24.2492027 , 55.7294988","24.2489284 , 55.3420776",urban-rural,rural,2976,"{""sample_routes"":{""date"":""2026-07-01"",""run_id"":""fcdac6b517fa4767ae7de180abf96bfe""},""join_samples"":{""date"":""2026-07-02"",""run_id"":""9e4e33f802cb4dde8190122e3fffbfbb""},""upload_data"":{""date"":""2026-07-02"",""run_id"":""e9518277e225485f801d89bd8a4f89fc""}}"
712,337,"25.3798616 , 55.6062534","25.0744726 , 55.91126920000001",rural-rural,rural,2979,"{""sample_routes"":{""date"":""2026-07-01"",""run_id"":""fcdac6b517fa4767ae7de180abf96bfe""},""join_samples"":{""date"":""2026-07-02"",""run_id"":""9e4e33f802cb4dde8190122e3fffbfbb""},""upload_data"":{""date"":""2026-07-02"",""run_id"":""e9518277e225485f801d89bd8a4f89fc""}}"
713,338,"25.253984900000003 , 55.5880147","25.5556485 , 55.889042700000005",rural-rural,rural,2987,"{""sample_routes"":{""date"":""2026-07-01"",""run_id"":""fcdac6b517fa4767ae7de180abf96bfe""},""join_samples"":{""date"":""2026-07-02"",""run_id"":""9e4e33f802cb4dde8190122e3fffbfbb""},""upload_data"":{""date"":""2026-07-02"",""run_id"":""e9518277e225485f801d89bd8a4f89fc""}}"
714,339,"24.173147500000002 , 54.646086600000004","24.4300412 , 54.389364",urban-urban,rural,2993,"{""sample_routes"":{""date"":""2026-07-01"",""run_id"":""fcdac6b517fa4767ae7de180abf96bfe""},""join_samples"":{""date"":""2026-07-02"",""run_id"":""9e4e33f802cb4dde8190122e3fffbfbb""},""upload_data"":{""date"":""2026-07-02"",""run_id"":""e9518277e225485f801d89bd8a4f89fc""}}"
715,340,"24.2170302 , 55.5976555","24.4726418 , 55.341262300000004",urban-rural,rural,2997,"{""sample_routes"":{""date"":""2026-07-01"",""run_id"":""fcdac6b517fa4767ae7de180abf96bfe""},""join_samples"":{""date"":""2026-07-02"",""run_id"":""9e4e33f802cb4dde8190122e3fffbfbb""},""upload_data"":{""date"":""2026-07-02"",""run_id"":""e9518277e225485f801d89bd8a4f89fc""}}"
716,341,"25.3501438 , 55.4397461","24.904712800000002 , 55.4394373",urban-rural,rural,3008,"{""sample_routes"":{""date"":""2026-07-01"",""run_id"":""fcdac6b517fa4767ae7de180abf96bfe""},""join_samples"":{""date"":""2026-07-02"",""run_id"":""9e4e33f802cb4dde8190122e3fffbfbb""},""upload_data"":{""date"":""2026-07-02"",""run_id"":""e9518277e225485f801d89bd8a4f89fc""}}"
717,342,"25.193374300000002 , 55.7477188","25.4133962 , 55.527192500000005",urban-rural,rural,3011,"{""sample_routes"":{""date"":""2026-07-01"",""run_id"":""fcdac6b517fa4767ae7de180abf96bfe""},""join_samples"":{""date"":""2026-07-02"",""run_id"":""9e4e33f802cb4dde8190122e3fffbfbb""},""upload_data"":{""date"":""2026-07-02"",""run_id"":""e9518277e225485f801d89bd8a4f89fc""}}"
718,343,"25.535418200000002 , 56.1560818","25.2418522 , 56.155978600000005",rural-rural,rural,3013,"{""sample_routes"":{""date"":""2026-07-01"",""run_id"":""fcdac6b517fa4767ae7de180abf96bfe""},""join_samples"":{""date"":""2026-07-02"",""run_id"":""9e4e33f802cb4dde8190122e3fffbfbb""},""upload_data"":{""date"":""2026-07-02"",""run_id"":""e9518277e225485f801d89bd8a4f89fc""}}"
719,344,"25.263720600000003 , 55.4566097","25.2642607 , 55.92111130000001",rural-rural,rural,3014,"{""sample_routes"":{""date"":""2026-07-01"",""run_id"":""fcdac6b517fa4767ae7de180abf96bfe""},""join_samples"":{""date"":""2026-07-02"",""run_id"":""9e4e33f802cb4dde8190122e3fffbfbb""},""upload_data"":{""date"":""2026-07-02"",""run_id"":""e9518277e225485f801d89bd8a4f89fc""}}"
720,345,"24.953059900000003 , 55.503280700000005","25.1937141 , 55.7437491",rural-urban,rural,3014,"{""sample_routes"":{""date"":""2026-07-01"",""run_id"":""fcdac6b517fa4767ae7de180abf96bfe""},""join_samples"":{""date"":""2026-07-02"",""run_id"":""9e4e33f802cb4dde8190122e3fffbfbb""},""upload_data"":{""date"":""2026-07-02"",""run_id"":""e9518277e225485f801d89bd8a4f89fc""}}"
721,346,"24.3038968 , 54.7496525","24.6539754 , 54.7488183",rural-rural,rural,3026,"{""sample_routes"":{""date"":""2026-07-01"",""run_id"":""fcdac6b517fa4767ae7de180abf96bfe""},""join_samples"":{""date"":""2026-07-02"",""run_id"":""9e4e33f802cb4dde8190122e3fffbfbb""},""upload_data"":{""date"":""2026-07-02"",""run_id"":""e9518277e225485f801d89bd8a4f89fc""}}"
722,347,"25.410867500000002 , 55.4423736","25.4114557 , 55.798612600000006",urban-rural,rural,3029,"{""sample_routes"":{""date"":""2026-07-01"",""run_id"":""fcdac6b517fa4767ae7de180abf96bfe""},""join_samples"":{""date"":""2026-07-02"",""run_id"":""9e4e33f802cb4dde8190122e3fffbfbb""},""upload_data"":{""date"":""2026-07-02"",""run_id"":""e9518277e225485f801d89bd8a4f89fc""}}"
723,348,"25.0282473 , 55.193805600000005","25.028419300000003 , 55.65751950000001",rural-urban,rural,3030,"{""sample_routes"":{""date"":""2026-07-01"",""run_id"":""fcdac6b517fa4767ae7de180abf96bfe""},""join_samples"":{""date"":""2026-07-02"",""run_id"":""9e4e33f802cb4dde8190122e3fffbfbb""},""upload_data"":{""date"":""2026-07-02"",""run_id"":""e9518277e225485f801d89bd8a4f89fc""}}"
724,349,"25.0173142 , 56.3265619","25.016538100000002 , 55.8576958",urban-rural,rural,3032,"{""sample_routes"":{""date"":""2026-07-01"",""run_id"":""fcdac6b517fa4767ae7de180abf96bfe""},""join_samples"":{""date"":""2026-07-02"",""run_id"":""9e4e33f802cb4dde8190122e3fffbfbb""},""upload_data"":{""date"":""2026-07-02"",""run_id"":""e9518277e225485f801d89bd8a4f89fc""}}"
725,350,"25.480927700000002 , 55.5830403","25.035609 , 55.583839000000005",rural-rural,rural,3034,"{""sample_routes"":{""date"":""2026-07-01"",""run_id"":""fcdac6b517fa4767ae7de180abf96bfe""},""join_samples"":{""date"":""2026-07-02"",""run_id"":""9e4e33f802cb4dde8190122e3fffbfbb""},""upload_data"":{""date"":""2026-07-02"",""run_id"":""e9518277e225485f801d89bd8a4f89fc""}}"
726,351,"25.222885100000003 , 55.5029685","25.444602800000002 , 55.724922500000005",urban-rural,rural,2360,"{""sample_routes"":{""date"":""2026-07-01"",""run_id"":""fcdac6b517fa4767ae7de180abf96bfe""},""join_samples"":{""date"":""2026-07-02"",""run_id"":""9e4e33f802cb4dde8190122e3fffbfbb""},""upload_data"":{""date"":""2026-07-02"",""run_id"":""e9518277e225485f801d89bd8a4f89fc""}}"
727,352,"24.724222 , 54.7508904","24.332723400000003 , 54.7501334",rural-urban,rural,3042,"{""sample_routes"":{""date"":""2026-07-01"",""run_id"":""fcdac6b517fa4767ae7de180abf96bfe""},""join_samples"":{""date"":""2026-07-02"",""run_id"":""9e4e33f802cb4dde8190122e3fffbfbb""},""upload_data"":{""date"":""2026-07-02"",""run_id"":""e9518277e225485f801d89bd8a4f89fc""}}"
728,353,"24.0776179 , 55.7269597","24.419788500000003 , 55.7268874",rural-urban,rural,3048,"{""sample_routes"":{""date"":""2026-07-01"",""run_id"":""fcdac6b517fa4767ae7de180abf96bfe""},""join_samples"":{""date"":""2026-07-02"",""run_id"":""9e4e33f802cb4dde8190122e3fffbfbb""},""upload_data"":{""date"":""2026-07-02"",""run_id"":""e9518277e225485f801d89bd8a4f89fc""}}"
729,354,"24.9489939 , 55.77256680000001","24.9493174 , 55.345946700000006",urban-urban,rural,3054,"{""sample_routes"":{""date"":""2026-07-01"",""run_id"":""fcdac6b517fa4767ae7de180abf96bfe""},""join_samples"":{""date"":""2026-07-02"",""run_id"":""9e4e33f802cb4dde8190122e3fffbfbb""},""upload_data"":{""date"":""2026-07-02"",""run_id"":""e9518277e225485f801d89bd8a4f89fc""}}"
730,355,"25.2329818 , 55.383766","25.2324239 , 55.880068800000004",urban-urban,rural,3055,"{""sample_routes"":{""date"":""2026-07-01"",""run_id"":""fcdac6b517fa4767ae7de180abf96bfe""},""join_samples"":{""date"":""2026-07-02"",""run_id"":""9e4e33f802cb4dde8190122e3fffbfbb""},""upload_data"":{""date"":""2026-07-02"",""run_id"":""e9518277e225485f801d89bd8a4f89fc""}}"
731,356,"24.675230900000003 , 54.783642","24.3285161 , 54.7844612",urban-urban,rural,3062,"{""sample_routes"":{""date"":""2026-07-01"",""run_id"":""fcdac6b517fa4767ae7de180abf96bfe""},""join_samples"":{""date"":""2026-07-02"",""run_id"":""9e4e33f802cb4dde8190122e3fffbfbb""},""upload_data"":{""date"":""2026-07-02"",""run_id"":""e9518277e225485f801d89bd8a4f89fc""}}"
732,357,"25.0086152 , 56.34844150000001","25.0081603 , 55.838814600000006",urban-urban,rural,3062,"{""sample_routes"":{""date"":""2026-07-01"",""run_id"":""fcdac6b517fa4767ae7de180abf96bfe""},""join_samples"":{""date"":""2026-07-02"",""run_id"":""9e4e33f802cb4dde8190122e3fffbfbb""},""upload_data"":{""date"":""2026-07-02"",""run_id"":""e9518277e225485f801d89bd8a4f89fc""}}"
733,358,"24.213858000000002 , 55.58519140000001","24.2139226 , 55.011375",urban-rural,rural,3063,"{""sample_routes"":{""date"":""2026-07-01"",""run_id"":""fcdac6b517fa4767ae7de180abf96bfe""},""join_samples"":{""date"":""2026-07-02"",""run_id"":""9e4e33f802cb4dde8190122e3fffbfbb""},""upload_data"":{""date"":""2026-07-02"",""run_id"":""e9518277e225485f801d89bd8a4f89fc""}}"
734,359,"24.5881773 , 55.7496383","24.962388200000003 , 55.3757929",urban-rural,rural,3065,"{""sample_routes"":{""date"":""2026-07-01"",""run_id"":""fcdac6b517fa4767ae7de180abf96bfe""},""join_samples"":{""date"":""2026-07-02"",""run_id"":""9e4e33f802cb4dde8190122e3fffbfbb""},""upload_data"":{""date"":""2026-07-02"",""run_id"":""e9518277e225485f801d89bd8a4f89fc""}}"
735,360,"24.9248507 , 55.7391987","25.202756 , 56.016992300000005",rural-rural,rural,2327,"{""sample_routes"":{""date"":""2026-07-01"",""run_id"":""fcdac6b517fa4767ae7de180abf96bfe""},""join_samples"":{""date"":""2026-07-02"",""run_id"":""9e4e33f802cb4dde8190122e3fffbfbb""},""upload_data"":{""date"":""2026-07-02"",""run_id"":""e9518277e225485f801d89bd8a4f89fc""}}"
736,361,"25.1608026 , 55.8804883","25.493497700000002 , 55.5478352",rural-urban,rural,3077,"{""sample_routes"":{""date"":""2026-07-01"",""run_id"":""fcdac6b517fa4767ae7de180abf96bfe""},""join_samples"":{""date"":""2026-07-02"",""run_id"":""9e4e33f802cb4dde8190122e3fffbfbb""},""upload_data"":{""date"":""2026-07-02"",""run_id"":""e9518277e225485f801d89bd8a4f89fc""}}"
737,362,"25.0116468 , 55.2393153","25.3544175 , 55.581417200000004",rural-urban,rural,3078,"{""sample_routes"":{""date"":""2026-07-01"",""run_id"":""fcdac6b517fa4767ae7de180abf96bfe""},""join_samples"":{""date"":""2026-07-02"",""run_id"":""9e4e33f802cb4dde8190122e3fffbfbb""},""upload_data"":{""date"":""2026-07-02"",""run_id"":""e9518277e225485f801d89bd8a4f89fc""}}"
738,363,"25.574140600000003 , 55.562212300000006","25.172650200000003 , 55.561780000000006",urban-urban,rural,3079,"{""sample_routes"":{""date"":""2026-07-01"",""run_id"":""fcdac6b517fa4767ae7de180abf96bfe""},""join_samples"":{""date"":""2026-07-02"",""run_id"":""9e4e33f802cb4dde8190122e3fffbfbb""},""upload_data"":{""date"":""2026-07-02"",""run_id"":""e9518277e225485f801d89bd8a4f89fc""}}"
739,364,"24.8249442 , 55.788626400000005","24.8255711 , 55.567013800000005",urban-urban,rural,2320,"{""sample_routes"":{""date"":""2026-07-01"",""run_id"":""fcdac6b517fa4767ae7de180abf96bfe""},""join_samples"":{""date"":""2026-07-02"",""run_id"":""9e4e33f802cb4dde8190122e3fffbfbb""},""upload_data"":{""date"":""2026-07-02"",""run_id"":""e9518277e225485f801d89bd8a4f89fc""}}"
740,365,"25.3044021 , 55.5263173","25.0241358 , 55.8065216",urban-rural,rural,3084,"{""sample_routes"":{""date"":""2026-07-01"",""run_id"":""fcdac6b517fa4767ae7de180abf96bfe""},""join_samples"":{""date"":""2026-07-02"",""run_id"":""9e4e33f802cb4dde8190122e3fffbfbb""},""upload_data"":{""date"":""2026-07-02"",""run_id"":""e9518277e225485f801d89bd8a4f89fc""}}"
741,366,"24.939080500000003 , 55.220592700000005","24.9397361 , 55.4678094",urban-urban,rural,2316,"{""sample_routes"":{""date"":""2026-07-01"",""run_id"":""fcdac6b517fa4767ae7de180abf96bfe""},""join_samples"":{""date"":""2026-07-02"",""run_id"":""9e4e33f802cb4dde8190122e3fffbfbb""},""upload_data"":{""date"":""2026-07-02"",""run_id"":""e9518277e225485f801d89bd8a4f89fc""}}"
742,367,"24.0556319 , 55.483261000000006","24.1394871 , 55.482870600000005",urban-rural,rural,3088,"{""sample_routes"":{""date"":""2026-07-01"",""run_id"":""fcdac6b517fa4767ae7de180abf96bfe""},""join_samples"":{""date"":""2026-07-02"",""run_id"":""9e4e33f802cb4dde8190122e3fffbfbb""},""upload_data"":{""date"":""2026-07-02"",""run_id"":""e9518277e225485f801d89bd8a4f89fc""}}"
743,368,"24.464908100000002 , 54.680174400000006","24.184034 , 54.6797802",rural-rural,rural,2305,"{""sample_routes"":{""date"":""2026-07-01"",""run_id"":""fcdac6b517fa4767ae7de180abf96bfe""},""join_samples"":{""date"":""2026-07-02"",""run_id"":""9e4e33f802cb4dde8190122e3fffbfbb""},""upload_data"":{""date"":""2026-07-02"",""run_id"":""e9518277e225485f801d89bd8a4f89fc""}}"
744,369,"25.3453361 , 55.965005500000004","25.3454477 , 56.260474",rural-rural,rural,3096,"{""sample_routes"":{""date"":""2026-07-01"",""run_id"":""fcdac6b517fa4767ae7de180abf96bfe""},""join_samples"":{""date"":""2026-07-02"",""run_id"":""9e4e33f802cb4dde8190122e3fffbfbb""},""upload_data"":{""date"":""2026-07-02"",""run_id"":""e9518277e225485f801d89bd8a4f89fc""}}"
745,370,"24.617040300000003 , 54.7056904","25.0321178 , 55.1203663",urban-urban,rural,3096,"{""sample_routes"":{""date"":""2026-07-01"",""run_id"":""fcdac6b517fa4767ae7de180abf96bfe""},""join_samples"":{""date"":""2026-07-02"",""run_id"":""9e4e33f802cb4dde8190122e3fffbfbb""},""upload_data"":{""date"":""2026-07-02"",""run_id"":""e9518277e225485f801d89bd8a4f89fc""}}"
746,371,"25.4659702 , 56.081976700000006","25.7138652 , 55.8347891",rural-urban,rural,3099,"{""sample_routes"":{""date"":""2026-07-01"",""run_id"":""fcdac6b517fa4767ae7de180abf96bfe""},""join_samples"":{""date"":""2026-07-02"",""run_id"":""9e4e33f802cb4dde8190122e3fffbfbb""},""upload_data"":{""date"":""2026-07-02"",""run_id"":""e9518277e225485f801d89bd8a4f89fc""}}"
747,372,"25.418300400000003 , 55.793918600000005","25.701376900000003 , 55.7939902",rural-urban,rural,3099,"{""sample_routes"":{""date"":""2026-07-01"",""run_id"":""fcdac6b517fa4767ae7de180abf96bfe""},""join_samples"":{""date"":""2026-07-02"",""run_id"":""9e4e33f802cb4dde8190122e3fffbfbb""},""upload_data"":{""date"":""2026-07-02"",""run_id"":""e9518277e225485f801d89bd8a4f89fc""}}"
748,373,"24.4626097 , 55.788720600000005","24.676739700000002 , 55.574521100000005",urban-rural,rural,2299,"{""sample_routes"":{""date"":""2026-07-01"",""run_id"":""fcdac6b517fa4767ae7de180abf96bfe""},""join_samples"":{""date"":""2026-07-02"",""run_id"":""9e4e33f802cb4dde8190122e3fffbfbb""},""upload_data"":{""date"":""2026-07-02"",""run_id"":""e9518277e225485f801d89bd8a4f89fc""}}"
749,374,"24.173147500000002 , 54.646086600000004","24.004226900000003 , 54.814313000000006",urban-urban,rural,3101,"{""sample_routes"":{""date"":""2026-07-01"",""run_id"":""fcdac6b517fa4767ae7de180abf96bfe""},""join_samples"":{""date"":""2026-07-02"",""run_id"":""9e4e33f802cb4dde8190122e3fffbfbb""},""upload_data"":{""date"":""2026-07-02"",""run_id"":""e9518277e225485f801d89bd8a4f89fc""}}"
