origin,destination,area,ttpTravelTime
"37.36713689999986 , -122.09885940000017","37.35365440000001 , -122.21751989999996",urban-urban,1631
"33.05187660000014 , -117.1350031999999","33.14408130000009 , -117.02942509999977",urban-urban,1668
