join_index,sampling_index,origin,destination,area,journeyClass,ttpTravelTime,metadata
3,3,"51.171799400000005 , -113.94160790000001","51.1138649 , -113.9412903",urban-urban,urban,1203,"{""sample_routes"":{""date"":""2026-09-14"",""run_id"":""62ce72d45380414aabe46304bed788b2""},""join_samples"":{""date"":""2026-09-14"",""run_id"":""050b6083fcee4d8c90b1e2d8f9263c71""},""upload_data"":{""date"":""2026-09-14"",""run_id"":""fefd5c91ffd9482a8fb31ad02298b97b""}}"
10,10,"50.876334400000005 , -114.00376750000001","50.876710800000005 , -113.9896726",urban-urban,urban,1192,"{""sample_routes"":{""date"":""2026-09-14"",""run_id"":""62ce72d45380414aabe46304bed788b2""},""join_samples"":{""date"":""2026-09-14"",""run_id"":""050b6083fcee4d8c90b1e2d8f9263c71""},""upload_data"":{""date"":""2026-09-14"",""run_id"":""fefd5c91ffd9482a8fb31ad02298b97b""}}"
11,11,"53.555483800000005 , -113.4908144","53.516123900000004 , -113.4912326",urban-urban,urban,1192,"{""sample_routes"":{""date"":""2026-09-14"",""run_id"":""62ce72d45380414aabe46304bed788b2""},""join_samples"":{""date"":""2026-09-14"",""run_id"":""050b6083fcee4d8c90b1e2d8f9263c71""},""upload_data"":{""date"":""2026-09-14"",""run_id"":""fefd5c91ffd9482a8fb31ad02298b97b""}}"
13,13,"51.1118138 , -114.2496507","51.1804148 , -114.2492177",urban-urban,urban,1192,"{""sample_routes"":{""date"":""2026-09-14"",""run_id"":""62ce72d45380414aabe46304bed788b2""},""join_samples"":{""date"":""2026-09-14"",""run_id"":""050b6083fcee4d8c90b1e2d8f9263c71""},""upload_data"":{""date"":""2026-09-14"",""run_id"":""fefd5c91ffd9482a8fb31ad02298b97b""}}"
15,15,"49.974375200000004 , -110.7247882","50.0417417 , -110.65709430000001",urban-urban,urban,1191,"{""sample_routes"":{""date"":""2026-09-14"",""run_id"":""62ce72d45380414aabe46304bed788b2""},""join_samples"":{""date"":""2026-09-14"",""run_id"":""050b6083fcee4d8c90b1e2d8f9263c71""},""upload_data"":{""date"":""2026-09-14"",""run_id"":""fefd5c91ffd9482a8fb31ad02298b97b""}}"
16,16,"53.4787964 , -113.4103601","53.4786383 , -113.24627910000001",urban-urban,urban,1191,"{""sample_routes"":{""date"":""2026-09-14"",""run_id"":""62ce72d45380414aabe46304bed788b2""},""join_samples"":{""date"":""2026-09-14"",""run_id"":""050b6083fcee4d8c90b1e2d8f9263c71""},""upload_data"":{""date"":""2026-09-14"",""run_id"":""fefd5c91ffd9482a8fb31ad02298b97b""}}"
17,17,"53.415430300000004 , -113.43652010000001","53.4159045 , -113.4969018",urban-urban,urban,1191,"{""sample_routes"":{""date"":""2026-09-14"",""run_id"":""62ce72d45380414aabe46304bed788b2""},""join_samples"":{""date"":""2026-09-14"",""run_id"":""050b6083fcee4d8c90b1e2d8f9263c71""},""upload_data"":{""date"":""2026-09-14"",""run_id"":""fefd5c91ffd9482a8fb31ad02298b97b""}}"
18,18,"53.5046362 , -113.3617459","53.5575145 , -113.41485300000001",urban-urban,urban,1210,"{""sample_routes"":{""date"":""2026-09-14"",""run_id"":""62ce72d45380414aabe46304bed788b2""},""join_samples"":{""date"":""2026-09-14"",""run_id"":""050b6083fcee4d8c90b1e2d8f9263c71""},""upload_data"":{""date"":""2026-09-14"",""run_id"":""fefd5c91ffd9482a8fb31ad02298b97b""}}"
19,19,"51.1191304 , -113.9244403","51.176178 , -113.92489300000001",urban-rural,urban,1190,"{""sample_routes"":{""date"":""2026-09-14"",""run_id"":""62ce72d45380414aabe46304bed788b2""},""join_samples"":{""date"":""2026-09-14"",""run_id"":""050b6083fcee4d8c90b1e2d8f9263c71""},""upload_data"":{""date"":""2026-09-14"",""run_id"":""fefd5c91ffd9482a8fb31ad02298b97b""}}"
20,20,"50.8657352 , -114.0291105","50.987011700000004 , -114.0294116",urban-urban,urban,1190,"{""sample_routes"":{""date"":""2026-09-14"",""run_id"":""62ce72d45380414aabe46304bed788b2""},""join_samples"":{""date"":""2026-09-14"",""run_id"":""050b6083fcee4d8c90b1e2d8f9263c71""},""upload_data"":{""date"":""2026-09-14"",""run_id"":""fefd5c91ffd9482a8fb31ad02298b97b""}}"
21,21,"53.5951305 , -113.44783020000001","53.5289432 , -113.44811530000001",urban-urban,urban,1189,"{""sample_routes"":{""date"":""2026-09-14"",""run_id"":""62ce72d45380414aabe46304bed788b2""},""join_samples"":{""date"":""2026-09-14"",""run_id"":""050b6083fcee4d8c90b1e2d8f9263c71""},""upload_data"":{""date"":""2026-09-14"",""run_id"":""fefd5c91ffd9482a8fb31ad02298b97b""}}"
23,23,"53.527867400000005 , -113.28112780000001","53.5275795 , -113.3939569",urban-urban,urban,1189,"{""sample_routes"":{""date"":""2026-09-14"",""run_id"":""62ce72d45380414aabe46304bed788b2""},""join_samples"":{""date"":""2026-09-14"",""run_id"":""050b6083fcee4d8c90b1e2d8f9263c71""},""upload_data"":{""date"":""2026-09-14"",""run_id"":""fefd5c91ffd9482a8fb31ad02298b97b""}}"
24,24,"51.187151 , -114.0748154","51.1359809 , -114.07474640000001",urban-urban,urban,1211,"{""sample_routes"":{""date"":""2026-09-14"",""run_id"":""62ce72d45380414aabe46304bed788b2""},""join_samples"":{""date"":""2026-09-14"",""run_id"":""050b6083fcee4d8c90b1e2d8f9263c71""},""upload_data"":{""date"":""2026-09-14"",""run_id"":""fefd5c91ffd9482a8fb31ad02298b97b""}}"
25,25,"53.6614603 , -113.60407500000001","53.6367022 , -113.5790733",urban-urban,urban,1189,"{""sample_routes"":{""date"":""2026-09-14"",""run_id"":""62ce72d45380414aabe46304bed788b2""},""join_samples"":{""date"":""2026-09-14"",""run_id"":""050b6083fcee4d8c90b1e2d8f9263c71""},""upload_data"":{""date"":""2026-09-14"",""run_id"":""fefd5c91ffd9482a8fb31ad02298b97b""}}"
26,26,"50.89866730000001 , -114.10479520000001","50.9655245 , -114.1049883",urban-urban,urban,1188,"{""sample_routes"":{""date"":""2026-09-14"",""run_id"":""62ce72d45380414aabe46304bed788b2""},""join_samples"":{""date"":""2026-09-14"",""run_id"":""050b6083fcee4d8c90b1e2d8f9263c71""},""upload_data"":{""date"":""2026-09-14"",""run_id"":""fefd5c91ffd9482a8fb31ad02298b97b""}}"
33,33,"53.498845700000004 , -113.36613630000001","53.4546062 , -113.4100777",urban-urban,urban,1216,"{""sample_routes"":{""date"":""2026-09-14"",""run_id"":""62ce72d45380414aabe46304bed788b2""},""join_samples"":{""date"":""2026-09-14"",""run_id"":""050b6083fcee4d8c90b1e2d8f9263c71""},""upload_data"":{""date"":""2026-09-14"",""run_id"":""fefd5c91ffd9482a8fb31ad02298b97b""}}"
35,35,"50.8885463 , -114.08584130000001","50.8890175 , -114.0168539",urban-urban,urban,1184,"{""sample_routes"":{""date"":""2026-09-14"",""run_id"":""62ce72d45380414aabe46304bed788b2""},""join_samples"":{""date"":""2026-09-14"",""run_id"":""050b6083fcee4d8c90b1e2d8f9263c71""},""upload_data"":{""date"":""2026-09-14"",""run_id"":""fefd5c91ffd9482a8fb31ad02298b97b""}}"
37,37,"53.442529400000005 , -113.55400490000001","53.442692400000006 , -113.53355060000001",urban-urban,urban,1181,"{""sample_routes"":{""date"":""2026-09-14"",""run_id"":""62ce72d45380414aabe46304bed788b2""},""join_samples"":{""date"":""2026-09-14"",""run_id"":""050b6083fcee4d8c90b1e2d8f9263c71""},""upload_data"":{""date"":""2026-09-14"",""run_id"":""fefd5c91ffd9482a8fb31ad02298b97b""}}"
38,38,"51.1654458 , -114.04311310000001","51.165496000000005 , -114.2110138",urban-urban,urban,1219,"{""sample_routes"":{""date"":""2026-09-14"",""run_id"":""62ce72d45380414aabe46304bed788b2""},""join_samples"":{""date"":""2026-09-14"",""run_id"":""050b6083fcee4d8c90b1e2d8f9263c71""},""upload_data"":{""date"":""2026-09-14"",""run_id"":""fefd5c91ffd9482a8fb31ad02298b97b""}}"
39,39,"53.45697070000001 , -113.3885082","53.413090200000006 , -113.4325055",urban-urban,urban,1220,"{""sample_routes"":{""date"":""2026-09-14"",""run_id"":""62ce72d45380414aabe46304bed788b2""},""join_samples"":{""date"":""2026-09-14"",""run_id"":""050b6083fcee4d8c90b1e2d8f9263c71""},""upload_data"":{""date"":""2026-09-14"",""run_id"":""fefd5c91ffd9482a8fb31ad02298b97b""}}"
40,40,"53.615251300000004 , -113.52823070000001","53.5690637 , -113.527972",urban-urban,urban,1220,"{""sample_routes"":{""date"":""2026-09-14"",""run_id"":""62ce72d45380414aabe46304bed788b2""},""join_samples"":{""date"":""2026-09-14"",""run_id"":""050b6083fcee4d8c90b1e2d8f9263c71""},""upload_data"":{""date"":""2026-09-14"",""run_id"":""fefd5c91ffd9482a8fb31ad02298b97b""}}"
41,41,"51.0177319 , -114.18444310000001","51.070410900000006 , -114.1840222",urban-urban,urban,1179,"{""sample_routes"":{""date"":""2026-09-14"",""run_id"":""62ce72d45380414aabe46304bed788b2""},""join_samples"":{""date"":""2026-09-14"",""run_id"":""050b6083fcee4d8c90b1e2d8f9263c71""},""upload_data"":{""date"":""2026-09-14"",""run_id"":""fefd5c91ffd9482a8fb31ad02298b97b""}}"
42,42,"50.9719308 , -114.1181538","50.9722231 , -113.9581079",urban-urban,urban,1179,"{""sample_routes"":{""date"":""2026-09-14"",""run_id"":""62ce72d45380414aabe46304bed788b2""},""join_samples"":{""date"":""2026-09-14"",""run_id"":""050b6083fcee4d8c90b1e2d8f9263c71""},""upload_data"":{""date"":""2026-09-14"",""run_id"":""fefd5c91ffd9482a8fb31ad02298b97b""}}"
43,43,"53.4674896 , -113.5044682","53.4670537 , -113.5952661",urban-urban,urban,1179,"{""sample_routes"":{""date"":""2026-09-14"",""run_id"":""62ce72d45380414aabe46304bed788b2""},""join_samples"":{""date"":""2026-09-14"",""run_id"":""050b6083fcee4d8c90b1e2d8f9263c71""},""upload_data"":{""date"":""2026-09-14"",""run_id"":""fefd5c91ffd9482a8fb31ad02298b97b""}}"
44,44,"50.8737718 , -113.92102940000001","50.9236773 , -113.9206257",urban-urban,urban,1175,"{""sample_routes"":{""date"":""2026-09-14"",""run_id"":""62ce72d45380414aabe46304bed788b2""},""join_samples"":{""date"":""2026-09-14"",""run_id"":""050b6083fcee4d8c90b1e2d8f9263c71""},""upload_data"":{""date"":""2026-09-14"",""run_id"":""fefd5c91ffd9482a8fb31ad02298b97b""}}"
46,46,"53.648205600000004 , -113.64324620000001","53.606692300000006 , -113.643337",urban-urban,urban,1174,"{""sample_routes"":{""date"":""2026-09-14"",""run_id"":""62ce72d45380414aabe46304bed788b2""},""join_samples"":{""date"":""2026-09-14"",""run_id"":""050b6083fcee4d8c90b1e2d8f9263c71""},""upload_data"":{""date"":""2026-09-14"",""run_id"":""fefd5c91ffd9482a8fb31ad02298b97b""}}"
47,47,"51.1799806 , -114.30646370000001","51.179859400000005 , -114.09436450000001",urban-urban,urban,1174,"{""sample_routes"":{""date"":""2026-09-14"",""run_id"":""62ce72d45380414aabe46304bed788b2""},""join_samples"":{""date"":""2026-09-14"",""run_id"":""050b6083fcee4d8c90b1e2d8f9263c71""},""upload_data"":{""date"":""2026-09-14"",""run_id"":""fefd5c91ffd9482a8fb31ad02298b97b""}}"
48,48,"51.1349207 , -113.95896200000001","51.0684813 , -113.9593119",urban-urban,urban,1226,"{""sample_routes"":{""date"":""2026-09-14"",""run_id"":""62ce72d45380414aabe46304bed788b2""},""join_samples"":{""date"":""2026-09-14"",""run_id"":""050b6083fcee4d8c90b1e2d8f9263c71""},""upload_data"":{""date"":""2026-09-14"",""run_id"":""fefd5c91ffd9482a8fb31ad02298b97b""}}"
49,49,"51.1039198 , -114.1414185","51.1761659 , -114.0692997",urban-rural,urban,1227,"{""sample_routes"":{""date"":""2026-09-14"",""run_id"":""62ce72d45380414aabe46304bed788b2""},""join_samples"":{""date"":""2026-09-14"",""run_id"":""050b6083fcee4d8c90b1e2d8f9263c71""},""upload_data"":{""date"":""2026-09-14"",""run_id"":""fefd5c91ffd9482a8fb31ad02298b97b""}}"
50,50,"51.1866214 , -114.50900770000001","51.1871044 , -114.36632900000001",urban-urban,urban,1172,"{""sample_routes"":{""date"":""2026-09-14"",""run_id"":""62ce72d45380414aabe46304bed788b2""},""join_samples"":{""date"":""2026-09-14"",""run_id"":""050b6083fcee4d8c90b1e2d8f9263c71""},""upload_data"":{""date"":""2026-09-14"",""run_id"":""fefd5c91ffd9482a8fb31ad02298b97b""}}"
52,52,"50.8358209 , -113.9751956","51.0192683 , -113.97547610000001",urban-urban,urban,1231,"{""sample_routes"":{""date"":""2026-09-14"",""run_id"":""62ce72d45380414aabe46304bed788b2""},""join_samples"":{""date"":""2026-09-14"",""run_id"":""050b6083fcee4d8c90b1e2d8f9263c71""},""upload_data"":{""date"":""2026-09-14"",""run_id"":""fefd5c91ffd9482a8fb31ad02298b97b""}}"
53,53,"51.0635549 , -113.9717758","50.989529600000004 , -113.97138090000001",urban-urban,urban,1231,"{""sample_routes"":{""date"":""2026-09-14"",""run_id"":""62ce72d45380414aabe46304bed788b2""},""join_samples"":{""date"":""2026-09-14"",""run_id"":""050b6083fcee4d8c90b1e2d8f9263c71""},""upload_data"":{""date"":""2026-09-14"",""run_id"":""fefd5c91ffd9482a8fb31ad02298b97b""}}"
55,55,"51.3046784 , -114.03869700000001","51.2500184 , -113.9838701",urban-urban,urban,1234,"{""sample_routes"":{""date"":""2026-09-14"",""run_id"":""62ce72d45380414aabe46304bed788b2""},""join_samples"":{""date"":""2026-09-14"",""run_id"":""050b6083fcee4d8c90b1e2d8f9263c71""},""upload_data"":{""date"":""2026-09-14"",""run_id"":""fefd5c91ffd9482a8fb31ad02298b97b""}}"
57,57,"53.602791 , -113.38876440000001","53.5578845 , -113.3883469",urban-urban,urban,1164,"{""sample_routes"":{""date"":""2026-09-14"",""run_id"":""62ce72d45380414aabe46304bed788b2""},""join_samples"":{""date"":""2026-09-14"",""run_id"":""050b6083fcee4d8c90b1e2d8f9263c71""},""upload_data"":{""date"":""2026-09-14"",""run_id"":""fefd5c91ffd9482a8fb31ad02298b97b""}}"
59,59,"53.615297500000004 , -113.43710990000001","53.615658200000006 , -113.54744550000001",urban-urban,urban,1239,"{""sample_routes"":{""date"":""2026-09-14"",""run_id"":""62ce72d45380414aabe46304bed788b2""},""join_samples"":{""date"":""2026-09-14"",""run_id"":""050b6083fcee4d8c90b1e2d8f9263c71""},""upload_data"":{""date"":""2026-09-14"",""run_id"":""fefd5c91ffd9482a8fb31ad02298b97b""}}"
61,61,"53.6907937 , -113.2184936","53.785003 , -113.12420440000001",urban-urban,urban,1240,"{""sample_routes"":{""date"":""2026-09-14"",""run_id"":""62ce72d45380414aabe46304bed788b2""},""join_samples"":{""date"":""2026-09-14"",""run_id"":""050b6083fcee4d8c90b1e2d8f9263c71""},""upload_data"":{""date"":""2026-09-14"",""run_id"":""fefd5c91ffd9482a8fb31ad02298b97b""}}"
63,63,"53.6229676 , -113.51410240000001","53.6233732 , -113.41482590000001",urban-urban,urban,1240,"{""sample_routes"":{""date"":""2026-09-14"",""run_id"":""62ce72d45380414aabe46304bed788b2""},""join_samples"":{""date"":""2026-09-14"",""run_id"":""050b6083fcee4d8c90b1e2d8f9263c71""},""upload_data"":{""date"":""2026-09-14"",""run_id"":""fefd5c91ffd9482a8fb31ad02298b97b""}}"
64,64,"53.467875600000006 , -113.4962825","53.4678471 , -113.60144600000001",urban-urban,urban,1240,"{""sample_routes"":{""date"":""2026-09-14"",""run_id"":""62ce72d45380414aabe46304bed788b2""},""join_samples"":{""date"":""2026-09-14"",""run_id"":""050b6083fcee4d8c90b1e2d8f9263c71""},""upload_data"":{""date"":""2026-09-14"",""run_id"":""fefd5c91ffd9482a8fb31ad02298b97b""}}"
67,67,"53.5421665 , -113.56218940000001","53.493817 , -113.61101660000001",urban-urban,urban,1157,"{""sample_routes"":{""date"":""2026-09-14"",""run_id"":""62ce72d45380414aabe46304bed788b2""},""join_samples"":{""date"":""2026-09-14"",""run_id"":""050b6083fcee4d8c90b1e2d8f9263c71""},""upload_data"":{""date"":""2026-09-14"",""run_id"":""fefd5c91ffd9482a8fb31ad02298b97b""}}"
68,68,"51.078289600000005 , -114.18557290000001","51.0785331 , -114.08551000000001",urban-urban,urban,1243,"{""sample_routes"":{""date"":""2026-09-14"",""run_id"":""62ce72d45380414aabe46304bed788b2""},""join_samples"":{""date"":""2026-09-14"",""run_id"":""050b6083fcee4d8c90b1e2d8f9263c71""},""upload_data"":{""date"":""2026-09-14"",""run_id"":""fefd5c91ffd9482a8fb31ad02298b97b""}}"
69,69,"53.503358000000006 , -113.5398179","53.455109300000004 , -113.53993220000001",urban-urban,urban,1156,"{""sample_routes"":{""date"":""2026-09-14"",""run_id"":""62ce72d45380414aabe46304bed788b2""},""join_samples"":{""date"":""2026-09-14"",""run_id"":""050b6083fcee4d8c90b1e2d8f9263c71""},""upload_data"":{""date"":""2026-09-14"",""run_id"":""fefd5c91ffd9482a8fb31ad02298b97b""}}"
70,70,"50.8794776 , -114.02929920000001","50.986847600000004 , -114.0294142",urban-urban,urban,1156,"{""sample_routes"":{""date"":""2026-09-14"",""run_id"":""62ce72d45380414aabe46304bed788b2""},""join_samples"":{""date"":""2026-09-14"",""run_id"":""050b6083fcee4d8c90b1e2d8f9263c71""},""upload_data"":{""date"":""2026-09-14"",""run_id"":""fefd5c91ffd9482a8fb31ad02298b97b""}}"
78,78,"51.188416800000006 , -114.1654733","51.1335039 , -114.11096880000001",urban-urban,urban,1151,"{""sample_routes"":{""date"":""2026-09-14"",""run_id"":""62ce72d45380414aabe46304bed788b2""},""join_samples"":{""date"":""2026-09-14"",""run_id"":""050b6083fcee4d8c90b1e2d8f9263c71""},""upload_data"":{""date"":""2026-09-14"",""run_id"":""fefd5c91ffd9482a8fb31ad02298b97b""}}"
79,79,"53.5323732 , -113.70883450000001","53.532613100000006 , -113.5991221",urban-urban,urban,1151,"{""sample_routes"":{""date"":""2026-09-14"",""run_id"":""62ce72d45380414aabe46304bed788b2""},""join_samples"":{""date"":""2026-09-14"",""run_id"":""050b6083fcee4d8c90b1e2d8f9263c71""},""upload_data"":{""date"":""2026-09-14"",""run_id"":""fefd5c91ffd9482a8fb31ad02298b97b""}}"
80,80,"53.446096100000005 , -113.4904214","53.4117175 , -113.52504640000001",urban-urban,urban,1150,"{""sample_routes"":{""date"":""2026-09-14"",""run_id"":""62ce72d45380414aabe46304bed788b2""},""join_samples"":{""date"":""2026-09-14"",""run_id"":""050b6083fcee4d8c90b1e2d8f9263c71""},""upload_data"":{""date"":""2026-09-14"",""run_id"":""fefd5c91ffd9482a8fb31ad02298b97b""}}"
82,82,"50.9795092 , -114.01558560000001","51.139926800000005 , -114.0151455",urban-urban,urban,1150,"{""sample_routes"":{""date"":""2026-09-14"",""run_id"":""62ce72d45380414aabe46304bed788b2""},""join_samples"":{""date"":""2026-09-14"",""run_id"":""050b6083fcee4d8c90b1e2d8f9263c71""},""upload_data"":{""date"":""2026-09-14"",""run_id"":""fefd5c91ffd9482a8fb31ad02298b97b""}}"
87,87,"53.457806500000004 , -113.41106830000001","53.5052521 , -113.36359630000001",urban-urban,urban,1145,"{""sample_routes"":{""date"":""2026-09-14"",""run_id"":""62ce72d45380414aabe46304bed788b2""},""join_samples"":{""date"":""2026-09-14"",""run_id"":""050b6083fcee4d8c90b1e2d8f9263c71""},""upload_data"":{""date"":""2026-09-14"",""run_id"":""fefd5c91ffd9482a8fb31ad02298b97b""}}"
89,89,"53.41443030000001 , -113.4414285","53.453334100000006 , -113.4799612",urban-urban,urban,1257,"{""sample_routes"":{""date"":""2026-09-14"",""run_id"":""62ce72d45380414aabe46304bed788b2""},""join_samples"":{""date"":""2026-09-14"",""run_id"":""050b6083fcee4d8c90b1e2d8f9263c71""},""upload_data"":{""date"":""2026-09-14"",""run_id"":""fefd5c91ffd9482a8fb31ad02298b97b""}}"
94,94,"51.052761600000004 , -113.92804120000001","51.0523152 , -114.04569860000001",urban-urban,urban,1261,"{""sample_routes"":{""date"":""2026-09-14"",""run_id"":""62ce72d45380414aabe46304bed788b2""},""join_samples"":{""date"":""2026-09-14"",""run_id"":""050b6083fcee4d8c90b1e2d8f9263c71""},""upload_data"":{""date"":""2026-09-14"",""run_id"":""fefd5c91ffd9482a8fb31ad02298b97b""}}"
95,95,"53.4998142 , -113.46807390000001","53.50005590000001 , -113.32082670000001",urban-urban,urban,1261,"{""sample_routes"":{""date"":""2026-09-14"",""run_id"":""62ce72d45380414aabe46304bed788b2""},""join_samples"":{""date"":""2026-09-14"",""run_id"":""050b6083fcee4d8c90b1e2d8f9263c71""},""upload_data"":{""date"":""2026-09-14"",""run_id"":""fefd5c91ffd9482a8fb31ad02298b97b""}}"
97,97,"53.543851200000006 , -113.40830890000001","53.55625980000001 , -113.3961989",urban-urban,urban,1262,"{""sample_routes"":{""date"":""2026-09-14"",""run_id"":""62ce72d45380414aabe46304bed788b2""},""join_samples"":{""date"":""2026-09-14"",""run_id"":""050b6083fcee4d8c90b1e2d8f9263c71""},""upload_data"":{""date"":""2026-09-14"",""run_id"":""fefd5c91ffd9482a8fb31ad02298b97b""}}"
98,98,"50.8952851 , -113.97295650000001","50.9895294 , -113.9727081",urban-urban,urban,1262,"{""sample_routes"":{""date"":""2026-09-14"",""run_id"":""62ce72d45380414aabe46304bed788b2""},""join_samples"":{""date"":""2026-09-14"",""run_id"":""050b6083fcee4d8c90b1e2d8f9263c71""},""upload_data"":{""date"":""2026-09-14"",""run_id"":""fefd5c91ffd9482a8fb31ad02298b97b""}}"
99,99,"53.550177700000006 , -113.61788120000001","53.622157900000005 , -113.6174548",urban-urban,urban,1262,"{""sample_routes"":{""date"":""2026-09-14"",""run_id"":""62ce72d45380414aabe46304bed788b2""},""join_samples"":{""date"":""2026-09-14"",""run_id"":""050b6083fcee4d8c90b1e2d8f9263c71""},""upload_data"":{""date"":""2026-09-14"",""run_id"":""fefd5c91ffd9482a8fb31ad02298b97b""}}"
100,100,"53.4307268 , -113.40521120000001","53.431056500000004 , -113.4571537",urban-urban,urban,1137,"{""sample_routes"":{""date"":""2026-09-14"",""run_id"":""62ce72d45380414aabe46304bed788b2""},""join_samples"":{""date"":""2026-09-14"",""run_id"":""050b6083fcee4d8c90b1e2d8f9263c71""},""upload_data"":{""date"":""2026-09-14"",""run_id"":""fefd5c91ffd9482a8fb31ad02298b97b""}}"
106,106,"51.0533312 , -115.3187233","51.0529396 , -115.419036",urban-urban,urban,1132,"{""sample_routes"":{""date"":""2026-09-14"",""run_id"":""62ce72d45380414aabe46304bed788b2""},""join_samples"":{""date"":""2026-09-14"",""run_id"":""050b6083fcee4d8c90b1e2d8f9263c71""},""upload_data"":{""date"":""2026-09-14"",""run_id"":""fefd5c91ffd9482a8fb31ad02298b97b""}}"
107,107,"53.500033200000004 , -113.51436410000001","53.500506200000004 , -113.3938488",urban-urban,urban,1268,"{""sample_routes"":{""date"":""2026-09-14"",""run_id"":""62ce72d45380414aabe46304bed788b2""},""join_samples"":{""date"":""2026-09-14"",""run_id"":""050b6083fcee4d8c90b1e2d8f9263c71""},""upload_data"":{""date"":""2026-09-14"",""run_id"":""fefd5c91ffd9482a8fb31ad02298b97b""}}"
111,111,"50.99532060000001 , -114.1171824","50.830322100000004 , -113.95210340000001",urban-urban,urban,1269,"{""sample_routes"":{""date"":""2026-09-14"",""run_id"":""62ce72d45380414aabe46304bed788b2""},""join_samples"":{""date"":""2026-09-14"",""run_id"":""050b6083fcee4d8c90b1e2d8f9263c71""},""upload_data"":{""date"":""2026-09-14"",""run_id"":""fefd5c91ffd9482a8fb31ad02298b97b""}}"
112,112,"53.4708198 , -113.4131461","53.526741 , -113.41324610000001",urban-urban,urban,1130,"{""sample_routes"":{""date"":""2026-09-14"",""run_id"":""62ce72d45380414aabe46304bed788b2""},""join_samples"":{""date"":""2026-09-14"",""run_id"":""050b6083fcee4d8c90b1e2d8f9263c71""},""upload_data"":{""date"":""2026-09-14"",""run_id"":""fefd5c91ffd9482a8fb31ad02298b97b""}}"
113,113,"50.942250200000004 , -114.0074082","50.870486 , -114.0078122",urban-urban,urban,1130,"{""sample_routes"":{""date"":""2026-09-14"",""run_id"":""62ce72d45380414aabe46304bed788b2""},""join_samples"":{""date"":""2026-09-14"",""run_id"":""050b6083fcee4d8c90b1e2d8f9263c71""},""upload_data"":{""date"":""2026-09-14"",""run_id"":""fefd5c91ffd9482a8fb31ad02298b97b""}}"
116,116,"53.4832897 , -113.4989139","53.483065200000006 , -113.26937050000001",urban-urban,urban,1273,"{""sample_routes"":{""date"":""2026-09-14"",""run_id"":""62ce72d45380414aabe46304bed788b2""},""join_samples"":{""date"":""2026-09-14"",""run_id"":""050b6083fcee4d8c90b1e2d8f9263c71""},""upload_data"":{""date"":""2026-09-14"",""run_id"":""fefd5c91ffd9482a8fb31ad02298b97b""}}"
119,119,"51.164040400000005 , -114.1630688","51.0860611 , -114.16299350000001",urban-urban,urban,1126,"{""sample_routes"":{""date"":""2026-09-14"",""run_id"":""62ce72d45380414aabe46304bed788b2""},""join_samples"":{""date"":""2026-09-14"",""run_id"":""050b6083fcee4d8c90b1e2d8f9263c71""},""upload_data"":{""date"":""2026-09-14"",""run_id"":""fefd5c91ffd9482a8fb31ad02298b97b""}}"
125,125,"51.0377689 , -113.97871780000001","51.136082200000004 , -114.07730980000001",urban-urban,urban,1280,"{""sample_routes"":{""date"":""2026-09-14"",""run_id"":""62ce72d45380414aabe46304bed788b2""},""join_samples"":{""date"":""2026-09-14"",""run_id"":""050b6083fcee4d8c90b1e2d8f9263c71""},""upload_data"":{""date"":""2026-09-14"",""run_id"":""fefd5c91ffd9482a8fb31ad02298b97b""}}"
127,127,"51.0366822 , -114.02297010000001","51.1032274 , -114.08964420000001",urban-urban,urban,1281,"{""sample_routes"":{""date"":""2026-09-14"",""run_id"":""62ce72d45380414aabe46304bed788b2""},""join_samples"":{""date"":""2026-09-14"",""run_id"":""050b6083fcee4d8c90b1e2d8f9263c71""},""upload_data"":{""date"":""2026-09-14"",""run_id"":""fefd5c91ffd9482a8fb31ad02298b97b""}}"
130,130,"51.063819800000005 , -113.9295244","51.0639076 , -114.0843102",urban-urban,urban,1282,"{""sample_routes"":{""date"":""2026-09-14"",""run_id"":""62ce72d45380414aabe46304bed788b2""},""join_samples"":{""date"":""2026-09-14"",""run_id"":""050b6083fcee4d8c90b1e2d8f9263c71""},""upload_data"":{""date"":""2026-09-14"",""run_id"":""fefd5c91ffd9482a8fb31ad02298b97b""}}"
131,131,"53.4680576 , -113.37907650000001","53.5162497 , -113.37890920000001",urban-urban,urban,1118,"{""sample_routes"":{""date"":""2026-09-14"",""run_id"":""62ce72d45380414aabe46304bed788b2""},""join_samples"":{""date"":""2026-09-14"",""run_id"":""050b6083fcee4d8c90b1e2d8f9263c71""},""upload_data"":{""date"":""2026-09-14"",""run_id"":""fefd5c91ffd9482a8fb31ad02298b97b""}}"
134,134,"51.089767 , -114.23625860000001","51.014192900000005 , -114.1606967",rural-urban,urban,1115,"{""sample_routes"":{""date"":""2026-09-14"",""run_id"":""62ce72d45380414aabe46304bed788b2""},""join_samples"":{""date"":""2026-09-14"",""run_id"":""050b6083fcee4d8c90b1e2d8f9263c71""},""upload_data"":{""date"":""2026-09-14"",""run_id"":""fefd5c91ffd9482a8fb31ad02298b97b""}}"
135,135,"53.5858652 , -113.4923071","53.539243000000006 , -113.5389109",urban-urban,urban,1285,"{""sample_routes"":{""date"":""2026-09-14"",""run_id"":""62ce72d45380414aabe46304bed788b2""},""join_samples"":{""date"":""2026-09-14"",""run_id"":""050b6083fcee4d8c90b1e2d8f9263c71""},""upload_data"":{""date"":""2026-09-14"",""run_id"":""fefd5c91ffd9482a8fb31ad02298b97b""}}"
138,138,"53.53146520000001 , -113.59733010000001","53.449659800000006 , -113.59775040000001",urban-urban,urban,1286,"{""sample_routes"":{""date"":""2026-09-14"",""run_id"":""62ce72d45380414aabe46304bed788b2""},""join_samples"":{""date"":""2026-09-14"",""run_id"":""050b6083fcee4d8c90b1e2d8f9263c71""},""upload_data"":{""date"":""2026-09-14"",""run_id"":""fefd5c91ffd9482a8fb31ad02298b97b""}}"
139,139,"51.0977705 , -114.03311950000001","51.1555844 , -114.09138440000001",urban-urban,urban,1114,"{""sample_routes"":{""date"":""2026-09-14"",""run_id"":""62ce72d45380414aabe46304bed788b2""},""join_samples"":{""date"":""2026-09-14"",""run_id"":""050b6083fcee4d8c90b1e2d8f9263c71""},""upload_data"":{""date"":""2026-09-14"",""run_id"":""fefd5c91ffd9482a8fb31ad02298b97b""}}"
140,140,"51.1760011 , -114.16634090000001","51.13260450000001 , -114.1226984",urban-urban,urban,1114,"{""sample_routes"":{""date"":""2026-09-14"",""run_id"":""62ce72d45380414aabe46304bed788b2""},""join_samples"":{""date"":""2026-09-14"",""run_id"":""050b6083fcee4d8c90b1e2d8f9263c71""},""upload_data"":{""date"":""2026-09-14"",""run_id"":""fefd5c91ffd9482a8fb31ad02298b97b""}}"
141,141,"53.554118100000004 , -113.41616810000001","53.5122896 , -113.4584344",urban-urban,urban,1287,"{""sample_routes"":{""date"":""2026-09-14"",""run_id"":""62ce72d45380414aabe46304bed788b2""},""join_samples"":{""date"":""2026-09-14"",""run_id"":""050b6083fcee4d8c90b1e2d8f9263c71""},""upload_data"":{""date"":""2026-09-14"",""run_id"":""fefd5c91ffd9482a8fb31ad02298b97b""}}"
144,144,"50.9818142 , -113.93514060000001","51.1033527 , -114.0562203",urban-urban,urban,1288,"{""sample_routes"":{""date"":""2026-09-14"",""run_id"":""62ce72d45380414aabe46304bed788b2""},""join_samples"":{""date"":""2026-09-14"",""run_id"":""050b6083fcee4d8c90b1e2d8f9263c71""},""upload_data"":{""date"":""2026-09-14"",""run_id"":""fefd5c91ffd9482a8fb31ad02298b97b""}}"
145,145,"49.656904100000006 , -112.87058470000001","49.6566102 , -112.7799511",urban-urban,urban,1289,"{""sample_routes"":{""date"":""2026-09-14"",""run_id"":""62ce72d45380414aabe46304bed788b2""},""join_samples"":{""date"":""2026-09-14"",""run_id"":""050b6083fcee4d8c90b1e2d8f9263c71""},""upload_data"":{""date"":""2026-09-14"",""run_id"":""fefd5c91ffd9482a8fb31ad02298b97b""}}"
148,148,"51.0120042 , -114.08412290000001","51.011606900000004 , -113.96529310000001",urban-urban,urban,1290,"{""sample_routes"":{""date"":""2026-09-14"",""run_id"":""62ce72d45380414aabe46304bed788b2""},""join_samples"":{""date"":""2026-09-14"",""run_id"":""050b6083fcee4d8c90b1e2d8f9263c71""},""upload_data"":{""date"":""2026-09-14"",""run_id"":""fefd5c91ffd9482a8fb31ad02298b97b""}}"
149,149,"50.965003100000004 , -114.0408158","50.8241218 , -114.04080710000001",urban-urban,urban,1290,"{""sample_routes"":{""date"":""2026-09-14"",""run_id"":""62ce72d45380414aabe46304bed788b2""},""join_samples"":{""date"":""2026-09-14"",""run_id"":""050b6083fcee4d8c90b1e2d8f9263c71""},""upload_data"":{""date"":""2026-09-14"",""run_id"":""fefd5c91ffd9482a8fb31ad02298b97b""}}"
151,151,"51.0958825 , -114.2019655","51.1381931 , -114.2018012",urban-urban,urban,1108,"{""sample_routes"":{""date"":""2026-09-14"",""run_id"":""62ce72d45380414aabe46304bed788b2""},""join_samples"":{""date"":""2026-09-14"",""run_id"":""050b6083fcee4d8c90b1e2d8f9263c71""},""upload_data"":{""date"":""2026-09-14"",""run_id"":""fefd5c91ffd9482a8fb31ad02298b97b""}}"
153,153,"52.282102300000005 , -113.7590641","52.282540700000006 , -113.88397990000001",urban-rural,urban,1292,"{""sample_routes"":{""date"":""2026-09-14"",""run_id"":""62ce72d45380414aabe46304bed788b2""},""join_samples"":{""date"":""2026-09-14"",""run_id"":""050b6083fcee4d8c90b1e2d8f9263c71""},""upload_data"":{""date"":""2026-09-14"",""run_id"":""fefd5c91ffd9482a8fb31ad02298b97b""}}"
155,155,"50.971096 , -114.11002640000001","50.9712771 , -113.93526240000001",urban-urban,urban,1293,"{""sample_routes"":{""date"":""2026-09-14"",""run_id"":""62ce72d45380414aabe46304bed788b2""},""join_samples"":{""date"":""2026-09-14"",""run_id"":""050b6083fcee4d8c90b1e2d8f9263c71""},""upload_data"":{""date"":""2026-09-14"",""run_id"":""fefd5c91ffd9482a8fb31ad02298b97b""}}"
157,157,"51.0146713 , -114.0662566","51.0607071 , -114.06665670000001",urban-urban,urban,1293,"{""sample_routes"":{""date"":""2026-09-14"",""run_id"":""62ce72d45380414aabe46304bed788b2""},""join_samples"":{""date"":""2026-09-14"",""run_id"":""050b6083fcee4d8c90b1e2d8f9263c71""},""upload_data"":{""date"":""2026-09-14"",""run_id"":""fefd5c91ffd9482a8fb31ad02298b97b""}}"
158,158,"50.927878500000006 , -114.10207000000001","50.9558048 , -114.12957970000001",urban-urban,urban,1106,"{""sample_routes"":{""date"":""2026-09-14"",""run_id"":""62ce72d45380414aabe46304bed788b2""},""join_samples"":{""date"":""2026-09-14"",""run_id"":""050b6083fcee4d8c90b1e2d8f9263c71""},""upload_data"":{""date"":""2026-09-14"",""run_id"":""fefd5c91ffd9482a8fb31ad02298b97b""}}"
159,159,"51.1157941 , -114.2558958","51.115931100000005 , -114.15485460000001",urban-urban,urban,1294,"{""sample_routes"":{""date"":""2026-09-14"",""run_id"":""62ce72d45380414aabe46304bed788b2""},""join_samples"":{""date"":""2026-09-14"",""run_id"":""050b6083fcee4d8c90b1e2d8f9263c71""},""upload_data"":{""date"":""2026-09-14"",""run_id"":""fefd5c91ffd9482a8fb31ad02298b97b""}}"
160,160,"51.064578700000006 , -114.1199952","50.963288000000006 , -114.1195366",urban-urban,urban,1294,"{""sample_routes"":{""date"":""2026-09-14"",""run_id"":""62ce72d45380414aabe46304bed788b2""},""join_samples"":{""date"":""2026-09-14"",""run_id"":""050b6083fcee4d8c90b1e2d8f9263c71""},""upload_data"":{""date"":""2026-09-14"",""run_id"":""fefd5c91ffd9482a8fb31ad02298b97b""}}"
161,161,"51.167798700000006 , -114.1604025","51.0846117 , -114.1604094",urban-urban,urban,1295,"{""sample_routes"":{""date"":""2026-09-14"",""run_id"":""62ce72d45380414aabe46304bed788b2""},""join_samples"":{""date"":""2026-09-14"",""run_id"":""050b6083fcee4d8c90b1e2d8f9263c71""},""upload_data"":{""date"":""2026-09-14"",""run_id"":""fefd5c91ffd9482a8fb31ad02298b97b""}}"
162,162,"52.260037600000004 , -113.7752952","52.210425 , -113.82450390000001",urban-urban,urban,1105,"{""sample_routes"":{""date"":""2026-09-14"",""run_id"":""62ce72d45380414aabe46304bed788b2""},""join_samples"":{""date"":""2026-09-14"",""run_id"":""050b6083fcee4d8c90b1e2d8f9263c71""},""upload_data"":{""date"":""2026-09-14"",""run_id"":""fefd5c91ffd9482a8fb31ad02298b97b""}}"
163,163,"53.573110500000006 , -113.43273110000001","53.530141 , -113.4752454",urban-urban,urban,1295,"{""sample_routes"":{""date"":""2026-09-14"",""run_id"":""62ce72d45380414aabe46304bed788b2""},""join_samples"":{""date"":""2026-09-14"",""run_id"":""050b6083fcee4d8c90b1e2d8f9263c71""},""upload_data"":{""date"":""2026-09-14"",""run_id"":""fefd5c91ffd9482a8fb31ad02298b97b""}}"
164,164,"53.4932591 , -113.56515950000001","53.5302389 , -113.52786180000001",urban-urban,urban,1296,"{""sample_routes"":{""date"":""2026-09-14"",""run_id"":""62ce72d45380414aabe46304bed788b2""},""join_samples"":{""date"":""2026-09-14"",""run_id"":""050b6083fcee4d8c90b1e2d8f9263c71""},""upload_data"":{""date"":""2026-09-14"",""run_id"":""fefd5c91ffd9482a8fb31ad02298b97b""}}"
168,168,"51.0701873 , -113.94215980000001","51.12704230000001 , -113.941742",urban-urban,urban,1102,"{""sample_routes"":{""date"":""2026-09-14"",""run_id"":""62ce72d45380414aabe46304bed788b2""},""join_samples"":{""date"":""2026-09-14"",""run_id"":""050b6083fcee4d8c90b1e2d8f9263c71""},""upload_data"":{""date"":""2026-09-14"",""run_id"":""fefd5c91ffd9482a8fb31ad02298b97b""}}"
170,170,"51.1339368 , -114.1719982","51.082403500000005 , -114.17233660000001",urban-urban,urban,1298,"{""sample_routes"":{""date"":""2026-09-14"",""run_id"":""62ce72d45380414aabe46304bed788b2""},""join_samples"":{""date"":""2026-09-14"",""run_id"":""050b6083fcee4d8c90b1e2d8f9263c71""},""upload_data"":{""date"":""2026-09-14"",""run_id"":""fefd5c91ffd9482a8fb31ad02298b97b""}}"
172,172,"53.604125100000005 , -113.49803130000001","53.60437 , -113.3983855",urban-urban,urban,1299,"{""sample_routes"":{""date"":""2026-09-14"",""run_id"":""62ce72d45380414aabe46304bed788b2""},""join_samples"":{""date"":""2026-09-14"",""run_id"":""050b6083fcee4d8c90b1e2d8f9263c71""},""upload_data"":{""date"":""2026-09-14"",""run_id"":""fefd5c91ffd9482a8fb31ad02298b97b""}}"
178,178,"51.0668634 , -114.19929370000001","51.0190342 , -114.1996792",urban-urban,urban,1097,"{""sample_routes"":{""date"":""2026-09-14"",""run_id"":""62ce72d45380414aabe46304bed788b2""},""join_samples"":{""date"":""2026-09-14"",""run_id"":""050b6083fcee4d8c90b1e2d8f9263c71""},""upload_data"":{""date"":""2026-09-14"",""run_id"":""fefd5c91ffd9482a8fb31ad02298b97b""}}"
181,181,"51.077778300000006 , -113.98123690000001","51.0778247 , -114.0791116",urban-urban,urban,1303,"{""sample_routes"":{""date"":""2026-09-14"",""run_id"":""62ce72d45380414aabe46304bed788b2""},""join_samples"":{""date"":""2026-09-14"",""run_id"":""050b6083fcee4d8c90b1e2d8f9263c71""},""upload_data"":{""date"":""2026-09-14"",""run_id"":""fefd5c91ffd9482a8fb31ad02298b97b""}}"
183,183,"49.990177 , -110.64514980000001","50.066326200000006 , -110.64550320000001",urban-urban,urban,1304,"{""sample_routes"":{""date"":""2026-09-14"",""run_id"":""62ce72d45380414aabe46304bed788b2""},""join_samples"":{""date"":""2026-09-14"",""run_id"":""050b6083fcee4d8c90b1e2d8f9263c71""},""upload_data"":{""date"":""2026-09-14"",""run_id"":""fefd5c91ffd9482a8fb31ad02298b97b""}}"
184,184,"51.169979000000005 , -114.14886650000001","51.082072100000005 , -114.14909050000001",urban-urban,urban,1304,"{""sample_routes"":{""date"":""2026-09-14"",""run_id"":""62ce72d45380414aabe46304bed788b2""},""join_samples"":{""date"":""2026-09-14"",""run_id"":""050b6083fcee4d8c90b1e2d8f9263c71""},""upload_data"":{""date"":""2026-09-14"",""run_id"":""fefd5c91ffd9482a8fb31ad02298b97b""}}"
186,186,"53.503031 , -113.36354490000001","53.5687365 , -113.3638861",urban-urban,urban,1096,"{""sample_routes"":{""date"":""2026-09-14"",""run_id"":""62ce72d45380414aabe46304bed788b2""},""join_samples"":{""date"":""2026-09-14"",""run_id"":""050b6083fcee4d8c90b1e2d8f9263c71""},""upload_data"":{""date"":""2026-09-14"",""run_id"":""fefd5c91ffd9482a8fb31ad02298b97b""}}"
189,189,"51.0837875 , -115.40112350000001","51.0841189 , -115.32749030000001",urban-urban,urban,1095,"{""sample_routes"":{""date"":""2026-09-14"",""run_id"":""62ce72d45380414aabe46304bed788b2""},""join_samples"":{""date"":""2026-09-14"",""run_id"":""050b6083fcee4d8c90b1e2d8f9263c71""},""upload_data"":{""date"":""2026-09-14"",""run_id"":""fefd5c91ffd9482a8fb31ad02298b97b""}}"
190,190,"53.465856800000005 , -113.42213770000001","53.515833400000005 , -113.37262480000001",urban-urban,urban,1095,"{""sample_routes"":{""date"":""2026-09-14"",""run_id"":""62ce72d45380414aabe46304bed788b2""},""join_samples"":{""date"":""2026-09-14"",""run_id"":""050b6083fcee4d8c90b1e2d8f9263c71""},""upload_data"":{""date"":""2026-09-14"",""run_id"":""fefd5c91ffd9482a8fb31ad02298b97b""}}"
191,191,"53.6176448 , -113.53845770000001","53.6180955 , -113.4186535",urban-urban,urban,1305,"{""sample_routes"":{""date"":""2026-09-14"",""run_id"":""62ce72d45380414aabe46304bed788b2""},""join_samples"":{""date"":""2026-09-14"",""run_id"":""050b6083fcee4d8c90b1e2d8f9263c71""},""upload_data"":{""date"":""2026-09-14"",""run_id"":""fefd5c91ffd9482a8fb31ad02298b97b""}}"
192,192,"53.455925300000004 , -113.51520810000001","53.455764300000006 , -113.341915",urban-rural,urban,1306,"{""sample_routes"":{""date"":""2026-09-14"",""run_id"":""62ce72d45380414aabe46304bed788b2""},""join_samples"":{""date"":""2026-09-14"",""run_id"":""050b6083fcee4d8c90b1e2d8f9263c71""},""upload_data"":{""date"":""2026-09-14"",""run_id"":""fefd5c91ffd9482a8fb31ad02298b97b""}}"
194,194,"51.0881088 , -114.1537926","51.1710341 , -114.1533179",urban-urban,urban,1307,"{""sample_routes"":{""date"":""2026-09-14"",""run_id"":""62ce72d45380414aabe46304bed788b2""},""join_samples"":{""date"":""2026-09-14"",""run_id"":""050b6083fcee4d8c90b1e2d8f9263c71""},""upload_data"":{""date"":""2026-09-14"",""run_id"":""fefd5c91ffd9482a8fb31ad02298b97b""}}"
195,195,"51.059712000000005 , -114.04836350000001","51.164804700000005 , -114.04804030000001",urban-urban,urban,1307,"{""sample_routes"":{""date"":""2026-09-14"",""run_id"":""62ce72d45380414aabe46304bed788b2""},""join_samples"":{""date"":""2026-09-14"",""run_id"":""050b6083fcee4d8c90b1e2d8f9263c71""},""upload_data"":{""date"":""2026-09-14"",""run_id"":""fefd5c91ffd9482a8fb31ad02298b97b""}}"
196,196,"53.504356 , -113.4545901","53.551863700000006 , -113.40727430000001",urban-urban,urban,1307,"{""sample_routes"":{""date"":""2026-09-14"",""run_id"":""62ce72d45380414aabe46304bed788b2""},""join_samples"":{""date"":""2026-09-14"",""run_id"":""050b6083fcee4d8c90b1e2d8f9263c71""},""upload_data"":{""date"":""2026-09-14"",""run_id"":""fefd5c91ffd9482a8fb31ad02298b97b""}}"
198,198,"53.6658854 , -113.6284724","53.6268345 , -113.5895986",urban-urban,urban,1308,"{""sample_routes"":{""date"":""2026-09-14"",""run_id"":""62ce72d45380414aabe46304bed788b2""},""join_samples"":{""date"":""2026-09-14"",""run_id"":""050b6083fcee4d8c90b1e2d8f9263c71""},""upload_data"":{""date"":""2026-09-14"",""run_id"":""fefd5c91ffd9482a8fb31ad02298b97b""}}"
199,199,"53.592964 , -113.38438620000001","53.636633800000006 , -113.42757900000001",urban-urban,urban,1308,"{""sample_routes"":{""date"":""2026-09-14"",""run_id"":""62ce72d45380414aabe46304bed788b2""},""join_samples"":{""date"":""2026-09-14"",""run_id"":""050b6083fcee4d8c90b1e2d8f9263c71""},""upload_data"":{""date"":""2026-09-14"",""run_id"":""fefd5c91ffd9482a8fb31ad02298b97b""}}"
200,200,"53.6552695 , -113.6007587","53.6214723 , -113.6005487",urban-urban,urban,1309,"{""sample_routes"":{""date"":""2026-09-14"",""run_id"":""62ce72d45380414aabe46304bed788b2""},""join_samples"":{""date"":""2026-09-14"",""run_id"":""050b6083fcee4d8c90b1e2d8f9263c71""},""upload_data"":{""date"":""2026-09-14"",""run_id"":""fefd5c91ffd9482a8fb31ad02298b97b""}}"
201,201,"53.4393557 , -113.4910988","53.503166300000004 , -113.55517970000001",rural-urban,urban,1091,"{""sample_routes"":{""date"":""2026-09-14"",""run_id"":""62ce72d45380414aabe46304bed788b2""},""join_samples"":{""date"":""2026-09-14"",""run_id"":""050b6083fcee4d8c90b1e2d8f9263c71""},""upload_data"":{""date"":""2026-09-14"",""run_id"":""fefd5c91ffd9482a8fb31ad02298b97b""}}"
203,203,"51.1360369 , -114.18829790000001","51.0813555 , -114.188192",urban-urban,urban,1091,"{""sample_routes"":{""date"":""2026-09-14"",""run_id"":""62ce72d45380414aabe46304bed788b2""},""join_samples"":{""date"":""2026-09-14"",""run_id"":""050b6083fcee4d8c90b1e2d8f9263c71""},""upload_data"":{""date"":""2026-09-14"",""run_id"":""fefd5c91ffd9482a8fb31ad02298b97b""}}"
204,204,"51.144134900000005 , -113.9579418","51.053274200000004 , -114.0484696",urban-urban,urban,1310,"{""sample_routes"":{""date"":""2026-09-14"",""run_id"":""62ce72d45380414aabe46304bed788b2""},""join_samples"":{""date"":""2026-09-14"",""run_id"":""050b6083fcee4d8c90b1e2d8f9263c71""},""upload_data"":{""date"":""2026-09-14"",""run_id"":""fefd5c91ffd9482a8fb31ad02298b97b""}}"
205,205,"50.833328800000004 , -113.9753244","50.9570936 , -114.09929460000001",urban-urban,urban,1310,"{""sample_routes"":{""date"":""2026-09-14"",""run_id"":""62ce72d45380414aabe46304bed788b2""},""join_samples"":{""date"":""2026-09-14"",""run_id"":""050b6083fcee4d8c90b1e2d8f9263c71""},""upload_data"":{""date"":""2026-09-14"",""run_id"":""fefd5c91ffd9482a8fb31ad02298b97b""}}"
210,210,"50.840649400000004 , -114.00799610000001","50.9316606 , -114.09929930000001",urban-urban,urban,1311,"{""sample_routes"":{""date"":""2026-09-14"",""run_id"":""62ce72d45380414aabe46304bed788b2""},""join_samples"":{""date"":""2026-09-14"",""run_id"":""050b6083fcee4d8c90b1e2d8f9263c71""},""upload_data"":{""date"":""2026-09-14"",""run_id"":""fefd5c91ffd9482a8fb31ad02298b97b""}}"
214,214,"55.129554000000006 , -118.74651180000001","55.1291042 , -118.835892",urban-urban,urban,1088,"{""sample_routes"":{""date"":""2026-09-14"",""run_id"":""62ce72d45380414aabe46304bed788b2""},""join_samples"":{""date"":""2026-09-14"",""run_id"":""050b6083fcee4d8c90b1e2d8f9263c71""},""upload_data"":{""date"":""2026-09-14"",""run_id"":""fefd5c91ffd9482a8fb31ad02298b97b""}}"
215,215,"53.5450035 , -113.55466980000001","53.598863 , -113.55513810000001",urban-urban,urban,1312,"{""sample_routes"":{""date"":""2026-09-14"",""run_id"":""62ce72d45380414aabe46304bed788b2""},""join_samples"":{""date"":""2026-09-14"",""run_id"":""050b6083fcee4d8c90b1e2d8f9263c71""},""upload_data"":{""date"":""2026-09-14"",""run_id"":""fefd5c91ffd9482a8fb31ad02298b97b""}}"
218,218,"51.095353700000004 , -114.2386723","51.0955998 , -114.1245257",urban-urban,urban,1313,"{""sample_routes"":{""date"":""2026-09-14"",""run_id"":""62ce72d45380414aabe46304bed788b2""},""join_samples"":{""date"":""2026-09-14"",""run_id"":""050b6083fcee4d8c90b1e2d8f9263c71""},""upload_data"":{""date"":""2026-09-14"",""run_id"":""fefd5c91ffd9482a8fb31ad02298b97b""}}"
219,219,"53.6023451 , -113.5334462","53.550972800000004 , -113.5332386",urban-urban,urban,1314,"{""sample_routes"":{""date"":""2026-09-14"",""run_id"":""62ce72d45380414aabe46304bed788b2""},""join_samples"":{""date"":""2026-09-14"",""run_id"":""050b6083fcee4d8c90b1e2d8f9263c71""},""upload_data"":{""date"":""2026-09-14"",""run_id"":""fefd5c91ffd9482a8fb31ad02298b97b""}}"
220,220,"53.5373029 , -113.2871482","53.5677115 , -113.286811",urban-urban,urban,1086,"{""sample_routes"":{""date"":""2026-09-14"",""run_id"":""62ce72d45380414aabe46304bed788b2""},""join_samples"":{""date"":""2026-09-14"",""run_id"":""050b6083fcee4d8c90b1e2d8f9263c71""},""upload_data"":{""date"":""2026-09-14"",""run_id"":""fefd5c91ffd9482a8fb31ad02298b97b""}}"
223,223,"53.6093162 , -113.50898210000001","53.5632205 , -113.5555006",urban-urban,urban,1315,"{""sample_routes"":{""date"":""2026-09-14"",""run_id"":""62ce72d45380414aabe46304bed788b2""},""join_samples"":{""date"":""2026-09-14"",""run_id"":""050b6083fcee4d8c90b1e2d8f9263c71""},""upload_data"":{""date"":""2026-09-14"",""run_id"":""fefd5c91ffd9482a8fb31ad02298b97b""}}"
224,224,"53.4451964 , -113.45427280000001","53.4908651 , -113.50033810000001",urban-urban,urban,1316,"{""sample_routes"":{""date"":""2026-09-14"",""run_id"":""62ce72d45380414aabe46304bed788b2""},""join_samples"":{""date"":""2026-09-14"",""run_id"":""050b6083fcee4d8c90b1e2d8f9263c71""},""upload_data"":{""date"":""2026-09-14"",""run_id"":""fefd5c91ffd9482a8fb31ad02298b97b""}}"
225,225,"53.627481100000004 , -113.6169562","53.690832 , -113.5535926",urban-urban,urban,1316,"{""sample_routes"":{""date"":""2026-09-14"",""run_id"":""62ce72d45380414aabe46304bed788b2""},""join_samples"":{""date"":""2026-09-14"",""run_id"":""050b6083fcee4d8c90b1e2d8f9263c71""},""upload_data"":{""date"":""2026-09-14"",""run_id"":""fefd5c91ffd9482a8fb31ad02298b97b""}}"
227,227,"51.018216 , -114.16432250000001","51.069706100000005 , -114.1126651",urban-urban,urban,1317,"{""sample_routes"":{""date"":""2026-09-14"",""run_id"":""62ce72d45380414aabe46304bed788b2""},""join_samples"":{""date"":""2026-09-14"",""run_id"":""050b6083fcee4d8c90b1e2d8f9263c71""},""upload_data"":{""date"":""2026-09-14"",""run_id"":""fefd5c91ffd9482a8fb31ad02298b97b""}}"
228,228,"51.0128745 , -114.1144309","50.9170122 , -114.01843810000001",urban-urban,urban,1317,"{""sample_routes"":{""date"":""2026-09-14"",""run_id"":""62ce72d45380414aabe46304bed788b2""},""join_samples"":{""date"":""2026-09-14"",""run_id"":""050b6083fcee4d8c90b1e2d8f9263c71""},""upload_data"":{""date"":""2026-09-14"",""run_id"":""fefd5c91ffd9482a8fb31ad02298b97b""}}"
230,230,"53.514587600000006 , -113.42334720000001","53.514115600000004 , -113.5122632",urban-urban,urban,1318,"{""sample_routes"":{""date"":""2026-09-14"",""run_id"":""62ce72d45380414aabe46304bed788b2""},""join_samples"":{""date"":""2026-09-14"",""run_id"":""050b6083fcee4d8c90b1e2d8f9263c71""},""upload_data"":{""date"":""2026-09-14"",""run_id"":""fefd5c91ffd9482a8fb31ad02298b97b""}}"
231,231,"51.05716820000001 , -114.07957640000001","51.1346969 , -114.1575535",urban-urban,urban,1318,"{""sample_routes"":{""date"":""2026-09-14"",""run_id"":""62ce72d45380414aabe46304bed788b2""},""join_samples"":{""date"":""2026-09-14"",""run_id"":""050b6083fcee4d8c90b1e2d8f9263c71""},""upload_data"":{""date"":""2026-09-14"",""run_id"":""fefd5c91ffd9482a8fb31ad02298b97b""}}"
232,232,"51.147661600000006 , -114.22981650000001","51.058324400000004 , -114.1400502",urban-urban,urban,1319,"{""sample_routes"":{""date"":""2026-09-14"",""run_id"":""62ce72d45380414aabe46304bed788b2""},""join_samples"":{""date"":""2026-09-14"",""run_id"":""050b6083fcee4d8c90b1e2d8f9263c71""},""upload_data"":{""date"":""2026-09-14"",""run_id"":""fefd5c91ffd9482a8fb31ad02298b97b""}}"
234,234,"51.153215900000006 , -114.0815115","51.0908743 , -114.08146880000001",urban-urban,urban,1320,"{""sample_routes"":{""date"":""2026-09-14"",""run_id"":""62ce72d45380414aabe46304bed788b2""},""join_samples"":{""date"":""2026-09-14"",""run_id"":""050b6083fcee4d8c90b1e2d8f9263c71""},""upload_data"":{""date"":""2026-09-14"",""run_id"":""fefd5c91ffd9482a8fb31ad02298b97b""}}"
238,238,"50.9539155 , -114.02660630000001","51.0165117 , -113.9644674",urban-urban,urban,1079,"{""sample_routes"":{""date"":""2026-09-14"",""run_id"":""62ce72d45380414aabe46304bed788b2""},""join_samples"":{""date"":""2026-09-14"",""run_id"":""050b6083fcee4d8c90b1e2d8f9263c71""},""upload_data"":{""date"":""2026-09-14"",""run_id"":""fefd5c91ffd9482a8fb31ad02298b97b""}}"
240,240,"51.098924600000004 , -114.06331960000001","50.993983 , -113.95838690000001",urban-urban,urban,1323,"{""sample_routes"":{""date"":""2026-09-14"",""run_id"":""62ce72d45380414aabe46304bed788b2""},""join_samples"":{""date"":""2026-09-14"",""run_id"":""050b6083fcee4d8c90b1e2d8f9263c71""},""upload_data"":{""date"":""2026-09-14"",""run_id"":""fefd5c91ffd9482a8fb31ad02298b97b""}}"
243,243,"50.9506335 , -113.9575396","51.034585400000005 , -114.04114790000001",urban-urban,urban,1323,"{""sample_routes"":{""date"":""2026-09-14"",""run_id"":""62ce72d45380414aabe46304bed788b2""},""join_samples"":{""date"":""2026-09-14"",""run_id"":""050b6083fcee4d8c90b1e2d8f9263c71""},""upload_data"":{""date"":""2026-09-14"",""run_id"":""fefd5c91ffd9482a8fb31ad02298b97b""}}"
245,245,"53.501182 , -113.4480065","53.444446000000006 , -113.4480726",urban-urban,urban,1324,"{""sample_routes"":{""date"":""2026-09-14"",""run_id"":""62ce72d45380414aabe46304bed788b2""},""join_samples"":{""date"":""2026-09-14"",""run_id"":""050b6083fcee4d8c90b1e2d8f9263c71""},""upload_data"":{""date"":""2026-09-14"",""run_id"":""fefd5c91ffd9482a8fb31ad02298b97b""}}"
246,246,"51.1733309 , -114.17593120000001","51.1737097 , -114.0473096",urban-urban,urban,1324,"{""sample_routes"":{""date"":""2026-09-14"",""run_id"":""62ce72d45380414aabe46304bed788b2""},""join_samples"":{""date"":""2026-09-14"",""run_id"":""050b6083fcee4d8c90b1e2d8f9263c71""},""upload_data"":{""date"":""2026-09-14"",""run_id"":""fefd5c91ffd9482a8fb31ad02298b97b""}}"
249,249,"50.876962400000004 , -113.9413978","50.979833500000005 , -114.0444782",urban-urban,urban,1325,"{""sample_routes"":{""date"":""2026-09-14"",""run_id"":""62ce72d45380414aabe46304bed788b2""},""join_samples"":{""date"":""2026-09-14"",""run_id"":""050b6083fcee4d8c90b1e2d8f9263c71""},""upload_data"":{""date"":""2026-09-14"",""run_id"":""fefd5c91ffd9482a8fb31ad02298b97b""}}"
251,251,"53.4494302 , -113.4918758","53.449463200000004 , -113.5552785",urban-urban,urban,1074,"{""sample_routes"":{""date"":""2026-09-14"",""run_id"":""62ce72d45380414aabe46304bed788b2""},""join_samples"":{""date"":""2026-09-14"",""run_id"":""050b6083fcee4d8c90b1e2d8f9263c71""},""upload_data"":{""date"":""2026-09-14"",""run_id"":""fefd5c91ffd9482a8fb31ad02298b97b""}}"
254,254,"55.144784200000004 , -118.78041750000001","55.2287861 , -118.77998090000001",urban-urban,urban,1073,"{""sample_routes"":{""date"":""2026-09-14"",""run_id"":""62ce72d45380414aabe46304bed788b2""},""join_samples"":{""date"":""2026-09-14"",""run_id"":""050b6083fcee4d8c90b1e2d8f9263c71""},""upload_data"":{""date"":""2026-09-14"",""run_id"":""fefd5c91ffd9482a8fb31ad02298b97b""}}"
260,260,"49.6560525 , -112.8636221","49.6557918 , -112.77108890000001",urban-urban,urban,1329,"{""sample_routes"":{""date"":""2026-09-14"",""run_id"":""62ce72d45380414aabe46304bed788b2""},""join_samples"":{""date"":""2026-09-14"",""run_id"":""050b6083fcee4d8c90b1e2d8f9263c71""},""upload_data"":{""date"":""2026-09-14"",""run_id"":""fefd5c91ffd9482a8fb31ad02298b97b""}}"
262,262,"50.0432306 , -110.66432490000001","49.9627107 , -110.5838142",urban-urban,urban,1071,"{""sample_routes"":{""date"":""2026-09-14"",""run_id"":""62ce72d45380414aabe46304bed788b2""},""join_samples"":{""date"":""2026-09-14"",""run_id"":""050b6083fcee4d8c90b1e2d8f9263c71""},""upload_data"":{""date"":""2026-09-14"",""run_id"":""fefd5c91ffd9482a8fb31ad02298b97b""}}"
263,263,"53.4608428 , -113.43845250000001","53.4608773 , -113.5375637",urban-urban,urban,1329,"{""sample_routes"":{""date"":""2026-09-14"",""run_id"":""62ce72d45380414aabe46304bed788b2""},""join_samples"":{""date"":""2026-09-14"",""run_id"":""050b6083fcee4d8c90b1e2d8f9263c71""},""upload_data"":{""date"":""2026-09-14"",""run_id"":""fefd5c91ffd9482a8fb31ad02298b97b""}}"
264,264,"53.506962800000004 , -113.445244","53.5069171 , -113.5916265",urban-urban,urban,1329,"{""sample_routes"":{""date"":""2026-09-14"",""run_id"":""62ce72d45380414aabe46304bed788b2""},""join_samples"":{""date"":""2026-09-14"",""run_id"":""050b6083fcee4d8c90b1e2d8f9263c71""},""upload_data"":{""date"":""2026-09-14"",""run_id"":""fefd5c91ffd9482a8fb31ad02298b97b""}}"
265,265,"53.4789055 , -113.54726310000001","53.478759600000004 , -113.6050151",urban-urban,urban,1070,"{""sample_routes"":{""date"":""2026-09-14"",""run_id"":""62ce72d45380414aabe46304bed788b2""},""join_samples"":{""date"":""2026-09-14"",""run_id"":""050b6083fcee4d8c90b1e2d8f9263c71""},""upload_data"":{""date"":""2026-09-14"",""run_id"":""fefd5c91ffd9482a8fb31ad02298b97b""}}"
267,267,"53.6096383 , -113.6211473","53.652205900000006 , -113.66338730000001",urban-urban,urban,1331,"{""sample_routes"":{""date"":""2026-09-14"",""run_id"":""62ce72d45380414aabe46304bed788b2""},""join_samples"":{""date"":""2026-09-14"",""run_id"":""050b6083fcee4d8c90b1e2d8f9263c71""},""upload_data"":{""date"":""2026-09-14"",""run_id"":""fefd5c91ffd9482a8fb31ad02298b97b""}}"
270,270,"53.4730233 , -113.55027740000001","53.4420073 , -113.550357",urban-urban,urban,1068,"{""sample_routes"":{""date"":""2026-09-14"",""run_id"":""62ce72d45380414aabe46304bed788b2""},""join_samples"":{""date"":""2026-09-14"",""run_id"":""050b6083fcee4d8c90b1e2d8f9263c71""},""upload_data"":{""date"":""2026-09-14"",""run_id"":""fefd5c91ffd9482a8fb31ad02298b97b""}}"
272,272,"50.955927700000004 , -114.0588575","51.0300698 , -114.1326834",urban-urban,urban,1332,"{""sample_routes"":{""date"":""2026-09-14"",""run_id"":""62ce72d45380414aabe46304bed788b2""},""join_samples"":{""date"":""2026-09-14"",""run_id"":""050b6083fcee4d8c90b1e2d8f9263c71""},""upload_data"":{""date"":""2026-09-14"",""run_id"":""fefd5c91ffd9482a8fb31ad02298b97b""}}"
276,276,"53.525448100000006 , -113.48893810000001","53.479153600000004 , -113.4423065",urban-urban,urban,1333,"{""sample_routes"":{""date"":""2026-09-14"",""run_id"":""62ce72d45380414aabe46304bed788b2""},""join_samples"":{""date"":""2026-09-14"",""run_id"":""050b6083fcee4d8c90b1e2d8f9263c71""},""upload_data"":{""date"":""2026-09-14"",""run_id"":""fefd5c91ffd9482a8fb31ad02298b97b""}}"
277,277,"51.1064907 , -114.18862220000001","51.1060585 , -114.0543801",urban-urban,urban,1334,"{""sample_routes"":{""date"":""2026-09-14"",""run_id"":""62ce72d45380414aabe46304bed788b2""},""join_samples"":{""date"":""2026-09-14"",""run_id"":""050b6083fcee4d8c90b1e2d8f9263c71""},""upload_data"":{""date"":""2026-09-14"",""run_id"":""fefd5c91ffd9482a8fb31ad02298b97b""}}"
278,278,"53.54449150000001 , -113.4973575","53.544773600000006 , -113.4170285",urban-urban,urban,1334,"{""sample_routes"":{""date"":""2026-09-14"",""run_id"":""62ce72d45380414aabe46304bed788b2""},""join_samples"":{""date"":""2026-09-14"",""run_id"":""050b6083fcee4d8c90b1e2d8f9263c71""},""upload_data"":{""date"":""2026-09-14"",""run_id"":""fefd5c91ffd9482a8fb31ad02298b97b""}}"
279,279,"53.6129377 , -113.41175890000001","53.564616900000004 , -113.41150680000001",urban-urban,urban,1066,"{""sample_routes"":{""date"":""2026-09-14"",""run_id"":""62ce72d45380414aabe46304bed788b2""},""join_samples"":{""date"":""2026-09-14"",""run_id"":""050b6083fcee4d8c90b1e2d8f9263c71""},""upload_data"":{""date"":""2026-09-14"",""run_id"":""fefd5c91ffd9482a8fb31ad02298b97b""}}"
281,281,"51.102553900000004 , -114.16451970000001","51.102391600000004 , -114.04582570000001",urban-urban,urban,1335,"{""sample_routes"":{""date"":""2026-09-14"",""run_id"":""62ce72d45380414aabe46304bed788b2""},""join_samples"":{""date"":""2026-09-14"",""run_id"":""050b6083fcee4d8c90b1e2d8f9263c71""},""upload_data"":{""date"":""2026-09-14"",""run_id"":""fefd5c91ffd9482a8fb31ad02298b97b""}}"
282,282,"51.1345789 , -114.16774810000001","51.055805400000004 , -114.08872050000001",urban-urban,urban,1335,"{""sample_routes"":{""date"":""2026-09-14"",""run_id"":""62ce72d45380414aabe46304bed788b2""},""join_samples"":{""date"":""2026-09-14"",""run_id"":""050b6083fcee4d8c90b1e2d8f9263c71""},""upload_data"":{""date"":""2026-09-14"",""run_id"":""fefd5c91ffd9482a8fb31ad02298b97b""}}"
284,284,"53.5363527 , -113.29102900000001","53.570702100000005 , -113.2914271",urban-urban,urban,1065,"{""sample_routes"":{""date"":""2026-09-14"",""run_id"":""62ce72d45380414aabe46304bed788b2""},""join_samples"":{""date"":""2026-09-14"",""run_id"":""050b6083fcee4d8c90b1e2d8f9263c71""},""upload_data"":{""date"":""2026-09-14"",""run_id"":""fefd5c91ffd9482a8fb31ad02298b97b""}}"
286,286,"53.5386827 , -113.43338480000001","53.608054300000006 , -113.4333077",urban-urban,urban,1336,"{""sample_routes"":{""date"":""2026-09-14"",""run_id"":""62ce72d45380414aabe46304bed788b2""},""join_samples"":{""date"":""2026-09-14"",""run_id"":""050b6083fcee4d8c90b1e2d8f9263c71""},""upload_data"":{""date"":""2026-09-14"",""run_id"":""fefd5c91ffd9482a8fb31ad02298b97b""}}"
287,287,"53.4572852 , -113.56667580000001","53.5129335 , -113.5111603",urban-urban,urban,1336,"{""sample_routes"":{""date"":""2026-09-14"",""run_id"":""62ce72d45380414aabe46304bed788b2""},""join_samples"":{""date"":""2026-09-14"",""run_id"":""050b6083fcee4d8c90b1e2d8f9263c71""},""upload_data"":{""date"":""2026-09-14"",""run_id"":""fefd5c91ffd9482a8fb31ad02298b97b""}}"
289,289,"51.003023400000004 , -114.1412545","51.0701078 , -114.07401490000001",urban-urban,urban,1337,"{""sample_routes"":{""date"":""2026-09-14"",""run_id"":""62ce72d45380414aabe46304bed788b2""},""join_samples"":{""date"":""2026-09-14"",""run_id"":""050b6083fcee4d8c90b1e2d8f9263c71""},""upload_data"":{""date"":""2026-09-14"",""run_id"":""fefd5c91ffd9482a8fb31ad02298b97b""}}"
290,290,"53.513778 , -113.45816950000001","53.55141750000001 , -113.49557100000001",urban-urban,urban,1337,"{""sample_routes"":{""date"":""2026-09-14"",""run_id"":""62ce72d45380414aabe46304bed788b2""},""join_samples"":{""date"":""2026-09-14"",""run_id"":""050b6083fcee4d8c90b1e2d8f9263c71""},""upload_data"":{""date"":""2026-09-14"",""run_id"":""fefd5c91ffd9482a8fb31ad02298b97b""}}"
292,292,"53.608572 , -113.47994270000001","53.5557354 , -113.5323427",urban-urban,urban,1338,"{""sample_routes"":{""date"":""2026-09-14"",""run_id"":""62ce72d45380414aabe46304bed788b2""},""join_samples"":{""date"":""2026-09-14"",""run_id"":""050b6083fcee4d8c90b1e2d8f9263c71""},""upload_data"":{""date"":""2026-09-14"",""run_id"":""fefd5c91ffd9482a8fb31ad02298b97b""}}"
293,293,"51.121976000000004 , -114.24430930000001","51.121495200000005 , -114.14923130000001",urban-urban,urban,1338,"{""sample_routes"":{""date"":""2026-09-14"",""run_id"":""62ce72d45380414aabe46304bed788b2""},""join_samples"":{""date"":""2026-09-14"",""run_id"":""050b6083fcee4d8c90b1e2d8f9263c71""},""upload_data"":{""date"":""2026-09-14"",""run_id"":""fefd5c91ffd9482a8fb31ad02298b97b""}}"
296,296,"53.524055600000004 , -113.51255080000001","53.5658187 , -113.47106120000001",urban-urban,urban,1339,"{""sample_routes"":{""date"":""2026-09-14"",""run_id"":""62ce72d45380414aabe46304bed788b2""},""join_samples"":{""date"":""2026-09-14"",""run_id"":""050b6083fcee4d8c90b1e2d8f9263c71""},""upload_data"":{""date"":""2026-09-14"",""run_id"":""fefd5c91ffd9482a8fb31ad02298b97b""}}"
302,302,"53.552615100000004 , -113.58161410000001","53.4954977 , -113.638817",urban-urban,urban,1340,"{""sample_routes"":{""date"":""2026-09-14"",""run_id"":""62ce72d45380414aabe46304bed788b2""},""join_samples"":{""date"":""2026-09-14"",""run_id"":""050b6083fcee4d8c90b1e2d8f9263c71""},""upload_data"":{""date"":""2026-09-14"",""run_id"":""fefd5c91ffd9482a8fb31ad02298b97b""}}"
306,306,"50.963177300000005 , -114.0877162","50.962715300000006 , -113.93507650000001",urban-urban,urban,1340,"{""sample_routes"":{""date"":""2026-09-14"",""run_id"":""62ce72d45380414aabe46304bed788b2""},""join_samples"":{""date"":""2026-09-14"",""run_id"":""050b6083fcee4d8c90b1e2d8f9263c71""},""upload_data"":{""date"":""2026-09-14"",""run_id"":""fefd5c91ffd9482a8fb31ad02298b97b""}}"
312,312,"51.130400300000005 , -114.13548700000001","51.1308421 , -114.0068693",urban-urban,urban,1343,"{""sample_routes"":{""date"":""2026-09-14"",""run_id"":""62ce72d45380414aabe46304bed788b2""},""join_samples"":{""date"":""2026-09-14"",""run_id"":""050b6083fcee4d8c90b1e2d8f9263c71""},""upload_data"":{""date"":""2026-09-14"",""run_id"":""fefd5c91ffd9482a8fb31ad02298b97b""}}"
313,313,"51.1316866 , -114.08669350000001","51.1313952 , -113.92944080000001",urban-urban,urban,1343,"{""sample_routes"":{""date"":""2026-09-14"",""run_id"":""62ce72d45380414aabe46304bed788b2""},""join_samples"":{""date"":""2026-09-14"",""run_id"":""050b6083fcee4d8c90b1e2d8f9263c71""},""upload_data"":{""date"":""2026-09-14"",""run_id"":""fefd5c91ffd9482a8fb31ad02298b97b""}}"
318,318,"51.0471519 , -114.0527974","51.047026 , -113.92304600000001",urban-urban,urban,1344,"{""sample_routes"":{""date"":""2026-09-14"",""run_id"":""62ce72d45380414aabe46304bed788b2""},""join_samples"":{""date"":""2026-09-14"",""run_id"":""050b6083fcee4d8c90b1e2d8f9263c71""},""upload_data"":{""date"":""2026-09-14"",""run_id"":""fefd5c91ffd9482a8fb31ad02298b97b""}}"
322,322,"53.581398400000005 , -113.46458410000001","53.5388445 , -113.50752050000001",urban-urban,urban,1345,"{""sample_routes"":{""date"":""2026-09-14"",""run_id"":""62ce72d45380414aabe46304bed788b2""},""join_samples"":{""date"":""2026-09-14"",""run_id"":""050b6083fcee4d8c90b1e2d8f9263c71""},""upload_data"":{""date"":""2026-09-14"",""run_id"":""fefd5c91ffd9482a8fb31ad02298b97b""}}"
323,323,"53.5520647 , -113.2889217","53.552042400000005 , -113.36922720000001",urban-urban,urban,1055,"{""sample_routes"":{""date"":""2026-09-14"",""run_id"":""62ce72d45380414aabe46304bed788b2""},""join_samples"":{""date"":""2026-09-14"",""run_id"":""050b6083fcee4d8c90b1e2d8f9263c71""},""upload_data"":{""date"":""2026-09-14"",""run_id"":""fefd5c91ffd9482a8fb31ad02298b97b""}}"
325,325,"53.5922421 , -113.43091820000001","53.527705000000005 , -113.43088920000001",urban-urban,urban,1345,"{""sample_routes"":{""date"":""2026-09-14"",""run_id"":""62ce72d45380414aabe46304bed788b2""},""join_samples"":{""date"":""2026-09-14"",""run_id"":""050b6083fcee4d8c90b1e2d8f9263c71""},""upload_data"":{""date"":""2026-09-14"",""run_id"":""fefd5c91ffd9482a8fb31ad02298b97b""}}"
326,326,"53.4455911 , -113.42998870000001","53.505042 , -113.4302706",urban-urban,urban,1345,"{""sample_routes"":{""date"":""2026-09-14"",""run_id"":""62ce72d45380414aabe46304bed788b2""},""join_samples"":{""date"":""2026-09-14"",""run_id"":""050b6083fcee4d8c90b1e2d8f9263c71""},""upload_data"":{""date"":""2026-09-14"",""run_id"":""fefd5c91ffd9482a8fb31ad02298b97b""}}"
328,328,"51.162953300000005 , -114.0909268","51.091700200000005 , -114.0904699",urban-urban,urban,1346,"{""sample_routes"":{""date"":""2026-09-14"",""run_id"":""62ce72d45380414aabe46304bed788b2""},""join_samples"":{""date"":""2026-09-14"",""run_id"":""050b6083fcee4d8c90b1e2d8f9263c71""},""upload_data"":{""date"":""2026-09-14"",""run_id"":""fefd5c91ffd9482a8fb31ad02298b97b""}}"
329,329,"53.5202565 , -113.44569580000001","53.5627148 , -113.487937",urban-urban,urban,1346,"{""sample_routes"":{""date"":""2026-09-14"",""run_id"":""62ce72d45380414aabe46304bed788b2""},""join_samples"":{""date"":""2026-09-14"",""run_id"":""050b6083fcee4d8c90b1e2d8f9263c71""},""upload_data"":{""date"":""2026-09-14"",""run_id"":""fefd5c91ffd9482a8fb31ad02298b97b""}}"
331,331,"50.8353582 , -113.9704471","50.956323000000005 , -114.0914302",urban-urban,urban,1347,"{""sample_routes"":{""date"":""2026-09-14"",""run_id"":""62ce72d45380414aabe46304bed788b2""},""join_samples"":{""date"":""2026-09-14"",""run_id"":""050b6083fcee4d8c90b1e2d8f9263c71""},""upload_data"":{""date"":""2026-09-14"",""run_id"":""fefd5c91ffd9482a8fb31ad02298b97b""}}"
332,332,"50.8917177 , -113.9863571","51.0379317 , -113.98625990000001",urban-urban,urban,1347,"{""sample_routes"":{""date"":""2026-09-14"",""run_id"":""62ce72d45380414aabe46304bed788b2""},""join_samples"":{""date"":""2026-09-14"",""run_id"":""050b6083fcee4d8c90b1e2d8f9263c71""},""upload_data"":{""date"":""2026-09-14"",""run_id"":""fefd5c91ffd9482a8fb31ad02298b97b""}}"
335,335,"53.5172621 , -113.4861377","53.5177264 , -113.58240500000001",urban-urban,urban,1347,"{""sample_routes"":{""date"":""2026-09-14"",""run_id"":""62ce72d45380414aabe46304bed788b2""},""join_samples"":{""date"":""2026-09-14"",""run_id"":""050b6083fcee4d8c90b1e2d8f9263c71""},""upload_data"":{""date"":""2026-09-14"",""run_id"":""fefd5c91ffd9482a8fb31ad02298b97b""}}"
337,337,"53.60055620000001 , -113.56908030000001","53.551683000000004 , -113.56922410000001",urban-urban,urban,1348,"{""sample_routes"":{""date"":""2026-09-14"",""run_id"":""62ce72d45380414aabe46304bed788b2""},""join_samples"":{""date"":""2026-09-14"",""run_id"":""050b6083fcee4d8c90b1e2d8f9263c71""},""upload_data"":{""date"":""2026-09-14"",""run_id"":""fefd5c91ffd9482a8fb31ad02298b97b""}}"
339,339,"53.578166 , -113.44344770000001","53.5780201 , -113.70058320000001",urban-urban,urban,1348,"{""sample_routes"":{""date"":""2026-09-14"",""run_id"":""62ce72d45380414aabe46304bed788b2""},""join_samples"":{""date"":""2026-09-14"",""run_id"":""050b6083fcee4d8c90b1e2d8f9263c71""},""upload_data"":{""date"":""2026-09-14"",""run_id"":""fefd5c91ffd9482a8fb31ad02298b97b""}}"
343,343,"51.108142 , -113.97420070000001","51.052503800000004 , -114.03026190000001",urban-urban,urban,1350,"{""sample_routes"":{""date"":""2026-09-14"",""run_id"":""62ce72d45380414aabe46304bed788b2""},""join_samples"":{""date"":""2026-09-14"",""run_id"":""050b6083fcee4d8c90b1e2d8f9263c71""},""upload_data"":{""date"":""2026-09-14"",""run_id"":""fefd5c91ffd9482a8fb31ad02298b97b""}}"
346,346,"51.104274800000006 , -113.9337368","51.104570200000005 , -114.07166360000001",urban-urban,urban,1350,"{""sample_routes"":{""date"":""2026-09-14"",""run_id"":""62ce72d45380414aabe46304bed788b2""},""join_samples"":{""date"":""2026-09-14"",""run_id"":""050b6083fcee4d8c90b1e2d8f9263c71""},""upload_data"":{""date"":""2026-09-14"",""run_id"":""fefd5c91ffd9482a8fb31ad02298b97b""}}"
349,349,"51.066852100000006 , -113.98027110000001","51.13952140000001 , -113.9806532",urban-rural,urban,1049,"{""sample_routes"":{""date"":""2026-09-14"",""run_id"":""62ce72d45380414aabe46304bed788b2""},""join_samples"":{""date"":""2026-09-14"",""run_id"":""050b6083fcee4d8c90b1e2d8f9263c71""},""upload_data"":{""date"":""2026-09-14"",""run_id"":""fefd5c91ffd9482a8fb31ad02298b97b""}}"
350,350,"50.909416500000006 , -113.9318585","50.981084300000006 , -114.0035053",urban-urban,urban,1351,"{""sample_routes"":{""date"":""2026-09-14"",""run_id"":""62ce72d45380414aabe46304bed788b2""},""join_samples"":{""date"":""2026-09-14"",""run_id"":""050b6083fcee4d8c90b1e2d8f9263c71""},""upload_data"":{""date"":""2026-09-14"",""run_id"":""fefd5c91ffd9482a8fb31ad02298b97b""}}"
351,351,"49.7128248 , -112.8439635","49.654390500000005 , -112.84354080000001",urban-urban,urban,1351,"{""sample_routes"":{""date"":""2026-09-14"",""run_id"":""62ce72d45380414aabe46304bed788b2""},""join_samples"":{""date"":""2026-09-14"",""run_id"":""050b6083fcee4d8c90b1e2d8f9263c71""},""upload_data"":{""date"":""2026-09-14"",""run_id"":""fefd5c91ffd9482a8fb31ad02298b97b""}}"
352,352,"51.1022979 , -114.14353720000001","51.101962300000004 , -114.00047740000001",urban-urban,urban,1351,"{""sample_routes"":{""date"":""2026-09-14"",""run_id"":""62ce72d45380414aabe46304bed788b2""},""join_samples"":{""date"":""2026-09-14"",""run_id"":""050b6083fcee4d8c90b1e2d8f9263c71""},""upload_data"":{""date"":""2026-09-14"",""run_id"":""fefd5c91ffd9482a8fb31ad02298b97b""}}"
353,353,"53.4172865 , -113.5074677","53.471874400000004 , -113.45324480000001",urban-urban,urban,1351,"{""sample_routes"":{""date"":""2026-09-14"",""run_id"":""62ce72d45380414aabe46304bed788b2""},""join_samples"":{""date"":""2026-09-14"",""run_id"":""050b6083fcee4d8c90b1e2d8f9263c71""},""upload_data"":{""date"":""2026-09-14"",""run_id"":""fefd5c91ffd9482a8fb31ad02298b97b""}}"
354,354,"51.163901800000005 , -114.0571819","51.06241910000001 , -114.0566967",urban-urban,urban,1352,"{""sample_routes"":{""date"":""2026-09-14"",""run_id"":""62ce72d45380414aabe46304bed788b2""},""join_samples"":{""date"":""2026-09-14"",""run_id"":""050b6083fcee4d8c90b1e2d8f9263c71""},""upload_data"":{""date"":""2026-09-14"",""run_id"":""fefd5c91ffd9482a8fb31ad02298b97b""}}"
356,356,"50.890324400000004 , -113.91633820000001","50.9169325 , -113.91607130000001",urban-urban,urban,1048,"{""sample_routes"":{""date"":""2026-09-14"",""run_id"":""62ce72d45380414aabe46304bed788b2""},""join_samples"":{""date"":""2026-09-14"",""run_id"":""050b6083fcee4d8c90b1e2d8f9263c71""},""upload_data"":{""date"":""2026-09-14"",""run_id"":""fefd5c91ffd9482a8fb31ad02298b97b""}}"
357,357,"50.9151615 , -113.92665140000001","50.9149656 , -114.0932456",urban-urban,urban,1352,"{""sample_routes"":{""date"":""2026-09-14"",""run_id"":""62ce72d45380414aabe46304bed788b2""},""join_samples"":{""date"":""2026-09-14"",""run_id"":""050b6083fcee4d8c90b1e2d8f9263c71""},""upload_data"":{""date"":""2026-09-14"",""run_id"":""fefd5c91ffd9482a8fb31ad02298b97b""}}"
358,358,"50.8944491 , -113.93440290000001","50.97038920000001 , -114.0107167",urban-urban,urban,1352,"{""sample_routes"":{""date"":""2026-09-14"",""run_id"":""62ce72d45380414aabe46304bed788b2""},""join_samples"":{""date"":""2026-09-14"",""run_id"":""050b6083fcee4d8c90b1e2d8f9263c71""},""upload_data"":{""date"":""2026-09-14"",""run_id"":""fefd5c91ffd9482a8fb31ad02298b97b""}}"
360,360,"53.553048700000005 , -113.49924750000001","53.552894 , -113.41395870000001",urban-urban,urban,1353,"{""sample_routes"":{""date"":""2026-09-14"",""run_id"":""62ce72d45380414aabe46304bed788b2""},""join_samples"":{""date"":""2026-09-14"",""run_id"":""050b6083fcee4d8c90b1e2d8f9263c71""},""upload_data"":{""date"":""2026-09-14"",""run_id"":""fefd5c91ffd9482a8fb31ad02298b97b""}}"
362,362,"50.9195757 , -113.9285363","50.919932100000004 , -114.08926860000001",urban-urban,urban,1353,"{""sample_routes"":{""date"":""2026-09-14"",""run_id"":""62ce72d45380414aabe46304bed788b2""},""join_samples"":{""date"":""2026-09-14"",""run_id"":""050b6083fcee4d8c90b1e2d8f9263c71""},""upload_data"":{""date"":""2026-09-14"",""run_id"":""fefd5c91ffd9482a8fb31ad02298b97b""}}"
363,363,"50.8864528 , -113.9071547","50.977668 , -113.99882600000001",urban-urban,urban,1353,"{""sample_routes"":{""date"":""2026-09-14"",""run_id"":""62ce72d45380414aabe46304bed788b2""},""join_samples"":{""date"":""2026-09-14"",""run_id"":""050b6083fcee4d8c90b1e2d8f9263c71""},""upload_data"":{""date"":""2026-09-14"",""run_id"":""fefd5c91ffd9482a8fb31ad02298b97b""}}"
367,367,"51.0535955 , -114.1770566","51.002393600000005 , -114.12571120000001",urban-urban,urban,1354,"{""sample_routes"":{""date"":""2026-09-14"",""run_id"":""62ce72d45380414aabe46304bed788b2""},""join_samples"":{""date"":""2026-09-14"",""run_id"":""050b6083fcee4d8c90b1e2d8f9263c71""},""upload_data"":{""date"":""2026-09-14"",""run_id"":""fefd5c91ffd9482a8fb31ad02298b97b""}}"
369,369,"51.0096902 , -114.26474200000001","51.009266200000006 , -113.97607230000001",urban-urban,urban,1354,"{""sample_routes"":{""date"":""2026-09-14"",""run_id"":""62ce72d45380414aabe46304bed788b2""},""join_samples"":{""date"":""2026-09-14"",""run_id"":""050b6083fcee4d8c90b1e2d8f9263c71""},""upload_data"":{""date"":""2026-09-14"",""run_id"":""fefd5c91ffd9482a8fb31ad02298b97b""}}"
373,373,"53.406010200000004 , -113.45809790000001","53.4524861 , -113.5049994",urban-urban,urban,1355,"{""sample_routes"":{""date"":""2026-09-14"",""run_id"":""62ce72d45380414aabe46304bed788b2""},""join_samples"":{""date"":""2026-09-14"",""run_id"":""050b6083fcee4d8c90b1e2d8f9263c71""},""upload_data"":{""date"":""2026-09-14"",""run_id"":""fefd5c91ffd9482a8fb31ad02298b97b""}}"
376,376,"51.015644 , -114.17235600000001","51.0663053 , -114.172514",urban-urban,urban,1044,"{""sample_routes"":{""date"":""2026-09-14"",""run_id"":""62ce72d45380414aabe46304bed788b2""},""join_samples"":{""date"":""2026-09-14"",""run_id"":""050b6083fcee4d8c90b1e2d8f9263c71""},""upload_data"":{""date"":""2026-09-14"",""run_id"":""fefd5c91ffd9482a8fb31ad02298b97b""}}"
377,377,"50.9405468 , -114.0573327","51.064212100000006 , -114.0569097",urban-urban,urban,1356,"{""sample_routes"":{""date"":""2026-09-14"",""run_id"":""62ce72d45380414aabe46304bed788b2""},""join_samples"":{""date"":""2026-09-14"",""run_id"":""050b6083fcee4d8c90b1e2d8f9263c71""},""upload_data"":{""date"":""2026-09-14"",""run_id"":""fefd5c91ffd9482a8fb31ad02298b97b""}}"
378,378,"51.1579521 , -114.28216570000001","51.1583826 , -114.05455280000001",rural-urban,urban,1356,"{""sample_routes"":{""date"":""2026-09-14"",""run_id"":""62ce72d45380414aabe46304bed788b2""},""join_samples"":{""date"":""2026-09-14"",""run_id"":""050b6083fcee4d8c90b1e2d8f9263c71""},""upload_data"":{""date"":""2026-09-14"",""run_id"":""fefd5c91ffd9482a8fb31ad02298b97b""}}"
382,382,"53.5854925 , -113.560151","53.585410100000004 , -113.3887006",urban-urban,urban,1357,"{""sample_routes"":{""date"":""2026-09-14"",""run_id"":""62ce72d45380414aabe46304bed788b2""},""join_samples"":{""date"":""2026-09-14"",""run_id"":""050b6083fcee4d8c90b1e2d8f9263c71""},""upload_data"":{""date"":""2026-09-14"",""run_id"":""fefd5c91ffd9482a8fb31ad02298b97b""}}"
383,383,"50.9325636 , -113.98172290000001","51.01678080000001 , -114.0654645",urban-urban,urban,1357,"{""sample_routes"":{""date"":""2026-09-14"",""run_id"":""62ce72d45380414aabe46304bed788b2""},""join_samples"":{""date"":""2026-09-14"",""run_id"":""050b6083fcee4d8c90b1e2d8f9263c71""},""upload_data"":{""date"":""2026-09-14"",""run_id"":""fefd5c91ffd9482a8fb31ad02298b97b""}}"
384,384,"51.101345 , -114.00170250000001","51.044558200000004 , -114.05818900000001",urban-urban,urban,1357,"{""sample_routes"":{""date"":""2026-09-14"",""run_id"":""62ce72d45380414aabe46304bed788b2""},""join_samples"":{""date"":""2026-09-14"",""run_id"":""050b6083fcee4d8c90b1e2d8f9263c71""},""upload_data"":{""date"":""2026-09-14"",""run_id"":""fefd5c91ffd9482a8fb31ad02298b97b""}}"
385,385,"50.8991678 , -113.9925237","50.9844548 , -114.0779413",urban-urban,urban,1358,"{""sample_routes"":{""date"":""2026-09-14"",""run_id"":""62ce72d45380414aabe46304bed788b2""},""join_samples"":{""date"":""2026-09-14"",""run_id"":""050b6083fcee4d8c90b1e2d8f9263c71""},""upload_data"":{""date"":""2026-09-14"",""run_id"":""fefd5c91ffd9482a8fb31ad02298b97b""}}"
386,386,"50.865323100000005 , -113.95586850000001","50.9990802 , -114.08987",urban-urban,urban,1358,"{""sample_routes"":{""date"":""2026-09-14"",""run_id"":""62ce72d45380414aabe46304bed788b2""},""join_samples"":{""date"":""2026-09-14"",""run_id"":""050b6083fcee4d8c90b1e2d8f9263c71""},""upload_data"":{""date"":""2026-09-14"",""run_id"":""fefd5c91ffd9482a8fb31ad02298b97b""}}"
388,388,"50.918286800000004 , -114.0522641","50.9186698 , -114.15921990000001",urban-urban,urban,1041,"{""sample_routes"":{""date"":""2026-09-14"",""run_id"":""62ce72d45380414aabe46304bed788b2""},""join_samples"":{""date"":""2026-09-14"",""run_id"":""050b6083fcee4d8c90b1e2d8f9263c71""},""upload_data"":{""date"":""2026-09-14"",""run_id"":""fefd5c91ffd9482a8fb31ad02298b97b""}}"
389,389,"53.6054364 , -113.6301528","53.553269500000006 , -113.6303733",urban-urban,urban,1359,"{""sample_routes"":{""date"":""2026-09-14"",""run_id"":""62ce72d45380414aabe46304bed788b2""},""join_samples"":{""date"":""2026-09-14"",""run_id"":""050b6083fcee4d8c90b1e2d8f9263c71""},""upload_data"":{""date"":""2026-09-14"",""run_id"":""fefd5c91ffd9482a8fb31ad02298b97b""}}"
390,390,"53.4812207 , -113.39614850000001","53.445998200000005 , -113.43146220000001",urban-urban,urban,1041,"{""sample_routes"":{""date"":""2026-09-14"",""run_id"":""62ce72d45380414aabe46304bed788b2""},""join_samples"":{""date"":""2026-09-14"",""run_id"":""050b6083fcee4d8c90b1e2d8f9263c71""},""upload_data"":{""date"":""2026-09-14"",""run_id"":""fefd5c91ffd9482a8fb31ad02298b97b""}}"
391,391,"50.8845759 , -113.91523160000001","50.977131400000005 , -114.0082423",urban-urban,urban,1359,"{""sample_routes"":{""date"":""2026-09-14"",""run_id"":""62ce72d45380414aabe46304bed788b2""},""join_samples"":{""date"":""2026-09-14"",""run_id"":""050b6083fcee4d8c90b1e2d8f9263c71""},""upload_data"":{""date"":""2026-09-14"",""run_id"":""fefd5c91ffd9482a8fb31ad02298b97b""}}"
394,394,"53.5459559 , -113.15321970000001","53.546335600000006 , -113.2957746",urban-urban,urban,1360,"{""sample_routes"":{""date"":""2026-09-14"",""run_id"":""62ce72d45380414aabe46304bed788b2""},""join_samples"":{""date"":""2026-09-14"",""run_id"":""050b6083fcee4d8c90b1e2d8f9263c71""},""upload_data"":{""date"":""2026-09-14"",""run_id"":""fefd5c91ffd9482a8fb31ad02298b97b""}}"
396,396,"50.975401000000005 , -114.09446870000001","51.0484761 , -114.16758050000001",urban-urban,urban,1361,"{""sample_routes"":{""date"":""2026-09-14"",""run_id"":""62ce72d45380414aabe46304bed788b2""},""join_samples"":{""date"":""2026-09-14"",""run_id"":""050b6083fcee4d8c90b1e2d8f9263c71""},""upload_data"":{""date"":""2026-09-14"",""run_id"":""fefd5c91ffd9482a8fb31ad02298b97b""}}"
397,397,"53.5568098 , -113.41628360000001","53.580584200000004 , -113.39269320000001",urban-urban,urban,1361,"{""sample_routes"":{""date"":""2026-09-14"",""run_id"":""62ce72d45380414aabe46304bed788b2""},""join_samples"":{""date"":""2026-09-14"",""run_id"":""050b6083fcee4d8c90b1e2d8f9263c71""},""upload_data"":{""date"":""2026-09-14"",""run_id"":""fefd5c91ffd9482a8fb31ad02298b97b""}}"
402,402,"51.037994000000005 , -113.9846552","50.942778700000005 , -114.07960790000001",urban-urban,urban,1361,"{""sample_routes"":{""date"":""2026-09-14"",""run_id"":""62ce72d45380414aabe46304bed788b2""},""join_samples"":{""date"":""2026-09-14"",""run_id"":""050b6083fcee4d8c90b1e2d8f9263c71""},""upload_data"":{""date"":""2026-09-14"",""run_id"":""fefd5c91ffd9482a8fb31ad02298b97b""}}"
405,405,"51.065115000000006 , -114.0121112","50.9345197 , -114.01167090000001",urban-urban,urban,1362,"{""sample_routes"":{""date"":""2026-09-14"",""run_id"":""62ce72d45380414aabe46304bed788b2""},""join_samples"":{""date"":""2026-09-14"",""run_id"":""050b6083fcee4d8c90b1e2d8f9263c71""},""upload_data"":{""date"":""2026-09-14"",""run_id"":""fefd5c91ffd9482a8fb31ad02298b97b""}}"
408,408,"50.961551500000006 , -114.09429700000001","51.0340903 , -114.1666926",urban-urban,urban,1362,"{""sample_routes"":{""date"":""2026-09-14"",""run_id"":""62ce72d45380414aabe46304bed788b2""},""join_samples"":{""date"":""2026-09-14"",""run_id"":""050b6083fcee4d8c90b1e2d8f9263c71""},""upload_data"":{""date"":""2026-09-14"",""run_id"":""fefd5c91ffd9482a8fb31ad02298b97b""}}"
409,409,"50.8863338 , -113.9249353","50.970916900000006 , -114.00973370000001",urban-urban,urban,1363,"{""sample_routes"":{""date"":""2026-09-14"",""run_id"":""62ce72d45380414aabe46304bed788b2""},""join_samples"":{""date"":""2026-09-14"",""run_id"":""050b6083fcee4d8c90b1e2d8f9263c71""},""upload_data"":{""date"":""2026-09-14"",""run_id"":""fefd5c91ffd9482a8fb31ad02298b97b""}}"
411,411,"50.9711544 , -114.0938088","51.0417739 , -114.0231186",urban-urban,urban,1363,"{""sample_routes"":{""date"":""2026-09-14"",""run_id"":""62ce72d45380414aabe46304bed788b2""},""join_samples"":{""date"":""2026-09-14"",""run_id"":""050b6083fcee4d8c90b1e2d8f9263c71""},""upload_data"":{""date"":""2026-09-14"",""run_id"":""fefd5c91ffd9482a8fb31ad02298b97b""}}"
413,413,"51.1602818 , -114.06755120000001","51.084988700000004 , -114.0673768",urban-urban,urban,1363,"{""sample_routes"":{""date"":""2026-09-14"",""run_id"":""62ce72d45380414aabe46304bed788b2""},""join_samples"":{""date"":""2026-09-14"",""run_id"":""050b6083fcee4d8c90b1e2d8f9263c71""},""upload_data"":{""date"":""2026-09-14"",""run_id"":""fefd5c91ffd9482a8fb31ad02298b97b""}}"
415,415,"51.042933000000005 , -114.17158710000001","51.0841372 , -114.17201770000001",urban-urban,urban,1037,"{""sample_routes"":{""date"":""2026-09-14"",""run_id"":""62ce72d45380414aabe46304bed788b2""},""join_samples"":{""date"":""2026-09-14"",""run_id"":""050b6083fcee4d8c90b1e2d8f9263c71""},""upload_data"":{""date"":""2026-09-14"",""run_id"":""fefd5c91ffd9482a8fb31ad02298b97b""}}"
416,416,"50.985687500000004 , -114.0841774","50.88529440000001 , -113.98343550000001",urban-urban,urban,1363,"{""sample_routes"":{""date"":""2026-09-14"",""run_id"":""62ce72d45380414aabe46304bed788b2""},""join_samples"":{""date"":""2026-09-14"",""run_id"":""050b6083fcee4d8c90b1e2d8f9263c71""},""upload_data"":{""date"":""2026-09-14"",""run_id"":""fefd5c91ffd9482a8fb31ad02298b97b""}}"
419,419,"51.037821900000004 , -114.0970061","51.125460000000004 , -114.1843925",urban-urban,urban,1364,"{""sample_routes"":{""date"":""2026-09-14"",""run_id"":""62ce72d45380414aabe46304bed788b2""},""join_samples"":{""date"":""2026-09-14"",""run_id"":""050b6083fcee4d8c90b1e2d8f9263c71""},""upload_data"":{""date"":""2026-09-14"",""run_id"":""fefd5c91ffd9482a8fb31ad02298b97b""}}"
422,422,"51.0378434 , -114.0459445","51.037818400000006 , -114.1215233",urban-urban,urban,1364,"{""sample_routes"":{""date"":""2026-09-14"",""run_id"":""62ce72d45380414aabe46304bed788b2""},""join_samples"":{""date"":""2026-09-14"",""run_id"":""050b6083fcee4d8c90b1e2d8f9263c71""},""upload_data"":{""date"":""2026-09-14"",""run_id"":""fefd5c91ffd9482a8fb31ad02298b97b""}}"
423,423,"53.4030101 , -113.45204030000001","53.4436915 , -113.49286740000001",urban-urban,urban,1364,"{""sample_routes"":{""date"":""2026-09-14"",""run_id"":""62ce72d45380414aabe46304bed788b2""},""join_samples"":{""date"":""2026-09-14"",""run_id"":""050b6083fcee4d8c90b1e2d8f9263c71""},""upload_data"":{""date"":""2026-09-14"",""run_id"":""fefd5c91ffd9482a8fb31ad02298b97b""}}"
428,428,"51.1011691 , -114.08492550000001","51.1828555 , -114.0851444",urban-urban,urban,1365,"{""sample_routes"":{""date"":""2026-09-14"",""run_id"":""62ce72d45380414aabe46304bed788b2""},""join_samples"":{""date"":""2026-09-14"",""run_id"":""050b6083fcee4d8c90b1e2d8f9263c71""},""upload_data"":{""date"":""2026-09-14"",""run_id"":""fefd5c91ffd9482a8fb31ad02298b97b""}}"
431,431,"50.9427381 , -114.07703160000001","51.000442500000005 , -114.1345637",urban-urban,urban,1365,"{""sample_routes"":{""date"":""2026-09-14"",""run_id"":""62ce72d45380414aabe46304bed788b2""},""join_samples"":{""date"":""2026-09-14"",""run_id"":""050b6083fcee4d8c90b1e2d8f9263c71""},""upload_data"":{""date"":""2026-09-14"",""run_id"":""fefd5c91ffd9482a8fb31ad02298b97b""}}"
432,432,"51.0960502 , -114.24695890000001","51.096117500000005 , -114.133519",urban-urban,urban,1366,"{""sample_routes"":{""date"":""2026-09-14"",""run_id"":""62ce72d45380414aabe46304bed788b2""},""join_samples"":{""date"":""2026-09-14"",""run_id"":""050b6083fcee4d8c90b1e2d8f9263c71""},""upload_data"":{""date"":""2026-09-14"",""run_id"":""fefd5c91ffd9482a8fb31ad02298b97b""}}"
433,433,"50.909592800000006 , -114.07922570000001","50.980887100000004 , -114.00799110000001",urban-urban,urban,1366,"{""sample_routes"":{""date"":""2026-09-14"",""run_id"":""62ce72d45380414aabe46304bed788b2""},""join_samples"":{""date"":""2026-09-14"",""run_id"":""050b6083fcee4d8c90b1e2d8f9263c71""},""upload_data"":{""date"":""2026-09-14"",""run_id"":""fefd5c91ffd9482a8fb31ad02298b97b""}}"
435,435,"51.280481800000004 , -114.01508580000001","51.2511249 , -114.01466380000001",urban-urban,urban,1033,"{""sample_routes"":{""date"":""2026-09-14"",""run_id"":""62ce72d45380414aabe46304bed788b2""},""join_samples"":{""date"":""2026-09-14"",""run_id"":""050b6083fcee4d8c90b1e2d8f9263c71""},""upload_data"":{""date"":""2026-09-14"",""run_id"":""fefd5c91ffd9482a8fb31ad02298b97b""}}"
437,437,"53.518031 , -113.4649294","53.5659277 , -113.46445530000001",urban-urban,urban,1367,"{""sample_routes"":{""date"":""2026-09-14"",""run_id"":""62ce72d45380414aabe46304bed788b2""},""join_samples"":{""date"":""2026-09-14"",""run_id"":""050b6083fcee4d8c90b1e2d8f9263c71""},""upload_data"":{""date"":""2026-09-14"",""run_id"":""fefd5c91ffd9482a8fb31ad02298b97b""}}"
439,439,"53.6284502 , -113.58888630000001","53.674001000000004 , -113.6344674",urban-urban,urban,1367,"{""sample_routes"":{""date"":""2026-09-14"",""run_id"":""62ce72d45380414aabe46304bed788b2""},""join_samples"":{""date"":""2026-09-14"",""run_id"":""050b6083fcee4d8c90b1e2d8f9263c71""},""upload_data"":{""date"":""2026-09-14"",""run_id"":""fefd5c91ffd9482a8fb31ad02298b97b""}}"
441,441,"53.535240200000004 , -113.4429501","53.4761402 , -113.3841627",urban-urban,urban,1367,"{""sample_routes"":{""date"":""2026-09-14"",""run_id"":""62ce72d45380414aabe46304bed788b2""},""join_samples"":{""date"":""2026-09-14"",""run_id"":""050b6083fcee4d8c90b1e2d8f9263c71""},""upload_data"":{""date"":""2026-09-14"",""run_id"":""fefd5c91ffd9482a8fb31ad02298b97b""}}"
445,445,"53.6165059 , -113.4623827","53.5611788 , -113.4620534",urban-urban,urban,1368,"{""sample_routes"":{""date"":""2026-09-14"",""run_id"":""62ce72d45380414aabe46304bed788b2""},""join_samples"":{""date"":""2026-09-14"",""run_id"":""050b6083fcee4d8c90b1e2d8f9263c71""},""upload_data"":{""date"":""2026-09-14"",""run_id"":""fefd5c91ffd9482a8fb31ad02298b97b""}}"
447,447,"53.551636300000006 , -113.42476140000001","53.5519916 , -113.50851800000001",urban-urban,urban,1368,"{""sample_routes"":{""date"":""2026-09-14"",""run_id"":""62ce72d45380414aabe46304bed788b2""},""join_samples"":{""date"":""2026-09-14"",""run_id"":""050b6083fcee4d8c90b1e2d8f9263c71""},""upload_data"":{""date"":""2026-09-14"",""run_id"":""fefd5c91ffd9482a8fb31ad02298b97b""}}"
453,453,"50.929196000000005 , -113.98169940000001","51.05339480000001 , -114.10558110000001",urban-urban,urban,1370,"{""sample_routes"":{""date"":""2026-09-14"",""run_id"":""62ce72d45380414aabe46304bed788b2""},""join_samples"":{""date"":""2026-09-14"",""run_id"":""050b6083fcee4d8c90b1e2d8f9263c71""},""upload_data"":{""date"":""2026-09-14"",""run_id"":""fefd5c91ffd9482a8fb31ad02298b97b""}}"
454,454,"53.545176500000004 , -113.44294670000001","53.485101300000004 , -113.4430499",urban-urban,urban,1370,"{""sample_routes"":{""date"":""2026-09-14"",""run_id"":""62ce72d45380414aabe46304bed788b2""},""join_samples"":{""date"":""2026-09-14"",""run_id"":""050b6083fcee4d8c90b1e2d8f9263c71""},""upload_data"":{""date"":""2026-09-14"",""run_id"":""fefd5c91ffd9482a8fb31ad02298b97b""}}"
459,459,"51.029247100000006 , -114.04995290000001","51.0289232 , -114.14135510000001",urban-urban,urban,1371,"{""sample_routes"":{""date"":""2026-09-14"",""run_id"":""62ce72d45380414aabe46304bed788b2""},""join_samples"":{""date"":""2026-09-14"",""run_id"":""050b6083fcee4d8c90b1e2d8f9263c71""},""upload_data"":{""date"":""2026-09-14"",""run_id"":""fefd5c91ffd9482a8fb31ad02298b97b""}}"
460,460,"51.048781600000005 , -113.97423810000001","51.1486456 , -114.07405240000001",urban-urban,urban,1371,"{""sample_routes"":{""date"":""2026-09-14"",""run_id"":""62ce72d45380414aabe46304bed788b2""},""join_samples"":{""date"":""2026-09-14"",""run_id"":""050b6083fcee4d8c90b1e2d8f9263c71""},""upload_data"":{""date"":""2026-09-14"",""run_id"":""fefd5c91ffd9482a8fb31ad02298b97b""}}"
462,462,"53.4690694 , -113.5149303","53.468931700000006 , -113.3554594",urban-urban,urban,1371,"{""sample_routes"":{""date"":""2026-09-14"",""run_id"":""62ce72d45380414aabe46304bed788b2""},""join_samples"":{""date"":""2026-09-14"",""run_id"":""050b6083fcee4d8c90b1e2d8f9263c71""},""upload_data"":{""date"":""2026-09-14"",""run_id"":""fefd5c91ffd9482a8fb31ad02298b97b""}}"
464,464,"50.947759600000005 , -114.04650570000001","51.029158100000004 , -114.04685520000001",urban-urban,urban,1372,"{""sample_routes"":{""date"":""2026-09-14"",""run_id"":""62ce72d45380414aabe46304bed788b2""},""join_samples"":{""date"":""2026-09-14"",""run_id"":""050b6083fcee4d8c90b1e2d8f9263c71""},""upload_data"":{""date"":""2026-09-14"",""run_id"":""fefd5c91ffd9482a8fb31ad02298b97b""}}"
465,465,"53.4816488 , -113.67599120000001","53.482077000000004 , -113.5159649",urban-urban,urban,1372,"{""sample_routes"":{""date"":""2026-09-14"",""run_id"":""62ce72d45380414aabe46304bed788b2""},""join_samples"":{""date"":""2026-09-14"",""run_id"":""050b6083fcee4d8c90b1e2d8f9263c71""},""upload_data"":{""date"":""2026-09-14"",""run_id"":""fefd5c91ffd9482a8fb31ad02298b97b""}}"
466,466,"53.4833312 , -113.46830480000001","53.5291482 , -113.4227254",urban-urban,urban,1372,"{""sample_routes"":{""date"":""2026-09-14"",""run_id"":""62ce72d45380414aabe46304bed788b2""},""join_samples"":{""date"":""2026-09-14"",""run_id"":""050b6083fcee4d8c90b1e2d8f9263c71""},""upload_data"":{""date"":""2026-09-14"",""run_id"":""fefd5c91ffd9482a8fb31ad02298b97b""}}"
467,467,"51.0229056 , -114.19789510000001","51.023196600000006 , -114.0850934",urban-urban,urban,1373,"{""sample_routes"":{""date"":""2026-09-14"",""run_id"":""62ce72d45380414aabe46304bed788b2""},""join_samples"":{""date"":""2026-09-14"",""run_id"":""050b6083fcee4d8c90b1e2d8f9263c71""},""upload_data"":{""date"":""2026-09-14"",""run_id"":""fefd5c91ffd9482a8fb31ad02298b97b""}}"
468,468,"51.0026537 , -114.03052650000001","51.0755507 , -114.10354720000001",urban-urban,urban,1373,"{""sample_routes"":{""date"":""2026-09-14"",""run_id"":""62ce72d45380414aabe46304bed788b2""},""join_samples"":{""date"":""2026-09-14"",""run_id"":""050b6083fcee4d8c90b1e2d8f9263c71""},""upload_data"":{""date"":""2026-09-14"",""run_id"":""fefd5c91ffd9482a8fb31ad02298b97b""}}"
470,470,"53.546095400000006 , -113.5120184","53.546336200000006 , -113.5992233",urban-urban,urban,1373,"{""sample_routes"":{""date"":""2026-09-14"",""run_id"":""62ce72d45380414aabe46304bed788b2""},""join_samples"":{""date"":""2026-09-14"",""run_id"":""050b6083fcee4d8c90b1e2d8f9263c71""},""upload_data"":{""date"":""2026-09-14"",""run_id"":""fefd5c91ffd9482a8fb31ad02298b97b""}}"
472,472,"51.122100100000004 , -114.06054700000001","51.1713309 , -114.10962380000001",urban-urban,urban,1373,"{""sample_routes"":{""date"":""2026-09-14"",""run_id"":""62ce72d45380414aabe46304bed788b2""},""join_samples"":{""date"":""2026-09-14"",""run_id"":""050b6083fcee4d8c90b1e2d8f9263c71""},""upload_data"":{""date"":""2026-09-14"",""run_id"":""fefd5c91ffd9482a8fb31ad02298b97b""}}"
475,475,"51.1107001 , -113.9351541","51.1105044 , -114.0713625",urban-urban,urban,1374,"{""sample_routes"":{""date"":""2026-09-14"",""run_id"":""62ce72d45380414aabe46304bed788b2""},""join_samples"":{""date"":""2026-09-14"",""run_id"":""050b6083fcee4d8c90b1e2d8f9263c71""},""upload_data"":{""date"":""2026-09-14"",""run_id"":""fefd5c91ffd9482a8fb31ad02298b97b""}}"
477,477,"51.133172800000004 , -114.20392530000001","51.132774000000005 , -114.09060810000001",urban-urban,urban,1375,"{""sample_routes"":{""date"":""2026-09-14"",""run_id"":""62ce72d45380414aabe46304bed788b2""},""join_samples"":{""date"":""2026-09-14"",""run_id"":""050b6083fcee4d8c90b1e2d8f9263c71""},""upload_data"":{""date"":""2026-09-14"",""run_id"":""fefd5c91ffd9482a8fb31ad02298b97b""}}"
478,478,"51.141649900000004 , -114.2309532","51.1417416 , -114.06742120000001",urban-urban,urban,1375,"{""sample_routes"":{""date"":""2026-09-14"",""run_id"":""62ce72d45380414aabe46304bed788b2""},""join_samples"":{""date"":""2026-09-14"",""run_id"":""050b6083fcee4d8c90b1e2d8f9263c71""},""upload_data"":{""date"":""2026-09-14"",""run_id"":""fefd5c91ffd9482a8fb31ad02298b97b""}}"
479,479,"53.4242198 , -113.50494950000001","53.49813090000001 , -113.50451880000001",urban-urban,urban,1376,"{""sample_routes"":{""date"":""2026-09-14"",""run_id"":""62ce72d45380414aabe46304bed788b2""},""join_samples"":{""date"":""2026-09-14"",""run_id"":""050b6083fcee4d8c90b1e2d8f9263c71""},""upload_data"":{""date"":""2026-09-14"",""run_id"":""fefd5c91ffd9482a8fb31ad02298b97b""}}"
480,480,"50.948705000000004 , -113.9253486","50.948698500000006 , -114.07756810000001",urban-urban,urban,1376,"{""sample_routes"":{""date"":""2026-09-14"",""run_id"":""62ce72d45380414aabe46304bed788b2""},""join_samples"":{""date"":""2026-09-14"",""run_id"":""050b6083fcee4d8c90b1e2d8f9263c71""},""upload_data"":{""date"":""2026-09-14"",""run_id"":""fefd5c91ffd9482a8fb31ad02298b97b""}}"
482,482,"51.0525377 , -113.9768641","50.960196800000006 , -114.0688693",urban-urban,urban,1376,"{""sample_routes"":{""date"":""2026-09-14"",""run_id"":""62ce72d45380414aabe46304bed788b2""},""join_samples"":{""date"":""2026-09-14"",""run_id"":""050b6083fcee4d8c90b1e2d8f9263c71""},""upload_data"":{""date"":""2026-09-14"",""run_id"":""fefd5c91ffd9482a8fb31ad02298b97b""}}"
483,483,"51.1354313 , -114.0757471","51.056814100000004 , -114.07580560000001",urban-urban,urban,1377,"{""sample_routes"":{""date"":""2026-09-14"",""run_id"":""62ce72d45380414aabe46304bed788b2""},""join_samples"":{""date"":""2026-09-14"",""run_id"":""050b6083fcee4d8c90b1e2d8f9263c71""},""upload_data"":{""date"":""2026-09-14"",""run_id"":""fefd5c91ffd9482a8fb31ad02298b97b""}}"
485,485,"51.0001234 , -114.01567","51.139893900000004 , -114.0153511",urban-urban,urban,1377,"{""sample_routes"":{""date"":""2026-09-14"",""run_id"":""62ce72d45380414aabe46304bed788b2""},""join_samples"":{""date"":""2026-09-14"",""run_id"":""050b6083fcee4d8c90b1e2d8f9263c71""},""upload_data"":{""date"":""2026-09-14"",""run_id"":""fefd5c91ffd9482a8fb31ad02298b97b""}}"
486,486,"51.0375925 , -114.22826800000001","51.0378303 , -114.07680250000001",urban-urban,urban,1377,"{""sample_routes"":{""date"":""2026-09-14"",""run_id"":""62ce72d45380414aabe46304bed788b2""},""join_samples"":{""date"":""2026-09-14"",""run_id"":""050b6083fcee4d8c90b1e2d8f9263c71""},""upload_data"":{""date"":""2026-09-14"",""run_id"":""fefd5c91ffd9482a8fb31ad02298b97b""}}"
487,487,"53.5065813 , -113.50622550000001","53.46546 , -113.46558270000001",urban-urban,urban,1377,"{""sample_routes"":{""date"":""2026-09-14"",""run_id"":""62ce72d45380414aabe46304bed788b2""},""join_samples"":{""date"":""2026-09-14"",""run_id"":""050b6083fcee4d8c90b1e2d8f9263c71""},""upload_data"":{""date"":""2026-09-14"",""run_id"":""fefd5c91ffd9482a8fb31ad02298b97b""}}"
488,488,"51.1103645 , -114.04528490000001","51.1099338 , -114.1793514",urban-urban,urban,1378,"{""sample_routes"":{""date"":""2026-09-14"",""run_id"":""62ce72d45380414aabe46304bed788b2""},""join_samples"":{""date"":""2026-09-14"",""run_id"":""050b6083fcee4d8c90b1e2d8f9263c71""},""upload_data"":{""date"":""2026-09-14"",""run_id"":""fefd5c91ffd9482a8fb31ad02298b97b""}}"
492,492,"50.877905000000005 , -113.95672610000001","50.9862132 , -114.06541440000001",urban-urban,urban,1379,"{""sample_routes"":{""date"":""2026-09-14"",""run_id"":""62ce72d45380414aabe46304bed788b2""},""join_samples"":{""date"":""2026-09-14"",""run_id"":""050b6083fcee4d8c90b1e2d8f9263c71""},""upload_data"":{""date"":""2026-09-14"",""run_id"":""fefd5c91ffd9482a8fb31ad02298b97b""}}"
494,494,"53.596318600000004 , -113.4738595","53.540466200000004 , -113.4184489",urban-urban,urban,1379,"{""sample_routes"":{""date"":""2026-09-14"",""run_id"":""62ce72d45380414aabe46304bed788b2""},""join_samples"":{""date"":""2026-09-14"",""run_id"":""050b6083fcee4d8c90b1e2d8f9263c71""},""upload_data"":{""date"":""2026-09-14"",""run_id"":""fefd5c91ffd9482a8fb31ad02298b97b""}}"
495,495,"53.542982 , -113.5656599","53.454077100000006 , -113.565809",urban-urban,urban,1379,"{""sample_routes"":{""date"":""2026-09-14"",""run_id"":""62ce72d45380414aabe46304bed788b2""},""join_samples"":{""date"":""2026-09-14"",""run_id"":""050b6083fcee4d8c90b1e2d8f9263c71""},""upload_data"":{""date"":""2026-09-14"",""run_id"":""fefd5c91ffd9482a8fb31ad02298b97b""}}"
497,497,"51.126676200000006 , -114.19547510000001","51.033247900000006 , -114.101872",urban-urban,urban,1380,"{""sample_routes"":{""date"":""2026-09-14"",""run_id"":""62ce72d45380414aabe46304bed788b2""},""join_samples"":{""date"":""2026-09-14"",""run_id"":""050b6083fcee4d8c90b1e2d8f9263c71""},""upload_data"":{""date"":""2026-09-14"",""run_id"":""fefd5c91ffd9482a8fb31ad02298b97b""}}"
498,498,"51.0908098 , -114.13691390000001","51.160470100000005 , -114.06722640000001",urban-urban,urban,1380,"{""sample_routes"":{""date"":""2026-09-14"",""run_id"":""62ce72d45380414aabe46304bed788b2""},""join_samples"":{""date"":""2026-09-14"",""run_id"":""050b6083fcee4d8c90b1e2d8f9263c71""},""upload_data"":{""date"":""2026-09-14"",""run_id"":""fefd5c91ffd9482a8fb31ad02298b97b""}}"
503,503,"52.1384357 , -113.8688795","52.3175955 , -113.868548",urban-urban,mixed,1197,"{""sample_routes"":{""date"":""2026-09-14"",""run_id"":""62ce72d45380414aabe46304bed788b2""},""join_samples"":{""date"":""2026-09-14"",""run_id"":""050b6083fcee4d8c90b1e2d8f9263c71""},""upload_data"":{""date"":""2026-09-14"",""run_id"":""fefd5c91ffd9482a8fb31ad02298b97b""}}"
510,510,"51.1108825 , -113.96843460000001","51.15679170000001 , -114.01463170000001",urban-urban,mixed,1195,"{""sample_routes"":{""date"":""2026-09-14"",""run_id"":""62ce72d45380414aabe46304bed788b2""},""join_samples"":{""date"":""2026-09-14"",""run_id"":""050b6083fcee4d8c90b1e2d8f9263c71""},""upload_data"":{""date"":""2026-09-14"",""run_id"":""fefd5c91ffd9482a8fb31ad02298b97b""}}"
511,511,"53.62739860000001 , -113.8958853","53.6270016 , -114.0940503",urban-urban,mixed,1195,"{""sample_routes"":{""date"":""2026-09-14"",""run_id"":""62ce72d45380414aabe46304bed788b2""},""join_samples"":{""date"":""2026-09-14"",""run_id"":""050b6083fcee4d8c90b1e2d8f9263c71""},""upload_data"":{""date"":""2026-09-14"",""run_id"":""fefd5c91ffd9482a8fb31ad02298b97b""}}"
513,513,"50.896593700000004 , -114.11507870000001","50.8969931 , -113.9748486",urban-urban,mixed,1195,"{""sample_routes"":{""date"":""2026-09-14"",""run_id"":""62ce72d45380414aabe46304bed788b2""},""join_samples"":{""date"":""2026-09-14"",""run_id"":""050b6083fcee4d8c90b1e2d8f9263c71""},""upload_data"":{""date"":""2026-09-14"",""run_id"":""fefd5c91ffd9482a8fb31ad02298b97b""}}"
515,515,"51.0958528 , -113.9575207","50.9687082 , -113.9578536",urban-urban,mixed,1206,"{""sample_routes"":{""date"":""2026-09-14"",""run_id"":""62ce72d45380414aabe46304bed788b2""},""join_samples"":{""date"":""2026-09-14"",""run_id"":""050b6083fcee4d8c90b1e2d8f9263c71""},""upload_data"":{""date"":""2026-09-14"",""run_id"":""fefd5c91ffd9482a8fb31ad02298b97b""}}"
516,516,"52.1438609 , -113.87239050000001","52.31727720000001 , -113.87194640000001",urban-urban,mixed,1194,"{""sample_routes"":{""date"":""2026-09-14"",""run_id"":""62ce72d45380414aabe46304bed788b2""},""join_samples"":{""date"":""2026-09-14"",""run_id"":""050b6083fcee4d8c90b1e2d8f9263c71""},""upload_data"":{""date"":""2026-09-14"",""run_id"":""fefd5c91ffd9482a8fb31ad02298b97b""}}"
517,517,"55.3875116 , -118.7684502","55.228794 , -118.768741",rural-urban,mixed,1193,"{""sample_routes"":{""date"":""2026-09-14"",""run_id"":""62ce72d45380414aabe46304bed788b2""},""join_samples"":{""date"":""2026-09-14"",""run_id"":""050b6083fcee4d8c90b1e2d8f9263c71""},""upload_data"":{""date"":""2026-09-14"",""run_id"":""fefd5c91ffd9482a8fb31ad02298b97b""}}"
518,518,"50.9361669 , -114.13532860000001","51.0014431 , -114.07009450000001",urban-urban,mixed,1208,"{""sample_routes"":{""date"":""2026-09-14"",""run_id"":""62ce72d45380414aabe46304bed788b2""},""join_samples"":{""date"":""2026-09-14"",""run_id"":""050b6083fcee4d8c90b1e2d8f9263c71""},""upload_data"":{""date"":""2026-09-14"",""run_id"":""fefd5c91ffd9482a8fb31ad02298b97b""}}"
519,519,"50.902163 , -114.1093723","50.817091600000005 , -114.0247703",urban-urban,mixed,1191,"{""sample_routes"":{""date"":""2026-09-14"",""run_id"":""62ce72d45380414aabe46304bed788b2""},""join_samples"":{""date"":""2026-09-14"",""run_id"":""050b6083fcee4d8c90b1e2d8f9263c71""},""upload_data"":{""date"":""2026-09-14"",""run_id"":""fefd5c91ffd9482a8fb31ad02298b97b""}}"
520,520,"55.1734589 , -118.72598330000001","55.0881199 , -118.8109886",urban-rural,mixed,1209,"{""sample_routes"":{""date"":""2026-09-14"",""run_id"":""62ce72d45380414aabe46304bed788b2""},""join_samples"":{""date"":""2026-09-14"",""run_id"":""050b6083fcee4d8c90b1e2d8f9263c71""},""upload_data"":{""date"":""2026-09-14"",""run_id"":""fefd5c91ffd9482a8fb31ad02298b97b""}}"
521,521,"53.5270555 , -113.70354180000001","53.478080500000004 , -113.654921",urban-rural,mixed,1191,"{""sample_routes"":{""date"":""2026-09-14"",""run_id"":""62ce72d45380414aabe46304bed788b2""},""join_samples"":{""date"":""2026-09-14"",""run_id"":""050b6083fcee4d8c90b1e2d8f9263c71""},""upload_data"":{""date"":""2026-09-14"",""run_id"":""fefd5c91ffd9482a8fb31ad02298b97b""}}"
523,523,"51.054481700000004 , -113.9006363","50.996836200000004 , -113.95833900000001",rural-urban,mixed,1190,"{""sample_routes"":{""date"":""2026-09-14"",""run_id"":""62ce72d45380414aabe46304bed788b2""},""join_samples"":{""date"":""2026-09-14"",""run_id"":""050b6083fcee4d8c90b1e2d8f9263c71""},""upload_data"":{""date"":""2026-09-14"",""run_id"":""fefd5c91ffd9482a8fb31ad02298b97b""}}"
524,524,"53.3585842 , -113.43292810000001","53.4222169 , -113.43271840000001",urban-urban,mixed,1211,"{""sample_routes"":{""date"":""2026-09-14"",""run_id"":""62ce72d45380414aabe46304bed788b2""},""join_samples"":{""date"":""2026-09-14"",""run_id"":""050b6083fcee4d8c90b1e2d8f9263c71""},""upload_data"":{""date"":""2026-09-14"",""run_id"":""fefd5c91ffd9482a8fb31ad02298b97b""}}"
525,525,"51.273197800000005 , -114.0272494","51.147832900000004 , -114.02727420000001",urban-urban,mixed,1189,"{""sample_routes"":{""date"":""2026-09-14"",""run_id"":""62ce72d45380414aabe46304bed788b2""},""join_samples"":{""date"":""2026-09-14"",""run_id"":""050b6083fcee4d8c90b1e2d8f9263c71""},""upload_data"":{""date"":""2026-09-14"",""run_id"":""fefd5c91ffd9482a8fb31ad02298b97b""}}"
526,526,"51.1166727 , -114.25963750000001","51.0620308 , -114.25919850000001",urban-urban,mixed,1211,"{""sample_routes"":{""date"":""2026-09-14"",""run_id"":""62ce72d45380414aabe46304bed788b2""},""join_samples"":{""date"":""2026-09-14"",""run_id"":""050b6083fcee4d8c90b1e2d8f9263c71""},""upload_data"":{""date"":""2026-09-14"",""run_id"":""fefd5c91ffd9482a8fb31ad02298b97b""}}"
533,533,"51.010939400000005 , -113.99535340000001","50.950502300000004 , -113.93531970000001",urban-urban,mixed,1188,"{""sample_routes"":{""date"":""2026-09-14"",""run_id"":""62ce72d45380414aabe46304bed788b2""},""join_samples"":{""date"":""2026-09-14"",""run_id"":""050b6083fcee4d8c90b1e2d8f9263c71""},""upload_data"":{""date"":""2026-09-14"",""run_id"":""fefd5c91ffd9482a8fb31ad02298b97b""}}"
535,535,"51.1545016 , -113.92652240000001","51.0535027 , -113.9267753",urban-urban,mixed,1187,"{""sample_routes"":{""date"":""2026-09-14"",""run_id"":""62ce72d45380414aabe46304bed788b2""},""join_samples"":{""date"":""2026-09-14"",""run_id"":""050b6083fcee4d8c90b1e2d8f9263c71""},""upload_data"":{""date"":""2026-09-14"",""run_id"":""fefd5c91ffd9482a8fb31ad02298b97b""}}"
537,537,"56.655823500000004 , -111.3293424","56.7479767 , -111.42182720000001",urban-urban,mixed,1214,"{""sample_routes"":{""date"":""2026-09-14"",""run_id"":""62ce72d45380414aabe46304bed788b2""},""join_samples"":{""date"":""2026-09-14"",""run_id"":""050b6083fcee4d8c90b1e2d8f9263c71""},""upload_data"":{""date"":""2026-09-14"",""run_id"":""fefd5c91ffd9482a8fb31ad02298b97b""}}"
538,538,"55.0248768 , -118.8704168","55.087956500000004 , -118.8702344",rural-urban,mixed,1186,"{""sample_routes"":{""date"":""2026-09-14"",""run_id"":""62ce72d45380414aabe46304bed788b2""},""join_samples"":{""date"":""2026-09-14"",""run_id"":""050b6083fcee4d8c90b1e2d8f9263c71""},""upload_data"":{""date"":""2026-09-14"",""run_id"":""fefd5c91ffd9482a8fb31ad02298b97b""}}"
539,539,"53.628569600000006 , -114.01243670000001","53.5353682 , -113.9193661",urban-urban,mixed,1214,"{""sample_routes"":{""date"":""2026-09-14"",""run_id"":""62ce72d45380414aabe46304bed788b2""},""join_samples"":{""date"":""2026-09-14"",""run_id"":""050b6083fcee4d8c90b1e2d8f9263c71""},""upload_data"":{""date"":""2026-09-14"",""run_id"":""fefd5c91ffd9482a8fb31ad02298b97b""}}"
540,540,"52.4863098 , -113.7163374","52.375567800000006 , -113.82702350000001",urban-urban,mixed,1214,"{""sample_routes"":{""date"":""2026-09-14"",""run_id"":""62ce72d45380414aabe46304bed788b2""},""join_samples"":{""date"":""2026-09-14"",""run_id"":""050b6083fcee4d8c90b1e2d8f9263c71""},""upload_data"":{""date"":""2026-09-14"",""run_id"":""fefd5c91ffd9482a8fb31ad02298b97b""}}"
541,541,"52.917091000000006 , -118.016086","52.803760000000004 , -118.01627040000001",rural-rural,mixed,1182,"{""sample_routes"":{""date"":""2026-09-14"",""run_id"":""62ce72d45380414aabe46304bed788b2""},""join_samples"":{""date"":""2026-09-14"",""run_id"":""050b6083fcee4d8c90b1e2d8f9263c71""},""upload_data"":{""date"":""2026-09-14"",""run_id"":""fefd5c91ffd9482a8fb31ad02298b97b""}}"
542,542,"51.131599800000004 , -114.07743850000001","51.2125823 , -113.9969035",urban-urban,mixed,1182,"{""sample_routes"":{""date"":""2026-09-14"",""run_id"":""62ce72d45380414aabe46304bed788b2""},""join_samples"":{""date"":""2026-09-14"",""run_id"":""050b6083fcee4d8c90b1e2d8f9263c71""},""upload_data"":{""date"":""2026-09-14"",""run_id"":""fefd5c91ffd9482a8fb31ad02298b97b""}}"
543,543,"53.504176400000006 , -113.68284430000001","53.389555200000004 , -113.683096",urban-urban,mixed,1218,"{""sample_routes"":{""date"":""2026-09-14"",""run_id"":""62ce72d45380414aabe46304bed788b2""},""join_samples"":{""date"":""2026-09-14"",""run_id"":""050b6083fcee4d8c90b1e2d8f9263c71""},""upload_data"":{""date"":""2026-09-14"",""run_id"":""fefd5c91ffd9482a8fb31ad02298b97b""}}"
544,544,"51.1714896 , -114.16007130000001","51.171918000000005 , -114.3284971",urban-rural,mixed,1219,"{""sample_routes"":{""date"":""2026-09-14"",""run_id"":""62ce72d45380414aabe46304bed788b2""},""join_samples"":{""date"":""2026-09-14"",""run_id"":""050b6083fcee4d8c90b1e2d8f9263c71""},""upload_data"":{""date"":""2026-09-14"",""run_id"":""fefd5c91ffd9482a8fb31ad02298b97b""}}"
546,546,"51.287292400000005 , -114.04995410000001","51.203306600000005 , -113.9659108",urban-urban,mixed,1220,"{""sample_routes"":{""date"":""2026-09-14"",""run_id"":""62ce72d45380414aabe46304bed788b2""},""join_samples"":{""date"":""2026-09-14"",""run_id"":""050b6083fcee4d8c90b1e2d8f9263c71""},""upload_data"":{""date"":""2026-09-14"",""run_id"":""fefd5c91ffd9482a8fb31ad02298b97b""}}"
547,547,"52.384238200000006 , -113.78121750000001","52.2621243 , -113.90320220000001",urban-urban,mixed,1220,"{""sample_routes"":{""date"":""2026-09-14"",""run_id"":""62ce72d45380414aabe46304bed788b2""},""join_samples"":{""date"":""2026-09-14"",""run_id"":""050b6083fcee4d8c90b1e2d8f9263c71""},""upload_data"":{""date"":""2026-09-14"",""run_id"":""fefd5c91ffd9482a8fb31ad02298b97b""}}"
548,548,"52.142873300000005 , -113.8723497","52.2844606 , -113.87218170000001",urban-urban,mixed,1180,"{""sample_routes"":{""date"":""2026-09-14"",""run_id"":""62ce72d45380414aabe46304bed788b2""},""join_samples"":{""date"":""2026-09-14"",""run_id"":""050b6083fcee4d8c90b1e2d8f9263c71""},""upload_data"":{""date"":""2026-09-14"",""run_id"":""fefd5c91ffd9482a8fb31ad02298b97b""}}"
549,549,"52.276583800000004 , -113.87562260000001","52.4046206 , -113.7472968",urban-rural,mixed,1220,"{""sample_routes"":{""date"":""2026-09-14"",""run_id"":""62ce72d45380414aabe46304bed788b2""},""join_samples"":{""date"":""2026-09-14"",""run_id"":""050b6083fcee4d8c90b1e2d8f9263c71""},""upload_data"":{""date"":""2026-09-14"",""run_id"":""fefd5c91ffd9482a8fb31ad02298b97b""}}"
550,550,"53.5355928 , -114.00637510000001","53.4480762 , -113.91869310000001",urban-urban,mixed,1179,"{""sample_routes"":{""date"":""2026-09-14"",""run_id"":""62ce72d45380414aabe46304bed788b2""},""join_samples"":{""date"":""2026-09-14"",""run_id"":""050b6083fcee4d8c90b1e2d8f9263c71""},""upload_data"":{""date"":""2026-09-14"",""run_id"":""fefd5c91ffd9482a8fb31ad02298b97b""}}"
552,552,"53.580617800000006 , -113.88755950000001","53.580755100000005 , -114.18915380000001",urban-urban,mixed,1222,"{""sample_routes"":{""date"":""2026-09-14"",""run_id"":""62ce72d45380414aabe46304bed788b2""},""join_samples"":{""date"":""2026-09-14"",""run_id"":""050b6083fcee4d8c90b1e2d8f9263c71""},""upload_data"":{""date"":""2026-09-14"",""run_id"":""fefd5c91ffd9482a8fb31ad02298b97b""}}"
553,553,"51.057831900000004 , -115.16391010000001","51.0577984 , -115.33027940000001",urban-urban,mixed,1223,"{""sample_routes"":{""date"":""2026-09-14"",""run_id"":""62ce72d45380414aabe46304bed788b2""},""join_samples"":{""date"":""2026-09-14"",""run_id"":""050b6083fcee4d8c90b1e2d8f9263c71""},""upload_data"":{""date"":""2026-09-14"",""run_id"":""fefd5c91ffd9482a8fb31ad02298b97b""}}"
555,555,"55.0281481 , -118.85394470000001","55.071128 , -118.85407070000001",urban-urban,mixed,1223,"{""sample_routes"":{""date"":""2026-09-14"",""run_id"":""62ce72d45380414aabe46304bed788b2""},""join_samples"":{""date"":""2026-09-14"",""run_id"":""050b6083fcee4d8c90b1e2d8f9263c71""},""upload_data"":{""date"":""2026-09-14"",""run_id"":""fefd5c91ffd9482a8fb31ad02298b97b""}}"
557,557,"51.165354900000004 , -114.07446300000001","51.26646160000001 , -113.97335600000001",urban-urban,mixed,1226,"{""sample_routes"":{""date"":""2026-09-14"",""run_id"":""62ce72d45380414aabe46304bed788b2""},""join_samples"":{""date"":""2026-09-14"",""run_id"":""050b6083fcee4d8c90b1e2d8f9263c71""},""upload_data"":{""date"":""2026-09-14"",""run_id"":""fefd5c91ffd9482a8fb31ad02298b97b""}}"
559,559,"50.873736300000004 , -113.99622260000001","50.8793312 , -113.9902205",urban-urban,mixed,1174,"{""sample_routes"":{""date"":""2026-09-14"",""run_id"":""62ce72d45380414aabe46304bed788b2""},""join_samples"":{""date"":""2026-09-14"",""run_id"":""050b6083fcee4d8c90b1e2d8f9263c71""},""upload_data"":{""date"":""2026-09-14"",""run_id"":""fefd5c91ffd9482a8fb31ad02298b97b""}}"
561,561,"51.059589700000004 , -115.1670127","51.059954100000006 , -115.325896",urban-urban,mixed,1227,"{""sample_routes"":{""date"":""2026-09-14"",""run_id"":""62ce72d45380414aabe46304bed788b2""},""join_samples"":{""date"":""2026-09-14"",""run_id"":""050b6083fcee4d8c90b1e2d8f9263c71""},""upload_data"":{""date"":""2026-09-14"",""run_id"":""fefd5c91ffd9482a8fb31ad02298b97b""}}"
563,563,"50.914236800000005 , -114.0968196","50.7930161 , -113.9757337",urban-rural,mixed,1227,"{""sample_routes"":{""date"":""2026-09-14"",""run_id"":""62ce72d45380414aabe46304bed788b2""},""join_samples"":{""date"":""2026-09-14"",""run_id"":""050b6083fcee4d8c90b1e2d8f9263c71""},""upload_data"":{""date"":""2026-09-14"",""run_id"":""fefd5c91ffd9482a8fb31ad02298b97b""}}"
564,564,"53.507948000000006 , -113.66551720000001","53.570416 , -113.6653263",urban-urban,mixed,1172,"{""sample_routes"":{""date"":""2026-09-14"",""run_id"":""62ce72d45380414aabe46304bed788b2""},""join_samples"":{""date"":""2026-09-14"",""run_id"":""050b6083fcee4d8c90b1e2d8f9263c71""},""upload_data"":{""date"":""2026-09-14"",""run_id"":""fefd5c91ffd9482a8fb31ad02298b97b""}}"
567,567,"55.26456640000001 , -118.784434","55.162735600000005 , -118.88634400000001",urban-urban,mixed,1229,"{""sample_routes"":{""date"":""2026-09-14"",""run_id"":""62ce72d45380414aabe46304bed788b2""},""join_samples"":{""date"":""2026-09-14"",""run_id"":""050b6083fcee4d8c90b1e2d8f9263c71""},""upload_data"":{""date"":""2026-09-14"",""run_id"":""fefd5c91ffd9482a8fb31ad02298b97b""}}"
568,568,"53.585538400000004 , -113.3439024","53.495161 , -113.34415240000001",rural-urban,mixed,1170,"{""sample_routes"":{""date"":""2026-09-14"",""run_id"":""62ce72d45380414aabe46304bed788b2""},""join_samples"":{""date"":""2026-09-14"",""run_id"":""050b6083fcee4d8c90b1e2d8f9263c71""},""upload_data"":{""date"":""2026-09-14"",""run_id"":""fefd5c91ffd9482a8fb31ad02298b97b""}}"
569,569,"55.169975900000004 , -118.8013401","55.1703654 , -119.10248410000001",urban-rural,mixed,1230,"{""sample_routes"":{""date"":""2026-09-14"",""run_id"":""62ce72d45380414aabe46304bed788b2""},""join_samples"":{""date"":""2026-09-14"",""run_id"":""050b6083fcee4d8c90b1e2d8f9263c71""},""upload_data"":{""date"":""2026-09-14"",""run_id"":""fefd5c91ffd9482a8fb31ad02298b97b""}}"
570,570,"51.0456012 , -113.933779","51.0458232 , -113.77239220000001",urban-rural,mixed,1232,"{""sample_routes"":{""date"":""2026-09-14"",""run_id"":""62ce72d45380414aabe46304bed788b2""},""join_samples"":{""date"":""2026-09-14"",""run_id"":""050b6083fcee4d8c90b1e2d8f9263c71""},""upload_data"":{""date"":""2026-09-14"",""run_id"":""fefd5c91ffd9482a8fb31ad02298b97b""}}"
578,578,"53.40783750000001 , -113.46182200000001","53.435656 , -113.48990180000001",urban-rural,mixed,1237,"{""sample_routes"":{""date"":""2026-09-14"",""run_id"":""62ce72d45380414aabe46304bed788b2""},""join_samples"":{""date"":""2026-09-14"",""run_id"":""050b6083fcee4d8c90b1e2d8f9263c71""},""upload_data"":{""date"":""2026-09-14"",""run_id"":""fefd5c91ffd9482a8fb31ad02298b97b""}}"
579,579,"50.029196400000004 , -110.68941690000001","50.084142400000005 , -110.6347312",urban-rural,mixed,1163,"{""sample_routes"":{""date"":""2026-09-14"",""run_id"":""62ce72d45380414aabe46304bed788b2""},""join_samples"":{""date"":""2026-09-14"",""run_id"":""050b6083fcee4d8c90b1e2d8f9263c71""},""upload_data"":{""date"":""2026-09-14"",""run_id"":""fefd5c91ffd9482a8fb31ad02298b97b""}}"
580,580,"52.1249029 , -113.7045346","52.2587472 , -113.83791380000001",urban-urban,mixed,1238,"{""sample_routes"":{""date"":""2026-09-14"",""run_id"":""62ce72d45380414aabe46304bed788b2""},""join_samples"":{""date"":""2026-09-14"",""run_id"":""050b6083fcee4d8c90b1e2d8f9263c71""},""upload_data"":{""date"":""2026-09-14"",""run_id"":""fefd5c91ffd9482a8fb31ad02298b97b""}}"
582,582,"53.4936821 , -113.31038290000001","53.575444100000006 , -113.3923398",urban-urban,mixed,1238,"{""sample_routes"":{""date"":""2026-09-14"",""run_id"":""62ce72d45380414aabe46304bed788b2""},""join_samples"":{""date"":""2026-09-14"",""run_id"":""050b6083fcee4d8c90b1e2d8f9263c71""},""upload_data"":{""date"":""2026-09-14"",""run_id"":""fefd5c91ffd9482a8fb31ad02298b97b""}}"
587,587,"51.620798300000004 , -115.2260088","51.6204553 , -115.35963910000001",rural-urban,mixed,1159,"{""sample_routes"":{""date"":""2026-09-14"",""run_id"":""62ce72d45380414aabe46304bed788b2""},""join_samples"":{""date"":""2026-09-14"",""run_id"":""050b6083fcee4d8c90b1e2d8f9263c71""},""upload_data"":{""date"":""2026-09-14"",""run_id"":""fefd5c91ffd9482a8fb31ad02298b97b""}}"
589,589,"53.52775930000001 , -114.18502400000001","53.634913000000005 , -114.2925524",urban-urban,mixed,1159,"{""sample_routes"":{""date"":""2026-09-14"",""run_id"":""62ce72d45380414aabe46304bed788b2""},""join_samples"":{""date"":""2026-09-14"",""run_id"":""050b6083fcee4d8c90b1e2d8f9263c71""},""upload_data"":{""date"":""2026-09-14"",""run_id"":""fefd5c91ffd9482a8fb31ad02298b97b""}}"
594,594,"53.572684300000006 , -113.7626489","53.572206800000004 , -114.14804710000001",rural-urban,mixed,1244,"{""sample_routes"":{""date"":""2026-09-14"",""run_id"":""62ce72d45380414aabe46304bed788b2""},""join_samples"":{""date"":""2026-09-14"",""run_id"":""050b6083fcee4d8c90b1e2d8f9263c71""},""upload_data"":{""date"":""2026-09-14"",""run_id"":""fefd5c91ffd9482a8fb31ad02298b97b""}}"
595,595,"50.073992200000006 , -110.75513830000001","49.960540800000004 , -110.64166230000001",urban-rural,mixed,1156,"{""sample_routes"":{""date"":""2026-09-14"",""run_id"":""62ce72d45380414aabe46304bed788b2""},""join_samples"":{""date"":""2026-09-14"",""run_id"":""050b6083fcee4d8c90b1e2d8f9263c71""},""upload_data"":{""date"":""2026-09-14"",""run_id"":""fefd5c91ffd9482a8fb31ad02298b97b""}}"
597,597,"50.7858262 , -113.97508830000001","50.8947311 , -113.97478530000001",urban-urban,mixed,1245,"{""sample_routes"":{""date"":""2026-09-14"",""run_id"":""62ce72d45380414aabe46304bed788b2""},""join_samples"":{""date"":""2026-09-14"",""run_id"":""050b6083fcee4d8c90b1e2d8f9263c71""},""upload_data"":{""date"":""2026-09-14"",""run_id"":""fefd5c91ffd9482a8fb31ad02298b97b""}}"
598,598,"51.197995500000005 , -113.99106370000001","51.095241900000005 , -113.99139650000001",urban-urban,mixed,1246,"{""sample_routes"":{""date"":""2026-09-14"",""run_id"":""62ce72d45380414aabe46304bed788b2""},""join_samples"":{""date"":""2026-09-14"",""run_id"":""050b6083fcee4d8c90b1e2d8f9263c71""},""upload_data"":{""date"":""2026-09-14"",""run_id"":""fefd5c91ffd9482a8fb31ad02298b97b""}}"
599,599,"52.1390705 , -113.865761","52.285974200000005 , -113.86612650000001",urban-urban,mixed,1246,"{""sample_routes"":{""date"":""2026-09-14"",""run_id"":""62ce72d45380414aabe46304bed788b2""},""join_samples"":{""date"":""2026-09-14"",""run_id"":""050b6083fcee4d8c90b1e2d8f9263c71""},""upload_data"":{""date"":""2026-09-14"",""run_id"":""fefd5c91ffd9482a8fb31ad02298b97b""}}"
600,600,"53.541533900000005 , -114.1456373","53.6632868 , -114.26737390000001",urban-urban,mixed,1246,"{""sample_routes"":{""date"":""2026-09-14"",""run_id"":""62ce72d45380414aabe46304bed788b2""},""join_samples"":{""date"":""2026-09-14"",""run_id"":""050b6083fcee4d8c90b1e2d8f9263c71""},""upload_data"":{""date"":""2026-09-14"",""run_id"":""fefd5c91ffd9482a8fb31ad02298b97b""}}"
606,606,"49.7195449 , -112.6304607","49.7196409 , -112.83595150000001",urban-urban,mixed,1248,"{""sample_routes"":{""date"":""2026-09-14"",""run_id"":""62ce72d45380414aabe46304bed788b2""},""join_samples"":{""date"":""2026-09-14"",""run_id"":""050b6083fcee4d8c90b1e2d8f9263c71""},""upload_data"":{""date"":""2026-09-14"",""run_id"":""fefd5c91ffd9482a8fb31ad02298b97b""}}"
607,607,"51.124459800000004 , -114.21830890000001","51.039074500000005 , -114.21801830000001",urban-urban,mixed,1248,"{""sample_routes"":{""date"":""2026-09-14"",""run_id"":""62ce72d45380414aabe46304bed788b2""},""join_samples"":{""date"":""2026-09-14"",""run_id"":""050b6083fcee4d8c90b1e2d8f9263c71""},""upload_data"":{""date"":""2026-09-14"",""run_id"":""fefd5c91ffd9482a8fb31ad02298b97b""}}"
611,611,"51.1882682 , -114.33273620000001","51.188434900000004 , -114.1674258",urban-urban,mixed,1151,"{""sample_routes"":{""date"":""2026-09-14"",""run_id"":""62ce72d45380414aabe46304bed788b2""},""join_samples"":{""date"":""2026-09-14"",""run_id"":""050b6083fcee4d8c90b1e2d8f9263c71""},""upload_data"":{""date"":""2026-09-14"",""run_id"":""fefd5c91ffd9482a8fb31ad02298b97b""}}"
612,612,"51.1386047 , -113.98155100000001","51.2079639 , -113.91184720000001",rural-urban,mixed,1151,"{""sample_routes"":{""date"":""2026-09-14"",""run_id"":""62ce72d45380414aabe46304bed788b2""},""join_samples"":{""date"":""2026-09-14"",""run_id"":""050b6083fcee4d8c90b1e2d8f9263c71""},""upload_data"":{""date"":""2026-09-14"",""run_id"":""fefd5c91ffd9482a8fb31ad02298b97b""}}"
613,613,"50.8677305 , -114.5474444","50.867782000000005 , -114.65540610000001",urban-urban,mixed,1249,"{""sample_routes"":{""date"":""2026-09-14"",""run_id"":""62ce72d45380414aabe46304bed788b2""},""join_samples"":{""date"":""2026-09-14"",""run_id"":""050b6083fcee4d8c90b1e2d8f9263c71""},""upload_data"":{""date"":""2026-09-14"",""run_id"":""fefd5c91ffd9482a8fb31ad02298b97b""}}"
616,616,"51.126957600000004 , -114.2384684","51.127376600000005 , -114.35389230000001",urban-urban,mixed,1250,"{""sample_routes"":{""date"":""2026-09-14"",""run_id"":""62ce72d45380414aabe46304bed788b2""},""join_samples"":{""date"":""2026-09-14"",""run_id"":""050b6083fcee4d8c90b1e2d8f9263c71""},""upload_data"":{""date"":""2026-09-14"",""run_id"":""fefd5c91ffd9482a8fb31ad02298b97b""}}"
619,619,"56.7587271 , -111.46880420000001","56.6310172 , -111.34147290000001",urban-rural,mixed,1251,"{""sample_routes"":{""date"":""2026-09-14"",""run_id"":""62ce72d45380414aabe46304bed788b2""},""join_samples"":{""date"":""2026-09-14"",""run_id"":""050b6083fcee4d8c90b1e2d8f9263c71""},""upload_data"":{""date"":""2026-09-14"",""run_id"":""fefd5c91ffd9482a8fb31ad02298b97b""}}"
625,625,"50.930468600000005 , -114.6448538","50.9870432 , -114.58847030000001",urban-urban,mixed,1146,"{""sample_routes"":{""date"":""2026-09-14"",""run_id"":""62ce72d45380414aabe46304bed788b2""},""join_samples"":{""date"":""2026-09-14"",""run_id"":""050b6083fcee4d8c90b1e2d8f9263c71""},""upload_data"":{""date"":""2026-09-14"",""run_id"":""fefd5c91ffd9482a8fb31ad02298b97b""}}"
627,627,"53.57127070000001 , -113.8111094","53.571645700000005 , -113.6589258",rural-rural,mixed,1145,"{""sample_routes"":{""date"":""2026-09-14"",""run_id"":""62ce72d45380414aabe46304bed788b2""},""join_samples"":{""date"":""2026-09-14"",""run_id"":""050b6083fcee4d8c90b1e2d8f9263c71""},""upload_data"":{""date"":""2026-09-14"",""run_id"":""fefd5c91ffd9482a8fb31ad02298b97b""}}"
630,630,"54.338926300000004 , -110.2372873","54.448565900000006 , -110.23760150000001",urban-urban,mixed,1143,"{""sample_routes"":{""date"":""2026-09-14"",""run_id"":""62ce72d45380414aabe46304bed788b2""},""join_samples"":{""date"":""2026-09-14"",""run_id"":""050b6083fcee4d8c90b1e2d8f9263c71""},""upload_data"":{""date"":""2026-09-14"",""run_id"":""fefd5c91ffd9482a8fb31ad02298b97b""}}"
631,631,"50.894705 , -114.11718200000001","50.894516700000004 , -113.9288891",urban-urban,mixed,1142,"{""sample_routes"":{""date"":""2026-09-14"",""run_id"":""62ce72d45380414aabe46304bed788b2""},""join_samples"":{""date"":""2026-09-14"",""run_id"":""050b6083fcee4d8c90b1e2d8f9263c71""},""upload_data"":{""date"":""2026-09-14"",""run_id"":""fefd5c91ffd9482a8fb31ad02298b97b""}}"
634,634,"53.4366563 , -113.5666381","53.503595100000005 , -113.566207",urban-urban,mixed,1141,"{""sample_routes"":{""date"":""2026-09-14"",""run_id"":""62ce72d45380414aabe46304bed788b2""},""join_samples"":{""date"":""2026-09-14"",""run_id"":""050b6083fcee4d8c90b1e2d8f9263c71""},""upload_data"":{""date"":""2026-09-14"",""run_id"":""fefd5c91ffd9482a8fb31ad02298b97b""}}"
635,635,"56.6699628 , -111.33823880000001","56.7763514 , -111.4445275",urban-urban,mixed,1259,"{""sample_routes"":{""date"":""2026-09-14"",""run_id"":""62ce72d45380414aabe46304bed788b2""},""join_samples"":{""date"":""2026-09-14"",""run_id"":""050b6083fcee4d8c90b1e2d8f9263c71""},""upload_data"":{""date"":""2026-09-14"",""run_id"":""fefd5c91ffd9482a8fb31ad02298b97b""}}"
638,638,"53.405870400000005 , -113.4786476","53.334003 , -113.55005650000001",urban-rural,mixed,1260,"{""sample_routes"":{""date"":""2026-09-14"",""run_id"":""62ce72d45380414aabe46304bed788b2""},""join_samples"":{""date"":""2026-09-14"",""run_id"":""050b6083fcee4d8c90b1e2d8f9263c71""},""upload_data"":{""date"":""2026-09-14"",""run_id"":""fefd5c91ffd9482a8fb31ad02298b97b""}}"
639,639,"53.5587175 , -113.925289","53.5590429 , -114.1640524",urban-urban,mixed,1260,"{""sample_routes"":{""date"":""2026-09-14"",""run_id"":""62ce72d45380414aabe46304bed788b2""},""join_samples"":{""date"":""2026-09-14"",""run_id"":""050b6083fcee4d8c90b1e2d8f9263c71""},""upload_data"":{""date"":""2026-09-14"",""run_id"":""fefd5c91ffd9482a8fb31ad02298b97b""}}"
640,640,"55.0924464 , -118.8130593","55.181992 , -118.7238246",rural-urban,mixed,1261,"{""sample_routes"":{""date"":""2026-09-14"",""run_id"":""62ce72d45380414aabe46304bed788b2""},""join_samples"":{""date"":""2026-09-14"",""run_id"":""050b6083fcee4d8c90b1e2d8f9263c71""},""upload_data"":{""date"":""2026-09-14"",""run_id"":""fefd5c91ffd9482a8fb31ad02298b97b""}}"
641,641,"53.532088300000005 , -113.5885767","53.5919844 , -113.6488429",urban-rural,mixed,1261,"{""sample_routes"":{""date"":""2026-09-14"",""run_id"":""62ce72d45380414aabe46304bed788b2""},""join_samples"":{""date"":""2026-09-14"",""run_id"":""050b6083fcee4d8c90b1e2d8f9263c71""},""upload_data"":{""date"":""2026-09-14"",""run_id"":""fefd5c91ffd9482a8fb31ad02298b97b""}}"
644,644,"50.891710200000006 , -113.97753130000001","50.956971800000005 , -113.9119385",urban-urban,mixed,1138,"{""sample_routes"":{""date"":""2026-09-14"",""run_id"":""62ce72d45380414aabe46304bed788b2""},""join_samples"":{""date"":""2026-09-14"",""run_id"":""050b6083fcee4d8c90b1e2d8f9263c71""},""upload_data"":{""date"":""2026-09-14"",""run_id"":""fefd5c91ffd9482a8fb31ad02298b97b""}}"
645,645,"52.139485 , -113.8694658","52.317317700000004 , -113.8696498",urban-urban,mixed,1264,"{""sample_routes"":{""date"":""2026-09-14"",""run_id"":""62ce72d45380414aabe46304bed788b2""},""join_samples"":{""date"":""2026-09-14"",""run_id"":""050b6083fcee4d8c90b1e2d8f9263c71""},""upload_data"":{""date"":""2026-09-14"",""run_id"":""fefd5c91ffd9482a8fb31ad02298b97b""}}"
648,648,"50.8923726 , -114.0612076","50.836527600000004 , -114.11723740000001",rural-rural,mixed,1265,"{""sample_routes"":{""date"":""2026-09-14"",""run_id"":""62ce72d45380414aabe46304bed788b2""},""join_samples"":{""date"":""2026-09-14"",""run_id"":""050b6083fcee4d8c90b1e2d8f9263c71""},""upload_data"":{""date"":""2026-09-14"",""run_id"":""fefd5c91ffd9482a8fb31ad02298b97b""}}"
649,649,"51.0701909 , -114.15729280000001","50.9779562 , -114.15725880000001",urban-rural,mixed,1267,"{""sample_routes"":{""date"":""2026-09-14"",""run_id"":""62ce72d45380414aabe46304bed788b2""},""join_samples"":{""date"":""2026-09-14"",""run_id"":""050b6083fcee4d8c90b1e2d8f9263c71""},""upload_data"":{""date"":""2026-09-14"",""run_id"":""fefd5c91ffd9482a8fb31ad02298b97b""}}"
651,651,"53.634111000000004 , -113.63085640000001","53.5809286 , -113.57780810000001",urban-urban,mixed,1267,"{""sample_routes"":{""date"":""2026-09-14"",""run_id"":""62ce72d45380414aabe46304bed788b2""},""join_samples"":{""date"":""2026-09-14"",""run_id"":""050b6083fcee4d8c90b1e2d8f9263c71""},""upload_data"":{""date"":""2026-09-14"",""run_id"":""fefd5c91ffd9482a8fb31ad02298b97b""}}"
653,653,"49.715059000000004 , -112.62962850000001","49.7154729 , -112.89061910000001",urban-rural,mixed,1268,"{""sample_routes"":{""date"":""2026-09-14"",""run_id"":""62ce72d45380414aabe46304bed788b2""},""join_samples"":{""date"":""2026-09-14"",""run_id"":""050b6083fcee4d8c90b1e2d8f9263c71""},""upload_data"":{""date"":""2026-09-14"",""run_id"":""fefd5c91ffd9482a8fb31ad02298b97b""}}"
655,655,"52.1430622 , -113.86998240000001","52.323709400000006 , -113.87044150000001",urban-urban,mixed,1268,"{""sample_routes"":{""date"":""2026-09-14"",""run_id"":""62ce72d45380414aabe46304bed788b2""},""join_samples"":{""date"":""2026-09-14"",""run_id"":""050b6083fcee4d8c90b1e2d8f9263c71""},""upload_data"":{""date"":""2026-09-14"",""run_id"":""fefd5c91ffd9482a8fb31ad02298b97b""}}"
657,657,"52.234150500000005 , -113.8212149","52.3756105 , -113.82074920000001",urban-rural,mixed,1130,"{""sample_routes"":{""date"":""2026-09-14"",""run_id"":""62ce72d45380414aabe46304bed788b2""},""join_samples"":{""date"":""2026-09-14"",""run_id"":""050b6083fcee4d8c90b1e2d8f9263c71""},""upload_data"":{""date"":""2026-09-14"",""run_id"":""fefd5c91ffd9482a8fb31ad02298b97b""}}"
658,658,"53.4764612 , -113.602269","53.4764193 , -113.6507033",urban-urban,mixed,1271,"{""sample_routes"":{""date"":""2026-09-14"",""run_id"":""62ce72d45380414aabe46304bed788b2""},""join_samples"":{""date"":""2026-09-14"",""run_id"":""050b6083fcee4d8c90b1e2d8f9263c71""},""upload_data"":{""date"":""2026-09-14"",""run_id"":""fefd5c91ffd9482a8fb31ad02298b97b""}}"
659,659,"53.622333100000006 , -113.6018006","53.677973200000004 , -113.5463596",urban-urban,mixed,1129,"{""sample_routes"":{""date"":""2026-09-14"",""run_id"":""62ce72d45380414aabe46304bed788b2""},""join_samples"":{""date"":""2026-09-14"",""run_id"":""050b6083fcee4d8c90b1e2d8f9263c71""},""upload_data"":{""date"":""2026-09-14"",""run_id"":""fefd5c91ffd9482a8fb31ad02298b97b""}}"
660,660,"53.643016800000005 , -114.1449156","53.6431794 , -113.9638455",urban-urban,mixed,1128,"{""sample_routes"":{""date"":""2026-09-14"",""run_id"":""62ce72d45380414aabe46304bed788b2""},""join_samples"":{""date"":""2026-09-14"",""run_id"":""050b6083fcee4d8c90b1e2d8f9263c71""},""upload_data"":{""date"":""2026-09-14"",""run_id"":""fefd5c91ffd9482a8fb31ad02298b97b""}}"
661,661,"51.014508000000006 , -114.11458040000001","51.1202186 , -114.2200054",urban-urban,mixed,1273,"{""sample_routes"":{""date"":""2026-09-14"",""run_id"":""62ce72d45380414aabe46304bed788b2""},""join_samples"":{""date"":""2026-09-14"",""run_id"":""050b6083fcee4d8c90b1e2d8f9263c71""},""upload_data"":{""date"":""2026-09-14"",""run_id"":""fefd5c91ffd9482a8fb31ad02298b97b""}}"
662,662,"55.1103705 , -118.8111408","55.2287824 , -118.81126130000001",urban-rural,mixed,1273,"{""sample_routes"":{""date"":""2026-09-14"",""run_id"":""62ce72d45380414aabe46304bed788b2""},""join_samples"":{""date"":""2026-09-14"",""run_id"":""050b6083fcee4d8c90b1e2d8f9263c71""},""upload_data"":{""date"":""2026-09-14"",""run_id"":""fefd5c91ffd9482a8fb31ad02298b97b""}}"
663,663,"51.038025100000006 , -113.92173550000001","51.0379561 , -113.7393849",rural-rural,mixed,1126,"{""sample_routes"":{""date"":""2026-09-14"",""run_id"":""62ce72d45380414aabe46304bed788b2""},""join_samples"":{""date"":""2026-09-14"",""run_id"":""050b6083fcee4d8c90b1e2d8f9263c71""},""upload_data"":{""date"":""2026-09-14"",""run_id"":""fefd5c91ffd9482a8fb31ad02298b97b""}}"
664,664,"50.8671054 , -114.7439695","50.867443200000004 , -114.88919000000001",rural-urban,mixed,1274,"{""sample_routes"":{""date"":""2026-09-14"",""run_id"":""62ce72d45380414aabe46304bed788b2""},""join_samples"":{""date"":""2026-09-14"",""run_id"":""050b6083fcee4d8c90b1e2d8f9263c71""},""upload_data"":{""date"":""2026-09-14"",""run_id"":""fefd5c91ffd9482a8fb31ad02298b97b""}}"
668,668,"53.6107846 , -113.41693260000001","53.6467097 , -113.45278470000001",urban-urban,mixed,1275,"{""sample_routes"":{""date"":""2026-09-14"",""run_id"":""62ce72d45380414aabe46304bed788b2""},""join_samples"":{""date"":""2026-09-14"",""run_id"":""050b6083fcee4d8c90b1e2d8f9263c71""},""upload_data"":{""date"":""2026-09-14"",""run_id"":""fefd5c91ffd9482a8fb31ad02298b97b""}}"
670,670,"53.562430400000004 , -113.86568790000001","53.562338100000005 , -113.6888842",urban-urban,mixed,1125,"{""sample_routes"":{""date"":""2026-09-14"",""run_id"":""62ce72d45380414aabe46304bed788b2""},""join_samples"":{""date"":""2026-09-14"",""run_id"":""050b6083fcee4d8c90b1e2d8f9263c71""},""upload_data"":{""date"":""2026-09-14"",""run_id"":""fefd5c91ffd9482a8fb31ad02298b97b""}}"
672,672,"51.1342602 , -114.2070906","51.068357600000006 , -114.2732294",urban-urban,mixed,1124,"{""sample_routes"":{""date"":""2026-09-14"",""run_id"":""62ce72d45380414aabe46304bed788b2""},""join_samples"":{""date"":""2026-09-14"",""run_id"":""050b6083fcee4d8c90b1e2d8f9263c71""},""upload_data"":{""date"":""2026-09-14"",""run_id"":""fefd5c91ffd9482a8fb31ad02298b97b""}}"
678,678,"53.4249069 , -113.4390307","53.3662738 , -113.4386355",urban-urban,mixed,1121,"{""sample_routes"":{""date"":""2026-09-14"",""run_id"":""62ce72d45380414aabe46304bed788b2""},""join_samples"":{""date"":""2026-09-14"",""run_id"":""050b6083fcee4d8c90b1e2d8f9263c71""},""upload_data"":{""date"":""2026-09-14"",""run_id"":""fefd5c91ffd9482a8fb31ad02298b97b""}}"
681,681,"52.269035300000006 , -113.8376456","52.3485998 , -113.91763610000001",urban-urban,mixed,1280,"{""sample_routes"":{""date"":""2026-09-14"",""run_id"":""62ce72d45380414aabe46304bed788b2""},""join_samples"":{""date"":""2026-09-14"",""run_id"":""050b6083fcee4d8c90b1e2d8f9263c71""},""upload_data"":{""date"":""2026-09-14"",""run_id"":""fefd5c91ffd9482a8fb31ad02298b97b""}}"
683,683,"51.0749323 , -114.1833388","51.0032015 , -114.1120831",urban-urban,mixed,1281,"{""sample_routes"":{""date"":""2026-09-14"",""run_id"":""62ce72d45380414aabe46304bed788b2""},""join_samples"":{""date"":""2026-09-14"",""run_id"":""050b6083fcee4d8c90b1e2d8f9263c71""},""upload_data"":{""date"":""2026-09-14"",""run_id"":""fefd5c91ffd9482a8fb31ad02298b97b""}}"
684,684,"49.992674400000006 , -110.68470810000001","50.0693495 , -110.6078327",urban-rural,mixed,1282,"{""sample_routes"":{""date"":""2026-09-14"",""run_id"":""62ce72d45380414aabe46304bed788b2""},""join_samples"":{""date"":""2026-09-14"",""run_id"":""050b6083fcee4d8c90b1e2d8f9263c71""},""upload_data"":{""date"":""2026-09-14"",""run_id"":""fefd5c91ffd9482a8fb31ad02298b97b""}}"
686,686,"53.526085800000004 , -113.59045040000001","53.526232900000004 , -113.76232990000001",urban-urban,mixed,1118,"{""sample_routes"":{""date"":""2026-09-14"",""run_id"":""62ce72d45380414aabe46304bed788b2""},""join_samples"":{""date"":""2026-09-14"",""run_id"":""050b6083fcee4d8c90b1e2d8f9263c71""},""upload_data"":{""date"":""2026-09-14"",""run_id"":""fefd5c91ffd9482a8fb31ad02298b97b""}}"
689,689,"53.510597100000005 , -113.9988749","53.6153294 , -114.10403190000001",urban-urban,mixed,1283,"{""sample_routes"":{""date"":""2026-09-14"",""run_id"":""62ce72d45380414aabe46304bed788b2""},""join_samples"":{""date"":""2026-09-14"",""run_id"":""050b6083fcee4d8c90b1e2d8f9263c71""},""upload_data"":{""date"":""2026-09-14"",""run_id"":""fefd5c91ffd9482a8fb31ad02298b97b""}}"
690,690,"55.10149070000001 , -118.88883890000001","55.189492300000005 , -118.801056",urban-urban,mixed,1283,"{""sample_routes"":{""date"":""2026-09-14"",""run_id"":""62ce72d45380414aabe46304bed788b2""},""join_samples"":{""date"":""2026-09-14"",""run_id"":""050b6083fcee4d8c90b1e2d8f9263c71""},""upload_data"":{""date"":""2026-09-14"",""run_id"":""fefd5c91ffd9482a8fb31ad02298b97b""}}"
691,691,"51.0409507 , -113.95619040000001","50.9855905 , -113.90094760000001",urban-urban,mixed,1116,"{""sample_routes"":{""date"":""2026-09-14"",""run_id"":""62ce72d45380414aabe46304bed788b2""},""join_samples"":{""date"":""2026-09-14"",""run_id"":""050b6083fcee4d8c90b1e2d8f9263c71""},""upload_data"":{""date"":""2026-09-14"",""run_id"":""fefd5c91ffd9482a8fb31ad02298b97b""}}"
692,692,"53.560001400000004 , -113.93669980000001","53.6575861 , -114.0339297",urban-rural,mixed,1284,"{""sample_routes"":{""date"":""2026-09-14"",""run_id"":""62ce72d45380414aabe46304bed788b2""},""join_samples"":{""date"":""2026-09-14"",""run_id"":""050b6083fcee4d8c90b1e2d8f9263c71""},""upload_data"":{""date"":""2026-09-14"",""run_id"":""fefd5c91ffd9482a8fb31ad02298b97b""}}"
694,694,"56.672700400000004 , -111.2555983","56.6723067 , -111.3496123",urban-urban,mixed,1116,"{""sample_routes"":{""date"":""2026-09-14"",""run_id"":""62ce72d45380414aabe46304bed788b2""},""join_samples"":{""date"":""2026-09-14"",""run_id"":""050b6083fcee4d8c90b1e2d8f9263c71""},""upload_data"":{""date"":""2026-09-14"",""run_id"":""fefd5c91ffd9482a8fb31ad02298b97b""}}"
695,695,"53.4533264 , -113.59788940000001","53.453031800000005 , -113.7779902",urban-urban,mixed,1284,"{""sample_routes"":{""date"":""2026-09-14"",""run_id"":""62ce72d45380414aabe46304bed788b2""},""join_samples"":{""date"":""2026-09-14"",""run_id"":""050b6083fcee4d8c90b1e2d8f9263c71""},""upload_data"":{""date"":""2026-09-14"",""run_id"":""fefd5c91ffd9482a8fb31ad02298b97b""}}"
696,696,"53.6359895 , -112.95115340000001","53.5124214 , -113.07423890000001",urban-rural,mixed,1285,"{""sample_routes"":{""date"":""2026-09-14"",""run_id"":""62ce72d45380414aabe46304bed788b2""},""join_samples"":{""date"":""2026-09-14"",""run_id"":""050b6083fcee4d8c90b1e2d8f9263c71""},""upload_data"":{""date"":""2026-09-14"",""run_id"":""fefd5c91ffd9482a8fb31ad02298b97b""}}"
698,698,"53.6194788 , -113.51267820000001","53.6193803 , -113.38397060000001",urban-rural,mixed,1285,"{""sample_routes"":{""date"":""2026-09-14"",""run_id"":""62ce72d45380414aabe46304bed788b2""},""join_samples"":{""date"":""2026-09-14"",""run_id"":""050b6083fcee4d8c90b1e2d8f9263c71""},""upload_data"":{""date"":""2026-09-14"",""run_id"":""fefd5c91ffd9482a8fb31ad02298b97b""}}"
699,699,"51.0034804 , -114.1409993","51.1122887 , -114.2497067",urban-urban,mixed,1285,"{""sample_routes"":{""date"":""2026-09-14"",""run_id"":""62ce72d45380414aabe46304bed788b2""},""join_samples"":{""date"":""2026-09-14"",""run_id"":""050b6083fcee4d8c90b1e2d8f9263c71""},""upload_data"":{""date"":""2026-09-14"",""run_id"":""fefd5c91ffd9482a8fb31ad02298b97b""}}"
700,700,"51.2004682 , -113.99222010000001","51.094994400000004 , -113.9920189",urban-urban,mixed,1285,"{""sample_routes"":{""date"":""2026-09-14"",""run_id"":""62ce72d45380414aabe46304bed788b2""},""join_samples"":{""date"":""2026-09-14"",""run_id"":""050b6083fcee4d8c90b1e2d8f9263c71""},""upload_data"":{""date"":""2026-09-14"",""run_id"":""fefd5c91ffd9482a8fb31ad02298b97b""}}"
701,701,"50.908839400000005 , -114.06275020000001","50.8049921 , -114.06275140000001",urban-rural,mixed,1115,"{""sample_routes"":{""date"":""2026-09-14"",""run_id"":""62ce72d45380414aabe46304bed788b2""},""join_samples"":{""date"":""2026-09-14"",""run_id"":""050b6083fcee4d8c90b1e2d8f9263c71""},""upload_data"":{""date"":""2026-09-14"",""run_id"":""fefd5c91ffd9482a8fb31ad02298b97b""}}"
703,703,"51.1712007 , -115.5861323","51.1707873 , -115.70094870000001",urban-rural,mixed,1115,"{""sample_routes"":{""date"":""2026-09-14"",""run_id"":""62ce72d45380414aabe46304bed788b2""},""join_samples"":{""date"":""2026-09-14"",""run_id"":""050b6083fcee4d8c90b1e2d8f9263c71""},""upload_data"":{""date"":""2026-09-14"",""run_id"":""fefd5c91ffd9482a8fb31ad02298b97b""}}"
704,704,"51.062885300000005 , -115.1611421","51.0629086 , -115.33396730000001",urban-urban,mixed,1285,"{""sample_routes"":{""date"":""2026-09-14"",""run_id"":""62ce72d45380414aabe46304bed788b2""},""join_samples"":{""date"":""2026-09-14"",""run_id"":""050b6083fcee4d8c90b1e2d8f9263c71""},""upload_data"":{""date"":""2026-09-14"",""run_id"":""fefd5c91ffd9482a8fb31ad02298b97b""}}"
705,705,"50.890280600000004 , -113.9677759","50.7418848 , -113.96774880000001",urban-urban,mixed,1285,"{""sample_routes"":{""date"":""2026-09-14"",""run_id"":""62ce72d45380414aabe46304bed788b2""},""join_samples"":{""date"":""2026-09-14"",""run_id"":""050b6083fcee4d8c90b1e2d8f9263c71""},""upload_data"":{""date"":""2026-09-14"",""run_id"":""fefd5c91ffd9482a8fb31ad02298b97b""}}"
710,710,"53.6863274 , -113.07401250000001","53.68633440000001 , -113.26256780000001",rural-urban,mixed,1287,"{""sample_routes"":{""date"":""2026-09-14"",""run_id"":""62ce72d45380414aabe46304bed788b2""},""join_samples"":{""date"":""2026-09-14"",""run_id"":""050b6083fcee4d8c90b1e2d8f9263c71""},""upload_data"":{""date"":""2026-09-14"",""run_id"":""fefd5c91ffd9482a8fb31ad02298b97b""}}"
714,714,"56.6602359 , -111.3276598","56.780077000000006 , -111.4472008",urban-urban,mixed,1289,"{""sample_routes"":{""date"":""2026-09-14"",""run_id"":""62ce72d45380414aabe46304bed788b2""},""join_samples"":{""date"":""2026-09-14"",""run_id"":""050b6083fcee4d8c90b1e2d8f9263c71""},""upload_data"":{""date"":""2026-09-14"",""run_id"":""fefd5c91ffd9482a8fb31ad02298b97b""}}"
715,715,"50.8723606 , -114.07418480000001","50.771874800000006 , -113.9740125",urban-urban,mixed,1110,"{""sample_routes"":{""date"":""2026-09-14"",""run_id"":""62ce72d45380414aabe46304bed788b2""},""join_samples"":{""date"":""2026-09-14"",""run_id"":""050b6083fcee4d8c90b1e2d8f9263c71""},""upload_data"":{""date"":""2026-09-14"",""run_id"":""fefd5c91ffd9482a8fb31ad02298b97b""}}"
718,718,"52.1417524 , -113.8615496","52.289211900000005 , -113.86190710000001",urban-urban,mixed,1291,"{""sample_routes"":{""date"":""2026-09-14"",""run_id"":""62ce72d45380414aabe46304bed788b2""},""join_samples"":{""date"":""2026-09-14"",""run_id"":""050b6083fcee4d8c90b1e2d8f9263c71""},""upload_data"":{""date"":""2026-09-14"",""run_id"":""fefd5c91ffd9482a8fb31ad02298b97b""}}"
719,719,"52.3496481 , -113.8097178","52.2310388 , -113.80985700000001",urban-urban,mixed,1291,"{""sample_routes"":{""date"":""2026-09-14"",""run_id"":""62ce72d45380414aabe46304bed788b2""},""join_samples"":{""date"":""2026-09-14"",""run_id"":""050b6083fcee4d8c90b1e2d8f9263c71""},""upload_data"":{""date"":""2026-09-14"",""run_id"":""fefd5c91ffd9482a8fb31ad02298b97b""}}"
720,720,"53.5221244 , -114.19304380000001","53.6100724 , -114.10510450000001",urban-urban,mixed,1109,"{""sample_routes"":{""date"":""2026-09-14"",""run_id"":""62ce72d45380414aabe46304bed788b2""},""join_samples"":{""date"":""2026-09-14"",""run_id"":""050b6083fcee4d8c90b1e2d8f9263c71""},""upload_data"":{""date"":""2026-09-14"",""run_id"":""fefd5c91ffd9482a8fb31ad02298b97b""}}"
723,723,"55.343676800000004 , -118.7840798","55.1859911 , -118.7844063",urban-urban,mixed,1291,"{""sample_routes"":{""date"":""2026-09-14"",""run_id"":""62ce72d45380414aabe46304bed788b2""},""join_samples"":{""date"":""2026-09-14"",""run_id"":""050b6083fcee4d8c90b1e2d8f9263c71""},""upload_data"":{""date"":""2026-09-14"",""run_id"":""fefd5c91ffd9482a8fb31ad02298b97b""}}"
724,724,"51.0635549 , -113.9717758","50.97229 , -113.97167110000001",urban-urban,mixed,1291,"{""sample_routes"":{""date"":""2026-09-14"",""run_id"":""62ce72d45380414aabe46304bed788b2""},""join_samples"":{""date"":""2026-09-14"",""run_id"":""050b6083fcee4d8c90b1e2d8f9263c71""},""upload_data"":{""date"":""2026-09-14"",""run_id"":""fefd5c91ffd9482a8fb31ad02298b97b""}}"
725,725,"53.5338768 , -114.1826688","53.650211500000005 , -114.2986455",urban-urban,mixed,1292,"{""sample_routes"":{""date"":""2026-09-14"",""run_id"":""62ce72d45380414aabe46304bed788b2""},""join_samples"":{""date"":""2026-09-14"",""run_id"":""050b6083fcee4d8c90b1e2d8f9263c71""},""upload_data"":{""date"":""2026-09-14"",""run_id"":""fefd5c91ffd9482a8fb31ad02298b97b""}}"
727,727,"53.564920400000005 , -113.90205870000001","53.4806358 , -113.9016433",urban-urban,mixed,1107,"{""sample_routes"":{""date"":""2026-09-14"",""run_id"":""62ce72d45380414aabe46304bed788b2""},""join_samples"":{""date"":""2026-09-14"",""run_id"":""050b6083fcee4d8c90b1e2d8f9263c71""},""upload_data"":{""date"":""2026-09-14"",""run_id"":""fefd5c91ffd9482a8fb31ad02298b97b""}}"
728,728,"53.589845200000006 , -113.7149952","53.495709600000005 , -113.71469560000001",urban-urban,mixed,1107,"{""sample_routes"":{""date"":""2026-09-14"",""run_id"":""62ce72d45380414aabe46304bed788b2""},""join_samples"":{""date"":""2026-09-14"",""run_id"":""050b6083fcee4d8c90b1e2d8f9263c71""},""upload_data"":{""date"":""2026-09-14"",""run_id"":""fefd5c91ffd9482a8fb31ad02298b97b""}}"
730,730,"51.157917000000005 , -114.28241240000001","51.257699900000006 , -114.38204730000001",rural-rural,mixed,1293,"{""sample_routes"":{""date"":""2026-09-14"",""run_id"":""62ce72d45380414aabe46304bed788b2""},""join_samples"":{""date"":""2026-09-14"",""run_id"":""050b6083fcee4d8c90b1e2d8f9263c71""},""upload_data"":{""date"":""2026-09-14"",""run_id"":""fefd5c91ffd9482a8fb31ad02298b97b""}}"
731,731,"51.0917879 , -114.2499178","50.969564600000005 , -114.127412",urban-urban,mixed,1293,"{""sample_routes"":{""date"":""2026-09-14"",""run_id"":""62ce72d45380414aabe46304bed788b2""},""join_samples"":{""date"":""2026-09-14"",""run_id"":""050b6083fcee4d8c90b1e2d8f9263c71""},""upload_data"":{""date"":""2026-09-14"",""run_id"":""fefd5c91ffd9482a8fb31ad02298b97b""}}"
732,732,"50.88529440000001 , -113.9839348","50.804238100000006 , -113.90292600000001",urban-urban,mixed,1106,"{""sample_routes"":{""date"":""2026-09-14"",""run_id"":""62ce72d45380414aabe46304bed788b2""},""join_samples"":{""date"":""2026-09-14"",""run_id"":""050b6083fcee4d8c90b1e2d8f9263c71""},""upload_data"":{""date"":""2026-09-14"",""run_id"":""fefd5c91ffd9482a8fb31ad02298b97b""}}"
734,734,"51.1655649 , -115.56540820000001","51.165990400000005 , -115.72655800000001",urban-rural,mixed,1105,"{""sample_routes"":{""date"":""2026-09-14"",""run_id"":""62ce72d45380414aabe46304bed788b2""},""join_samples"":{""date"":""2026-09-14"",""run_id"":""050b6083fcee4d8c90b1e2d8f9263c71""},""upload_data"":{""date"":""2026-09-14"",""run_id"":""fefd5c91ffd9482a8fb31ad02298b97b""}}"
738,738,"52.309870700000005 , -113.8395797","52.378750700000005 , -113.7705959",urban-urban,mixed,1103,"{""sample_routes"":{""date"":""2026-09-14"",""run_id"":""62ce72d45380414aabe46304bed788b2""},""join_samples"":{""date"":""2026-09-14"",""run_id"":""050b6083fcee4d8c90b1e2d8f9263c71""},""upload_data"":{""date"":""2026-09-14"",""run_id"":""fefd5c91ffd9482a8fb31ad02298b97b""}}"
740,740,"51.1179423 , -114.22306180000001","51.0230084 , -114.2227194",urban-urban,mixed,1297,"{""sample_routes"":{""date"":""2026-09-14"",""run_id"":""62ce72d45380414aabe46304bed788b2""},""join_samples"":{""date"":""2026-09-14"",""run_id"":""050b6083fcee4d8c90b1e2d8f9263c71""},""upload_data"":{""date"":""2026-09-14"",""run_id"":""fefd5c91ffd9482a8fb31ad02298b97b""}}"
743,743,"51.186763600000006 , -114.46878190000001","51.1093361 , -114.39092470000001",urban-urban,mixed,1298,"{""sample_routes"":{""date"":""2026-09-14"",""run_id"":""62ce72d45380414aabe46304bed788b2""},""join_samples"":{""date"":""2026-09-14"",""run_id"":""050b6083fcee4d8c90b1e2d8f9263c71""},""upload_data"":{""date"":""2026-09-14"",""run_id"":""fefd5c91ffd9482a8fb31ad02298b97b""}}"
745,745,"51.062954500000004 , -114.1745487","51.1185661 , -114.2306456",urban-urban,mixed,1298,"{""sample_routes"":{""date"":""2026-09-14"",""run_id"":""62ce72d45380414aabe46304bed788b2""},""join_samples"":{""date"":""2026-09-14"",""run_id"":""050b6083fcee4d8c90b1e2d8f9263c71""},""upload_data"":{""date"":""2026-09-14"",""run_id"":""fefd5c91ffd9482a8fb31ad02298b97b""}}"
746,746,"50.8985501 , -114.1104408","50.815134300000004 , -114.02749460000001",urban-urban,mixed,1299,"{""sample_routes"":{""date"":""2026-09-14"",""run_id"":""62ce72d45380414aabe46304bed788b2""},""join_samples"":{""date"":""2026-09-14"",""run_id"":""050b6083fcee4d8c90b1e2d8f9263c71""},""upload_data"":{""date"":""2026-09-14"",""run_id"":""fefd5c91ffd9482a8fb31ad02298b97b""}}"
749,749,"54.5294315 , -110.25114040000001","54.402872300000006 , -110.2515219",rural-urban,mixed,1302,"{""sample_routes"":{""date"":""2026-09-14"",""run_id"":""62ce72d45380414aabe46304bed788b2""},""join_samples"":{""date"":""2026-09-14"",""run_id"":""050b6083fcee4d8c90b1e2d8f9263c71""},""upload_data"":{""date"":""2026-09-14"",""run_id"":""fefd5c91ffd9482a8fb31ad02298b97b""}}"
751,751,"51.117423 , -114.3890499","51.1832177 , -114.455115",rural-urban,mixed,1302,"{""sample_routes"":{""date"":""2026-09-14"",""run_id"":""62ce72d45380414aabe46304bed788b2""},""join_samples"":{""date"":""2026-09-14"",""run_id"":""050b6083fcee4d8c90b1e2d8f9263c71""},""upload_data"":{""date"":""2026-09-14"",""run_id"":""fefd5c91ffd9482a8fb31ad02298b97b""}}"
754,754,"49.578731000000005 , -114.36396880000001","49.6966465 , -114.48155860000001",urban-rural,mixed,1303,"{""sample_routes"":{""date"":""2026-09-14"",""run_id"":""62ce72d45380414aabe46304bed788b2""},""join_samples"":{""date"":""2026-09-14"",""run_id"":""050b6083fcee4d8c90b1e2d8f9263c71""},""upload_data"":{""date"":""2026-09-14"",""run_id"":""fefd5c91ffd9482a8fb31ad02298b97b""}}"
760,760,"53.5236953 , -114.1445506","53.626457300000006 , -114.24742060000001",urban-urban,mixed,1094,"{""sample_routes"":{""date"":""2026-09-14"",""run_id"":""62ce72d45380414aabe46304bed788b2""},""join_samples"":{""date"":""2026-09-14"",""run_id"":""050b6083fcee4d8c90b1e2d8f9263c71""},""upload_data"":{""date"":""2026-09-14"",""run_id"":""fefd5c91ffd9482a8fb31ad02298b97b""}}"
762,762,"51.1836095 , -114.4706831","51.112534700000005 , -114.3998524",urban-urban,mixed,1307,"{""sample_routes"":{""date"":""2026-09-14"",""run_id"":""62ce72d45380414aabe46304bed788b2""},""join_samples"":{""date"":""2026-09-14"",""run_id"":""050b6083fcee4d8c90b1e2d8f9263c71""},""upload_data"":{""date"":""2026-09-14"",""run_id"":""fefd5c91ffd9482a8fb31ad02298b97b""}}"
763,763,"53.488381700000005 , -113.5528355","53.443437700000004 , -113.59735570000001",urban-rural,mixed,1307,"{""sample_routes"":{""date"":""2026-09-14"",""run_id"":""62ce72d45380414aabe46304bed788b2""},""join_samples"":{""date"":""2026-09-14"",""run_id"":""050b6083fcee4d8c90b1e2d8f9263c71""},""upload_data"":{""date"":""2026-09-14"",""run_id"":""fefd5c91ffd9482a8fb31ad02298b97b""}}"
764,764,"53.5119121 , -113.66167010000001","53.593921300000005 , -113.57940610000001",rural-urban,mixed,1307,"{""sample_routes"":{""date"":""2026-09-14"",""run_id"":""62ce72d45380414aabe46304bed788b2""},""join_samples"":{""date"":""2026-09-14"",""run_id"":""050b6083fcee4d8c90b1e2d8f9263c71""},""upload_data"":{""date"":""2026-09-14"",""run_id"":""fefd5c91ffd9482a8fb31ad02298b97b""}}"
765,765,"53.4781641 , -113.60082460000001","53.4779149 , -113.64147700000001",urban-urban,mixed,1307,"{""sample_routes"":{""date"":""2026-09-14"",""run_id"":""62ce72d45380414aabe46304bed788b2""},""join_samples"":{""date"":""2026-09-14"",""run_id"":""050b6083fcee4d8c90b1e2d8f9263c71""},""upload_data"":{""date"":""2026-09-14"",""run_id"":""fefd5c91ffd9482a8fb31ad02298b97b""}}"
767,767,"49.6577441 , -112.87090490000001","49.783316600000006 , -112.87067780000001",urban-rural,mixed,1093,"{""sample_routes"":{""date"":""2026-09-14"",""run_id"":""62ce72d45380414aabe46304bed788b2""},""join_samples"":{""date"":""2026-09-14"",""run_id"":""050b6083fcee4d8c90b1e2d8f9263c71""},""upload_data"":{""date"":""2026-09-14"",""run_id"":""fefd5c91ffd9482a8fb31ad02298b97b""}}"
770,770,"53.553662200000005 , -113.9030321","53.5540698 , -114.1221766",urban-urban,mixed,1309,"{""sample_routes"":{""date"":""2026-09-14"",""run_id"":""62ce72d45380414aabe46304bed788b2""},""join_samples"":{""date"":""2026-09-14"",""run_id"":""050b6083fcee4d8c90b1e2d8f9263c71""},""upload_data"":{""date"":""2026-09-14"",""run_id"":""fefd5c91ffd9482a8fb31ad02298b97b""}}"
772,772,"53.578171700000006 , -113.3823574","53.5339948 , -113.4262977",urban-urban,mixed,1310,"{""sample_routes"":{""date"":""2026-09-14"",""run_id"":""62ce72d45380414aabe46304bed788b2""},""join_samples"":{""date"":""2026-09-14"",""run_id"":""050b6083fcee4d8c90b1e2d8f9263c71""},""upload_data"":{""date"":""2026-09-14"",""run_id"":""fefd5c91ffd9482a8fb31ad02298b97b""}}"
776,776,"51.1708252 , -114.1099475","51.171023500000004 , -113.9266731",urban-urban,mixed,1312,"{""sample_routes"":{""date"":""2026-09-14"",""run_id"":""62ce72d45380414aabe46304bed788b2""},""join_samples"":{""date"":""2026-09-14"",""run_id"":""050b6083fcee4d8c90b1e2d8f9263c71""},""upload_data"":{""date"":""2026-09-14"",""run_id"":""fefd5c91ffd9482a8fb31ad02298b97b""}}"
777,777,"53.52815270000001 , -113.9734944","53.6045712 , -113.89724220000001",urban-urban,mixed,1312,"{""sample_routes"":{""date"":""2026-09-14"",""run_id"":""62ce72d45380414aabe46304bed788b2""},""join_samples"":{""date"":""2026-09-14"",""run_id"":""050b6083fcee4d8c90b1e2d8f9263c71""},""upload_data"":{""date"":""2026-09-14"",""run_id"":""fefd5c91ffd9482a8fb31ad02298b97b""}}"
778,778,"49.6956798 , -112.62265810000001","49.695371900000005 , -112.8451569",rural-urban,mixed,1312,"{""sample_routes"":{""date"":""2026-09-14"",""run_id"":""62ce72d45380414aabe46304bed788b2""},""join_samples"":{""date"":""2026-09-14"",""run_id"":""050b6083fcee4d8c90b1e2d8f9263c71""},""upload_data"":{""date"":""2026-09-14"",""run_id"":""fefd5c91ffd9482a8fb31ad02298b97b""}}"
779,779,"53.4294251 , -113.5168493","53.4290876 , -113.6339248",urban-urban,mixed,1088,"{""sample_routes"":{""date"":""2026-09-14"",""run_id"":""62ce72d45380414aabe46304bed788b2""},""join_samples"":{""date"":""2026-09-14"",""run_id"":""050b6083fcee4d8c90b1e2d8f9263c71""},""upload_data"":{""date"":""2026-09-14"",""run_id"":""fefd5c91ffd9482a8fb31ad02298b97b""}}"
781,781,"50.9680516 , -114.0314558","51.0671083 , -113.93227230000001",urban-urban,mixed,1313,"{""sample_routes"":{""date"":""2026-09-14"",""run_id"":""62ce72d45380414aabe46304bed788b2""},""join_samples"":{""date"":""2026-09-14"",""run_id"":""050b6083fcee4d8c90b1e2d8f9263c71""},""upload_data"":{""date"":""2026-09-14"",""run_id"":""fefd5c91ffd9482a8fb31ad02298b97b""}}"
782,782,"53.4594686 , -113.54920800000001","53.425101500000004 , -113.58381580000001",urban-urban,mixed,1313,"{""sample_routes"":{""date"":""2026-09-14"",""run_id"":""62ce72d45380414aabe46304bed788b2""},""join_samples"":{""date"":""2026-09-14"",""run_id"":""050b6083fcee4d8c90b1e2d8f9263c71""},""upload_data"":{""date"":""2026-09-14"",""run_id"":""fefd5c91ffd9482a8fb31ad02298b97b""}}"
784,784,"53.503959900000005 , -113.32253170000001","53.4470104 , -113.3222623",urban-rural,mixed,1087,"{""sample_routes"":{""date"":""2026-09-14"",""run_id"":""62ce72d45380414aabe46304bed788b2""},""join_samples"":{""date"":""2026-09-14"",""run_id"":""050b6083fcee4d8c90b1e2d8f9263c71""},""upload_data"":{""date"":""2026-09-14"",""run_id"":""fefd5c91ffd9482a8fb31ad02298b97b""}}"
786,786,"50.7939182 , -113.97450060000001","50.905501900000004 , -113.9748684",rural-urban,mixed,1086,"{""sample_routes"":{""date"":""2026-09-14"",""run_id"":""62ce72d45380414aabe46304bed788b2""},""join_samples"":{""date"":""2026-09-14"",""run_id"":""050b6083fcee4d8c90b1e2d8f9263c71""},""upload_data"":{""date"":""2026-09-14"",""run_id"":""fefd5c91ffd9482a8fb31ad02298b97b""}}"
787,787,"55.1886048 , -118.8019584","55.31613960000001 , -118.8016501",urban-urban,mixed,1085,"{""sample_routes"":{""date"":""2026-09-14"",""run_id"":""62ce72d45380414aabe46304bed788b2""},""join_samples"":{""date"":""2026-09-14"",""run_id"":""050b6083fcee4d8c90b1e2d8f9263c71""},""upload_data"":{""date"":""2026-09-14"",""run_id"":""fefd5c91ffd9482a8fb31ad02298b97b""}}"
789,789,"53.430683200000004 , -113.52185200000001","53.303324100000005 , -113.5216501",urban-urban,mixed,1315,"{""sample_routes"":{""date"":""2026-09-14"",""run_id"":""62ce72d45380414aabe46304bed788b2""},""join_samples"":{""date"":""2026-09-14"",""run_id"":""050b6083fcee4d8c90b1e2d8f9263c71""},""upload_data"":{""date"":""2026-09-14"",""run_id"":""fefd5c91ffd9482a8fb31ad02298b97b""}}"
790,790,"51.1447104 , -114.1680094","51.0181042 , -114.29469030000001",urban-urban,mixed,1315,"{""sample_routes"":{""date"":""2026-09-14"",""run_id"":""62ce72d45380414aabe46304bed788b2""},""join_samples"":{""date"":""2026-09-14"",""run_id"":""050b6083fcee4d8c90b1e2d8f9263c71""},""upload_data"":{""date"":""2026-09-14"",""run_id"":""fefd5c91ffd9482a8fb31ad02298b97b""}}"
792,792,"53.525139900000006 , -114.0127051","53.605583800000005 , -113.9321467",urban-urban,mixed,1084,"{""sample_routes"":{""date"":""2026-09-14"",""run_id"":""62ce72d45380414aabe46304bed788b2""},""join_samples"":{""date"":""2026-09-14"",""run_id"":""050b6083fcee4d8c90b1e2d8f9263c71""},""upload_data"":{""date"":""2026-09-14"",""run_id"":""fefd5c91ffd9482a8fb31ad02298b97b""}}"
793,793,"50.7720258 , -114.0133919","50.737735900000004 , -114.04787680000001",urban-rural,mixed,1084,"{""sample_routes"":{""date"":""2026-09-14"",""run_id"":""62ce72d45380414aabe46304bed788b2""},""join_samples"":{""date"":""2026-09-14"",""run_id"":""050b6083fcee4d8c90b1e2d8f9263c71""},""upload_data"":{""date"":""2026-09-14"",""run_id"":""fefd5c91ffd9482a8fb31ad02298b97b""}}"
796,796,"53.4646513 , -113.60187020000001","53.465079 , -113.67005030000001",urban-urban,mixed,1319,"{""sample_routes"":{""date"":""2026-09-14"",""run_id"":""62ce72d45380414aabe46304bed788b2""},""join_samples"":{""date"":""2026-09-14"",""run_id"":""050b6083fcee4d8c90b1e2d8f9263c71""},""upload_data"":{""date"":""2026-09-14"",""run_id"":""fefd5c91ffd9482a8fb31ad02298b97b""}}"
802,802,"53.338010000000004 , -113.5163371","53.448785400000006 , -113.51654620000001",urban-urban,mixed,1322,"{""sample_routes"":{""date"":""2026-09-14"",""run_id"":""62ce72d45380414aabe46304bed788b2""},""join_samples"":{""date"":""2026-09-14"",""run_id"":""050b6083fcee4d8c90b1e2d8f9263c71""},""upload_data"":{""date"":""2026-09-14"",""run_id"":""fefd5c91ffd9482a8fb31ad02298b97b""}}"
806,806,"51.058843700000004 , -113.9518448","50.985815200000005 , -113.87875450000001",urban-urban,mixed,1323,"{""sample_routes"":{""date"":""2026-09-14"",""run_id"":""62ce72d45380414aabe46304bed788b2""},""join_samples"":{""date"":""2026-09-14"",""run_id"":""050b6083fcee4d8c90b1e2d8f9263c71""},""upload_data"":{""date"":""2026-09-14"",""run_id"":""fefd5c91ffd9482a8fb31ad02298b97b""}}"
812,812,"53.56116 , -113.8805258","53.560807000000004 , -113.60276490000001",urban-urban,mixed,1324,"{""sample_routes"":{""date"":""2026-09-14"",""run_id"":""62ce72d45380414aabe46304bed788b2""},""join_samples"":{""date"":""2026-09-14"",""run_id"":""050b6083fcee4d8c90b1e2d8f9263c71""},""upload_data"":{""date"":""2026-09-14"",""run_id"":""fefd5c91ffd9482a8fb31ad02298b97b""}}"
813,813,"53.438033600000004 , -113.53790500000001","53.4103781 , -113.5656203",urban-urban,mixed,1324,"{""sample_routes"":{""date"":""2026-09-14"",""run_id"":""62ce72d45380414aabe46304bed788b2""},""join_samples"":{""date"":""2026-09-14"",""run_id"":""050b6083fcee4d8c90b1e2d8f9263c71""},""upload_data"":{""date"":""2026-09-14"",""run_id"":""fefd5c91ffd9482a8fb31ad02298b97b""}}"
818,818,"50.733183100000005 , -113.9825534","50.8433695 , -113.9826774",urban-urban,mixed,1074,"{""sample_routes"":{""date"":""2026-09-14"",""run_id"":""62ce72d45380414aabe46304bed788b2""},""join_samples"":{""date"":""2026-09-14"",""run_id"":""050b6083fcee4d8c90b1e2d8f9263c71""},""upload_data"":{""date"":""2026-09-14"",""run_id"":""fefd5c91ffd9482a8fb31ad02298b97b""}}"
822,822,"53.404958400000005 , -113.4576938","53.4450237 , -113.41728",urban-urban,mixed,1327,"{""sample_routes"":{""date"":""2026-09-14"",""run_id"":""62ce72d45380414aabe46304bed788b2""},""join_samples"":{""date"":""2026-09-14"",""run_id"":""050b6083fcee4d8c90b1e2d8f9263c71""},""upload_data"":{""date"":""2026-09-14"",""run_id"":""fefd5c91ffd9482a8fb31ad02298b97b""}}"
823,823,"56.67352 , -111.2538566","56.6737279 , -111.3331397",urban-urban,mixed,1073,"{""sample_routes"":{""date"":""2026-09-14"",""run_id"":""62ce72d45380414aabe46304bed788b2""},""join_samples"":{""date"":""2026-09-14"",""run_id"":""050b6083fcee4d8c90b1e2d8f9263c71""},""upload_data"":{""date"":""2026-09-14"",""run_id"":""fefd5c91ffd9482a8fb31ad02298b97b""}}"
825,825,"51.198517100000004 , -113.9950208","51.28151930000001 , -113.9952166",urban-urban,mixed,1328,"{""sample_routes"":{""date"":""2026-09-14"",""run_id"":""62ce72d45380414aabe46304bed788b2""},""join_samples"":{""date"":""2026-09-14"",""run_id"":""050b6083fcee4d8c90b1e2d8f9263c71""},""upload_data"":{""date"":""2026-09-14"",""run_id"":""fefd5c91ffd9482a8fb31ad02298b97b""}}"
826,826,"50.579361500000005 , -113.8835672","50.698013800000005 , -113.88325540000001",urban-urban,mixed,1328,"{""sample_routes"":{""date"":""2026-09-14"",""run_id"":""62ce72d45380414aabe46304bed788b2""},""join_samples"":{""date"":""2026-09-14"",""run_id"":""050b6083fcee4d8c90b1e2d8f9263c71""},""upload_data"":{""date"":""2026-09-14"",""run_id"":""fefd5c91ffd9482a8fb31ad02298b97b""}}"
828,828,"52.210684400000005 , -113.8299724","52.3642515 , -113.8303235",urban-rural,mixed,1072,"{""sample_routes"":{""date"":""2026-09-14"",""run_id"":""62ce72d45380414aabe46304bed788b2""},""join_samples"":{""date"":""2026-09-14"",""run_id"":""050b6083fcee4d8c90b1e2d8f9263c71""},""upload_data"":{""date"":""2026-09-14"",""run_id"":""fefd5c91ffd9482a8fb31ad02298b97b""}}"
829,829,"55.345075 , -118.775125","55.185278700000005 , -118.7746891",urban-urban,mixed,1328,"{""sample_routes"":{""date"":""2026-09-14"",""run_id"":""62ce72d45380414aabe46304bed788b2""},""join_samples"":{""date"":""2026-09-14"",""run_id"":""050b6083fcee4d8c90b1e2d8f9263c71""},""upload_data"":{""date"":""2026-09-14"",""run_id"":""fefd5c91ffd9482a8fb31ad02298b97b""}}"
831,831,"53.414334000000004 , -113.53338620000001","53.4668641 , -113.58633630000001",urban-urban,mixed,1329,"{""sample_routes"":{""date"":""2026-09-14"",""run_id"":""62ce72d45380414aabe46304bed788b2""},""join_samples"":{""date"":""2026-09-14"",""run_id"":""050b6083fcee4d8c90b1e2d8f9263c71""},""upload_data"":{""date"":""2026-09-14"",""run_id"":""fefd5c91ffd9482a8fb31ad02298b97b""}}"
832,832,"51.212343000000004 , -113.9826714","51.0956223 , -113.98283660000001",urban-urban,mixed,1329,"{""sample_routes"":{""date"":""2026-09-14"",""run_id"":""62ce72d45380414aabe46304bed788b2""},""join_samples"":{""date"":""2026-09-14"",""run_id"":""050b6083fcee4d8c90b1e2d8f9263c71""},""upload_data"":{""date"":""2026-09-14"",""run_id"":""fefd5c91ffd9482a8fb31ad02298b97b""}}"
835,835,"55.170381400000004 , -118.8423123","55.170117000000005 , -119.1572",urban-rural,mixed,1331,"{""sample_routes"":{""date"":""2026-09-14"",""run_id"":""62ce72d45380414aabe46304bed788b2""},""join_samples"":{""date"":""2026-09-14"",""run_id"":""050b6083fcee4d8c90b1e2d8f9263c71""},""upload_data"":{""date"":""2026-09-14"",""run_id"":""fefd5c91ffd9482a8fb31ad02298b97b""}}"
837,837,"51.137588300000004 , -114.2556909","51.0492391 , -114.16687350000001",urban-urban,mixed,1333,"{""sample_routes"":{""date"":""2026-09-14"",""run_id"":""62ce72d45380414aabe46304bed788b2""},""join_samples"":{""date"":""2026-09-14"",""run_id"":""050b6083fcee4d8c90b1e2d8f9263c71""},""upload_data"":{""date"":""2026-09-14"",""run_id"":""fefd5c91ffd9482a8fb31ad02298b97b""}}"
839,839,"51.0712649 , -113.92545840000001","50.9817771 , -114.01539600000001",urban-urban,mixed,1334,"{""sample_routes"":{""date"":""2026-09-14"",""run_id"":""62ce72d45380414aabe46304bed788b2""},""join_samples"":{""date"":""2026-09-14"",""run_id"":""050b6083fcee4d8c90b1e2d8f9263c71""},""upload_data"":{""date"":""2026-09-14"",""run_id"":""fefd5c91ffd9482a8fb31ad02298b97b""}}"
843,843,"52.1793027 , -113.88150340000001","52.282648900000005 , -113.88115680000001",urban-rural,mixed,1336,"{""sample_routes"":{""date"":""2026-09-14"",""run_id"":""62ce72d45380414aabe46304bed788b2""},""join_samples"":{""date"":""2026-09-14"",""run_id"":""050b6083fcee4d8c90b1e2d8f9263c71""},""upload_data"":{""date"":""2026-09-14"",""run_id"":""fefd5c91ffd9482a8fb31ad02298b97b""}}"
846,846,"55.2789754 , -114.78597970000001","55.384928 , -114.785897",urban-rural,mixed,1064,"{""sample_routes"":{""date"":""2026-09-14"",""run_id"":""62ce72d45380414aabe46304bed788b2""},""join_samples"":{""date"":""2026-09-14"",""run_id"":""050b6083fcee4d8c90b1e2d8f9263c71""},""upload_data"":{""date"":""2026-09-14"",""run_id"":""fefd5c91ffd9482a8fb31ad02298b97b""}}"
849,849,"51.0646688 , -113.9251045","50.9850465 , -114.00450350000001",urban-urban,mixed,1338,"{""sample_routes"":{""date"":""2026-09-14"",""run_id"":""62ce72d45380414aabe46304bed788b2""},""join_samples"":{""date"":""2026-09-14"",""run_id"":""050b6083fcee4d8c90b1e2d8f9263c71""},""upload_data"":{""date"":""2026-09-14"",""run_id"":""fefd5c91ffd9482a8fb31ad02298b97b""}}"
850,850,"53.2648517 , -113.5453581","53.2479905 , -113.5618324",urban-urban,mixed,1062,"{""sample_routes"":{""date"":""2026-09-14"",""run_id"":""62ce72d45380414aabe46304bed788b2""},""join_samples"":{""date"":""2026-09-14"",""run_id"":""050b6083fcee4d8c90b1e2d8f9263c71""},""upload_data"":{""date"":""2026-09-14"",""run_id"":""fefd5c91ffd9482a8fb31ad02298b97b""}}"
851,851,"53.4939121 , -113.6734749","53.5804921 , -113.5865055",urban-urban,mixed,1338,"{""sample_routes"":{""date"":""2026-09-14"",""run_id"":""62ce72d45380414aabe46304bed788b2""},""join_samples"":{""date"":""2026-09-14"",""run_id"":""050b6083fcee4d8c90b1e2d8f9263c71""},""upload_data"":{""date"":""2026-09-14"",""run_id"":""fefd5c91ffd9482a8fb31ad02298b97b""}}"
852,852,"49.553209300000006 , -114.3442739","49.552773200000004 , -114.494044",urban-rural,mixed,1339,"{""sample_routes"":{""date"":""2026-09-14"",""run_id"":""62ce72d45380414aabe46304bed788b2""},""join_samples"":{""date"":""2026-09-14"",""run_id"":""050b6083fcee4d8c90b1e2d8f9263c71""},""upload_data"":{""date"":""2026-09-14"",""run_id"":""fefd5c91ffd9482a8fb31ad02298b97b""}}"
853,853,"50.734949 , -113.98558940000001","50.843383200000005 , -113.98556430000001",urban-urban,mixed,1061,"{""sample_routes"":{""date"":""2026-09-14"",""run_id"":""62ce72d45380414aabe46304bed788b2""},""join_samples"":{""date"":""2026-09-14"",""run_id"":""050b6083fcee4d8c90b1e2d8f9263c71""},""upload_data"":{""date"":""2026-09-14"",""run_id"":""fefd5c91ffd9482a8fb31ad02298b97b""}}"
854,854,"51.0958819 , -113.97773710000001","51.2054671 , -113.9780367",urban-urban,mixed,1339,"{""sample_routes"":{""date"":""2026-09-14"",""run_id"":""62ce72d45380414aabe46304bed788b2""},""join_samples"":{""date"":""2026-09-14"",""run_id"":""050b6083fcee4d8c90b1e2d8f9263c71""},""upload_data"":{""date"":""2026-09-14"",""run_id"":""fefd5c91ffd9482a8fb31ad02298b97b""}}"
856,856,"50.9649367 , -114.11678730000001","51.0648988 , -114.2169552",urban-urban,mixed,1340,"{""sample_routes"":{""date"":""2026-09-14"",""run_id"":""62ce72d45380414aabe46304bed788b2""},""join_samples"":{""date"":""2026-09-14"",""run_id"":""050b6083fcee4d8c90b1e2d8f9263c71""},""upload_data"":{""date"":""2026-09-14"",""run_id"":""fefd5c91ffd9482a8fb31ad02298b97b""}}"
857,857,"55.348695500000005 , -118.78188820000001","55.18602610000001 , -118.7817086",urban-urban,mixed,1341,"{""sample_routes"":{""date"":""2026-09-14"",""run_id"":""62ce72d45380414aabe46304bed788b2""},""join_samples"":{""date"":""2026-09-14"",""run_id"":""050b6083fcee4d8c90b1e2d8f9263c71""},""upload_data"":{""date"":""2026-09-14"",""run_id"":""fefd5c91ffd9482a8fb31ad02298b97b""}}"
858,858,"53.537322200000006 , -114.1524346","53.629267600000006 , -114.06056880000001",urban-rural,mixed,1341,"{""sample_routes"":{""date"":""2026-09-14"",""run_id"":""62ce72d45380414aabe46304bed788b2""},""join_samples"":{""date"":""2026-09-14"",""run_id"":""050b6083fcee4d8c90b1e2d8f9263c71""},""upload_data"":{""date"":""2026-09-14"",""run_id"":""fefd5c91ffd9482a8fb31ad02298b97b""}}"
860,860,"51.1274482 , -114.0538087","51.1783191 , -114.0029272",urban-rural,mixed,1059,"{""sample_routes"":{""date"":""2026-09-14"",""run_id"":""62ce72d45380414aabe46304bed788b2""},""join_samples"":{""date"":""2026-09-14"",""run_id"":""050b6083fcee4d8c90b1e2d8f9263c71""},""upload_data"":{""date"":""2026-09-14"",""run_id"":""fefd5c91ffd9482a8fb31ad02298b97b""}}"
862,862,"52.17162810000001 , -113.8620741","52.261481700000004 , -113.77203060000001",rural-urban,mixed,1342,"{""sample_routes"":{""date"":""2026-09-14"",""run_id"":""62ce72d45380414aabe46304bed788b2""},""join_samples"":{""date"":""2026-09-14"",""run_id"":""050b6083fcee4d8c90b1e2d8f9263c71""},""upload_data"":{""date"":""2026-09-14"",""run_id"":""fefd5c91ffd9482a8fb31ad02298b97b""}}"
863,863,"51.0635569 , -113.8245284","51.154333300000005 , -113.8249717",urban-rural,mixed,1058,"{""sample_routes"":{""date"":""2026-09-14"",""run_id"":""62ce72d45380414aabe46304bed788b2""},""join_samples"":{""date"":""2026-09-14"",""run_id"":""050b6083fcee4d8c90b1e2d8f9263c71""},""upload_data"":{""date"":""2026-09-14"",""run_id"":""fefd5c91ffd9482a8fb31ad02298b97b""}}"
867,867,"53.495886600000006 , -113.6513589","53.556034200000006 , -113.59152420000001",urban-urban,mixed,1343,"{""sample_routes"":{""date"":""2026-09-14"",""run_id"":""62ce72d45380414aabe46304bed788b2""},""join_samples"":{""date"":""2026-09-14"",""run_id"":""050b6083fcee4d8c90b1e2d8f9263c71""},""upload_data"":{""date"":""2026-09-14"",""run_id"":""fefd5c91ffd9482a8fb31ad02298b97b""}}"
869,869,"51.015576200000005 , -114.2173769","51.073173000000004 , -114.15955530000001",urban-urban,mixed,1344,"{""sample_routes"":{""date"":""2026-09-14"",""run_id"":""62ce72d45380414aabe46304bed788b2""},""join_samples"":{""date"":""2026-09-14"",""run_id"":""050b6083fcee4d8c90b1e2d8f9263c71""},""upload_data"":{""date"":""2026-09-14"",""run_id"":""fefd5c91ffd9482a8fb31ad02298b97b""}}"
873,873,"53.437823200000004 , -113.56093240000001","53.438004400000004 , -113.5394579",urban-urban,mixed,1055,"{""sample_routes"":{""date"":""2026-09-14"",""run_id"":""62ce72d45380414aabe46304bed788b2""},""join_samples"":{""date"":""2026-09-14"",""run_id"":""050b6083fcee4d8c90b1e2d8f9263c71""},""upload_data"":{""date"":""2026-09-14"",""run_id"":""fefd5c91ffd9482a8fb31ad02298b97b""}}"
876,876,"53.4633534 , -113.39008770000001","53.439759800000004 , -113.3661596",urban-rural,mixed,1054,"{""sample_routes"":{""date"":""2026-09-14"",""run_id"":""62ce72d45380414aabe46304bed788b2""},""join_samples"":{""date"":""2026-09-14"",""run_id"":""050b6083fcee4d8c90b1e2d8f9263c71""},""upload_data"":{""date"":""2026-09-14"",""run_id"":""fefd5c91ffd9482a8fb31ad02298b97b""}}"
877,877,"53.403761300000006 , -113.6116944","53.456817 , -113.66432830000001",urban-urban,mixed,1346,"{""sample_routes"":{""date"":""2026-09-14"",""run_id"":""62ce72d45380414aabe46304bed788b2""},""join_samples"":{""date"":""2026-09-14"",""run_id"":""050b6083fcee4d8c90b1e2d8f9263c71""},""upload_data"":{""date"":""2026-09-14"",""run_id"":""fefd5c91ffd9482a8fb31ad02298b97b""}}"
878,878,"50.983320500000005 , -114.0921445","51.1181999 , -114.22734530000001",urban-urban,mixed,1347,"{""sample_routes"":{""date"":""2026-09-14"",""run_id"":""62ce72d45380414aabe46304bed788b2""},""join_samples"":{""date"":""2026-09-14"",""run_id"":""050b6083fcee4d8c90b1e2d8f9263c71""},""upload_data"":{""date"":""2026-09-14"",""run_id"":""fefd5c91ffd9482a8fb31ad02298b97b""}}"
882,882,"51.085190000000004 , -114.2460161","50.962929 , -114.12342310000001",urban-urban,mixed,1349,"{""sample_routes"":{""date"":""2026-09-14"",""run_id"":""62ce72d45380414aabe46304bed788b2""},""join_samples"":{""date"":""2026-09-14"",""run_id"":""050b6083fcee4d8c90b1e2d8f9263c71""},""upload_data"":{""date"":""2026-09-14"",""run_id"":""fefd5c91ffd9482a8fb31ad02298b97b""}}"
883,883,"53.397737500000005 , -113.5708759","53.266661400000004 , -113.57068410000001",urban-urban,mixed,1349,"{""sample_routes"":{""date"":""2026-09-14"",""run_id"":""62ce72d45380414aabe46304bed788b2""},""join_samples"":{""date"":""2026-09-14"",""run_id"":""050b6083fcee4d8c90b1e2d8f9263c71""},""upload_data"":{""date"":""2026-09-14"",""run_id"":""fefd5c91ffd9482a8fb31ad02298b97b""}}"
884,884,"51.018964000000004 , -114.22558660000001","50.9366901 , -114.14347160000001",urban-rural,mixed,1350,"{""sample_routes"":{""date"":""2026-09-14"",""run_id"":""62ce72d45380414aabe46304bed788b2""},""join_samples"":{""date"":""2026-09-14"",""run_id"":""050b6083fcee4d8c90b1e2d8f9263c71""},""upload_data"":{""date"":""2026-09-14"",""run_id"":""fefd5c91ffd9482a8fb31ad02298b97b""}}"
885,885,"53.56591220000001 , -113.3952648","53.47798340000001 , -113.39478670000001",urban-urban,mixed,1350,"{""sample_routes"":{""date"":""2026-09-14"",""run_id"":""62ce72d45380414aabe46304bed788b2""},""join_samples"":{""date"":""2026-09-14"",""run_id"":""050b6083fcee4d8c90b1e2d8f9263c71""},""upload_data"":{""date"":""2026-09-14"",""run_id"":""fefd5c91ffd9482a8fb31ad02298b97b""}}"
886,886,"53.3377172 , -113.51256420000001","53.424880400000006 , -113.42577610000001",urban-urban,mixed,1350,"{""sample_routes"":{""date"":""2026-09-14"",""run_id"":""62ce72d45380414aabe46304bed788b2""},""join_samples"":{""date"":""2026-09-14"",""run_id"":""050b6083fcee4d8c90b1e2d8f9263c71""},""upload_data"":{""date"":""2026-09-14"",""run_id"":""fefd5c91ffd9482a8fb31ad02298b97b""}}"
888,888,"52.173127 , -113.8749499","52.2614141 , -113.78668390000001",urban-urban,mixed,1350,"{""sample_routes"":{""date"":""2026-09-14"",""run_id"":""62ce72d45380414aabe46304bed788b2""},""join_samples"":{""date"":""2026-09-14"",""run_id"":""050b6083fcee4d8c90b1e2d8f9263c71""},""upload_data"":{""date"":""2026-09-14"",""run_id"":""fefd5c91ffd9482a8fb31ad02298b97b""}}"
889,889,"53.428861100000006 , -113.39455090000001","53.48011210000001 , -113.4461984",urban-urban,mixed,1350,"{""sample_routes"":{""date"":""2026-09-14"",""run_id"":""62ce72d45380414aabe46304bed788b2""},""join_samples"":{""date"":""2026-09-14"",""run_id"":""050b6083fcee4d8c90b1e2d8f9263c71""},""upload_data"":{""date"":""2026-09-14"",""run_id"":""fefd5c91ffd9482a8fb31ad02298b97b""}}"
890,890,"53.542968200000004 , -113.86990060000001","53.5434301 , -113.61985000000001",urban-urban,mixed,1351,"{""sample_routes"":{""date"":""2026-09-14"",""run_id"":""62ce72d45380414aabe46304bed788b2""},""join_samples"":{""date"":""2026-09-14"",""run_id"":""050b6083fcee4d8c90b1e2d8f9263c71""},""upload_data"":{""date"":""2026-09-14"",""run_id"":""fefd5c91ffd9482a8fb31ad02298b97b""}}"
891,891,"53.3085864 , -113.5620021","53.4431511 , -113.42713440000001",urban-urban,mixed,1351,"{""sample_routes"":{""date"":""2026-09-14"",""run_id"":""62ce72d45380414aabe46304bed788b2""},""join_samples"":{""date"":""2026-09-14"",""run_id"":""050b6083fcee4d8c90b1e2d8f9263c71""},""upload_data"":{""date"":""2026-09-14"",""run_id"":""fefd5c91ffd9482a8fb31ad02298b97b""}}"
894,894,"52.2014209 , -113.8120641","52.253900200000004 , -113.7590993",rural-urban,mixed,1048,"{""sample_routes"":{""date"":""2026-09-14"",""run_id"":""62ce72d45380414aabe46304bed788b2""},""join_samples"":{""date"":""2026-09-14"",""run_id"":""050b6083fcee4d8c90b1e2d8f9263c71""},""upload_data"":{""date"":""2026-09-14"",""run_id"":""fefd5c91ffd9482a8fb31ad02298b97b""}}"
896,896,"50.0157028 , -110.89151860000001","50.0157589 , -110.6357145",rural-urban,mixed,1353,"{""sample_routes"":{""date"":""2026-09-14"",""run_id"":""62ce72d45380414aabe46304bed788b2""},""join_samples"":{""date"":""2026-09-14"",""run_id"":""050b6083fcee4d8c90b1e2d8f9263c71""},""upload_data"":{""date"":""2026-09-14"",""run_id"":""fefd5c91ffd9482a8fb31ad02298b97b""}}"
897,897,"50.9753862 , -114.1138645","51.063284100000004 , -114.201588",urban-urban,mixed,1353,"{""sample_routes"":{""date"":""2026-09-14"",""run_id"":""62ce72d45380414aabe46304bed788b2""},""join_samples"":{""date"":""2026-09-14"",""run_id"":""050b6083fcee4d8c90b1e2d8f9263c71""},""upload_data"":{""date"":""2026-09-14"",""run_id"":""fefd5c91ffd9482a8fb31ad02298b97b""}}"
902,902,"53.5689118 , -113.3879603","53.47806430000001 , -113.38816120000001",urban-urban,mixed,1355,"{""sample_routes"":{""date"":""2026-09-14"",""run_id"":""62ce72d45380414aabe46304bed788b2""},""join_samples"":{""date"":""2026-09-14"",""run_id"":""050b6083fcee4d8c90b1e2d8f9263c71""},""upload_data"":{""date"":""2026-09-14"",""run_id"":""fefd5c91ffd9482a8fb31ad02298b97b""}}"
905,905,"50.864091800000004 , -113.97588970000001","50.7329201 , -113.9763429",urban-urban,mixed,1356,"{""sample_routes"":{""date"":""2026-09-14"",""run_id"":""62ce72d45380414aabe46304bed788b2""},""join_samples"":{""date"":""2026-09-14"",""run_id"":""050b6083fcee4d8c90b1e2d8f9263c71""},""upload_data"":{""date"":""2026-09-14"",""run_id"":""fefd5c91ffd9482a8fb31ad02298b97b""}}"
908,908,"53.618213600000004 , -113.59784570000001","53.6181549 , -113.4683724",rural-urban,mixed,1044,"{""sample_routes"":{""date"":""2026-09-14"",""run_id"":""62ce72d45380414aabe46304bed788b2""},""join_samples"":{""date"":""2026-09-14"",""run_id"":""050b6083fcee4d8c90b1e2d8f9263c71""},""upload_data"":{""date"":""2026-09-14"",""run_id"":""fefd5c91ffd9482a8fb31ad02298b97b""}}"
909,909,"53.5280636 , -114.15047030000001","53.63398960000001 , -114.2563097",urban-urban,mixed,1044,"{""sample_routes"":{""date"":""2026-09-14"",""run_id"":""62ce72d45380414aabe46304bed788b2""},""join_samples"":{""date"":""2026-09-14"",""run_id"":""050b6083fcee4d8c90b1e2d8f9263c71""},""upload_data"":{""date"":""2026-09-14"",""run_id"":""fefd5c91ffd9482a8fb31ad02298b97b""}}"
911,911,"53.56887690000001 , -113.100632","53.568817900000006 , -113.42003260000001",urban-urban,mixed,1357,"{""sample_routes"":{""date"":""2026-09-14"",""run_id"":""62ce72d45380414aabe46304bed788b2""},""join_samples"":{""date"":""2026-09-14"",""run_id"":""050b6083fcee4d8c90b1e2d8f9263c71""},""upload_data"":{""date"":""2026-09-14"",""run_id"":""fefd5c91ffd9482a8fb31ad02298b97b""}}"
913,913,"51.0881283 , -114.22410140000001","51.020116800000004 , -114.22403680000001",urban-urban,mixed,1357,"{""sample_routes"":{""date"":""2026-09-14"",""run_id"":""62ce72d45380414aabe46304bed788b2""},""join_samples"":{""date"":""2026-09-14"",""run_id"":""050b6083fcee4d8c90b1e2d8f9263c71""},""upload_data"":{""date"":""2026-09-14"",""run_id"":""fefd5c91ffd9482a8fb31ad02298b97b""}}"
915,915,"50.7610674 , -113.9923292","50.905174300000006 , -113.99216340000001",urban-urban,mixed,1359,"{""sample_routes"":{""date"":""2026-09-14"",""run_id"":""62ce72d45380414aabe46304bed788b2""},""join_samples"":{""date"":""2026-09-14"",""run_id"":""050b6083fcee4d8c90b1e2d8f9263c71""},""upload_data"":{""date"":""2026-09-14"",""run_id"":""fefd5c91ffd9482a8fb31ad02298b97b""}}"
916,916,"53.541537100000006 , -113.682608","53.4408651 , -113.58188480000001",urban-urban,mixed,1359,"{""sample_routes"":{""date"":""2026-09-14"",""run_id"":""62ce72d45380414aabe46304bed788b2""},""join_samples"":{""date"":""2026-09-14"",""run_id"":""050b6083fcee4d8c90b1e2d8f9263c71""},""upload_data"":{""date"":""2026-09-14"",""run_id"":""fefd5c91ffd9482a8fb31ad02298b97b""}}"
919,919,"50.7468184 , -113.90648080000001","50.885192800000006 , -113.9069135",urban-urban,mixed,1359,"{""sample_routes"":{""date"":""2026-09-14"",""run_id"":""62ce72d45380414aabe46304bed788b2""},""join_samples"":{""date"":""2026-09-14"",""run_id"":""050b6083fcee4d8c90b1e2d8f9263c71""},""upload_data"":{""date"":""2026-09-14"",""run_id"":""fefd5c91ffd9482a8fb31ad02298b97b""}}"
922,922,"51.2227156 , -114.0743135","51.116774400000004 , -114.07417190000001",urban-urban,mixed,1359,"{""sample_routes"":{""date"":""2026-09-14"",""run_id"":""62ce72d45380414aabe46304bed788b2""},""join_samples"":{""date"":""2026-09-14"",""run_id"":""050b6083fcee4d8c90b1e2d8f9263c71""},""upload_data"":{""date"":""2026-09-14"",""run_id"":""fefd5c91ffd9482a8fb31ad02298b97b""}}"
923,923,"53.641204900000005 , -113.44629280000001","53.6408271 , -113.60499970000001",urban-urban,mixed,1360,"{""sample_routes"":{""date"":""2026-09-14"",""run_id"":""62ce72d45380414aabe46304bed788b2""},""join_samples"":{""date"":""2026-09-14"",""run_id"":""050b6083fcee4d8c90b1e2d8f9263c71""},""upload_data"":{""date"":""2026-09-14"",""run_id"":""fefd5c91ffd9482a8fb31ad02298b97b""}}"
928,928,"50.862321900000005 , -114.02718030000001","50.786636 , -113.95195980000001",urban-urban,mixed,1039,"{""sample_routes"":{""date"":""2026-09-14"",""run_id"":""62ce72d45380414aabe46304bed788b2""},""join_samples"":{""date"":""2026-09-14"",""run_id"":""050b6083fcee4d8c90b1e2d8f9263c71""},""upload_data"":{""date"":""2026-09-14"",""run_id"":""fefd5c91ffd9482a8fb31ad02298b97b""}}"
931,931,"51.1858201 , -115.5550721","51.186066600000004 , -115.72433710000001",urban-rural,mixed,1039,"{""sample_routes"":{""date"":""2026-09-14"",""run_id"":""62ce72d45380414aabe46304bed788b2""},""join_samples"":{""date"":""2026-09-14"",""run_id"":""050b6083fcee4d8c90b1e2d8f9263c71""},""upload_data"":{""date"":""2026-09-14"",""run_id"":""fefd5c91ffd9482a8fb31ad02298b97b""}}"
932,932,"53.565370800000004 , -113.63389350000001","53.493132200000005 , -113.63368790000001",urban-urban,mixed,1361,"{""sample_routes"":{""date"":""2026-09-14"",""run_id"":""62ce72d45380414aabe46304bed788b2""},""join_samples"":{""date"":""2026-09-14"",""run_id"":""050b6083fcee4d8c90b1e2d8f9263c71""},""upload_data"":{""date"":""2026-09-14"",""run_id"":""fefd5c91ffd9482a8fb31ad02298b97b""}}"
933,933,"51.2660702 , -114.02274430000001","51.076907600000006 , -114.0222798",urban-urban,mixed,1361,"{""sample_routes"":{""date"":""2026-09-14"",""run_id"":""62ce72d45380414aabe46304bed788b2""},""join_samples"":{""date"":""2026-09-14"",""run_id"":""050b6083fcee4d8c90b1e2d8f9263c71""},""upload_data"":{""date"":""2026-09-14"",""run_id"":""fefd5c91ffd9482a8fb31ad02298b97b""}}"
935,935,"51.2124369 , -113.8652519","51.137542100000005 , -113.94045080000001",rural-urban,mixed,1362,"{""sample_routes"":{""date"":""2026-09-14"",""run_id"":""62ce72d45380414aabe46304bed788b2""},""join_samples"":{""date"":""2026-09-14"",""run_id"":""050b6083fcee4d8c90b1e2d8f9263c71""},""upload_data"":{""date"":""2026-09-14"",""run_id"":""fefd5c91ffd9482a8fb31ad02298b97b""}}"
937,937,"51.43276770000001 , -114.03155120000001","51.2914267 , -114.03111340000001",urban-urban,mixed,1363,"{""sample_routes"":{""date"":""2026-09-14"",""run_id"":""62ce72d45380414aabe46304bed788b2""},""join_samples"":{""date"":""2026-09-14"",""run_id"":""050b6083fcee4d8c90b1e2d8f9263c71""},""upload_data"":{""date"":""2026-09-14"",""run_id"":""fefd5c91ffd9482a8fb31ad02298b97b""}}"
939,939,"51.11056730000001 , -113.96551620000001","51.183373700000004 , -114.03790540000001",urban-urban,mixed,1363,"{""sample_routes"":{""date"":""2026-09-14"",""run_id"":""62ce72d45380414aabe46304bed788b2""},""join_samples"":{""date"":""2026-09-14"",""run_id"":""050b6083fcee4d8c90b1e2d8f9263c71""},""upload_data"":{""date"":""2026-09-14"",""run_id"":""fefd5c91ffd9482a8fb31ad02298b97b""}}"
941,941,"53.5063815 , -113.7624358","53.5059155 , -113.63384230000001",urban-urban,mixed,1036,"{""sample_routes"":{""date"":""2026-09-14"",""run_id"":""62ce72d45380414aabe46304bed788b2""},""join_samples"":{""date"":""2026-09-14"",""run_id"":""050b6083fcee4d8c90b1e2d8f9263c71""},""upload_data"":{""date"":""2026-09-14"",""run_id"":""fefd5c91ffd9482a8fb31ad02298b97b""}}"
945,945,"53.4388116 , -113.5125816","53.5214877 , -113.595617",urban-urban,mixed,1365,"{""sample_routes"":{""date"":""2026-09-14"",""run_id"":""62ce72d45380414aabe46304bed788b2""},""join_samples"":{""date"":""2026-09-14"",""run_id"":""050b6083fcee4d8c90b1e2d8f9263c71""},""upload_data"":{""date"":""2026-09-14"",""run_id"":""fefd5c91ffd9482a8fb31ad02298b97b""}}"
947,947,"51.0141031 , -114.18096320000001","51.0872643 , -114.18101010000001",urban-urban,mixed,1365,"{""sample_routes"":{""date"":""2026-09-14"",""run_id"":""62ce72d45380414aabe46304bed788b2""},""join_samples"":{""date"":""2026-09-14"",""run_id"":""050b6083fcee4d8c90b1e2d8f9263c71""},""upload_data"":{""date"":""2026-09-14"",""run_id"":""fefd5c91ffd9482a8fb31ad02298b97b""}}"
953,953,"50.739276000000004 , -113.97723040000001","50.910283 , -113.97747860000001",urban-urban,mixed,1367,"{""sample_routes"":{""date"":""2026-09-14"",""run_id"":""62ce72d45380414aabe46304bed788b2""},""join_samples"":{""date"":""2026-09-14"",""run_id"":""050b6083fcee4d8c90b1e2d8f9263c71""},""upload_data"":{""date"":""2026-09-14"",""run_id"":""fefd5c91ffd9482a8fb31ad02298b97b""}}"
954,954,"51.1653062 , -113.94210260000001","51.05224380000001 , -113.94197190000001",urban-urban,mixed,1367,"{""sample_routes"":{""date"":""2026-09-14"",""run_id"":""62ce72d45380414aabe46304bed788b2""},""join_samples"":{""date"":""2026-09-14"",""run_id"":""050b6083fcee4d8c90b1e2d8f9263c71""},""upload_data"":{""date"":""2026-09-14"",""run_id"":""fefd5c91ffd9482a8fb31ad02298b97b""}}"
959,959,"50.9057739 , -114.0598054","51.0271989 , -114.1808271",urban-urban,mixed,1369,"{""sample_routes"":{""date"":""2026-09-14"",""run_id"":""62ce72d45380414aabe46304bed788b2""},""join_samples"":{""date"":""2026-09-14"",""run_id"":""050b6083fcee4d8c90b1e2d8f9263c71""},""upload_data"":{""date"":""2026-09-14"",""run_id"":""fefd5c91ffd9482a8fb31ad02298b97b""}}"
960,960,"54.1215478 , -115.67166280000001","54.217879200000006 , -115.7675904",urban-rural,mixed,1030,"{""sample_routes"":{""date"":""2026-09-14"",""run_id"":""62ce72d45380414aabe46304bed788b2""},""join_samples"":{""date"":""2026-09-14"",""run_id"":""050b6083fcee4d8c90b1e2d8f9263c71""},""upload_data"":{""date"":""2026-09-14"",""run_id"":""fefd5c91ffd9482a8fb31ad02298b97b""}}"
962,962,"53.541127800000005 , -113.3929011","53.4803988 , -113.39304530000001",urban-urban,mixed,1030,"{""sample_routes"":{""date"":""2026-09-14"",""run_id"":""62ce72d45380414aabe46304bed788b2""},""join_samples"":{""date"":""2026-09-14"",""run_id"":""050b6083fcee4d8c90b1e2d8f9263c71""},""upload_data"":{""date"":""2026-09-14"",""run_id"":""fefd5c91ffd9482a8fb31ad02298b97b""}}"
964,964,"53.4169281 , -113.51796610000001","53.416443400000006 , -113.43190860000001",urban-urban,mixed,1370,"{""sample_routes"":{""date"":""2026-09-14"",""run_id"":""62ce72d45380414aabe46304bed788b2""},""join_samples"":{""date"":""2026-09-14"",""run_id"":""050b6083fcee4d8c90b1e2d8f9263c71""},""upload_data"":{""date"":""2026-09-14"",""run_id"":""fefd5c91ffd9482a8fb31ad02298b97b""}}"
965,965,"53.309220200000006 , -113.58298690000001","53.43003 , -113.46222660000001",urban-urban,mixed,1371,"{""sample_routes"":{""date"":""2026-09-14"",""run_id"":""62ce72d45380414aabe46304bed788b2""},""join_samples"":{""date"":""2026-09-14"",""run_id"":""050b6083fcee4d8c90b1e2d8f9263c71""},""upload_data"":{""date"":""2026-09-14"",""run_id"":""fefd5c91ffd9482a8fb31ad02298b97b""}}"
966,966,"50.7883821 , -114.06290200000001","50.9059345 , -114.0629037",urban-urban,mixed,1371,"{""sample_routes"":{""date"":""2026-09-14"",""run_id"":""62ce72d45380414aabe46304bed788b2""},""join_samples"":{""date"":""2026-09-14"",""run_id"":""050b6083fcee4d8c90b1e2d8f9263c71""},""upload_data"":{""date"":""2026-09-14"",""run_id"":""fefd5c91ffd9482a8fb31ad02298b97b""}}"
967,967,"51.0563997 , -114.1777801","51.114377100000006 , -114.2353851",urban-urban,mixed,1371,"{""sample_routes"":{""date"":""2026-09-14"",""run_id"":""62ce72d45380414aabe46304bed788b2""},""join_samples"":{""date"":""2026-09-14"",""run_id"":""050b6083fcee4d8c90b1e2d8f9263c71""},""upload_data"":{""date"":""2026-09-14"",""run_id"":""fefd5c91ffd9482a8fb31ad02298b97b""}}"
968,968,"53.560238700000006 , -113.89169740000001","53.6336869 , -113.9651252",urban-urban,mixed,1029,"{""sample_routes"":{""date"":""2026-09-14"",""run_id"":""62ce72d45380414aabe46304bed788b2""},""join_samples"":{""date"":""2026-09-14"",""run_id"":""050b6083fcee4d8c90b1e2d8f9263c71""},""upload_data"":{""date"":""2026-09-14"",""run_id"":""fefd5c91ffd9482a8fb31ad02298b97b""}}"
970,970,"50.867435900000004 , -114.02751140000001","51.01796220000001 , -114.17776060000001",urban-urban,mixed,1372,"{""sample_routes"":{""date"":""2026-09-14"",""run_id"":""62ce72d45380414aabe46304bed788b2""},""join_samples"":{""date"":""2026-09-14"",""run_id"":""050b6083fcee4d8c90b1e2d8f9263c71""},""upload_data"":{""date"":""2026-09-14"",""run_id"":""fefd5c91ffd9482a8fb31ad02298b97b""}}"
972,972,"53.4477357 , -113.68014520000001","53.525282700000005 , -113.60279200000001",urban-urban,mixed,1373,"{""sample_routes"":{""date"":""2026-09-14"",""run_id"":""62ce72d45380414aabe46304bed788b2""},""join_samples"":{""date"":""2026-09-14"",""run_id"":""050b6083fcee4d8c90b1e2d8f9263c71""},""upload_data"":{""date"":""2026-09-14"",""run_id"":""fefd5c91ffd9482a8fb31ad02298b97b""}}"
975,975,"51.0516225 , -114.10556840000001","50.990825 , -114.16620490000001",urban-rural,mixed,1026,"{""sample_routes"":{""date"":""2026-09-14"",""run_id"":""62ce72d45380414aabe46304bed788b2""},""join_samples"":{""date"":""2026-09-14"",""run_id"":""050b6083fcee4d8c90b1e2d8f9263c71""},""upload_data"":{""date"":""2026-09-14"",""run_id"":""fefd5c91ffd9482a8fb31ad02298b97b""}}"
977,977,"51.0305429 , -113.9671519","51.073818200000005 , -113.92357550000001",urban-urban,mixed,1026,"{""sample_routes"":{""date"":""2026-09-14"",""run_id"":""62ce72d45380414aabe46304bed788b2""},""join_samples"":{""date"":""2026-09-14"",""run_id"":""050b6083fcee4d8c90b1e2d8f9263c71""},""upload_data"":{""date"":""2026-09-14"",""run_id"":""fefd5c91ffd9482a8fb31ad02298b97b""}}"
978,978,"53.5877733 , -113.6724904","53.4836393 , -113.67262140000001",urban-urban,mixed,1374,"{""sample_routes"":{""date"":""2026-09-14"",""run_id"":""62ce72d45380414aabe46304bed788b2""},""join_samples"":{""date"":""2026-09-14"",""run_id"":""050b6083fcee4d8c90b1e2d8f9263c71""},""upload_data"":{""date"":""2026-09-14"",""run_id"":""fefd5c91ffd9482a8fb31ad02298b97b""}}"
979,979,"53.570267900000005 , -113.11767470000001","53.5699109 , -113.4361557",rural-urban,mixed,1374,"{""sample_routes"":{""date"":""2026-09-14"",""run_id"":""62ce72d45380414aabe46304bed788b2""},""join_samples"":{""date"":""2026-09-14"",""run_id"":""050b6083fcee4d8c90b1e2d8f9263c71""},""upload_data"":{""date"":""2026-09-14"",""run_id"":""fefd5c91ffd9482a8fb31ad02298b97b""}}"
980,980,"51.0273072 , -113.97702980000001","50.9795962 , -113.9295926",urban-rural,mixed,1026,"{""sample_routes"":{""date"":""2026-09-14"",""run_id"":""62ce72d45380414aabe46304bed788b2""},""join_samples"":{""date"":""2026-09-14"",""run_id"":""050b6083fcee4d8c90b1e2d8f9263c71""},""upload_data"":{""date"":""2026-09-14"",""run_id"":""fefd5c91ffd9482a8fb31ad02298b97b""}}"
982,982,"55.0878409 , -118.86839570000001","55.178332100000006 , -118.7781485",urban-urban,mixed,1374,"{""sample_routes"":{""date"":""2026-09-14"",""run_id"":""62ce72d45380414aabe46304bed788b2""},""join_samples"":{""date"":""2026-09-14"",""run_id"":""050b6083fcee4d8c90b1e2d8f9263c71""},""upload_data"":{""date"":""2026-09-14"",""run_id"":""fefd5c91ffd9482a8fb31ad02298b97b""}}"
983,983,"51.269169500000004 , -114.0423949","51.1640668 , -114.04266600000001",urban-urban,mixed,1374,"{""sample_routes"":{""date"":""2026-09-14"",""run_id"":""62ce72d45380414aabe46304bed788b2""},""join_samples"":{""date"":""2026-09-14"",""run_id"":""050b6083fcee4d8c90b1e2d8f9263c71""},""upload_data"":{""date"":""2026-09-14"",""run_id"":""fefd5c91ffd9482a8fb31ad02298b97b""}}"
985,985,"53.5583655 , -113.88434760000001","53.5588381 , -113.61522360000001",urban-urban,mixed,1375,"{""sample_routes"":{""date"":""2026-09-14"",""run_id"":""62ce72d45380414aabe46304bed788b2""},""join_samples"":{""date"":""2026-09-14"",""run_id"":""050b6083fcee4d8c90b1e2d8f9263c71""},""upload_data"":{""date"":""2026-09-14"",""run_id"":""fefd5c91ffd9482a8fb31ad02298b97b""}}"
986,986,"53.481455600000004 , -113.41371500000001","53.5703539 , -113.3252774",urban-rural,mixed,1375,"{""sample_routes"":{""date"":""2026-09-14"",""run_id"":""62ce72d45380414aabe46304bed788b2""},""join_samples"":{""date"":""2026-09-14"",""run_id"":""050b6083fcee4d8c90b1e2d8f9263c71""},""upload_data"":{""date"":""2026-09-14"",""run_id"":""fefd5c91ffd9482a8fb31ad02298b97b""}}"
987,987,"50.9038247 , -114.089905","50.857539900000006 , -114.13586590000001",urban-urban,mixed,1024,"{""sample_routes"":{""date"":""2026-09-14"",""run_id"":""62ce72d45380414aabe46304bed788b2""},""join_samples"":{""date"":""2026-09-14"",""run_id"":""050b6083fcee4d8c90b1e2d8f9263c71""},""upload_data"":{""date"":""2026-09-14"",""run_id"":""fefd5c91ffd9482a8fb31ad02298b97b""}}"
988,988,"54.140565200000005 , -115.68176170000001","54.0704945 , -115.6119805",urban-urban,mixed,1024,"{""sample_routes"":{""date"":""2026-09-14"",""run_id"":""62ce72d45380414aabe46304bed788b2""},""join_samples"":{""date"":""2026-09-14"",""run_id"":""050b6083fcee4d8c90b1e2d8f9263c71""},""upload_data"":{""date"":""2026-09-14"",""run_id"":""fefd5c91ffd9482a8fb31ad02298b97b""}}"
992,992,"51.018023500000005 , -114.1599733","51.162666800000004 , -114.15984780000001",urban-urban,mixed,1377,"{""sample_routes"":{""date"":""2026-09-14"",""run_id"":""62ce72d45380414aabe46304bed788b2""},""join_samples"":{""date"":""2026-09-14"",""run_id"":""050b6083fcee4d8c90b1e2d8f9263c71""},""upload_data"":{""date"":""2026-09-14"",""run_id"":""fefd5c91ffd9482a8fb31ad02298b97b""}}"
994,994,"55.1576141 , -118.78977110000001","55.220197500000005 , -118.72698940000001",urban-urban,mixed,1022,"{""sample_routes"":{""date"":""2026-09-14"",""run_id"":""62ce72d45380414aabe46304bed788b2""},""join_samples"":{""date"":""2026-09-14"",""run_id"":""050b6083fcee4d8c90b1e2d8f9263c71""},""upload_data"":{""date"":""2026-09-14"",""run_id"":""fefd5c91ffd9482a8fb31ad02298b97b""}}"
995,995,"55.3476793 , -118.77100960000001","55.1948421 , -118.7708032",urban-urban,mixed,1378,"{""sample_routes"":{""date"":""2026-09-14"",""run_id"":""62ce72d45380414aabe46304bed788b2""},""join_samples"":{""date"":""2026-09-14"",""run_id"":""050b6083fcee4d8c90b1e2d8f9263c71""},""upload_data"":{""date"":""2026-09-14"",""run_id"":""fefd5c91ffd9482a8fb31ad02298b97b""}}"
997,997,"51.154083400000005 , -113.93390740000001","51.2125399 , -113.93379510000001",urban-urban,mixed,1021,"{""sample_routes"":{""date"":""2026-09-14"",""run_id"":""62ce72d45380414aabe46304bed788b2""},""join_samples"":{""date"":""2026-09-14"",""run_id"":""050b6083fcee4d8c90b1e2d8f9263c71""},""upload_data"":{""date"":""2026-09-14"",""run_id"":""fefd5c91ffd9482a8fb31ad02298b97b""}}"
998,998,"55.186226700000006 , -118.76893890000001","55.3377294 , -118.76936540000001",urban-rural,mixed,1380,"{""sample_routes"":{""date"":""2026-09-14"",""run_id"":""62ce72d45380414aabe46304bed788b2""},""join_samples"":{""date"":""2026-09-14"",""run_id"":""050b6083fcee4d8c90b1e2d8f9263c71""},""upload_data"":{""date"":""2026-09-14"",""run_id"":""fefd5c91ffd9482a8fb31ad02298b97b""}}"
1003,3,"51.0481483 , -113.92692960000001","50.929092600000004 , -114.0453037",urban-urban,urban,1799,"{""sample_routes"":{""date"":""2026-09-14"",""run_id"":""62ce72d45380414aabe46304bed788b2""},""join_samples"":{""date"":""2026-09-14"",""run_id"":""050b6083fcee4d8c90b1e2d8f9263c71""},""upload_data"":{""date"":""2026-09-14"",""run_id"":""fefd5c91ffd9482a8fb31ad02298b97b""}}"
1010,10,"53.4729827 , -113.51843530000001","53.557359700000006 , -113.6027471",urban-urban,urban,1789,"{""sample_routes"":{""date"":""2026-09-14"",""run_id"":""62ce72d45380414aabe46304bed788b2""},""join_samples"":{""date"":""2026-09-14"",""run_id"":""050b6083fcee4d8c90b1e2d8f9263c71""},""upload_data"":{""date"":""2026-09-14"",""run_id"":""fefd5c91ffd9482a8fb31ad02298b97b""}}"
1011,11,"53.4298736 , -113.53237370000001","53.5179891 , -113.44374470000001",urban-urban,urban,1812,"{""sample_routes"":{""date"":""2026-09-14"",""run_id"":""62ce72d45380414aabe46304bed788b2""},""join_samples"":{""date"":""2026-09-14"",""run_id"":""050b6083fcee4d8c90b1e2d8f9263c71""},""upload_data"":{""date"":""2026-09-14"",""run_id"":""fefd5c91ffd9482a8fb31ad02298b97b""}}"
1013,13,"53.5704958 , -113.57867970000001","53.570430200000004 , -113.28961290000001",urban-urban,urban,1815,"{""sample_routes"":{""date"":""2026-09-14"",""run_id"":""62ce72d45380414aabe46304bed788b2""},""join_samples"":{""date"":""2026-09-14"",""run_id"":""050b6083fcee4d8c90b1e2d8f9263c71""},""upload_data"":{""date"":""2026-09-14"",""run_id"":""fefd5c91ffd9482a8fb31ad02298b97b""}}"
1015,15,"53.4689301 , -113.35611180000001","53.469567700000006 , -113.55724070000001",urban-urban,urban,1783,"{""sample_routes"":{""date"":""2026-09-14"",""run_id"":""62ce72d45380414aabe46304bed788b2""},""join_samples"":{""date"":""2026-09-14"",""run_id"":""050b6083fcee4d8c90b1e2d8f9263c71""},""upload_data"":{""date"":""2026-09-14"",""run_id"":""fefd5c91ffd9482a8fb31ad02298b97b""}}"
1016,16,"51.1742841 , -114.0712752","51.04445260000001 , -113.94213160000001",rural-urban,urban,1782,"{""sample_routes"":{""date"":""2026-09-14"",""run_id"":""62ce72d45380414aabe46304bed788b2""},""join_samples"":{""date"":""2026-09-14"",""run_id"":""050b6083fcee4d8c90b1e2d8f9263c71""},""upload_data"":{""date"":""2026-09-14"",""run_id"":""fefd5c91ffd9482a8fb31ad02298b97b""}}"
1017,17,"53.46457 , -113.59096050000001","53.5648149 , -113.59042880000001",urban-urban,urban,1781,"{""sample_routes"":{""date"":""2026-09-14"",""run_id"":""62ce72d45380414aabe46304bed788b2""},""join_samples"":{""date"":""2026-09-14"",""run_id"":""050b6083fcee4d8c90b1e2d8f9263c71""},""upload_data"":{""date"":""2026-09-14"",""run_id"":""fefd5c91ffd9482a8fb31ad02298b97b""}}"
1018,18,"51.0816117 , -114.01169820000001","50.9665946 , -114.1267497",urban-urban,urban,1781,"{""sample_routes"":{""date"":""2026-09-14"",""run_id"":""62ce72d45380414aabe46304bed788b2""},""join_samples"":{""date"":""2026-09-14"",""run_id"":""050b6083fcee4d8c90b1e2d8f9263c71""},""upload_data"":{""date"":""2026-09-14"",""run_id"":""fefd5c91ffd9482a8fb31ad02298b97b""}}"
1019,19,"53.5147775 , -113.4195286","53.515480100000005 , -113.23201780000001",urban-urban,urban,1781,"{""sample_routes"":{""date"":""2026-09-14"",""run_id"":""62ce72d45380414aabe46304bed788b2""},""join_samples"":{""date"":""2026-09-14"",""run_id"":""050b6083fcee4d8c90b1e2d8f9263c71""},""upload_data"":{""date"":""2026-09-14"",""run_id"":""fefd5c91ffd9482a8fb31ad02298b97b""}}"
1020,20,"51.070534200000004 , -114.1093486","50.933507500000005 , -114.1100121",urban-urban,urban,1779,"{""sample_routes"":{""date"":""2026-09-14"",""run_id"":""62ce72d45380414aabe46304bed788b2""},""join_samples"":{""date"":""2026-09-14"",""run_id"":""050b6083fcee4d8c90b1e2d8f9263c71""},""upload_data"":{""date"":""2026-09-14"",""run_id"":""fefd5c91ffd9482a8fb31ad02298b97b""}}"
1021,21,"51.163628900000006 , -114.1478685","50.9895288 , -113.97408890000001",urban-urban,urban,1778,"{""sample_routes"":{""date"":""2026-09-14"",""run_id"":""62ce72d45380414aabe46304bed788b2""},""join_samples"":{""date"":""2026-09-14"",""run_id"":""050b6083fcee4d8c90b1e2d8f9263c71""},""upload_data"":{""date"":""2026-09-14"",""run_id"":""fefd5c91ffd9482a8fb31ad02298b97b""}}"
1023,23,"50.8032078 , -113.9737561","51.0783417 , -113.9740677",urban-urban,urban,1822,"{""sample_routes"":{""date"":""2026-09-14"",""run_id"":""62ce72d45380414aabe46304bed788b2""},""join_samples"":{""date"":""2026-09-14"",""run_id"":""050b6083fcee4d8c90b1e2d8f9263c71""},""upload_data"":{""date"":""2026-09-14"",""run_id"":""fefd5c91ffd9482a8fb31ad02298b97b""}}"
1024,24,"51.1556616 , -114.14051830000001","51.0331556 , -114.13988110000001",urban-urban,urban,1777,"{""sample_routes"":{""date"":""2026-09-14"",""run_id"":""62ce72d45380414aabe46304bed788b2""},""join_samples"":{""date"":""2026-09-14"",""run_id"":""050b6083fcee4d8c90b1e2d8f9263c71""},""upload_data"":{""date"":""2026-09-14"",""run_id"":""fefd5c91ffd9482a8fb31ad02298b97b""}}"
1025,25,"50.9904481 , -114.08315630000001","51.160439200000006 , -114.0832704",urban-urban,urban,1777,"{""sample_routes"":{""date"":""2026-09-14"",""run_id"":""62ce72d45380414aabe46304bed788b2""},""join_samples"":{""date"":""2026-09-14"",""run_id"":""050b6083fcee4d8c90b1e2d8f9263c71""},""upload_data"":{""date"":""2026-09-14"",""run_id"":""fefd5c91ffd9482a8fb31ad02298b97b""}}"
1026,26,"51.0470309 , -114.0811939","51.047760000000004 , -113.9242983",urban-urban,urban,1826,"{""sample_routes"":{""date"":""2026-09-14"",""run_id"":""62ce72d45380414aabe46304bed788b2""},""join_samples"":{""date"":""2026-09-14"",""run_id"":""050b6083fcee4d8c90b1e2d8f9263c71""},""upload_data"":{""date"":""2026-09-14"",""run_id"":""fefd5c91ffd9482a8fb31ad02298b97b""}}"
1033,33,"51.096889000000004 , -114.07959410000001","51.204875300000005 , -114.1877551",urban-rural,urban,1834,"{""sample_routes"":{""date"":""2026-09-14"",""run_id"":""62ce72d45380414aabe46304bed788b2""},""join_samples"":{""date"":""2026-09-14"",""run_id"":""050b6083fcee4d8c90b1e2d8f9263c71""},""upload_data"":{""date"":""2026-09-14"",""run_id"":""fefd5c91ffd9482a8fb31ad02298b97b""}}"
1035,35,"51.133172800000004 , -114.20392530000001","51.1329578 , -114.036803",urban-urban,urban,1766,"{""sample_routes"":{""date"":""2026-09-14"",""run_id"":""62ce72d45380414aabe46304bed788b2""},""join_samples"":{""date"":""2026-09-14"",""run_id"":""050b6083fcee4d8c90b1e2d8f9263c71""},""upload_data"":{""date"":""2026-09-14"",""run_id"":""fefd5c91ffd9482a8fb31ad02298b97b""}}"
1037,37,"51.0645929 , -114.10630630000001","50.9352869 , -114.10692940000001",urban-urban,urban,1760,"{""sample_routes"":{""date"":""2026-09-14"",""run_id"":""62ce72d45380414aabe46304bed788b2""},""join_samples"":{""date"":""2026-09-14"",""run_id"":""050b6083fcee4d8c90b1e2d8f9263c71""},""upload_data"":{""date"":""2026-09-14"",""run_id"":""fefd5c91ffd9482a8fb31ad02298b97b""}}"
1038,38,"53.469457000000006 , -113.3853591","53.4110366 , -113.4437568",urban-urban,urban,1841,"{""sample_routes"":{""date"":""2026-09-14"",""run_id"":""62ce72d45380414aabe46304bed788b2""},""join_samples"":{""date"":""2026-09-14"",""run_id"":""050b6083fcee4d8c90b1e2d8f9263c71""},""upload_data"":{""date"":""2026-09-14"",""run_id"":""fefd5c91ffd9482a8fb31ad02298b97b""}}"
1039,39,"53.587465300000005 , -113.27041200000001","53.5871038 , -113.61529970000001",urban-urban,urban,1759,"{""sample_routes"":{""date"":""2026-09-14"",""run_id"":""62ce72d45380414aabe46304bed788b2""},""join_samples"":{""date"":""2026-09-14"",""run_id"":""050b6083fcee4d8c90b1e2d8f9263c71""},""upload_data"":{""date"":""2026-09-14"",""run_id"":""fefd5c91ffd9482a8fb31ad02298b97b""}}"
1040,40,"51.0378199 , -114.1376371","51.1997226 , -114.29988010000001",urban-urban,urban,1759,"{""sample_routes"":{""date"":""2026-09-14"",""run_id"":""62ce72d45380414aabe46304bed788b2""},""join_samples"":{""date"":""2026-09-14"",""run_id"":""050b6083fcee4d8c90b1e2d8f9263c71""},""upload_data"":{""date"":""2026-09-14"",""run_id"":""fefd5c91ffd9482a8fb31ad02298b97b""}}"
1041,41,"53.604750900000006 , -113.5065522","53.6053087 , -113.6300168",urban-urban,urban,1843,"{""sample_routes"":{""date"":""2026-09-14"",""run_id"":""62ce72d45380414aabe46304bed788b2""},""join_samples"":{""date"":""2026-09-14"",""run_id"":""050b6083fcee4d8c90b1e2d8f9263c71""},""upload_data"":{""date"":""2026-09-14"",""run_id"":""fefd5c91ffd9482a8fb31ad02298b97b""}}"
1042,42,"51.157069400000005 , -114.1317326","51.0285085 , -114.1322908",urban-urban,urban,1843,"{""sample_routes"":{""date"":""2026-09-14"",""run_id"":""62ce72d45380414aabe46304bed788b2""},""join_samples"":{""date"":""2026-09-14"",""run_id"":""050b6083fcee4d8c90b1e2d8f9263c71""},""upload_data"":{""date"":""2026-09-14"",""run_id"":""fefd5c91ffd9482a8fb31ad02298b97b""}}"
1043,43,"51.019952800000006 , -114.12715240000001","50.8049897 , -113.911752",urban-rural,urban,1844,"{""sample_routes"":{""date"":""2026-09-14"",""run_id"":""62ce72d45380414aabe46304bed788b2""},""join_samples"":{""date"":""2026-09-14"",""run_id"":""050b6083fcee4d8c90b1e2d8f9263c71""},""upload_data"":{""date"":""2026-09-14"",""run_id"":""fefd5c91ffd9482a8fb31ad02298b97b""}}"
1044,44,"53.4699814 , -113.4625149","53.4021309 , -113.4619164",urban-urban,urban,1845,"{""sample_routes"":{""date"":""2026-09-14"",""run_id"":""62ce72d45380414aabe46304bed788b2""},""join_samples"":{""date"":""2026-09-14"",""run_id"":""050b6083fcee4d8c90b1e2d8f9263c71""},""upload_data"":{""date"":""2026-09-14"",""run_id"":""fefd5c91ffd9482a8fb31ad02298b97b""}}"
1046,46,"50.9794045 , -114.01082400000001","51.120089400000005 , -114.1508601",urban-urban,urban,1845,"{""sample_routes"":{""date"":""2026-09-14"",""run_id"":""62ce72d45380414aabe46304bed788b2""},""join_samples"":{""date"":""2026-09-14"",""run_id"":""050b6083fcee4d8c90b1e2d8f9263c71""},""upload_data"":{""date"":""2026-09-14"",""run_id"":""fefd5c91ffd9482a8fb31ad02298b97b""}}"
1047,47,"51.0570055 , -113.98570120000001","50.9150037 , -114.1275363",urban-urban,urban,1846,"{""sample_routes"":{""date"":""2026-09-14"",""run_id"":""62ce72d45380414aabe46304bed788b2""},""join_samples"":{""date"":""2026-09-14"",""run_id"":""050b6083fcee4d8c90b1e2d8f9263c71""},""upload_data"":{""date"":""2026-09-14"",""run_id"":""fefd5c91ffd9482a8fb31ad02298b97b""}}"
1048,48,"51.02145530000001 , -114.1092421","50.8414908 , -113.9290426",urban-urban,urban,1754,"{""sample_routes"":{""date"":""2026-09-14"",""run_id"":""62ce72d45380414aabe46304bed788b2""},""join_samples"":{""date"":""2026-09-14"",""run_id"":""050b6083fcee4d8c90b1e2d8f9263c71""},""upload_data"":{""date"":""2026-09-14"",""run_id"":""fefd5c91ffd9482a8fb31ad02298b97b""}}"
1049,49,"50.9639977 , -114.0583861","51.171773200000004 , -114.0588989",urban-urban,urban,1847,"{""sample_routes"":{""date"":""2026-09-14"",""run_id"":""62ce72d45380414aabe46304bed788b2""},""join_samples"":{""date"":""2026-09-14"",""run_id"":""050b6083fcee4d8c90b1e2d8f9263c71""},""upload_data"":{""date"":""2026-09-14"",""run_id"":""fefd5c91ffd9482a8fb31ad02298b97b""}}"
1050,50,"50.975401000000005 , -114.09446870000001","51.1910619 , -114.3098271",urban-urban,urban,1848,"{""sample_routes"":{""date"":""2026-09-14"",""run_id"":""62ce72d45380414aabe46304bed788b2""},""join_samples"":{""date"":""2026-09-14"",""run_id"":""050b6083fcee4d8c90b1e2d8f9263c71""},""upload_data"":{""date"":""2026-09-14"",""run_id"":""fefd5c91ffd9482a8fb31ad02298b97b""}}"
1052,52,"53.5368487 , -113.41402360000001","53.536886300000006 , -113.25925740000001",urban-urban,urban,1749,"{""sample_routes"":{""date"":""2026-09-14"",""run_id"":""62ce72d45380414aabe46304bed788b2""},""join_samples"":{""date"":""2026-09-14"",""run_id"":""050b6083fcee4d8c90b1e2d8f9263c71""},""upload_data"":{""date"":""2026-09-14"",""run_id"":""fefd5c91ffd9482a8fb31ad02298b97b""}}"
1053,53,"51.1331014 , -113.91962570000001","51.133285400000005 , -114.1205214",rural-urban,urban,1851,"{""sample_routes"":{""date"":""2026-09-14"",""run_id"":""62ce72d45380414aabe46304bed788b2""},""join_samples"":{""date"":""2026-09-14"",""run_id"":""050b6083fcee4d8c90b1e2d8f9263c71""},""upload_data"":{""date"":""2026-09-14"",""run_id"":""fefd5c91ffd9482a8fb31ad02298b97b""}}"
1055,55,"50.972296300000004 , -114.1205388","51.1394001 , -114.1211748",urban-urban,urban,1748,"{""sample_routes"":{""date"":""2026-09-14"",""run_id"":""62ce72d45380414aabe46304bed788b2""},""join_samples"":{""date"":""2026-09-14"",""run_id"":""050b6083fcee4d8c90b1e2d8f9263c71""},""upload_data"":{""date"":""2026-09-14"",""run_id"":""fefd5c91ffd9482a8fb31ad02298b97b""}}"
1057,57,"51.102553900000004 , -114.16451970000001","51.101956400000006 , -113.95844690000001",urban-urban,urban,1853,"{""sample_routes"":{""date"":""2026-09-14"",""run_id"":""62ce72d45380414aabe46304bed788b2""},""join_samples"":{""date"":""2026-09-14"",""run_id"":""050b6083fcee4d8c90b1e2d8f9263c71""},""upload_data"":{""date"":""2026-09-14"",""run_id"":""fefd5c91ffd9482a8fb31ad02298b97b""}}"
1059,59,"50.973512500000005 , -114.00262400000001","50.851835200000004 , -114.00270060000001",urban-urban,urban,1854,"{""sample_routes"":{""date"":""2026-09-14"",""run_id"":""62ce72d45380414aabe46304bed788b2""},""join_samples"":{""date"":""2026-09-14"",""run_id"":""050b6083fcee4d8c90b1e2d8f9263c71""},""upload_data"":{""date"":""2026-09-14"",""run_id"":""fefd5c91ffd9482a8fb31ad02298b97b""}}"
1061,61,"50.867599000000006 , -113.9709193","51.0450522 , -114.14776250000001",urban-urban,urban,1855,"{""sample_routes"":{""date"":""2026-09-14"",""run_id"":""62ce72d45380414aabe46304bed788b2""},""join_samples"":{""date"":""2026-09-14"",""run_id"":""050b6083fcee4d8c90b1e2d8f9263c71""},""upload_data"":{""date"":""2026-09-14"",""run_id"":""fefd5c91ffd9482a8fb31ad02298b97b""}}"
1063,63,"53.5353927 , -113.28472180000001","53.53532920000001 , -113.4329088",urban-urban,urban,1742,"{""sample_routes"":{""date"":""2026-09-14"",""run_id"":""62ce72d45380414aabe46304bed788b2""},""join_samples"":{""date"":""2026-09-14"",""run_id"":""050b6083fcee4d8c90b1e2d8f9263c71""},""upload_data"":{""date"":""2026-09-14"",""run_id"":""fefd5c91ffd9482a8fb31ad02298b97b""}}"
1064,64,"51.0521693 , -113.98303790000001","50.914114600000005 , -114.1204982",urban-urban,urban,1858,"{""sample_routes"":{""date"":""2026-09-14"",""run_id"":""62ce72d45380414aabe46304bed788b2""},""join_samples"":{""date"":""2026-09-14"",""run_id"":""050b6083fcee4d8c90b1e2d8f9263c71""},""upload_data"":{""date"":""2026-09-14"",""run_id"":""fefd5c91ffd9482a8fb31ad02298b97b""}}"
1067,67,"51.185808300000005 , -114.071503","51.0517222 , -113.93676500000001",urban-urban,urban,1741,"{""sample_routes"":{""date"":""2026-09-14"",""run_id"":""62ce72d45380414aabe46304bed788b2""},""join_samples"":{""date"":""2026-09-14"",""run_id"":""050b6083fcee4d8c90b1e2d8f9263c71""},""upload_data"":{""date"":""2026-09-14"",""run_id"":""fefd5c91ffd9482a8fb31ad02298b97b""}}"
1068,68,"51.1819928 , -114.0784091","51.044877500000005 , -113.9405832",urban-urban,urban,1741,"{""sample_routes"":{""date"":""2026-09-14"",""run_id"":""62ce72d45380414aabe46304bed788b2""},""join_samples"":{""date"":""2026-09-14"",""run_id"":""050b6083fcee4d8c90b1e2d8f9263c71""},""upload_data"":{""date"":""2026-09-14"",""run_id"":""fefd5c91ffd9482a8fb31ad02298b97b""}}"
1069,69,"53.570112200000004 , -113.5121371","53.644679800000006 , -113.5121929",urban-urban,urban,1859,"{""sample_routes"":{""date"":""2026-09-14"",""run_id"":""62ce72d45380414aabe46304bed788b2""},""join_samples"":{""date"":""2026-09-14"",""run_id"":""050b6083fcee4d8c90b1e2d8f9263c71""},""upload_data"":{""date"":""2026-09-14"",""run_id"":""fefd5c91ffd9482a8fb31ad02298b97b""}}"
1070,70,"51.037121500000005 , -114.1482907","51.197644800000006 , -114.30940100000001",urban-urban,urban,1860,"{""sample_routes"":{""date"":""2026-09-14"",""run_id"":""62ce72d45380414aabe46304bed788b2""},""join_samples"":{""date"":""2026-09-14"",""run_id"":""050b6083fcee4d8c90b1e2d8f9263c71""},""upload_data"":{""date"":""2026-09-14"",""run_id"":""fefd5c91ffd9482a8fb31ad02298b97b""}}"
1078,78,"51.1681424 , -114.1253642","51.0204524 , -114.12596710000001",urban-urban,urban,1867,"{""sample_routes"":{""date"":""2026-09-14"",""run_id"":""62ce72d45380414aabe46304bed788b2""},""join_samples"":{""date"":""2026-09-14"",""run_id"":""050b6083fcee4d8c90b1e2d8f9263c71""},""upload_data"":{""date"":""2026-09-14"",""run_id"":""fefd5c91ffd9482a8fb31ad02298b97b""}}"
1079,79,"53.45982600000001 , -113.5835739","53.4593903 , -113.36564320000001",urban-urban,urban,1868,"{""sample_routes"":{""date"":""2026-09-14"",""run_id"":""62ce72d45380414aabe46304bed788b2""},""join_samples"":{""date"":""2026-09-14"",""run_id"":""050b6083fcee4d8c90b1e2d8f9263c71""},""upload_data"":{""date"":""2026-09-14"",""run_id"":""fefd5c91ffd9482a8fb31ad02298b97b""}}"
1080,80,"53.534429300000006 , -113.28513570000001","53.535072500000005 , -113.4341813",urban-urban,urban,1731,"{""sample_routes"":{""date"":""2026-09-14"",""run_id"":""62ce72d45380414aabe46304bed788b2""},""join_samples"":{""date"":""2026-09-14"",""run_id"":""050b6083fcee4d8c90b1e2d8f9263c71""},""upload_data"":{""date"":""2026-09-14"",""run_id"":""fefd5c91ffd9482a8fb31ad02298b97b""}}"
1082,82,"51.017029 , -114.27797480000001","51.016719300000005 , -114.08919630000001",urban-urban,urban,1725,"{""sample_routes"":{""date"":""2026-09-14"",""run_id"":""62ce72d45380414aabe46304bed788b2""},""join_samples"":{""date"":""2026-09-14"",""run_id"":""050b6083fcee4d8c90b1e2d8f9263c71""},""upload_data"":{""date"":""2026-09-14"",""run_id"":""fefd5c91ffd9482a8fb31ad02298b97b""}}"
1087,87,"50.9430926 , -114.06493010000001","51.088785 , -113.91949380000001",urban-rural,urban,1723,"{""sample_routes"":{""date"":""2026-09-14"",""run_id"":""62ce72d45380414aabe46304bed788b2""},""join_samples"":{""date"":""2026-09-14"",""run_id"":""050b6083fcee4d8c90b1e2d8f9263c71""},""upload_data"":{""date"":""2026-09-14"",""run_id"":""fefd5c91ffd9482a8fb31ad02298b97b""}}"
1089,89,"50.933171800000004 , -114.04051260000001","51.1735041 , -114.0410559",urban-urban,urban,1877,"{""sample_routes"":{""date"":""2026-09-14"",""run_id"":""62ce72d45380414aabe46304bed788b2""},""join_samples"":{""date"":""2026-09-14"",""run_id"":""050b6083fcee4d8c90b1e2d8f9263c71""},""upload_data"":{""date"":""2026-09-14"",""run_id"":""fefd5c91ffd9482a8fb31ad02298b97b""}}"
1094,94,"51.119706900000004 , -113.96829740000001","51.120387 , -114.16745100000001",urban-urban,urban,1882,"{""sample_routes"":{""date"":""2026-09-14"",""run_id"":""62ce72d45380414aabe46304bed788b2""},""join_samples"":{""date"":""2026-09-14"",""run_id"":""050b6083fcee4d8c90b1e2d8f9263c71""},""upload_data"":{""date"":""2026-09-14"",""run_id"":""fefd5c91ffd9482a8fb31ad02298b97b""}}"
1095,95,"53.6001235 , -113.50008690000001","53.599673 , -113.62098700000001",urban-urban,urban,1718,"{""sample_routes"":{""date"":""2026-09-14"",""run_id"":""62ce72d45380414aabe46304bed788b2""},""join_samples"":{""date"":""2026-09-14"",""run_id"":""050b6083fcee4d8c90b1e2d8f9263c71""},""upload_data"":{""date"":""2026-09-14"",""run_id"":""fefd5c91ffd9482a8fb31ad02298b97b""}}"
1097,97,"51.162851100000005 , -114.1628517","51.0423838 , -114.1625525",urban-urban,urban,1716,"{""sample_routes"":{""date"":""2026-09-14"",""run_id"":""62ce72d45380414aabe46304bed788b2""},""join_samples"":{""date"":""2026-09-14"",""run_id"":""050b6083fcee4d8c90b1e2d8f9263c71""},""upload_data"":{""date"":""2026-09-14"",""run_id"":""fefd5c91ffd9482a8fb31ad02298b97b""}}"
1098,98,"51.0635549 , -113.9717758","50.80493250000001 , -113.9722595",urban-urban,urban,1884,"{""sample_routes"":{""date"":""2026-09-14"",""run_id"":""62ce72d45380414aabe46304bed788b2""},""join_samples"":{""date"":""2026-09-14"",""run_id"":""050b6083fcee4d8c90b1e2d8f9263c71""},""upload_data"":{""date"":""2026-09-14"",""run_id"":""fefd5c91ffd9482a8fb31ad02298b97b""}}"
1099,99,"53.4010977 , -113.54545","53.5056808 , -113.54573830000001",urban-urban,urban,1715,"{""sample_routes"":{""date"":""2026-09-14"",""run_id"":""62ce72d45380414aabe46304bed788b2""},""join_samples"":{""date"":""2026-09-14"",""run_id"":""050b6083fcee4d8c90b1e2d8f9263c71""},""upload_data"":{""date"":""2026-09-14"",""run_id"":""fefd5c91ffd9482a8fb31ad02298b97b""}}"
1100,100,"53.427550700000005 , -113.5048208","53.5137377 , -113.4187931",urban-urban,urban,1715,"{""sample_routes"":{""date"":""2026-09-14"",""run_id"":""62ce72d45380414aabe46304bed788b2""},""join_samples"":{""date"":""2026-09-14"",""run_id"":""050b6083fcee4d8c90b1e2d8f9263c71""},""upload_data"":{""date"":""2026-09-14"",""run_id"":""fefd5c91ffd9482a8fb31ad02298b97b""}}"
1106,106,"53.691439 , -113.5486261","53.586794000000005 , -113.54813060000001",urban-urban,urban,1890,"{""sample_routes"":{""date"":""2026-09-14"",""run_id"":""62ce72d45380414aabe46304bed788b2""},""join_samples"":{""date"":""2026-09-14"",""run_id"":""050b6083fcee4d8c90b1e2d8f9263c71""},""upload_data"":{""date"":""2026-09-14"",""run_id"":""fefd5c91ffd9482a8fb31ad02298b97b""}}"
1107,107,"53.620744 , -113.4935229","53.5437845 , -113.4170218",urban-urban,urban,1890,"{""sample_routes"":{""date"":""2026-09-14"",""run_id"":""62ce72d45380414aabe46304bed788b2""},""join_samples"":{""date"":""2026-09-14"",""run_id"":""050b6083fcee4d8c90b1e2d8f9263c71""},""upload_data"":{""date"":""2026-09-14"",""run_id"":""fefd5c91ffd9482a8fb31ad02298b97b""}}"
1111,111,"51.038018300000005 , -114.0183475","51.174214500000005 , -114.1544621",urban-urban,urban,1892,"{""sample_routes"":{""date"":""2026-09-14"",""run_id"":""62ce72d45380414aabe46304bed788b2""},""join_samples"":{""date"":""2026-09-14"",""run_id"":""050b6083fcee4d8c90b1e2d8f9263c71""},""upload_data"":{""date"":""2026-09-14"",""run_id"":""fefd5c91ffd9482a8fb31ad02298b97b""}}"
1112,112,"51.000936 , -114.1185882","51.1339527 , -114.11915330000001",urban-urban,urban,1708,"{""sample_routes"":{""date"":""2026-09-14"",""run_id"":""62ce72d45380414aabe46304bed788b2""},""join_samples"":{""date"":""2026-09-14"",""run_id"":""050b6083fcee4d8c90b1e2d8f9263c71""},""upload_data"":{""date"":""2026-09-14"",""run_id"":""fefd5c91ffd9482a8fb31ad02298b97b""}}"
1113,113,"51.167528100000006 , -114.07129780000001","51.041975300000004 , -113.9463017",urban-urban,urban,1708,"{""sample_routes"":{""date"":""2026-09-14"",""run_id"":""62ce72d45380414aabe46304bed788b2""},""join_samples"":{""date"":""2026-09-14"",""run_id"":""050b6083fcee4d8c90b1e2d8f9263c71""},""upload_data"":{""date"":""2026-09-14"",""run_id"":""fefd5c91ffd9482a8fb31ad02298b97b""}}"
1116,116,"50.937407 , -114.04970510000001","51.1693829 , -114.04909160000001",urban-urban,urban,1894,"{""sample_routes"":{""date"":""2026-09-14"",""run_id"":""62ce72d45380414aabe46304bed788b2""},""join_samples"":{""date"":""2026-09-14"",""run_id"":""050b6083fcee4d8c90b1e2d8f9263c71""},""upload_data"":{""date"":""2026-09-14"",""run_id"":""fefd5c91ffd9482a8fb31ad02298b97b""}}"
1119,119,"52.2337928 , -113.7725601","52.34807120000001 , -113.77274600000001",urban-urban,urban,1704,"{""sample_routes"":{""date"":""2026-09-14"",""run_id"":""62ce72d45380414aabe46304bed788b2""},""join_samples"":{""date"":""2026-09-14"",""run_id"":""050b6083fcee4d8c90b1e2d8f9263c71""},""upload_data"":{""date"":""2026-09-14"",""run_id"":""fefd5c91ffd9482a8fb31ad02298b97b""}}"
1125,125,"53.59441270000001 , -113.5105697","53.5212408 , -113.4368105",urban-urban,urban,1698,"{""sample_routes"":{""date"":""2026-09-14"",""run_id"":""62ce72d45380414aabe46304bed788b2""},""join_samples"":{""date"":""2026-09-14"",""run_id"":""050b6083fcee4d8c90b1e2d8f9263c71""},""upload_data"":{""date"":""2026-09-14"",""run_id"":""fefd5c91ffd9482a8fb31ad02298b97b""}}"
1127,127,"51.03774000000001 , -114.0947196","51.1802015 , -114.0947155",urban-urban,urban,1906,"{""sample_routes"":{""date"":""2026-09-14"",""run_id"":""62ce72d45380414aabe46304bed788b2""},""join_samples"":{""date"":""2026-09-14"",""run_id"":""050b6083fcee4d8c90b1e2d8f9263c71""},""upload_data"":{""date"":""2026-09-14"",""run_id"":""fefd5c91ffd9482a8fb31ad02298b97b""}}"
1130,130,"53.4628625 , -113.56935150000001","53.570410900000006 , -113.57004330000001",urban-urban,urban,1688,"{""sample_routes"":{""date"":""2026-09-14"",""run_id"":""62ce72d45380414aabe46304bed788b2""},""join_samples"":{""date"":""2026-09-14"",""run_id"":""050b6083fcee4d8c90b1e2d8f9263c71""},""upload_data"":{""date"":""2026-09-14"",""run_id"":""fefd5c91ffd9482a8fb31ad02298b97b""}}"
1131,131,"53.4526897 , -113.43464490000001","53.522555800000006 , -113.50508810000001",urban-urban,urban,1912,"{""sample_routes"":{""date"":""2026-09-14"",""run_id"":""62ce72d45380414aabe46304bed788b2""},""join_samples"":{""date"":""2026-09-14"",""run_id"":""050b6083fcee4d8c90b1e2d8f9263c71""},""upload_data"":{""date"":""2026-09-14"",""run_id"":""fefd5c91ffd9482a8fb31ad02298b97b""}}"
1134,134,"51.075343600000004 , -113.9235737","50.9142461 , -114.08494820000001",urban-urban,urban,1914,"{""sample_routes"":{""date"":""2026-09-14"",""run_id"":""62ce72d45380414aabe46304bed788b2""},""join_samples"":{""date"":""2026-09-14"",""run_id"":""050b6083fcee4d8c90b1e2d8f9263c71""},""upload_data"":{""date"":""2026-09-14"",""run_id"":""fefd5c91ffd9482a8fb31ad02298b97b""}}"
1135,135,"51.0276748 , -114.10685910000001","51.2107857 , -114.29050230000001",urban-urban,urban,1915,"{""sample_routes"":{""date"":""2026-09-14"",""run_id"":""62ce72d45380414aabe46304bed788b2""},""join_samples"":{""date"":""2026-09-14"",""run_id"":""050b6083fcee4d8c90b1e2d8f9263c71""},""upload_data"":{""date"":""2026-09-14"",""run_id"":""fefd5c91ffd9482a8fb31ad02298b97b""}}"
1138,138,"53.5685821 , -113.26983410000001","53.56862640000001 , -113.6025821",urban-urban,urban,1917,"{""sample_routes"":{""date"":""2026-09-14"",""run_id"":""62ce72d45380414aabe46304bed788b2""},""join_samples"":{""date"":""2026-09-14"",""run_id"":""050b6083fcee4d8c90b1e2d8f9263c71""},""upload_data"":{""date"":""2026-09-14"",""run_id"":""fefd5c91ffd9482a8fb31ad02298b97b""}}"
1139,139,"53.509507600000006 , -113.2757416","53.5088154 , -113.48606760000001",urban-urban,urban,1917,"{""sample_routes"":{""date"":""2026-09-14"",""run_id"":""62ce72d45380414aabe46304bed788b2""},""join_samples"":{""date"":""2026-09-14"",""run_id"":""050b6083fcee4d8c90b1e2d8f9263c71""},""upload_data"":{""date"":""2026-09-14"",""run_id"":""fefd5c91ffd9482a8fb31ad02298b97b""}}"
1140,140,"53.4556145 , -113.4957803","53.530837600000005 , -113.4198322",urban-urban,urban,1918,"{""sample_routes"":{""date"":""2026-09-14"",""run_id"":""62ce72d45380414aabe46304bed788b2""},""join_samples"":{""date"":""2026-09-14"",""run_id"":""050b6083fcee4d8c90b1e2d8f9263c71""},""upload_data"":{""date"":""2026-09-14"",""run_id"":""fefd5c91ffd9482a8fb31ad02298b97b""}}"
1141,141,"53.810633800000005 , -113.1057406","53.674435800000005 , -113.2414162",urban-urban,urban,1680,"{""sample_routes"":{""date"":""2026-09-14"",""run_id"":""62ce72d45380414aabe46304bed788b2""},""join_samples"":{""date"":""2026-09-14"",""run_id"":""050b6083fcee4d8c90b1e2d8f9263c71""},""upload_data"":{""date"":""2026-09-14"",""run_id"":""fefd5c91ffd9482a8fb31ad02298b97b""}}"
1144,144,"53.4538772 , -113.5649362","53.570682700000006 , -113.56441240000001",urban-urban,urban,1921,"{""sample_routes"":{""date"":""2026-09-14"",""run_id"":""62ce72d45380414aabe46304bed788b2""},""join_samples"":{""date"":""2026-09-14"",""run_id"":""050b6083fcee4d8c90b1e2d8f9263c71""},""upload_data"":{""date"":""2026-09-14"",""run_id"":""fefd5c91ffd9482a8fb31ad02298b97b""}}"
1145,145,"53.573998100000004 , -113.55397300000001","53.4874967 , -113.55347080000001",urban-urban,urban,1921,"{""sample_routes"":{""date"":""2026-09-14"",""run_id"":""62ce72d45380414aabe46304bed788b2""},""join_samples"":{""date"":""2026-09-14"",""run_id"":""050b6083fcee4d8c90b1e2d8f9263c71""},""upload_data"":{""date"":""2026-09-14"",""run_id"":""fefd5c91ffd9482a8fb31ad02298b97b""}}"
1148,148,"53.6149112 , -113.4339625","53.546174900000004 , -113.5030785",urban-urban,urban,1923,"{""sample_routes"":{""date"":""2026-09-14"",""run_id"":""62ce72d45380414aabe46304bed788b2""},""join_samples"":{""date"":""2026-09-14"",""run_id"":""050b6083fcee4d8c90b1e2d8f9263c71""},""upload_data"":{""date"":""2026-09-14"",""run_id"":""fefd5c91ffd9482a8fb31ad02298b97b""}}"
1149,149,"53.574969 , -113.54727120000001","53.4853771 , -113.54693420000001",urban-urban,urban,1923,"{""sample_routes"":{""date"":""2026-09-14"",""run_id"":""62ce72d45380414aabe46304bed788b2""},""join_samples"":{""date"":""2026-09-14"",""run_id"":""050b6083fcee4d8c90b1e2d8f9263c71""},""upload_data"":{""date"":""2026-09-14"",""run_id"":""fefd5c91ffd9482a8fb31ad02298b97b""}}"
1151,151,"51.1772167 , -114.06498280000001","51.0483412 , -113.93683200000001",urban-urban,urban,1676,"{""sample_routes"":{""date"":""2026-09-14"",""run_id"":""62ce72d45380414aabe46304bed788b2""},""join_samples"":{""date"":""2026-09-14"",""run_id"":""050b6083fcee4d8c90b1e2d8f9263c71""},""upload_data"":{""date"":""2026-09-14"",""run_id"":""fefd5c91ffd9482a8fb31ad02298b97b""}}"
1153,153,"51.1360436 , -114.1727515","51.024118400000006 , -114.1720449",urban-urban,urban,1927,"{""sample_routes"":{""date"":""2026-09-14"",""run_id"":""62ce72d45380414aabe46304bed788b2""},""join_samples"":{""date"":""2026-09-14"",""run_id"":""050b6083fcee4d8c90b1e2d8f9263c71""},""upload_data"":{""date"":""2026-09-14"",""run_id"":""fefd5c91ffd9482a8fb31ad02298b97b""}}"
1155,155,"53.59061500000001 , -113.4124826","53.5912864 , -113.6718646",urban-urban,urban,1927,"{""sample_routes"":{""date"":""2026-09-14"",""run_id"":""62ce72d45380414aabe46304bed788b2""},""join_samples"":{""date"":""2026-09-14"",""run_id"":""050b6083fcee4d8c90b1e2d8f9263c71""},""upload_data"":{""date"":""2026-09-14"",""run_id"":""fefd5c91ffd9482a8fb31ad02298b97b""}}"
1157,157,"50.950721200000004 , -114.07254490000001","51.159882700000004 , -114.073007",urban-urban,urban,1930,"{""sample_routes"":{""date"":""2026-09-14"",""run_id"":""62ce72d45380414aabe46304bed788b2""},""join_samples"":{""date"":""2026-09-14"",""run_id"":""050b6083fcee4d8c90b1e2d8f9263c71""},""upload_data"":{""date"":""2026-09-14"",""run_id"":""fefd5c91ffd9482a8fb31ad02298b97b""}}"
1158,158,"51.051020900000005 , -114.17523870000001","50.8326961 , -113.95652360000001",urban-urban,urban,1932,"{""sample_routes"":{""date"":""2026-09-14"",""run_id"":""62ce72d45380414aabe46304bed788b2""},""join_samples"":{""date"":""2026-09-14"",""run_id"":""050b6083fcee4d8c90b1e2d8f9263c71""},""upload_data"":{""date"":""2026-09-14"",""run_id"":""fefd5c91ffd9482a8fb31ad02298b97b""}}"
1159,159,"51.1000323 , -113.9544874","50.973798800000004 , -114.0800229",urban-urban,urban,1933,"{""sample_routes"":{""date"":""2026-09-14"",""run_id"":""62ce72d45380414aabe46304bed788b2""},""join_samples"":{""date"":""2026-09-14"",""run_id"":""050b6083fcee4d8c90b1e2d8f9263c71""},""upload_data"":{""date"":""2026-09-14"",""run_id"":""fefd5c91ffd9482a8fb31ad02298b97b""}}"
1160,160,"53.495147300000006 , -113.2883264","53.494902200000006 , -113.5721596",urban-urban,urban,1664,"{""sample_routes"":{""date"":""2026-09-14"",""run_id"":""62ce72d45380414aabe46304bed788b2""},""join_samples"":{""date"":""2026-09-14"",""run_id"":""050b6083fcee4d8c90b1e2d8f9263c71""},""upload_data"":{""date"":""2026-09-14"",""run_id"":""fefd5c91ffd9482a8fb31ad02298b97b""}}"
1161,161,"53.4808231 , -113.51679080000001","53.5588794 , -113.59425940000001",urban-urban,urban,1664,"{""sample_routes"":{""date"":""2026-09-14"",""run_id"":""62ce72d45380414aabe46304bed788b2""},""join_samples"":{""date"":""2026-09-14"",""run_id"":""050b6083fcee4d8c90b1e2d8f9263c71""},""upload_data"":{""date"":""2026-09-14"",""run_id"":""fefd5c91ffd9482a8fb31ad02298b97b""}}"
1162,162,"53.578298100000005 , -113.46999330000001","53.511151700000006 , -113.5364699",urban-urban,urban,1936,"{""sample_routes"":{""date"":""2026-09-14"",""run_id"":""62ce72d45380414aabe46304bed788b2""},""join_samples"":{""date"":""2026-09-14"",""run_id"":""050b6083fcee4d8c90b1e2d8f9263c71""},""upload_data"":{""date"":""2026-09-14"",""run_id"":""fefd5c91ffd9482a8fb31ad02298b97b""}}"
1163,163,"53.5698992 , -113.42612380000001","53.5695734 , -113.75336220000001",urban-urban,urban,1937,"{""sample_routes"":{""date"":""2026-09-14"",""run_id"":""62ce72d45380414aabe46304bed788b2""},""join_samples"":{""date"":""2026-09-14"",""run_id"":""050b6083fcee4d8c90b1e2d8f9263c71""},""upload_data"":{""date"":""2026-09-14"",""run_id"":""fefd5c91ffd9482a8fb31ad02298b97b""}}"
1164,164,"53.477004400000006 , -113.58234200000001","53.4767912 , -113.24323930000001",urban-urban,urban,1938,"{""sample_routes"":{""date"":""2026-09-14"",""run_id"":""62ce72d45380414aabe46304bed788b2""},""join_samples"":{""date"":""2026-09-14"",""run_id"":""050b6083fcee4d8c90b1e2d8f9263c71""},""upload_data"":{""date"":""2026-09-14"",""run_id"":""fefd5c91ffd9482a8fb31ad02298b97b""}}"
1168,168,"53.454153000000005 , -113.5652556","53.5706939 , -113.56456100000001",urban-urban,urban,1941,"{""sample_routes"":{""date"":""2026-09-14"",""run_id"":""62ce72d45380414aabe46304bed788b2""},""join_samples"":{""date"":""2026-09-14"",""run_id"":""050b6083fcee4d8c90b1e2d8f9263c71""},""upload_data"":{""date"":""2026-09-14"",""run_id"":""fefd5c91ffd9482a8fb31ad02298b97b""}}"
1170,170,"51.042700800000006 , -114.09461060000001","51.042464200000005 , -113.88861240000001",urban-urban,urban,1942,"{""sample_routes"":{""date"":""2026-09-14"",""run_id"":""62ce72d45380414aabe46304bed788b2""},""join_samples"":{""date"":""2026-09-14"",""run_id"":""050b6083fcee4d8c90b1e2d8f9263c71""},""upload_data"":{""date"":""2026-09-14"",""run_id"":""fefd5c91ffd9482a8fb31ad02298b97b""}}"
1172,172,"53.4482736 , -113.188815","53.5507196 , -113.29111350000001",urban-urban,urban,1944,"{""sample_routes"":{""date"":""2026-09-14"",""run_id"":""62ce72d45380414aabe46304bed788b2""},""join_samples"":{""date"":""2026-09-14"",""run_id"":""050b6083fcee4d8c90b1e2d8f9263c71""},""upload_data"":{""date"":""2026-09-14"",""run_id"":""fefd5c91ffd9482a8fb31ad02298b97b""}}"
1178,178,"50.884723 , -114.03019180000001","51.144511900000005 , -114.0308543",urban-urban,urban,1946,"{""sample_routes"":{""date"":""2026-09-14"",""run_id"":""62ce72d45380414aabe46304bed788b2""},""join_samples"":{""date"":""2026-09-14"",""run_id"":""050b6083fcee4d8c90b1e2d8f9263c71""},""upload_data"":{""date"":""2026-09-14"",""run_id"":""fefd5c91ffd9482a8fb31ad02298b97b""}}"
1181,181,"53.6614033 , -113.60419710000001","53.6136296 , -113.55703460000001",urban-urban,urban,1651,"{""sample_routes"":{""date"":""2026-09-14"",""run_id"":""62ce72d45380414aabe46304bed788b2""},""join_samples"":{""date"":""2026-09-14"",""run_id"":""050b6083fcee4d8c90b1e2d8f9263c71""},""upload_data"":{""date"":""2026-09-14"",""run_id"":""fefd5c91ffd9482a8fb31ad02298b97b""}}"
1183,183,"53.5342186 , -113.4612776","53.4526248 , -113.46094400000001",urban-urban,urban,1950,"{""sample_routes"":{""date"":""2026-09-14"",""run_id"":""62ce72d45380414aabe46304bed788b2""},""join_samples"":{""date"":""2026-09-14"",""run_id"":""050b6083fcee4d8c90b1e2d8f9263c71""},""upload_data"":{""date"":""2026-09-14"",""run_id"":""fefd5c91ffd9482a8fb31ad02298b97b""}}"
1184,184,"50.935227100000006 , -113.98837590000001","51.242841000000006 , -113.98890510000001",urban-urban,urban,1950,"{""sample_routes"":{""date"":""2026-09-14"",""run_id"":""62ce72d45380414aabe46304bed788b2""},""join_samples"":{""date"":""2026-09-14"",""run_id"":""050b6083fcee4d8c90b1e2d8f9263c71""},""upload_data"":{""date"":""2026-09-14"",""run_id"":""fefd5c91ffd9482a8fb31ad02298b97b""}}"
1186,186,"53.6125279 , -113.42039290000001","53.612677000000005 , -113.5697061",urban-urban,urban,1649,"{""sample_routes"":{""date"":""2026-09-14"",""run_id"":""62ce72d45380414aabe46304bed788b2""},""join_samples"":{""date"":""2026-09-14"",""run_id"":""050b6083fcee4d8c90b1e2d8f9263c71""},""upload_data"":{""date"":""2026-09-14"",""run_id"":""fefd5c91ffd9482a8fb31ad02298b97b""}}"
1189,189,"53.4701559 , -113.4025244","53.412837200000006 , -113.4601451",urban-urban,urban,1953,"{""sample_routes"":{""date"":""2026-09-14"",""run_id"":""62ce72d45380414aabe46304bed788b2""},""join_samples"":{""date"":""2026-09-14"",""run_id"":""050b6083fcee4d8c90b1e2d8f9263c71""},""upload_data"":{""date"":""2026-09-14"",""run_id"":""fefd5c91ffd9482a8fb31ad02298b97b""}}"
1190,190,"51.0767961 , -114.14972370000001","51.0171864 , -114.20947840000001",urban-urban,urban,1645,"{""sample_routes"":{""date"":""2026-09-14"",""run_id"":""62ce72d45380414aabe46304bed788b2""},""join_samples"":{""date"":""2026-09-14"",""run_id"":""050b6083fcee4d8c90b1e2d8f9263c71""},""upload_data"":{""date"":""2026-09-14"",""run_id"":""fefd5c91ffd9482a8fb31ad02298b97b""}}"
1191,191,"53.5727113 , -113.3457001","53.5724232 , -113.71879890000001",rural-urban,urban,1955,"{""sample_routes"":{""date"":""2026-09-14"",""run_id"":""62ce72d45380414aabe46304bed788b2""},""join_samples"":{""date"":""2026-09-14"",""run_id"":""050b6083fcee4d8c90b1e2d8f9263c71""},""upload_data"":{""date"":""2026-09-14"",""run_id"":""fefd5c91ffd9482a8fb31ad02298b97b""}}"
1192,192,"51.162843 , -114.02483740000001","51.0415189 , -114.146826",urban-urban,urban,1955,"{""sample_routes"":{""date"":""2026-09-14"",""run_id"":""62ce72d45380414aabe46304bed788b2""},""join_samples"":{""date"":""2026-09-14"",""run_id"":""050b6083fcee4d8c90b1e2d8f9263c71""},""upload_data"":{""date"":""2026-09-14"",""run_id"":""fefd5c91ffd9482a8fb31ad02298b97b""}}"
1194,194,"51.0713834 , -114.06253960000001","50.977392900000005 , -114.156478",urban-rural,urban,1957,"{""sample_routes"":{""date"":""2026-09-14"",""run_id"":""62ce72d45380414aabe46304bed788b2""},""join_samples"":{""date"":""2026-09-14"",""run_id"":""050b6083fcee4d8c90b1e2d8f9263c71""},""upload_data"":{""date"":""2026-09-14"",""run_id"":""fefd5c91ffd9482a8fb31ad02298b97b""}}"
1195,195,"49.7310133 , -112.83669280000001","49.644995800000004 , -112.8360743",urban-urban,urban,1643,"{""sample_routes"":{""date"":""2026-09-14"",""run_id"":""62ce72d45380414aabe46304bed788b2""},""join_samples"":{""date"":""2026-09-14"",""run_id"":""050b6083fcee4d8c90b1e2d8f9263c71""},""upload_data"":{""date"":""2026-09-14"",""run_id"":""fefd5c91ffd9482a8fb31ad02298b97b""}}"
1196,196,"50.894630400000004 , -114.0778913","51.0145617 , -113.95821040000001",urban-urban,urban,1640,"{""sample_routes"":{""date"":""2026-09-14"",""run_id"":""62ce72d45380414aabe46304bed788b2""},""join_samples"":{""date"":""2026-09-14"",""run_id"":""050b6083fcee4d8c90b1e2d8f9263c71""},""upload_data"":{""date"":""2026-09-14"",""run_id"":""fefd5c91ffd9482a8fb31ad02298b97b""}}"
1198,198,"53.528053 , -113.6073166","53.4050626 , -113.48443270000001",urban-rural,urban,1961,"{""sample_routes"":{""date"":""2026-09-14"",""run_id"":""62ce72d45380414aabe46304bed788b2""},""join_samples"":{""date"":""2026-09-14"",""run_id"":""050b6083fcee4d8c90b1e2d8f9263c71""},""upload_data"":{""date"":""2026-09-14"",""run_id"":""fefd5c91ffd9482a8fb31ad02298b97b""}}"
1199,199,"53.525855500000006 , -113.686057","53.5258247 , -113.51781410000001",urban-urban,urban,1963,"{""sample_routes"":{""date"":""2026-09-14"",""run_id"":""62ce72d45380414aabe46304bed788b2""},""join_samples"":{""date"":""2026-09-14"",""run_id"":""050b6083fcee4d8c90b1e2d8f9263c71""},""upload_data"":{""date"":""2026-09-14"",""run_id"":""fefd5c91ffd9482a8fb31ad02298b97b""}}"
1200,200,"53.499392300000004 , -113.4996031","53.570604800000005 , -113.5710885",urban-urban,urban,1964,"{""sample_routes"":{""date"":""2026-09-14"",""run_id"":""62ce72d45380414aabe46304bed788b2""},""join_samples"":{""date"":""2026-09-14"",""run_id"":""050b6083fcee4d8c90b1e2d8f9263c71""},""upload_data"":{""date"":""2026-09-14"",""run_id"":""fefd5c91ffd9482a8fb31ad02298b97b""}}"
1201,201,"50.974089000000006 , -114.1353026","51.0483239 , -114.06057870000001",urban-urban,urban,1635,"{""sample_routes"":{""date"":""2026-09-14"",""run_id"":""62ce72d45380414aabe46304bed788b2""},""join_samples"":{""date"":""2026-09-14"",""run_id"":""050b6083fcee4d8c90b1e2d8f9263c71""},""upload_data"":{""date"":""2026-09-14"",""run_id"":""fefd5c91ffd9482a8fb31ad02298b97b""}}"
1203,203,"53.6261846 , -113.50366190000001","53.542276 , -113.4203361",urban-urban,urban,1966,"{""sample_routes"":{""date"":""2026-09-14"",""run_id"":""62ce72d45380414aabe46304bed788b2""},""join_samples"":{""date"":""2026-09-14"",""run_id"":""050b6083fcee4d8c90b1e2d8f9263c71""},""upload_data"":{""date"":""2026-09-14"",""run_id"":""fefd5c91ffd9482a8fb31ad02298b97b""}}"
1204,204,"53.470645700000006 , -113.4541964","53.570288100000006 , -113.4537282",urban-urban,urban,1967,"{""sample_routes"":{""date"":""2026-09-14"",""run_id"":""62ce72d45380414aabe46304bed788b2""},""join_samples"":{""date"":""2026-09-14"",""run_id"":""050b6083fcee4d8c90b1e2d8f9263c71""},""upload_data"":{""date"":""2026-09-14"",""run_id"":""fefd5c91ffd9482a8fb31ad02298b97b""}}"
1205,205,"53.482499700000005 , -113.56925810000001","53.5498227 , -113.5021389",urban-urban,urban,1968,"{""sample_routes"":{""date"":""2026-09-14"",""run_id"":""62ce72d45380414aabe46304bed788b2""},""join_samples"":{""date"":""2026-09-14"",""run_id"":""050b6083fcee4d8c90b1e2d8f9263c71""},""upload_data"":{""date"":""2026-09-14"",""run_id"":""fefd5c91ffd9482a8fb31ad02298b97b""}}"
1210,210,"51.1680141 , -114.0248799","51.053198800000004 , -114.1401079",urban-urban,urban,1973,"{""sample_routes"":{""date"":""2026-09-14"",""run_id"":""62ce72d45380414aabe46304bed788b2""},""join_samples"":{""date"":""2026-09-14"",""run_id"":""050b6083fcee4d8c90b1e2d8f9263c71""},""upload_data"":{""date"":""2026-09-14"",""run_id"":""fefd5c91ffd9482a8fb31ad02298b97b""}}"
1214,214,"53.489615900000004 , -113.5133112","53.366815100000004 , -113.39112920000001",urban-urban,urban,1975,"{""sample_routes"":{""date"":""2026-09-14"",""run_id"":""62ce72d45380414aabe46304bed788b2""},""join_samples"":{""date"":""2026-09-14"",""run_id"":""050b6083fcee4d8c90b1e2d8f9263c71""},""upload_data"":{""date"":""2026-09-14"",""run_id"":""fefd5c91ffd9482a8fb31ad02298b97b""}}"
1215,215,"53.463363400000006 , -113.4553439","53.550344300000006 , -113.4548333",urban-urban,urban,1975,"{""sample_routes"":{""date"":""2026-09-14"",""run_id"":""62ce72d45380414aabe46304bed788b2""},""join_samples"":{""date"":""2026-09-14"",""run_id"":""050b6083fcee4d8c90b1e2d8f9263c71""},""upload_data"":{""date"":""2026-09-14"",""run_id"":""fefd5c91ffd9482a8fb31ad02298b97b""}}"
1218,218,"53.54413460000001 , -113.2607255","53.5448005 , -113.44327390000001",urban-urban,urban,1979,"{""sample_routes"":{""date"":""2026-09-14"",""run_id"":""62ce72d45380414aabe46304bed788b2""},""join_samples"":{""date"":""2026-09-14"",""run_id"":""050b6083fcee4d8c90b1e2d8f9263c71""},""upload_data"":{""date"":""2026-09-14"",""run_id"":""fefd5c91ffd9482a8fb31ad02298b97b""}}"
1219,219,"53.5626363 , -113.49926020000001","53.6583228 , -113.4996076",urban-rural,urban,1980,"{""sample_routes"":{""date"":""2026-09-14"",""run_id"":""62ce72d45380414aabe46304bed788b2""},""join_samples"":{""date"":""2026-09-14"",""run_id"":""050b6083fcee4d8c90b1e2d8f9263c71""},""upload_data"":{""date"":""2026-09-14"",""run_id"":""fefd5c91ffd9482a8fb31ad02298b97b""}}"
1220,220,"51.1207878 , -114.17592590000001","51.1203501 , -114.0348556",urban-urban,urban,1619,"{""sample_routes"":{""date"":""2026-09-14"",""run_id"":""62ce72d45380414aabe46304bed788b2""},""join_samples"":{""date"":""2026-09-14"",""run_id"":""050b6083fcee4d8c90b1e2d8f9263c71""},""upload_data"":{""date"":""2026-09-14"",""run_id"":""fefd5c91ffd9482a8fb31ad02298b97b""}}"
1223,223,"53.411901500000006 , -113.4630891","53.5122882 , -113.463164",urban-urban,urban,1984,"{""sample_routes"":{""date"":""2026-09-14"",""run_id"":""62ce72d45380414aabe46304bed788b2""},""join_samples"":{""date"":""2026-09-14"",""run_id"":""050b6083fcee4d8c90b1e2d8f9263c71""},""upload_data"":{""date"":""2026-09-14"",""run_id"":""fefd5c91ffd9482a8fb31ad02298b97b""}}"
1224,224,"53.5243272 , -113.5068195","53.440696700000004 , -113.59009060000001",urban-urban,urban,1986,"{""sample_routes"":{""date"":""2026-09-14"",""run_id"":""62ce72d45380414aabe46304bed788b2""},""join_samples"":{""date"":""2026-09-14"",""run_id"":""050b6083fcee4d8c90b1e2d8f9263c71""},""upload_data"":{""date"":""2026-09-14"",""run_id"":""fefd5c91ffd9482a8fb31ad02298b97b""}}"
1225,225,"51.0844443 , -114.26882060000001","51.083934400000004 , -114.0116311",urban-urban,urban,1986,"{""sample_routes"":{""date"":""2026-09-14"",""run_id"":""62ce72d45380414aabe46304bed788b2""},""join_samples"":{""date"":""2026-09-14"",""run_id"":""050b6083fcee4d8c90b1e2d8f9263c71""},""upload_data"":{""date"":""2026-09-14"",""run_id"":""fefd5c91ffd9482a8fb31ad02298b97b""}}"
1227,227,"52.2844308 , -113.76656170000001","52.376975800000004 , -113.7662004",urban-urban,urban,1614,"{""sample_routes"":{""date"":""2026-09-14"",""run_id"":""62ce72d45380414aabe46304bed788b2""},""join_samples"":{""date"":""2026-09-14"",""run_id"":""050b6083fcee4d8c90b1e2d8f9263c71""},""upload_data"":{""date"":""2026-09-14"",""run_id"":""fefd5c91ffd9482a8fb31ad02298b97b""}}"
1228,228,"51.045586400000005 , -113.9757945","50.899002700000004 , -114.1218788",urban-urban,urban,1987,"{""sample_routes"":{""date"":""2026-09-14"",""run_id"":""62ce72d45380414aabe46304bed788b2""},""join_samples"":{""date"":""2026-09-14"",""run_id"":""050b6083fcee4d8c90b1e2d8f9263c71""},""upload_data"":{""date"":""2026-09-14"",""run_id"":""fefd5c91ffd9482a8fb31ad02298b97b""}}"
1230,230,"53.4556471 , -113.4203686","53.5547291 , -113.4204026",urban-urban,urban,1987,"{""sample_routes"":{""date"":""2026-09-14"",""run_id"":""62ce72d45380414aabe46304bed788b2""},""join_samples"":{""date"":""2026-09-14"",""run_id"":""050b6083fcee4d8c90b1e2d8f9263c71""},""upload_data"":{""date"":""2026-09-14"",""run_id"":""fefd5c91ffd9482a8fb31ad02298b97b""}}"
1231,231,"53.569264800000006 , -113.3502217","53.569831900000004 , -113.6642796",urban-urban,urban,1988,"{""sample_routes"":{""date"":""2026-09-14"",""run_id"":""62ce72d45380414aabe46304bed788b2""},""join_samples"":{""date"":""2026-09-14"",""run_id"":""050b6083fcee4d8c90b1e2d8f9263c71""},""upload_data"":{""date"":""2026-09-14"",""run_id"":""fefd5c91ffd9482a8fb31ad02298b97b""}}"
1232,232,"53.606202 , -113.4228319","53.532502 , -113.49707230000001",urban-urban,urban,1989,"{""sample_routes"":{""date"":""2026-09-14"",""run_id"":""62ce72d45380414aabe46304bed788b2""},""join_samples"":{""date"":""2026-09-14"",""run_id"":""050b6083fcee4d8c90b1e2d8f9263c71""},""upload_data"":{""date"":""2026-09-14"",""run_id"":""fefd5c91ffd9482a8fb31ad02298b97b""}}"
1234,234,"51.066525000000006 , -114.15073430000001","50.883236200000006 , -113.96763390000001",urban-urban,urban,1991,"{""sample_routes"":{""date"":""2026-09-14"",""run_id"":""62ce72d45380414aabe46304bed788b2""},""join_samples"":{""date"":""2026-09-14"",""run_id"":""050b6083fcee4d8c90b1e2d8f9263c71""},""upload_data"":{""date"":""2026-09-14"",""run_id"":""fefd5c91ffd9482a8fb31ad02298b97b""}}"
1238,238,"53.47963480000001 , -113.5785582","53.4034448 , -113.5026162",urban-rural,urban,1604,"{""sample_routes"":{""date"":""2026-09-14"",""run_id"":""62ce72d45380414aabe46304bed788b2""},""join_samples"":{""date"":""2026-09-14"",""run_id"":""050b6083fcee4d8c90b1e2d8f9263c71""},""upload_data"":{""date"":""2026-09-14"",""run_id"":""fefd5c91ffd9482a8fb31ad02298b97b""}}"
1240,240,"51.023634300000005 , -114.17048770000001","50.835616800000004 , -113.98247610000001",urban-urban,urban,1997,"{""sample_routes"":{""date"":""2026-09-14"",""run_id"":""62ce72d45380414aabe46304bed788b2""},""join_samples"":{""date"":""2026-09-14"",""run_id"":""050b6083fcee4d8c90b1e2d8f9263c71""},""upload_data"":{""date"":""2026-09-14"",""run_id"":""fefd5c91ffd9482a8fb31ad02298b97b""}}"
1243,243,"53.4811471 , -113.35189030000001","53.481847900000005 , -113.58666710000001",urban-urban,urban,1602,"{""sample_routes"":{""date"":""2026-09-14"",""run_id"":""62ce72d45380414aabe46304bed788b2""},""join_samples"":{""date"":""2026-09-14"",""run_id"":""050b6083fcee4d8c90b1e2d8f9263c71""},""upload_data"":{""date"":""2026-09-14"",""run_id"":""fefd5c91ffd9482a8fb31ad02298b97b""}}"
1245,245,"53.575135800000005 , -113.49286040000001","53.499741500000006 , -113.49326020000001",urban-urban,urban,2000,"{""sample_routes"":{""date"":""2026-09-14"",""run_id"":""62ce72d45380414aabe46304bed788b2""},""join_samples"":{""date"":""2026-09-14"",""run_id"":""050b6083fcee4d8c90b1e2d8f9263c71""},""upload_data"":{""date"":""2026-09-14"",""run_id"":""fefd5c91ffd9482a8fb31ad02298b97b""}}"
1246,246,"50.8525636 , -114.00989080000001","51.068922900000004 , -114.0095859",urban-urban,urban,2001,"{""sample_routes"":{""date"":""2026-09-14"",""run_id"":""62ce72d45380414aabe46304bed788b2""},""join_samples"":{""date"":""2026-09-14"",""run_id"":""050b6083fcee4d8c90b1e2d8f9263c71""},""upload_data"":{""date"":""2026-09-14"",""run_id"":""fefd5c91ffd9482a8fb31ad02298b97b""}}"
1249,249,"53.605137000000006 , -113.58005270000001","53.6049583 , -113.45848620000001",urban-urban,urban,1597,"{""sample_routes"":{""date"":""2026-09-14"",""run_id"":""62ce72d45380414aabe46304bed788b2""},""join_samples"":{""date"":""2026-09-14"",""run_id"":""050b6083fcee4d8c90b1e2d8f9263c71""},""upload_data"":{""date"":""2026-09-14"",""run_id"":""fefd5c91ffd9482a8fb31ad02298b97b""}}"
1251,251,"53.6280956 , -113.50980320000001","53.549435300000006 , -113.51027680000001",urban-urban,urban,2004,"{""sample_routes"":{""date"":""2026-09-14"",""run_id"":""62ce72d45380414aabe46304bed788b2""},""join_samples"":{""date"":""2026-09-14"",""run_id"":""050b6083fcee4d8c90b1e2d8f9263c71""},""upload_data"":{""date"":""2026-09-14"",""run_id"":""fefd5c91ffd9482a8fb31ad02298b97b""}}"
1254,254,"53.5718879 , -113.4937335","53.499767600000006 , -113.4931609",urban-urban,urban,2004,"{""sample_routes"":{""date"":""2026-09-14"",""run_id"":""62ce72d45380414aabe46304bed788b2""},""join_samples"":{""date"":""2026-09-14"",""run_id"":""050b6083fcee4d8c90b1e2d8f9263c71""},""upload_data"":{""date"":""2026-09-14"",""run_id"":""fefd5c91ffd9482a8fb31ad02298b97b""}}"
1260,260,"53.491739100000004 , -113.6749139","53.491675400000005 , -113.30989430000001",urban-urban,urban,2008,"{""sample_routes"":{""date"":""2026-09-14"",""run_id"":""62ce72d45380414aabe46304bed788b2""},""join_samples"":{""date"":""2026-09-14"",""run_id"":""050b6083fcee4d8c90b1e2d8f9263c71""},""upload_data"":{""date"":""2026-09-14"",""run_id"":""fefd5c91ffd9482a8fb31ad02298b97b""}}"
1262,262,"52.248624500000005 , -113.75460960000001","52.326762 , -113.83319700000001",urban-rural,urban,1591,"{""sample_routes"":{""date"":""2026-09-14"",""run_id"":""62ce72d45380414aabe46304bed788b2""},""join_samples"":{""date"":""2026-09-14"",""run_id"":""050b6083fcee4d8c90b1e2d8f9263c71""},""upload_data"":{""date"":""2026-09-14"",""run_id"":""fefd5c91ffd9482a8fb31ad02298b97b""}}"
1263,263,"51.14247760000001 , -114.0980658","51.031442600000005 , -114.09821570000001",urban-urban,urban,2010,"{""sample_routes"":{""date"":""2026-09-14"",""run_id"":""62ce72d45380414aabe46304bed788b2""},""join_samples"":{""date"":""2026-09-14"",""run_id"":""050b6083fcee4d8c90b1e2d8f9263c71""},""upload_data"":{""date"":""2026-09-14"",""run_id"":""fefd5c91ffd9482a8fb31ad02298b97b""}}"
1264,264,"53.520234 , -113.43225500000001","53.520660500000005 , -113.652061",urban-urban,urban,2010,"{""sample_routes"":{""date"":""2026-09-14"",""run_id"":""62ce72d45380414aabe46304bed788b2""},""join_samples"":{""date"":""2026-09-14"",""run_id"":""050b6083fcee4d8c90b1e2d8f9263c71""},""upload_data"":{""date"":""2026-09-14"",""run_id"":""fefd5c91ffd9482a8fb31ad02298b97b""}}"
1265,265,"53.5766287 , -113.49229670000001","53.4986539 , -113.49259590000001",urban-urban,urban,2010,"{""sample_routes"":{""date"":""2026-09-14"",""run_id"":""62ce72d45380414aabe46304bed788b2""},""join_samples"":{""date"":""2026-09-14"",""run_id"":""050b6083fcee4d8c90b1e2d8f9263c71""},""upload_data"":{""date"":""2026-09-14"",""run_id"":""fefd5c91ffd9482a8fb31ad02298b97b""}}"
1267,267,"53.4711742 , -113.414434","53.5434397 , -113.4859957",urban-urban,urban,2011,"{""sample_routes"":{""date"":""2026-09-14"",""run_id"":""62ce72d45380414aabe46304bed788b2""},""join_samples"":{""date"":""2026-09-14"",""run_id"":""050b6083fcee4d8c90b1e2d8f9263c71""},""upload_data"":{""date"":""2026-09-14"",""run_id"":""fefd5c91ffd9482a8fb31ad02298b97b""}}"
1270,270,"51.169757100000005 , -114.10971330000001","51.0899262 , -114.18967570000001",urban-urban,urban,1588,"{""sample_routes"":{""date"":""2026-09-14"",""run_id"":""62ce72d45380414aabe46304bed788b2""},""join_samples"":{""date"":""2026-09-14"",""run_id"":""050b6083fcee4d8c90b1e2d8f9263c71""},""upload_data"":{""date"":""2026-09-14"",""run_id"":""fefd5c91ffd9482a8fb31ad02298b97b""}}"
1272,272,"50.873905500000006 , -114.02914030000001","51.1544285 , -114.0284601",urban-urban,urban,2013,"{""sample_routes"":{""date"":""2026-09-14"",""run_id"":""62ce72d45380414aabe46304bed788b2""},""join_samples"":{""date"":""2026-09-14"",""run_id"":""050b6083fcee4d8c90b1e2d8f9263c71""},""upload_data"":{""date"":""2026-09-14"",""run_id"":""fefd5c91ffd9482a8fb31ad02298b97b""}}"
1276,276,"53.562975800000004 , -113.55123400000001","53.45500800000001 , -113.55191490000001",urban-urban,urban,2014,"{""sample_routes"":{""date"":""2026-09-14"",""run_id"":""62ce72d45380414aabe46304bed788b2""},""join_samples"":{""date"":""2026-09-14"",""run_id"":""050b6083fcee4d8c90b1e2d8f9263c71""},""upload_data"":{""date"":""2026-09-14"",""run_id"":""fefd5c91ffd9482a8fb31ad02298b97b""}}"
1277,277,"53.4517059 , -113.5841786","53.451619400000006 , -113.3459912",urban-rural,urban,1586,"{""sample_routes"":{""date"":""2026-09-14"",""run_id"":""62ce72d45380414aabe46304bed788b2""},""join_samples"":{""date"":""2026-09-14"",""run_id"":""050b6083fcee4d8c90b1e2d8f9263c71""},""upload_data"":{""date"":""2026-09-14"",""run_id"":""fefd5c91ffd9482a8fb31ad02298b97b""}}"
1278,278,"53.414420400000004 , -113.45166710000001","53.5122836 , -113.4519678",urban-urban,urban,2014,"{""sample_routes"":{""date"":""2026-09-14"",""run_id"":""62ce72d45380414aabe46304bed788b2""},""join_samples"":{""date"":""2026-09-14"",""run_id"":""050b6083fcee4d8c90b1e2d8f9263c71""},""upload_data"":{""date"":""2026-09-14"",""run_id"":""fefd5c91ffd9482a8fb31ad02298b97b""}}"
1279,279,"53.458230500000006 , -113.529595","53.540949000000005 , -113.5294983",urban-urban,urban,2014,"{""sample_routes"":{""date"":""2026-09-14"",""run_id"":""62ce72d45380414aabe46304bed788b2""},""join_samples"":{""date"":""2026-09-14"",""run_id"":""050b6083fcee4d8c90b1e2d8f9263c71""},""upload_data"":{""date"":""2026-09-14"",""run_id"":""fefd5c91ffd9482a8fb31ad02298b97b""}}"
1281,281,"53.5034854 , -113.5525398","53.4083264 , -113.5532036",urban-urban,urban,2015,"{""sample_routes"":{""date"":""2026-09-14"",""run_id"":""62ce72d45380414aabe46304bed788b2""},""join_samples"":{""date"":""2026-09-14"",""run_id"":""050b6083fcee4d8c90b1e2d8f9263c71""},""upload_data"":{""date"":""2026-09-14"",""run_id"":""fefd5c91ffd9482a8fb31ad02298b97b""}}"
1282,282,"51.0900048 , -114.1345502","50.8892807 , -113.9342635",urban-urban,urban,2015,"{""sample_routes"":{""date"":""2026-09-14"",""run_id"":""62ce72d45380414aabe46304bed788b2""},""join_samples"":{""date"":""2026-09-14"",""run_id"":""050b6083fcee4d8c90b1e2d8f9263c71""},""upload_data"":{""date"":""2026-09-14"",""run_id"":""fefd5c91ffd9482a8fb31ad02298b97b""}}"
1284,284,"53.410125 , -113.50699180000001","53.410835500000005 , -113.4232489",urban-urban,urban,1584,"{""sample_routes"":{""date"":""2026-09-14"",""run_id"":""62ce72d45380414aabe46304bed788b2""},""join_samples"":{""date"":""2026-09-14"",""run_id"":""050b6083fcee4d8c90b1e2d8f9263c71""},""upload_data"":{""date"":""2026-09-14"",""run_id"":""fefd5c91ffd9482a8fb31ad02298b97b""}}"
1286,286,"53.5783597 , -113.43641240000001","53.511789300000004 , -113.50261780000001",urban-urban,urban,2017,"{""sample_routes"":{""date"":""2026-09-14"",""run_id"":""62ce72d45380414aabe46304bed788b2""},""join_samples"":{""date"":""2026-09-14"",""run_id"":""050b6083fcee4d8c90b1e2d8f9263c71""},""upload_data"":{""date"":""2026-09-14"",""run_id"":""fefd5c91ffd9482a8fb31ad02298b97b""}}"
1287,287,"51.1081525 , -114.07956560000001","51.195036400000006 , -114.1659705",urban-urban,urban,1582,"{""sample_routes"":{""date"":""2026-09-14"",""run_id"":""62ce72d45380414aabe46304bed788b2""},""join_samples"":{""date"":""2026-09-14"",""run_id"":""050b6083fcee4d8c90b1e2d8f9263c71""},""upload_data"":{""date"":""2026-09-14"",""run_id"":""fefd5c91ffd9482a8fb31ad02298b97b""}}"
1289,289,"53.46802 , -113.52710590000001","53.3636348 , -113.5273705",urban-urban,urban,1582,"{""sample_routes"":{""date"":""2026-09-14"",""run_id"":""62ce72d45380414aabe46304bed788b2""},""join_samples"":{""date"":""2026-09-14"",""run_id"":""050b6083fcee4d8c90b1e2d8f9263c71""},""upload_data"":{""date"":""2026-09-14"",""run_id"":""fefd5c91ffd9482a8fb31ad02298b97b""}}"
1290,290,"51.0650927 , -113.97854330000001","50.92345520000001 , -114.12059400000001",urban-urban,urban,2018,"{""sample_routes"":{""date"":""2026-09-14"",""run_id"":""62ce72d45380414aabe46304bed788b2""},""join_samples"":{""date"":""2026-09-14"",""run_id"":""050b6083fcee4d8c90b1e2d8f9263c71""},""upload_data"":{""date"":""2026-09-14"",""run_id"":""fefd5c91ffd9482a8fb31ad02298b97b""}}"
1292,292,"53.4424988 , -113.49569330000001","53.550668 , -113.6035288",urban-urban,urban,2019,"{""sample_routes"":{""date"":""2026-09-14"",""run_id"":""62ce72d45380414aabe46304bed788b2""},""join_samples"":{""date"":""2026-09-14"",""run_id"":""050b6083fcee4d8c90b1e2d8f9263c71""},""upload_data"":{""date"":""2026-09-14"",""run_id"":""fefd5c91ffd9482a8fb31ad02298b97b""}}"
1293,293,"51.0845889 , -114.1435055","51.083976 , -113.9349322",urban-urban,urban,2019,"{""sample_routes"":{""date"":""2026-09-14"",""run_id"":""62ce72d45380414aabe46304bed788b2""},""join_samples"":{""date"":""2026-09-14"",""run_id"":""050b6083fcee4d8c90b1e2d8f9263c71""},""upload_data"":{""date"":""2026-09-14"",""run_id"":""fefd5c91ffd9482a8fb31ad02298b97b""}}"
1296,296,"53.6078702 , -113.4706802","53.530152 , -113.54817190000001",urban-urban,urban,2020,"{""sample_routes"":{""date"":""2026-09-14"",""run_id"":""62ce72d45380414aabe46304bed788b2""},""join_samples"":{""date"":""2026-09-14"",""run_id"":""050b6083fcee4d8c90b1e2d8f9263c71""},""upload_data"":{""date"":""2026-09-14"",""run_id"":""fefd5c91ffd9482a8fb31ad02298b97b""}}"
1302,302,"53.5304348 , -113.4548721","53.6286605 , -113.4551455",urban-urban,urban,2023,"{""sample_routes"":{""date"":""2026-09-14"",""run_id"":""62ce72d45380414aabe46304bed788b2""},""join_samples"":{""date"":""2026-09-14"",""run_id"":""050b6083fcee4d8c90b1e2d8f9263c71""},""upload_data"":{""date"":""2026-09-14"",""run_id"":""fefd5c91ffd9482a8fb31ad02298b97b""}}"
1306,306,"51.1178655 , -114.06264970000001","51.1825376 , -114.1271081",urban-urban,urban,1574,"{""sample_routes"":{""date"":""2026-09-14"",""run_id"":""62ce72d45380414aabe46304bed788b2""},""join_samples"":{""date"":""2026-09-14"",""run_id"":""050b6083fcee4d8c90b1e2d8f9263c71""},""upload_data"":{""date"":""2026-09-14"",""run_id"":""fefd5c91ffd9482a8fb31ad02298b97b""}}"
1312,312,"53.515940400000005 , -113.3297314","53.5161595 , -113.5094466",urban-urban,urban,2027,"{""sample_routes"":{""date"":""2026-09-14"",""run_id"":""62ce72d45380414aabe46304bed788b2""},""join_samples"":{""date"":""2026-09-14"",""run_id"":""050b6083fcee4d8c90b1e2d8f9263c71""},""upload_data"":{""date"":""2026-09-14"",""run_id"":""fefd5c91ffd9482a8fb31ad02298b97b""}}"
1313,313,"51.13443770000001 , -114.2553563","50.9570506 , -114.07841560000001",urban-urban,urban,2028,"{""sample_routes"":{""date"":""2026-09-14"",""run_id"":""62ce72d45380414aabe46304bed788b2""},""join_samples"":{""date"":""2026-09-14"",""run_id"":""050b6083fcee4d8c90b1e2d8f9263c71""},""upload_data"":{""date"":""2026-09-14"",""run_id"":""fefd5c91ffd9482a8fb31ad02298b97b""}}"
1318,318,"53.435563300000005 , -113.4953272","53.5237271 , -113.49592510000001",rural-urban,urban,1570,"{""sample_routes"":{""date"":""2026-09-14"",""run_id"":""62ce72d45380414aabe46304bed788b2""},""join_samples"":{""date"":""2026-09-14"",""run_id"":""050b6083fcee4d8c90b1e2d8f9263c71""},""upload_data"":{""date"":""2026-09-14"",""run_id"":""fefd5c91ffd9482a8fb31ad02298b97b""}}"
1322,322,"53.500778800000006 , -113.27512800000001","53.500243000000005 , -113.5703653",urban-urban,urban,2032,"{""sample_routes"":{""date"":""2026-09-14"",""run_id"":""62ce72d45380414aabe46304bed788b2""},""join_samples"":{""date"":""2026-09-14"",""run_id"":""050b6083fcee4d8c90b1e2d8f9263c71""},""upload_data"":{""date"":""2026-09-14"",""run_id"":""fefd5c91ffd9482a8fb31ad02298b97b""}}"
1323,323,"53.5411511 , -113.2633224","53.541296 , -113.4540501",urban-urban,urban,2032,"{""sample_routes"":{""date"":""2026-09-14"",""run_id"":""62ce72d45380414aabe46304bed788b2""},""join_samples"":{""date"":""2026-09-14"",""run_id"":""050b6083fcee4d8c90b1e2d8f9263c71""},""upload_data"":{""date"":""2026-09-14"",""run_id"":""fefd5c91ffd9482a8fb31ad02298b97b""}}"
1325,325,"53.476090600000006 , -113.35339250000001","53.4765062 , -113.6768545",urban-urban,urban,2033,"{""sample_routes"":{""date"":""2026-09-14"",""run_id"":""62ce72d45380414aabe46304bed788b2""},""join_samples"":{""date"":""2026-09-14"",""run_id"":""050b6083fcee4d8c90b1e2d8f9263c71""},""upload_data"":{""date"":""2026-09-14"",""run_id"":""fefd5c91ffd9482a8fb31ad02298b97b""}}"
1326,326,"53.518844800000004 , -113.30935570000001","53.51936490000001 , -113.52422920000001",urban-urban,urban,2033,"{""sample_routes"":{""date"":""2026-09-14"",""run_id"":""62ce72d45380414aabe46304bed788b2""},""join_samples"":{""date"":""2026-09-14"",""run_id"":""050b6083fcee4d8c90b1e2d8f9263c71""},""upload_data"":{""date"":""2026-09-14"",""run_id"":""fefd5c91ffd9482a8fb31ad02298b97b""}}"
1328,328,"53.60996840000001 , -113.50773960000001","53.5215218 , -113.41870890000001",urban-urban,urban,2035,"{""sample_routes"":{""date"":""2026-09-14"",""run_id"":""62ce72d45380414aabe46304bed788b2""},""join_samples"":{""date"":""2026-09-14"",""run_id"":""050b6083fcee4d8c90b1e2d8f9263c71""},""upload_data"":{""date"":""2026-09-14"",""run_id"":""fefd5c91ffd9482a8fb31ad02298b97b""}}"
1329,329,"50.842822600000005 , -113.9290203","51.0534977 , -113.9293995",urban-urban,urban,2035,"{""sample_routes"":{""date"":""2026-09-14"",""run_id"":""62ce72d45380414aabe46304bed788b2""},""join_samples"":{""date"":""2026-09-14"",""run_id"":""050b6083fcee4d8c90b1e2d8f9263c71""},""upload_data"":{""date"":""2026-09-14"",""run_id"":""fefd5c91ffd9482a8fb31ad02298b97b""}}"
1331,331,"51.086291900000006 , -113.9674583","50.8167613 , -113.96788910000001",urban-urban,urban,2036,"{""sample_routes"":{""date"":""2026-09-14"",""run_id"":""62ce72d45380414aabe46304bed788b2""},""join_samples"":{""date"":""2026-09-14"",""run_id"":""050b6083fcee4d8c90b1e2d8f9263c71""},""upload_data"":{""date"":""2026-09-14"",""run_id"":""fefd5c91ffd9482a8fb31ad02298b97b""}}"
1332,332,"51.0161424 , -114.06700190000001","50.852495700000006 , -114.06744540000001",urban-urban,urban,2036,"{""sample_routes"":{""date"":""2026-09-14"",""run_id"":""62ce72d45380414aabe46304bed788b2""},""join_samples"":{""date"":""2026-09-14"",""run_id"":""050b6083fcee4d8c90b1e2d8f9263c71""},""upload_data"":{""date"":""2026-09-14"",""run_id"":""fefd5c91ffd9482a8fb31ad02298b97b""}}"
1335,335,"53.579837000000005 , -113.412412","53.634538000000006 , -113.4664489",urban-urban,urban,1563,"{""sample_routes"":{""date"":""2026-09-14"",""run_id"":""62ce72d45380414aabe46304bed788b2""},""join_samples"":{""date"":""2026-09-14"",""run_id"":""050b6083fcee4d8c90b1e2d8f9263c71""},""upload_data"":{""date"":""2026-09-14"",""run_id"":""fefd5c91ffd9482a8fb31ad02298b97b""}}"
1337,337,"50.871428 , -113.95637180000001","51.0688122 , -114.1535721",urban-urban,urban,2037,"{""sample_routes"":{""date"":""2026-09-14"",""run_id"":""62ce72d45380414aabe46304bed788b2""},""join_samples"":{""date"":""2026-09-14"",""run_id"":""050b6083fcee4d8c90b1e2d8f9263c71""},""upload_data"":{""date"":""2026-09-14"",""run_id"":""fefd5c91ffd9482a8fb31ad02298b97b""}}"
1339,339,"51.037939900000005 , -113.9703719","50.8952636 , -114.11259500000001",urban-urban,urban,2037,"{""sample_routes"":{""date"":""2026-09-14"",""run_id"":""62ce72d45380414aabe46304bed788b2""},""join_samples"":{""date"":""2026-09-14"",""run_id"":""050b6083fcee4d8c90b1e2d8f9263c71""},""upload_data"":{""date"":""2026-09-14"",""run_id"":""fefd5c91ffd9482a8fb31ad02298b97b""}}"
1343,343,"50.8545937 , -114.0176167","51.0574445 , -114.0178106",urban-urban,urban,2039,"{""sample_routes"":{""date"":""2026-09-14"",""run_id"":""62ce72d45380414aabe46304bed788b2""},""join_samples"":{""date"":""2026-09-14"",""run_id"":""050b6083fcee4d8c90b1e2d8f9263c71""},""upload_data"":{""date"":""2026-09-14"",""run_id"":""fefd5c91ffd9482a8fb31ad02298b97b""}}"
1346,346,"53.5270914 , -113.4683533","53.5992892 , -113.54061270000001",urban-urban,urban,2040,"{""sample_routes"":{""date"":""2026-09-14"",""run_id"":""62ce72d45380414aabe46304bed788b2""},""join_samples"":{""date"":""2026-09-14"",""run_id"":""050b6083fcee4d8c90b1e2d8f9263c71""},""upload_data"":{""date"":""2026-09-14"",""run_id"":""fefd5c91ffd9482a8fb31ad02298b97b""}}"
1349,349,"51.069875 , -114.1531339","51.070494100000005 , -113.9251188",urban-urban,urban,2040,"{""sample_routes"":{""date"":""2026-09-14"",""run_id"":""62ce72d45380414aabe46304bed788b2""},""join_samples"":{""date"":""2026-09-14"",""run_id"":""050b6083fcee4d8c90b1e2d8f9263c71""},""upload_data"":{""date"":""2026-09-14"",""run_id"":""fefd5c91ffd9482a8fb31ad02298b97b""}}"
1350,350,"51.087083400000004 , -114.14206700000001","50.8854539 , -113.94020640000001",urban-urban,urban,2040,"{""sample_routes"":{""date"":""2026-09-14"",""run_id"":""62ce72d45380414aabe46304bed788b2""},""join_samples"":{""date"":""2026-09-14"",""run_id"":""050b6083fcee4d8c90b1e2d8f9263c71""},""upload_data"":{""date"":""2026-09-14"",""run_id"":""fefd5c91ffd9482a8fb31ad02298b97b""}}"
1351,351,"51.1060911 , -114.03660970000001","51.030360900000005 , -114.1119012",urban-urban,urban,1560,"{""sample_routes"":{""date"":""2026-09-14"",""run_id"":""62ce72d45380414aabe46304bed788b2""},""join_samples"":{""date"":""2026-09-14"",""run_id"":""050b6083fcee4d8c90b1e2d8f9263c71""},""upload_data"":{""date"":""2026-09-14"",""run_id"":""fefd5c91ffd9482a8fb31ad02298b97b""}}"
1352,352,"51.053811700000004 , -113.97122540000001","50.9144731 , -114.11095080000001",urban-urban,urban,2041,"{""sample_routes"":{""date"":""2026-09-14"",""run_id"":""62ce72d45380414aabe46304bed788b2""},""join_samples"":{""date"":""2026-09-14"",""run_id"":""050b6083fcee4d8c90b1e2d8f9263c71""},""upload_data"":{""date"":""2026-09-14"",""run_id"":""fefd5c91ffd9482a8fb31ad02298b97b""}}"
1353,353,"53.5620203 , -113.28877510000001","53.5621097 , -113.5781304",urban-urban,urban,2041,"{""sample_routes"":{""date"":""2026-09-14"",""run_id"":""62ce72d45380414aabe46304bed788b2""},""join_samples"":{""date"":""2026-09-14"",""run_id"":""050b6083fcee4d8c90b1e2d8f9263c71""},""upload_data"":{""date"":""2026-09-14"",""run_id"":""fefd5c91ffd9482a8fb31ad02298b97b""}}"
1354,354,"53.413407600000006 , -113.47513260000001","53.5375777 , -113.5991137",urban-urban,urban,2042,"{""sample_routes"":{""date"":""2026-09-14"",""run_id"":""62ce72d45380414aabe46304bed788b2""},""join_samples"":{""date"":""2026-09-14"",""run_id"":""050b6083fcee4d8c90b1e2d8f9263c71""},""upload_data"":{""date"":""2026-09-14"",""run_id"":""fefd5c91ffd9482a8fb31ad02298b97b""}}"
1356,356,"51.072167400000005 , -113.97222420000001","50.9243053 , -114.1197968",urban-urban,urban,2043,"{""sample_routes"":{""date"":""2026-09-14"",""run_id"":""62ce72d45380414aabe46304bed788b2""},""join_samples"":{""date"":""2026-09-14"",""run_id"":""050b6083fcee4d8c90b1e2d8f9263c71""},""upload_data"":{""date"":""2026-09-14"",""run_id"":""fefd5c91ffd9482a8fb31ad02298b97b""}}"
1357,357,"53.5265932 , -113.5176842","53.458557500000005 , -113.4498432",urban-urban,urban,2043,"{""sample_routes"":{""date"":""2026-09-14"",""run_id"":""62ce72d45380414aabe46304bed788b2""},""join_samples"":{""date"":""2026-09-14"",""run_id"":""050b6083fcee4d8c90b1e2d8f9263c71""},""upload_data"":{""date"":""2026-09-14"",""run_id"":""fefd5c91ffd9482a8fb31ad02298b97b""}}"
1358,358,"53.608191500000004 , -113.52282430000001","53.519048000000005 , -113.4330379",urban-urban,urban,2043,"{""sample_routes"":{""date"":""2026-09-14"",""run_id"":""62ce72d45380414aabe46304bed788b2""},""join_samples"":{""date"":""2026-09-14"",""run_id"":""050b6083fcee4d8c90b1e2d8f9263c71""},""upload_data"":{""date"":""2026-09-14"",""run_id"":""fefd5c91ffd9482a8fb31ad02298b97b""}}"
1360,360,"53.53755090000001 , -113.49355820000001","53.6212243 , -113.4932682",urban-urban,urban,2043,"{""sample_routes"":{""date"":""2026-09-14"",""run_id"":""62ce72d45380414aabe46304bed788b2""},""join_samples"":{""date"":""2026-09-14"",""run_id"":""050b6083fcee4d8c90b1e2d8f9263c71""},""upload_data"":{""date"":""2026-09-14"",""run_id"":""fefd5c91ffd9482a8fb31ad02298b97b""}}"
1362,362,"53.4622382 , -113.43365290000001","53.5515139 , -113.4343408",urban-urban,urban,2044,"{""sample_routes"":{""date"":""2026-09-14"",""run_id"":""62ce72d45380414aabe46304bed788b2""},""join_samples"":{""date"":""2026-09-14"",""run_id"":""050b6083fcee4d8c90b1e2d8f9263c71""},""upload_data"":{""date"":""2026-09-14"",""run_id"":""fefd5c91ffd9482a8fb31ad02298b97b""}}"
1363,363,"53.515517100000004 , -113.2648989","53.516107500000004 , -113.48632850000001",urban-urban,urban,2044,"{""sample_routes"":{""date"":""2026-09-14"",""run_id"":""62ce72d45380414aabe46304bed788b2""},""join_samples"":{""date"":""2026-09-14"",""run_id"":""050b6083fcee4d8c90b1e2d8f9263c71""},""upload_data"":{""date"":""2026-09-14"",""run_id"":""fefd5c91ffd9482a8fb31ad02298b97b""}}"
1367,367,"51.0904162 , -113.9309709","50.9366172 , -114.08437420000001",urban-urban,urban,2046,"{""sample_routes"":{""date"":""2026-09-14"",""run_id"":""62ce72d45380414aabe46304bed788b2""},""join_samples"":{""date"":""2026-09-14"",""run_id"":""050b6083fcee4d8c90b1e2d8f9263c71""},""upload_data"":{""date"":""2026-09-14"",""run_id"":""fefd5c91ffd9482a8fb31ad02298b97b""}}"
1369,369,"51.090983900000005 , -114.26563650000001","51.091155 , -114.0398413",urban-urban,urban,2046,"{""sample_routes"":{""date"":""2026-09-14"",""run_id"":""62ce72d45380414aabe46304bed788b2""},""join_samples"":{""date"":""2026-09-14"",""run_id"":""050b6083fcee4d8c90b1e2d8f9263c71""},""upload_data"":{""date"":""2026-09-14"",""run_id"":""fefd5c91ffd9482a8fb31ad02298b97b""}}"
1373,373,"51.156696800000006 , -114.06797220000001","50.9153825 , -114.06842250000001",urban-urban,urban,2048,"{""sample_routes"":{""date"":""2026-09-14"",""run_id"":""62ce72d45380414aabe46304bed788b2""},""join_samples"":{""date"":""2026-09-14"",""run_id"":""050b6083fcee4d8c90b1e2d8f9263c71""},""upload_data"":{""date"":""2026-09-14"",""run_id"":""fefd5c91ffd9482a8fb31ad02298b97b""}}"
1376,376,"51.127734000000004 , -114.13646270000001","51.0317226 , -114.2320038",urban-rural,urban,1552,"{""sample_routes"":{""date"":""2026-09-14"",""run_id"":""62ce72d45380414aabe46304bed788b2""},""join_samples"":{""date"":""2026-09-14"",""run_id"":""050b6083fcee4d8c90b1e2d8f9263c71""},""upload_data"":{""date"":""2026-09-14"",""run_id"":""fefd5c91ffd9482a8fb31ad02298b97b""}}"
1377,377,"53.4656195 , -113.45160840000001","53.560407100000006 , -113.4519451",urban-urban,urban,2048,"{""sample_routes"":{""date"":""2026-09-14"",""run_id"":""62ce72d45380414aabe46304bed788b2""},""join_samples"":{""date"":""2026-09-14"",""run_id"":""050b6083fcee4d8c90b1e2d8f9263c71""},""upload_data"":{""date"":""2026-09-14"",""run_id"":""fefd5c91ffd9482a8fb31ad02298b97b""}}"
1378,378,"53.470799500000005 , -113.5752247","53.549820100000005 , -113.49557700000001",urban-urban,urban,2048,"{""sample_routes"":{""date"":""2026-09-14"",""run_id"":""62ce72d45380414aabe46304bed788b2""},""join_samples"":{""date"":""2026-09-14"",""run_id"":""050b6083fcee4d8c90b1e2d8f9263c71""},""upload_data"":{""date"":""2026-09-14"",""run_id"":""fefd5c91ffd9482a8fb31ad02298b97b""}}"
1382,382,"50.879558800000005 , -113.9523556","51.078078700000006 , -114.15031280000001",urban-urban,urban,2049,"{""sample_routes"":{""date"":""2026-09-14"",""run_id"":""62ce72d45380414aabe46304bed788b2""},""join_samples"":{""date"":""2026-09-14"",""run_id"":""050b6083fcee4d8c90b1e2d8f9263c71""},""upload_data"":{""date"":""2026-09-14"",""run_id"":""fefd5c91ffd9482a8fb31ad02298b97b""}}"
1383,383,"53.620973600000006 , -113.4242653","53.544661000000005 , -113.50114160000001",urban-urban,urban,2049,"{""sample_routes"":{""date"":""2026-09-14"",""run_id"":""62ce72d45380414aabe46304bed788b2""},""join_samples"":{""date"":""2026-09-14"",""run_id"":""050b6083fcee4d8c90b1e2d8f9263c71""},""upload_data"":{""date"":""2026-09-14"",""run_id"":""fefd5c91ffd9482a8fb31ad02298b97b""}}"
1384,384,"53.4988344 , -113.2752061","53.49931960000001 , -113.5226305",urban-urban,urban,2049,"{""sample_routes"":{""date"":""2026-09-14"",""run_id"":""62ce72d45380414aabe46304bed788b2""},""join_samples"":{""date"":""2026-09-14"",""run_id"":""050b6083fcee4d8c90b1e2d8f9263c71""},""upload_data"":{""date"":""2026-09-14"",""run_id"":""fefd5c91ffd9482a8fb31ad02298b97b""}}"
1385,385,"51.145692000000004 , -114.19849280000001","51.0269764 , -114.08019440000001",urban-urban,urban,2050,"{""sample_routes"":{""date"":""2026-09-14"",""run_id"":""62ce72d45380414aabe46304bed788b2""},""join_samples"":{""date"":""2026-09-14"",""run_id"":""050b6083fcee4d8c90b1e2d8f9263c71""},""upload_data"":{""date"":""2026-09-14"",""run_id"":""fefd5c91ffd9482a8fb31ad02298b97b""}}"
1386,386,"50.884222900000005 , -113.9492924","51.105034800000006 , -114.169488",urban-urban,urban,2050,"{""sample_routes"":{""date"":""2026-09-14"",""run_id"":""62ce72d45380414aabe46304bed788b2""},""join_samples"":{""date"":""2026-09-14"",""run_id"":""050b6083fcee4d8c90b1e2d8f9263c71""},""upload_data"":{""date"":""2026-09-14"",""run_id"":""fefd5c91ffd9482a8fb31ad02298b97b""}}"
1388,388,"53.514139500000006 , -113.4428378","53.6032646 , -113.5325981",urban-urban,urban,2050,"{""sample_routes"":{""date"":""2026-09-14"",""run_id"":""62ce72d45380414aabe46304bed788b2""},""join_samples"":{""date"":""2026-09-14"",""run_id"":""050b6083fcee4d8c90b1e2d8f9263c71""},""upload_data"":{""date"":""2026-09-14"",""run_id"":""fefd5c91ffd9482a8fb31ad02298b97b""}}"
1389,389,"53.55141630000001 , -113.50647380000001","53.5507597 , -113.2894517",urban-urban,urban,2050,"{""sample_routes"":{""date"":""2026-09-14"",""run_id"":""62ce72d45380414aabe46304bed788b2""},""join_samples"":{""date"":""2026-09-14"",""run_id"":""050b6083fcee4d8c90b1e2d8f9263c71""},""upload_data"":{""date"":""2026-09-14"",""run_id"":""fefd5c91ffd9482a8fb31ad02298b97b""}}"
1390,390,"53.514338 , -113.25700130000001","53.5137243 , -113.48284570000001",urban-urban,urban,2050,"{""sample_routes"":{""date"":""2026-09-14"",""run_id"":""62ce72d45380414aabe46304bed788b2""},""join_samples"":{""date"":""2026-09-14"",""run_id"":""050b6083fcee4d8c90b1e2d8f9263c71""},""upload_data"":{""date"":""2026-09-14"",""run_id"":""fefd5c91ffd9482a8fb31ad02298b97b""}}"
1391,391,"51.158284300000005 , -114.08782140000001","50.9505908 , -114.0883156",urban-urban,urban,2051,"{""sample_routes"":{""date"":""2026-09-14"",""run_id"":""62ce72d45380414aabe46304bed788b2""},""join_samples"":{""date"":""2026-09-14"",""run_id"":""050b6083fcee4d8c90b1e2d8f9263c71""},""upload_data"":{""date"":""2026-09-14"",""run_id"":""fefd5c91ffd9482a8fb31ad02298b97b""}}"
1394,394,"53.4604574 , -113.54237140000001","53.5588008 , -113.54287810000001",urban-urban,urban,2051,"{""sample_routes"":{""date"":""2026-09-14"",""run_id"":""62ce72d45380414aabe46304bed788b2""},""join_samples"":{""date"":""2026-09-14"",""run_id"":""050b6083fcee4d8c90b1e2d8f9263c71""},""upload_data"":{""date"":""2026-09-14"",""run_id"":""fefd5c91ffd9482a8fb31ad02298b97b""}}"
1396,396,"51.164977900000004 , -114.2573967","50.9246149 , -114.01768530000001",urban-urban,urban,2052,"{""sample_routes"":{""date"":""2026-09-14"",""run_id"":""62ce72d45380414aabe46304bed788b2""},""join_samples"":{""date"":""2026-09-14"",""run_id"":""050b6083fcee4d8c90b1e2d8f9263c71""},""upload_data"":{""date"":""2026-09-14"",""run_id"":""fefd5c91ffd9482a8fb31ad02298b97b""}}"
1397,397,"51.0906213 , -113.94699530000001","50.95787 , -114.0791801",urban-urban,urban,2052,"{""sample_routes"":{""date"":""2026-09-14"",""run_id"":""62ce72d45380414aabe46304bed788b2""},""join_samples"":{""date"":""2026-09-14"",""run_id"":""050b6083fcee4d8c90b1e2d8f9263c71""},""upload_data"":{""date"":""2026-09-14"",""run_id"":""fefd5c91ffd9482a8fb31ad02298b97b""}}"
1402,402,"51.018952600000006 , -114.18365340000001","51.2057282 , -113.99660250000001",urban-urban,urban,2053,"{""sample_routes"":{""date"":""2026-09-14"",""run_id"":""62ce72d45380414aabe46304bed788b2""},""join_samples"":{""date"":""2026-09-14"",""run_id"":""050b6083fcee4d8c90b1e2d8f9263c71""},""upload_data"":{""date"":""2026-09-14"",""run_id"":""fefd5c91ffd9482a8fb31ad02298b97b""}}"
1405,405,"53.53827630000001 , -113.49359940000001","53.460853400000005 , -113.4168128",urban-urban,urban,2053,"{""sample_routes"":{""date"":""2026-09-14"",""run_id"":""62ce72d45380414aabe46304bed788b2""},""join_samples"":{""date"":""2026-09-14"",""run_id"":""050b6083fcee4d8c90b1e2d8f9263c71""},""upload_data"":{""date"":""2026-09-14"",""run_id"":""fefd5c91ffd9482a8fb31ad02298b97b""}}"
1408,408,"51.1562144 , -114.05163280000001","51.0260936 , -114.1813285",urban-urban,urban,2054,"{""sample_routes"":{""date"":""2026-09-14"",""run_id"":""62ce72d45380414aabe46304bed788b2""},""join_samples"":{""date"":""2026-09-14"",""run_id"":""050b6083fcee4d8c90b1e2d8f9263c71""},""upload_data"":{""date"":""2026-09-14"",""run_id"":""fefd5c91ffd9482a8fb31ad02298b97b""}}"
1409,409,"53.6142315 , -113.5137871","53.536117100000006 , -113.5920949",urban-urban,urban,2055,"{""sample_routes"":{""date"":""2026-09-14"",""run_id"":""62ce72d45380414aabe46304bed788b2""},""join_samples"":{""date"":""2026-09-14"",""run_id"":""050b6083fcee4d8c90b1e2d8f9263c71""},""upload_data"":{""date"":""2026-09-14"",""run_id"":""fefd5c91ffd9482a8fb31ad02298b97b""}}"
1411,411,"53.5463868 , -113.5709006","53.54711150000001 , -113.4245413",urban-urban,urban,2055,"{""sample_routes"":{""date"":""2026-09-14"",""run_id"":""62ce72d45380414aabe46304bed788b2""},""join_samples"":{""date"":""2026-09-14"",""run_id"":""050b6083fcee4d8c90b1e2d8f9263c71""},""upload_data"":{""date"":""2026-09-14"",""run_id"":""fefd5c91ffd9482a8fb31ad02298b97b""}}"
1413,413,"50.915550100000004 , -113.9201479","51.068845100000004 , -114.0740131",urban-urban,urban,2055,"{""sample_routes"":{""date"":""2026-09-14"",""run_id"":""62ce72d45380414aabe46304bed788b2""},""join_samples"":{""date"":""2026-09-14"",""run_id"":""050b6083fcee4d8c90b1e2d8f9263c71""},""upload_data"":{""date"":""2026-09-14"",""run_id"":""fefd5c91ffd9482a8fb31ad02298b97b""}}"
1415,415,"51.159004800000005 , -113.96320650000001","50.9230341 , -113.96267850000001",urban-urban,urban,2056,"{""sample_routes"":{""date"":""2026-09-14"",""run_id"":""62ce72d45380414aabe46304bed788b2""},""join_samples"":{""date"":""2026-09-14"",""run_id"":""050b6083fcee4d8c90b1e2d8f9263c71""},""upload_data"":{""date"":""2026-09-14"",""run_id"":""fefd5c91ffd9482a8fb31ad02298b97b""}}"
1416,416,"51.106385200000005 , -113.9695573","50.9612508 , -114.1144634",urban-urban,urban,2056,"{""sample_routes"":{""date"":""2026-09-14"",""run_id"":""62ce72d45380414aabe46304bed788b2""},""join_samples"":{""date"":""2026-09-14"",""run_id"":""050b6083fcee4d8c90b1e2d8f9263c71""},""upload_data"":{""date"":""2026-09-14"",""run_id"":""fefd5c91ffd9482a8fb31ad02298b97b""}}"
1419,419,"51.1339368 , -114.1719982","51.026489100000006 , -114.171609",urban-urban,urban,2057,"{""sample_routes"":{""date"":""2026-09-14"",""run_id"":""62ce72d45380414aabe46304bed788b2""},""join_samples"":{""date"":""2026-09-14"",""run_id"":""050b6083fcee4d8c90b1e2d8f9263c71""},""upload_data"":{""date"":""2026-09-14"",""run_id"":""fefd5c91ffd9482a8fb31ad02298b97b""}}"
1422,422,"50.884963600000006 , -113.91752050000001","51.04646820000001 , -114.07877090000001",urban-urban,urban,2057,"{""sample_routes"":{""date"":""2026-09-14"",""run_id"":""62ce72d45380414aabe46304bed788b2""},""join_samples"":{""date"":""2026-09-14"",""run_id"":""050b6083fcee4d8c90b1e2d8f9263c71""},""upload_data"":{""date"":""2026-09-14"",""run_id"":""fefd5c91ffd9482a8fb31ad02298b97b""}}"
1423,423,"50.9097543 , -114.07787520000001","51.027331000000004 , -114.07843550000001",urban-urban,urban,2057,"{""sample_routes"":{""date"":""2026-09-14"",""run_id"":""62ce72d45380414aabe46304bed788b2""},""join_samples"":{""date"":""2026-09-14"",""run_id"":""050b6083fcee4d8c90b1e2d8f9263c71""},""upload_data"":{""date"":""2026-09-14"",""run_id"":""fefd5c91ffd9482a8fb31ad02298b97b""}}"
1428,428,"53.563093900000005 , -113.2856768","53.563023300000005 , -113.59887850000001",urban-urban,urban,2058,"{""sample_routes"":{""date"":""2026-09-14"",""run_id"":""62ce72d45380414aabe46304bed788b2""},""join_samples"":{""date"":""2026-09-14"",""run_id"":""050b6083fcee4d8c90b1e2d8f9263c71""},""upload_data"":{""date"":""2026-09-14"",""run_id"":""fefd5c91ffd9482a8fb31ad02298b97b""}}"
1431,431,"53.515055600000004 , -113.58409800000001","53.5147093 , -113.33167730000001",urban-urban,urban,2059,"{""sample_routes"":{""date"":""2026-09-14"",""run_id"":""62ce72d45380414aabe46304bed788b2""},""join_samples"":{""date"":""2026-09-14"",""run_id"":""050b6083fcee4d8c90b1e2d8f9263c71""},""upload_data"":{""date"":""2026-09-14"",""run_id"":""fefd5c91ffd9482a8fb31ad02298b97b""}}"
1432,432,"53.561196100000004 , -113.28166440000001","53.561027300000006 , -113.6152256",urban-urban,urban,2059,"{""sample_routes"":{""date"":""2026-09-14"",""run_id"":""62ce72d45380414aabe46304bed788b2""},""join_samples"":{""date"":""2026-09-14"",""run_id"":""050b6083fcee4d8c90b1e2d8f9263c71""},""upload_data"":{""date"":""2026-09-14"",""run_id"":""fefd5c91ffd9482a8fb31ad02298b97b""}}"
1433,433,"53.5207932 , -113.3218482","53.5209343 , -113.5178331",urban-urban,urban,2059,"{""sample_routes"":{""date"":""2026-09-14"",""run_id"":""62ce72d45380414aabe46304bed788b2""},""join_samples"":{""date"":""2026-09-14"",""run_id"":""050b6083fcee4d8c90b1e2d8f9263c71""},""upload_data"":{""date"":""2026-09-14"",""run_id"":""fefd5c91ffd9482a8fb31ad02298b97b""}}"
1435,435,"51.1543131 , -113.9585938","50.925544800000004 , -113.95844550000001",urban-urban,urban,2059,"{""sample_routes"":{""date"":""2026-09-14"",""run_id"":""62ce72d45380414aabe46304bed788b2""},""join_samples"":{""date"":""2026-09-14"",""run_id"":""050b6083fcee4d8c90b1e2d8f9263c71""},""upload_data"":{""date"":""2026-09-14"",""run_id"":""fefd5c91ffd9482a8fb31ad02298b97b""}}"
1437,437,"53.512755500000004 , -113.28730890000001","53.5122629 , -113.4974753",urban-urban,urban,2060,"{""sample_routes"":{""date"":""2026-09-14"",""run_id"":""62ce72d45380414aabe46304bed788b2""},""join_samples"":{""date"":""2026-09-14"",""run_id"":""050b6083fcee4d8c90b1e2d8f9263c71""},""upload_data"":{""date"":""2026-09-14"",""run_id"":""fefd5c91ffd9482a8fb31ad02298b97b""}}"
1439,439,"53.465861100000005 , -113.4202178","53.537689400000005 , -113.49135000000001",urban-urban,urban,2060,"{""sample_routes"":{""date"":""2026-09-14"",""run_id"":""62ce72d45380414aabe46304bed788b2""},""join_samples"":{""date"":""2026-09-14"",""run_id"":""050b6083fcee4d8c90b1e2d8f9263c71""},""upload_data"":{""date"":""2026-09-14"",""run_id"":""fefd5c91ffd9482a8fb31ad02298b97b""}}"
1441,441,"50.9111101 , -113.94130860000001","51.0387539 , -114.0693629",urban-urban,urban,2060,"{""sample_routes"":{""date"":""2026-09-14"",""run_id"":""62ce72d45380414aabe46304bed788b2""},""join_samples"":{""date"":""2026-09-14"",""run_id"":""050b6083fcee4d8c90b1e2d8f9263c71""},""upload_data"":{""date"":""2026-09-14"",""run_id"":""fefd5c91ffd9482a8fb31ad02298b97b""}}"
1445,445,"53.4240847 , -113.5047837","53.53056960000001 , -113.5052282",urban-urban,urban,2062,"{""sample_routes"":{""date"":""2026-09-14"",""run_id"":""62ce72d45380414aabe46304bed788b2""},""join_samples"":{""date"":""2026-09-14"",""run_id"":""050b6083fcee4d8c90b1e2d8f9263c71""},""upload_data"":{""date"":""2026-09-14"",""run_id"":""fefd5c91ffd9482a8fb31ad02298b97b""}}"
1447,447,"51.0719058 , -113.92962940000001","50.9058313 , -114.095453",urban-urban,urban,2062,"{""sample_routes"":{""date"":""2026-09-14"",""run_id"":""62ce72d45380414aabe46304bed788b2""},""join_samples"":{""date"":""2026-09-14"",""run_id"":""050b6083fcee4d8c90b1e2d8f9263c71""},""upload_data"":{""date"":""2026-09-14"",""run_id"":""fefd5c91ffd9482a8fb31ad02298b97b""}}"
1453,453,"53.4387533 , -113.4353377","53.5080546 , -113.4349779",urban-urban,urban,1537,"{""sample_routes"":{""date"":""2026-09-14"",""run_id"":""62ce72d45380414aabe46304bed788b2""},""join_samples"":{""date"":""2026-09-14"",""run_id"":""050b6083fcee4d8c90b1e2d8f9263c71""},""upload_data"":{""date"":""2026-09-14"",""run_id"":""fefd5c91ffd9482a8fb31ad02298b97b""}}"
1454,454,"53.398444700000006 , -113.5360577","53.51034670000001 , -113.5367039",urban-urban,urban,2063,"{""sample_routes"":{""date"":""2026-09-14"",""run_id"":""62ce72d45380414aabe46304bed788b2""},""join_samples"":{""date"":""2026-09-14"",""run_id"":""050b6083fcee4d8c90b1e2d8f9263c71""},""upload_data"":{""date"":""2026-09-14"",""run_id"":""fefd5c91ffd9482a8fb31ad02298b97b""}}"
1459,459,"53.5091472 , -113.2958679","53.50879200000001 , -113.63903830000001",urban-urban,urban,2064,"{""sample_routes"":{""date"":""2026-09-14"",""run_id"":""62ce72d45380414aabe46304bed788b2""},""join_samples"":{""date"":""2026-09-14"",""run_id"":""050b6083fcee4d8c90b1e2d8f9263c71""},""upload_data"":{""date"":""2026-09-14"",""run_id"":""fefd5c91ffd9482a8fb31ad02298b97b""}}"
1460,460,"51.1079869 , -113.93362680000001","50.9570006 , -114.08443700000001",urban-urban,urban,2064,"{""sample_routes"":{""date"":""2026-09-14"",""run_id"":""62ce72d45380414aabe46304bed788b2""},""join_samples"":{""date"":""2026-09-14"",""run_id"":""050b6083fcee4d8c90b1e2d8f9263c71""},""upload_data"":{""date"":""2026-09-14"",""run_id"":""fefd5c91ffd9482a8fb31ad02298b97b""}}"
1462,462,"53.453963400000006 , -113.5341891","53.557326200000006 , -113.5341583",urban-urban,urban,2064,"{""sample_routes"":{""date"":""2026-09-14"",""run_id"":""62ce72d45380414aabe46304bed788b2""},""join_samples"":{""date"":""2026-09-14"",""run_id"":""050b6083fcee4d8c90b1e2d8f9263c71""},""upload_data"":{""date"":""2026-09-14"",""run_id"":""fefd5c91ffd9482a8fb31ad02298b97b""}}"
1464,464,"51.156627 , -114.0013521","50.827803800000005 , -114.0010086",urban-urban,urban,2065,"{""sample_routes"":{""date"":""2026-09-14"",""run_id"":""62ce72d45380414aabe46304bed788b2""},""join_samples"":{""date"":""2026-09-14"",""run_id"":""050b6083fcee4d8c90b1e2d8f9263c71""},""upload_data"":{""date"":""2026-09-14"",""run_id"":""fefd5c91ffd9482a8fb31ad02298b97b""}}"
1465,465,"51.0957352 , -114.26479970000001","51.0963609 , -114.0391529",urban-urban,urban,2065,"{""sample_routes"":{""date"":""2026-09-14"",""run_id"":""62ce72d45380414aabe46304bed788b2""},""join_samples"":{""date"":""2026-09-14"",""run_id"":""050b6083fcee4d8c90b1e2d8f9263c71""},""upload_data"":{""date"":""2026-09-14"",""run_id"":""fefd5c91ffd9482a8fb31ad02298b97b""}}"
1466,466,"53.559717500000005 , -113.2670825","53.560445300000005 , -113.549608",urban-urban,urban,2065,"{""sample_routes"":{""date"":""2026-09-14"",""run_id"":""62ce72d45380414aabe46304bed788b2""},""join_samples"":{""date"":""2026-09-14"",""run_id"":""050b6083fcee4d8c90b1e2d8f9263c71""},""upload_data"":{""date"":""2026-09-14"",""run_id"":""fefd5c91ffd9482a8fb31ad02298b97b""}}"
1467,467,"53.5866595 , -113.38467340000001","53.5583061 , -113.41252130000001",urban-urban,urban,1535,"{""sample_routes"":{""date"":""2026-09-14"",""run_id"":""62ce72d45380414aabe46304bed788b2""},""join_samples"":{""date"":""2026-09-14"",""run_id"":""050b6083fcee4d8c90b1e2d8f9263c71""},""upload_data"":{""date"":""2026-09-14"",""run_id"":""fefd5c91ffd9482a8fb31ad02298b97b""}}"
1468,468,"53.5995871 , -113.5349178","53.5201341 , -113.45496370000001",urban-urban,urban,2065,"{""sample_routes"":{""date"":""2026-09-14"",""run_id"":""62ce72d45380414aabe46304bed788b2""},""join_samples"":{""date"":""2026-09-14"",""run_id"":""050b6083fcee4d8c90b1e2d8f9263c71""},""upload_data"":{""date"":""2026-09-14"",""run_id"":""fefd5c91ffd9482a8fb31ad02298b97b""}}"
1470,470,"52.2554024 , -113.76352220000001","52.326031500000006 , -113.8339971",urban-rural,urban,1534,"{""sample_routes"":{""date"":""2026-09-14"",""run_id"":""62ce72d45380414aabe46304bed788b2""},""join_samples"":{""date"":""2026-09-14"",""run_id"":""050b6083fcee4d8c90b1e2d8f9263c71""},""upload_data"":{""date"":""2026-09-14"",""run_id"":""fefd5c91ffd9482a8fb31ad02298b97b""}}"
1472,472,"51.1575585 , -114.0766839","51.0378303 , -114.07680250000001",urban-urban,urban,2066,"{""sample_routes"":{""date"":""2026-09-14"",""run_id"":""62ce72d45380414aabe46304bed788b2""},""join_samples"":{""date"":""2026-09-14"",""run_id"":""050b6083fcee4d8c90b1e2d8f9263c71""},""upload_data"":{""date"":""2026-09-14"",""run_id"":""fefd5c91ffd9482a8fb31ad02298b97b""}}"
1475,475,"51.091630800000004 , -114.1618162","50.8834797 , -113.95312360000001",urban-urban,urban,2066,"{""sample_routes"":{""date"":""2026-09-14"",""run_id"":""62ce72d45380414aabe46304bed788b2""},""join_samples"":{""date"":""2026-09-14"",""run_id"":""050b6083fcee4d8c90b1e2d8f9263c71""},""upload_data"":{""date"":""2026-09-14"",""run_id"":""fefd5c91ffd9482a8fb31ad02298b97b""}}"
1477,477,"50.936207 , -114.1393589","51.1092912 , -114.1400797",urban-urban,urban,2067,"{""sample_routes"":{""date"":""2026-09-14"",""run_id"":""62ce72d45380414aabe46304bed788b2""},""join_samples"":{""date"":""2026-09-14"",""run_id"":""050b6083fcee4d8c90b1e2d8f9263c71""},""upload_data"":{""date"":""2026-09-14"",""run_id"":""fefd5c91ffd9482a8fb31ad02298b97b""}}"
1478,478,"53.5367231 , -113.42782430000001","53.6214616 , -113.51302980000001",urban-urban,urban,2067,"{""sample_routes"":{""date"":""2026-09-14"",""run_id"":""62ce72d45380414aabe46304bed788b2""},""join_samples"":{""date"":""2026-09-14"",""run_id"":""050b6083fcee4d8c90b1e2d8f9263c71""},""upload_data"":{""date"":""2026-09-14"",""run_id"":""fefd5c91ffd9482a8fb31ad02298b97b""}}"
1479,479,"51.076238800000006 , -113.93693","50.9125524 , -114.10098780000001",urban-urban,urban,2067,"{""sample_routes"":{""date"":""2026-09-14"",""run_id"":""62ce72d45380414aabe46304bed788b2""},""join_samples"":{""date"":""2026-09-14"",""run_id"":""050b6083fcee4d8c90b1e2d8f9263c71""},""upload_data"":{""date"":""2026-09-14"",""run_id"":""fefd5c91ffd9482a8fb31ad02298b97b""}}"
1480,480,"53.5587202 , -113.25949510000001","53.558854100000005 , -113.5325818",urban-urban,urban,2068,"{""sample_routes"":{""date"":""2026-09-14"",""run_id"":""62ce72d45380414aabe46304bed788b2""},""join_samples"":{""date"":""2026-09-14"",""run_id"":""050b6083fcee4d8c90b1e2d8f9263c71""},""upload_data"":{""date"":""2026-09-14"",""run_id"":""fefd5c91ffd9482a8fb31ad02298b97b""}}"
1482,482,"50.8887993 , -113.9108176","51.029735900000006 , -114.05185100000001",urban-urban,urban,2068,"{""sample_routes"":{""date"":""2026-09-14"",""run_id"":""62ce72d45380414aabe46304bed788b2""},""join_samples"":{""date"":""2026-09-14"",""run_id"":""050b6083fcee4d8c90b1e2d8f9263c71""},""upload_data"":{""date"":""2026-09-14"",""run_id"":""fefd5c91ffd9482a8fb31ad02298b97b""}}"
1483,483,"50.888626800000004 , -113.91682250000001","51.055756800000005 , -114.08460430000001",urban-urban,urban,2068,"{""sample_routes"":{""date"":""2026-09-14"",""run_id"":""62ce72d45380414aabe46304bed788b2""},""join_samples"":{""date"":""2026-09-14"",""run_id"":""050b6083fcee4d8c90b1e2d8f9263c71""},""upload_data"":{""date"":""2026-09-14"",""run_id"":""fefd5c91ffd9482a8fb31ad02298b97b""}}"
1485,485,"53.56028250000001 , -113.28375120000001","53.560459 , -113.55138070000001",urban-urban,urban,2068,"{""sample_routes"":{""date"":""2026-09-14"",""run_id"":""62ce72d45380414aabe46304bed788b2""},""join_samples"":{""date"":""2026-09-14"",""run_id"":""050b6083fcee4d8c90b1e2d8f9263c71""},""upload_data"":{""date"":""2026-09-14"",""run_id"":""fefd5c91ffd9482a8fb31ad02298b97b""}}"
1486,486,"51.1313814 , -114.0625504","51.0243491 , -114.1702176",urban-urban,urban,2068,"{""sample_routes"":{""date"":""2026-09-14"",""run_id"":""62ce72d45380414aabe46304bed788b2""},""join_samples"":{""date"":""2026-09-14"",""run_id"":""050b6083fcee4d8c90b1e2d8f9263c71""},""upload_data"":{""date"":""2026-09-14"",""run_id"":""fefd5c91ffd9482a8fb31ad02298b97b""}}"
1487,487,"53.4605735 , -113.42104490000001","53.5340185 , -113.49450200000001",urban-urban,urban,2069,"{""sample_routes"":{""date"":""2026-09-14"",""run_id"":""62ce72d45380414aabe46304bed788b2""},""join_samples"":{""date"":""2026-09-14"",""run_id"":""050b6083fcee4d8c90b1e2d8f9263c71""},""upload_data"":{""date"":""2026-09-14"",""run_id"":""fefd5c91ffd9482a8fb31ad02298b97b""}}"
1488,488,"53.5221723 , -113.4197242","53.5215368 , -113.63244250000001",urban-urban,urban,2069,"{""sample_routes"":{""date"":""2026-09-14"",""run_id"":""62ce72d45380414aabe46304bed788b2""},""join_samples"":{""date"":""2026-09-14"",""run_id"":""050b6083fcee4d8c90b1e2d8f9263c71""},""upload_data"":{""date"":""2026-09-14"",""run_id"":""fefd5c91ffd9482a8fb31ad02298b97b""}}"
1492,492,"51.0493504 , -114.26776810000001","51.049693500000004 , -113.93504300000001",urban-urban,urban,2069,"{""sample_routes"":{""date"":""2026-09-14"",""run_id"":""62ce72d45380414aabe46304bed788b2""},""join_samples"":{""date"":""2026-09-14"",""run_id"":""050b6083fcee4d8c90b1e2d8f9263c71""},""upload_data"":{""date"":""2026-09-14"",""run_id"":""fefd5c91ffd9482a8fb31ad02298b97b""}}"
1494,494,"51.0433096 , -114.099259","51.1781565 , -114.2342313",urban-rural,urban,1531,"{""sample_routes"":{""date"":""2026-09-14"",""run_id"":""62ce72d45380414aabe46304bed788b2""},""join_samples"":{""date"":""2026-09-14"",""run_id"":""050b6083fcee4d8c90b1e2d8f9263c71""},""upload_data"":{""date"":""2026-09-14"",""run_id"":""fefd5c91ffd9482a8fb31ad02298b97b""}}"
1495,495,"50.9103682 , -113.8852178","51.1343953 , -114.10996060000001",urban-urban,urban,2069,"{""sample_routes"":{""date"":""2026-09-14"",""run_id"":""62ce72d45380414aabe46304bed788b2""},""join_samples"":{""date"":""2026-09-14"",""run_id"":""050b6083fcee4d8c90b1e2d8f9263c71""},""upload_data"":{""date"":""2026-09-14"",""run_id"":""fefd5c91ffd9482a8fb31ad02298b97b""}}"
1497,497,"51.157627100000006 , -113.9615766","50.917622200000004 , -113.96168220000001",urban-urban,urban,2070,"{""sample_routes"":{""date"":""2026-09-14"",""run_id"":""62ce72d45380414aabe46304bed788b2""},""join_samples"":{""date"":""2026-09-14"",""run_id"":""050b6083fcee4d8c90b1e2d8f9263c71""},""upload_data"":{""date"":""2026-09-14"",""run_id"":""fefd5c91ffd9482a8fb31ad02298b97b""}}"
1498,498,"53.453907 , -113.3937633","53.5412666 , -113.39437760000001",urban-urban,urban,1530,"{""sample_routes"":{""date"":""2026-09-14"",""run_id"":""62ce72d45380414aabe46304bed788b2""},""join_samples"":{""date"":""2026-09-14"",""run_id"":""050b6083fcee4d8c90b1e2d8f9263c71""},""upload_data"":{""date"":""2026-09-14"",""run_id"":""fefd5c91ffd9482a8fb31ad02298b97b""}}"
1503,503,"53.5785294 , -114.2643369","53.5783281 , -113.77734000000001",urban-urban,mixed,1799,"{""sample_routes"":{""date"":""2026-09-14"",""run_id"":""62ce72d45380414aabe46304bed788b2""},""join_samples"":{""date"":""2026-09-14"",""run_id"":""050b6083fcee4d8c90b1e2d8f9263c71""},""upload_data"":{""date"":""2026-09-14"",""run_id"":""fefd5c91ffd9482a8fb31ad02298b97b""}}"
1510,510,"53.552789100000005 , -113.94151590000001","53.6956215 , -114.0838226",urban-urban,mixed,1794,"{""sample_routes"":{""date"":""2026-09-14"",""run_id"":""62ce72d45380414aabe46304bed788b2""},""join_samples"":{""date"":""2026-09-14"",""run_id"":""050b6083fcee4d8c90b1e2d8f9263c71""},""upload_data"":{""date"":""2026-09-14"",""run_id"":""fefd5c91ffd9482a8fb31ad02298b97b""}}"
1511,511,"53.4223201 , -113.52492450000001","53.495485900000006 , -113.59750700000001",urban-urban,mixed,1793,"{""sample_routes"":{""date"":""2026-09-14"",""run_id"":""62ce72d45380414aabe46304bed788b2""},""join_samples"":{""date"":""2026-09-14"",""run_id"":""050b6083fcee4d8c90b1e2d8f9263c71""},""upload_data"":{""date"":""2026-09-14"",""run_id"":""fefd5c91ffd9482a8fb31ad02298b97b""}}"
1513,513,"53.570449800000006 , -113.5416861","53.657876900000005 , -113.45411650000001",urban-rural,mixed,1809,"{""sample_routes"":{""date"":""2026-09-14"",""run_id"":""62ce72d45380414aabe46304bed788b2""},""join_samples"":{""date"":""2026-09-14"",""run_id"":""050b6083fcee4d8c90b1e2d8f9263c71""},""upload_data"":{""date"":""2026-09-14"",""run_id"":""fefd5c91ffd9482a8fb31ad02298b97b""}}"
1515,515,"53.4639815 , -113.42793470000001","53.307554100000004 , -113.58367530000001",urban-urban,mixed,1789,"{""sample_routes"":{""date"":""2026-09-14"",""run_id"":""62ce72d45380414aabe46304bed788b2""},""join_samples"":{""date"":""2026-09-14"",""run_id"":""050b6083fcee4d8c90b1e2d8f9263c71""},""upload_data"":{""date"":""2026-09-14"",""run_id"":""fefd5c91ffd9482a8fb31ad02298b97b""}}"
1516,516,"55.26501210000001 , -118.7966945","55.07163310000001 , -118.7966717",urban-urban,mixed,1789,"{""sample_routes"":{""date"":""2026-09-14"",""run_id"":""62ce72d45380414aabe46304bed788b2""},""join_samples"":{""date"":""2026-09-14"",""run_id"":""050b6083fcee4d8c90b1e2d8f9263c71""},""upload_data"":{""date"":""2026-09-14"",""run_id"":""fefd5c91ffd9482a8fb31ad02298b97b""}}"
1517,517,"53.4540798 , -113.5877509","53.5802191 , -113.5873124",urban-urban,mixed,1789,"{""sample_routes"":{""date"":""2026-09-14"",""run_id"":""62ce72d45380414aabe46304bed788b2""},""join_samples"":{""date"":""2026-09-14"",""run_id"":""050b6083fcee4d8c90b1e2d8f9263c71""},""upload_data"":{""date"":""2026-09-14"",""run_id"":""fefd5c91ffd9482a8fb31ad02298b97b""}}"
1518,518,"50.8873363 , -113.990526","50.887444200000004 , -114.40638340000001",urban-urban,mixed,1811,"{""sample_routes"":{""date"":""2026-09-14"",""run_id"":""62ce72d45380414aabe46304bed788b2""},""join_samples"":{""date"":""2026-09-14"",""run_id"":""050b6083fcee4d8c90b1e2d8f9263c71""},""upload_data"":{""date"":""2026-09-14"",""run_id"":""fefd5c91ffd9482a8fb31ad02298b97b""}}"
1519,519,"53.5742586 , -113.6944636","53.5739887 , -114.2233358",urban-rural,mixed,1813,"{""sample_routes"":{""date"":""2026-09-14"",""run_id"":""62ce72d45380414aabe46304bed788b2""},""join_samples"":{""date"":""2026-09-14"",""run_id"":""050b6083fcee4d8c90b1e2d8f9263c71""},""upload_data"":{""date"":""2026-09-14"",""run_id"":""fefd5c91ffd9482a8fb31ad02298b97b""}}"
1520,520,"53.606856900000004 , -113.4178418","53.6064384 , -113.14771920000001",urban-rural,mixed,1786,"{""sample_routes"":{""date"":""2026-09-14"",""run_id"":""62ce72d45380414aabe46304bed788b2""},""join_samples"":{""date"":""2026-09-14"",""run_id"":""050b6083fcee4d8c90b1e2d8f9263c71""},""upload_data"":{""date"":""2026-09-14"",""run_id"":""fefd5c91ffd9482a8fb31ad02298b97b""}}"
1521,521,"51.1827083 , -114.02046370000001","51.3676663 , -114.0205198",urban-urban,mixed,1782,"{""sample_routes"":{""date"":""2026-09-14"",""run_id"":""62ce72d45380414aabe46304bed788b2""},""join_samples"":{""date"":""2026-09-14"",""run_id"":""050b6083fcee4d8c90b1e2d8f9263c71""},""upload_data"":{""date"":""2026-09-14"",""run_id"":""fefd5c91ffd9482a8fb31ad02298b97b""}}"
1523,523,"53.445508700000005 , -113.596123","53.55731900000001 , -113.595883",rural-urban,mixed,1820,"{""sample_routes"":{""date"":""2026-09-14"",""run_id"":""62ce72d45380414aabe46304bed788b2""},""join_samples"":{""date"":""2026-09-14"",""run_id"":""050b6083fcee4d8c90b1e2d8f9263c71""},""upload_data"":{""date"":""2026-09-14"",""run_id"":""fefd5c91ffd9482a8fb31ad02298b97b""}}"
1524,524,"51.1204042 , -114.178342","51.023768700000005 , -114.17861490000001",urban-urban,mixed,1779,"{""sample_routes"":{""date"":""2026-09-14"",""run_id"":""62ce72d45380414aabe46304bed788b2""},""join_samples"":{""date"":""2026-09-14"",""run_id"":""050b6083fcee4d8c90b1e2d8f9263c71""},""upload_data"":{""date"":""2026-09-14"",""run_id"":""fefd5c91ffd9482a8fb31ad02298b97b""}}"
1525,525,"53.576739700000005 , -113.5596416","53.5772266 , -113.98344390000001",urban-urban,mixed,1778,"{""sample_routes"":{""date"":""2026-09-14"",""run_id"":""62ce72d45380414aabe46304bed788b2""},""join_samples"":{""date"":""2026-09-14"",""run_id"":""050b6083fcee4d8c90b1e2d8f9263c71""},""upload_data"":{""date"":""2026-09-14"",""run_id"":""fefd5c91ffd9482a8fb31ad02298b97b""}}"
1526,526,"53.593534500000004 , -113.4117389","53.593724200000004 , -113.0708707",urban-urban,mixed,1778,"{""sample_routes"":{""date"":""2026-09-14"",""run_id"":""62ce72d45380414aabe46304bed788b2""},""join_samples"":{""date"":""2026-09-14"",""run_id"":""050b6083fcee4d8c90b1e2d8f9263c71""},""upload_data"":{""date"":""2026-09-14"",""run_id"":""fefd5c91ffd9482a8fb31ad02298b97b""}}"
1533,533,"53.5644367 , -113.2823659","53.4989458 , -113.2819869",urban-urban,mixed,1828,"{""sample_routes"":{""date"":""2026-09-14"",""run_id"":""62ce72d45380414aabe46304bed788b2""},""join_samples"":{""date"":""2026-09-14"",""run_id"":""050b6083fcee4d8c90b1e2d8f9263c71""},""upload_data"":{""date"":""2026-09-14"",""run_id"":""fefd5c91ffd9482a8fb31ad02298b97b""}}"
1535,535,"51.1478553 , -114.1945733","51.2707641 , -114.1938566",urban-rural,mixed,1771,"{""sample_routes"":{""date"":""2026-09-14"",""run_id"":""62ce72d45380414aabe46304bed788b2""},""join_samples"":{""date"":""2026-09-14"",""run_id"":""050b6083fcee4d8c90b1e2d8f9263c71""},""upload_data"":{""date"":""2026-09-14"",""run_id"":""fefd5c91ffd9482a8fb31ad02298b97b""}}"
1537,537,"53.527689 , -113.6887504","53.6579873 , -113.68894060000001",urban-rural,mixed,1771,"{""sample_routes"":{""date"":""2026-09-14"",""run_id"":""62ce72d45380414aabe46304bed788b2""},""join_samples"":{""date"":""2026-09-14"",""run_id"":""050b6083fcee4d8c90b1e2d8f9263c71""},""upload_data"":{""date"":""2026-09-14"",""run_id"":""fefd5c91ffd9482a8fb31ad02298b97b""}}"
1538,538,"53.716200900000004 , -113.52081310000001","53.592595900000006 , -113.3974635",rural-urban,mixed,1770,"{""sample_routes"":{""date"":""2026-09-14"",""run_id"":""62ce72d45380414aabe46304bed788b2""},""join_samples"":{""date"":""2026-09-14"",""run_id"":""050b6083fcee4d8c90b1e2d8f9263c71""},""upload_data"":{""date"":""2026-09-14"",""run_id"":""fefd5c91ffd9482a8fb31ad02298b97b""}}"
1539,539,"51.123369100000005 , -114.3897792","51.229751900000004 , -114.49556360000001",urban-urban,mixed,1830,"{""sample_routes"":{""date"":""2026-09-14"",""run_id"":""62ce72d45380414aabe46304bed788b2""},""join_samples"":{""date"":""2026-09-14"",""run_id"":""050b6083fcee4d8c90b1e2d8f9263c71""},""upload_data"":{""date"":""2026-09-14"",""run_id"":""fefd5c91ffd9482a8fb31ad02298b97b""}}"
1540,540,"51.122674800000006 , -113.96101970000001","51.2416284 , -113.84208400000001",urban-urban,mixed,1768,"{""sample_routes"":{""date"":""2026-09-14"",""run_id"":""62ce72d45380414aabe46304bed788b2""},""join_samples"":{""date"":""2026-09-14"",""run_id"":""050b6083fcee4d8c90b1e2d8f9263c71""},""upload_data"":{""date"":""2026-09-14"",""run_id"":""fefd5c91ffd9482a8fb31ad02298b97b""}}"
1541,541,"51.150975800000005 , -114.10648950000001","51.1514187 , -114.4668307",urban-rural,mixed,1767,"{""sample_routes"":{""date"":""2026-09-14"",""run_id"":""62ce72d45380414aabe46304bed788b2""},""join_samples"":{""date"":""2026-09-14"",""run_id"":""050b6083fcee4d8c90b1e2d8f9263c71""},""upload_data"":{""date"":""2026-09-14"",""run_id"":""fefd5c91ffd9482a8fb31ad02298b97b""}}"
1542,542,"53.618255700000006 , -113.41686670000001","53.61880420000001 , -113.6422498",urban-urban,mixed,1833,"{""sample_routes"":{""date"":""2026-09-14"",""run_id"":""62ce72d45380414aabe46304bed788b2""},""join_samples"":{""date"":""2026-09-14"",""run_id"":""050b6083fcee4d8c90b1e2d8f9263c71""},""upload_data"":{""date"":""2026-09-14"",""run_id"":""fefd5c91ffd9482a8fb31ad02298b97b""}}"
1543,543,"51.0669296 , -114.443571","51.183243600000004 , -114.3272017",rural-urban,mixed,1834,"{""sample_routes"":{""date"":""2026-09-14"",""run_id"":""62ce72d45380414aabe46304bed788b2""},""join_samples"":{""date"":""2026-09-14"",""run_id"":""050b6083fcee4d8c90b1e2d8f9263c71""},""upload_data"":{""date"":""2026-09-14"",""run_id"":""fefd5c91ffd9482a8fb31ad02298b97b""}}"
1544,544,"53.562459800000006 , -113.9355297","53.562997700000004 , -113.5777661",urban-urban,mixed,1834,"{""sample_routes"":{""date"":""2026-09-14"",""run_id"":""62ce72d45380414aabe46304bed788b2""},""join_samples"":{""date"":""2026-09-14"",""run_id"":""050b6083fcee4d8c90b1e2d8f9263c71""},""upload_data"":{""date"":""2026-09-14"",""run_id"":""fefd5c91ffd9482a8fb31ad02298b97b""}}"
1546,546,"53.580938 , -113.5533348","53.581441500000004 , -114.0018198",urban-rural,mixed,1835,"{""sample_routes"":{""date"":""2026-09-14"",""run_id"":""62ce72d45380414aabe46304bed788b2""},""join_samples"":{""date"":""2026-09-14"",""run_id"":""050b6083fcee4d8c90b1e2d8f9263c71""},""upload_data"":{""date"":""2026-09-14"",""run_id"":""fefd5c91ffd9482a8fb31ad02298b97b""}}"
1547,547,"53.540961 , -113.6947811","53.3964792 , -113.55054620000001",urban-urban,mixed,1835,"{""sample_routes"":{""date"":""2026-09-14"",""run_id"":""62ce72d45380414aabe46304bed788b2""},""join_samples"":{""date"":""2026-09-14"",""run_id"":""050b6083fcee4d8c90b1e2d8f9263c71""},""upload_data"":{""date"":""2026-09-14"",""run_id"":""fefd5c91ffd9482a8fb31ad02298b97b""}}"
1548,548,"50.8958341 , -114.0503262","50.8962877 , -114.39635340000001",urban-urban,mixed,1765,"{""sample_routes"":{""date"":""2026-09-14"",""run_id"":""62ce72d45380414aabe46304bed788b2""},""join_samples"":{""date"":""2026-09-14"",""run_id"":""050b6083fcee4d8c90b1e2d8f9263c71""},""upload_data"":{""date"":""2026-09-14"",""run_id"":""fefd5c91ffd9482a8fb31ad02298b97b""}}"
1549,549,"53.4933338 , -113.64605270000001","53.6595771 , -113.81192480000001",urban-urban,mixed,1763,"{""sample_routes"":{""date"":""2026-09-14"",""run_id"":""62ce72d45380414aabe46304bed788b2""},""join_samples"":{""date"":""2026-09-14"",""run_id"":""050b6083fcee4d8c90b1e2d8f9263c71""},""upload_data"":{""date"":""2026-09-14"",""run_id"":""fefd5c91ffd9482a8fb31ad02298b97b""}}"
1550,550,"55.053070000000005 , -118.86456170000001","55.199741100000004 , -118.7180132",rural-rural,mixed,1837,"{""sample_routes"":{""date"":""2026-09-14"",""run_id"":""62ce72d45380414aabe46304bed788b2""},""join_samples"":{""date"":""2026-09-14"",""run_id"":""050b6083fcee4d8c90b1e2d8f9263c71""},""upload_data"":{""date"":""2026-09-14"",""run_id"":""fefd5c91ffd9482a8fb31ad02298b97b""}}"
1552,552,"51.1027885 , -113.9604544","50.9958529 , -113.8539195",urban-urban,mixed,1762,"{""sample_routes"":{""date"":""2026-09-14"",""run_id"":""62ce72d45380414aabe46304bed788b2""},""join_samples"":{""date"":""2026-09-14"",""run_id"":""050b6083fcee4d8c90b1e2d8f9263c71""},""upload_data"":{""date"":""2026-09-14"",""run_id"":""fefd5c91ffd9482a8fb31ad02298b97b""}}"
1553,553,"53.6852266 , -113.22324880000001","53.512383 , -113.3964248",urban-urban,mixed,1838,"{""sample_routes"":{""date"":""2026-09-14"",""run_id"":""62ce72d45380414aabe46304bed788b2""},""join_samples"":{""date"":""2026-09-14"",""run_id"":""050b6083fcee4d8c90b1e2d8f9263c71""},""upload_data"":{""date"":""2026-09-14"",""run_id"":""fefd5c91ffd9482a8fb31ad02298b97b""}}"
1555,555,"50.929913400000004 , -114.0668445","50.6994989 , -113.83648520000001",urban-rural,mixed,1839,"{""sample_routes"":{""date"":""2026-09-14"",""run_id"":""62ce72d45380414aabe46304bed788b2""},""join_samples"":{""date"":""2026-09-14"",""run_id"":""050b6083fcee4d8c90b1e2d8f9263c71""},""upload_data"":{""date"":""2026-09-14"",""run_id"":""fefd5c91ffd9482a8fb31ad02298b97b""}}"
1557,557,"51.0687573 , -114.08501910000001","50.8935249 , -114.08475460000001",urban-urban,mixed,1758,"{""sample_routes"":{""date"":""2026-09-14"",""run_id"":""62ce72d45380414aabe46304bed788b2""},""join_samples"":{""date"":""2026-09-14"",""run_id"":""050b6083fcee4d8c90b1e2d8f9263c71""},""upload_data"":{""date"":""2026-09-14"",""run_id"":""fefd5c91ffd9482a8fb31ad02298b97b""}}"
1559,559,"51.088423600000006 , -114.46713700000001","51.212297500000005 , -114.3425636",urban-urban,mixed,1757,"{""sample_routes"":{""date"":""2026-09-14"",""run_id"":""62ce72d45380414aabe46304bed788b2""},""join_samples"":{""date"":""2026-09-14"",""run_id"":""050b6083fcee4d8c90b1e2d8f9263c71""},""upload_data"":{""date"":""2026-09-14"",""run_id"":""fefd5c91ffd9482a8fb31ad02298b97b""}}"
1561,561,"51.1541651 , -114.23410070000001","51.2949793 , -114.37429630000001",urban-urban,mixed,1757,"{""sample_routes"":{""date"":""2026-09-14"",""run_id"":""62ce72d45380414aabe46304bed788b2""},""join_samples"":{""date"":""2026-09-14"",""run_id"":""050b6083fcee4d8c90b1e2d8f9263c71""},""upload_data"":{""date"":""2026-09-14"",""run_id"":""fefd5c91ffd9482a8fb31ad02298b97b""}}"
1563,563,"53.34679920000001 , -113.3964914","53.474496300000006 , -113.3960643",urban-urban,mixed,1755,"{""sample_routes"":{""date"":""2026-09-14"",""run_id"":""62ce72d45380414aabe46304bed788b2""},""join_samples"":{""date"":""2026-09-14"",""run_id"":""050b6083fcee4d8c90b1e2d8f9263c71""},""upload_data"":{""date"":""2026-09-14"",""run_id"":""fefd5c91ffd9482a8fb31ad02298b97b""}}"
1564,564,"54.6766081 , -111.9077697","54.828297600000006 , -112.0592436",urban-urban,mixed,1753,"{""sample_routes"":{""date"":""2026-09-14"",""run_id"":""62ce72d45380414aabe46304bed788b2""},""join_samples"":{""date"":""2026-09-14"",""run_id"":""050b6083fcee4d8c90b1e2d8f9263c71""},""upload_data"":{""date"":""2026-09-14"",""run_id"":""fefd5c91ffd9482a8fb31ad02298b97b""}}"
1567,567,"50.866996 , -114.7453562","50.953689100000005 , -114.6582467",rural-urban,mixed,1750,"{""sample_routes"":{""date"":""2026-09-14"",""run_id"":""62ce72d45380414aabe46304bed788b2""},""join_samples"":{""date"":""2026-09-14"",""run_id"":""050b6083fcee4d8c90b1e2d8f9263c71""},""upload_data"":{""date"":""2026-09-14"",""run_id"":""fefd5c91ffd9482a8fb31ad02298b97b""}}"
1568,568,"51.134623000000005 , -114.21999090000001","51.134503900000006 , -113.91805400000001",urban-rural,mixed,1851,"{""sample_routes"":{""date"":""2026-09-14"",""run_id"":""62ce72d45380414aabe46304bed788b2""},""join_samples"":{""date"":""2026-09-14"",""run_id"":""050b6083fcee4d8c90b1e2d8f9263c71""},""upload_data"":{""date"":""2026-09-14"",""run_id"":""fefd5c91ffd9482a8fb31ad02298b97b""}}"
1569,569,"52.3115547 , -113.83800110000001","52.312249300000005 , -114.11087830000001",urban-urban,mixed,1749,"{""sample_routes"":{""date"":""2026-09-14"",""run_id"":""62ce72d45380414aabe46304bed788b2""},""join_samples"":{""date"":""2026-09-14"",""run_id"":""050b6083fcee4d8c90b1e2d8f9263c71""},""upload_data"":{""date"":""2026-09-14"",""run_id"":""fefd5c91ffd9482a8fb31ad02298b97b""}}"
1570,570,"53.3579536 , -113.7283355","53.570242400000005 , -113.72880660000001",urban-urban,mixed,1852,"{""sample_routes"":{""date"":""2026-09-14"",""run_id"":""62ce72d45380414aabe46304bed788b2""},""join_samples"":{""date"":""2026-09-14"",""run_id"":""050b6083fcee4d8c90b1e2d8f9263c71""},""upload_data"":{""date"":""2026-09-14"",""run_id"":""fefd5c91ffd9482a8fb31ad02298b97b""}}"
1578,578,"53.557192400000005 , -113.911253","53.706163700000005 , -114.05965180000001",urban-urban,mixed,1735,"{""sample_routes"":{""date"":""2026-09-14"",""run_id"":""62ce72d45380414aabe46304bed788b2""},""join_samples"":{""date"":""2026-09-14"",""run_id"":""050b6083fcee4d8c90b1e2d8f9263c71""},""upload_data"":{""date"":""2026-09-14"",""run_id"":""fefd5c91ffd9482a8fb31ad02298b97b""}}"
1579,579,"53.4614483 , -112.94826080000001","53.4619079 , -113.2707355",urban-rural,mixed,1735,"{""sample_routes"":{""date"":""2026-09-14"",""run_id"":""62ce72d45380414aabe46304bed788b2""},""join_samples"":{""date"":""2026-09-14"",""run_id"":""050b6083fcee4d8c90b1e2d8f9263c71""},""upload_data"":{""date"":""2026-09-14"",""run_id"":""fefd5c91ffd9482a8fb31ad02298b97b""}}"
1580,580,"51.136728600000005 , -114.12110360000001","51.1360274 , -114.3568077",urban-urban,mixed,1734,"{""sample_routes"":{""date"":""2026-09-14"",""run_id"":""62ce72d45380414aabe46304bed788b2""},""join_samples"":{""date"":""2026-09-14"",""run_id"":""050b6083fcee4d8c90b1e2d8f9263c71""},""upload_data"":{""date"":""2026-09-14"",""run_id"":""fefd5c91ffd9482a8fb31ad02298b97b""}}"
1582,582,"53.556461000000006 , -114.12810060000001","53.7172156 , -113.9677156",urban-rural,mixed,1733,"{""sample_routes"":{""date"":""2026-09-14"",""run_id"":""62ce72d45380414aabe46304bed788b2""},""join_samples"":{""date"":""2026-09-14"",""run_id"":""050b6083fcee4d8c90b1e2d8f9263c71""},""upload_data"":{""date"":""2026-09-14"",""run_id"":""fefd5c91ffd9482a8fb31ad02298b97b""}}"
1587,587,"53.4296334 , -113.147901","53.564477800000006 , -113.28217660000001",rural-urban,mixed,1871,"{""sample_routes"":{""date"":""2026-09-14"",""run_id"":""62ce72d45380414aabe46304bed788b2""},""join_samples"":{""date"":""2026-09-14"",""run_id"":""050b6083fcee4d8c90b1e2d8f9263c71""},""upload_data"":{""date"":""2026-09-14"",""run_id"":""fefd5c91ffd9482a8fb31ad02298b97b""}}"
1589,589,"50.899707500000005 , -113.99321880000001","50.899179200000006 , -114.38195800000001",urban-urban,mixed,1872,"{""sample_routes"":{""date"":""2026-09-14"",""run_id"":""62ce72d45380414aabe46304bed788b2""},""join_samples"":{""date"":""2026-09-14"",""run_id"":""050b6083fcee4d8c90b1e2d8f9263c71""},""upload_data"":{""date"":""2026-09-14"",""run_id"":""fefd5c91ffd9482a8fb31ad02298b97b""}}"
1594,594,"53.5971984 , -113.4099207","53.5978724 , -113.0688162",urban-urban,mixed,1873,"{""sample_routes"":{""date"":""2026-09-14"",""run_id"":""62ce72d45380414aabe46304bed788b2""},""join_samples"":{""date"":""2026-09-14"",""run_id"":""050b6083fcee4d8c90b1e2d8f9263c71""},""upload_data"":{""date"":""2026-09-14"",""run_id"":""fefd5c91ffd9482a8fb31ad02298b97b""}}"
1595,595,"50.863134 , -114.08005390000001","50.9989159 , -113.9440881",urban-urban,mixed,1724,"{""sample_routes"":{""date"":""2026-09-14"",""run_id"":""62ce72d45380414aabe46304bed788b2""},""join_samples"":{""date"":""2026-09-14"",""run_id"":""050b6083fcee4d8c90b1e2d8f9263c71""},""upload_data"":{""date"":""2026-09-14"",""run_id"":""fefd5c91ffd9482a8fb31ad02298b97b""}}"
1597,597,"53.463382100000004 , -113.37112450000001","53.60608980000001 , -113.3715399",urban-urban,mixed,1876,"{""sample_routes"":{""date"":""2026-09-14"",""run_id"":""62ce72d45380414aabe46304bed788b2""},""join_samples"":{""date"":""2026-09-14"",""run_id"":""050b6083fcee4d8c90b1e2d8f9263c71""},""upload_data"":{""date"":""2026-09-14"",""run_id"":""fefd5c91ffd9482a8fb31ad02298b97b""}}"
1598,598,"50.937853100000005 , -114.12818340000001","50.764960900000005 , -113.95506150000001",urban-urban,mixed,1724,"{""sample_routes"":{""date"":""2026-09-14"",""run_id"":""62ce72d45380414aabe46304bed788b2""},""join_samples"":{""date"":""2026-09-14"",""run_id"":""050b6083fcee4d8c90b1e2d8f9263c71""},""upload_data"":{""date"":""2026-09-14"",""run_id"":""fefd5c91ffd9482a8fb31ad02298b97b""}}"
1599,599,"54.681721 , -111.90835600000001","54.8328196 , -112.06010930000001",urban-urban,mixed,1724,"{""sample_routes"":{""date"":""2026-09-14"",""run_id"":""62ce72d45380414aabe46304bed788b2""},""join_samples"":{""date"":""2026-09-14"",""run_id"":""050b6083fcee4d8c90b1e2d8f9263c71""},""upload_data"":{""date"":""2026-09-14"",""run_id"":""fefd5c91ffd9482a8fb31ad02298b97b""}}"
1600,600,"56.6473553 , -111.23737890000001","56.6708476 , -111.23727400000001",urban-urban,mixed,1722,"{""sample_routes"":{""date"":""2026-09-14"",""run_id"":""62ce72d45380414aabe46304bed788b2""},""join_samples"":{""date"":""2026-09-14"",""run_id"":""050b6083fcee4d8c90b1e2d8f9263c71""},""upload_data"":{""date"":""2026-09-14"",""run_id"":""fefd5c91ffd9482a8fb31ad02298b97b""}}"
1606,606,"51.1429308 , -114.0686065","51.299705100000004 , -114.0692413",urban-urban,mixed,1720,"{""sample_routes"":{""date"":""2026-09-14"",""run_id"":""62ce72d45380414aabe46304bed788b2""},""join_samples"":{""date"":""2026-09-14"",""run_id"":""050b6083fcee4d8c90b1e2d8f9263c71""},""upload_data"":{""date"":""2026-09-14"",""run_id"":""fefd5c91ffd9482a8fb31ad02298b97b""}}"
1607,607,"53.482100700000004 , -113.4078281","53.608892000000004 , -113.4082877",urban-urban,mixed,1880,"{""sample_routes"":{""date"":""2026-09-14"",""run_id"":""62ce72d45380414aabe46304bed788b2""},""join_samples"":{""date"":""2026-09-14"",""run_id"":""050b6083fcee4d8c90b1e2d8f9263c71""},""upload_data"":{""date"":""2026-09-14"",""run_id"":""fefd5c91ffd9482a8fb31ad02298b97b""}}"
1611,611,"53.4496857 , -113.5581741","53.3376802 , -113.6698523",urban-rural,mixed,1882,"{""sample_routes"":{""date"":""2026-09-14"",""run_id"":""62ce72d45380414aabe46304bed788b2""},""join_samples"":{""date"":""2026-09-14"",""run_id"":""050b6083fcee4d8c90b1e2d8f9263c71""},""upload_data"":{""date"":""2026-09-14"",""run_id"":""fefd5c91ffd9482a8fb31ad02298b97b""}}"
1612,612,"51.073836400000005 , -115.36052140000001","51.2148431 , -115.5020042",urban-rural,mixed,1717,"{""sample_routes"":{""date"":""2026-09-14"",""run_id"":""62ce72d45380414aabe46304bed788b2""},""join_samples"":{""date"":""2026-09-14"",""run_id"":""050b6083fcee4d8c90b1e2d8f9263c71""},""upload_data"":{""date"":""2026-09-14"",""run_id"":""fefd5c91ffd9482a8fb31ad02298b97b""}}"
1613,613,"53.553800800000005 , -113.86448240000001","53.72566260000001 , -114.0368986",urban-rural,mixed,1883,"{""sample_routes"":{""date"":""2026-09-14"",""run_id"":""62ce72d45380414aabe46304bed788b2""},""join_samples"":{""date"":""2026-09-14"",""run_id"":""050b6083fcee4d8c90b1e2d8f9263c71""},""upload_data"":{""date"":""2026-09-14"",""run_id"":""fefd5c91ffd9482a8fb31ad02298b97b""}}"
1616,616,"53.4366203 , -113.36773210000001","53.544948100000006 , -113.25964490000001",rural-urban,mixed,1716,"{""sample_routes"":{""date"":""2026-09-14"",""run_id"":""62ce72d45380414aabe46304bed788b2""},""join_samples"":{""date"":""2026-09-14"",""run_id"":""050b6083fcee4d8c90b1e2d8f9263c71""},""upload_data"":{""date"":""2026-09-14"",""run_id"":""fefd5c91ffd9482a8fb31ad02298b97b""}}"
1619,619,"51.068832500000006 , -114.07646410000001","51.178313200000005 , -113.9675076",urban-urban,mixed,1715,"{""sample_routes"":{""date"":""2026-09-14"",""run_id"":""62ce72d45380414aabe46304bed788b2""},""join_samples"":{""date"":""2026-09-14"",""run_id"":""050b6083fcee4d8c90b1e2d8f9263c71""},""upload_data"":{""date"":""2026-09-14"",""run_id"":""fefd5c91ffd9482a8fb31ad02298b97b""}}"
1625,625,"50.7430232 , -113.97374260000001","50.9208049 , -114.15145120000001",urban-urban,mixed,1712,"{""sample_routes"":{""date"":""2026-09-14"",""run_id"":""62ce72d45380414aabe46304bed788b2""},""join_samples"":{""date"":""2026-09-14"",""run_id"":""050b6083fcee4d8c90b1e2d8f9263c71""},""upload_data"":{""date"":""2026-09-14"",""run_id"":""fefd5c91ffd9482a8fb31ad02298b97b""}}"
1627,627,"53.6119173 , -113.3599535","53.61254 , -113.6378621",urban-urban,mixed,1889,"{""sample_routes"":{""date"":""2026-09-14"",""run_id"":""62ce72d45380414aabe46304bed788b2""},""join_samples"":{""date"":""2026-09-14"",""run_id"":""050b6083fcee4d8c90b1e2d8f9263c71""},""upload_data"":{""date"":""2026-09-14"",""run_id"":""fefd5c91ffd9482a8fb31ad02298b97b""}}"
1630,630,"53.48434030000001 , -113.6379916","53.366836000000006 , -113.5210739",urban-urban,mixed,1891,"{""sample_routes"":{""date"":""2026-09-14"",""run_id"":""62ce72d45380414aabe46304bed788b2""},""join_samples"":{""date"":""2026-09-14"",""run_id"":""050b6083fcee4d8c90b1e2d8f9263c71""},""upload_data"":{""date"":""2026-09-14"",""run_id"":""fefd5c91ffd9482a8fb31ad02298b97b""}}"
1631,631,"51.14001510000001 , -114.1306624","51.303468 , -113.96648280000001",urban-rural,mixed,1708,"{""sample_routes"":{""date"":""2026-09-14"",""run_id"":""62ce72d45380414aabe46304bed788b2""},""join_samples"":{""date"":""2026-09-14"",""run_id"":""050b6083fcee4d8c90b1e2d8f9263c71""},""upload_data"":{""date"":""2026-09-14"",""run_id"":""fefd5c91ffd9482a8fb31ad02298b97b""}}"
1634,634,"53.684767 , -113.2337071","53.506661300000005 , -113.23416110000001",urban-urban,mixed,1706,"{""sample_routes"":{""date"":""2026-09-14"",""run_id"":""62ce72d45380414aabe46304bed788b2""},""join_samples"":{""date"":""2026-09-14"",""run_id"":""050b6083fcee4d8c90b1e2d8f9263c71""},""upload_data"":{""date"":""2026-09-14"",""run_id"":""fefd5c91ffd9482a8fb31ad02298b97b""}}"
1635,635,"50.9158928 , -114.1277991","51.111693900000006 , -114.32423270000001",urban-urban,mixed,1894,"{""sample_routes"":{""date"":""2026-09-14"",""run_id"":""62ce72d45380414aabe46304bed788b2""},""join_samples"":{""date"":""2026-09-14"",""run_id"":""050b6083fcee4d8c90b1e2d8f9263c71""},""upload_data"":{""date"":""2026-09-14"",""run_id"":""fefd5c91ffd9482a8fb31ad02298b97b""}}"
1638,638,"50.975401000000005 , -114.09446870000001","51.1308773 , -114.2502108",urban-urban,mixed,1705,"{""sample_routes"":{""date"":""2026-09-14"",""run_id"":""62ce72d45380414aabe46304bed788b2""},""join_samples"":{""date"":""2026-09-14"",""run_id"":""050b6083fcee4d8c90b1e2d8f9263c71""},""upload_data"":{""date"":""2026-09-14"",""run_id"":""fefd5c91ffd9482a8fb31ad02298b97b""}}"
1639,639,"53.518896500000004 , -113.7002353","53.376622700000006 , -113.8423078",urban-urban,mixed,1704,"{""sample_routes"":{""date"":""2026-09-14"",""run_id"":""62ce72d45380414aabe46304bed788b2""},""join_samples"":{""date"":""2026-09-14"",""run_id"":""050b6083fcee4d8c90b1e2d8f9263c71""},""upload_data"":{""date"":""2026-09-14"",""run_id"":""fefd5c91ffd9482a8fb31ad02298b97b""}}"
1640,640,"50.9151517 , -114.12664310000001","51.1152421 , -114.3271665",urban-urban,mixed,1896,"{""sample_routes"":{""date"":""2026-09-14"",""run_id"":""62ce72d45380414aabe46304bed788b2""},""join_samples"":{""date"":""2026-09-14"",""run_id"":""050b6083fcee4d8c90b1e2d8f9263c71""},""upload_data"":{""date"":""2026-09-14"",""run_id"":""fefd5c91ffd9482a8fb31ad02298b97b""}}"
1641,641,"53.6039229 , -113.55427150000001","53.5032994 , -113.55386800000001",urban-urban,mixed,1898,"{""sample_routes"":{""date"":""2026-09-14"",""run_id"":""62ce72d45380414aabe46304bed788b2""},""join_samples"":{""date"":""2026-09-14"",""run_id"":""050b6083fcee4d8c90b1e2d8f9263c71""},""upload_data"":{""date"":""2026-09-14"",""run_id"":""fefd5c91ffd9482a8fb31ad02298b97b""}}"
1644,644,"53.5855157 , -113.4990204","53.717459100000006 , -113.49884750000001",urban-rural,mixed,1700,"{""sample_routes"":{""date"":""2026-09-14"",""run_id"":""62ce72d45380414aabe46304bed788b2""},""join_samples"":{""date"":""2026-09-14"",""run_id"":""050b6083fcee4d8c90b1e2d8f9263c71""},""upload_data"":{""date"":""2026-09-14"",""run_id"":""fefd5c91ffd9482a8fb31ad02298b97b""}}"
1645,645,"53.643274100000006 , -114.0655715","53.525450600000006 , -114.06572440000001",urban-urban,mixed,1699,"{""sample_routes"":{""date"":""2026-09-14"",""run_id"":""62ce72d45380414aabe46304bed788b2""},""join_samples"":{""date"":""2026-09-14"",""run_id"":""050b6083fcee4d8c90b1e2d8f9263c71""},""upload_data"":{""date"":""2026-09-14"",""run_id"":""fefd5c91ffd9482a8fb31ad02298b97b""}}"
1648,648,"50.8656123 , -114.0221279","50.7103246 , -114.0226147",urban-rural,mixed,1902,"{""sample_routes"":{""date"":""2026-09-14"",""run_id"":""62ce72d45380414aabe46304bed788b2""},""join_samples"":{""date"":""2026-09-14"",""run_id"":""050b6083fcee4d8c90b1e2d8f9263c71""},""upload_data"":{""date"":""2026-09-14"",""run_id"":""fefd5c91ffd9482a8fb31ad02298b97b""}}"
1649,649,"53.6372949 , -113.6138841","53.4955817 , -113.6139761",urban-urban,mixed,1903,"{""sample_routes"":{""date"":""2026-09-14"",""run_id"":""62ce72d45380414aabe46304bed788b2""},""join_samples"":{""date"":""2026-09-14"",""run_id"":""050b6083fcee4d8c90b1e2d8f9263c71""},""upload_data"":{""date"":""2026-09-14"",""run_id"":""fefd5c91ffd9482a8fb31ad02298b97b""}}"
1651,651,"53.3862959 , -113.51832490000001","53.385849500000006 , -113.69047830000001",urban-urban,mixed,1905,"{""sample_routes"":{""date"":""2026-09-14"",""run_id"":""62ce72d45380414aabe46304bed788b2""},""join_samples"":{""date"":""2026-09-14"",""run_id"":""050b6083fcee4d8c90b1e2d8f9263c71""},""upload_data"":{""date"":""2026-09-14"",""run_id"":""fefd5c91ffd9482a8fb31ad02298b97b""}}"
1653,653,"53.472857600000005 , -113.39810510000001","53.4721496 , -113.64140250000001",urban-urban,mixed,1907,"{""sample_routes"":{""date"":""2026-09-14"",""run_id"":""62ce72d45380414aabe46304bed788b2""},""join_samples"":{""date"":""2026-09-14"",""run_id"":""050b6083fcee4d8c90b1e2d8f9263c71""},""upload_data"":{""date"":""2026-09-14"",""run_id"":""fefd5c91ffd9482a8fb31ad02298b97b""}}"
1655,655,"53.535687900000006 , -113.2698673","53.4248448 , -113.38117960000001",urban-rural,mixed,1909,"{""sample_routes"":{""date"":""2026-09-14"",""run_id"":""62ce72d45380414aabe46304bed788b2""},""join_samples"":{""date"":""2026-09-14"",""run_id"":""050b6083fcee4d8c90b1e2d8f9263c71""},""upload_data"":{""date"":""2026-09-14"",""run_id"":""fefd5c91ffd9482a8fb31ad02298b97b""}}"
1657,657,"53.44439920000001 , -114.22291480000001","53.6009333 , -114.0662008",rural-rural,mixed,1691,"{""sample_routes"":{""date"":""2026-09-14"",""run_id"":""62ce72d45380414aabe46304bed788b2""},""join_samples"":{""date"":""2026-09-14"",""run_id"":""050b6083fcee4d8c90b1e2d8f9263c71""},""upload_data"":{""date"":""2026-09-14"",""run_id"":""fefd5c91ffd9482a8fb31ad02298b97b""}}"
1658,658,"53.3439422 , -113.4374557","53.4473367 , -113.43732870000001",urban-urban,mixed,1691,"{""sample_routes"":{""date"":""2026-09-14"",""run_id"":""62ce72d45380414aabe46304bed788b2""},""join_samples"":{""date"":""2026-09-14"",""run_id"":""050b6083fcee4d8c90b1e2d8f9263c71""},""upload_data"":{""date"":""2026-09-14"",""run_id"":""fefd5c91ffd9482a8fb31ad02298b97b""}}"
1659,659,"51.012309900000005 , -114.1844528","51.124051200000004 , -114.1851122",urban-urban,mixed,1690,"{""sample_routes"":{""date"":""2026-09-14"",""run_id"":""62ce72d45380414aabe46304bed788b2""},""join_samples"":{""date"":""2026-09-14"",""run_id"":""050b6083fcee4d8c90b1e2d8f9263c71""},""upload_data"":{""date"":""2026-09-14"",""run_id"":""fefd5c91ffd9482a8fb31ad02298b97b""}}"
1660,660,"50.8749376 , -114.0706907","51.0554994 , -114.2518539",urban-urban,mixed,1910,"{""sample_routes"":{""date"":""2026-09-14"",""run_id"":""62ce72d45380414aabe46304bed788b2""},""join_samples"":{""date"":""2026-09-14"",""run_id"":""050b6083fcee4d8c90b1e2d8f9263c71""},""upload_data"":{""date"":""2026-09-14"",""run_id"":""fefd5c91ffd9482a8fb31ad02298b97b""}}"
1661,661,"53.3180625 , -113.05859720000001","53.4751526 , -113.0590313",urban-urban,mixed,1910,"{""sample_routes"":{""date"":""2026-09-14"",""run_id"":""62ce72d45380414aabe46304bed788b2""},""join_samples"":{""date"":""2026-09-14"",""run_id"":""050b6083fcee4d8c90b1e2d8f9263c71""},""upload_data"":{""date"":""2026-09-14"",""run_id"":""fefd5c91ffd9482a8fb31ad02298b97b""}}"
1662,662,"53.527185700000004 , -113.44726170000001","53.6450813 , -113.4467219",urban-urban,mixed,1910,"{""sample_routes"":{""date"":""2026-09-14"",""run_id"":""62ce72d45380414aabe46304bed788b2""},""join_samples"":{""date"":""2026-09-14"",""run_id"":""050b6083fcee4d8c90b1e2d8f9263c71""},""upload_data"":{""date"":""2026-09-14"",""run_id"":""fefd5c91ffd9482a8fb31ad02298b97b""}}"
1663,663,"53.538830600000004 , -113.6890139","53.38154900000001 , -113.8460203",urban-rural,mixed,1911,"{""sample_routes"":{""date"":""2026-09-14"",""run_id"":""62ce72d45380414aabe46304bed788b2""},""join_samples"":{""date"":""2026-09-14"",""run_id"":""050b6083fcee4d8c90b1e2d8f9263c71""},""upload_data"":{""date"":""2026-09-14"",""run_id"":""fefd5c91ffd9482a8fb31ad02298b97b""}}"
1664,664,"50.8998482 , -113.93710250000001","50.737912300000005 , -113.93653950000001",urban-urban,mixed,1911,"{""sample_routes"":{""date"":""2026-09-14"",""run_id"":""62ce72d45380414aabe46304bed788b2""},""join_samples"":{""date"":""2026-09-14"",""run_id"":""050b6083fcee4d8c90b1e2d8f9263c71""},""upload_data"":{""date"":""2026-09-14"",""run_id"":""fefd5c91ffd9482a8fb31ad02298b97b""}}"
1668,668,"50.890311100000005 , -113.94746900000001","50.70484080000001 , -113.94802480000001",urban-urban,mixed,1914,"{""sample_routes"":{""date"":""2026-09-14"",""run_id"":""62ce72d45380414aabe46304bed788b2""},""join_samples"":{""date"":""2026-09-14"",""run_id"":""050b6083fcee4d8c90b1e2d8f9263c71""},""upload_data"":{""date"":""2026-09-14"",""run_id"":""fefd5c91ffd9482a8fb31ad02298b97b""}}"
1670,670,"53.499469100000006 , -113.1634815","53.665503900000004 , -113.3289814",urban-rural,mixed,1915,"{""sample_routes"":{""date"":""2026-09-14"",""run_id"":""62ce72d45380414aabe46304bed788b2""},""join_samples"":{""date"":""2026-09-14"",""run_id"":""050b6083fcee4d8c90b1e2d8f9263c71""},""upload_data"":{""date"":""2026-09-14"",""run_id"":""fefd5c91ffd9482a8fb31ad02298b97b""}}"
1672,672,"55.1433887 , -118.75730720000001","55.1428328 , -119.12826820000001",urban-rural,mixed,1915,"{""sample_routes"":{""date"":""2026-09-14"",""run_id"":""62ce72d45380414aabe46304bed788b2""},""join_samples"":{""date"":""2026-09-14"",""run_id"":""050b6083fcee4d8c90b1e2d8f9263c71""},""upload_data"":{""date"":""2026-09-14"",""run_id"":""fefd5c91ffd9482a8fb31ad02298b97b""}}"
1678,678,"53.605402000000005 , -113.5558146","53.503305700000006 , -113.5561885",urban-urban,mixed,1918,"{""sample_routes"":{""date"":""2026-09-14"",""run_id"":""62ce72d45380414aabe46304bed788b2""},""join_samples"":{""date"":""2026-09-14"",""run_id"":""050b6083fcee4d8c90b1e2d8f9263c71""},""upload_data"":{""date"":""2026-09-14"",""run_id"":""fefd5c91ffd9482a8fb31ad02298b97b""}}"
1681,681,"53.5210328 , -113.25609220000001","53.3786909 , -113.1132075",urban-urban,mixed,1923,"{""sample_routes"":{""date"":""2026-09-14"",""run_id"":""62ce72d45380414aabe46304bed788b2""},""join_samples"":{""date"":""2026-09-14"",""run_id"":""050b6083fcee4d8c90b1e2d8f9263c71""},""upload_data"":{""date"":""2026-09-14"",""run_id"":""fefd5c91ffd9482a8fb31ad02298b97b""}}"
1683,683,"53.43063660000001 , -113.4702261","53.4310484 , -113.75539130000001",urban-urban,mixed,1924,"{""sample_routes"":{""date"":""2026-09-14"",""run_id"":""62ce72d45380414aabe46304bed788b2""},""join_samples"":{""date"":""2026-09-14"",""run_id"":""050b6083fcee4d8c90b1e2d8f9263c71""},""upload_data"":{""date"":""2026-09-14"",""run_id"":""fefd5c91ffd9482a8fb31ad02298b97b""}}"
1684,684,"51.293365300000005 , -114.03249330000001","51.1365044 , -114.03305710000001",urban-urban,mixed,1676,"{""sample_routes"":{""date"":""2026-09-14"",""run_id"":""62ce72d45380414aabe46304bed788b2""},""join_samples"":{""date"":""2026-09-14"",""run_id"":""050b6083fcee4d8c90b1e2d8f9263c71""},""upload_data"":{""date"":""2026-09-14"",""run_id"":""fefd5c91ffd9482a8fb31ad02298b97b""}}"
1686,686,"53.6374998 , -113.58295530000001","53.556081600000006 , -113.5010077",urban-urban,mixed,1925,"{""sample_routes"":{""date"":""2026-09-14"",""run_id"":""62ce72d45380414aabe46304bed788b2""},""join_samples"":{""date"":""2026-09-14"",""run_id"":""050b6083fcee4d8c90b1e2d8f9263c71""},""upload_data"":{""date"":""2026-09-14"",""run_id"":""fefd5c91ffd9482a8fb31ad02298b97b""}}"
1689,689,"53.4752676 , -113.5924552","53.475329800000004 , -113.34302720000001",urban-urban,mixed,1673,"{""sample_routes"":{""date"":""2026-09-14"",""run_id"":""62ce72d45380414aabe46304bed788b2""},""join_samples"":{""date"":""2026-09-14"",""run_id"":""050b6083fcee4d8c90b1e2d8f9263c71""},""upload_data"":{""date"":""2026-09-14"",""run_id"":""fefd5c91ffd9482a8fb31ad02298b97b""}}"
1690,690,"51.2543293 , -114.0007544","51.0657979 , -114.18932400000001",rural-urban,mixed,1927,"{""sample_routes"":{""date"":""2026-09-14"",""run_id"":""62ce72d45380414aabe46304bed788b2""},""join_samples"":{""date"":""2026-09-14"",""run_id"":""050b6083fcee4d8c90b1e2d8f9263c71""},""upload_data"":{""date"":""2026-09-14"",""run_id"":""fefd5c91ffd9482a8fb31ad02298b97b""}}"
1691,691,"53.5003188 , -113.6813455","53.350172300000004 , -113.5312791",urban-urban,mixed,1928,"{""sample_routes"":{""date"":""2026-09-14"",""run_id"":""62ce72d45380414aabe46304bed788b2""},""join_samples"":{""date"":""2026-09-14"",""run_id"":""050b6083fcee4d8c90b1e2d8f9263c71""},""upload_data"":{""date"":""2026-09-14"",""run_id"":""fefd5c91ffd9482a8fb31ad02298b97b""}}"
1692,692,"53.562257900000006 , -113.14014750000001","53.561973 , -112.7885306",urban-urban,mixed,1672,"{""sample_routes"":{""date"":""2026-09-14"",""run_id"":""62ce72d45380414aabe46304bed788b2""},""join_samples"":{""date"":""2026-09-14"",""run_id"":""050b6083fcee4d8c90b1e2d8f9263c71""},""upload_data"":{""date"":""2026-09-14"",""run_id"":""fefd5c91ffd9482a8fb31ad02298b97b""}}"
1694,694,"53.524912500000006 , -113.1294283","53.5247711 , -113.4187297",urban-urban,mixed,1929,"{""sample_routes"":{""date"":""2026-09-14"",""run_id"":""62ce72d45380414aabe46304bed788b2""},""join_samples"":{""date"":""2026-09-14"",""run_id"":""050b6083fcee4d8c90b1e2d8f9263c71""},""upload_data"":{""date"":""2026-09-14"",""run_id"":""fefd5c91ffd9482a8fb31ad02298b97b""}}"
1695,695,"51.182934700000004 , -114.1607984","51.018805500000006 , -114.3255618",urban-urban,mixed,1929,"{""sample_routes"":{""date"":""2026-09-14"",""run_id"":""62ce72d45380414aabe46304bed788b2""},""join_samples"":{""date"":""2026-09-14"",""run_id"":""050b6083fcee4d8c90b1e2d8f9263c71""},""upload_data"":{""date"":""2026-09-14"",""run_id"":""fefd5c91ffd9482a8fb31ad02298b97b""}}"
1696,696,"51.178721 , -113.97018650000001","51.1780777 , -114.3557382",rural-rural,mixed,1671,"{""sample_routes"":{""date"":""2026-09-14"",""run_id"":""62ce72d45380414aabe46304bed788b2""},""join_samples"":{""date"":""2026-09-14"",""run_id"":""050b6083fcee4d8c90b1e2d8f9263c71""},""upload_data"":{""date"":""2026-09-14"",""run_id"":""fefd5c91ffd9482a8fb31ad02298b97b""}}"
1698,698,"53.559894 , -113.76275260000001","53.6463942 , -113.67578590000001",urban-urban,mixed,1669,"{""sample_routes"":{""date"":""2026-09-14"",""run_id"":""62ce72d45380414aabe46304bed788b2""},""join_samples"":{""date"":""2026-09-14"",""run_id"":""050b6083fcee4d8c90b1e2d8f9263c71""},""upload_data"":{""date"":""2026-09-14"",""run_id"":""fefd5c91ffd9482a8fb31ad02298b97b""}}"
1699,699,"50.9080456 , -113.9766776","50.9084505 , -114.4628615",urban-urban,mixed,1932,"{""sample_routes"":{""date"":""2026-09-14"",""run_id"":""62ce72d45380414aabe46304bed788b2""},""join_samples"":{""date"":""2026-09-14"",""run_id"":""050b6083fcee4d8c90b1e2d8f9263c71""},""upload_data"":{""date"":""2026-09-14"",""run_id"":""fefd5c91ffd9482a8fb31ad02298b97b""}}"
1700,700,"51.183571900000004 , -114.06937500000001","51.1834215 , -113.82535150000001",urban-urban,mixed,1667,"{""sample_routes"":{""date"":""2026-09-14"",""run_id"":""62ce72d45380414aabe46304bed788b2""},""join_samples"":{""date"":""2026-09-14"",""run_id"":""050b6083fcee4d8c90b1e2d8f9263c71""},""upload_data"":{""date"":""2026-09-14"",""run_id"":""fefd5c91ffd9482a8fb31ad02298b97b""}}"
1701,701,"51.1198136 , -113.9350957","51.0216998 , -113.83709080000001",urban-urban,mixed,1934,"{""sample_routes"":{""date"":""2026-09-14"",""run_id"":""62ce72d45380414aabe46304bed788b2""},""join_samples"":{""date"":""2026-09-14"",""run_id"":""050b6083fcee4d8c90b1e2d8f9263c71""},""upload_data"":{""date"":""2026-09-14"",""run_id"":""fefd5c91ffd9482a8fb31ad02298b97b""}}"
1703,703,"53.5605197 , -113.2666231","53.393847 , -113.26628600000001",urban-urban,mixed,1934,"{""sample_routes"":{""date"":""2026-09-14"",""run_id"":""62ce72d45380414aabe46304bed788b2""},""join_samples"":{""date"":""2026-09-14"",""run_id"":""050b6083fcee4d8c90b1e2d8f9263c71""},""upload_data"":{""date"":""2026-09-14"",""run_id"":""fefd5c91ffd9482a8fb31ad02298b97b""}}"
1704,704,"51.2982704 , -114.0483755","51.1070294 , -114.23977670000001",urban-urban,mixed,1934,"{""sample_routes"":{""date"":""2026-09-14"",""run_id"":""62ce72d45380414aabe46304bed788b2""},""join_samples"":{""date"":""2026-09-14"",""run_id"":""050b6083fcee4d8c90b1e2d8f9263c71""},""upload_data"":{""date"":""2026-09-14"",""run_id"":""fefd5c91ffd9482a8fb31ad02298b97b""}}"
1705,705,"53.6309144 , -113.60987180000001","53.7162476 , -113.69448340000001",urban-rural,mixed,1666,"{""sample_routes"":{""date"":""2026-09-14"",""run_id"":""62ce72d45380414aabe46304bed788b2""},""join_samples"":{""date"":""2026-09-14"",""run_id"":""050b6083fcee4d8c90b1e2d8f9263c71""},""upload_data"":{""date"":""2026-09-14"",""run_id"":""fefd5c91ffd9482a8fb31ad02298b97b""}}"
1710,710,"53.639498 , -113.68312590000001","53.463402300000006 , -113.68380160000001",urban-urban,mixed,1938,"{""sample_routes"":{""date"":""2026-09-14"",""run_id"":""62ce72d45380414aabe46304bed788b2""},""join_samples"":{""date"":""2026-09-14"",""run_id"":""050b6083fcee4d8c90b1e2d8f9263c71""},""upload_data"":{""date"":""2026-09-14"",""run_id"":""fefd5c91ffd9482a8fb31ad02298b97b""}}"
1714,714,"53.4687138 , -113.3938966","53.6313217 , -113.39434000000001",urban-rural,mixed,1939,"{""sample_routes"":{""date"":""2026-09-14"",""run_id"":""62ce72d45380414aabe46304bed788b2""},""join_samples"":{""date"":""2026-09-14"",""run_id"":""050b6083fcee4d8c90b1e2d8f9263c71""},""upload_data"":{""date"":""2026-09-14"",""run_id"":""fefd5c91ffd9482a8fb31ad02298b97b""}}"
1715,715,"50.8888978 , -114.08154640000001","51.0550068 , -114.2471567",urban-urban,mixed,1940,"{""sample_routes"":{""date"":""2026-09-14"",""run_id"":""62ce72d45380414aabe46304bed788b2""},""join_samples"":{""date"":""2026-09-14"",""run_id"":""050b6083fcee4d8c90b1e2d8f9263c71""},""upload_data"":{""date"":""2026-09-14"",""run_id"":""fefd5c91ffd9482a8fb31ad02298b97b""}}"
1718,718,"51.022492400000004 , -114.1784406","50.8531569 , -114.00934570000001",urban-urban,mixed,1941,"{""sample_routes"":{""date"":""2026-09-14"",""run_id"":""62ce72d45380414aabe46304bed788b2""},""join_samples"":{""date"":""2026-09-14"",""run_id"":""050b6083fcee4d8c90b1e2d8f9263c71""},""upload_data"":{""date"":""2026-09-14"",""run_id"":""fefd5c91ffd9482a8fb31ad02298b97b""}}"
1719,719,"53.418763600000005 , -113.6031312","53.4192374 , -113.75325740000001",urban-urban,mixed,1941,"{""sample_routes"":{""date"":""2026-09-14"",""run_id"":""62ce72d45380414aabe46304bed788b2""},""join_samples"":{""date"":""2026-09-14"",""run_id"":""050b6083fcee4d8c90b1e2d8f9263c71""},""upload_data"":{""date"":""2026-09-14"",""run_id"":""fefd5c91ffd9482a8fb31ad02298b97b""}}"
1720,720,"51.434615300000004 , -114.03944220000001","51.2493112 , -114.03951350000001",urban-urban,mixed,1942,"{""sample_routes"":{""date"":""2026-09-14"",""run_id"":""62ce72d45380414aabe46304bed788b2""},""join_samples"":{""date"":""2026-09-14"",""run_id"":""050b6083fcee4d8c90b1e2d8f9263c71""},""upload_data"":{""date"":""2026-09-14"",""run_id"":""fefd5c91ffd9482a8fb31ad02298b97b""}}"
1723,723,"53.476963600000005 , -113.577455","53.4774916 , -113.83626410000001",urban-rural,mixed,1946,"{""sample_routes"":{""date"":""2026-09-14"",""run_id"":""62ce72d45380414aabe46304bed788b2""},""join_samples"":{""date"":""2026-09-14"",""run_id"":""050b6083fcee4d8c90b1e2d8f9263c71""},""upload_data"":{""date"":""2026-09-14"",""run_id"":""fefd5c91ffd9482a8fb31ad02298b97b""}}"
1724,724,"53.4633357 , -113.58246720000001","53.4626278 , -113.841695",urban-urban,mixed,1946,"{""sample_routes"":{""date"":""2026-09-14"",""run_id"":""62ce72d45380414aabe46304bed788b2""},""join_samples"":{""date"":""2026-09-14"",""run_id"":""050b6083fcee4d8c90b1e2d8f9263c71""},""upload_data"":{""date"":""2026-09-14"",""run_id"":""fefd5c91ffd9482a8fb31ad02298b97b""}}"
1725,725,"53.547399600000006 , -113.59553000000001","53.41426860000001 , -113.5952309",urban-urban,mixed,1947,"{""sample_routes"":{""date"":""2026-09-14"",""run_id"":""62ce72d45380414aabe46304bed788b2""},""join_samples"":{""date"":""2026-09-14"",""run_id"":""050b6083fcee4d8c90b1e2d8f9263c71""},""upload_data"":{""date"":""2026-09-14"",""run_id"":""fefd5c91ffd9482a8fb31ad02298b97b""}}"
1727,727,"51.1156001 , -114.15476100000001","50.8922043 , -114.1545471",urban-rural,mixed,1949,"{""sample_routes"":{""date"":""2026-09-14"",""run_id"":""62ce72d45380414aabe46304bed788b2""},""join_samples"":{""date"":""2026-09-14"",""run_id"":""050b6083fcee4d8c90b1e2d8f9263c71""},""upload_data"":{""date"":""2026-09-14"",""run_id"":""fefd5c91ffd9482a8fb31ad02298b97b""}}"
1728,728,"51.2709137 , -114.01435470000001","51.093282200000004 , -114.19265480000001",urban-urban,mixed,1949,"{""sample_routes"":{""date"":""2026-09-14"",""run_id"":""62ce72d45380414aabe46304bed788b2""},""join_samples"":{""date"":""2026-09-14"",""run_id"":""050b6083fcee4d8c90b1e2d8f9263c71""},""upload_data"":{""date"":""2026-09-14"",""run_id"":""fefd5c91ffd9482a8fb31ad02298b97b""}}"
1730,730,"51.0814048 , -113.9580825","50.9651872 , -113.842095",urban-rural,mixed,1651,"{""sample_routes"":{""date"":""2026-09-14"",""run_id"":""62ce72d45380414aabe46304bed788b2""},""join_samples"":{""date"":""2026-09-14"",""run_id"":""050b6083fcee4d8c90b1e2d8f9263c71""},""upload_data"":{""date"":""2026-09-14"",""run_id"":""fefd5c91ffd9482a8fb31ad02298b97b""}}"
1731,731,"53.42049170000001 , -113.55413870000001","53.4206251 , -113.7601358",urban-urban,mixed,1949,"{""sample_routes"":{""date"":""2026-09-14"",""run_id"":""62ce72d45380414aabe46304bed788b2""},""join_samples"":{""date"":""2026-09-14"",""run_id"":""050b6083fcee4d8c90b1e2d8f9263c71""},""upload_data"":{""date"":""2026-09-14"",""run_id"":""fefd5c91ffd9482a8fb31ad02298b97b""}}"
1732,732,"51.1094761 , -114.1800261","50.892399100000006 , -114.1796151",urban-rural,mixed,1950,"{""sample_routes"":{""date"":""2026-09-14"",""run_id"":""62ce72d45380414aabe46304bed788b2""},""join_samples"":{""date"":""2026-09-14"",""run_id"":""050b6083fcee4d8c90b1e2d8f9263c71""},""upload_data"":{""date"":""2026-09-14"",""run_id"":""fefd5c91ffd9482a8fb31ad02298b97b""}}"
1734,734,"52.368252500000004 , -113.79609090000001","52.2594335 , -113.79583450000001",urban-urban,mixed,1649,"{""sample_routes"":{""date"":""2026-09-14"",""run_id"":""62ce72d45380414aabe46304bed788b2""},""join_samples"":{""date"":""2026-09-14"",""run_id"":""050b6083fcee4d8c90b1e2d8f9263c71""},""upload_data"":{""date"":""2026-09-14"",""run_id"":""fefd5c91ffd9482a8fb31ad02298b97b""}}"
1738,738,"53.472087200000004 , -113.51667710000001","53.374015500000006 , -113.4180453",urban-urban,mixed,1647,"{""sample_routes"":{""date"":""2026-09-14"",""run_id"":""62ce72d45380414aabe46304bed788b2""},""join_samples"":{""date"":""2026-09-14"",""run_id"":""050b6083fcee4d8c90b1e2d8f9263c71""},""upload_data"":{""date"":""2026-09-14"",""run_id"":""fefd5c91ffd9482a8fb31ad02298b97b""}}"
1740,740,"53.592179 , -113.5304299","53.592746600000005 , -113.9836322",urban-urban,mixed,1955,"{""sample_routes"":{""date"":""2026-09-14"",""run_id"":""62ce72d45380414aabe46304bed788b2""},""join_samples"":{""date"":""2026-09-14"",""run_id"":""050b6083fcee4d8c90b1e2d8f9263c71""},""upload_data"":{""date"":""2026-09-14"",""run_id"":""fefd5c91ffd9482a8fb31ad02298b97b""}}"
1743,743,"53.5226808 , -113.28581840000001","53.52243180000001 , -113.0742441",urban-rural,mixed,1956,"{""sample_routes"":{""date"":""2026-09-14"",""run_id"":""62ce72d45380414aabe46304bed788b2""},""join_samples"":{""date"":""2026-09-14"",""run_id"":""050b6083fcee4d8c90b1e2d8f9263c71""},""upload_data"":{""date"":""2026-09-14"",""run_id"":""fefd5c91ffd9482a8fb31ad02298b97b""}}"
1745,745,"53.4214725 , -113.55549730000001","53.420798500000004 , -113.7137101",urban-rural,mixed,1642,"{""sample_routes"":{""date"":""2026-09-14"",""run_id"":""62ce72d45380414aabe46304bed788b2""},""join_samples"":{""date"":""2026-09-14"",""run_id"":""050b6083fcee4d8c90b1e2d8f9263c71""},""upload_data"":{""date"":""2026-09-14"",""run_id"":""fefd5c91ffd9482a8fb31ad02298b97b""}}"
1746,746,"53.580408600000005 , -113.52549850000001","53.4381805 , -113.3830016",urban-urban,mixed,1958,"{""sample_routes"":{""date"":""2026-09-14"",""run_id"":""62ce72d45380414aabe46304bed788b2""},""join_samples"":{""date"":""2026-09-14"",""run_id"":""050b6083fcee4d8c90b1e2d8f9263c71""},""upload_data"":{""date"":""2026-09-14"",""run_id"":""fefd5c91ffd9482a8fb31ad02298b97b""}}"
1749,749,"53.594924000000006 , -113.55657830000001","53.69355 , -113.55588770000001",urban-urban,mixed,1638,"{""sample_routes"":{""date"":""2026-09-14"",""run_id"":""62ce72d45380414aabe46304bed788b2""},""join_samples"":{""date"":""2026-09-14"",""run_id"":""050b6083fcee4d8c90b1e2d8f9263c71""},""upload_data"":{""date"":""2026-09-14"",""run_id"":""fefd5c91ffd9482a8fb31ad02298b97b""}}"
1751,751,"51.2210155 , -114.02232380000001","51.431066 , -114.0220273",urban-urban,mixed,1633,"{""sample_routes"":{""date"":""2026-09-14"",""run_id"":""62ce72d45380414aabe46304bed788b2""},""join_samples"":{""date"":""2026-09-14"",""run_id"":""050b6083fcee4d8c90b1e2d8f9263c71""},""upload_data"":{""date"":""2026-09-14"",""run_id"":""fefd5c91ffd9482a8fb31ad02298b97b""}}"
1754,754,"53.593789 , -113.56042090000001","53.5936615 , -113.94741570000001",urban-urban,mixed,1968,"{""sample_routes"":{""date"":""2026-09-14"",""run_id"":""62ce72d45380414aabe46304bed788b2""},""join_samples"":{""date"":""2026-09-14"",""run_id"":""050b6083fcee4d8c90b1e2d8f9263c71""},""upload_data"":{""date"":""2026-09-14"",""run_id"":""fefd5c91ffd9482a8fb31ad02298b97b""}}"
1760,760,"50.892467200000006 , -113.91958290000001","50.892944 , -114.3865068",urban-urban,mixed,1972,"{""sample_routes"":{""date"":""2026-09-14"",""run_id"":""62ce72d45380414aabe46304bed788b2""},""join_samples"":{""date"":""2026-09-14"",""run_id"":""050b6083fcee4d8c90b1e2d8f9263c71""},""upload_data"":{""date"":""2026-09-14"",""run_id"":""fefd5c91ffd9482a8fb31ad02298b97b""}}"
1762,762,"53.307715300000005 , -113.58391270000001","53.4628992 , -113.5836467",urban-urban,mixed,1972,"{""sample_routes"":{""date"":""2026-09-14"",""run_id"":""62ce72d45380414aabe46304bed788b2""},""join_samples"":{""date"":""2026-09-14"",""run_id"":""050b6083fcee4d8c90b1e2d8f9263c71""},""upload_data"":{""date"":""2026-09-14"",""run_id"":""fefd5c91ffd9482a8fb31ad02298b97b""}}"
1763,763,"53.6415998 , -113.6431297","53.6420911 , -113.4831872",urban-urban,mixed,1972,"{""sample_routes"":{""date"":""2026-09-14"",""run_id"":""62ce72d45380414aabe46304bed788b2""},""join_samples"":{""date"":""2026-09-14"",""run_id"":""050b6083fcee4d8c90b1e2d8f9263c71""},""upload_data"":{""date"":""2026-09-14"",""run_id"":""fefd5c91ffd9482a8fb31ad02298b97b""}}"
1764,764,"50.6821715 , -114.0940922","50.830556400000006 , -113.94639430000001",rural-urban,mixed,1973,"{""sample_routes"":{""date"":""2026-09-14"",""run_id"":""62ce72d45380414aabe46304bed788b2""},""join_samples"":{""date"":""2026-09-14"",""run_id"":""050b6083fcee4d8c90b1e2d8f9263c71""},""upload_data"":{""date"":""2026-09-14"",""run_id"":""fefd5c91ffd9482a8fb31ad02298b97b""}}"
1765,765,"51.030036200000005 , -114.03044670000001","50.9190106 , -114.1420027",urban-urban,mixed,1626,"{""sample_routes"":{""date"":""2026-09-14"",""run_id"":""62ce72d45380414aabe46304bed788b2""},""join_samples"":{""date"":""2026-09-14"",""run_id"":""050b6083fcee4d8c90b1e2d8f9263c71""},""upload_data"":{""date"":""2026-09-14"",""run_id"":""fefd5c91ffd9482a8fb31ad02298b97b""}}"
1767,767,"53.340459700000004 , -113.5636898","53.5123498 , -113.3919185",urban-urban,mixed,1977,"{""sample_routes"":{""date"":""2026-09-14"",""run_id"":""62ce72d45380414aabe46304bed788b2""},""join_samples"":{""date"":""2026-09-14"",""run_id"":""050b6083fcee4d8c90b1e2d8f9263c71""},""upload_data"":{""date"":""2026-09-14"",""run_id"":""fefd5c91ffd9482a8fb31ad02298b97b""}}"
1770,770,"50.917719000000005 , -114.1296944","50.78307220000001 , -113.99504",urban-urban,mixed,1622,"{""sample_routes"":{""date"":""2026-09-14"",""run_id"":""62ce72d45380414aabe46304bed788b2""},""join_samples"":{""date"":""2026-09-14"",""run_id"":""050b6083fcee4d8c90b1e2d8f9263c71""},""upload_data"":{""date"":""2026-09-14"",""run_id"":""fefd5c91ffd9482a8fb31ad02298b97b""}}"
1772,772,"50.877969 , -113.98837350000001","50.877525600000006 , -114.3711128",urban-rural,mixed,1978,"{""sample_routes"":{""date"":""2026-09-14"",""run_id"":""62ce72d45380414aabe46304bed788b2""},""join_samples"":{""date"":""2026-09-14"",""run_id"":""050b6083fcee4d8c90b1e2d8f9263c71""},""upload_data"":{""date"":""2026-09-14"",""run_id"":""fefd5c91ffd9482a8fb31ad02298b97b""}}"
1776,776,"51.116669900000005 , -114.18535800000001","51.300112500000004 , -114.3684762",urban-urban,mixed,1979,"{""sample_routes"":{""date"":""2026-09-14"",""run_id"":""62ce72d45380414aabe46304bed788b2""},""join_samples"":{""date"":""2026-09-14"",""run_id"":""050b6083fcee4d8c90b1e2d8f9263c71""},""upload_data"":{""date"":""2026-09-14"",""run_id"":""fefd5c91ffd9482a8fb31ad02298b97b""}}"
1777,777,"53.398647600000004 , -113.2624442","53.549113000000006 , -113.41269080000001",urban-urban,mixed,1979,"{""sample_routes"":{""date"":""2026-09-14"",""run_id"":""62ce72d45380414aabe46304bed788b2""},""join_samples"":{""date"":""2026-09-14"",""run_id"":""050b6083fcee4d8c90b1e2d8f9263c71""},""upload_data"":{""date"":""2026-09-14"",""run_id"":""fefd5c91ffd9482a8fb31ad02298b97b""}}"
1778,778,"53.657800900000005 , -113.3704761","53.545568800000005 , -113.4828549",urban-urban,mixed,1980,"{""sample_routes"":{""date"":""2026-09-14"",""run_id"":""62ce72d45380414aabe46304bed788b2""},""join_samples"":{""date"":""2026-09-14"",""run_id"":""050b6083fcee4d8c90b1e2d8f9263c71""},""upload_data"":{""date"":""2026-09-14"",""run_id"":""fefd5c91ffd9482a8fb31ad02298b97b""}}"
1779,779,"53.7449931 , -113.1644749","53.7453925 , -113.52606100000001",urban-urban,mixed,1981,"{""sample_routes"":{""date"":""2026-09-14"",""run_id"":""62ce72d45380414aabe46304bed788b2""},""join_samples"":{""date"":""2026-09-14"",""run_id"":""050b6083fcee4d8c90b1e2d8f9263c71""},""upload_data"":{""date"":""2026-09-14"",""run_id"":""fefd5c91ffd9482a8fb31ad02298b97b""}}"
1781,781,"50.9566856 , -114.0683329","50.794217700000004 , -113.9058306",urban-urban,mixed,1617,"{""sample_routes"":{""date"":""2026-09-14"",""run_id"":""62ce72d45380414aabe46304bed788b2""},""join_samples"":{""date"":""2026-09-14"",""run_id"":""050b6083fcee4d8c90b1e2d8f9263c71""},""upload_data"":{""date"":""2026-09-14"",""run_id"":""fefd5c91ffd9482a8fb31ad02298b97b""}}"
1782,782,"51.0499889 , -113.95072870000001","50.876937000000005 , -113.95019300000001",urban-urban,mixed,1984,"{""sample_routes"":{""date"":""2026-09-14"",""run_id"":""62ce72d45380414aabe46304bed788b2""},""join_samples"":{""date"":""2026-09-14"",""run_id"":""050b6083fcee4d8c90b1e2d8f9263c71""},""upload_data"":{""date"":""2026-09-14"",""run_id"":""fefd5c91ffd9482a8fb31ad02298b97b""}}"
1784,784,"53.6541135 , -113.59714960000001","53.512348800000005 , -113.59652150000001",urban-urban,mixed,1986,"{""sample_routes"":{""date"":""2026-09-14"",""run_id"":""62ce72d45380414aabe46304bed788b2""},""join_samples"":{""date"":""2026-09-14"",""run_id"":""050b6083fcee4d8c90b1e2d8f9263c71""},""upload_data"":{""date"":""2026-09-14"",""run_id"":""fefd5c91ffd9482a8fb31ad02298b97b""}}"
1786,786,"52.2711775 , -113.75321100000001","52.2706044 , -113.9328852",urban-rural,mixed,1613,"{""sample_routes"":{""date"":""2026-09-14"",""run_id"":""62ce72d45380414aabe46304bed788b2""},""join_samples"":{""date"":""2026-09-14"",""run_id"":""050b6083fcee4d8c90b1e2d8f9263c71""},""upload_data"":{""date"":""2026-09-14"",""run_id"":""fefd5c91ffd9482a8fb31ad02298b97b""}}"
1787,787,"51.290774500000005 , -114.05354100000001","51.143088500000005 , -114.20053840000001",urban-urban,mixed,1987,"{""sample_routes"":{""date"":""2026-09-14"",""run_id"":""62ce72d45380414aabe46304bed788b2""},""join_samples"":{""date"":""2026-09-14"",""run_id"":""050b6083fcee4d8c90b1e2d8f9263c71""},""upload_data"":{""date"":""2026-09-14"",""run_id"":""fefd5c91ffd9482a8fb31ad02298b97b""}}"
1789,789,"53.5578695 , -113.9565965","53.7056787 , -114.10387530000001",urban-urban,mixed,1987,"{""sample_routes"":{""date"":""2026-09-14"",""run_id"":""62ce72d45380414aabe46304bed788b2""},""join_samples"":{""date"":""2026-09-14"",""run_id"":""050b6083fcee4d8c90b1e2d8f9263c71""},""upload_data"":{""date"":""2026-09-14"",""run_id"":""fefd5c91ffd9482a8fb31ad02298b97b""}}"
1790,790,"53.297018200000004 , -113.559087","53.459026200000004 , -113.39695850000001",urban-urban,mixed,1988,"{""sample_routes"":{""date"":""2026-09-14"",""run_id"":""62ce72d45380414aabe46304bed788b2""},""join_samples"":{""date"":""2026-09-14"",""run_id"":""050b6083fcee4d8c90b1e2d8f9263c71""},""upload_data"":{""date"":""2026-09-14"",""run_id"":""fefd5c91ffd9482a8fb31ad02298b97b""}}"
1792,792,"51.1339193 , -113.9411589","51.2706967 , -113.94187910000001",urban-rural,mixed,1610,"{""sample_routes"":{""date"":""2026-09-14"",""run_id"":""62ce72d45380414aabe46304bed788b2""},""join_samples"":{""date"":""2026-09-14"",""run_id"":""050b6083fcee4d8c90b1e2d8f9263c71""},""upload_data"":{""date"":""2026-09-14"",""run_id"":""fefd5c91ffd9482a8fb31ad02298b97b""}}"
1793,793,"53.5897086 , -113.4081366","53.590301700000005 , -113.1331081",urban-urban,mixed,1610,"{""sample_routes"":{""date"":""2026-09-14"",""run_id"":""62ce72d45380414aabe46304bed788b2""},""join_samples"":{""date"":""2026-09-14"",""run_id"":""050b6083fcee4d8c90b1e2d8f9263c71""},""upload_data"":{""date"":""2026-09-14"",""run_id"":""fefd5c91ffd9482a8fb31ad02298b97b""}}"
1796,796,"53.58632780000001 , -113.131134","53.586034500000004 , -113.5504224",urban-urban,mixed,1991,"{""sample_routes"":{""date"":""2026-09-14"",""run_id"":""62ce72d45380414aabe46304bed788b2""},""join_samples"":{""date"":""2026-09-14"",""run_id"":""050b6083fcee4d8c90b1e2d8f9263c71""},""upload_data"":{""date"":""2026-09-14"",""run_id"":""fefd5c91ffd9482a8fb31ad02298b97b""}}"
1802,802,"56.203439100000004 , -117.2680773","56.20276320000001 , -117.61045800000001",rural-rural,mixed,1607,"{""sample_routes"":{""date"":""2026-09-14"",""run_id"":""62ce72d45380414aabe46304bed788b2""},""join_samples"":{""date"":""2026-09-14"",""run_id"":""050b6083fcee4d8c90b1e2d8f9263c71""},""upload_data"":{""date"":""2026-09-14"",""run_id"":""fefd5c91ffd9482a8fb31ad02298b97b""}}"
1806,806,"53.517627700000006 , -113.3028539","53.610514 , -113.39575020000001",urban-urban,mixed,1603,"{""sample_routes"":{""date"":""2026-09-14"",""run_id"":""62ce72d45380414aabe46304bed788b2""},""join_samples"":{""date"":""2026-09-14"",""run_id"":""050b6083fcee4d8c90b1e2d8f9263c71""},""upload_data"":{""date"":""2026-09-14"",""run_id"":""fefd5c91ffd9482a8fb31ad02298b97b""}}"
1812,812,"51.111246300000005 , -114.22149470000001","50.9583935 , -114.0689868",urban-urban,mixed,2003,"{""sample_routes"":{""date"":""2026-09-14"",""run_id"":""62ce72d45380414aabe46304bed788b2""},""join_samples"":{""date"":""2026-09-14"",""run_id"":""050b6083fcee4d8c90b1e2d8f9263c71""},""upload_data"":{""date"":""2026-09-14"",""run_id"":""fefd5c91ffd9482a8fb31ad02298b97b""}}"
1813,813,"53.6497217 , -113.6756325","53.4657697 , -113.6758733",urban-urban,mixed,2004,"{""sample_routes"":{""date"":""2026-09-14"",""run_id"":""62ce72d45380414aabe46304bed788b2""},""join_samples"":{""date"":""2026-09-14"",""run_id"":""050b6083fcee4d8c90b1e2d8f9263c71""},""upload_data"":{""date"":""2026-09-14"",""run_id"":""fefd5c91ffd9482a8fb31ad02298b97b""}}"
1818,818,"53.51886450000001 , -113.26903630000001","53.6103242 , -113.3602336",urban-urban,mixed,2006,"{""sample_routes"":{""date"":""2026-09-14"",""run_id"":""62ce72d45380414aabe46304bed788b2""},""join_samples"":{""date"":""2026-09-14"",""run_id"":""050b6083fcee4d8c90b1e2d8f9263c71""},""upload_data"":{""date"":""2026-09-14"",""run_id"":""fefd5c91ffd9482a8fb31ad02298b97b""}}"
1822,822,"53.510346000000006 , -113.3009169","53.346869700000006 , -113.3014249",urban-urban,mixed,1592,"{""sample_routes"":{""date"":""2026-09-14"",""run_id"":""62ce72d45380414aabe46304bed788b2""},""join_samples"":{""date"":""2026-09-14"",""run_id"":""050b6083fcee4d8c90b1e2d8f9263c71""},""upload_data"":{""date"":""2026-09-14"",""run_id"":""fefd5c91ffd9482a8fb31ad02298b97b""}}"
1823,823,"53.6319389 , -113.59556520000001","53.555639600000006 , -113.51857050000001",urban-urban,mixed,2008,"{""sample_routes"":{""date"":""2026-09-14"",""run_id"":""62ce72d45380414aabe46304bed788b2""},""join_samples"":{""date"":""2026-09-14"",""run_id"":""050b6083fcee4d8c90b1e2d8f9263c71""},""upload_data"":{""date"":""2026-09-14"",""run_id"":""fefd5c91ffd9482a8fb31ad02298b97b""}}"
1825,825,"51.0807331 , -115.0610443","51.080687000000005 , -115.3726632",rural-urban,mixed,1590,"{""sample_routes"":{""date"":""2026-09-14"",""run_id"":""62ce72d45380414aabe46304bed788b2""},""join_samples"":{""date"":""2026-09-14"",""run_id"":""050b6083fcee4d8c90b1e2d8f9263c71""},""upload_data"":{""date"":""2026-09-14"",""run_id"":""fefd5c91ffd9482a8fb31ad02298b97b""}}"
1826,826,"53.5284198 , -113.5850324","53.6527041 , -113.5850834",urban-urban,mixed,2012,"{""sample_routes"":{""date"":""2026-09-14"",""run_id"":""62ce72d45380414aabe46304bed788b2""},""join_samples"":{""date"":""2026-09-14"",""run_id"":""050b6083fcee4d8c90b1e2d8f9263c71""},""upload_data"":{""date"":""2026-09-14"",""run_id"":""fefd5c91ffd9482a8fb31ad02298b97b""}}"
1828,828,"53.654465200000004 , -113.63591290000001","53.493678700000004 , -113.6365502",urban-urban,mixed,2012,"{""sample_routes"":{""date"":""2026-09-14"",""run_id"":""62ce72d45380414aabe46304bed788b2""},""join_samples"":{""date"":""2026-09-14"",""run_id"":""050b6083fcee4d8c90b1e2d8f9263c71""},""upload_data"":{""date"":""2026-09-14"",""run_id"":""fefd5c91ffd9482a8fb31ad02298b97b""}}"
1829,829,"50.9174426 , -114.05689960000001","51.074933 , -114.2143704",urban-urban,mixed,2012,"{""sample_routes"":{""date"":""2026-09-14"",""run_id"":""62ce72d45380414aabe46304bed788b2""},""join_samples"":{""date"":""2026-09-14"",""run_id"":""050b6083fcee4d8c90b1e2d8f9263c71""},""upload_data"":{""date"":""2026-09-14"",""run_id"":""fefd5c91ffd9482a8fb31ad02298b97b""}}"
1831,831,"56.67239970000001 , -111.2634208","56.658583 , -111.26363210000001",urban-urban,mixed,1586,"{""sample_routes"":{""date"":""2026-09-14"",""run_id"":""62ce72d45380414aabe46304bed788b2""},""join_samples"":{""date"":""2026-09-14"",""run_id"":""050b6083fcee4d8c90b1e2d8f9263c71""},""upload_data"":{""date"":""2026-09-14"",""run_id"":""fefd5c91ffd9482a8fb31ad02298b97b""}}"
1832,832,"56.677498400000005 , -111.25101280000001","56.8709046 , -111.4450128",urban-urban,mixed,1585,"{""sample_routes"":{""date"":""2026-09-14"",""run_id"":""62ce72d45380414aabe46304bed788b2""},""join_samples"":{""date"":""2026-09-14"",""run_id"":""050b6083fcee4d8c90b1e2d8f9263c71""},""upload_data"":{""date"":""2026-09-14"",""run_id"":""fefd5c91ffd9482a8fb31ad02298b97b""}}"
1835,835,"53.5302105 , -113.30570110000001","53.3957775 , -113.30620210000001",urban-rural,mixed,1583,"{""sample_routes"":{""date"":""2026-09-14"",""run_id"":""62ce72d45380414aabe46304bed788b2""},""join_samples"":{""date"":""2026-09-14"",""run_id"":""050b6083fcee4d8c90b1e2d8f9263c71""},""upload_data"":{""date"":""2026-09-14"",""run_id"":""fefd5c91ffd9482a8fb31ad02298b97b""}}"
1837,837,"55.027488000000005 , -118.7785039","55.193774600000005 , -118.7786607",rural-urban,mixed,2018,"{""sample_routes"":{""date"":""2026-09-14"",""run_id"":""62ce72d45380414aabe46304bed788b2""},""join_samples"":{""date"":""2026-09-14"",""run_id"":""050b6083fcee4d8c90b1e2d8f9263c71""},""upload_data"":{""date"":""2026-09-14"",""run_id"":""fefd5c91ffd9482a8fb31ad02298b97b""}}"
1839,839,"53.639856300000005 , -113.59844670000001","53.5611874 , -113.5190932",urban-urban,mixed,2020,"{""sample_routes"":{""date"":""2026-09-14"",""run_id"":""62ce72d45380414aabe46304bed788b2""},""join_samples"":{""date"":""2026-09-14"",""run_id"":""050b6083fcee4d8c90b1e2d8f9263c71""},""upload_data"":{""date"":""2026-09-14"",""run_id"":""fefd5c91ffd9482a8fb31ad02298b97b""}}"
1843,843,"53.346355900000006 , -113.39826020000001","53.438121300000006 , -113.49031570000001",urban-rural,mixed,1580,"{""sample_routes"":{""date"":""2026-09-14"",""run_id"":""62ce72d45380414aabe46304bed788b2""},""join_samples"":{""date"":""2026-09-14"",""run_id"":""050b6083fcee4d8c90b1e2d8f9263c71""},""upload_data"":{""date"":""2026-09-14"",""run_id"":""fefd5c91ffd9482a8fb31ad02298b97b""}}"
1846,846,"50.8922533 , -114.3683632","51.0248907 , -114.2357175",rural-urban,mixed,2022,"{""sample_routes"":{""date"":""2026-09-14"",""run_id"":""62ce72d45380414aabe46304bed788b2""},""join_samples"":{""date"":""2026-09-14"",""run_id"":""050b6083fcee4d8c90b1e2d8f9263c71""},""upload_data"":{""date"":""2026-09-14"",""run_id"":""fefd5c91ffd9482a8fb31ad02298b97b""}}"
1849,849,"53.6506416 , -113.59135730000001","53.534643 , -113.59197820000001",urban-urban,mixed,2023,"{""sample_routes"":{""date"":""2026-09-14"",""run_id"":""62ce72d45380414aabe46304bed788b2""},""join_samples"":{""date"":""2026-09-14"",""run_id"":""050b6083fcee4d8c90b1e2d8f9263c71""},""upload_data"":{""date"":""2026-09-14"",""run_id"":""fefd5c91ffd9482a8fb31ad02298b97b""}}"
1850,850,"53.559860500000006 , -113.27135240000001","53.412795200000005 , -113.41798460000001",urban-urban,mixed,2024,"{""sample_routes"":{""date"":""2026-09-14"",""run_id"":""62ce72d45380414aabe46304bed788b2""},""join_samples"":{""date"":""2026-09-14"",""run_id"":""050b6083fcee4d8c90b1e2d8f9263c71""},""upload_data"":{""date"":""2026-09-14"",""run_id"":""fefd5c91ffd9482a8fb31ad02298b97b""}}"
1851,851,"50.902163 , -114.1093723","50.7285351 , -113.9353351",urban-urban,mixed,2025,"{""sample_routes"":{""date"":""2026-09-14"",""run_id"":""62ce72d45380414aabe46304bed788b2""},""join_samples"":{""date"":""2026-09-14"",""run_id"":""050b6083fcee4d8c90b1e2d8f9263c71""},""upload_data"":{""date"":""2026-09-14"",""run_id"":""fefd5c91ffd9482a8fb31ad02298b97b""}}"
1852,852,"53.5429473 , -113.56132120000001","53.543014400000004 , -113.8854632",urban-urban,mixed,2025,"{""sample_routes"":{""date"":""2026-09-14"",""run_id"":""62ce72d45380414aabe46304bed788b2""},""join_samples"":{""date"":""2026-09-14"",""run_id"":""050b6083fcee4d8c90b1e2d8f9263c71""},""upload_data"":{""date"":""2026-09-14"",""run_id"":""fefd5c91ffd9482a8fb31ad02298b97b""}}"
1853,853,"51.0702845 , -114.0453782","51.293751400000005 , -114.04556260000001",urban-urban,mixed,2025,"{""sample_routes"":{""date"":""2026-09-14"",""run_id"":""62ce72d45380414aabe46304bed788b2""},""join_samples"":{""date"":""2026-09-14"",""run_id"":""050b6083fcee4d8c90b1e2d8f9263c71""},""upload_data"":{""date"":""2026-09-14"",""run_id"":""fefd5c91ffd9482a8fb31ad02298b97b""}}"
1854,854,"51.262692 , -114.0190235","51.474721200000005 , -114.01904970000001",urban-rural,mixed,1575,"{""sample_routes"":{""date"":""2026-09-14"",""run_id"":""62ce72d45380414aabe46304bed788b2""},""join_samples"":{""date"":""2026-09-14"",""run_id"":""050b6083fcee4d8c90b1e2d8f9263c71""},""upload_data"":{""date"":""2026-09-14"",""run_id"":""fefd5c91ffd9482a8fb31ad02298b97b""}}"
1856,856,"50.8989823 , -113.99272880000001","51.1539018 , -114.24836320000001",urban-urban,mixed,2026,"{""sample_routes"":{""date"":""2026-09-14"",""run_id"":""62ce72d45380414aabe46304bed788b2""},""join_samples"":{""date"":""2026-09-14"",""run_id"":""050b6083fcee4d8c90b1e2d8f9263c71""},""upload_data"":{""date"":""2026-09-14"",""run_id"":""fefd5c91ffd9482a8fb31ad02298b97b""}}"
1857,857,"51.11086280000001 , -114.23504270000001","50.9654624 , -114.0895364",urban-urban,mixed,2027,"{""sample_routes"":{""date"":""2026-09-14"",""run_id"":""62ce72d45380414aabe46304bed788b2""},""join_samples"":{""date"":""2026-09-14"",""run_id"":""050b6083fcee4d8c90b1e2d8f9263c71""},""upload_data"":{""date"":""2026-09-14"",""run_id"":""fefd5c91ffd9482a8fb31ad02298b97b""}}"
1858,858,"53.2586827 , -113.57119610000001","53.44648350000001 , -113.5711107",urban-urban,mixed,2030,"{""sample_routes"":{""date"":""2026-09-14"",""run_id"":""62ce72d45380414aabe46304bed788b2""},""join_samples"":{""date"":""2026-09-14"",""run_id"":""050b6083fcee4d8c90b1e2d8f9263c71""},""upload_data"":{""date"":""2026-09-14"",""run_id"":""fefd5c91ffd9482a8fb31ad02298b97b""}}"
1860,860,"50.9186021 , -114.0524505","51.0739042 , -114.20731590000001",urban-urban,mixed,2031,"{""sample_routes"":{""date"":""2026-09-14"",""run_id"":""62ce72d45380414aabe46304bed788b2""},""join_samples"":{""date"":""2026-09-14"",""run_id"":""050b6083fcee4d8c90b1e2d8f9263c71""},""upload_data"":{""date"":""2026-09-14"",""run_id"":""fefd5c91ffd9482a8fb31ad02298b97b""}}"
1862,862,"50.8679568 , -114.0675815","51.0660697 , -114.26623690000001",urban-urban,mixed,2031,"{""sample_routes"":{""date"":""2026-09-14"",""run_id"":""62ce72d45380414aabe46304bed788b2""},""join_samples"":{""date"":""2026-09-14"",""run_id"":""050b6083fcee4d8c90b1e2d8f9263c71""},""upload_data"":{""date"":""2026-09-14"",""run_id"":""fefd5c91ffd9482a8fb31ad02298b97b""}}"
1863,863,"53.523351100000006 , -113.5580477","53.5231963 , -113.8237311",urban-urban,mixed,1569,"{""sample_routes"":{""date"":""2026-09-14"",""run_id"":""62ce72d45380414aabe46304bed788b2""},""join_samples"":{""date"":""2026-09-14"",""run_id"":""050b6083fcee4d8c90b1e2d8f9263c71""},""upload_data"":{""date"":""2026-09-14"",""run_id"":""fefd5c91ffd9482a8fb31ad02298b97b""}}"
1867,867,"53.501302100000004 , -113.54355790000001","53.308642600000006 , -113.54390330000001",urban-urban,mixed,2032,"{""sample_routes"":{""date"":""2026-09-14"",""run_id"":""62ce72d45380414aabe46304bed788b2""},""join_samples"":{""date"":""2026-09-14"",""run_id"":""050b6083fcee4d8c90b1e2d8f9263c71""},""upload_data"":{""date"":""2026-09-14"",""run_id"":""fefd5c91ffd9482a8fb31ad02298b97b""}}"
1869,869,"53.689546 , -113.60075560000001","53.5111994 , -113.60102900000001",urban-urban,mixed,2032,"{""sample_routes"":{""date"":""2026-09-14"",""run_id"":""62ce72d45380414aabe46304bed788b2""},""join_samples"":{""date"":""2026-09-14"",""run_id"":""050b6083fcee4d8c90b1e2d8f9263c71""},""upload_data"":{""date"":""2026-09-14"",""run_id"":""fefd5c91ffd9482a8fb31ad02298b97b""}}"
1873,873,"51.255794900000005 , -114.0804908","51.066657600000006 , -114.07995310000001",urban-urban,mixed,2035,"{""sample_routes"":{""date"":""2026-09-14"",""run_id"":""62ce72d45380414aabe46304bed788b2""},""join_samples"":{""date"":""2026-09-14"",""run_id"":""050b6083fcee4d8c90b1e2d8f9263c71""},""upload_data"":{""date"":""2026-09-14"",""run_id"":""fefd5c91ffd9482a8fb31ad02298b97b""}}"
1876,876,"53.426300100000006 , -113.38898750000001","53.59956450000001 , -113.3884019",rural-urban,mixed,2037,"{""sample_routes"":{""date"":""2026-09-14"",""run_id"":""62ce72d45380414aabe46304bed788b2""},""join_samples"":{""date"":""2026-09-14"",""run_id"":""050b6083fcee4d8c90b1e2d8f9263c71""},""upload_data"":{""date"":""2026-09-14"",""run_id"":""fefd5c91ffd9482a8fb31ad02298b97b""}}"
1877,877,"53.5232985 , -113.2816818","53.4502627 , -113.3546422",urban-urban,mixed,2038,"{""sample_routes"":{""date"":""2026-09-14"",""run_id"":""62ce72d45380414aabe46304bed788b2""},""join_samples"":{""date"":""2026-09-14"",""run_id"":""050b6083fcee4d8c90b1e2d8f9263c71""},""upload_data"":{""date"":""2026-09-14"",""run_id"":""fefd5c91ffd9482a8fb31ad02298b97b""}}"
1878,878,"53.5474198 , -113.4080131","53.628463700000005 , -113.3273164",urban-urban,mixed,1562,"{""sample_routes"":{""date"":""2026-09-14"",""run_id"":""62ce72d45380414aabe46304bed788b2""},""join_samples"":{""date"":""2026-09-14"",""run_id"":""050b6083fcee4d8c90b1e2d8f9263c71""},""upload_data"":{""date"":""2026-09-14"",""run_id"":""fefd5c91ffd9482a8fb31ad02298b97b""}}"
1882,882,"53.6105613 , -113.64618460000001","53.61001520000001 , -113.4269958",urban-urban,mixed,2040,"{""sample_routes"":{""date"":""2026-09-14"",""run_id"":""62ce72d45380414aabe46304bed788b2""},""join_samples"":{""date"":""2026-09-14"",""run_id"":""050b6083fcee4d8c90b1e2d8f9263c71""},""upload_data"":{""date"":""2026-09-14"",""run_id"":""fefd5c91ffd9482a8fb31ad02298b97b""}}"
1883,883,"53.3864572 , -113.09083930000001","53.5425478 , -113.2468209",urban-urban,mixed,2040,"{""sample_routes"":{""date"":""2026-09-14"",""run_id"":""62ce72d45380414aabe46304bed788b2""},""join_samples"":{""date"":""2026-09-14"",""run_id"":""050b6083fcee4d8c90b1e2d8f9263c71""},""upload_data"":{""date"":""2026-09-14"",""run_id"":""fefd5c91ffd9482a8fb31ad02298b97b""}}"
1884,884,"51.2366815 , -113.9729276","51.0115069 , -114.198588",urban-urban,mixed,2040,"{""sample_routes"":{""date"":""2026-09-14"",""run_id"":""62ce72d45380414aabe46304bed788b2""},""join_samples"":{""date"":""2026-09-14"",""run_id"":""050b6083fcee4d8c90b1e2d8f9263c71""},""upload_data"":{""date"":""2026-09-14"",""run_id"":""fefd5c91ffd9482a8fb31ad02298b97b""}}"
1885,885,"51.291401900000004 , -114.0104981","51.1159345 , -114.18608760000001",urban-urban,mixed,2041,"{""sample_routes"":{""date"":""2026-09-14"",""run_id"":""62ce72d45380414aabe46304bed788b2""},""join_samples"":{""date"":""2026-09-14"",""run_id"":""050b6083fcee4d8c90b1e2d8f9263c71""},""upload_data"":{""date"":""2026-09-14"",""run_id"":""fefd5c91ffd9482a8fb31ad02298b97b""}}"
1886,886,"50.826835300000006 , -113.98923830000001","51.058961000000004 , -114.22183390000001",urban-urban,mixed,2041,"{""sample_routes"":{""date"":""2026-09-14"",""run_id"":""62ce72d45380414aabe46304bed788b2""},""join_samples"":{""date"":""2026-09-14"",""run_id"":""050b6083fcee4d8c90b1e2d8f9263c71""},""upload_data"":{""date"":""2026-09-14"",""run_id"":""fefd5c91ffd9482a8fb31ad02298b97b""}}"
1888,888,"51.1747432 , -113.84555470000001","51.015542800000006 , -114.0046954",urban-rural,mixed,2041,"{""sample_routes"":{""date"":""2026-09-14"",""run_id"":""62ce72d45380414aabe46304bed788b2""},""join_samples"":{""date"":""2026-09-14"",""run_id"":""050b6083fcee4d8c90b1e2d8f9263c71""},""upload_data"":{""date"":""2026-09-14"",""run_id"":""fefd5c91ffd9482a8fb31ad02298b97b""}}"
1889,889,"50.9023838 , -114.0761135","51.092375100000005 , -114.26639660000001",urban-urban,mixed,2042,"{""sample_routes"":{""date"":""2026-09-14"",""run_id"":""62ce72d45380414aabe46304bed788b2""},""join_samples"":{""date"":""2026-09-14"",""run_id"":""050b6083fcee4d8c90b1e2d8f9263c71""},""upload_data"":{""date"":""2026-09-14"",""run_id"":""fefd5c91ffd9482a8fb31ad02298b97b""}}"
1890,890,"53.326739700000005 , -113.27901700000001","53.525970900000004 , -113.27950700000001",urban-urban,mixed,2042,"{""sample_routes"":{""date"":""2026-09-14"",""run_id"":""62ce72d45380414aabe46304bed788b2""},""join_samples"":{""date"":""2026-09-14"",""run_id"":""050b6083fcee4d8c90b1e2d8f9263c71""},""upload_data"":{""date"":""2026-09-14"",""run_id"":""fefd5c91ffd9482a8fb31ad02298b97b""}}"
1891,891,"53.36597810000001 , -113.7328679","53.509070400000006 , -113.5893157",urban-urban,mixed,2042,"{""sample_routes"":{""date"":""2026-09-14"",""run_id"":""62ce72d45380414aabe46304bed788b2""},""join_samples"":{""date"":""2026-09-14"",""run_id"":""050b6083fcee4d8c90b1e2d8f9263c71""},""upload_data"":{""date"":""2026-09-14"",""run_id"":""fefd5c91ffd9482a8fb31ad02298b97b""}}"
1894,894,"55.093376600000006 , -118.7759206","55.227503500000005 , -118.6411554",rural-urban,mixed,1557,"{""sample_routes"":{""date"":""2026-09-14"",""run_id"":""62ce72d45380414aabe46304bed788b2""},""join_samples"":{""date"":""2026-09-14"",""run_id"":""050b6083fcee4d8c90b1e2d8f9263c71""},""upload_data"":{""date"":""2026-09-14"",""run_id"":""fefd5c91ffd9482a8fb31ad02298b97b""}}"
1896,896,"53.4515656 , -113.64482480000001","53.365822800000004 , -113.7304235",rural-urban,mixed,1557,"{""sample_routes"":{""date"":""2026-09-14"",""run_id"":""62ce72d45380414aabe46304bed788b2""},""join_samples"":{""date"":""2026-09-14"",""run_id"":""050b6083fcee4d8c90b1e2d8f9263c71""},""upload_data"":{""date"":""2026-09-14"",""run_id"":""fefd5c91ffd9482a8fb31ad02298b97b""}}"
1897,897,"53.529238500000005 , -114.01350210000001","53.7239732 , -114.01341470000001",urban-rural,mixed,1556,"{""sample_routes"":{""date"":""2026-09-14"",""run_id"":""62ce72d45380414aabe46304bed788b2""},""join_samples"":{""date"":""2026-09-14"",""run_id"":""050b6083fcee4d8c90b1e2d8f9263c71""},""upload_data"":{""date"":""2026-09-14"",""run_id"":""fefd5c91ffd9482a8fb31ad02298b97b""}}"
1902,902,"50.840649400000004 , -114.00799610000001","51.0367881 , -114.2034519",urban-urban,mixed,2044,"{""sample_routes"":{""date"":""2026-09-14"",""run_id"":""62ce72d45380414aabe46304bed788b2""},""join_samples"":{""date"":""2026-09-14"",""run_id"":""050b6083fcee4d8c90b1e2d8f9263c71""},""upload_data"":{""date"":""2026-09-14"",""run_id"":""fefd5c91ffd9482a8fb31ad02298b97b""}}"
1905,905,"53.65119180000001 , -113.640878","53.5250508 , -113.7664855",urban-urban,mixed,2045,"{""sample_routes"":{""date"":""2026-09-14"",""run_id"":""62ce72d45380414aabe46304bed788b2""},""join_samples"":{""date"":""2026-09-14"",""run_id"":""050b6083fcee4d8c90b1e2d8f9263c71""},""upload_data"":{""date"":""2026-09-14"",""run_id"":""fefd5c91ffd9482a8fb31ad02298b97b""}}"
1908,908,"51.285369200000005 , -114.02332890000001","51.1366049 , -114.1715635",urban-urban,mixed,2046,"{""sample_routes"":{""date"":""2026-09-14"",""run_id"":""62ce72d45380414aabe46304bed788b2""},""join_samples"":{""date"":""2026-09-14"",""run_id"":""050b6083fcee4d8c90b1e2d8f9263c71""},""upload_data"":{""date"":""2026-09-14"",""run_id"":""fefd5c91ffd9482a8fb31ad02298b97b""}}"
1909,909,"53.6571633 , -113.6664635","53.510602000000006 , -113.66687490000001",urban-urban,mixed,2046,"{""sample_routes"":{""date"":""2026-09-14"",""run_id"":""62ce72d45380414aabe46304bed788b2""},""join_samples"":{""date"":""2026-09-14"",""run_id"":""050b6083fcee4d8c90b1e2d8f9263c71""},""upload_data"":{""date"":""2026-09-14"",""run_id"":""fefd5c91ffd9482a8fb31ad02298b97b""}}"
1911,911,"50.8820885 , -114.26589560000001","51.0526196 , -114.0947802",urban-urban,mixed,2047,"{""sample_routes"":{""date"":""2026-09-14"",""run_id"":""62ce72d45380414aabe46304bed788b2""},""join_samples"":{""date"":""2026-09-14"",""run_id"":""050b6083fcee4d8c90b1e2d8f9263c71""},""upload_data"":{""date"":""2026-09-14"",""run_id"":""fefd5c91ffd9482a8fb31ad02298b97b""}}"
1913,913,"51.277542000000004 , -113.9868703","51.081533500000006 , -114.18330470000001",urban-urban,mixed,2048,"{""sample_routes"":{""date"":""2026-09-14"",""run_id"":""62ce72d45380414aabe46304bed788b2""},""join_samples"":{""date"":""2026-09-14"",""run_id"":""050b6083fcee4d8c90b1e2d8f9263c71""},""upload_data"":{""date"":""2026-09-14"",""run_id"":""fefd5c91ffd9482a8fb31ad02298b97b""}}"
1915,915,"53.6616981 , -113.64436","53.523562600000005 , -113.64437550000001",urban-urban,mixed,2049,"{""sample_routes"":{""date"":""2026-09-14"",""run_id"":""62ce72d45380414aabe46304bed788b2""},""join_samples"":{""date"":""2026-09-14"",""run_id"":""050b6083fcee4d8c90b1e2d8f9263c71""},""upload_data"":{""date"":""2026-09-14"",""run_id"":""fefd5c91ffd9482a8fb31ad02298b97b""}}"
1916,916,"53.6492104 , -113.6439387","53.52845000000001 , -113.64451960000001",urban-urban,mixed,2049,"{""sample_routes"":{""date"":""2026-09-14"",""run_id"":""62ce72d45380414aabe46304bed788b2""},""join_samples"":{""date"":""2026-09-14"",""run_id"":""050b6083fcee4d8c90b1e2d8f9263c71""},""upload_data"":{""date"":""2026-09-14"",""run_id"":""fefd5c91ffd9482a8fb31ad02298b97b""}}"
1919,919,"50.8260347 , -113.8597","50.9214719 , -113.86011090000001",rural-rural,mixed,1551,"{""sample_routes"":{""date"":""2026-09-14"",""run_id"":""62ce72d45380414aabe46304bed788b2""},""join_samples"":{""date"":""2026-09-14"",""run_id"":""050b6083fcee4d8c90b1e2d8f9263c71""},""upload_data"":{""date"":""2026-09-14"",""run_id"":""fefd5c91ffd9482a8fb31ad02298b97b""}}"
1922,922,"51.026246500000006 , -113.85007890000001","51.026551700000006 , -113.99640400000001",urban-urban,mixed,1550,"{""sample_routes"":{""date"":""2026-09-14"",""run_id"":""62ce72d45380414aabe46304bed788b2""},""join_samples"":{""date"":""2026-09-14"",""run_id"":""050b6083fcee4d8c90b1e2d8f9263c71""},""upload_data"":{""date"":""2026-09-14"",""run_id"":""fefd5c91ffd9482a8fb31ad02298b97b""}}"
1923,923,"53.48681860000001 , -113.5043794","53.6125679 , -113.6307127",urban-urban,mixed,2050,"{""sample_routes"":{""date"":""2026-09-14"",""run_id"":""62ce72d45380414aabe46304bed788b2""},""join_samples"":{""date"":""2026-09-14"",""run_id"":""050b6083fcee4d8c90b1e2d8f9263c71""},""upload_data"":{""date"":""2026-09-14"",""run_id"":""fefd5c91ffd9482a8fb31ad02298b97b""}}"
1928,928,"51.307103100000006 , -114.0276951","51.136507800000004 , -114.0283285",urban-urban,mixed,1548,"{""sample_routes"":{""date"":""2026-09-14"",""run_id"":""62ce72d45380414aabe46304bed788b2""},""join_samples"":{""date"":""2026-09-14"",""run_id"":""050b6083fcee4d8c90b1e2d8f9263c71""},""upload_data"":{""date"":""2026-09-14"",""run_id"":""fefd5c91ffd9482a8fb31ad02298b97b""}}"
1931,931,"52.4019126 , -113.7806226","52.243678700000004 , -113.78104320000001",urban-urban,mixed,2052,"{""sample_routes"":{""date"":""2026-09-14"",""run_id"":""62ce72d45380414aabe46304bed788b2""},""join_samples"":{""date"":""2026-09-14"",""run_id"":""050b6083fcee4d8c90b1e2d8f9263c71""},""upload_data"":{""date"":""2026-09-14"",""run_id"":""fefd5c91ffd9482a8fb31ad02298b97b""}}"
1932,932,"53.257398 , -113.5382522","53.448350600000005 , -113.5389215",urban-urban,mixed,2052,"{""sample_routes"":{""date"":""2026-09-14"",""run_id"":""62ce72d45380414aabe46304bed788b2""},""join_samples"":{""date"":""2026-09-14"",""run_id"":""050b6083fcee4d8c90b1e2d8f9263c71""},""upload_data"":{""date"":""2026-09-14"",""run_id"":""fefd5c91ffd9482a8fb31ad02298b97b""}}"
1933,933,"53.2627845 , -113.5550652","53.4561751 , -113.5551319",urban-urban,mixed,2052,"{""sample_routes"":{""date"":""2026-09-14"",""run_id"":""62ce72d45380414aabe46304bed788b2""},""join_samples"":{""date"":""2026-09-14"",""run_id"":""050b6083fcee4d8c90b1e2d8f9263c71""},""upload_data"":{""date"":""2026-09-14"",""run_id"":""fefd5c91ffd9482a8fb31ad02298b97b""}}"
1935,935,"53.562202600000006 , -113.2891075","53.419054700000004 , -113.43296400000001",urban-urban,mixed,2052,"{""sample_routes"":{""date"":""2026-09-14"",""run_id"":""62ce72d45380414aabe46304bed788b2""},""join_samples"":{""date"":""2026-09-14"",""run_id"":""050b6083fcee4d8c90b1e2d8f9263c71""},""upload_data"":{""date"":""2026-09-14"",""run_id"":""fefd5c91ffd9482a8fb31ad02298b97b""}}"
1937,937,"52.1714429 , -113.8620606","52.319276300000006 , -114.00973690000001",rural-rural,mixed,1547,"{""sample_routes"":{""date"":""2026-09-14"",""run_id"":""62ce72d45380414aabe46304bed788b2""},""join_samples"":{""date"":""2026-09-14"",""run_id"":""050b6083fcee4d8c90b1e2d8f9263c71""},""upload_data"":{""date"":""2026-09-14"",""run_id"":""fefd5c91ffd9482a8fb31ad02298b97b""}}"
1939,939,"51.0371827 , -114.0019747","51.037817200000006 , -114.4219443",urban-urban,mixed,2054,"{""sample_routes"":{""date"":""2026-09-14"",""run_id"":""62ce72d45380414aabe46304bed788b2""},""join_samples"":{""date"":""2026-09-14"",""run_id"":""050b6083fcee4d8c90b1e2d8f9263c71""},""upload_data"":{""date"":""2026-09-14"",""run_id"":""fefd5c91ffd9482a8fb31ad02298b97b""}}"
1941,941,"53.6399029 , -113.3689377","53.4906225 , -113.5181431",urban-urban,mixed,2054,"{""sample_routes"":{""date"":""2026-09-14"",""run_id"":""62ce72d45380414aabe46304bed788b2""},""join_samples"":{""date"":""2026-09-14"",""run_id"":""050b6083fcee4d8c90b1e2d8f9263c71""},""upload_data"":{""date"":""2026-09-14"",""run_id"":""fefd5c91ffd9482a8fb31ad02298b97b""}}"
1945,945,"53.4861316 , -113.57778520000001","53.5869598 , -113.67798040000001",urban-urban,mixed,1544,"{""sample_routes"":{""date"":""2026-09-14"",""run_id"":""62ce72d45380414aabe46304bed788b2""},""join_samples"":{""date"":""2026-09-14"",""run_id"":""050b6083fcee4d8c90b1e2d8f9263c71""},""upload_data"":{""date"":""2026-09-14"",""run_id"":""fefd5c91ffd9482a8fb31ad02298b97b""}}"
1947,947,"53.542276 , -113.4203361","53.4123639 , -113.4197702",urban-urban,mixed,2057,"{""sample_routes"":{""date"":""2026-09-14"",""run_id"":""62ce72d45380414aabe46304bed788b2""},""join_samples"":{""date"":""2026-09-14"",""run_id"":""050b6083fcee4d8c90b1e2d8f9263c71""},""upload_data"":{""date"":""2026-09-14"",""run_id"":""fefd5c91ffd9482a8fb31ad02298b97b""}}"
1953,953,"53.55552290000001 , -113.1369159","53.5555844 , -113.48471110000001",urban-urban,mixed,2058,"{""sample_routes"":{""date"":""2026-09-14"",""run_id"":""62ce72d45380414aabe46304bed788b2""},""join_samples"":{""date"":""2026-09-14"",""run_id"":""050b6083fcee4d8c90b1e2d8f9263c71""},""upload_data"":{""date"":""2026-09-14"",""run_id"":""fefd5c91ffd9482a8fb31ad02298b97b""}}"
1954,954,"53.463165000000004 , -113.3823057","53.599526000000004 , -113.2457313",urban-rural,mixed,2058,"{""sample_routes"":{""date"":""2026-09-14"",""run_id"":""62ce72d45380414aabe46304bed788b2""},""join_samples"":{""date"":""2026-09-14"",""run_id"":""050b6083fcee4d8c90b1e2d8f9263c71""},""upload_data"":{""date"":""2026-09-14"",""run_id"":""fefd5c91ffd9482a8fb31ad02298b97b""}}"
1959,959,"51.2883228 , -114.0350777","51.055810900000004 , -114.0350331",urban-urban,mixed,2060,"{""sample_routes"":{""date"":""2026-09-14"",""run_id"":""62ce72d45380414aabe46304bed788b2""},""join_samples"":{""date"":""2026-09-14"",""run_id"":""050b6083fcee4d8c90b1e2d8f9263c71""},""upload_data"":{""date"":""2026-09-14"",""run_id"":""fefd5c91ffd9482a8fb31ad02298b97b""}}"
1960,960,"53.249963900000004 , -113.5823189","53.4422257 , -113.5821324",urban-urban,mixed,2060,"{""sample_routes"":{""date"":""2026-09-14"",""run_id"":""62ce72d45380414aabe46304bed788b2""},""join_samples"":{""date"":""2026-09-14"",""run_id"":""050b6083fcee4d8c90b1e2d8f9263c71""},""upload_data"":{""date"":""2026-09-14"",""run_id"":""fefd5c91ffd9482a8fb31ad02298b97b""}}"
1962,962,"53.643206000000006 , -113.58587490000001","53.55700160000001 , -113.5002846",urban-urban,mixed,2061,"{""sample_routes"":{""date"":""2026-09-14"",""run_id"":""62ce72d45380414aabe46304bed788b2""},""join_samples"":{""date"":""2026-09-14"",""run_id"":""050b6083fcee4d8c90b1e2d8f9263c71""},""upload_data"":{""date"":""2026-09-14"",""run_id"":""fefd5c91ffd9482a8fb31ad02298b97b""}}"
1964,964,"50.936880200000004 , -114.06057940000001","51.0958763 , -114.219631",urban-urban,mixed,2061,"{""sample_routes"":{""date"":""2026-09-14"",""run_id"":""62ce72d45380414aabe46304bed788b2""},""join_samples"":{""date"":""2026-09-14"",""run_id"":""050b6083fcee4d8c90b1e2d8f9263c71""},""upload_data"":{""date"":""2026-09-14"",""run_id"":""fefd5c91ffd9482a8fb31ad02298b97b""}}"
1965,965,"51.06696 , -114.21194070000001","50.8969989 , -114.0416627",urban-urban,mixed,2062,"{""sample_routes"":{""date"":""2026-09-14"",""run_id"":""62ce72d45380414aabe46304bed788b2""},""join_samples"":{""date"":""2026-09-14"",""run_id"":""050b6083fcee4d8c90b1e2d8f9263c71""},""upload_data"":{""date"":""2026-09-14"",""run_id"":""fefd5c91ffd9482a8fb31ad02298b97b""}}"
1966,966,"53.571395 , -113.76416800000001","53.5712787 , -114.22275330000001",rural-rural,mixed,1538,"{""sample_routes"":{""date"":""2026-09-14"",""run_id"":""62ce72d45380414aabe46304bed788b2""},""join_samples"":{""date"":""2026-09-14"",""run_id"":""050b6083fcee4d8c90b1e2d8f9263c71""},""upload_data"":{""date"":""2026-09-14"",""run_id"":""fefd5c91ffd9482a8fb31ad02298b97b""}}"
1967,967,"53.6280854 , -113.32917870000001","53.4969722 , -113.32973860000001",urban-urban,mixed,1537,"{""sample_routes"":{""date"":""2026-09-14"",""run_id"":""62ce72d45380414aabe46304bed788b2""},""join_samples"":{""date"":""2026-09-14"",""run_id"":""050b6083fcee4d8c90b1e2d8f9263c71""},""upload_data"":{""date"":""2026-09-14"",""run_id"":""fefd5c91ffd9482a8fb31ad02298b97b""}}"
1968,968,"51.2751789 , -114.03720360000001","51.121348700000006 , -114.19059770000001",urban-urban,mixed,2063,"{""sample_routes"":{""date"":""2026-09-14"",""run_id"":""62ce72d45380414aabe46304bed788b2""},""join_samples"":{""date"":""2026-09-14"",""run_id"":""050b6083fcee4d8c90b1e2d8f9263c71""},""upload_data"":{""date"":""2026-09-14"",""run_id"":""fefd5c91ffd9482a8fb31ad02298b97b""}}"
1970,970,"51.026291500000006 , -114.46676620000001","51.168335000000006 , -114.32431000000001",urban-urban,mixed,2063,"{""sample_routes"":{""date"":""2026-09-14"",""run_id"":""62ce72d45380414aabe46304bed788b2""},""join_samples"":{""date"":""2026-09-14"",""run_id"":""050b6083fcee4d8c90b1e2d8f9263c71""},""upload_data"":{""date"":""2026-09-14"",""run_id"":""fefd5c91ffd9482a8fb31ad02298b97b""}}"
1972,972,"53.5475732 , -113.8865444","53.547900500000004 , -113.5798309",urban-urban,mixed,2064,"{""sample_routes"":{""date"":""2026-09-14"",""run_id"":""62ce72d45380414aabe46304bed788b2""},""join_samples"":{""date"":""2026-09-14"",""run_id"":""050b6083fcee4d8c90b1e2d8f9263c71""},""upload_data"":{""date"":""2026-09-14"",""run_id"":""fefd5c91ffd9482a8fb31ad02298b97b""}}"
1975,975,"53.516934600000006 , -113.53492550000001","53.635614700000005 , -113.53478930000001",urban-urban,mixed,2065,"{""sample_routes"":{""date"":""2026-09-14"",""run_id"":""62ce72d45380414aabe46304bed788b2""},""join_samples"":{""date"":""2026-09-14"",""run_id"":""050b6083fcee4d8c90b1e2d8f9263c71""},""upload_data"":{""date"":""2026-09-14"",""run_id"":""fefd5c91ffd9482a8fb31ad02298b97b""}}"
1977,977,"51.1073018 , -113.94564290000001","50.877083500000005 , -113.94521990000001",urban-urban,mixed,2065,"{""sample_routes"":{""date"":""2026-09-14"",""run_id"":""62ce72d45380414aabe46304bed788b2""},""join_samples"":{""date"":""2026-09-14"",""run_id"":""050b6083fcee4d8c90b1e2d8f9263c71""},""upload_data"":{""date"":""2026-09-14"",""run_id"":""fefd5c91ffd9482a8fb31ad02298b97b""}}"
1978,978,"51.2873135 , -114.0427368","51.145270000000004 , -114.18506780000001",urban-urban,mixed,2066,"{""sample_routes"":{""date"":""2026-09-14"",""run_id"":""62ce72d45380414aabe46304bed788b2""},""join_samples"":{""date"":""2026-09-14"",""run_id"":""050b6083fcee4d8c90b1e2d8f9263c71""},""upload_data"":{""date"":""2026-09-14"",""run_id"":""fefd5c91ffd9482a8fb31ad02298b97b""}}"
1979,979,"53.6528021 , -113.61611900000001","53.497612100000005 , -113.615582",urban-urban,mixed,2066,"{""sample_routes"":{""date"":""2026-09-14"",""run_id"":""62ce72d45380414aabe46304bed788b2""},""join_samples"":{""date"":""2026-09-14"",""run_id"":""050b6083fcee4d8c90b1e2d8f9263c71""},""upload_data"":{""date"":""2026-09-14"",""run_id"":""fefd5c91ffd9482a8fb31ad02298b97b""}}"
1980,980,"53.633255000000005 , -113.49829910000001","53.5557887 , -113.5763958",urban-urban,mixed,2066,"{""sample_routes"":{""date"":""2026-09-14"",""run_id"":""62ce72d45380414aabe46304bed788b2""},""join_samples"":{""date"":""2026-09-14"",""run_id"":""050b6083fcee4d8c90b1e2d8f9263c71""},""upload_data"":{""date"":""2026-09-14"",""run_id"":""fefd5c91ffd9482a8fb31ad02298b97b""}}"
1982,982,"53.5268226 , -113.6464469","53.648859900000005 , -113.6466829",urban-urban,mixed,2066,"{""sample_routes"":{""date"":""2026-09-14"",""run_id"":""62ce72d45380414aabe46304bed788b2""},""join_samples"":{""date"":""2026-09-14"",""run_id"":""050b6083fcee4d8c90b1e2d8f9263c71""},""upload_data"":{""date"":""2026-09-14"",""run_id"":""fefd5c91ffd9482a8fb31ad02298b97b""}}"
1983,983,"53.473969200000006 , -113.24887170000001","53.6081531 , -113.38287930000001",urban-urban,mixed,2067,"{""sample_routes"":{""date"":""2026-09-14"",""run_id"":""62ce72d45380414aabe46304bed788b2""},""join_samples"":{""date"":""2026-09-14"",""run_id"":""050b6083fcee4d8c90b1e2d8f9263c71""},""upload_data"":{""date"":""2026-09-14"",""run_id"":""fefd5c91ffd9482a8fb31ad02298b97b""}}"
1985,985,"53.467821400000005 , -113.5934703","53.467520400000005 , -113.7624796",urban-rural,mixed,1533,"{""sample_routes"":{""date"":""2026-09-14"",""run_id"":""62ce72d45380414aabe46304bed788b2""},""join_samples"":{""date"":""2026-09-14"",""run_id"":""050b6083fcee4d8c90b1e2d8f9263c71""},""upload_data"":{""date"":""2026-09-14"",""run_id"":""fefd5c91ffd9482a8fb31ad02298b97b""}}"
1986,986,"51.2915153 , -114.0088405","51.12286 , -114.17791480000001",urban-urban,mixed,2067,"{""sample_routes"":{""date"":""2026-09-14"",""run_id"":""62ce72d45380414aabe46304bed788b2""},""join_samples"":{""date"":""2026-09-14"",""run_id"":""050b6083fcee4d8c90b1e2d8f9263c71""},""upload_data"":{""date"":""2026-09-14"",""run_id"":""fefd5c91ffd9482a8fb31ad02298b97b""}}"
1987,987,"51.251115500000004 , -114.0128512","51.064806000000004 , -114.19855570000001",urban-urban,mixed,2067,"{""sample_routes"":{""date"":""2026-09-14"",""run_id"":""62ce72d45380414aabe46304bed788b2""},""join_samples"":{""date"":""2026-09-14"",""run_id"":""050b6083fcee4d8c90b1e2d8f9263c71""},""upload_data"":{""date"":""2026-09-14"",""run_id"":""fefd5c91ffd9482a8fb31ad02298b97b""}}"
1988,988,"51.29869660000001 , -114.04090520000001","51.146584600000004 , -114.19263380000001",urban-urban,mixed,2068,"{""sample_routes"":{""date"":""2026-09-14"",""run_id"":""62ce72d45380414aabe46304bed788b2""},""join_samples"":{""date"":""2026-09-14"",""run_id"":""050b6083fcee4d8c90b1e2d8f9263c71""},""upload_data"":{""date"":""2026-09-14"",""run_id"":""fefd5c91ffd9482a8fb31ad02298b97b""}}"
1992,992,"53.6420193 , -113.45338380000001","53.485590800000004 , -113.45344080000001",urban-urban,mixed,2069,"{""sample_routes"":{""date"":""2026-09-14"",""run_id"":""62ce72d45380414aabe46304bed788b2""},""join_samples"":{""date"":""2026-09-14"",""run_id"":""050b6083fcee4d8c90b1e2d8f9263c71""},""upload_data"":{""date"":""2026-09-14"",""run_id"":""fefd5c91ffd9482a8fb31ad02298b97b""}}"
1994,994,"50.8431992 , -113.98873970000001","51.0330251 , -114.17878390000001",urban-urban,mixed,2069,"{""sample_routes"":{""date"":""2026-09-14"",""run_id"":""62ce72d45380414aabe46304bed788b2""},""join_samples"":{""date"":""2026-09-14"",""run_id"":""050b6083fcee4d8c90b1e2d8f9263c71""},""upload_data"":{""date"":""2026-09-14"",""run_id"":""fefd5c91ffd9482a8fb31ad02298b97b""}}"
1995,995,"51.274482600000006 , -114.03158490000001","51.1461625 , -114.1597643",urban-urban,mixed,2069,"{""sample_routes"":{""date"":""2026-09-14"",""run_id"":""62ce72d45380414aabe46304bed788b2""},""join_samples"":{""date"":""2026-09-14"",""run_id"":""050b6083fcee4d8c90b1e2d8f9263c71""},""upload_data"":{""date"":""2026-09-14"",""run_id"":""fefd5c91ffd9482a8fb31ad02298b97b""}}"
1997,997,"53.4437191 , -113.52999000000001","53.5250939 , -113.44911800000001",urban-urban,mixed,2070,"{""sample_routes"":{""date"":""2026-09-14"",""run_id"":""62ce72d45380414aabe46304bed788b2""},""join_samples"":{""date"":""2026-09-14"",""run_id"":""050b6083fcee4d8c90b1e2d8f9263c71""},""upload_data"":{""date"":""2026-09-14"",""run_id"":""fefd5c91ffd9482a8fb31ad02298b97b""}}"
1998,998,"53.67488530000001 , -113.2657958","53.5198795 , -113.2657482",urban-urban,mixed,2070,"{""sample_routes"":{""date"":""2026-09-14"",""run_id"":""62ce72d45380414aabe46304bed788b2""},""join_samples"":{""date"":""2026-09-14"",""run_id"":""050b6083fcee4d8c90b1e2d8f9263c71""},""upload_data"":{""date"":""2026-09-14"",""run_id"":""fefd5c91ffd9482a8fb31ad02298b97b""}}"
