join_index,sampling_index,origin,destination,area,journeyClass,ttpTravelTime,metadata
3,3,"54.8055153 , -127.2109472","54.72707870000001 , -127.2106069",urban-urban,urban,1199,"{""sample_routes"":{""date"":""2026-09-14"",""run_id"":""1e9917ae527545d8a96a3d21206fe880""},""join_samples"":{""date"":""2026-09-14"",""run_id"":""066e6ae7a97d4ff7a8fb08eee71ee69d""},""upload_data"":{""date"":""2026-09-14"",""run_id"":""ca7d92fc045f47a4aab2d27e5ce72c53""}}"
10,10,"49.1118346 , -122.6751153","49.209547400000005 , -122.7726497",urban-urban,urban,1196,"{""sample_routes"":{""date"":""2026-09-14"",""run_id"":""1e9917ae527545d8a96a3d21206fe880""},""join_samples"":{""date"":""2026-09-14"",""run_id"":""066e6ae7a97d4ff7a8fb08eee71ee69d""},""upload_data"":{""date"":""2026-09-14"",""run_id"":""ca7d92fc045f47a4aab2d27e5ce72c53""}}"
11,11,"53.9999471 , -122.80070680000001","53.9010443 , -122.7021273",urban-urban,urban,1196,"{""sample_routes"":{""date"":""2026-09-14"",""run_id"":""1e9917ae527545d8a96a3d21206fe880""},""join_samples"":{""date"":""2026-09-14"",""run_id"":""066e6ae7a97d4ff7a8fb08eee71ee69d""},""upload_data"":{""date"":""2026-09-14"",""run_id"":""ca7d92fc045f47a4aab2d27e5ce72c53""}}"
13,13,"49.2663925 , -122.88925880000001","49.1791208 , -122.9769646",urban-urban,urban,1205,"{""sample_routes"":{""date"":""2026-09-14"",""run_id"":""1e9917ae527545d8a96a3d21206fe880""},""join_samples"":{""date"":""2026-09-14"",""run_id"":""066e6ae7a97d4ff7a8fb08eee71ee69d""},""upload_data"":{""date"":""2026-09-14"",""run_id"":""ca7d92fc045f47a4aab2d27e5ce72c53""}}"
15,15,"49.3113851 , -122.78467350000001","49.229623700000005 , -122.8664739",urban-urban,urban,1205,"{""sample_routes"":{""date"":""2026-09-14"",""run_id"":""1e9917ae527545d8a96a3d21206fe880""},""join_samples"":{""date"":""2026-09-14"",""run_id"":""066e6ae7a97d4ff7a8fb08eee71ee69d""},""upload_data"":{""date"":""2026-09-14"",""run_id"":""ca7d92fc045f47a4aab2d27e5ce72c53""}}"
16,16,"49.258993200000006 , -123.14346850000001","49.3421955 , -123.06063730000001",urban-urban,urban,1206,"{""sample_routes"":{""date"":""2026-09-14"",""run_id"":""1e9917ae527545d8a96a3d21206fe880""},""join_samples"":{""date"":""2026-09-14"",""run_id"":""066e6ae7a97d4ff7a8fb08eee71ee69d""},""upload_data"":{""date"":""2026-09-14"",""run_id"":""ca7d92fc045f47a4aab2d27e5ce72c53""}}"
17,17,"49.2957364 , -123.1498346","49.3522386 , -123.2066362",urban-urban,urban,1207,"{""sample_routes"":{""date"":""2026-09-14"",""run_id"":""1e9917ae527545d8a96a3d21206fe880""},""join_samples"":{""date"":""2026-09-14"",""run_id"":""066e6ae7a97d4ff7a8fb08eee71ee69d""},""upload_data"":{""date"":""2026-09-14"",""run_id"":""ca7d92fc045f47a4aab2d27e5ce72c53""}}"
18,18,"49.022259700000006 , -116.426653","49.076555600000006 , -116.4809934",urban-urban,urban,1191,"{""sample_routes"":{""date"":""2026-09-14"",""run_id"":""1e9917ae527545d8a96a3d21206fe880""},""join_samples"":{""date"":""2026-09-14"",""run_id"":""066e6ae7a97d4ff7a8fb08eee71ee69d""},""upload_data"":{""date"":""2026-09-14"",""run_id"":""ca7d92fc045f47a4aab2d27e5ce72c53""}}"
19,19,"53.899157 , -122.7751425","54.0560874 , -122.7753715",urban-urban,urban,1209,"{""sample_routes"":{""date"":""2026-09-14"",""run_id"":""1e9917ae527545d8a96a3d21206fe880""},""join_samples"":{""date"":""2026-09-14"",""run_id"":""066e6ae7a97d4ff7a8fb08eee71ee69d""},""upload_data"":{""date"":""2026-09-14"",""run_id"":""ca7d92fc045f47a4aab2d27e5ce72c53""}}"
20,20,"49.1048759 , -122.65438420000001","49.1800578 , -122.72986680000001",urban-urban,urban,1190,"{""sample_routes"":{""date"":""2026-09-14"",""run_id"":""1e9917ae527545d8a96a3d21206fe880""},""join_samples"":{""date"":""2026-09-14"",""run_id"":""066e6ae7a97d4ff7a8fb08eee71ee69d""},""upload_data"":{""date"":""2026-09-14"",""run_id"":""ca7d92fc045f47a4aab2d27e5ce72c53""}}"
21,21,"53.0129923 , -122.45811450000001","52.9107971 , -122.4583882",urban-urban,urban,1190,"{""sample_routes"":{""date"":""2026-09-14"",""run_id"":""1e9917ae527545d8a96a3d21206fe880""},""join_samples"":{""date"":""2026-09-14"",""run_id"":""066e6ae7a97d4ff7a8fb08eee71ee69d""},""upload_data"":{""date"":""2026-09-14"",""run_id"":""ca7d92fc045f47a4aab2d27e5ce72c53""}}"
23,23,"49.005695100000004 , -122.5999955","49.0055521 , -122.7568547",urban-urban,urban,1188,"{""sample_routes"":{""date"":""2026-09-14"",""run_id"":""1e9917ae527545d8a96a3d21206fe880""},""join_samples"":{""date"":""2026-09-14"",""run_id"":""066e6ae7a97d4ff7a8fb08eee71ee69d""},""upload_data"":{""date"":""2026-09-14"",""run_id"":""ca7d92fc045f47a4aab2d27e5ce72c53""}}"
24,24,"49.209505 , -122.25842420000001","49.132902300000005 , -122.33501740000001",urban-urban,urban,1187,"{""sample_routes"":{""date"":""2026-09-14"",""run_id"":""1e9917ae527545d8a96a3d21206fe880""},""join_samples"":{""date"":""2026-09-14"",""run_id"":""066e6ae7a97d4ff7a8fb08eee71ee69d""},""upload_data"":{""date"":""2026-09-14"",""run_id"":""ca7d92fc045f47a4aab2d27e5ce72c53""}}"
25,25,"49.3396783 , -123.20367060000001","49.339485100000005 , -123.01944590000001",urban-urban,urban,1187,"{""sample_routes"":{""date"":""2026-09-14"",""run_id"":""1e9917ae527545d8a96a3d21206fe880""},""join_samples"":{""date"":""2026-09-14"",""run_id"":""066e6ae7a97d4ff7a8fb08eee71ee69d""},""upload_data"":{""date"":""2026-09-14"",""run_id"":""ca7d92fc045f47a4aab2d27e5ce72c53""}}"
26,26,"50.5907053 , -120.34781380000001","50.6660861 , -120.423579",urban-urban,urban,1186,"{""sample_routes"":{""date"":""2026-09-14"",""run_id"":""1e9917ae527545d8a96a3d21206fe880""},""join_samples"":{""date"":""2026-09-14"",""run_id"":""066e6ae7a97d4ff7a8fb08eee71ee69d""},""upload_data"":{""date"":""2026-09-14"",""run_id"":""ca7d92fc045f47a4aab2d27e5ce72c53""}}"
33,33,"50.340442900000006 , -119.24752810000001","50.220032 , -119.24794530000001",urban-urban,urban,1217,"{""sample_routes"":{""date"":""2026-09-14"",""run_id"":""1e9917ae527545d8a96a3d21206fe880""},""join_samples"":{""date"":""2026-09-14"",""run_id"":""066e6ae7a97d4ff7a8fb08eee71ee69d""},""upload_data"":{""date"":""2026-09-14"",""run_id"":""ca7d92fc045f47a4aab2d27e5ce72c53""}}"
35,35,"49.8496995 , -119.5602405","49.849842200000005 , -119.6714134",urban-urban,urban,1183,"{""sample_routes"":{""date"":""2026-09-14"",""run_id"":""1e9917ae527545d8a96a3d21206fe880""},""join_samples"":{""date"":""2026-09-14"",""run_id"":""066e6ae7a97d4ff7a8fb08eee71ee69d""},""upload_data"":{""date"":""2026-09-14"",""run_id"":""ca7d92fc045f47a4aab2d27e5ce72c53""}}"
37,37,"49.126042000000005 , -116.5290753","49.218160100000006 , -116.62166350000001",urban-urban,urban,1217,"{""sample_routes"":{""date"":""2026-09-14"",""run_id"":""1e9917ae527545d8a96a3d21206fe880""},""join_samples"":{""date"":""2026-09-14"",""run_id"":""066e6ae7a97d4ff7a8fb08eee71ee69d""},""upload_data"":{""date"":""2026-09-14"",""run_id"":""ca7d92fc045f47a4aab2d27e5ce72c53""}}"
38,38,"49.0936328 , -122.66058240000001","49.2020445 , -122.660409",urban-urban,urban,1218,"{""sample_routes"":{""date"":""2026-09-14"",""run_id"":""1e9917ae527545d8a96a3d21206fe880""},""join_samples"":{""date"":""2026-09-14"",""run_id"":""066e6ae7a97d4ff7a8fb08eee71ee69d""},""upload_data"":{""date"":""2026-09-14"",""run_id"":""ca7d92fc045f47a4aab2d27e5ce72c53""}}"
39,39,"48.4949491 , -123.33094050000001","48.4089728 , -123.33085150000001",urban-urban,urban,1219,"{""sample_routes"":{""date"":""2026-09-14"",""run_id"":""1e9917ae527545d8a96a3d21206fe880""},""join_samples"":{""date"":""2026-09-14"",""run_id"":""066e6ae7a97d4ff7a8fb08eee71ee69d""},""upload_data"":{""date"":""2026-09-14"",""run_id"":""ca7d92fc045f47a4aab2d27e5ce72c53""}}"
40,40,"49.3040004 , -122.7511252","49.228387600000005 , -122.82626900000001",urban-urban,urban,1219,"{""sample_routes"":{""date"":""2026-09-14"",""run_id"":""1e9917ae527545d8a96a3d21206fe880""},""join_samples"":{""date"":""2026-09-14"",""run_id"":""066e6ae7a97d4ff7a8fb08eee71ee69d""},""upload_data"":{""date"":""2026-09-14"",""run_id"":""ca7d92fc045f47a4aab2d27e5ce72c53""}}"
41,41,"49.6839815 , -124.92644220000001","49.6344112 , -124.926512",urban-urban,urban,1220,"{""sample_routes"":{""date"":""2026-09-14"",""run_id"":""1e9917ae527545d8a96a3d21206fe880""},""join_samples"":{""date"":""2026-09-14"",""run_id"":""066e6ae7a97d4ff7a8fb08eee71ee69d""},""upload_data"":{""date"":""2026-09-14"",""run_id"":""ca7d92fc045f47a4aab2d27e5ce72c53""}}"
42,42,"49.2757878 , -122.8693966","49.3180702 , -122.91140870000001",urban-urban,urban,1220,"{""sample_routes"":{""date"":""2026-09-14"",""run_id"":""1e9917ae527545d8a96a3d21206fe880""},""join_samples"":{""date"":""2026-09-14"",""run_id"":""066e6ae7a97d4ff7a8fb08eee71ee69d""},""upload_data"":{""date"":""2026-09-14"",""run_id"":""ca7d92fc045f47a4aab2d27e5ce72c53""}}"
43,43,"49.1476929 , -122.61173720000001","49.1475267 , -122.8011103",rural-urban,urban,1220,"{""sample_routes"":{""date"":""2026-09-14"",""run_id"":""1e9917ae527545d8a96a3d21206fe880""},""join_samples"":{""date"":""2026-09-14"",""run_id"":""066e6ae7a97d4ff7a8fb08eee71ee69d""},""upload_data"":{""date"":""2026-09-14"",""run_id"":""ca7d92fc045f47a4aab2d27e5ce72c53""}}"
44,44,"49.229669300000005 , -123.02505020000001","49.1396328 , -123.1155449",urban-urban,urban,1221,"{""sample_routes"":{""date"":""2026-09-14"",""run_id"":""1e9917ae527545d8a96a3d21206fe880""},""join_samples"":{""date"":""2026-09-14"",""run_id"":""066e6ae7a97d4ff7a8fb08eee71ee69d""},""upload_data"":{""date"":""2026-09-14"",""run_id"":""ca7d92fc045f47a4aab2d27e5ce72c53""}}"
46,46,"56.4318821 , -120.6893917","56.35320900000001 , -120.76837730000001",urban-urban,urban,1222,"{""sample_routes"":{""date"":""2026-09-14"",""run_id"":""1e9917ae527545d8a96a3d21206fe880""},""join_samples"":{""date"":""2026-09-14"",""run_id"":""066e6ae7a97d4ff7a8fb08eee71ee69d""},""upload_data"":{""date"":""2026-09-14"",""run_id"":""ca7d92fc045f47a4aab2d27e5ce72c53""}}"
47,47,"49.331068 , -123.10747730000001","49.3312323 , -122.94736420000001",urban-urban,urban,1222,"{""sample_routes"":{""date"":""2026-09-14"",""run_id"":""1e9917ae527545d8a96a3d21206fe880""},""join_samples"":{""date"":""2026-09-14"",""run_id"":""066e6ae7a97d4ff7a8fb08eee71ee69d""},""upload_data"":{""date"":""2026-09-14"",""run_id"":""ca7d92fc045f47a4aab2d27e5ce72c53""}}"
48,48,"48.4809807 , -123.3199117","48.4108091 , -123.319546",urban-urban,urban,1178,"{""sample_routes"":{""date"":""2026-09-14"",""run_id"":""1e9917ae527545d8a96a3d21206fe880""},""join_samples"":{""date"":""2026-09-14"",""run_id"":""066e6ae7a97d4ff7a8fb08eee71ee69d""},""upload_data"":{""date"":""2026-09-14"",""run_id"":""ca7d92fc045f47a4aab2d27e5ce72c53""}}"
49,49,"49.8867077 , -119.4669693","49.9618551 , -119.39161820000001",urban-urban,urban,1177,"{""sample_routes"":{""date"":""2026-09-14"",""run_id"":""1e9917ae527545d8a96a3d21206fe880""},""join_samples"":{""date"":""2026-09-14"",""run_id"":""066e6ae7a97d4ff7a8fb08eee71ee69d""},""upload_data"":{""date"":""2026-09-14"",""run_id"":""ca7d92fc045f47a4aab2d27e5ce72c53""}}"
50,50,"53.859861 , -122.79431260000001","53.931429900000005 , -122.86549930000001",urban-urban,urban,1224,"{""sample_routes"":{""date"":""2026-09-14"",""run_id"":""1e9917ae527545d8a96a3d21206fe880""},""join_samples"":{""date"":""2026-09-14"",""run_id"":""066e6ae7a97d4ff7a8fb08eee71ee69d""},""upload_data"":{""date"":""2026-09-14"",""run_id"":""ca7d92fc045f47a4aab2d27e5ce72c53""}}"
52,52,"49.2738899 , -123.12534600000001","49.352193400000004 , -123.2037617",urban-urban,urban,1225,"{""sample_routes"":{""date"":""2026-09-14"",""run_id"":""1e9917ae527545d8a96a3d21206fe880""},""join_samples"":{""date"":""2026-09-14"",""run_id"":""066e6ae7a97d4ff7a8fb08eee71ee69d""},""upload_data"":{""date"":""2026-09-14"",""run_id"":""ca7d92fc045f47a4aab2d27e5ce72c53""}}"
53,53,"49.2327914 , -123.048889","49.136073100000004 , -123.14553190000001",urban-urban,urban,1225,"{""sample_routes"":{""date"":""2026-09-14"",""run_id"":""1e9917ae527545d8a96a3d21206fe880""},""join_samples"":{""date"":""2026-09-14"",""run_id"":""066e6ae7a97d4ff7a8fb08eee71ee69d""},""upload_data"":{""date"":""2026-09-14"",""run_id"":""ca7d92fc045f47a4aab2d27e5ce72c53""}}"
55,55,"50.66430080000001 , -120.45710240000001","50.6643728 , -120.1569546",urban-urban,urban,1226,"{""sample_routes"":{""date"":""2026-09-14"",""run_id"":""1e9917ae527545d8a96a3d21206fe880""},""join_samples"":{""date"":""2026-09-14"",""run_id"":""066e6ae7a97d4ff7a8fb08eee71ee69d""},""upload_data"":{""date"":""2026-09-14"",""run_id"":""ca7d92fc045f47a4aab2d27e5ce72c53""}}"
57,57,"49.10842 , -122.8455469","49.2133022 , -122.84538330000001",urban-urban,urban,1227,"{""sample_routes"":{""date"":""2026-09-14"",""run_id"":""1e9917ae527545d8a96a3d21206fe880""},""join_samples"":{""date"":""2026-09-14"",""run_id"":""066e6ae7a97d4ff7a8fb08eee71ee69d""},""upload_data"":{""date"":""2026-09-14"",""run_id"":""ca7d92fc045f47a4aab2d27e5ce72c53""}}"
59,59,"52.1738763 , -122.18990020000001","52.100145100000006 , -122.18954120000001",urban-urban,urban,1228,"{""sample_routes"":{""date"":""2026-09-14"",""run_id"":""1e9917ae527545d8a96a3d21206fe880""},""join_samples"":{""date"":""2026-09-14"",""run_id"":""066e6ae7a97d4ff7a8fb08eee71ee69d""},""upload_data"":{""date"":""2026-09-14"",""run_id"":""ca7d92fc045f47a4aab2d27e5ce72c53""}}"
61,61,"49.235136700000005 , -124.80472780000001","49.3516393 , -124.92101400000001",urban-urban,urban,1171,"{""sample_routes"":{""date"":""2026-09-14"",""run_id"":""1e9917ae527545d8a96a3d21206fe880""},""join_samples"":{""date"":""2026-09-14"",""run_id"":""066e6ae7a97d4ff7a8fb08eee71ee69d""},""upload_data"":{""date"":""2026-09-14"",""run_id"":""ca7d92fc045f47a4aab2d27e5ce72c53""}}"
63,63,"49.1900125 , -122.98873250000001","49.249817400000005 , -122.92894720000001",urban-urban,urban,1229,"{""sample_routes"":{""date"":""2026-09-14"",""run_id"":""1e9917ae527545d8a96a3d21206fe880""},""join_samples"":{""date"":""2026-09-14"",""run_id"":""066e6ae7a97d4ff7a8fb08eee71ee69d""},""upload_data"":{""date"":""2026-09-14"",""run_id"":""ca7d92fc045f47a4aab2d27e5ce72c53""}}"
64,64,"50.773353900000004 , -121.9730799","50.669126000000006 , -121.973453",urban-rural,urban,1171,"{""sample_routes"":{""date"":""2026-09-14"",""run_id"":""1e9917ae527545d8a96a3d21206fe880""},""join_samples"":{""date"":""2026-09-14"",""run_id"":""066e6ae7a97d4ff7a8fb08eee71ee69d""},""upload_data"":{""date"":""2026-09-14"",""run_id"":""ca7d92fc045f47a4aab2d27e5ce72c53""}}"
67,67,"49.189598800000006 , -122.8308844","49.2654207 , -122.90655290000001",urban-urban,urban,1170,"{""sample_routes"":{""date"":""2026-09-14"",""run_id"":""1e9917ae527545d8a96a3d21206fe880""},""join_samples"":{""date"":""2026-09-14"",""run_id"":""066e6ae7a97d4ff7a8fb08eee71ee69d""},""upload_data"":{""date"":""2026-09-14"",""run_id"":""ca7d92fc045f47a4aab2d27e5ce72c53""}}"
68,68,"49.325395900000004 , -123.0546254","49.2059379 , -123.0543722",urban-urban,urban,1170,"{""sample_routes"":{""date"":""2026-09-14"",""run_id"":""1e9917ae527545d8a96a3d21206fe880""},""join_samples"":{""date"":""2026-09-14"",""run_id"":""066e6ae7a97d4ff7a8fb08eee71ee69d""},""upload_data"":{""date"":""2026-09-14"",""run_id"":""ca7d92fc045f47a4aab2d27e5ce72c53""}}"
69,69,"49.025348400000006 , -122.8217671","49.0249474 , -122.6471453",urban-urban,urban,1170,"{""sample_routes"":{""date"":""2026-09-14"",""run_id"":""1e9917ae527545d8a96a3d21206fe880""},""join_samples"":{""date"":""2026-09-14"",""run_id"":""066e6ae7a97d4ff7a8fb08eee71ee69d""},""upload_data"":{""date"":""2026-09-14"",""run_id"":""ca7d92fc045f47a4aab2d27e5ce72c53""}}"
70,70,"49.5223833 , -123.7712321","49.436769000000005 , -123.6854579",urban-urban,urban,1170,"{""sample_routes"":{""date"":""2026-09-14"",""run_id"":""1e9917ae527545d8a96a3d21206fe880""},""join_samples"":{""date"":""2026-09-14"",""run_id"":""066e6ae7a97d4ff7a8fb08eee71ee69d""},""upload_data"":{""date"":""2026-09-14"",""run_id"":""ca7d92fc045f47a4aab2d27e5ce72c53""}}"
78,78,"48.925423900000006 , -123.71970100000001","49.0459113 , -123.8400924",urban-rural,urban,1235,"{""sample_routes"":{""date"":""2026-09-14"",""run_id"":""1e9917ae527545d8a96a3d21206fe880""},""join_samples"":{""date"":""2026-09-14"",""run_id"":""066e6ae7a97d4ff7a8fb08eee71ee69d""},""upload_data"":{""date"":""2026-09-14"",""run_id"":""ca7d92fc045f47a4aab2d27e5ce72c53""}}"
79,79,"49.217392000000004 , -123.09031180000001","49.085501400000005 , -123.0898959",urban-urban,urban,1165,"{""sample_routes"":{""date"":""2026-09-14"",""run_id"":""1e9917ae527545d8a96a3d21206fe880""},""join_samples"":{""date"":""2026-09-14"",""run_id"":""066e6ae7a97d4ff7a8fb08eee71ee69d""},""upload_data"":{""date"":""2026-09-14"",""run_id"":""ca7d92fc045f47a4aab2d27e5ce72c53""}}"
80,80,"49.1649103 , -122.7985723","49.093612400000005 , -122.8695727",urban-urban,urban,1236,"{""sample_routes"":{""date"":""2026-09-14"",""run_id"":""1e9917ae527545d8a96a3d21206fe880""},""join_samples"":{""date"":""2026-09-14"",""run_id"":""066e6ae7a97d4ff7a8fb08eee71ee69d""},""upload_data"":{""date"":""2026-09-14"",""run_id"":""ca7d92fc045f47a4aab2d27e5ce72c53""}}"
82,82,"55.64307530000001 , -120.14677750000001","55.578009400000006 , -120.21183490000001",urban-urban,urban,1236,"{""sample_routes"":{""date"":""2026-09-14"",""run_id"":""1e9917ae527545d8a96a3d21206fe880""},""join_samples"":{""date"":""2026-09-14"",""run_id"":""066e6ae7a97d4ff7a8fb08eee71ee69d""},""upload_data"":{""date"":""2026-09-14"",""run_id"":""ca7d92fc045f47a4aab2d27e5ce72c53""}}"
87,87,"48.4322614 , -123.49955990000001","48.5148172 , -123.49918650000001",urban-urban,urban,1239,"{""sample_routes"":{""date"":""2026-09-14"",""run_id"":""1e9917ae527545d8a96a3d21206fe880""},""join_samples"":{""date"":""2026-09-14"",""run_id"":""066e6ae7a97d4ff7a8fb08eee71ee69d""},""upload_data"":{""date"":""2026-09-14"",""run_id"":""ca7d92fc045f47a4aab2d27e5ce72c53""}}"
89,89,"49.149261200000005 , -123.15767260000001","49.272178700000005 , -123.15736840000001",urban-urban,urban,1240,"{""sample_routes"":{""date"":""2026-09-14"",""run_id"":""1e9917ae527545d8a96a3d21206fe880""},""join_samples"":{""date"":""2026-09-14"",""run_id"":""066e6ae7a97d4ff7a8fb08eee71ee69d""},""upload_data"":{""date"":""2026-09-14"",""run_id"":""ca7d92fc045f47a4aab2d27e5ce72c53""}}"
94,94,"49.671301 , -124.920355","49.6716197 , -125.0267146",urban-urban,urban,1159,"{""sample_routes"":{""date"":""2026-09-14"",""run_id"":""1e9917ae527545d8a96a3d21206fe880""},""join_samples"":{""date"":""2026-09-14"",""run_id"":""066e6ae7a97d4ff7a8fb08eee71ee69d""},""upload_data"":{""date"":""2026-09-14"",""run_id"":""ca7d92fc045f47a4aab2d27e5ce72c53""}}"
95,95,"55.999773100000006 , -120.11475030000001","56.0000037 , -120.270988",urban-urban,urban,1159,"{""sample_routes"":{""date"":""2026-09-14"",""run_id"":""1e9917ae527545d8a96a3d21206fe880""},""join_samples"":{""date"":""2026-09-14"",""run_id"":""066e6ae7a97d4ff7a8fb08eee71ee69d""},""upload_data"":{""date"":""2026-09-14"",""run_id"":""ca7d92fc045f47a4aab2d27e5ce72c53""}}"
97,97,"49.203105 , -122.86059100000001","49.2809888 , -122.9381654",urban-urban,urban,1241,"{""sample_routes"":{""date"":""2026-09-14"",""run_id"":""1e9917ae527545d8a96a3d21206fe880""},""join_samples"":{""date"":""2026-09-14"",""run_id"":""066e6ae7a97d4ff7a8fb08eee71ee69d""},""upload_data"":{""date"":""2026-09-14"",""run_id"":""ca7d92fc045f47a4aab2d27e5ce72c53""}}"
98,98,"49.2194099 , -115.38422130000001","49.125893600000005 , -115.4772683",urban-urban,urban,1241,"{""sample_routes"":{""date"":""2026-09-14"",""run_id"":""1e9917ae527545d8a96a3d21206fe880""},""join_samples"":{""date"":""2026-09-14"",""run_id"":""066e6ae7a97d4ff7a8fb08eee71ee69d""},""upload_data"":{""date"":""2026-09-14"",""run_id"":""ca7d92fc045f47a4aab2d27e5ce72c53""}}"
99,99,"52.146195000000006 , -121.9942304","52.1994802 , -122.047764",urban-urban,urban,1241,"{""sample_routes"":{""date"":""2026-09-14"",""run_id"":""1e9917ae527545d8a96a3d21206fe880""},""join_samples"":{""date"":""2026-09-14"",""run_id"":""066e6ae7a97d4ff7a8fb08eee71ee69d""},""upload_data"":{""date"":""2026-09-14"",""run_id"":""ca7d92fc045f47a4aab2d27e5ce72c53""}}"
100,100,"52.217588000000006 , -124.0481472","52.116511100000004 , -124.0481864",urban-urban,urban,1242,"{""sample_routes"":{""date"":""2026-09-14"",""run_id"":""1e9917ae527545d8a96a3d21206fe880""},""join_samples"":{""date"":""2026-09-14"",""run_id"":""066e6ae7a97d4ff7a8fb08eee71ee69d""},""upload_data"":{""date"":""2026-09-14"",""run_id"":""ca7d92fc045f47a4aab2d27e5ce72c53""}}"
106,106,"49.260773900000004 , -123.14351110000001","49.34544 , -123.05847150000001",urban-urban,urban,1244,"{""sample_routes"":{""date"":""2026-09-14"",""run_id"":""1e9917ae527545d8a96a3d21206fe880""},""join_samples"":{""date"":""2026-09-14"",""run_id"":""066e6ae7a97d4ff7a8fb08eee71ee69d""},""upload_data"":{""date"":""2026-09-14"",""run_id"":""ca7d92fc045f47a4aab2d27e5ce72c53""}}"
107,107,"49.339162 , -123.38152170000001","49.4102168 , -123.31006180000001",urban-urban,urban,1156,"{""sample_routes"":{""date"":""2026-09-14"",""run_id"":""1e9917ae527545d8a96a3d21206fe880""},""join_samples"":{""date"":""2026-09-14"",""run_id"":""066e6ae7a97d4ff7a8fb08eee71ee69d""},""upload_data"":{""date"":""2026-09-14"",""run_id"":""ca7d92fc045f47a4aab2d27e5ce72c53""}}"
111,111,"51.2787128 , -121.0111744","51.3770928 , -121.01090540000001",urban-urban,urban,1152,"{""sample_routes"":{""date"":""2026-09-14"",""run_id"":""1e9917ae527545d8a96a3d21206fe880""},""join_samples"":{""date"":""2026-09-14"",""run_id"":""066e6ae7a97d4ff7a8fb08eee71ee69d""},""upload_data"":{""date"":""2026-09-14"",""run_id"":""ca7d92fc045f47a4aab2d27e5ce72c53""}}"
112,112,"49.6686727 , -124.993408","49.6687651 , -124.9004967",urban-urban,urban,1152,"{""sample_routes"":{""date"":""2026-09-14"",""run_id"":""1e9917ae527545d8a96a3d21206fe880""},""join_samples"":{""date"":""2026-09-14"",""run_id"":""066e6ae7a97d4ff7a8fb08eee71ee69d""},""upload_data"":{""date"":""2026-09-14"",""run_id"":""ca7d92fc045f47a4aab2d27e5ce72c53""}}"
113,113,"49.173027100000006 , -123.17368610000001","49.271114700000005 , -123.1733762",urban-urban,urban,1248,"{""sample_routes"":{""date"":""2026-09-14"",""run_id"":""1e9917ae527545d8a96a3d21206fe880""},""join_samples"":{""date"":""2026-09-14"",""run_id"":""066e6ae7a97d4ff7a8fb08eee71ee69d""},""upload_data"":{""date"":""2026-09-14"",""run_id"":""ca7d92fc045f47a4aab2d27e5ce72c53""}}"
116,116,"53.9414066 , -122.7463625","53.8449272 , -122.8425955",urban-urban,urban,1150,"{""sample_routes"":{""date"":""2026-09-14"",""run_id"":""1e9917ae527545d8a96a3d21206fe880""},""join_samples"":{""date"":""2026-09-14"",""run_id"":""066e6ae7a97d4ff7a8fb08eee71ee69d""},""upload_data"":{""date"":""2026-09-14"",""run_id"":""ca7d92fc045f47a4aab2d27e5ce72c53""}}"
119,119,"53.99389600000001 , -125.84717400000001","53.994089100000004 , -126.0306343",urban-urban,urban,1251,"{""sample_routes"":{""date"":""2026-09-14"",""run_id"":""1e9917ae527545d8a96a3d21206fe880""},""join_samples"":{""date"":""2026-09-14"",""run_id"":""066e6ae7a97d4ff7a8fb08eee71ee69d""},""upload_data"":{""date"":""2026-09-14"",""run_id"":""ca7d92fc045f47a4aab2d27e5ce72c53""}}"
125,125,"48.9570889 , -123.76313750000001","49.0312725 , -123.83780100000001",urban-urban,urban,1254,"{""sample_routes"":{""date"":""2026-09-14"",""run_id"":""1e9917ae527545d8a96a3d21206fe880""},""join_samples"":{""date"":""2026-09-14"",""run_id"":""066e6ae7a97d4ff7a8fb08eee71ee69d""},""upload_data"":{""date"":""2026-09-14"",""run_id"":""ca7d92fc045f47a4aab2d27e5ce72c53""}}"
127,127,"49.233032900000005 , -122.9467118","49.233265 , -122.77783040000001",urban-urban,urban,1145,"{""sample_routes"":{""date"":""2026-09-14"",""run_id"":""1e9917ae527545d8a96a3d21206fe880""},""join_samples"":{""date"":""2026-09-14"",""run_id"":""066e6ae7a97d4ff7a8fb08eee71ee69d""},""upload_data"":{""date"":""2026-09-14"",""run_id"":""ca7d92fc045f47a4aab2d27e5ce72c53""}}"
130,130,"53.9550576 , -122.80626880000001","54.052969700000006 , -122.80612260000001",urban-urban,urban,1143,"{""sample_routes"":{""date"":""2026-09-14"",""run_id"":""1e9917ae527545d8a96a3d21206fe880""},""join_samples"":{""date"":""2026-09-14"",""run_id"":""066e6ae7a97d4ff7a8fb08eee71ee69d""},""upload_data"":{""date"":""2026-09-14"",""run_id"":""ca7d92fc045f47a4aab2d27e5ce72c53""}}"
131,131,"50.1350634 , -121.07807380000001","50.134858400000006 , -120.96583220000001",urban-urban,urban,1143,"{""sample_routes"":{""date"":""2026-09-14"",""run_id"":""1e9917ae527545d8a96a3d21206fe880""},""join_samples"":{""date"":""2026-09-14"",""run_id"":""066e6ae7a97d4ff7a8fb08eee71ee69d""},""upload_data"":{""date"":""2026-09-14"",""run_id"":""ca7d92fc045f47a4aab2d27e5ce72c53""}}"
134,134,"53.9798132 , -124.5121663","54.074817700000004 , -124.60702160000001",urban-rural,urban,1258,"{""sample_routes"":{""date"":""2026-09-14"",""run_id"":""1e9917ae527545d8a96a3d21206fe880""},""join_samples"":{""date"":""2026-09-14"",""run_id"":""066e6ae7a97d4ff7a8fb08eee71ee69d""},""upload_data"":{""date"":""2026-09-14"",""run_id"":""ca7d92fc045f47a4aab2d27e5ce72c53""}}"
135,135,"49.1663913 , -122.83457650000001","49.2609074 , -122.92872530000001",urban-urban,urban,1259,"{""sample_routes"":{""date"":""2026-09-14"",""run_id"":""1e9917ae527545d8a96a3d21206fe880""},""join_samples"":{""date"":""2026-09-14"",""run_id"":""066e6ae7a97d4ff7a8fb08eee71ee69d""},""upload_data"":{""date"":""2026-09-14"",""run_id"":""ca7d92fc045f47a4aab2d27e5ce72c53""}}"
138,138,"53.9053801 , -122.76084420000001","54.048849600000004 , -122.7605812",urban-urban,urban,1139,"{""sample_routes"":{""date"":""2026-09-14"",""run_id"":""1e9917ae527545d8a96a3d21206fe880""},""join_samples"":{""date"":""2026-09-14"",""run_id"":""066e6ae7a97d4ff7a8fb08eee71ee69d""},""upload_data"":{""date"":""2026-09-14"",""run_id"":""ca7d92fc045f47a4aab2d27e5ce72c53""}}"
139,139,"48.462383800000005 , -123.3228012","48.414184000000006 , -123.3714479",urban-urban,urban,1262,"{""sample_routes"":{""date"":""2026-09-14"",""run_id"":""1e9917ae527545d8a96a3d21206fe880""},""join_samples"":{""date"":""2026-09-14"",""run_id"":""066e6ae7a97d4ff7a8fb08eee71ee69d""},""upload_data"":{""date"":""2026-09-14"",""run_id"":""ca7d92fc045f47a4aab2d27e5ce72c53""}}"
140,140,"49.897836500000004 , -119.4150558","49.89789570000001 , -119.5487557",urban-urban,urban,1263,"{""sample_routes"":{""date"":""2026-09-14"",""run_id"":""1e9917ae527545d8a96a3d21206fe880""},""join_samples"":{""date"":""2026-09-14"",""run_id"":""066e6ae7a97d4ff7a8fb08eee71ee69d""},""upload_data"":{""date"":""2026-09-14"",""run_id"":""ca7d92fc045f47a4aab2d27e5ce72c53""}}"
141,141,"49.272382300000004 , -123.0469166","49.164014 , -123.04670180000001",urban-urban,urban,1263,"{""sample_routes"":{""date"":""2026-09-14"",""run_id"":""1e9917ae527545d8a96a3d21206fe880""},""join_samples"":{""date"":""2026-09-14"",""run_id"":""066e6ae7a97d4ff7a8fb08eee71ee69d""},""upload_data"":{""date"":""2026-09-14"",""run_id"":""ca7d92fc045f47a4aab2d27e5ce72c53""}}"
144,144,"54.1402008 , -123.15076040000001","54.1398512 , -123.2548924",urban-urban,urban,1137,"{""sample_routes"":{""date"":""2026-09-14"",""run_id"":""1e9917ae527545d8a96a3d21206fe880""},""join_samples"":{""date"":""2026-09-14"",""run_id"":""066e6ae7a97d4ff7a8fb08eee71ee69d""},""upload_data"":{""date"":""2026-09-14"",""run_id"":""ca7d92fc045f47a4aab2d27e5ce72c53""}}"
145,145,"52.1968916 , -123.4596728","52.118858700000004 , -123.3820457",urban-urban,urban,1137,"{""sample_routes"":{""date"":""2026-09-14"",""run_id"":""1e9917ae527545d8a96a3d21206fe880""},""join_samples"":{""date"":""2026-09-14"",""run_id"":""066e6ae7a97d4ff7a8fb08eee71ee69d""},""upload_data"":{""date"":""2026-09-14"",""run_id"":""ca7d92fc045f47a4aab2d27e5ce72c53""}}"
148,148,"53.9204329 , -122.7943594","53.814691 , -122.79476100000001",urban-urban,urban,1266,"{""sample_routes"":{""date"":""2026-09-14"",""run_id"":""1e9917ae527545d8a96a3d21206fe880""},""join_samples"":{""date"":""2026-09-14"",""run_id"":""066e6ae7a97d4ff7a8fb08eee71ee69d""},""upload_data"":{""date"":""2026-09-14"",""run_id"":""ca7d92fc045f47a4aab2d27e5ce72c53""}}"
149,149,"50.654260900000004 , -120.3687826","50.6544399 , -120.02324650000001",urban-urban,urban,1268,"{""sample_routes"":{""date"":""2026-09-14"",""run_id"":""1e9917ae527545d8a96a3d21206fe880""},""join_samples"":{""date"":""2026-09-14"",""run_id"":""066e6ae7a97d4ff7a8fb08eee71ee69d""},""upload_data"":{""date"":""2026-09-14"",""run_id"":""ca7d92fc045f47a4aab2d27e5ce72c53""}}"
151,151,"56.4900012 , -120.84759910000001","56.475655100000004 , -120.84747200000001",urban-urban,urban,1270,"{""sample_routes"":{""date"":""2026-09-14"",""run_id"":""1e9917ae527545d8a96a3d21206fe880""},""join_samples"":{""date"":""2026-09-14"",""run_id"":""066e6ae7a97d4ff7a8fb08eee71ee69d""},""upload_data"":{""date"":""2026-09-14"",""run_id"":""ca7d92fc045f47a4aab2d27e5ce72c53""}}"
153,153,"53.9858441 , -125.909964","53.9859865 , -126.08786300000001",urban-urban,urban,1271,"{""sample_routes"":{""date"":""2026-09-14"",""run_id"":""1e9917ae527545d8a96a3d21206fe880""},""join_samples"":{""date"":""2026-09-14"",""run_id"":""066e6ae7a97d4ff7a8fb08eee71ee69d""},""upload_data"":{""date"":""2026-09-14"",""run_id"":""ca7d92fc045f47a4aab2d27e5ce72c53""}}"
155,155,"50.5829838 , -119.6657971","50.6658077 , -119.58254310000001",urban-urban,urban,1272,"{""sample_routes"":{""date"":""2026-09-14"",""run_id"":""1e9917ae527545d8a96a3d21206fe880""},""join_samples"":{""date"":""2026-09-14"",""run_id"":""066e6ae7a97d4ff7a8fb08eee71ee69d""},""upload_data"":{""date"":""2026-09-14"",""run_id"":""ca7d92fc045f47a4aab2d27e5ce72c53""}}"
157,157,"53.9449333 , -122.8523492","54.02485 , -122.7719727",urban-urban,urban,1128,"{""sample_routes"":{""date"":""2026-09-14"",""run_id"":""1e9917ae527545d8a96a3d21206fe880""},""join_samples"":{""date"":""2026-09-14"",""run_id"":""066e6ae7a97d4ff7a8fb08eee71ee69d""},""upload_data"":{""date"":""2026-09-14"",""run_id"":""ca7d92fc045f47a4aab2d27e5ce72c53""}}"
158,158,"49.2342091 , -122.55461790000001","49.233991700000004 , -122.4653962",urban-urban,urban,1274,"{""sample_routes"":{""date"":""2026-09-14"",""run_id"":""1e9917ae527545d8a96a3d21206fe880""},""join_samples"":{""date"":""2026-09-14"",""run_id"":""066e6ae7a97d4ff7a8fb08eee71ee69d""},""upload_data"":{""date"":""2026-09-14"",""run_id"":""ca7d92fc045f47a4aab2d27e5ce72c53""}}"
159,159,"49.0653742 , -122.34139680000001","49.065413500000005 , -122.48162950000001",urban-urban,urban,1274,"{""sample_routes"":{""date"":""2026-09-14"",""run_id"":""1e9917ae527545d8a96a3d21206fe880""},""join_samples"":{""date"":""2026-09-14"",""run_id"":""066e6ae7a97d4ff7a8fb08eee71ee69d""},""upload_data"":{""date"":""2026-09-14"",""run_id"":""ca7d92fc045f47a4aab2d27e5ce72c53""}}"
160,160,"49.0604804 , -122.37095300000001","49.060884300000005 , -122.242546",urban-urban,urban,1274,"{""sample_routes"":{""date"":""2026-09-14"",""run_id"":""1e9917ae527545d8a96a3d21206fe880""},""join_samples"":{""date"":""2026-09-14"",""run_id"":""066e6ae7a97d4ff7a8fb08eee71ee69d""},""upload_data"":{""date"":""2026-09-14"",""run_id"":""ca7d92fc045f47a4aab2d27e5ce72c53""}}"
161,161,"49.141051700000006 , -122.8959377","49.2542149 , -122.8959798",urban-urban,urban,1274,"{""sample_routes"":{""date"":""2026-09-14"",""run_id"":""1e9917ae527545d8a96a3d21206fe880""},""join_samples"":{""date"":""2026-09-14"",""run_id"":""066e6ae7a97d4ff7a8fb08eee71ee69d""},""upload_data"":{""date"":""2026-09-14"",""run_id"":""ca7d92fc045f47a4aab2d27e5ce72c53""}}"
162,162,"49.142167400000005 , -122.87536250000001","49.1419295 , -122.7348601",urban-rural,urban,1124,"{""sample_routes"":{""date"":""2026-09-14"",""run_id"":""1e9917ae527545d8a96a3d21206fe880""},""join_samples"":{""date"":""2026-09-14"",""run_id"":""066e6ae7a97d4ff7a8fb08eee71ee69d""},""upload_data"":{""date"":""2026-09-14"",""run_id"":""ca7d92fc045f47a4aab2d27e5ce72c53""}}"
163,163,"49.1810993 , -122.69024630000001","49.1814891 , -122.55107070000001",urban-urban,urban,1122,"{""sample_routes"":{""date"":""2026-09-14"",""run_id"":""1e9917ae527545d8a96a3d21206fe880""},""join_samples"":{""date"":""2026-09-14"",""run_id"":""066e6ae7a97d4ff7a8fb08eee71ee69d""},""upload_data"":{""date"":""2026-09-14"",""run_id"":""ca7d92fc045f47a4aab2d27e5ce72c53""}}"
164,164,"49.8710479 , -119.466171","49.8707769 , -119.33848630000001",urban-urban,urban,1122,"{""sample_routes"":{""date"":""2026-09-14"",""run_id"":""1e9917ae527545d8a96a3d21206fe880""},""join_samples"":{""date"":""2026-09-14"",""run_id"":""066e6ae7a97d4ff7a8fb08eee71ee69d""},""upload_data"":{""date"":""2026-09-14"",""run_id"":""ca7d92fc045f47a4aab2d27e5ce72c53""}}"
168,168,"50.751408100000006 , -120.35598370000001","50.6810368 , -120.356199",urban-urban,urban,1121,"{""sample_routes"":{""date"":""2026-09-14"",""run_id"":""1e9917ae527545d8a96a3d21206fe880""},""join_samples"":{""date"":""2026-09-14"",""run_id"":""066e6ae7a97d4ff7a8fb08eee71ee69d""},""upload_data"":{""date"":""2026-09-14"",""run_id"":""ca7d92fc045f47a4aab2d27e5ce72c53""}}"
170,170,"49.198841200000004 , -122.77709840000001","49.2996969 , -122.77693860000001",urban-urban,urban,1120,"{""sample_routes"":{""date"":""2026-09-14"",""run_id"":""1e9917ae527545d8a96a3d21206fe880""},""join_samples"":{""date"":""2026-09-14"",""run_id"":""066e6ae7a97d4ff7a8fb08eee71ee69d""},""upload_data"":{""date"":""2026-09-14"",""run_id"":""ca7d92fc045f47a4aab2d27e5ce72c53""}}"
172,172,"49.2352262 , -122.53040890000001","49.2349766 , -122.70013730000001",urban-rural,urban,1281,"{""sample_routes"":{""date"":""2026-09-14"",""run_id"":""1e9917ae527545d8a96a3d21206fe880""},""join_samples"":{""date"":""2026-09-14"",""run_id"":""066e6ae7a97d4ff7a8fb08eee71ee69d""},""upload_data"":{""date"":""2026-09-14"",""run_id"":""ca7d92fc045f47a4aab2d27e5ce72c53""}}"
178,178,"55.5454797 , -120.9171527","55.481660000000005 , -120.98084750000001",urban-urban,urban,1118,"{""sample_routes"":{""date"":""2026-09-14"",""run_id"":""1e9917ae527545d8a96a3d21206fe880""},""join_samples"":{""date"":""2026-09-14"",""run_id"":""066e6ae7a97d4ff7a8fb08eee71ee69d""},""upload_data"":{""date"":""2026-09-14"",""run_id"":""ca7d92fc045f47a4aab2d27e5ce72c53""}}"
181,181,"48.4701668 , -123.3817987","48.4286601 , -123.38175930000001",urban-urban,urban,1116,"{""sample_routes"":{""date"":""2026-09-14"",""run_id"":""1e9917ae527545d8a96a3d21206fe880""},""join_samples"":{""date"":""2026-09-14"",""run_id"":""066e6ae7a97d4ff7a8fb08eee71ee69d""},""upload_data"":{""date"":""2026-09-14"",""run_id"":""ca7d92fc045f47a4aab2d27e5ce72c53""}}"
183,183,"49.2877324 , -123.05653040000001","49.202802000000005 , -123.056425",urban-urban,urban,1284,"{""sample_routes"":{""date"":""2026-09-14"",""run_id"":""1e9917ae527545d8a96a3d21206fe880""},""join_samples"":{""date"":""2026-09-14"",""run_id"":""066e6ae7a97d4ff7a8fb08eee71ee69d""},""upload_data"":{""date"":""2026-09-14"",""run_id"":""ca7d92fc045f47a4aab2d27e5ce72c53""}}"
184,184,"49.1813038 , -122.84309250000001","49.2627018 , -122.92487390000001",urban-urban,urban,1285,"{""sample_routes"":{""date"":""2026-09-14"",""run_id"":""1e9917ae527545d8a96a3d21206fe880""},""join_samples"":{""date"":""2026-09-14"",""run_id"":""066e6ae7a97d4ff7a8fb08eee71ee69d""},""upload_data"":{""date"":""2026-09-14"",""run_id"":""ca7d92fc045f47a4aab2d27e5ce72c53""}}"
186,186,"49.09079130000001 , -116.51681520000001","49.1909568 , -116.6169589",urban-urban,urban,1286,"{""sample_routes"":{""date"":""2026-09-14"",""run_id"":""1e9917ae527545d8a96a3d21206fe880""},""join_samples"":{""date"":""2026-09-14"",""run_id"":""066e6ae7a97d4ff7a8fb08eee71ee69d""},""upload_data"":{""date"":""2026-09-14"",""run_id"":""ca7d92fc045f47a4aab2d27e5ce72c53""}}"
189,189,"49.3570125 , -123.2476711","49.3566985 , -123.02782560000001",urban-urban,urban,1287,"{""sample_routes"":{""date"":""2026-09-14"",""run_id"":""1e9917ae527545d8a96a3d21206fe880""},""join_samples"":{""date"":""2026-09-14"",""run_id"":""066e6ae7a97d4ff7a8fb08eee71ee69d""},""upload_data"":{""date"":""2026-09-14"",""run_id"":""ca7d92fc045f47a4aab2d27e5ce72c53""}}"
190,190,"49.1563597 , -122.75898070000001","49.250161000000006 , -122.75856080000001",urban-urban,urban,1287,"{""sample_routes"":{""date"":""2026-09-14"",""run_id"":""1e9917ae527545d8a96a3d21206fe880""},""join_samples"":{""date"":""2026-09-14"",""run_id"":""066e6ae7a97d4ff7a8fb08eee71ee69d""},""upload_data"":{""date"":""2026-09-14"",""run_id"":""ca7d92fc045f47a4aab2d27e5ce72c53""}}"
191,191,"49.1044296 , -122.68482970000001","49.2092067 , -122.78935530000001",urban-urban,urban,1287,"{""sample_routes"":{""date"":""2026-09-14"",""run_id"":""1e9917ae527545d8a96a3d21206fe880""},""join_samples"":{""date"":""2026-09-14"",""run_id"":""066e6ae7a97d4ff7a8fb08eee71ee69d""},""upload_data"":{""date"":""2026-09-14"",""run_id"":""ca7d92fc045f47a4aab2d27e5ce72c53""}}"
192,192,"48.464272900000005 , -123.46699880000001","48.393525700000005 , -123.5379776",urban-urban,urban,1287,"{""sample_routes"":{""date"":""2026-09-14"",""run_id"":""1e9917ae527545d8a96a3d21206fe880""},""join_samples"":{""date"":""2026-09-14"",""run_id"":""066e6ae7a97d4ff7a8fb08eee71ee69d""},""upload_data"":{""date"":""2026-09-14"",""run_id"":""ca7d92fc045f47a4aab2d27e5ce72c53""}}"
194,194,"49.2356057 , -123.0234178","49.140399900000006 , -123.11907900000001",urban-urban,urban,1288,"{""sample_routes"":{""date"":""2026-09-14"",""run_id"":""1e9917ae527545d8a96a3d21206fe880""},""join_samples"":{""date"":""2026-09-14"",""run_id"":""066e6ae7a97d4ff7a8fb08eee71ee69d""},""upload_data"":{""date"":""2026-09-14"",""run_id"":""ca7d92fc045f47a4aab2d27e5ce72c53""}}"
195,195,"49.939930600000004 , -119.39898910000001","49.8514361 , -119.3985976",urban-urban,urban,1289,"{""sample_routes"":{""date"":""2026-09-14"",""run_id"":""1e9917ae527545d8a96a3d21206fe880""},""join_samples"":{""date"":""2026-09-14"",""run_id"":""066e6ae7a97d4ff7a8fb08eee71ee69d""},""upload_data"":{""date"":""2026-09-14"",""run_id"":""ca7d92fc045f47a4aab2d27e5ce72c53""}}"
196,196,"49.088997400000004 , -122.64617550000001","49.0036945 , -122.7313079",urban-urban,urban,1289,"{""sample_routes"":{""date"":""2026-09-14"",""run_id"":""1e9917ae527545d8a96a3d21206fe880""},""join_samples"":{""date"":""2026-09-14"",""run_id"":""066e6ae7a97d4ff7a8fb08eee71ee69d""},""upload_data"":{""date"":""2026-09-14"",""run_id"":""ca7d92fc045f47a4aab2d27e5ce72c53""}}"
198,198,"50.7069844 , -120.41585210000001","50.6647942 , -120.4158864",urban-urban,urban,1290,"{""sample_routes"":{""date"":""2026-09-14"",""run_id"":""1e9917ae527545d8a96a3d21206fe880""},""join_samples"":{""date"":""2026-09-14"",""run_id"":""066e6ae7a97d4ff7a8fb08eee71ee69d""},""upload_data"":{""date"":""2026-09-14"",""run_id"":""ca7d92fc045f47a4aab2d27e5ce72c53""}}"
199,199,"49.2488183 , -123.01982880000001","49.360999 , -123.131893",urban-urban,urban,1290,"{""sample_routes"":{""date"":""2026-09-14"",""run_id"":""1e9917ae527545d8a96a3d21206fe880""},""join_samples"":{""date"":""2026-09-14"",""run_id"":""066e6ae7a97d4ff7a8fb08eee71ee69d""},""upload_data"":{""date"":""2026-09-14"",""run_id"":""ca7d92fc045f47a4aab2d27e5ce72c53""}}"
200,200,"49.688875700000004 , -125.00189060000001","49.6885416 , -124.8876166",urban-urban,urban,1291,"{""sample_routes"":{""date"":""2026-09-14"",""run_id"":""1e9917ae527545d8a96a3d21206fe880""},""join_samples"":{""date"":""2026-09-14"",""run_id"":""066e6ae7a97d4ff7a8fb08eee71ee69d""},""upload_data"":{""date"":""2026-09-14"",""run_id"":""ca7d92fc045f47a4aab2d27e5ce72c53""}}"
201,201,"49.2753049 , -122.8793777","49.274839 , -122.71448260000001",urban-urban,urban,1109,"{""sample_routes"":{""date"":""2026-09-14"",""run_id"":""1e9917ae527545d8a96a3d21206fe880""},""join_samples"":{""date"":""2026-09-14"",""run_id"":""066e6ae7a97d4ff7a8fb08eee71ee69d""},""upload_data"":{""date"":""2026-09-14"",""run_id"":""ca7d92fc045f47a4aab2d27e5ce72c53""}}"
203,203,"49.323906300000004 , -123.11234","49.2395744 , -123.19673080000001",urban-urban,urban,1291,"{""sample_routes"":{""date"":""2026-09-14"",""run_id"":""1e9917ae527545d8a96a3d21206fe880""},""join_samples"":{""date"":""2026-09-14"",""run_id"":""066e6ae7a97d4ff7a8fb08eee71ee69d""},""upload_data"":{""date"":""2026-09-14"",""run_id"":""ca7d92fc045f47a4aab2d27e5ce72c53""}}"
204,204,"49.2777363 , -123.07032500000001","49.133683600000005 , -123.07018500000001",urban-urban,urban,1292,"{""sample_routes"":{""date"":""2026-09-14"",""run_id"":""1e9917ae527545d8a96a3d21206fe880""},""join_samples"":{""date"":""2026-09-14"",""run_id"":""066e6ae7a97d4ff7a8fb08eee71ee69d""},""upload_data"":{""date"":""2026-09-14"",""run_id"":""ca7d92fc045f47a4aab2d27e5ce72c53""}}"
205,205,"49.08110670000001 , -122.6405356","49.0081251 , -122.71351650000001",urban-urban,urban,1108,"{""sample_routes"":{""date"":""2026-09-14"",""run_id"":""1e9917ae527545d8a96a3d21206fe880""},""join_samples"":{""date"":""2026-09-14"",""run_id"":""066e6ae7a97d4ff7a8fb08eee71ee69d""},""upload_data"":{""date"":""2026-09-14"",""run_id"":""ca7d92fc045f47a4aab2d27e5ce72c53""}}"
210,210,"55.98515020000001 , -120.46523690000001","56.0703479 , -120.54996340000001",urban-urban,urban,1293,"{""sample_routes"":{""date"":""2026-09-14"",""run_id"":""1e9917ae527545d8a96a3d21206fe880""},""join_samples"":{""date"":""2026-09-14"",""run_id"":""066e6ae7a97d4ff7a8fb08eee71ee69d""},""upload_data"":{""date"":""2026-09-14"",""run_id"":""ca7d92fc045f47a4aab2d27e5ce72c53""}}"
214,214,"49.0472861 , -122.8673875","49.047605000000004 , -122.66107810000001",urban-urban,urban,1294,"{""sample_routes"":{""date"":""2026-09-14"",""run_id"":""1e9917ae527545d8a96a3d21206fe880""},""join_samples"":{""date"":""2026-09-14"",""run_id"":""066e6ae7a97d4ff7a8fb08eee71ee69d""},""upload_data"":{""date"":""2026-09-14"",""run_id"":""ca7d92fc045f47a4aab2d27e5ce72c53""}}"
215,215,"49.879416000000006 , -119.49333960000001","49.8789584 , -119.34742530000001",urban-urban,urban,1295,"{""sample_routes"":{""date"":""2026-09-14"",""run_id"":""1e9917ae527545d8a96a3d21206fe880""},""join_samples"":{""date"":""2026-09-14"",""run_id"":""066e6ae7a97d4ff7a8fb08eee71ee69d""},""upload_data"":{""date"":""2026-09-14"",""run_id"":""ca7d92fc045f47a4aab2d27e5ce72c53""}}"
218,218,"49.867628200000006 , -119.47264650000001","49.953536500000006 , -119.3864518",urban-urban,urban,1296,"{""sample_routes"":{""date"":""2026-09-14"",""run_id"":""1e9917ae527545d8a96a3d21206fe880""},""join_samples"":{""date"":""2026-09-14"",""run_id"":""066e6ae7a97d4ff7a8fb08eee71ee69d""},""upload_data"":{""date"":""2026-09-14"",""run_id"":""ca7d92fc045f47a4aab2d27e5ce72c53""}}"
219,219,"49.137438200000005 , -122.8668882","49.137087 , -122.7033294",urban-urban,urban,1296,"{""sample_routes"":{""date"":""2026-09-14"",""run_id"":""1e9917ae527545d8a96a3d21206fe880""},""join_samples"":{""date"":""2026-09-14"",""run_id"":""066e6ae7a97d4ff7a8fb08eee71ee69d""},""upload_data"":{""date"":""2026-09-14"",""run_id"":""ca7d92fc045f47a4aab2d27e5ce72c53""}}"
220,220,"49.537978300000006 , -119.57579080000001","49.480731500000005 , -119.6334602",urban-urban,urban,1297,"{""sample_routes"":{""date"":""2026-09-14"",""run_id"":""1e9917ae527545d8a96a3d21206fe880""},""join_samples"":{""date"":""2026-09-14"",""run_id"":""066e6ae7a97d4ff7a8fb08eee71ee69d""},""upload_data"":{""date"":""2026-09-14"",""run_id"":""ca7d92fc045f47a4aab2d27e5ce72c53""}}"
223,223,"49.063633100000004 , -122.67788350000001","49.0632895 , -122.8455351",urban-urban,urban,1102,"{""sample_routes"":{""date"":""2026-09-14"",""run_id"":""1e9917ae527545d8a96a3d21206fe880""},""join_samples"":{""date"":""2026-09-14"",""run_id"":""066e6ae7a97d4ff7a8fb08eee71ee69d""},""upload_data"":{""date"":""2026-09-14"",""run_id"":""ca7d92fc045f47a4aab2d27e5ce72c53""}}"
224,224,"49.2279618 , -122.8974472","49.114538 , -122.8972609",urban-urban,urban,1299,"{""sample_routes"":{""date"":""2026-09-14"",""run_id"":""1e9917ae527545d8a96a3d21206fe880""},""join_samples"":{""date"":""2026-09-14"",""run_id"":""066e6ae7a97d4ff7a8fb08eee71ee69d""},""upload_data"":{""date"":""2026-09-14"",""run_id"":""ca7d92fc045f47a4aab2d27e5ce72c53""}}"
225,225,"54.6832422 , -127.06020570000001","54.7787706 , -127.06013050000001",urban-urban,urban,1101,"{""sample_routes"":{""date"":""2026-09-14"",""run_id"":""1e9917ae527545d8a96a3d21206fe880""},""join_samples"":{""date"":""2026-09-14"",""run_id"":""066e6ae7a97d4ff7a8fb08eee71ee69d""},""upload_data"":{""date"":""2026-09-14"",""run_id"":""ca7d92fc045f47a4aab2d27e5ce72c53""}}"
227,227,"49.103025 , -118.6163906","49.143704400000004 , -118.65682840000001",urban-urban,urban,1099,"{""sample_routes"":{""date"":""2026-09-14"",""run_id"":""1e9917ae527545d8a96a3d21206fe880""},""join_samples"":{""date"":""2026-09-14"",""run_id"":""066e6ae7a97d4ff7a8fb08eee71ee69d""},""upload_data"":{""date"":""2026-09-14"",""run_id"":""ca7d92fc045f47a4aab2d27e5ce72c53""}}"
228,228,"49.8191677 , -119.4994053","49.8715458 , -119.55140650000001",urban-urban,urban,1302,"{""sample_routes"":{""date"":""2026-09-14"",""run_id"":""1e9917ae527545d8a96a3d21206fe880""},""join_samples"":{""date"":""2026-09-14"",""run_id"":""066e6ae7a97d4ff7a8fb08eee71ee69d""},""upload_data"":{""date"":""2026-09-14"",""run_id"":""ca7d92fc045f47a4aab2d27e5ce72c53""}}"
230,230,"49.222711800000006 , -123.1194897","49.3210622 , -123.02160130000001",urban-urban,urban,1303,"{""sample_routes"":{""date"":""2026-09-14"",""run_id"":""1e9917ae527545d8a96a3d21206fe880""},""join_samples"":{""date"":""2026-09-14"",""run_id"":""066e6ae7a97d4ff7a8fb08eee71ee69d""},""upload_data"":{""date"":""2026-09-14"",""run_id"":""ca7d92fc045f47a4aab2d27e5ce72c53""}}"
231,231,"50.6468785 , -120.38279700000001","50.646556600000004 , -120.12707010000001",urban-urban,urban,1303,"{""sample_routes"":{""date"":""2026-09-14"",""run_id"":""1e9917ae527545d8a96a3d21206fe880""},""join_samples"":{""date"":""2026-09-14"",""run_id"":""066e6ae7a97d4ff7a8fb08eee71ee69d""},""upload_data"":{""date"":""2026-09-14"",""run_id"":""ca7d92fc045f47a4aab2d27e5ce72c53""}}"
232,232,"49.1457307 , -122.79915620000001","49.1460007 , -123.00260660000001",urban-urban,urban,1303,"{""sample_routes"":{""date"":""2026-09-14"",""run_id"":""1e9917ae527545d8a96a3d21206fe880""},""join_samples"":{""date"":""2026-09-14"",""run_id"":""066e6ae7a97d4ff7a8fb08eee71ee69d""},""upload_data"":{""date"":""2026-09-14"",""run_id"":""ca7d92fc045f47a4aab2d27e5ce72c53""}}"
234,234,"52.477308900000004 , -121.4249278","52.3961983 , -121.424565",urban-urban,urban,1096,"{""sample_routes"":{""date"":""2026-09-14"",""run_id"":""1e9917ae527545d8a96a3d21206fe880""},""join_samples"":{""date"":""2026-09-14"",""run_id"":""066e6ae7a97d4ff7a8fb08eee71ee69d""},""upload_data"":{""date"":""2026-09-14"",""run_id"":""ca7d92fc045f47a4aab2d27e5ce72c53""}}"
238,238,"49.208330100000005 , -122.77680210000001","49.20804690000001 , -122.93388900000001",urban-urban,urban,1305,"{""sample_routes"":{""date"":""2026-09-14"",""run_id"":""1e9917ae527545d8a96a3d21206fe880""},""join_samples"":{""date"":""2026-09-14"",""run_id"":""066e6ae7a97d4ff7a8fb08eee71ee69d""},""upload_data"":{""date"":""2026-09-14"",""run_id"":""ca7d92fc045f47a4aab2d27e5ce72c53""}}"
240,240,"48.6457806 , -123.5847569","48.7900282 , -123.7290208",urban-urban,urban,1306,"{""sample_routes"":{""date"":""2026-09-14"",""run_id"":""1e9917ae527545d8a96a3d21206fe880""},""join_samples"":{""date"":""2026-09-14"",""run_id"":""066e6ae7a97d4ff7a8fb08eee71ee69d""},""upload_data"":{""date"":""2026-09-14"",""run_id"":""ca7d92fc045f47a4aab2d27e5ce72c53""}}"
243,243,"49.2804787 , -122.9768571","49.1907754 , -122.9765816",urban-urban,urban,1306,"{""sample_routes"":{""date"":""2026-09-14"",""run_id"":""1e9917ae527545d8a96a3d21206fe880""},""join_samples"":{""date"":""2026-09-14"",""run_id"":""066e6ae7a97d4ff7a8fb08eee71ee69d""},""upload_data"":{""date"":""2026-09-14"",""run_id"":""ca7d92fc045f47a4aab2d27e5ce72c53""}}"
245,245,"49.1491266 , -122.776819","49.2313145 , -122.6941836",urban-urban,urban,1307,"{""sample_routes"":{""date"":""2026-09-14"",""run_id"":""1e9917ae527545d8a96a3d21206fe880""},""join_samples"":{""date"":""2026-09-14"",""run_id"":""066e6ae7a97d4ff7a8fb08eee71ee69d""},""upload_data"":{""date"":""2026-09-14"",""run_id"":""ca7d92fc045f47a4aab2d27e5ce72c53""}}"
246,246,"48.9291618 , -123.74244170000001","49.07368820000001 , -123.8867804",urban-urban,urban,1307,"{""sample_routes"":{""date"":""2026-09-14"",""run_id"":""1e9917ae527545d8a96a3d21206fe880""},""join_samples"":{""date"":""2026-09-14"",""run_id"":""066e6ae7a97d4ff7a8fb08eee71ee69d""},""upload_data"":{""date"":""2026-09-14"",""run_id"":""ca7d92fc045f47a4aab2d27e5ce72c53""}}"
249,249,"48.432133400000005 , -123.4024794","48.500497800000005 , -123.4708542",urban-urban,urban,1309,"{""sample_routes"":{""date"":""2026-09-14"",""run_id"":""1e9917ae527545d8a96a3d21206fe880""},""join_samples"":{""date"":""2026-09-14"",""run_id"":""066e6ae7a97d4ff7a8fb08eee71ee69d""},""upload_data"":{""date"":""2026-09-14"",""run_id"":""ca7d92fc045f47a4aab2d27e5ce72c53""}}"
251,251,"49.213564600000005 , -124.0167559","49.0768616 , -123.8803331",urban-urban,urban,1309,"{""sample_routes"":{""date"":""2026-09-14"",""run_id"":""1e9917ae527545d8a96a3d21206fe880""},""join_samples"":{""date"":""2026-09-14"",""run_id"":""066e6ae7a97d4ff7a8fb08eee71ee69d""},""upload_data"":{""date"":""2026-09-14"",""run_id"":""ca7d92fc045f47a4aab2d27e5ce72c53""}}"
254,254,"49.006956 , -122.2628217","49.1630071 , -122.26289550000001",urban-urban,urban,1310,"{""sample_routes"":{""date"":""2026-09-14"",""run_id"":""1e9917ae527545d8a96a3d21206fe880""},""join_samples"":{""date"":""2026-09-14"",""run_id"":""066e6ae7a97d4ff7a8fb08eee71ee69d""},""upload_data"":{""date"":""2026-09-14"",""run_id"":""ca7d92fc045f47a4aab2d27e5ce72c53""}}"
260,260,"49.296686400000006 , -122.7971662","49.1591755 , -122.79729440000001",urban-urban,urban,1312,"{""sample_routes"":{""date"":""2026-09-14"",""run_id"":""1e9917ae527545d8a96a3d21206fe880""},""join_samples"":{""date"":""2026-09-14"",""run_id"":""066e6ae7a97d4ff7a8fb08eee71ee69d""},""upload_data"":{""date"":""2026-09-14"",""run_id"":""ca7d92fc045f47a4aab2d27e5ce72c53""}}"
262,262,"49.113761700000005 , -122.73585410000001","49.214268000000004 , -122.6348763",urban-urban,urban,1313,"{""sample_routes"":{""date"":""2026-09-14"",""run_id"":""1e9917ae527545d8a96a3d21206fe880""},""join_samples"":{""date"":""2026-09-14"",""run_id"":""066e6ae7a97d4ff7a8fb08eee71ee69d""},""upload_data"":{""date"":""2026-09-14"",""run_id"":""ca7d92fc045f47a4aab2d27e5ce72c53""}}"
263,263,"49.267102900000005 , -123.1404725","49.134009000000006 , -123.14021580000001",urban-urban,urban,1313,"{""sample_routes"":{""date"":""2026-09-14"",""run_id"":""1e9917ae527545d8a96a3d21206fe880""},""join_samples"":{""date"":""2026-09-14"",""run_id"":""066e6ae7a97d4ff7a8fb08eee71ee69d""},""upload_data"":{""date"":""2026-09-14"",""run_id"":""ca7d92fc045f47a4aab2d27e5ce72c53""}}"
264,264,"49.220587200000004 , -124.06217600000001","49.2206471 , -123.96125370000001",urban-urban,urban,1087,"{""sample_routes"":{""date"":""2026-09-14"",""run_id"":""1e9917ae527545d8a96a3d21206fe880""},""join_samples"":{""date"":""2026-09-14"",""run_id"":""066e6ae7a97d4ff7a8fb08eee71ee69d""},""upload_data"":{""date"":""2026-09-14"",""run_id"":""ca7d92fc045f47a4aab2d27e5ce72c53""}}"
265,265,"49.1946105 , -122.8774479","49.1948918 , -122.98872360000001",urban-urban,urban,1087,"{""sample_routes"":{""date"":""2026-09-14"",""run_id"":""1e9917ae527545d8a96a3d21206fe880""},""join_samples"":{""date"":""2026-09-14"",""run_id"":""066e6ae7a97d4ff7a8fb08eee71ee69d""},""upload_data"":{""date"":""2026-09-14"",""run_id"":""ca7d92fc045f47a4aab2d27e5ce72c53""}}"
267,267,"50.766429200000005 , -120.34537820000001","50.6776725 , -120.34520260000001",urban-urban,urban,1314,"{""sample_routes"":{""date"":""2026-09-14"",""run_id"":""1e9917ae527545d8a96a3d21206fe880""},""join_samples"":{""date"":""2026-09-14"",""run_id"":""066e6ae7a97d4ff7a8fb08eee71ee69d""},""upload_data"":{""date"":""2026-09-14"",""run_id"":""ca7d92fc045f47a4aab2d27e5ce72c53""}}"
270,270,"49.155325100000006 , -122.86406260000001","49.2365602 , -122.94514710000001",urban-urban,urban,1314,"{""sample_routes"":{""date"":""2026-09-14"",""run_id"":""1e9917ae527545d8a96a3d21206fe880""},""join_samples"":{""date"":""2026-09-14"",""run_id"":""066e6ae7a97d4ff7a8fb08eee71ee69d""},""upload_data"":{""date"":""2026-09-14"",""run_id"":""ca7d92fc045f47a4aab2d27e5ce72c53""}}"
272,272,"49.5150172 , -117.4083143","49.466628 , -117.4567937",urban-urban,urban,1085,"{""sample_routes"":{""date"":""2026-09-14"",""run_id"":""1e9917ae527545d8a96a3d21206fe880""},""join_samples"":{""date"":""2026-09-14"",""run_id"":""066e6ae7a97d4ff7a8fb08eee71ee69d""},""upload_data"":{""date"":""2026-09-14"",""run_id"":""ca7d92fc045f47a4aab2d27e5ce72c53""}}"
276,276,"49.1502471 , -122.80100200000001","49.0202474 , -122.80118180000001",urban-urban,urban,1316,"{""sample_routes"":{""date"":""2026-09-14"",""run_id"":""1e9917ae527545d8a96a3d21206fe880""},""join_samples"":{""date"":""2026-09-14"",""run_id"":""066e6ae7a97d4ff7a8fb08eee71ee69d""},""upload_data"":{""date"":""2026-09-14"",""run_id"":""ca7d92fc045f47a4aab2d27e5ce72c53""}}"
277,277,"49.011028200000005 , -118.50507920000001","49.0109999 , -118.32491920000001",urban-urban,urban,1083,"{""sample_routes"":{""date"":""2026-09-14"",""run_id"":""1e9917ae527545d8a96a3d21206fe880""},""join_samples"":{""date"":""2026-09-14"",""run_id"":""066e6ae7a97d4ff7a8fb08eee71ee69d""},""upload_data"":{""date"":""2026-09-14"",""run_id"":""ca7d92fc045f47a4aab2d27e5ce72c53""}}"
278,278,"50.666782000000005 , -120.35167700000001","50.754631 , -120.3516888",urban-urban,urban,1317,"{""sample_routes"":{""date"":""2026-09-14"",""run_id"":""1e9917ae527545d8a96a3d21206fe880""},""join_samples"":{""date"":""2026-09-14"",""run_id"":""066e6ae7a97d4ff7a8fb08eee71ee69d""},""upload_data"":{""date"":""2026-09-14"",""run_id"":""ca7d92fc045f47a4aab2d27e5ce72c53""}}"
279,279,"49.1290489 , -122.87997340000001","49.2425827 , -122.87960790000001",urban-urban,urban,1318,"{""sample_routes"":{""date"":""2026-09-14"",""run_id"":""1e9917ae527545d8a96a3d21206fe880""},""join_samples"":{""date"":""2026-09-14"",""run_id"":""066e6ae7a97d4ff7a8fb08eee71ee69d""},""upload_data"":{""date"":""2026-09-14"",""run_id"":""ca7d92fc045f47a4aab2d27e5ce72c53""}}"
281,281,"49.2937334 , -122.80229150000001","49.1769794 , -122.6856693",urban-urban,urban,1318,"{""sample_routes"":{""date"":""2026-09-14"",""run_id"":""1e9917ae527545d8a96a3d21206fe880""},""join_samples"":{""date"":""2026-09-14"",""run_id"":""066e6ae7a97d4ff7a8fb08eee71ee69d""},""upload_data"":{""date"":""2026-09-14"",""run_id"":""ca7d92fc045f47a4aab2d27e5ce72c53""}}"
282,282,"50.6637082 , -120.46109720000001","50.6638068 , -120.136527",urban-urban,urban,1318,"{""sample_routes"":{""date"":""2026-09-14"",""run_id"":""1e9917ae527545d8a96a3d21206fe880""},""join_samples"":{""date"":""2026-09-14"",""run_id"":""066e6ae7a97d4ff7a8fb08eee71ee69d""},""upload_data"":{""date"":""2026-09-14"",""run_id"":""ca7d92fc045f47a4aab2d27e5ce72c53""}}"
284,284,"49.2665257 , -122.90319880000001","49.179016700000005 , -122.9035652",urban-urban,urban,1318,"{""sample_routes"":{""date"":""2026-09-14"",""run_id"":""1e9917ae527545d8a96a3d21206fe880""},""join_samples"":{""date"":""2026-09-14"",""run_id"":""066e6ae7a97d4ff7a8fb08eee71ee69d""},""upload_data"":{""date"":""2026-09-14"",""run_id"":""ca7d92fc045f47a4aab2d27e5ce72c53""}}"
286,286,"54.69062 , -126.94707860000001","54.65021350000001 , -126.9871049",urban-urban,urban,1320,"{""sample_routes"":{""date"":""2026-09-14"",""run_id"":""1e9917ae527545d8a96a3d21206fe880""},""join_samples"":{""date"":""2026-09-14"",""run_id"":""066e6ae7a97d4ff7a8fb08eee71ee69d""},""upload_data"":{""date"":""2026-09-14"",""run_id"":""ca7d92fc045f47a4aab2d27e5ce72c53""}}"
287,287,"49.2630174 , -123.16235200000001","49.3495198 , -123.07605980000001",urban-urban,urban,1320,"{""sample_routes"":{""date"":""2026-09-14"",""run_id"":""1e9917ae527545d8a96a3d21206fe880""},""join_samples"":{""date"":""2026-09-14"",""run_id"":""066e6ae7a97d4ff7a8fb08eee71ee69d""},""upload_data"":{""date"":""2026-09-14"",""run_id"":""ca7d92fc045f47a4aab2d27e5ce72c53""}}"
289,289,"49.183946500000005 , -122.90092940000001","49.267645800000004 , -122.9010269",urban-urban,urban,1320,"{""sample_routes"":{""date"":""2026-09-14"",""run_id"":""1e9917ae527545d8a96a3d21206fe880""},""join_samples"":{""date"":""2026-09-14"",""run_id"":""066e6ae7a97d4ff7a8fb08eee71ee69d""},""upload_data"":{""date"":""2026-09-14"",""run_id"":""ca7d92fc045f47a4aab2d27e5ce72c53""}}"
290,290,"49.82221070000001 , -120.7006027","49.9156757 , -120.79368670000001",urban-urban,urban,1320,"{""sample_routes"":{""date"":""2026-09-14"",""run_id"":""1e9917ae527545d8a96a3d21206fe880""},""join_samples"":{""date"":""2026-09-14"",""run_id"":""066e6ae7a97d4ff7a8fb08eee71ee69d""},""upload_data"":{""date"":""2026-09-14"",""run_id"":""ca7d92fc045f47a4aab2d27e5ce72c53""}}"
292,292,"49.880416600000004 , -119.4177636","49.880678 , -119.56790000000001",urban-urban,urban,1321,"{""sample_routes"":{""date"":""2026-09-14"",""run_id"":""1e9917ae527545d8a96a3d21206fe880""},""join_samples"":{""date"":""2026-09-14"",""run_id"":""066e6ae7a97d4ff7a8fb08eee71ee69d""},""upload_data"":{""date"":""2026-09-14"",""run_id"":""ca7d92fc045f47a4aab2d27e5ce72c53""}}"
293,293,"50.6915763 , -120.40278090000001","50.691975500000005 , -120.2930886",urban-urban,urban,1321,"{""sample_routes"":{""date"":""2026-09-14"",""run_id"":""1e9917ae527545d8a96a3d21206fe880""},""join_samples"":{""date"":""2026-09-14"",""run_id"":""066e6ae7a97d4ff7a8fb08eee71ee69d""},""upload_data"":{""date"":""2026-09-14"",""run_id"":""ca7d92fc045f47a4aab2d27e5ce72c53""}}"
296,296,"49.18542780000001 , -122.89743600000001","49.263033 , -122.89776950000001",urban-urban,urban,1079,"{""sample_routes"":{""date"":""2026-09-14"",""run_id"":""1e9917ae527545d8a96a3d21206fe880""},""join_samples"":{""date"":""2026-09-14"",""run_id"":""066e6ae7a97d4ff7a8fb08eee71ee69d""},""upload_data"":{""date"":""2026-09-14"",""run_id"":""ca7d92fc045f47a4aab2d27e5ce72c53""}}"
302,302,"50.2307524 , -119.1735646","50.231017200000004 , -119.3541141",rural-urban,urban,1325,"{""sample_routes"":{""date"":""2026-09-14"",""run_id"":""1e9917ae527545d8a96a3d21206fe880""},""join_samples"":{""date"":""2026-09-14"",""run_id"":""066e6ae7a97d4ff7a8fb08eee71ee69d""},""upload_data"":{""date"":""2026-09-14"",""run_id"":""ca7d92fc045f47a4aab2d27e5ce72c53""}}"
306,306,"49.2732541 , -123.1597079","49.3550696 , -123.07802000000001",urban-urban,urban,1326,"{""sample_routes"":{""date"":""2026-09-14"",""run_id"":""1e9917ae527545d8a96a3d21206fe880""},""join_samples"":{""date"":""2026-09-14"",""run_id"":""066e6ae7a97d4ff7a8fb08eee71ee69d""},""upload_data"":{""date"":""2026-09-14"",""run_id"":""ca7d92fc045f47a4aab2d27e5ce72c53""}}"
312,312,"49.177106900000005 , -122.82502230000001","49.089587200000004 , -122.7374142",urban-urban,urban,1072,"{""sample_routes"":{""date"":""2026-09-14"",""run_id"":""1e9917ae527545d8a96a3d21206fe880""},""join_samples"":{""date"":""2026-09-14"",""run_id"":""066e6ae7a97d4ff7a8fb08eee71ee69d""},""upload_data"":{""date"":""2026-09-14"",""run_id"":""ca7d92fc045f47a4aab2d27e5ce72c53""}}"
313,313,"53.9028209 , -123.9455482","54.012972100000006 , -124.05542170000001",urban-urban,urban,1070,"{""sample_routes"":{""date"":""2026-09-14"",""run_id"":""1e9917ae527545d8a96a3d21206fe880""},""join_samples"":{""date"":""2026-09-14"",""run_id"":""066e6ae7a97d4ff7a8fb08eee71ee69d""},""upload_data"":{""date"":""2026-09-14"",""run_id"":""ca7d92fc045f47a4aab2d27e5ce72c53""}}"
318,318,"49.1007332 , -122.6961538","49.205708400000006 , -122.80082100000001",urban-urban,urban,1331,"{""sample_routes"":{""date"":""2026-09-14"",""run_id"":""1e9917ae527545d8a96a3d21206fe880""},""join_samples"":{""date"":""2026-09-14"",""run_id"":""066e6ae7a97d4ff7a8fb08eee71ee69d""},""upload_data"":{""date"":""2026-09-14"",""run_id"":""ca7d92fc045f47a4aab2d27e5ce72c53""}}"
322,322,"49.2301227 , -122.82903510000001","49.125576200000005 , -122.8288323",urban-urban,urban,1332,"{""sample_routes"":{""date"":""2026-09-14"",""run_id"":""1e9917ae527545d8a96a3d21206fe880""},""join_samples"":{""date"":""2026-09-14"",""run_id"":""066e6ae7a97d4ff7a8fb08eee71ee69d""},""upload_data"":{""date"":""2026-09-14"",""run_id"":""ca7d92fc045f47a4aab2d27e5ce72c53""}}"
323,323,"58.8934506 , -122.7216999","58.8656355 , -122.74968410000001",urban-urban,urban,1332,"{""sample_routes"":{""date"":""2026-09-14"",""run_id"":""1e9917ae527545d8a96a3d21206fe880""},""join_samples"":{""date"":""2026-09-14"",""run_id"":""066e6ae7a97d4ff7a8fb08eee71ee69d""},""upload_data"":{""date"":""2026-09-14"",""run_id"":""ca7d92fc045f47a4aab2d27e5ce72c53""}}"
325,325,"49.850507 , -119.48552570000001","49.850902000000005 , -119.380137",urban-urban,urban,1067,"{""sample_routes"":{""date"":""2026-09-14"",""run_id"":""1e9917ae527545d8a96a3d21206fe880""},""join_samples"":{""date"":""2026-09-14"",""run_id"":""066e6ae7a97d4ff7a8fb08eee71ee69d""},""upload_data"":{""date"":""2026-09-14"",""run_id"":""ca7d92fc045f47a4aab2d27e5ce72c53""}}"
326,326,"53.9022677 , -123.87323470000001","53.826239900000004 , -123.7974983",urban-urban,urban,1067,"{""sample_routes"":{""date"":""2026-09-14"",""run_id"":""1e9917ae527545d8a96a3d21206fe880""},""join_samples"":{""date"":""2026-09-14"",""run_id"":""066e6ae7a97d4ff7a8fb08eee71ee69d""},""upload_data"":{""date"":""2026-09-14"",""run_id"":""ca7d92fc045f47a4aab2d27e5ce72c53""}}"
328,328,"49.184274200000004 , -122.84649040000001","49.2756082 , -122.84616120000001",urban-urban,urban,1333,"{""sample_routes"":{""date"":""2026-09-14"",""run_id"":""1e9917ae527545d8a96a3d21206fe880""},""join_samples"":{""date"":""2026-09-14"",""run_id"":""066e6ae7a97d4ff7a8fb08eee71ee69d""},""upload_data"":{""date"":""2026-09-14"",""run_id"":""ca7d92fc045f47a4aab2d27e5ce72c53""}}"
329,329,"56.7043772 , -121.3712019","56.6503743 , -121.4254135",urban-urban,urban,1067,"{""sample_routes"":{""date"":""2026-09-14"",""run_id"":""1e9917ae527545d8a96a3d21206fe880""},""join_samples"":{""date"":""2026-09-14"",""run_id"":""066e6ae7a97d4ff7a8fb08eee71ee69d""},""upload_data"":{""date"":""2026-09-14"",""run_id"":""ca7d92fc045f47a4aab2d27e5ce72c53""}}"
331,331,"49.8576818 , -119.62174920000001","49.718617 , -119.76073710000001",urban-urban,urban,1066,"{""sample_routes"":{""date"":""2026-09-14"",""run_id"":""1e9917ae527545d8a96a3d21206fe880""},""join_samples"":{""date"":""2026-09-14"",""run_id"":""066e6ae7a97d4ff7a8fb08eee71ee69d""},""upload_data"":{""date"":""2026-09-14"",""run_id"":""ca7d92fc045f47a4aab2d27e5ce72c53""}}"
332,332,"49.043786700000005 , -122.8364933","49.1655743 , -122.8363649",urban-urban,urban,1334,"{""sample_routes"":{""date"":""2026-09-14"",""run_id"":""1e9917ae527545d8a96a3d21206fe880""},""join_samples"":{""date"":""2026-09-14"",""run_id"":""066e6ae7a97d4ff7a8fb08eee71ee69d""},""upload_data"":{""date"":""2026-09-14"",""run_id"":""ca7d92fc045f47a4aab2d27e5ce72c53""}}"
335,335,"49.744702100000005 , -123.1285292","49.7061286 , -123.1288013",urban-urban,urban,1064,"{""sample_routes"":{""date"":""2026-09-14"",""run_id"":""1e9917ae527545d8a96a3d21206fe880""},""join_samples"":{""date"":""2026-09-14"",""run_id"":""066e6ae7a97d4ff7a8fb08eee71ee69d""},""upload_data"":{""date"":""2026-09-14"",""run_id"":""ca7d92fc045f47a4aab2d27e5ce72c53""}}"
337,337,"49.2761331 , -123.05984280000001","49.198303 , -123.1380682",urban-urban,urban,1336,"{""sample_routes"":{""date"":""2026-09-14"",""run_id"":""1e9917ae527545d8a96a3d21206fe880""},""join_samples"":{""date"":""2026-09-14"",""run_id"":""066e6ae7a97d4ff7a8fb08eee71ee69d""},""upload_data"":{""date"":""2026-09-14"",""run_id"":""ca7d92fc045f47a4aab2d27e5ce72c53""}}"
339,339,"49.1683523 , -122.6240214","49.168728900000005 , -122.8430572",urban-urban,urban,1337,"{""sample_routes"":{""date"":""2026-09-14"",""run_id"":""1e9917ae527545d8a96a3d21206fe880""},""join_samples"":{""date"":""2026-09-14"",""run_id"":""066e6ae7a97d4ff7a8fb08eee71ee69d""},""upload_data"":{""date"":""2026-09-14"",""run_id"":""ca7d92fc045f47a4aab2d27e5ce72c53""}}"
343,343,"48.4646678 , -123.48433840000001","48.464983000000004 , -123.33616110000001",urban-urban,urban,1337,"{""sample_routes"":{""date"":""2026-09-14"",""run_id"":""1e9917ae527545d8a96a3d21206fe880""},""join_samples"":{""date"":""2026-09-14"",""run_id"":""066e6ae7a97d4ff7a8fb08eee71ee69d""},""upload_data"":{""date"":""2026-09-14"",""run_id"":""ca7d92fc045f47a4aab2d27e5ce72c53""}}"
346,346,"49.1778331 , -122.71691480000001","49.1780484 , -122.9086113",urban-urban,urban,1338,"{""sample_routes"":{""date"":""2026-09-14"",""run_id"":""1e9917ae527545d8a96a3d21206fe880""},""join_samples"":{""date"":""2026-09-14"",""run_id"":""066e6ae7a97d4ff7a8fb08eee71ee69d""},""upload_data"":{""date"":""2026-09-14"",""run_id"":""ca7d92fc045f47a4aab2d27e5ce72c53""}}"
349,349,"55.842560500000005 , -120.03799640000001","55.842232700000004 , -120.24478640000001",urban-rural,urban,1339,"{""sample_routes"":{""date"":""2026-09-14"",""run_id"":""1e9917ae527545d8a96a3d21206fe880""},""join_samples"":{""date"":""2026-09-14"",""run_id"":""066e6ae7a97d4ff7a8fb08eee71ee69d""},""upload_data"":{""date"":""2026-09-14"",""run_id"":""ca7d92fc045f47a4aab2d27e5ce72c53""}}"
350,350,"49.2313199 , -122.7862613","49.1595583 , -122.8583299",urban-urban,urban,1340,"{""sample_routes"":{""date"":""2026-09-14"",""run_id"":""1e9917ae527545d8a96a3d21206fe880""},""join_samples"":{""date"":""2026-09-14"",""run_id"":""066e6ae7a97d4ff7a8fb08eee71ee69d""},""upload_data"":{""date"":""2026-09-14"",""run_id"":""ca7d92fc045f47a4aab2d27e5ce72c53""}}"
351,351,"49.0457898 , -122.8785471","49.136288300000004 , -122.87896400000001",urban-urban,urban,1340,"{""sample_routes"":{""date"":""2026-09-14"",""run_id"":""1e9917ae527545d8a96a3d21206fe880""},""join_samples"":{""date"":""2026-09-14"",""run_id"":""066e6ae7a97d4ff7a8fb08eee71ee69d""},""upload_data"":{""date"":""2026-09-14"",""run_id"":""ca7d92fc045f47a4aab2d27e5ce72c53""}}"
352,352,"49.1554038 , -122.6481854","49.154959000000005 , -122.85404100000001",urban-urban,urban,1340,"{""sample_routes"":{""date"":""2026-09-14"",""run_id"":""1e9917ae527545d8a96a3d21206fe880""},""join_samples"":{""date"":""2026-09-14"",""run_id"":""066e6ae7a97d4ff7a8fb08eee71ee69d""},""upload_data"":{""date"":""2026-09-14"",""run_id"":""ca7d92fc045f47a4aab2d27e5ce72c53""}}"
353,353,"49.2896901 , -123.0493799","49.202044300000004 , -123.04972810000001",urban-urban,urban,1341,"{""sample_routes"":{""date"":""2026-09-14"",""run_id"":""1e9917ae527545d8a96a3d21206fe880""},""join_samples"":{""date"":""2026-09-14"",""run_id"":""066e6ae7a97d4ff7a8fb08eee71ee69d""},""upload_data"":{""date"":""2026-09-14"",""run_id"":""ca7d92fc045f47a4aab2d27e5ce72c53""}}"
354,354,"49.1761725 , -124.04096390000001","49.2471777 , -124.0410853",urban-urban,urban,1059,"{""sample_routes"":{""date"":""2026-09-14"",""run_id"":""1e9917ae527545d8a96a3d21206fe880""},""join_samples"":{""date"":""2026-09-14"",""run_id"":""066e6ae7a97d4ff7a8fb08eee71ee69d""},""upload_data"":{""date"":""2026-09-14"",""run_id"":""ca7d92fc045f47a4aab2d27e5ce72c53""}}"
356,356,"49.0500587 , -122.7910624","49.1843409 , -122.79068090000001",urban-urban,urban,1341,"{""sample_routes"":{""date"":""2026-09-14"",""run_id"":""1e9917ae527545d8a96a3d21206fe880""},""join_samples"":{""date"":""2026-09-14"",""run_id"":""066e6ae7a97d4ff7a8fb08eee71ee69d""},""upload_data"":{""date"":""2026-09-14"",""run_id"":""ca7d92fc045f47a4aab2d27e5ce72c53""}}"
357,357,"49.2414843 , -124.03456620000001","49.1224779 , -123.91556030000001",urban-urban,urban,1341,"{""sample_routes"":{""date"":""2026-09-14"",""run_id"":""1e9917ae527545d8a96a3d21206fe880""},""join_samples"":{""date"":""2026-09-14"",""run_id"":""066e6ae7a97d4ff7a8fb08eee71ee69d""},""upload_data"":{""date"":""2026-09-14"",""run_id"":""ca7d92fc045f47a4aab2d27e5ce72c53""}}"
358,358,"54.007124600000004 , -122.81652550000001","53.8581633 , -122.81612940000001",urban-urban,urban,1341,"{""sample_routes"":{""date"":""2026-09-14"",""run_id"":""1e9917ae527545d8a96a3d21206fe880""},""join_samples"":{""date"":""2026-09-14"",""run_id"":""066e6ae7a97d4ff7a8fb08eee71ee69d""},""upload_data"":{""date"":""2026-09-14"",""run_id"":""ca7d92fc045f47a4aab2d27e5ce72c53""}}"
360,360,"48.7218686 , -123.63405580000001","48.7922536 , -123.63403620000001",urban-urban,urban,1058,"{""sample_routes"":{""date"":""2026-09-14"",""run_id"":""1e9917ae527545d8a96a3d21206fe880""},""join_samples"":{""date"":""2026-09-14"",""run_id"":""066e6ae7a97d4ff7a8fb08eee71ee69d""},""upload_data"":{""date"":""2026-09-14"",""run_id"":""ca7d92fc045f47a4aab2d27e5ce72c53""}}"
362,362,"49.2191649 , -124.0249929","49.1149215 , -123.9209292",urban-urban,urban,1343,"{""sample_routes"":{""date"":""2026-09-14"",""run_id"":""1e9917ae527545d8a96a3d21206fe880""},""join_samples"":{""date"":""2026-09-14"",""run_id"":""066e6ae7a97d4ff7a8fb08eee71ee69d""},""upload_data"":{""date"":""2026-09-14"",""run_id"":""ca7d92fc045f47a4aab2d27e5ce72c53""}}"
363,363,"49.271268000000006 , -123.21068890000001","49.339176 , -123.1429482",urban-urban,urban,1343,"{""sample_routes"":{""date"":""2026-09-14"",""run_id"":""1e9917ae527545d8a96a3d21206fe880""},""join_samples"":{""date"":""2026-09-14"",""run_id"":""066e6ae7a97d4ff7a8fb08eee71ee69d""},""upload_data"":{""date"":""2026-09-14"",""run_id"":""ca7d92fc045f47a4aab2d27e5ce72c53""}}"
367,367,"49.102895700000005 , -122.6429892","49.1029654 , -122.85374270000001",urban-urban,urban,1344,"{""sample_routes"":{""date"":""2026-09-14"",""run_id"":""1e9917ae527545d8a96a3d21206fe880""},""join_samples"":{""date"":""2026-09-14"",""run_id"":""066e6ae7a97d4ff7a8fb08eee71ee69d""},""upload_data"":{""date"":""2026-09-14"",""run_id"":""ca7d92fc045f47a4aab2d27e5ce72c53""}}"
369,369,"49.152806500000004 , -122.95605090000001","49.2408343 , -123.04430450000001",urban-urban,urban,1345,"{""sample_routes"":{""date"":""2026-09-14"",""run_id"":""1e9917ae527545d8a96a3d21206fe880""},""join_samples"":{""date"":""2026-09-14"",""run_id"":""066e6ae7a97d4ff7a8fb08eee71ee69d""},""upload_data"":{""date"":""2026-09-14"",""run_id"":""ca7d92fc045f47a4aab2d27e5ce72c53""}}"
373,373,"50.6550372 , -120.0839387","50.6552256 , -120.3947112",urban-urban,urban,1346,"{""sample_routes"":{""date"":""2026-09-14"",""run_id"":""1e9917ae527545d8a96a3d21206fe880""},""join_samples"":{""date"":""2026-09-14"",""run_id"":""066e6ae7a97d4ff7a8fb08eee71ee69d""},""upload_data"":{""date"":""2026-09-14"",""run_id"":""ca7d92fc045f47a4aab2d27e5ce72c53""}}"
376,376,"49.1400724 , -122.65441960000001","49.139909200000005 , -122.8333051",urban-urban,urban,1347,"{""sample_routes"":{""date"":""2026-09-14"",""run_id"":""1e9917ae527545d8a96a3d21206fe880""},""join_samples"":{""date"":""2026-09-14"",""run_id"":""066e6ae7a97d4ff7a8fb08eee71ee69d""},""upload_data"":{""date"":""2026-09-14"",""run_id"":""ca7d92fc045f47a4aab2d27e5ce72c53""}}"
377,377,"49.6195205 , -125.00595320000001","49.689012000000005 , -124.93669080000001",urban-urban,urban,1347,"{""sample_routes"":{""date"":""2026-09-14"",""run_id"":""1e9917ae527545d8a96a3d21206fe880""},""join_samples"":{""date"":""2026-09-14"",""run_id"":""066e6ae7a97d4ff7a8fb08eee71ee69d""},""upload_data"":{""date"":""2026-09-14"",""run_id"":""ca7d92fc045f47a4aab2d27e5ce72c53""}}"
378,378,"49.1736823 , -122.87796490000001","49.2830254 , -122.87792820000001",urban-urban,urban,1347,"{""sample_routes"":{""date"":""2026-09-14"",""run_id"":""1e9917ae527545d8a96a3d21206fe880""},""join_samples"":{""date"":""2026-09-14"",""run_id"":""066e6ae7a97d4ff7a8fb08eee71ee69d""},""upload_data"":{""date"":""2026-09-14"",""run_id"":""ca7d92fc045f47a4aab2d27e5ce72c53""}}"
382,382,"49.2630053 , -122.89503560000001","49.1503384 , -122.8946243",urban-urban,urban,1347,"{""sample_routes"":{""date"":""2026-09-14"",""run_id"":""1e9917ae527545d8a96a3d21206fe880""},""join_samples"":{""date"":""2026-09-14"",""run_id"":""066e6ae7a97d4ff7a8fb08eee71ee69d""},""upload_data"":{""date"":""2026-09-14"",""run_id"":""ca7d92fc045f47a4aab2d27e5ce72c53""}}"
383,383,"49.274792700000006 , -122.8546792","49.1852723 , -122.8546577",urban-urban,urban,1348,"{""sample_routes"":{""date"":""2026-09-14"",""run_id"":""1e9917ae527545d8a96a3d21206fe880""},""join_samples"":{""date"":""2026-09-14"",""run_id"":""066e6ae7a97d4ff7a8fb08eee71ee69d""},""upload_data"":{""date"":""2026-09-14"",""run_id"":""ca7d92fc045f47a4aab2d27e5ce72c53""}}"
384,384,"48.5622066 , -123.40206180000001","48.443500400000005 , -123.52041960000001",urban-urban,urban,1348,"{""sample_routes"":{""date"":""2026-09-14"",""run_id"":""1e9917ae527545d8a96a3d21206fe880""},""join_samples"":{""date"":""2026-09-14"",""run_id"":""066e6ae7a97d4ff7a8fb08eee71ee69d""},""upload_data"":{""date"":""2026-09-14"",""run_id"":""ca7d92fc045f47a4aab2d27e5ce72c53""}}"
385,385,"49.1530952 , -122.62374600000001","49.280231 , -122.7508798",urban-urban,urban,1348,"{""sample_routes"":{""date"":""2026-09-14"",""run_id"":""1e9917ae527545d8a96a3d21206fe880""},""join_samples"":{""date"":""2026-09-14"",""run_id"":""066e6ae7a97d4ff7a8fb08eee71ee69d""},""upload_data"":{""date"":""2026-09-14"",""run_id"":""ca7d92fc045f47a4aab2d27e5ce72c53""}}"
386,386,"48.732815 , -123.59512070000001","48.6561536 , -123.67191650000001",urban-urban,urban,1052,"{""sample_routes"":{""date"":""2026-09-14"",""run_id"":""1e9917ae527545d8a96a3d21206fe880""},""join_samples"":{""date"":""2026-09-14"",""run_id"":""066e6ae7a97d4ff7a8fb08eee71ee69d""},""upload_data"":{""date"":""2026-09-14"",""run_id"":""ca7d92fc045f47a4aab2d27e5ce72c53""}}"
388,388,"49.2368065 , -123.07146300000001","49.3321051 , -123.16642100000001",urban-urban,urban,1349,"{""sample_routes"":{""date"":""2026-09-14"",""run_id"":""1e9917ae527545d8a96a3d21206fe880""},""join_samples"":{""date"":""2026-09-14"",""run_id"":""066e6ae7a97d4ff7a8fb08eee71ee69d""},""upload_data"":{""date"":""2026-09-14"",""run_id"":""ca7d92fc045f47a4aab2d27e5ce72c53""}}"
389,389,"49.1578357 , -122.81844240000001","49.285031100000005 , -122.81804760000001",urban-urban,urban,1349,"{""sample_routes"":{""date"":""2026-09-14"",""run_id"":""1e9917ae527545d8a96a3d21206fe880""},""join_samples"":{""date"":""2026-09-14"",""run_id"":""066e6ae7a97d4ff7a8fb08eee71ee69d""},""upload_data"":{""date"":""2026-09-14"",""run_id"":""ca7d92fc045f47a4aab2d27e5ce72c53""}}"
390,390,"49.2745029 , -123.147733","49.137878300000004 , -123.14802130000001",urban-urban,urban,1350,"{""sample_routes"":{""date"":""2026-09-14"",""run_id"":""1e9917ae527545d8a96a3d21206fe880""},""join_samples"":{""date"":""2026-09-14"",""run_id"":""066e6ae7a97d4ff7a8fb08eee71ee69d""},""upload_data"":{""date"":""2026-09-14"",""run_id"":""ca7d92fc045f47a4aab2d27e5ce72c53""}}"
391,391,"49.286279300000004 , -123.1347472","49.351893100000005 , -123.20077590000001",urban-urban,urban,1050,"{""sample_routes"":{""date"":""2026-09-14"",""run_id"":""1e9917ae527545d8a96a3d21206fe880""},""join_samples"":{""date"":""2026-09-14"",""run_id"":""066e6ae7a97d4ff7a8fb08eee71ee69d""},""upload_data"":{""date"":""2026-09-14"",""run_id"":""ca7d92fc045f47a4aab2d27e5ce72c53""}}"
394,394,"49.2368305 , -123.1222805","49.3278997 , -123.03119670000001",urban-urban,urban,1350,"{""sample_routes"":{""date"":""2026-09-14"",""run_id"":""1e9917ae527545d8a96a3d21206fe880""},""join_samples"":{""date"":""2026-09-14"",""run_id"":""066e6ae7a97d4ff7a8fb08eee71ee69d""},""upload_data"":{""date"":""2026-09-14"",""run_id"":""ca7d92fc045f47a4aab2d27e5ce72c53""}}"
396,396,"49.192007000000004 , -123.10225190000001","49.1924756 , -122.86927220000001",urban-urban,urban,1351,"{""sample_routes"":{""date"":""2026-09-14"",""run_id"":""1e9917ae527545d8a96a3d21206fe880""},""join_samples"":{""date"":""2026-09-14"",""run_id"":""066e6ae7a97d4ff7a8fb08eee71ee69d""},""upload_data"":{""date"":""2026-09-14"",""run_id"":""ca7d92fc045f47a4aab2d27e5ce72c53""}}"
397,397,"49.2509795 , -122.7339977","49.1606182 , -122.82464420000001",urban-urban,urban,1351,"{""sample_routes"":{""date"":""2026-09-14"",""run_id"":""1e9917ae527545d8a96a3d21206fe880""},""join_samples"":{""date"":""2026-09-14"",""run_id"":""066e6ae7a97d4ff7a8fb08eee71ee69d""},""upload_data"":{""date"":""2026-09-14"",""run_id"":""ca7d92fc045f47a4aab2d27e5ce72c53""}}"
402,402,"53.6773935 , -122.96979230000001","53.785309000000005 , -122.86206010000001",urban-rural,urban,1047,"{""sample_routes"":{""date"":""2026-09-14"",""run_id"":""1e9917ae527545d8a96a3d21206fe880""},""join_samples"":{""date"":""2026-09-14"",""run_id"":""066e6ae7a97d4ff7a8fb08eee71ee69d""},""upload_data"":{""date"":""2026-09-14"",""run_id"":""ca7d92fc045f47a4aab2d27e5ce72c53""}}"
405,405,"49.1296204 , -122.72818230000001","49.1300207 , -122.9177621",urban-urban,urban,1354,"{""sample_routes"":{""date"":""2026-09-14"",""run_id"":""1e9917ae527545d8a96a3d21206fe880""},""join_samples"":{""date"":""2026-09-14"",""run_id"":""066e6ae7a97d4ff7a8fb08eee71ee69d""},""upload_data"":{""date"":""2026-09-14"",""run_id"":""ca7d92fc045f47a4aab2d27e5ce72c53""}}"
408,408,"49.32285520000001 , -122.9713258","49.323050800000004 , -123.13178130000001",urban-urban,urban,1045,"{""sample_routes"":{""date"":""2026-09-14"",""run_id"":""1e9917ae527545d8a96a3d21206fe880""},""join_samples"":{""date"":""2026-09-14"",""run_id"":""066e6ae7a97d4ff7a8fb08eee71ee69d""},""upload_data"":{""date"":""2026-09-14"",""run_id"":""ca7d92fc045f47a4aab2d27e5ce72c53""}}"
409,409,"49.270794 , -123.1526369","49.2704913 , -122.95215150000001",urban-urban,urban,1355,"{""sample_routes"":{""date"":""2026-09-14"",""run_id"":""1e9917ae527545d8a96a3d21206fe880""},""join_samples"":{""date"":""2026-09-14"",""run_id"":""066e6ae7a97d4ff7a8fb08eee71ee69d""},""upload_data"":{""date"":""2026-09-14"",""run_id"":""ca7d92fc045f47a4aab2d27e5ce72c53""}}"
411,411,"49.1433101 , -123.1733246","49.2623769 , -123.1735081",urban-urban,urban,1357,"{""sample_routes"":{""date"":""2026-09-14"",""run_id"":""1e9917ae527545d8a96a3d21206fe880""},""join_samples"":{""date"":""2026-09-14"",""run_id"":""066e6ae7a97d4ff7a8fb08eee71ee69d""},""upload_data"":{""date"":""2026-09-14"",""run_id"":""ca7d92fc045f47a4aab2d27e5ce72c53""}}"
413,413,"49.1850153 , -123.1075998","49.283023500000006 , -123.10727010000001",urban-urban,urban,1043,"{""sample_routes"":{""date"":""2026-09-14"",""run_id"":""1e9917ae527545d8a96a3d21206fe880""},""join_samples"":{""date"":""2026-09-14"",""run_id"":""066e6ae7a97d4ff7a8fb08eee71ee69d""},""upload_data"":{""date"":""2026-09-14"",""run_id"":""ca7d92fc045f47a4aab2d27e5ce72c53""}}"
415,415,"49.092432800000005 , -117.7024142","49.092912500000004 , -117.56982140000001",urban-urban,urban,1043,"{""sample_routes"":{""date"":""2026-09-14"",""run_id"":""1e9917ae527545d8a96a3d21206fe880""},""join_samples"":{""date"":""2026-09-14"",""run_id"":""066e6ae7a97d4ff7a8fb08eee71ee69d""},""upload_data"":{""date"":""2026-09-14"",""run_id"":""ca7d92fc045f47a4aab2d27e5ce72c53""}}"
416,416,"49.2663458 , -123.0115696","49.266802600000005 , -122.8067599",urban-urban,urban,1357,"{""sample_routes"":{""date"":""2026-09-14"",""run_id"":""1e9917ae527545d8a96a3d21206fe880""},""join_samples"":{""date"":""2026-09-14"",""run_id"":""066e6ae7a97d4ff7a8fb08eee71ee69d""},""upload_data"":{""date"":""2026-09-14"",""run_id"":""ca7d92fc045f47a4aab2d27e5ce72c53""}}"
419,419,"49.25076850000001 , -123.13430860000001","49.341836 , -123.043717",urban-urban,urban,1358,"{""sample_routes"":{""date"":""2026-09-14"",""run_id"":""1e9917ae527545d8a96a3d21206fe880""},""join_samples"":{""date"":""2026-09-14"",""run_id"":""066e6ae7a97d4ff7a8fb08eee71ee69d""},""upload_data"":{""date"":""2026-09-14"",""run_id"":""ca7d92fc045f47a4aab2d27e5ce72c53""}}"
422,422,"49.3270166 , -123.16225320000001","49.222860600000004 , -123.1624429",urban-urban,urban,1358,"{""sample_routes"":{""date"":""2026-09-14"",""run_id"":""1e9917ae527545d8a96a3d21206fe880""},""join_samples"":{""date"":""2026-09-14"",""run_id"":""066e6ae7a97d4ff7a8fb08eee71ee69d""},""upload_data"":{""date"":""2026-09-14"",""run_id"":""ca7d92fc045f47a4aab2d27e5ce72c53""}}"
423,423,"56.0741068 , -120.55460520000001","55.983116800000005 , -120.5543971",urban-urban,urban,1042,"{""sample_routes"":{""date"":""2026-09-14"",""run_id"":""1e9917ae527545d8a96a3d21206fe880""},""join_samples"":{""date"":""2026-09-14"",""run_id"":""066e6ae7a97d4ff7a8fb08eee71ee69d""},""upload_data"":{""date"":""2026-09-14"",""run_id"":""ca7d92fc045f47a4aab2d27e5ce72c53""}}"
428,428,"49.244275 , -123.09419240000001","49.3176117 , -123.02123730000001",urban-urban,urban,1040,"{""sample_routes"":{""date"":""2026-09-14"",""run_id"":""1e9917ae527545d8a96a3d21206fe880""},""join_samples"":{""date"":""2026-09-14"",""run_id"":""066e6ae7a97d4ff7a8fb08eee71ee69d""},""upload_data"":{""date"":""2026-09-14"",""run_id"":""ca7d92fc045f47a4aab2d27e5ce72c53""}}"
431,431,"49.2194014 , -115.37587500000001","49.163750300000004 , -115.4315098",urban-urban,urban,1039,"{""sample_routes"":{""date"":""2026-09-14"",""run_id"":""1e9917ae527545d8a96a3d21206fe880""},""join_samples"":{""date"":""2026-09-14"",""run_id"":""066e6ae7a97d4ff7a8fb08eee71ee69d""},""upload_data"":{""date"":""2026-09-14"",""run_id"":""ca7d92fc045f47a4aab2d27e5ce72c53""}}"
432,432,"49.1434104 , -122.34197130000001","49.047803200000004 , -122.2460068",urban-urban,urban,1361,"{""sample_routes"":{""date"":""2026-09-14"",""run_id"":""1e9917ae527545d8a96a3d21206fe880""},""join_samples"":{""date"":""2026-09-14"",""run_id"":""066e6ae7a97d4ff7a8fb08eee71ee69d""},""upload_data"":{""date"":""2026-09-14"",""run_id"":""ca7d92fc045f47a4aab2d27e5ce72c53""}}"
433,433,"48.41814290000001 , -123.533094","48.3376512 , -123.61390730000001",urban-urban,urban,1039,"{""sample_routes"":{""date"":""2026-09-14"",""run_id"":""1e9917ae527545d8a96a3d21206fe880""},""join_samples"":{""date"":""2026-09-14"",""run_id"":""066e6ae7a97d4ff7a8fb08eee71ee69d""},""upload_data"":{""date"":""2026-09-14"",""run_id"":""ca7d92fc045f47a4aab2d27e5ce72c53""}}"
435,435,"49.213809100000006 , -123.0414726","49.2133374 , -122.85511240000001",urban-urban,urban,1362,"{""sample_routes"":{""date"":""2026-09-14"",""run_id"":""1e9917ae527545d8a96a3d21206fe880""},""join_samples"":{""date"":""2026-09-14"",""run_id"":""066e6ae7a97d4ff7a8fb08eee71ee69d""},""upload_data"":{""date"":""2026-09-14"",""run_id"":""ca7d92fc045f47a4aab2d27e5ce72c53""}}"
437,437,"48.4222185 , -123.36602660000001","48.4707877 , -123.41448100000001",urban-urban,urban,1363,"{""sample_routes"":{""date"":""2026-09-14"",""run_id"":""1e9917ae527545d8a96a3d21206fe880""},""join_samples"":{""date"":""2026-09-14"",""run_id"":""066e6ae7a97d4ff7a8fb08eee71ee69d""},""upload_data"":{""date"":""2026-09-14"",""run_id"":""ca7d92fc045f47a4aab2d27e5ce72c53""}}"
439,439,"48.5086967 , -123.36012170000001","48.421866300000005 , -123.360274",urban-urban,urban,1364,"{""sample_routes"":{""date"":""2026-09-14"",""run_id"":""1e9917ae527545d8a96a3d21206fe880""},""join_samples"":{""date"":""2026-09-14"",""run_id"":""066e6ae7a97d4ff7a8fb08eee71ee69d""},""upload_data"":{""date"":""2026-09-14"",""run_id"":""ca7d92fc045f47a4aab2d27e5ce72c53""}}"
441,441,"49.1202539 , -122.90150510000001","49.2425706 , -123.02427200000001",urban-urban,urban,1364,"{""sample_routes"":{""date"":""2026-09-14"",""run_id"":""1e9917ae527545d8a96a3d21206fe880""},""join_samples"":{""date"":""2026-09-14"",""run_id"":""066e6ae7a97d4ff7a8fb08eee71ee69d""},""upload_data"":{""date"":""2026-09-14"",""run_id"":""ca7d92fc045f47a4aab2d27e5ce72c53""}}"
445,445,"49.1155776 , -122.81887680000001","49.205336100000004 , -122.90905060000001",urban-urban,urban,1365,"{""sample_routes"":{""date"":""2026-09-14"",""run_id"":""1e9917ae527545d8a96a3d21206fe880""},""join_samples"":{""date"":""2026-09-14"",""run_id"":""066e6ae7a97d4ff7a8fb08eee71ee69d""},""upload_data"":{""date"":""2026-09-14"",""run_id"":""ca7d92fc045f47a4aab2d27e5ce72c53""}}"
447,447,"49.246266600000006 , -123.03665190000001","49.2464402 , -122.7806336",urban-urban,urban,1366,"{""sample_routes"":{""date"":""2026-09-14"",""run_id"":""1e9917ae527545d8a96a3d21206fe880""},""join_samples"":{""date"":""2026-09-14"",""run_id"":""066e6ae7a97d4ff7a8fb08eee71ee69d""},""upload_data"":{""date"":""2026-09-14"",""run_id"":""ca7d92fc045f47a4aab2d27e5ce72c53""}}"
453,453,"49.116812800000005 , -122.73588230000001","49.231001400000004 , -122.84973980000001",urban-urban,urban,1367,"{""sample_routes"":{""date"":""2026-09-14"",""run_id"":""1e9917ae527545d8a96a3d21206fe880""},""join_samples"":{""date"":""2026-09-14"",""run_id"":""066e6ae7a97d4ff7a8fb08eee71ee69d""},""upload_data"":{""date"":""2026-09-14"",""run_id"":""ca7d92fc045f47a4aab2d27e5ce72c53""}}"
454,454,"48.443475500000005 , -123.3318782","48.4432448 , -123.4685706",urban-urban,urban,1367,"{""sample_routes"":{""date"":""2026-09-14"",""run_id"":""1e9917ae527545d8a96a3d21206fe880""},""join_samples"":{""date"":""2026-09-14"",""run_id"":""066e6ae7a97d4ff7a8fb08eee71ee69d""},""upload_data"":{""date"":""2026-09-14"",""run_id"":""ca7d92fc045f47a4aab2d27e5ce72c53""}}"
459,459,"49.22381540000001 , -123.103868","49.223734900000004 , -122.89935390000001",urban-urban,urban,1367,"{""sample_routes"":{""date"":""2026-09-14"",""run_id"":""1e9917ae527545d8a96a3d21206fe880""},""join_samples"":{""date"":""2026-09-14"",""run_id"":""066e6ae7a97d4ff7a8fb08eee71ee69d""},""upload_data"":{""date"":""2026-09-14"",""run_id"":""ca7d92fc045f47a4aab2d27e5ce72c53""}}"
460,460,"49.2669141 , -123.18766260000001","49.266518100000006 , -122.97580930000001",urban-urban,urban,1367,"{""sample_routes"":{""date"":""2026-09-14"",""run_id"":""1e9917ae527545d8a96a3d21206fe880""},""join_samples"":{""date"":""2026-09-14"",""run_id"":""066e6ae7a97d4ff7a8fb08eee71ee69d""},""upload_data"":{""date"":""2026-09-14"",""run_id"":""ca7d92fc045f47a4aab2d27e5ce72c53""}}"
462,462,"49.265227700000004 , -123.18183130000001","49.2652622 , -122.97602470000001",urban-urban,urban,1368,"{""sample_routes"":{""date"":""2026-09-14"",""run_id"":""1e9917ae527545d8a96a3d21206fe880""},""join_samples"":{""date"":""2026-09-14"",""run_id"":""066e6ae7a97d4ff7a8fb08eee71ee69d""},""upload_data"":{""date"":""2026-09-14"",""run_id"":""ca7d92fc045f47a4aab2d27e5ce72c53""}}"
464,464,"49.263999600000005 , -122.920675","49.2638454 , -122.74777630000001",urban-urban,urban,1368,"{""sample_routes"":{""date"":""2026-09-14"",""run_id"":""1e9917ae527545d8a96a3d21206fe880""},""join_samples"":{""date"":""2026-09-14"",""run_id"":""066e6ae7a97d4ff7a8fb08eee71ee69d""},""upload_data"":{""date"":""2026-09-14"",""run_id"":""ca7d92fc045f47a4aab2d27e5ce72c53""}}"
465,465,"49.2630807 , -122.79836750000001","49.1708398 , -122.8901747",urban-urban,urban,1368,"{""sample_routes"":{""date"":""2026-09-14"",""run_id"":""1e9917ae527545d8a96a3d21206fe880""},""join_samples"":{""date"":""2026-09-14"",""run_id"":""066e6ae7a97d4ff7a8fb08eee71ee69d""},""upload_data"":{""date"":""2026-09-14"",""run_id"":""ca7d92fc045f47a4aab2d27e5ce72c53""}}"
466,466,"49.1336372 , -122.6908853","49.133887200000004 , -122.87585310000001",urban-urban,urban,1368,"{""sample_routes"":{""date"":""2026-09-14"",""run_id"":""1e9917ae527545d8a96a3d21206fe880""},""join_samples"":{""date"":""2026-09-14"",""run_id"":""066e6ae7a97d4ff7a8fb08eee71ee69d""},""upload_data"":{""date"":""2026-09-14"",""run_id"":""ca7d92fc045f47a4aab2d27e5ce72c53""}}"
467,467,"49.8554053 , -119.49050650000001","49.8550241 , -119.3637085",urban-urban,urban,1368,"{""sample_routes"":{""date"":""2026-09-14"",""run_id"":""1e9917ae527545d8a96a3d21206fe880""},""join_samples"":{""date"":""2026-09-14"",""run_id"":""066e6ae7a97d4ff7a8fb08eee71ee69d""},""upload_data"":{""date"":""2026-09-14"",""run_id"":""ca7d92fc045f47a4aab2d27e5ce72c53""}}"
468,468,"49.922502400000006 , -119.36415930000001","49.9982362 , -119.28794800000001",urban-urban,urban,1369,"{""sample_routes"":{""date"":""2026-09-14"",""run_id"":""1e9917ae527545d8a96a3d21206fe880""},""join_samples"":{""date"":""2026-09-14"",""run_id"":""066e6ae7a97d4ff7a8fb08eee71ee69d""},""upload_data"":{""date"":""2026-09-14"",""run_id"":""ca7d92fc045f47a4aab2d27e5ce72c53""}}"
470,470,"49.206088300000005 , -122.83900700000001","49.293033900000005 , -122.7520003",urban-urban,urban,1369,"{""sample_routes"":{""date"":""2026-09-14"",""run_id"":""1e9917ae527545d8a96a3d21206fe880""},""join_samples"":{""date"":""2026-09-14"",""run_id"":""066e6ae7a97d4ff7a8fb08eee71ee69d""},""upload_data"":{""date"":""2026-09-14"",""run_id"":""ca7d92fc045f47a4aab2d27e5ce72c53""}}"
472,472,"51.8548095 , -121.19738480000001","51.8543384 , -121.3491565",urban-urban,urban,1030,"{""sample_routes"":{""date"":""2026-09-14"",""run_id"":""1e9917ae527545d8a96a3d21206fe880""},""join_samples"":{""date"":""2026-09-14"",""run_id"":""066e6ae7a97d4ff7a8fb08eee71ee69d""},""upload_data"":{""date"":""2026-09-14"",""run_id"":""ca7d92fc045f47a4aab2d27e5ce72c53""}}"
475,475,"49.258837400000004 , -122.90833800000001","49.3170201 , -122.96668190000001",urban-urban,urban,1370,"{""sample_routes"":{""date"":""2026-09-14"",""run_id"":""1e9917ae527545d8a96a3d21206fe880""},""join_samples"":{""date"":""2026-09-14"",""run_id"":""066e6ae7a97d4ff7a8fb08eee71ee69d""},""upload_data"":{""date"":""2026-09-14"",""run_id"":""ca7d92fc045f47a4aab2d27e5ce72c53""}}"
477,477,"49.131931400000006 , -123.17301130000001","49.2519659 , -123.17252900000001",urban-urban,urban,1371,"{""sample_routes"":{""date"":""2026-09-14"",""run_id"":""1e9917ae527545d8a96a3d21206fe880""},""join_samples"":{""date"":""2026-09-14"",""run_id"":""066e6ae7a97d4ff7a8fb08eee71ee69d""},""upload_data"":{""date"":""2026-09-14"",""run_id"":""ca7d92fc045f47a4aab2d27e5ce72c53""}}"
478,478,"49.0520712 , -122.32670490000001","49.1502794 , -122.32672470000001",urban-urban,urban,1371,"{""sample_routes"":{""date"":""2026-09-14"",""run_id"":""1e9917ae527545d8a96a3d21206fe880""},""join_samples"":{""date"":""2026-09-14"",""run_id"":""066e6ae7a97d4ff7a8fb08eee71ee69d""},""upload_data"":{""date"":""2026-09-14"",""run_id"":""ca7d92fc045f47a4aab2d27e5ce72c53""}}"
479,479,"49.2988365 , -122.7766043","49.1913118 , -122.77653360000001",urban-urban,urban,1372,"{""sample_routes"":{""date"":""2026-09-14"",""run_id"":""1e9917ae527545d8a96a3d21206fe880""},""join_samples"":{""date"":""2026-09-14"",""run_id"":""066e6ae7a97d4ff7a8fb08eee71ee69d""},""upload_data"":{""date"":""2026-09-14"",""run_id"":""ca7d92fc045f47a4aab2d27e5ce72c53""}}"
480,480,"49.890070200000004 , -119.47575400000001","49.9645692 , -119.40085010000001",urban-urban,urban,1372,"{""sample_routes"":{""date"":""2026-09-14"",""run_id"":""1e9917ae527545d8a96a3d21206fe880""},""join_samples"":{""date"":""2026-09-14"",""run_id"":""066e6ae7a97d4ff7a8fb08eee71ee69d""},""upload_data"":{""date"":""2026-09-14"",""run_id"":""ca7d92fc045f47a4aab2d27e5ce72c53""}}"
482,482,"49.304987000000004 , -122.97293710000001","49.3598584 , -123.02791",urban-urban,urban,1028,"{""sample_routes"":{""date"":""2026-09-14"",""run_id"":""1e9917ae527545d8a96a3d21206fe880""},""join_samples"":{""date"":""2026-09-14"",""run_id"":""066e6ae7a97d4ff7a8fb08eee71ee69d""},""upload_data"":{""date"":""2026-09-14"",""run_id"":""ca7d92fc045f47a4aab2d27e5ce72c53""}}"
483,483,"49.200235600000006 , -122.9123493","49.1161868 , -122.82870100000001",urban-urban,urban,1372,"{""sample_routes"":{""date"":""2026-09-14"",""run_id"":""1e9917ae527545d8a96a3d21206fe880""},""join_samples"":{""date"":""2026-09-14"",""run_id"":""066e6ae7a97d4ff7a8fb08eee71ee69d""},""upload_data"":{""date"":""2026-09-14"",""run_id"":""ca7d92fc045f47a4aab2d27e5ce72c53""}}"
485,485,"49.2786811 , -123.0467275","49.2782496 , -122.84136090000001",urban-urban,urban,1374,"{""sample_routes"":{""date"":""2026-09-14"",""run_id"":""1e9917ae527545d8a96a3d21206fe880""},""join_samples"":{""date"":""2026-09-14"",""run_id"":""066e6ae7a97d4ff7a8fb08eee71ee69d""},""upload_data"":{""date"":""2026-09-14"",""run_id"":""ca7d92fc045f47a4aab2d27e5ce72c53""}}"
486,486,"53.8362063 , -122.8814861","53.9623805 , -122.7557335",urban-urban,urban,1374,"{""sample_routes"":{""date"":""2026-09-14"",""run_id"":""1e9917ae527545d8a96a3d21206fe880""},""join_samples"":{""date"":""2026-09-14"",""run_id"":""066e6ae7a97d4ff7a8fb08eee71ee69d""},""upload_data"":{""date"":""2026-09-14"",""run_id"":""ca7d92fc045f47a4aab2d27e5ce72c53""}}"
487,487,"49.261250000000004 , -123.10967760000001","49.2615941 , -122.88204060000001",urban-urban,urban,1374,"{""sample_routes"":{""date"":""2026-09-14"",""run_id"":""1e9917ae527545d8a96a3d21206fe880""},""join_samples"":{""date"":""2026-09-14"",""run_id"":""066e6ae7a97d4ff7a8fb08eee71ee69d""},""upload_data"":{""date"":""2026-09-14"",""run_id"":""ca7d92fc045f47a4aab2d27e5ce72c53""}}"
488,488,"49.1075646 , -122.8778362","49.191815500000004 , -122.87763330000001",urban-urban,urban,1025,"{""sample_routes"":{""date"":""2026-09-14"",""run_id"":""1e9917ae527545d8a96a3d21206fe880""},""join_samples"":{""date"":""2026-09-14"",""run_id"":""066e6ae7a97d4ff7a8fb08eee71ee69d""},""upload_data"":{""date"":""2026-09-14"",""run_id"":""ca7d92fc045f47a4aab2d27e5ce72c53""}}"
492,492,"49.139957300000006 , -123.1730959","49.2499173 , -123.17306250000001",urban-urban,urban,1376,"{""sample_routes"":{""date"":""2026-09-14"",""run_id"":""1e9917ae527545d8a96a3d21206fe880""},""join_samples"":{""date"":""2026-09-14"",""run_id"":""066e6ae7a97d4ff7a8fb08eee71ee69d""},""upload_data"":{""date"":""2026-09-14"",""run_id"":""ca7d92fc045f47a4aab2d27e5ce72c53""}}"
494,494,"48.43792070000001 , -123.3673507","48.4379385 , -123.5045276",urban-urban,urban,1377,"{""sample_routes"":{""date"":""2026-09-14"",""run_id"":""1e9917ae527545d8a96a3d21206fe880""},""join_samples"":{""date"":""2026-09-14"",""run_id"":""066e6ae7a97d4ff7a8fb08eee71ee69d""},""upload_data"":{""date"":""2026-09-14"",""run_id"":""ca7d92fc045f47a4aab2d27e5ce72c53""}}"
495,495,"49.5070108 , -124.73653540000001","49.5807505 , -124.81005990000001",urban-urban,urban,1023,"{""sample_routes"":{""date"":""2026-09-14"",""run_id"":""1e9917ae527545d8a96a3d21206fe880""},""join_samples"":{""date"":""2026-09-14"",""run_id"":""066e6ae7a97d4ff7a8fb08eee71ee69d""},""upload_data"":{""date"":""2026-09-14"",""run_id"":""ca7d92fc045f47a4aab2d27e5ce72c53""}}"
497,497,"49.273019100000006 , -123.25263100000001","49.273383700000004 , -123.0468948",urban-urban,urban,1378,"{""sample_routes"":{""date"":""2026-09-14"",""run_id"":""1e9917ae527545d8a96a3d21206fe880""},""join_samples"":{""date"":""2026-09-14"",""run_id"":""066e6ae7a97d4ff7a8fb08eee71ee69d""},""upload_data"":{""date"":""2026-09-14"",""run_id"":""ca7d92fc045f47a4aab2d27e5ce72c53""}}"
498,498,"48.4288657 , -123.56400330000001","48.4742012 , -123.51843330000001",urban-urban,urban,1379,"{""sample_routes"":{""date"":""2026-09-14"",""run_id"":""1e9917ae527545d8a96a3d21206fe880""},""join_samples"":{""date"":""2026-09-14"",""run_id"":""066e6ae7a97d4ff7a8fb08eee71ee69d""},""upload_data"":{""date"":""2026-09-14"",""run_id"":""ca7d92fc045f47a4aab2d27e5ce72c53""}}"
503,503,"49.2835076 , -125.09827870000001","49.283056900000005 , -124.83728740000001",rural-urban,mixed,1198,"{""sample_routes"":{""date"":""2026-09-14"",""run_id"":""1e9917ae527545d8a96a3d21206fe880""},""join_samples"":{""date"":""2026-09-14"",""run_id"":""066e6ae7a97d4ff7a8fb08eee71ee69d""},""upload_data"":{""date"":""2026-09-14"",""run_id"":""ca7d92fc045f47a4aab2d27e5ce72c53""}}"
510,510,"51.6135041 , -121.19650490000001","51.759880700000004 , -121.34295510000001",urban-urban,mixed,1195,"{""sample_routes"":{""date"":""2026-09-14"",""run_id"":""1e9917ae527545d8a96a3d21206fe880""},""join_samples"":{""date"":""2026-09-14"",""run_id"":""066e6ae7a97d4ff7a8fb08eee71ee69d""},""upload_data"":{""date"":""2026-09-14"",""run_id"":""ca7d92fc045f47a4aab2d27e5ce72c53""}}"
511,511,"53.22152740000001 , -122.54768290000001","53.294268100000004 , -122.4745793",urban-urban,mixed,1195,"{""sample_routes"":{""date"":""2026-09-14"",""run_id"":""1e9917ae527545d8a96a3d21206fe880""},""join_samples"":{""date"":""2026-09-14"",""run_id"":""066e6ae7a97d4ff7a8fb08eee71ee69d""},""upload_data"":{""date"":""2026-09-14"",""run_id"":""ca7d92fc045f47a4aab2d27e5ce72c53""}}"
513,513,"54.6808914 , -127.06483700000001","54.829076900000004 , -127.21325490000001",urban-rural,mixed,1206,"{""sample_routes"":{""date"":""2026-09-14"",""run_id"":""1e9917ae527545d8a96a3d21206fe880""},""join_samples"":{""date"":""2026-09-14"",""run_id"":""066e6ae7a97d4ff7a8fb08eee71ee69d""},""upload_data"":{""date"":""2026-09-14"",""run_id"":""ca7d92fc045f47a4aab2d27e5ce72c53""}}"
515,515,"48.9534086 , -123.7803154","48.7733739 , -123.78077800000001",urban-urban,mixed,1207,"{""sample_routes"":{""date"":""2026-09-14"",""run_id"":""1e9917ae527545d8a96a3d21206fe880""},""join_samples"":{""date"":""2026-09-14"",""run_id"":""066e6ae7a97d4ff7a8fb08eee71ee69d""},""upload_data"":{""date"":""2026-09-14"",""run_id"":""ca7d92fc045f47a4aab2d27e5ce72c53""}}"
516,516,"49.0179005 , -123.0571517","49.057011700000004 , -123.05723110000001",urban-urban,mixed,1207,"{""sample_routes"":{""date"":""2026-09-14"",""run_id"":""1e9917ae527545d8a96a3d21206fe880""},""join_samples"":{""date"":""2026-09-14"",""run_id"":""066e6ae7a97d4ff7a8fb08eee71ee69d""},""upload_data"":{""date"":""2026-09-14"",""run_id"":""ca7d92fc045f47a4aab2d27e5ce72c53""}}"
517,517,"50.024610100000004 , -119.43786220000001","49.9157081 , -119.4380263",urban-urban,mixed,1208,"{""sample_routes"":{""date"":""2026-09-14"",""run_id"":""1e9917ae527545d8a96a3d21206fe880""},""join_samples"":{""date"":""2026-09-14"",""run_id"":""066e6ae7a97d4ff7a8fb08eee71ee69d""},""upload_data"":{""date"":""2026-09-14"",""run_id"":""ca7d92fc045f47a4aab2d27e5ce72c53""}}"
518,518,"51.7738932 , -121.1385161","51.7736881 , -120.92143050000001",urban-urban,mixed,1192,"{""sample_routes"":{""date"":""2026-09-14"",""run_id"":""1e9917ae527545d8a96a3d21206fe880""},""join_samples"":{""date"":""2026-09-14"",""run_id"":""066e6ae7a97d4ff7a8fb08eee71ee69d""},""upload_data"":{""date"":""2026-09-14"",""run_id"":""ca7d92fc045f47a4aab2d27e5ce72c53""}}"
519,519,"49.301507400000006 , -121.780743","49.2159381 , -121.69514210000001",urban-rural,mixed,1192,"{""sample_routes"":{""date"":""2026-09-14"",""run_id"":""1e9917ae527545d8a96a3d21206fe880""},""join_samples"":{""date"":""2026-09-14"",""run_id"":""066e6ae7a97d4ff7a8fb08eee71ee69d""},""upload_data"":{""date"":""2026-09-14"",""run_id"":""ca7d92fc045f47a4aab2d27e5ce72c53""}}"
520,520,"49.048740900000006 , -118.96816380000001","49.049102700000006 , -118.7488878",urban-urban,mixed,1192,"{""sample_routes"":{""date"":""2026-09-14"",""run_id"":""1e9917ae527545d8a96a3d21206fe880""},""join_samples"":{""date"":""2026-09-14"",""run_id"":""066e6ae7a97d4ff7a8fb08eee71ee69d""},""upload_data"":{""date"":""2026-09-14"",""run_id"":""ca7d92fc045f47a4aab2d27e5ce72c53""}}"
521,521,"54.409103200000004 , -124.23701240000001","54.503491200000006 , -124.23682740000001",urban-rural,mixed,1209,"{""sample_routes"":{""date"":""2026-09-14"",""run_id"":""1e9917ae527545d8a96a3d21206fe880""},""join_samples"":{""date"":""2026-09-14"",""run_id"":""066e6ae7a97d4ff7a8fb08eee71ee69d""},""upload_data"":{""date"":""2026-09-14"",""run_id"":""ca7d92fc045f47a4aab2d27e5ce72c53""}}"
523,523,"56.131086 , -120.6784966","56.1724815 , -120.63666590000001",urban-urban,mixed,1191,"{""sample_routes"":{""date"":""2026-09-14"",""run_id"":""1e9917ae527545d8a96a3d21206fe880""},""join_samples"":{""date"":""2026-09-14"",""run_id"":""066e6ae7a97d4ff7a8fb08eee71ee69d""},""upload_data"":{""date"":""2026-09-14"",""run_id"":""ca7d92fc045f47a4aab2d27e5ce72c53""}}"
524,524,"51.591302400000004 , -121.1660447","51.5917247 , -121.29530860000001",urban-urban,mixed,1190,"{""sample_routes"":{""date"":""2026-09-14"",""run_id"":""1e9917ae527545d8a96a3d21206fe880""},""join_samples"":{""date"":""2026-09-14"",""run_id"":""066e6ae7a97d4ff7a8fb08eee71ee69d""},""upload_data"":{""date"":""2026-09-14"",""run_id"":""ca7d92fc045f47a4aab2d27e5ce72c53""}}"
525,525,"56.244244300000005 , -121.3101525","56.34271570000001 , -121.2119792",rural-urban,mixed,1190,"{""sample_routes"":{""date"":""2026-09-14"",""run_id"":""1e9917ae527545d8a96a3d21206fe880""},""join_samples"":{""date"":""2026-09-14"",""run_id"":""066e6ae7a97d4ff7a8fb08eee71ee69d""},""upload_data"":{""date"":""2026-09-14"",""run_id"":""ca7d92fc045f47a4aab2d27e5ce72c53""}}"
526,526,"50.2202062 , -119.0173659","50.220013300000005 , -119.2630192",urban-urban,mixed,1210,"{""sample_routes"":{""date"":""2026-09-14"",""run_id"":""1e9917ae527545d8a96a3d21206fe880""},""join_samples"":{""date"":""2026-09-14"",""run_id"":""066e6ae7a97d4ff7a8fb08eee71ee69d""},""upload_data"":{""date"":""2026-09-14"",""run_id"":""ca7d92fc045f47a4aab2d27e5ce72c53""}}"
533,533,"51.8394975 , -121.57022300000001","51.839251000000004 , -121.3882025",urban-urban,mixed,1187,"{""sample_routes"":{""date"":""2026-09-14"",""run_id"":""1e9917ae527545d8a96a3d21206fe880""},""join_samples"":{""date"":""2026-09-14"",""run_id"":""066e6ae7a97d4ff7a8fb08eee71ee69d""},""upload_data"":{""date"":""2026-09-14"",""run_id"":""ca7d92fc045f47a4aab2d27e5ce72c53""}}"
535,535,"56.373284000000005 , -120.63670300000001","56.2814245 , -120.72899410000001",urban-rural,mixed,1186,"{""sample_routes"":{""date"":""2026-09-14"",""run_id"":""1e9917ae527545d8a96a3d21206fe880""},""join_samples"":{""date"":""2026-09-14"",""run_id"":""066e6ae7a97d4ff7a8fb08eee71ee69d""},""upload_data"":{""date"":""2026-09-14"",""run_id"":""ca7d92fc045f47a4aab2d27e5ce72c53""}}"
537,537,"52.34441330000001 , -125.1843877","52.470901000000005 , -125.31104520000001",urban-urban,mixed,1185,"{""sample_routes"":{""date"":""2026-09-14"",""run_id"":""1e9917ae527545d8a96a3d21206fe880""},""join_samples"":{""date"":""2026-09-14"",""run_id"":""066e6ae7a97d4ff7a8fb08eee71ee69d""},""upload_data"":{""date"":""2026-09-14"",""run_id"":""ca7d92fc045f47a4aab2d27e5ce72c53""}}"
538,538,"49.7981525 , -125.1585206","49.798456300000005 , -125.04969390000001",rural-urban,mixed,1185,"{""sample_routes"":{""date"":""2026-09-14"",""run_id"":""1e9917ae527545d8a96a3d21206fe880""},""join_samples"":{""date"":""2026-09-14"",""run_id"":""066e6ae7a97d4ff7a8fb08eee71ee69d""},""upload_data"":{""date"":""2026-09-14"",""run_id"":""ca7d92fc045f47a4aab2d27e5ce72c53""}}"
539,539,"54.399117100000005 , -126.15893020000001","54.3987866 , -125.9401655",urban-urban,mixed,1185,"{""sample_routes"":{""date"":""2026-09-14"",""run_id"":""1e9917ae527545d8a96a3d21206fe880""},""join_samples"":{""date"":""2026-09-14"",""run_id"":""066e6ae7a97d4ff7a8fb08eee71ee69d""},""upload_data"":{""date"":""2026-09-14"",""run_id"":""ca7d92fc045f47a4aab2d27e5ce72c53""}}"
540,540,"50.3105272 , -119.21249890000001","50.3103556 , -119.26609",urban-rural,mixed,1184,"{""sample_routes"":{""date"":""2026-09-14"",""run_id"":""1e9917ae527545d8a96a3d21206fe880""},""join_samples"":{""date"":""2026-09-14"",""run_id"":""066e6ae7a97d4ff7a8fb08eee71ee69d""},""upload_data"":{""date"":""2026-09-14"",""run_id"":""ca7d92fc045f47a4aab2d27e5ce72c53""}}"
541,541,"49.911133400000004 , -125.19502890000001","49.9965934 , -125.2808145",urban-urban,mixed,1183,"{""sample_routes"":{""date"":""2026-09-14"",""run_id"":""1e9917ae527545d8a96a3d21206fe880""},""join_samples"":{""date"":""2026-09-14"",""run_id"":""066e6ae7a97d4ff7a8fb08eee71ee69d""},""upload_data"":{""date"":""2026-09-14"",""run_id"":""ca7d92fc045f47a4aab2d27e5ce72c53""}}"
542,542,"52.469645 , -122.29424770000001","52.3495317 , -122.2941808",rural-urban,mixed,1183,"{""sample_routes"":{""date"":""2026-09-14"",""run_id"":""1e9917ae527545d8a96a3d21206fe880""},""join_samples"":{""date"":""2026-09-14"",""run_id"":""066e6ae7a97d4ff7a8fb08eee71ee69d""},""upload_data"":{""date"":""2026-09-14"",""run_id"":""ca7d92fc045f47a4aab2d27e5ce72c53""}}"
543,543,"49.949744300000006 , -119.45786070000001","49.9689374 , -119.4576823",urban-urban,mixed,1218,"{""sample_routes"":{""date"":""2026-09-14"",""run_id"":""1e9917ae527545d8a96a3d21206fe880""},""join_samples"":{""date"":""2026-09-14"",""run_id"":""066e6ae7a97d4ff7a8fb08eee71ee69d""},""upload_data"":{""date"":""2026-09-14"",""run_id"":""ca7d92fc045f47a4aab2d27e5ce72c53""}}"
544,544,"50.6545683 , -120.1819672","50.6544655 , -119.87806990000001",urban-rural,mixed,1218,"{""sample_routes"":{""date"":""2026-09-14"",""run_id"":""1e9917ae527545d8a96a3d21206fe880""},""join_samples"":{""date"":""2026-09-14"",""run_id"":""066e6ae7a97d4ff7a8fb08eee71ee69d""},""upload_data"":{""date"":""2026-09-14"",""run_id"":""ca7d92fc045f47a4aab2d27e5ce72c53""}}"
546,546,"49.098799400000004 , -121.9472686","49.176773000000004 , -121.8695354",urban-rural,mixed,1218,"{""sample_routes"":{""date"":""2026-09-14"",""run_id"":""1e9917ae527545d8a96a3d21206fe880""},""join_samples"":{""date"":""2026-09-14"",""run_id"":""066e6ae7a97d4ff7a8fb08eee71ee69d""},""upload_data"":{""date"":""2026-09-14"",""run_id"":""ca7d92fc045f47a4aab2d27e5ce72c53""}}"
547,547,"53.0092049 , -122.5046161","53.1331878 , -122.5043023",urban-urban,mixed,1219,"{""sample_routes"":{""date"":""2026-09-14"",""run_id"":""1e9917ae527545d8a96a3d21206fe880""},""join_samples"":{""date"":""2026-09-14"",""run_id"":""066e6ae7a97d4ff7a8fb08eee71ee69d""},""upload_data"":{""date"":""2026-09-14"",""run_id"":""ca7d92fc045f47a4aab2d27e5ce72c53""}}"
548,548,"52.169881800000006 , -122.1013011","52.3102098 , -122.1013499",urban-urban,mixed,1219,"{""sample_routes"":{""date"":""2026-09-14"",""run_id"":""1e9917ae527545d8a96a3d21206fe880""},""join_samples"":{""date"":""2026-09-14"",""run_id"":""066e6ae7a97d4ff7a8fb08eee71ee69d""},""upload_data"":{""date"":""2026-09-14"",""run_id"":""ca7d92fc045f47a4aab2d27e5ce72c53""}}"
549,549,"55.774186500000006 , -120.38001030000001","55.899999 , -120.50587510000001",urban-urban,mixed,1180,"{""sample_routes"":{""date"":""2026-09-14"",""run_id"":""1e9917ae527545d8a96a3d21206fe880""},""join_samples"":{""date"":""2026-09-14"",""run_id"":""066e6ae7a97d4ff7a8fb08eee71ee69d""},""upload_data"":{""date"":""2026-09-14"",""run_id"":""ca7d92fc045f47a4aab2d27e5ce72c53""}}"
550,550,"52.18833720000001 , -121.79263750000001","52.1885575 , -121.961162",urban-rural,mixed,1220,"{""sample_routes"":{""date"":""2026-09-14"",""run_id"":""1e9917ae527545d8a96a3d21206fe880""},""join_samples"":{""date"":""2026-09-14"",""run_id"":""066e6ae7a97d4ff7a8fb08eee71ee69d""},""upload_data"":{""date"":""2026-09-14"",""run_id"":""ca7d92fc045f47a4aab2d27e5ce72c53""}}"
552,552,"51.723505100000004 , -121.34637640000001","51.5689008 , -121.3461939",urban-rural,mixed,1221,"{""sample_routes"":{""date"":""2026-09-14"",""run_id"":""1e9917ae527545d8a96a3d21206fe880""},""join_samples"":{""date"":""2026-09-14"",""run_id"":""066e6ae7a97d4ff7a8fb08eee71ee69d""},""upload_data"":{""date"":""2026-09-14"",""run_id"":""ca7d92fc045f47a4aab2d27e5ce72c53""}}"
553,553,"53.3511083 , -122.5776986","53.4858897 , -122.5780919",urban-urban,mixed,1179,"{""sample_routes"":{""date"":""2026-09-14"",""run_id"":""1e9917ae527545d8a96a3d21206fe880""},""join_samples"":{""date"":""2026-09-14"",""run_id"":""066e6ae7a97d4ff7a8fb08eee71ee69d""},""upload_data"":{""date"":""2026-09-14"",""run_id"":""ca7d92fc045f47a4aab2d27e5ce72c53""}}"
555,555,"50.720210300000005 , -121.1865966","50.7202749 , -121.28337850000001",urban-urban,mixed,1178,"{""sample_routes"":{""date"":""2026-09-14"",""run_id"":""1e9917ae527545d8a96a3d21206fe880""},""join_samples"":{""date"":""2026-09-14"",""run_id"":""066e6ae7a97d4ff7a8fb08eee71ee69d""},""upload_data"":{""date"":""2026-09-14"",""run_id"":""ca7d92fc045f47a4aab2d27e5ce72c53""}}"
557,557,"53.9652911 , -124.93286250000001","54.0642998 , -124.93284990000001",urban-rural,mixed,1177,"{""sample_routes"":{""date"":""2026-09-14"",""run_id"":""1e9917ae527545d8a96a3d21206fe880""},""join_samples"":{""date"":""2026-09-14"",""run_id"":""066e6ae7a97d4ff7a8fb08eee71ee69d""},""upload_data"":{""date"":""2026-09-14"",""run_id"":""ca7d92fc045f47a4aab2d27e5ce72c53""}}"
559,559,"49.456679300000005 , -117.4844085","49.301597300000005 , -117.63929080000001",rural-urban,mixed,1176,"{""sample_routes"":{""date"":""2026-09-14"",""run_id"":""1e9917ae527545d8a96a3d21206fe880""},""join_samples"":{""date"":""2026-09-14"",""run_id"":""066e6ae7a97d4ff7a8fb08eee71ee69d""},""upload_data"":{""date"":""2026-09-14"",""run_id"":""ca7d92fc045f47a4aab2d27e5ce72c53""}}"
561,561,"48.9143321 , -123.71715420000001","48.745900600000006 , -123.71739930000001",urban-urban,mixed,1225,"{""sample_routes"":{""date"":""2026-09-14"",""run_id"":""1e9917ae527545d8a96a3d21206fe880""},""join_samples"":{""date"":""2026-09-14"",""run_id"":""066e6ae7a97d4ff7a8fb08eee71ee69d""},""upload_data"":{""date"":""2026-09-14"",""run_id"":""ca7d92fc045f47a4aab2d27e5ce72c53""}}"
563,563,"49.3803964 , -121.53458320000001","49.379942 , -121.34289460000001",urban-rural,mixed,1226,"{""sample_routes"":{""date"":""2026-09-14"",""run_id"":""1e9917ae527545d8a96a3d21206fe880""},""join_samples"":{""date"":""2026-09-14"",""run_id"":""066e6ae7a97d4ff7a8fb08eee71ee69d""},""upload_data"":{""date"":""2026-09-14"",""run_id"":""ca7d92fc045f47a4aab2d27e5ce72c53""}}"
564,564,"54.0555511 , -124.85647840000001","54.055125000000004 , -124.40869330000001",urban-urban,mixed,1226,"{""sample_routes"":{""date"":""2026-09-14"",""run_id"":""1e9917ae527545d8a96a3d21206fe880""},""join_samples"":{""date"":""2026-09-14"",""run_id"":""066e6ae7a97d4ff7a8fb08eee71ee69d""},""upload_data"":{""date"":""2026-09-14"",""run_id"":""ca7d92fc045f47a4aab2d27e5ce72c53""}}"
567,567,"56.3080646 , -120.87377070000001","56.2024236 , -120.76843710000001",rural-urban,mixed,1173,"{""sample_routes"":{""date"":""2026-09-14"",""run_id"":""1e9917ae527545d8a96a3d21206fe880""},""join_samples"":{""date"":""2026-09-14"",""run_id"":""066e6ae7a97d4ff7a8fb08eee71ee69d""},""upload_data"":{""date"":""2026-09-14"",""run_id"":""ca7d92fc045f47a4aab2d27e5ce72c53""}}"
568,568,"52.5517076 , -122.4377075","52.7852553 , -122.43736910000001",urban-urban,mixed,1173,"{""sample_routes"":{""date"":""2026-09-14"",""run_id"":""1e9917ae527545d8a96a3d21206fe880""},""join_samples"":{""date"":""2026-09-14"",""run_id"":""066e6ae7a97d4ff7a8fb08eee71ee69d""},""upload_data"":{""date"":""2026-09-14"",""run_id"":""ca7d92fc045f47a4aab2d27e5ce72c53""}}"
569,569,"56.134463200000006 , -120.03985560000001","56.014311600000006 , -120.0400479",rural-urban,mixed,1173,"{""sample_routes"":{""date"":""2026-09-14"",""run_id"":""1e9917ae527545d8a96a3d21206fe880""},""join_samples"":{""date"":""2026-09-14"",""run_id"":""066e6ae7a97d4ff7a8fb08eee71ee69d""},""upload_data"":{""date"":""2026-09-14"",""run_id"":""ca7d92fc045f47a4aab2d27e5ce72c53""}}"
570,570,"54.0504534 , -128.6501076","53.96651790000001 , -128.65038180000002",urban-urban,mixed,1173,"{""sample_routes"":{""date"":""2026-09-14"",""run_id"":""1e9917ae527545d8a96a3d21206fe880""},""join_samples"":{""date"":""2026-09-14"",""run_id"":""066e6ae7a97d4ff7a8fb08eee71ee69d""},""upload_data"":{""date"":""2026-09-14"",""run_id"":""ca7d92fc045f47a4aab2d27e5ce72c53""}}"
578,578,"52.4063596 , -121.90623280000001","52.459149700000005 , -121.9057841",urban-urban,mixed,1232,"{""sample_routes"":{""date"":""2026-09-14"",""run_id"":""1e9917ae527545d8a96a3d21206fe880""},""join_samples"":{""date"":""2026-09-14"",""run_id"":""066e6ae7a97d4ff7a8fb08eee71ee69d""},""upload_data"":{""date"":""2026-09-14"",""run_id"":""ca7d92fc045f47a4aab2d27e5ce72c53""}}"
579,579,"52.4917944 , -121.77849080000001","52.3905868 , -121.87929690000001",urban-urban,mixed,1168,"{""sample_routes"":{""date"":""2026-09-14"",""run_id"":""1e9917ae527545d8a96a3d21206fe880""},""join_samples"":{""date"":""2026-09-14"",""run_id"":""066e6ae7a97d4ff7a8fb08eee71ee69d""},""upload_data"":{""date"":""2026-09-14"",""run_id"":""ca7d92fc045f47a4aab2d27e5ce72c53""}}"
580,580,"51.535605600000004 , -120.77556990000001","51.6068828 , -120.77534440000001",rural-urban,mixed,1232,"{""sample_routes"":{""date"":""2026-09-14"",""run_id"":""1e9917ae527545d8a96a3d21206fe880""},""join_samples"":{""date"":""2026-09-14"",""run_id"":""066e6ae7a97d4ff7a8fb08eee71ee69d""},""upload_data"":{""date"":""2026-09-14"",""run_id"":""ca7d92fc045f47a4aab2d27e5ce72c53""}}"
582,582,"50.183498300000004 , -119.5074115","50.326582800000004 , -119.36468540000001",rural-urban,mixed,1232,"{""sample_routes"":{""date"":""2026-09-14"",""run_id"":""1e9917ae527545d8a96a3d21206fe880""},""join_samples"":{""date"":""2026-09-14"",""run_id"":""066e6ae7a97d4ff7a8fb08eee71ee69d""},""upload_data"":{""date"":""2026-09-14"",""run_id"":""ca7d92fc045f47a4aab2d27e5ce72c53""}}"
587,587,"55.6812169 , -120.0949829","55.8063233 , -120.0950172",urban-urban,mixed,1234,"{""sample_routes"":{""date"":""2026-09-14"",""run_id"":""1e9917ae527545d8a96a3d21206fe880""},""join_samples"":{""date"":""2026-09-14"",""run_id"":""066e6ae7a97d4ff7a8fb08eee71ee69d""},""upload_data"":{""date"":""2026-09-14"",""run_id"":""ca7d92fc045f47a4aab2d27e5ce72c53""}}"
589,589,"49.466238600000004 , -117.4823741","49.3071527 , -117.64160690000001",urban-urban,mixed,1234,"{""sample_routes"":{""date"":""2026-09-14"",""run_id"":""1e9917ae527545d8a96a3d21206fe880""},""join_samples"":{""date"":""2026-09-14"",""run_id"":""066e6ae7a97d4ff7a8fb08eee71ee69d""},""upload_data"":{""date"":""2026-09-14"",""run_id"":""ca7d92fc045f47a4aab2d27e5ce72c53""}}"
594,594,"49.0427778 , -122.31167400000001","49.118248400000006 , -122.2357216",urban-urban,mixed,1235,"{""sample_routes"":{""date"":""2026-09-14"",""run_id"":""1e9917ae527545d8a96a3d21206fe880""},""join_samples"":{""date"":""2026-09-14"",""run_id"":""066e6ae7a97d4ff7a8fb08eee71ee69d""},""upload_data"":{""date"":""2026-09-14"",""run_id"":""ca7d92fc045f47a4aab2d27e5ce72c53""}}"
595,595,"55.78190300000001 , -120.2797986","55.861569700000004 , -120.1999993",urban-urban,mixed,1164,"{""sample_routes"":{""date"":""2026-09-14"",""run_id"":""1e9917ae527545d8a96a3d21206fe880""},""join_samples"":{""date"":""2026-09-14"",""run_id"":""066e6ae7a97d4ff7a8fb08eee71ee69d""},""upload_data"":{""date"":""2026-09-14"",""run_id"":""ca7d92fc045f47a4aab2d27e5ce72c53""}}"
597,597,"49.2407059 , -121.7355926","49.241072 , -121.9996916",urban-urban,mixed,1164,"{""sample_routes"":{""date"":""2026-09-14"",""run_id"":""1e9917ae527545d8a96a3d21206fe880""},""join_samples"":{""date"":""2026-09-14"",""run_id"":""066e6ae7a97d4ff7a8fb08eee71ee69d""},""upload_data"":{""date"":""2026-09-14"",""run_id"":""ca7d92fc045f47a4aab2d27e5ce72c53""}}"
598,598,"48.754404400000006 , -123.74904790000001","48.9111552 , -123.7490281",urban-urban,mixed,1236,"{""sample_routes"":{""date"":""2026-09-14"",""run_id"":""1e9917ae527545d8a96a3d21206fe880""},""join_samples"":{""date"":""2026-09-14"",""run_id"":""066e6ae7a97d4ff7a8fb08eee71ee69d""},""upload_data"":{""date"":""2026-09-14"",""run_id"":""ca7d92fc045f47a4aab2d27e5ce72c53""}}"
599,599,"50.2910419 , -119.20803790000001","50.3796461 , -119.29695290000001",rural-rural,mixed,1163,"{""sample_routes"":{""date"":""2026-09-14"",""run_id"":""1e9917ae527545d8a96a3d21206fe880""},""join_samples"":{""date"":""2026-09-14"",""run_id"":""066e6ae7a97d4ff7a8fb08eee71ee69d""},""upload_data"":{""date"":""2026-09-14"",""run_id"":""ca7d92fc045f47a4aab2d27e5ce72c53""}}"
600,600,"49.045614500000006 , -122.3466626","49.045222900000006 , -122.5258792",urban-rural,mixed,1238,"{""sample_routes"":{""date"":""2026-09-14"",""run_id"":""1e9917ae527545d8a96a3d21206fe880""},""join_samples"":{""date"":""2026-09-14"",""run_id"":""066e6ae7a97d4ff7a8fb08eee71ee69d""},""upload_data"":{""date"":""2026-09-14"",""run_id"":""ca7d92fc045f47a4aab2d27e5ce72c53""}}"
606,606,"49.055353700000005 , -122.81626030000001","49.1819605 , -122.94297780000001",urban-urban,mixed,1240,"{""sample_routes"":{""date"":""2026-09-14"",""run_id"":""1e9917ae527545d8a96a3d21206fe880""},""join_samples"":{""date"":""2026-09-14"",""run_id"":""066e6ae7a97d4ff7a8fb08eee71ee69d""},""upload_data"":{""date"":""2026-09-14"",""run_id"":""ca7d92fc045f47a4aab2d27e5ce72c53""}}"
607,607,"56.3543481 , -121.2307291","56.2756508 , -121.23046740000001",urban-rural,mixed,1160,"{""sample_routes"":{""date"":""2026-09-14"",""run_id"":""1e9917ae527545d8a96a3d21206fe880""},""join_samples"":{""date"":""2026-09-14"",""run_id"":""066e6ae7a97d4ff7a8fb08eee71ee69d""},""upload_data"":{""date"":""2026-09-14"",""run_id"":""ca7d92fc045f47a4aab2d27e5ce72c53""}}"
611,611,"54.016230400000005 , -122.85506070000001","54.0160995 , -122.70330220000001",urban-urban,mixed,1241,"{""sample_routes"":{""date"":""2026-09-14"",""run_id"":""1e9917ae527545d8a96a3d21206fe880""},""join_samples"":{""date"":""2026-09-14"",""run_id"":""066e6ae7a97d4ff7a8fb08eee71ee69d""},""upload_data"":{""date"":""2026-09-14"",""run_id"":""ca7d92fc045f47a4aab2d27e5ce72c53""}}"
612,612,"56.449287700000006 , -120.5573095","56.362813900000006 , -120.64330410000001",urban-urban,mixed,1158,"{""sample_routes"":{""date"":""2026-09-14"",""run_id"":""1e9917ae527545d8a96a3d21206fe880""},""join_samples"":{""date"":""2026-09-14"",""run_id"":""066e6ae7a97d4ff7a8fb08eee71ee69d""},""upload_data"":{""date"":""2026-09-14"",""run_id"":""ca7d92fc045f47a4aab2d27e5ce72c53""}}"
613,613,"51.607726400000004 , -121.1757876","51.6079134 , -121.01620840000001",urban-urban,mixed,1158,"{""sample_routes"":{""date"":""2026-09-14"",""run_id"":""1e9917ae527545d8a96a3d21206fe880""},""join_samples"":{""date"":""2026-09-14"",""run_id"":""066e6ae7a97d4ff7a8fb08eee71ee69d""},""upload_data"":{""date"":""2026-09-14"",""run_id"":""ca7d92fc045f47a4aab2d27e5ce72c53""}}"
616,616,"48.826621200000005 , -124.06394130000001","48.7704566 , -124.120372",urban-rural,mixed,1157,"{""sample_routes"":{""date"":""2026-09-14"",""run_id"":""1e9917ae527545d8a96a3d21206fe880""},""join_samples"":{""date"":""2026-09-14"",""run_id"":""066e6ae7a97d4ff7a8fb08eee71ee69d""},""upload_data"":{""date"":""2026-09-14"",""run_id"":""ca7d92fc045f47a4aab2d27e5ce72c53""}}"
619,619,"49.159694200000004 , -121.9721959","49.1601396 , -121.8001564",urban-rural,mixed,1156,"{""sample_routes"":{""date"":""2026-09-14"",""run_id"":""1e9917ae527545d8a96a3d21206fe880""},""join_samples"":{""date"":""2026-09-14"",""run_id"":""066e6ae7a97d4ff7a8fb08eee71ee69d""},""upload_data"":{""date"":""2026-09-14"",""run_id"":""ca7d92fc045f47a4aab2d27e5ce72c53""}}"
625,625,"49.2622371 , -124.8863848","49.262196100000004 , -124.672218",urban-rural,mixed,1246,"{""sample_routes"":{""date"":""2026-09-14"",""run_id"":""1e9917ae527545d8a96a3d21206fe880""},""join_samples"":{""date"":""2026-09-14"",""run_id"":""066e6ae7a97d4ff7a8fb08eee71ee69d""},""upload_data"":{""date"":""2026-09-14"",""run_id"":""ca7d92fc045f47a4aab2d27e5ce72c53""}}"
627,627,"53.4786517 , -122.61388280000001","53.3648134 , -122.6136943",urban-urban,mixed,1153,"{""sample_routes"":{""date"":""2026-09-14"",""run_id"":""1e9917ae527545d8a96a3d21206fe880""},""join_samples"":{""date"":""2026-09-14"",""run_id"":""066e6ae7a97d4ff7a8fb08eee71ee69d""},""upload_data"":{""date"":""2026-09-14"",""run_id"":""ca7d92fc045f47a4aab2d27e5ce72c53""}}"
630,630,"50.3088628 , -118.9488055","50.3092716 , -118.80900260000001",urban-rural,mixed,1249,"{""sample_routes"":{""date"":""2026-09-14"",""run_id"":""1e9917ae527545d8a96a3d21206fe880""},""join_samples"":{""date"":""2026-09-14"",""run_id"":""066e6ae7a97d4ff7a8fb08eee71ee69d""},""upload_data"":{""date"":""2026-09-14"",""run_id"":""ca7d92fc045f47a4aab2d27e5ce72c53""}}"
631,631,"49.4881017 , -119.5688779","49.6009277 , -119.6820435",urban-urban,mixed,1250,"{""sample_routes"":{""date"":""2026-09-14"",""run_id"":""1e9917ae527545d8a96a3d21206fe880""},""join_samples"":{""date"":""2026-09-14"",""run_id"":""066e6ae7a97d4ff7a8fb08eee71ee69d""},""upload_data"":{""date"":""2026-09-14"",""run_id"":""ca7d92fc045f47a4aab2d27e5ce72c53""}}"
634,634,"50.760999600000005 , -121.31428480000001","50.640055100000005 , -121.43571290000001",rural-urban,mixed,1149,"{""sample_routes"":{""date"":""2026-09-14"",""run_id"":""1e9917ae527545d8a96a3d21206fe880""},""join_samples"":{""date"":""2026-09-14"",""run_id"":""066e6ae7a97d4ff7a8fb08eee71ee69d""},""upload_data"":{""date"":""2026-09-14"",""run_id"":""ca7d92fc045f47a4aab2d27e5ce72c53""}}"
635,635,"54.070221800000006 , -128.6474109","53.968993000000005 , -128.64783350000002",urban-urban,mixed,1149,"{""sample_routes"":{""date"":""2026-09-14"",""run_id"":""1e9917ae527545d8a96a3d21206fe880""},""join_samples"":{""date"":""2026-09-14"",""run_id"":""066e6ae7a97d4ff7a8fb08eee71ee69d""},""upload_data"":{""date"":""2026-09-14"",""run_id"":""ca7d92fc045f47a4aab2d27e5ce72c53""}}"
638,638,"51.3373058 , -120.18124350000001","51.1863308 , -120.18140260000001",urban-urban,mixed,1148,"{""sample_routes"":{""date"":""2026-09-14"",""run_id"":""1e9917ae527545d8a96a3d21206fe880""},""join_samples"":{""date"":""2026-09-14"",""run_id"":""066e6ae7a97d4ff7a8fb08eee71ee69d""},""upload_data"":{""date"":""2026-09-14"",""run_id"":""ca7d92fc045f47a4aab2d27e5ce72c53""}}"
639,639,"50.916555200000005 , -119.3372884","50.8455382 , -119.40808150000001",urban-rural,mixed,1148,"{""sample_routes"":{""date"":""2026-09-14"",""run_id"":""1e9917ae527545d8a96a3d21206fe880""},""join_samples"":{""date"":""2026-09-14"",""run_id"":""066e6ae7a97d4ff7a8fb08eee71ee69d""},""upload_data"":{""date"":""2026-09-14"",""run_id"":""ca7d92fc045f47a4aab2d27e5ce72c53""}}"
640,640,"50.6186475 , -119.87561230000001","50.618531600000004 , -120.0560612",urban-urban,mixed,1252,"{""sample_routes"":{""date"":""2026-09-14"",""run_id"":""1e9917ae527545d8a96a3d21206fe880""},""join_samples"":{""date"":""2026-09-14"",""run_id"":""066e6ae7a97d4ff7a8fb08eee71ee69d""},""upload_data"":{""date"":""2026-09-14"",""run_id"":""ca7d92fc045f47a4aab2d27e5ce72c53""}}"
641,641,"49.1358278 , -121.84491530000001","49.135890200000006 , -122.07342700000001",urban-urban,mixed,1147,"{""sample_routes"":{""date"":""2026-09-14"",""run_id"":""1e9917ae527545d8a96a3d21206fe880""},""join_samples"":{""date"":""2026-09-14"",""run_id"":""066e6ae7a97d4ff7a8fb08eee71ee69d""},""upload_data"":{""date"":""2026-09-14"",""run_id"":""ca7d92fc045f47a4aab2d27e5ce72c53""}}"
644,644,"53.996033600000004 , -125.84771950000001","53.9957963 , -125.7183904",urban-urban,mixed,1144,"{""sample_routes"":{""date"":""2026-09-14"",""run_id"":""1e9917ae527545d8a96a3d21206fe880""},""join_samples"":{""date"":""2026-09-14"",""run_id"":""066e6ae7a97d4ff7a8fb08eee71ee69d""},""upload_data"":{""date"":""2026-09-14"",""run_id"":""ca7d92fc045f47a4aab2d27e5ce72c53""}}"
645,645,"49.063231 , -123.78136020000001","49.0631118 , -123.90684560000001",rural-urban,mixed,1256,"{""sample_routes"":{""date"":""2026-09-14"",""run_id"":""1e9917ae527545d8a96a3d21206fe880""},""join_samples"":{""date"":""2026-09-14"",""run_id"":""066e6ae7a97d4ff7a8fb08eee71ee69d""},""upload_data"":{""date"":""2026-09-14"",""run_id"":""ca7d92fc045f47a4aab2d27e5ce72c53""}}"
648,648,"49.8575123 , -119.37335510000001","49.8573035 , -119.1218123",urban-rural,mixed,1141,"{""sample_routes"":{""date"":""2026-09-14"",""run_id"":""1e9917ae527545d8a96a3d21206fe880""},""join_samples"":{""date"":""2026-09-14"",""run_id"":""066e6ae7a97d4ff7a8fb08eee71ee69d""},""upload_data"":{""date"":""2026-09-14"",""run_id"":""ca7d92fc045f47a4aab2d27e5ce72c53""}}"
649,649,"49.179920100000004 , -121.95758570000001","49.1803022 , -121.75690420000001",urban-rural,mixed,1141,"{""sample_routes"":{""date"":""2026-09-14"",""run_id"":""1e9917ae527545d8a96a3d21206fe880""},""join_samples"":{""date"":""2026-09-14"",""run_id"":""066e6ae7a97d4ff7a8fb08eee71ee69d""},""upload_data"":{""date"":""2026-09-14"",""run_id"":""ca7d92fc045f47a4aab2d27e5ce72c53""}}"
651,651,"53.030668500000004 , -122.4158366","53.1145511 , -122.4997373",urban-urban,mixed,1260,"{""sample_routes"":{""date"":""2026-09-14"",""run_id"":""1e9917ae527545d8a96a3d21206fe880""},""join_samples"":{""date"":""2026-09-14"",""run_id"":""066e6ae7a97d4ff7a8fb08eee71ee69d""},""upload_data"":{""date"":""2026-09-14"",""run_id"":""ca7d92fc045f47a4aab2d27e5ce72c53""}}"
653,653,"49.99057740000001 , -120.964759","50.0554004 , -120.8998569",urban-urban,mixed,1262,"{""sample_routes"":{""date"":""2026-09-14"",""run_id"":""1e9917ae527545d8a96a3d21206fe880""},""join_samples"":{""date"":""2026-09-14"",""run_id"":""066e6ae7a97d4ff7a8fb08eee71ee69d""},""upload_data"":{""date"":""2026-09-14"",""run_id"":""ca7d92fc045f47a4aab2d27e5ce72c53""}}"
655,655,"55.5387093 , -120.1089115","55.473528800000004 , -120.1089249",urban-urban,mixed,1138,"{""sample_routes"":{""date"":""2026-09-14"",""run_id"":""1e9917ae527545d8a96a3d21206fe880""},""join_samples"":{""date"":""2026-09-14"",""run_id"":""066e6ae7a97d4ff7a8fb08eee71ee69d""},""upload_data"":{""date"":""2026-09-14"",""run_id"":""ca7d92fc045f47a4aab2d27e5ce72c53""}}"
657,657,"51.6352574 , -121.30375910000001","51.439142100000005 , -121.30349100000001",urban-rural,mixed,1263,"{""sample_routes"":{""date"":""2026-09-14"",""run_id"":""1e9917ae527545d8a96a3d21206fe880""},""join_samples"":{""date"":""2026-09-14"",""run_id"":""066e6ae7a97d4ff7a8fb08eee71ee69d""},""upload_data"":{""date"":""2026-09-14"",""run_id"":""ca7d92fc045f47a4aab2d27e5ce72c53""}}"
658,658,"51.77109 , -121.2878508","51.65013870000001 , -121.28778860000001",urban-urban,mixed,1137,"{""sample_routes"":{""date"":""2026-09-14"",""run_id"":""1e9917ae527545d8a96a3d21206fe880""},""join_samples"":{""date"":""2026-09-14"",""run_id"":""066e6ae7a97d4ff7a8fb08eee71ee69d""},""upload_data"":{""date"":""2026-09-14"",""run_id"":""ca7d92fc045f47a4aab2d27e5ce72c53""}}"
659,659,"53.567624900000006 , -122.59593240000001","53.6357646 , -122.6637965",urban-rural,mixed,1136,"{""sample_routes"":{""date"":""2026-09-14"",""run_id"":""1e9917ae527545d8a96a3d21206fe880""},""join_samples"":{""date"":""2026-09-14"",""run_id"":""066e6ae7a97d4ff7a8fb08eee71ee69d""},""upload_data"":{""date"":""2026-09-14"",""run_id"":""ca7d92fc045f47a4aab2d27e5ce72c53""}}"
660,660,"56.3045363 , -121.0845486","56.3045113 , -120.87374810000001",urban-urban,mixed,1136,"{""sample_routes"":{""date"":""2026-09-14"",""run_id"":""1e9917ae527545d8a96a3d21206fe880""},""join_samples"":{""date"":""2026-09-14"",""run_id"":""066e6ae7a97d4ff7a8fb08eee71ee69d""},""upload_data"":{""date"":""2026-09-14"",""run_id"":""ca7d92fc045f47a4aab2d27e5ce72c53""}}"
661,661,"49.3627333 , -119.62892240000001","49.5433223 , -119.6293203",urban-rural,mixed,1265,"{""sample_routes"":{""date"":""2026-09-14"",""run_id"":""1e9917ae527545d8a96a3d21206fe880""},""join_samples"":{""date"":""2026-09-14"",""run_id"":""066e6ae7a97d4ff7a8fb08eee71ee69d""},""upload_data"":{""date"":""2026-09-14"",""run_id"":""ca7d92fc045f47a4aab2d27e5ce72c53""}}"
662,662,"48.8837294 , -123.68329750000001","48.729687600000005 , -123.6837576",urban-urban,mixed,1135,"{""sample_routes"":{""date"":""2026-09-14"",""run_id"":""1e9917ae527545d8a96a3d21206fe880""},""join_samples"":{""date"":""2026-09-14"",""run_id"":""066e6ae7a97d4ff7a8fb08eee71ee69d""},""upload_data"":{""date"":""2026-09-14"",""run_id"":""ca7d92fc045f47a4aab2d27e5ce72c53""}}"
663,663,"49.189456 , -121.74023260000001","49.188989400000004 , -121.94223830000001",urban-urban,mixed,1265,"{""sample_routes"":{""date"":""2026-09-14"",""run_id"":""1e9917ae527545d8a96a3d21206fe880""},""join_samples"":{""date"":""2026-09-14"",""run_id"":""066e6ae7a97d4ff7a8fb08eee71ee69d""},""upload_data"":{""date"":""2026-09-14"",""run_id"":""ca7d92fc045f47a4aab2d27e5ce72c53""}}"
664,664,"53.0913909 , -122.46316410000001","52.9859578 , -122.4632028",rural-rural,mixed,1135,"{""sample_routes"":{""date"":""2026-09-14"",""run_id"":""1e9917ae527545d8a96a3d21206fe880""},""join_samples"":{""date"":""2026-09-14"",""run_id"":""066e6ae7a97d4ff7a8fb08eee71ee69d""},""upload_data"":{""date"":""2026-09-14"",""run_id"":""ca7d92fc045f47a4aab2d27e5ce72c53""}}"
668,668,"55.7016135 , -120.09489850000001","55.8105605 , -120.2036326",urban-urban,mixed,1266,"{""sample_routes"":{""date"":""2026-09-14"",""run_id"":""1e9917ae527545d8a96a3d21206fe880""},""join_samples"":{""date"":""2026-09-14"",""run_id"":""066e6ae7a97d4ff7a8fb08eee71ee69d""},""upload_data"":{""date"":""2026-09-14"",""run_id"":""ca7d92fc045f47a4aab2d27e5ce72c53""}}"
670,670,"50.632713200000005 , -119.8693961","50.696049800000004 , -119.80623030000001",urban-rural,mixed,1132,"{""sample_routes"":{""date"":""2026-09-14"",""run_id"":""1e9917ae527545d8a96a3d21206fe880""},""join_samples"":{""date"":""2026-09-14"",""run_id"":""066e6ae7a97d4ff7a8fb08eee71ee69d""},""upload_data"":{""date"":""2026-09-14"",""run_id"":""ca7d92fc045f47a4aab2d27e5ce72c53""}}"
672,672,"54.4047515 , -124.25650700000001","54.510299800000006 , -124.2569885",urban-rural,mixed,1268,"{""sample_routes"":{""date"":""2026-09-14"",""run_id"":""1e9917ae527545d8a96a3d21206fe880""},""join_samples"":{""date"":""2026-09-14"",""run_id"":""066e6ae7a97d4ff7a8fb08eee71ee69d""},""upload_data"":{""date"":""2026-09-14"",""run_id"":""ca7d92fc045f47a4aab2d27e5ce72c53""}}"
678,678,"49.6745597 , -115.97675450000001","49.7783486 , -115.87320100000001",urban-rural,mixed,1269,"{""sample_routes"":{""date"":""2026-09-14"",""run_id"":""1e9917ae527545d8a96a3d21206fe880""},""join_samples"":{""date"":""2026-09-14"",""run_id"":""066e6ae7a97d4ff7a8fb08eee71ee69d""},""upload_data"":{""date"":""2026-09-14"",""run_id"":""ca7d92fc045f47a4aab2d27e5ce72c53""}}"
681,681,"49.036885500000004 , -118.22668250000001","49.0368429 , -118.491729",urban-rural,mixed,1270,"{""sample_routes"":{""date"":""2026-09-14"",""run_id"":""1e9917ae527545d8a96a3d21206fe880""},""join_samples"":{""date"":""2026-09-14"",""run_id"":""066e6ae7a97d4ff7a8fb08eee71ee69d""},""upload_data"":{""date"":""2026-09-14"",""run_id"":""ca7d92fc045f47a4aab2d27e5ce72c53""}}"
683,683,"56.3041193 , -120.78509210000001","56.2464668 , -120.784621",urban-rural,mixed,1271,"{""sample_routes"":{""date"":""2026-09-14"",""run_id"":""1e9917ae527545d8a96a3d21206fe880""},""join_samples"":{""date"":""2026-09-14"",""run_id"":""066e6ae7a97d4ff7a8fb08eee71ee69d""},""upload_data"":{""date"":""2026-09-14"",""run_id"":""ca7d92fc045f47a4aab2d27e5ce72c53""}}"
684,684,"49.409542 , -115.3349489","49.4095177 , -115.24134640000001",urban-rural,mixed,1129,"{""sample_routes"":{""date"":""2026-09-14"",""run_id"":""1e9917ae527545d8a96a3d21206fe880""},""join_samples"":{""date"":""2026-09-14"",""run_id"":""066e6ae7a97d4ff7a8fb08eee71ee69d""},""upload_data"":{""date"":""2026-09-14"",""run_id"":""ca7d92fc045f47a4aab2d27e5ce72c53""}}"
686,686,"52.318629400000006 , -121.5021758","52.3961983 , -121.424565",rural-urban,mixed,1129,"{""sample_routes"":{""date"":""2026-09-14"",""run_id"":""1e9917ae527545d8a96a3d21206fe880""},""join_samples"":{""date"":""2026-09-14"",""run_id"":""066e6ae7a97d4ff7a8fb08eee71ee69d""},""upload_data"":{""date"":""2026-09-14"",""run_id"":""ca7d92fc045f47a4aab2d27e5ce72c53""}}"
689,689,"49.8309409 , -119.62822310000001","49.962444000000005 , -119.49668150000001",urban-rural,mixed,1275,"{""sample_routes"":{""date"":""2026-09-14"",""run_id"":""1e9917ae527545d8a96a3d21206fe880""},""join_samples"":{""date"":""2026-09-14"",""run_id"":""066e6ae7a97d4ff7a8fb08eee71ee69d""},""upload_data"":{""date"":""2026-09-14"",""run_id"":""ca7d92fc045f47a4aab2d27e5ce72c53""}}"
690,690,"49.0111026 , -119.1237229","49.0108236 , -119.3532418",urban-urban,mixed,1275,"{""sample_routes"":{""date"":""2026-09-14"",""run_id"":""1e9917ae527545d8a96a3d21206fe880""},""join_samples"":{""date"":""2026-09-14"",""run_id"":""066e6ae7a97d4ff7a8fb08eee71ee69d""},""upload_data"":{""date"":""2026-09-14"",""run_id"":""ca7d92fc045f47a4aab2d27e5ce72c53""}}"
691,691,"48.4618763 , -123.4020311","48.5939509 , -123.53368250000001",urban-rural,mixed,1125,"{""sample_routes"":{""date"":""2026-09-14"",""run_id"":""1e9917ae527545d8a96a3d21206fe880""},""join_samples"":{""date"":""2026-09-14"",""run_id"":""066e6ae7a97d4ff7a8fb08eee71ee69d""},""upload_data"":{""date"":""2026-09-14"",""run_id"":""ca7d92fc045f47a4aab2d27e5ce72c53""}}"
692,692,"49.3379679 , -119.5805263","49.505005800000006 , -119.5802381",rural-urban,mixed,1275,"{""sample_routes"":{""date"":""2026-09-14"",""run_id"":""1e9917ae527545d8a96a3d21206fe880""},""join_samples"":{""date"":""2026-09-14"",""run_id"":""066e6ae7a97d4ff7a8fb08eee71ee69d""},""upload_data"":{""date"":""2026-09-14"",""run_id"":""ca7d92fc045f47a4aab2d27e5ce72c53""}}"
694,694,"50.6817319 , -119.2390457","50.7858888 , -119.34297740000001",urban-urban,mixed,1125,"{""sample_routes"":{""date"":""2026-09-14"",""run_id"":""1e9917ae527545d8a96a3d21206fe880""},""join_samples"":{""date"":""2026-09-14"",""run_id"":""066e6ae7a97d4ff7a8fb08eee71ee69d""},""upload_data"":{""date"":""2026-09-14"",""run_id"":""ca7d92fc045f47a4aab2d27e5ce72c53""}}"
695,695,"49.1746532 , -122.32946310000001","49.174367100000005 , -122.51425470000001",rural-rural,mixed,1275,"{""sample_routes"":{""date"":""2026-09-14"",""run_id"":""1e9917ae527545d8a96a3d21206fe880""},""join_samples"":{""date"":""2026-09-14"",""run_id"":""066e6ae7a97d4ff7a8fb08eee71ee69d""},""upload_data"":{""date"":""2026-09-14"",""run_id"":""ca7d92fc045f47a4aab2d27e5ce72c53""}}"
696,696,"49.148245800000005 , -122.29130330000001","49.2242516 , -122.36775180000001",urban-urban,mixed,1125,"{""sample_routes"":{""date"":""2026-09-14"",""run_id"":""1e9917ae527545d8a96a3d21206fe880""},""join_samples"":{""date"":""2026-09-14"",""run_id"":""066e6ae7a97d4ff7a8fb08eee71ee69d""},""upload_data"":{""date"":""2026-09-14"",""run_id"":""ca7d92fc045f47a4aab2d27e5ce72c53""}}"
698,698,"50.6539001 , -120.0842384","50.653627500000006 , -119.8270794",urban-urban,mixed,1276,"{""sample_routes"":{""date"":""2026-09-14"",""run_id"":""1e9917ae527545d8a96a3d21206fe880""},""join_samples"":{""date"":""2026-09-14"",""run_id"":""066e6ae7a97d4ff7a8fb08eee71ee69d""},""upload_data"":{""date"":""2026-09-14"",""run_id"":""ca7d92fc045f47a4aab2d27e5ce72c53""}}"
699,699,"49.089378 , -118.4576911","49.088917300000006 , -118.52342060000001",rural-urban,mixed,1276,"{""sample_routes"":{""date"":""2026-09-14"",""run_id"":""1e9917ae527545d8a96a3d21206fe880""},""join_samples"":{""date"":""2026-09-14"",""run_id"":""066e6ae7a97d4ff7a8fb08eee71ee69d""},""upload_data"":{""date"":""2026-09-14"",""run_id"":""ca7d92fc045f47a4aab2d27e5ce72c53""}}"
700,700,"55.752665500000006 , -120.26071030000001","55.847153000000006 , -120.1665854",urban-urban,mixed,1276,"{""sample_routes"":{""date"":""2026-09-14"",""run_id"":""1e9917ae527545d8a96a3d21206fe880""},""join_samples"":{""date"":""2026-09-14"",""run_id"":""066e6ae7a97d4ff7a8fb08eee71ee69d""},""upload_data"":{""date"":""2026-09-14"",""run_id"":""ca7d92fc045f47a4aab2d27e5ce72c53""}}"
701,701,"50.036068400000005 , -119.44692400000001","49.930940500000005 , -119.3416004",urban-urban,mixed,1277,"{""sample_routes"":{""date"":""2026-09-14"",""run_id"":""1e9917ae527545d8a96a3d21206fe880""},""join_samples"":{""date"":""2026-09-14"",""run_id"":""066e6ae7a97d4ff7a8fb08eee71ee69d""},""upload_data"":{""date"":""2026-09-14"",""run_id"":""ca7d92fc045f47a4aab2d27e5ce72c53""}}"
703,703,"49.738815200000005 , -119.76668000000001","49.602257200000004 , -119.76675800000001",urban-rural,mixed,1277,"{""sample_routes"":{""date"":""2026-09-14"",""run_id"":""1e9917ae527545d8a96a3d21206fe880""},""join_samples"":{""date"":""2026-09-14"",""run_id"":""066e6ae7a97d4ff7a8fb08eee71ee69d""},""upload_data"":{""date"":""2026-09-14"",""run_id"":""ca7d92fc045f47a4aab2d27e5ce72c53""}}"
704,704,"49.3029779 , -124.18809540000001","49.3034199 , -124.4582726",urban-urban,mixed,1277,"{""sample_routes"":{""date"":""2026-09-14"",""run_id"":""1e9917ae527545d8a96a3d21206fe880""},""join_samples"":{""date"":""2026-09-14"",""run_id"":""066e6ae7a97d4ff7a8fb08eee71ee69d""},""upload_data"":{""date"":""2026-09-14"",""run_id"":""ca7d92fc045f47a4aab2d27e5ce72c53""}}"
705,705,"49.145572300000005 , -122.64570660000001","49.1457124 , -122.5092209",urban-urban,mixed,1123,"{""sample_routes"":{""date"":""2026-09-14"",""run_id"":""1e9917ae527545d8a96a3d21206fe880""},""join_samples"":{""date"":""2026-09-14"",""run_id"":""066e6ae7a97d4ff7a8fb08eee71ee69d""},""upload_data"":{""date"":""2026-09-14"",""run_id"":""ca7d92fc045f47a4aab2d27e5ce72c53""}}"
710,710,"55.506373700000005 , -120.03209980000001","55.6470859 , -120.1728238",urban-urban,mixed,1122,"{""sample_routes"":{""date"":""2026-09-14"",""run_id"":""1e9917ae527545d8a96a3d21206fe880""},""join_samples"":{""date"":""2026-09-14"",""run_id"":""066e6ae7a97d4ff7a8fb08eee71ee69d""},""upload_data"":{""date"":""2026-09-14"",""run_id"":""ca7d92fc045f47a4aab2d27e5ce72c53""}}"
714,714,"53.8127183 , -125.7950557","53.88691600000001 , -125.86966570000001",urban-rural,mixed,1120,"{""sample_routes"":{""date"":""2026-09-14"",""run_id"":""1e9917ae527545d8a96a3d21206fe880""},""join_samples"":{""date"":""2026-09-14"",""run_id"":""066e6ae7a97d4ff7a8fb08eee71ee69d""},""upload_data"":{""date"":""2026-09-14"",""run_id"":""ca7d92fc045f47a4aab2d27e5ce72c53""}}"
715,715,"49.017620900000004 , -118.74495580000001","49.0175447 , -119.01158260000001",urban-urban,mixed,1280,"{""sample_routes"":{""date"":""2026-09-14"",""run_id"":""1e9917ae527545d8a96a3d21206fe880""},""join_samples"":{""date"":""2026-09-14"",""run_id"":""066e6ae7a97d4ff7a8fb08eee71ee69d""},""upload_data"":{""date"":""2026-09-14"",""run_id"":""ca7d92fc045f47a4aab2d27e5ce72c53""}}"
718,718,"50.756351800000004 , -121.91846640000001","50.74008490000001 , -121.9348059",urban-rural,mixed,1118,"{""sample_routes"":{""date"":""2026-09-14"",""run_id"":""1e9917ae527545d8a96a3d21206fe880""},""join_samples"":{""date"":""2026-09-14"",""run_id"":""066e6ae7a97d4ff7a8fb08eee71ee69d""},""upload_data"":{""date"":""2026-09-14"",""run_id"":""ca7d92fc045f47a4aab2d27e5ce72c53""}}"
719,719,"49.5478862 , -123.2374467","49.34246 , -123.23716580000001",rural-urban,mixed,1282,"{""sample_routes"":{""date"":""2026-09-14"",""run_id"":""1e9917ae527545d8a96a3d21206fe880""},""join_samples"":{""date"":""2026-09-14"",""run_id"":""066e6ae7a97d4ff7a8fb08eee71ee69d""},""upload_data"":{""date"":""2026-09-14"",""run_id"":""ca7d92fc045f47a4aab2d27e5ce72c53""}}"
720,720,"55.8544684 , -120.6101677","55.9325941 , -120.53192410000001",urban-urban,mixed,1118,"{""sample_routes"":{""date"":""2026-09-14"",""run_id"":""1e9917ae527545d8a96a3d21206fe880""},""join_samples"":{""date"":""2026-09-14"",""run_id"":""066e6ae7a97d4ff7a8fb08eee71ee69d""},""upload_data"":{""date"":""2026-09-14"",""run_id"":""ca7d92fc045f47a4aab2d27e5ce72c53""}}"
723,723,"52.1269435 , -122.1355407","52.2750521 , -122.13598370000001",urban-urban,mixed,1117,"{""sample_routes"":{""date"":""2026-09-14"",""run_id"":""1e9917ae527545d8a96a3d21206fe880""},""join_samples"":{""date"":""2026-09-14"",""run_id"":""066e6ae7a97d4ff7a8fb08eee71ee69d""},""upload_data"":{""date"":""2026-09-14"",""run_id"":""ca7d92fc045f47a4aab2d27e5ce72c53""}}"
724,724,"55.745972900000005 , -120.0781168","55.745537600000006 , -120.328207",urban-urban,mixed,1117,"{""sample_routes"":{""date"":""2026-09-14"",""run_id"":""1e9917ae527545d8a96a3d21206fe880""},""join_samples"":{""date"":""2026-09-14"",""run_id"":""066e6ae7a97d4ff7a8fb08eee71ee69d""},""upload_data"":{""date"":""2026-09-14"",""run_id"":""ca7d92fc045f47a4aab2d27e5ce72c53""}}"
725,725,"49.0484443 , -118.97131370000001","49.0486951 , -119.2394823",urban-urban,mixed,1283,"{""sample_routes"":{""date"":""2026-09-14"",""run_id"":""1e9917ae527545d8a96a3d21206fe880""},""join_samples"":{""date"":""2026-09-14"",""run_id"":""066e6ae7a97d4ff7a8fb08eee71ee69d""},""upload_data"":{""date"":""2026-09-14"",""run_id"":""ca7d92fc045f47a4aab2d27e5ce72c53""}}"
727,727,"50.8671407 , -119.4812538","50.7059313 , -119.3195804",urban-urban,mixed,1283,"{""sample_routes"":{""date"":""2026-09-14"",""run_id"":""1e9917ae527545d8a96a3d21206fe880""},""join_samples"":{""date"":""2026-09-14"",""run_id"":""066e6ae7a97d4ff7a8fb08eee71ee69d""},""upload_data"":{""date"":""2026-09-14"",""run_id"":""ca7d92fc045f47a4aab2d27e5ce72c53""}}"
728,728,"52.102775 , -122.1419398","52.277276400000005 , -122.14208380000001",urban-urban,mixed,1283,"{""sample_routes"":{""date"":""2026-09-14"",""run_id"":""1e9917ae527545d8a96a3d21206fe880""},""join_samples"":{""date"":""2026-09-14"",""run_id"":""066e6ae7a97d4ff7a8fb08eee71ee69d""},""upload_data"":{""date"":""2026-09-14"",""run_id"":""ca7d92fc045f47a4aab2d27e5ce72c53""}}"
730,730,"49.3995255 , -117.66307400000001","49.337344900000005 , -117.60100870000001",urban-urban,mixed,1284,"{""sample_routes"":{""date"":""2026-09-14"",""run_id"":""1e9917ae527545d8a96a3d21206fe880""},""join_samples"":{""date"":""2026-09-14"",""run_id"":""066e6ae7a97d4ff7a8fb08eee71ee69d""},""upload_data"":{""date"":""2026-09-14"",""run_id"":""ca7d92fc045f47a4aab2d27e5ce72c53""}}"
731,731,"50.380252000000006 , -119.23166300000001","50.5285651 , -119.2315264",urban-rural,mixed,1285,"{""sample_routes"":{""date"":""2026-09-14"",""run_id"":""1e9917ae527545d8a96a3d21206fe880""},""join_samples"":{""date"":""2026-09-14"",""run_id"":""066e6ae7a97d4ff7a8fb08eee71ee69d""},""upload_data"":{""date"":""2026-09-14"",""run_id"":""ca7d92fc045f47a4aab2d27e5ce72c53""}}"
732,732,"49.133301800000005 , -122.0290748","49.1334881 , -121.8273197",urban-urban,mixed,1285,"{""sample_routes"":{""date"":""2026-09-14"",""run_id"":""1e9917ae527545d8a96a3d21206fe880""},""join_samples"":{""date"":""2026-09-14"",""run_id"":""066e6ae7a97d4ff7a8fb08eee71ee69d""},""upload_data"":{""date"":""2026-09-14"",""run_id"":""ca7d92fc045f47a4aab2d27e5ce72c53""}}"
734,734,"49.2807085 , -122.75087620000001","49.2808189 , -122.65895440000001",urban-urban,mixed,1115,"{""sample_routes"":{""date"":""2026-09-14"",""run_id"":""1e9917ae527545d8a96a3d21206fe880""},""join_samples"":{""date"":""2026-09-14"",""run_id"":""066e6ae7a97d4ff7a8fb08eee71ee69d""},""upload_data"":{""date"":""2026-09-14"",""run_id"":""ca7d92fc045f47a4aab2d27e5ce72c53""}}"
738,738,"49.1300097 , -122.6668075","49.1303968 , -122.48621130000001",urban-urban,mixed,1288,"{""sample_routes"":{""date"":""2026-09-14"",""run_id"":""1e9917ae527545d8a96a3d21206fe880""},""join_samples"":{""date"":""2026-09-14"",""run_id"":""066e6ae7a97d4ff7a8fb08eee71ee69d""},""upload_data"":{""date"":""2026-09-14"",""run_id"":""ca7d92fc045f47a4aab2d27e5ce72c53""}}"
740,740,"56.2731937 , -120.76838000000001","56.318855400000004 , -120.8137365",urban-urban,mixed,1288,"{""sample_routes"":{""date"":""2026-09-14"",""run_id"":""1e9917ae527545d8a96a3d21206fe880""},""join_samples"":{""date"":""2026-09-14"",""run_id"":""066e6ae7a97d4ff7a8fb08eee71ee69d""},""upload_data"":{""date"":""2026-09-14"",""run_id"":""ca7d92fc045f47a4aab2d27e5ce72c53""}}"
743,743,"48.498959000000006 , -123.38837350000001","48.499211300000006 , -123.5559187",urban-rural,mixed,1290,"{""sample_routes"":{""date"":""2026-09-14"",""run_id"":""1e9917ae527545d8a96a3d21206fe880""},""join_samples"":{""date"":""2026-09-14"",""run_id"":""066e6ae7a97d4ff7a8fb08eee71ee69d""},""upload_data"":{""date"":""2026-09-14"",""run_id"":""ca7d92fc045f47a4aab2d27e5ce72c53""}}"
745,745,"49.6006081 , -119.6948093","49.795448 , -119.69469830000001",urban-urban,mixed,1291,"{""sample_routes"":{""date"":""2026-09-14"",""run_id"":""1e9917ae527545d8a96a3d21206fe880""},""join_samples"":{""date"":""2026-09-14"",""run_id"":""066e6ae7a97d4ff7a8fb08eee71ee69d""},""upload_data"":{""date"":""2026-09-14"",""run_id"":""ca7d92fc045f47a4aab2d27e5ce72c53""}}"
746,746,"52.114918100000004 , -121.93624310000001","52.2337464 , -122.05460450000001",urban-urban,mixed,1291,"{""sample_routes"":{""date"":""2026-09-14"",""run_id"":""1e9917ae527545d8a96a3d21206fe880""},""join_samples"":{""date"":""2026-09-14"",""run_id"":""066e6ae7a97d4ff7a8fb08eee71ee69d""},""upload_data"":{""date"":""2026-09-14"",""run_id"":""ca7d92fc045f47a4aab2d27e5ce72c53""}}"
749,749,"52.112744400000004 , -122.15870330000001","52.294702300000004 , -122.1583446",urban-urban,mixed,1291,"{""sample_routes"":{""date"":""2026-09-14"",""run_id"":""1e9917ae527545d8a96a3d21206fe880""},""join_samples"":{""date"":""2026-09-14"",""run_id"":""066e6ae7a97d4ff7a8fb08eee71ee69d""},""upload_data"":{""date"":""2026-09-14"",""run_id"":""ca7d92fc045f47a4aab2d27e5ce72c53""}}"
751,751,"49.400983700000005 , -117.54803960000001","49.4005742 , -117.66719280000001",urban-urban,mixed,1292,"{""sample_routes"":{""date"":""2026-09-14"",""run_id"":""1e9917ae527545d8a96a3d21206fe880""},""join_samples"":{""date"":""2026-09-14"",""run_id"":""066e6ae7a97d4ff7a8fb08eee71ee69d""},""upload_data"":{""date"":""2026-09-14"",""run_id"":""ca7d92fc045f47a4aab2d27e5ce72c53""}}"
754,754,"50.6634023 , -120.3515988","50.5649011 , -120.25355390000001",urban-urban,mixed,1107,"{""sample_routes"":{""date"":""2026-09-14"",""run_id"":""1e9917ae527545d8a96a3d21206fe880""},""join_samples"":{""date"":""2026-09-14"",""run_id"":""066e6ae7a97d4ff7a8fb08eee71ee69d""},""upload_data"":{""date"":""2026-09-14"",""run_id"":""ca7d92fc045f47a4aab2d27e5ce72c53""}}"
760,760,"49.0219162 , -122.77387420000001","49.021524600000006 , -122.6250437",urban-rural,mixed,1105,"{""sample_routes"":{""date"":""2026-09-14"",""run_id"":""1e9917ae527545d8a96a3d21206fe880""},""join_samples"":{""date"":""2026-09-14"",""run_id"":""066e6ae7a97d4ff7a8fb08eee71ee69d""},""upload_data"":{""date"":""2026-09-14"",""run_id"":""ca7d92fc045f47a4aab2d27e5ce72c53""}}"
762,762,"49.0171549 , -122.39014490000001","49.01725020000001 , -122.573654",rural-urban,mixed,1104,"{""sample_routes"":{""date"":""2026-09-14"",""run_id"":""1e9917ae527545d8a96a3d21206fe880""},""join_samples"":{""date"":""2026-09-14"",""run_id"":""066e6ae7a97d4ff7a8fb08eee71ee69d""},""upload_data"":{""date"":""2026-09-14"",""run_id"":""ca7d92fc045f47a4aab2d27e5ce72c53""}}"
763,763,"50.0401546 , -119.3926809","50.1862434 , -119.3922768",urban-urban,mixed,1296,"{""sample_routes"":{""date"":""2026-09-14"",""run_id"":""1e9917ae527545d8a96a3d21206fe880""},""join_samples"":{""date"":""2026-09-14"",""run_id"":""066e6ae7a97d4ff7a8fb08eee71ee69d""},""upload_data"":{""date"":""2026-09-14"",""run_id"":""ca7d92fc045f47a4aab2d27e5ce72c53""}}"
764,764,"50.1515609 , -120.90793570000001","50.151195900000005 , -120.6985537",urban-rural,mixed,1103,"{""sample_routes"":{""date"":""2026-09-14"",""run_id"":""1e9917ae527545d8a96a3d21206fe880""},""join_samples"":{""date"":""2026-09-14"",""run_id"":""066e6ae7a97d4ff7a8fb08eee71ee69d""},""upload_data"":{""date"":""2026-09-14"",""run_id"":""ca7d92fc045f47a4aab2d27e5ce72c53""}}"
765,765,"53.797826900000004 , -122.70792800000001","53.677710700000006 , -122.70812500000001",urban-urban,mixed,1103,"{""sample_routes"":{""date"":""2026-09-14"",""run_id"":""1e9917ae527545d8a96a3d21206fe880""},""join_samples"":{""date"":""2026-09-14"",""run_id"":""066e6ae7a97d4ff7a8fb08eee71ee69d""},""upload_data"":{""date"":""2026-09-14"",""run_id"":""ca7d92fc045f47a4aab2d27e5ce72c53""}}"
767,767,"49.1851083 , -121.7648219","49.3386937 , -121.61131040000001",urban-urban,mixed,1297,"{""sample_routes"":{""date"":""2026-09-14"",""run_id"":""1e9917ae527545d8a96a3d21206fe880""},""join_samples"":{""date"":""2026-09-14"",""run_id"":""066e6ae7a97d4ff7a8fb08eee71ee69d""},""upload_data"":{""date"":""2026-09-14"",""run_id"":""ca7d92fc045f47a4aab2d27e5ce72c53""}}"
770,770,"55.934907700000004 , -121.06445670000001","55.934681700000006 , -120.8771992",urban-urban,mixed,1298,"{""sample_routes"":{""date"":""2026-09-14"",""run_id"":""1e9917ae527545d8a96a3d21206fe880""},""join_samples"":{""date"":""2026-09-14"",""run_id"":""066e6ae7a97d4ff7a8fb08eee71ee69d""},""upload_data"":{""date"":""2026-09-14"",""run_id"":""ca7d92fc045f47a4aab2d27e5ce72c53""}}"
772,772,"50.134035100000006 , -119.38304740000001","50.283030200000006 , -119.23371730000001",urban-rural,mixed,1298,"{""sample_routes"":{""date"":""2026-09-14"",""run_id"":""1e9917ae527545d8a96a3d21206fe880""},""join_samples"":{""date"":""2026-09-14"",""run_id"":""066e6ae7a97d4ff7a8fb08eee71ee69d""},""upload_data"":{""date"":""2026-09-14"",""run_id"":""ca7d92fc045f47a4aab2d27e5ce72c53""}}"
776,776,"51.823761000000005 , -121.06601810000001","51.7761742 , -121.01809700000001",urban-urban,mixed,1300,"{""sample_routes"":{""date"":""2026-09-14"",""run_id"":""1e9917ae527545d8a96a3d21206fe880""},""join_samples"":{""date"":""2026-09-14"",""run_id"":""066e6ae7a97d4ff7a8fb08eee71ee69d""},""upload_data"":{""date"":""2026-09-14"",""run_id"":""ca7d92fc045f47a4aab2d27e5ce72c53""}}"
777,777,"49.0034706 , -116.4982286","49.163994800000005 , -116.3380925",urban-urban,mixed,1300,"{""sample_routes"":{""date"":""2026-09-14"",""run_id"":""1e9917ae527545d8a96a3d21206fe880""},""join_samples"":{""date"":""2026-09-14"",""run_id"":""066e6ae7a97d4ff7a8fb08eee71ee69d""},""upload_data"":{""date"":""2026-09-14"",""run_id"":""ca7d92fc045f47a4aab2d27e5ce72c53""}}"
778,778,"49.0648101 , -123.7864335","48.9923439 , -123.7864217",urban-urban,mixed,1099,"{""sample_routes"":{""date"":""2026-09-14"",""run_id"":""1e9917ae527545d8a96a3d21206fe880""},""join_samples"":{""date"":""2026-09-14"",""run_id"":""066e6ae7a97d4ff7a8fb08eee71ee69d""},""upload_data"":{""date"":""2026-09-14"",""run_id"":""ca7d92fc045f47a4aab2d27e5ce72c53""}}"
779,779,"49.3282424 , -124.28099160000001","49.328544900000004 , -124.4554796",urban-urban,mixed,1099,"{""sample_routes"":{""date"":""2026-09-14"",""run_id"":""1e9917ae527545d8a96a3d21206fe880""},""join_samples"":{""date"":""2026-09-14"",""run_id"":""066e6ae7a97d4ff7a8fb08eee71ee69d""},""upload_data"":{""date"":""2026-09-14"",""run_id"":""ca7d92fc045f47a4aab2d27e5ce72c53""}}"
781,781,"49.035900000000005 , -122.27942730000001","49.124224000000005 , -122.19100250000001",urban-rural,mixed,1302,"{""sample_routes"":{""date"":""2026-09-14"",""run_id"":""1e9917ae527545d8a96a3d21206fe880""},""join_samples"":{""date"":""2026-09-14"",""run_id"":""066e6ae7a97d4ff7a8fb08eee71ee69d""},""upload_data"":{""date"":""2026-09-14"",""run_id"":""ca7d92fc045f47a4aab2d27e5ce72c53""}}"
782,782,"55.7545263 , -120.5428176","55.754928500000005 , -120.17276930000001",rural-urban,mixed,1098,"{""sample_routes"":{""date"":""2026-09-14"",""run_id"":""1e9917ae527545d8a96a3d21206fe880""},""join_samples"":{""date"":""2026-09-14"",""run_id"":""066e6ae7a97d4ff7a8fb08eee71ee69d""},""upload_data"":{""date"":""2026-09-14"",""run_id"":""ca7d92fc045f47a4aab2d27e5ce72c53""}}"
784,784,"55.737681800000004 , -120.1503383","55.737698900000005 , -120.4057686",urban-urban,mixed,1097,"{""sample_routes"":{""date"":""2026-09-14"",""run_id"":""1e9917ae527545d8a96a3d21206fe880""},""join_samples"":{""date"":""2026-09-14"",""run_id"":""066e6ae7a97d4ff7a8fb08eee71ee69d""},""upload_data"":{""date"":""2026-09-14"",""run_id"":""ca7d92fc045f47a4aab2d27e5ce72c53""}}"
786,786,"53.964477300000006 , -124.11222900000001","53.8970355 , -124.17977110000001",urban-urban,mixed,1303,"{""sample_routes"":{""date"":""2026-09-14"",""run_id"":""1e9917ae527545d8a96a3d21206fe880""},""join_samples"":{""date"":""2026-09-14"",""run_id"":""066e6ae7a97d4ff7a8fb08eee71ee69d""},""upload_data"":{""date"":""2026-09-14"",""run_id"":""ca7d92fc045f47a4aab2d27e5ce72c53""}}"
787,787,"49.0614914 , -122.2462668","49.118271500000006 , -122.2460023",urban-urban,mixed,1097,"{""sample_routes"":{""date"":""2026-09-14"",""run_id"":""1e9917ae527545d8a96a3d21206fe880""},""join_samples"":{""date"":""2026-09-14"",""run_id"":""066e6ae7a97d4ff7a8fb08eee71ee69d""},""upload_data"":{""date"":""2026-09-14"",""run_id"":""ca7d92fc045f47a4aab2d27e5ce72c53""}}"
789,789,"55.1729417 , -127.3845744","55.019916300000006 , -127.38488650000001",rural-urban,mixed,1304,"{""sample_routes"":{""date"":""2026-09-14"",""run_id"":""1e9917ae527545d8a96a3d21206fe880""},""join_samples"":{""date"":""2026-09-14"",""run_id"":""066e6ae7a97d4ff7a8fb08eee71ee69d""},""upload_data"":{""date"":""2026-09-14"",""run_id"":""ca7d92fc045f47a4aab2d27e5ce72c53""}}"
790,790,"52.249382700000005 , -121.76309610000001","52.1837882 , -121.7631963",urban-urban,mixed,1304,"{""sample_routes"":{""date"":""2026-09-14"",""run_id"":""1e9917ae527545d8a96a3d21206fe880""},""join_samples"":{""date"":""2026-09-14"",""run_id"":""066e6ae7a97d4ff7a8fb08eee71ee69d""},""upload_data"":{""date"":""2026-09-14"",""run_id"":""ca7d92fc045f47a4aab2d27e5ce72c53""}}"
792,792,"56.48651340000001 , -120.92649610000001","56.4864625 , -120.79473940000001",urban-urban,mixed,1306,"{""sample_routes"":{""date"":""2026-09-14"",""run_id"":""1e9917ae527545d8a96a3d21206fe880""},""join_samples"":{""date"":""2026-09-14"",""run_id"":""066e6ae7a97d4ff7a8fb08eee71ee69d""},""upload_data"":{""date"":""2026-09-14"",""run_id"":""ca7d92fc045f47a4aab2d27e5ce72c53""}}"
793,793,"50.4997977 , -119.5748174","50.6112193 , -119.68638790000001",rural-urban,mixed,1306,"{""sample_routes"":{""date"":""2026-09-14"",""run_id"":""1e9917ae527545d8a96a3d21206fe880""},""join_samples"":{""date"":""2026-09-14"",""run_id"":""066e6ae7a97d4ff7a8fb08eee71ee69d""},""upload_data"":{""date"":""2026-09-14"",""run_id"":""ca7d92fc045f47a4aab2d27e5ce72c53""}}"
796,796,"50.617721 , -116.07134140000001","50.5559316 , -116.0717422",urban-rural,mixed,1307,"{""sample_routes"":{""date"":""2026-09-14"",""run_id"":""1e9917ae527545d8a96a3d21206fe880""},""join_samples"":{""date"":""2026-09-14"",""run_id"":""066e6ae7a97d4ff7a8fb08eee71ee69d""},""upload_data"":{""date"":""2026-09-14"",""run_id"":""ca7d92fc045f47a4aab2d27e5ce72c53""}}"
802,802,"52.1678475 , -122.1237232","52.3048274 , -122.1235037",urban-urban,mixed,1092,"{""sample_routes"":{""date"":""2026-09-14"",""run_id"":""1e9917ae527545d8a96a3d21206fe880""},""join_samples"":{""date"":""2026-09-14"",""run_id"":""066e6ae7a97d4ff7a8fb08eee71ee69d""},""upload_data"":{""date"":""2026-09-14"",""run_id"":""ca7d92fc045f47a4aab2d27e5ce72c53""}}"
806,806,"49.875185200000004 , -120.6301988","49.956690200000004 , -120.71145820000001",rural-rural,mixed,1309,"{""sample_routes"":{""date"":""2026-09-14"",""run_id"":""1e9917ae527545d8a96a3d21206fe880""},""join_samples"":{""date"":""2026-09-14"",""run_id"":""066e6ae7a97d4ff7a8fb08eee71ee69d""},""upload_data"":{""date"":""2026-09-14"",""run_id"":""ca7d92fc045f47a4aab2d27e5ce72c53""}}"
812,812,"52.51635580000001 , -125.3028993","52.4237905 , -125.2099936",urban-urban,mixed,1089,"{""sample_routes"":{""date"":""2026-09-14"",""run_id"":""1e9917ae527545d8a96a3d21206fe880""},""join_samples"":{""date"":""2026-09-14"",""run_id"":""066e6ae7a97d4ff7a8fb08eee71ee69d""},""upload_data"":{""date"":""2026-09-14"",""run_id"":""ca7d92fc045f47a4aab2d27e5ce72c53""}}"
813,813,"54.906095900000004 , -127.28058050000001","54.716353500000004 , -127.0907183",urban-urban,mixed,1311,"{""sample_routes"":{""date"":""2026-09-14"",""run_id"":""1e9917ae527545d8a96a3d21206fe880""},""join_samples"":{""date"":""2026-09-14"",""run_id"":""066e6ae7a97d4ff7a8fb08eee71ee69d""},""upload_data"":{""date"":""2026-09-14"",""run_id"":""ca7d92fc045f47a4aab2d27e5ce72c53""}}"
818,818,"49.0103826 , -122.51489910000001","49.146829100000005 , -122.51447890000001",rural-urban,mixed,1312,"{""sample_routes"":{""date"":""2026-09-14"",""run_id"":""1e9917ae527545d8a96a3d21206fe880""},""join_samples"":{""date"":""2026-09-14"",""run_id"":""066e6ae7a97d4ff7a8fb08eee71ee69d""},""upload_data"":{""date"":""2026-09-14"",""run_id"":""ca7d92fc045f47a4aab2d27e5ce72c53""}}"
822,822,"49.014996700000005 , -123.79086310000001","49.077544800000005 , -123.79123430000001",urban-urban,mixed,1088,"{""sample_routes"":{""date"":""2026-09-14"",""run_id"":""1e9917ae527545d8a96a3d21206fe880""},""join_samples"":{""date"":""2026-09-14"",""run_id"":""066e6ae7a97d4ff7a8fb08eee71ee69d""},""upload_data"":{""date"":""2026-09-14"",""run_id"":""ca7d92fc045f47a4aab2d27e5ce72c53""}}"
823,823,"50.7155508 , -120.64002450000001","50.7153968 , -120.33180630000001",urban-urban,mixed,1312,"{""sample_routes"":{""date"":""2026-09-14"",""run_id"":""1e9917ae527545d8a96a3d21206fe880""},""join_samples"":{""date"":""2026-09-14"",""run_id"":""066e6ae7a97d4ff7a8fb08eee71ee69d""},""upload_data"":{""date"":""2026-09-14"",""run_id"":""ca7d92fc045f47a4aab2d27e5ce72c53""}}"
825,825,"56.3293332 , -120.8211773","56.2755006 , -120.76750360000001",rural-rural,mixed,1313,"{""sample_routes"":{""date"":""2026-09-14"",""run_id"":""1e9917ae527545d8a96a3d21206fe880""},""join_samples"":{""date"":""2026-09-14"",""run_id"":""066e6ae7a97d4ff7a8fb08eee71ee69d""},""upload_data"":{""date"":""2026-09-14"",""run_id"":""ca7d92fc045f47a4aab2d27e5ce72c53""}}"
826,826,"51.158778700000006 , -116.8000064","51.315846400000005 , -116.9572586",urban-urban,mixed,1314,"{""sample_routes"":{""date"":""2026-09-14"",""run_id"":""1e9917ae527545d8a96a3d21206fe880""},""join_samples"":{""date"":""2026-09-14"",""run_id"":""066e6ae7a97d4ff7a8fb08eee71ee69d""},""upload_data"":{""date"":""2026-09-14"",""run_id"":""ca7d92fc045f47a4aab2d27e5ce72c53""}}"
828,828,"50.643263600000004 , -122.0688554","50.6431191 , -121.8767974",rural-rural,mixed,1085,"{""sample_routes"":{""date"":""2026-09-14"",""run_id"":""1e9917ae527545d8a96a3d21206fe880""},""join_samples"":{""date"":""2026-09-14"",""run_id"":""066e6ae7a97d4ff7a8fb08eee71ee69d""},""upload_data"":{""date"":""2026-09-14"",""run_id"":""ca7d92fc045f47a4aab2d27e5ce72c53""}}"
829,829,"50.6416564 , -119.18756590000001","50.785735700000004 , -119.33174700000001",rural-urban,mixed,1315,"{""sample_routes"":{""date"":""2026-09-14"",""run_id"":""1e9917ae527545d8a96a3d21206fe880""},""join_samples"":{""date"":""2026-09-14"",""run_id"":""066e6ae7a97d4ff7a8fb08eee71ee69d""},""upload_data"":{""date"":""2026-09-14"",""run_id"":""ca7d92fc045f47a4aab2d27e5ce72c53""}}"
831,831,"50.676588300000006 , -119.0556574","50.784800700000005 , -119.1638135",urban-rural,mixed,1316,"{""sample_routes"":{""date"":""2026-09-14"",""run_id"":""1e9917ae527545d8a96a3d21206fe880""},""join_samples"":{""date"":""2026-09-14"",""run_id"":""066e6ae7a97d4ff7a8fb08eee71ee69d""},""upload_data"":{""date"":""2026-09-14"",""run_id"":""ca7d92fc045f47a4aab2d27e5ce72c53""}}"
832,832,"50.223535500000004 , -119.0717891","50.2233582 , -119.28396020000001",urban-urban,mixed,1316,"{""sample_routes"":{""date"":""2026-09-14"",""run_id"":""1e9917ae527545d8a96a3d21206fe880""},""join_samples"":{""date"":""2026-09-14"",""run_id"":""066e6ae7a97d4ff7a8fb08eee71ee69d""},""upload_data"":{""date"":""2026-09-14"",""run_id"":""ca7d92fc045f47a4aab2d27e5ce72c53""}}"
835,835,"50.732184700000005 , -120.67730130000001","50.7317484 , -120.81926870000001",urban-urban,mixed,1082,"{""sample_routes"":{""date"":""2026-09-14"",""run_id"":""1e9917ae527545d8a96a3d21206fe880""},""join_samples"":{""date"":""2026-09-14"",""run_id"":""066e6ae7a97d4ff7a8fb08eee71ee69d""},""upload_data"":{""date"":""2026-09-14"",""run_id"":""ca7d92fc045f47a4aab2d27e5ce72c53""}}"
837,837,"52.2889381 , -121.41536330000001","52.28898220000001 , -121.58935120000001",urban-rural,mixed,1320,"{""sample_routes"":{""date"":""2026-09-14"",""run_id"":""1e9917ae527545d8a96a3d21206fe880""},""join_samples"":{""date"":""2026-09-14"",""run_id"":""066e6ae7a97d4ff7a8fb08eee71ee69d""},""upload_data"":{""date"":""2026-09-14"",""run_id"":""ca7d92fc045f47a4aab2d27e5ce72c53""}}"
839,839,"56.3078366 , -120.9561292","56.307695300000006 , -120.7947352",rural-urban,mixed,1320,"{""sample_routes"":{""date"":""2026-09-14"",""run_id"":""1e9917ae527545d8a96a3d21206fe880""},""join_samples"":{""date"":""2026-09-14"",""run_id"":""066e6ae7a97d4ff7a8fb08eee71ee69d""},""upload_data"":{""date"":""2026-09-14"",""run_id"":""ca7d92fc045f47a4aab2d27e5ce72c53""}}"
843,843,"49.107533200000006 , -118.5675755","49.0335775 , -118.49338580000001",urban-urban,mixed,1322,"{""sample_routes"":{""date"":""2026-09-14"",""run_id"":""1e9917ae527545d8a96a3d21206fe880""},""join_samples"":{""date"":""2026-09-14"",""run_id"":""066e6ae7a97d4ff7a8fb08eee71ee69d""},""upload_data"":{""date"":""2026-09-14"",""run_id"":""ca7d92fc045f47a4aab2d27e5ce72c53""}}"
846,846,"50.663612300000004 , -119.5893482","50.7263176 , -119.65221620000001",urban-rural,mixed,1076,"{""sample_routes"":{""date"":""2026-09-14"",""run_id"":""1e9917ae527545d8a96a3d21206fe880""},""join_samples"":{""date"":""2026-09-14"",""run_id"":""066e6ae7a97d4ff7a8fb08eee71ee69d""},""upload_data"":{""date"":""2026-09-14"",""run_id"":""ca7d92fc045f47a4aab2d27e5ce72c53""}}"
849,849,"49.0984503 , -122.3709747","49.098528 , -122.5590564",urban-urban,mixed,1325,"{""sample_routes"":{""date"":""2026-09-14"",""run_id"":""1e9917ae527545d8a96a3d21206fe880""},""join_samples"":{""date"":""2026-09-14"",""run_id"":""066e6ae7a97d4ff7a8fb08eee71ee69d""},""upload_data"":{""date"":""2026-09-14"",""run_id"":""ca7d92fc045f47a4aab2d27e5ce72c53""}}"
850,850,"52.93495720000001 , -122.52989430000001","53.006548300000006 , -122.60140170000001",urban-urban,mixed,1325,"{""sample_routes"":{""date"":""2026-09-14"",""run_id"":""1e9917ae527545d8a96a3d21206fe880""},""join_samples"":{""date"":""2026-09-14"",""run_id"":""066e6ae7a97d4ff7a8fb08eee71ee69d""},""upload_data"":{""date"":""2026-09-14"",""run_id"":""ca7d92fc045f47a4aab2d27e5ce72c53""}}"
851,851,"53.956466400000004 , -122.5770406","53.956671 , -122.80782020000001",urban-urban,mixed,1326,"{""sample_routes"":{""date"":""2026-09-14"",""run_id"":""1e9917ae527545d8a96a3d21206fe880""},""join_samples"":{""date"":""2026-09-14"",""run_id"":""066e6ae7a97d4ff7a8fb08eee71ee69d""},""upload_data"":{""date"":""2026-09-14"",""run_id"":""ca7d92fc045f47a4aab2d27e5ce72c53""}}"
852,852,"52.967656700000006 , -122.4056532","52.822668 , -122.40566410000001",rural-urban,mixed,1074,"{""sample_routes"":{""date"":""2026-09-14"",""run_id"":""1e9917ae527545d8a96a3d21206fe880""},""join_samples"":{""date"":""2026-09-14"",""run_id"":""066e6ae7a97d4ff7a8fb08eee71ee69d""},""upload_data"":{""date"":""2026-09-14"",""run_id"":""ca7d92fc045f47a4aab2d27e5ce72c53""}}"
853,853,"50.4454287 , -119.1950178","50.6013619 , -119.19518240000001",urban-urban,mixed,1326,"{""sample_routes"":{""date"":""2026-09-14"",""run_id"":""1e9917ae527545d8a96a3d21206fe880""},""join_samples"":{""date"":""2026-09-14"",""run_id"":""066e6ae7a97d4ff7a8fb08eee71ee69d""},""upload_data"":{""date"":""2026-09-14"",""run_id"":""ca7d92fc045f47a4aab2d27e5ce72c53""}}"
854,854,"51.5267831 , -120.9634192","51.526407600000006 , -120.7613805",urban-urban,mixed,1327,"{""sample_routes"":{""date"":""2026-09-14"",""run_id"":""1e9917ae527545d8a96a3d21206fe880""},""join_samples"":{""date"":""2026-09-14"",""run_id"":""066e6ae7a97d4ff7a8fb08eee71ee69d""},""upload_data"":{""date"":""2026-09-14"",""run_id"":""ca7d92fc045f47a4aab2d27e5ce72c53""}}"
856,856,"50.436309 , -115.9955882","50.4617694 , -115.9697294",urban-urban,mixed,1328,"{""sample_routes"":{""date"":""2026-09-14"",""run_id"":""1e9917ae527545d8a96a3d21206fe880""},""join_samples"":{""date"":""2026-09-14"",""run_id"":""066e6ae7a97d4ff7a8fb08eee71ee69d""},""upload_data"":{""date"":""2026-09-14"",""run_id"":""ca7d92fc045f47a4aab2d27e5ce72c53""}}"
857,857,"49.0216216 , -123.09311310000001","49.170213000000004 , -123.0929928",urban-urban,mixed,1328,"{""sample_routes"":{""date"":""2026-09-14"",""run_id"":""1e9917ae527545d8a96a3d21206fe880""},""join_samples"":{""date"":""2026-09-14"",""run_id"":""066e6ae7a97d4ff7a8fb08eee71ee69d""},""upload_data"":{""date"":""2026-09-14"",""run_id"":""ca7d92fc045f47a4aab2d27e5ce72c53""}}"
858,858,"51.650555700000005 , -120.0484926","51.6502077 , -119.6873972",urban-urban,mixed,1328,"{""sample_routes"":{""date"":""2026-09-14"",""run_id"":""1e9917ae527545d8a96a3d21206fe880""},""join_samples"":{""date"":""2026-09-14"",""run_id"":""066e6ae7a97d4ff7a8fb08eee71ee69d""},""upload_data"":{""date"":""2026-09-14"",""run_id"":""ca7d92fc045f47a4aab2d27e5ce72c53""}}"
860,860,"48.939460200000006 , -123.74631550000001","48.794637800000004 , -123.7462986",urban-urban,mixed,1329,"{""sample_routes"":{""date"":""2026-09-14"",""run_id"":""1e9917ae527545d8a96a3d21206fe880""},""join_samples"":{""date"":""2026-09-14"",""run_id"":""066e6ae7a97d4ff7a8fb08eee71ee69d""},""upload_data"":{""date"":""2026-09-14"",""run_id"":""ca7d92fc045f47a4aab2d27e5ce72c53""}}"
862,862,"51.644184800000005 , -120.0208149","51.6438919 , -119.6877484",urban-urban,mixed,1329,"{""sample_routes"":{""date"":""2026-09-14"",""run_id"":""1e9917ae527545d8a96a3d21206fe880""},""join_samples"":{""date"":""2026-09-14"",""run_id"":""066e6ae7a97d4ff7a8fb08eee71ee69d""},""upload_data"":{""date"":""2026-09-14"",""run_id"":""ca7d92fc045f47a4aab2d27e5ce72c53""}}"
863,863,"49.9864699 , -119.447985","49.9181625 , -119.379711",urban-urban,mixed,1070,"{""sample_routes"":{""date"":""2026-09-14"",""run_id"":""1e9917ae527545d8a96a3d21206fe880""},""join_samples"":{""date"":""2026-09-14"",""run_id"":""066e6ae7a97d4ff7a8fb08eee71ee69d""},""upload_data"":{""date"":""2026-09-14"",""run_id"":""ca7d92fc045f47a4aab2d27e5ce72c53""}}"
867,867,"49.1236272 , -122.86228220000001","49.123937000000005 , -123.0235179",urban-rural,mixed,1331,"{""sample_routes"":{""date"":""2026-09-14"",""run_id"":""1e9917ae527545d8a96a3d21206fe880""},""join_samples"":{""date"":""2026-09-14"",""run_id"":""066e6ae7a97d4ff7a8fb08eee71ee69d""},""upload_data"":{""date"":""2026-09-14"",""run_id"":""ca7d92fc045f47a4aab2d27e5ce72c53""}}"
869,869,"50.0164862 , -119.4944813","49.884486 , -119.4949469",urban-urban,mixed,1331,"{""sample_routes"":{""date"":""2026-09-14"",""run_id"":""1e9917ae527545d8a96a3d21206fe880""},""join_samples"":{""date"":""2026-09-14"",""run_id"":""066e6ae7a97d4ff7a8fb08eee71ee69d""},""upload_data"":{""date"":""2026-09-14"",""run_id"":""ca7d92fc045f47a4aab2d27e5ce72c53""}}"
873,873,"50.3999978 , -119.27846290000001","50.2526717 , -119.27866060000001",rural-urban,mixed,1334,"{""sample_routes"":{""date"":""2026-09-14"",""run_id"":""1e9917ae527545d8a96a3d21206fe880""},""join_samples"":{""date"":""2026-09-14"",""run_id"":""066e6ae7a97d4ff7a8fb08eee71ee69d""},""upload_data"":{""date"":""2026-09-14"",""run_id"":""ca7d92fc045f47a4aab2d27e5ce72c53""}}"
876,876,"56.352942000000006 , -121.0576819","56.221784500000005 , -120.9265144",urban-rural,mixed,1065,"{""sample_routes"":{""date"":""2026-09-14"",""run_id"":""1e9917ae527545d8a96a3d21206fe880""},""join_samples"":{""date"":""2026-09-14"",""run_id"":""066e6ae7a97d4ff7a8fb08eee71ee69d""},""upload_data"":{""date"":""2026-09-14"",""run_id"":""ca7d92fc045f47a4aab2d27e5ce72c53""}}"
877,877,"52.1702085 , -122.15166400000001","52.065926000000005 , -122.1512392",urban-urban,mixed,1336,"{""sample_routes"":{""date"":""2026-09-14"",""run_id"":""1e9917ae527545d8a96a3d21206fe880""},""join_samples"":{""date"":""2026-09-14"",""run_id"":""066e6ae7a97d4ff7a8fb08eee71ee69d""},""upload_data"":{""date"":""2026-09-14"",""run_id"":""ca7d92fc045f47a4aab2d27e5ce72c53""}}"
878,878,"49.596525 , -119.72136","49.7822213 , -119.72087750000001",urban-urban,mixed,1336,"{""sample_routes"":{""date"":""2026-09-14"",""run_id"":""1e9917ae527545d8a96a3d21206fe880""},""join_samples"":{""date"":""2026-09-14"",""run_id"":""066e6ae7a97d4ff7a8fb08eee71ee69d""},""upload_data"":{""date"":""2026-09-14"",""run_id"":""ca7d92fc045f47a4aab2d27e5ce72c53""}}"
882,882,"55.718732900000006 , -121.19499150000001","55.825245300000006 , -121.08819190000001",urban-urban,mixed,1061,"{""sample_routes"":{""date"":""2026-09-14"",""run_id"":""1e9917ae527545d8a96a3d21206fe880""},""join_samples"":{""date"":""2026-09-14"",""run_id"":""066e6ae7a97d4ff7a8fb08eee71ee69d""},""upload_data"":{""date"":""2026-09-14"",""run_id"":""ca7d92fc045f47a4aab2d27e5ce72c53""}}"
883,883,"51.5059644 , -120.84054990000001","51.505977300000005 , -120.59677420000001",urban-urban,mixed,1060,"{""sample_routes"":{""date"":""2026-09-14"",""run_id"":""1e9917ae527545d8a96a3d21206fe880""},""join_samples"":{""date"":""2026-09-14"",""run_id"":""066e6ae7a97d4ff7a8fb08eee71ee69d""},""upload_data"":{""date"":""2026-09-14"",""run_id"":""ca7d92fc045f47a4aab2d27e5ce72c53""}}"
884,884,"52.0087629 , -121.74137460000001","51.911923900000005 , -121.74166090000001",urban-rural,mixed,1341,"{""sample_routes"":{""date"":""2026-09-14"",""run_id"":""1e9917ae527545d8a96a3d21206fe880""},""join_samples"":{""date"":""2026-09-14"",""run_id"":""066e6ae7a97d4ff7a8fb08eee71ee69d""},""upload_data"":{""date"":""2026-09-14"",""run_id"":""ca7d92fc045f47a4aab2d27e5ce72c53""}}"
885,885,"49.3961721 , -117.6434363","49.343857400000005 , -117.591262",urban-urban,mixed,1341,"{""sample_routes"":{""date"":""2026-09-14"",""run_id"":""1e9917ae527545d8a96a3d21206fe880""},""join_samples"":{""date"":""2026-09-14"",""run_id"":""066e6ae7a97d4ff7a8fb08eee71ee69d""},""upload_data"":{""date"":""2026-09-14"",""run_id"":""ca7d92fc045f47a4aab2d27e5ce72c53""}}"
886,886,"49.1640956 , -116.33672720000001","49.0060468 , -116.4947247",urban-urban,mixed,1341,"{""sample_routes"":{""date"":""2026-09-14"",""run_id"":""1e9917ae527545d8a96a3d21206fe880""},""join_samples"":{""date"":""2026-09-14"",""run_id"":""066e6ae7a97d4ff7a8fb08eee71ee69d""},""upload_data"":{""date"":""2026-09-14"",""run_id"":""ca7d92fc045f47a4aab2d27e5ce72c53""}}"
888,888,"53.9476549 , -123.9718342","54.130796200000006 , -124.1549391",urban-rural,mixed,1342,"{""sample_routes"":{""date"":""2026-09-14"",""run_id"":""1e9917ae527545d8a96a3d21206fe880""},""join_samples"":{""date"":""2026-09-14"",""run_id"":""066e6ae7a97d4ff7a8fb08eee71ee69d""},""upload_data"":{""date"":""2026-09-14"",""run_id"":""ca7d92fc045f47a4aab2d27e5ce72c53""}}"
889,889,"53.831133400000006 , -126.02169620000001","53.7539619 , -125.94495160000001",urban-urban,mixed,1058,"{""sample_routes"":{""date"":""2026-09-14"",""run_id"":""1e9917ae527545d8a96a3d21206fe880""},""join_samples"":{""date"":""2026-09-14"",""run_id"":""066e6ae7a97d4ff7a8fb08eee71ee69d""},""upload_data"":{""date"":""2026-09-14"",""run_id"":""ca7d92fc045f47a4aab2d27e5ce72c53""}}"
890,890,"52.287548400000006 , -121.37529740000001","52.2874916 , -121.5916071",urban-rural,mixed,1343,"{""sample_routes"":{""date"":""2026-09-14"",""run_id"":""1e9917ae527545d8a96a3d21206fe880""},""join_samples"":{""date"":""2026-09-14"",""run_id"":""066e6ae7a97d4ff7a8fb08eee71ee69d""},""upload_data"":{""date"":""2026-09-14"",""run_id"":""ca7d92fc045f47a4aab2d27e5ce72c53""}}"
891,891,"56.24932020000001 , -120.92404160000001","56.249757 , -120.66303210000001",urban-urban,mixed,1343,"{""sample_routes"":{""date"":""2026-09-14"",""run_id"":""1e9917ae527545d8a96a3d21206fe880""},""join_samples"":{""date"":""2026-09-14"",""run_id"":""066e6ae7a97d4ff7a8fb08eee71ee69d""},""upload_data"":{""date"":""2026-09-14"",""run_id"":""ca7d92fc045f47a4aab2d27e5ce72c53""}}"
894,894,"50.1215794 , -120.7590169","50.121577200000004 , -120.8636196",urban-urban,mixed,1344,"{""sample_routes"":{""date"":""2026-09-14"",""run_id"":""1e9917ae527545d8a96a3d21206fe880""},""join_samples"":{""date"":""2026-09-14"",""run_id"":""066e6ae7a97d4ff7a8fb08eee71ee69d""},""upload_data"":{""date"":""2026-09-14"",""run_id"":""ca7d92fc045f47a4aab2d27e5ce72c53""}}"
896,896,"49.197014200000005 , -121.73226290000001","49.366866400000006 , -121.5625198",urban-rural,mixed,1345,"{""sample_routes"":{""date"":""2026-09-14"",""run_id"":""1e9917ae527545d8a96a3d21206fe880""},""join_samples"":{""date"":""2026-09-14"",""run_id"":""066e6ae7a97d4ff7a8fb08eee71ee69d""},""upload_data"":{""date"":""2026-09-14"",""run_id"":""ca7d92fc045f47a4aab2d27e5ce72c53""}}"
897,897,"49.921491 , -119.44651800000001","50.0490185 , -119.44663990000001",urban-urban,mixed,1346,"{""sample_routes"":{""date"":""2026-09-14"",""run_id"":""1e9917ae527545d8a96a3d21206fe880""},""join_samples"":{""date"":""2026-09-14"",""run_id"":""066e6ae7a97d4ff7a8fb08eee71ee69d""},""upload_data"":{""date"":""2026-09-14"",""run_id"":""ca7d92fc045f47a4aab2d27e5ce72c53""}}"
902,902,"55.661136600000006 , -121.86598520000001","55.6615504 , -121.73151580000001",urban-urban,mixed,1348,"{""sample_routes"":{""date"":""2026-09-14"",""run_id"":""1e9917ae527545d8a96a3d21206fe880""},""join_samples"":{""date"":""2026-09-14"",""run_id"":""066e6ae7a97d4ff7a8fb08eee71ee69d""},""upload_data"":{""date"":""2026-09-14"",""run_id"":""ca7d92fc045f47a4aab2d27e5ce72c53""}}"
905,905,"50.8444846 , -120.28452010000001","50.6549131 , -120.28498490000001",urban-urban,mixed,1350,"{""sample_routes"":{""date"":""2026-09-14"",""run_id"":""1e9917ae527545d8a96a3d21206fe880""},""join_samples"":{""date"":""2026-09-14"",""run_id"":""066e6ae7a97d4ff7a8fb08eee71ee69d""},""upload_data"":{""date"":""2026-09-14"",""run_id"":""ca7d92fc045f47a4aab2d27e5ce72c53""}}"
908,908,"49.100646000000005 , -122.47084500000001","49.100208900000005 , -122.6796985",urban-urban,mixed,1350,"{""sample_routes"":{""date"":""2026-09-14"",""run_id"":""1e9917ae527545d8a96a3d21206fe880""},""join_samples"":{""date"":""2026-09-14"",""run_id"":""066e6ae7a97d4ff7a8fb08eee71ee69d""},""upload_data"":{""date"":""2026-09-14"",""run_id"":""ca7d92fc045f47a4aab2d27e5ce72c53""}}"
909,909,"49.111265100000004 , -118.57627090000001","49.1345766 , -118.60000210000001",urban-rural,mixed,1049,"{""sample_routes"":{""date"":""2026-09-14"",""run_id"":""1e9917ae527545d8a96a3d21206fe880""},""join_samples"":{""date"":""2026-09-14"",""run_id"":""066e6ae7a97d4ff7a8fb08eee71ee69d""},""upload_data"":{""date"":""2026-09-14"",""run_id"":""ca7d92fc045f47a4aab2d27e5ce72c53""}}"
911,911,"49.087739600000006 , -121.8418371","49.1723245 , -121.92682110000001",urban-urban,mixed,1351,"{""sample_routes"":{""date"":""2026-09-14"",""run_id"":""1e9917ae527545d8a96a3d21206fe880""},""join_samples"":{""date"":""2026-09-14"",""run_id"":""066e6ae7a97d4ff7a8fb08eee71ee69d""},""upload_data"":{""date"":""2026-09-14"",""run_id"":""ca7d92fc045f47a4aab2d27e5ce72c53""}}"
913,913,"49.611994800000005 , -119.6628043","49.8033702 , -119.66328320000001",urban-urban,mixed,1352,"{""sample_routes"":{""date"":""2026-09-14"",""run_id"":""1e9917ae527545d8a96a3d21206fe880""},""join_samples"":{""date"":""2026-09-14"",""run_id"":""066e6ae7a97d4ff7a8fb08eee71ee69d""},""upload_data"":{""date"":""2026-09-14"",""run_id"":""ca7d92fc045f47a4aab2d27e5ce72c53""}}"
915,915,"56.2541425 , -120.84408010000001","56.362722600000005 , -120.8436231",urban-urban,mixed,1048,"{""sample_routes"":{""date"":""2026-09-14"",""run_id"":""1e9917ae527545d8a96a3d21206fe880""},""join_samples"":{""date"":""2026-09-14"",""run_id"":""066e6ae7a97d4ff7a8fb08eee71ee69d""},""upload_data"":{""date"":""2026-09-14"",""run_id"":""ca7d92fc045f47a4aab2d27e5ce72c53""}}"
916,916,"50.8536389 , -119.3545933","50.928433000000005 , -119.27944450000001",urban-rural,mixed,1047,"{""sample_routes"":{""date"":""2026-09-14"",""run_id"":""1e9917ae527545d8a96a3d21206fe880""},""join_samples"":{""date"":""2026-09-14"",""run_id"":""066e6ae7a97d4ff7a8fb08eee71ee69d""},""upload_data"":{""date"":""2026-09-14"",""run_id"":""ca7d92fc045f47a4aab2d27e5ce72c53""}}"
919,919,"49.229173200000005 , -122.36901730000001","49.2295488 , -122.55211740000001",urban-urban,mixed,1045,"{""sample_routes"":{""date"":""2026-09-14"",""run_id"":""1e9917ae527545d8a96a3d21206fe880""},""join_samples"":{""date"":""2026-09-14"",""run_id"":""066e6ae7a97d4ff7a8fb08eee71ee69d""},""upload_data"":{""date"":""2026-09-14"",""run_id"":""ca7d92fc045f47a4aab2d27e5ce72c53""}}"
922,922,"54.385833600000005 , -126.0917292","54.49122740000001 , -126.19686540000001",urban-urban,mixed,1357,"{""sample_routes"":{""date"":""2026-09-14"",""run_id"":""1e9917ae527545d8a96a3d21206fe880""},""join_samples"":{""date"":""2026-09-14"",""run_id"":""066e6ae7a97d4ff7a8fb08eee71ee69d""},""upload_data"":{""date"":""2026-09-14"",""run_id"":""ca7d92fc045f47a4aab2d27e5ce72c53""}}"
923,923,"51.007195200000005 , -118.1999349","50.9584084 , -118.15149980000001",rural-urban,mixed,1357,"{""sample_routes"":{""date"":""2026-09-14"",""run_id"":""1e9917ae527545d8a96a3d21206fe880""},""join_samples"":{""date"":""2026-09-14"",""run_id"":""066e6ae7a97d4ff7a8fb08eee71ee69d""},""upload_data"":{""date"":""2026-09-14"",""run_id"":""ca7d92fc045f47a4aab2d27e5ce72c53""}}"
928,928,"49.276360000000004 , -116.65146000000001","49.090459300000006 , -116.46548700000001",rural-urban,mixed,1358,"{""sample_routes"":{""date"":""2026-09-14"",""run_id"":""1e9917ae527545d8a96a3d21206fe880""},""join_samples"":{""date"":""2026-09-14"",""run_id"":""066e6ae7a97d4ff7a8fb08eee71ee69d""},""upload_data"":{""date"":""2026-09-14"",""run_id"":""ca7d92fc045f47a4aab2d27e5ce72c53""}}"
931,931,"49.5985406 , -119.73788320000001","49.7727116 , -119.73808070000001",urban-urban,mixed,1360,"{""sample_routes"":{""date"":""2026-09-14"",""run_id"":""1e9917ae527545d8a96a3d21206fe880""},""join_samples"":{""date"":""2026-09-14"",""run_id"":""066e6ae7a97d4ff7a8fb08eee71ee69d""},""upload_data"":{""date"":""2026-09-14"",""run_id"":""ca7d92fc045f47a4aab2d27e5ce72c53""}}"
932,932,"49.6821585 , -125.03272260000001","49.7553375 , -125.10590490000001",urban-urban,mixed,1360,"{""sample_routes"":{""date"":""2026-09-14"",""run_id"":""1e9917ae527545d8a96a3d21206fe880""},""join_samples"":{""date"":""2026-09-14"",""run_id"":""066e6ae7a97d4ff7a8fb08eee71ee69d""},""upload_data"":{""date"":""2026-09-14"",""run_id"":""ca7d92fc045f47a4aab2d27e5ce72c53""}}"
933,933,"51.1923438 , -120.1823483","51.3476257 , -120.18242060000001",urban-rural,mixed,1039,"{""sample_routes"":{""date"":""2026-09-14"",""run_id"":""1e9917ae527545d8a96a3d21206fe880""},""join_samples"":{""date"":""2026-09-14"",""run_id"":""066e6ae7a97d4ff7a8fb08eee71ee69d""},""upload_data"":{""date"":""2026-09-14"",""run_id"":""ca7d92fc045f47a4aab2d27e5ce72c53""}}"
935,935,"48.9742022 , -123.8057404","48.7770549 , -123.80563790000001",urban-urban,mixed,1363,"{""sample_routes"":{""date"":""2026-09-14"",""run_id"":""1e9917ae527545d8a96a3d21206fe880""},""join_samples"":{""date"":""2026-09-14"",""run_id"":""066e6ae7a97d4ff7a8fb08eee71ee69d""},""upload_data"":{""date"":""2026-09-14"",""run_id"":""ca7d92fc045f47a4aab2d27e5ce72c53""}}"
937,937,"51.5824197 , -121.0866383","51.5824295 , -121.36144290000001",urban-urban,mixed,1363,"{""sample_routes"":{""date"":""2026-09-14"",""run_id"":""1e9917ae527545d8a96a3d21206fe880""},""join_samples"":{""date"":""2026-09-14"",""run_id"":""066e6ae7a97d4ff7a8fb08eee71ee69d""},""upload_data"":{""date"":""2026-09-14"",""run_id"":""ca7d92fc045f47a4aab2d27e5ce72c53""}}"
939,939,"49.358182600000006 , -119.63349020000001","49.3578296 , -119.7502853",urban-urban,mixed,1037,"{""sample_routes"":{""date"":""2026-09-14"",""run_id"":""1e9917ae527545d8a96a3d21206fe880""},""join_samples"":{""date"":""2026-09-14"",""run_id"":""066e6ae7a97d4ff7a8fb08eee71ee69d""},""upload_data"":{""date"":""2026-09-14"",""run_id"":""ca7d92fc045f47a4aab2d27e5ce72c53""}}"
941,941,"49.3183999 , -121.66129310000001","49.137104300000004 , -121.8425486",rural-urban,mixed,1364,"{""sample_routes"":{""date"":""2026-09-14"",""run_id"":""1e9917ae527545d8a96a3d21206fe880""},""join_samples"":{""date"":""2026-09-14"",""run_id"":""066e6ae7a97d4ff7a8fb08eee71ee69d""},""upload_data"":{""date"":""2026-09-14"",""run_id"":""ca7d92fc045f47a4aab2d27e5ce72c53""}}"
945,945,"52.1195548 , -122.03124330000001","52.1055129 , -122.0312449",urban-urban,mixed,1034,"{""sample_routes"":{""date"":""2026-09-14"",""run_id"":""1e9917ae527545d8a96a3d21206fe880""},""join_samples"":{""date"":""2026-09-14"",""run_id"":""066e6ae7a97d4ff7a8fb08eee71ee69d""},""upload_data"":{""date"":""2026-09-14"",""run_id"":""ca7d92fc045f47a4aab2d27e5ce72c53""}}"
947,947,"48.945786500000004 , -125.52975420000001","48.9231148 , -125.52935760000001",urban-urban,mixed,1366,"{""sample_routes"":{""date"":""2026-09-14"",""run_id"":""1e9917ae527545d8a96a3d21206fe880""},""join_samples"":{""date"":""2026-09-14"",""run_id"":""066e6ae7a97d4ff7a8fb08eee71ee69d""},""upload_data"":{""date"":""2026-09-14"",""run_id"":""ca7d92fc045f47a4aab2d27e5ce72c53""}}"
953,953,"50.5245684 , -119.1780274","50.599979700000006 , -119.1023098",urban-urban,mixed,1032,"{""sample_routes"":{""date"":""2026-09-14"",""run_id"":""1e9917ae527545d8a96a3d21206fe880""},""join_samples"":{""date"":""2026-09-14"",""run_id"":""066e6ae7a97d4ff7a8fb08eee71ee69d""},""upload_data"":{""date"":""2026-09-14"",""run_id"":""ca7d92fc045f47a4aab2d27e5ce72c53""}}"
954,954,"52.1244366 , -122.17058290000001","52.0212182 , -122.17069400000001",urban-urban,mixed,1368,"{""sample_routes"":{""date"":""2026-09-14"",""run_id"":""1e9917ae527545d8a96a3d21206fe880""},""join_samples"":{""date"":""2026-09-14"",""run_id"":""066e6ae7a97d4ff7a8fb08eee71ee69d""},""upload_data"":{""date"":""2026-09-14"",""run_id"":""ca7d92fc045f47a4aab2d27e5ce72c53""}}"
959,959,"49.1404076 , -116.7030155","49.140101200000004 , -116.4140837",rural-urban,mixed,1370,"{""sample_routes"":{""date"":""2026-09-14"",""run_id"":""1e9917ae527545d8a96a3d21206fe880""},""join_samples"":{""date"":""2026-09-14"",""run_id"":""066e6ae7a97d4ff7a8fb08eee71ee69d""},""upload_data"":{""date"":""2026-09-14"",""run_id"":""ca7d92fc045f47a4aab2d27e5ce72c53""}}"
960,960,"49.514529800000005 , -123.90551140000001","49.6245022 , -124.01577160000001",urban-urban,mixed,1029,"{""sample_routes"":{""date"":""2026-09-14"",""run_id"":""1e9917ae527545d8a96a3d21206fe880""},""join_samples"":{""date"":""2026-09-14"",""run_id"":""066e6ae7a97d4ff7a8fb08eee71ee69d""},""upload_data"":{""date"":""2026-09-14"",""run_id"":""ca7d92fc045f47a4aab2d27e5ce72c53""}}"
962,962,"50.4530357 , -119.1607687","50.6603519 , -119.16090200000001",urban-rural,mixed,1371,"{""sample_routes"":{""date"":""2026-09-14"",""run_id"":""1e9917ae527545d8a96a3d21206fe880""},""join_samples"":{""date"":""2026-09-14"",""run_id"":""066e6ae7a97d4ff7a8fb08eee71ee69d""},""upload_data"":{""date"":""2026-09-14"",""run_id"":""ca7d92fc045f47a4aab2d27e5ce72c53""}}"
964,964,"50.012376 , -120.8830501","50.011974800000004 , -120.7734621",rural-urban,mixed,1028,"{""sample_routes"":{""date"":""2026-09-14"",""run_id"":""1e9917ae527545d8a96a3d21206fe880""},""join_samples"":{""date"":""2026-09-14"",""run_id"":""066e6ae7a97d4ff7a8fb08eee71ee69d""},""upload_data"":{""date"":""2026-09-14"",""run_id"":""ca7d92fc045f47a4aab2d27e5ce72c53""}}"
965,965,"53.0498253 , -122.56342860000001","52.984720200000005 , -122.5631733",urban-rural,mixed,1028,"{""sample_routes"":{""date"":""2026-09-14"",""run_id"":""1e9917ae527545d8a96a3d21206fe880""},""join_samples"":{""date"":""2026-09-14"",""run_id"":""066e6ae7a97d4ff7a8fb08eee71ee69d""},""upload_data"":{""date"":""2026-09-14"",""run_id"":""ca7d92fc045f47a4aab2d27e5ce72c53""}}"
966,966,"50.7570874 , -121.01367200000001","50.756681 , -120.8257327",urban-urban,mixed,1028,"{""sample_routes"":{""date"":""2026-09-14"",""run_id"":""1e9917ae527545d8a96a3d21206fe880""},""join_samples"":{""date"":""2026-09-14"",""run_id"":""066e6ae7a97d4ff7a8fb08eee71ee69d""},""upload_data"":{""date"":""2026-09-14"",""run_id"":""ca7d92fc045f47a4aab2d27e5ce72c53""}}"
967,967,"50.260703400000004 , -119.27388320000001","50.0861328 , -119.44829890000001",urban-rural,mixed,1372,"{""sample_routes"":{""date"":""2026-09-14"",""run_id"":""1e9917ae527545d8a96a3d21206fe880""},""join_samples"":{""date"":""2026-09-14"",""run_id"":""066e6ae7a97d4ff7a8fb08eee71ee69d""},""upload_data"":{""date"":""2026-09-14"",""run_id"":""ca7d92fc045f47a4aab2d27e5ce72c53""}}"
968,968,"53.9377392 , -124.11292650000001","54.0453096 , -124.00546010000001",urban-urban,mixed,1372,"{""sample_routes"":{""date"":""2026-09-14"",""run_id"":""1e9917ae527545d8a96a3d21206fe880""},""join_samples"":{""date"":""2026-09-14"",""run_id"":""066e6ae7a97d4ff7a8fb08eee71ee69d""},""upload_data"":{""date"":""2026-09-14"",""run_id"":""ca7d92fc045f47a4aab2d27e5ce72c53""}}"
970,970,"50.6046418 , -119.1898816","50.4127638 , -119.19009310000001",urban-urban,mixed,1373,"{""sample_routes"":{""date"":""2026-09-14"",""run_id"":""1e9917ae527545d8a96a3d21206fe880""},""join_samples"":{""date"":""2026-09-14"",""run_id"":""066e6ae7a97d4ff7a8fb08eee71ee69d""},""upload_data"":{""date"":""2026-09-14"",""run_id"":""ca7d92fc045f47a4aab2d27e5ce72c53""}}"
972,972,"55.9694512 , -120.06226500000001","56.050721900000006 , -120.0622124",urban-urban,mixed,1373,"{""sample_routes"":{""date"":""2026-09-14"",""run_id"":""1e9917ae527545d8a96a3d21206fe880""},""join_samples"":{""date"":""2026-09-14"",""run_id"":""066e6ae7a97d4ff7a8fb08eee71ee69d""},""upload_data"":{""date"":""2026-09-14"",""run_id"":""ca7d92fc045f47a4aab2d27e5ce72c53""}}"
975,975,"50.4596828 , -115.9725592","50.645399100000006 , -115.972429",urban-rural,mixed,1374,"{""sample_routes"":{""date"":""2026-09-14"",""run_id"":""1e9917ae527545d8a96a3d21206fe880""},""join_samples"":{""date"":""2026-09-14"",""run_id"":""066e6ae7a97d4ff7a8fb08eee71ee69d""},""upload_data"":{""date"":""2026-09-14"",""run_id"":""ca7d92fc045f47a4aab2d27e5ce72c53""}}"
977,977,"49.6735254 , -125.0276742","49.790292900000004 , -125.0278997",urban-urban,mixed,1374,"{""sample_routes"":{""date"":""2026-09-14"",""run_id"":""1e9917ae527545d8a96a3d21206fe880""},""join_samples"":{""date"":""2026-09-14"",""run_id"":""066e6ae7a97d4ff7a8fb08eee71ee69d""},""upload_data"":{""date"":""2026-09-14"",""run_id"":""ca7d92fc045f47a4aab2d27e5ce72c53""}}"
978,978,"49.058937400000005 , -122.34773000000001","49.058551400000006 , -122.4888799",urban-urban,mixed,1025,"{""sample_routes"":{""date"":""2026-09-14"",""run_id"":""1e9917ae527545d8a96a3d21206fe880""},""join_samples"":{""date"":""2026-09-14"",""run_id"":""066e6ae7a97d4ff7a8fb08eee71ee69d""},""upload_data"":{""date"":""2026-09-14"",""run_id"":""ca7d92fc045f47a4aab2d27e5ce72c53""}}"
979,979,"51.6839079 , -121.1811426","51.6843209 , -121.2868308",urban-urban,mixed,1375,"{""sample_routes"":{""date"":""2026-09-14"",""run_id"":""1e9917ae527545d8a96a3d21206fe880""},""join_samples"":{""date"":""2026-09-14"",""run_id"":""066e6ae7a97d4ff7a8fb08eee71ee69d""},""upload_data"":{""date"":""2026-09-14"",""run_id"":""ca7d92fc045f47a4aab2d27e5ce72c53""}}"
980,980,"49.023175200000004 , -118.8567629","49.1022316 , -118.93618210000001",rural-urban,mixed,1025,"{""sample_routes"":{""date"":""2026-09-14"",""run_id"":""1e9917ae527545d8a96a3d21206fe880""},""join_samples"":{""date"":""2026-09-14"",""run_id"":""066e6ae7a97d4ff7a8fb08eee71ee69d""},""upload_data"":{""date"":""2026-09-14"",""run_id"":""ca7d92fc045f47a4aab2d27e5ce72c53""}}"
982,982,"49.9677244 , -120.7085792","49.880622800000005 , -120.62191670000001",rural-rural,mixed,1375,"{""sample_routes"":{""date"":""2026-09-14"",""run_id"":""1e9917ae527545d8a96a3d21206fe880""},""join_samples"":{""date"":""2026-09-14"",""run_id"":""066e6ae7a97d4ff7a8fb08eee71ee69d""},""upload_data"":{""date"":""2026-09-14"",""run_id"":""ca7d92fc045f47a4aab2d27e5ce72c53""}}"
983,983,"49.512289100000004 , -123.92057720000001","49.6223341 , -124.03090770000001",urban-urban,mixed,1025,"{""sample_routes"":{""date"":""2026-09-14"",""run_id"":""1e9917ae527545d8a96a3d21206fe880""},""join_samples"":{""date"":""2026-09-14"",""run_id"":""066e6ae7a97d4ff7a8fb08eee71ee69d""},""upload_data"":{""date"":""2026-09-14"",""run_id"":""ca7d92fc045f47a4aab2d27e5ce72c53""}}"
985,985,"50.463210200000006 , -121.29215920000001","50.4633568 , -121.30001960000001",urban-rural,mixed,1024,"{""sample_routes"":{""date"":""2026-09-14"",""run_id"":""1e9917ae527545d8a96a3d21206fe880""},""join_samples"":{""date"":""2026-09-14"",""run_id"":""066e6ae7a97d4ff7a8fb08eee71ee69d""},""upload_data"":{""date"":""2026-09-14"",""run_id"":""ca7d92fc045f47a4aab2d27e5ce72c53""}}"
986,986,"56.313055600000006 , -120.21506310000001","56.3918875 , -120.13615510000001",urban-urban,mixed,1023,"{""sample_routes"":{""date"":""2026-09-14"",""run_id"":""1e9917ae527545d8a96a3d21206fe880""},""join_samples"":{""date"":""2026-09-14"",""run_id"":""066e6ae7a97d4ff7a8fb08eee71ee69d""},""upload_data"":{""date"":""2026-09-14"",""run_id"":""ca7d92fc045f47a4aab2d27e5ce72c53""}}"
987,987,"49.8219021 , -119.64892660000001","49.594952500000005 , -119.6485219",urban-urban,mixed,1377,"{""sample_routes"":{""date"":""2026-09-14"",""run_id"":""1e9917ae527545d8a96a3d21206fe880""},""join_samples"":{""date"":""2026-09-14"",""run_id"":""066e6ae7a97d4ff7a8fb08eee71ee69d""},""upload_data"":{""date"":""2026-09-14"",""run_id"":""ca7d92fc045f47a4aab2d27e5ce72c53""}}"
988,988,"50.6944256 , -119.3321992","50.8795912 , -119.51731260000001",urban-urban,mixed,1377,"{""sample_routes"":{""date"":""2026-09-14"",""run_id"":""1e9917ae527545d8a96a3d21206fe880""},""join_samples"":{""date"":""2026-09-14"",""run_id"":""066e6ae7a97d4ff7a8fb08eee71ee69d""},""upload_data"":{""date"":""2026-09-14"",""run_id"":""ca7d92fc045f47a4aab2d27e5ce72c53""}}"
992,992,"55.571511900000004 , -120.03261690000001","55.756400400000004 , -120.2170581",urban-urban,mixed,1379,"{""sample_routes"":{""date"":""2026-09-14"",""run_id"":""1e9917ae527545d8a96a3d21206fe880""},""join_samples"":{""date"":""2026-09-14"",""run_id"":""066e6ae7a97d4ff7a8fb08eee71ee69d""},""upload_data"":{""date"":""2026-09-14"",""run_id"":""ca7d92fc045f47a4aab2d27e5ce72c53""}}"
994,994,"50.6532764 , -120.4028286","50.531568500000006 , -120.2808138",urban-urban,mixed,1379,"{""sample_routes"":{""date"":""2026-09-14"",""run_id"":""1e9917ae527545d8a96a3d21206fe880""},""join_samples"":{""date"":""2026-09-14"",""run_id"":""066e6ae7a97d4ff7a8fb08eee71ee69d""},""upload_data"":{""date"":""2026-09-14"",""run_id"":""ca7d92fc045f47a4aab2d27e5ce72c53""}}"
995,995,"52.647035200000005 , -122.45174490000001","52.9610287 , -122.45194000000001",urban-urban,mixed,1379,"{""sample_routes"":{""date"":""2026-09-14"",""run_id"":""1e9917ae527545d8a96a3d21206fe880""},""join_samples"":{""date"":""2026-09-14"",""run_id"":""066e6ae7a97d4ff7a8fb08eee71ee69d""},""upload_data"":{""date"":""2026-09-14"",""run_id"":""ca7d92fc045f47a4aab2d27e5ce72c53""}}"
997,997,"49.127818100000006 , -119.5905793","49.027993 , -119.69084330000001",urban-rural,mixed,1380,"{""sample_routes"":{""date"":""2026-09-14"",""run_id"":""1e9917ae527545d8a96a3d21206fe880""},""join_samples"":{""date"":""2026-09-14"",""run_id"":""066e6ae7a97d4ff7a8fb08eee71ee69d""},""upload_data"":{""date"":""2026-09-14"",""run_id"":""ca7d92fc045f47a4aab2d27e5ce72c53""}}"
998,998,"49.7655742 , -125.06961740000001","49.7169631 , -125.069935",urban-urban,mixed,1020,"{""sample_routes"":{""date"":""2026-09-14"",""run_id"":""1e9917ae527545d8a96a3d21206fe880""},""join_samples"":{""date"":""2026-09-14"",""run_id"":""066e6ae7a97d4ff7a8fb08eee71ee69d""},""upload_data"":{""date"":""2026-09-14"",""run_id"":""ca7d92fc045f47a4aab2d27e5ce72c53""}}"
1003,3,"49.1755549 , -123.0953733","49.3453894 , -123.0947562",urban-urban,urban,1798,"{""sample_routes"":{""date"":""2026-09-14"",""run_id"":""1e9917ae527545d8a96a3d21206fe880""},""join_samples"":{""date"":""2026-09-14"",""run_id"":""066e6ae7a97d4ff7a8fb08eee71ee69d""},""upload_data"":{""date"":""2026-09-14"",""run_id"":""ca7d92fc045f47a4aab2d27e5ce72c53""}}"
1010,10,"50.0573452 , -120.9189568","50.0570874 , -120.80192550000001",urban-urban,urban,1793,"{""sample_routes"":{""date"":""2026-09-14"",""run_id"":""1e9917ae527545d8a96a3d21206fe880""},""join_samples"":{""date"":""2026-09-14"",""run_id"":""066e6ae7a97d4ff7a8fb08eee71ee69d""},""upload_data"":{""date"":""2026-09-14"",""run_id"":""ca7d92fc045f47a4aab2d27e5ce72c53""}}"
1011,11,"49.949787300000004 , -119.3832163","49.8108846 , -119.38303250000001",urban-urban,urban,1792,"{""sample_routes"":{""date"":""2026-09-14"",""run_id"":""1e9917ae527545d8a96a3d21206fe880""},""join_samples"":{""date"":""2026-09-14"",""run_id"":""066e6ae7a97d4ff7a8fb08eee71ee69d""},""upload_data"":{""date"":""2026-09-14"",""run_id"":""ca7d92fc045f47a4aab2d27e5ce72c53""}}"
1013,13,"48.4926752 , -123.31389030000001","48.491977500000004 , -123.52268570000001",urban-urban,urban,1809,"{""sample_routes"":{""date"":""2026-09-14"",""run_id"":""1e9917ae527545d8a96a3d21206fe880""},""join_samples"":{""date"":""2026-09-14"",""run_id"":""066e6ae7a97d4ff7a8fb08eee71ee69d""},""upload_data"":{""date"":""2026-09-14"",""run_id"":""ca7d92fc045f47a4aab2d27e5ce72c53""}}"
1015,15,"51.241163400000005 , -119.990784","51.2413917 , -120.1914555",urban-urban,urban,1790,"{""sample_routes"":{""date"":""2026-09-14"",""run_id"":""1e9917ae527545d8a96a3d21206fe880""},""join_samples"":{""date"":""2026-09-14"",""run_id"":""066e6ae7a97d4ff7a8fb08eee71ee69d""},""upload_data"":{""date"":""2026-09-14"",""run_id"":""ca7d92fc045f47a4aab2d27e5ce72c53""}}"
1016,16,"49.123972300000005 , -122.86107020000001","49.2747462 , -122.8617009",urban-urban,urban,1811,"{""sample_routes"":{""date"":""2026-09-14"",""run_id"":""1e9917ae527545d8a96a3d21206fe880""},""join_samples"":{""date"":""2026-09-14"",""run_id"":""066e6ae7a97d4ff7a8fb08eee71ee69d""},""upload_data"":{""date"":""2026-09-14"",""run_id"":""ca7d92fc045f47a4aab2d27e5ce72c53""}}"
1017,17,"52.9734436 , -122.50929710000001","53.118263600000006 , -122.6541528",urban-urban,urban,1812,"{""sample_routes"":{""date"":""2026-09-14"",""run_id"":""1e9917ae527545d8a96a3d21206fe880""},""join_samples"":{""date"":""2026-09-14"",""run_id"":""066e6ae7a97d4ff7a8fb08eee71ee69d""},""upload_data"":{""date"":""2026-09-14"",""run_id"":""ca7d92fc045f47a4aab2d27e5ce72c53""}}"
1018,18,"52.8651965 , -122.5256604","52.960236900000005 , -122.43002770000001",urban-urban,urban,1786,"{""sample_routes"":{""date"":""2026-09-14"",""run_id"":""1e9917ae527545d8a96a3d21206fe880""},""join_samples"":{""date"":""2026-09-14"",""run_id"":""066e6ae7a97d4ff7a8fb08eee71ee69d""},""upload_data"":{""date"":""2026-09-14"",""run_id"":""ca7d92fc045f47a4aab2d27e5ce72c53""}}"
1019,19,"49.2752101 , -122.964724","49.274839 , -122.71448260000001",urban-urban,urban,1785,"{""sample_routes"":{""date"":""2026-09-14"",""run_id"":""1e9917ae527545d8a96a3d21206fe880""},""join_samples"":{""date"":""2026-09-14"",""run_id"":""066e6ae7a97d4ff7a8fb08eee71ee69d""},""upload_data"":{""date"":""2026-09-14"",""run_id"":""ca7d92fc045f47a4aab2d27e5ce72c53""}}"
1020,20,"49.097852200000005 , -117.6725176","49.1812236 , -117.5893752",urban-urban,urban,1785,"{""sample_routes"":{""date"":""2026-09-14"",""run_id"":""1e9917ae527545d8a96a3d21206fe880""},""join_samples"":{""date"":""2026-09-14"",""run_id"":""066e6ae7a97d4ff7a8fb08eee71ee69d""},""upload_data"":{""date"":""2026-09-14"",""run_id"":""ca7d92fc045f47a4aab2d27e5ce72c53""}}"
1021,21,"49.183226700000006 , -123.1184322","49.315715000000004 , -122.98552240000001",urban-urban,urban,1784,"{""sample_routes"":{""date"":""2026-09-14"",""run_id"":""1e9917ae527545d8a96a3d21206fe880""},""join_samples"":{""date"":""2026-09-14"",""run_id"":""066e6ae7a97d4ff7a8fb08eee71ee69d""},""upload_data"":{""date"":""2026-09-14"",""run_id"":""ca7d92fc045f47a4aab2d27e5ce72c53""}}"
1023,23,"48.4909909 , -123.443768","48.423239900000006 , -123.3764211",urban-urban,urban,1783,"{""sample_routes"":{""date"":""2026-09-14"",""run_id"":""1e9917ae527545d8a96a3d21206fe880""},""join_samples"":{""date"":""2026-09-14"",""run_id"":""066e6ae7a97d4ff7a8fb08eee71ee69d""},""upload_data"":{""date"":""2026-09-14"",""run_id"":""ca7d92fc045f47a4aab2d27e5ce72c53""}}"
1024,24,"49.135572100000005 , -122.6838836","49.134863800000005 , -122.92919830000001",urban-rural,urban,1817,"{""sample_routes"":{""date"":""2026-09-14"",""run_id"":""1e9917ae527545d8a96a3d21206fe880""},""join_samples"":{""date"":""2026-09-14"",""run_id"":""066e6ae7a97d4ff7a8fb08eee71ee69d""},""upload_data"":{""date"":""2026-09-14"",""run_id"":""ca7d92fc045f47a4aab2d27e5ce72c53""}}"
1025,25,"49.157357600000005 , -122.7878321","49.2881045 , -122.91913210000001",urban-urban,urban,1783,"{""sample_routes"":{""date"":""2026-09-14"",""run_id"":""1e9917ae527545d8a96a3d21206fe880""},""join_samples"":{""date"":""2026-09-14"",""run_id"":""066e6ae7a97d4ff7a8fb08eee71ee69d""},""upload_data"":{""date"":""2026-09-14"",""run_id"":""ca7d92fc045f47a4aab2d27e5ce72c53""}}"
1026,26,"49.2359061 , -123.0212209","49.2360866 , -122.7447544",urban-rural,urban,1782,"{""sample_routes"":{""date"":""2026-09-14"",""run_id"":""1e9917ae527545d8a96a3d21206fe880""},""join_samples"":{""date"":""2026-09-14"",""run_id"":""066e6ae7a97d4ff7a8fb08eee71ee69d""},""upload_data"":{""date"":""2026-09-14"",""run_id"":""ca7d92fc045f47a4aab2d27e5ce72c53""}}"
1033,33,"49.0760445 , -118.6551273","49.07549220000001 , -118.8101055",urban-urban,urban,1777,"{""sample_routes"":{""date"":""2026-09-14"",""run_id"":""1e9917ae527545d8a96a3d21206fe880""},""join_samples"":{""date"":""2026-09-14"",""run_id"":""066e6ae7a97d4ff7a8fb08eee71ee69d""},""upload_data"":{""date"":""2026-09-14"",""run_id"":""ca7d92fc045f47a4aab2d27e5ce72c53""}}"
1035,35,"49.2783402 , -123.06178310000001","49.1505614 , -123.18984400000001",urban-urban,urban,1776,"{""sample_routes"":{""date"":""2026-09-14"",""run_id"":""1e9917ae527545d8a96a3d21206fe880""},""join_samples"":{""date"":""2026-09-14"",""run_id"":""066e6ae7a97d4ff7a8fb08eee71ee69d""},""upload_data"":{""date"":""2026-09-14"",""run_id"":""ca7d92fc045f47a4aab2d27e5ce72c53""}}"
1037,37,"49.1807984 , -117.58741020000001","49.096791100000004 , -117.6717596",urban-urban,urban,1772,"{""sample_routes"":{""date"":""2026-09-14"",""run_id"":""1e9917ae527545d8a96a3d21206fe880""},""join_samples"":{""date"":""2026-09-14"",""run_id"":""066e6ae7a97d4ff7a8fb08eee71ee69d""},""upload_data"":{""date"":""2026-09-14"",""run_id"":""ca7d92fc045f47a4aab2d27e5ce72c53""}}"
1038,38,"58.908599800000005 , -122.81998390000001","58.83530330000001 , -122.82036550000001",urban-urban,urban,1828,"{""sample_routes"":{""date"":""2026-09-14"",""run_id"":""1e9917ae527545d8a96a3d21206fe880""},""join_samples"":{""date"":""2026-09-14"",""run_id"":""066e6ae7a97d4ff7a8fb08eee71ee69d""},""upload_data"":{""date"":""2026-09-14"",""run_id"":""ca7d92fc045f47a4aab2d27e5ce72c53""}}"
1039,39,"52.5166084 , -121.4122971","52.612531700000005 , -121.5087405",urban-urban,urban,1829,"{""sample_routes"":{""date"":""2026-09-14"",""run_id"":""1e9917ae527545d8a96a3d21206fe880""},""join_samples"":{""date"":""2026-09-14"",""run_id"":""066e6ae7a97d4ff7a8fb08eee71ee69d""},""upload_data"":{""date"":""2026-09-14"",""run_id"":""ca7d92fc045f47a4aab2d27e5ce72c53""}}"
1040,40,"52.1349097 , -122.13911660000001","52.000993900000005 , -122.00546820000001",urban-urban,urban,1769,"{""sample_routes"":{""date"":""2026-09-14"",""run_id"":""1e9917ae527545d8a96a3d21206fe880""},""join_samples"":{""date"":""2026-09-14"",""run_id"":""066e6ae7a97d4ff7a8fb08eee71ee69d""},""upload_data"":{""date"":""2026-09-14"",""run_id"":""ca7d92fc045f47a4aab2d27e5ce72c53""}}"
1041,41,"49.179349200000004 , -122.7347361","49.314852900000005 , -122.87075850000001",urban-urban,urban,1768,"{""sample_routes"":{""date"":""2026-09-14"",""run_id"":""1e9917ae527545d8a96a3d21206fe880""},""join_samples"":{""date"":""2026-09-14"",""run_id"":""066e6ae7a97d4ff7a8fb08eee71ee69d""},""upload_data"":{""date"":""2026-09-14"",""run_id"":""ca7d92fc045f47a4aab2d27e5ce72c53""}}"
1042,42,"49.2637398 , -122.76542490000001","49.1081403 , -122.7657812",urban-urban,urban,1768,"{""sample_routes"":{""date"":""2026-09-14"",""run_id"":""1e9917ae527545d8a96a3d21206fe880""},""join_samples"":{""date"":""2026-09-14"",""run_id"":""066e6ae7a97d4ff7a8fb08eee71ee69d""},""upload_data"":{""date"":""2026-09-14"",""run_id"":""ca7d92fc045f47a4aab2d27e5ce72c53""}}"
1043,43,"49.152680100000005 , -122.92700250000001","49.2865662 , -123.0615501",urban-urban,urban,1767,"{""sample_routes"":{""date"":""2026-09-14"",""run_id"":""1e9917ae527545d8a96a3d21206fe880""},""join_samples"":{""date"":""2026-09-14"",""run_id"":""066e6ae7a97d4ff7a8fb08eee71ee69d""},""upload_data"":{""date"":""2026-09-14"",""run_id"":""ca7d92fc045f47a4aab2d27e5ce72c53""}}"
1044,44,"48.3988102 , -123.4965865","48.530168200000006 , -123.4970478",urban-urban,urban,1833,"{""sample_routes"":{""date"":""2026-09-14"",""run_id"":""1e9917ae527545d8a96a3d21206fe880""},""join_samples"":{""date"":""2026-09-14"",""run_id"":""066e6ae7a97d4ff7a8fb08eee71ee69d""},""upload_data"":{""date"":""2026-09-14"",""run_id"":""ca7d92fc045f47a4aab2d27e5ce72c53""}}"
1046,46,"49.348120200000004 , -123.26124820000001","49.205737600000006 , -123.1191328",urban-urban,urban,1834,"{""sample_routes"":{""date"":""2026-09-14"",""run_id"":""1e9917ae527545d8a96a3d21206fe880""},""join_samples"":{""date"":""2026-09-14"",""run_id"":""066e6ae7a97d4ff7a8fb08eee71ee69d""},""upload_data"":{""date"":""2026-09-14"",""run_id"":""ca7d92fc045f47a4aab2d27e5ce72c53""}}"
1047,47,"49.2256465 , -123.16811410000001","49.3452957 , -123.04912180000001",urban-urban,urban,1834,"{""sample_routes"":{""date"":""2026-09-14"",""run_id"":""1e9917ae527545d8a96a3d21206fe880""},""join_samples"":{""date"":""2026-09-14"",""run_id"":""066e6ae7a97d4ff7a8fb08eee71ee69d""},""upload_data"":{""date"":""2026-09-14"",""run_id"":""ca7d92fc045f47a4aab2d27e5ce72c53""}}"
1048,48,"49.348337 , -123.23172040000001","49.2110993 , -123.09494040000001",urban-urban,urban,1834,"{""sample_routes"":{""date"":""2026-09-14"",""run_id"":""1e9917ae527545d8a96a3d21206fe880""},""join_samples"":{""date"":""2026-09-14"",""run_id"":""066e6ae7a97d4ff7a8fb08eee71ee69d""},""upload_data"":{""date"":""2026-09-14"",""run_id"":""ca7d92fc045f47a4aab2d27e5ce72c53""}}"
1049,49,"49.200176000000006 , -123.00574900000001","49.351561200000006 , -123.15773820000001",urban-urban,urban,1763,"{""sample_routes"":{""date"":""2026-09-14"",""run_id"":""1e9917ae527545d8a96a3d21206fe880""},""join_samples"":{""date"":""2026-09-14"",""run_id"":""066e6ae7a97d4ff7a8fb08eee71ee69d""},""upload_data"":{""date"":""2026-09-14"",""run_id"":""ca7d92fc045f47a4aab2d27e5ce72c53""}}"
1050,50,"49.2148644 , -122.98634700000001","49.3602548 , -123.1313781",urban-urban,urban,1761,"{""sample_routes"":{""date"":""2026-09-14"",""run_id"":""1e9917ae527545d8a96a3d21206fe880""},""join_samples"":{""date"":""2026-09-14"",""run_id"":""066e6ae7a97d4ff7a8fb08eee71ee69d""},""upload_data"":{""date"":""2026-09-14"",""run_id"":""ca7d92fc045f47a4aab2d27e5ce72c53""}}"
1052,52,"49.115628900000004 , -122.7059284","49.247342 , -122.57357710000001",urban-urban,urban,1840,"{""sample_routes"":{""date"":""2026-09-14"",""run_id"":""1e9917ae527545d8a96a3d21206fe880""},""join_samples"":{""date"":""2026-09-14"",""run_id"":""066e6ae7a97d4ff7a8fb08eee71ee69d""},""upload_data"":{""date"":""2026-09-14"",""run_id"":""ca7d92fc045f47a4aab2d27e5ce72c53""}}"
1053,53,"53.9584501 , -123.2176737","53.9585639 , -122.9642953",urban-urban,urban,1841,"{""sample_routes"":{""date"":""2026-09-14"",""run_id"":""1e9917ae527545d8a96a3d21206fe880""},""join_samples"":{""date"":""2026-09-14"",""run_id"":""066e6ae7a97d4ff7a8fb08eee71ee69d""},""upload_data"":{""date"":""2026-09-14"",""run_id"":""ca7d92fc045f47a4aab2d27e5ce72c53""}}"
1055,55,"49.336488800000005 , -123.08134960000001","49.133582600000004 , -123.08082470000001",urban-urban,urban,1842,"{""sample_routes"":{""date"":""2026-09-14"",""run_id"":""1e9917ae527545d8a96a3d21206fe880""},""join_samples"":{""date"":""2026-09-14"",""run_id"":""066e6ae7a97d4ff7a8fb08eee71ee69d""},""upload_data"":{""date"":""2026-09-14"",""run_id"":""ca7d92fc045f47a4aab2d27e5ce72c53""}}"
1057,57,"48.4738522 , -123.3059702","48.473567300000006 , -123.52680000000001",urban-urban,urban,1842,"{""sample_routes"":{""date"":""2026-09-14"",""run_id"":""1e9917ae527545d8a96a3d21206fe880""},""join_samples"":{""date"":""2026-09-14"",""run_id"":""066e6ae7a97d4ff7a8fb08eee71ee69d""},""upload_data"":{""date"":""2026-09-14"",""run_id"":""ca7d92fc045f47a4aab2d27e5ce72c53""}}"
1059,59,"49.2749615 , -123.0335062","49.4891925 , -123.24839970000001",urban-rural,urban,1843,"{""sample_routes"":{""date"":""2026-09-14"",""run_id"":""1e9917ae527545d8a96a3d21206fe880""},""join_samples"":{""date"":""2026-09-14"",""run_id"":""066e6ae7a97d4ff7a8fb08eee71ee69d""},""upload_data"":{""date"":""2026-09-14"",""run_id"":""ca7d92fc045f47a4aab2d27e5ce72c53""}}"
1061,61,"51.898526700000005 , -124.4445522","51.7294058 , -124.44475290000001",urban-urban,urban,1843,"{""sample_routes"":{""date"":""2026-09-14"",""run_id"":""1e9917ae527545d8a96a3d21206fe880""},""join_samples"":{""date"":""2026-09-14"",""run_id"":""066e6ae7a97d4ff7a8fb08eee71ee69d""},""upload_data"":{""date"":""2026-09-14"",""run_id"":""ca7d92fc045f47a4aab2d27e5ce72c53""}}"
1063,63,"48.4329261 , -123.31961600000001","48.574939300000004 , -123.46220880000001",urban-urban,urban,1844,"{""sample_routes"":{""date"":""2026-09-14"",""run_id"":""1e9917ae527545d8a96a3d21206fe880""},""join_samples"":{""date"":""2026-09-14"",""run_id"":""066e6ae7a97d4ff7a8fb08eee71ee69d""},""upload_data"":{""date"":""2026-09-14"",""run_id"":""ca7d92fc045f47a4aab2d27e5ce72c53""}}"
1064,64,"53.7452656 , -123.04632860000001","53.8609427 , -123.16149290000001",urban-urban,urban,1844,"{""sample_routes"":{""date"":""2026-09-14"",""run_id"":""1e9917ae527545d8a96a3d21206fe880""},""join_samples"":{""date"":""2026-09-14"",""run_id"":""066e6ae7a97d4ff7a8fb08eee71ee69d""},""upload_data"":{""date"":""2026-09-14"",""run_id"":""ca7d92fc045f47a4aab2d27e5ce72c53""}}"
1067,67,"49.1668401 , -124.01075420000001","48.9093248 , -123.753099",urban-urban,urban,1848,"{""sample_routes"":{""date"":""2026-09-14"",""run_id"":""1e9917ae527545d8a96a3d21206fe880""},""join_samples"":{""date"":""2026-09-14"",""run_id"":""066e6ae7a97d4ff7a8fb08eee71ee69d""},""upload_data"":{""date"":""2026-09-14"",""run_id"":""ca7d92fc045f47a4aab2d27e5ce72c53""}}"
1068,68,"49.193113800000006 , -116.5861189","49.0426408 , -116.4360302",urban-urban,urban,1752,"{""sample_routes"":{""date"":""2026-09-14"",""run_id"":""1e9917ae527545d8a96a3d21206fe880""},""join_samples"":{""date"":""2026-09-14"",""run_id"":""066e6ae7a97d4ff7a8fb08eee71ee69d""},""upload_data"":{""date"":""2026-09-14"",""run_id"":""ca7d92fc045f47a4aab2d27e5ce72c53""}}"
1069,69,"48.820218700000005 , -123.66019960000001","48.650412 , -123.6600485",rural-urban,urban,1848,"{""sample_routes"":{""date"":""2026-09-14"",""run_id"":""1e9917ae527545d8a96a3d21206fe880""},""join_samples"":{""date"":""2026-09-14"",""run_id"":""066e6ae7a97d4ff7a8fb08eee71ee69d""},""upload_data"":{""date"":""2026-09-14"",""run_id"":""ca7d92fc045f47a4aab2d27e5ce72c53""}}"
1070,70,"53.9180919 , -123.7654397","53.803751500000004 , -123.6514204",urban-urban,urban,1751,"{""sample_routes"":{""date"":""2026-09-14"",""run_id"":""1e9917ae527545d8a96a3d21206fe880""},""join_samples"":{""date"":""2026-09-14"",""run_id"":""066e6ae7a97d4ff7a8fb08eee71ee69d""},""upload_data"":{""date"":""2026-09-14"",""run_id"":""ca7d92fc045f47a4aab2d27e5ce72c53""}}"
1078,78,"53.8494905 , -122.754883","54.008492600000004 , -122.9145687",urban-urban,urban,1858,"{""sample_routes"":{""date"":""2026-09-14"",""run_id"":""1e9917ae527545d8a96a3d21206fe880""},""join_samples"":{""date"":""2026-09-14"",""run_id"":""066e6ae7a97d4ff7a8fb08eee71ee69d""},""upload_data"":{""date"":""2026-09-14"",""run_id"":""ca7d92fc045f47a4aab2d27e5ce72c53""}}"
1079,79,"49.264358900000005 , -123.2366461","49.3514884 , -123.1490411",urban-urban,urban,1741,"{""sample_routes"":{""date"":""2026-09-14"",""run_id"":""1e9917ae527545d8a96a3d21206fe880""},""join_samples"":{""date"":""2026-09-14"",""run_id"":""066e6ae7a97d4ff7a8fb08eee71ee69d""},""upload_data"":{""date"":""2026-09-14"",""run_id"":""ca7d92fc045f47a4aab2d27e5ce72c53""}}"
1080,80,"48.441719000000006 , -123.52528690000001","48.4421078 , -123.30389960000001",urban-urban,urban,1859,"{""sample_routes"":{""date"":""2026-09-14"",""run_id"":""1e9917ae527545d8a96a3d21206fe880""},""join_samples"":{""date"":""2026-09-14"",""run_id"":""066e6ae7a97d4ff7a8fb08eee71ee69d""},""upload_data"":{""date"":""2026-09-14"",""run_id"":""ca7d92fc045f47a4aab2d27e5ce72c53""}}"
1082,82,"49.3209351 , -122.99224840000001","49.1692988 , -122.99275270000001",urban-urban,urban,1861,"{""sample_routes"":{""date"":""2026-09-14"",""run_id"":""1e9917ae527545d8a96a3d21206fe880""},""join_samples"":{""date"":""2026-09-14"",""run_id"":""066e6ae7a97d4ff7a8fb08eee71ee69d""},""upload_data"":{""date"":""2026-09-14"",""run_id"":""ca7d92fc045f47a4aab2d27e5ce72c53""}}"
1087,87,"50.6639527 , -119.80427080000001","50.563283500000004 , -119.7040858",urban-urban,urban,1863,"{""sample_routes"":{""date"":""2026-09-14"",""run_id"":""1e9917ae527545d8a96a3d21206fe880""},""join_samples"":{""date"":""2026-09-14"",""run_id"":""066e6ae7a97d4ff7a8fb08eee71ee69d""},""upload_data"":{""date"":""2026-09-14"",""run_id"":""ca7d92fc045f47a4aab2d27e5ce72c53""}}"
1089,89,"49.2122686 , -123.14353750000001","49.3367615 , -123.01870100000001",urban-urban,urban,1865,"{""sample_routes"":{""date"":""2026-09-14"",""run_id"":""1e9917ae527545d8a96a3d21206fe880""},""join_samples"":{""date"":""2026-09-14"",""run_id"":""066e6ae7a97d4ff7a8fb08eee71ee69d""},""upload_data"":{""date"":""2026-09-14"",""run_id"":""ca7d92fc045f47a4aab2d27e5ce72c53""}}"
1094,94,"49.5106258 , -119.78124090000001","49.625171400000006 , -119.66656010000001",urban-urban,urban,1871,"{""sample_routes"":{""date"":""2026-09-14"",""run_id"":""1e9917ae527545d8a96a3d21206fe880""},""join_samples"":{""date"":""2026-09-14"",""run_id"":""066e6ae7a97d4ff7a8fb08eee71ee69d""},""upload_data"":{""date"":""2026-09-14"",""run_id"":""ca7d92fc045f47a4aab2d27e5ce72c53""}}"
1095,95,"54.7833764 , -127.17901920000001","54.896656500000006 , -127.1786203",urban-urban,urban,1873,"{""sample_routes"":{""date"":""2026-09-14"",""run_id"":""1e9917ae527545d8a96a3d21206fe880""},""join_samples"":{""date"":""2026-09-14"",""run_id"":""066e6ae7a97d4ff7a8fb08eee71ee69d""},""upload_data"":{""date"":""2026-09-14"",""run_id"":""ca7d92fc045f47a4aab2d27e5ce72c53""}}"
1097,97,"49.2749967 , -123.1013702","49.413231 , -123.23889480000001",urban-rural,urban,1727,"{""sample_routes"":{""date"":""2026-09-14"",""run_id"":""1e9917ae527545d8a96a3d21206fe880""},""join_samples"":{""date"":""2026-09-14"",""run_id"":""066e6ae7a97d4ff7a8fb08eee71ee69d""},""upload_data"":{""date"":""2026-09-14"",""run_id"":""ca7d92fc045f47a4aab2d27e5ce72c53""}}"
1098,98,"49.1249849 , -122.84552660000001","49.2400181 , -122.73095300000001",urban-rural,urban,1873,"{""sample_routes"":{""date"":""2026-09-14"",""run_id"":""1e9917ae527545d8a96a3d21206fe880""},""join_samples"":{""date"":""2026-09-14"",""run_id"":""066e6ae7a97d4ff7a8fb08eee71ee69d""},""upload_data"":{""date"":""2026-09-14"",""run_id"":""ca7d92fc045f47a4aab2d27e5ce72c53""}}"
1099,99,"49.8823577 , -119.3518772","49.8819353 , -119.56012790000001",urban-urban,urban,1874,"{""sample_routes"":{""date"":""2026-09-14"",""run_id"":""1e9917ae527545d8a96a3d21206fe880""},""join_samples"":{""date"":""2026-09-14"",""run_id"":""066e6ae7a97d4ff7a8fb08eee71ee69d""},""upload_data"":{""date"":""2026-09-14"",""run_id"":""ca7d92fc045f47a4aab2d27e5ce72c53""}}"
1100,100,"55.832486100000004 , -120.1926349","56.025617100000005 , -120.19276350000001",urban-urban,urban,1874,"{""sample_routes"":{""date"":""2026-09-14"",""run_id"":""1e9917ae527545d8a96a3d21206fe880""},""join_samples"":{""date"":""2026-09-14"",""run_id"":""066e6ae7a97d4ff7a8fb08eee71ee69d""},""upload_data"":{""date"":""2026-09-14"",""run_id"":""ca7d92fc045f47a4aab2d27e5ce72c53""}}"
1106,106,"54.0469379 , -122.79256810000001","53.883807000000004 , -122.62875190000001",urban-urban,urban,1877,"{""sample_routes"":{""date"":""2026-09-14"",""run_id"":""1e9917ae527545d8a96a3d21206fe880""},""join_samples"":{""date"":""2026-09-14"",""run_id"":""066e6ae7a97d4ff7a8fb08eee71ee69d""},""upload_data"":{""date"":""2026-09-14"",""run_id"":""ca7d92fc045f47a4aab2d27e5ce72c53""}}"
1107,107,"49.201597500000005 , -122.7913226","49.0176035 , -122.79097490000001",urban-urban,urban,1877,"{""sample_routes"":{""date"":""2026-09-14"",""run_id"":""1e9917ae527545d8a96a3d21206fe880""},""join_samples"":{""date"":""2026-09-14"",""run_id"":""066e6ae7a97d4ff7a8fb08eee71ee69d""},""upload_data"":{""date"":""2026-09-14"",""run_id"":""ca7d92fc045f47a4aab2d27e5ce72c53""}}"
1111,111,"53.824128900000005 , -122.8109483","54.0485874 , -122.81138890000001",urban-urban,urban,1879,"{""sample_routes"":{""date"":""2026-09-14"",""run_id"":""1e9917ae527545d8a96a3d21206fe880""},""join_samples"":{""date"":""2026-09-14"",""run_id"":""066e6ae7a97d4ff7a8fb08eee71ee69d""},""upload_data"":{""date"":""2026-09-14"",""run_id"":""ca7d92fc045f47a4aab2d27e5ce72c53""}}"
1112,112,"48.4646678 , -123.48433840000001","48.465363700000005 , -123.28467850000001",urban-urban,urban,1879,"{""sample_routes"":{""date"":""2026-09-14"",""run_id"":""1e9917ae527545d8a96a3d21206fe880""},""join_samples"":{""date"":""2026-09-14"",""run_id"":""066e6ae7a97d4ff7a8fb08eee71ee69d""},""upload_data"":{""date"":""2026-09-14"",""run_id"":""ca7d92fc045f47a4aab2d27e5ce72c53""}}"
1113,113,"49.2501412 , -122.85232740000001","49.3224213 , -122.92445500000001",urban-urban,urban,1719,"{""sample_routes"":{""date"":""2026-09-14"",""run_id"":""1e9917ae527545d8a96a3d21206fe880""},""join_samples"":{""date"":""2026-09-14"",""run_id"":""066e6ae7a97d4ff7a8fb08eee71ee69d""},""upload_data"":{""date"":""2026-09-14"",""run_id"":""ca7d92fc045f47a4aab2d27e5ce72c53""}}"
1116,116,"48.8413927 , -123.70557280000001","48.653420100000005 , -123.70543260000001",urban-urban,urban,1882,"{""sample_routes"":{""date"":""2026-09-14"",""run_id"":""1e9917ae527545d8a96a3d21206fe880""},""join_samples"":{""date"":""2026-09-14"",""run_id"":""066e6ae7a97d4ff7a8fb08eee71ee69d""},""upload_data"":{""date"":""2026-09-14"",""run_id"":""ca7d92fc045f47a4aab2d27e5ce72c53""}}"
1119,119,"49.2855214 , -123.0318192","49.284960100000006 , -122.743092",urban-urban,urban,1886,"{""sample_routes"":{""date"":""2026-09-14"",""run_id"":""1e9917ae527545d8a96a3d21206fe880""},""join_samples"":{""date"":""2026-09-14"",""run_id"":""066e6ae7a97d4ff7a8fb08eee71ee69d""},""upload_data"":{""date"":""2026-09-14"",""run_id"":""ca7d92fc045f47a4aab2d27e5ce72c53""}}"
1125,125,"49.273144200000004 , -123.21683340000001","49.3643398 , -123.12556740000001",urban-urban,urban,1707,"{""sample_routes"":{""date"":""2026-09-14"",""run_id"":""1e9917ae527545d8a96a3d21206fe880""},""join_samples"":{""date"":""2026-09-14"",""run_id"":""066e6ae7a97d4ff7a8fb08eee71ee69d""},""upload_data"":{""date"":""2026-09-14"",""run_id"":""ca7d92fc045f47a4aab2d27e5ce72c53""}}"
1127,127,"49.2736785 , -122.74367640000001","49.109694000000005 , -122.7439463",urban-urban,urban,1896,"{""sample_routes"":{""date"":""2026-09-14"",""run_id"":""1e9917ae527545d8a96a3d21206fe880""},""join_samples"":{""date"":""2026-09-14"",""run_id"":""066e6ae7a97d4ff7a8fb08eee71ee69d""},""upload_data"":{""date"":""2026-09-14"",""run_id"":""ca7d92fc045f47a4aab2d27e5ce72c53""}}"
1130,130,"49.146202800000005 , -122.9153205","49.146844800000004 , -122.6241834",urban-rural,urban,1897,"{""sample_routes"":{""date"":""2026-09-14"",""run_id"":""1e9917ae527545d8a96a3d21206fe880""},""join_samples"":{""date"":""2026-09-14"",""run_id"":""066e6ae7a97d4ff7a8fb08eee71ee69d""},""upload_data"":{""date"":""2026-09-14"",""run_id"":""ca7d92fc045f47a4aab2d27e5ce72c53""}}"
1131,131,"49.246223400000005 , -123.1729657","49.3402005 , -123.2671492",urban-urban,urban,1898,"{""sample_routes"":{""date"":""2026-09-14"",""run_id"":""1e9917ae527545d8a96a3d21206fe880""},""join_samples"":{""date"":""2026-09-14"",""run_id"":""066e6ae7a97d4ff7a8fb08eee71ee69d""},""upload_data"":{""date"":""2026-09-14"",""run_id"":""ca7d92fc045f47a4aab2d27e5ce72c53""}}"
1134,134,"50.770789 , -120.33721360000001","50.6940091 , -120.41401640000001",urban-urban,urban,1701,"{""sample_routes"":{""date"":""2026-09-14"",""run_id"":""1e9917ae527545d8a96a3d21206fe880""},""join_samples"":{""date"":""2026-09-14"",""run_id"":""066e6ae7a97d4ff7a8fb08eee71ee69d""},""upload_data"":{""date"":""2026-09-14"",""run_id"":""ca7d92fc045f47a4aab2d27e5ce72c53""}}"
1135,135,"49.2655808 , -122.88439600000001","49.342814000000004 , -122.96097400000001",urban-rural,urban,1901,"{""sample_routes"":{""date"":""2026-09-14"",""run_id"":""1e9917ae527545d8a96a3d21206fe880""},""join_samples"":{""date"":""2026-09-14"",""run_id"":""066e6ae7a97d4ff7a8fb08eee71ee69d""},""upload_data"":{""date"":""2026-09-14"",""run_id"":""ca7d92fc045f47a4aab2d27e5ce72c53""}}"
1138,138,"53.884484 , -122.76930800000001","54.0756255 , -122.7691913",urban-urban,urban,1903,"{""sample_routes"":{""date"":""2026-09-14"",""run_id"":""1e9917ae527545d8a96a3d21206fe880""},""join_samples"":{""date"":""2026-09-14"",""run_id"":""066e6ae7a97d4ff7a8fb08eee71ee69d""},""upload_data"":{""date"":""2026-09-14"",""run_id"":""ca7d92fc045f47a4aab2d27e5ce72c53""}}"
1139,139,"58.864975300000005 , -122.8379409","58.8758166 , -122.8484068",urban-urban,urban,1697,"{""sample_routes"":{""date"":""2026-09-14"",""run_id"":""1e9917ae527545d8a96a3d21206fe880""},""join_samples"":{""date"":""2026-09-14"",""run_id"":""066e6ae7a97d4ff7a8fb08eee71ee69d""},""upload_data"":{""date"":""2026-09-14"",""run_id"":""ca7d92fc045f47a4aab2d27e5ce72c53""}}"
1140,140,"48.410570400000005 , -123.5109419","48.533028400000006 , -123.511634",urban-urban,urban,1696,"{""sample_routes"":{""date"":""2026-09-14"",""run_id"":""1e9917ae527545d8a96a3d21206fe880""},""join_samples"":{""date"":""2026-09-14"",""run_id"":""066e6ae7a97d4ff7a8fb08eee71ee69d""},""upload_data"":{""date"":""2026-09-14"",""run_id"":""ca7d92fc045f47a4aab2d27e5ce72c53""}}"
1141,141,"50.8584016 , -120.8042053","50.8579025 , -120.66916950000001",urban-urban,urban,1906,"{""sample_routes"":{""date"":""2026-09-14"",""run_id"":""1e9917ae527545d8a96a3d21206fe880""},""join_samples"":{""date"":""2026-09-14"",""run_id"":""066e6ae7a97d4ff7a8fb08eee71ee69d""},""upload_data"":{""date"":""2026-09-14"",""run_id"":""ca7d92fc045f47a4aab2d27e5ce72c53""}}"
1144,144,"49.4407975 , -119.579817","49.6027294 , -119.57967640000001",urban-urban,urban,1690,"{""sample_routes"":{""date"":""2026-09-14"",""run_id"":""1e9917ae527545d8a96a3d21206fe880""},""join_samples"":{""date"":""2026-09-14"",""run_id"":""066e6ae7a97d4ff7a8fb08eee71ee69d""},""upload_data"":{""date"":""2026-09-14"",""run_id"":""ca7d92fc045f47a4aab2d27e5ce72c53""}}"
1145,145,"49.262975100000006 , -122.90821770000001","49.3208835 , -122.90877990000001",urban-urban,urban,1690,"{""sample_routes"":{""date"":""2026-09-14"",""run_id"":""1e9917ae527545d8a96a3d21206fe880""},""join_samples"":{""date"":""2026-09-14"",""run_id"":""066e6ae7a97d4ff7a8fb08eee71ee69d""},""upload_data"":{""date"":""2026-09-14"",""run_id"":""ca7d92fc045f47a4aab2d27e5ce72c53""}}"
1148,148,"48.685453100000004 , -123.42243090000001","48.4424367 , -123.42224440000001",urban-urban,urban,1914,"{""sample_routes"":{""date"":""2026-09-14"",""run_id"":""1e9917ae527545d8a96a3d21206fe880""},""join_samples"":{""date"":""2026-09-14"",""run_id"":""066e6ae7a97d4ff7a8fb08eee71ee69d""},""upload_data"":{""date"":""2026-09-14"",""run_id"":""ca7d92fc045f47a4aab2d27e5ce72c53""}}"
1149,149,"48.43667060000001 , -123.3182864","48.436021000000004 , -123.52368080000001",urban-urban,urban,1914,"{""sample_routes"":{""date"":""2026-09-14"",""run_id"":""1e9917ae527545d8a96a3d21206fe880""},""join_samples"":{""date"":""2026-09-14"",""run_id"":""066e6ae7a97d4ff7a8fb08eee71ee69d""},""upload_data"":{""date"":""2026-09-14"",""run_id"":""ca7d92fc045f47a4aab2d27e5ce72c53""}}"
1151,151,"49.166443400000006 , -123.14201460000001","49.317415200000006 , -122.9913195",urban-urban,urban,1915,"{""sample_routes"":{""date"":""2026-09-14"",""run_id"":""1e9917ae527545d8a96a3d21206fe880""},""join_samples"":{""date"":""2026-09-14"",""run_id"":""066e6ae7a97d4ff7a8fb08eee71ee69d""},""upload_data"":{""date"":""2026-09-14"",""run_id"":""ca7d92fc045f47a4aab2d27e5ce72c53""}}"
1153,153,"48.5717541 , -123.46042670000001","48.486132500000004 , -123.54670270000001",urban-urban,urban,1683,"{""sample_routes"":{""date"":""2026-09-14"",""run_id"":""1e9917ae527545d8a96a3d21206fe880""},""join_samples"":{""date"":""2026-09-14"",""run_id"":""066e6ae7a97d4ff7a8fb08eee71ee69d""},""upload_data"":{""date"":""2026-09-14"",""run_id"":""ca7d92fc045f47a4aab2d27e5ce72c53""}}"
1155,155,"49.2524044 , -122.585498","49.2517082 , -122.81577700000001",urban-urban,urban,1917,"{""sample_routes"":{""date"":""2026-09-14"",""run_id"":""1e9917ae527545d8a96a3d21206fe880""},""join_samples"":{""date"":""2026-09-14"",""run_id"":""066e6ae7a97d4ff7a8fb08eee71ee69d""},""upload_data"":{""date"":""2026-09-14"",""run_id"":""ca7d92fc045f47a4aab2d27e5ce72c53""}}"
1157,157,"49.1002188 , -121.9442054","49.0148145 , -122.03024590000001",urban-urban,urban,1918,"{""sample_routes"":{""date"":""2026-09-14"",""run_id"":""1e9917ae527545d8a96a3d21206fe880""},""join_samples"":{""date"":""2026-09-14"",""run_id"":""066e6ae7a97d4ff7a8fb08eee71ee69d""},""upload_data"":{""date"":""2026-09-14"",""run_id"":""ca7d92fc045f47a4aab2d27e5ce72c53""}}"
1158,158,"49.249560100000004 , -123.1415977","49.377075500000004 , -123.2688777",urban-rural,urban,1682,"{""sample_routes"":{""date"":""2026-09-14"",""run_id"":""1e9917ae527545d8a96a3d21206fe880""},""join_samples"":{""date"":""2026-09-14"",""run_id"":""066e6ae7a97d4ff7a8fb08eee71ee69d""},""upload_data"":{""date"":""2026-09-14"",""run_id"":""ca7d92fc045f47a4aab2d27e5ce72c53""}}"
1159,159,"49.249714600000004 , -123.01745550000001","49.2492098 , -122.7006094",urban-urban,urban,1682,"{""sample_routes"":{""date"":""2026-09-14"",""run_id"":""1e9917ae527545d8a96a3d21206fe880""},""join_samples"":{""date"":""2026-09-14"",""run_id"":""066e6ae7a97d4ff7a8fb08eee71ee69d""},""upload_data"":{""date"":""2026-09-14"",""run_id"":""ca7d92fc045f47a4aab2d27e5ce72c53""}}"
1160,160,"50.6120838 , -127.57438","50.707922700000005 , -127.5741883",urban-urban,urban,1682,"{""sample_routes"":{""date"":""2026-09-14"",""run_id"":""1e9917ae527545d8a96a3d21206fe880""},""join_samples"":{""date"":""2026-09-14"",""run_id"":""066e6ae7a97d4ff7a8fb08eee71ee69d""},""upload_data"":{""date"":""2026-09-14"",""run_id"":""ca7d92fc045f47a4aab2d27e5ce72c53""}}"
1161,161,"50.330973 , -119.19130840000001","50.331627100000006 , -119.2969743",urban-urban,urban,1681,"{""sample_routes"":{""date"":""2026-09-14"",""run_id"":""1e9917ae527545d8a96a3d21206fe880""},""join_samples"":{""date"":""2026-09-14"",""run_id"":""066e6ae7a97d4ff7a8fb08eee71ee69d""},""upload_data"":{""date"":""2026-09-14"",""run_id"":""ca7d92fc045f47a4aab2d27e5ce72c53""}}"
1162,162,"49.2369001 , -123.1820203","49.3488838 , -123.0697009",urban-urban,urban,1681,"{""sample_routes"":{""date"":""2026-09-14"",""run_id"":""1e9917ae527545d8a96a3d21206fe880""},""join_samples"":{""date"":""2026-09-14"",""run_id"":""066e6ae7a97d4ff7a8fb08eee71ee69d""},""upload_data"":{""date"":""2026-09-14"",""run_id"":""ca7d92fc045f47a4aab2d27e5ce72c53""}}"
1163,163,"49.752567600000006 , -125.0530418","49.58575140000001 , -124.88693740000001",urban-urban,urban,1681,"{""sample_routes"":{""date"":""2026-09-14"",""run_id"":""1e9917ae527545d8a96a3d21206fe880""},""join_samples"":{""date"":""2026-09-14"",""run_id"":""066e6ae7a97d4ff7a8fb08eee71ee69d""},""upload_data"":{""date"":""2026-09-14"",""run_id"":""ca7d92fc045f47a4aab2d27e5ce72c53""}}"
1164,164,"48.7557539 , -123.74663330000001","48.638804400000005 , -123.74716190000001",urban-urban,urban,1920,"{""sample_routes"":{""date"":""2026-09-14"",""run_id"":""1e9917ae527545d8a96a3d21206fe880""},""join_samples"":{""date"":""2026-09-14"",""run_id"":""066e6ae7a97d4ff7a8fb08eee71ee69d""},""upload_data"":{""date"":""2026-09-14"",""run_id"":""ca7d92fc045f47a4aab2d27e5ce72c53""}}"
1168,168,"49.2170422 , -123.06069760000001","49.3534645 , -123.19690120000001",urban-urban,urban,1922,"{""sample_routes"":{""date"":""2026-09-14"",""run_id"":""1e9917ae527545d8a96a3d21206fe880""},""join_samples"":{""date"":""2026-09-14"",""run_id"":""066e6ae7a97d4ff7a8fb08eee71ee69d""},""upload_data"":{""date"":""2026-09-14"",""run_id"":""ca7d92fc045f47a4aab2d27e5ce72c53""}}"
1170,170,"49.3169516 , -122.97333","49.1682925 , -122.9729616",urban-urban,urban,1924,"{""sample_routes"":{""date"":""2026-09-14"",""run_id"":""1e9917ae527545d8a96a3d21206fe880""},""join_samples"":{""date"":""2026-09-14"",""run_id"":""066e6ae7a97d4ff7a8fb08eee71ee69d""},""upload_data"":{""date"":""2026-09-14"",""run_id"":""ca7d92fc045f47a4aab2d27e5ce72c53""}}"
1172,172,"49.354623100000005 , -123.24185670000001","49.207824300000006 , -123.0954861",urban-urban,urban,1926,"{""sample_routes"":{""date"":""2026-09-14"",""run_id"":""1e9917ae527545d8a96a3d21206fe880""},""join_samples"":{""date"":""2026-09-14"",""run_id"":""066e6ae7a97d4ff7a8fb08eee71ee69d""},""upload_data"":{""date"":""2026-09-14"",""run_id"":""ca7d92fc045f47a4aab2d27e5ce72c53""}}"
1178,178,"53.85339810000001 , -122.77969100000001","54.055929500000005 , -122.7795229",urban-urban,urban,1669,"{""sample_routes"":{""date"":""2026-09-14"",""run_id"":""1e9917ae527545d8a96a3d21206fe880""},""join_samples"":{""date"":""2026-09-14"",""run_id"":""066e6ae7a97d4ff7a8fb08eee71ee69d""},""upload_data"":{""date"":""2026-09-14"",""run_id"":""ca7d92fc045f47a4aab2d27e5ce72c53""}}"
1181,181,"49.076355 , -122.56879740000001","49.2276278 , -122.56838320000001",urban-urban,urban,1933,"{""sample_routes"":{""date"":""2026-09-14"",""run_id"":""1e9917ae527545d8a96a3d21206fe880""},""join_samples"":{""date"":""2026-09-14"",""run_id"":""066e6ae7a97d4ff7a8fb08eee71ee69d""},""upload_data"":{""date"":""2026-09-14"",""run_id"":""ca7d92fc045f47a4aab2d27e5ce72c53""}}"
1183,183,"49.1434543 , -122.7703407","49.143111700000006 , -123.006433",urban-urban,urban,1664,"{""sample_routes"":{""date"":""2026-09-14"",""run_id"":""1e9917ae527545d8a96a3d21206fe880""},""join_samples"":{""date"":""2026-09-14"",""run_id"":""066e6ae7a97d4ff7a8fb08eee71ee69d""},""upload_data"":{""date"":""2026-09-14"",""run_id"":""ca7d92fc045f47a4aab2d27e5ce72c53""}}"
1184,184,"49.261539400000004 , -123.0871546","49.0797205 , -123.0871448",urban-urban,urban,1664,"{""sample_routes"":{""date"":""2026-09-14"",""run_id"":""1e9917ae527545d8a96a3d21206fe880""},""join_samples"":{""date"":""2026-09-14"",""run_id"":""066e6ae7a97d4ff7a8fb08eee71ee69d""},""upload_data"":{""date"":""2026-09-14"",""run_id"":""ca7d92fc045f47a4aab2d27e5ce72c53""}}"
1186,186,"49.1881197 , -122.93989810000001","49.3465421 , -123.09868030000001",urban-urban,urban,1938,"{""sample_routes"":{""date"":""2026-09-14"",""run_id"":""1e9917ae527545d8a96a3d21206fe880""},""join_samples"":{""date"":""2026-09-14"",""run_id"":""066e6ae7a97d4ff7a8fb08eee71ee69d""},""upload_data"":{""date"":""2026-09-14"",""run_id"":""ca7d92fc045f47a4aab2d27e5ce72c53""}}"
1189,189,"50.57608260000001 , -120.0091859","50.6506358 , -120.0095591",urban-rural,urban,1661,"{""sample_routes"":{""date"":""2026-09-14"",""run_id"":""1e9917ae527545d8a96a3d21206fe880""},""join_samples"":{""date"":""2026-09-14"",""run_id"":""066e6ae7a97d4ff7a8fb08eee71ee69d""},""upload_data"":{""date"":""2026-09-14"",""run_id"":""ca7d92fc045f47a4aab2d27e5ce72c53""}}"
1190,190,"49.275136100000005 , -122.94792240000001","49.275373 , -122.7346289",urban-urban,urban,1660,"{""sample_routes"":{""date"":""2026-09-14"",""run_id"":""1e9917ae527545d8a96a3d21206fe880""},""join_samples"":{""date"":""2026-09-14"",""run_id"":""066e6ae7a97d4ff7a8fb08eee71ee69d""},""upload_data"":{""date"":""2026-09-14"",""run_id"":""ca7d92fc045f47a4aab2d27e5ce72c53""}}"
1191,191,"49.2263869 , -122.98911000000001","49.3664295 , -123.1297825",urban-urban,urban,1660,"{""sample_routes"":{""date"":""2026-09-14"",""run_id"":""1e9917ae527545d8a96a3d21206fe880""},""join_samples"":{""date"":""2026-09-14"",""run_id"":""066e6ae7a97d4ff7a8fb08eee71ee69d""},""upload_data"":{""date"":""2026-09-14"",""run_id"":""ca7d92fc045f47a4aab2d27e5ce72c53""}}"
1192,192,"49.3298615 , -123.0292974","49.1719385 , -123.0300004",urban-urban,urban,1941,"{""sample_routes"":{""date"":""2026-09-14"",""run_id"":""1e9917ae527545d8a96a3d21206fe880""},""join_samples"":{""date"":""2026-09-14"",""run_id"":""066e6ae7a97d4ff7a8fb08eee71ee69d""},""upload_data"":{""date"":""2026-09-14"",""run_id"":""ca7d92fc045f47a4aab2d27e5ce72c53""}}"
1194,194,"52.9873519 , -122.51814180000001","53.1196812 , -122.65113570000001",urban-urban,urban,1941,"{""sample_routes"":{""date"":""2026-09-14"",""run_id"":""1e9917ae527545d8a96a3d21206fe880""},""join_samples"":{""date"":""2026-09-14"",""run_id"":""066e6ae7a97d4ff7a8fb08eee71ee69d""},""upload_data"":{""date"":""2026-09-14"",""run_id"":""ca7d92fc045f47a4aab2d27e5ce72c53""}}"
1195,195,"53.642403800000004 , -122.9349184","53.8486313 , -122.9343187",urban-urban,urban,1941,"{""sample_routes"":{""date"":""2026-09-14"",""run_id"":""1e9917ae527545d8a96a3d21206fe880""},""join_samples"":{""date"":""2026-09-14"",""run_id"":""066e6ae7a97d4ff7a8fb08eee71ee69d""},""upload_data"":{""date"":""2026-09-14"",""run_id"":""ca7d92fc045f47a4aab2d27e5ce72c53""}}"
1196,196,"48.470467000000006 , -123.46092100000001","48.469855900000006 , -123.28990370000001",urban-urban,urban,1659,"{""sample_routes"":{""date"":""2026-09-14"",""run_id"":""1e9917ae527545d8a96a3d21206fe880""},""join_samples"":{""date"":""2026-09-14"",""run_id"":""066e6ae7a97d4ff7a8fb08eee71ee69d""},""upload_data"":{""date"":""2026-09-14"",""run_id"":""ca7d92fc045f47a4aab2d27e5ce72c53""}}"
1198,198,"49.254330800000005 , -123.23758660000001","49.3648369 , -123.12751250000001",urban-urban,urban,1942,"{""sample_routes"":{""date"":""2026-09-14"",""run_id"":""1e9917ae527545d8a96a3d21206fe880""},""join_samples"":{""date"":""2026-09-14"",""run_id"":""066e6ae7a97d4ff7a8fb08eee71ee69d""},""upload_data"":{""date"":""2026-09-14"",""run_id"":""ca7d92fc045f47a4aab2d27e5ce72c53""}}"
1199,199,"49.209117500000005 , -122.91869810000001","49.2085821 , -123.19543530000001",urban-urban,urban,1658,"{""sample_routes"":{""date"":""2026-09-14"",""run_id"":""1e9917ae527545d8a96a3d21206fe880""},""join_samples"":{""date"":""2026-09-14"",""run_id"":""066e6ae7a97d4ff7a8fb08eee71ee69d""},""upload_data"":{""date"":""2026-09-14"",""run_id"":""ca7d92fc045f47a4aab2d27e5ce72c53""}}"
1200,200,"49.0250701 , -122.77434590000001","49.2082348 , -122.7738875",urban-urban,urban,1944,"{""sample_routes"":{""date"":""2026-09-14"",""run_id"":""1e9917ae527545d8a96a3d21206fe880""},""join_samples"":{""date"":""2026-09-14"",""run_id"":""066e6ae7a97d4ff7a8fb08eee71ee69d""},""upload_data"":{""date"":""2026-09-14"",""run_id"":""ca7d92fc045f47a4aab2d27e5ce72c53""}}"
1201,201,"48.639063300000004 , -123.74411140000001","48.803074300000006 , -123.74420130000001",urban-urban,urban,1945,"{""sample_routes"":{""date"":""2026-09-14"",""run_id"":""1e9917ae527545d8a96a3d21206fe880""},""join_samples"":{""date"":""2026-09-14"",""run_id"":""066e6ae7a97d4ff7a8fb08eee71ee69d""},""upload_data"":{""date"":""2026-09-14"",""run_id"":""ca7d92fc045f47a4aab2d27e5ce72c53""}}"
1203,203,"49.020600200000004 , -119.4332449","49.224047500000005 , -119.6370603",urban-urban,urban,1946,"{""sample_routes"":{""date"":""2026-09-14"",""run_id"":""1e9917ae527545d8a96a3d21206fe880""},""join_samples"":{""date"":""2026-09-14"",""run_id"":""066e6ae7a97d4ff7a8fb08eee71ee69d""},""upload_data"":{""date"":""2026-09-14"",""run_id"":""ca7d92fc045f47a4aab2d27e5ce72c53""}}"
1204,204,"49.2130347 , -123.04150340000001","49.2125065 , -122.8168337",urban-urban,urban,1654,"{""sample_routes"":{""date"":""2026-09-14"",""run_id"":""1e9917ae527545d8a96a3d21206fe880""},""join_samples"":{""date"":""2026-09-14"",""run_id"":""066e6ae7a97d4ff7a8fb08eee71ee69d""},""upload_data"":{""date"":""2026-09-14"",""run_id"":""ca7d92fc045f47a4aab2d27e5ce72c53""}}"
1205,205,"49.1970181 , -122.86251100000001","49.0267568 , -122.86195000000001",urban-urban,urban,1947,"{""sample_routes"":{""date"":""2026-09-14"",""run_id"":""1e9917ae527545d8a96a3d21206fe880""},""join_samples"":{""date"":""2026-09-14"",""run_id"":""066e6ae7a97d4ff7a8fb08eee71ee69d""},""upload_data"":{""date"":""2026-09-14"",""run_id"":""ca7d92fc045f47a4aab2d27e5ce72c53""}}"
1210,210,"52.464240800000006 , -121.8491324","52.463717 , -122.0880233",rural-urban,urban,1948,"{""sample_routes"":{""date"":""2026-09-14"",""run_id"":""1e9917ae527545d8a96a3d21206fe880""},""join_samples"":{""date"":""2026-09-14"",""run_id"":""066e6ae7a97d4ff7a8fb08eee71ee69d""},""upload_data"":{""date"":""2026-09-14"",""run_id"":""ca7d92fc045f47a4aab2d27e5ce72c53""}}"
1214,214,"51.7140537 , -121.07714240000001","51.7135034 , -121.2849848",urban-urban,urban,1651,"{""sample_routes"":{""date"":""2026-09-14"",""run_id"":""1e9917ae527545d8a96a3d21206fe880""},""join_samples"":{""date"":""2026-09-14"",""run_id"":""066e6ae7a97d4ff7a8fb08eee71ee69d""},""upload_data"":{""date"":""2026-09-14"",""run_id"":""ca7d92fc045f47a4aab2d27e5ce72c53""}}"
1215,215,"49.151778 , -122.9495119","49.280923300000005 , -123.07932480000001",urban-urban,urban,1651,"{""sample_routes"":{""date"":""2026-09-14"",""run_id"":""1e9917ae527545d8a96a3d21206fe880""},""join_samples"":{""date"":""2026-09-14"",""run_id"":""066e6ae7a97d4ff7a8fb08eee71ee69d""},""upload_data"":{""date"":""2026-09-14"",""run_id"":""ca7d92fc045f47a4aab2d27e5ce72c53""}}"
1218,218,"49.2614315 , -122.9628806","49.2619842 , -123.25517610000001",urban-urban,urban,1949,"{""sample_routes"":{""date"":""2026-09-14"",""run_id"":""1e9917ae527545d8a96a3d21206fe880""},""join_samples"":{""date"":""2026-09-14"",""run_id"":""066e6ae7a97d4ff7a8fb08eee71ee69d""},""upload_data"":{""date"":""2026-09-14"",""run_id"":""ca7d92fc045f47a4aab2d27e5ce72c53""}}"
1219,219,"50.235168900000005 , -119.25261880000001","50.234612500000004 , -119.4060249",urban-urban,urban,1650,"{""sample_routes"":{""date"":""2026-09-14"",""run_id"":""1e9917ae527545d8a96a3d21206fe880""},""join_samples"":{""date"":""2026-09-14"",""run_id"":""066e6ae7a97d4ff7a8fb08eee71ee69d""},""upload_data"":{""date"":""2026-09-14"",""run_id"":""ca7d92fc045f47a4aab2d27e5ce72c53""}}"
1220,220,"49.154737000000004 , -122.6380843","49.314816900000004 , -122.79851790000001",urban-urban,urban,1951,"{""sample_routes"":{""date"":""2026-09-14"",""run_id"":""1e9917ae527545d8a96a3d21206fe880""},""join_samples"":{""date"":""2026-09-14"",""run_id"":""066e6ae7a97d4ff7a8fb08eee71ee69d""},""upload_data"":{""date"":""2026-09-14"",""run_id"":""ca7d92fc045f47a4aab2d27e5ce72c53""}}"
1223,223,"52.383613700000005 , -121.29251260000001","52.383546900000006 , -121.4169837",urban-urban,urban,1648,"{""sample_routes"":{""date"":""2026-09-14"",""run_id"":""1e9917ae527545d8a96a3d21206fe880""},""join_samples"":{""date"":""2026-09-14"",""run_id"":""066e6ae7a97d4ff7a8fb08eee71ee69d""},""upload_data"":{""date"":""2026-09-14"",""run_id"":""ca7d92fc045f47a4aab2d27e5ce72c53""}}"
1224,224,"49.141784400000006 , -122.59874300000001","49.3056945 , -122.76319690000001",urban-urban,urban,1952,"{""sample_routes"":{""date"":""2026-09-14"",""run_id"":""1e9917ae527545d8a96a3d21206fe880""},""join_samples"":{""date"":""2026-09-14"",""run_id"":""066e6ae7a97d4ff7a8fb08eee71ee69d""},""upload_data"":{""date"":""2026-09-14"",""run_id"":""ca7d92fc045f47a4aab2d27e5ce72c53""}}"
1225,225,"49.2414843 , -124.03456620000001","49.0350717 , -123.8282475",urban-urban,urban,1953,"{""sample_routes"":{""date"":""2026-09-14"",""run_id"":""1e9917ae527545d8a96a3d21206fe880""},""join_samples"":{""date"":""2026-09-14"",""run_id"":""066e6ae7a97d4ff7a8fb08eee71ee69d""},""upload_data"":{""date"":""2026-09-14"",""run_id"":""ca7d92fc045f47a4aab2d27e5ce72c53""}}"
1227,227,"49.14970640000001 , -123.1555261","49.291443300000005 , -123.01394920000001",urban-urban,urban,1955,"{""sample_routes"":{""date"":""2026-09-14"",""run_id"":""1e9917ae527545d8a96a3d21206fe880""},""join_samples"":{""date"":""2026-09-14"",""run_id"":""066e6ae7a97d4ff7a8fb08eee71ee69d""},""upload_data"":{""date"":""2026-09-14"",""run_id"":""ca7d92fc045f47a4aab2d27e5ce72c53""}}"
1228,228,"52.2537815 , -121.51066840000001","52.374166800000005 , -121.3902039",urban-urban,urban,1955,"{""sample_routes"":{""date"":""2026-09-14"",""run_id"":""1e9917ae527545d8a96a3d21206fe880""},""join_samples"":{""date"":""2026-09-14"",""run_id"":""066e6ae7a97d4ff7a8fb08eee71ee69d""},""upload_data"":{""date"":""2026-09-14"",""run_id"":""ca7d92fc045f47a4aab2d27e5ce72c53""}}"
1230,230,"49.343758900000005 , -123.19212110000001","49.3440686 , -122.97421940000001",urban-rural,urban,1956,"{""sample_routes"":{""date"":""2026-09-14"",""run_id"":""1e9917ae527545d8a96a3d21206fe880""},""join_samples"":{""date"":""2026-09-14"",""run_id"":""066e6ae7a97d4ff7a8fb08eee71ee69d""},""upload_data"":{""date"":""2026-09-14"",""run_id"":""ca7d92fc045f47a4aab2d27e5ce72c53""}}"
1231,231,"49.172599600000005 , -122.73241920000001","49.301698800000004 , -122.7327266",urban-urban,urban,1643,"{""sample_routes"":{""date"":""2026-09-14"",""run_id"":""1e9917ae527545d8a96a3d21206fe880""},""join_samples"":{""date"":""2026-09-14"",""run_id"":""066e6ae7a97d4ff7a8fb08eee71ee69d""},""upload_data"":{""date"":""2026-09-14"",""run_id"":""ca7d92fc045f47a4aab2d27e5ce72c53""}}"
1232,232,"54.803388500000004 , -127.20093720000001","54.7605008 , -127.24345040000001",urban-urban,urban,1957,"{""sample_routes"":{""date"":""2026-09-14"",""run_id"":""1e9917ae527545d8a96a3d21206fe880""},""join_samples"":{""date"":""2026-09-14"",""run_id"":""066e6ae7a97d4ff7a8fb08eee71ee69d""},""upload_data"":{""date"":""2026-09-14"",""run_id"":""ca7d92fc045f47a4aab2d27e5ce72c53""}}"
1234,234,"49.1776733 , -122.40168560000001","49.177008400000005 , -122.7126568",urban-urban,urban,1958,"{""sample_routes"":{""date"":""2026-09-14"",""run_id"":""1e9917ae527545d8a96a3d21206fe880""},""join_samples"":{""date"":""2026-09-14"",""run_id"":""066e6ae7a97d4ff7a8fb08eee71ee69d""},""upload_data"":{""date"":""2026-09-14"",""run_id"":""ca7d92fc045f47a4aab2d27e5ce72c53""}}"
1238,238,"49.205208500000005 , -123.03120740000001","49.2055476 , -122.76175780000001",urban-urban,urban,1962,"{""sample_routes"":{""date"":""2026-09-14"",""run_id"":""1e9917ae527545d8a96a3d21206fe880""},""join_samples"":{""date"":""2026-09-14"",""run_id"":""066e6ae7a97d4ff7a8fb08eee71ee69d""},""upload_data"":{""date"":""2026-09-14"",""run_id"":""ca7d92fc045f47a4aab2d27e5ce72c53""}}"
1240,240,"49.5916817 , -119.57069170000001","49.5158974 , -119.64641590000001",urban-urban,urban,1637,"{""sample_routes"":{""date"":""2026-09-14"",""run_id"":""1e9917ae527545d8a96a3d21206fe880""},""join_samples"":{""date"":""2026-09-14"",""run_id"":""066e6ae7a97d4ff7a8fb08eee71ee69d""},""upload_data"":{""date"":""2026-09-14"",""run_id"":""ca7d92fc045f47a4aab2d27e5ce72c53""}}"
1243,243,"49.8191677 , -119.4994053","49.861451100000004 , -119.54109910000001",urban-urban,urban,1634,"{""sample_routes"":{""date"":""2026-09-14"",""run_id"":""1e9917ae527545d8a96a3d21206fe880""},""join_samples"":{""date"":""2026-09-14"",""run_id"":""066e6ae7a97d4ff7a8fb08eee71ee69d""},""upload_data"":{""date"":""2026-09-14"",""run_id"":""ca7d92fc045f47a4aab2d27e5ce72c53""}}"
1245,245,"48.4090525 , -123.48128930000001","48.522710800000006 , -123.36748960000001",urban-urban,urban,1633,"{""sample_routes"":{""date"":""2026-09-14"",""run_id"":""1e9917ae527545d8a96a3d21206fe880""},""join_samples"":{""date"":""2026-09-14"",""run_id"":""066e6ae7a97d4ff7a8fb08eee71ee69d""},""upload_data"":{""date"":""2026-09-14"",""run_id"":""ca7d92fc045f47a4aab2d27e5ce72c53""}}"
1246,246,"48.429465900000004 , -123.42308410000001","48.524646600000004 , -123.5179624",urban-urban,urban,1968,"{""sample_routes"":{""date"":""2026-09-14"",""run_id"":""1e9917ae527545d8a96a3d21206fe880""},""join_samples"":{""date"":""2026-09-14"",""run_id"":""066e6ae7a97d4ff7a8fb08eee71ee69d""},""upload_data"":{""date"":""2026-09-14"",""run_id"":""ca7d92fc045f47a4aab2d27e5ce72c53""}}"
1249,249,"49.3241099 , -123.0754454","49.1407685 , -123.07504290000001",urban-urban,urban,1969,"{""sample_routes"":{""date"":""2026-09-14"",""run_id"":""1e9917ae527545d8a96a3d21206fe880""},""join_samples"":{""date"":""2026-09-14"",""run_id"":""066e6ae7a97d4ff7a8fb08eee71ee69d""},""upload_data"":{""date"":""2026-09-14"",""run_id"":""ca7d92fc045f47a4aab2d27e5ce72c53""}}"
1251,251,"49.334759700000006 , -123.0300474","49.1985423 , -123.0298604",urban-urban,urban,1970,"{""sample_routes"":{""date"":""2026-09-14"",""run_id"":""1e9917ae527545d8a96a3d21206fe880""},""join_samples"":{""date"":""2026-09-14"",""run_id"":""066e6ae7a97d4ff7a8fb08eee71ee69d""},""upload_data"":{""date"":""2026-09-14"",""run_id"":""ca7d92fc045f47a4aab2d27e5ce72c53""}}"
1254,254,"49.844005700000004 , -119.6166831","49.8443915 , -119.3684587",urban-urban,urban,1971,"{""sample_routes"":{""date"":""2026-09-14"",""run_id"":""1e9917ae527545d8a96a3d21206fe880""},""join_samples"":{""date"":""2026-09-14"",""run_id"":""066e6ae7a97d4ff7a8fb08eee71ee69d""},""upload_data"":{""date"":""2026-09-14"",""run_id"":""ca7d92fc045f47a4aab2d27e5ce72c53""}}"
1260,260,"49.2652373 , -123.1312096","49.3895476 , -123.2559025",urban-urban,urban,1627,"{""sample_routes"":{""date"":""2026-09-14"",""run_id"":""1e9917ae527545d8a96a3d21206fe880""},""join_samples"":{""date"":""2026-09-14"",""run_id"":""066e6ae7a97d4ff7a8fb08eee71ee69d""},""upload_data"":{""date"":""2026-09-14"",""run_id"":""ca7d92fc045f47a4aab2d27e5ce72c53""}}"
1262,262,"49.3697316 , -123.27617140000001","49.20671290000001 , -123.11380600000001",urban-urban,urban,1973,"{""sample_routes"":{""date"":""2026-09-14"",""run_id"":""1e9917ae527545d8a96a3d21206fe880""},""join_samples"":{""date"":""2026-09-14"",""run_id"":""066e6ae7a97d4ff7a8fb08eee71ee69d""},""upload_data"":{""date"":""2026-09-14"",""run_id"":""ca7d92fc045f47a4aab2d27e5ce72c53""}}"
1263,263,"49.2735162 , -123.02343420000001","49.2739769 , -122.69495830000001",urban-urban,urban,1974,"{""sample_routes"":{""date"":""2026-09-14"",""run_id"":""1e9917ae527545d8a96a3d21206fe880""},""join_samples"":{""date"":""2026-09-14"",""run_id"":""066e6ae7a97d4ff7a8fb08eee71ee69d""},""upload_data"":{""date"":""2026-09-14"",""run_id"":""ca7d92fc045f47a4aab2d27e5ce72c53""}}"
1264,264,"49.1004049 , -122.89985650000001","49.1001258 , -122.6245628",rural-urban,urban,1626,"{""sample_routes"":{""date"":""2026-09-14"",""run_id"":""1e9917ae527545d8a96a3d21206fe880""},""join_samples"":{""date"":""2026-09-14"",""run_id"":""066e6ae7a97d4ff7a8fb08eee71ee69d""},""upload_data"":{""date"":""2026-09-14"",""run_id"":""ca7d92fc045f47a4aab2d27e5ce72c53""}}"
1265,265,"50.6460906 , -119.83443740000001","50.646184500000004 , -119.65766760000001",urban-urban,urban,1975,"{""sample_routes"":{""date"":""2026-09-14"",""run_id"":""1e9917ae527545d8a96a3d21206fe880""},""join_samples"":{""date"":""2026-09-14"",""run_id"":""066e6ae7a97d4ff7a8fb08eee71ee69d""},""upload_data"":{""date"":""2026-09-14"",""run_id"":""ca7d92fc045f47a4aab2d27e5ce72c53""}}"
1267,267,"49.847779 , -119.5633124","49.794817 , -119.510422",urban-urban,urban,1977,"{""sample_routes"":{""date"":""2026-09-14"",""run_id"":""1e9917ae527545d8a96a3d21206fe880""},""join_samples"":{""date"":""2026-09-14"",""run_id"":""066e6ae7a97d4ff7a8fb08eee71ee69d""},""upload_data"":{""date"":""2026-09-14"",""run_id"":""ca7d92fc045f47a4aab2d27e5ce72c53""}}"
1270,270,"49.2678025 , -122.82731890000001","49.2672152 , -123.1487503",urban-urban,urban,1978,"{""sample_routes"":{""date"":""2026-09-14"",""run_id"":""1e9917ae527545d8a96a3d21206fe880""},""join_samples"":{""date"":""2026-09-14"",""run_id"":""066e6ae7a97d4ff7a8fb08eee71ee69d""},""upload_data"":{""date"":""2026-09-14"",""run_id"":""ca7d92fc045f47a4aab2d27e5ce72c53""}}"
1272,272,"53.8569728 , -122.7805373","54.055918600000005 , -122.77984140000001",urban-urban,urban,1621,"{""sample_routes"":{""date"":""2026-09-14"",""run_id"":""1e9917ae527545d8a96a3d21206fe880""},""join_samples"":{""date"":""2026-09-14"",""run_id"":""066e6ae7a97d4ff7a8fb08eee71ee69d""},""upload_data"":{""date"":""2026-09-14"",""run_id"":""ca7d92fc045f47a4aab2d27e5ce72c53""}}"
1276,276,"49.259267 , -122.8798249","49.258946 , -122.67791860000001",urban-urban,urban,1617,"{""sample_routes"":{""date"":""2026-09-14"",""run_id"":""1e9917ae527545d8a96a3d21206fe880""},""join_samples"":{""date"":""2026-09-14"",""run_id"":""066e6ae7a97d4ff7a8fb08eee71ee69d""},""upload_data"":{""date"":""2026-09-14"",""run_id"":""ca7d92fc045f47a4aab2d27e5ce72c53""}}"
1277,277,"49.1439469 , -122.8773613","49.143405300000005 , -123.17641440000001",urban-urban,urban,1984,"{""sample_routes"":{""date"":""2026-09-14"",""run_id"":""1e9917ae527545d8a96a3d21206fe880""},""join_samples"":{""date"":""2026-09-14"",""run_id"":""066e6ae7a97d4ff7a8fb08eee71ee69d""},""upload_data"":{""date"":""2026-09-14"",""run_id"":""ca7d92fc045f47a4aab2d27e5ce72c53""}}"
1278,278,"49.274138 , -123.0338143","49.1003522 , -122.86045100000001",urban-urban,urban,1984,"{""sample_routes"":{""date"":""2026-09-14"",""run_id"":""1e9917ae527545d8a96a3d21206fe880""},""join_samples"":{""date"":""2026-09-14"",""run_id"":""066e6ae7a97d4ff7a8fb08eee71ee69d""},""upload_data"":{""date"":""2026-09-14"",""run_id"":""ca7d92fc045f47a4aab2d27e5ce72c53""}}"
1279,279,"49.07126340000001 , -122.25116170000001","49.0719511 , -122.47082060000001",urban-rural,urban,1615,"{""sample_routes"":{""date"":""2026-09-14"",""run_id"":""1e9917ae527545d8a96a3d21206fe880""},""join_samples"":{""date"":""2026-09-14"",""run_id"":""066e6ae7a97d4ff7a8fb08eee71ee69d""},""upload_data"":{""date"":""2026-09-14"",""run_id"":""ca7d92fc045f47a4aab2d27e5ce72c53""}}"
1281,281,"55.641633000000006 , -120.70358530000001","55.6141719 , -120.6767954",urban-urban,urban,1615,"{""sample_routes"":{""date"":""2026-09-14"",""run_id"":""1e9917ae527545d8a96a3d21206fe880""},""join_samples"":{""date"":""2026-09-14"",""run_id"":""066e6ae7a97d4ff7a8fb08eee71ee69d""},""upload_data"":{""date"":""2026-09-14"",""run_id"":""ca7d92fc045f47a4aab2d27e5ce72c53""}}"
1282,282,"49.624991800000004 , -124.0529884","49.644655500000006 , -124.07248790000001",urban-urban,urban,1614,"{""sample_routes"":{""date"":""2026-09-14"",""run_id"":""1e9917ae527545d8a96a3d21206fe880""},""join_samples"":{""date"":""2026-09-14"",""run_id"":""066e6ae7a97d4ff7a8fb08eee71ee69d""},""upload_data"":{""date"":""2026-09-14"",""run_id"":""ca7d92fc045f47a4aab2d27e5ce72c53""}}"
1284,284,"49.194096200000004 , -123.17433930000001","49.193980100000005 , -122.82292570000001",urban-urban,urban,1987,"{""sample_routes"":{""date"":""2026-09-14"",""run_id"":""1e9917ae527545d8a96a3d21206fe880""},""join_samples"":{""date"":""2026-09-14"",""run_id"":""066e6ae7a97d4ff7a8fb08eee71ee69d""},""upload_data"":{""date"":""2026-09-14"",""run_id"":""ca7d92fc045f47a4aab2d27e5ce72c53""}}"
1286,286,"49.31895230000001 , -123.0831024","49.470519800000005 , -123.23474250000001",urban-urban,urban,1612,"{""sample_routes"":{""date"":""2026-09-14"",""run_id"":""1e9917ae527545d8a96a3d21206fe880""},""join_samples"":{""date"":""2026-09-14"",""run_id"":""066e6ae7a97d4ff7a8fb08eee71ee69d""},""upload_data"":{""date"":""2026-09-14"",""run_id"":""ca7d92fc045f47a4aab2d27e5ce72c53""}}"
1287,287,"49.392441000000005 , -119.59429100000001","49.616970300000006 , -119.59471370000001",urban-rural,urban,1989,"{""sample_routes"":{""date"":""2026-09-14"",""run_id"":""1e9917ae527545d8a96a3d21206fe880""},""join_samples"":{""date"":""2026-09-14"",""run_id"":""066e6ae7a97d4ff7a8fb08eee71ee69d""},""upload_data"":{""date"":""2026-09-14"",""run_id"":""ca7d92fc045f47a4aab2d27e5ce72c53""}}"
1289,289,"49.454364500000004 , -119.58960400000001","49.6114017 , -119.5890006",urban-urban,urban,1611,"{""sample_routes"":{""date"":""2026-09-14"",""run_id"":""1e9917ae527545d8a96a3d21206fe880""},""join_samples"":{""date"":""2026-09-14"",""run_id"":""066e6ae7a97d4ff7a8fb08eee71ee69d""},""upload_data"":{""date"":""2026-09-14"",""run_id"":""ca7d92fc045f47a4aab2d27e5ce72c53""}}"
1290,290,"49.2113644 , -122.9719213","49.093210500000005 , -123.09069860000001",urban-urban,urban,1611,"{""sample_routes"":{""date"":""2026-09-14"",""run_id"":""1e9917ae527545d8a96a3d21206fe880""},""join_samples"":{""date"":""2026-09-14"",""run_id"":""066e6ae7a97d4ff7a8fb08eee71ee69d""},""upload_data"":{""date"":""2026-09-14"",""run_id"":""ca7d92fc045f47a4aab2d27e5ce72c53""}}"
1292,292,"49.310880100000006 , -122.801809","49.1440653 , -122.63483930000001",rural-urban,urban,1990,"{""sample_routes"":{""date"":""2026-09-14"",""run_id"":""1e9917ae527545d8a96a3d21206fe880""},""join_samples"":{""date"":""2026-09-14"",""run_id"":""066e6ae7a97d4ff7a8fb08eee71ee69d""},""upload_data"":{""date"":""2026-09-14"",""run_id"":""ca7d92fc045f47a4aab2d27e5ce72c53""}}"
1293,293,"49.137193 , -122.8902369","49.1378069 , -122.5925246",urban-urban,urban,1990,"{""sample_routes"":{""date"":""2026-09-14"",""run_id"":""1e9917ae527545d8a96a3d21206fe880""},""join_samples"":{""date"":""2026-09-14"",""run_id"":""066e6ae7a97d4ff7a8fb08eee71ee69d""},""upload_data"":{""date"":""2026-09-14"",""run_id"":""ca7d92fc045f47a4aab2d27e5ce72c53""}}"
1296,296,"49.312124700000005 , -123.02759180000001","49.312639700000005 , -122.8430024",urban-urban,urban,1992,"{""sample_routes"":{""date"":""2026-09-14"",""run_id"":""1e9917ae527545d8a96a3d21206fe880""},""join_samples"":{""date"":""2026-09-14"",""run_id"":""066e6ae7a97d4ff7a8fb08eee71ee69d""},""upload_data"":{""date"":""2026-09-14"",""run_id"":""ca7d92fc045f47a4aab2d27e5ce72c53""}}"
1302,302,"49.233920700000006 , -122.59146150000001","49.0816871 , -122.5915506",urban-rural,urban,1993,"{""sample_routes"":{""date"":""2026-09-14"",""run_id"":""1e9917ae527545d8a96a3d21206fe880""},""join_samples"":{""date"":""2026-09-14"",""run_id"":""066e6ae7a97d4ff7a8fb08eee71ee69d""},""upload_data"":{""date"":""2026-09-14"",""run_id"":""ca7d92fc045f47a4aab2d27e5ce72c53""}}"
1306,306,"49.9408527 , -119.3428234","49.806936 , -119.4760957",urban-urban,urban,1994,"{""sample_routes"":{""date"":""2026-09-14"",""run_id"":""1e9917ae527545d8a96a3d21206fe880""},""join_samples"":{""date"":""2026-09-14"",""run_id"":""066e6ae7a97d4ff7a8fb08eee71ee69d""},""upload_data"":{""date"":""2026-09-14"",""run_id"":""ca7d92fc045f47a4aab2d27e5ce72c53""}}"
1312,312,"49.1369227 , -122.90438750000001","49.276448900000005 , -122.9043223",urban-urban,urban,1998,"{""sample_routes"":{""date"":""2026-09-14"",""run_id"":""1e9917ae527545d8a96a3d21206fe880""},""join_samples"":{""date"":""2026-09-14"",""run_id"":""066e6ae7a97d4ff7a8fb08eee71ee69d""},""upload_data"":{""date"":""2026-09-14"",""run_id"":""ca7d92fc045f47a4aab2d27e5ce72c53""}}"
1313,313,"49.1613666 , -122.6403985","49.0315427 , -122.77034280000001",urban-urban,urban,1999,"{""sample_routes"":{""date"":""2026-09-14"",""run_id"":""1e9917ae527545d8a96a3d21206fe880""},""join_samples"":{""date"":""2026-09-14"",""run_id"":""066e6ae7a97d4ff7a8fb08eee71ee69d""},""upload_data"":{""date"":""2026-09-14"",""run_id"":""ca7d92fc045f47a4aab2d27e5ce72c53""}}"
1318,318,"49.2837887 , -123.01424580000001","49.2839855 , -122.7429144",urban-urban,urban,2001,"{""sample_routes"":{""date"":""2026-09-14"",""run_id"":""1e9917ae527545d8a96a3d21206fe880""},""join_samples"":{""date"":""2026-09-14"",""run_id"":""066e6ae7a97d4ff7a8fb08eee71ee69d""},""upload_data"":{""date"":""2026-09-14"",""run_id"":""ca7d92fc045f47a4aab2d27e5ce72c53""}}"
1322,322,"49.114388500000004 , -117.5420682","49.113663100000004 , -117.80916160000001",urban-urban,urban,2005,"{""sample_routes"":{""date"":""2026-09-14"",""run_id"":""1e9917ae527545d8a96a3d21206fe880""},""join_samples"":{""date"":""2026-09-14"",""run_id"":""066e6ae7a97d4ff7a8fb08eee71ee69d""},""upload_data"":{""date"":""2026-09-14"",""run_id"":""ca7d92fc045f47a4aab2d27e5ce72c53""}}"
1323,323,"49.360818300000005 , -123.1208967","49.2002042 , -122.9596661",urban-urban,urban,2005,"{""sample_routes"":{""date"":""2026-09-14"",""run_id"":""1e9917ae527545d8a96a3d21206fe880""},""join_samples"":{""date"":""2026-09-14"",""run_id"":""066e6ae7a97d4ff7a8fb08eee71ee69d""},""upload_data"":{""date"":""2026-09-14"",""run_id"":""ca7d92fc045f47a4aab2d27e5ce72c53""}}"
1325,325,"49.1142259 , -122.8581925","49.28661820000001 , -123.03014710000001",urban-urban,urban,2006,"{""sample_routes"":{""date"":""2026-09-14"",""run_id"":""1e9917ae527545d8a96a3d21206fe880""},""join_samples"":{""date"":""2026-09-14"",""run_id"":""066e6ae7a97d4ff7a8fb08eee71ee69d""},""upload_data"":{""date"":""2026-09-14"",""run_id"":""ca7d92fc045f47a4aab2d27e5ce72c53""}}"
1326,326,"49.2838927 , -123.05186850000001","49.2839296 , -122.74362450000001",urban-urban,urban,2007,"{""sample_routes"":{""date"":""2026-09-14"",""run_id"":""1e9917ae527545d8a96a3d21206fe880""},""join_samples"":{""date"":""2026-09-14"",""run_id"":""066e6ae7a97d4ff7a8fb08eee71ee69d""},""upload_data"":{""date"":""2026-09-14"",""run_id"":""ca7d92fc045f47a4aab2d27e5ce72c53""}}"
1328,328,"49.2489306 , -123.15845420000001","49.360993 , -123.26988800000001",urban-urban,urban,2008,"{""sample_routes"":{""date"":""2026-09-14"",""run_id"":""1e9917ae527545d8a96a3d21206fe880""},""join_samples"":{""date"":""2026-09-14"",""run_id"":""066e6ae7a97d4ff7a8fb08eee71ee69d""},""upload_data"":{""date"":""2026-09-14"",""run_id"":""ca7d92fc045f47a4aab2d27e5ce72c53""}}"
1329,329,"55.982531900000005 , -120.0100845","55.982483300000005 , -120.37538880000001",urban-urban,urban,2008,"{""sample_routes"":{""date"":""2026-09-14"",""run_id"":""1e9917ae527545d8a96a3d21206fe880""},""join_samples"":{""date"":""2026-09-14"",""run_id"":""066e6ae7a97d4ff7a8fb08eee71ee69d""},""upload_data"":{""date"":""2026-09-14"",""run_id"":""ca7d92fc045f47a4aab2d27e5ce72c53""}}"
1331,331,"49.1859089 , -122.3687033","49.0520523 , -122.36849950000001",urban-urban,urban,2009,"{""sample_routes"":{""date"":""2026-09-14"",""run_id"":""1e9917ae527545d8a96a3d21206fe880""},""join_samples"":{""date"":""2026-09-14"",""run_id"":""066e6ae7a97d4ff7a8fb08eee71ee69d""},""upload_data"":{""date"":""2026-09-14"",""run_id"":""ca7d92fc045f47a4aab2d27e5ce72c53""}}"
1332,332,"49.1843501 , -122.78094370000001","49.316074300000004 , -122.9125386",urban-urban,urban,2009,"{""sample_routes"":{""date"":""2026-09-14"",""run_id"":""1e9917ae527545d8a96a3d21206fe880""},""join_samples"":{""date"":""2026-09-14"",""run_id"":""066e6ae7a97d4ff7a8fb08eee71ee69d""},""upload_data"":{""date"":""2026-09-14"",""run_id"":""ca7d92fc045f47a4aab2d27e5ce72c53""}}"
1335,335,"49.785343100000006 , -119.52264120000001","49.8527969 , -119.59019860000001",urban-urban,urban,2009,"{""sample_routes"":{""date"":""2026-09-14"",""run_id"":""1e9917ae527545d8a96a3d21206fe880""},""join_samples"":{""date"":""2026-09-14"",""run_id"":""066e6ae7a97d4ff7a8fb08eee71ee69d""},""upload_data"":{""date"":""2026-09-14"",""run_id"":""ca7d92fc045f47a4aab2d27e5ce72c53""}}"
1337,337,"49.6174769 , -119.6788973","49.511425700000004 , -119.78461290000001",urban-urban,urban,1590,"{""sample_routes"":{""date"":""2026-09-14"",""run_id"":""1e9917ae527545d8a96a3d21206fe880""},""join_samples"":{""date"":""2026-09-14"",""run_id"":""066e6ae7a97d4ff7a8fb08eee71ee69d""},""upload_data"":{""date"":""2026-09-14"",""run_id"":""ca7d92fc045f47a4aab2d27e5ce72c53""}}"
1339,339,"49.3078859 , -122.9529107","49.1698984 , -122.9533409",urban-urban,urban,2011,"{""sample_routes"":{""date"":""2026-09-14"",""run_id"":""1e9917ae527545d8a96a3d21206fe880""},""join_samples"":{""date"":""2026-09-14"",""run_id"":""066e6ae7a97d4ff7a8fb08eee71ee69d""},""upload_data"":{""date"":""2026-09-14"",""run_id"":""ca7d92fc045f47a4aab2d27e5ce72c53""}}"
1343,343,"49.343332000000004 , -123.22535740000001","49.190569 , -123.07331500000001",urban-urban,urban,2012,"{""sample_routes"":{""date"":""2026-09-14"",""run_id"":""1e9917ae527545d8a96a3d21206fe880""},""join_samples"":{""date"":""2026-09-14"",""run_id"":""066e6ae7a97d4ff7a8fb08eee71ee69d""},""upload_data"":{""date"":""2026-09-14"",""run_id"":""ca7d92fc045f47a4aab2d27e5ce72c53""}}"
1346,346,"49.714961900000006 , -124.9339094","49.617644000000006 , -125.0318022",urban-urban,urban,1585,"{""sample_routes"":{""date"":""2026-09-14"",""run_id"":""1e9917ae527545d8a96a3d21206fe880""},""join_samples"":{""date"":""2026-09-14"",""run_id"":""066e6ae7a97d4ff7a8fb08eee71ee69d""},""upload_data"":{""date"":""2026-09-14"",""run_id"":""ca7d92fc045f47a4aab2d27e5ce72c53""}}"
1349,349,"49.234383400000006 , -122.78320910000001","49.089517900000004 , -122.6379545",urban-urban,urban,2015,"{""sample_routes"":{""date"":""2026-09-14"",""run_id"":""1e9917ae527545d8a96a3d21206fe880""},""join_samples"":{""date"":""2026-09-14"",""run_id"":""066e6ae7a97d4ff7a8fb08eee71ee69d""},""upload_data"":{""date"":""2026-09-14"",""run_id"":""ca7d92fc045f47a4aab2d27e5ce72c53""}}"
1350,350,"49.207517700000004 , -122.9076804","49.2072889 , -122.58060940000001",urban-urban,urban,2016,"{""sample_routes"":{""date"":""2026-09-14"",""run_id"":""1e9917ae527545d8a96a3d21206fe880""},""join_samples"":{""date"":""2026-09-14"",""run_id"":""066e6ae7a97d4ff7a8fb08eee71ee69d""},""upload_data"":{""date"":""2026-09-14"",""run_id"":""ca7d92fc045f47a4aab2d27e5ce72c53""}}"
1351,351,"49.102515200000006 , -122.57928000000001","49.103201000000006 , -122.89406310000001",urban-urban,urban,2016,"{""sample_routes"":{""date"":""2026-09-14"",""run_id"":""1e9917ae527545d8a96a3d21206fe880""},""join_samples"":{""date"":""2026-09-14"",""run_id"":""066e6ae7a97d4ff7a8fb08eee71ee69d""},""upload_data"":{""date"":""2026-09-14"",""run_id"":""ca7d92fc045f47a4aab2d27e5ce72c53""}}"
1352,352,"49.142336500000006 , -122.8688056","49.0021397 , -122.7280329",urban-urban,urban,1582,"{""sample_routes"":{""date"":""2026-09-14"",""run_id"":""1e9917ae527545d8a96a3d21206fe880""},""join_samples"":{""date"":""2026-09-14"",""run_id"":""066e6ae7a97d4ff7a8fb08eee71ee69d""},""upload_data"":{""date"":""2026-09-14"",""run_id"":""ca7d92fc045f47a4aab2d27e5ce72c53""}}"
1353,353,"49.9521189 , -119.3814679","49.841672800000005 , -119.49174850000001",urban-urban,urban,1582,"{""sample_routes"":{""date"":""2026-09-14"",""run_id"":""1e9917ae527545d8a96a3d21206fe880""},""join_samples"":{""date"":""2026-09-14"",""run_id"":""066e6ae7a97d4ff7a8fb08eee71ee69d""},""upload_data"":{""date"":""2026-09-14"",""run_id"":""ca7d92fc045f47a4aab2d27e5ce72c53""}}"
1354,354,"49.353718300000004 , -123.1772751","49.2254221 , -123.1769708",rural-urban,urban,2019,"{""sample_routes"":{""date"":""2026-09-14"",""run_id"":""1e9917ae527545d8a96a3d21206fe880""},""join_samples"":{""date"":""2026-09-14"",""run_id"":""066e6ae7a97d4ff7a8fb08eee71ee69d""},""upload_data"":{""date"":""2026-09-14"",""run_id"":""ca7d92fc045f47a4aab2d27e5ce72c53""}}"
1356,356,"49.2887611 , -122.94349090000001","49.139781500000005 , -123.0931675",urban-urban,urban,2019,"{""sample_routes"":{""date"":""2026-09-14"",""run_id"":""1e9917ae527545d8a96a3d21206fe880""},""join_samples"":{""date"":""2026-09-14"",""run_id"":""066e6ae7a97d4ff7a8fb08eee71ee69d""},""upload_data"":{""date"":""2026-09-14"",""run_id"":""ca7d92fc045f47a4aab2d27e5ce72c53""}}"
1357,357,"49.372964100000004 , -123.27938580000001","49.2067953 , -123.11290880000001",urban-urban,urban,2019,"{""sample_routes"":{""date"":""2026-09-14"",""run_id"":""1e9917ae527545d8a96a3d21206fe880""},""join_samples"":{""date"":""2026-09-14"",""run_id"":""066e6ae7a97d4ff7a8fb08eee71ee69d""},""upload_data"":{""date"":""2026-09-14"",""run_id"":""ca7d92fc045f47a4aab2d27e5ce72c53""}}"
1358,358,"49.173101900000006 , -122.5874785","49.173196600000004 , -122.91524330000001",urban-urban,urban,2020,"{""sample_routes"":{""date"":""2026-09-14"",""run_id"":""1e9917ae527545d8a96a3d21206fe880""},""join_samples"":{""date"":""2026-09-14"",""run_id"":""066e6ae7a97d4ff7a8fb08eee71ee69d""},""upload_data"":{""date"":""2026-09-14"",""run_id"":""ca7d92fc045f47a4aab2d27e5ce72c53""}}"
1360,360,"49.1841255 , -122.95182430000001","49.358715800000006 , -123.1271028",urban-urban,urban,2021,"{""sample_routes"":{""date"":""2026-09-14"",""run_id"":""1e9917ae527545d8a96a3d21206fe880""},""join_samples"":{""date"":""2026-09-14"",""run_id"":""066e6ae7a97d4ff7a8fb08eee71ee69d""},""upload_data"":{""date"":""2026-09-14"",""run_id"":""ca7d92fc045f47a4aab2d27e5ce72c53""}}"
1362,362,"54.550648900000006 , -126.80927770000001","54.550401300000004 , -126.87859100000001",urban-urban,urban,1578,"{""sample_routes"":{""date"":""2026-09-14"",""run_id"":""1e9917ae527545d8a96a3d21206fe880""},""join_samples"":{""date"":""2026-09-14"",""run_id"":""066e6ae7a97d4ff7a8fb08eee71ee69d""},""upload_data"":{""date"":""2026-09-14"",""run_id"":""ca7d92fc045f47a4aab2d27e5ce72c53""}}"
1363,363,"49.210578000000005 , -122.90889800000001","49.3205947 , -122.9090132",urban-urban,urban,2022,"{""sample_routes"":{""date"":""2026-09-14"",""run_id"":""1e9917ae527545d8a96a3d21206fe880""},""join_samples"":{""date"":""2026-09-14"",""run_id"":""066e6ae7a97d4ff7a8fb08eee71ee69d""},""upload_data"":{""date"":""2026-09-14"",""run_id"":""ca7d92fc045f47a4aab2d27e5ce72c53""}}"
1367,367,"49.2380544 , -123.0252451","49.2381229 , -122.6562353",urban-rural,urban,2025,"{""sample_routes"":{""date"":""2026-09-14"",""run_id"":""1e9917ae527545d8a96a3d21206fe880""},""join_samples"":{""date"":""2026-09-14"",""run_id"":""066e6ae7a97d4ff7a8fb08eee71ee69d""},""upload_data"":{""date"":""2026-09-14"",""run_id"":""ca7d92fc045f47a4aab2d27e5ce72c53""}}"
1369,369,"51.7008233 , -120.8037642","51.6141069 , -120.8034185",urban-urban,urban,1574,"{""sample_routes"":{""date"":""2026-09-14"",""run_id"":""1e9917ae527545d8a96a3d21206fe880""},""join_samples"":{""date"":""2026-09-14"",""run_id"":""066e6ae7a97d4ff7a8fb08eee71ee69d""},""upload_data"":{""date"":""2026-09-14"",""run_id"":""ca7d92fc045f47a4aab2d27e5ce72c53""}}"
1373,373,"49.1263002 , -122.849815","49.2855556 , -123.00841260000001",urban-urban,urban,2028,"{""sample_routes"":{""date"":""2026-09-14"",""run_id"":""1e9917ae527545d8a96a3d21206fe880""},""join_samples"":{""date"":""2026-09-14"",""run_id"":""066e6ae7a97d4ff7a8fb08eee71ee69d""},""upload_data"":{""date"":""2026-09-14"",""run_id"":""ca7d92fc045f47a4aab2d27e5ce72c53""}}"
1376,376,"48.428018400000006 , -123.30798720000001","48.4280382 , -123.49299970000001",urban-urban,urban,2030,"{""sample_routes"":{""date"":""2026-09-14"",""run_id"":""1e9917ae527545d8a96a3d21206fe880""},""join_samples"":{""date"":""2026-09-14"",""run_id"":""066e6ae7a97d4ff7a8fb08eee71ee69d""},""upload_data"":{""date"":""2026-09-14"",""run_id"":""ca7d92fc045f47a4aab2d27e5ce72c53""}}"
1377,377,"49.089584300000006 , -122.6714319","49.2731556 , -122.8554977",urban-urban,urban,2030,"{""sample_routes"":{""date"":""2026-09-14"",""run_id"":""1e9917ae527545d8a96a3d21206fe880""},""join_samples"":{""date"":""2026-09-14"",""run_id"":""066e6ae7a97d4ff7a8fb08eee71ee69d""},""upload_data"":{""date"":""2026-09-14"",""run_id"":""ca7d92fc045f47a4aab2d27e5ce72c53""}}"
1378,378,"52.25584430000001 , -122.06190590000001","52.3661145 , -122.06231880000001",urban-urban,urban,2031,"{""sample_routes"":{""date"":""2026-09-14"",""run_id"":""1e9917ae527545d8a96a3d21206fe880""},""join_samples"":{""date"":""2026-09-14"",""run_id"":""066e6ae7a97d4ff7a8fb08eee71ee69d""},""upload_data"":{""date"":""2026-09-14"",""run_id"":""ca7d92fc045f47a4aab2d27e5ce72c53""}}"
1382,382,"49.2928999 , -122.7813593","49.152325100000006 , -122.92149760000001",urban-urban,urban,2033,"{""sample_routes"":{""date"":""2026-09-14"",""run_id"":""1e9917ae527545d8a96a3d21206fe880""},""join_samples"":{""date"":""2026-09-14"",""run_id"":""066e6ae7a97d4ff7a8fb08eee71ee69d""},""upload_data"":{""date"":""2026-09-14"",""run_id"":""ca7d92fc045f47a4aab2d27e5ce72c53""}}"
1383,383,"49.290580600000006 , -122.77113560000001","49.154205000000005 , -122.90812210000001",urban-urban,urban,2033,"{""sample_routes"":{""date"":""2026-09-14"",""run_id"":""1e9917ae527545d8a96a3d21206fe880""},""join_samples"":{""date"":""2026-09-14"",""run_id"":""066e6ae7a97d4ff7a8fb08eee71ee69d""},""upload_data"":{""date"":""2026-09-14"",""run_id"":""ca7d92fc045f47a4aab2d27e5ce72c53""}}"
1384,384,"49.057008700000004 , -122.80772590000001","49.263737600000006 , -122.80710020000001",urban-urban,urban,2033,"{""sample_routes"":{""date"":""2026-09-14"",""run_id"":""1e9917ae527545d8a96a3d21206fe880""},""join_samples"":{""date"":""2026-09-14"",""run_id"":""066e6ae7a97d4ff7a8fb08eee71ee69d""},""upload_data"":{""date"":""2026-09-14"",""run_id"":""ca7d92fc045f47a4aab2d27e5ce72c53""}}"
1385,385,"50.116421300000006 , -119.29458260000001","50.0144576 , -119.3960586",urban-urban,urban,2034,"{""sample_routes"":{""date"":""2026-09-14"",""run_id"":""1e9917ae527545d8a96a3d21206fe880""},""join_samples"":{""date"":""2026-09-14"",""run_id"":""066e6ae7a97d4ff7a8fb08eee71ee69d""},""upload_data"":{""date"":""2026-09-14"",""run_id"":""ca7d92fc045f47a4aab2d27e5ce72c53""}}"
1386,386,"49.2135855 , -122.91858780000001","49.213060500000005 , -122.5918874",urban-urban,urban,2034,"{""sample_routes"":{""date"":""2026-09-14"",""run_id"":""1e9917ae527545d8a96a3d21206fe880""},""join_samples"":{""date"":""2026-09-14"",""run_id"":""066e6ae7a97d4ff7a8fb08eee71ee69d""},""upload_data"":{""date"":""2026-09-14"",""run_id"":""ca7d92fc045f47a4aab2d27e5ce72c53""}}"
1388,388,"53.3215238 , -120.223082","53.408445400000005 , -120.30966160000001",urban-urban,urban,2034,"{""sample_routes"":{""date"":""2026-09-14"",""run_id"":""1e9917ae527545d8a96a3d21206fe880""},""join_samples"":{""date"":""2026-09-14"",""run_id"":""066e6ae7a97d4ff7a8fb08eee71ee69d""},""upload_data"":{""date"":""2026-09-14"",""run_id"":""ca7d92fc045f47a4aab2d27e5ce72c53""}}"
1389,389,"49.221316900000005 , -122.6637967","49.221101100000006 , -123.0062068",urban-urban,urban,2034,"{""sample_routes"":{""date"":""2026-09-14"",""run_id"":""1e9917ae527545d8a96a3d21206fe880""},""join_samples"":{""date"":""2026-09-14"",""run_id"":""066e6ae7a97d4ff7a8fb08eee71ee69d""},""upload_data"":{""date"":""2026-09-14"",""run_id"":""ca7d92fc045f47a4aab2d27e5ce72c53""}}"
1390,390,"49.2567998 , -122.9102443","49.306143600000006 , -122.95989820000001",urban-urban,urban,1565,"{""sample_routes"":{""date"":""2026-09-14"",""run_id"":""1e9917ae527545d8a96a3d21206fe880""},""join_samples"":{""date"":""2026-09-14"",""run_id"":""066e6ae7a97d4ff7a8fb08eee71ee69d""},""upload_data"":{""date"":""2026-09-14"",""run_id"":""ca7d92fc045f47a4aab2d27e5ce72c53""}}"
1391,391,"49.2417037 , -123.22728120000001","49.2424082 , -122.9081464",rural-urban,urban,2035,"{""sample_routes"":{""date"":""2026-09-14"",""run_id"":""1e9917ae527545d8a96a3d21206fe880""},""join_samples"":{""date"":""2026-09-14"",""run_id"":""066e6ae7a97d4ff7a8fb08eee71ee69d""},""upload_data"":{""date"":""2026-09-14"",""run_id"":""ca7d92fc045f47a4aab2d27e5ce72c53""}}"
1394,394,"49.2580265 , -122.8102815","49.04251420000001 , -122.8107526",urban-urban,urban,2037,"{""sample_routes"":{""date"":""2026-09-14"",""run_id"":""1e9917ae527545d8a96a3d21206fe880""},""join_samples"":{""date"":""2026-09-14"",""run_id"":""066e6ae7a97d4ff7a8fb08eee71ee69d""},""upload_data"":{""date"":""2026-09-14"",""run_id"":""ca7d92fc045f47a4aab2d27e5ce72c53""}}"
1396,396,"48.931574100000006 , -123.72498290000001","49.1711785 , -123.96515880000001",urban-urban,urban,2038,"{""sample_routes"":{""date"":""2026-09-14"",""run_id"":""1e9917ae527545d8a96a3d21206fe880""},""join_samples"":{""date"":""2026-09-14"",""run_id"":""066e6ae7a97d4ff7a8fb08eee71ee69d""},""upload_data"":{""date"":""2026-09-14"",""run_id"":""ca7d92fc045f47a4aab2d27e5ce72c53""}}"
1397,397,"49.208330100000005 , -122.77680210000001","49.2089365 , -123.0711632",urban-urban,urban,2038,"{""sample_routes"":{""date"":""2026-09-14"",""run_id"":""1e9917ae527545d8a96a3d21206fe880""},""join_samples"":{""date"":""2026-09-14"",""run_id"":""066e6ae7a97d4ff7a8fb08eee71ee69d""},""upload_data"":{""date"":""2026-09-14"",""run_id"":""ca7d92fc045f47a4aab2d27e5ce72c53""}}"
1402,402,"49.7788825 , -124.4483665","49.923349800000004 , -124.593545",urban-urban,urban,1561,"{""sample_routes"":{""date"":""2026-09-14"",""run_id"":""1e9917ae527545d8a96a3d21206fe880""},""join_samples"":{""date"":""2026-09-14"",""run_id"":""066e6ae7a97d4ff7a8fb08eee71ee69d""},""upload_data"":{""date"":""2026-09-14"",""run_id"":""ca7d92fc045f47a4aab2d27e5ce72c53""}}"
1405,405,"49.2421428 , -122.77206310000001","49.241927000000004 , -123.14248810000001",urban-urban,urban,2040,"{""sample_routes"":{""date"":""2026-09-14"",""run_id"":""1e9917ae527545d8a96a3d21206fe880""},""join_samples"":{""date"":""2026-09-14"",""run_id"":""066e6ae7a97d4ff7a8fb08eee71ee69d""},""upload_data"":{""date"":""2026-09-14"",""run_id"":""ca7d92fc045f47a4aab2d27e5ce72c53""}}"
1408,408,"49.1287699 , -122.82883740000001","49.2825678 , -122.9829502",urban-urban,urban,2040,"{""sample_routes"":{""date"":""2026-09-14"",""run_id"":""1e9917ae527545d8a96a3d21206fe880""},""join_samples"":{""date"":""2026-09-14"",""run_id"":""066e6ae7a97d4ff7a8fb08eee71ee69d""},""upload_data"":{""date"":""2026-09-14"",""run_id"":""ca7d92fc045f47a4aab2d27e5ce72c53""}}"
1409,409,"48.435053 , -123.3153963","48.434583100000005 , -123.5217417",urban-urban,urban,2041,"{""sample_routes"":{""date"":""2026-09-14"",""run_id"":""1e9917ae527545d8a96a3d21206fe880""},""join_samples"":{""date"":""2026-09-14"",""run_id"":""066e6ae7a97d4ff7a8fb08eee71ee69d""},""upload_data"":{""date"":""2026-09-14"",""run_id"":""ca7d92fc045f47a4aab2d27e5ce72c53""}}"
1411,411,"49.1118462 , -122.8232232","49.304193500000004 , -122.82355410000001",urban-urban,urban,2042,"{""sample_routes"":{""date"":""2026-09-14"",""run_id"":""1e9917ae527545d8a96a3d21206fe880""},""join_samples"":{""date"":""2026-09-14"",""run_id"":""066e6ae7a97d4ff7a8fb08eee71ee69d""},""upload_data"":{""date"":""2026-09-14"",""run_id"":""ca7d92fc045f47a4aab2d27e5ce72c53""}}"
1413,413,"49.1825836 , -122.847188","49.181961400000006 , -122.551974",urban-urban,urban,2042,"{""sample_routes"":{""date"":""2026-09-14"",""run_id"":""1e9917ae527545d8a96a3d21206fe880""},""join_samples"":{""date"":""2026-09-14"",""run_id"":""066e6ae7a97d4ff7a8fb08eee71ee69d""},""upload_data"":{""date"":""2026-09-14"",""run_id"":""ca7d92fc045f47a4aab2d27e5ce72c53""}}"
1415,415,"48.413258600000006 , -123.4988663","48.412782400000005 , -123.3252621",urban-urban,urban,2042,"{""sample_routes"":{""date"":""2026-09-14"",""run_id"":""1e9917ae527545d8a96a3d21206fe880""},""join_samples"":{""date"":""2026-09-14"",""run_id"":""066e6ae7a97d4ff7a8fb08eee71ee69d""},""upload_data"":{""date"":""2026-09-14"",""run_id"":""ca7d92fc045f47a4aab2d27e5ce72c53""}}"
1416,416,"49.278929600000005 , -122.83892970000001","49.098492 , -122.658169",urban-urban,urban,2042,"{""sample_routes"":{""date"":""2026-09-14"",""run_id"":""1e9917ae527545d8a96a3d21206fe880""},""join_samples"":{""date"":""2026-09-14"",""run_id"":""066e6ae7a97d4ff7a8fb08eee71ee69d""},""upload_data"":{""date"":""2026-09-14"",""run_id"":""ca7d92fc045f47a4aab2d27e5ce72c53""}}"
1419,419,"49.1293183 , -123.1917064","49.1290333 , -122.84559680000001",urban-urban,urban,2043,"{""sample_routes"":{""date"":""2026-09-14"",""run_id"":""1e9917ae527545d8a96a3d21206fe880""},""join_samples"":{""date"":""2026-09-14"",""run_id"":""066e6ae7a97d4ff7a8fb08eee71ee69d""},""upload_data"":{""date"":""2026-09-14"",""run_id"":""ca7d92fc045f47a4aab2d27e5ce72c53""}}"
1422,422,"49.3145936 , -122.8479283","49.140859500000005 , -122.8475174",urban-urban,urban,2044,"{""sample_routes"":{""date"":""2026-09-14"",""run_id"":""1e9917ae527545d8a96a3d21206fe880""},""join_samples"":{""date"":""2026-09-14"",""run_id"":""066e6ae7a97d4ff7a8fb08eee71ee69d""},""upload_data"":{""date"":""2026-09-14"",""run_id"":""ca7d92fc045f47a4aab2d27e5ce72c53""}}"
1423,423,"49.267382600000005 , -123.1591223","49.2669457 , -122.827049",urban-urban,urban,2044,"{""sample_routes"":{""date"":""2026-09-14"",""run_id"":""1e9917ae527545d8a96a3d21206fe880""},""join_samples"":{""date"":""2026-09-14"",""run_id"":""066e6ae7a97d4ff7a8fb08eee71ee69d""},""upload_data"":{""date"":""2026-09-14"",""run_id"":""ca7d92fc045f47a4aab2d27e5ce72c53""}}"
1428,428,"49.174324000000006 , -122.62799220000001","49.027525700000005 , -122.7743312",urban-urban,urban,2046,"{""sample_routes"":{""date"":""2026-09-14"",""run_id"":""1e9917ae527545d8a96a3d21206fe880""},""join_samples"":{""date"":""2026-09-14"",""run_id"":""066e6ae7a97d4ff7a8fb08eee71ee69d""},""upload_data"":{""date"":""2026-09-14"",""run_id"":""ca7d92fc045f47a4aab2d27e5ce72c53""}}"
1431,431,"48.419203800000005 , -123.36114850000001","48.4199038 , -123.5150658",urban-urban,urban,2047,"{""sample_routes"":{""date"":""2026-09-14"",""run_id"":""1e9917ae527545d8a96a3d21206fe880""},""join_samples"":{""date"":""2026-09-14"",""run_id"":""066e6ae7a97d4ff7a8fb08eee71ee69d""},""upload_data"":{""date"":""2026-09-14"",""run_id"":""ca7d92fc045f47a4aab2d27e5ce72c53""}}"
1432,432,"49.2245658 , -122.90898010000001","49.2243781 , -122.56245740000001",urban-urban,urban,2049,"{""sample_routes"":{""date"":""2026-09-14"",""run_id"":""1e9917ae527545d8a96a3d21206fe880""},""join_samples"":{""date"":""2026-09-14"",""run_id"":""066e6ae7a97d4ff7a8fb08eee71ee69d""},""upload_data"":{""date"":""2026-09-14"",""run_id"":""ca7d92fc045f47a4aab2d27e5ce72c53""}}"
1433,433,"49.212005100000006 , -122.91332870000001","49.212531000000006 , -122.5765549",urban-urban,urban,2049,"{""sample_routes"":{""date"":""2026-09-14"",""run_id"":""1e9917ae527545d8a96a3d21206fe880""},""join_samples"":{""date"":""2026-09-14"",""run_id"":""066e6ae7a97d4ff7a8fb08eee71ee69d""},""upload_data"":{""date"":""2026-09-14"",""run_id"":""ca7d92fc045f47a4aab2d27e5ce72c53""}}"
1435,435,"49.216357900000006 , -122.5914065","49.2161253 , -122.93772220000001",urban-urban,urban,2050,"{""sample_routes"":{""date"":""2026-09-14"",""run_id"":""1e9917ae527545d8a96a3d21206fe880""},""join_samples"":{""date"":""2026-09-14"",""run_id"":""066e6ae7a97d4ff7a8fb08eee71ee69d""},""upload_data"":{""date"":""2026-09-14"",""run_id"":""ca7d92fc045f47a4aab2d27e5ce72c53""}}"
1437,437,"49.321775300000006 , -122.92544280000001","49.262930700000005 , -122.92561",urban-urban,urban,2050,"{""sample_routes"":{""date"":""2026-09-14"",""run_id"":""1e9917ae527545d8a96a3d21206fe880""},""join_samples"":{""date"":""2026-09-14"",""run_id"":""066e6ae7a97d4ff7a8fb08eee71ee69d""},""upload_data"":{""date"":""2026-09-14"",""run_id"":""ca7d92fc045f47a4aab2d27e5ce72c53""}}"
1439,439,"49.233379500000005 , -123.1938188","49.233465900000006 , -122.84610730000001",urban-urban,urban,2051,"{""sample_routes"":{""date"":""2026-09-14"",""run_id"":""1e9917ae527545d8a96a3d21206fe880""},""join_samples"":{""date"":""2026-09-14"",""run_id"":""066e6ae7a97d4ff7a8fb08eee71ee69d""},""upload_data"":{""date"":""2026-09-14"",""run_id"":""ca7d92fc045f47a4aab2d27e5ce72c53""}}"
1441,441,"49.193193900000004 , -123.9960159","48.925562500000005 , -123.72899170000001",urban-urban,urban,2052,"{""sample_routes"":{""date"":""2026-09-14"",""run_id"":""1e9917ae527545d8a96a3d21206fe880""},""join_samples"":{""date"":""2026-09-14"",""run_id"":""066e6ae7a97d4ff7a8fb08eee71ee69d""},""upload_data"":{""date"":""2026-09-14"",""run_id"":""ca7d92fc045f47a4aab2d27e5ce72c53""}}"
1445,445,"49.2793445 , -123.12317220000001","49.2786601 , -122.7879372",urban-urban,urban,2053,"{""sample_routes"":{""date"":""2026-09-14"",""run_id"":""1e9917ae527545d8a96a3d21206fe880""},""join_samples"":{""date"":""2026-09-14"",""run_id"":""066e6ae7a97d4ff7a8fb08eee71ee69d""},""upload_data"":{""date"":""2026-09-14"",""run_id"":""ca7d92fc045f47a4aab2d27e5ce72c53""}}"
1447,447,"49.2625553 , -122.7992993","49.263020600000004 , -123.16255620000001",urban-urban,urban,2053,"{""sample_routes"":{""date"":""2026-09-14"",""run_id"":""1e9917ae527545d8a96a3d21206fe880""},""join_samples"":{""date"":""2026-09-14"",""run_id"":""066e6ae7a97d4ff7a8fb08eee71ee69d""},""upload_data"":{""date"":""2026-09-14"",""run_id"":""ca7d92fc045f47a4aab2d27e5ce72c53""}}"
1453,453,"49.6607226 , -125.0034267","49.66114820000001 , -125.1613504",urban-urban,urban,2055,"{""sample_routes"":{""date"":""2026-09-14"",""run_id"":""1e9917ae527545d8a96a3d21206fe880""},""join_samples"":{""date"":""2026-09-14"",""run_id"":""066e6ae7a97d4ff7a8fb08eee71ee69d""},""upload_data"":{""date"":""2026-09-14"",""run_id"":""ca7d92fc045f47a4aab2d27e5ce72c53""}}"
1454,454,"49.010675400000004 , -119.12786220000001","49.010051700000005 , -119.01404950000001",urban-urban,urban,1545,"{""sample_routes"":{""date"":""2026-09-14"",""run_id"":""1e9917ae527545d8a96a3d21206fe880""},""join_samples"":{""date"":""2026-09-14"",""run_id"":""066e6ae7a97d4ff7a8fb08eee71ee69d""},""upload_data"":{""date"":""2026-09-14"",""run_id"":""ca7d92fc045f47a4aab2d27e5ce72c53""}}"
1459,459,"49.2765542 , -122.76162710000001","49.134844 , -122.9036133",urban-urban,urban,2057,"{""sample_routes"":{""date"":""2026-09-14"",""run_id"":""1e9917ae527545d8a96a3d21206fe880""},""join_samples"":{""date"":""2026-09-14"",""run_id"":""066e6ae7a97d4ff7a8fb08eee71ee69d""},""upload_data"":{""date"":""2026-09-14"",""run_id"":""ca7d92fc045f47a4aab2d27e5ce72c53""}}"
1460,460,"48.419605600000004 , -123.3715997","48.419324100000004 , -123.47462820000001",urban-urban,urban,2057,"{""sample_routes"":{""date"":""2026-09-14"",""run_id"":""1e9917ae527545d8a96a3d21206fe880""},""join_samples"":{""date"":""2026-09-14"",""run_id"":""066e6ae7a97d4ff7a8fb08eee71ee69d""},""upload_data"":{""date"":""2026-09-14"",""run_id"":""ca7d92fc045f47a4aab2d27e5ce72c53""}}"
1462,462,"49.172258600000006 , -122.9150963","49.172524900000006 , -122.58335330000001",urban-urban,urban,2058,"{""sample_routes"":{""date"":""2026-09-14"",""run_id"":""1e9917ae527545d8a96a3d21206fe880""},""join_samples"":{""date"":""2026-09-14"",""run_id"":""066e6ae7a97d4ff7a8fb08eee71ee69d""},""upload_data"":{""date"":""2026-09-14"",""run_id"":""ca7d92fc045f47a4aab2d27e5ce72c53""}}"
1464,464,"53.71982860000001 , -123.5691273","53.865071900000004 , -123.71370010000001",urban-urban,urban,2058,"{""sample_routes"":{""date"":""2026-09-14"",""run_id"":""1e9917ae527545d8a96a3d21206fe880""},""join_samples"":{""date"":""2026-09-14"",""run_id"":""066e6ae7a97d4ff7a8fb08eee71ee69d""},""upload_data"":{""date"":""2026-09-14"",""run_id"":""ca7d92fc045f47a4aab2d27e5ce72c53""}}"
1465,465,"49.259198600000005 , -123.2031877","49.2597748 , -122.863427",urban-urban,urban,2059,"{""sample_routes"":{""date"":""2026-09-14"",""run_id"":""1e9917ae527545d8a96a3d21206fe880""},""join_samples"":{""date"":""2026-09-14"",""run_id"":""066e6ae7a97d4ff7a8fb08eee71ee69d""},""upload_data"":{""date"":""2026-09-14"",""run_id"":""ca7d92fc045f47a4aab2d27e5ce72c53""}}"
1466,466,"49.3095568 , -123.0654322","49.1589102 , -122.91448840000001",urban-urban,urban,2059,"{""sample_routes"":{""date"":""2026-09-14"",""run_id"":""1e9917ae527545d8a96a3d21206fe880""},""join_samples"":{""date"":""2026-09-14"",""run_id"":""066e6ae7a97d4ff7a8fb08eee71ee69d""},""upload_data"":{""date"":""2026-09-14"",""run_id"":""ca7d92fc045f47a4aab2d27e5ce72c53""}}"
1467,467,"49.258204400000004 , -123.1910596","49.2588401 , -122.8522226",urban-urban,urban,2059,"{""sample_routes"":{""date"":""2026-09-14"",""run_id"":""1e9917ae527545d8a96a3d21206fe880""},""join_samples"":{""date"":""2026-09-14"",""run_id"":""066e6ae7a97d4ff7a8fb08eee71ee69d""},""upload_data"":{""date"":""2026-09-14"",""run_id"":""ca7d92fc045f47a4aab2d27e5ce72c53""}}"
1468,468,"49.6132903 , -119.6791752","49.510826200000004 , -119.78156980000001",urban-urban,urban,1541,"{""sample_routes"":{""date"":""2026-09-14"",""run_id"":""1e9917ae527545d8a96a3d21206fe880""},""join_samples"":{""date"":""2026-09-14"",""run_id"":""066e6ae7a97d4ff7a8fb08eee71ee69d""},""upload_data"":{""date"":""2026-09-14"",""run_id"":""ca7d92fc045f47a4aab2d27e5ce72c53""}}"
1470,470,"49.2502429 , -122.8927917","49.30688910000001 , -122.94897610000001",urban-urban,urban,1541,"{""sample_routes"":{""date"":""2026-09-14"",""run_id"":""1e9917ae527545d8a96a3d21206fe880""},""join_samples"":{""date"":""2026-09-14"",""run_id"":""066e6ae7a97d4ff7a8fb08eee71ee69d""},""upload_data"":{""date"":""2026-09-14"",""run_id"":""ca7d92fc045f47a4aab2d27e5ce72c53""}}"
1472,472,"49.3316042 , -123.08851940000001","49.1768665 , -123.0887644",urban-urban,urban,2060,"{""sample_routes"":{""date"":""2026-09-14"",""run_id"":""1e9917ae527545d8a96a3d21206fe880""},""join_samples"":{""date"":""2026-09-14"",""run_id"":""066e6ae7a97d4ff7a8fb08eee71ee69d""},""upload_data"":{""date"":""2026-09-14"",""run_id"":""ca7d92fc045f47a4aab2d27e5ce72c53""}}"
1475,475,"49.2051798 , -122.91048930000001","49.2051275 , -122.56350990000001",urban-urban,urban,2061,"{""sample_routes"":{""date"":""2026-09-14"",""run_id"":""1e9917ae527545d8a96a3d21206fe880""},""join_samples"":{""date"":""2026-09-14"",""run_id"":""066e6ae7a97d4ff7a8fb08eee71ee69d""},""upload_data"":{""date"":""2026-09-14"",""run_id"":""ca7d92fc045f47a4aab2d27e5ce72c53""}}"
1477,477,"49.230487000000004 , -122.98889940000001","49.36350040000001 , -123.12144110000001",urban-urban,urban,1539,"{""sample_routes"":{""date"":""2026-09-14"",""run_id"":""1e9917ae527545d8a96a3d21206fe880""},""join_samples"":{""date"":""2026-09-14"",""run_id"":""066e6ae7a97d4ff7a8fb08eee71ee69d""},""upload_data"":{""date"":""2026-09-14"",""run_id"":""ca7d92fc045f47a4aab2d27e5ce72c53""}}"
1478,478,"49.0816645 , -121.88147400000001","49.1063307 , -121.8819043",urban-urban,urban,1538,"{""sample_routes"":{""date"":""2026-09-14"",""run_id"":""1e9917ae527545d8a96a3d21206fe880""},""join_samples"":{""date"":""2026-09-14"",""run_id"":""066e6ae7a97d4ff7a8fb08eee71ee69d""},""upload_data"":{""date"":""2026-09-14"",""run_id"":""ca7d92fc045f47a4aab2d27e5ce72c53""}}"
1479,479,"49.3225409 , -122.9250999","49.263386600000004 , -122.925244",urban-urban,urban,2063,"{""sample_routes"":{""date"":""2026-09-14"",""run_id"":""1e9917ae527545d8a96a3d21206fe880""},""join_samples"":{""date"":""2026-09-14"",""run_id"":""066e6ae7a97d4ff7a8fb08eee71ee69d""},""upload_data"":{""date"":""2026-09-14"",""run_id"":""ca7d92fc045f47a4aab2d27e5ce72c53""}}"
1480,480,"49.1490109 , -122.6375962","49.1485428 , -122.9629402",urban-urban,urban,2063,"{""sample_routes"":{""date"":""2026-09-14"",""run_id"":""1e9917ae527545d8a96a3d21206fe880""},""join_samples"":{""date"":""2026-09-14"",""run_id"":""066e6ae7a97d4ff7a8fb08eee71ee69d""},""upload_data"":{""date"":""2026-09-14"",""run_id"":""ca7d92fc045f47a4aab2d27e5ce72c53""}}"
1482,482,"49.213892200000004 , -122.91445100000001","49.213201700000006 , -122.5802017",urban-urban,urban,2063,"{""sample_routes"":{""date"":""2026-09-14"",""run_id"":""1e9917ae527545d8a96a3d21206fe880""},""join_samples"":{""date"":""2026-09-14"",""run_id"":""066e6ae7a97d4ff7a8fb08eee71ee69d""},""upload_data"":{""date"":""2026-09-14"",""run_id"":""ca7d92fc045f47a4aab2d27e5ce72c53""}}"
1483,483,"53.31480010000001 , -120.25267590000001","53.3672163 , -120.2531955",urban-urban,urban,1536,"{""sample_routes"":{""date"":""2026-09-14"",""run_id"":""1e9917ae527545d8a96a3d21206fe880""},""join_samples"":{""date"":""2026-09-14"",""run_id"":""066e6ae7a97d4ff7a8fb08eee71ee69d""},""upload_data"":{""date"":""2026-09-14"",""run_id"":""ca7d92fc045f47a4aab2d27e5ce72c53""}}"
1485,485,"49.278479000000004 , -122.76725470000001","49.2777564 , -123.11231710000001",urban-urban,urban,2065,"{""sample_routes"":{""date"":""2026-09-14"",""run_id"":""1e9917ae527545d8a96a3d21206fe880""},""join_samples"":{""date"":""2026-09-14"",""run_id"":""066e6ae7a97d4ff7a8fb08eee71ee69d""},""upload_data"":{""date"":""2026-09-14"",""run_id"":""ca7d92fc045f47a4aab2d27e5ce72c53""}}"
1486,486,"49.2591364 , -123.1526359","49.258418400000004 , -122.7881433",urban-urban,urban,2065,"{""sample_routes"":{""date"":""2026-09-14"",""run_id"":""1e9917ae527545d8a96a3d21206fe880""},""join_samples"":{""date"":""2026-09-14"",""run_id"":""066e6ae7a97d4ff7a8fb08eee71ee69d""},""upload_data"":{""date"":""2026-09-14"",""run_id"":""ca7d92fc045f47a4aab2d27e5ce72c53""}}"
1487,487,"49.1475676 , -122.6241272","49.147989100000004 , -122.937977",rural-urban,urban,2065,"{""sample_routes"":{""date"":""2026-09-14"",""run_id"":""1e9917ae527545d8a96a3d21206fe880""},""join_samples"":{""date"":""2026-09-14"",""run_id"":""066e6ae7a97d4ff7a8fb08eee71ee69d""},""upload_data"":{""date"":""2026-09-14"",""run_id"":""ca7d92fc045f47a4aab2d27e5ce72c53""}}"
1488,488,"49.2202611 , -123.0031349","49.357537400000005 , -123.14007740000001",urban-urban,urban,1534,"{""sample_routes"":{""date"":""2026-09-14"",""run_id"":""1e9917ae527545d8a96a3d21206fe880""},""join_samples"":{""date"":""2026-09-14"",""run_id"":""066e6ae7a97d4ff7a8fb08eee71ee69d""},""upload_data"":{""date"":""2026-09-14"",""run_id"":""ca7d92fc045f47a4aab2d27e5ce72c53""}}"
1492,492,"49.312483400000005 , -123.0572666","49.1023538 , -123.05736100000001",urban-rural,urban,2068,"{""sample_routes"":{""date"":""2026-09-14"",""run_id"":""1e9917ae527545d8a96a3d21206fe880""},""join_samples"":{""date"":""2026-09-14"",""run_id"":""066e6ae7a97d4ff7a8fb08eee71ee69d""},""upload_data"":{""date"":""2026-09-14"",""run_id"":""ca7d92fc045f47a4aab2d27e5ce72c53""}}"
1494,494,"49.2491867 , -123.16785180000001","49.249178400000005 , -122.8157527",urban-urban,urban,2069,"{""sample_routes"":{""date"":""2026-09-14"",""run_id"":""1e9917ae527545d8a96a3d21206fe880""},""join_samples"":{""date"":""2026-09-14"",""run_id"":""066e6ae7a97d4ff7a8fb08eee71ee69d""},""upload_data"":{""date"":""2026-09-14"",""run_id"":""ca7d92fc045f47a4aab2d27e5ce72c53""}}"
1495,495,"49.2332375 , -122.5570639","49.233470700000005 , -122.84874070000001",urban-urban,urban,2069,"{""sample_routes"":{""date"":""2026-09-14"",""run_id"":""1e9917ae527545d8a96a3d21206fe880""},""join_samples"":{""date"":""2026-09-14"",""run_id"":""066e6ae7a97d4ff7a8fb08eee71ee69d""},""upload_data"":{""date"":""2026-09-14"",""run_id"":""ca7d92fc045f47a4aab2d27e5ce72c53""}}"
1497,497,"53.874816100000004 , -122.7813107","54.0402738 , -122.7819369",urban-urban,urban,1531,"{""sample_routes"":{""date"":""2026-09-14"",""run_id"":""1e9917ae527545d8a96a3d21206fe880""},""join_samples"":{""date"":""2026-09-14"",""run_id"":""066e6ae7a97d4ff7a8fb08eee71ee69d""},""upload_data"":{""date"":""2026-09-14"",""run_id"":""ca7d92fc045f47a4aab2d27e5ce72c53""}}"
1498,498,"49.267675100000005 , -122.828674","49.0853492 , -122.64692050000001",urban-urban,urban,2070,"{""sample_routes"":{""date"":""2026-09-14"",""run_id"":""1e9917ae527545d8a96a3d21206fe880""},""join_samples"":{""date"":""2026-09-14"",""run_id"":""066e6ae7a97d4ff7a8fb08eee71ee69d""},""upload_data"":{""date"":""2026-09-14"",""run_id"":""ca7d92fc045f47a4aab2d27e5ce72c53""}}"
1503,503,"55.8325942 , -120.19264310000001","55.963351 , -120.3230905",urban-urban,mixed,1798,"{""sample_routes"":{""date"":""2026-09-14"",""run_id"":""1e9917ae527545d8a96a3d21206fe880""},""join_samples"":{""date"":""2026-09-14"",""run_id"":""066e6ae7a97d4ff7a8fb08eee71ee69d""},""upload_data"":{""date"":""2026-09-14"",""run_id"":""ca7d92fc045f47a4aab2d27e5ce72c53""}}"
1510,510,"49.9850799 , -120.93900670000001","49.985425500000005 , -120.7658456",urban-urban,mixed,1795,"{""sample_routes"":{""date"":""2026-09-14"",""run_id"":""1e9917ae527545d8a96a3d21206fe880""},""join_samples"":{""date"":""2026-09-14"",""run_id"":""066e6ae7a97d4ff7a8fb08eee71ee69d""},""upload_data"":{""date"":""2026-09-14"",""run_id"":""ca7d92fc045f47a4aab2d27e5ce72c53""}}"
1511,511,"49.8225368 , -119.6281646","49.5429517 , -119.62857930000001",urban-rural,mixed,1795,"{""sample_routes"":{""date"":""2026-09-14"",""run_id"":""1e9917ae527545d8a96a3d21206fe880""},""join_samples"":{""date"":""2026-09-14"",""run_id"":""066e6ae7a97d4ff7a8fb08eee71ee69d""},""upload_data"":{""date"":""2026-09-14"",""run_id"":""ca7d92fc045f47a4aab2d27e5ce72c53""}}"
1513,513,"52.139685500000006 , -122.1461529","51.979702800000005 , -122.14606920000001",urban-rural,mixed,1807,"{""sample_routes"":{""date"":""2026-09-14"",""run_id"":""1e9917ae527545d8a96a3d21206fe880""},""join_samples"":{""date"":""2026-09-14"",""run_id"":""066e6ae7a97d4ff7a8fb08eee71ee69d""},""upload_data"":{""date"":""2026-09-14"",""run_id"":""ca7d92fc045f47a4aab2d27e5ce72c53""}}"
1515,515,"50.614551600000006 , -119.18751780000001","50.4718681 , -119.33047540000001",urban-rural,mixed,1808,"{""sample_routes"":{""date"":""2026-09-14"",""run_id"":""1e9917ae527545d8a96a3d21206fe880""},""join_samples"":{""date"":""2026-09-14"",""run_id"":""066e6ae7a97d4ff7a8fb08eee71ee69d""},""upload_data"":{""date"":""2026-09-14"",""run_id"":""ca7d92fc045f47a4aab2d27e5ce72c53""}}"
1516,516,"50.1780965 , -119.41619820000001","50.0994496 , -119.33715540000001",urban-urban,mixed,1809,"{""sample_routes"":{""date"":""2026-09-14"",""run_id"":""1e9917ae527545d8a96a3d21206fe880""},""join_samples"":{""date"":""2026-09-14"",""run_id"":""066e6ae7a97d4ff7a8fb08eee71ee69d""},""upload_data"":{""date"":""2026-09-14"",""run_id"":""ca7d92fc045f47a4aab2d27e5ce72c53""}}"
1517,517,"49.276133200000004 , -124.95571240000001","49.276178800000004 , -124.67488510000001",urban-rural,mixed,1810,"{""sample_routes"":{""date"":""2026-09-14"",""run_id"":""1e9917ae527545d8a96a3d21206fe880""},""join_samples"":{""date"":""2026-09-14"",""run_id"":""066e6ae7a97d4ff7a8fb08eee71ee69d""},""upload_data"":{""date"":""2026-09-14"",""run_id"":""ca7d92fc045f47a4aab2d27e5ce72c53""}}"
1518,518,"49.059325 , -123.96579870000001","49.1004154 , -124.0063662",urban-rural,mixed,1811,"{""sample_routes"":{""date"":""2026-09-14"",""run_id"":""1e9917ae527545d8a96a3d21206fe880""},""join_samples"":{""date"":""2026-09-14"",""run_id"":""066e6ae7a97d4ff7a8fb08eee71ee69d""},""upload_data"":{""date"":""2026-09-14"",""run_id"":""ca7d92fc045f47a4aab2d27e5ce72c53""}}"
1519,519,"50.7686919 , -119.01466140000001","50.584700100000006 , -119.1991284",urban-urban,mixed,1789,"{""sample_routes"":{""date"":""2026-09-14"",""run_id"":""1e9917ae527545d8a96a3d21206fe880""},""join_samples"":{""date"":""2026-09-14"",""run_id"":""066e6ae7a97d4ff7a8fb08eee71ee69d""},""upload_data"":{""date"":""2026-09-14"",""run_id"":""ca7d92fc045f47a4aab2d27e5ce72c53""}}"
1520,520,"53.85205860000001 , -122.75598330000001","53.702991600000004 , -122.60694240000001",urban-urban,mixed,1812,"{""sample_routes"":{""date"":""2026-09-14"",""run_id"":""1e9917ae527545d8a96a3d21206fe880""},""join_samples"":{""date"":""2026-09-14"",""run_id"":""066e6ae7a97d4ff7a8fb08eee71ee69d""},""upload_data"":{""date"":""2026-09-14"",""run_id"":""ca7d92fc045f47a4aab2d27e5ce72c53""}}"
1521,521,"51.2445655 , -121.38687630000001","51.5495096 , -121.38734760000001",urban-urban,mixed,1812,"{""sample_routes"":{""date"":""2026-09-14"",""run_id"":""1e9917ae527545d8a96a3d21206fe880""},""join_samples"":{""date"":""2026-09-14"",""run_id"":""066e6ae7a97d4ff7a8fb08eee71ee69d""},""upload_data"":{""date"":""2026-09-14"",""run_id"":""ca7d92fc045f47a4aab2d27e5ce72c53""}}"
1523,523,"56.3272618 , -121.0290446","56.3271725 , -120.74211050000001",urban-urban,mixed,1814,"{""sample_routes"":{""date"":""2026-09-14"",""run_id"":""1e9917ae527545d8a96a3d21206fe880""},""join_samples"":{""date"":""2026-09-14"",""run_id"":""066e6ae7a97d4ff7a8fb08eee71ee69d""},""upload_data"":{""date"":""2026-09-14"",""run_id"":""ca7d92fc045f47a4aab2d27e5ce72c53""}}"
1524,524,"50.5002574 , -120.33810140000001","50.4509753 , -120.28900990000001",urban-rural,mixed,1786,"{""sample_routes"":{""date"":""2026-09-14"",""run_id"":""1e9917ae527545d8a96a3d21206fe880""},""join_samples"":{""date"":""2026-09-14"",""run_id"":""066e6ae7a97d4ff7a8fb08eee71ee69d""},""upload_data"":{""date"":""2026-09-14"",""run_id"":""ca7d92fc045f47a4aab2d27e5ce72c53""}}"
1525,525,"49.233428100000005 , -117.67713180000001","49.107389100000006 , -117.8032374",urban-urban,mixed,1785,"{""sample_routes"":{""date"":""2026-09-14"",""run_id"":""1e9917ae527545d8a96a3d21206fe880""},""join_samples"":{""date"":""2026-09-14"",""run_id"":""066e6ae7a97d4ff7a8fb08eee71ee69d""},""upload_data"":{""date"":""2026-09-14"",""run_id"":""ca7d92fc045f47a4aab2d27e5ce72c53""}}"
1526,526,"49.004153200000005 , -122.2827979","49.164338400000005 , -122.4431672",urban-rural,mixed,1817,"{""sample_routes"":{""date"":""2026-09-14"",""run_id"":""1e9917ae527545d8a96a3d21206fe880""},""join_samples"":{""date"":""2026-09-14"",""run_id"":""066e6ae7a97d4ff7a8fb08eee71ee69d""},""upload_data"":{""date"":""2026-09-14"",""run_id"":""ca7d92fc045f47a4aab2d27e5ce72c53""}}"
1533,533,"50.654861800000006 , -119.97893280000001","50.6756885 , -119.95803380000001",urban-urban,mixed,1780,"{""sample_routes"":{""date"":""2026-09-14"",""run_id"":""1e9917ae527545d8a96a3d21206fe880""},""join_samples"":{""date"":""2026-09-14"",""run_id"":""066e6ae7a97d4ff7a8fb08eee71ee69d""},""upload_data"":{""date"":""2026-09-14"",""run_id"":""ca7d92fc045f47a4aab2d27e5ce72c53""}}"
1535,535,"49.7582608 , -125.0526011","49.6179196 , -125.05208280000001",urban-urban,mixed,1822,"{""sample_routes"":{""date"":""2026-09-14"",""run_id"":""1e9917ae527545d8a96a3d21206fe880""},""join_samples"":{""date"":""2026-09-14"",""run_id"":""066e6ae7a97d4ff7a8fb08eee71ee69d""},""upload_data"":{""date"":""2026-09-14"",""run_id"":""ca7d92fc045f47a4aab2d27e5ce72c53""}}"
1537,537,"49.2738828 , -117.6438992","49.092885700000004 , -117.64410710000001",urban-rural,mixed,1775,"{""sample_routes"":{""date"":""2026-09-14"",""run_id"":""1e9917ae527545d8a96a3d21206fe880""},""join_samples"":{""date"":""2026-09-14"",""run_id"":""066e6ae7a97d4ff7a8fb08eee71ee69d""},""upload_data"":{""date"":""2026-09-14"",""run_id"":""ca7d92fc045f47a4aab2d27e5ce72c53""}}"
1538,538,"55.8427547 , -120.19277950000001","55.6940548 , -120.04392240000001",urban-urban,mixed,1828,"{""sample_routes"":{""date"":""2026-09-14"",""run_id"":""1e9917ae527545d8a96a3d21206fe880""},""join_samples"":{""date"":""2026-09-14"",""run_id"":""066e6ae7a97d4ff7a8fb08eee71ee69d""},""upload_data"":{""date"":""2026-09-14"",""run_id"":""ca7d92fc045f47a4aab2d27e5ce72c53""}}"
1539,539,"49.059904200000005 , -122.5705351","49.059808100000005 , -122.308069",urban-urban,mixed,1772,"{""sample_routes"":{""date"":""2026-09-14"",""run_id"":""1e9917ae527545d8a96a3d21206fe880""},""join_samples"":{""date"":""2026-09-14"",""run_id"":""066e6ae7a97d4ff7a8fb08eee71ee69d""},""upload_data"":{""date"":""2026-09-14"",""run_id"":""ca7d92fc045f47a4aab2d27e5ce72c53""}}"
1540,540,"55.766536300000006 , -120.3282712","55.5089904 , -120.07055100000001",urban-urban,mixed,1829,"{""sample_routes"":{""date"":""2026-09-14"",""run_id"":""1e9917ae527545d8a96a3d21206fe880""},""join_samples"":{""date"":""2026-09-14"",""run_id"":""066e6ae7a97d4ff7a8fb08eee71ee69d""},""upload_data"":{""date"":""2026-09-14"",""run_id"":""ca7d92fc045f47a4aab2d27e5ce72c53""}}"
1541,541,"53.8969834 , -124.19913030000001","54.0135865 , -124.08267670000001",urban-rural,mixed,1830,"{""sample_routes"":{""date"":""2026-09-14"",""run_id"":""1e9917ae527545d8a96a3d21206fe880""},""join_samples"":{""date"":""2026-09-14"",""run_id"":""066e6ae7a97d4ff7a8fb08eee71ee69d""},""upload_data"":{""date"":""2026-09-14"",""run_id"":""ca7d92fc045f47a4aab2d27e5ce72c53""}}"
1542,542,"49.94202790000001 , -119.3407318","50.2006974 , -119.34028020000001",urban-rural,mixed,1830,"{""sample_routes"":{""date"":""2026-09-14"",""run_id"":""1e9917ae527545d8a96a3d21206fe880""},""join_samples"":{""date"":""2026-09-14"",""run_id"":""066e6ae7a97d4ff7a8fb08eee71ee69d""},""upload_data"":{""date"":""2026-09-14"",""run_id"":""ca7d92fc045f47a4aab2d27e5ce72c53""}}"
1543,543,"52.267808 , -121.9057425","52.267687 , -122.14068060000001",urban-rural,mixed,1770,"{""sample_routes"":{""date"":""2026-09-14"",""run_id"":""1e9917ae527545d8a96a3d21206fe880""},""join_samples"":{""date"":""2026-09-14"",""run_id"":""066e6ae7a97d4ff7a8fb08eee71ee69d""},""upload_data"":{""date"":""2026-09-14"",""run_id"":""ca7d92fc045f47a4aab2d27e5ce72c53""}}"
1544,544,"53.108988100000005 , -122.3465316","52.9182452 , -122.347188",urban-urban,mixed,1832,"{""sample_routes"":{""date"":""2026-09-14"",""run_id"":""1e9917ae527545d8a96a3d21206fe880""},""join_samples"":{""date"":""2026-09-14"",""run_id"":""066e6ae7a97d4ff7a8fb08eee71ee69d""},""upload_data"":{""date"":""2026-09-14"",""run_id"":""ca7d92fc045f47a4aab2d27e5ce72c53""}}"
1546,546,"49.643258900000006 , -119.9189199","49.643062300000004 , -119.6883282",rural-rural,mixed,1832,"{""sample_routes"":{""date"":""2026-09-14"",""run_id"":""1e9917ae527545d8a96a3d21206fe880""},""join_samples"":{""date"":""2026-09-14"",""run_id"":""066e6ae7a97d4ff7a8fb08eee71ee69d""},""upload_data"":{""date"":""2026-09-14"",""run_id"":""ca7d92fc045f47a4aab2d27e5ce72c53""}}"
1547,547,"49.434464600000005 , -117.6002409","49.28789870000001 , -117.7465523",urban-rural,mixed,1768,"{""sample_routes"":{""date"":""2026-09-14"",""run_id"":""1e9917ae527545d8a96a3d21206fe880""},""join_samples"":{""date"":""2026-09-14"",""run_id"":""066e6ae7a97d4ff7a8fb08eee71ee69d""},""upload_data"":{""date"":""2026-09-14"",""run_id"":""ca7d92fc045f47a4aab2d27e5ce72c53""}}"
1548,548,"50.5899421 , -121.856232","50.6260641 , -121.85551600000001",urban-rural,mixed,1768,"{""sample_routes"":{""date"":""2026-09-14"",""run_id"":""1e9917ae527545d8a96a3d21206fe880""},""join_samples"":{""date"":""2026-09-14"",""run_id"":""066e6ae7a97d4ff7a8fb08eee71ee69d""},""upload_data"":{""date"":""2026-09-14"",""run_id"":""ca7d92fc045f47a4aab2d27e5ce72c53""}}"
1549,549,"49.5991682 , -119.6707435","49.849842200000005 , -119.6714134",urban-urban,mixed,1767,"{""sample_routes"":{""date"":""2026-09-14"",""run_id"":""1e9917ae527545d8a96a3d21206fe880""},""join_samples"":{""date"":""2026-09-14"",""run_id"":""066e6ae7a97d4ff7a8fb08eee71ee69d""},""upload_data"":{""date"":""2026-09-14"",""run_id"":""ca7d92fc045f47a4aab2d27e5ce72c53""}}"
1550,550,"48.8160673 , -124.2834775","48.816058000000005 , -123.98170540000001",urban-rural,mixed,1767,"{""sample_routes"":{""date"":""2026-09-14"",""run_id"":""1e9917ae527545d8a96a3d21206fe880""},""join_samples"":{""date"":""2026-09-14"",""run_id"":""066e6ae7a97d4ff7a8fb08eee71ee69d""},""upload_data"":{""date"":""2026-09-14"",""run_id"":""ca7d92fc045f47a4aab2d27e5ce72c53""}}"
1552,552,"49.034921000000004 , -118.65855710000001","49.03550490000001 , -118.53919210000001",urban-urban,mixed,1834,"{""sample_routes"":{""date"":""2026-09-14"",""run_id"":""1e9917ae527545d8a96a3d21206fe880""},""join_samples"":{""date"":""2026-09-14"",""run_id"":""066e6ae7a97d4ff7a8fb08eee71ee69d""},""upload_data"":{""date"":""2026-09-14"",""run_id"":""ca7d92fc045f47a4aab2d27e5ce72c53""}}"
1553,553,"49.2921484 , -120.58229600000001","49.4129616 , -120.4620902",rural-urban,mixed,1835,"{""sample_routes"":{""date"":""2026-09-14"",""run_id"":""1e9917ae527545d8a96a3d21206fe880""},""join_samples"":{""date"":""2026-09-14"",""run_id"":""066e6ae7a97d4ff7a8fb08eee71ee69d""},""upload_data"":{""date"":""2026-09-14"",""run_id"":""ca7d92fc045f47a4aab2d27e5ce72c53""}}"
1555,555,"51.1560149 , -116.79964550000001","51.442389600000006 , -117.08641460000001",rural-rural,mixed,1764,"{""sample_routes"":{""date"":""2026-09-14"",""run_id"":""1e9917ae527545d8a96a3d21206fe880""},""join_samples"":{""date"":""2026-09-14"",""run_id"":""066e6ae7a97d4ff7a8fb08eee71ee69d""},""upload_data"":{""date"":""2026-09-14"",""run_id"":""ca7d92fc045f47a4aab2d27e5ce72c53""}}"
1557,557,"51.156986 , -120.1981621","51.4293704 , -120.19763900000001",urban-rural,mixed,1764,"{""sample_routes"":{""date"":""2026-09-14"",""run_id"":""1e9917ae527545d8a96a3d21206fe880""},""join_samples"":{""date"":""2026-09-14"",""run_id"":""066e6ae7a97d4ff7a8fb08eee71ee69d""},""upload_data"":{""date"":""2026-09-14"",""run_id"":""ca7d92fc045f47a4aab2d27e5ce72c53""}}"
1559,559,"55.828055600000006 , -121.85422020000001","55.6783227 , -121.70382730000001",urban-urban,mixed,1837,"{""sample_routes"":{""date"":""2026-09-14"",""run_id"":""1e9917ae527545d8a96a3d21206fe880""},""join_samples"":{""date"":""2026-09-14"",""run_id"":""066e6ae7a97d4ff7a8fb08eee71ee69d""},""upload_data"":{""date"":""2026-09-14"",""run_id"":""ca7d92fc045f47a4aab2d27e5ce72c53""}}"
1561,561,"53.3051273 , -122.4147765","53.498945000000006 , -122.60885420000001",urban-urban,mixed,1839,"{""sample_routes"":{""date"":""2026-09-14"",""run_id"":""1e9917ae527545d8a96a3d21206fe880""},""join_samples"":{""date"":""2026-09-14"",""run_id"":""066e6ae7a97d4ff7a8fb08eee71ee69d""},""upload_data"":{""date"":""2026-09-14"",""run_id"":""ca7d92fc045f47a4aab2d27e5ce72c53""}}"
1563,563,"50.270895700000004 , -119.28505770000001","50.2704825 , -118.9666976",urban-urban,mixed,1839,"{""sample_routes"":{""date"":""2026-09-14"",""run_id"":""1e9917ae527545d8a96a3d21206fe880""},""join_samples"":{""date"":""2026-09-14"",""run_id"":""066e6ae7a97d4ff7a8fb08eee71ee69d""},""upload_data"":{""date"":""2026-09-14"",""run_id"":""ca7d92fc045f47a4aab2d27e5ce72c53""}}"
1564,564,"56.438420900000004 , -120.1360657","56.2481425 , -120.1362093",urban-urban,mixed,1761,"{""sample_routes"":{""date"":""2026-09-14"",""run_id"":""1e9917ae527545d8a96a3d21206fe880""},""join_samples"":{""date"":""2026-09-14"",""run_id"":""066e6ae7a97d4ff7a8fb08eee71ee69d""},""upload_data"":{""date"":""2026-09-14"",""run_id"":""ca7d92fc045f47a4aab2d27e5ce72c53""}}"
1567,567,"50.6726102 , -120.29736050000001","50.4740029 , -120.49538360000001",urban-urban,mixed,1841,"{""sample_routes"":{""date"":""2026-09-14"",""run_id"":""1e9917ae527545d8a96a3d21206fe880""},""join_samples"":{""date"":""2026-09-14"",""run_id"":""066e6ae7a97d4ff7a8fb08eee71ee69d""},""upload_data"":{""date"":""2026-09-14"",""run_id"":""ca7d92fc045f47a4aab2d27e5ce72c53""}}"
1568,568,"54.2204337 , -125.71993200000001","54.0582949 , -125.88276270000001",urban-rural,mixed,1841,"{""sample_routes"":{""date"":""2026-09-14"",""run_id"":""1e9917ae527545d8a96a3d21206fe880""},""join_samples"":{""date"":""2026-09-14"",""run_id"":""066e6ae7a97d4ff7a8fb08eee71ee69d""},""upload_data"":{""date"":""2026-09-14"",""run_id"":""ca7d92fc045f47a4aab2d27e5ce72c53""}}"
1569,569,"55.888259700000006 , -120.3752812","55.7374322 , -120.2245652",urban-urban,mixed,1841,"{""sample_routes"":{""date"":""2026-09-14"",""run_id"":""1e9917ae527545d8a96a3d21206fe880""},""join_samples"":{""date"":""2026-09-14"",""run_id"":""066e6ae7a97d4ff7a8fb08eee71ee69d""},""upload_data"":{""date"":""2026-09-14"",""run_id"":""ca7d92fc045f47a4aab2d27e5ce72c53""}}"
1570,570,"49.805644900000004 , -119.73167310000001","49.586490000000005 , -119.73227080000001",rural-urban,mixed,1758,"{""sample_routes"":{""date"":""2026-09-14"",""run_id"":""1e9917ae527545d8a96a3d21206fe880""},""join_samples"":{""date"":""2026-09-14"",""run_id"":""066e6ae7a97d4ff7a8fb08eee71ee69d""},""upload_data"":{""date"":""2026-09-14"",""run_id"":""ca7d92fc045f47a4aab2d27e5ce72c53""}}"
1578,578,"50.6852329 , -120.356312","50.6859553 , -120.1393141",urban-urban,mixed,1849,"{""sample_routes"":{""date"":""2026-09-14"",""run_id"":""1e9917ae527545d8a96a3d21206fe880""},""join_samples"":{""date"":""2026-09-14"",""run_id"":""066e6ae7a97d4ff7a8fb08eee71ee69d""},""upload_data"":{""date"":""2026-09-14"",""run_id"":""ca7d92fc045f47a4aab2d27e5ce72c53""}}"
1579,579,"58.888776400000005 , -122.68148950000001","58.6443172 , -122.68088650000001",urban-urban,mixed,1850,"{""sample_routes"":{""date"":""2026-09-14"",""run_id"":""1e9917ae527545d8a96a3d21206fe880""},""join_samples"":{""date"":""2026-09-14"",""run_id"":""066e6ae7a97d4ff7a8fb08eee71ee69d""},""upload_data"":{""date"":""2026-09-14"",""run_id"":""ca7d92fc045f47a4aab2d27e5ce72c53""}}"
1580,580,"49.9092603 , -125.19732540000001","49.6798937 , -124.96857130000001",urban-urban,mixed,1850,"{""sample_routes"":{""date"":""2026-09-14"",""run_id"":""1e9917ae527545d8a96a3d21206fe880""},""join_samples"":{""date"":""2026-09-14"",""run_id"":""066e6ae7a97d4ff7a8fb08eee71ee69d""},""upload_data"":{""date"":""2026-09-14"",""run_id"":""ca7d92fc045f47a4aab2d27e5ce72c53""}}"
1582,582,"49.4707019 , -117.2882965","49.180334800000004 , -117.28780110000001",urban-urban,mixed,1852,"{""sample_routes"":{""date"":""2026-09-14"",""run_id"":""1e9917ae527545d8a96a3d21206fe880""},""join_samples"":{""date"":""2026-09-14"",""run_id"":""066e6ae7a97d4ff7a8fb08eee71ee69d""},""upload_data"":{""date"":""2026-09-14"",""run_id"":""ca7d92fc045f47a4aab2d27e5ce72c53""}}"
1587,587,"48.458098 , -123.4105576","48.6528463 , -123.6053248",urban-urban,mixed,1856,"{""sample_routes"":{""date"":""2026-09-14"",""run_id"":""1e9917ae527545d8a96a3d21206fe880""},""join_samples"":{""date"":""2026-09-14"",""run_id"":""066e6ae7a97d4ff7a8fb08eee71ee69d""},""upload_data"":{""date"":""2026-09-14"",""run_id"":""ca7d92fc045f47a4aab2d27e5ce72c53""}}"
1589,589,"49.096583900000006 , -122.43398010000001","49.097095200000005 , -122.22207200000001",rural-urban,mixed,1743,"{""sample_routes"":{""date"":""2026-09-14"",""run_id"":""1e9917ae527545d8a96a3d21206fe880""},""join_samples"":{""date"":""2026-09-14"",""run_id"":""066e6ae7a97d4ff7a8fb08eee71ee69d""},""upload_data"":{""date"":""2026-09-14"",""run_id"":""ca7d92fc045f47a4aab2d27e5ce72c53""}}"
1594,594,"49.654041600000006 , -123.19268550000001","49.347334100000005 , -123.1921882",rural-urban,mixed,1859,"{""sample_routes"":{""date"":""2026-09-14"",""run_id"":""1e9917ae527545d8a96a3d21206fe880""},""join_samples"":{""date"":""2026-09-14"",""run_id"":""066e6ae7a97d4ff7a8fb08eee71ee69d""},""upload_data"":{""date"":""2026-09-14"",""run_id"":""ca7d92fc045f47a4aab2d27e5ce72c53""}}"
1595,595,"49.00413390000001 , -122.26519470000001","49.159004900000006 , -122.4196172",urban-urban,mixed,1859,"{""sample_routes"":{""date"":""2026-09-14"",""run_id"":""1e9917ae527545d8a96a3d21206fe880""},""join_samples"":{""date"":""2026-09-14"",""run_id"":""066e6ae7a97d4ff7a8fb08eee71ee69d""},""upload_data"":{""date"":""2026-09-14"",""run_id"":""ca7d92fc045f47a4aab2d27e5ce72c53""}}"
1597,597,"49.082496400000004 , -116.51230580000001","49.082629600000004 , -116.11229730000001",urban-urban,mixed,1860,"{""sample_routes"":{""date"":""2026-09-14"",""run_id"":""1e9917ae527545d8a96a3d21206fe880""},""join_samples"":{""date"":""2026-09-14"",""run_id"":""066e6ae7a97d4ff7a8fb08eee71ee69d""},""upload_data"":{""date"":""2026-09-14"",""run_id"":""ca7d92fc045f47a4aab2d27e5ce72c53""}}"
1598,598,"50.0277205 , -125.3452668","49.8531952 , -125.17084170000001",urban-urban,mixed,1860,"{""sample_routes"":{""date"":""2026-09-14"",""run_id"":""1e9917ae527545d8a96a3d21206fe880""},""join_samples"":{""date"":""2026-09-14"",""run_id"":""066e6ae7a97d4ff7a8fb08eee71ee69d""},""upload_data"":{""date"":""2026-09-14"",""run_id"":""ca7d92fc045f47a4aab2d27e5ce72c53""}}"
1599,599,"51.405819 , -121.3874823","51.5918781 , -121.2013574",urban-urban,mixed,1860,"{""sample_routes"":{""date"":""2026-09-14"",""run_id"":""1e9917ae527545d8a96a3d21206fe880""},""join_samples"":{""date"":""2026-09-14"",""run_id"":""066e6ae7a97d4ff7a8fb08eee71ee69d""},""upload_data"":{""date"":""2026-09-14"",""run_id"":""ca7d92fc045f47a4aab2d27e5ce72c53""}}"
1600,600,"53.134325600000004 , -122.7523687","52.969173600000005 , -122.75308360000001",urban-rural,mixed,1739,"{""sample_routes"":{""date"":""2026-09-14"",""run_id"":""1e9917ae527545d8a96a3d21206fe880""},""join_samples"":{""date"":""2026-09-14"",""run_id"":""066e6ae7a97d4ff7a8fb08eee71ee69d""},""upload_data"":{""date"":""2026-09-14"",""run_id"":""ca7d92fc045f47a4aab2d27e5ce72c53""}}"
1606,606,"54.68188060000001 , -127.0157458","54.9877194 , -127.3221831",urban-urban,mixed,1864,"{""sample_routes"":{""date"":""2026-09-14"",""run_id"":""1e9917ae527545d8a96a3d21206fe880""},""join_samples"":{""date"":""2026-09-14"",""run_id"":""066e6ae7a97d4ff7a8fb08eee71ee69d""},""upload_data"":{""date"":""2026-09-14"",""run_id"":""ca7d92fc045f47a4aab2d27e5ce72c53""}}"
1607,607,"50.6088753 , -121.8753475","50.6090074 , -121.8439522",urban-rural,mixed,1864,"{""sample_routes"":{""date"":""2026-09-14"",""run_id"":""1e9917ae527545d8a96a3d21206fe880""},""join_samples"":{""date"":""2026-09-14"",""run_id"":""066e6ae7a97d4ff7a8fb08eee71ee69d""},""upload_data"":{""date"":""2026-09-14"",""run_id"":""ca7d92fc045f47a4aab2d27e5ce72c53""}}"
1611,611,"50.1233677 , -120.50409130000001","50.169681600000004 , -120.55031170000001",urban-urban,mixed,1733,"{""sample_routes"":{""date"":""2026-09-14"",""run_id"":""1e9917ae527545d8a96a3d21206fe880""},""join_samples"":{""date"":""2026-09-14"",""run_id"":""066e6ae7a97d4ff7a8fb08eee71ee69d""},""upload_data"":{""date"":""2026-09-14"",""run_id"":""ca7d92fc045f47a4aab2d27e5ce72c53""}}"
1612,612,"50.0951468 , -120.7343871","50.0953218 , -120.508762",urban-urban,mixed,1867,"{""sample_routes"":{""date"":""2026-09-14"",""run_id"":""1e9917ae527545d8a96a3d21206fe880""},""join_samples"":{""date"":""2026-09-14"",""run_id"":""066e6ae7a97d4ff7a8fb08eee71ee69d""},""upload_data"":{""date"":""2026-09-14"",""run_id"":""ca7d92fc045f47a4aab2d27e5ce72c53""}}"
1613,613,"50.664735300000004 , -119.21719530000001","50.867113800000006 , -119.419543",urban-urban,mixed,1733,"{""sample_routes"":{""date"":""2026-09-14"",""run_id"":""1e9917ae527545d8a96a3d21206fe880""},""join_samples"":{""date"":""2026-09-14"",""run_id"":""066e6ae7a97d4ff7a8fb08eee71ee69d""},""upload_data"":{""date"":""2026-09-14"",""run_id"":""ca7d92fc045f47a4aab2d27e5ce72c53""}}"
1616,616,"50.9423034 , -120.16000190000001","50.7815768 , -120.32138660000001",urban-rural,mixed,1867,"{""sample_routes"":{""date"":""2026-09-14"",""run_id"":""1e9917ae527545d8a96a3d21206fe880""},""join_samples"":{""date"":""2026-09-14"",""run_id"":""066e6ae7a97d4ff7a8fb08eee71ee69d""},""upload_data"":{""date"":""2026-09-14"",""run_id"":""ca7d92fc045f47a4aab2d27e5ce72c53""}}"
1619,619,"50.640326900000005 , -116.01866550000001","50.4991271 , -116.15987460000001",rural-rural,mixed,1871,"{""sample_routes"":{""date"":""2026-09-14"",""run_id"":""1e9917ae527545d8a96a3d21206fe880""},""join_samples"":{""date"":""2026-09-14"",""run_id"":""066e6ae7a97d4ff7a8fb08eee71ee69d""},""upload_data"":{""date"":""2026-09-14"",""run_id"":""ca7d92fc045f47a4aab2d27e5ce72c53""}}"
1625,625,"59.59947820000001 , -133.54822280000002","59.684924900000006 , -133.634151",urban-urban,mixed,1728,"{""sample_routes"":{""date"":""2026-09-14"",""run_id"":""1e9917ae527545d8a96a3d21206fe880""},""join_samples"":{""date"":""2026-09-14"",""run_id"":""066e6ae7a97d4ff7a8fb08eee71ee69d""},""upload_data"":{""date"":""2026-09-14"",""run_id"":""ca7d92fc045f47a4aab2d27e5ce72c53""}}"
1627,627,"50.804231800000004 , -118.9715192","50.5793314 , -119.1958503",urban-urban,mixed,1873,"{""sample_routes"":{""date"":""2026-09-14"",""run_id"":""1e9917ae527545d8a96a3d21206fe880""},""join_samples"":{""date"":""2026-09-14"",""run_id"":""066e6ae7a97d4ff7a8fb08eee71ee69d""},""upload_data"":{""date"":""2026-09-14"",""run_id"":""ca7d92fc045f47a4aab2d27e5ce72c53""}}"
1630,630,"49.0077292 , -123.07000400000001","49.184701600000004 , -123.0703112",urban-urban,mixed,1724,"{""sample_routes"":{""date"":""2026-09-14"",""run_id"":""1e9917ae527545d8a96a3d21206fe880""},""join_samples"":{""date"":""2026-09-14"",""run_id"":""066e6ae7a97d4ff7a8fb08eee71ee69d""},""upload_data"":{""date"":""2026-09-14"",""run_id"":""ca7d92fc045f47a4aab2d27e5ce72c53""}}"
1631,631,"49.4999872 , -119.6185454","49.281024 , -119.61853330000001",urban-rural,mixed,1724,"{""sample_routes"":{""date"":""2026-09-14"",""run_id"":""1e9917ae527545d8a96a3d21206fe880""},""join_samples"":{""date"":""2026-09-14"",""run_id"":""066e6ae7a97d4ff7a8fb08eee71ee69d""},""upload_data"":{""date"":""2026-09-14"",""run_id"":""ca7d92fc045f47a4aab2d27e5ce72c53""}}"
1634,634,"49.131313000000006 , -122.47163800000001","49.131864500000006 , -122.093562",rural-urban,mixed,1877,"{""sample_routes"":{""date"":""2026-09-14"",""run_id"":""1e9917ae527545d8a96a3d21206fe880""},""join_samples"":{""date"":""2026-09-14"",""run_id"":""066e6ae7a97d4ff7a8fb08eee71ee69d""},""upload_data"":{""date"":""2026-09-14"",""run_id"":""ca7d92fc045f47a4aab2d27e5ce72c53""}}"
1635,635,"52.904379000000006 , -122.4502499","52.552914200000004 , -122.45071510000001",rural-urban,mixed,1723,"{""sample_routes"":{""date"":""2026-09-14"",""run_id"":""1e9917ae527545d8a96a3d21206fe880""},""join_samples"":{""date"":""2026-09-14"",""run_id"":""066e6ae7a97d4ff7a8fb08eee71ee69d""},""upload_data"":{""date"":""2026-09-14"",""run_id"":""ca7d92fc045f47a4aab2d27e5ce72c53""}}"
1638,638,"50.249676900000004 , -119.2721942","50.485437600000004 , -119.27264170000001",urban-rural,mixed,1883,"{""sample_routes"":{""date"":""2026-09-14"",""run_id"":""1e9917ae527545d8a96a3d21206fe880""},""join_samples"":{""date"":""2026-09-14"",""run_id"":""066e6ae7a97d4ff7a8fb08eee71ee69d""},""upload_data"":{""date"":""2026-09-14"",""run_id"":""ca7d92fc045f47a4aab2d27e5ce72c53""}}"
1639,639,"49.5190093 , -115.7778329","49.699510000000004 , -115.95802300000001",urban-rural,mixed,1717,"{""sample_routes"":{""date"":""2026-09-14"",""run_id"":""1e9917ae527545d8a96a3d21206fe880""},""join_samples"":{""date"":""2026-09-14"",""run_id"":""066e6ae7a97d4ff7a8fb08eee71ee69d""},""upload_data"":{""date"":""2026-09-14"",""run_id"":""ca7d92fc045f47a4aab2d27e5ce72c53""}}"
1640,640,"49.342732000000005 , -119.6326437","49.4429205 , -119.73285460000001",urban-rural,mixed,1883,"{""sample_routes"":{""date"":""2026-09-14"",""run_id"":""1e9917ae527545d8a96a3d21206fe880""},""join_samples"":{""date"":""2026-09-14"",""run_id"":""066e6ae7a97d4ff7a8fb08eee71ee69d""},""upload_data"":{""date"":""2026-09-14"",""run_id"":""ca7d92fc045f47a4aab2d27e5ce72c53""}}"
1641,641,"49.061789000000005 , -122.25089100000001","49.061599400000006 , -122.0695706",urban-urban,mixed,1716,"{""sample_routes"":{""date"":""2026-09-14"",""run_id"":""1e9917ae527545d8a96a3d21206fe880""},""join_samples"":{""date"":""2026-09-14"",""run_id"":""066e6ae7a97d4ff7a8fb08eee71ee69d""},""upload_data"":{""date"":""2026-09-14"",""run_id"":""ca7d92fc045f47a4aab2d27e5ce72c53""}}"
1644,644,"48.813906100000004 , -124.28850130000001","48.7193867 , -124.1943511",urban-rural,mixed,1886,"{""sample_routes"":{""date"":""2026-09-14"",""run_id"":""1e9917ae527545d8a96a3d21206fe880""},""join_samples"":{""date"":""2026-09-14"",""run_id"":""066e6ae7a97d4ff7a8fb08eee71ee69d""},""upload_data"":{""date"":""2026-09-14"",""run_id"":""ca7d92fc045f47a4aab2d27e5ce72c53""}}"
1645,645,"56.3338236 , -120.7420378","56.2040062 , -120.8722661",urban-rural,mixed,1714,"{""sample_routes"":{""date"":""2026-09-14"",""run_id"":""1e9917ae527545d8a96a3d21206fe880""},""join_samples"":{""date"":""2026-09-14"",""run_id"":""066e6ae7a97d4ff7a8fb08eee71ee69d""},""upload_data"":{""date"":""2026-09-14"",""run_id"":""ca7d92fc045f47a4aab2d27e5ce72c53""}}"
1648,648,"54.3958389 , -124.36024660000001","54.505985200000005 , -124.25042850000001",urban-rural,mixed,1713,"{""sample_routes"":{""date"":""2026-09-14"",""run_id"":""1e9917ae527545d8a96a3d21206fe880""},""join_samples"":{""date"":""2026-09-14"",""run_id"":""066e6ae7a97d4ff7a8fb08eee71ee69d""},""upload_data"":{""date"":""2026-09-14"",""run_id"":""ca7d92fc045f47a4aab2d27e5ce72c53""}}"
1649,649,"53.938232500000005 , -122.6780564","53.6544515 , -122.6781493",urban-urban,mixed,1713,"{""sample_routes"":{""date"":""2026-09-14"",""run_id"":""1e9917ae527545d8a96a3d21206fe880""},""join_samples"":{""date"":""2026-09-14"",""run_id"":""066e6ae7a97d4ff7a8fb08eee71ee69d""},""upload_data"":{""date"":""2026-09-14"",""run_id"":""ca7d92fc045f47a4aab2d27e5ce72c53""}}"
1651,651,"52.302385 , -122.2833688","52.123341 , -122.1048997",rural-urban,mixed,1710,"{""sample_routes"":{""date"":""2026-09-14"",""run_id"":""1e9917ae527545d8a96a3d21206fe880""},""join_samples"":{""date"":""2026-09-14"",""run_id"":""066e6ae7a97d4ff7a8fb08eee71ee69d""},""upload_data"":{""date"":""2026-09-14"",""run_id"":""ca7d92fc045f47a4aab2d27e5ce72c53""}}"
1653,653,"49.6930745 , -124.9179354","49.8355538 , -125.06076900000001",urban-urban,mixed,1709,"{""sample_routes"":{""date"":""2026-09-14"",""run_id"":""1e9917ae527545d8a96a3d21206fe880""},""join_samples"":{""date"":""2026-09-14"",""run_id"":""066e6ae7a97d4ff7a8fb08eee71ee69d""},""upload_data"":{""date"":""2026-09-14"",""run_id"":""ca7d92fc045f47a4aab2d27e5ce72c53""}}"
1655,655,"49.802896100000005 , -119.6758291","49.570107400000005 , -119.67552060000001",rural-urban,mixed,1708,"{""sample_routes"":{""date"":""2026-09-14"",""run_id"":""1e9917ae527545d8a96a3d21206fe880""},""join_samples"":{""date"":""2026-09-14"",""run_id"":""066e6ae7a97d4ff7a8fb08eee71ee69d""},""upload_data"":{""date"":""2026-09-14"",""run_id"":""ca7d92fc045f47a4aab2d27e5ce72c53""}}"
1657,657,"50.4892381 , -116.1838733","50.489692100000006 , -116.08564650000001",rural-urban,mixed,1708,"{""sample_routes"":{""date"":""2026-09-14"",""run_id"":""1e9917ae527545d8a96a3d21206fe880""},""join_samples"":{""date"":""2026-09-14"",""run_id"":""066e6ae7a97d4ff7a8fb08eee71ee69d""},""upload_data"":{""date"":""2026-09-14"",""run_id"":""ca7d92fc045f47a4aab2d27e5ce72c53""}}"
1658,658,"55.982483300000005 , -120.37538880000001","55.8687551 , -120.48870810000001",urban-urban,mixed,1707,"{""sample_routes"":{""date"":""2026-09-14"",""run_id"":""1e9917ae527545d8a96a3d21206fe880""},""join_samples"":{""date"":""2026-09-14"",""run_id"":""066e6ae7a97d4ff7a8fb08eee71ee69d""},""upload_data"":{""date"":""2026-09-14"",""run_id"":""ca7d92fc045f47a4aab2d27e5ce72c53""}}"
1659,659,"50.588360400000006 , -119.2391949","50.7000119 , -119.3512685",rural-urban,mixed,1705,"{""sample_routes"":{""date"":""2026-09-14"",""run_id"":""1e9917ae527545d8a96a3d21206fe880""},""join_samples"":{""date"":""2026-09-14"",""run_id"":""066e6ae7a97d4ff7a8fb08eee71ee69d""},""upload_data"":{""date"":""2026-09-14"",""run_id"":""ca7d92fc045f47a4aab2d27e5ce72c53""}}"
1660,660,"53.9206786 , -122.64083120000001","54.1503084 , -122.6401062",urban-urban,mixed,1896,"{""sample_routes"":{""date"":""2026-09-14"",""run_id"":""1e9917ae527545d8a96a3d21206fe880""},""join_samples"":{""date"":""2026-09-14"",""run_id"":""066e6ae7a97d4ff7a8fb08eee71ee69d""},""upload_data"":{""date"":""2026-09-14"",""run_id"":""ca7d92fc045f47a4aab2d27e5ce72c53""}}"
1661,661,"50.825407000000006 , -116.26978150000001","50.5479276 , -115.9921443",rural-urban,mixed,1897,"{""sample_routes"":{""date"":""2026-09-14"",""run_id"":""1e9917ae527545d8a96a3d21206fe880""},""join_samples"":{""date"":""2026-09-14"",""run_id"":""066e6ae7a97d4ff7a8fb08eee71ee69d""},""upload_data"":{""date"":""2026-09-14"",""run_id"":""ca7d92fc045f47a4aab2d27e5ce72c53""}}"
1662,662,"53.196447600000006 , -122.5268987","53.303383000000004 , -122.42021770000001",rural-urban,mixed,1703,"{""sample_routes"":{""date"":""2026-09-14"",""run_id"":""1e9917ae527545d8a96a3d21206fe880""},""join_samples"":{""date"":""2026-09-14"",""run_id"":""066e6ae7a97d4ff7a8fb08eee71ee69d""},""upload_data"":{""date"":""2026-09-14"",""run_id"":""ca7d92fc045f47a4aab2d27e5ce72c53""}}"
1663,663,"50.68083 , -120.35484670000001","50.862571900000006 , -120.1727965",urban-rural,mixed,1897,"{""sample_routes"":{""date"":""2026-09-14"",""run_id"":""1e9917ae527545d8a96a3d21206fe880""},""join_samples"":{""date"":""2026-09-14"",""run_id"":""066e6ae7a97d4ff7a8fb08eee71ee69d""},""upload_data"":{""date"":""2026-09-14"",""run_id"":""ca7d92fc045f47a4aab2d27e5ce72c53""}}"
1664,664,"49.1423616 , -122.6770479","49.1420052 , -122.4274788",urban-rural,mixed,1703,"{""sample_routes"":{""date"":""2026-09-14"",""run_id"":""1e9917ae527545d8a96a3d21206fe880""},""join_samples"":{""date"":""2026-09-14"",""run_id"":""066e6ae7a97d4ff7a8fb08eee71ee69d""},""upload_data"":{""date"":""2026-09-14"",""run_id"":""ca7d92fc045f47a4aab2d27e5ce72c53""}}"
1668,668,"49.2574248 , -123.11813120000001","49.1399309 , -123.0001562",urban-urban,mixed,1701,"{""sample_routes"":{""date"":""2026-09-14"",""run_id"":""1e9917ae527545d8a96a3d21206fe880""},""join_samples"":{""date"":""2026-09-14"",""run_id"":""066e6ae7a97d4ff7a8fb08eee71ee69d""},""upload_data"":{""date"":""2026-09-14"",""run_id"":""ca7d92fc045f47a4aab2d27e5ce72c53""}}"
1670,670,"49.2698223 , -122.877986","49.2696502 , -122.64460910000001",urban-rural,mixed,1700,"{""sample_routes"":{""date"":""2026-09-14"",""run_id"":""1e9917ae527545d8a96a3d21206fe880""},""join_samples"":{""date"":""2026-09-14"",""run_id"":""066e6ae7a97d4ff7a8fb08eee71ee69d""},""upload_data"":{""date"":""2026-09-14"",""run_id"":""ca7d92fc045f47a4aab2d27e5ce72c53""}}"
1672,672,"52.846007500000006 , -122.4141948","52.516861000000006 , -122.4135981",urban-urban,mixed,1699,"{""sample_routes"":{""date"":""2026-09-14"",""run_id"":""1e9917ae527545d8a96a3d21206fe880""},""join_samples"":{""date"":""2026-09-14"",""run_id"":""066e6ae7a97d4ff7a8fb08eee71ee69d""},""upload_data"":{""date"":""2026-09-14"",""run_id"":""ca7d92fc045f47a4aab2d27e5ce72c53""}}"
1678,678,"51.735690600000005 , -121.3577178","51.5172267 , -121.1391595",urban-rural,mixed,1903,"{""sample_routes"":{""date"":""2026-09-14"",""run_id"":""1e9917ae527545d8a96a3d21206fe880""},""join_samples"":{""date"":""2026-09-14"",""run_id"":""066e6ae7a97d4ff7a8fb08eee71ee69d""},""upload_data"":{""date"":""2026-09-14"",""run_id"":""ca7d92fc045f47a4aab2d27e5ce72c53""}}"
1681,681,"56.2463204 , -120.33159230000001","56.362610700000005 , -120.21508480000001",urban-urban,mixed,1695,"{""sample_routes"":{""date"":""2026-09-14"",""run_id"":""1e9917ae527545d8a96a3d21206fe880""},""join_samples"":{""date"":""2026-09-14"",""run_id"":""066e6ae7a97d4ff7a8fb08eee71ee69d""},""upload_data"":{""date"":""2026-09-14"",""run_id"":""ca7d92fc045f47a4aab2d27e5ce72c53""}}"
1683,683,"55.599662300000006 , -120.55444510000001","55.810602200000005 , -120.55516290000001",urban-urban,mixed,1694,"{""sample_routes"":{""date"":""2026-09-14"",""run_id"":""1e9917ae527545d8a96a3d21206fe880""},""join_samples"":{""date"":""2026-09-14"",""run_id"":""066e6ae7a97d4ff7a8fb08eee71ee69d""},""upload_data"":{""date"":""2026-09-14"",""run_id"":""ca7d92fc045f47a4aab2d27e5ce72c53""}}"
1684,684,"49.3431196 , -119.7258819","49.1566034 , -119.5390028",urban-rural,mixed,1907,"{""sample_routes"":{""date"":""2026-09-14"",""run_id"":""1e9917ae527545d8a96a3d21206fe880""},""join_samples"":{""date"":""2026-09-14"",""run_id"":""066e6ae7a97d4ff7a8fb08eee71ee69d""},""upload_data"":{""date"":""2026-09-14"",""run_id"":""ca7d92fc045f47a4aab2d27e5ce72c53""}}"
1686,686,"51.7028953 , -121.02915780000001","51.769503900000004 , -120.9618542",urban-rural,mixed,1910,"{""sample_routes"":{""date"":""2026-09-14"",""run_id"":""1e9917ae527545d8a96a3d21206fe880""},""join_samples"":{""date"":""2026-09-14"",""run_id"":""066e6ae7a97d4ff7a8fb08eee71ee69d""},""upload_data"":{""date"":""2026-09-14"",""run_id"":""ca7d92fc045f47a4aab2d27e5ce72c53""}}"
1689,689,"51.644252300000005 , -121.30066360000001","51.383760300000006 , -121.30130630000001",urban-rural,mixed,1912,"{""sample_routes"":{""date"":""2026-09-14"",""run_id"":""1e9917ae527545d8a96a3d21206fe880""},""join_samples"":{""date"":""2026-09-14"",""run_id"":""066e6ae7a97d4ff7a8fb08eee71ee69d""},""upload_data"":{""date"":""2026-09-14"",""run_id"":""ca7d92fc045f47a4aab2d27e5ce72c53""}}"
1690,690,"54.013474300000006 , -124.7725434","54.092062600000006 , -124.7725561",urban-rural,mixed,1912,"{""sample_routes"":{""date"":""2026-09-14"",""run_id"":""1e9917ae527545d8a96a3d21206fe880""},""join_samples"":{""date"":""2026-09-14"",""run_id"":""066e6ae7a97d4ff7a8fb08eee71ee69d""},""upload_data"":{""date"":""2026-09-14"",""run_id"":""ca7d92fc045f47a4aab2d27e5ce72c53""}}"
1691,691,"54.022944700000004 , -124.1693664","53.897007300000006 , -124.0437215",urban-urban,mixed,1687,"{""sample_routes"":{""date"":""2026-09-14"",""run_id"":""1e9917ae527545d8a96a3d21206fe880""},""join_samples"":{""date"":""2026-09-14"",""run_id"":""066e6ae7a97d4ff7a8fb08eee71ee69d""},""upload_data"":{""date"":""2026-09-14"",""run_id"":""ca7d92fc045f47a4aab2d27e5ce72c53""}}"
1692,692,"50.2207742 , -119.2616251","50.4004385 , -119.2619963",urban-rural,mixed,1687,"{""sample_routes"":{""date"":""2026-09-14"",""run_id"":""1e9917ae527545d8a96a3d21206fe880""},""join_samples"":{""date"":""2026-09-14"",""run_id"":""066e6ae7a97d4ff7a8fb08eee71ee69d""},""upload_data"":{""date"":""2026-09-14"",""run_id"":""ca7d92fc045f47a4aab2d27e5ce72c53""}}"
1694,694,"49.5823041 , -119.74814140000001","49.772866 , -119.74872710000001",urban-urban,mixed,1686,"{""sample_routes"":{""date"":""2026-09-14"",""run_id"":""1e9917ae527545d8a96a3d21206fe880""},""join_samples"":{""date"":""2026-09-14"",""run_id"":""066e6ae7a97d4ff7a8fb08eee71ee69d""},""upload_data"":{""date"":""2026-09-14"",""run_id"":""ca7d92fc045f47a4aab2d27e5ce72c53""}}"
1695,695,"50.673239800000005 , -120.33441640000001","50.85857480000001 , -120.14945250000001",urban-urban,mixed,1915,"{""sample_routes"":{""date"":""2026-09-14"",""run_id"":""1e9917ae527545d8a96a3d21206fe880""},""join_samples"":{""date"":""2026-09-14"",""run_id"":""066e6ae7a97d4ff7a8fb08eee71ee69d""},""upload_data"":{""date"":""2026-09-14"",""run_id"":""ca7d92fc045f47a4aab2d27e5ce72c53""}}"
1696,696,"50.700777300000006 , -119.24494480000001","50.8822787 , -119.4257453",urban-urban,mixed,1684,"{""sample_routes"":{""date"":""2026-09-14"",""run_id"":""1e9917ae527545d8a96a3d21206fe880""},""join_samples"":{""date"":""2026-09-14"",""run_id"":""066e6ae7a97d4ff7a8fb08eee71ee69d""},""upload_data"":{""date"":""2026-09-14"",""run_id"":""ca7d92fc045f47a4aab2d27e5ce72c53""}}"
1698,698,"49.4131578 , -115.6295367","49.5900491 , -115.80627120000001",rural-rural,mixed,1916,"{""sample_routes"":{""date"":""2026-09-14"",""run_id"":""1e9917ae527545d8a96a3d21206fe880""},""join_samples"":{""date"":""2026-09-14"",""run_id"":""066e6ae7a97d4ff7a8fb08eee71ee69d""},""upload_data"":{""date"":""2026-09-14"",""run_id"":""ca7d92fc045f47a4aab2d27e5ce72c53""}}"
1699,699,"48.9883485 , -123.8338106","48.7664455 , -123.83381340000001",urban-urban,mixed,1918,"{""sample_routes"":{""date"":""2026-09-14"",""run_id"":""1e9917ae527545d8a96a3d21206fe880""},""join_samples"":{""date"":""2026-09-14"",""run_id"":""066e6ae7a97d4ff7a8fb08eee71ee69d""},""upload_data"":{""date"":""2026-09-14"",""run_id"":""ca7d92fc045f47a4aab2d27e5ce72c53""}}"
1700,700,"49.1644123 , -121.9885766","49.006458200000004 , -122.1471279",urban-urban,mixed,1682,"{""sample_routes"":{""date"":""2026-09-14"",""run_id"":""1e9917ae527545d8a96a3d21206fe880""},""join_samples"":{""date"":""2026-09-14"",""run_id"":""066e6ae7a97d4ff7a8fb08eee71ee69d""},""upload_data"":{""date"":""2026-09-14"",""run_id"":""ca7d92fc045f47a4aab2d27e5ce72c53""}}"
1701,701,"52.2819781 , -122.15720710000001","52.060335900000005 , -122.15665460000001",urban-rural,mixed,1918,"{""sample_routes"":{""date"":""2026-09-14"",""run_id"":""1e9917ae527545d8a96a3d21206fe880""},""join_samples"":{""date"":""2026-09-14"",""run_id"":""066e6ae7a97d4ff7a8fb08eee71ee69d""},""upload_data"":{""date"":""2026-09-14"",""run_id"":""ca7d92fc045f47a4aab2d27e5ce72c53""}}"
1703,703,"49.810788200000005 , -125.07042700000001","49.661404000000005 , -125.07002990000001",urban-urban,mixed,1680,"{""sample_routes"":{""date"":""2026-09-14"",""run_id"":""1e9917ae527545d8a96a3d21206fe880""},""join_samples"":{""date"":""2026-09-14"",""run_id"":""066e6ae7a97d4ff7a8fb08eee71ee69d""},""upload_data"":{""date"":""2026-09-14"",""run_id"":""ca7d92fc045f47a4aab2d27e5ce72c53""}}"
1704,704,"49.2653994 , -117.65923740000001","49.4664183 , -117.4580964",urban-urban,mixed,1921,"{""sample_routes"":{""date"":""2026-09-14"",""run_id"":""1e9917ae527545d8a96a3d21206fe880""},""join_samples"":{""date"":""2026-09-14"",""run_id"":""066e6ae7a97d4ff7a8fb08eee71ee69d""},""upload_data"":{""date"":""2026-09-14"",""run_id"":""ca7d92fc045f47a4aab2d27e5ce72c53""}}"
1705,705,"50.502084200000006 , -119.12132390000001","50.707225 , -119.32639730000001",urban-urban,mixed,1679,"{""sample_routes"":{""date"":""2026-09-14"",""run_id"":""1e9917ae527545d8a96a3d21206fe880""},""join_samples"":{""date"":""2026-09-14"",""run_id"":""066e6ae7a97d4ff7a8fb08eee71ee69d""},""upload_data"":{""date"":""2026-09-14"",""run_id"":""ca7d92fc045f47a4aab2d27e5ce72c53""}}"
1710,710,"52.708304500000004 , -122.45756540000001","53.004572700000004 , -122.45739940000001",urban-urban,mixed,1926,"{""sample_routes"":{""date"":""2026-09-14"",""run_id"":""1e9917ae527545d8a96a3d21206fe880""},""join_samples"":{""date"":""2026-09-14"",""run_id"":""066e6ae7a97d4ff7a8fb08eee71ee69d""},""upload_data"":{""date"":""2026-09-14"",""run_id"":""ca7d92fc045f47a4aab2d27e5ce72c53""}}"
1714,714,"54.147837800000005 , -122.629146","53.9153895 , -122.86184200000001",urban-urban,mixed,1929,"{""sample_routes"":{""date"":""2026-09-14"",""run_id"":""1e9917ae527545d8a96a3d21206fe880""},""join_samples"":{""date"":""2026-09-14"",""run_id"":""066e6ae7a97d4ff7a8fb08eee71ee69d""},""upload_data"":{""date"":""2026-09-14"",""run_id"":""ca7d92fc045f47a4aab2d27e5ce72c53""}}"
1715,715,"49.0745531 , -122.5148274","49.2610028 , -122.70064180000001",urban-urban,mixed,1930,"{""sample_routes"":{""date"":""2026-09-14"",""run_id"":""1e9917ae527545d8a96a3d21206fe880""},""join_samples"":{""date"":""2026-09-14"",""run_id"":""066e6ae7a97d4ff7a8fb08eee71ee69d""},""upload_data"":{""date"":""2026-09-14"",""run_id"":""ca7d92fc045f47a4aab2d27e5ce72c53""}}"
1718,718,"50.2797806 , -119.253651","50.2800899 , -118.95604180000001",urban-urban,mixed,1931,"{""sample_routes"":{""date"":""2026-09-14"",""run_id"":""1e9917ae527545d8a96a3d21206fe880""},""join_samples"":{""date"":""2026-09-14"",""run_id"":""066e6ae7a97d4ff7a8fb08eee71ee69d""},""upload_data"":{""date"":""2026-09-14"",""run_id"":""ca7d92fc045f47a4aab2d27e5ce72c53""}}"
1719,719,"49.7336971 , -114.89337710000001","49.495998400000005 , -115.1316118",urban-urban,mixed,1669,"{""sample_routes"":{""date"":""2026-09-14"",""run_id"":""1e9917ae527545d8a96a3d21206fe880""},""join_samples"":{""date"":""2026-09-14"",""run_id"":""066e6ae7a97d4ff7a8fb08eee71ee69d""},""upload_data"":{""date"":""2026-09-14"",""run_id"":""ca7d92fc045f47a4aab2d27e5ce72c53""}}"
1720,720,"49.184383000000004 , -122.55546760000001","49.1851062 , -122.23954330000001",urban-urban,mixed,1932,"{""sample_routes"":{""date"":""2026-09-14"",""run_id"":""1e9917ae527545d8a96a3d21206fe880""},""join_samples"":{""date"":""2026-09-14"",""run_id"":""066e6ae7a97d4ff7a8fb08eee71ee69d""},""upload_data"":{""date"":""2026-09-14"",""run_id"":""ca7d92fc045f47a4aab2d27e5ce72c53""}}"
1723,723,"49.1040902 , -122.5452164","49.1039672 , -122.04554060000001",urban-urban,mixed,1933,"{""sample_routes"":{""date"":""2026-09-14"",""run_id"":""1e9917ae527545d8a96a3d21206fe880""},""join_samples"":{""date"":""2026-09-14"",""run_id"":""066e6ae7a97d4ff7a8fb08eee71ee69d""},""upload_data"":{""date"":""2026-09-14"",""run_id"":""ca7d92fc045f47a4aab2d27e5ce72c53""}}"
1724,724,"50.167805900000005 , -119.4175735","50.006123800000005 , -119.4181037",urban-urban,mixed,1667,"{""sample_routes"":{""date"":""2026-09-14"",""run_id"":""1e9917ae527545d8a96a3d21206fe880""},""join_samples"":{""date"":""2026-09-14"",""run_id"":""066e6ae7a97d4ff7a8fb08eee71ee69d""},""upload_data"":{""date"":""2026-09-14"",""run_id"":""ca7d92fc045f47a4aab2d27e5ce72c53""}}"
1725,725,"49.5961683 , -123.215861","49.3493426 , -123.2155785",rural-urban,mixed,1934,"{""sample_routes"":{""date"":""2026-09-14"",""run_id"":""1e9917ae527545d8a96a3d21206fe880""},""join_samples"":{""date"":""2026-09-14"",""run_id"":""066e6ae7a97d4ff7a8fb08eee71ee69d""},""upload_data"":{""date"":""2026-09-14"",""run_id"":""ca7d92fc045f47a4aab2d27e5ce72c53""}}"
1727,727,"54.3994349 , -126.7171529","54.564919200000006 , -126.88309640000001",urban-urban,mixed,1935,"{""sample_routes"":{""date"":""2026-09-14"",""run_id"":""1e9917ae527545d8a96a3d21206fe880""},""join_samples"":{""date"":""2026-09-14"",""run_id"":""066e6ae7a97d4ff7a8fb08eee71ee69d""},""upload_data"":{""date"":""2026-09-14"",""run_id"":""ca7d92fc045f47a4aab2d27e5ce72c53""}}"
1728,728,"50.6555964 , -119.95812910000001","50.6756885 , -119.95803380000001",rural-urban,mixed,1665,"{""sample_routes"":{""date"":""2026-09-14"",""run_id"":""1e9917ae527545d8a96a3d21206fe880""},""join_samples"":{""date"":""2026-09-14"",""run_id"":""066e6ae7a97d4ff7a8fb08eee71ee69d""},""upload_data"":{""date"":""2026-09-14"",""run_id"":""ca7d92fc045f47a4aab2d27e5ce72c53""}}"
1730,730,"50.0107027 , -120.8697504","50.057912300000005 , -120.91703270000001",rural-urban,mixed,1936,"{""sample_routes"":{""date"":""2026-09-14"",""run_id"":""1e9917ae527545d8a96a3d21206fe880""},""join_samples"":{""date"":""2026-09-14"",""run_id"":""066e6ae7a97d4ff7a8fb08eee71ee69d""},""upload_data"":{""date"":""2026-09-14"",""run_id"":""ca7d92fc045f47a4aab2d27e5ce72c53""}}"
1731,731,"52.358383100000005 , -121.73070440000001","52.416392 , -121.7307265",urban-urban,mixed,1662,"{""sample_routes"":{""date"":""2026-09-14"",""run_id"":""1e9917ae527545d8a96a3d21206fe880""},""join_samples"":{""date"":""2026-09-14"",""run_id"":""066e6ae7a97d4ff7a8fb08eee71ee69d""},""upload_data"":{""date"":""2026-09-14"",""run_id"":""ca7d92fc045f47a4aab2d27e5ce72c53""}}"
1732,732,"50.2561928 , -119.2800634","50.256689 , -118.83544010000001",urban-rural,mixed,1938,"{""sample_routes"":{""date"":""2026-09-14"",""run_id"":""1e9917ae527545d8a96a3d21206fe880""},""join_samples"":{""date"":""2026-09-14"",""run_id"":""066e6ae7a97d4ff7a8fb08eee71ee69d""},""upload_data"":{""date"":""2026-09-14"",""run_id"":""ca7d92fc045f47a4aab2d27e5ce72c53""}}"
1734,734,"50.6666267 , -120.35131650000001","50.6668685 , -119.78194680000001",urban-urban,mixed,1939,"{""sample_routes"":{""date"":""2026-09-14"",""run_id"":""1e9917ae527545d8a96a3d21206fe880""},""join_samples"":{""date"":""2026-09-14"",""run_id"":""066e6ae7a97d4ff7a8fb08eee71ee69d""},""upload_data"":{""date"":""2026-09-14"",""run_id"":""ca7d92fc045f47a4aab2d27e5ce72c53""}}"
1738,738,"49.233025600000005 , -121.7536596","49.089055800000004 , -121.8969347",urban-urban,mixed,1939,"{""sample_routes"":{""date"":""2026-09-14"",""run_id"":""1e9917ae527545d8a96a3d21206fe880""},""join_samples"":{""date"":""2026-09-14"",""run_id"":""066e6ae7a97d4ff7a8fb08eee71ee69d""},""upload_data"":{""date"":""2026-09-14"",""run_id"":""ca7d92fc045f47a4aab2d27e5ce72c53""}}"
1740,740,"49.051466500000004 , -122.25342320000001","49.177215100000005 , -122.2540974",urban-urban,mixed,1661,"{""sample_routes"":{""date"":""2026-09-14"",""run_id"":""1e9917ae527545d8a96a3d21206fe880""},""join_samples"":{""date"":""2026-09-14"",""run_id"":""066e6ae7a97d4ff7a8fb08eee71ee69d""},""upload_data"":{""date"":""2026-09-14"",""run_id"":""ca7d92fc045f47a4aab2d27e5ce72c53""}}"
1743,743,"55.815103400000005 , -121.50955780000001","55.9275043 , -121.39716560000001",urban-urban,mixed,1655,"{""sample_routes"":{""date"":""2026-09-14"",""run_id"":""1e9917ae527545d8a96a3d21206fe880""},""join_samples"":{""date"":""2026-09-14"",""run_id"":""066e6ae7a97d4ff7a8fb08eee71ee69d""},""upload_data"":{""date"":""2026-09-14"",""run_id"":""ca7d92fc045f47a4aab2d27e5ce72c53""}}"
1745,745,"52.2554984 , -121.5129112","52.3593114 , -121.51248980000001",urban-urban,mixed,1946,"{""sample_routes"":{""date"":""2026-09-14"",""run_id"":""1e9917ae527545d8a96a3d21206fe880""},""join_samples"":{""date"":""2026-09-14"",""run_id"":""066e6ae7a97d4ff7a8fb08eee71ee69d""},""upload_data"":{""date"":""2026-09-14"",""run_id"":""ca7d92fc045f47a4aab2d27e5ce72c53""}}"
1746,746,"50.3171733 , -122.7986712","50.0868581 , -123.0293778",urban-rural,mixed,1947,"{""sample_routes"":{""date"":""2026-09-14"",""run_id"":""1e9917ae527545d8a96a3d21206fe880""},""join_samples"":{""date"":""2026-09-14"",""run_id"":""066e6ae7a97d4ff7a8fb08eee71ee69d""},""upload_data"":{""date"":""2026-09-14"",""run_id"":""ca7d92fc045f47a4aab2d27e5ce72c53""}}"
1749,749,"53.460860600000004 , -122.599901","53.7935791 , -122.59977250000001",urban-urban,mixed,1947,"{""sample_routes"":{""date"":""2026-09-14"",""run_id"":""1e9917ae527545d8a96a3d21206fe880""},""join_samples"":{""date"":""2026-09-14"",""run_id"":""066e6ae7a97d4ff7a8fb08eee71ee69d""},""upload_data"":{""date"":""2026-09-14"",""run_id"":""ca7d92fc045f47a4aab2d27e5ce72c53""}}"
1751,751,"50.6542334 , -120.3823296","50.6544655 , -119.87806990000001",urban-rural,mixed,1651,"{""sample_routes"":{""date"":""2026-09-14"",""run_id"":""1e9917ae527545d8a96a3d21206fe880""},""join_samples"":{""date"":""2026-09-14"",""run_id"":""066e6ae7a97d4ff7a8fb08eee71ee69d""},""upload_data"":{""date"":""2026-09-14"",""run_id"":""ca7d92fc045f47a4aab2d27e5ce72c53""}}"
1754,754,"51.979522800000005 , -122.1459001","52.1160779 , -122.0100579",rural-urban,mixed,1950,"{""sample_routes"":{""date"":""2026-09-14"",""run_id"":""1e9917ae527545d8a96a3d21206fe880""},""join_samples"":{""date"":""2026-09-14"",""run_id"":""066e6ae7a97d4ff7a8fb08eee71ee69d""},""upload_data"":{""date"":""2026-09-14"",""run_id"":""ca7d92fc045f47a4aab2d27e5ce72c53""}}"
1760,760,"51.94282990000001 , -122.2819905","52.122383400000004 , -122.10208030000001",urban-urban,mixed,1647,"{""sample_routes"":{""date"":""2026-09-14"",""run_id"":""1e9917ae527545d8a96a3d21206fe880""},""join_samples"":{""date"":""2026-09-14"",""run_id"":""066e6ae7a97d4ff7a8fb08eee71ee69d""},""upload_data"":{""date"":""2026-09-14"",""run_id"":""ca7d92fc045f47a4aab2d27e5ce72c53""}}"
1762,762,"50.2626228 , -119.27509930000001","50.5021533 , -119.27578430000001",urban-urban,mixed,1954,"{""sample_routes"":{""date"":""2026-09-14"",""run_id"":""1e9917ae527545d8a96a3d21206fe880""},""join_samples"":{""date"":""2026-09-14"",""run_id"":""066e6ae7a97d4ff7a8fb08eee71ee69d""},""upload_data"":{""date"":""2026-09-14"",""run_id"":""ca7d92fc045f47a4aab2d27e5ce72c53""}}"
1763,763,"54.4822975 , -126.31829160000001","54.401114400000004 , -126.23707100000001",urban-urban,mixed,1646,"{""sample_routes"":{""date"":""2026-09-14"",""run_id"":""1e9917ae527545d8a96a3d21206fe880""},""join_samples"":{""date"":""2026-09-14"",""run_id"":""066e6ae7a97d4ff7a8fb08eee71ee69d""},""upload_data"":{""date"":""2026-09-14"",""run_id"":""ca7d92fc045f47a4aab2d27e5ce72c53""}}"
1764,764,"50.3606046 , -119.2866697","50.3600015 , -119.0683293",urban-urban,mixed,1954,"{""sample_routes"":{""date"":""2026-09-14"",""run_id"":""1e9917ae527545d8a96a3d21206fe880""},""join_samples"":{""date"":""2026-09-14"",""run_id"":""066e6ae7a97d4ff7a8fb08eee71ee69d""},""upload_data"":{""date"":""2026-09-14"",""run_id"":""ca7d92fc045f47a4aab2d27e5ce72c53""}}"
1765,765,"56.2681563 , -120.2950093","56.21684380000001 , -120.3470334",rural-urban,mixed,1956,"{""sample_routes"":{""date"":""2026-09-14"",""run_id"":""1e9917ae527545d8a96a3d21206fe880""},""join_samples"":{""date"":""2026-09-14"",""run_id"":""066e6ae7a97d4ff7a8fb08eee71ee69d""},""upload_data"":{""date"":""2026-09-14"",""run_id"":""ca7d92fc045f47a4aab2d27e5ce72c53""}}"
1767,767,"49.50587 , -115.75222570000001","49.702945 , -115.94895100000001",urban-rural,mixed,1957,"{""sample_routes"":{""date"":""2026-09-14"",""run_id"":""1e9917ae527545d8a96a3d21206fe880""},""join_samples"":{""date"":""2026-09-14"",""run_id"":""066e6ae7a97d4ff7a8fb08eee71ee69d""},""upload_data"":{""date"":""2026-09-14"",""run_id"":""ca7d92fc045f47a4aab2d27e5ce72c53""}}"
1770,770,"49.497013900000006 , -119.59217410000001","49.2442056 , -119.591982",urban-rural,mixed,1957,"{""sample_routes"":{""date"":""2026-09-14"",""run_id"":""1e9917ae527545d8a96a3d21206fe880""},""join_samples"":{""date"":""2026-09-14"",""run_id"":""066e6ae7a97d4ff7a8fb08eee71ee69d""},""upload_data"":{""date"":""2026-09-14"",""run_id"":""ca7d92fc045f47a4aab2d27e5ce72c53""}}"
1772,772,"56.246447 , -120.7367284","56.406035700000004 , -120.8966058",urban-urban,mixed,1958,"{""sample_routes"":{""date"":""2026-09-14"",""run_id"":""1e9917ae527545d8a96a3d21206fe880""},""join_samples"":{""date"":""2026-09-14"",""run_id"":""066e6ae7a97d4ff7a8fb08eee71ee69d""},""upload_data"":{""date"":""2026-09-14"",""run_id"":""ca7d92fc045f47a4aab2d27e5ce72c53""}}"
1776,776,"50.8800911 , -119.5170985","50.907867700000004 , -119.48989730000001",urban-urban,mixed,1640,"{""sample_routes"":{""date"":""2026-09-14"",""run_id"":""1e9917ae527545d8a96a3d21206fe880""},""join_samples"":{""date"":""2026-09-14"",""run_id"":""066e6ae7a97d4ff7a8fb08eee71ee69d""},""upload_data"":{""date"":""2026-09-14"",""run_id"":""ca7d92fc045f47a4aab2d27e5ce72c53""}}"
1777,777,"51.8390822 , -122.1223817","51.9526946 , -122.12287350000001",urban-urban,mixed,1961,"{""sample_routes"":{""date"":""2026-09-14"",""run_id"":""1e9917ae527545d8a96a3d21206fe880""},""join_samples"":{""date"":""2026-09-14"",""run_id"":""066e6ae7a97d4ff7a8fb08eee71ee69d""},""upload_data"":{""date"":""2026-09-14"",""run_id"":""ca7d92fc045f47a4aab2d27e5ce72c53""}}"
1778,778,"50.69994560000001 , -119.28838270000001","50.70000640000001 , -119.05487090000001",urban-urban,mixed,1639,"{""sample_routes"":{""date"":""2026-09-14"",""run_id"":""1e9917ae527545d8a96a3d21206fe880""},""join_samples"":{""date"":""2026-09-14"",""run_id"":""066e6ae7a97d4ff7a8fb08eee71ee69d""},""upload_data"":{""date"":""2026-09-14"",""run_id"":""ca7d92fc045f47a4aab2d27e5ce72c53""}}"
1779,779,"50.680728 , -120.3689193","50.680500300000006 , -119.82627640000001",urban-rural,mixed,1961,"{""sample_routes"":{""date"":""2026-09-14"",""run_id"":""1e9917ae527545d8a96a3d21206fe880""},""join_samples"":{""date"":""2026-09-14"",""run_id"":""066e6ae7a97d4ff7a8fb08eee71ee69d""},""upload_data"":{""date"":""2026-09-14"",""run_id"":""ca7d92fc045f47a4aab2d27e5ce72c53""}}"
1781,781,"49.1006859 , -122.57587260000001","49.100134100000005 , -122.1170383",urban-rural,mixed,1962,"{""sample_routes"":{""date"":""2026-09-14"",""run_id"":""1e9917ae527545d8a96a3d21206fe880""},""join_samples"":{""date"":""2026-09-14"",""run_id"":""066e6ae7a97d4ff7a8fb08eee71ee69d""},""upload_data"":{""date"":""2026-09-14"",""run_id"":""ca7d92fc045f47a4aab2d27e5ce72c53""}}"
1782,782,"49.2188621 , -122.633266","49.034144700000006 , -122.44863160000001",urban-urban,mixed,1962,"{""sample_routes"":{""date"":""2026-09-14"",""run_id"":""1e9917ae527545d8a96a3d21206fe880""},""join_samples"":{""date"":""2026-09-14"",""run_id"":""066e6ae7a97d4ff7a8fb08eee71ee69d""},""upload_data"":{""date"":""2026-09-14"",""run_id"":""ca7d92fc045f47a4aab2d27e5ce72c53""}}"
1784,784,"50.8722866 , -119.458498","50.7867346 , -119.4588781",urban-rural,mixed,1637,"{""sample_routes"":{""date"":""2026-09-14"",""run_id"":""1e9917ae527545d8a96a3d21206fe880""},""join_samples"":{""date"":""2026-09-14"",""run_id"":""066e6ae7a97d4ff7a8fb08eee71ee69d""},""upload_data"":{""date"":""2026-09-14"",""run_id"":""ca7d92fc045f47a4aab2d27e5ce72c53""}}"
1786,786,"50.937969900000006 , -118.79442370000001","50.6198174 , -119.11255820000001",urban-urban,mixed,1963,"{""sample_routes"":{""date"":""2026-09-14"",""run_id"":""1e9917ae527545d8a96a3d21206fe880""},""join_samples"":{""date"":""2026-09-14"",""run_id"":""066e6ae7a97d4ff7a8fb08eee71ee69d""},""upload_data"":{""date"":""2026-09-14"",""run_id"":""ca7d92fc045f47a4aab2d27e5ce72c53""}}"
1787,787,"49.2190154 , -122.6070406","49.21970880000001 , -122.3087656",urban-urban,mixed,1636,"{""sample_routes"":{""date"":""2026-09-14"",""run_id"":""1e9917ae527545d8a96a3d21206fe880""},""join_samples"":{""date"":""2026-09-14"",""run_id"":""066e6ae7a97d4ff7a8fb08eee71ee69d""},""upload_data"":{""date"":""2026-09-14"",""run_id"":""ca7d92fc045f47a4aab2d27e5ce72c53""}}"
1789,789,"49.6435225 , -117.5335936","49.427036400000006 , -117.5342301",urban-urban,mixed,1636,"{""sample_routes"":{""date"":""2026-09-14"",""run_id"":""1e9917ae527545d8a96a3d21206fe880""},""join_samples"":{""date"":""2026-09-14"",""run_id"":""066e6ae7a97d4ff7a8fb08eee71ee69d""},""upload_data"":{""date"":""2026-09-14"",""run_id"":""ca7d92fc045f47a4aab2d27e5ce72c53""}}"
1790,790,"49.9804625 , -120.7713219","50.1615363 , -120.5897484",urban-urban,mixed,1964,"{""sample_routes"":{""date"":""2026-09-14"",""run_id"":""1e9917ae527545d8a96a3d21206fe880""},""join_samples"":{""date"":""2026-09-14"",""run_id"":""066e6ae7a97d4ff7a8fb08eee71ee69d""},""upload_data"":{""date"":""2026-09-14"",""run_id"":""ca7d92fc045f47a4aab2d27e5ce72c53""}}"
1792,792,"52.51234710000001 , -125.3413878","52.340166100000005 , -125.16903780000001",urban-urban,mixed,1635,"{""sample_routes"":{""date"":""2026-09-14"",""run_id"":""1e9917ae527545d8a96a3d21206fe880""},""join_samples"":{""date"":""2026-09-14"",""run_id"":""066e6ae7a97d4ff7a8fb08eee71ee69d""},""upload_data"":{""date"":""2026-09-14"",""run_id"":""ca7d92fc045f47a4aab2d27e5ce72c53""}}"
1793,793,"54.6291986 , -126.9684665","54.3763384 , -126.71596430000001",urban-rural,mixed,1966,"{""sample_routes"":{""date"":""2026-09-14"",""run_id"":""1e9917ae527545d8a96a3d21206fe880""},""join_samples"":{""date"":""2026-09-14"",""run_id"":""066e6ae7a97d4ff7a8fb08eee71ee69d""},""upload_data"":{""date"":""2026-09-14"",""run_id"":""ca7d92fc045f47a4aab2d27e5ce72c53""}}"
1796,796,"49.179982200000005 , -119.55252650000001","49.03574750000001 , -119.69683420000001",urban-rural,mixed,1633,"{""sample_routes"":{""date"":""2026-09-14"",""run_id"":""1e9917ae527545d8a96a3d21206fe880""},""join_samples"":{""date"":""2026-09-14"",""run_id"":""066e6ae7a97d4ff7a8fb08eee71ee69d""},""upload_data"":{""date"":""2026-09-14"",""run_id"":""ca7d92fc045f47a4aab2d27e5ce72c53""}}"
1802,802,"54.0435262 , -125.05435270000001","53.981025300000006 , -125.05447550000001",urban-urban,mixed,1630,"{""sample_routes"":{""date"":""2026-09-14"",""run_id"":""1e9917ae527545d8a96a3d21206fe880""},""join_samples"":{""date"":""2026-09-14"",""run_id"":""066e6ae7a97d4ff7a8fb08eee71ee69d""},""upload_data"":{""date"":""2026-09-14"",""run_id"":""ca7d92fc045f47a4aab2d27e5ce72c53""}}"
1806,806,"50.068085700000005 , -120.84391860000001","49.983864000000004 , -120.9288181",urban-urban,mixed,1972,"{""sample_routes"":{""date"":""2026-09-14"",""run_id"":""1e9917ae527545d8a96a3d21206fe880""},""join_samples"":{""date"":""2026-09-14"",""run_id"":""066e6ae7a97d4ff7a8fb08eee71ee69d""},""upload_data"":{""date"":""2026-09-14"",""run_id"":""ca7d92fc045f47a4aab2d27e5ce72c53""}}"
1812,812,"53.0137634 , -122.4000189","53.149025400000006 , -122.5352369",urban-urban,mixed,1975,"{""sample_routes"":{""date"":""2026-09-14"",""run_id"":""1e9917ae527545d8a96a3d21206fe880""},""join_samples"":{""date"":""2026-09-14"",""run_id"":""066e6ae7a97d4ff7a8fb08eee71ee69d""},""upload_data"":{""date"":""2026-09-14"",""run_id"":""ca7d92fc045f47a4aab2d27e5ce72c53""}}"
1813,813,"49.1273807 , -117.7537508","49.249842400000006 , -117.6315747",urban-rural,mixed,1976,"{""sample_routes"":{""date"":""2026-09-14"",""run_id"":""1e9917ae527545d8a96a3d21206fe880""},""join_samples"":{""date"":""2026-09-14"",""run_id"":""066e6ae7a97d4ff7a8fb08eee71ee69d""},""upload_data"":{""date"":""2026-09-14"",""run_id"":""ca7d92fc045f47a4aab2d27e5ce72c53""}}"
1818,818,"53.5514694 , -122.60918500000001","53.8658293 , -122.6094163",urban-urban,mixed,1978,"{""sample_routes"":{""date"":""2026-09-14"",""run_id"":""1e9917ae527545d8a96a3d21206fe880""},""join_samples"":{""date"":""2026-09-14"",""run_id"":""066e6ae7a97d4ff7a8fb08eee71ee69d""},""upload_data"":{""date"":""2026-09-14"",""run_id"":""ca7d92fc045f47a4aab2d27e5ce72c53""}}"
1822,822,"56.319431400000006 , -121.02396350000001","56.318904100000005 , -120.74299710000001",rural-urban,mixed,1621,"{""sample_routes"":{""date"":""2026-09-14"",""run_id"":""1e9917ae527545d8a96a3d21206fe880""},""join_samples"":{""date"":""2026-09-14"",""run_id"":""066e6ae7a97d4ff7a8fb08eee71ee69d""},""upload_data"":{""date"":""2026-09-14"",""run_id"":""ca7d92fc045f47a4aab2d27e5ce72c53""}}"
1823,823,"50.6897663 , -119.21215640000001","50.82980980000001 , -119.35167100000001",urban-urban,mixed,1620,"{""sample_routes"":{""date"":""2026-09-14"",""run_id"":""1e9917ae527545d8a96a3d21206fe880""},""join_samples"":{""date"":""2026-09-14"",""run_id"":""066e6ae7a97d4ff7a8fb08eee71ee69d""},""upload_data"":{""date"":""2026-09-14"",""run_id"":""ca7d92fc045f47a4aab2d27e5ce72c53""}}"
1825,825,"49.6741916 , -124.9218323","49.8702157 , -125.1181162",urban-urban,mixed,1982,"{""sample_routes"":{""date"":""2026-09-14"",""run_id"":""1e9917ae527545d8a96a3d21206fe880""},""join_samples"":{""date"":""2026-09-14"",""run_id"":""066e6ae7a97d4ff7a8fb08eee71ee69d""},""upload_data"":{""date"":""2026-09-14"",""run_id"":""ca7d92fc045f47a4aab2d27e5ce72c53""}}"
1826,826,"49.038598900000004 , -118.85769180000001","49.039022700000004 , -119.23770760000001",urban-urban,mixed,1618,"{""sample_routes"":{""date"":""2026-09-14"",""run_id"":""1e9917ae527545d8a96a3d21206fe880""},""join_samples"":{""date"":""2026-09-14"",""run_id"":""066e6ae7a97d4ff7a8fb08eee71ee69d""},""upload_data"":{""date"":""2026-09-14"",""run_id"":""ca7d92fc045f47a4aab2d27e5ce72c53""}}"
1828,828,"52.1654136 , -122.15678720000001","52.3588249 , -122.34982480000001",urban-urban,mixed,1984,"{""sample_routes"":{""date"":""2026-09-14"",""run_id"":""1e9917ae527545d8a96a3d21206fe880""},""join_samples"":{""date"":""2026-09-14"",""run_id"":""066e6ae7a97d4ff7a8fb08eee71ee69d""},""upload_data"":{""date"":""2026-09-14"",""run_id"":""ca7d92fc045f47a4aab2d27e5ce72c53""}}"
1829,829,"53.4586587 , -122.59699260000001","53.24924540000001 , -122.38700650000001",urban-urban,mixed,1616,"{""sample_routes"":{""date"":""2026-09-14"",""run_id"":""1e9917ae527545d8a96a3d21206fe880""},""join_samples"":{""date"":""2026-09-14"",""run_id"":""066e6ae7a97d4ff7a8fb08eee71ee69d""},""upload_data"":{""date"":""2026-09-14"",""run_id"":""ca7d92fc045f47a4aab2d27e5ce72c53""}}"
1831,831,"49.713402300000006 , -125.0164977","49.9472461 , -125.2501112",urban-rural,mixed,1984,"{""sample_routes"":{""date"":""2026-09-14"",""run_id"":""1e9917ae527545d8a96a3d21206fe880""},""join_samples"":{""date"":""2026-09-14"",""run_id"":""066e6ae7a97d4ff7a8fb08eee71ee69d""},""upload_data"":{""date"":""2026-09-14"",""run_id"":""ca7d92fc045f47a4aab2d27e5ce72c53""}}"
1832,832,"50.869323200000004 , -119.37168690000001","50.920373000000005 , -119.42344920000001",urban-rural,mixed,1986,"{""sample_routes"":{""date"":""2026-09-14"",""run_id"":""1e9917ae527545d8a96a3d21206fe880""},""join_samples"":{""date"":""2026-09-14"",""run_id"":""066e6ae7a97d4ff7a8fb08eee71ee69d""},""upload_data"":{""date"":""2026-09-14"",""run_id"":""ca7d92fc045f47a4aab2d27e5ce72c53""}}"
1835,835,"56.2467911 , -121.08911450000001","56.2464675 , -120.76313150000001",urban-urban,mixed,1988,"{""sample_routes"":{""date"":""2026-09-14"",""run_id"":""1e9917ae527545d8a96a3d21206fe880""},""join_samples"":{""date"":""2026-09-14"",""run_id"":""066e6ae7a97d4ff7a8fb08eee71ee69d""},""upload_data"":{""date"":""2026-09-14"",""run_id"":""ca7d92fc045f47a4aab2d27e5ce72c53""}}"
1837,837,"49.235012600000005 , -122.56972280000001","49.235203000000006 , -122.32495290000001",urban-urban,mixed,1611,"{""sample_routes"":{""date"":""2026-09-14"",""run_id"":""1e9917ae527545d8a96a3d21206fe880""},""join_samples"":{""date"":""2026-09-14"",""run_id"":""066e6ae7a97d4ff7a8fb08eee71ee69d""},""upload_data"":{""date"":""2026-09-14"",""run_id"":""ca7d92fc045f47a4aab2d27e5ce72c53""}}"
1839,839,"54.1019426 , -125.1351097","53.984656900000004 , -125.0174056",urban-urban,mixed,1989,"{""sample_routes"":{""date"":""2026-09-14"",""run_id"":""1e9917ae527545d8a96a3d21206fe880""},""join_samples"":{""date"":""2026-09-14"",""run_id"":""066e6ae7a97d4ff7a8fb08eee71ee69d""},""upload_data"":{""date"":""2026-09-14"",""run_id"":""ca7d92fc045f47a4aab2d27e5ce72c53""}}"
1843,843,"50.852512000000004 , -119.4276856","50.645139 , -119.22053190000001",urban-urban,mixed,1991,"{""sample_routes"":{""date"":""2026-09-14"",""run_id"":""1e9917ae527545d8a96a3d21206fe880""},""join_samples"":{""date"":""2026-09-14"",""run_id"":""066e6ae7a97d4ff7a8fb08eee71ee69d""},""upload_data"":{""date"":""2026-09-14"",""run_id"":""ca7d92fc045f47a4aab2d27e5ce72c53""}}"
1846,846,"48.4608341 , -123.50645540000001","48.654862300000005 , -123.7010487",urban-urban,mixed,1992,"{""sample_routes"":{""date"":""2026-09-14"",""run_id"":""1e9917ae527545d8a96a3d21206fe880""},""join_samples"":{""date"":""2026-09-14"",""run_id"":""066e6ae7a97d4ff7a8fb08eee71ee69d""},""upload_data"":{""date"":""2026-09-14"",""run_id"":""ca7d92fc045f47a4aab2d27e5ce72c53""}}"
1849,849,"53.86059890000001 , -125.8660186","53.980750400000005 , -125.9858427",rural-urban,mixed,1607,"{""sample_routes"":{""date"":""2026-09-14"",""run_id"":""1e9917ae527545d8a96a3d21206fe880""},""join_samples"":{""date"":""2026-09-14"",""run_id"":""066e6ae7a97d4ff7a8fb08eee71ee69d""},""upload_data"":{""date"":""2026-09-14"",""run_id"":""ca7d92fc045f47a4aab2d27e5ce72c53""}}"
1850,850,"50.3231921 , -119.3627864","50.123653000000004 , -119.5627295",urban-urban,mixed,1994,"{""sample_routes"":{""date"":""2026-09-14"",""run_id"":""1e9917ae527545d8a96a3d21206fe880""},""join_samples"":{""date"":""2026-09-14"",""run_id"":""066e6ae7a97d4ff7a8fb08eee71ee69d""},""upload_data"":{""date"":""2026-09-14"",""run_id"":""ca7d92fc045f47a4aab2d27e5ce72c53""}}"
1851,851,"56.073873000000006 , -120.5569267","55.851153000000004 , -120.5568046",urban-urban,mixed,1994,"{""sample_routes"":{""date"":""2026-09-14"",""run_id"":""1e9917ae527545d8a96a3d21206fe880""},""join_samples"":{""date"":""2026-09-14"",""run_id"":""066e6ae7a97d4ff7a8fb08eee71ee69d""},""upload_data"":{""date"":""2026-09-14"",""run_id"":""ca7d92fc045f47a4aab2d27e5ce72c53""}}"
1852,852,"49.420395600000006 , -115.30847120000001","49.4435055 , -115.33206940000001",urban-rural,mixed,1604,"{""sample_routes"":{""date"":""2026-09-14"",""run_id"":""1e9917ae527545d8a96a3d21206fe880""},""join_samples"":{""date"":""2026-09-14"",""run_id"":""066e6ae7a97d4ff7a8fb08eee71ee69d""},""upload_data"":{""date"":""2026-09-14"",""run_id"":""ca7d92fc045f47a4aab2d27e5ce72c53""}}"
1853,853,"50.6549181 , -119.8270775","50.4845532 , -119.82778850000001",urban-rural,mixed,1603,"{""sample_routes"":{""date"":""2026-09-14"",""run_id"":""1e9917ae527545d8a96a3d21206fe880""},""join_samples"":{""date"":""2026-09-14"",""run_id"":""066e6ae7a97d4ff7a8fb08eee71ee69d""},""upload_data"":{""date"":""2026-09-14"",""run_id"":""ca7d92fc045f47a4aab2d27e5ce72c53""}}"
1854,854,"49.2205877 , -122.62558530000001","49.0313322 , -122.43627620000001",urban-urban,mixed,1997,"{""sample_routes"":{""date"":""2026-09-14"",""run_id"":""1e9917ae527545d8a96a3d21206fe880""},""join_samples"":{""date"":""2026-09-14"",""run_id"":""066e6ae7a97d4ff7a8fb08eee71ee69d""},""upload_data"":{""date"":""2026-09-14"",""run_id"":""ca7d92fc045f47a4aab2d27e5ce72c53""}}"
1856,856,"50.1837718 , -119.3872283","50.184290000000004 , -119.2908598",urban-urban,mixed,1999,"{""sample_routes"":{""date"":""2026-09-14"",""run_id"":""1e9917ae527545d8a96a3d21206fe880""},""join_samples"":{""date"":""2026-09-14"",""run_id"":""066e6ae7a97d4ff7a8fb08eee71ee69d""},""upload_data"":{""date"":""2026-09-14"",""run_id"":""ca7d92fc045f47a4aab2d27e5ce72c53""}}"
1857,857,"54.391015 , -126.71187130000001","54.5085509 , -126.82945520000001",urban-urban,mixed,1601,"{""sample_routes"":{""date"":""2026-09-14"",""run_id"":""1e9917ae527545d8a96a3d21206fe880""},""join_samples"":{""date"":""2026-09-14"",""run_id"":""066e6ae7a97d4ff7a8fb08eee71ee69d""},""upload_data"":{""date"":""2026-09-14"",""run_id"":""ca7d92fc045f47a4aab2d27e5ce72c53""}}"
1858,858,"50.287973400000006 , -119.4292049","50.287359 , -119.20197820000001",urban-urban,mixed,2000,"{""sample_routes"":{""date"":""2026-09-14"",""run_id"":""1e9917ae527545d8a96a3d21206fe880""},""join_samples"":{""date"":""2026-09-14"",""run_id"":""066e6ae7a97d4ff7a8fb08eee71ee69d""},""upload_data"":{""date"":""2026-09-14"",""run_id"":""ca7d92fc045f47a4aab2d27e5ce72c53""}}"
1860,860,"52.018377300000004 , -122.15923140000001","52.165423800000006 , -122.15884120000001",urban-urban,mixed,1599,"{""sample_routes"":{""date"":""2026-09-14"",""run_id"":""1e9917ae527545d8a96a3d21206fe880""},""join_samples"":{""date"":""2026-09-14"",""run_id"":""066e6ae7a97d4ff7a8fb08eee71ee69d""},""upload_data"":{""date"":""2026-09-14"",""run_id"":""ca7d92fc045f47a4aab2d27e5ce72c53""}}"
1862,862,"51.721464600000004 , -121.1830139","51.5626327 , -121.18260540000001",urban-rural,mixed,2002,"{""sample_routes"":{""date"":""2026-09-14"",""run_id"":""1e9917ae527545d8a96a3d21206fe880""},""join_samples"":{""date"":""2026-09-14"",""run_id"":""066e6ae7a97d4ff7a8fb08eee71ee69d""},""upload_data"":{""date"":""2026-09-14"",""run_id"":""ca7d92fc045f47a4aab2d27e5ce72c53""}}"
1863,863,"49.2025215 , -124.03350160000001","49.081141900000006 , -124.0336752",urban-urban,mixed,1597,"{""sample_routes"":{""date"":""2026-09-14"",""run_id"":""1e9917ae527545d8a96a3d21206fe880""},""join_samples"":{""date"":""2026-09-14"",""run_id"":""066e6ae7a97d4ff7a8fb08eee71ee69d""},""upload_data"":{""date"":""2026-09-14"",""run_id"":""ca7d92fc045f47a4aab2d27e5ce72c53""}}"
1867,867,"49.1056171 , -118.466577","49.0805804 , -118.4408901",urban-urban,mixed,1596,"{""sample_routes"":{""date"":""2026-09-14"",""run_id"":""1e9917ae527545d8a96a3d21206fe880""},""join_samples"":{""date"":""2026-09-14"",""run_id"":""066e6ae7a97d4ff7a8fb08eee71ee69d""},""upload_data"":{""date"":""2026-09-14"",""run_id"":""ca7d92fc045f47a4aab2d27e5ce72c53""}}"
1869,869,"51.40109210000001 , -121.3817327","51.785461600000005 , -121.38136200000001",urban-urban,mixed,2005,"{""sample_routes"":{""date"":""2026-09-14"",""run_id"":""1e9917ae527545d8a96a3d21206fe880""},""join_samples"":{""date"":""2026-09-14"",""run_id"":""066e6ae7a97d4ff7a8fb08eee71ee69d""},""upload_data"":{""date"":""2026-09-14"",""run_id"":""ca7d92fc045f47a4aab2d27e5ce72c53""}}"
1873,873,"50.8580875 , -119.44313640000001","50.686110500000005 , -119.27068150000001",rural-urban,mixed,1593,"{""sample_routes"":{""date"":""2026-09-14"",""run_id"":""1e9917ae527545d8a96a3d21206fe880""},""join_samples"":{""date"":""2026-09-14"",""run_id"":""066e6ae7a97d4ff7a8fb08eee71ee69d""},""upload_data"":{""date"":""2026-09-14"",""run_id"":""ca7d92fc045f47a4aab2d27e5ce72c53""}}"
1876,876,"49.027250200000005 , -119.37962460000001","49.232641300000004 , -119.5850728",urban-rural,mixed,2008,"{""sample_routes"":{""date"":""2026-09-14"",""run_id"":""1e9917ae527545d8a96a3d21206fe880""},""join_samples"":{""date"":""2026-09-14"",""run_id"":""066e6ae7a97d4ff7a8fb08eee71ee69d""},""upload_data"":{""date"":""2026-09-14"",""run_id"":""ca7d92fc045f47a4aab2d27e5ce72c53""}}"
1877,877,"50.8119534 , -118.99730790000001","50.5981249 , -119.21122790000001",urban-urban,mixed,2009,"{""sample_routes"":{""date"":""2026-09-14"",""run_id"":""1e9917ae527545d8a96a3d21206fe880""},""join_samples"":{""date"":""2026-09-14"",""run_id"":""066e6ae7a97d4ff7a8fb08eee71ee69d""},""upload_data"":{""date"":""2026-09-14"",""run_id"":""ca7d92fc045f47a4aab2d27e5ce72c53""}}"
1878,878,"50.3501464 , -119.2719079","50.2155288 , -119.1372302",urban-urban,mixed,1591,"{""sample_routes"":{""date"":""2026-09-14"",""run_id"":""1e9917ae527545d8a96a3d21206fe880""},""join_samples"":{""date"":""2026-09-14"",""run_id"":""066e6ae7a97d4ff7a8fb08eee71ee69d""},""upload_data"":{""date"":""2026-09-14"",""run_id"":""ca7d92fc045f47a4aab2d27e5ce72c53""}}"
1882,882,"50.497366400000004 , -119.2126247","50.6071393 , -119.1028546",urban-urban,mixed,1590,"{""sample_routes"":{""date"":""2026-09-14"",""run_id"":""1e9917ae527545d8a96a3d21206fe880""},""join_samples"":{""date"":""2026-09-14"",""run_id"":""066e6ae7a97d4ff7a8fb08eee71ee69d""},""upload_data"":{""date"":""2026-09-14"",""run_id"":""ca7d92fc045f47a4aab2d27e5ce72c53""}}"
1883,883,"50.1162031 , -122.96050260000001","50.32398310000001 , -122.752583",urban-urban,mixed,2011,"{""sample_routes"":{""date"":""2026-09-14"",""run_id"":""1e9917ae527545d8a96a3d21206fe880""},""join_samples"":{""date"":""2026-09-14"",""run_id"":""066e6ae7a97d4ff7a8fb08eee71ee69d""},""upload_data"":{""date"":""2026-09-14"",""run_id"":""ca7d92fc045f47a4aab2d27e5ce72c53""}}"
1884,884,"50.6766377 , -120.33903790000001","50.676714200000006 , -119.81421820000001",urban-urban,mixed,2011,"{""sample_routes"":{""date"":""2026-09-14"",""run_id"":""1e9917ae527545d8a96a3d21206fe880""},""join_samples"":{""date"":""2026-09-14"",""run_id"":""066e6ae7a97d4ff7a8fb08eee71ee69d""},""upload_data"":{""date"":""2026-09-14"",""run_id"":""ca7d92fc045f47a4aab2d27e5ce72c53""}}"
1885,885,"50.734324400000006 , -120.157284","50.646942800000005 , -120.15784000000001",urban-urban,mixed,2011,"{""sample_routes"":{""date"":""2026-09-14"",""run_id"":""1e9917ae527545d8a96a3d21206fe880""},""join_samples"":{""date"":""2026-09-14"",""run_id"":""066e6ae7a97d4ff7a8fb08eee71ee69d""},""upload_data"":{""date"":""2026-09-14"",""run_id"":""ca7d92fc045f47a4aab2d27e5ce72c53""}}"
1886,886,"50.629793600000006 , -119.70407320000001","50.4935351 , -119.56716960000001",urban-urban,mixed,1587,"{""sample_routes"":{""date"":""2026-09-14"",""run_id"":""1e9917ae527545d8a96a3d21206fe880""},""join_samples"":{""date"":""2026-09-14"",""run_id"":""066e6ae7a97d4ff7a8fb08eee71ee69d""},""upload_data"":{""date"":""2026-09-14"",""run_id"":""ca7d92fc045f47a4aab2d27e5ce72c53""}}"
1888,888,"56.229974600000006 , -120.8211754","56.4676332 , -121.0582184",urban-urban,mixed,2013,"{""sample_routes"":{""date"":""2026-09-14"",""run_id"":""1e9917ae527545d8a96a3d21206fe880""},""join_samples"":{""date"":""2026-09-14"",""run_id"":""066e6ae7a97d4ff7a8fb08eee71ee69d""},""upload_data"":{""date"":""2026-09-14"",""run_id"":""ca7d92fc045f47a4aab2d27e5ce72c53""}}"
1889,889,"50.7959327 , -121.39254090000001","50.992207300000004 , -121.39185330000001",urban-urban,mixed,1586,"{""sample_routes"":{""date"":""2026-09-14"",""run_id"":""1e9917ae527545d8a96a3d21206fe880""},""join_samples"":{""date"":""2026-09-14"",""run_id"":""066e6ae7a97d4ff7a8fb08eee71ee69d""},""upload_data"":{""date"":""2026-09-14"",""run_id"":""ca7d92fc045f47a4aab2d27e5ce72c53""}}"
1890,890,"49.0636859 , -122.47617340000001","49.2775419 , -122.68936040000001",urban-urban,mixed,2014,"{""sample_routes"":{""date"":""2026-09-14"",""run_id"":""1e9917ae527545d8a96a3d21206fe880""},""join_samples"":{""date"":""2026-09-14"",""run_id"":""066e6ae7a97d4ff7a8fb08eee71ee69d""},""upload_data"":{""date"":""2026-09-14"",""run_id"":""ca7d92fc045f47a4aab2d27e5ce72c53""}}"
1891,891,"50.6996024 , -119.29140600000001","50.70000640000001 , -119.05487090000001",urban-urban,mixed,1586,"{""sample_routes"":{""date"":""2026-09-14"",""run_id"":""1e9917ae527545d8a96a3d21206fe880""},""join_samples"":{""date"":""2026-09-14"",""run_id"":""066e6ae7a97d4ff7a8fb08eee71ee69d""},""upload_data"":{""date"":""2026-09-14"",""run_id"":""ca7d92fc045f47a4aab2d27e5ce72c53""}}"
1894,894,"49.2052783 , -122.62207760000001","49.0607143 , -122.76618850000001",urban-urban,mixed,2016,"{""sample_routes"":{""date"":""2026-09-14"",""run_id"":""1e9917ae527545d8a96a3d21206fe880""},""join_samples"":{""date"":""2026-09-14"",""run_id"":""066e6ae7a97d4ff7a8fb08eee71ee69d""},""upload_data"":{""date"":""2026-09-14"",""run_id"":""ca7d92fc045f47a4aab2d27e5ce72c53""}}"
1896,896,"51.7244729 , -121.3459612","51.454283200000006 , -121.34659800000001",urban-rural,mixed,1584,"{""sample_routes"":{""date"":""2026-09-14"",""run_id"":""1e9917ae527545d8a96a3d21206fe880""},""join_samples"":{""date"":""2026-09-14"",""run_id"":""066e6ae7a97d4ff7a8fb08eee71ee69d""},""upload_data"":{""date"":""2026-09-14"",""run_id"":""ca7d92fc045f47a4aab2d27e5ce72c53""}}"
1897,897,"53.551624800000006 , -122.63259070000001","53.3645025 , -122.63200020000001",urban-urban,mixed,1584,"{""sample_routes"":{""date"":""2026-09-14"",""run_id"":""1e9917ae527545d8a96a3d21206fe880""},""join_samples"":{""date"":""2026-09-14"",""run_id"":""066e6ae7a97d4ff7a8fb08eee71ee69d""},""upload_data"":{""date"":""2026-09-14"",""run_id"":""ca7d92fc045f47a4aab2d27e5ce72c53""}}"
1902,902,"50.2233876 , -119.2900922","50.402531800000006 , -119.28969740000001",urban-rural,mixed,1581,"{""sample_routes"":{""date"":""2026-09-14"",""run_id"":""1e9917ae527545d8a96a3d21206fe880""},""join_samples"":{""date"":""2026-09-14"",""run_id"":""066e6ae7a97d4ff7a8fb08eee71ee69d""},""upload_data"":{""date"":""2026-09-14"",""run_id"":""ca7d92fc045f47a4aab2d27e5ce72c53""}}"
1905,905,"50.4208511 , -121.3518956","50.576743500000006 , -121.35239920000001",urban-urban,mixed,1580,"{""sample_routes"":{""date"":""2026-09-14"",""run_id"":""1e9917ae527545d8a96a3d21206fe880""},""join_samples"":{""date"":""2026-09-14"",""run_id"":""066e6ae7a97d4ff7a8fb08eee71ee69d""},""upload_data"":{""date"":""2026-09-14"",""run_id"":""ca7d92fc045f47a4aab2d27e5ce72c53""}}"
1908,908,"50.1016952 , -119.35366370000001","50.2271474 , -119.22821370000001",urban-urban,mixed,1578,"{""sample_routes"":{""date"":""2026-09-14"",""run_id"":""1e9917ae527545d8a96a3d21206fe880""},""join_samples"":{""date"":""2026-09-14"",""run_id"":""066e6ae7a97d4ff7a8fb08eee71ee69d""},""upload_data"":{""date"":""2026-09-14"",""run_id"":""ca7d92fc045f47a4aab2d27e5ce72c53""}}"
1909,909,"49.185382800000006 , -117.46219110000001","49.4200785 , -117.22819500000001",urban-rural,mixed,2023,"{""sample_routes"":{""date"":""2026-09-14"",""run_id"":""1e9917ae527545d8a96a3d21206fe880""},""join_samples"":{""date"":""2026-09-14"",""run_id"":""066e6ae7a97d4ff7a8fb08eee71ee69d""},""upload_data"":{""date"":""2026-09-14"",""run_id"":""ca7d92fc045f47a4aab2d27e5ce72c53""}}"
1911,911,"51.581937700000005 , -121.1426979","51.697529 , -121.1420667",urban-urban,mixed,2024,"{""sample_routes"":{""date"":""2026-09-14"",""run_id"":""1e9917ae527545d8a96a3d21206fe880""},""join_samples"":{""date"":""2026-09-14"",""run_id"":""066e6ae7a97d4ff7a8fb08eee71ee69d""},""upload_data"":{""date"":""2026-09-14"",""run_id"":""ca7d92fc045f47a4aab2d27e5ce72c53""}}"
1913,913,"50.883106000000005 , -119.4851708","50.905438200000006 , -119.4856536",urban-urban,mixed,1574,"{""sample_routes"":{""date"":""2026-09-14"",""run_id"":""1e9917ae527545d8a96a3d21206fe880""},""join_samples"":{""date"":""2026-09-14"",""run_id"":""066e6ae7a97d4ff7a8fb08eee71ee69d""},""upload_data"":{""date"":""2026-09-14"",""run_id"":""ca7d92fc045f47a4aab2d27e5ce72c53""}}"
1915,915,"55.723099700000006 , -120.13369180000001","55.44777680000001 , -120.1329934",urban-urban,mixed,1572,"{""sample_routes"":{""date"":""2026-09-14"",""run_id"":""1e9917ae527545d8a96a3d21206fe880""},""join_samples"":{""date"":""2026-09-14"",""run_id"":""066e6ae7a97d4ff7a8fb08eee71ee69d""},""upload_data"":{""date"":""2026-09-14"",""run_id"":""ca7d92fc045f47a4aab2d27e5ce72c53""}}"
1916,916,"49.3881127 , -119.58986850000001","49.1253436 , -119.5898526",urban-urban,mixed,1571,"{""sample_routes"":{""date"":""2026-09-14"",""run_id"":""1e9917ae527545d8a96a3d21206fe880""},""join_samples"":{""date"":""2026-09-14"",""run_id"":""066e6ae7a97d4ff7a8fb08eee71ee69d""},""upload_data"":{""date"":""2026-09-14"",""run_id"":""ca7d92fc045f47a4aab2d27e5ce72c53""}}"
1919,919,"50.4269881 , -119.23076830000001","50.752973700000005 , -119.23079530000001",rural-urban,mixed,2031,"{""sample_routes"":{""date"":""2026-09-14"",""run_id"":""1e9917ae527545d8a96a3d21206fe880""},""join_samples"":{""date"":""2026-09-14"",""run_id"":""066e6ae7a97d4ff7a8fb08eee71ee69d""},""upload_data"":{""date"":""2026-09-14"",""run_id"":""ca7d92fc045f47a4aab2d27e5ce72c53""}}"
1922,922,"49.6742149 , -124.9320926","49.9362949 , -125.19455020000001",urban-urban,mixed,2032,"{""sample_routes"":{""date"":""2026-09-14"",""run_id"":""1e9917ae527545d8a96a3d21206fe880""},""join_samples"":{""date"":""2026-09-14"",""run_id"":""066e6ae7a97d4ff7a8fb08eee71ee69d""},""upload_data"":{""date"":""2026-09-14"",""run_id"":""ca7d92fc045f47a4aab2d27e5ce72c53""}}"
1923,923,"50.034437600000004 , -125.24741220000001","50.159985600000006 , -125.37346640000001",urban-urban,mixed,1567,"{""sample_routes"":{""date"":""2026-09-14"",""run_id"":""1e9917ae527545d8a96a3d21206fe880""},""join_samples"":{""date"":""2026-09-14"",""run_id"":""066e6ae7a97d4ff7a8fb08eee71ee69d""},""upload_data"":{""date"":""2026-09-14"",""run_id"":""ca7d92fc045f47a4aab2d27e5ce72c53""}}"
1928,928,"55.7106877 , -120.1255794","55.5794256 , -120.2573122",urban-urban,mixed,1565,"{""sample_routes"":{""date"":""2026-09-14"",""run_id"":""1e9917ae527545d8a96a3d21206fe880""},""join_samples"":{""date"":""2026-09-14"",""run_id"":""066e6ae7a97d4ff7a8fb08eee71ee69d""},""upload_data"":{""date"":""2026-09-14"",""run_id"":""ca7d92fc045f47a4aab2d27e5ce72c53""}}"
1931,931,"53.9651459 , -122.98244100000001","54.101382 , -123.11833010000001",urban-rural,mixed,2035,"{""sample_routes"":{""date"":""2026-09-14"",""run_id"":""1e9917ae527545d8a96a3d21206fe880""},""join_samples"":{""date"":""2026-09-14"",""run_id"":""066e6ae7a97d4ff7a8fb08eee71ee69d""},""upload_data"":{""date"":""2026-09-14"",""run_id"":""ca7d92fc045f47a4aab2d27e5ce72c53""}}"
1932,932,"48.9751032 , -123.80299230000001","48.7680042 , -123.80229050000001",urban-urban,mixed,1565,"{""sample_routes"":{""date"":""2026-09-14"",""run_id"":""1e9917ae527545d8a96a3d21206fe880""},""join_samples"":{""date"":""2026-09-14"",""run_id"":""066e6ae7a97d4ff7a8fb08eee71ee69d""},""upload_data"":{""date"":""2026-09-14"",""run_id"":""ca7d92fc045f47a4aab2d27e5ce72c53""}}"
1933,933,"49.177106900000005 , -122.82502230000001","49.052908 , -122.70089",urban-urban,mixed,1565,"{""sample_routes"":{""date"":""2026-09-14"",""run_id"":""1e9917ae527545d8a96a3d21206fe880""},""join_samples"":{""date"":""2026-09-14"",""run_id"":""066e6ae7a97d4ff7a8fb08eee71ee69d""},""upload_data"":{""date"":""2026-09-14"",""run_id"":""ca7d92fc045f47a4aab2d27e5ce72c53""}}"
1935,935,"54.687125400000006 , -127.02182160000001","55.0129881 , -127.34827870000001",urban-urban,mixed,2036,"{""sample_routes"":{""date"":""2026-09-14"",""run_id"":""1e9917ae527545d8a96a3d21206fe880""},""join_samples"":{""date"":""2026-09-14"",""run_id"":""066e6ae7a97d4ff7a8fb08eee71ee69d""},""upload_data"":{""date"":""2026-09-14"",""run_id"":""ca7d92fc045f47a4aab2d27e5ce72c53""}}"
1937,937,"49.204870400000004 , -122.5519572","49.2047199 , -122.3193791",urban-urban,mixed,1563,"{""sample_routes"":{""date"":""2026-09-14"",""run_id"":""1e9917ae527545d8a96a3d21206fe880""},""join_samples"":{""date"":""2026-09-14"",""run_id"":""066e6ae7a97d4ff7a8fb08eee71ee69d""},""upload_data"":{""date"":""2026-09-14"",""run_id"":""ca7d92fc045f47a4aab2d27e5ce72c53""}}"
1939,939,"50.666988 , -120.3380053","50.8576634 , -120.1469368",urban-urban,mixed,2037,"{""sample_routes"":{""date"":""2026-09-14"",""run_id"":""1e9917ae527545d8a96a3d21206fe880""},""join_samples"":{""date"":""2026-09-14"",""run_id"":""066e6ae7a97d4ff7a8fb08eee71ee69d""},""upload_data"":{""date"":""2026-09-14"",""run_id"":""ca7d92fc045f47a4aab2d27e5ce72c53""}}"
1941,941,"49.4349585 , -117.603431","49.3382632 , -117.7007964",urban-urban,mixed,1562,"{""sample_routes"":{""date"":""2026-09-14"",""run_id"":""1e9917ae527545d8a96a3d21206fe880""},""join_samples"":{""date"":""2026-09-14"",""run_id"":""066e6ae7a97d4ff7a8fb08eee71ee69d""},""upload_data"":{""date"":""2026-09-14"",""run_id"":""ca7d92fc045f47a4aab2d27e5ce72c53""}}"
1945,945,"50.710860600000004 , -119.93668480000001","50.6198653 , -119.8455821",rural-urban,mixed,1561,"{""sample_routes"":{""date"":""2026-09-14"",""run_id"":""1e9917ae527545d8a96a3d21206fe880""},""join_samples"":{""date"":""2026-09-14"",""run_id"":""066e6ae7a97d4ff7a8fb08eee71ee69d""},""upload_data"":{""date"":""2026-09-14"",""run_id"":""ca7d92fc045f47a4aab2d27e5ce72c53""}}"
1947,947,"51.745632500000006 , -121.4180762","51.745388600000005 , -121.1313877",urban-rural,mixed,2041,"{""sample_routes"":{""date"":""2026-09-14"",""run_id"":""1e9917ae527545d8a96a3d21206fe880""},""join_samples"":{""date"":""2026-09-14"",""run_id"":""066e6ae7a97d4ff7a8fb08eee71ee69d""},""upload_data"":{""date"":""2026-09-14"",""run_id"":""ca7d92fc045f47a4aab2d27e5ce72c53""}}"
1953,953,"55.810561400000005 , -120.20288230000001","55.810583 , -120.0013387",urban-urban,mixed,1555,"{""sample_routes"":{""date"":""2026-09-14"",""run_id"":""1e9917ae527545d8a96a3d21206fe880""},""join_samples"":{""date"":""2026-09-14"",""run_id"":""066e6ae7a97d4ff7a8fb08eee71ee69d""},""upload_data"":{""date"":""2026-09-14"",""run_id"":""ca7d92fc045f47a4aab2d27e5ce72c53""}}"
1954,954,"49.0150603 , -123.85322780000001","48.7627827 , -123.85322550000001",urban-urban,mixed,2045,"{""sample_routes"":{""date"":""2026-09-14"",""run_id"":""1e9917ae527545d8a96a3d21206fe880""},""join_samples"":{""date"":""2026-09-14"",""run_id"":""066e6ae7a97d4ff7a8fb08eee71ee69d""},""upload_data"":{""date"":""2026-09-14"",""run_id"":""ca7d92fc045f47a4aab2d27e5ce72c53""}}"
1959,959,"49.002313400000006 , -122.48422640000001","49.2443858 , -122.7258474",urban-rural,mixed,2049,"{""sample_routes"":{""date"":""2026-09-14"",""run_id"":""1e9917ae527545d8a96a3d21206fe880""},""join_samples"":{""date"":""2026-09-14"",""run_id"":""066e6ae7a97d4ff7a8fb08eee71ee69d""},""upload_data"":{""date"":""2026-09-14"",""run_id"":""ca7d92fc045f47a4aab2d27e5ce72c53""}}"
1960,960,"55.868950000000005 , -120.37513430000001","55.694060900000004 , -120.54973810000001",urban-urban,mixed,2050,"{""sample_routes"":{""date"":""2026-09-14"",""run_id"":""1e9917ae527545d8a96a3d21206fe880""},""join_samples"":{""date"":""2026-09-14"",""run_id"":""066e6ae7a97d4ff7a8fb08eee71ee69d""},""upload_data"":{""date"":""2026-09-14"",""run_id"":""ca7d92fc045f47a4aab2d27e5ce72c53""}}"
1962,962,"55.7887117 , -120.276369","56.0097153 , -120.49673840000001",urban-urban,mixed,2051,"{""sample_routes"":{""date"":""2026-09-14"",""run_id"":""1e9917ae527545d8a96a3d21206fe880""},""join_samples"":{""date"":""2026-09-14"",""run_id"":""066e6ae7a97d4ff7a8fb08eee71ee69d""},""upload_data"":{""date"":""2026-09-14"",""run_id"":""ca7d92fc045f47a4aab2d27e5ce72c53""}}"
1964,964,"49.326971500000006 , -116.70097190000001","49.0625 , -116.4365365",urban-urban,mixed,2052,"{""sample_routes"":{""date"":""2026-09-14"",""run_id"":""1e9917ae527545d8a96a3d21206fe880""},""join_samples"":{""date"":""2026-09-14"",""run_id"":""066e6ae7a97d4ff7a8fb08eee71ee69d""},""upload_data"":{""date"":""2026-09-14"",""run_id"":""ca7d92fc045f47a4aab2d27e5ce72c53""}}"
1965,965,"55.6183592 , -120.67100610000001","55.80613030000001 , -120.4833313",urban-rural,mixed,2053,"{""sample_routes"":{""date"":""2026-09-14"",""run_id"":""1e9917ae527545d8a96a3d21206fe880""},""join_samples"":{""date"":""2026-09-14"",""run_id"":""066e6ae7a97d4ff7a8fb08eee71ee69d""},""upload_data"":{""date"":""2026-09-14"",""run_id"":""ca7d92fc045f47a4aab2d27e5ce72c53""}}"
1966,966,"49.1913016 , -117.39406840000001","49.009583000000006 , -117.5752772",urban-rural,mixed,2054,"{""sample_routes"":{""date"":""2026-09-14"",""run_id"":""1e9917ae527545d8a96a3d21206fe880""},""join_samples"":{""date"":""2026-09-14"",""run_id"":""066e6ae7a97d4ff7a8fb08eee71ee69d""},""upload_data"":{""date"":""2026-09-14"",""run_id"":""ca7d92fc045f47a4aab2d27e5ce72c53""}}"
1967,967,"49.3422241 , -119.630988","49.1782197 , -119.46661370000001",urban-rural,mixed,2056,"{""sample_routes"":{""date"":""2026-09-14"",""run_id"":""1e9917ae527545d8a96a3d21206fe880""},""join_samples"":{""date"":""2026-09-14"",""run_id"":""066e6ae7a97d4ff7a8fb08eee71ee69d""},""upload_data"":{""date"":""2026-09-14"",""run_id"":""ca7d92fc045f47a4aab2d27e5ce72c53""}}"
1968,968,"52.267352100000004 , -122.09780310000001","52.059206100000004 , -122.0971442",urban-urban,mixed,2056,"{""sample_routes"":{""date"":""2026-09-14"",""run_id"":""1e9917ae527545d8a96a3d21206fe880""},""join_samples"":{""date"":""2026-09-14"",""run_id"":""066e6ae7a97d4ff7a8fb08eee71ee69d""},""upload_data"":{""date"":""2026-09-14"",""run_id"":""ca7d92fc045f47a4aab2d27e5ce72c53""}}"
1970,970,"50.686421300000006 , -120.28833610000001","50.608402100000006 , -120.20974650000001",urban-urban,mixed,1543,"{""sample_routes"":{""date"":""2026-09-14"",""run_id"":""1e9917ae527545d8a96a3d21206fe880""},""join_samples"":{""date"":""2026-09-14"",""run_id"":""066e6ae7a97d4ff7a8fb08eee71ee69d""},""upload_data"":{""date"":""2026-09-14"",""run_id"":""ca7d92fc045f47a4aab2d27e5ce72c53""}}"
1972,972,"50.319757 , -115.85862300000001","50.503045400000005 , -116.04147350000001",urban-urban,mixed,1542,"{""sample_routes"":{""date"":""2026-09-14"",""run_id"":""1e9917ae527545d8a96a3d21206fe880""},""join_samples"":{""date"":""2026-09-14"",""run_id"":""066e6ae7a97d4ff7a8fb08eee71ee69d""},""upload_data"":{""date"":""2026-09-14"",""run_id"":""ca7d92fc045f47a4aab2d27e5ce72c53""}}"
1975,975,"50.5386843 , -119.3516172","50.8519263 , -119.35203340000001",rural-urban,mixed,2059,"{""sample_routes"":{""date"":""2026-09-14"",""run_id"":""1e9917ae527545d8a96a3d21206fe880""},""join_samples"":{""date"":""2026-09-14"",""run_id"":""066e6ae7a97d4ff7a8fb08eee71ee69d""},""upload_data"":{""date"":""2026-09-14"",""run_id"":""ca7d92fc045f47a4aab2d27e5ce72c53""}}"
1977,977,"55.9186034 , -120.19270540000001","56.100809100000006 , -120.010097",urban-urban,mixed,2060,"{""sample_routes"":{""date"":""2026-09-14"",""run_id"":""1e9917ae527545d8a96a3d21206fe880""},""join_samples"":{""date"":""2026-09-14"",""run_id"":""066e6ae7a97d4ff7a8fb08eee71ee69d""},""upload_data"":{""date"":""2026-09-14"",""run_id"":""ca7d92fc045f47a4aab2d27e5ce72c53""}}"
1978,978,"49.210669700000004 , -122.5679489","49.210330000000006 , -122.31400230000001",urban-urban,mixed,1539,"{""sample_routes"":{""date"":""2026-09-14"",""run_id"":""1e9917ae527545d8a96a3d21206fe880""},""join_samples"":{""date"":""2026-09-14"",""run_id"":""066e6ae7a97d4ff7a8fb08eee71ee69d""},""upload_data"":{""date"":""2026-09-14"",""run_id"":""ca7d92fc045f47a4aab2d27e5ce72c53""}}"
1979,979,"52.950031700000004 , -122.5405001","53.1149216 , -122.5411442",urban-urban,mixed,2062,"{""sample_routes"":{""date"":""2026-09-14"",""run_id"":""1e9917ae527545d8a96a3d21206fe880""},""join_samples"":{""date"":""2026-09-14"",""run_id"":""066e6ae7a97d4ff7a8fb08eee71ee69d""},""upload_data"":{""date"":""2026-09-14"",""run_id"":""ca7d92fc045f47a4aab2d27e5ce72c53""}}"
1980,980,"54.0323952 , -124.53590600000001","54.032731600000005 , -123.99989900000001",urban-urban,mixed,2062,"{""sample_routes"":{""date"":""2026-09-14"",""run_id"":""1e9917ae527545d8a96a3d21206fe880""},""join_samples"":{""date"":""2026-09-14"",""run_id"":""066e6ae7a97d4ff7a8fb08eee71ee69d""},""upload_data"":{""date"":""2026-09-14"",""run_id"":""ca7d92fc045f47a4aab2d27e5ce72c53""}}"
1982,982,"51.7096736 , -121.33096870000001","51.44819570000001 , -121.3315424",urban-rural,mixed,1538,"{""sample_routes"":{""date"":""2026-09-14"",""run_id"":""1e9917ae527545d8a96a3d21206fe880""},""join_samples"":{""date"":""2026-09-14"",""run_id"":""066e6ae7a97d4ff7a8fb08eee71ee69d""},""upload_data"":{""date"":""2026-09-14"",""run_id"":""ca7d92fc045f47a4aab2d27e5ce72c53""}}"
1983,983,"55.3547219 , -127.69388850000001","55.197050700000005 , -127.6942307",urban-rural,mixed,1538,"{""sample_routes"":{""date"":""2026-09-14"",""run_id"":""1e9917ae527545d8a96a3d21206fe880""},""join_samples"":{""date"":""2026-09-14"",""run_id"":""066e6ae7a97d4ff7a8fb08eee71ee69d""},""upload_data"":{""date"":""2026-09-14"",""run_id"":""ca7d92fc045f47a4aab2d27e5ce72c53""}}"
1985,985,"49.2434768 , -117.6114946","49.5163632 , -117.6115257",rural-urban,mixed,2062,"{""sample_routes"":{""date"":""2026-09-14"",""run_id"":""1e9917ae527545d8a96a3d21206fe880""},""join_samples"":{""date"":""2026-09-14"",""run_id"":""066e6ae7a97d4ff7a8fb08eee71ee69d""},""upload_data"":{""date"":""2026-09-14"",""run_id"":""ca7d92fc045f47a4aab2d27e5ce72c53""}}"
1986,986,"56.2568471 , -120.85427220000001","56.2574302 , -121.09582010000001",urban-urban,mixed,1537,"{""sample_routes"":{""date"":""2026-09-14"",""run_id"":""1e9917ae527545d8a96a3d21206fe880""},""join_samples"":{""date"":""2026-09-14"",""run_id"":""066e6ae7a97d4ff7a8fb08eee71ee69d""},""upload_data"":{""date"":""2026-09-14"",""run_id"":""ca7d92fc045f47a4aab2d27e5ce72c53""}}"
1987,987,"51.898451800000004 , -121.8599044","52.0100374 , -121.74865700000001",urban-urban,mixed,2064,"{""sample_routes"":{""date"":""2026-09-14"",""run_id"":""1e9917ae527545d8a96a3d21206fe880""},""join_samples"":{""date"":""2026-09-14"",""run_id"":""066e6ae7a97d4ff7a8fb08eee71ee69d""},""upload_data"":{""date"":""2026-09-14"",""run_id"":""ca7d92fc045f47a4aab2d27e5ce72c53""}}"
1988,988,"50.9102363 , -118.80800950000001","50.5691323 , -119.1497465",urban-urban,mixed,2064,"{""sample_routes"":{""date"":""2026-09-14"",""run_id"":""1e9917ae527545d8a96a3d21206fe880""},""join_samples"":{""date"":""2026-09-14"",""run_id"":""066e6ae7a97d4ff7a8fb08eee71ee69d""},""upload_data"":{""date"":""2026-09-14"",""run_id"":""ca7d92fc045f47a4aab2d27e5ce72c53""}}"
1992,992,"55.7582315 , -120.2462179","55.9416072 , -120.0622627",urban-urban,mixed,2067,"{""sample_routes"":{""date"":""2026-09-14"",""run_id"":""1e9917ae527545d8a96a3d21206fe880""},""join_samples"":{""date"":""2026-09-14"",""run_id"":""066e6ae7a97d4ff7a8fb08eee71ee69d""},""upload_data"":{""date"":""2026-09-14"",""run_id"":""ca7d92fc045f47a4aab2d27e5ce72c53""}}"
1994,994,"52.9279774 , -122.5211213","53.1161796 , -122.70961000000001",urban-urban,mixed,2069,"{""sample_routes"":{""date"":""2026-09-14"",""run_id"":""1e9917ae527545d8a96a3d21206fe880""},""join_samples"":{""date"":""2026-09-14"",""run_id"":""066e6ae7a97d4ff7a8fb08eee71ee69d""},""upload_data"":{""date"":""2026-09-14"",""run_id"":""ca7d92fc045f47a4aab2d27e5ce72c53""}}"
1995,995,"54.6818043 , -126.99858700000001","54.5169803 , -126.83393170000001",urban-urban,mixed,1531,"{""sample_routes"":{""date"":""2026-09-14"",""run_id"":""1e9917ae527545d8a96a3d21206fe880""},""join_samples"":{""date"":""2026-09-14"",""run_id"":""066e6ae7a97d4ff7a8fb08eee71ee69d""},""upload_data"":{""date"":""2026-09-14"",""run_id"":""ca7d92fc045f47a4aab2d27e5ce72c53""}}"
1997,997,"50.1307841 , -119.3869018","50.295247200000006 , -119.2219965",rural-urban,mixed,1530,"{""sample_routes"":{""date"":""2026-09-14"",""run_id"":""1e9917ae527545d8a96a3d21206fe880""},""join_samples"":{""date"":""2026-09-14"",""run_id"":""066e6ae7a97d4ff7a8fb08eee71ee69d""},""upload_data"":{""date"":""2026-09-14"",""run_id"":""ca7d92fc045f47a4aab2d27e5ce72c53""}}"
1998,998,"50.3176885 , -122.75229530000001","50.11477 , -122.9549065",urban-urban,mixed,2070,"{""sample_routes"":{""date"":""2026-09-14"",""run_id"":""1e9917ae527545d8a96a3d21206fe880""},""join_samples"":{""date"":""2026-09-14"",""run_id"":""066e6ae7a97d4ff7a8fb08eee71ee69d""},""upload_data"":{""date"":""2026-09-14"",""run_id"":""ca7d92fc045f47a4aab2d27e5ce72c53""}}"
