join_index,sampling_index,origin,destination,area,journeyClass,ttpTravelTime,metadata
3,3,"44.721120600000006 , -63.5965623","44.631135300000004 , -63.506303900000006",rural-urban,urban,1199,"{""sample_routes"":{""date"":""2026-09-14"",""run_id"":""90b54bdec3334b93bd285d61c8cff0ef""},""join_samples"":{""date"":""2026-09-14"",""run_id"":""ea2747234a70431790c1691cf7dc34eb""},""upload_data"":{""date"":""2026-09-14"",""run_id"":""914cbeb6d8264f728ab6c19c744d0891""}}"
10,10,"45.1553266 , -62.499659400000006","45.088354 , -62.4323448",urban-urban,urban,1198,"{""sample_routes"":{""date"":""2026-09-14"",""run_id"":""90b54bdec3334b93bd285d61c8cff0ef""},""join_samples"":{""date"":""2026-09-14"",""run_id"":""ea2747234a70431790c1691cf7dc34eb""},""upload_data"":{""date"":""2026-09-14"",""run_id"":""914cbeb6d8264f728ab6c19c744d0891""}}"
11,11,"44.718321 , -63.880191100000005","44.6312401 , -63.880264200000006",urban-urban,urban,1198,"{""sample_routes"":{""date"":""2026-09-14"",""run_id"":""90b54bdec3334b93bd285d61c8cff0ef""},""join_samples"":{""date"":""2026-09-14"",""run_id"":""ea2747234a70431790c1691cf7dc34eb""},""upload_data"":{""date"":""2026-09-14"",""run_id"":""914cbeb6d8264f728ab6c19c744d0891""}}"
13,13,"45.8611185 , -61.49142080000001","45.7655035 , -61.3956804",urban-urban,urban,1197,"{""sample_routes"":{""date"":""2026-09-14"",""run_id"":""90b54bdec3334b93bd285d61c8cff0ef""},""join_samples"":{""date"":""2026-09-14"",""run_id"":""ea2747234a70431790c1691cf7dc34eb""},""upload_data"":{""date"":""2026-09-14"",""run_id"":""914cbeb6d8264f728ab6c19c744d0891""}}"
15,15,"45.118448400000005 , -64.8633276","45.0100021 , -64.86304220000001",urban-urban,urban,1196,"{""sample_routes"":{""date"":""2026-09-14"",""run_id"":""90b54bdec3334b93bd285d61c8cff0ef""},""join_samples"":{""date"":""2026-09-14"",""run_id"":""ea2747234a70431790c1691cf7dc34eb""},""upload_data"":{""date"":""2026-09-14"",""run_id"":""914cbeb6d8264f728ab6c19c744d0891""}}"
16,16,"45.578933400000004 , -61.2957316","45.6559028 , -61.2183355",urban-urban,urban,1204,"{""sample_routes"":{""date"":""2026-09-14"",""run_id"":""90b54bdec3334b93bd285d61c8cff0ef""},""join_samples"":{""date"":""2026-09-14"",""run_id"":""ea2747234a70431790c1691cf7dc34eb""},""upload_data"":{""date"":""2026-09-14"",""run_id"":""914cbeb6d8264f728ab6c19c744d0891""}}"
17,17,"43.992688300000005 , -66.0046616","44.1018964 , -66.0045277",urban-urban,urban,1196,"{""sample_routes"":{""date"":""2026-09-14"",""run_id"":""90b54bdec3334b93bd285d61c8cff0ef""},""join_samples"":{""date"":""2026-09-14"",""run_id"":""ea2747234a70431790c1691cf7dc34eb""},""upload_data"":{""date"":""2026-09-14"",""run_id"":""914cbeb6d8264f728ab6c19c744d0891""}}"
18,18,"45.415177500000006 , -63.7023031","45.499450100000004 , -63.618093200000004",urban-urban,urban,1195,"{""sample_routes"":{""date"":""2026-09-14"",""run_id"":""90b54bdec3334b93bd285d61c8cff0ef""},""join_samples"":{""date"":""2026-09-14"",""run_id"":""ea2747234a70431790c1691cf7dc34eb""},""upload_data"":{""date"":""2026-09-14"",""run_id"":""914cbeb6d8264f728ab6c19c744d0891""}}"
19,19,"44.7950959 , -63.617499900000006","44.8449121 , -63.667375400000005",urban-urban,urban,1194,"{""sample_routes"":{""date"":""2026-09-14"",""run_id"":""90b54bdec3334b93bd285d61c8cff0ef""},""join_samples"":{""date"":""2026-09-14"",""run_id"":""ea2747234a70431790c1691cf7dc34eb""},""upload_data"":{""date"":""2026-09-14"",""run_id"":""914cbeb6d8264f728ab6c19c744d0891""}}"
20,20,"44.712977200000005 , -63.745921300000006","44.8128972 , -63.7456564",urban-urban,urban,1206,"{""sample_routes"":{""date"":""2026-09-14"",""run_id"":""90b54bdec3334b93bd285d61c8cff0ef""},""join_samples"":{""date"":""2026-09-14"",""run_id"":""ea2747234a70431790c1691cf7dc34eb""},""upload_data"":{""date"":""2026-09-14"",""run_id"":""914cbeb6d8264f728ab6c19c744d0891""}}"
21,21,"45.8641802 , -61.350482500000005","45.8479345 , -61.3345726",urban-urban,urban,1194,"{""sample_routes"":{""date"":""2026-09-14"",""run_id"":""90b54bdec3334b93bd285d61c8cff0ef""},""join_samples"":{""date"":""2026-09-14"",""run_id"":""ea2747234a70431790c1691cf7dc34eb""},""upload_data"":{""date"":""2026-09-14"",""run_id"":""914cbeb6d8264f728ab6c19c744d0891""}}"
23,23,"43.9183388 , -65.9098592","43.995554500000004 , -65.9094345",urban-urban,urban,1193,"{""sample_routes"":{""date"":""2026-09-14"",""run_id"":""90b54bdec3334b93bd285d61c8cff0ef""},""join_samples"":{""date"":""2026-09-14"",""run_id"":""ea2747234a70431790c1691cf7dc34eb""},""upload_data"":{""date"":""2026-09-14"",""run_id"":""914cbeb6d8264f728ab6c19c744d0891""}}"
24,24,"45.9897447 , -61.25629970000001","46.074150800000005 , -61.255877600000005",urban-urban,urban,1192,"{""sample_routes"":{""date"":""2026-09-14"",""run_id"":""90b54bdec3334b93bd285d61c8cff0ef""},""join_samples"":{""date"":""2026-09-14"",""run_id"":""ea2747234a70431790c1691cf7dc34eb""},""upload_data"":{""date"":""2026-09-14"",""run_id"":""914cbeb6d8264f728ab6c19c744d0891""}}"
25,25,"46.099102 , -61.2784665","46.1434828 , -61.323101300000005",urban-rural,urban,1191,"{""sample_routes"":{""date"":""2026-09-14"",""run_id"":""90b54bdec3334b93bd285d61c8cff0ef""},""join_samples"":{""date"":""2026-09-14"",""run_id"":""ea2747234a70431790c1691cf7dc34eb""},""upload_data"":{""date"":""2026-09-14"",""run_id"":""914cbeb6d8264f728ab6c19c744d0891""}}"
26,26,"45.5314483 , -63.207655200000005","45.4545935 , -63.2844727",urban-urban,urban,1190,"{""sample_routes"":{""date"":""2026-09-14"",""run_id"":""90b54bdec3334b93bd285d61c8cff0ef""},""join_samples"":{""date"":""2026-09-14"",""run_id"":""ea2747234a70431790c1691cf7dc34eb""},""upload_data"":{""date"":""2026-09-14"",""run_id"":""914cbeb6d8264f728ab6c19c744d0891""}}"
33,33,"44.662319000000004 , -63.479660900000006","44.732162100000004 , -63.41011280000001",urban-urban,urban,1188,"{""sample_routes"":{""date"":""2026-09-14"",""run_id"":""90b54bdec3334b93bd285d61c8cff0ef""},""join_samples"":{""date"":""2026-09-14"",""run_id"":""ea2747234a70431790c1691cf7dc34eb""},""upload_data"":{""date"":""2026-09-14"",""run_id"":""914cbeb6d8264f728ab6c19c744d0891""}}"
35,35,"45.4564837 , -61.7282148","45.4566687 , -61.8417188",urban-urban,urban,1187,"{""sample_routes"":{""date"":""2026-09-14"",""run_id"":""90b54bdec3334b93bd285d61c8cff0ef""},""join_samples"":{""date"":""2026-09-14"",""run_id"":""ea2747234a70431790c1691cf7dc34eb""},""upload_data"":{""date"":""2026-09-14"",""run_id"":""914cbeb6d8264f728ab6c19c744d0891""}}"
37,37,"43.913888 , -65.907326","43.9138189 , -65.832874",urban-urban,urban,1187,"{""sample_routes"":{""date"":""2026-09-14"",""run_id"":""90b54bdec3334b93bd285d61c8cff0ef""},""join_samples"":{""date"":""2026-09-14"",""run_id"":""ea2747234a70431790c1691cf7dc34eb""},""upload_data"":{""date"":""2026-09-14"",""run_id"":""914cbeb6d8264f728ab6c19c744d0891""}}"
38,38,"45.9891925 , -61.2544435","46.074258300000004 , -61.254543700000006",urban-urban,urban,1213,"{""sample_routes"":{""date"":""2026-09-14"",""run_id"":""90b54bdec3334b93bd285d61c8cff0ef""},""join_samples"":{""date"":""2026-09-14"",""run_id"":""ea2747234a70431790c1691cf7dc34eb""},""upload_data"":{""date"":""2026-09-14"",""run_id"":""914cbeb6d8264f728ab6c19c744d0891""}}"
39,39,"45.600729400000006 , -63.39895550000001","45.685897000000004 , -63.3993449",urban-urban,urban,1187,"{""sample_routes"":{""date"":""2026-09-14"",""run_id"":""90b54bdec3334b93bd285d61c8cff0ef""},""join_samples"":{""date"":""2026-09-14"",""run_id"":""ea2747234a70431790c1691cf7dc34eb""},""upload_data"":{""date"":""2026-09-14"",""run_id"":""914cbeb6d8264f728ab6c19c744d0891""}}"
40,40,"44.7037483 , -65.41100870000001","44.7668848 , -65.4737767",urban-rural,urban,1214,"{""sample_routes"":{""date"":""2026-09-14"",""run_id"":""90b54bdec3334b93bd285d61c8cff0ef""},""join_samples"":{""date"":""2026-09-14"",""run_id"":""ea2747234a70431790c1691cf7dc34eb""},""upload_data"":{""date"":""2026-09-14"",""run_id"":""914cbeb6d8264f728ab6c19c744d0891""}}"
41,41,"45.443527200000005 , -61.7307447","45.524898500000006 , -61.812188400000004",urban-urban,urban,1214,"{""sample_routes"":{""date"":""2026-09-14"",""run_id"":""90b54bdec3334b93bd285d61c8cff0ef""},""join_samples"":{""date"":""2026-09-14"",""run_id"":""ea2747234a70431790c1691cf7dc34eb""},""upload_data"":{""date"":""2026-09-14"",""run_id"":""914cbeb6d8264f728ab6c19c744d0891""}}"
42,42,"46.0702232 , -61.4687259","45.9773852 , -61.468623",urban-urban,urban,1186,"{""sample_routes"":{""date"":""2026-09-14"",""run_id"":""90b54bdec3334b93bd285d61c8cff0ef""},""join_samples"":{""date"":""2026-09-14"",""run_id"":""ea2747234a70431790c1691cf7dc34eb""},""upload_data"":{""date"":""2026-09-14"",""run_id"":""914cbeb6d8264f728ab6c19c744d0891""}}"
43,43,"44.7312406 , -63.916632400000005","44.731175900000004 , -63.80563",urban-urban,urban,1186,"{""sample_routes"":{""date"":""2026-09-14"",""run_id"":""90b54bdec3334b93bd285d61c8cff0ef""},""join_samples"":{""date"":""2026-09-14"",""run_id"":""ea2747234a70431790c1691cf7dc34eb""},""upload_data"":{""date"":""2026-09-14"",""run_id"":""914cbeb6d8264f728ab6c19c744d0891""}}"
44,44,"44.5899158 , -64.6560583","44.672350300000005 , -64.73847810000001",urban-urban,urban,1214,"{""sample_routes"":{""date"":""2026-09-14"",""run_id"":""90b54bdec3334b93bd285d61c8cff0ef""},""join_samples"":{""date"":""2026-09-14"",""run_id"":""ea2747234a70431790c1691cf7dc34eb""},""upload_data"":{""date"":""2026-09-14"",""run_id"":""914cbeb6d8264f728ab6c19c744d0891""}}"
46,46,"44.6658613 , -63.507751600000006","44.665639500000005 , -63.67390760000001",urban-urban,urban,1186,"{""sample_routes"":{""date"":""2026-09-14"",""run_id"":""90b54bdec3334b93bd285d61c8cff0ef""},""join_samples"":{""date"":""2026-09-14"",""run_id"":""ea2747234a70431790c1691cf7dc34eb""},""upload_data"":{""date"":""2026-09-14"",""run_id"":""914cbeb6d8264f728ab6c19c744d0891""}}"
47,47,"45.0292565 , -63.5874322","45.1126644 , -63.504109500000006",urban-rural,urban,1215,"{""sample_routes"":{""date"":""2026-09-14"",""run_id"":""90b54bdec3334b93bd285d61c8cff0ef""},""join_samples"":{""date"":""2026-09-14"",""run_id"":""ea2747234a70431790c1691cf7dc34eb""},""upload_data"":{""date"":""2026-09-14"",""run_id"":""914cbeb6d8264f728ab6c19c744d0891""}}"
48,48,"44.711491300000006 , -63.691948100000005","44.7659815 , -63.746476900000005",urban-urban,urban,1185,"{""sample_routes"":{""date"":""2026-09-14"",""run_id"":""90b54bdec3334b93bd285d61c8cff0ef""},""join_samples"":{""date"":""2026-09-14"",""run_id"":""ea2747234a70431790c1691cf7dc34eb""},""upload_data"":{""date"":""2026-09-14"",""run_id"":""914cbeb6d8264f728ab6c19c744d0891""}}"
49,49,"44.822485300000004 , -63.62623790000001","44.9019473 , -63.6266596",urban-urban,urban,1215,"{""sample_routes"":{""date"":""2026-09-14"",""run_id"":""90b54bdec3334b93bd285d61c8cff0ef""},""join_samples"":{""date"":""2026-09-14"",""run_id"":""ea2747234a70431790c1691cf7dc34eb""},""upload_data"":{""date"":""2026-09-14"",""run_id"":""914cbeb6d8264f728ab6c19c744d0891""}}"
50,50,"44.721659700000004 , -63.5657749","44.640564700000006 , -63.48501160000001",urban-rural,urban,1216,"{""sample_routes"":{""date"":""2026-09-14"",""run_id"":""90b54bdec3334b93bd285d61c8cff0ef""},""join_samples"":{""date"":""2026-09-14"",""run_id"":""ea2747234a70431790c1691cf7dc34eb""},""upload_data"":{""date"":""2026-09-14"",""run_id"":""914cbeb6d8264f728ab6c19c744d0891""}}"
52,52,"44.6926233 , -63.424972000000004","44.6930233 , -63.541684700000005",urban-urban,urban,1216,"{""sample_routes"":{""date"":""2026-09-14"",""run_id"":""90b54bdec3334b93bd285d61c8cff0ef""},""join_samples"":{""date"":""2026-09-14"",""run_id"":""ea2747234a70431790c1691cf7dc34eb""},""upload_data"":{""date"":""2026-09-14"",""run_id"":""914cbeb6d8264f728ab6c19c744d0891""}}"
53,53,"45.010789 , -63.149539700000005","45.126721100000005 , -63.1492726",urban-urban,urban,1183,"{""sample_routes"":{""date"":""2026-09-14"",""run_id"":""90b54bdec3334b93bd285d61c8cff0ef""},""join_samples"":{""date"":""2026-09-14"",""run_id"":""ea2747234a70431790c1691cf7dc34eb""},""upload_data"":{""date"":""2026-09-14"",""run_id"":""914cbeb6d8264f728ab6c19c744d0891""}}"
55,55,"44.6484119 , -63.65057590000001","44.5607459 , -63.5629854",urban-urban,urban,1182,"{""sample_routes"":{""date"":""2026-09-14"",""run_id"":""90b54bdec3334b93bd285d61c8cff0ef""},""join_samples"":{""date"":""2026-09-14"",""run_id"":""ea2747234a70431790c1691cf7dc34eb""},""upload_data"":{""date"":""2026-09-14"",""run_id"":""914cbeb6d8264f728ab6c19c744d0891""}}"
57,57,"44.4878463 , -64.2993175","44.5876212 , -64.29890780000001",urban-urban,urban,1182,"{""sample_routes"":{""date"":""2026-09-14"",""run_id"":""90b54bdec3334b93bd285d61c8cff0ef""},""join_samples"":{""date"":""2026-09-14"",""run_id"":""ea2747234a70431790c1691cf7dc34eb""},""upload_data"":{""date"":""2026-09-14"",""run_id"":""914cbeb6d8264f728ab6c19c744d0891""}}"
59,59,"44.7246748 , -65.37055980000001","44.7249076 , -65.22775370000001",urban-rural,urban,1181,"{""sample_routes"":{""date"":""2026-09-14"",""run_id"":""90b54bdec3334b93bd285d61c8cff0ef""},""join_samples"":{""date"":""2026-09-14"",""run_id"":""ea2747234a70431790c1691cf7dc34eb""},""upload_data"":{""date"":""2026-09-14"",""run_id"":""914cbeb6d8264f728ab6c19c744d0891""}}"
61,61,"44.454472700000004 , -65.2061892","44.3674692 , -65.11918580000001",rural-rural,urban,1181,"{""sample_routes"":{""date"":""2026-09-14"",""run_id"":""90b54bdec3334b93bd285d61c8cff0ef""},""join_samples"":{""date"":""2026-09-14"",""run_id"":""ea2747234a70431790c1691cf7dc34eb""},""upload_data"":{""date"":""2026-09-14"",""run_id"":""914cbeb6d8264f728ab6c19c744d0891""}}"
63,63,"46.016488800000005 , -61.52962230000001","46.016486 , -61.35067780000001",urban-urban,urban,1220,"{""sample_routes"":{""date"":""2026-09-14"",""run_id"":""90b54bdec3334b93bd285d61c8cff0ef""},""join_samples"":{""date"":""2026-09-14"",""run_id"":""ea2747234a70431790c1691cf7dc34eb""},""upload_data"":{""date"":""2026-09-14"",""run_id"":""914cbeb6d8264f728ab6c19c744d0891""}}"
64,64,"45.6230944 , -63.09532900000001","45.7259395 , -63.09491130000001",urban-urban,urban,1180,"{""sample_routes"":{""date"":""2026-09-14"",""run_id"":""90b54bdec3334b93bd285d61c8cff0ef""},""join_samples"":{""date"":""2026-09-14"",""run_id"":""ea2747234a70431790c1691cf7dc34eb""},""upload_data"":{""date"":""2026-09-14"",""run_id"":""914cbeb6d8264f728ab6c19c744d0891""}}"
67,67,"45.022342 , -63.3137824","44.993450100000004 , -63.342367900000006",urban-urban,urban,1222,"{""sample_routes"":{""date"":""2026-09-14"",""run_id"":""90b54bdec3334b93bd285d61c8cff0ef""},""join_samples"":{""date"":""2026-09-14"",""run_id"":""ea2747234a70431790c1691cf7dc34eb""},""upload_data"":{""date"":""2026-09-14"",""run_id"":""914cbeb6d8264f728ab6c19c744d0891""}}"
68,68,"45.969281900000006 , -61.272764200000005","45.969371800000005 , -61.1110509",urban-urban,urban,1222,"{""sample_routes"":{""date"":""2026-09-14"",""run_id"":""90b54bdec3334b93bd285d61c8cff0ef""},""join_samples"":{""date"":""2026-09-14"",""run_id"":""ea2747234a70431790c1691cf7dc34eb""},""upload_data"":{""date"":""2026-09-14"",""run_id"":""914cbeb6d8264f728ab6c19c744d0891""}}"
69,69,"44.8017461 , -64.3815347","44.883875100000004 , -64.3813404",urban-urban,urban,1178,"{""sample_routes"":{""date"":""2026-09-14"",""run_id"":""90b54bdec3334b93bd285d61c8cff0ef""},""join_samples"":{""date"":""2026-09-14"",""run_id"":""ea2747234a70431790c1691cf7dc34eb""},""upload_data"":{""date"":""2026-09-14"",""run_id"":""914cbeb6d8264f728ab6c19c744d0891""}}"
70,70,"45.730687700000004 , -61.305022","45.7305355 , -61.44635400000001",urban-urban,urban,1178,"{""sample_routes"":{""date"":""2026-09-14"",""run_id"":""90b54bdec3334b93bd285d61c8cff0ef""},""join_samples"":{""date"":""2026-09-14"",""run_id"":""ea2747234a70431790c1691cf7dc34eb""},""upload_data"":{""date"":""2026-09-14"",""run_id"":""914cbeb6d8264f728ab6c19c744d0891""}}"
78,78,"45.438238000000005 , -62.006903300000005","45.4378879 , -62.0876177",urban-urban,urban,1225,"{""sample_routes"":{""date"":""2026-09-14"",""run_id"":""90b54bdec3334b93bd285d61c8cff0ef""},""join_samples"":{""date"":""2026-09-14"",""run_id"":""ea2747234a70431790c1691cf7dc34eb""},""upload_data"":{""date"":""2026-09-14"",""run_id"":""914cbeb6d8264f728ab6c19c744d0891""}}"
79,79,"44.3604148 , -65.12547190000001","44.4389315 , -65.20431860000001",urban-rural,urban,1175,"{""sample_routes"":{""date"":""2026-09-14"",""run_id"":""90b54bdec3334b93bd285d61c8cff0ef""},""join_samples"":{""date"":""2026-09-14"",""run_id"":""ea2747234a70431790c1691cf7dc34eb""},""upload_data"":{""date"":""2026-09-14"",""run_id"":""914cbeb6d8264f728ab6c19c744d0891""}}"
80,80,"45.441453200000005 , -63.718317400000004","45.441357200000006 , -63.571135000000005",urban-rural,urban,1174,"{""sample_routes"":{""date"":""2026-09-14"",""run_id"":""90b54bdec3334b93bd285d61c8cff0ef""},""join_samples"":{""date"":""2026-09-14"",""run_id"":""ea2747234a70431790c1691cf7dc34eb""},""upload_data"":{""date"":""2026-09-14"",""run_id"":""914cbeb6d8264f728ab6c19c744d0891""}}"
82,82,"45.552419 , -63.7728113","45.5941515 , -63.77312250000001",urban-urban,urban,1174,"{""sample_routes"":{""date"":""2026-09-14"",""run_id"":""90b54bdec3334b93bd285d61c8cff0ef""},""join_samples"":{""date"":""2026-09-14"",""run_id"":""ea2747234a70431790c1691cf7dc34eb""},""upload_data"":{""date"":""2026-09-14"",""run_id"":""914cbeb6d8264f728ab6c19c744d0891""}}"
87,87,"44.6646979 , -63.604458400000006","44.664613700000004 , -63.4788707",urban-urban,urban,1228,"{""sample_routes"":{""date"":""2026-09-14"",""run_id"":""90b54bdec3334b93bd285d61c8cff0ef""},""join_samples"":{""date"":""2026-09-14"",""run_id"":""ea2747234a70431790c1691cf7dc34eb""},""upload_data"":{""date"":""2026-09-14"",""run_id"":""914cbeb6d8264f728ab6c19c744d0891""}}"
89,89,"46.063817 , -61.33059900000001","45.973324000000005 , -61.2398548",urban-urban,urban,1172,"{""sample_routes"":{""date"":""2026-09-14"",""run_id"":""90b54bdec3334b93bd285d61c8cff0ef""},""join_samples"":{""date"":""2026-09-14"",""run_id"":""ea2747234a70431790c1691cf7dc34eb""},""upload_data"":{""date"":""2026-09-14"",""run_id"":""914cbeb6d8264f728ab6c19c744d0891""}}"
94,94,"45.135857400000006 , -64.8607412","45.037207300000006 , -64.86114710000001",urban-urban,urban,1171,"{""sample_routes"":{""date"":""2026-09-14"",""run_id"":""90b54bdec3334b93bd285d61c8cff0ef""},""join_samples"":{""date"":""2026-09-14"",""run_id"":""ea2747234a70431790c1691cf7dc34eb""},""upload_data"":{""date"":""2026-09-14"",""run_id"":""914cbeb6d8264f728ab6c19c744d0891""}}"
95,95,"45.978555500000006 , -61.415696000000004","46.0118175 , -61.3828583",urban-urban,urban,1170,"{""sample_routes"":{""date"":""2026-09-14"",""run_id"":""90b54bdec3334b93bd285d61c8cff0ef""},""join_samples"":{""date"":""2026-09-14"",""run_id"":""ea2747234a70431790c1691cf7dc34eb""},""upload_data"":{""date"":""2026-09-14"",""run_id"":""914cbeb6d8264f728ab6c19c744d0891""}}"
97,97,"44.766366100000006 , -63.6477081","44.7660064 , -63.7428401",urban-urban,urban,1169,"{""sample_routes"":{""date"":""2026-09-14"",""run_id"":""90b54bdec3334b93bd285d61c8cff0ef""},""join_samples"":{""date"":""2026-09-14"",""run_id"":""ea2747234a70431790c1691cf7dc34eb""},""upload_data"":{""date"":""2026-09-14"",""run_id"":""914cbeb6d8264f728ab6c19c744d0891""}}"
98,98,"44.7522152 , -63.82641890000001","44.6754024 , -63.903263100000004",urban-urban,urban,1231,"{""sample_routes"":{""date"":""2026-09-14"",""run_id"":""90b54bdec3334b93bd285d61c8cff0ef""},""join_samples"":{""date"":""2026-09-14"",""run_id"":""ea2747234a70431790c1691cf7dc34eb""},""upload_data"":{""date"":""2026-09-14"",""run_id"":""914cbeb6d8264f728ab6c19c744d0891""}}"
99,99,"44.661290400000006 , -63.549495900000004","44.6609746 , -63.6723512",urban-urban,urban,1231,"{""sample_routes"":{""date"":""2026-09-14"",""run_id"":""90b54bdec3334b93bd285d61c8cff0ef""},""join_samples"":{""date"":""2026-09-14"",""run_id"":""ea2747234a70431790c1691cf7dc34eb""},""upload_data"":{""date"":""2026-09-14"",""run_id"":""914cbeb6d8264f728ab6c19c744d0891""}}"
100,100,"45.653230300000004 , -63.049794500000004","45.563028200000005 , -63.1398188",urban-urban,urban,1168,"{""sample_routes"":{""date"":""2026-09-14"",""run_id"":""90b54bdec3334b93bd285d61c8cff0ef""},""join_samples"":{""date"":""2026-09-14"",""run_id"":""ea2747234a70431790c1691cf7dc34eb""},""upload_data"":{""date"":""2026-09-14"",""run_id"":""914cbeb6d8264f728ab6c19c744d0891""}}"
106,106,"44.4438529 , -65.0356683","44.443971000000005 , -65.0988227",urban-urban,urban,1233,"{""sample_routes"":{""date"":""2026-09-14"",""run_id"":""90b54bdec3334b93bd285d61c8cff0ef""},""join_samples"":{""date"":""2026-09-14"",""run_id"":""ea2747234a70431790c1691cf7dc34eb""},""upload_data"":{""date"":""2026-09-14"",""run_id"":""914cbeb6d8264f728ab6c19c744d0891""}}"
107,107,"45.7768321 , -61.921634100000006","45.686727100000006 , -62.011403300000005",rural-urban,urban,1167,"{""sample_routes"":{""date"":""2026-09-14"",""run_id"":""90b54bdec3334b93bd285d61c8cff0ef""},""join_samples"":{""date"":""2026-09-14"",""run_id"":""ea2747234a70431790c1691cf7dc34eb""},""upload_data"":{""date"":""2026-09-14"",""run_id"":""914cbeb6d8264f728ab6c19c744d0891""}}"
111,111,"45.4326294 , -61.4326446","45.521517700000004 , -61.34349280000001",urban-urban,urban,1235,"{""sample_routes"":{""date"":""2026-09-14"",""run_id"":""90b54bdec3334b93bd285d61c8cff0ef""},""join_samples"":{""date"":""2026-09-14"",""run_id"":""ea2747234a70431790c1691cf7dc34eb""},""upload_data"":{""date"":""2026-09-14"",""run_id"":""914cbeb6d8264f728ab6c19c744d0891""}}"
112,112,"46.031573800000004 , -61.31291650000001","45.928972800000004 , -61.3133014",urban-urban,urban,1236,"{""sample_routes"":{""date"":""2026-09-14"",""run_id"":""90b54bdec3334b93bd285d61c8cff0ef""},""join_samples"":{""date"":""2026-09-14"",""run_id"":""ea2747234a70431790c1691cf7dc34eb""},""upload_data"":{""date"":""2026-09-14"",""run_id"":""914cbeb6d8264f728ab6c19c744d0891""}}"
113,113,"45.332009600000006 , -61.7934951","45.2614813 , -61.8639778",urban-urban,urban,1164,"{""sample_routes"":{""date"":""2026-09-14"",""run_id"":""90b54bdec3334b93bd285d61c8cff0ef""},""join_samples"":{""date"":""2026-09-14"",""run_id"":""ea2747234a70431790c1691cf7dc34eb""},""upload_data"":{""date"":""2026-09-14"",""run_id"":""914cbeb6d8264f728ab6c19c744d0891""}}"
116,116,"44.634128800000006 , -64.5423926","44.634486700000004 , -64.591699",urban-urban,urban,1237,"{""sample_routes"":{""date"":""2026-09-14"",""run_id"":""90b54bdec3334b93bd285d61c8cff0ef""},""join_samples"":{""date"":""2026-09-14"",""run_id"":""ea2747234a70431790c1691cf7dc34eb""},""upload_data"":{""date"":""2026-09-14"",""run_id"":""914cbeb6d8264f728ab6c19c744d0891""}}"
119,119,"44.732349400000004 , -63.418530200000006","44.659348200000004 , -63.4916744",urban-urban,urban,1238,"{""sample_routes"":{""date"":""2026-09-14"",""run_id"":""90b54bdec3334b93bd285d61c8cff0ef""},""join_samples"":{""date"":""2026-09-14"",""run_id"":""ea2747234a70431790c1691cf7dc34eb""},""upload_data"":{""date"":""2026-09-14"",""run_id"":""914cbeb6d8264f728ab6c19c744d0891""}}"
125,125,"46.069884800000004 , -61.491192500000004","45.9727284 , -61.491015700000005",urban-urban,urban,1159,"{""sample_routes"":{""date"":""2026-09-14"",""run_id"":""90b54bdec3334b93bd285d61c8cff0ef""},""join_samples"":{""date"":""2026-09-14"",""run_id"":""ea2747234a70431790c1691cf7dc34eb""},""upload_data"":{""date"":""2026-09-14"",""run_id"":""914cbeb6d8264f728ab6c19c744d0891""}}"
127,127,"45.6963554 , -63.479085700000006","45.6252304 , -63.47925300000001",urban-urban,urban,1241,"{""sample_routes"":{""date"":""2026-09-14"",""run_id"":""90b54bdec3334b93bd285d61c8cff0ef""},""join_samples"":{""date"":""2026-09-14"",""run_id"":""ea2747234a70431790c1691cf7dc34eb""},""upload_data"":{""date"":""2026-09-14"",""run_id"":""914cbeb6d8264f728ab6c19c744d0891""}}"
130,130,"44.4498985 , -64.6356737","44.3776245 , -64.70770130000001",urban-urban,urban,1158,"{""sample_routes"":{""date"":""2026-09-14"",""run_id"":""90b54bdec3334b93bd285d61c8cff0ef""},""join_samples"":{""date"":""2026-09-14"",""run_id"":""ea2747234a70431790c1691cf7dc34eb""},""upload_data"":{""date"":""2026-09-14"",""run_id"":""914cbeb6d8264f728ab6c19c744d0891""}}"
131,131,"44.7785707 , -63.706475700000006","44.8953295 , -63.7067988",urban-rural,urban,1156,"{""sample_routes"":{""date"":""2026-09-14"",""run_id"":""90b54bdec3334b93bd285d61c8cff0ef""},""join_samples"":{""date"":""2026-09-14"",""run_id"":""ea2747234a70431790c1691cf7dc34eb""},""upload_data"":{""date"":""2026-09-14"",""run_id"":""914cbeb6d8264f728ab6c19c744d0891""}}"
134,134,"44.206592400000005 , -66.1338676","44.125 , -66.0526712",urban-urban,urban,1155,"{""sample_routes"":{""date"":""2026-09-14"",""run_id"":""90b54bdec3334b93bd285d61c8cff0ef""},""join_samples"":{""date"":""2026-09-14"",""run_id"":""ea2747234a70431790c1691cf7dc34eb""},""upload_data"":{""date"":""2026-09-14"",""run_id"":""914cbeb6d8264f728ab6c19c744d0891""}}"
135,135,"44.6845535 , -63.539804200000006","44.6848262 , -63.3981306",urban-urban,urban,1245,"{""sample_routes"":{""date"":""2026-09-14"",""run_id"":""90b54bdec3334b93bd285d61c8cff0ef""},""join_samples"":{""date"":""2026-09-14"",""run_id"":""ea2747234a70431790c1691cf7dc34eb""},""upload_data"":{""date"":""2026-09-14"",""run_id"":""914cbeb6d8264f728ab6c19c744d0891""}}"
138,138,"46.3318031 , -61.044293800000005","46.332132 , -61.2005306",urban-rural,urban,1246,"{""sample_routes"":{""date"":""2026-09-14"",""run_id"":""90b54bdec3334b93bd285d61c8cff0ef""},""join_samples"":{""date"":""2026-09-14"",""run_id"":""ea2747234a70431790c1691cf7dc34eb""},""upload_data"":{""date"":""2026-09-14"",""run_id"":""914cbeb6d8264f728ab6c19c744d0891""}}"
139,139,"44.127368100000005 , -66.0616294","44.2216515 , -66.06149090000001",urban-urban,urban,1246,"{""sample_routes"":{""date"":""2026-09-14"",""run_id"":""90b54bdec3334b93bd285d61c8cff0ef""},""join_samples"":{""date"":""2026-09-14"",""run_id"":""ea2747234a70431790c1691cf7dc34eb""},""upload_data"":{""date"":""2026-09-14"",""run_id"":""914cbeb6d8264f728ab6c19c744d0891""}}"
140,140,"46.0548129 , -61.5180888","46.054496300000004 , -61.3754269",urban-urban,urban,1154,"{""sample_routes"":{""date"":""2026-09-14"",""run_id"":""90b54bdec3334b93bd285d61c8cff0ef""},""join_samples"":{""date"":""2026-09-14"",""run_id"":""ea2747234a70431790c1691cf7dc34eb""},""upload_data"":{""date"":""2026-09-14"",""run_id"":""914cbeb6d8264f728ab6c19c744d0891""}}"
141,141,"45.4345944 , -64.4916319","45.434715000000004 , -64.6257702",urban-urban,urban,1246,"{""sample_routes"":{""date"":""2026-09-14"",""run_id"":""90b54bdec3334b93bd285d61c8cff0ef""},""join_samples"":{""date"":""2026-09-14"",""run_id"":""ea2747234a70431790c1691cf7dc34eb""},""upload_data"":{""date"":""2026-09-14"",""run_id"":""914cbeb6d8264f728ab6c19c744d0891""}}"
144,144,"45.4940167 , -62.2936562","45.5751812 , -62.3744262",urban-rural,urban,1247,"{""sample_routes"":{""date"":""2026-09-14"",""run_id"":""90b54bdec3334b93bd285d61c8cff0ef""},""join_samples"":{""date"":""2026-09-14"",""run_id"":""ea2747234a70431790c1691cf7dc34eb""},""upload_data"":{""date"":""2026-09-14"",""run_id"":""914cbeb6d8264f728ab6c19c744d0891""}}"
145,145,"45.6361567 , -63.3733408","45.745097900000005 , -63.3734868",urban-urban,urban,1153,"{""sample_routes"":{""date"":""2026-09-14"",""run_id"":""90b54bdec3334b93bd285d61c8cff0ef""},""join_samples"":{""date"":""2026-09-14"",""run_id"":""ea2747234a70431790c1691cf7dc34eb""},""upload_data"":{""date"":""2026-09-14"",""run_id"":""914cbeb6d8264f728ab6c19c744d0891""}}"
148,148,"45.0930327 , -64.808001","45.1714277 , -64.7297497",urban-urban,urban,1248,"{""sample_routes"":{""date"":""2026-09-14"",""run_id"":""90b54bdec3334b93bd285d61c8cff0ef""},""join_samples"":{""date"":""2026-09-14"",""run_id"":""ea2747234a70431790c1691cf7dc34eb""},""upload_data"":{""date"":""2026-09-14"",""run_id"":""914cbeb6d8264f728ab6c19c744d0891""}}"
149,149,"45.0576081 , -63.549697200000004","45.127579100000005 , -63.4799251",urban-urban,urban,1248,"{""sample_routes"":{""date"":""2026-09-14"",""run_id"":""90b54bdec3334b93bd285d61c8cff0ef""},""join_samples"":{""date"":""2026-09-14"",""run_id"":""ea2747234a70431790c1691cf7dc34eb""},""upload_data"":{""date"":""2026-09-14"",""run_id"":""914cbeb6d8264f728ab6c19c744d0891""}}"
151,151,"45.623088300000006 , -60.65002020000001","45.690218400000006 , -60.717021",urban-urban,urban,1152,"{""sample_routes"":{""date"":""2026-09-14"",""run_id"":""90b54bdec3334b93bd285d61c8cff0ef""},""join_samples"":{""date"":""2026-09-14"",""run_id"":""ea2747234a70431790c1691cf7dc34eb""},""upload_data"":{""date"":""2026-09-14"",""run_id"":""914cbeb6d8264f728ab6c19c744d0891""}}"
153,153,"45.2603394 , -63.111498100000006","45.3412992 , -63.1926302",urban-urban,urban,1151,"{""sample_routes"":{""date"":""2026-09-14"",""run_id"":""90b54bdec3334b93bd285d61c8cff0ef""},""join_samples"":{""date"":""2026-09-14"",""run_id"":""ea2747234a70431790c1691cf7dc34eb""},""upload_data"":{""date"":""2026-09-14"",""run_id"":""914cbeb6d8264f728ab6c19c744d0891""}}"
155,155,"45.764672000000004 , -60.5989882","45.764385100000005 , -60.753962",urban-urban,urban,1250,"{""sample_routes"":{""date"":""2026-09-14"",""run_id"":""90b54bdec3334b93bd285d61c8cff0ef""},""join_samples"":{""date"":""2026-09-14"",""run_id"":""ea2747234a70431790c1691cf7dc34eb""},""upload_data"":{""date"":""2026-09-14"",""run_id"":""914cbeb6d8264f728ab6c19c744d0891""}}"
157,157,"45.9076663 , -61.437394600000005","45.8562572 , -61.38585200000001",urban-urban,urban,1250,"{""sample_routes"":{""date"":""2026-09-14"",""run_id"":""90b54bdec3334b93bd285d61c8cff0ef""},""join_samples"":{""date"":""2026-09-14"",""run_id"":""ea2747234a70431790c1691cf7dc34eb""},""upload_data"":{""date"":""2026-09-14"",""run_id"":""914cbeb6d8264f728ab6c19c744d0891""}}"
158,158,"45.0924106 , -63.3973616","45.1753027 , -63.4804917",urban-urban,urban,1150,"{""sample_routes"":{""date"":""2026-09-14"",""run_id"":""90b54bdec3334b93bd285d61c8cff0ef""},""join_samples"":{""date"":""2026-09-14"",""run_id"":""ea2747234a70431790c1691cf7dc34eb""},""upload_data"":{""date"":""2026-09-14"",""run_id"":""914cbeb6d8264f728ab6c19c744d0891""}}"
159,159,"44.6285291 , -64.3045675","44.5101797 , -64.3043428",urban-urban,urban,1149,"{""sample_routes"":{""date"":""2026-09-14"",""run_id"":""90b54bdec3334b93bd285d61c8cff0ef""},""join_samples"":{""date"":""2026-09-14"",""run_id"":""ea2747234a70431790c1691cf7dc34eb""},""upload_data"":{""date"":""2026-09-14"",""run_id"":""914cbeb6d8264f728ab6c19c744d0891""}}"
160,160,"44.768014400000006 , -63.6706755","44.826600400000004 , -63.72885960000001",urban-urban,urban,1149,"{""sample_routes"":{""date"":""2026-09-14"",""run_id"":""90b54bdec3334b93bd285d61c8cff0ef""},""join_samples"":{""date"":""2026-09-14"",""run_id"":""ea2747234a70431790c1691cf7dc34eb""},""upload_data"":{""date"":""2026-09-14"",""run_id"":""914cbeb6d8264f728ab6c19c744d0891""}}"
161,161,"44.773569300000005 , -63.9178082","44.7079085 , -63.85226290000001",urban-urban,urban,1251,"{""sample_routes"":{""date"":""2026-09-14"",""run_id"":""90b54bdec3334b93bd285d61c8cff0ef""},""join_samples"":{""date"":""2026-09-14"",""run_id"":""ea2747234a70431790c1691cf7dc34eb""},""upload_data"":{""date"":""2026-09-14"",""run_id"":""914cbeb6d8264f728ab6c19c744d0891""}}"
162,162,"44.647947 , -63.6202752","44.6482371 , -63.5337297",urban-urban,urban,1148,"{""sample_routes"":{""date"":""2026-09-14"",""run_id"":""90b54bdec3334b93bd285d61c8cff0ef""},""join_samples"":{""date"":""2026-09-14"",""run_id"":""ea2747234a70431790c1691cf7dc34eb""},""upload_data"":{""date"":""2026-09-14"",""run_id"":""914cbeb6d8264f728ab6c19c744d0891""}}"
163,163,"45.689339100000005 , -61.979404300000006","45.755717700000005 , -61.9797943",urban-urban,urban,1148,"{""sample_routes"":{""date"":""2026-09-14"",""run_id"":""90b54bdec3334b93bd285d61c8cff0ef""},""join_samples"":{""date"":""2026-09-14"",""run_id"":""ea2747234a70431790c1691cf7dc34eb""},""upload_data"":{""date"":""2026-09-14"",""run_id"":""914cbeb6d8264f728ab6c19c744d0891""}}"
164,164,"45.730842700000004 , -60.6757629","45.7680067 , -60.675987500000005",urban-urban,urban,1252,"{""sample_routes"":{""date"":""2026-09-14"",""run_id"":""90b54bdec3334b93bd285d61c8cff0ef""},""join_samples"":{""date"":""2026-09-14"",""run_id"":""ea2747234a70431790c1691cf7dc34eb""},""upload_data"":{""date"":""2026-09-14"",""run_id"":""914cbeb6d8264f728ab6c19c744d0891""}}"
168,168,"44.444216000000004 , -65.01147470000001","44.444442300000006 , -65.0736018",urban-urban,urban,1254,"{""sample_routes"":{""date"":""2026-09-14"",""run_id"":""90b54bdec3334b93bd285d61c8cff0ef""},""join_samples"":{""date"":""2026-09-14"",""run_id"":""ea2747234a70431790c1691cf7dc34eb""},""upload_data"":{""date"":""2026-09-14"",""run_id"":""914cbeb6d8264f728ab6c19c744d0891""}}"
170,170,"45.979134200000004 , -63.90409390000001","45.8871236 , -63.996360300000006",urban-rural,urban,1256,"{""sample_routes"":{""date"":""2026-09-14"",""run_id"":""90b54bdec3334b93bd285d61c8cff0ef""},""join_samples"":{""date"":""2026-09-14"",""run_id"":""ea2747234a70431790c1691cf7dc34eb""},""upload_data"":{""date"":""2026-09-14"",""run_id"":""914cbeb6d8264f728ab6c19c744d0891""}}"
172,172,"46.028512400000004 , -60.2275477","46.1298625 , -60.2271755",urban-urban,urban,1144,"{""sample_routes"":{""date"":""2026-09-14"",""run_id"":""90b54bdec3334b93bd285d61c8cff0ef""},""join_samples"":{""date"":""2026-09-14"",""run_id"":""ea2747234a70431790c1691cf7dc34eb""},""upload_data"":{""date"":""2026-09-14"",""run_id"":""914cbeb6d8264f728ab6c19c744d0891""}}"
178,178,"45.95243 , -61.292273","46.055855400000006 , -61.3953526",urban-urban,urban,1259,"{""sample_routes"":{""date"":""2026-09-14"",""run_id"":""90b54bdec3334b93bd285d61c8cff0ef""},""join_samples"":{""date"":""2026-09-14"",""run_id"":""ea2747234a70431790c1691cf7dc34eb""},""upload_data"":{""date"":""2026-09-14"",""run_id"":""914cbeb6d8264f728ab6c19c744d0891""}}"
181,181,"43.9907697 , -65.9989096","44.0438307 , -66.05224720000001",urban-urban,urban,1141,"{""sample_routes"":{""date"":""2026-09-14"",""run_id"":""90b54bdec3334b93bd285d61c8cff0ef""},""join_samples"":{""date"":""2026-09-14"",""run_id"":""ea2747234a70431790c1691cf7dc34eb""},""upload_data"":{""date"":""2026-09-14"",""run_id"":""914cbeb6d8264f728ab6c19c744d0891""}}"
183,183,"44.319410700000006 , -65.0092621","44.3198178 , -65.0457592",urban-urban,urban,1260,"{""sample_routes"":{""date"":""2026-09-14"",""run_id"":""90b54bdec3334b93bd285d61c8cff0ef""},""join_samples"":{""date"":""2026-09-14"",""run_id"":""ea2747234a70431790c1691cf7dc34eb""},""upload_data"":{""date"":""2026-09-14"",""run_id"":""914cbeb6d8264f728ab6c19c744d0891""}}"
184,184,"45.3934031 , -62.0653045","45.3485912 , -62.1104422",urban-urban,urban,1140,"{""sample_routes"":{""date"":""2026-09-14"",""run_id"":""90b54bdec3334b93bd285d61c8cff0ef""},""join_samples"":{""date"":""2026-09-14"",""run_id"":""ea2747234a70431790c1691cf7dc34eb""},""upload_data"":{""date"":""2026-09-14"",""run_id"":""914cbeb6d8264f728ab6c19c744d0891""}}"
186,186,"44.7654434 , -63.680209000000005","44.874452700000006 , -63.68011430000001",urban-urban,urban,1140,"{""sample_routes"":{""date"":""2026-09-14"",""run_id"":""90b54bdec3334b93bd285d61c8cff0ef""},""join_samples"":{""date"":""2026-09-14"",""run_id"":""ea2747234a70431790c1691cf7dc34eb""},""upload_data"":{""date"":""2026-09-14"",""run_id"":""914cbeb6d8264f728ab6c19c744d0891""}}"
189,189,"45.518274000000005 , -62.3491264","45.5184252 , -62.2747097",urban-urban,urban,1139,"{""sample_routes"":{""date"":""2026-09-14"",""run_id"":""90b54bdec3334b93bd285d61c8cff0ef""},""join_samples"":{""date"":""2026-09-14"",""run_id"":""ea2747234a70431790c1691cf7dc34eb""},""upload_data"":{""date"":""2026-09-14"",""run_id"":""914cbeb6d8264f728ab6c19c744d0891""}}"
190,190,"46.000049600000004 , -61.4653567","45.8966919 , -61.465551600000005",urban-urban,urban,1139,"{""sample_routes"":{""date"":""2026-09-14"",""run_id"":""90b54bdec3334b93bd285d61c8cff0ef""},""join_samples"":{""date"":""2026-09-14"",""run_id"":""ea2747234a70431790c1691cf7dc34eb""},""upload_data"":{""date"":""2026-09-14"",""run_id"":""914cbeb6d8264f728ab6c19c744d0891""}}"
191,191,"44.4833438 , -65.0958825","44.4166949 , -65.0288156",urban-urban,urban,1261,"{""sample_routes"":{""date"":""2026-09-14"",""run_id"":""90b54bdec3334b93bd285d61c8cff0ef""},""join_samples"":{""date"":""2026-09-14"",""run_id"":""ea2747234a70431790c1691cf7dc34eb""},""upload_data"":{""date"":""2026-09-14"",""run_id"":""914cbeb6d8264f728ab6c19c744d0891""}}"
192,192,"45.682917700000004 , -63.44211370000001","45.7486739 , -63.4419126",urban-urban,urban,1139,"{""sample_routes"":{""date"":""2026-09-14"",""run_id"":""90b54bdec3334b93bd285d61c8cff0ef""},""join_samples"":{""date"":""2026-09-14"",""run_id"":""ea2747234a70431790c1691cf7dc34eb""},""upload_data"":{""date"":""2026-09-14"",""run_id"":""914cbeb6d8264f728ab6c19c744d0891""}}"
194,194,"44.7397055 , -65.0430039","44.739659 , -65.1563429",urban-urban,urban,1262,"{""sample_routes"":{""date"":""2026-09-14"",""run_id"":""90b54bdec3334b93bd285d61c8cff0ef""},""join_samples"":{""date"":""2026-09-14"",""run_id"":""ea2747234a70431790c1691cf7dc34eb""},""upload_data"":{""date"":""2026-09-14"",""run_id"":""914cbeb6d8264f728ab6c19c744d0891""}}"
195,195,"46.035186100000004 , -60.174324000000006","46.1454682 , -60.174264400000006",urban-urban,urban,1138,"{""sample_routes"":{""date"":""2026-09-14"",""run_id"":""90b54bdec3334b93bd285d61c8cff0ef""},""join_samples"":{""date"":""2026-09-14"",""run_id"":""ea2747234a70431790c1691cf7dc34eb""},""upload_data"":{""date"":""2026-09-14"",""run_id"":""914cbeb6d8264f728ab6c19c744d0891""}}"
196,196,"43.770514600000006 , -65.3346382","43.6749765 , -65.23937000000001",urban-urban,urban,1262,"{""sample_routes"":{""date"":""2026-09-14"",""run_id"":""90b54bdec3334b93bd285d61c8cff0ef""},""join_samples"":{""date"":""2026-09-14"",""run_id"":""ea2747234a70431790c1691cf7dc34eb""},""upload_data"":{""date"":""2026-09-14"",""run_id"":""914cbeb6d8264f728ab6c19c744d0891""}}"
198,198,"44.7135235 , -63.75102630000001","44.713180900000005 , -63.8716025",urban-urban,urban,1137,"{""sample_routes"":{""date"":""2026-09-14"",""run_id"":""90b54bdec3334b93bd285d61c8cff0ef""},""join_samples"":{""date"":""2026-09-14"",""run_id"":""ea2747234a70431790c1691cf7dc34eb""},""upload_data"":{""date"":""2026-09-14"",""run_id"":""914cbeb6d8264f728ab6c19c744d0891""}}"
199,199,"45.5596514 , -63.135792200000004","45.4968288 , -63.1358364",urban-urban,urban,1264,"{""sample_routes"":{""date"":""2026-09-14"",""run_id"":""90b54bdec3334b93bd285d61c8cff0ef""},""join_samples"":{""date"":""2026-09-14"",""run_id"":""ea2747234a70431790c1691cf7dc34eb""},""upload_data"":{""date"":""2026-09-14"",""run_id"":""914cbeb6d8264f728ab6c19c744d0891""}}"
200,200,"44.506499700000006 , -65.79584390000001","44.4368715 , -65.8654855",urban-urban,urban,1136,"{""sample_routes"":{""date"":""2026-09-14"",""run_id"":""90b54bdec3334b93bd285d61c8cff0ef""},""join_samples"":{""date"":""2026-09-14"",""run_id"":""ea2747234a70431790c1691cf7dc34eb""},""upload_data"":{""date"":""2026-09-14"",""run_id"":""914cbeb6d8264f728ab6c19c744d0891""}}"
201,201,"44.625614000000006 , -63.5776515","44.6150827 , -63.577840800000004",urban-urban,urban,1135,"{""sample_routes"":{""date"":""2026-09-14"",""run_id"":""90b54bdec3334b93bd285d61c8cff0ef""},""join_samples"":{""date"":""2026-09-14"",""run_id"":""ea2747234a70431790c1691cf7dc34eb""},""upload_data"":{""date"":""2026-09-14"",""run_id"":""914cbeb6d8264f728ab6c19c744d0891""}}"
203,203,"46.418390200000005 , -60.7989114","46.3147358 , -60.798834600000006",urban-urban,urban,1265,"{""sample_routes"":{""date"":""2026-09-14"",""run_id"":""90b54bdec3334b93bd285d61c8cff0ef""},""join_samples"":{""date"":""2026-09-14"",""run_id"":""ea2747234a70431790c1691cf7dc34eb""},""upload_data"":{""date"":""2026-09-14"",""run_id"":""914cbeb6d8264f728ab6c19c744d0891""}}"
204,204,"45.464269900000005 , -61.7684767","45.3833265 , -61.7687833",urban-rural,urban,1135,"{""sample_routes"":{""date"":""2026-09-14"",""run_id"":""90b54bdec3334b93bd285d61c8cff0ef""},""join_samples"":{""date"":""2026-09-14"",""run_id"":""ea2747234a70431790c1691cf7dc34eb""},""upload_data"":{""date"":""2026-09-14"",""run_id"":""914cbeb6d8264f728ab6c19c744d0891""}}"
205,205,"46.0472486 , -61.54156510000001","45.9495273 , -61.444273700000004",urban-urban,urban,1135,"{""sample_routes"":{""date"":""2026-09-14"",""run_id"":""90b54bdec3334b93bd285d61c8cff0ef""},""join_samples"":{""date"":""2026-09-14"",""run_id"":""ea2747234a70431790c1691cf7dc34eb""},""upload_data"":{""date"":""2026-09-14"",""run_id"":""914cbeb6d8264f728ab6c19c744d0891""}}"
210,210,"44.6691646 , -63.557069000000006","44.6693622 , -63.675676800000005",urban-urban,urban,1134,"{""sample_routes"":{""date"":""2026-09-14"",""run_id"":""90b54bdec3334b93bd285d61c8cff0ef""},""join_samples"":{""date"":""2026-09-14"",""run_id"":""ea2747234a70431790c1691cf7dc34eb""},""upload_data"":{""date"":""2026-09-14"",""run_id"":""914cbeb6d8264f728ab6c19c744d0891""}}"
214,214,"44.267318 , -66.1175908","44.184228700000006 , -66.0347495",urban-urban,urban,1268,"{""sample_routes"":{""date"":""2026-09-14"",""run_id"":""90b54bdec3334b93bd285d61c8cff0ef""},""join_samples"":{""date"":""2026-09-14"",""run_id"":""ea2747234a70431790c1691cf7dc34eb""},""upload_data"":{""date"":""2026-09-14"",""run_id"":""914cbeb6d8264f728ab6c19c744d0891""}}"
215,215,"44.0602667 , -66.000763","44.0599793 , -66.12187540000001",urban-urban,urban,1268,"{""sample_routes"":{""date"":""2026-09-14"",""run_id"":""90b54bdec3334b93bd285d61c8cff0ef""},""join_samples"":{""date"":""2026-09-14"",""run_id"":""ea2747234a70431790c1691cf7dc34eb""},""upload_data"":{""date"":""2026-09-14"",""run_id"":""914cbeb6d8264f728ab6c19c744d0891""}}"
218,218,"44.719172500000006 , -63.4662786","44.6563522 , -63.52885070000001",urban-urban,urban,1269,"{""sample_routes"":{""date"":""2026-09-14"",""run_id"":""90b54bdec3334b93bd285d61c8cff0ef""},""join_samples"":{""date"":""2026-09-14"",""run_id"":""ea2747234a70431790c1691cf7dc34eb""},""upload_data"":{""date"":""2026-09-14"",""run_id"":""914cbeb6d8264f728ab6c19c744d0891""}}"
219,219,"46.025418900000005 , -60.230965000000005","46.0250612 , -60.1134312",urban-urban,urban,1131,"{""sample_routes"":{""date"":""2026-09-14"",""run_id"":""90b54bdec3334b93bd285d61c8cff0ef""},""join_samples"":{""date"":""2026-09-14"",""run_id"":""ea2747234a70431790c1691cf7dc34eb""},""upload_data"":{""date"":""2026-09-14"",""run_id"":""914cbeb6d8264f728ab6c19c744d0891""}}"
220,220,"45.470635800000004 , -61.93983","45.551055700000006 , -62.020212300000004",urban-urban,urban,1269,"{""sample_routes"":{""date"":""2026-09-14"",""run_id"":""90b54bdec3334b93bd285d61c8cff0ef""},""join_samples"":{""date"":""2026-09-14"",""run_id"":""ea2747234a70431790c1691cf7dc34eb""},""upload_data"":{""date"":""2026-09-14"",""run_id"":""914cbeb6d8264f728ab6c19c744d0891""}}"
223,223,"44.678361 , -63.800585100000006","44.7174514 , -63.7611494",urban-urban,urban,1270,"{""sample_routes"":{""date"":""2026-09-14"",""run_id"":""90b54bdec3334b93bd285d61c8cff0ef""},""join_samples"":{""date"":""2026-09-14"",""run_id"":""ea2747234a70431790c1691cf7dc34eb""},""upload_data"":{""date"":""2026-09-14"",""run_id"":""914cbeb6d8264f728ab6c19c744d0891""}}"
224,224,"45.6985572 , -60.592615","45.6989394 , -60.663929700000004",urban-urban,urban,1271,"{""sample_routes"":{""date"":""2026-09-14"",""run_id"":""90b54bdec3334b93bd285d61c8cff0ef""},""join_samples"":{""date"":""2026-09-14"",""run_id"":""ea2747234a70431790c1691cf7dc34eb""},""upload_data"":{""date"":""2026-09-14"",""run_id"":""914cbeb6d8264f728ab6c19c744d0891""}}"
225,225,"45.4865087 , -61.7926207","45.5633124 , -61.869389600000005",urban-rural,urban,1129,"{""sample_routes"":{""date"":""2026-09-14"",""run_id"":""90b54bdec3334b93bd285d61c8cff0ef""},""join_samples"":{""date"":""2026-09-14"",""run_id"":""ea2747234a70431790c1691cf7dc34eb""},""upload_data"":{""date"":""2026-09-14"",""run_id"":""914cbeb6d8264f728ab6c19c744d0891""}}"
227,227,"45.9619714 , -61.279723100000005","45.961919900000005 , -61.130626500000005",urban-urban,urban,1272,"{""sample_routes"":{""date"":""2026-09-14"",""run_id"":""90b54bdec3334b93bd285d61c8cff0ef""},""join_samples"":{""date"":""2026-09-14"",""run_id"":""ea2747234a70431790c1691cf7dc34eb""},""upload_data"":{""date"":""2026-09-14"",""run_id"":""914cbeb6d8264f728ab6c19c744d0891""}}"
228,228,"44.5942236 , -64.57347200000001","44.6857063 , -64.5738788",urban-urban,urban,1273,"{""sample_routes"":{""date"":""2026-09-14"",""run_id"":""90b54bdec3334b93bd285d61c8cff0ef""},""join_samples"":{""date"":""2026-09-14"",""run_id"":""ea2747234a70431790c1691cf7dc34eb""},""upload_data"":{""date"":""2026-09-14"",""run_id"":""914cbeb6d8264f728ab6c19c744d0891""}}"
230,230,"45.730347200000004 , -60.5925881","45.626259100000006 , -60.59229440000001",urban-urban,urban,1127,"{""sample_routes"":{""date"":""2026-09-14"",""run_id"":""90b54bdec3334b93bd285d61c8cff0ef""},""join_samples"":{""date"":""2026-09-14"",""run_id"":""ea2747234a70431790c1691cf7dc34eb""},""upload_data"":{""date"":""2026-09-14"",""run_id"":""914cbeb6d8264f728ab6c19c744d0891""}}"
231,231,"44.6889242 , -63.6631792","44.7926398 , -63.767200700000004",urban-urban,urban,1274,"{""sample_routes"":{""date"":""2026-09-14"",""run_id"":""90b54bdec3334b93bd285d61c8cff0ef""},""join_samples"":{""date"":""2026-09-14"",""run_id"":""ea2747234a70431790c1691cf7dc34eb""},""upload_data"":{""date"":""2026-09-14"",""run_id"":""914cbeb6d8264f728ab6c19c744d0891""}}"
232,232,"44.582453900000004 , -63.584832600000006","44.6641734 , -63.6665269",urban-urban,urban,1274,"{""sample_routes"":{""date"":""2026-09-14"",""run_id"":""90b54bdec3334b93bd285d61c8cff0ef""},""join_samples"":{""date"":""2026-09-14"",""run_id"":""ea2747234a70431790c1691cf7dc34eb""},""upload_data"":{""date"":""2026-09-14"",""run_id"":""914cbeb6d8264f728ab6c19c744d0891""}}"
234,234,"44.714423700000005 , -63.752402700000005","44.7145445 , -63.87081740000001",urban-urban,urban,1125,"{""sample_routes"":{""date"":""2026-09-14"",""run_id"":""90b54bdec3334b93bd285d61c8cff0ef""},""join_samples"":{""date"":""2026-09-14"",""run_id"":""ea2747234a70431790c1691cf7dc34eb""},""upload_data"":{""date"":""2026-09-14"",""run_id"":""914cbeb6d8264f728ab6c19c744d0891""}}"
238,238,"44.7251088 , -63.758824100000005","44.8258887 , -63.758451",urban-urban,urban,1276,"{""sample_routes"":{""date"":""2026-09-14"",""run_id"":""90b54bdec3334b93bd285d61c8cff0ef""},""join_samples"":{""date"":""2026-09-14"",""run_id"":""ea2747234a70431790c1691cf7dc34eb""},""upload_data"":{""date"":""2026-09-14"",""run_id"":""914cbeb6d8264f728ab6c19c744d0891""}}"
240,240,"44.422410400000004 , -64.5266186","44.3380184 , -64.4423527",urban-urban,urban,1278,"{""sample_routes"":{""date"":""2026-09-14"",""run_id"":""90b54bdec3334b93bd285d61c8cff0ef""},""join_samples"":{""date"":""2026-09-14"",""run_id"":""ea2747234a70431790c1691cf7dc34eb""},""upload_data"":{""date"":""2026-09-14"",""run_id"":""914cbeb6d8264f728ab6c19c744d0891""}}"
243,243,"44.8261831 , -63.731095200000006","44.7052599 , -63.6102751",urban-urban,urban,1279,"{""sample_routes"":{""date"":""2026-09-14"",""run_id"":""90b54bdec3334b93bd285d61c8cff0ef""},""join_samples"":{""date"":""2026-09-14"",""run_id"":""ea2747234a70431790c1691cf7dc34eb""},""upload_data"":{""date"":""2026-09-14"",""run_id"":""914cbeb6d8264f728ab6c19c744d0891""}}"
245,245,"44.679693 , -63.490692200000005","44.6800037 , -63.56302170000001",urban-urban,urban,1121,"{""sample_routes"":{""date"":""2026-09-14"",""run_id"":""90b54bdec3334b93bd285d61c8cff0ef""},""join_samples"":{""date"":""2026-09-14"",""run_id"":""ea2747234a70431790c1691cf7dc34eb""},""upload_data"":{""date"":""2026-09-14"",""run_id"":""914cbeb6d8264f728ab6c19c744d0891""}}"
246,246,"45.286250900000006 , -62.3895222","45.286116 , -62.566318200000005",rural-urban,urban,1119,"{""sample_routes"":{""date"":""2026-09-14"",""run_id"":""90b54bdec3334b93bd285d61c8cff0ef""},""join_samples"":{""date"":""2026-09-14"",""run_id"":""ea2747234a70431790c1691cf7dc34eb""},""upload_data"":{""date"":""2026-09-14"",""run_id"":""914cbeb6d8264f728ab6c19c744d0891""}}"
249,249,"45.6146545 , -60.79501870000001","45.690346500000004 , -60.7190268",urban-urban,urban,1281,"{""sample_routes"":{""date"":""2026-09-14"",""run_id"":""90b54bdec3334b93bd285d61c8cff0ef""},""join_samples"":{""date"":""2026-09-14"",""run_id"":""ea2747234a70431790c1691cf7dc34eb""},""upload_data"":{""date"":""2026-09-14"",""run_id"":""914cbeb6d8264f728ab6c19c744d0891""}}"
251,251,"45.142878700000004 , -63.139021500000005","45.022496200000006 , -63.1392675",urban-urban,urban,1283,"{""sample_routes"":{""date"":""2026-09-14"",""run_id"":""90b54bdec3334b93bd285d61c8cff0ef""},""join_samples"":{""date"":""2026-09-14"",""run_id"":""ea2747234a70431790c1691cf7dc34eb""},""upload_data"":{""date"":""2026-09-14"",""run_id"":""914cbeb6d8264f728ab6c19c744d0891""}}"
254,254,"44.7074036 , -63.68251050000001","44.796148 , -63.771110500000006",urban-urban,urban,1115,"{""sample_routes"":{""date"":""2026-09-14"",""run_id"":""90b54bdec3334b93bd285d61c8cff0ef""},""join_samples"":{""date"":""2026-09-14"",""run_id"":""ea2747234a70431790c1691cf7dc34eb""},""upload_data"":{""date"":""2026-09-14"",""run_id"":""914cbeb6d8264f728ab6c19c744d0891""}}"
260,260,"44.875272200000005 , -63.694265","44.7626512 , -63.6943909",urban-urban,urban,1114,"{""sample_routes"":{""date"":""2026-09-14"",""run_id"":""90b54bdec3334b93bd285d61c8cff0ef""},""join_samples"":{""date"":""2026-09-14"",""run_id"":""ea2747234a70431790c1691cf7dc34eb""},""upload_data"":{""date"":""2026-09-14"",""run_id"":""914cbeb6d8264f728ab6c19c744d0891""}}"
262,262,"44.678399600000006 , -63.831627700000006","44.7350064 , -63.7750081",urban-urban,urban,1114,"{""sample_routes"":{""date"":""2026-09-14"",""run_id"":""90b54bdec3334b93bd285d61c8cff0ef""},""join_samples"":{""date"":""2026-09-14"",""run_id"":""ea2747234a70431790c1691cf7dc34eb""},""upload_data"":{""date"":""2026-09-14"",""run_id"":""914cbeb6d8264f728ab6c19c744d0891""}}"
263,263,"44.731257400000004 , -65.36773670000001","44.6474157 , -65.3675518",urban-urban,urban,1113,"{""sample_routes"":{""date"":""2026-09-14"",""run_id"":""90b54bdec3334b93bd285d61c8cff0ef""},""join_samples"":{""date"":""2026-09-14"",""run_id"":""ea2747234a70431790c1691cf7dc34eb""},""upload_data"":{""date"":""2026-09-14"",""run_id"":""914cbeb6d8264f728ab6c19c744d0891""}}"
264,264,"44.6646602 , -63.662407800000004","44.604051600000005 , -63.6014272",urban-urban,urban,1113,"{""sample_routes"":{""date"":""2026-09-14"",""run_id"":""90b54bdec3334b93bd285d61c8cff0ef""},""join_samples"":{""date"":""2026-09-14"",""run_id"":""ea2747234a70431790c1691cf7dc34eb""},""upload_data"":{""date"":""2026-09-14"",""run_id"":""914cbeb6d8264f728ab6c19c744d0891""}}"
265,265,"45.812464000000006 , -60.2897679","45.734522000000005 , -60.3680097",urban-urban,urban,1113,"{""sample_routes"":{""date"":""2026-09-14"",""run_id"":""90b54bdec3334b93bd285d61c8cff0ef""},""join_samples"":{""date"":""2026-09-14"",""run_id"":""ea2747234a70431790c1691cf7dc34eb""},""upload_data"":{""date"":""2026-09-14"",""run_id"":""914cbeb6d8264f728ab6c19c744d0891""}}"
267,267,"44.6931735 , -63.6068859","44.793010900000006 , -63.7064231",urban-urban,urban,1113,"{""sample_routes"":{""date"":""2026-09-14"",""run_id"":""90b54bdec3334b93bd285d61c8cff0ef""},""join_samples"":{""date"":""2026-09-14"",""run_id"":""ea2747234a70431790c1691cf7dc34eb""},""upload_data"":{""date"":""2026-09-14"",""run_id"":""914cbeb6d8264f728ab6c19c744d0891""}}"
270,270,"44.6571402 , -63.52464080000001","44.656763000000005 , -63.668992800000005",urban-urban,urban,1112,"{""sample_routes"":{""date"":""2026-09-14"",""run_id"":""90b54bdec3334b93bd285d61c8cff0ef""},""join_samples"":{""date"":""2026-09-14"",""run_id"":""ea2747234a70431790c1691cf7dc34eb""},""upload_data"":{""date"":""2026-09-14"",""run_id"":""914cbeb6d8264f728ab6c19c744d0891""}}"
272,272,"44.666031100000005 , -63.7605791","44.665705300000006 , -63.927780600000006",urban-rural,urban,1112,"{""sample_routes"":{""date"":""2026-09-14"",""run_id"":""90b54bdec3334b93bd285d61c8cff0ef""},""join_samples"":{""date"":""2026-09-14"",""run_id"":""ea2747234a70431790c1691cf7dc34eb""},""upload_data"":{""date"":""2026-09-14"",""run_id"":""914cbeb6d8264f728ab6c19c744d0891""}}"
276,276,"44.635536800000004 , -63.57163980000001","44.7225308 , -63.572008600000004",urban-urban,urban,1289,"{""sample_routes"":{""date"":""2026-09-14"",""run_id"":""90b54bdec3334b93bd285d61c8cff0ef""},""join_samples"":{""date"":""2026-09-14"",""run_id"":""ea2747234a70431790c1691cf7dc34eb""},""upload_data"":{""date"":""2026-09-14"",""run_id"":""914cbeb6d8264f728ab6c19c744d0891""}}"
277,277,"45.6326143 , -63.3649245","45.7389379 , -63.365042200000005",urban-rural,urban,1111,"{""sample_routes"":{""date"":""2026-09-14"",""run_id"":""90b54bdec3334b93bd285d61c8cff0ef""},""join_samples"":{""date"":""2026-09-14"",""run_id"":""ea2747234a70431790c1691cf7dc34eb""},""upload_data"":{""date"":""2026-09-14"",""run_id"":""914cbeb6d8264f728ab6c19c744d0891""}}"
278,278,"44.645920600000004 , -63.5833079","44.6009498 , -63.628480100000004",urban-urban,urban,1111,"{""sample_routes"":{""date"":""2026-09-14"",""run_id"":""90b54bdec3334b93bd285d61c8cff0ef""},""join_samples"":{""date"":""2026-09-14"",""run_id"":""ea2747234a70431790c1691cf7dc34eb""},""upload_data"":{""date"":""2026-09-14"",""run_id"":""914cbeb6d8264f728ab6c19c744d0891""}}"
279,279,"46.114707900000006 , -60.3049126","46.050722500000006 , -60.240930600000006",urban-urban,urban,1110,"{""sample_routes"":{""date"":""2026-09-14"",""run_id"":""90b54bdec3334b93bd285d61c8cff0ef""},""join_samples"":{""date"":""2026-09-14"",""run_id"":""ea2747234a70431790c1691cf7dc34eb""},""upload_data"":{""date"":""2026-09-14"",""run_id"":""914cbeb6d8264f728ab6c19c744d0891""}}"
281,281,"44.6538667 , -63.72845590000001","44.752509800000006 , -63.827502",urban-urban,urban,1291,"{""sample_routes"":{""date"":""2026-09-14"",""run_id"":""90b54bdec3334b93bd285d61c8cff0ef""},""join_samples"":{""date"":""2026-09-14"",""run_id"":""ea2747234a70431790c1691cf7dc34eb""},""upload_data"":{""date"":""2026-09-14"",""run_id"":""914cbeb6d8264f728ab6c19c744d0891""}}"
282,282,"44.6665343 , -63.6542085","44.784846300000005 , -63.653922800000004",urban-urban,urban,1291,"{""sample_routes"":{""date"":""2026-09-14"",""run_id"":""90b54bdec3334b93bd285d61c8cff0ef""},""join_samples"":{""date"":""2026-09-14"",""run_id"":""ea2747234a70431790c1691cf7dc34eb""},""upload_data"":{""date"":""2026-09-14"",""run_id"":""914cbeb6d8264f728ab6c19c744d0891""}}"
284,284,"44.727726100000005 , -63.7502696","44.727793600000005 , -63.888912100000006",urban-urban,urban,1108,"{""sample_routes"":{""date"":""2026-09-14"",""run_id"":""90b54bdec3334b93bd285d61c8cff0ef""},""join_samples"":{""date"":""2026-09-14"",""run_id"":""ea2747234a70431790c1691cf7dc34eb""},""upload_data"":{""date"":""2026-09-14"",""run_id"":""914cbeb6d8264f728ab6c19c744d0891""}}"
286,286,"44.592603100000005 , -64.6570392","44.677823800000006 , -64.74213300000001",urban-urban,urban,1293,"{""sample_routes"":{""date"":""2026-09-14"",""run_id"":""90b54bdec3334b93bd285d61c8cff0ef""},""join_samples"":{""date"":""2026-09-14"",""run_id"":""ea2747234a70431790c1691cf7dc34eb""},""upload_data"":{""date"":""2026-09-14"",""run_id"":""914cbeb6d8264f728ab6c19c744d0891""}}"
287,287,"44.764265200000004 , -63.7622555","44.6623235 , -63.7626111",urban-rural,urban,1294,"{""sample_routes"":{""date"":""2026-09-14"",""run_id"":""90b54bdec3334b93bd285d61c8cff0ef""},""join_samples"":{""date"":""2026-09-14"",""run_id"":""ea2747234a70431790c1691cf7dc34eb""},""upload_data"":{""date"":""2026-09-14"",""run_id"":""914cbeb6d8264f728ab6c19c744d0891""}}"
289,289,"44.96875 , -64.9233061","45.0404032 , -64.995333",urban-urban,urban,1106,"{""sample_routes"":{""date"":""2026-09-14"",""run_id"":""90b54bdec3334b93bd285d61c8cff0ef""},""join_samples"":{""date"":""2026-09-14"",""run_id"":""ea2747234a70431790c1691cf7dc34eb""},""upload_data"":{""date"":""2026-09-14"",""run_id"":""914cbeb6d8264f728ab6c19c744d0891""}}"
290,290,"45.8988965 , -61.15559760000001","45.80852 , -61.155292800000005",urban-urban,urban,1106,"{""sample_routes"":{""date"":""2026-09-14"",""run_id"":""90b54bdec3334b93bd285d61c8cff0ef""},""join_samples"":{""date"":""2026-09-14"",""run_id"":""ea2747234a70431790c1691cf7dc34eb""},""upload_data"":{""date"":""2026-09-14"",""run_id"":""914cbeb6d8264f728ab6c19c744d0891""}}"
292,292,"44.8021156 , -63.753137900000006","44.7059438 , -63.753445400000004",urban-urban,urban,1295,"{""sample_routes"":{""date"":""2026-09-14"",""run_id"":""90b54bdec3334b93bd285d61c8cff0ef""},""join_samples"":{""date"":""2026-09-14"",""run_id"":""ea2747234a70431790c1691cf7dc34eb""},""upload_data"":{""date"":""2026-09-14"",""run_id"":""914cbeb6d8264f728ab6c19c744d0891""}}"
293,293,"45.633961500000005 , -61.0011147","45.7181384 , -60.917088400000004",urban-urban,urban,1295,"{""sample_routes"":{""date"":""2026-09-14"",""run_id"":""90b54bdec3334b93bd285d61c8cff0ef""},""join_samples"":{""date"":""2026-09-14"",""run_id"":""ea2747234a70431790c1691cf7dc34eb""},""upload_data"":{""date"":""2026-09-14"",""run_id"":""914cbeb6d8264f728ab6c19c744d0891""}}"
296,296,"45.289280700000006 , -61.5112784","45.202639600000005 , -61.5111974",rural-rural,urban,1103,"{""sample_routes"":{""date"":""2026-09-14"",""run_id"":""90b54bdec3334b93bd285d61c8cff0ef""},""join_samples"":{""date"":""2026-09-14"",""run_id"":""ea2747234a70431790c1691cf7dc34eb""},""upload_data"":{""date"":""2026-09-14"",""run_id"":""914cbeb6d8264f728ab6c19c744d0891""}}"
302,302,"45.953220900000005 , -61.40889790000001","45.953322 , -61.288675100000006",urban-urban,urban,1102,"{""sample_routes"":{""date"":""2026-09-14"",""run_id"":""90b54bdec3334b93bd285d61c8cff0ef""},""join_samples"":{""date"":""2026-09-14"",""run_id"":""ea2747234a70431790c1691cf7dc34eb""},""upload_data"":{""date"":""2026-09-14"",""run_id"":""914cbeb6d8264f728ab6c19c744d0891""}}"
306,306,"44.160638000000006 , -66.0759671","44.202141600000004 , -66.0342644",urban-urban,urban,1100,"{""sample_routes"":{""date"":""2026-09-14"",""run_id"":""90b54bdec3334b93bd285d61c8cff0ef""},""join_samples"":{""date"":""2026-09-14"",""run_id"":""ea2747234a70431790c1691cf7dc34eb""},""upload_data"":{""date"":""2026-09-14"",""run_id"":""914cbeb6d8264f728ab6c19c744d0891""}}"
312,312,"45.58574 , -63.101995800000005","45.6709997 , -63.0169033",urban-urban,urban,1098,"{""sample_routes"":{""date"":""2026-09-14"",""run_id"":""90b54bdec3334b93bd285d61c8cff0ef""},""join_samples"":{""date"":""2026-09-14"",""run_id"":""ea2747234a70431790c1691cf7dc34eb""},""upload_data"":{""date"":""2026-09-14"",""run_id"":""914cbeb6d8264f728ab6c19c744d0891""}}"
313,313,"45.4751491 , -63.631531200000005","45.475427200000006 , -63.7466202",urban-urban,urban,1303,"{""sample_routes"":{""date"":""2026-09-14"",""run_id"":""90b54bdec3334b93bd285d61c8cff0ef""},""join_samples"":{""date"":""2026-09-14"",""run_id"":""ea2747234a70431790c1691cf7dc34eb""},""upload_data"":{""date"":""2026-09-14"",""run_id"":""914cbeb6d8264f728ab6c19c744d0891""}}"
318,318,"45.1181623 , -63.153881600000005","45.010107500000004 , -63.1540839",urban-urban,urban,1093,"{""sample_routes"":{""date"":""2026-09-14"",""run_id"":""90b54bdec3334b93bd285d61c8cff0ef""},""join_samples"":{""date"":""2026-09-14"",""run_id"":""ea2747234a70431790c1691cf7dc34eb""},""upload_data"":{""date"":""2026-09-14"",""run_id"":""914cbeb6d8264f728ab6c19c744d0891""}}"
322,322,"44.5551638 , -65.565735","44.5549789 , -65.66834150000001",urban-urban,urban,1092,"{""sample_routes"":{""date"":""2026-09-14"",""run_id"":""90b54bdec3334b93bd285d61c8cff0ef""},""join_samples"":{""date"":""2026-09-14"",""run_id"":""ea2747234a70431790c1691cf7dc34eb""},""upload_data"":{""date"":""2026-09-14"",""run_id"":""914cbeb6d8264f728ab6c19c744d0891""}}"
323,323,"44.9708115 , -64.9216926","45.040777000000006 , -64.99197240000001",urban-urban,urban,1092,"{""sample_routes"":{""date"":""2026-09-14"",""run_id"":""90b54bdec3334b93bd285d61c8cff0ef""},""join_samples"":{""date"":""2026-09-14"",""run_id"":""ea2747234a70431790c1691cf7dc34eb""},""upload_data"":{""date"":""2026-09-14"",""run_id"":""914cbeb6d8264f728ab6c19c744d0891""}}"
325,325,"45.065588500000004 , -62.951981100000005","45.120360100000006 , -62.8968101",urban-urban,urban,1090,"{""sample_routes"":{""date"":""2026-09-14"",""run_id"":""90b54bdec3334b93bd285d61c8cff0ef""},""join_samples"":{""date"":""2026-09-14"",""run_id"":""ea2747234a70431790c1691cf7dc34eb""},""upload_data"":{""date"":""2026-09-14"",""run_id"":""914cbeb6d8264f728ab6c19c744d0891""}}"
326,326,"45.6016181 , -62.02431610000001","45.721599000000005 , -62.02449060000001",rural-urban,urban,1310,"{""sample_routes"":{""date"":""2026-09-14"",""run_id"":""90b54bdec3334b93bd285d61c8cff0ef""},""join_samples"":{""date"":""2026-09-14"",""run_id"":""ea2747234a70431790c1691cf7dc34eb""},""upload_data"":{""date"":""2026-09-14"",""run_id"":""914cbeb6d8264f728ab6c19c744d0891""}}"
328,328,"45.770479900000005 , -60.577023200000006","45.843726000000004 , -60.6502794",urban-rural,urban,1311,"{""sample_routes"":{""date"":""2026-09-14"",""run_id"":""90b54bdec3334b93bd285d61c8cff0ef""},""join_samples"":{""date"":""2026-09-14"",""run_id"":""ea2747234a70431790c1691cf7dc34eb""},""upload_data"":{""date"":""2026-09-14"",""run_id"":""914cbeb6d8264f728ab6c19c744d0891""}}"
329,329,"44.7791088 , -63.205481600000006","44.675062600000004 , -63.30952250000001",urban-urban,urban,1312,"{""sample_routes"":{""date"":""2026-09-14"",""run_id"":""90b54bdec3334b93bd285d61c8cff0ef""},""join_samples"":{""date"":""2026-09-14"",""run_id"":""ea2747234a70431790c1691cf7dc34eb""},""upload_data"":{""date"":""2026-09-14"",""run_id"":""914cbeb6d8264f728ab6c19c744d0891""}}"
331,331,"43.7512162 , -64.98627780000001","43.8394818 , -65.0746383",urban-rural,urban,1312,"{""sample_routes"":{""date"":""2026-09-14"",""run_id"":""90b54bdec3334b93bd285d61c8cff0ef""},""join_samples"":{""date"":""2026-09-14"",""run_id"":""ea2747234a70431790c1691cf7dc34eb""},""upload_data"":{""date"":""2026-09-14"",""run_id"":""914cbeb6d8264f728ab6c19c744d0891""}}"
332,332,"44.588737300000005 , -65.65202740000001","44.4997691 , -65.5627781",urban-urban,urban,1086,"{""sample_routes"":{""date"":""2026-09-14"",""run_id"":""90b54bdec3334b93bd285d61c8cff0ef""},""join_samples"":{""date"":""2026-09-14"",""run_id"":""ea2747234a70431790c1691cf7dc34eb""},""upload_data"":{""date"":""2026-09-14"",""run_id"":""914cbeb6d8264f728ab6c19c744d0891""}}"
335,335,"45.29316 , -63.020359000000006","45.187583000000004 , -63.019950800000004",urban-urban,urban,1314,"{""sample_routes"":{""date"":""2026-09-14"",""run_id"":""90b54bdec3334b93bd285d61c8cff0ef""},""join_samples"":{""date"":""2026-09-14"",""run_id"":""ea2747234a70431790c1691cf7dc34eb""},""upload_data"":{""date"":""2026-09-14"",""run_id"":""914cbeb6d8264f728ab6c19c744d0891""}}"
337,337,"44.724569300000006 , -63.5991068","44.621323600000004 , -63.598720300000004",rural-urban,urban,1315,"{""sample_routes"":{""date"":""2026-09-14"",""run_id"":""90b54bdec3334b93bd285d61c8cff0ef""},""join_samples"":{""date"":""2026-09-14"",""run_id"":""ea2747234a70431790c1691cf7dc34eb""},""upload_data"":{""date"":""2026-09-14"",""run_id"":""914cbeb6d8264f728ab6c19c744d0891""}}"
339,339,"44.807651 , -63.7595474","44.7194537 , -63.6711838",urban-urban,urban,1084,"{""sample_routes"":{""date"":""2026-09-14"",""run_id"":""90b54bdec3334b93bd285d61c8cff0ef""},""join_samples"":{""date"":""2026-09-14"",""run_id"":""ea2747234a70431790c1691cf7dc34eb""},""upload_data"":{""date"":""2026-09-14"",""run_id"":""914cbeb6d8264f728ab6c19c744d0891""}}"
343,343,"45.948186500000006 , -61.332623500000004","46.045985 , -61.430827900000004",urban-urban,urban,1318,"{""sample_routes"":{""date"":""2026-09-14"",""run_id"":""90b54bdec3334b93bd285d61c8cff0ef""},""join_samples"":{""date"":""2026-09-14"",""run_id"":""ea2747234a70431790c1691cf7dc34eb""},""upload_data"":{""date"":""2026-09-14"",""run_id"":""914cbeb6d8264f728ab6c19c744d0891""}}"
346,346,"45.6831292 , -63.033593100000004","45.5974754 , -63.118861100000004",urban-urban,urban,1320,"{""sample_routes"":{""date"":""2026-09-14"",""run_id"":""90b54bdec3334b93bd285d61c8cff0ef""},""join_samples"":{""date"":""2026-09-14"",""run_id"":""ea2747234a70431790c1691cf7dc34eb""},""upload_data"":{""date"":""2026-09-14"",""run_id"":""914cbeb6d8264f728ab6c19c744d0891""}}"
349,349,"44.956624700000006 , -63.52646360000001","44.9566668 , -63.5850128",urban-urban,urban,1079,"{""sample_routes"":{""date"":""2026-09-14"",""run_id"":""90b54bdec3334b93bd285d61c8cff0ef""},""join_samples"":{""date"":""2026-09-14"",""run_id"":""ea2747234a70431790c1691cf7dc34eb""},""upload_data"":{""date"":""2026-09-14"",""run_id"":""914cbeb6d8264f728ab6c19c744d0891""}}"
350,350,"44.667670900000005 , -63.5798233","44.667453300000005 , -63.6750891",urban-urban,urban,1079,"{""sample_routes"":{""date"":""2026-09-14"",""run_id"":""90b54bdec3334b93bd285d61c8cff0ef""},""join_samples"":{""date"":""2026-09-14"",""run_id"":""ea2747234a70431790c1691cf7dc34eb""},""upload_data"":{""date"":""2026-09-14"",""run_id"":""914cbeb6d8264f728ab6c19c744d0891""}}"
351,351,"45.6222323 , -61.63937490000001","45.622506200000004 , -61.4964445",urban-urban,urban,1078,"{""sample_routes"":{""date"":""2026-09-14"",""run_id"":""90b54bdec3334b93bd285d61c8cff0ef""},""join_samples"":{""date"":""2026-09-14"",""run_id"":""ea2747234a70431790c1691cf7dc34eb""},""upload_data"":{""date"":""2026-09-14"",""run_id"":""914cbeb6d8264f728ab6c19c744d0891""}}"
352,352,"44.7321747 , -63.656424200000004","44.837118700000005 , -63.6561566",urban-urban,urban,1322,"{""sample_routes"":{""date"":""2026-09-14"",""run_id"":""90b54bdec3334b93bd285d61c8cff0ef""},""join_samples"":{""date"":""2026-09-14"",""run_id"":""ea2747234a70431790c1691cf7dc34eb""},""upload_data"":{""date"":""2026-09-14"",""run_id"":""914cbeb6d8264f728ab6c19c744d0891""}}"
353,353,"44.574157400000004 , -65.6354223","44.496267800000005 , -65.5575373",urban-urban,urban,1078,"{""sample_routes"":{""date"":""2026-09-14"",""run_id"":""90b54bdec3334b93bd285d61c8cff0ef""},""join_samples"":{""date"":""2026-09-14"",""run_id"":""ea2747234a70431790c1691cf7dc34eb""},""upload_data"":{""date"":""2026-09-14"",""run_id"":""914cbeb6d8264f728ab6c19c744d0891""}}"
354,354,"44.871707400000005 , -63.6890634","44.7637823 , -63.688683100000006",urban-urban,urban,1077,"{""sample_routes"":{""date"":""2026-09-14"",""run_id"":""90b54bdec3334b93bd285d61c8cff0ef""},""join_samples"":{""date"":""2026-09-14"",""run_id"":""ea2747234a70431790c1691cf7dc34eb""},""upload_data"":{""date"":""2026-09-14"",""run_id"":""914cbeb6d8264f728ab6c19c744d0891""}}"
356,356,"45.519893100000004 , -61.4662659","45.4016335 , -61.4658383",urban-urban,urban,1323,"{""sample_routes"":{""date"":""2026-09-14"",""run_id"":""90b54bdec3334b93bd285d61c8cff0ef""},""join_samples"":{""date"":""2026-09-14"",""run_id"":""ea2747234a70431790c1691cf7dc34eb""},""upload_data"":{""date"":""2026-09-14"",""run_id"":""914cbeb6d8264f728ab6c19c744d0891""}}"
357,357,"44.484899000000006 , -64.51605380000001","44.485007800000005 , -64.6084859",urban-urban,urban,1077,"{""sample_routes"":{""date"":""2026-09-14"",""run_id"":""90b54bdec3334b93bd285d61c8cff0ef""},""join_samples"":{""date"":""2026-09-14"",""run_id"":""ea2747234a70431790c1691cf7dc34eb""},""upload_data"":{""date"":""2026-09-14"",""run_id"":""914cbeb6d8264f728ab6c19c744d0891""}}"
358,358,"44.7653869 , -63.691867300000006","44.7651206 , -63.769120300000004",urban-urban,urban,1324,"{""sample_routes"":{""date"":""2026-09-14"",""run_id"":""90b54bdec3334b93bd285d61c8cff0ef""},""join_samples"":{""date"":""2026-09-14"",""run_id"":""ea2747234a70431790c1691cf7dc34eb""},""upload_data"":{""date"":""2026-09-14"",""run_id"":""914cbeb6d8264f728ab6c19c744d0891""}}"
360,360,"44.3762077 , -65.1043143","44.4326048 , -65.04780910000001",urban-urban,urban,1075,"{""sample_routes"":{""date"":""2026-09-14"",""run_id"":""90b54bdec3334b93bd285d61c8cff0ef""},""join_samples"":{""date"":""2026-09-14"",""run_id"":""ea2747234a70431790c1691cf7dc34eb""},""upload_data"":{""date"":""2026-09-14"",""run_id"":""914cbeb6d8264f728ab6c19c744d0891""}}"
362,362,"44.823668600000005 , -63.62330420000001","44.824029 , -63.674013",urban-urban,urban,1325,"{""sample_routes"":{""date"":""2026-09-14"",""run_id"":""90b54bdec3334b93bd285d61c8cff0ef""},""join_samples"":{""date"":""2026-09-14"",""run_id"":""ea2747234a70431790c1691cf7dc34eb""},""upload_data"":{""date"":""2026-09-14"",""run_id"":""914cbeb6d8264f728ab6c19c744d0891""}}"
363,363,"44.5782856 , -63.5505337","44.668826200000005 , -63.640846100000005",urban-urban,urban,1325,"{""sample_routes"":{""date"":""2026-09-14"",""run_id"":""90b54bdec3334b93bd285d61c8cff0ef""},""join_samples"":{""date"":""2026-09-14"",""run_id"":""ea2747234a70431790c1691cf7dc34eb""},""upload_data"":{""date"":""2026-09-14"",""run_id"":""914cbeb6d8264f728ab6c19c744d0891""}}"
367,367,"46.089742 , -61.2865735","46.0213553 , -61.355273700000005",urban-urban,urban,1074,"{""sample_routes"":{""date"":""2026-09-14"",""run_id"":""90b54bdec3334b93bd285d61c8cff0ef""},""join_samples"":{""date"":""2026-09-14"",""run_id"":""ea2747234a70431790c1691cf7dc34eb""},""upload_data"":{""date"":""2026-09-14"",""run_id"":""914cbeb6d8264f728ab6c19c744d0891""}}"
369,369,"44.555240700000006 , -65.56623950000001","44.626182500000006 , -65.637444",urban-urban,urban,1074,"{""sample_routes"":{""date"":""2026-09-14"",""run_id"":""90b54bdec3334b93bd285d61c8cff0ef""},""join_samples"":{""date"":""2026-09-14"",""run_id"":""ea2747234a70431790c1691cf7dc34eb""},""upload_data"":{""date"":""2026-09-14"",""run_id"":""914cbeb6d8264f728ab6c19c744d0891""}}"
373,373,"45.970142100000004 , -61.2599984","45.969866700000004 , -61.133988200000005",urban-urban,urban,1071,"{""sample_routes"":{""date"":""2026-09-14"",""run_id"":""90b54bdec3334b93bd285d61c8cff0ef""},""join_samples"":{""date"":""2026-09-14"",""run_id"":""ea2747234a70431790c1691cf7dc34eb""},""upload_data"":{""date"":""2026-09-14"",""run_id"":""914cbeb6d8264f728ab6c19c744d0891""}}"
376,376,"44.782521100000004 , -63.5933197","44.891153700000004 , -63.593104100000005",urban-rural,urban,1070,"{""sample_routes"":{""date"":""2026-09-14"",""run_id"":""90b54bdec3334b93bd285d61c8cff0ef""},""join_samples"":{""date"":""2026-09-14"",""run_id"":""ea2747234a70431790c1691cf7dc34eb""},""upload_data"":{""date"":""2026-09-14"",""run_id"":""914cbeb6d8264f728ab6c19c744d0891""}}"
377,377,"45.8701657 , -61.4432327","45.7772346 , -61.443327200000006",urban-urban,urban,1331,"{""sample_routes"":{""date"":""2026-09-14"",""run_id"":""90b54bdec3334b93bd285d61c8cff0ef""},""join_samples"":{""date"":""2026-09-14"",""run_id"":""ea2747234a70431790c1691cf7dc34eb""},""upload_data"":{""date"":""2026-09-14"",""run_id"":""914cbeb6d8264f728ab6c19c744d0891""}}"
378,378,"45.6991821 , -60.7618792","45.6096141 , -60.762042300000005",urban-urban,urban,1069,"{""sample_routes"":{""date"":""2026-09-14"",""run_id"":""90b54bdec3334b93bd285d61c8cff0ef""},""join_samples"":{""date"":""2026-09-14"",""run_id"":""ea2747234a70431790c1691cf7dc34eb""},""upload_data"":{""date"":""2026-09-14"",""run_id"":""914cbeb6d8264f728ab6c19c744d0891""}}"
382,382,"44.6379359 , -63.5236584","44.6379941 , -63.585509900000005",urban-urban,urban,1334,"{""sample_routes"":{""date"":""2026-09-14"",""run_id"":""90b54bdec3334b93bd285d61c8cff0ef""},""join_samples"":{""date"":""2026-09-14"",""run_id"":""ea2747234a70431790c1691cf7dc34eb""},""upload_data"":{""date"":""2026-09-14"",""run_id"":""914cbeb6d8264f728ab6c19c744d0891""}}"
383,383,"45.588813300000005 , -62.6416297","45.6762809 , -62.641715100000006",urban-urban,urban,1065,"{""sample_routes"":{""date"":""2026-09-14"",""run_id"":""90b54bdec3334b93bd285d61c8cff0ef""},""join_samples"":{""date"":""2026-09-14"",""run_id"":""ea2747234a70431790c1691cf7dc34eb""},""upload_data"":{""date"":""2026-09-14"",""run_id"":""914cbeb6d8264f728ab6c19c744d0891""}}"
384,384,"44.0070649 , -66.0730522","44.0584629 , -66.1243936",urban-urban,urban,1065,"{""sample_routes"":{""date"":""2026-09-14"",""run_id"":""90b54bdec3334b93bd285d61c8cff0ef""},""join_samples"":{""date"":""2026-09-14"",""run_id"":""ea2747234a70431790c1691cf7dc34eb""},""upload_data"":{""date"":""2026-09-14"",""run_id"":""914cbeb6d8264f728ab6c19c744d0891""}}"
385,385,"44.6668426 , -63.79347190000001","44.707093400000005 , -63.75302730000001",urban-urban,urban,1336,"{""sample_routes"":{""date"":""2026-09-14"",""run_id"":""90b54bdec3334b93bd285d61c8cff0ef""},""join_samples"":{""date"":""2026-09-14"",""run_id"":""ea2747234a70431790c1691cf7dc34eb""},""upload_data"":{""date"":""2026-09-14"",""run_id"":""914cbeb6d8264f728ab6c19c744d0891""}}"
386,386,"44.727370400000005 , -63.816304800000005","44.6472586 , -63.7358173",urban-urban,urban,1064,"{""sample_routes"":{""date"":""2026-09-14"",""run_id"":""90b54bdec3334b93bd285d61c8cff0ef""},""join_samples"":{""date"":""2026-09-14"",""run_id"":""ea2747234a70431790c1691cf7dc34eb""},""upload_data"":{""date"":""2026-09-14"",""run_id"":""914cbeb6d8264f728ab6c19c744d0891""}}"
388,388,"43.8030692 , -65.34840100000001","43.690987400000004 , -65.2366777",urban-urban,urban,1336,"{""sample_routes"":{""date"":""2026-09-14"",""run_id"":""90b54bdec3334b93bd285d61c8cff0ef""},""join_samples"":{""date"":""2026-09-14"",""run_id"":""ea2747234a70431790c1691cf7dc34eb""},""upload_data"":{""date"":""2026-09-14"",""run_id"":""914cbeb6d8264f728ab6c19c744d0891""}}"
389,389,"44.835112900000006 , -63.6738775","44.8349938 , -63.7824261",urban-urban,urban,1336,"{""sample_routes"":{""date"":""2026-09-14"",""run_id"":""90b54bdec3334b93bd285d61c8cff0ef""},""join_samples"":{""date"":""2026-09-14"",""run_id"":""ea2747234a70431790c1691cf7dc34eb""},""upload_data"":{""date"":""2026-09-14"",""run_id"":""914cbeb6d8264f728ab6c19c744d0891""}}"
390,390,"45.021241700000004 , -63.3390544","44.9680449 , -63.2860469",urban-urban,urban,1063,"{""sample_routes"":{""date"":""2026-09-14"",""run_id"":""90b54bdec3334b93bd285d61c8cff0ef""},""join_samples"":{""date"":""2026-09-14"",""run_id"":""ea2747234a70431790c1691cf7dc34eb""},""upload_data"":{""date"":""2026-09-14"",""run_id"":""914cbeb6d8264f728ab6c19c744d0891""}}"
391,391,"45.1328144 , -63.1471202","45.132393900000004 , -63.022398800000005",urban-urban,urban,1338,"{""sample_routes"":{""date"":""2026-09-14"",""run_id"":""90b54bdec3334b93bd285d61c8cff0ef""},""join_samples"":{""date"":""2026-09-14"",""run_id"":""ea2747234a70431790c1691cf7dc34eb""},""upload_data"":{""date"":""2026-09-14"",""run_id"":""914cbeb6d8264f728ab6c19c744d0891""}}"
394,394,"44.6624466 , -63.5380151","44.6621783 , -63.673225",urban-urban,urban,1060,"{""sample_routes"":{""date"":""2026-09-14"",""run_id"":""90b54bdec3334b93bd285d61c8cff0ef""},""join_samples"":{""date"":""2026-09-14"",""run_id"":""ea2747234a70431790c1691cf7dc34eb""},""upload_data"":{""date"":""2026-09-14"",""run_id"":""914cbeb6d8264f728ab6c19c744d0891""}}"
396,396,"45.436321500000005 , -63.838789000000006","45.4365096 , -63.837189800000004",urban-urban,urban,1059,"{""sample_routes"":{""date"":""2026-09-14"",""run_id"":""90b54bdec3334b93bd285d61c8cff0ef""},""join_samples"":{""date"":""2026-09-14"",""run_id"":""ea2747234a70431790c1691cf7dc34eb""},""upload_data"":{""date"":""2026-09-14"",""run_id"":""914cbeb6d8264f728ab6c19c744d0891""}}"
397,397,"44.658430200000005 , -63.4775628","44.658214300000004 , -63.59001000000001",urban-urban,urban,1341,"{""sample_routes"":{""date"":""2026-09-14"",""run_id"":""90b54bdec3334b93bd285d61c8cff0ef""},""join_samples"":{""date"":""2026-09-14"",""run_id"":""ea2747234a70431790c1691cf7dc34eb""},""upload_data"":{""date"":""2026-09-14"",""run_id"":""914cbeb6d8264f728ab6c19c744d0891""}}"
402,402,"45.700375300000005 , -60.780470400000006","45.6131229 , -60.7806196",urban-urban,urban,1057,"{""sample_routes"":{""date"":""2026-09-14"",""run_id"":""90b54bdec3334b93bd285d61c8cff0ef""},""join_samples"":{""date"":""2026-09-14"",""run_id"":""ea2747234a70431790c1691cf7dc34eb""},""upload_data"":{""date"":""2026-09-14"",""run_id"":""914cbeb6d8264f728ab6c19c744d0891""}}"
405,405,"45.1241355 , -62.8994045","45.0694365 , -62.953705600000006",urban-urban,urban,1055,"{""sample_routes"":{""date"":""2026-09-14"",""run_id"":""90b54bdec3334b93bd285d61c8cff0ef""},""join_samples"":{""date"":""2026-09-14"",""run_id"":""ea2747234a70431790c1691cf7dc34eb""},""upload_data"":{""date"":""2026-09-14"",""run_id"":""914cbeb6d8264f728ab6c19c744d0891""}}"
408,408,"45.183016300000006 , -63.071423300000006","45.0962006 , -63.157998000000006",urban-urban,urban,1053,"{""sample_routes"":{""date"":""2026-09-14"",""run_id"":""90b54bdec3334b93bd285d61c8cff0ef""},""join_samples"":{""date"":""2026-09-14"",""run_id"":""ea2747234a70431790c1691cf7dc34eb""},""upload_data"":{""date"":""2026-09-14"",""run_id"":""914cbeb6d8264f728ab6c19c744d0891""}}"
409,409,"45.1639293 , -63.079241800000005","45.0424188 , -63.079655",urban-urban,urban,1348,"{""sample_routes"":{""date"":""2026-09-14"",""run_id"":""90b54bdec3334b93bd285d61c8cff0ef""},""join_samples"":{""date"":""2026-09-14"",""run_id"":""ea2747234a70431790c1691cf7dc34eb""},""upload_data"":{""date"":""2026-09-14"",""run_id"":""914cbeb6d8264f728ab6c19c744d0891""}}"
411,411,"45.9888473 , -60.719070300000006","45.9223337 , -60.652973900000006",rural-urban,urban,1051,"{""sample_routes"":{""date"":""2026-09-14"",""run_id"":""90b54bdec3334b93bd285d61c8cff0ef""},""join_samples"":{""date"":""2026-09-14"",""run_id"":""ea2747234a70431790c1691cf7dc34eb""},""upload_data"":{""date"":""2026-09-14"",""run_id"":""914cbeb6d8264f728ab6c19c744d0891""}}"
413,413,"45.6719038 , -63.048139600000006","45.672259600000004 , -62.9113465",urban-urban,urban,1051,"{""sample_routes"":{""date"":""2026-09-14"",""run_id"":""90b54bdec3334b93bd285d61c8cff0ef""},""join_samples"":{""date"":""2026-09-14"",""run_id"":""ea2747234a70431790c1691cf7dc34eb""},""upload_data"":{""date"":""2026-09-14"",""run_id"":""914cbeb6d8264f728ab6c19c744d0891""}}"
415,415,"44.7123009 , -63.6755415","44.767503600000005 , -63.730721700000004",urban-urban,urban,1050,"{""sample_routes"":{""date"":""2026-09-14"",""run_id"":""90b54bdec3334b93bd285d61c8cff0ef""},""join_samples"":{""date"":""2026-09-14"",""run_id"":""ea2747234a70431790c1691cf7dc34eb""},""upload_data"":{""date"":""2026-09-14"",""run_id"":""914cbeb6d8264f728ab6c19c744d0891""}}"
416,416,"45.7194992 , -63.76372670000001","45.8305209 , -63.652534900000006",urban-urban,urban,1350,"{""sample_routes"":{""date"":""2026-09-14"",""run_id"":""90b54bdec3334b93bd285d61c8cff0ef""},""join_samples"":{""date"":""2026-09-14"",""run_id"":""ea2747234a70431790c1691cf7dc34eb""},""upload_data"":{""date"":""2026-09-14"",""run_id"":""914cbeb6d8264f728ab6c19c744d0891""}}"
419,419,"44.527934800000004 , -64.64296800000001","44.6205094 , -64.7353669",urban-urban,urban,1049,"{""sample_routes"":{""date"":""2026-09-14"",""run_id"":""90b54bdec3334b93bd285d61c8cff0ef""},""join_samples"":{""date"":""2026-09-14"",""run_id"":""ea2747234a70431790c1691cf7dc34eb""},""upload_data"":{""date"":""2026-09-14"",""run_id"":""914cbeb6d8264f728ab6c19c744d0891""}}"
422,422,"45.4729566 , -63.057842300000004","45.581759000000005 , -63.166917000000005",urban-rural,urban,1352,"{""sample_routes"":{""date"":""2026-09-14"",""run_id"":""90b54bdec3334b93bd285d61c8cff0ef""},""join_samples"":{""date"":""2026-09-14"",""run_id"":""ea2747234a70431790c1691cf7dc34eb""},""upload_data"":{""date"":""2026-09-14"",""run_id"":""914cbeb6d8264f728ab6c19c744d0891""}}"
423,423,"45.478318300000005 , -62.3517408","45.539285 , -62.2904812",urban-urban,urban,1352,"{""sample_routes"":{""date"":""2026-09-14"",""run_id"":""90b54bdec3334b93bd285d61c8cff0ef""},""join_samples"":{""date"":""2026-09-14"",""run_id"":""ea2747234a70431790c1691cf7dc34eb""},""upload_data"":{""date"":""2026-09-14"",""run_id"":""914cbeb6d8264f728ab6c19c744d0891""}}"
428,428,"44.370573 , -65.1048126","44.450167300000004 , -65.1844877",urban-urban,urban,1354,"{""sample_routes"":{""date"":""2026-09-14"",""run_id"":""90b54bdec3334b93bd285d61c8cff0ef""},""join_samples"":{""date"":""2026-09-14"",""run_id"":""ea2747234a70431790c1691cf7dc34eb""},""upload_data"":{""date"":""2026-09-14"",""run_id"":""914cbeb6d8264f728ab6c19c744d0891""}}"
431,431,"45.4552169 , -61.744537300000005","45.3567175 , -61.744801200000005",urban-urban,urban,1355,"{""sample_routes"":{""date"":""2026-09-14"",""run_id"":""90b54bdec3334b93bd285d61c8cff0ef""},""join_samples"":{""date"":""2026-09-14"",""run_id"":""ea2747234a70431790c1691cf7dc34eb""},""upload_data"":{""date"":""2026-09-14"",""run_id"":""914cbeb6d8264f728ab6c19c744d0891""}}"
432,432,"44.782480500000005 , -63.686662600000005","44.8228513 , -63.7269268",urban-urban,urban,1044,"{""sample_routes"":{""date"":""2026-09-14"",""run_id"":""90b54bdec3334b93bd285d61c8cff0ef""},""join_samples"":{""date"":""2026-09-14"",""run_id"":""ea2747234a70431790c1691cf7dc34eb""},""upload_data"":{""date"":""2026-09-14"",""run_id"":""914cbeb6d8264f728ab6c19c744d0891""}}"
433,433,"44.0925044 , -66.07705820000001","44.2118441 , -66.07681240000001",rural-urban,urban,1357,"{""sample_routes"":{""date"":""2026-09-14"",""run_id"":""90b54bdec3334b93bd285d61c8cff0ef""},""join_samples"":{""date"":""2026-09-14"",""run_id"":""ea2747234a70431790c1691cf7dc34eb""},""upload_data"":{""date"":""2026-09-14"",""run_id"":""914cbeb6d8264f728ab6c19c744d0891""}}"
435,435,"44.0921401 , -66.07814760000001","44.004830600000005 , -65.99053550000001",rural-urban,urban,1357,"{""sample_routes"":{""date"":""2026-09-14"",""run_id"":""90b54bdec3334b93bd285d61c8cff0ef""},""join_samples"":{""date"":""2026-09-14"",""run_id"":""ea2747234a70431790c1691cf7dc34eb""},""upload_data"":{""date"":""2026-09-14"",""run_id"":""914cbeb6d8264f728ab6c19c744d0891""}}"
437,437,"45.688737100000004 , -61.315233600000006","45.7842773 , -61.4108085",rural-urban,urban,1357,"{""sample_routes"":{""date"":""2026-09-14"",""run_id"":""90b54bdec3334b93bd285d61c8cff0ef""},""join_samples"":{""date"":""2026-09-14"",""run_id"":""ea2747234a70431790c1691cf7dc34eb""},""upload_data"":{""date"":""2026-09-14"",""run_id"":""914cbeb6d8264f728ab6c19c744d0891""}}"
439,439,"44.6599677 , -63.6550335","44.5650236 , -63.5596758",urban-urban,urban,1358,"{""sample_routes"":{""date"":""2026-09-14"",""run_id"":""90b54bdec3334b93bd285d61c8cff0ef""},""join_samples"":{""date"":""2026-09-14"",""run_id"":""ea2747234a70431790c1691cf7dc34eb""},""upload_data"":{""date"":""2026-09-14"",""run_id"":""914cbeb6d8264f728ab6c19c744d0891""}}"
441,441,"44.793050400000006 , -63.724348000000006","44.7461367 , -63.771631000000006",urban-urban,urban,1041,"{""sample_routes"":{""date"":""2026-09-14"",""run_id"":""90b54bdec3334b93bd285d61c8cff0ef""},""join_samples"":{""date"":""2026-09-14"",""run_id"":""ea2747234a70431790c1691cf7dc34eb""},""upload_data"":{""date"":""2026-09-14"",""run_id"":""914cbeb6d8264f728ab6c19c744d0891""}}"
445,445,"45.024093 , -63.4766241","45.089875400000004 , -63.4762391",urban-urban,urban,1039,"{""sample_routes"":{""date"":""2026-09-14"",""run_id"":""90b54bdec3334b93bd285d61c8cff0ef""},""join_samples"":{""date"":""2026-09-14"",""run_id"":""ea2747234a70431790c1691cf7dc34eb""},""upload_data"":{""date"":""2026-09-14"",""run_id"":""914cbeb6d8264f728ab6c19c744d0891""}}"
447,447,"45.086105700000005 , -64.6273704","45.196811700000005 , -64.6271689",urban-urban,urban,1361,"{""sample_routes"":{""date"":""2026-09-14"",""run_id"":""90b54bdec3334b93bd285d61c8cff0ef""},""join_samples"":{""date"":""2026-09-14"",""run_id"":""ea2747234a70431790c1691cf7dc34eb""},""upload_data"":{""date"":""2026-09-14"",""run_id"":""914cbeb6d8264f728ab6c19c744d0891""}}"
453,453,"44.095556200000004 , -66.018032","44.187028600000005 , -66.1098346",urban-urban,urban,1364,"{""sample_routes"":{""date"":""2026-09-14"",""run_id"":""90b54bdec3334b93bd285d61c8cff0ef""},""join_samples"":{""date"":""2026-09-14"",""run_id"":""ea2747234a70431790c1691cf7dc34eb""},""upload_data"":{""date"":""2026-09-14"",""run_id"":""914cbeb6d8264f728ab6c19c744d0891""}}"
454,454,"45.834262800000005 , -63.811901600000006","45.908357 , -63.88561550000001",urban-rural,urban,1036,"{""sample_routes"":{""date"":""2026-09-14"",""run_id"":""90b54bdec3334b93bd285d61c8cff0ef""},""join_samples"":{""date"":""2026-09-14"",""run_id"":""ea2747234a70431790c1691cf7dc34eb""},""upload_data"":{""date"":""2026-09-14"",""run_id"":""914cbeb6d8264f728ab6c19c744d0891""}}"
459,459,"44.6556518 , -63.477355","44.6557605 , -63.648240300000005",urban-urban,urban,1365,"{""sample_routes"":{""date"":""2026-09-14"",""run_id"":""90b54bdec3334b93bd285d61c8cff0ef""},""join_samples"":{""date"":""2026-09-14"",""run_id"":""ea2747234a70431790c1691cf7dc34eb""},""upload_data"":{""date"":""2026-09-14"",""run_id"":""914cbeb6d8264f728ab6c19c744d0891""}}"
460,460,"44.612278 , -63.608392300000006","44.6737308 , -63.5469208",urban-urban,urban,1366,"{""sample_routes"":{""date"":""2026-09-14"",""run_id"":""90b54bdec3334b93bd285d61c8cff0ef""},""join_samples"":{""date"":""2026-09-14"",""run_id"":""ea2747234a70431790c1691cf7dc34eb""},""upload_data"":{""date"":""2026-09-14"",""run_id"":""914cbeb6d8264f728ab6c19c744d0891""}}"
462,462,"44.730349000000004 , -64.61309800000001","44.6499527 , -64.5323535",rural-urban,urban,1034,"{""sample_routes"":{""date"":""2026-09-14"",""run_id"":""90b54bdec3334b93bd285d61c8cff0ef""},""join_samples"":{""date"":""2026-09-14"",""run_id"":""ea2747234a70431790c1691cf7dc34eb""},""upload_data"":{""date"":""2026-09-14"",""run_id"":""914cbeb6d8264f728ab6c19c744d0891""}}"
464,464,"46.0382594 , -61.2825338","46.1476418 , -61.282375300000005",urban-urban,urban,1368,"{""sample_routes"":{""date"":""2026-09-14"",""run_id"":""90b54bdec3334b93bd285d61c8cff0ef""},""join_samples"":{""date"":""2026-09-14"",""run_id"":""ea2747234a70431790c1691cf7dc34eb""},""upload_data"":{""date"":""2026-09-14"",""run_id"":""914cbeb6d8264f728ab6c19c744d0891""}}"
465,465,"44.6672409 , -63.4824715","44.667250800000005 , -63.655697",urban-urban,urban,1368,"{""sample_routes"":{""date"":""2026-09-14"",""run_id"":""90b54bdec3334b93bd285d61c8cff0ef""},""join_samples"":{""date"":""2026-09-14"",""run_id"":""ea2747234a70431790c1691cf7dc34eb""},""upload_data"":{""date"":""2026-09-14"",""run_id"":""914cbeb6d8264f728ab6c19c744d0891""}}"
466,466,"46.3795282 , -60.842152600000006","46.379301600000005 , -61.006003400000004",urban-urban,urban,1368,"{""sample_routes"":{""date"":""2026-09-14"",""run_id"":""90b54bdec3334b93bd285d61c8cff0ef""},""join_samples"":{""date"":""2026-09-14"",""run_id"":""ea2747234a70431790c1691cf7dc34eb""},""upload_data"":{""date"":""2026-09-14"",""run_id"":""914cbeb6d8264f728ab6c19c744d0891""}}"
467,467,"45.0622308 , -64.7932444","45.1344122 , -64.8653476",urban-urban,urban,1031,"{""sample_routes"":{""date"":""2026-09-14"",""run_id"":""90b54bdec3334b93bd285d61c8cff0ef""},""join_samples"":{""date"":""2026-09-14"",""run_id"":""ea2747234a70431790c1691cf7dc34eb""},""upload_data"":{""date"":""2026-09-14"",""run_id"":""914cbeb6d8264f728ab6c19c744d0891""}}"
468,468,"45.206815000000006 , -61.4937959","45.280498300000005 , -61.4941448",urban-rural,urban,1031,"{""sample_routes"":{""date"":""2026-09-14"",""run_id"":""90b54bdec3334b93bd285d61c8cff0ef""},""join_samples"":{""date"":""2026-09-14"",""run_id"":""ea2747234a70431790c1691cf7dc34eb""},""upload_data"":{""date"":""2026-09-14"",""run_id"":""914cbeb6d8264f728ab6c19c744d0891""}}"
470,470,"45.1108209 , -63.158229600000006","45.2072938 , -63.0620399",urban-urban,urban,1369,"{""sample_routes"":{""date"":""2026-09-14"",""run_id"":""90b54bdec3334b93bd285d61c8cff0ef""},""join_samples"":{""date"":""2026-09-14"",""run_id"":""ea2747234a70431790c1691cf7dc34eb""},""upload_data"":{""date"":""2026-09-14"",""run_id"":""914cbeb6d8264f728ab6c19c744d0891""}}"
472,472,"45.792772500000005 , -61.236285","45.7923902 , -61.347536700000006",urban-urban,urban,1029,"{""sample_routes"":{""date"":""2026-09-14"",""run_id"":""90b54bdec3334b93bd285d61c8cff0ef""},""join_samples"":{""date"":""2026-09-14"",""run_id"":""ea2747234a70431790c1691cf7dc34eb""},""upload_data"":{""date"":""2026-09-14"",""run_id"":""914cbeb6d8264f728ab6c19c744d0891""}}"
475,475,"44.652557800000004 , -63.4875394","44.652757 , -63.649898900000004",urban-urban,urban,1372,"{""sample_routes"":{""date"":""2026-09-14"",""run_id"":""90b54bdec3334b93bd285d61c8cff0ef""},""join_samples"":{""date"":""2026-09-14"",""run_id"":""ea2747234a70431790c1691cf7dc34eb""},""upload_data"":{""date"":""2026-09-14"",""run_id"":""914cbeb6d8264f728ab6c19c744d0891""}}"
477,477,"45.1135071 , -62.23104790000001","45.113925300000005 , -62.38739580000001",urban-urban,urban,1027,"{""sample_routes"":{""date"":""2026-09-14"",""run_id"":""90b54bdec3334b93bd285d61c8cff0ef""},""join_samples"":{""date"":""2026-09-14"",""run_id"":""ea2747234a70431790c1691cf7dc34eb""},""upload_data"":{""date"":""2026-09-14"",""run_id"":""914cbeb6d8264f728ab6c19c744d0891""}}"
478,478,"44.8672028 , -63.614450000000005","44.780239 , -63.614200700000005",urban-urban,urban,1027,"{""sample_routes"":{""date"":""2026-09-14"",""run_id"":""90b54bdec3334b93bd285d61c8cff0ef""},""join_samples"":{""date"":""2026-09-14"",""run_id"":""ea2747234a70431790c1691cf7dc34eb""},""upload_data"":{""date"":""2026-09-14"",""run_id"":""914cbeb6d8264f728ab6c19c744d0891""}}"
479,479,"45.571283300000005 , -61.905182200000006","45.4917645 , -61.8258609",urban-urban,urban,1026,"{""sample_routes"":{""date"":""2026-09-14"",""run_id"":""90b54bdec3334b93bd285d61c8cff0ef""},""join_samples"":{""date"":""2026-09-14"",""run_id"":""ea2747234a70431790c1691cf7dc34eb""},""upload_data"":{""date"":""2026-09-14"",""run_id"":""914cbeb6d8264f728ab6c19c744d0891""}}"
480,480,"44.674853000000006 , -63.6497748","44.675004400000006 , -63.4847363",urban-urban,urban,1374,"{""sample_routes"":{""date"":""2026-09-14"",""run_id"":""90b54bdec3334b93bd285d61c8cff0ef""},""join_samples"":{""date"":""2026-09-14"",""run_id"":""ea2747234a70431790c1691cf7dc34eb""},""upload_data"":{""date"":""2026-09-14"",""run_id"":""914cbeb6d8264f728ab6c19c744d0891""}}"
482,482,"45.2587671 , -62.3874118","45.163187300000004 , -62.4830009",urban-urban,urban,1375,"{""sample_routes"":{""date"":""2026-09-14"",""run_id"":""90b54bdec3334b93bd285d61c8cff0ef""},""join_samples"":{""date"":""2026-09-14"",""run_id"":""ea2747234a70431790c1691cf7dc34eb""},""upload_data"":{""date"":""2026-09-14"",""run_id"":""914cbeb6d8264f728ab6c19c744d0891""}}"
483,483,"45.867197600000004 , -61.4283986","45.787115 , -61.4286802",urban-urban,urban,1376,"{""sample_routes"":{""date"":""2026-09-14"",""run_id"":""90b54bdec3334b93bd285d61c8cff0ef""},""join_samples"":{""date"":""2026-09-14"",""run_id"":""ea2747234a70431790c1691cf7dc34eb""},""upload_data"":{""date"":""2026-09-14"",""run_id"":""914cbeb6d8264f728ab6c19c744d0891""}}"
485,485,"45.1293717 , -62.4523214","45.129780100000005 , -62.4221269",urban-urban,urban,1376,"{""sample_routes"":{""date"":""2026-09-14"",""run_id"":""90b54bdec3334b93bd285d61c8cff0ef""},""join_samples"":{""date"":""2026-09-14"",""run_id"":""ea2747234a70431790c1691cf7dc34eb""},""upload_data"":{""date"":""2026-09-14"",""run_id"":""914cbeb6d8264f728ab6c19c744d0891""}}"
486,486,"44.7127646 , -63.7601481","44.665985500000005 , -63.76039050000001",urban-urban,urban,1376,"{""sample_routes"":{""date"":""2026-09-14"",""run_id"":""90b54bdec3334b93bd285d61c8cff0ef""},""join_samples"":{""date"":""2026-09-14"",""run_id"":""ea2747234a70431790c1691cf7dc34eb""},""upload_data"":{""date"":""2026-09-14"",""run_id"":""914cbeb6d8264f728ab6c19c744d0891""}}"
487,487,"44.494114 , -64.3248994","44.560341300000005 , -64.2588147",urban-urban,urban,1024,"{""sample_routes"":{""date"":""2026-09-14"",""run_id"":""90b54bdec3334b93bd285d61c8cff0ef""},""join_samples"":{""date"":""2026-09-14"",""run_id"":""ea2747234a70431790c1691cf7dc34eb""},""upload_data"":{""date"":""2026-09-14"",""run_id"":""914cbeb6d8264f728ab6c19c744d0891""}}"
488,488,"45.4916835 , -61.825783300000005","45.571283300000005 , -61.905182200000006",urban-urban,urban,1023,"{""sample_routes"":{""date"":""2026-09-14"",""run_id"":""90b54bdec3334b93bd285d61c8cff0ef""},""join_samples"":{""date"":""2026-09-14"",""run_id"":""ea2747234a70431790c1691cf7dc34eb""},""upload_data"":{""date"":""2026-09-14"",""run_id"":""914cbeb6d8264f728ab6c19c744d0891""}}"
492,492,"46.1749403 , -60.9894851","46.231734200000005 , -60.932964600000005",urban-rural,urban,1021,"{""sample_routes"":{""date"":""2026-09-14"",""run_id"":""90b54bdec3334b93bd285d61c8cff0ef""},""join_samples"":{""date"":""2026-09-14"",""run_id"":""ea2747234a70431790c1691cf7dc34eb""},""upload_data"":{""date"":""2026-09-14"",""run_id"":""914cbeb6d8264f728ab6c19c744d0891""}}"
494,494,"46.2039424 , -60.713956","46.1661331 , -60.71356230000001",urban-urban,urban,1021,"{""sample_routes"":{""date"":""2026-09-14"",""run_id"":""90b54bdec3334b93bd285d61c8cff0ef""},""join_samples"":{""date"":""2026-09-14"",""run_id"":""ea2747234a70431790c1691cf7dc34eb""},""upload_data"":{""date"":""2026-09-14"",""run_id"":""914cbeb6d8264f728ab6c19c744d0891""}}"
495,495,"44.650531400000006 , -63.476172600000005","44.650397500000004 , -63.61219260000001",urban-urban,urban,1379,"{""sample_routes"":{""date"":""2026-09-14"",""run_id"":""90b54bdec3334b93bd285d61c8cff0ef""},""join_samples"":{""date"":""2026-09-14"",""run_id"":""ea2747234a70431790c1691cf7dc34eb""},""upload_data"":{""date"":""2026-09-14"",""run_id"":""914cbeb6d8264f728ab6c19c744d0891""}}"
497,497,"44.291690300000006 , -65.0777212","44.4074034 , -65.0778107",urban-rural,urban,1380,"{""sample_routes"":{""date"":""2026-09-14"",""run_id"":""90b54bdec3334b93bd285d61c8cff0ef""},""join_samples"":{""date"":""2026-09-14"",""run_id"":""ea2747234a70431790c1691cf7dc34eb""},""upload_data"":{""date"":""2026-09-14"",""run_id"":""914cbeb6d8264f728ab6c19c744d0891""}}"
498,498,"43.902595700000006 , -65.8273456","43.8445004 , -65.8277056",urban-urban,urban,1020,"{""sample_routes"":{""date"":""2026-09-14"",""run_id"":""90b54bdec3334b93bd285d61c8cff0ef""},""join_samples"":{""date"":""2026-09-14"",""run_id"":""ea2747234a70431790c1691cf7dc34eb""},""upload_data"":{""date"":""2026-09-14"",""run_id"":""914cbeb6d8264f728ab6c19c744d0891""}}"
503,503,"45.6144033 , -60.814177900000004","45.721947500000006 , -60.8142135",urban-urban,mixed,1202,"{""sample_routes"":{""date"":""2026-09-14"",""run_id"":""90b54bdec3334b93bd285d61c8cff0ef""},""join_samples"":{""date"":""2026-09-14"",""run_id"":""ea2747234a70431790c1691cf7dc34eb""},""upload_data"":{""date"":""2026-09-14"",""run_id"":""914cbeb6d8264f728ab6c19c744d0891""}}"
510,510,"44.4855079 , -64.670781","44.5542583 , -64.60224290000001",urban-urban,mixed,1197,"{""sample_routes"":{""date"":""2026-09-14"",""run_id"":""90b54bdec3334b93bd285d61c8cff0ef""},""join_samples"":{""date"":""2026-09-14"",""run_id"":""ea2747234a70431790c1691cf7dc34eb""},""upload_data"":{""date"":""2026-09-14"",""run_id"":""914cbeb6d8264f728ab6c19c744d0891""}}"
511,511,"44.9664854 , -63.504073700000006","45.0778617 , -63.6150748",urban-urban,mixed,1197,"{""sample_routes"":{""date"":""2026-09-14"",""run_id"":""90b54bdec3334b93bd285d61c8cff0ef""},""join_samples"":{""date"":""2026-09-14"",""run_id"":""ea2747234a70431790c1691cf7dc34eb""},""upload_data"":{""date"":""2026-09-14"",""run_id"":""914cbeb6d8264f728ab6c19c744d0891""}}"
513,513,"43.9727083 , -66.13077650000001","43.844385700000004 , -66.13064630000001",urban-rural,mixed,1206,"{""sample_routes"":{""date"":""2026-09-14"",""run_id"":""90b54bdec3334b93bd285d61c8cff0ef""},""join_samples"":{""date"":""2026-09-14"",""run_id"":""ea2747234a70431790c1691cf7dc34eb""},""upload_data"":{""date"":""2026-09-14"",""run_id"":""914cbeb6d8264f728ab6c19c744d0891""}}"
515,515,"46.0047258 , -60.805007200000006","46.0049502 , -60.9446056",rural-rural,mixed,1193,"{""sample_routes"":{""date"":""2026-09-14"",""run_id"":""90b54bdec3334b93bd285d61c8cff0ef""},""join_samples"":{""date"":""2026-09-14"",""run_id"":""ea2747234a70431790c1691cf7dc34eb""},""upload_data"":{""date"":""2026-09-14"",""run_id"":""914cbeb6d8264f728ab6c19c744d0891""}}"
516,516,"44.355361200000004 , -64.5362674","44.441731100000005 , -64.4497393",urban-urban,mixed,1193,"{""sample_routes"":{""date"":""2026-09-14"",""run_id"":""90b54bdec3334b93bd285d61c8cff0ef""},""join_samples"":{""date"":""2026-09-14"",""run_id"":""ea2747234a70431790c1691cf7dc34eb""},""upload_data"":{""date"":""2026-09-14"",""run_id"":""914cbeb6d8264f728ab6c19c744d0891""}}"
517,517,"44.323824 , -64.59508600000001","44.370265200000006 , -64.6418763",urban-rural,mixed,1207,"{""sample_routes"":{""date"":""2026-09-14"",""run_id"":""90b54bdec3334b93bd285d61c8cff0ef""},""join_samples"":{""date"":""2026-09-14"",""run_id"":""ea2747234a70431790c1691cf7dc34eb""},""upload_data"":{""date"":""2026-09-14"",""run_id"":""914cbeb6d8264f728ab6c19c744d0891""}}"
518,518,"44.3787311 , -64.3561006","44.4481942 , -64.356307",urban-urban,mixed,1193,"{""sample_routes"":{""date"":""2026-09-14"",""run_id"":""90b54bdec3334b93bd285d61c8cff0ef""},""join_samples"":{""date"":""2026-09-14"",""run_id"":""ea2747234a70431790c1691cf7dc34eb""},""upload_data"":{""date"":""2026-09-14"",""run_id"":""914cbeb6d8264f728ab6c19c744d0891""}}"
519,519,"45.7914961 , -60.2988689","45.7433479 , -60.250333100000006",urban-rural,mixed,1192,"{""sample_routes"":{""date"":""2026-09-14"",""run_id"":""90b54bdec3334b93bd285d61c8cff0ef""},""join_samples"":{""date"":""2026-09-14"",""run_id"":""ea2747234a70431790c1691cf7dc34eb""},""upload_data"":{""date"":""2026-09-14"",""run_id"":""914cbeb6d8264f728ab6c19c744d0891""}}"
520,520,"44.913031600000004 , -64.4412787","44.8402976 , -64.5136384",urban-rural,mixed,1208,"{""sample_routes"":{""date"":""2026-09-14"",""run_id"":""90b54bdec3334b93bd285d61c8cff0ef""},""join_samples"":{""date"":""2026-09-14"",""run_id"":""ea2747234a70431790c1691cf7dc34eb""},""upload_data"":{""date"":""2026-09-14"",""run_id"":""914cbeb6d8264f728ab6c19c744d0891""}}"
521,521,"45.3753066 , -63.1123096","45.4428817 , -63.112135",urban-rural,mixed,1192,"{""sample_routes"":{""date"":""2026-09-14"",""run_id"":""90b54bdec3334b93bd285d61c8cff0ef""},""join_samples"":{""date"":""2026-09-14"",""run_id"":""ea2747234a70431790c1691cf7dc34eb""},""upload_data"":{""date"":""2026-09-14"",""run_id"":""914cbeb6d8264f728ab6c19c744d0891""}}"
523,523,"44.527097700000006 , -64.1232653","44.6114447 , -64.12316220000001",urban-rural,mixed,1191,"{""sample_routes"":{""date"":""2026-09-14"",""run_id"":""90b54bdec3334b93bd285d61c8cff0ef""},""join_samples"":{""date"":""2026-09-14"",""run_id"":""ea2747234a70431790c1691cf7dc34eb""},""upload_data"":{""date"":""2026-09-14"",""run_id"":""914cbeb6d8264f728ab6c19c744d0891""}}"
524,524,"45.014859400000006 , -65.0566093","44.925502400000006 , -64.9670091",urban-urban,mixed,1210,"{""sample_routes"":{""date"":""2026-09-14"",""run_id"":""90b54bdec3334b93bd285d61c8cff0ef""},""join_samples"":{""date"":""2026-09-14"",""run_id"":""ea2747234a70431790c1691cf7dc34eb""},""upload_data"":{""date"":""2026-09-14"",""run_id"":""914cbeb6d8264f728ab6c19c744d0891""}}"
525,525,"45.612169200000004 , -61.99888970000001","45.7113147 , -61.899576",urban-urban,mixed,1190,"{""sample_routes"":{""date"":""2026-09-14"",""run_id"":""90b54bdec3334b93bd285d61c8cff0ef""},""join_samples"":{""date"":""2026-09-14"",""run_id"":""ea2747234a70431790c1691cf7dc34eb""},""upload_data"":{""date"":""2026-09-14"",""run_id"":""914cbeb6d8264f728ab6c19c744d0891""}}"
526,526,"44.5815702 , -65.5762296","44.5813837 , -65.7750671",urban-urban,mixed,1211,"{""sample_routes"":{""date"":""2026-09-14"",""run_id"":""90b54bdec3334b93bd285d61c8cff0ef""},""join_samples"":{""date"":""2026-09-14"",""run_id"":""ea2747234a70431790c1691cf7dc34eb""},""upload_data"":{""date"":""2026-09-14"",""run_id"":""914cbeb6d8264f728ab6c19c744d0891""}}"
533,533,"44.9609353 , -64.07012470000001","44.9607657 , -63.875406500000004",urban-rural,mixed,1213,"{""sample_routes"":{""date"":""2026-09-14"",""run_id"":""90b54bdec3334b93bd285d61c8cff0ef""},""join_samples"":{""date"":""2026-09-14"",""run_id"":""ea2747234a70431790c1691cf7dc34eb""},""upload_data"":{""date"":""2026-09-14"",""run_id"":""914cbeb6d8264f728ab6c19c744d0891""}}"
535,535,"44.3689808 , -64.2899009","44.4499835 , -64.3710765",urban-urban,mixed,1186,"{""sample_routes"":{""date"":""2026-09-14"",""run_id"":""90b54bdec3334b93bd285d61c8cff0ef""},""join_samples"":{""date"":""2026-09-14"",""run_id"":""ea2747234a70431790c1691cf7dc34eb""},""upload_data"":{""date"":""2026-09-14"",""run_id"":""914cbeb6d8264f728ab6c19c744d0891""}}"
537,537,"45.150285600000004 , -64.5061312","45.0538868 , -64.5057013",rural-urban,mixed,1214,"{""sample_routes"":{""date"":""2026-09-14"",""run_id"":""90b54bdec3334b93bd285d61c8cff0ef""},""join_samples"":{""date"":""2026-09-14"",""run_id"":""ea2747234a70431790c1691cf7dc34eb""},""upload_data"":{""date"":""2026-09-14"",""run_id"":""914cbeb6d8264f728ab6c19c744d0891""}}"
538,538,"44.792408800000004 , -65.57204060000001","44.7927071 , -65.44013670000001",urban-urban,mixed,1185,"{""sample_routes"":{""date"":""2026-09-14"",""run_id"":""90b54bdec3334b93bd285d61c8cff0ef""},""join_samples"":{""date"":""2026-09-14"",""run_id"":""ea2747234a70431790c1691cf7dc34eb""},""upload_data"":{""date"":""2026-09-14"",""run_id"":""914cbeb6d8264f728ab6c19c744d0891""}}"
539,539,"45.057710500000006 , -64.4674281","45.1763064 , -64.46744360000001",urban-rural,mixed,1215,"{""sample_routes"":{""date"":""2026-09-14"",""run_id"":""90b54bdec3334b93bd285d61c8cff0ef""},""join_samples"":{""date"":""2026-09-14"",""run_id"":""ea2747234a70431790c1691cf7dc34eb""},""upload_data"":{""date"":""2026-09-14"",""run_id"":""914cbeb6d8264f728ab6c19c744d0891""}}"
540,540,"45.130114600000006 , -63.8909262","45.0492538 , -63.971572",urban-urban,mixed,1215,"{""sample_routes"":{""date"":""2026-09-14"",""run_id"":""90b54bdec3334b93bd285d61c8cff0ef""},""join_samples"":{""date"":""2026-09-14"",""run_id"":""ea2747234a70431790c1691cf7dc34eb""},""upload_data"":{""date"":""2026-09-14"",""run_id"":""914cbeb6d8264f728ab6c19c744d0891""}}"
541,541,"44.409401900000006 , -64.5509029","44.244738700000006 , -64.5506443",urban-urban,mixed,1215,"{""sample_routes"":{""date"":""2026-09-14"",""run_id"":""90b54bdec3334b93bd285d61c8cff0ef""},""join_samples"":{""date"":""2026-09-14"",""run_id"":""ea2747234a70431790c1691cf7dc34eb""},""upload_data"":{""date"":""2026-09-14"",""run_id"":""914cbeb6d8264f728ab6c19c744d0891""}}"
542,542,"44.764608700000004 , -63.68682510000001","44.813161400000006 , -63.6381123",urban-urban,mixed,1184,"{""sample_routes"":{""date"":""2026-09-14"",""run_id"":""90b54bdec3334b93bd285d61c8cff0ef""},""join_samples"":{""date"":""2026-09-14"",""run_id"":""ea2747234a70431790c1691cf7dc34eb""},""upload_data"":{""date"":""2026-09-14"",""run_id"":""914cbeb6d8264f728ab6c19c744d0891""}}"
543,543,"43.7851647 , -66.02803920000001","43.7854443 , -66.12331540000001",urban-rural,mixed,1184,"{""sample_routes"":{""date"":""2026-09-14"",""run_id"":""90b54bdec3334b93bd285d61c8cff0ef""},""join_samples"":{""date"":""2026-09-14"",""run_id"":""ea2747234a70431790c1691cf7dc34eb""},""upload_data"":{""date"":""2026-09-14"",""run_id"":""914cbeb6d8264f728ab6c19c744d0891""}}"
544,544,"44.239088200000005 , -64.8220283","44.334925000000005 , -64.8218257",urban-urban,mixed,1184,"{""sample_routes"":{""date"":""2026-09-14"",""run_id"":""90b54bdec3334b93bd285d61c8cff0ef""},""join_samples"":{""date"":""2026-09-14"",""run_id"":""ea2747234a70431790c1691cf7dc34eb""},""upload_data"":{""date"":""2026-09-14"",""run_id"":""914cbeb6d8264f728ab6c19c744d0891""}}"
546,546,"45.0535695 , -64.3676545","45.124354100000005 , -64.4383238",urban-rural,mixed,1217,"{""sample_routes"":{""date"":""2026-09-14"",""run_id"":""90b54bdec3334b93bd285d61c8cff0ef""},""join_samples"":{""date"":""2026-09-14"",""run_id"":""ea2747234a70431790c1691cf7dc34eb""},""upload_data"":{""date"":""2026-09-14"",""run_id"":""914cbeb6d8264f728ab6c19c744d0891""}}"
547,547,"44.4593166 , -64.7378357","44.458982400000004 , -64.5956195",urban-urban,mixed,1183,"{""sample_routes"":{""date"":""2026-09-14"",""run_id"":""90b54bdec3334b93bd285d61c8cff0ef""},""join_samples"":{""date"":""2026-09-14"",""run_id"":""ea2747234a70431790c1691cf7dc34eb""},""upload_data"":{""date"":""2026-09-14"",""run_id"":""914cbeb6d8264f728ab6c19c744d0891""}}"
548,548,"44.6840701 , -63.975079300000004","44.6366625 , -63.9278775",rural-urban,mixed,1217,"{""sample_routes"":{""date"":""2026-09-14"",""run_id"":""90b54bdec3334b93bd285d61c8cff0ef""},""join_samples"":{""date"":""2026-09-14"",""run_id"":""ea2747234a70431790c1691cf7dc34eb""},""upload_data"":{""date"":""2026-09-14"",""run_id"":""914cbeb6d8264f728ab6c19c744d0891""}}"
549,549,"44.8662044 , -63.815524200000006","44.766713 , -63.7163204",urban-urban,mixed,1218,"{""sample_routes"":{""date"":""2026-09-14"",""run_id"":""90b54bdec3334b93bd285d61c8cff0ef""},""join_samples"":{""date"":""2026-09-14"",""run_id"":""ea2747234a70431790c1691cf7dc34eb""},""upload_data"":{""date"":""2026-09-14"",""run_id"":""914cbeb6d8264f728ab6c19c744d0891""}}"
550,550,"45.513113700000005 , -62.9873818","45.5133475 , -62.8638568",urban-urban,mixed,1182,"{""sample_routes"":{""date"":""2026-09-14"",""run_id"":""90b54bdec3334b93bd285d61c8cff0ef""},""join_samples"":{""date"":""2026-09-14"",""run_id"":""ea2747234a70431790c1691cf7dc34eb""},""upload_data"":{""date"":""2026-09-14"",""run_id"":""914cbeb6d8264f728ab6c19c744d0891""}}"
552,552,"46.193918800000006 , -59.9695375","46.0822683 , -59.969550500000004",urban-urban,mixed,1219,"{""sample_routes"":{""date"":""2026-09-14"",""run_id"":""90b54bdec3334b93bd285d61c8cff0ef""},""join_samples"":{""date"":""2026-09-14"",""run_id"":""ea2747234a70431790c1691cf7dc34eb""},""upload_data"":{""date"":""2026-09-14"",""run_id"":""914cbeb6d8264f728ab6c19c744d0891""}}"
553,553,"45.132278 , -64.4863218","45.2305198 , -64.3884546",urban-urban,mixed,1181,"{""sample_routes"":{""date"":""2026-09-14"",""run_id"":""90b54bdec3334b93bd285d61c8cff0ef""},""join_samples"":{""date"":""2026-09-14"",""run_id"":""ea2747234a70431790c1691cf7dc34eb""},""upload_data"":{""date"":""2026-09-14"",""run_id"":""914cbeb6d8264f728ab6c19c744d0891""}}"
555,555,"44.588668000000006 , -65.86258600000001","44.5884273 , -65.6538766",urban-urban,mixed,1179,"{""sample_routes"":{""date"":""2026-09-14"",""run_id"":""90b54bdec3334b93bd285d61c8cff0ef""},""join_samples"":{""date"":""2026-09-14"",""run_id"":""ea2747234a70431790c1691cf7dc34eb""},""upload_data"":{""date"":""2026-09-14"",""run_id"":""914cbeb6d8264f728ab6c19c744d0891""}}"
557,557,"45.980221500000006 , -63.9052219","45.8748444 , -63.905024600000004",urban-urban,mixed,1179,"{""sample_routes"":{""date"":""2026-09-14"",""run_id"":""90b54bdec3334b93bd285d61c8cff0ef""},""join_samples"":{""date"":""2026-09-14"",""run_id"":""ea2747234a70431790c1691cf7dc34eb""},""upload_data"":{""date"":""2026-09-14"",""run_id"":""914cbeb6d8264f728ab6c19c744d0891""}}"
559,559,"44.7148575 , -64.8210628","44.7146945 , -64.6481048",urban-urban,mixed,1178,"{""sample_routes"":{""date"":""2026-09-14"",""run_id"":""90b54bdec3334b93bd285d61c8cff0ef""},""join_samples"":{""date"":""2026-09-14"",""run_id"":""ea2747234a70431790c1691cf7dc34eb""},""upload_data"":{""date"":""2026-09-14"",""run_id"":""914cbeb6d8264f728ab6c19c744d0891""}}"
561,561,"43.9453388 , -66.14247800000001","43.945255200000005 , -65.99184840000001",rural-urban,mixed,1177,"{""sample_routes"":{""date"":""2026-09-14"",""run_id"":""90b54bdec3334b93bd285d61c8cff0ef""},""join_samples"":{""date"":""2026-09-14"",""run_id"":""ea2747234a70431790c1691cf7dc34eb""},""upload_data"":{""date"":""2026-09-14"",""run_id"":""914cbeb6d8264f728ab6c19c744d0891""}}"
563,563,"44.9026462 , -63.841353000000005","44.902594400000005 , -63.904084100000006",urban-rural,mixed,1223,"{""sample_routes"":{""date"":""2026-09-14"",""run_id"":""90b54bdec3334b93bd285d61c8cff0ef""},""join_samples"":{""date"":""2026-09-14"",""run_id"":""ea2747234a70431790c1691cf7dc34eb""},""upload_data"":{""date"":""2026-09-14"",""run_id"":""914cbeb6d8264f728ab6c19c744d0891""}}"
564,564,"44.7224267 , -64.8055875","44.7220245 , -64.6291377",urban-urban,mixed,1176,"{""sample_routes"":{""date"":""2026-09-14"",""run_id"":""90b54bdec3334b93bd285d61c8cff0ef""},""join_samples"":{""date"":""2026-09-14"",""run_id"":""ea2747234a70431790c1691cf7dc34eb""},""upload_data"":{""date"":""2026-09-14"",""run_id"":""914cbeb6d8264f728ab6c19c744d0891""}}"
567,567,"46.3167016 , -60.334842900000005","46.2172871 , -60.23530220000001",urban-urban,mixed,1176,"{""sample_routes"":{""date"":""2026-09-14"",""run_id"":""90b54bdec3334b93bd285d61c8cff0ef""},""join_samples"":{""date"":""2026-09-14"",""run_id"":""ea2747234a70431790c1691cf7dc34eb""},""upload_data"":{""date"":""2026-09-14"",""run_id"":""914cbeb6d8264f728ab6c19c744d0891""}}"
568,568,"44.600660100000006 , -65.7302272","44.6009625 , -65.9227242",urban-urban,mixed,1224,"{""sample_routes"":{""date"":""2026-09-14"",""run_id"":""90b54bdec3334b93bd285d61c8cff0ef""},""join_samples"":{""date"":""2026-09-14"",""run_id"":""ea2747234a70431790c1691cf7dc34eb""},""upload_data"":{""date"":""2026-09-14"",""run_id"":""914cbeb6d8264f728ab6c19c744d0891""}}"
569,569,"44.5473568 , -64.80122010000001","44.4451155 , -64.6989681",urban-urban,mixed,1225,"{""sample_routes"":{""date"":""2026-09-14"",""run_id"":""90b54bdec3334b93bd285d61c8cff0ef""},""join_samples"":{""date"":""2026-09-14"",""run_id"":""ea2747234a70431790c1691cf7dc34eb""},""upload_data"":{""date"":""2026-09-14"",""run_id"":""914cbeb6d8264f728ab6c19c744d0891""}}"
570,570,"44.6105947 , -65.5353145","44.6108314 , -65.7704037",urban-urban,mixed,1226,"{""sample_routes"":{""date"":""2026-09-14"",""run_id"":""90b54bdec3334b93bd285d61c8cff0ef""},""join_samples"":{""date"":""2026-09-14"",""run_id"":""ea2747234a70431790c1691cf7dc34eb""},""upload_data"":{""date"":""2026-09-14"",""run_id"":""914cbeb6d8264f728ab6c19c744d0891""}}"
578,578,"46.118207700000006 , -59.9519712","46.2048846 , -60.038769200000004",urban-urban,mixed,1170,"{""sample_routes"":{""date"":""2026-09-14"",""run_id"":""90b54bdec3334b93bd285d61c8cff0ef""},""join_samples"":{""date"":""2026-09-14"",""run_id"":""ea2747234a70431790c1691cf7dc34eb""},""upload_data"":{""date"":""2026-09-14"",""run_id"":""914cbeb6d8264f728ab6c19c744d0891""}}"
579,579,"45.972071500000006 , -60.2269828","46.0473427 , -60.15134140000001",urban-urban,mixed,1169,"{""sample_routes"":{""date"":""2026-09-14"",""run_id"":""90b54bdec3334b93bd285d61c8cff0ef""},""join_samples"":{""date"":""2026-09-14"",""run_id"":""ea2747234a70431790c1691cf7dc34eb""},""upload_data"":{""date"":""2026-09-14"",""run_id"":""914cbeb6d8264f728ab6c19c744d0891""}}"
580,580,"43.834630700000005 , -65.8396519","43.8346333 , -65.98712450000001",urban-urban,mixed,1231,"{""sample_routes"":{""date"":""2026-09-14"",""run_id"":""90b54bdec3334b93bd285d61c8cff0ef""},""join_samples"":{""date"":""2026-09-14"",""run_id"":""ea2747234a70431790c1691cf7dc34eb""},""upload_data"":{""date"":""2026-09-14"",""run_id"":""914cbeb6d8264f728ab6c19c744d0891""}}"
582,582,"45.0660657 , -64.4880337","45.1746187 , -64.4879538",rural-rural,mixed,1168,"{""sample_routes"":{""date"":""2026-09-14"",""run_id"":""90b54bdec3334b93bd285d61c8cff0ef""},""join_samples"":{""date"":""2026-09-14"",""run_id"":""ea2747234a70431790c1691cf7dc34eb""},""upload_data"":{""date"":""2026-09-14"",""run_id"":""914cbeb6d8264f728ab6c19c744d0891""}}"
587,587,"46.1123223 , -60.2037867","45.977275000000006 , -60.203994",urban-rural,mixed,1233,"{""sample_routes"":{""date"":""2026-09-14"",""run_id"":""90b54bdec3334b93bd285d61c8cff0ef""},""join_samples"":{""date"":""2026-09-14"",""run_id"":""ea2747234a70431790c1691cf7dc34eb""},""upload_data"":{""date"":""2026-09-14"",""run_id"":""914cbeb6d8264f728ab6c19c744d0891""}}"
589,589,"45.0251791 , -63.840567500000006","45.0957097 , -63.910684",urban-urban,mixed,1165,"{""sample_routes"":{""date"":""2026-09-14"",""run_id"":""90b54bdec3334b93bd285d61c8cff0ef""},""join_samples"":{""date"":""2026-09-14"",""run_id"":""ea2747234a70431790c1691cf7dc34eb""},""upload_data"":{""date"":""2026-09-14"",""run_id"":""914cbeb6d8264f728ab6c19c744d0891""}}"
594,594,"44.5733393 , -64.73640900000001","44.474068 , -64.7360881",urban-rural,mixed,1236,"{""sample_routes"":{""date"":""2026-09-14"",""run_id"":""90b54bdec3334b93bd285d61c8cff0ef""},""join_samples"":{""date"":""2026-09-14"",""run_id"":""ea2747234a70431790c1691cf7dc34eb""},""upload_data"":{""date"":""2026-09-14"",""run_id"":""914cbeb6d8264f728ab6c19c744d0891""}}"
595,595,"45.1787555 , -64.68304380000001","45.0518062 , -64.68288",urban-rural,mixed,1236,"{""sample_routes"":{""date"":""2026-09-14"",""run_id"":""90b54bdec3334b93bd285d61c8cff0ef""},""join_samples"":{""date"":""2026-09-14"",""run_id"":""ea2747234a70431790c1691cf7dc34eb""},""upload_data"":{""date"":""2026-09-14"",""run_id"":""914cbeb6d8264f728ab6c19c744d0891""}}"
597,597,"45.0452558 , -63.216680600000004","44.946244300000004 , -63.315623800000004",urban-urban,mixed,1236,"{""sample_routes"":{""date"":""2026-09-14"",""run_id"":""90b54bdec3334b93bd285d61c8cff0ef""},""join_samples"":{""date"":""2026-09-14"",""run_id"":""ea2747234a70431790c1691cf7dc34eb""},""upload_data"":{""date"":""2026-09-14"",""run_id"":""914cbeb6d8264f728ab6c19c744d0891""}}"
598,598,"43.867462100000004 , -65.9615376","43.997745300000005 , -65.9614181",rural-urban,mixed,1236,"{""sample_routes"":{""date"":""2026-09-14"",""run_id"":""90b54bdec3334b93bd285d61c8cff0ef""},""join_samples"":{""date"":""2026-09-14"",""run_id"":""ea2747234a70431790c1691cf7dc34eb""},""upload_data"":{""date"":""2026-09-14"",""run_id"":""914cbeb6d8264f728ab6c19c744d0891""}}"
599,599,"45.114443300000005 , -64.3872211","45.230554100000006 , -64.38704010000001",rural-urban,mixed,1163,"{""sample_routes"":{""date"":""2026-09-14"",""run_id"":""90b54bdec3334b93bd285d61c8cff0ef""},""join_samples"":{""date"":""2026-09-14"",""run_id"":""ea2747234a70431790c1691cf7dc34eb""},""upload_data"":{""date"":""2026-09-14"",""run_id"":""914cbeb6d8264f728ab6c19c744d0891""}}"
600,600,"45.112821700000005 , -62.0422014","45.035735300000006 , -61.9648656",urban-urban,mixed,1237,"{""sample_routes"":{""date"":""2026-09-14"",""run_id"":""90b54bdec3334b93bd285d61c8cff0ef""},""join_samples"":{""date"":""2026-09-14"",""run_id"":""ea2747234a70431790c1691cf7dc34eb""},""upload_data"":{""date"":""2026-09-14"",""run_id"":""914cbeb6d8264f728ab6c19c744d0891""}}"
606,606,"44.5777184 , -65.6491251","44.657856100000004 , -65.5691412",urban-urban,mixed,1162,"{""sample_routes"":{""date"":""2026-09-14"",""run_id"":""90b54bdec3334b93bd285d61c8cff0ef""},""join_samples"":{""date"":""2026-09-14"",""run_id"":""ea2747234a70431790c1691cf7dc34eb""},""upload_data"":{""date"":""2026-09-14"",""run_id"":""914cbeb6d8264f728ab6c19c744d0891""}}"
607,607,"44.7717546 , -63.641145","44.660940800000006 , -63.6414545",urban-urban,mixed,1162,"{""sample_routes"":{""date"":""2026-09-14"",""run_id"":""90b54bdec3334b93bd285d61c8cff0ef""},""join_samples"":{""date"":""2026-09-14"",""run_id"":""ea2747234a70431790c1691cf7dc34eb""},""upload_data"":{""date"":""2026-09-14"",""run_id"":""914cbeb6d8264f728ab6c19c744d0891""}}"
611,611,"44.840320500000004 , -64.1971686","44.972016700000005 , -64.1974294",urban-urban,mixed,1239,"{""sample_routes"":{""date"":""2026-09-14"",""run_id"":""90b54bdec3334b93bd285d61c8cff0ef""},""join_samples"":{""date"":""2026-09-14"",""run_id"":""ea2747234a70431790c1691cf7dc34eb""},""upload_data"":{""date"":""2026-09-14"",""run_id"":""914cbeb6d8264f728ab6c19c744d0891""}}"
612,612,"44.400010900000005 , -64.5467035","44.4000338 , -64.7036487",urban-rural,mixed,1161,"{""sample_routes"":{""date"":""2026-09-14"",""run_id"":""90b54bdec3334b93bd285d61c8cff0ef""},""join_samples"":{""date"":""2026-09-14"",""run_id"":""ea2747234a70431790c1691cf7dc34eb""},""upload_data"":{""date"":""2026-09-14"",""run_id"":""914cbeb6d8264f728ab6c19c744d0891""}}"
613,613,"45.1101059 , -64.4312127","45.050008600000005 , -64.37078240000001",rural-urban,mixed,1161,"{""sample_routes"":{""date"":""2026-09-14"",""run_id"":""90b54bdec3334b93bd285d61c8cff0ef""},""join_samples"":{""date"":""2026-09-14"",""run_id"":""ea2747234a70431790c1691cf7dc34eb""},""upload_data"":{""date"":""2026-09-14"",""run_id"":""914cbeb6d8264f728ab6c19c744d0891""}}"
616,616,"45.5773201 , -62.5113774","45.577442000000005 , -62.79689080000001",rural-rural,mixed,1239,"{""sample_routes"":{""date"":""2026-09-14"",""run_id"":""90b54bdec3334b93bd285d61c8cff0ef""},""join_samples"":{""date"":""2026-09-14"",""run_id"":""ea2747234a70431790c1691cf7dc34eb""},""upload_data"":{""date"":""2026-09-14"",""run_id"":""914cbeb6d8264f728ab6c19c744d0891""}}"
619,619,"44.579338400000005 , -65.6999318","44.679669700000005 , -65.5995893",urban-urban,mixed,1240,"{""sample_routes"":{""date"":""2026-09-14"",""run_id"":""90b54bdec3334b93bd285d61c8cff0ef""},""join_samples"":{""date"":""2026-09-14"",""run_id"":""ea2747234a70431790c1691cf7dc34eb""},""upload_data"":{""date"":""2026-09-14"",""run_id"":""914cbeb6d8264f728ab6c19c744d0891""}}"
625,625,"45.367873800000005 , -63.1334439","45.3682947 , -63.309876100000004",urban-urban,mixed,1157,"{""sample_routes"":{""date"":""2026-09-14"",""run_id"":""90b54bdec3334b93bd285d61c8cff0ef""},""join_samples"":{""date"":""2026-09-14"",""run_id"":""ea2747234a70431790c1691cf7dc34eb""},""upload_data"":{""date"":""2026-09-14"",""run_id"":""914cbeb6d8264f728ab6c19c744d0891""}}"
627,627,"45.0042021 , -64.5913706","45.087267100000005 , -64.6742396",urban-urban,mixed,1157,"{""sample_routes"":{""date"":""2026-09-14"",""run_id"":""90b54bdec3334b93bd285d61c8cff0ef""},""join_samples"":{""date"":""2026-09-14"",""run_id"":""ea2747234a70431790c1691cf7dc34eb""},""upload_data"":{""date"":""2026-09-14"",""run_id"":""914cbeb6d8264f728ab6c19c744d0891""}}"
630,630,"44.914274600000006 , -62.5395029","44.8096017 , -62.644301600000006",urban-rural,mixed,1243,"{""sample_routes"":{""date"":""2026-09-14"",""run_id"":""90b54bdec3334b93bd285d61c8cff0ef""},""join_samples"":{""date"":""2026-09-14"",""run_id"":""ea2747234a70431790c1691cf7dc34eb""},""upload_data"":{""date"":""2026-09-14"",""run_id"":""914cbeb6d8264f728ab6c19c744d0891""}}"
631,631,"44.3738429 , -64.9868706","44.464851 , -65.0782253",rural-urban,mixed,1243,"{""sample_routes"":{""date"":""2026-09-14"",""run_id"":""90b54bdec3334b93bd285d61c8cff0ef""},""join_samples"":{""date"":""2026-09-14"",""run_id"":""ea2747234a70431790c1691cf7dc34eb""},""upload_data"":{""date"":""2026-09-14"",""run_id"":""914cbeb6d8264f728ab6c19c744d0891""}}"
634,634,"45.6230497 , -60.9638337","45.622755000000005 , -60.858996600000005",urban-urban,mixed,1245,"{""sample_routes"":{""date"":""2026-09-14"",""run_id"":""90b54bdec3334b93bd285d61c8cff0ef""},""join_samples"":{""date"":""2026-09-14"",""run_id"":""ea2747234a70431790c1691cf7dc34eb""},""upload_data"":{""date"":""2026-09-14"",""run_id"":""914cbeb6d8264f728ab6c19c744d0891""}}"
635,635,"44.3265213 , -64.5871967","44.4465325 , -64.5874837",urban-rural,mixed,1245,"{""sample_routes"":{""date"":""2026-09-14"",""run_id"":""90b54bdec3334b93bd285d61c8cff0ef""},""join_samples"":{""date"":""2026-09-14"",""run_id"":""ea2747234a70431790c1691cf7dc34eb""},""upload_data"":{""date"":""2026-09-14"",""run_id"":""914cbeb6d8264f728ab6c19c744d0891""}}"
638,638,"43.9682228 , -65.976808","43.8439526 , -65.9771953",urban-rural,mixed,1154,"{""sample_routes"":{""date"":""2026-09-14"",""run_id"":""90b54bdec3334b93bd285d61c8cff0ef""},""join_samples"":{""date"":""2026-09-14"",""run_id"":""ea2747234a70431790c1691cf7dc34eb""},""upload_data"":{""date"":""2026-09-14"",""run_id"":""914cbeb6d8264f728ab6c19c744d0891""}}"
639,639,"45.3466168 , -61.6401411","45.4395651 , -61.733093200000006",rural-urban,mixed,1246,"{""sample_routes"":{""date"":""2026-09-14"",""run_id"":""90b54bdec3334b93bd285d61c8cff0ef""},""join_samples"":{""date"":""2026-09-14"",""run_id"":""ea2747234a70431790c1691cf7dc34eb""},""upload_data"":{""date"":""2026-09-14"",""run_id"":""914cbeb6d8264f728ab6c19c744d0891""}}"
640,640,"45.0874188 , -64.46730430000001","45.0872909 , -64.6509683",rural-rural,mixed,1154,"{""sample_routes"":{""date"":""2026-09-14"",""run_id"":""90b54bdec3334b93bd285d61c8cff0ef""},""join_samples"":{""date"":""2026-09-14"",""run_id"":""ea2747234a70431790c1691cf7dc34eb""},""upload_data"":{""date"":""2026-09-14"",""run_id"":""914cbeb6d8264f728ab6c19c744d0891""}}"
641,641,"43.872972700000005 , -65.9491659","43.9686834 , -66.0447888",urban-urban,mixed,1246,"{""sample_routes"":{""date"":""2026-09-14"",""run_id"":""90b54bdec3334b93bd285d61c8cff0ef""},""join_samples"":{""date"":""2026-09-14"",""run_id"":""ea2747234a70431790c1691cf7dc34eb""},""upload_data"":{""date"":""2026-09-14"",""run_id"":""914cbeb6d8264f728ab6c19c744d0891""}}"
644,644,"44.3720706 , -64.3627661","44.371788800000004 , -64.519031",rural-urban,mixed,1248,"{""sample_routes"":{""date"":""2026-09-14"",""run_id"":""90b54bdec3334b93bd285d61c8cff0ef""},""join_samples"":{""date"":""2026-09-14"",""run_id"":""ea2747234a70431790c1691cf7dc34eb""},""upload_data"":{""date"":""2026-09-14"",""run_id"":""914cbeb6d8264f728ab6c19c744d0891""}}"
645,645,"45.5836106 , -61.3844319","45.685304300000006 , -61.486105900000005",urban-urban,mixed,1151,"{""sample_routes"":{""date"":""2026-09-14"",""run_id"":""90b54bdec3334b93bd285d61c8cff0ef""},""join_samples"":{""date"":""2026-09-14"",""run_id"":""ea2747234a70431790c1691cf7dc34eb""},""upload_data"":{""date"":""2026-09-14"",""run_id"":""914cbeb6d8264f728ab6c19c744d0891""}}"
648,648,"45.5561853 , -62.7577318","45.5561784 , -62.9253341",urban-urban,mixed,1150,"{""sample_routes"":{""date"":""2026-09-14"",""run_id"":""90b54bdec3334b93bd285d61c8cff0ef""},""join_samples"":{""date"":""2026-09-14"",""run_id"":""ea2747234a70431790c1691cf7dc34eb""},""upload_data"":{""date"":""2026-09-14"",""run_id"":""914cbeb6d8264f728ab6c19c744d0891""}}"
649,649,"44.681381800000004 , -63.490441800000006","44.8065166 , -63.615199800000006",urban-urban,mixed,1250,"{""sample_routes"":{""date"":""2026-09-14"",""run_id"":""90b54bdec3334b93bd285d61c8cff0ef""},""join_samples"":{""date"":""2026-09-14"",""run_id"":""ea2747234a70431790c1691cf7dc34eb""},""upload_data"":{""date"":""2026-09-14"",""run_id"":""914cbeb6d8264f728ab6c19c744d0891""}}"
651,651,"44.5439318 , -64.58726390000001","44.446173 , -64.5870554",urban-rural,mixed,1150,"{""sample_routes"":{""date"":""2026-09-14"",""run_id"":""90b54bdec3334b93bd285d61c8cff0ef""},""join_samples"":{""date"":""2026-09-14"",""run_id"":""ea2747234a70431790c1691cf7dc34eb""},""upload_data"":{""date"":""2026-09-14"",""run_id"":""914cbeb6d8264f728ab6c19c744d0891""}}"
653,653,"45.3733347 , -63.29324390000001","45.373524800000006 , -63.1040216",urban-urban,mixed,1250,"{""sample_routes"":{""date"":""2026-09-14"",""run_id"":""90b54bdec3334b93bd285d61c8cff0ef""},""join_samples"":{""date"":""2026-09-14"",""run_id"":""ea2747234a70431790c1691cf7dc34eb""},""upload_data"":{""date"":""2026-09-14"",""run_id"":""914cbeb6d8264f728ab6c19c744d0891""}}"
655,655,"44.477842100000004 , -64.5438227","44.3534133 , -64.5440586",urban-urban,mixed,1250,"{""sample_routes"":{""date"":""2026-09-14"",""run_id"":""90b54bdec3334b93bd285d61c8cff0ef""},""join_samples"":{""date"":""2026-09-14"",""run_id"":""ea2747234a70431790c1691cf7dc34eb""},""upload_data"":{""date"":""2026-09-14"",""run_id"":""914cbeb6d8264f728ab6c19c744d0891""}}"
657,657,"45.6004826 , -61.7230592","45.6001191 , -62.0050979",urban-urban,mixed,1251,"{""sample_routes"":{""date"":""2026-09-14"",""run_id"":""90b54bdec3334b93bd285d61c8cff0ef""},""join_samples"":{""date"":""2026-09-14"",""run_id"":""ea2747234a70431790c1691cf7dc34eb""},""upload_data"":{""date"":""2026-09-14"",""run_id"":""914cbeb6d8264f728ab6c19c744d0891""}}"
658,658,"45.762869300000006 , -60.903316200000006","45.654988700000004 , -60.903180000000006",rural-rural,mixed,1251,"{""sample_routes"":{""date"":""2026-09-14"",""run_id"":""90b54bdec3334b93bd285d61c8cff0ef""},""join_samples"":{""date"":""2026-09-14"",""run_id"":""ea2747234a70431790c1691cf7dc34eb""},""upload_data"":{""date"":""2026-09-14"",""run_id"":""914cbeb6d8264f728ab6c19c744d0891""}}"
659,659,"45.9647628 , -60.0053409","46.0488386 , -60.089576900000004",urban-rural,mixed,1148,"{""sample_routes"":{""date"":""2026-09-14"",""run_id"":""90b54bdec3334b93bd285d61c8cff0ef""},""join_samples"":{""date"":""2026-09-14"",""run_id"":""ea2747234a70431790c1691cf7dc34eb""},""upload_data"":{""date"":""2026-09-14"",""run_id"":""914cbeb6d8264f728ab6c19c744d0891""}}"
660,660,"45.974659700000004 , -60.2098238","46.1046922 , -60.2099436",urban-urban,mixed,1252,"{""sample_routes"":{""date"":""2026-09-14"",""run_id"":""90b54bdec3334b93bd285d61c8cff0ef""},""join_samples"":{""date"":""2026-09-14"",""run_id"":""ea2747234a70431790c1691cf7dc34eb""},""upload_data"":{""date"":""2026-09-14"",""run_id"":""914cbeb6d8264f728ab6c19c744d0891""}}"
661,661,"44.7307104 , -64.4491998","44.8401056 , -64.340119",rural-urban,mixed,1148,"{""sample_routes"":{""date"":""2026-09-14"",""run_id"":""90b54bdec3334b93bd285d61c8cff0ef""},""join_samples"":{""date"":""2026-09-14"",""run_id"":""ea2747234a70431790c1691cf7dc34eb""},""upload_data"":{""date"":""2026-09-14"",""run_id"":""914cbeb6d8264f728ab6c19c744d0891""}}"
662,662,"45.0111854 , -63.1483435","45.010894900000004 , -63.290499100000005",urban-urban,mixed,1148,"{""sample_routes"":{""date"":""2026-09-14"",""run_id"":""90b54bdec3334b93bd285d61c8cff0ef""},""join_samples"":{""date"":""2026-09-14"",""run_id"":""ea2747234a70431790c1691cf7dc34eb""},""upload_data"":{""date"":""2026-09-14"",""run_id"":""914cbeb6d8264f728ab6c19c744d0891""}}"
663,663,"44.746487800000004 , -63.807808300000005","44.7467227 , -63.6329573",urban-urban,mixed,1252,"{""sample_routes"":{""date"":""2026-09-14"",""run_id"":""90b54bdec3334b93bd285d61c8cff0ef""},""join_samples"":{""date"":""2026-09-14"",""run_id"":""ea2747234a70431790c1691cf7dc34eb""},""upload_data"":{""date"":""2026-09-14"",""run_id"":""914cbeb6d8264f728ab6c19c744d0891""}}"
664,664,"45.0539543 , -64.35287980000001","45.053635 , -64.5649276",urban-urban,mixed,1253,"{""sample_routes"":{""date"":""2026-09-14"",""run_id"":""90b54bdec3334b93bd285d61c8cff0ef""},""join_samples"":{""date"":""2026-09-14"",""run_id"":""ea2747234a70431790c1691cf7dc34eb""},""upload_data"":{""date"":""2026-09-14"",""run_id"":""914cbeb6d8264f728ab6c19c744d0891""}}"
668,668,"44.438477400000004 , -65.9975893","44.3471507 , -65.99748050000001",urban-urban,mixed,1254,"{""sample_routes"":{""date"":""2026-09-14"",""run_id"":""90b54bdec3334b93bd285d61c8cff0ef""},""join_samples"":{""date"":""2026-09-14"",""run_id"":""ea2747234a70431790c1691cf7dc34eb""},""upload_data"":{""date"":""2026-09-14"",""run_id"":""914cbeb6d8264f728ab6c19c744d0891""}}"
670,670,"45.9847188 , -61.184248000000004","45.9003165 , -61.099837",urban-urban,mixed,1145,"{""sample_routes"":{""date"":""2026-09-14"",""run_id"":""90b54bdec3334b93bd285d61c8cff0ef""},""join_samples"":{""date"":""2026-09-14"",""run_id"":""ea2747234a70431790c1691cf7dc34eb""},""upload_data"":{""date"":""2026-09-14"",""run_id"":""914cbeb6d8264f728ab6c19c744d0891""}}"
672,672,"45.5801018 , -60.739133100000004","45.658439400000006 , -60.81704130000001",urban-rural,mixed,1255,"{""sample_routes"":{""date"":""2026-09-14"",""run_id"":""90b54bdec3334b93bd285d61c8cff0ef""},""join_samples"":{""date"":""2026-09-14"",""run_id"":""ea2747234a70431790c1691cf7dc34eb""},""upload_data"":{""date"":""2026-09-14"",""run_id"":""914cbeb6d8264f728ab6c19c744d0891""}}"
678,678,"44.4298395 , -64.51672690000001","44.3162777 , -64.51647410000001",urban-rural,mixed,1257,"{""sample_routes"":{""date"":""2026-09-14"",""run_id"":""90b54bdec3334b93bd285d61c8cff0ef""},""join_samples"":{""date"":""2026-09-14"",""run_id"":""ea2747234a70431790c1691cf7dc34eb""},""upload_data"":{""date"":""2026-09-14"",""run_id"":""914cbeb6d8264f728ab6c19c744d0891""}}"
681,681,"44.4316915 , -64.6085226","44.4312642 , -64.4341472",urban-urban,mixed,1258,"{""sample_routes"":{""date"":""2026-09-14"",""run_id"":""90b54bdec3334b93bd285d61c8cff0ef""},""join_samples"":{""date"":""2026-09-14"",""run_id"":""ea2747234a70431790c1691cf7dc34eb""},""upload_data"":{""date"":""2026-09-14"",""run_id"":""914cbeb6d8264f728ab6c19c744d0891""}}"
683,683,"45.061565 , -64.4579331","45.0611338 , -64.1848732",urban-urban,mixed,1260,"{""sample_routes"":{""date"":""2026-09-14"",""run_id"":""90b54bdec3334b93bd285d61c8cff0ef""},""join_samples"":{""date"":""2026-09-14"",""run_id"":""ea2747234a70431790c1691cf7dc34eb""},""upload_data"":{""date"":""2026-09-14"",""run_id"":""914cbeb6d8264f728ab6c19c744d0891""}}"
684,684,"44.9942634 , -64.886179","45.0883666 , -64.88631840000001",urban-urban,mixed,1140,"{""sample_routes"":{""date"":""2026-09-14"",""run_id"":""90b54bdec3334b93bd285d61c8cff0ef""},""join_samples"":{""date"":""2026-09-14"",""run_id"":""ea2747234a70431790c1691cf7dc34eb""},""upload_data"":{""date"":""2026-09-14"",""run_id"":""914cbeb6d8264f728ab6c19c744d0891""}}"
686,686,"45.7331354 , -63.0280877","45.7330212 , -63.203758500000006",urban-rural,mixed,1139,"{""sample_routes"":{""date"":""2026-09-14"",""run_id"":""90b54bdec3334b93bd285d61c8cff0ef""},""join_samples"":{""date"":""2026-09-14"",""run_id"":""ea2747234a70431790c1691cf7dc34eb""},""upload_data"":{""date"":""2026-09-14"",""run_id"":""914cbeb6d8264f728ab6c19c744d0891""}}"
689,689,"45.0555832 , -63.7923933","45.055897 , -63.9679811",urban-rural,mixed,1138,"{""sample_routes"":{""date"":""2026-09-14"",""run_id"":""90b54bdec3334b93bd285d61c8cff0ef""},""join_samples"":{""date"":""2026-09-14"",""run_id"":""ea2747234a70431790c1691cf7dc34eb""},""upload_data"":{""date"":""2026-09-14"",""run_id"":""914cbeb6d8264f728ab6c19c744d0891""}}"
690,690,"45.125727000000005 , -64.3301575","45.1255942 , -64.4009504",urban-rural,mixed,1262,"{""sample_routes"":{""date"":""2026-09-14"",""run_id"":""90b54bdec3334b93bd285d61c8cff0ef""},""join_samples"":{""date"":""2026-09-14"",""run_id"":""ea2747234a70431790c1691cf7dc34eb""},""upload_data"":{""date"":""2026-09-14"",""run_id"":""914cbeb6d8264f728ab6c19c744d0891""}}"
691,691,"44.6483472 , -63.5882687","44.6482912 , -63.7250712",urban-urban,mixed,1262,"{""sample_routes"":{""date"":""2026-09-14"",""run_id"":""90b54bdec3334b93bd285d61c8cff0ef""},""join_samples"":{""date"":""2026-09-14"",""run_id"":""ea2747234a70431790c1691cf7dc34eb""},""upload_data"":{""date"":""2026-09-14"",""run_id"":""914cbeb6d8264f728ab6c19c744d0891""}}"
692,692,"45.002301100000004 , -63.426757800000004","45.111864600000004 , -63.4266634",urban-urban,mixed,1138,"{""sample_routes"":{""date"":""2026-09-14"",""run_id"":""90b54bdec3334b93bd285d61c8cff0ef""},""join_samples"":{""date"":""2026-09-14"",""run_id"":""ea2747234a70431790c1691cf7dc34eb""},""upload_data"":{""date"":""2026-09-14"",""run_id"":""914cbeb6d8264f728ab6c19c744d0891""}}"
694,694,"44.682208900000006 , -63.5969148","44.681907700000004 , -63.7780691",urban-urban,mixed,1263,"{""sample_routes"":{""date"":""2026-09-14"",""run_id"":""90b54bdec3334b93bd285d61c8cff0ef""},""join_samples"":{""date"":""2026-09-14"",""run_id"":""ea2747234a70431790c1691cf7dc34eb""},""upload_data"":{""date"":""2026-09-14"",""run_id"":""914cbeb6d8264f728ab6c19c744d0891""}}"
695,695,"44.7397183 , -63.0084462","44.7392884 , -63.10621450000001",rural-rural,mixed,1263,"{""sample_routes"":{""date"":""2026-09-14"",""run_id"":""90b54bdec3334b93bd285d61c8cff0ef""},""join_samples"":{""date"":""2026-09-14"",""run_id"":""ea2747234a70431790c1691cf7dc34eb""},""upload_data"":{""date"":""2026-09-14"",""run_id"":""914cbeb6d8264f728ab6c19c744d0891""}}"
696,696,"45.0436866 , -64.7286249","45.1463473 , -64.8317021",urban-urban,mixed,1137,"{""sample_routes"":{""date"":""2026-09-14"",""run_id"":""90b54bdec3334b93bd285d61c8cff0ef""},""join_samples"":{""date"":""2026-09-14"",""run_id"":""ea2747234a70431790c1691cf7dc34eb""},""upload_data"":{""date"":""2026-09-14"",""run_id"":""914cbeb6d8264f728ab6c19c744d0891""}}"
698,698,"44.237282900000004 , -64.4185077","44.2371713 , -64.57981360000001",urban-rural,mixed,1263,"{""sample_routes"":{""date"":""2026-09-14"",""run_id"":""90b54bdec3334b93bd285d61c8cff0ef""},""join_samples"":{""date"":""2026-09-14"",""run_id"":""ea2747234a70431790c1691cf7dc34eb""},""upload_data"":{""date"":""2026-09-14"",""run_id"":""914cbeb6d8264f728ab6c19c744d0891""}}"
699,699,"44.5447422 , -65.51391980000001","44.6470579 , -65.5135423",urban-rural,mixed,1264,"{""sample_routes"":{""date"":""2026-09-14"",""run_id"":""90b54bdec3334b93bd285d61c8cff0ef""},""join_samples"":{""date"":""2026-09-14"",""run_id"":""ea2747234a70431790c1691cf7dc34eb""},""upload_data"":{""date"":""2026-09-14"",""run_id"":""914cbeb6d8264f728ab6c19c744d0891""}}"
700,700,"45.5284131 , -61.085071500000005","45.651365000000006 , -61.0854866",urban-urban,mixed,1264,"{""sample_routes"":{""date"":""2026-09-14"",""run_id"":""90b54bdec3334b93bd285d61c8cff0ef""},""join_samples"":{""date"":""2026-09-14"",""run_id"":""ea2747234a70431790c1691cf7dc34eb""},""upload_data"":{""date"":""2026-09-14"",""run_id"":""914cbeb6d8264f728ab6c19c744d0891""}}"
701,701,"44.913912100000005 , -64.1939201","44.9135286 , -64.08750020000001",urban-urban,mixed,1264,"{""sample_routes"":{""date"":""2026-09-14"",""run_id"":""90b54bdec3334b93bd285d61c8cff0ef""},""join_samples"":{""date"":""2026-09-14"",""run_id"":""ea2747234a70431790c1691cf7dc34eb""},""upload_data"":{""date"":""2026-09-14"",""run_id"":""914cbeb6d8264f728ab6c19c744d0891""}}"
703,703,"44.3273309 , -64.9183108","44.327508900000005 , -64.9762939",urban-urban,mixed,1264,"{""sample_routes"":{""date"":""2026-09-14"",""run_id"":""90b54bdec3334b93bd285d61c8cff0ef""},""join_samples"":{""date"":""2026-09-14"",""run_id"":""ea2747234a70431790c1691cf7dc34eb""},""upload_data"":{""date"":""2026-09-14"",""run_id"":""914cbeb6d8264f728ab6c19c744d0891""}}"
704,704,"45.151462200000005 , -64.47766990000001","45.021452200000006 , -64.4775159",urban-urban,mixed,1265,"{""sample_routes"":{""date"":""2026-09-14"",""run_id"":""90b54bdec3334b93bd285d61c8cff0ef""},""join_samples"":{""date"":""2026-09-14"",""run_id"":""ea2747234a70431790c1691cf7dc34eb""},""upload_data"":{""date"":""2026-09-14"",""run_id"":""914cbeb6d8264f728ab6c19c744d0891""}}"
705,705,"44.4775573 , -65.8088079","44.477258600000006 , -65.9751986",urban-urban,mixed,1265,"{""sample_routes"":{""date"":""2026-09-14"",""run_id"":""90b54bdec3334b93bd285d61c8cff0ef""},""join_samples"":{""date"":""2026-09-14"",""run_id"":""ea2747234a70431790c1691cf7dc34eb""},""upload_data"":{""date"":""2026-09-14"",""run_id"":""914cbeb6d8264f728ab6c19c744d0891""}}"
710,710,"45.491482500000004 , -62.365035600000006","45.4018552 , -62.365301900000006",rural-urban,mixed,1133,"{""sample_routes"":{""date"":""2026-09-14"",""run_id"":""90b54bdec3334b93bd285d61c8cff0ef""},""join_samples"":{""date"":""2026-09-14"",""run_id"":""ea2747234a70431790c1691cf7dc34eb""},""upload_data"":{""date"":""2026-09-14"",""run_id"":""914cbeb6d8264f728ab6c19c744d0891""}}"
714,714,"46.2219867 , -61.3181693","46.1149624 , -61.3182375",urban-urban,mixed,1131,"{""sample_routes"":{""date"":""2026-09-14"",""run_id"":""90b54bdec3334b93bd285d61c8cff0ef""},""join_samples"":{""date"":""2026-09-14"",""run_id"":""ea2747234a70431790c1691cf7dc34eb""},""upload_data"":{""date"":""2026-09-14"",""run_id"":""914cbeb6d8264f728ab6c19c744d0891""}}"
715,715,"44.3380201 , -64.9345662","44.338391 , -64.9267023",urban-urban,mixed,1269,"{""sample_routes"":{""date"":""2026-09-14"",""run_id"":""90b54bdec3334b93bd285d61c8cff0ef""},""join_samples"":{""date"":""2026-09-14"",""run_id"":""ea2747234a70431790c1691cf7dc34eb""},""upload_data"":{""date"":""2026-09-14"",""run_id"":""914cbeb6d8264f728ab6c19c744d0891""}}"
718,718,"44.9703517 , -63.27047220000001","45.052086100000004 , -63.1884158",urban-rural,mixed,1129,"{""sample_routes"":{""date"":""2026-09-14"",""run_id"":""90b54bdec3334b93bd285d61c8cff0ef""},""join_samples"":{""date"":""2026-09-14"",""run_id"":""ea2747234a70431790c1691cf7dc34eb""},""upload_data"":{""date"":""2026-09-14"",""run_id"":""914cbeb6d8264f728ab6c19c744d0891""}}"
719,719,"45.148942000000005 , -64.6307455","45.0226124 , -64.63069800000001",urban-urban,mixed,1272,"{""sample_routes"":{""date"":""2026-09-14"",""run_id"":""90b54bdec3334b93bd285d61c8cff0ef""},""join_samples"":{""date"":""2026-09-14"",""run_id"":""ea2747234a70431790c1691cf7dc34eb""},""upload_data"":{""date"":""2026-09-14"",""run_id"":""914cbeb6d8264f728ab6c19c744d0891""}}"
720,720,"45.4745992 , -63.5989227","45.4749673 , -63.480878000000004",urban-urban,mixed,1272,"{""sample_routes"":{""date"":""2026-09-14"",""run_id"":""90b54bdec3334b93bd285d61c8cff0ef""},""join_samples"":{""date"":""2026-09-14"",""run_id"":""ea2747234a70431790c1691cf7dc34eb""},""upload_data"":{""date"":""2026-09-14"",""run_id"":""914cbeb6d8264f728ab6c19c744d0891""}}"
723,723,"45.664191200000005 , -60.8757086","45.663778300000004 , -60.702323400000004",urban-urban,mixed,1272,"{""sample_routes"":{""date"":""2026-09-14"",""run_id"":""90b54bdec3334b93bd285d61c8cff0ef""},""join_samples"":{""date"":""2026-09-14"",""run_id"":""ea2747234a70431790c1691cf7dc34eb""},""upload_data"":{""date"":""2026-09-14"",""run_id"":""914cbeb6d8264f728ab6c19c744d0891""}}"
724,724,"44.4884241 , -64.4334434","44.5990447 , -64.54391340000001",rural-urban,mixed,1128,"{""sample_routes"":{""date"":""2026-09-14"",""run_id"":""90b54bdec3334b93bd285d61c8cff0ef""},""join_samples"":{""date"":""2026-09-14"",""run_id"":""ea2747234a70431790c1691cf7dc34eb""},""upload_data"":{""date"":""2026-09-14"",""run_id"":""914cbeb6d8264f728ab6c19c744d0891""}}"
725,725,"44.141552600000004 , -64.61335840000001","44.0767292 , -64.613293",urban-rural,mixed,1272,"{""sample_routes"":{""date"":""2026-09-14"",""run_id"":""90b54bdec3334b93bd285d61c8cff0ef""},""join_samples"":{""date"":""2026-09-14"",""run_id"":""ea2747234a70431790c1691cf7dc34eb""},""upload_data"":{""date"":""2026-09-14"",""run_id"":""914cbeb6d8264f728ab6c19c744d0891""}}"
727,727,"45.088436200000004 , -64.42627490000001","45.214820100000004 , -64.4262219",urban-urban,mixed,1128,"{""sample_routes"":{""date"":""2026-09-14"",""run_id"":""90b54bdec3334b93bd285d61c8cff0ef""},""join_samples"":{""date"":""2026-09-14"",""run_id"":""ea2747234a70431790c1691cf7dc34eb""},""upload_data"":{""date"":""2026-09-14"",""run_id"":""914cbeb6d8264f728ab6c19c744d0891""}}"
728,728,"44.8613416 , -63.536352300000004","44.6942074 , -63.536492700000004",rural-urban,mixed,1273,"{""sample_routes"":{""date"":""2026-09-14"",""run_id"":""90b54bdec3334b93bd285d61c8cff0ef""},""join_samples"":{""date"":""2026-09-14"",""run_id"":""ea2747234a70431790c1691cf7dc34eb""},""upload_data"":{""date"":""2026-09-14"",""run_id"":""914cbeb6d8264f728ab6c19c744d0891""}}"
730,730,"46.113227800000004 , -60.2024977","46.2226646 , -60.092637100000005",urban-rural,mixed,1273,"{""sample_routes"":{""date"":""2026-09-14"",""run_id"":""90b54bdec3334b93bd285d61c8cff0ef""},""join_samples"":{""date"":""2026-09-14"",""run_id"":""ea2747234a70431790c1691cf7dc34eb""},""upload_data"":{""date"":""2026-09-14"",""run_id"":""914cbeb6d8264f728ab6c19c744d0891""}}"
731,731,"44.984884900000004 , -63.23210160000001","45.110477700000004 , -63.2316901",rural-urban,mixed,1126,"{""sample_routes"":{""date"":""2026-09-14"",""run_id"":""90b54bdec3334b93bd285d61c8cff0ef""},""join_samples"":{""date"":""2026-09-14"",""run_id"":""ea2747234a70431790c1691cf7dc34eb""},""upload_data"":{""date"":""2026-09-14"",""run_id"":""914cbeb6d8264f728ab6c19c744d0891""}}"
732,732,"44.492127 , -64.1003044","44.584561900000004 , -64.1926773",urban-urban,mixed,1274,"{""sample_routes"":{""date"":""2026-09-14"",""run_id"":""90b54bdec3334b93bd285d61c8cff0ef""},""join_samples"":{""date"":""2026-09-14"",""run_id"":""ea2747234a70431790c1691cf7dc34eb""},""upload_data"":{""date"":""2026-09-14"",""run_id"":""914cbeb6d8264f728ab6c19c744d0891""}}"
734,734,"44.681420300000006 , -65.47844760000001","44.7679932 , -65.3920456",urban-urban,mixed,1125,"{""sample_routes"":{""date"":""2026-09-14"",""run_id"":""90b54bdec3334b93bd285d61c8cff0ef""},""join_samples"":{""date"":""2026-09-14"",""run_id"":""ea2747234a70431790c1691cf7dc34eb""},""upload_data"":{""date"":""2026-09-14"",""run_id"":""914cbeb6d8264f728ab6c19c744d0891""}}"
738,738,"44.7800783 , -63.6030426","44.653947 , -63.6031222",urban-urban,mixed,1276,"{""sample_routes"":{""date"":""2026-09-14"",""run_id"":""90b54bdec3334b93bd285d61c8cff0ef""},""join_samples"":{""date"":""2026-09-14"",""run_id"":""ea2747234a70431790c1691cf7dc34eb""},""upload_data"":{""date"":""2026-09-14"",""run_id"":""914cbeb6d8264f728ab6c19c744d0891""}}"
740,740,"45.5742872 , -61.9613506","45.5296134 , -62.0058547",urban-urban,mixed,1276,"{""sample_routes"":{""date"":""2026-09-14"",""run_id"":""90b54bdec3334b93bd285d61c8cff0ef""},""join_samples"":{""date"":""2026-09-14"",""run_id"":""ea2747234a70431790c1691cf7dc34eb""},""upload_data"":{""date"":""2026-09-14"",""run_id"":""914cbeb6d8264f728ab6c19c744d0891""}}"
743,743,"44.617319200000004 , -65.5424891","44.6171677 , -65.75488080000001",urban-urban,mixed,1277,"{""sample_routes"":{""date"":""2026-09-14"",""run_id"":""90b54bdec3334b93bd285d61c8cff0ef""},""join_samples"":{""date"":""2026-09-14"",""run_id"":""ea2747234a70431790c1691cf7dc34eb""},""upload_data"":{""date"":""2026-09-14"",""run_id"":""914cbeb6d8264f728ab6c19c744d0891""}}"
745,745,"45.4135258 , -61.9628334","45.5265484 , -61.962722600000006",urban-urban,mixed,1123,"{""sample_routes"":{""date"":""2026-09-14"",""run_id"":""90b54bdec3334b93bd285d61c8cff0ef""},""join_samples"":{""date"":""2026-09-14"",""run_id"":""ea2747234a70431790c1691cf7dc34eb""},""upload_data"":{""date"":""2026-09-14"",""run_id"":""914cbeb6d8264f728ab6c19c744d0891""}}"
746,746,"43.6709922 , -65.28318420000001","43.800993500000004 , -65.28358680000001",rural-urban,mixed,1278,"{""sample_routes"":{""date"":""2026-09-14"",""run_id"":""90b54bdec3334b93bd285d61c8cff0ef""},""join_samples"":{""date"":""2026-09-14"",""run_id"":""ea2747234a70431790c1691cf7dc34eb""},""upload_data"":{""date"":""2026-09-14"",""run_id"":""914cbeb6d8264f728ab6c19c744d0891""}}"
749,749,"44.6854366 , -63.57652950000001","44.6857346 , -63.6780283",urban-urban,mixed,1121,"{""sample_routes"":{""date"":""2026-09-14"",""run_id"":""90b54bdec3334b93bd285d61c8cff0ef""},""join_samples"":{""date"":""2026-09-14"",""run_id"":""ea2747234a70431790c1691cf7dc34eb""},""upload_data"":{""date"":""2026-09-14"",""run_id"":""914cbeb6d8264f728ab6c19c744d0891""}}"
751,751,"44.3868236 , -64.5194135","44.3864959 , -64.32225700000001",urban-urban,mixed,1283,"{""sample_routes"":{""date"":""2026-09-14"",""run_id"":""90b54bdec3334b93bd285d61c8cff0ef""},""join_samples"":{""date"":""2026-09-14"",""run_id"":""ea2747234a70431790c1691cf7dc34eb""},""upload_data"":{""date"":""2026-09-14"",""run_id"":""914cbeb6d8264f728ab6c19c744d0891""}}"
754,754,"44.9768156 , -64.9833138","44.977045100000005 , -65.1486363",urban-urban,mixed,1283,"{""sample_routes"":{""date"":""2026-09-14"",""run_id"":""90b54bdec3334b93bd285d61c8cff0ef""},""join_samples"":{""date"":""2026-09-14"",""run_id"":""ea2747234a70431790c1691cf7dc34eb""},""upload_data"":{""date"":""2026-09-14"",""run_id"":""914cbeb6d8264f728ab6c19c744d0891""}}"
760,760,"45.495678700000006 , -61.9434437","45.495879 , -61.8494916",urban-urban,mixed,1285,"{""sample_routes"":{""date"":""2026-09-14"",""run_id"":""90b54bdec3334b93bd285d61c8cff0ef""},""join_samples"":{""date"":""2026-09-14"",""run_id"":""ea2747234a70431790c1691cf7dc34eb""},""upload_data"":{""date"":""2026-09-14"",""run_id"":""914cbeb6d8264f728ab6c19c744d0891""}}"
762,762,"44.8812821 , -63.786066700000006","44.7704542 , -63.6754523",urban-urban,mixed,1286,"{""sample_routes"":{""date"":""2026-09-14"",""run_id"":""90b54bdec3334b93bd285d61c8cff0ef""},""join_samples"":{""date"":""2026-09-14"",""run_id"":""ea2747234a70431790c1691cf7dc34eb""},""upload_data"":{""date"":""2026-09-14"",""run_id"":""914cbeb6d8264f728ab6c19c744d0891""}}"
763,763,"44.6903297 , -63.0626399","44.778849900000004 , -63.151383700000004",urban-urban,mixed,1286,"{""sample_routes"":{""date"":""2026-09-14"",""run_id"":""90b54bdec3334b93bd285d61c8cff0ef""},""join_samples"":{""date"":""2026-09-14"",""run_id"":""ea2747234a70431790c1691cf7dc34eb""},""upload_data"":{""date"":""2026-09-14"",""run_id"":""914cbeb6d8264f728ab6c19c744d0891""}}"
764,764,"44.6547975 , -65.38213950000001","44.6070532 , -65.4302321",urban-rural,mixed,1287,"{""sample_routes"":{""date"":""2026-09-14"",""run_id"":""90b54bdec3334b93bd285d61c8cff0ef""},""join_samples"":{""date"":""2026-09-14"",""run_id"":""ea2747234a70431790c1691cf7dc34eb""},""upload_data"":{""date"":""2026-09-14"",""run_id"":""914cbeb6d8264f728ab6c19c744d0891""}}"
765,765,"46.305345800000005 , -60.287944700000004","46.1800367 , -60.287630500000006",rural-urban,mixed,1112,"{""sample_routes"":{""date"":""2026-09-14"",""run_id"":""90b54bdec3334b93bd285d61c8cff0ef""},""join_samples"":{""date"":""2026-09-14"",""run_id"":""ea2747234a70431790c1691cf7dc34eb""},""upload_data"":{""date"":""2026-09-14"",""run_id"":""914cbeb6d8264f728ab6c19c744d0891""}}"
767,767,"44.6315138 , -65.5023899","44.7627089 , -65.5026472",urban-urban,mixed,1288,"{""sample_routes"":{""date"":""2026-09-14"",""run_id"":""90b54bdec3334b93bd285d61c8cff0ef""},""join_samples"":{""date"":""2026-09-14"",""run_id"":""ea2747234a70431790c1691cf7dc34eb""},""upload_data"":{""date"":""2026-09-14"",""run_id"":""914cbeb6d8264f728ab6c19c744d0891""}}"
770,770,"45.5755678 , -62.6568235","45.5754941 , -62.9074752",urban-urban,mixed,1290,"{""sample_routes"":{""date"":""2026-09-14"",""run_id"":""90b54bdec3334b93bd285d61c8cff0ef""},""join_samples"":{""date"":""2026-09-14"",""run_id"":""ea2747234a70431790c1691cf7dc34eb""},""upload_data"":{""date"":""2026-09-14"",""run_id"":""914cbeb6d8264f728ab6c19c744d0891""}}"
772,772,"44.387953100000004 , -64.51658830000001","44.4799373 , -64.60820290000001",urban-urban,mixed,1109,"{""sample_routes"":{""date"":""2026-09-14"",""run_id"":""90b54bdec3334b93bd285d61c8cff0ef""},""join_samples"":{""date"":""2026-09-14"",""run_id"":""ea2747234a70431790c1691cf7dc34eb""},""upload_data"":{""date"":""2026-09-14"",""run_id"":""914cbeb6d8264f728ab6c19c744d0891""}}"
776,776,"45.0472405 , -64.48476980000001","45.159347100000005 , -64.4845853",urban-urban,mixed,1108,"{""sample_routes"":{""date"":""2026-09-14"",""run_id"":""90b54bdec3334b93bd285d61c8cff0ef""},""join_samples"":{""date"":""2026-09-14"",""run_id"":""ea2747234a70431790c1691cf7dc34eb""},""upload_data"":{""date"":""2026-09-14"",""run_id"":""914cbeb6d8264f728ab6c19c744d0891""}}"
777,777,"43.965127900000006 , -66.0239976","43.965138700000004 , -66.16014080000001",urban-urban,mixed,1108,"{""sample_routes"":{""date"":""2026-09-14"",""run_id"":""90b54bdec3334b93bd285d61c8cff0ef""},""join_samples"":{""date"":""2026-09-14"",""run_id"":""ea2747234a70431790c1691cf7dc34eb""},""upload_data"":{""date"":""2026-09-14"",""run_id"":""914cbeb6d8264f728ab6c19c744d0891""}}"
778,778,"45.615622 , -61.398367900000004","45.707998700000005 , -61.398291500000006",urban-urban,mixed,1293,"{""sample_routes"":{""date"":""2026-09-14"",""run_id"":""90b54bdec3334b93bd285d61c8cff0ef""},""join_samples"":{""date"":""2026-09-14"",""run_id"":""ea2747234a70431790c1691cf7dc34eb""},""upload_data"":{""date"":""2026-09-14"",""run_id"":""914cbeb6d8264f728ab6c19c744d0891""}}"
779,779,"44.9168831 , -64.9474699","44.9165365 , -65.138709",urban-rural,mixed,1295,"{""sample_routes"":{""date"":""2026-09-14"",""run_id"":""90b54bdec3334b93bd285d61c8cff0ef""},""join_samples"":{""date"":""2026-09-14"",""run_id"":""ea2747234a70431790c1691cf7dc34eb""},""upload_data"":{""date"":""2026-09-14"",""run_id"":""914cbeb6d8264f728ab6c19c744d0891""}}"
781,781,"44.432248900000005 , -64.3444015","44.303213400000004 , -64.3446998",urban-rural,mixed,1295,"{""sample_routes"":{""date"":""2026-09-14"",""run_id"":""90b54bdec3334b93bd285d61c8cff0ef""},""join_samples"":{""date"":""2026-09-14"",""run_id"":""ea2747234a70431790c1691cf7dc34eb""},""upload_data"":{""date"":""2026-09-14"",""run_id"":""914cbeb6d8264f728ab6c19c744d0891""}}"
782,782,"45.539919600000005 , -61.0581728","45.491446700000004 , -61.009883300000006",urban-rural,mixed,1105,"{""sample_routes"":{""date"":""2026-09-14"",""run_id"":""90b54bdec3334b93bd285d61c8cff0ef""},""join_samples"":{""date"":""2026-09-14"",""run_id"":""ea2747234a70431790c1691cf7dc34eb""},""upload_data"":{""date"":""2026-09-14"",""run_id"":""914cbeb6d8264f728ab6c19c744d0891""}}"
784,784,"44.2248486 , -64.53267050000001","44.376297300000004 , -64.5328545",urban-urban,mixed,1296,"{""sample_routes"":{""date"":""2026-09-14"",""run_id"":""90b54bdec3334b93bd285d61c8cff0ef""},""join_samples"":{""date"":""2026-09-14"",""run_id"":""ea2747234a70431790c1691cf7dc34eb""},""upload_data"":{""date"":""2026-09-14"",""run_id"":""914cbeb6d8264f728ab6c19c744d0891""}}"
786,786,"44.634528 , -63.6689245","44.725722000000005 , -63.5779451",rural-rural,mixed,1296,"{""sample_routes"":{""date"":""2026-09-14"",""run_id"":""90b54bdec3334b93bd285d61c8cff0ef""},""join_samples"":{""date"":""2026-09-14"",""run_id"":""ea2747234a70431790c1691cf7dc34eb""},""upload_data"":{""date"":""2026-09-14"",""run_id"":""914cbeb6d8264f728ab6c19c744d0891""}}"
787,787,"45.4388586 , -62.021123100000004","45.5350301 , -61.925181800000004",rural-rural,mixed,1104,"{""sample_routes"":{""date"":""2026-09-14"",""run_id"":""90b54bdec3334b93bd285d61c8cff0ef""},""join_samples"":{""date"":""2026-09-14"",""run_id"":""ea2747234a70431790c1691cf7dc34eb""},""upload_data"":{""date"":""2026-09-14"",""run_id"":""914cbeb6d8264f728ab6c19c744d0891""}}"
789,789,"44.466006300000004 , -64.7073333","44.5505359 , -64.7073319",urban-rural,mixed,1102,"{""sample_routes"":{""date"":""2026-09-14"",""run_id"":""90b54bdec3334b93bd285d61c8cff0ef""},""join_samples"":{""date"":""2026-09-14"",""run_id"":""ea2747234a70431790c1691cf7dc34eb""},""upload_data"":{""date"":""2026-09-14"",""run_id"":""914cbeb6d8264f728ab6c19c744d0891""}}"
790,790,"45.5743547 , -61.4070345","45.5177567 , -61.350685000000006",urban-urban,mixed,1102,"{""sample_routes"":{""date"":""2026-09-14"",""run_id"":""90b54bdec3334b93bd285d61c8cff0ef""},""join_samples"":{""date"":""2026-09-14"",""run_id"":""ea2747234a70431790c1691cf7dc34eb""},""upload_data"":{""date"":""2026-09-14"",""run_id"":""914cbeb6d8264f728ab6c19c744d0891""}}"
792,792,"45.9584781 , -61.2030011","45.8499288 , -61.0944106",urban-urban,mixed,1299,"{""sample_routes"":{""date"":""2026-09-14"",""run_id"":""90b54bdec3334b93bd285d61c8cff0ef""},""join_samples"":{""date"":""2026-09-14"",""run_id"":""ea2747234a70431790c1691cf7dc34eb""},""upload_data"":{""date"":""2026-09-14"",""run_id"":""914cbeb6d8264f728ab6c19c744d0891""}}"
793,793,"44.7912562 , -62.957463600000004","44.791111 , -62.8393821",urban-urban,mixed,1100,"{""sample_routes"":{""date"":""2026-09-14"",""run_id"":""90b54bdec3334b93bd285d61c8cff0ef""},""join_samples"":{""date"":""2026-09-14"",""run_id"":""ea2747234a70431790c1691cf7dc34eb""},""upload_data"":{""date"":""2026-09-14"",""run_id"":""914cbeb6d8264f728ab6c19c744d0891""}}"
796,796,"44.647952100000005 , -63.424060100000005","44.6475419 , -63.4011457",urban-urban,mixed,1301,"{""sample_routes"":{""date"":""2026-09-14"",""run_id"":""90b54bdec3334b93bd285d61c8cff0ef""},""join_samples"":{""date"":""2026-09-14"",""run_id"":""ea2747234a70431790c1691cf7dc34eb""},""upload_data"":{""date"":""2026-09-14"",""run_id"":""914cbeb6d8264f728ab6c19c744d0891""}}"
802,802,"44.3832991 , -64.5557371","44.3832092 , -64.69002420000001",urban-urban,mixed,1097,"{""sample_routes"":{""date"":""2026-09-14"",""run_id"":""90b54bdec3334b93bd285d61c8cff0ef""},""join_samples"":{""date"":""2026-09-14"",""run_id"":""ea2747234a70431790c1691cf7dc34eb""},""upload_data"":{""date"":""2026-09-14"",""run_id"":""914cbeb6d8264f728ab6c19c744d0891""}}"
806,806,"44.7653869 , -63.691867300000006","44.765556100000005 , -63.570589600000005",urban-urban,mixed,1097,"{""sample_routes"":{""date"":""2026-09-14"",""run_id"":""90b54bdec3334b93bd285d61c8cff0ef""},""join_samples"":{""date"":""2026-09-14"",""run_id"":""ea2747234a70431790c1691cf7dc34eb""},""upload_data"":{""date"":""2026-09-14"",""run_id"":""914cbeb6d8264f728ab6c19c744d0891""}}"
812,812,"45.076537800000004 , -64.5103946","45.1709466 , -64.5101283",urban-rural,mixed,1305,"{""sample_routes"":{""date"":""2026-09-14"",""run_id"":""90b54bdec3334b93bd285d61c8cff0ef""},""join_samples"":{""date"":""2026-09-14"",""run_id"":""ea2747234a70431790c1691cf7dc34eb""},""upload_data"":{""date"":""2026-09-14"",""run_id"":""914cbeb6d8264f728ab6c19c744d0891""}}"
813,813,"45.057686700000005 , -63.5518123","44.9392459 , -63.5521432",urban-urban,mixed,1305,"{""sample_routes"":{""date"":""2026-09-14"",""run_id"":""90b54bdec3334b93bd285d61c8cff0ef""},""join_samples"":{""date"":""2026-09-14"",""run_id"":""ea2747234a70431790c1691cf7dc34eb""},""upload_data"":{""date"":""2026-09-14"",""run_id"":""914cbeb6d8264f728ab6c19c744d0891""}}"
818,818,"45.1170179 , -64.6338231","45.0207464 , -64.5379151",urban-rural,mixed,1092,"{""sample_routes"":{""date"":""2026-09-14"",""run_id"":""90b54bdec3334b93bd285d61c8cff0ef""},""join_samples"":{""date"":""2026-09-14"",""run_id"":""ea2747234a70431790c1691cf7dc34eb""},""upload_data"":{""date"":""2026-09-14"",""run_id"":""914cbeb6d8264f728ab6c19c744d0891""}}"
822,822,"44.681308 , -63.2100075","44.756364100000006 , -63.2854717",urban-urban,mixed,1091,"{""sample_routes"":{""date"":""2026-09-14"",""run_id"":""90b54bdec3334b93bd285d61c8cff0ef""},""join_samples"":{""date"":""2026-09-14"",""run_id"":""ea2747234a70431790c1691cf7dc34eb""},""upload_data"":{""date"":""2026-09-14"",""run_id"":""914cbeb6d8264f728ab6c19c744d0891""}}"
823,823,"44.732111700000004 , -65.4934315","44.732438300000005 , -65.3777627",urban-urban,mixed,1091,"{""sample_routes"":{""date"":""2026-09-14"",""run_id"":""90b54bdec3334b93bd285d61c8cff0ef""},""join_samples"":{""date"":""2026-09-14"",""run_id"":""ea2747234a70431790c1691cf7dc34eb""},""upload_data"":{""date"":""2026-09-14"",""run_id"":""914cbeb6d8264f728ab6c19c744d0891""}}"
825,825,"44.7356062 , -65.49564260000001","44.8001233 , -65.56032640000001",urban-rural,mixed,1090,"{""sample_routes"":{""date"":""2026-09-14"",""run_id"":""90b54bdec3334b93bd285d61c8cff0ef""},""join_samples"":{""date"":""2026-09-14"",""run_id"":""ea2747234a70431790c1691cf7dc34eb""},""upload_data"":{""date"":""2026-09-14"",""run_id"":""914cbeb6d8264f728ab6c19c744d0891""}}"
826,826,"45.067655300000006 , -64.3561206","45.067529 , -64.52079280000001",urban-urban,mixed,1310,"{""sample_routes"":{""date"":""2026-09-14"",""run_id"":""90b54bdec3334b93bd285d61c8cff0ef""},""join_samples"":{""date"":""2026-09-14"",""run_id"":""ea2747234a70431790c1691cf7dc34eb""},""upload_data"":{""date"":""2026-09-14"",""run_id"":""914cbeb6d8264f728ab6c19c744d0891""}}"
828,828,"46.0783543 , -60.0876621","46.0782407 , -59.900775200000005",rural-rural,mixed,1312,"{""sample_routes"":{""date"":""2026-09-14"",""run_id"":""90b54bdec3334b93bd285d61c8cff0ef""},""join_samples"":{""date"":""2026-09-14"",""run_id"":""ea2747234a70431790c1691cf7dc34eb""},""upload_data"":{""date"":""2026-09-14"",""run_id"":""914cbeb6d8264f728ab6c19c744d0891""}}"
829,829,"44.4195579 , -64.3346329","44.4197403 , -64.46586880000001",urban-rural,mixed,1088,"{""sample_routes"":{""date"":""2026-09-14"",""run_id"":""90b54bdec3334b93bd285d61c8cff0ef""},""join_samples"":{""date"":""2026-09-14"",""run_id"":""ea2747234a70431790c1691cf7dc34eb""},""upload_data"":{""date"":""2026-09-14"",""run_id"":""914cbeb6d8264f728ab6c19c744d0891""}}"
831,831,"44.359236100000004 , -64.5153069","44.2420527 , -64.5154524",urban-urban,mixed,1313,"{""sample_routes"":{""date"":""2026-09-14"",""run_id"":""90b54bdec3334b93bd285d61c8cff0ef""},""join_samples"":{""date"":""2026-09-14"",""run_id"":""ea2747234a70431790c1691cf7dc34eb""},""upload_data"":{""date"":""2026-09-14"",""run_id"":""914cbeb6d8264f728ab6c19c744d0891""}}"
832,832,"46.1235135 , -60.195899100000005","46.0239417 , -60.0961513",urban-rural,mixed,1313,"{""sample_routes"":{""date"":""2026-09-14"",""run_id"":""90b54bdec3334b93bd285d61c8cff0ef""},""join_samples"":{""date"":""2026-09-14"",""run_id"":""ea2747234a70431790c1691cf7dc34eb""},""upload_data"":{""date"":""2026-09-14"",""run_id"":""914cbeb6d8264f728ab6c19c744d0891""}}"
835,835,"43.7867946 , -65.34414360000001","43.8996518 , -65.3444935",urban-urban,mixed,1086,"{""sample_routes"":{""date"":""2026-09-14"",""run_id"":""90b54bdec3334b93bd285d61c8cff0ef""},""join_samples"":{""date"":""2026-09-14"",""run_id"":""ea2747234a70431790c1691cf7dc34eb""},""upload_data"":{""date"":""2026-09-14"",""run_id"":""914cbeb6d8264f728ab6c19c744d0891""}}"
837,837,"44.3655508 , -64.6540097","44.4271699 , -64.5924282",rural-rural,mixed,1084,"{""sample_routes"":{""date"":""2026-09-14"",""run_id"":""90b54bdec3334b93bd285d61c8cff0ef""},""join_samples"":{""date"":""2026-09-14"",""run_id"":""ea2747234a70431790c1691cf7dc34eb""},""upload_data"":{""date"":""2026-09-14"",""run_id"":""914cbeb6d8264f728ab6c19c744d0891""}}"
839,839,"44.7385894 , -63.00818460000001","44.7381791 , -62.8879018",rural-urban,mixed,1317,"{""sample_routes"":{""date"":""2026-09-14"",""run_id"":""90b54bdec3334b93bd285d61c8cff0ef""},""join_samples"":{""date"":""2026-09-14"",""run_id"":""ea2747234a70431790c1691cf7dc34eb""},""upload_data"":{""date"":""2026-09-14"",""run_id"":""914cbeb6d8264f728ab6c19c744d0891""}}"
843,843,"46.406489 , -61.096561900000005","46.334574100000005 , -61.024397",urban-urban,mixed,1080,"{""sample_routes"":{""date"":""2026-09-14"",""run_id"":""90b54bdec3334b93bd285d61c8cff0ef""},""join_samples"":{""date"":""2026-09-14"",""run_id"":""ea2747234a70431790c1691cf7dc34eb""},""upload_data"":{""date"":""2026-09-14"",""run_id"":""914cbeb6d8264f728ab6c19c744d0891""}}"
846,846,"43.984993200000005 , -66.13250380000001","43.866515 , -66.1327674",urban-urban,mixed,1080,"{""sample_routes"":{""date"":""2026-09-14"",""run_id"":""90b54bdec3334b93bd285d61c8cff0ef""},""join_samples"":{""date"":""2026-09-14"",""run_id"":""ea2747234a70431790c1691cf7dc34eb""},""upload_data"":{""date"":""2026-09-14"",""run_id"":""914cbeb6d8264f728ab6c19c744d0891""}}"
849,849,"43.7776985 , -65.9664948","43.8779878 , -66.0668442",urban-rural,mixed,1321,"{""sample_routes"":{""date"":""2026-09-14"",""run_id"":""90b54bdec3334b93bd285d61c8cff0ef""},""join_samples"":{""date"":""2026-09-14"",""run_id"":""ea2747234a70431790c1691cf7dc34eb""},""upload_data"":{""date"":""2026-09-14"",""run_id"":""914cbeb6d8264f728ab6c19c744d0891""}}"
850,850,"46.2103387 , -60.7099905","46.1309215 , -60.7096232",urban-rural,mixed,1321,"{""sample_routes"":{""date"":""2026-09-14"",""run_id"":""90b54bdec3334b93bd285d61c8cff0ef""},""join_samples"":{""date"":""2026-09-14"",""run_id"":""ea2747234a70431790c1691cf7dc34eb""},""upload_data"":{""date"":""2026-09-14"",""run_id"":""914cbeb6d8264f728ab6c19c744d0891""}}"
851,851,"44.9703432 , -64.8005014","45.048891700000006 , -64.72186500000001",urban-urban,mixed,1078,"{""sample_routes"":{""date"":""2026-09-14"",""run_id"":""90b54bdec3334b93bd285d61c8cff0ef""},""join_samples"":{""date"":""2026-09-14"",""run_id"":""ea2747234a70431790c1691cf7dc34eb""},""upload_data"":{""date"":""2026-09-14"",""run_id"":""914cbeb6d8264f728ab6c19c744d0891""}}"
852,852,"45.9115467 , -61.0470607","45.9606288 , -61.096060800000004",urban-rural,mixed,1322,"{""sample_routes"":{""date"":""2026-09-14"",""run_id"":""90b54bdec3334b93bd285d61c8cff0ef""},""join_samples"":{""date"":""2026-09-14"",""run_id"":""ea2747234a70431790c1691cf7dc34eb""},""upload_data"":{""date"":""2026-09-14"",""run_id"":""914cbeb6d8264f728ab6c19c744d0891""}}"
853,853,"45.1590233 , -63.028071100000005","45.1590329 , -62.908186400000005",urban-urban,mixed,1078,"{""sample_routes"":{""date"":""2026-09-14"",""run_id"":""90b54bdec3334b93bd285d61c8cff0ef""},""join_samples"":{""date"":""2026-09-14"",""run_id"":""ea2747234a70431790c1691cf7dc34eb""},""upload_data"":{""date"":""2026-09-14"",""run_id"":""914cbeb6d8264f728ab6c19c744d0891""}}"
854,854,"45.0721786 , -64.44585000000001","45.160323500000004 , -64.5338478",urban-urban,mixed,1323,"{""sample_routes"":{""date"":""2026-09-14"",""run_id"":""90b54bdec3334b93bd285d61c8cff0ef""},""join_samples"":{""date"":""2026-09-14"",""run_id"":""ea2747234a70431790c1691cf7dc34eb""},""upload_data"":{""date"":""2026-09-14"",""run_id"":""914cbeb6d8264f728ab6c19c744d0891""}}"
856,856,"46.0145508 , -60.0758148","46.1260136 , -60.1868673",urban-urban,mixed,1323,"{""sample_routes"":{""date"":""2026-09-14"",""run_id"":""90b54bdec3334b93bd285d61c8cff0ef""},""join_samples"":{""date"":""2026-09-14"",""run_id"":""ea2747234a70431790c1691cf7dc34eb""},""upload_data"":{""date"":""2026-09-14"",""run_id"":""914cbeb6d8264f728ab6c19c744d0891""}}"
857,857,"45.0935995 , -64.5030754","45.0938601 , -64.3486354",rural-urban,mixed,1324,"{""sample_routes"":{""date"":""2026-09-14"",""run_id"":""90b54bdec3334b93bd285d61c8cff0ef""},""join_samples"":{""date"":""2026-09-14"",""run_id"":""ea2747234a70431790c1691cf7dc34eb""},""upload_data"":{""date"":""2026-09-14"",""run_id"":""914cbeb6d8264f728ab6c19c744d0891""}}"
858,858,"44.976869400000005 , -62.25746960000001","44.8886343 , -62.346035",urban-urban,mixed,1324,"{""sample_routes"":{""date"":""2026-09-14"",""run_id"":""90b54bdec3334b93bd285d61c8cff0ef""},""join_samples"":{""date"":""2026-09-14"",""run_id"":""ea2747234a70431790c1691cf7dc34eb""},""upload_data"":{""date"":""2026-09-14"",""run_id"":""914cbeb6d8264f728ab6c19c744d0891""}}"
860,860,"44.741694300000006 , -64.5731793","44.6894867 , -64.62501590000001",urban-urban,mixed,1076,"{""sample_routes"":{""date"":""2026-09-14"",""run_id"":""90b54bdec3334b93bd285d61c8cff0ef""},""join_samples"":{""date"":""2026-09-14"",""run_id"":""ea2747234a70431790c1691cf7dc34eb""},""upload_data"":{""date"":""2026-09-14"",""run_id"":""914cbeb6d8264f728ab6c19c744d0891""}}"
862,862,"44.532898700000004 , -65.6650862","44.632203600000004 , -65.66510120000001",urban-urban,mixed,1075,"{""sample_routes"":{""date"":""2026-09-14"",""run_id"":""90b54bdec3334b93bd285d61c8cff0ef""},""join_samples"":{""date"":""2026-09-14"",""run_id"":""ea2747234a70431790c1691cf7dc34eb""},""upload_data"":{""date"":""2026-09-14"",""run_id"":""914cbeb6d8264f728ab6c19c744d0891""}}"
863,863,"44.379241 , -64.36091760000001","44.3794106 , -64.5365335",rural-urban,mixed,1326,"{""sample_routes"":{""date"":""2026-09-14"",""run_id"":""90b54bdec3334b93bd285d61c8cff0ef""},""join_samples"":{""date"":""2026-09-14"",""run_id"":""ea2747234a70431790c1691cf7dc34eb""},""upload_data"":{""date"":""2026-09-14"",""run_id"":""914cbeb6d8264f728ab6c19c744d0891""}}"
867,867,"44.5140387 , -64.5239476","44.397787900000004 , -64.5242458",urban-urban,mixed,1327,"{""sample_routes"":{""date"":""2026-09-14"",""run_id"":""90b54bdec3334b93bd285d61c8cff0ef""},""join_samples"":{""date"":""2026-09-14"",""run_id"":""ea2747234a70431790c1691cf7dc34eb""},""upload_data"":{""date"":""2026-09-14"",""run_id"":""914cbeb6d8264f728ab6c19c744d0891""}}"
869,869,"44.321253000000006 , -64.53515850000001","44.422957000000004 , -64.6372159",urban-urban,mixed,1329,"{""sample_routes"":{""date"":""2026-09-14"",""run_id"":""90b54bdec3334b93bd285d61c8cff0ef""},""join_samples"":{""date"":""2026-09-14"",""run_id"":""ea2747234a70431790c1691cf7dc34eb""},""upload_data"":{""date"":""2026-09-14"",""run_id"":""914cbeb6d8264f728ab6c19c744d0891""}}"
873,873,"44.252637500000006 , -64.6052987","44.3334941 , -64.5247799",urban-rural,mixed,1070,"{""sample_routes"":{""date"":""2026-09-14"",""run_id"":""90b54bdec3334b93bd285d61c8cff0ef""},""join_samples"":{""date"":""2026-09-14"",""run_id"":""ea2747234a70431790c1691cf7dc34eb""},""upload_data"":{""date"":""2026-09-14"",""run_id"":""914cbeb6d8264f728ab6c19c744d0891""}}"
876,876,"46.5004148 , -61.066976200000006","46.5803175 , -60.9868158",urban-urban,mixed,1070,"{""sample_routes"":{""date"":""2026-09-14"",""run_id"":""90b54bdec3334b93bd285d61c8cff0ef""},""join_samples"":{""date"":""2026-09-14"",""run_id"":""ea2747234a70431790c1691cf7dc34eb""},""upload_data"":{""date"":""2026-09-14"",""run_id"":""914cbeb6d8264f728ab6c19c744d0891""}}"
877,877,"45.106864 , -63.225594300000004","45.0098509 , -63.1281989",urban-urban,mixed,1331,"{""sample_routes"":{""date"":""2026-09-14"",""run_id"":""90b54bdec3334b93bd285d61c8cff0ef""},""join_samples"":{""date"":""2026-09-14"",""run_id"":""ea2747234a70431790c1691cf7dc34eb""},""upload_data"":{""date"":""2026-09-14"",""run_id"":""914cbeb6d8264f728ab6c19c744d0891""}}"
878,878,"44.7808153 , -63.712867900000006","44.781232100000004 , -63.5779086",urban-rural,mixed,1069,"{""sample_routes"":{""date"":""2026-09-14"",""run_id"":""90b54bdec3334b93bd285d61c8cff0ef""},""join_samples"":{""date"":""2026-09-14"",""run_id"":""ea2747234a70431790c1691cf7dc34eb""},""upload_data"":{""date"":""2026-09-14"",""run_id"":""914cbeb6d8264f728ab6c19c744d0891""}}"
882,882,"43.7410468 , -65.88791830000001","43.8374302 , -65.98455750000001",rural-urban,mixed,1066,"{""sample_routes"":{""date"":""2026-09-14"",""run_id"":""90b54bdec3334b93bd285d61c8cff0ef""},""join_samples"":{""date"":""2026-09-14"",""run_id"":""ea2747234a70431790c1691cf7dc34eb""},""upload_data"":{""date"":""2026-09-14"",""run_id"":""914cbeb6d8264f728ab6c19c744d0891""}}"
883,883,"45.0672901 , -64.4401818","45.1810647 , -64.4405035",urban-rural,mixed,1334,"{""sample_routes"":{""date"":""2026-09-14"",""run_id"":""90b54bdec3334b93bd285d61c8cff0ef""},""join_samples"":{""date"":""2026-09-14"",""run_id"":""ea2747234a70431790c1691cf7dc34eb""},""upload_data"":{""date"":""2026-09-14"",""run_id"":""914cbeb6d8264f728ab6c19c744d0891""}}"
884,884,"44.0512126 , -66.1018916","44.1447725 , -66.1021358",urban-urban,mixed,1066,"{""sample_routes"":{""date"":""2026-09-14"",""run_id"":""90b54bdec3334b93bd285d61c8cff0ef""},""join_samples"":{""date"":""2026-09-14"",""run_id"":""ea2747234a70431790c1691cf7dc34eb""},""upload_data"":{""date"":""2026-09-14"",""run_id"":""914cbeb6d8264f728ab6c19c744d0891""}}"
885,885,"46.3637839 , -60.9703662","46.364193400000005 , -61.0772418",urban-rural,mixed,1065,"{""sample_routes"":{""date"":""2026-09-14"",""run_id"":""90b54bdec3334b93bd285d61c8cff0ef""},""join_samples"":{""date"":""2026-09-14"",""run_id"":""ea2747234a70431790c1691cf7dc34eb""},""upload_data"":{""date"":""2026-09-14"",""run_id"":""914cbeb6d8264f728ab6c19c744d0891""}}"
886,886,"44.6983632 , -64.7767419","44.6311534 , -64.7767243",urban-urban,mixed,1065,"{""sample_routes"":{""date"":""2026-09-14"",""run_id"":""90b54bdec3334b93bd285d61c8cff0ef""},""join_samples"":{""date"":""2026-09-14"",""run_id"":""ea2747234a70431790c1691cf7dc34eb""},""upload_data"":{""date"":""2026-09-14"",""run_id"":""914cbeb6d8264f728ab6c19c744d0891""}}"
888,888,"45.6854985 , -63.827774000000005","45.7810702 , -63.923036100000004",urban-rural,mixed,1337,"{""sample_routes"":{""date"":""2026-09-14"",""run_id"":""90b54bdec3334b93bd285d61c8cff0ef""},""join_samples"":{""date"":""2026-09-14"",""run_id"":""ea2747234a70431790c1691cf7dc34eb""},""upload_data"":{""date"":""2026-09-14"",""run_id"":""914cbeb6d8264f728ab6c19c744d0891""}}"
889,889,"44.669730200000004 , -63.790271600000004","44.5838282 , -63.704585900000005",urban-urban,mixed,1063,"{""sample_routes"":{""date"":""2026-09-14"",""run_id"":""90b54bdec3334b93bd285d61c8cff0ef""},""join_samples"":{""date"":""2026-09-14"",""run_id"":""ea2747234a70431790c1691cf7dc34eb""},""upload_data"":{""date"":""2026-09-14"",""run_id"":""914cbeb6d8264f728ab6c19c744d0891""}}"
890,890,"45.6150618 , -61.4060628","45.692672 , -61.3288171",urban-urban,mixed,1337,"{""sample_routes"":{""date"":""2026-09-14"",""run_id"":""90b54bdec3334b93bd285d61c8cff0ef""},""join_samples"":{""date"":""2026-09-14"",""run_id"":""ea2747234a70431790c1691cf7dc34eb""},""upload_data"":{""date"":""2026-09-14"",""run_id"":""914cbeb6d8264f728ab6c19c744d0891""}}"
891,891,"45.0501912 , -64.4609636","45.1630575 , -64.5740452",urban-rural,mixed,1338,"{""sample_routes"":{""date"":""2026-09-14"",""run_id"":""90b54bdec3334b93bd285d61c8cff0ef""},""join_samples"":{""date"":""2026-09-14"",""run_id"":""ea2747234a70431790c1691cf7dc34eb""},""upload_data"":{""date"":""2026-09-14"",""run_id"":""914cbeb6d8264f728ab6c19c744d0891""}}"
894,894,"45.37829 , -63.206816700000005","45.4979378 , -63.206608",urban-urban,mixed,1339,"{""sample_routes"":{""date"":""2026-09-14"",""run_id"":""90b54bdec3334b93bd285d61c8cff0ef""},""join_samples"":{""date"":""2026-09-14"",""run_id"":""ea2747234a70431790c1691cf7dc34eb""},""upload_data"":{""date"":""2026-09-14"",""run_id"":""914cbeb6d8264f728ab6c19c744d0891""}}"
896,896,"43.5661229 , -65.7374573","43.486070000000005 , -65.6571565",urban-urban,mixed,1061,"{""sample_routes"":{""date"":""2026-09-14"",""run_id"":""90b54bdec3334b93bd285d61c8cff0ef""},""join_samples"":{""date"":""2026-09-14"",""run_id"":""ea2747234a70431790c1691cf7dc34eb""},""upload_data"":{""date"":""2026-09-14"",""run_id"":""914cbeb6d8264f728ab6c19c744d0891""}}"
897,897,"44.6155051 , -64.0904415","44.5510462 , -64.02619680000001",urban-rural,mixed,1060,"{""sample_routes"":{""date"":""2026-09-14"",""run_id"":""90b54bdec3334b93bd285d61c8cff0ef""},""join_samples"":{""date"":""2026-09-14"",""run_id"":""ea2747234a70431790c1691cf7dc34eb""},""upload_data"":{""date"":""2026-09-14"",""run_id"":""914cbeb6d8264f728ab6c19c744d0891""}}"
902,902,"44.6590342 , -63.531437700000005","44.7651017 , -63.6372653",urban-urban,mixed,1058,"{""sample_routes"":{""date"":""2026-09-14"",""run_id"":""90b54bdec3334b93bd285d61c8cff0ef""},""join_samples"":{""date"":""2026-09-14"",""run_id"":""ea2747234a70431790c1691cf7dc34eb""},""upload_data"":{""date"":""2026-09-14"",""run_id"":""914cbeb6d8264f728ab6c19c744d0891""}}"
905,905,"46.075864100000004 , -60.915698500000005","46.1725748 , -61.012314100000005",urban-urban,mixed,1345,"{""sample_routes"":{""date"":""2026-09-14"",""run_id"":""90b54bdec3334b93bd285d61c8cff0ef""},""join_samples"":{""date"":""2026-09-14"",""run_id"":""ea2747234a70431790c1691cf7dc34eb""},""upload_data"":{""date"":""2026-09-14"",""run_id"":""914cbeb6d8264f728ab6c19c744d0891""}}"
908,908,"45.6085031 , -63.391949700000005","45.7193485 , -63.281505100000004",urban-urban,mixed,1346,"{""sample_routes"":{""date"":""2026-09-14"",""run_id"":""90b54bdec3334b93bd285d61c8cff0ef""},""join_samples"":{""date"":""2026-09-14"",""run_id"":""ea2747234a70431790c1691cf7dc34eb""},""upload_data"":{""date"":""2026-09-14"",""run_id"":""914cbeb6d8264f728ab6c19c744d0891""}}"
909,909,"44.638370800000004 , -63.7154765","44.6383367 , -63.569825800000004",urban-urban,mixed,1347,"{""sample_routes"":{""date"":""2026-09-14"",""run_id"":""90b54bdec3334b93bd285d61c8cff0ef""},""join_samples"":{""date"":""2026-09-14"",""run_id"":""ea2747234a70431790c1691cf7dc34eb""},""upload_data"":{""date"":""2026-09-14"",""run_id"":""914cbeb6d8264f728ab6c19c744d0891""}}"
911,911,"46.132920600000006 , -60.2090083","46.240099 , -60.3164317",urban-rural,mixed,1348,"{""sample_routes"":{""date"":""2026-09-14"",""run_id"":""90b54bdec3334b93bd285d61c8cff0ef""},""join_samples"":{""date"":""2026-09-14"",""run_id"":""ea2747234a70431790c1691cf7dc34eb""},""upload_data"":{""date"":""2026-09-14"",""run_id"":""914cbeb6d8264f728ab6c19c744d0891""}}"
913,913,"45.032799700000005 , -64.4764203","45.088263500000004 , -64.5319041",rural-urban,mixed,1052,"{""sample_routes"":{""date"":""2026-09-14"",""run_id"":""90b54bdec3334b93bd285d61c8cff0ef""},""join_samples"":{""date"":""2026-09-14"",""run_id"":""ea2747234a70431790c1691cf7dc34eb""},""upload_data"":{""date"":""2026-09-14"",""run_id"":""914cbeb6d8264f728ab6c19c744d0891""}}"
915,915,"45.4778637 , -63.6143574","45.3857451 , -63.5218903",urban-urban,mixed,1051,"{""sample_routes"":{""date"":""2026-09-14"",""run_id"":""90b54bdec3334b93bd285d61c8cff0ef""},""join_samples"":{""date"":""2026-09-14"",""run_id"":""ea2747234a70431790c1691cf7dc34eb""},""upload_data"":{""date"":""2026-09-14"",""run_id"":""914cbeb6d8264f728ab6c19c744d0891""}}"
916,916,"43.9426326 , -65.9914339","43.8095792 , -66.124864",urban-rural,mixed,1350,"{""sample_routes"":{""date"":""2026-09-14"",""run_id"":""90b54bdec3334b93bd285d61c8cff0ef""},""join_samples"":{""date"":""2026-09-14"",""run_id"":""ea2747234a70431790c1691cf7dc34eb""},""upload_data"":{""date"":""2026-09-14"",""run_id"":""914cbeb6d8264f728ab6c19c744d0891""}}"
919,919,"45.0958088 , -63.2389385","45.0958568 , -63.398902500000005",urban-urban,mixed,1350,"{""sample_routes"":{""date"":""2026-09-14"",""run_id"":""90b54bdec3334b93bd285d61c8cff0ef""},""join_samples"":{""date"":""2026-09-14"",""run_id"":""ea2747234a70431790c1691cf7dc34eb""},""upload_data"":{""date"":""2026-09-14"",""run_id"":""914cbeb6d8264f728ab6c19c744d0891""}}"
922,922,"45.9556594 , -60.754991000000004","46.034981900000005 , -60.8347156",urban-rural,mixed,1351,"{""sample_routes"":{""date"":""2026-09-14"",""run_id"":""90b54bdec3334b93bd285d61c8cff0ef""},""join_samples"":{""date"":""2026-09-14"",""run_id"":""ea2747234a70431790c1691cf7dc34eb""},""upload_data"":{""date"":""2026-09-14"",""run_id"":""914cbeb6d8264f728ab6c19c744d0891""}}"
923,923,"44.3244212 , -64.8753889","44.324559300000004 , -64.7723831",urban-rural,mixed,1049,"{""sample_routes"":{""date"":""2026-09-14"",""run_id"":""90b54bdec3334b93bd285d61c8cff0ef""},""join_samples"":{""date"":""2026-09-14"",""run_id"":""ea2747234a70431790c1691cf7dc34eb""},""upload_data"":{""date"":""2026-09-14"",""run_id"":""914cbeb6d8264f728ab6c19c744d0891""}}"
928,928,"45.175372700000004 , -63.3192851","45.0683236 , -63.3193823",urban-rural,mixed,1046,"{""sample_routes"":{""date"":""2026-09-14"",""run_id"":""90b54bdec3334b93bd285d61c8cff0ef""},""join_samples"":{""date"":""2026-09-14"",""run_id"":""ea2747234a70431790c1691cf7dc34eb""},""upload_data"":{""date"":""2026-09-14"",""run_id"":""914cbeb6d8264f728ab6c19c744d0891""}}"
931,931,"45.0859785 , -64.3459759","45.085571900000005 , -64.5109151",urban-urban,mixed,1355,"{""sample_routes"":{""date"":""2026-09-14"",""run_id"":""90b54bdec3334b93bd285d61c8cff0ef""},""join_samples"":{""date"":""2026-09-14"",""run_id"":""ea2747234a70431790c1691cf7dc34eb""},""upload_data"":{""date"":""2026-09-14"",""run_id"":""914cbeb6d8264f728ab6c19c744d0891""}}"
932,932,"45.217260200000005 , -64.4440052","45.105456600000004 , -64.4442161",urban-rural,mixed,1045,"{""sample_routes"":{""date"":""2026-09-14"",""run_id"":""90b54bdec3334b93bd285d61c8cff0ef""},""join_samples"":{""date"":""2026-09-14"",""run_id"":""ea2747234a70431790c1691cf7dc34eb""},""upload_data"":{""date"":""2026-09-14"",""run_id"":""914cbeb6d8264f728ab6c19c744d0891""}}"
933,933,"44.797639800000006 , -63.7094449","44.7977682 , -63.61417110000001",urban-urban,mixed,1045,"{""sample_routes"":{""date"":""2026-09-14"",""run_id"":""90b54bdec3334b93bd285d61c8cff0ef""},""join_samples"":{""date"":""2026-09-14"",""run_id"":""ea2747234a70431790c1691cf7dc34eb""},""upload_data"":{""date"":""2026-09-14"",""run_id"":""914cbeb6d8264f728ab6c19c744d0891""}}"
935,935,"45.5386947 , -62.7915927","45.6289237 , -62.701312300000005",urban-urban,mixed,1044,"{""sample_routes"":{""date"":""2026-09-14"",""run_id"":""90b54bdec3334b93bd285d61c8cff0ef""},""join_samples"":{""date"":""2026-09-14"",""run_id"":""ea2747234a70431790c1691cf7dc34eb""},""upload_data"":{""date"":""2026-09-14"",""run_id"":""914cbeb6d8264f728ab6c19c744d0891""}}"
937,937,"46.379483300000004 , -61.073275800000005","46.3798819 , -60.955597600000004",urban-urban,mixed,1357,"{""sample_routes"":{""date"":""2026-09-14"",""run_id"":""90b54bdec3334b93bd285d61c8cff0ef""},""join_samples"":{""date"":""2026-09-14"",""run_id"":""ea2747234a70431790c1691cf7dc34eb""},""upload_data"":{""date"":""2026-09-14"",""run_id"":""914cbeb6d8264f728ab6c19c744d0891""}}"
939,939,"44.2177142 , -66.04419130000001","44.365864300000005 , -66.0445248",urban-rural,mixed,1357,"{""sample_routes"":{""date"":""2026-09-14"",""run_id"":""90b54bdec3334b93bd285d61c8cff0ef""},""join_samples"":{""date"":""2026-09-14"",""run_id"":""ea2747234a70431790c1691cf7dc34eb""},""upload_data"":{""date"":""2026-09-14"",""run_id"":""914cbeb6d8264f728ab6c19c744d0891""}}"
941,941,"45.4811691 , -63.6081444","45.5621512 , -63.527173100000006",urban-urban,mixed,1358,"{""sample_routes"":{""date"":""2026-09-14"",""run_id"":""90b54bdec3334b93bd285d61c8cff0ef""},""join_samples"":{""date"":""2026-09-14"",""run_id"":""ea2747234a70431790c1691cf7dc34eb""},""upload_data"":{""date"":""2026-09-14"",""run_id"":""914cbeb6d8264f728ab6c19c744d0891""}}"
945,945,"45.0884191 , -63.419392","45.0041254 , -63.419823",urban-urban,mixed,1041,"{""sample_routes"":{""date"":""2026-09-14"",""run_id"":""90b54bdec3334b93bd285d61c8cff0ef""},""join_samples"":{""date"":""2026-09-14"",""run_id"":""ea2747234a70431790c1691cf7dc34eb""},""upload_data"":{""date"":""2026-09-14"",""run_id"":""914cbeb6d8264f728ab6c19c744d0891""}}"
947,947,"44.5402843 , -65.6168569","44.6647666 , -65.6172274",urban-urban,mixed,1360,"{""sample_routes"":{""date"":""2026-09-14"",""run_id"":""90b54bdec3334b93bd285d61c8cff0ef""},""join_samples"":{""date"":""2026-09-14"",""run_id"":""ea2747234a70431790c1691cf7dc34eb""},""upload_data"":{""date"":""2026-09-14"",""run_id"":""914cbeb6d8264f728ab6c19c744d0891""}}"
953,953,"45.598592700000005 , -63.112360100000004","45.685161300000004 , -63.1991504",urban-urban,mixed,1361,"{""sample_routes"":{""date"":""2026-09-14"",""run_id"":""90b54bdec3334b93bd285d61c8cff0ef""},""join_samples"":{""date"":""2026-09-14"",""run_id"":""ea2747234a70431790c1691cf7dc34eb""},""upload_data"":{""date"":""2026-09-14"",""run_id"":""914cbeb6d8264f728ab6c19c744d0891""}}"
954,954,"45.2175261 , -63.326511","45.2173473 , -63.2058631",urban-urban,mixed,1038,"{""sample_routes"":{""date"":""2026-09-14"",""run_id"":""90b54bdec3334b93bd285d61c8cff0ef""},""join_samples"":{""date"":""2026-09-14"",""run_id"":""ea2747234a70431790c1691cf7dc34eb""},""upload_data"":{""date"":""2026-09-14"",""run_id"":""914cbeb6d8264f728ab6c19c744d0891""}}"
959,959,"46.1861018 , -61.1508808","46.1864665 , -61.307859",urban-urban,mixed,1037,"{""sample_routes"":{""date"":""2026-09-14"",""run_id"":""90b54bdec3334b93bd285d61c8cff0ef""},""join_samples"":{""date"":""2026-09-14"",""run_id"":""ea2747234a70431790c1691cf7dc34eb""},""upload_data"":{""date"":""2026-09-14"",""run_id"":""914cbeb6d8264f728ab6c19c744d0891""}}"
960,960,"43.9364621 , -65.9853022","44.0196635 , -65.9024472",urban-urban,mixed,1036,"{""sample_routes"":{""date"":""2026-09-14"",""run_id"":""90b54bdec3334b93bd285d61c8cff0ef""},""join_samples"":{""date"":""2026-09-14"",""run_id"":""ea2747234a70431790c1691cf7dc34eb""},""upload_data"":{""date"":""2026-09-14"",""run_id"":""914cbeb6d8264f728ab6c19c744d0891""}}"
962,962,"45.0367602 , -64.51987650000001","45.1486439 , -64.6316987",urban-urban,mixed,1365,"{""sample_routes"":{""date"":""2026-09-14"",""run_id"":""90b54bdec3334b93bd285d61c8cff0ef""},""join_samples"":{""date"":""2026-09-14"",""run_id"":""ea2747234a70431790c1691cf7dc34eb""},""upload_data"":{""date"":""2026-09-14"",""run_id"":""914cbeb6d8264f728ab6c19c744d0891""}}"
964,964,"45.0915565 , -63.05624340000001","45.009926400000005 , -63.137546500000006",rural-urban,mixed,1032,"{""sample_routes"":{""date"":""2026-09-14"",""run_id"":""90b54bdec3334b93bd285d61c8cff0ef""},""join_samples"":{""date"":""2026-09-14"",""run_id"":""ea2747234a70431790c1691cf7dc34eb""},""upload_data"":{""date"":""2026-09-14"",""run_id"":""914cbeb6d8264f728ab6c19c744d0891""}}"
965,965,"44.965485900000004 , -64.925652","44.965896300000004 , -64.79529140000001",urban-urban,mixed,1032,"{""sample_routes"":{""date"":""2026-09-14"",""run_id"":""90b54bdec3334b93bd285d61c8cff0ef""},""join_samples"":{""date"":""2026-09-14"",""run_id"":""ea2747234a70431790c1691cf7dc34eb""},""upload_data"":{""date"":""2026-09-14"",""run_id"":""914cbeb6d8264f728ab6c19c744d0891""}}"
966,966,"45.554222300000006 , -62.6369631","45.6695076 , -62.636890900000004",urban-rural,mixed,1369,"{""sample_routes"":{""date"":""2026-09-14"",""run_id"":""90b54bdec3334b93bd285d61c8cff0ef""},""join_samples"":{""date"":""2026-09-14"",""run_id"":""ea2747234a70431790c1691cf7dc34eb""},""upload_data"":{""date"":""2026-09-14"",""run_id"":""914cbeb6d8264f728ab6c19c744d0891""}}"
967,967,"45.353418000000005 , -61.96435700000001","45.4229617 , -62.0339462",urban-urban,mixed,1031,"{""sample_routes"":{""date"":""2026-09-14"",""run_id"":""90b54bdec3334b93bd285d61c8cff0ef""},""join_samples"":{""date"":""2026-09-14"",""run_id"":""ea2747234a70431790c1691cf7dc34eb""},""upload_data"":{""date"":""2026-09-14"",""run_id"":""914cbeb6d8264f728ab6c19c744d0891""}}"
968,968,"44.3737289 , -64.6266006","44.280605800000004 , -64.5335657",urban-urban,mixed,1370,"{""sample_routes"":{""date"":""2026-09-14"",""run_id"":""90b54bdec3334b93bd285d61c8cff0ef""},""join_samples"":{""date"":""2026-09-14"",""run_id"":""ea2747234a70431790c1691cf7dc34eb""},""upload_data"":{""date"":""2026-09-14"",""run_id"":""914cbeb6d8264f728ab6c19c744d0891""}}"
970,970,"44.412372500000004 , -64.4064438","44.373815500000006 , -64.4063545",urban-urban,mixed,1030,"{""sample_routes"":{""date"":""2026-09-14"",""run_id"":""90b54bdec3334b93bd285d61c8cff0ef""},""join_samples"":{""date"":""2026-09-14"",""run_id"":""ea2747234a70431790c1691cf7dc34eb""},""upload_data"":{""date"":""2026-09-14"",""run_id"":""914cbeb6d8264f728ab6c19c744d0891""}}"
972,972,"44.2879164 , -64.6589555","44.3696253 , -64.57682960000001",rural-rural,mixed,1029,"{""sample_routes"":{""date"":""2026-09-14"",""run_id"":""90b54bdec3334b93bd285d61c8cff0ef""},""join_samples"":{""date"":""2026-09-14"",""run_id"":""ea2747234a70431790c1691cf7dc34eb""},""upload_data"":{""date"":""2026-09-14"",""run_id"":""914cbeb6d8264f728ab6c19c744d0891""}}"
975,975,"44.4352874 , -65.1154168","44.338762300000006 , -65.0186797",rural-urban,mixed,1029,"{""sample_routes"":{""date"":""2026-09-14"",""run_id"":""90b54bdec3334b93bd285d61c8cff0ef""},""join_samples"":{""date"":""2026-09-14"",""run_id"":""ea2747234a70431790c1691cf7dc34eb""},""upload_data"":{""date"":""2026-09-14"",""run_id"":""914cbeb6d8264f728ab6c19c744d0891""}}"
977,977,"44.8303762 , -63.59420050000001","44.8299445 , -63.6438598",rural-urban,mixed,1027,"{""sample_routes"":{""date"":""2026-09-14"",""run_id"":""90b54bdec3334b93bd285d61c8cff0ef""},""join_samples"":{""date"":""2026-09-14"",""run_id"":""ea2747234a70431790c1691cf7dc34eb""},""upload_data"":{""date"":""2026-09-14"",""run_id"":""914cbeb6d8264f728ab6c19c744d0891""}}"
978,978,"45.481149300000006 , -61.486371500000004","45.3651921 , -61.4867664",urban-rural,mixed,1374,"{""sample_routes"":{""date"":""2026-09-14"",""run_id"":""90b54bdec3334b93bd285d61c8cff0ef""},""join_samples"":{""date"":""2026-09-14"",""run_id"":""ea2747234a70431790c1691cf7dc34eb""},""upload_data"":{""date"":""2026-09-14"",""run_id"":""914cbeb6d8264f728ab6c19c744d0891""}}"
979,979,"45.1326121 , -64.56295850000001","45.235183600000006 , -64.460392",rural-urban,mixed,1374,"{""sample_routes"":{""date"":""2026-09-14"",""run_id"":""90b54bdec3334b93bd285d61c8cff0ef""},""join_samples"":{""date"":""2026-09-14"",""run_id"":""ea2747234a70431790c1691cf7dc34eb""},""upload_data"":{""date"":""2026-09-14"",""run_id"":""914cbeb6d8264f728ab6c19c744d0891""}}"
980,980,"44.778888200000004 , -65.5071592","44.826943400000005 , -65.4593342",rural-urban,mixed,1026,"{""sample_routes"":{""date"":""2026-09-14"",""run_id"":""90b54bdec3334b93bd285d61c8cff0ef""},""join_samples"":{""date"":""2026-09-14"",""run_id"":""ea2747234a70431790c1691cf7dc34eb""},""upload_data"":{""date"":""2026-09-14"",""run_id"":""914cbeb6d8264f728ab6c19c744d0891""}}"
982,982,"44.835245500000006 , -62.5783332","44.9366374 , -62.578597800000004",urban-urban,mixed,1025,"{""sample_routes"":{""date"":""2026-09-14"",""run_id"":""90b54bdec3334b93bd285d61c8cff0ef""},""join_samples"":{""date"":""2026-09-14"",""run_id"":""ea2747234a70431790c1691cf7dc34eb""},""upload_data"":{""date"":""2026-09-14"",""run_id"":""914cbeb6d8264f728ab6c19c744d0891""}}"
983,983,"44.4473087 , -64.4282749","44.333978200000004 , -64.42814990000001",urban-rural,mixed,1375,"{""sample_routes"":{""date"":""2026-09-14"",""run_id"":""90b54bdec3334b93bd285d61c8cff0ef""},""join_samples"":{""date"":""2026-09-14"",""run_id"":""ea2747234a70431790c1691cf7dc34eb""},""upload_data"":{""date"":""2026-09-14"",""run_id"":""914cbeb6d8264f728ab6c19c744d0891""}}"
985,985,"45.0233768 , -64.6768739","45.141535600000005 , -64.7947336",urban-urban,mixed,1376,"{""sample_routes"":{""date"":""2026-09-14"",""run_id"":""90b54bdec3334b93bd285d61c8cff0ef""},""join_samples"":{""date"":""2026-09-14"",""run_id"":""ea2747234a70431790c1691cf7dc34eb""},""upload_data"":{""date"":""2026-09-14"",""run_id"":""914cbeb6d8264f728ab6c19c744d0891""}}"
986,986,"45.6022965 , -63.2298667","45.6021353 , -63.0878651",urban-urban,mixed,1024,"{""sample_routes"":{""date"":""2026-09-14"",""run_id"":""90b54bdec3334b93bd285d61c8cff0ef""},""join_samples"":{""date"":""2026-09-14"",""run_id"":""ea2747234a70431790c1691cf7dc34eb""},""upload_data"":{""date"":""2026-09-14"",""run_id"":""914cbeb6d8264f728ab6c19c744d0891""}}"
987,987,"45.243250800000006 , -63.420669700000005","45.1285948 , -63.3061379",urban-rural,mixed,1377,"{""sample_routes"":{""date"":""2026-09-14"",""run_id"":""90b54bdec3334b93bd285d61c8cff0ef""},""join_samples"":{""date"":""2026-09-14"",""run_id"":""ea2747234a70431790c1691cf7dc34eb""},""upload_data"":{""date"":""2026-09-14"",""run_id"":""914cbeb6d8264f728ab6c19c744d0891""}}"
988,988,"46.046546000000006 , -61.2205936","46.0991008 , -61.2733185",rural-urban,mixed,1023,"{""sample_routes"":{""date"":""2026-09-14"",""run_id"":""90b54bdec3334b93bd285d61c8cff0ef""},""join_samples"":{""date"":""2026-09-14"",""run_id"":""ea2747234a70431790c1691cf7dc34eb""},""upload_data"":{""date"":""2026-09-14"",""run_id"":""914cbeb6d8264f728ab6c19c744d0891""}}"
992,992,"45.7145147 , -61.9229247","45.6108028 , -62.026431300000006",urban-urban,mixed,1377,"{""sample_routes"":{""date"":""2026-09-14"",""run_id"":""90b54bdec3334b93bd285d61c8cff0ef""},""join_samples"":{""date"":""2026-09-14"",""run_id"":""ea2747234a70431790c1691cf7dc34eb""},""upload_data"":{""date"":""2026-09-14"",""run_id"":""914cbeb6d8264f728ab6c19c744d0891""}}"
994,994,"45.8081096 , -60.23258560000001","45.7104383 , -60.3298896",rural-urban,mixed,1379,"{""sample_routes"":{""date"":""2026-09-14"",""run_id"":""90b54bdec3334b93bd285d61c8cff0ef""},""join_samples"":{""date"":""2026-09-14"",""run_id"":""ea2747234a70431790c1691cf7dc34eb""},""upload_data"":{""date"":""2026-09-14"",""run_id"":""914cbeb6d8264f728ab6c19c744d0891""}}"
995,995,"44.735527600000005 , -62.926219800000005","44.7357214 , -63.00631370000001",rural-rural,mixed,1021,"{""sample_routes"":{""date"":""2026-09-14"",""run_id"":""90b54bdec3334b93bd285d61c8cff0ef""},""join_samples"":{""date"":""2026-09-14"",""run_id"":""ea2747234a70431790c1691cf7dc34eb""},""upload_data"":{""date"":""2026-09-14"",""run_id"":""914cbeb6d8264f728ab6c19c744d0891""}}"
997,997,"46.168902200000005 , -61.298649100000006","46.1144252 , -61.244404900000006",urban-urban,mixed,1021,"{""sample_routes"":{""date"":""2026-09-14"",""run_id"":""90b54bdec3334b93bd285d61c8cff0ef""},""join_samples"":{""date"":""2026-09-14"",""run_id"":""ea2747234a70431790c1691cf7dc34eb""},""upload_data"":{""date"":""2026-09-14"",""run_id"":""914cbeb6d8264f728ab6c19c744d0891""}}"
998,998,"44.9989325 , -64.2292765","45.086848700000004 , -64.3171626",urban-rural,mixed,1380,"{""sample_routes"":{""date"":""2026-09-14"",""run_id"":""90b54bdec3334b93bd285d61c8cff0ef""},""join_samples"":{""date"":""2026-09-14"",""run_id"":""ea2747234a70431790c1691cf7dc34eb""},""upload_data"":{""date"":""2026-09-14"",""run_id"":""914cbeb6d8264f728ab6c19c744d0891""}}"
1003,3,"46.007243900000006 , -61.4557585","45.866855900000004 , -61.315802700000006",urban-urban,urban,1798,"{""sample_routes"":{""date"":""2026-09-14"",""run_id"":""90b54bdec3334b93bd285d61c8cff0ef""},""join_samples"":{""date"":""2026-09-14"",""run_id"":""ea2747234a70431790c1691cf7dc34eb""},""upload_data"":{""date"":""2026-09-14"",""run_id"":""914cbeb6d8264f728ab6c19c744d0891""}}"
1010,10,"44.020915200000005 , -66.0047744","44.1653752 , -66.1488322",urban-rural,urban,1794,"{""sample_routes"":{""date"":""2026-09-14"",""run_id"":""90b54bdec3334b93bd285d61c8cff0ef""},""join_samples"":{""date"":""2026-09-14"",""run_id"":""ea2747234a70431790c1691cf7dc34eb""},""upload_data"":{""date"":""2026-09-14"",""run_id"":""914cbeb6d8264f728ab6c19c744d0891""}}"
1011,11,"46.012785900000004 , -61.0967046","45.9525263 , -61.03586610000001",urban-urban,urban,1794,"{""sample_routes"":{""date"":""2026-09-14"",""run_id"":""90b54bdec3334b93bd285d61c8cff0ef""},""join_samples"":{""date"":""2026-09-14"",""run_id"":""ea2747234a70431790c1691cf7dc34eb""},""upload_data"":{""date"":""2026-09-14"",""run_id"":""914cbeb6d8264f728ab6c19c744d0891""}}"
1013,13,"45.548489100000005 , -63.750056900000004","45.469544600000006 , -63.6716726",urban-urban,urban,1793,"{""sample_routes"":{""date"":""2026-09-14"",""run_id"":""90b54bdec3334b93bd285d61c8cff0ef""},""join_samples"":{""date"":""2026-09-14"",""run_id"":""ea2747234a70431790c1691cf7dc34eb""},""upload_data"":{""date"":""2026-09-14"",""run_id"":""914cbeb6d8264f728ab6c19c744d0891""}}"
1015,15,"45.656363400000004 , -63.2579057","45.4831839 , -63.257381800000005",urban-urban,urban,1792,"{""sample_routes"":{""date"":""2026-09-14"",""run_id"":""90b54bdec3334b93bd285d61c8cff0ef""},""join_samples"":{""date"":""2026-09-14"",""run_id"":""ea2747234a70431790c1691cf7dc34eb""},""upload_data"":{""date"":""2026-09-14"",""run_id"":""914cbeb6d8264f728ab6c19c744d0891""}}"
1016,16,"44.7646796 , -63.790852400000006","44.764115800000006 , -63.6335349",urban-urban,urban,1791,"{""sample_routes"":{""date"":""2026-09-14"",""run_id"":""90b54bdec3334b93bd285d61c8cff0ef""},""join_samples"":{""date"":""2026-09-14"",""run_id"":""ea2747234a70431790c1691cf7dc34eb""},""upload_data"":{""date"":""2026-09-14"",""run_id"":""914cbeb6d8264f728ab6c19c744d0891""}}"
1017,17,"44.6463126 , -65.36587130000001","44.800011700000006 , -65.3653754",urban-urban,urban,1809,"{""sample_routes"":{""date"":""2026-09-14"",""run_id"":""90b54bdec3334b93bd285d61c8cff0ef""},""join_samples"":{""date"":""2026-09-14"",""run_id"":""ea2747234a70431790c1691cf7dc34eb""},""upload_data"":{""date"":""2026-09-14"",""run_id"":""914cbeb6d8264f728ab6c19c744d0891""}}"
1018,18,"45.072607000000005 , -64.5277207","45.182419800000005 , -64.63705730000001",urban-urban,urban,1791,"{""sample_routes"":{""date"":""2026-09-14"",""run_id"":""90b54bdec3334b93bd285d61c8cff0ef""},""join_samples"":{""date"":""2026-09-14"",""run_id"":""ea2747234a70431790c1691cf7dc34eb""},""upload_data"":{""date"":""2026-09-14"",""run_id"":""914cbeb6d8264f728ab6c19c744d0891""}}"
1019,19,"44.710994 , -65.36932320000001","44.7908464 , -65.4486244",urban-urban,urban,1790,"{""sample_routes"":{""date"":""2026-09-14"",""run_id"":""90b54bdec3334b93bd285d61c8cff0ef""},""join_samples"":{""date"":""2026-09-14"",""run_id"":""ea2747234a70431790c1691cf7dc34eb""},""upload_data"":{""date"":""2026-09-14"",""run_id"":""914cbeb6d8264f728ab6c19c744d0891""}}"
1020,20,"45.2623266 , -62.1007752","45.1452539 , -62.10025950000001",urban-urban,urban,1810,"{""sample_routes"":{""date"":""2026-09-14"",""run_id"":""90b54bdec3334b93bd285d61c8cff0ef""},""join_samples"":{""date"":""2026-09-14"",""run_id"":""ea2747234a70431790c1691cf7dc34eb""},""upload_data"":{""date"":""2026-09-14"",""run_id"":""914cbeb6d8264f728ab6c19c744d0891""}}"
1021,21,"45.849318200000006 , -61.467447500000006","45.721176 , -61.3393025",urban-urban,urban,1789,"{""sample_routes"":{""date"":""2026-09-14"",""run_id"":""90b54bdec3334b93bd285d61c8cff0ef""},""join_samples"":{""date"":""2026-09-14"",""run_id"":""ea2747234a70431790c1691cf7dc34eb""},""upload_data"":{""date"":""2026-09-14"",""run_id"":""914cbeb6d8264f728ab6c19c744d0891""}}"
1023,23,"44.489935100000004 , -65.5644955","44.5548203 , -65.56395470000001",urban-urban,urban,1813,"{""sample_routes"":{""date"":""2026-09-14"",""run_id"":""90b54bdec3334b93bd285d61c8cff0ef""},""join_samples"":{""date"":""2026-09-14"",""run_id"":""ea2747234a70431790c1691cf7dc34eb""},""upload_data"":{""date"":""2026-09-14"",""run_id"":""914cbeb6d8264f728ab6c19c744d0891""}}"
1024,24,"44.6197686 , -63.611648","44.6201336 , -63.5038083",urban-urban,urban,1787,"{""sample_routes"":{""date"":""2026-09-14"",""run_id"":""90b54bdec3334b93bd285d61c8cff0ef""},""join_samples"":{""date"":""2026-09-14"",""run_id"":""ea2747234a70431790c1691cf7dc34eb""},""upload_data"":{""date"":""2026-09-14"",""run_id"":""914cbeb6d8264f728ab6c19c744d0891""}}"
1025,25,"45.121494600000005 , -63.1509726","44.9614898 , -63.1509635",urban-urban,urban,1787,"{""sample_routes"":{""date"":""2026-09-14"",""run_id"":""90b54bdec3334b93bd285d61c8cff0ef""},""join_samples"":{""date"":""2026-09-14"",""run_id"":""ea2747234a70431790c1691cf7dc34eb""},""upload_data"":{""date"":""2026-09-14"",""run_id"":""914cbeb6d8264f728ab6c19c744d0891""}}"
1026,26,"44.9698471 , -64.7817443","45.1085044 , -64.9200722",urban-urban,urban,1813,"{""sample_routes"":{""date"":""2026-09-14"",""run_id"":""90b54bdec3334b93bd285d61c8cff0ef""},""join_samples"":{""date"":""2026-09-14"",""run_id"":""ea2747234a70431790c1691cf7dc34eb""},""upload_data"":{""date"":""2026-09-14"",""run_id"":""914cbeb6d8264f728ab6c19c744d0891""}}"
1033,33,"43.8149886 , -65.86863550000001","43.972048400000006 , -65.8683359",urban-urban,urban,1783,"{""sample_routes"":{""date"":""2026-09-14"",""run_id"":""90b54bdec3334b93bd285d61c8cff0ef""},""join_samples"":{""date"":""2026-09-14"",""run_id"":""ea2747234a70431790c1691cf7dc34eb""},""upload_data"":{""date"":""2026-09-14"",""run_id"":""914cbeb6d8264f728ab6c19c744d0891""}}"
1035,35,"45.874222100000004 , -60.3793142","45.874557 , -60.532018300000004",urban-urban,urban,1818,"{""sample_routes"":{""date"":""2026-09-14"",""run_id"":""90b54bdec3334b93bd285d61c8cff0ef""},""join_samples"":{""date"":""2026-09-14"",""run_id"":""ea2747234a70431790c1691cf7dc34eb""},""upload_data"":{""date"":""2026-09-14"",""run_id"":""914cbeb6d8264f728ab6c19c744d0891""}}"
1037,37,"46.007015 , -61.528158100000006","46.0069388 , -61.2972078",urban-urban,urban,1820,"{""sample_routes"":{""date"":""2026-09-14"",""run_id"":""90b54bdec3334b93bd285d61c8cff0ef""},""join_samples"":{""date"":""2026-09-14"",""run_id"":""ea2747234a70431790c1691cf7dc34eb""},""upload_data"":{""date"":""2026-09-14"",""run_id"":""914cbeb6d8264f728ab6c19c744d0891""}}"
1038,38,"44.598069800000005 , -63.9187328","44.7455848 , -63.7711083",urban-urban,urban,1780,"{""sample_routes"":{""date"":""2026-09-14"",""run_id"":""90b54bdec3334b93bd285d61c8cff0ef""},""join_samples"":{""date"":""2026-09-14"",""run_id"":""ea2747234a70431790c1691cf7dc34eb""},""upload_data"":{""date"":""2026-09-14"",""run_id"":""914cbeb6d8264f728ab6c19c744d0891""}}"
1039,39,"43.9374424 , -66.1169206","44.051545100000006 , -66.00221710000001",urban-urban,urban,1779,"{""sample_routes"":{""date"":""2026-09-14"",""run_id"":""90b54bdec3334b93bd285d61c8cff0ef""},""join_samples"":{""date"":""2026-09-14"",""run_id"":""ea2747234a70431790c1691cf7dc34eb""},""upload_data"":{""date"":""2026-09-14"",""run_id"":""914cbeb6d8264f728ab6c19c744d0891""}}"
1040,40,"44.666392200000004 , -63.515773300000006","44.5892916 , -63.5923956",urban-urban,urban,1821,"{""sample_routes"":{""date"":""2026-09-14"",""run_id"":""90b54bdec3334b93bd285d61c8cff0ef""},""join_samples"":{""date"":""2026-09-14"",""run_id"":""ea2747234a70431790c1691cf7dc34eb""},""upload_data"":{""date"":""2026-09-14"",""run_id"":""914cbeb6d8264f728ab6c19c744d0891""}}"
1041,41,"44.666483 , -63.515526","44.5896191 , -63.59174780000001",urban-urban,urban,1822,"{""sample_routes"":{""date"":""2026-09-14"",""run_id"":""90b54bdec3334b93bd285d61c8cff0ef""},""join_samples"":{""date"":""2026-09-14"",""run_id"":""ea2747234a70431790c1691cf7dc34eb""},""upload_data"":{""date"":""2026-09-14"",""run_id"":""914cbeb6d8264f728ab6c19c744d0891""}}"
1042,42,"44.768244800000005 , -63.7834803","44.7684377 , -63.631449",urban-urban,urban,1778,"{""sample_routes"":{""date"":""2026-09-14"",""run_id"":""90b54bdec3334b93bd285d61c8cff0ef""},""join_samples"":{""date"":""2026-09-14"",""run_id"":""ea2747234a70431790c1691cf7dc34eb""},""upload_data"":{""date"":""2026-09-14"",""run_id"":""914cbeb6d8264f728ab6c19c744d0891""}}"
1043,43,"44.5946797 , -63.5606226","44.666885 , -63.56095010000001",urban-urban,urban,1823,"{""sample_routes"":{""date"":""2026-09-14"",""run_id"":""90b54bdec3334b93bd285d61c8cff0ef""},""join_samples"":{""date"":""2026-09-14"",""run_id"":""ea2747234a70431790c1691cf7dc34eb""},""upload_data"":{""date"":""2026-09-14"",""run_id"":""914cbeb6d8264f728ab6c19c744d0891""}}"
1044,44,"46.087551100000006 , -61.239183800000006","45.9990474 , -61.239617700000004",urban-urban,urban,1777,"{""sample_routes"":{""date"":""2026-09-14"",""run_id"":""90b54bdec3334b93bd285d61c8cff0ef""},""join_samples"":{""date"":""2026-09-14"",""run_id"":""ea2747234a70431790c1691cf7dc34eb""},""upload_data"":{""date"":""2026-09-14"",""run_id"":""914cbeb6d8264f728ab6c19c744d0891""}}"
1046,46,"45.125444 , -62.9091834","45.1259188 , -62.675961400000006",urban-urban,urban,1775,"{""sample_routes"":{""date"":""2026-09-14"",""run_id"":""90b54bdec3334b93bd285d61c8cff0ef""},""join_samples"":{""date"":""2026-09-14"",""run_id"":""ea2747234a70431790c1691cf7dc34eb""},""upload_data"":{""date"":""2026-09-14"",""run_id"":""914cbeb6d8264f728ab6c19c744d0891""}}"
1047,47,"45.954253300000005 , -61.2583903","46.073826100000005 , -61.2578182",urban-urban,urban,1775,"{""sample_routes"":{""date"":""2026-09-14"",""run_id"":""90b54bdec3334b93bd285d61c8cff0ef""},""join_samples"":{""date"":""2026-09-14"",""run_id"":""ea2747234a70431790c1691cf7dc34eb""},""upload_data"":{""date"":""2026-09-14"",""run_id"":""914cbeb6d8264f728ab6c19c744d0891""}}"
1048,48,"44.7246748 , -65.37055980000001","44.725239900000005 , -65.1503859",urban-urban,urban,1775,"{""sample_routes"":{""date"":""2026-09-14"",""run_id"":""90b54bdec3334b93bd285d61c8cff0ef""},""join_samples"":{""date"":""2026-09-14"",""run_id"":""ea2747234a70431790c1691cf7dc34eb""},""upload_data"":{""date"":""2026-09-14"",""run_id"":""914cbeb6d8264f728ab6c19c744d0891""}}"
1049,49,"44.466070200000004 , -65.0672413","44.454067200000004 , -65.0549118",urban-urban,urban,1775,"{""sample_routes"":{""date"":""2026-09-14"",""run_id"":""90b54bdec3334b93bd285d61c8cff0ef""},""join_samples"":{""date"":""2026-09-14"",""run_id"":""ea2747234a70431790c1691cf7dc34eb""},""upload_data"":{""date"":""2026-09-14"",""run_id"":""914cbeb6d8264f728ab6c19c744d0891""}}"
1050,50,"45.4956516 , -61.809556400000005","45.3815782 , -61.8090868",urban-rural,urban,1774,"{""sample_routes"":{""date"":""2026-09-14"",""run_id"":""90b54bdec3334b93bd285d61c8cff0ef""},""join_samples"":{""date"":""2026-09-14"",""run_id"":""ea2747234a70431790c1691cf7dc34eb""},""upload_data"":{""date"":""2026-09-14"",""run_id"":""914cbeb6d8264f728ab6c19c744d0891""}}"
1052,52,"45.9193342 , -60.5226375","45.8433025 , -60.447101",urban-urban,urban,1826,"{""sample_routes"":{""date"":""2026-09-14"",""run_id"":""90b54bdec3334b93bd285d61c8cff0ef""},""join_samples"":{""date"":""2026-09-14"",""run_id"":""ea2747234a70431790c1691cf7dc34eb""},""upload_data"":{""date"":""2026-09-14"",""run_id"":""914cbeb6d8264f728ab6c19c744d0891""}}"
1053,53,"45.1108209 , -63.158229600000006","45.2465318 , -63.022741800000006",urban-urban,urban,1827,"{""sample_routes"":{""date"":""2026-09-14"",""run_id"":""90b54bdec3334b93bd285d61c8cff0ef""},""join_samples"":{""date"":""2026-09-14"",""run_id"":""ea2747234a70431790c1691cf7dc34eb""},""upload_data"":{""date"":""2026-09-14"",""run_id"":""914cbeb6d8264f728ab6c19c744d0891""}}"
1055,55,"44.7044645 , -63.840715700000004","44.8244211 , -63.720720400000005",urban-urban,urban,1771,"{""sample_routes"":{""date"":""2026-09-14"",""run_id"":""90b54bdec3334b93bd285d61c8cff0ef""},""join_samples"":{""date"":""2026-09-14"",""run_id"":""ea2747234a70431790c1691cf7dc34eb""},""upload_data"":{""date"":""2026-09-14"",""run_id"":""914cbeb6d8264f728ab6c19c744d0891""}}"
1057,57,"45.501035300000005 , -62.2579513","45.6432468 , -62.257937000000005",urban-urban,urban,1829,"{""sample_routes"":{""date"":""2026-09-14"",""run_id"":""90b54bdec3334b93bd285d61c8cff0ef""},""join_samples"":{""date"":""2026-09-14"",""run_id"":""ea2747234a70431790c1691cf7dc34eb""},""upload_data"":{""date"":""2026-09-14"",""run_id"":""914cbeb6d8264f728ab6c19c744d0891""}}"
1059,59,"45.4376635 , -62.1708251","45.5835908 , -62.170945800000005",urban-urban,urban,1770,"{""sample_routes"":{""date"":""2026-09-14"",""run_id"":""90b54bdec3334b93bd285d61c8cff0ef""},""join_samples"":{""date"":""2026-09-14"",""run_id"":""ea2747234a70431790c1691cf7dc34eb""},""upload_data"":{""date"":""2026-09-14"",""run_id"":""914cbeb6d8264f728ab6c19c744d0891""}}"
1061,61,"44.223558000000004 , -66.01942670000001","44.161560800000004 , -66.0195954",urban-urban,urban,1831,"{""sample_routes"":{""date"":""2026-09-14"",""run_id"":""90b54bdec3334b93bd285d61c8cff0ef""},""join_samples"":{""date"":""2026-09-14"",""run_id"":""ea2747234a70431790c1691cf7dc34eb""},""upload_data"":{""date"":""2026-09-14"",""run_id"":""914cbeb6d8264f728ab6c19c744d0891""}}"
1063,63,"44.307686000000004 , -65.8672292","44.3078464 , -65.8195547",urban-urban,urban,1833,"{""sample_routes"":{""date"":""2026-09-14"",""run_id"":""90b54bdec3334b93bd285d61c8cff0ef""},""join_samples"":{""date"":""2026-09-14"",""run_id"":""ea2747234a70431790c1691cf7dc34eb""},""upload_data"":{""date"":""2026-09-14"",""run_id"":""914cbeb6d8264f728ab6c19c744d0891""}}"
1064,64,"46.006088000000005 , -61.5300555","46.005597900000005 , -61.2969803",urban-urban,urban,1834,"{""sample_routes"":{""date"":""2026-09-14"",""run_id"":""90b54bdec3334b93bd285d61c8cff0ef""},""join_samples"":{""date"":""2026-09-14"",""run_id"":""ea2747234a70431790c1691cf7dc34eb""},""upload_data"":{""date"":""2026-09-14"",""run_id"":""914cbeb6d8264f728ab6c19c744d0891""}}"
1067,67,"44.0611588 , -65.99665300000001","44.179208100000004 , -66.1143483",urban-urban,urban,1765,"{""sample_routes"":{""date"":""2026-09-14"",""run_id"":""90b54bdec3334b93bd285d61c8cff0ef""},""join_samples"":{""date"":""2026-09-14"",""run_id"":""ea2747234a70431790c1691cf7dc34eb""},""upload_data"":{""date"":""2026-09-14"",""run_id"":""914cbeb6d8264f728ab6c19c744d0891""}}"
1068,68,"45.459647600000004 , -61.647823700000004","45.347031300000005 , -61.76041240000001",urban-urban,urban,1836,"{""sample_routes"":{""date"":""2026-09-14"",""run_id"":""90b54bdec3334b93bd285d61c8cff0ef""},""join_samples"":{""date"":""2026-09-14"",""run_id"":""ea2747234a70431790c1691cf7dc34eb""},""upload_data"":{""date"":""2026-09-14"",""run_id"":""914cbeb6d8264f728ab6c19c744d0891""}}"
1069,69,"44.6353771 , -63.570510500000005","44.635808700000005 , -63.4861574",urban-urban,urban,1836,"{""sample_routes"":{""date"":""2026-09-14"",""run_id"":""90b54bdec3334b93bd285d61c8cff0ef""},""join_samples"":{""date"":""2026-09-14"",""run_id"":""ea2747234a70431790c1691cf7dc34eb""},""upload_data"":{""date"":""2026-09-14"",""run_id"":""914cbeb6d8264f728ab6c19c744d0891""}}"
1070,70,"45.9686235 , -61.267619100000005","46.1018066 , -61.2675126",urban-urban,urban,1837,"{""sample_routes"":{""date"":""2026-09-14"",""run_id"":""90b54bdec3334b93bd285d61c8cff0ef""},""join_samples"":{""date"":""2026-09-14"",""run_id"":""ea2747234a70431790c1691cf7dc34eb""},""upload_data"":{""date"":""2026-09-14"",""run_id"":""914cbeb6d8264f728ab6c19c744d0891""}}"
1078,78,"45.9084115 , -61.435550600000006","45.7471892 , -61.435402100000005",urban-urban,urban,1840,"{""sample_routes"":{""date"":""2026-09-14"",""run_id"":""90b54bdec3334b93bd285d61c8cff0ef""},""join_samples"":{""date"":""2026-09-14"",""run_id"":""ea2747234a70431790c1691cf7dc34eb""},""upload_data"":{""date"":""2026-09-14"",""run_id"":""914cbeb6d8264f728ab6c19c744d0891""}}"
1079,79,"45.639736600000006 , -60.6598715","45.7708147 , -60.660014800000006",urban-urban,urban,1759,"{""sample_routes"":{""date"":""2026-09-14"",""run_id"":""90b54bdec3334b93bd285d61c8cff0ef""},""join_samples"":{""date"":""2026-09-14"",""run_id"":""ea2747234a70431790c1691cf7dc34eb""},""upload_data"":{""date"":""2026-09-14"",""run_id"":""914cbeb6d8264f728ab6c19c744d0891""}}"
1080,80,"45.456448 , -61.749439200000005","45.598631000000005 , -61.89111200000001",urban-urban,urban,1841,"{""sample_routes"":{""date"":""2026-09-14"",""run_id"":""90b54bdec3334b93bd285d61c8cff0ef""},""join_samples"":{""date"":""2026-09-14"",""run_id"":""ea2747234a70431790c1691cf7dc34eb""},""upload_data"":{""date"":""2026-09-14"",""run_id"":""914cbeb6d8264f728ab6c19c744d0891""}}"
1082,82,"44.1602922 , -66.0360859","44.160130900000006 , -65.9477719",urban-urban,urban,1843,"{""sample_routes"":{""date"":""2026-09-14"",""run_id"":""90b54bdec3334b93bd285d61c8cff0ef""},""join_samples"":{""date"":""2026-09-14"",""run_id"":""ea2747234a70431790c1691cf7dc34eb""},""upload_data"":{""date"":""2026-09-14"",""run_id"":""914cbeb6d8264f728ab6c19c744d0891""}}"
1087,87,"44.671993 , -63.654047500000004","44.777276400000005 , -63.75997280000001",urban-urban,urban,1757,"{""sample_routes"":{""date"":""2026-09-14"",""run_id"":""90b54bdec3334b93bd285d61c8cff0ef""},""join_samples"":{""date"":""2026-09-14"",""run_id"":""ea2747234a70431790c1691cf7dc34eb""},""upload_data"":{""date"":""2026-09-14"",""run_id"":""914cbeb6d8264f728ab6c19c744d0891""}}"
1089,89,"46.0953346 , -61.2843394","46.174327100000006 , -61.3629838",urban-urban,urban,1844,"{""sample_routes"":{""date"":""2026-09-14"",""run_id"":""90b54bdec3334b93bd285d61c8cff0ef""},""join_samples"":{""date"":""2026-09-14"",""run_id"":""ea2747234a70431790c1691cf7dc34eb""},""upload_data"":{""date"":""2026-09-14"",""run_id"":""914cbeb6d8264f728ab6c19c744d0891""}}"
1094,94,"45.551894700000005 , -63.7779862","45.552228 , -63.8034157",urban-urban,urban,1851,"{""sample_routes"":{""date"":""2026-09-14"",""run_id"":""90b54bdec3334b93bd285d61c8cff0ef""},""join_samples"":{""date"":""2026-09-14"",""run_id"":""ea2747234a70431790c1691cf7dc34eb""},""upload_data"":{""date"":""2026-09-14"",""run_id"":""914cbeb6d8264f728ab6c19c744d0891""}}"
1095,95,"45.076299000000006 , -64.5219778","45.1907459 , -64.6365067",urban-urban,urban,1852,"{""sample_routes"":{""date"":""2026-09-14"",""run_id"":""90b54bdec3334b93bd285d61c8cff0ef""},""join_samples"":{""date"":""2026-09-14"",""run_id"":""ea2747234a70431790c1691cf7dc34eb""},""upload_data"":{""date"":""2026-09-14"",""run_id"":""914cbeb6d8264f728ab6c19c744d0891""}}"
1097,97,"44.761530400000005 , -63.7894385","44.7609172 , -63.6235786",urban-urban,urban,1747,"{""sample_routes"":{""date"":""2026-09-14"",""run_id"":""90b54bdec3334b93bd285d61c8cff0ef""},""join_samples"":{""date"":""2026-09-14"",""run_id"":""ea2747234a70431790c1691cf7dc34eb""},""upload_data"":{""date"":""2026-09-14"",""run_id"":""914cbeb6d8264f728ab6c19c744d0891""}}"
1098,98,"45.706544300000004 , -60.616411600000006","45.706548700000006 , -60.77543420000001",urban-urban,urban,1747,"{""sample_routes"":{""date"":""2026-09-14"",""run_id"":""90b54bdec3334b93bd285d61c8cff0ef""},""join_samples"":{""date"":""2026-09-14"",""run_id"":""ea2747234a70431790c1691cf7dc34eb""},""upload_data"":{""date"":""2026-09-14"",""run_id"":""914cbeb6d8264f728ab6c19c744d0891""}}"
1099,99,"45.622488000000004 , -61.9928244","45.803251100000004 , -61.99335060000001",urban-urban,urban,1747,"{""sample_routes"":{""date"":""2026-09-14"",""run_id"":""90b54bdec3334b93bd285d61c8cff0ef""},""join_samples"":{""date"":""2026-09-14"",""run_id"":""ea2747234a70431790c1691cf7dc34eb""},""upload_data"":{""date"":""2026-09-14"",""run_id"":""914cbeb6d8264f728ab6c19c744d0891""}}"
1100,100,"46.169275400000004 , -61.367399600000006","46.070843100000005 , -61.4662299",urban-urban,urban,1746,"{""sample_routes"":{""date"":""2026-09-14"",""run_id"":""90b54bdec3334b93bd285d61c8cff0ef""},""join_samples"":{""date"":""2026-09-14"",""run_id"":""ea2747234a70431790c1691cf7dc34eb""},""upload_data"":{""date"":""2026-09-14"",""run_id"":""914cbeb6d8264f728ab6c19c744d0891""}}"
1106,106,"44.963235700000006 , -62.1234046","45.1156912 , -62.2757129",urban-urban,urban,1857,"{""sample_routes"":{""date"":""2026-09-14"",""run_id"":""90b54bdec3334b93bd285d61c8cff0ef""},""join_samples"":{""date"":""2026-09-14"",""run_id"":""ea2747234a70431790c1691cf7dc34eb""},""upload_data"":{""date"":""2026-09-14"",""run_id"":""914cbeb6d8264f728ab6c19c744d0891""}}"
1107,107,"45.086031500000004 , -62.4337871","45.197566900000005 , -62.4333937",urban-urban,urban,1857,"{""sample_routes"":{""date"":""2026-09-14"",""run_id"":""90b54bdec3334b93bd285d61c8cff0ef""},""join_samples"":{""date"":""2026-09-14"",""run_id"":""ea2747234a70431790c1691cf7dc34eb""},""upload_data"":{""date"":""2026-09-14"",""run_id"":""914cbeb6d8264f728ab6c19c744d0891""}}"
1111,111,"45.135114300000005 , -64.85955340000001","44.9793929 , -64.8597977",urban-urban,urban,1741,"{""sample_routes"":{""date"":""2026-09-14"",""run_id"":""90b54bdec3334b93bd285d61c8cff0ef""},""join_samples"":{""date"":""2026-09-14"",""run_id"":""ea2747234a70431790c1691cf7dc34eb""},""upload_data"":{""date"":""2026-09-14"",""run_id"":""914cbeb6d8264f728ab6c19c744d0891""}}"
1112,112,"44.900642700000006 , -63.581828800000004","44.8147516 , -63.66821590000001",urban-urban,urban,1860,"{""sample_routes"":{""date"":""2026-09-14"",""run_id"":""90b54bdec3334b93bd285d61c8cff0ef""},""join_samples"":{""date"":""2026-09-14"",""run_id"":""ea2747234a70431790c1691cf7dc34eb""},""upload_data"":{""date"":""2026-09-14"",""run_id"":""914cbeb6d8264f728ab6c19c744d0891""}}"
1113,113,"45.9996073 , -61.240209500000006","45.9117741 , -61.327783200000006",urban-urban,urban,1860,"{""sample_routes"":{""date"":""2026-09-14"",""run_id"":""90b54bdec3334b93bd285d61c8cff0ef""},""join_samples"":{""date"":""2026-09-14"",""run_id"":""ea2747234a70431790c1691cf7dc34eb""},""upload_data"":{""date"":""2026-09-14"",""run_id"":""914cbeb6d8264f728ab6c19c744d0891""}}"
1116,116,"44.7227225 , -63.8171801","44.8559538 , -63.6833498",urban-urban,urban,1861,"{""sample_routes"":{""date"":""2026-09-14"",""run_id"":""90b54bdec3334b93bd285d61c8cff0ef""},""join_samples"":{""date"":""2026-09-14"",""run_id"":""ea2747234a70431790c1691cf7dc34eb""},""upload_data"":{""date"":""2026-09-14"",""run_id"":""914cbeb6d8264f728ab6c19c744d0891""}}"
1119,119,"46.4500405 , -60.9277737","46.3787522 , -60.855967400000004",urban-urban,urban,1738,"{""sample_routes"":{""date"":""2026-09-14"",""run_id"":""90b54bdec3334b93bd285d61c8cff0ef""},""join_samples"":{""date"":""2026-09-14"",""run_id"":""ea2747234a70431790c1691cf7dc34eb""},""upload_data"":{""date"":""2026-09-14"",""run_id"":""914cbeb6d8264f728ab6c19c744d0891""}}"
1125,125,"45.5491855 , -62.3792746","45.4373085 , -62.4905812",urban-urban,urban,1865,"{""sample_routes"":{""date"":""2026-09-14"",""run_id"":""90b54bdec3334b93bd285d61c8cff0ef""},""join_samples"":{""date"":""2026-09-14"",""run_id"":""ea2747234a70431790c1691cf7dc34eb""},""upload_data"":{""date"":""2026-09-14"",""run_id"":""914cbeb6d8264f728ab6c19c744d0891""}}"
1127,127,"44.1156136 , -66.0602945","43.994168900000005 , -65.93822730000001",urban-urban,urban,1867,"{""sample_routes"":{""date"":""2026-09-14"",""run_id"":""90b54bdec3334b93bd285d61c8cff0ef""},""join_samples"":{""date"":""2026-09-14"",""run_id"":""ea2747234a70431790c1691cf7dc34eb""},""upload_data"":{""date"":""2026-09-14"",""run_id"":""914cbeb6d8264f728ab6c19c744d0891""}}"
1130,130,"45.5936753 , -63.0957548","45.4381508 , -63.095506400000005",urban-urban,urban,1732,"{""sample_routes"":{""date"":""2026-09-14"",""run_id"":""90b54bdec3334b93bd285d61c8cff0ef""},""join_samples"":{""date"":""2026-09-14"",""run_id"":""ea2747234a70431790c1691cf7dc34eb""},""upload_data"":{""date"":""2026-09-14"",""run_id"":""914cbeb6d8264f728ab6c19c744d0891""}}"
1131,131,"45.605804500000005 , -63.194070700000005","45.7563995 , -63.0434118",urban-rural,urban,1868,"{""sample_routes"":{""date"":""2026-09-14"",""run_id"":""90b54bdec3334b93bd285d61c8cff0ef""},""join_samples"":{""date"":""2026-09-14"",""run_id"":""ea2747234a70431790c1691cf7dc34eb""},""upload_data"":{""date"":""2026-09-14"",""run_id"":""914cbeb6d8264f728ab6c19c744d0891""}}"
1134,134,"44.9700189 , -62.120259100000006","45.115915400000006 , -62.265980400000004",urban-urban,urban,1869,"{""sample_routes"":{""date"":""2026-09-14"",""run_id"":""90b54bdec3334b93bd285d61c8cff0ef""},""join_samples"":{""date"":""2026-09-14"",""run_id"":""ea2747234a70431790c1691cf7dc34eb""},""upload_data"":{""date"":""2026-09-14"",""run_id"":""914cbeb6d8264f728ab6c19c744d0891""}}"
1135,135,"45.8049739 , -61.440211100000006","45.6677237 , -61.30308410000001",urban-rural,urban,1870,"{""sample_routes"":{""date"":""2026-09-14"",""run_id"":""90b54bdec3334b93bd285d61c8cff0ef""},""join_samples"":{""date"":""2026-09-14"",""run_id"":""ea2747234a70431790c1691cf7dc34eb""},""upload_data"":{""date"":""2026-09-14"",""run_id"":""914cbeb6d8264f728ab6c19c744d0891""}}"
1138,138,"45.549919800000005 , -63.695799400000006","45.549275300000005 , -63.7873352",urban-urban,urban,1730,"{""sample_routes"":{""date"":""2026-09-14"",""run_id"":""90b54bdec3334b93bd285d61c8cff0ef""},""join_samples"":{""date"":""2026-09-14"",""run_id"":""ea2747234a70431790c1691cf7dc34eb""},""upload_data"":{""date"":""2026-09-14"",""run_id"":""914cbeb6d8264f728ab6c19c744d0891""}}"
1139,139,"45.135856000000004 , -61.9872579","45.2325153 , -62.08400640000001",urban-urban,urban,1728,"{""sample_routes"":{""date"":""2026-09-14"",""run_id"":""90b54bdec3334b93bd285d61c8cff0ef""},""join_samples"":{""date"":""2026-09-14"",""run_id"":""ea2747234a70431790c1691cf7dc34eb""},""upload_data"":{""date"":""2026-09-14"",""run_id"":""914cbeb6d8264f728ab6c19c744d0891""}}"
1140,140,"45.295165600000004 , -63.135491300000005","45.4237188 , -63.1357305",urban-urban,urban,1872,"{""sample_routes"":{""date"":""2026-09-14"",""run_id"":""90b54bdec3334b93bd285d61c8cff0ef""},""join_samples"":{""date"":""2026-09-14"",""run_id"":""ea2747234a70431790c1691cf7dc34eb""},""upload_data"":{""date"":""2026-09-14"",""run_id"":""914cbeb6d8264f728ab6c19c744d0891""}}"
1141,141,"44.139912300000006 , -65.9719231","44.008736500000005 , -66.10291980000001",urban-urban,urban,1728,"{""sample_routes"":{""date"":""2026-09-14"",""run_id"":""90b54bdec3334b93bd285d61c8cff0ef""},""join_samples"":{""date"":""2026-09-14"",""run_id"":""ea2747234a70431790c1691cf7dc34eb""},""upload_data"":{""date"":""2026-09-14"",""run_id"":""914cbeb6d8264f728ab6c19c744d0891""}}"
1144,144,"44.7407923 , -63.77741820000001","44.598458900000004 , -63.9191572",urban-urban,urban,1726,"{""sample_routes"":{""date"":""2026-09-14"",""run_id"":""90b54bdec3334b93bd285d61c8cff0ef""},""join_samples"":{""date"":""2026-09-14"",""run_id"":""ea2747234a70431790c1691cf7dc34eb""},""upload_data"":{""date"":""2026-09-14"",""run_id"":""914cbeb6d8264f728ab6c19c744d0891""}}"
1145,145,"45.8585361 , -61.4914082","45.8583532 , -61.2453111",urban-urban,urban,1874,"{""sample_routes"":{""date"":""2026-09-14"",""run_id"":""90b54bdec3334b93bd285d61c8cff0ef""},""join_samples"":{""date"":""2026-09-14"",""run_id"":""ea2747234a70431790c1691cf7dc34eb""},""upload_data"":{""date"":""2026-09-14"",""run_id"":""914cbeb6d8264f728ab6c19c744d0891""}}"
1148,148,"45.4047835 , -64.6108718","45.4899646 , -64.6962062",rural-urban,urban,1723,"{""sample_routes"":{""date"":""2026-09-14"",""run_id"":""90b54bdec3334b93bd285d61c8cff0ef""},""join_samples"":{""date"":""2026-09-14"",""run_id"":""ea2747234a70431790c1691cf7dc34eb""},""upload_data"":{""date"":""2026-09-14"",""run_id"":""914cbeb6d8264f728ab6c19c744d0891""}}"
1149,149,"43.835344600000006 , -65.8668949","43.9056365 , -65.79691240000001",urban-urban,urban,1723,"{""sample_routes"":{""date"":""2026-09-14"",""run_id"":""90b54bdec3334b93bd285d61c8cff0ef""},""join_samples"":{""date"":""2026-09-14"",""run_id"":""ea2747234a70431790c1691cf7dc34eb""},""upload_data"":{""date"":""2026-09-14"",""run_id"":""914cbeb6d8264f728ab6c19c744d0891""}}"
1151,151,"44.511828200000004 , -65.8036718","44.396457700000006 , -65.80341440000001",urban-urban,urban,1721,"{""sample_routes"":{""date"":""2026-09-14"",""run_id"":""90b54bdec3334b93bd285d61c8cff0ef""},""join_samples"":{""date"":""2026-09-14"",""run_id"":""ea2747234a70431790c1691cf7dc34eb""},""upload_data"":{""date"":""2026-09-14"",""run_id"":""914cbeb6d8264f728ab6c19c744d0891""}}"
1153,153,"45.728681400000006 , -60.593540100000006","45.7291144 , -60.743491600000006",urban-urban,urban,1721,"{""sample_routes"":{""date"":""2026-09-14"",""run_id"":""90b54bdec3334b93bd285d61c8cff0ef""},""join_samples"":{""date"":""2026-09-14"",""run_id"":""ea2747234a70431790c1691cf7dc34eb""},""upload_data"":{""date"":""2026-09-14"",""run_id"":""914cbeb6d8264f728ab6c19c744d0891""}}"
1155,155,"44.9480237 , -63.595858400000004","44.8714348 , -63.5952106",urban-urban,urban,1719,"{""sample_routes"":{""date"":""2026-09-14"",""run_id"":""90b54bdec3334b93bd285d61c8cff0ef""},""join_samples"":{""date"":""2026-09-14"",""run_id"":""ea2747234a70431790c1691cf7dc34eb""},""upload_data"":{""date"":""2026-09-14"",""run_id"":""914cbeb6d8264f728ab6c19c744d0891""}}"
1157,157,"45.459647600000004 , -61.647823700000004","45.4597337 , -61.435549300000005",urban-urban,urban,1719,"{""sample_routes"":{""date"":""2026-09-14"",""run_id"":""90b54bdec3334b93bd285d61c8cff0ef""},""join_samples"":{""date"":""2026-09-14"",""run_id"":""ea2747234a70431790c1691cf7dc34eb""},""upload_data"":{""date"":""2026-09-14"",""run_id"":""914cbeb6d8264f728ab6c19c744d0891""}}"
1158,158,"44.8080184 , -63.76113900000001","44.777641300000006 , -63.760875000000006",urban-urban,urban,1718,"{""sample_routes"":{""date"":""2026-09-14"",""run_id"":""90b54bdec3334b93bd285d61c8cff0ef""},""join_samples"":{""date"":""2026-09-14"",""run_id"":""ea2747234a70431790c1691cf7dc34eb""},""upload_data"":{""date"":""2026-09-14"",""run_id"":""914cbeb6d8264f728ab6c19c744d0891""}}"
1159,159,"45.4929336 , -61.796197400000004","45.3743588 , -61.796255",urban-urban,urban,1717,"{""sample_routes"":{""date"":""2026-09-14"",""run_id"":""90b54bdec3334b93bd285d61c8cff0ef""},""join_samples"":{""date"":""2026-09-14"",""run_id"":""ea2747234a70431790c1691cf7dc34eb""},""upload_data"":{""date"":""2026-09-14"",""run_id"":""914cbeb6d8264f728ab6c19c744d0891""}}"
1160,160,"43.925901200000006 , -65.8951486","44.0350957 , -66.00385800000001",urban-urban,urban,1884,"{""sample_routes"":{""date"":""2026-09-14"",""run_id"":""90b54bdec3334b93bd285d61c8cff0ef""},""join_samples"":{""date"":""2026-09-14"",""run_id"":""ea2747234a70431790c1691cf7dc34eb""},""upload_data"":{""date"":""2026-09-14"",""run_id"":""914cbeb6d8264f728ab6c19c744d0891""}}"
1161,161,"44.506613900000005 , -65.7855557","44.506038100000005 , -65.58838060000001",urban-urban,urban,1715,"{""sample_routes"":{""date"":""2026-09-14"",""run_id"":""90b54bdec3334b93bd285d61c8cff0ef""},""join_samples"":{""date"":""2026-09-14"",""run_id"":""ea2747234a70431790c1691cf7dc34eb""},""upload_data"":{""date"":""2026-09-14"",""run_id"":""914cbeb6d8264f728ab6c19c744d0891""}}"
1162,162,"44.515530600000005 , -65.8113573","44.515312300000005 , -65.6436918",urban-urban,urban,1885,"{""sample_routes"":{""date"":""2026-09-14"",""run_id"":""90b54bdec3334b93bd285d61c8cff0ef""},""join_samples"":{""date"":""2026-09-14"",""run_id"":""ea2747234a70431790c1691cf7dc34eb""},""upload_data"":{""date"":""2026-09-14"",""run_id"":""914cbeb6d8264f728ab6c19c744d0891""}}"
1163,163,"44.668239400000004 , -63.568029300000006","44.667732900000004 , -63.367521",urban-urban,urban,1885,"{""sample_routes"":{""date"":""2026-09-14"",""run_id"":""90b54bdec3334b93bd285d61c8cff0ef""},""join_samples"":{""date"":""2026-09-14"",""run_id"":""ea2747234a70431790c1691cf7dc34eb""},""upload_data"":{""date"":""2026-09-14"",""run_id"":""914cbeb6d8264f728ab6c19c744d0891""}}"
1164,164,"44.7796649 , -64.75003960000001","44.672534500000005 , -64.857628",urban-urban,urban,1714,"{""sample_routes"":{""date"":""2026-09-14"",""run_id"":""90b54bdec3334b93bd285d61c8cff0ef""},""join_samples"":{""date"":""2026-09-14"",""run_id"":""ea2747234a70431790c1691cf7dc34eb""},""upload_data"":{""date"":""2026-09-14"",""run_id"":""914cbeb6d8264f728ab6c19c744d0891""}}"
1168,168,"46.0570346 , -61.3409149","46.1974748 , -61.340458600000005",urban-urban,urban,1712,"{""sample_routes"":{""date"":""2026-09-14"",""run_id"":""90b54bdec3334b93bd285d61c8cff0ef""},""join_samples"":{""date"":""2026-09-14"",""run_id"":""ea2747234a70431790c1691cf7dc34eb""},""upload_data"":{""date"":""2026-09-14"",""run_id"":""914cbeb6d8264f728ab6c19c744d0891""}}"
1170,170,"45.963887 , -61.4026104","45.8572264 , -61.402874000000004",urban-urban,urban,1888,"{""sample_routes"":{""date"":""2026-09-14"",""run_id"":""90b54bdec3334b93bd285d61c8cff0ef""},""join_samples"":{""date"":""2026-09-14"",""run_id"":""ea2747234a70431790c1691cf7dc34eb""},""upload_data"":{""date"":""2026-09-14"",""run_id"":""914cbeb6d8264f728ab6c19c744d0891""}}"
1172,172,"44.573553800000006 , -64.6419549","44.702167100000004 , -64.7704006",urban-urban,urban,1889,"{""sample_routes"":{""date"":""2026-09-14"",""run_id"":""90b54bdec3334b93bd285d61c8cff0ef""},""join_samples"":{""date"":""2026-09-14"",""run_id"":""ea2747234a70431790c1691cf7dc34eb""},""upload_data"":{""date"":""2026-09-14"",""run_id"":""914cbeb6d8264f728ab6c19c744d0891""}}"
1178,178,"44.907067000000005 , -63.709739600000006","44.708085600000004 , -63.7092394",rural-urban,urban,1892,"{""sample_routes"":{""date"":""2026-09-14"",""run_id"":""90b54bdec3334b93bd285d61c8cff0ef""},""join_samples"":{""date"":""2026-09-14"",""run_id"":""ea2747234a70431790c1691cf7dc34eb""},""upload_data"":{""date"":""2026-09-14"",""run_id"":""914cbeb6d8264f728ab6c19c744d0891""}}"
1181,181,"45.948671700000006 , -61.2526493","45.880549 , -61.320226600000005",urban-urban,urban,1896,"{""sample_routes"":{""date"":""2026-09-14"",""run_id"":""90b54bdec3334b93bd285d61c8cff0ef""},""join_samples"":{""date"":""2026-09-14"",""run_id"":""ea2747234a70431790c1691cf7dc34eb""},""upload_data"":{""date"":""2026-09-14"",""run_id"":""914cbeb6d8264f728ab6c19c744d0891""}}"
1183,183,"45.0555741 , -63.0680519","45.1386167 , -63.150734500000006",urban-urban,urban,1703,"{""sample_routes"":{""date"":""2026-09-14"",""run_id"":""90b54bdec3334b93bd285d61c8cff0ef""},""join_samples"":{""date"":""2026-09-14"",""run_id"":""ea2747234a70431790c1691cf7dc34eb""},""upload_data"":{""date"":""2026-09-14"",""run_id"":""914cbeb6d8264f728ab6c19c744d0891""}}"
1184,184,"45.694287 , -60.5886009","45.694598600000006 , -60.7789276",urban-urban,urban,1897,"{""sample_routes"":{""date"":""2026-09-14"",""run_id"":""90b54bdec3334b93bd285d61c8cff0ef""},""join_samples"":{""date"":""2026-09-14"",""run_id"":""ea2747234a70431790c1691cf7dc34eb""},""upload_data"":{""date"":""2026-09-14"",""run_id"":""914cbeb6d8264f728ab6c19c744d0891""}}"
1186,186,"44.519085700000005 , -64.5583503","44.4032307 , -64.6744281",urban-urban,urban,1703,"{""sample_routes"":{""date"":""2026-09-14"",""run_id"":""90b54bdec3334b93bd285d61c8cff0ef""},""join_samples"":{""date"":""2026-09-14"",""run_id"":""ea2747234a70431790c1691cf7dc34eb""},""upload_data"":{""date"":""2026-09-14"",""run_id"":""914cbeb6d8264f728ab6c19c744d0891""}}"
1189,189,"45.703109600000005 , -60.9569009","45.703471 , -61.0812613",urban-rural,urban,1899,"{""sample_routes"":{""date"":""2026-09-14"",""run_id"":""90b54bdec3334b93bd285d61c8cff0ef""},""join_samples"":{""date"":""2026-09-14"",""run_id"":""ea2747234a70431790c1691cf7dc34eb""},""upload_data"":{""date"":""2026-09-14"",""run_id"":""914cbeb6d8264f728ab6c19c744d0891""}}"
1190,190,"45.963188800000005 , -61.317108100000006","45.8895063 , -61.243865500000005",urban-rural,urban,1900,"{""sample_routes"":{""date"":""2026-09-14"",""run_id"":""90b54bdec3334b93bd285d61c8cff0ef""},""join_samples"":{""date"":""2026-09-14"",""run_id"":""ea2747234a70431790c1691cf7dc34eb""},""upload_data"":{""date"":""2026-09-14"",""run_id"":""914cbeb6d8264f728ab6c19c744d0891""}}"
1191,191,"45.544313700000004 , -63.75413390000001","45.5446435 , -63.6231243",urban-urban,urban,1901,"{""sample_routes"":{""date"":""2026-09-14"",""run_id"":""90b54bdec3334b93bd285d61c8cff0ef""},""join_samples"":{""date"":""2026-09-14"",""run_id"":""ea2747234a70431790c1691cf7dc34eb""},""upload_data"":{""date"":""2026-09-14"",""run_id"":""914cbeb6d8264f728ab6c19c744d0891""}}"
1192,192,"44.667477500000004 , -63.51125630000001","44.5882355 , -63.5903111",urban-urban,urban,1901,"{""sample_routes"":{""date"":""2026-09-14"",""run_id"":""90b54bdec3334b93bd285d61c8cff0ef""},""join_samples"":{""date"":""2026-09-14"",""run_id"":""ea2747234a70431790c1691cf7dc34eb""},""upload_data"":{""date"":""2026-09-14"",""run_id"":""914cbeb6d8264f728ab6c19c744d0891""}}"
1194,194,"44.321015800000005 , -66.0281654","44.194351000000005 , -66.028773",urban-urban,urban,1903,"{""sample_routes"":{""date"":""2026-09-14"",""run_id"":""90b54bdec3334b93bd285d61c8cff0ef""},""join_samples"":{""date"":""2026-09-14"",""run_id"":""ea2747234a70431790c1691cf7dc34eb""},""upload_data"":{""date"":""2026-09-14"",""run_id"":""914cbeb6d8264f728ab6c19c744d0891""}}"
1195,195,"45.769332500000004 , -60.574149500000004","45.6515405 , -60.692015000000005",urban-urban,urban,1696,"{""sample_routes"":{""date"":""2026-09-14"",""run_id"":""90b54bdec3334b93bd285d61c8cff0ef""},""join_samples"":{""date"":""2026-09-14"",""run_id"":""ea2747234a70431790c1691cf7dc34eb""},""upload_data"":{""date"":""2026-09-14"",""run_id"":""914cbeb6d8264f728ab6c19c744d0891""}}"
1196,196,"44.807608900000005 , -63.755013700000006","44.687531 , -63.874993100000005",urban-urban,urban,1904,"{""sample_routes"":{""date"":""2026-09-14"",""run_id"":""90b54bdec3334b93bd285d61c8cff0ef""},""join_samples"":{""date"":""2026-09-14"",""run_id"":""ea2747234a70431790c1691cf7dc34eb""},""upload_data"":{""date"":""2026-09-14"",""run_id"":""914cbeb6d8264f728ab6c19c744d0891""}}"
1198,198,"44.6611471 , -63.525478400000004","44.8059267 , -63.66985700000001",urban-urban,urban,1696,"{""sample_routes"":{""date"":""2026-09-14"",""run_id"":""90b54bdec3334b93bd285d61c8cff0ef""},""join_samples"":{""date"":""2026-09-14"",""run_id"":""ea2747234a70431790c1691cf7dc34eb""},""upload_data"":{""date"":""2026-09-14"",""run_id"":""914cbeb6d8264f728ab6c19c744d0891""}}"
1199,199,"44.278995200000004 , -64.8615216","44.1597731 , -64.98022010000001",urban-urban,urban,1696,"{""sample_routes"":{""date"":""2026-09-14"",""run_id"":""90b54bdec3334b93bd285d61c8cff0ef""},""join_samples"":{""date"":""2026-09-14"",""run_id"":""ea2747234a70431790c1691cf7dc34eb""},""upload_data"":{""date"":""2026-09-14"",""run_id"":""914cbeb6d8264f728ab6c19c744d0891""}}"
1200,200,"45.9896303 , -61.4431103","45.99002 , -61.22299520000001",urban-urban,urban,1905,"{""sample_routes"":{""date"":""2026-09-14"",""run_id"":""90b54bdec3334b93bd285d61c8cff0ef""},""join_samples"":{""date"":""2026-09-14"",""run_id"":""ea2747234a70431790c1691cf7dc34eb""},""upload_data"":{""date"":""2026-09-14"",""run_id"":""914cbeb6d8264f728ab6c19c744d0891""}}"
1201,201,"45.855955900000005 , -61.438207600000005","45.939587700000004 , -61.355064000000006",urban-urban,urban,1694,"{""sample_routes"":{""date"":""2026-09-14"",""run_id"":""90b54bdec3334b93bd285d61c8cff0ef""},""join_samples"":{""date"":""2026-09-14"",""run_id"":""ea2747234a70431790c1691cf7dc34eb""},""upload_data"":{""date"":""2026-09-14"",""run_id"":""914cbeb6d8264f728ab6c19c744d0891""}}"
1203,203,"45.208443800000005 , -61.5089843","45.3086129 , -61.6087647",urban-urban,urban,1909,"{""sample_routes"":{""date"":""2026-09-14"",""run_id"":""90b54bdec3334b93bd285d61c8cff0ef""},""join_samples"":{""date"":""2026-09-14"",""run_id"":""ea2747234a70431790c1691cf7dc34eb""},""upload_data"":{""date"":""2026-09-14"",""run_id"":""914cbeb6d8264f728ab6c19c744d0891""}}"
1204,204,"45.249214900000005 , -63.11177240000001","45.1474905 , -63.213956200000005",urban-urban,urban,1910,"{""sample_routes"":{""date"":""2026-09-14"",""run_id"":""90b54bdec3334b93bd285d61c8cff0ef""},""join_samples"":{""date"":""2026-09-14"",""run_id"":""ea2747234a70431790c1691cf7dc34eb""},""upload_data"":{""date"":""2026-09-14"",""run_id"":""914cbeb6d8264f728ab6c19c744d0891""}}"
1205,205,"44.688217900000005 , -63.8704594","44.8118287 , -63.746699400000004",urban-urban,urban,1911,"{""sample_routes"":{""date"":""2026-09-14"",""run_id"":""90b54bdec3334b93bd285d61c8cff0ef""},""join_samples"":{""date"":""2026-09-14"",""run_id"":""ea2747234a70431790c1691cf7dc34eb""},""upload_data"":{""date"":""2026-09-14"",""run_id"":""914cbeb6d8264f728ab6c19c744d0891""}}"
1210,210,"45.852755200000004 , -61.218011700000005","45.853153400000004 , -61.4757892",urban-urban,urban,1913,"{""sample_routes"":{""date"":""2026-09-14"",""run_id"":""90b54bdec3334b93bd285d61c8cff0ef""},""join_samples"":{""date"":""2026-09-14"",""run_id"":""ea2747234a70431790c1691cf7dc34eb""},""upload_data"":{""date"":""2026-09-14"",""run_id"":""914cbeb6d8264f728ab6c19c744d0891""}}"
1214,214,"45.816839800000004 , -61.272639700000006","45.8172695 , -61.4705463",urban-urban,urban,1915,"{""sample_routes"":{""date"":""2026-09-14"",""run_id"":""90b54bdec3334b93bd285d61c8cff0ef""},""join_samples"":{""date"":""2026-09-14"",""run_id"":""ea2747234a70431790c1691cf7dc34eb""},""upload_data"":{""date"":""2026-09-14"",""run_id"":""914cbeb6d8264f728ab6c19c744d0891""}}"
1215,215,"45.511529 , -62.2631213","45.6099649 , -62.3618516",urban-urban,urban,1683,"{""sample_routes"":{""date"":""2026-09-14"",""run_id"":""90b54bdec3334b93bd285d61c8cff0ef""},""join_samples"":{""date"":""2026-09-14"",""run_id"":""ea2747234a70431790c1691cf7dc34eb""},""upload_data"":{""date"":""2026-09-14"",""run_id"":""914cbeb6d8264f728ab6c19c744d0891""}}"
1218,218,"45.818023800000006 , -61.1712434","45.9524503 , -61.036999200000004",urban-urban,urban,1918,"{""sample_routes"":{""date"":""2026-09-14"",""run_id"":""90b54bdec3334b93bd285d61c8cff0ef""},""join_samples"":{""date"":""2026-09-14"",""run_id"":""ea2747234a70431790c1691cf7dc34eb""},""upload_data"":{""date"":""2026-09-14"",""run_id"":""914cbeb6d8264f728ab6c19c744d0891""}}"
1219,219,"43.9056833 , -65.9002595","44.0065059 , -66.0011966",urban-urban,urban,1682,"{""sample_routes"":{""date"":""2026-09-14"",""run_id"":""90b54bdec3334b93bd285d61c8cff0ef""},""join_samples"":{""date"":""2026-09-14"",""run_id"":""ea2747234a70431790c1691cf7dc34eb""},""upload_data"":{""date"":""2026-09-14"",""run_id"":""914cbeb6d8264f728ab6c19c744d0891""}}"
1220,220,"44.664392400000004 , -63.5288437","44.8232243 , -63.6871427",urban-urban,urban,1682,"{""sample_routes"":{""date"":""2026-09-14"",""run_id"":""90b54bdec3334b93bd285d61c8cff0ef""},""join_samples"":{""date"":""2026-09-14"",""run_id"":""ea2747234a70431790c1691cf7dc34eb""},""upload_data"":{""date"":""2026-09-14"",""run_id"":""914cbeb6d8264f728ab6c19c744d0891""}}"
1223,223,"45.530253200000004 , -61.323433400000006","45.400720400000004 , -61.453065200000005",urban-urban,urban,1919,"{""sample_routes"":{""date"":""2026-09-14"",""run_id"":""90b54bdec3334b93bd285d61c8cff0ef""},""join_samples"":{""date"":""2026-09-14"",""run_id"":""ea2747234a70431790c1691cf7dc34eb""},""upload_data"":{""date"":""2026-09-14"",""run_id"":""914cbeb6d8264f728ab6c19c744d0891""}}"
1224,224,"44.6397993 , -63.53199360000001","44.736453600000004 , -63.4347494",rural-urban,urban,1680,"{""sample_routes"":{""date"":""2026-09-14"",""run_id"":""90b54bdec3334b93bd285d61c8cff0ef""},""join_samples"":{""date"":""2026-09-14"",""run_id"":""ea2747234a70431790c1691cf7dc34eb""},""upload_data"":{""date"":""2026-09-14"",""run_id"":""914cbeb6d8264f728ab6c19c744d0891""}}"
1225,225,"45.9399978 , -61.401839","46.077690100000005 , -61.4024742",urban-urban,urban,1680,"{""sample_routes"":{""date"":""2026-09-14"",""run_id"":""90b54bdec3334b93bd285d61c8cff0ef""},""join_samples"":{""date"":""2026-09-14"",""run_id"":""ea2747234a70431790c1691cf7dc34eb""},""upload_data"":{""date"":""2026-09-14"",""run_id"":""914cbeb6d8264f728ab6c19c744d0891""}}"
1227,227,"44.9410296 , -64.85830920000001","45.070742100000004 , -64.988369",urban-urban,urban,1920,"{""sample_routes"":{""date"":""2026-09-14"",""run_id"":""90b54bdec3334b93bd285d61c8cff0ef""},""join_samples"":{""date"":""2026-09-14"",""run_id"":""ea2747234a70431790c1691cf7dc34eb""},""upload_data"":{""date"":""2026-09-14"",""run_id"":""914cbeb6d8264f728ab6c19c744d0891""}}"
1228,228,"44.4242089 , -64.73639800000001","44.531022 , -64.73598650000001",urban-rural,urban,1679,"{""sample_routes"":{""date"":""2026-09-14"",""run_id"":""90b54bdec3334b93bd285d61c8cff0ef""},""join_samples"":{""date"":""2026-09-14"",""run_id"":""ea2747234a70431790c1691cf7dc34eb""},""upload_data"":{""date"":""2026-09-14"",""run_id"":""914cbeb6d8264f728ab6c19c744d0891""}}"
1230,230,"45.9601611 , -61.283536000000005","45.960678 , -61.5025368",urban-urban,urban,1924,"{""sample_routes"":{""date"":""2026-09-14"",""run_id"":""90b54bdec3334b93bd285d61c8cff0ef""},""join_samples"":{""date"":""2026-09-14"",""run_id"":""ea2747234a70431790c1691cf7dc34eb""},""upload_data"":{""date"":""2026-09-14"",""run_id"":""914cbeb6d8264f728ab6c19c744d0891""}}"
1231,231,"45.34479 , -62.107798200000005","45.483621500000005 , -62.1075888",urban-urban,urban,1925,"{""sample_routes"":{""date"":""2026-09-14"",""run_id"":""90b54bdec3334b93bd285d61c8cff0ef""},""join_samples"":{""date"":""2026-09-14"",""run_id"":""ea2747234a70431790c1691cf7dc34eb""},""upload_data"":{""date"":""2026-09-14"",""run_id"":""914cbeb6d8264f728ab6c19c744d0891""}}"
1232,232,"45.9737548 , -61.4367512","45.8548835 , -61.31801780000001",urban-urban,urban,1926,"{""sample_routes"":{""date"":""2026-09-14"",""run_id"":""90b54bdec3334b93bd285d61c8cff0ef""},""join_samples"":{""date"":""2026-09-14"",""run_id"":""ea2747234a70431790c1691cf7dc34eb""},""upload_data"":{""date"":""2026-09-14"",""run_id"":""914cbeb6d8264f728ab6c19c744d0891""}}"
1234,234,"45.442778800000006 , -61.704548900000006","45.442178500000004 , -61.46962920000001",urban-urban,urban,1673,"{""sample_routes"":{""date"":""2026-09-14"",""run_id"":""90b54bdec3334b93bd285d61c8cff0ef""},""join_samples"":{""date"":""2026-09-14"",""run_id"":""ea2747234a70431790c1691cf7dc34eb""},""upload_data"":{""date"":""2026-09-14"",""run_id"":""914cbeb6d8264f728ab6c19c744d0891""}}"
1238,238,"45.4624232 , -64.03101240000001","45.5332652 , -64.1013042",urban-urban,urban,1930,"{""sample_routes"":{""date"":""2026-09-14"",""run_id"":""90b54bdec3334b93bd285d61c8cff0ef""},""join_samples"":{""date"":""2026-09-14"",""run_id"":""ea2747234a70431790c1691cf7dc34eb""},""upload_data"":{""date"":""2026-09-14"",""run_id"":""914cbeb6d8264f728ab6c19c744d0891""}}"
1240,240,"45.2547866 , -61.8248977","45.365073100000004 , -61.71490790000001",urban-urban,urban,1931,"{""sample_routes"":{""date"":""2026-09-14"",""run_id"":""90b54bdec3334b93bd285d61c8cff0ef""},""join_samples"":{""date"":""2026-09-14"",""run_id"":""ea2747234a70431790c1691cf7dc34eb""},""upload_data"":{""date"":""2026-09-14"",""run_id"":""914cbeb6d8264f728ab6c19c744d0891""}}"
1243,243,"45.4168974 , -61.7421481","45.3176021 , -61.842029700000005",urban-urban,urban,1669,"{""sample_routes"":{""date"":""2026-09-14"",""run_id"":""90b54bdec3334b93bd285d61c8cff0ef""},""join_samples"":{""date"":""2026-09-14"",""run_id"":""ea2747234a70431790c1691cf7dc34eb""},""upload_data"":{""date"":""2026-09-14"",""run_id"":""914cbeb6d8264f728ab6c19c744d0891""}}"
1245,245,"44.082624 , -66.09987120000001","43.962652600000006 , -65.97949870000001",rural-urban,urban,1933,"{""sample_routes"":{""date"":""2026-09-14"",""run_id"":""90b54bdec3334b93bd285d61c8cff0ef""},""join_samples"":{""date"":""2026-09-14"",""run_id"":""ea2747234a70431790c1691cf7dc34eb""},""upload_data"":{""date"":""2026-09-14"",""run_id"":""914cbeb6d8264f728ab6c19c744d0891""}}"
1246,246,"45.4851869 , -61.4179894","45.4853535 , -61.6505",urban-urban,urban,1934,"{""sample_routes"":{""date"":""2026-09-14"",""run_id"":""90b54bdec3334b93bd285d61c8cff0ef""},""join_samples"":{""date"":""2026-09-14"",""run_id"":""ea2747234a70431790c1691cf7dc34eb""},""upload_data"":{""date"":""2026-09-14"",""run_id"":""914cbeb6d8264f728ab6c19c744d0891""}}"
1249,249,"45.537658900000004 , -63.711813500000005","45.4214211 , -63.711260200000005",urban-urban,urban,1934,"{""sample_routes"":{""date"":""2026-09-14"",""run_id"":""90b54bdec3334b93bd285d61c8cff0ef""},""join_samples"":{""date"":""2026-09-14"",""run_id"":""ea2747234a70431790c1691cf7dc34eb""},""upload_data"":{""date"":""2026-09-14"",""run_id"":""914cbeb6d8264f728ab6c19c744d0891""}}"
1251,251,"43.909684600000006 , -65.9042768","43.8394016 , -65.8335818",urban-urban,urban,1665,"{""sample_routes"":{""date"":""2026-09-14"",""run_id"":""90b54bdec3334b93bd285d61c8cff0ef""},""join_samples"":{""date"":""2026-09-14"",""run_id"":""ea2747234a70431790c1691cf7dc34eb""},""upload_data"":{""date"":""2026-09-14"",""run_id"":""914cbeb6d8264f728ab6c19c744d0891""}}"
1254,254,"45.132166100000006 , -62.490095200000006","45.2253874 , -62.3972003",urban-urban,urban,1664,"{""sample_routes"":{""date"":""2026-09-14"",""run_id"":""90b54bdec3334b93bd285d61c8cff0ef""},""join_samples"":{""date"":""2026-09-14"",""run_id"":""ea2747234a70431790c1691cf7dc34eb""},""upload_data"":{""date"":""2026-09-14"",""run_id"":""914cbeb6d8264f728ab6c19c744d0891""}}"
1260,260,"44.7234533 , -63.838808300000004","44.722959 , -63.6406124",urban-rural,urban,1660,"{""sample_routes"":{""date"":""2026-09-14"",""run_id"":""90b54bdec3334b93bd285d61c8cff0ef""},""join_samples"":{""date"":""2026-09-14"",""run_id"":""ea2747234a70431790c1691cf7dc34eb""},""upload_data"":{""date"":""2026-09-14"",""run_id"":""914cbeb6d8264f728ab6c19c744d0891""}}"
1262,262,"45.3685181 , -63.28669420000001","45.5579344 , -63.2872849",urban-urban,urban,1941,"{""sample_routes"":{""date"":""2026-09-14"",""run_id"":""90b54bdec3334b93bd285d61c8cff0ef""},""join_samples"":{""date"":""2026-09-14"",""run_id"":""ea2747234a70431790c1691cf7dc34eb""},""upload_data"":{""date"":""2026-09-14"",""run_id"":""914cbeb6d8264f728ab6c19c744d0891""}}"
1263,263,"45.321131300000005 , -62.149090900000004","45.3967381 , -62.073141500000006",urban-urban,urban,1941,"{""sample_routes"":{""date"":""2026-09-14"",""run_id"":""90b54bdec3334b93bd285d61c8cff0ef""},""join_samples"":{""date"":""2026-09-14"",""run_id"":""ea2747234a70431790c1691cf7dc34eb""},""upload_data"":{""date"":""2026-09-14"",""run_id"":""914cbeb6d8264f728ab6c19c744d0891""}}"
1264,264,"44.817160900000005 , -63.77030740000001","44.713277100000006 , -63.874442",rural-urban,urban,1942,"{""sample_routes"":{""date"":""2026-09-14"",""run_id"":""90b54bdec3334b93bd285d61c8cff0ef""},""join_samples"":{""date"":""2026-09-14"",""run_id"":""ea2747234a70431790c1691cf7dc34eb""},""upload_data"":{""date"":""2026-09-14"",""run_id"":""914cbeb6d8264f728ab6c19c744d0891""}}"
1265,265,"45.4174761 , -62.202771600000005","45.499164900000004 , -62.120487100000005",urban-urban,urban,1658,"{""sample_routes"":{""date"":""2026-09-14"",""run_id"":""90b54bdec3334b93bd285d61c8cff0ef""},""join_samples"":{""date"":""2026-09-14"",""run_id"":""ea2747234a70431790c1691cf7dc34eb""},""upload_data"":{""date"":""2026-09-14"",""run_id"":""914cbeb6d8264f728ab6c19c744d0891""}}"
1267,267,"44.229401700000004 , -66.04861600000001","44.2993697 , -65.9782624",urban-urban,urban,1658,"{""sample_routes"":{""date"":""2026-09-14"",""run_id"":""90b54bdec3334b93bd285d61c8cff0ef""},""join_samples"":{""date"":""2026-09-14"",""run_id"":""ea2747234a70431790c1691cf7dc34eb""},""upload_data"":{""date"":""2026-09-14"",""run_id"":""914cbeb6d8264f728ab6c19c744d0891""}}"
1270,270,"45.7640831 , -60.612239","45.619322200000006 , -60.612654500000005",urban-urban,urban,1655,"{""sample_routes"":{""date"":""2026-09-14"",""run_id"":""90b54bdec3334b93bd285d61c8cff0ef""},""join_samples"":{""date"":""2026-09-14"",""run_id"":""ea2747234a70431790c1691cf7dc34eb""},""upload_data"":{""date"":""2026-09-14"",""run_id"":""914cbeb6d8264f728ab6c19c744d0891""}}"
1272,272,"44.6934485 , -63.7284609","44.8264568 , -63.7282115",rural-urban,urban,1654,"{""sample_routes"":{""date"":""2026-09-14"",""run_id"":""90b54bdec3334b93bd285d61c8cff0ef""},""join_samples"":{""date"":""2026-09-14"",""run_id"":""ea2747234a70431790c1691cf7dc34eb""},""upload_data"":{""date"":""2026-09-14"",""run_id"":""914cbeb6d8264f728ab6c19c744d0891""}}"
1276,276,"44.754753300000004 , -63.7432273","44.6560803 , -63.743128000000006",urban-urban,urban,1652,"{""sample_routes"":{""date"":""2026-09-14"",""run_id"":""90b54bdec3334b93bd285d61c8cff0ef""},""join_samples"":{""date"":""2026-09-14"",""run_id"":""ea2747234a70431790c1691cf7dc34eb""},""upload_data"":{""date"":""2026-09-14"",""run_id"":""914cbeb6d8264f728ab6c19c744d0891""}}"
1277,277,"45.5346634 , -62.12815320000001","45.3512599 , -62.127802",urban-rural,urban,1948,"{""sample_routes"":{""date"":""2026-09-14"",""run_id"":""90b54bdec3334b93bd285d61c8cff0ef""},""join_samples"":{""date"":""2026-09-14"",""run_id"":""ea2747234a70431790c1691cf7dc34eb""},""upload_data"":{""date"":""2026-09-14"",""run_id"":""914cbeb6d8264f728ab6c19c744d0891""}}"
1278,278,"45.9704872 , -61.434354500000005","45.866294 , -61.3308085",urban-urban,urban,1949,"{""sample_routes"":{""date"":""2026-09-14"",""run_id"":""90b54bdec3334b93bd285d61c8cff0ef""},""join_samples"":{""date"":""2026-09-14"",""run_id"":""ea2747234a70431790c1691cf7dc34eb""},""upload_data"":{""date"":""2026-09-14"",""run_id"":""914cbeb6d8264f728ab6c19c744d0891""}}"
1279,279,"46.0278033 , -61.505279900000005","46.0272372 , -61.307364500000006",urban-urban,urban,1651,"{""sample_routes"":{""date"":""2026-09-14"",""run_id"":""90b54bdec3334b93bd285d61c8cff0ef""},""join_samples"":{""date"":""2026-09-14"",""run_id"":""ea2747234a70431790c1691cf7dc34eb""},""upload_data"":{""date"":""2026-09-14"",""run_id"":""914cbeb6d8264f728ab6c19c744d0891""}}"
1281,281,"45.1216231 , -62.8989223","45.0338481 , -62.9861786",urban-rural,urban,1651,"{""sample_routes"":{""date"":""2026-09-14"",""run_id"":""90b54bdec3334b93bd285d61c8cff0ef""},""join_samples"":{""date"":""2026-09-14"",""run_id"":""ea2747234a70431790c1691cf7dc34eb""},""upload_data"":{""date"":""2026-09-14"",""run_id"":""914cbeb6d8264f728ab6c19c744d0891""}}"
1282,282,"45.4172808 , -62.0840693","45.3918435 , -62.058545200000005",urban-urban,urban,1950,"{""sample_routes"":{""date"":""2026-09-14"",""run_id"":""90b54bdec3334b93bd285d61c8cff0ef""},""join_samples"":{""date"":""2026-09-14"",""run_id"":""ea2747234a70431790c1691cf7dc34eb""},""upload_data"":{""date"":""2026-09-14"",""run_id"":""914cbeb6d8264f728ab6c19c744d0891""}}"
1284,284,"44.6938113 , -65.01486770000001","44.6115198 , -64.93192900000001",urban-urban,urban,1650,"{""sample_routes"":{""date"":""2026-09-14"",""run_id"":""90b54bdec3334b93bd285d61c8cff0ef""},""join_samples"":{""date"":""2026-09-14"",""run_id"":""ea2747234a70431790c1691cf7dc34eb""},""upload_data"":{""date"":""2026-09-14"",""run_id"":""914cbeb6d8264f728ab6c19c744d0891""}}"
1286,286,"45.841887400000005 , -61.1682567","46.0259088 , -61.1680238",urban-urban,urban,1952,"{""sample_routes"":{""date"":""2026-09-14"",""run_id"":""90b54bdec3334b93bd285d61c8cff0ef""},""join_samples"":{""date"":""2026-09-14"",""run_id"":""ea2747234a70431790c1691cf7dc34eb""},""upload_data"":{""date"":""2026-09-14"",""run_id"":""914cbeb6d8264f728ab6c19c744d0891""}}"
1287,287,"45.1716251 , -63.051344500000006","45.055139800000006 , -63.1674391",urban-urban,urban,1648,"{""sample_routes"":{""date"":""2026-09-14"",""run_id"":""90b54bdec3334b93bd285d61c8cff0ef""},""join_samples"":{""date"":""2026-09-14"",""run_id"":""ea2747234a70431790c1691cf7dc34eb""},""upload_data"":{""date"":""2026-09-14"",""run_id"":""914cbeb6d8264f728ab6c19c744d0891""}}"
1289,289,"45.8691826 , -61.252048900000005","45.9484629 , -61.331216600000005",rural-urban,urban,1647,"{""sample_routes"":{""date"":""2026-09-14"",""run_id"":""90b54bdec3334b93bd285d61c8cff0ef""},""join_samples"":{""date"":""2026-09-14"",""run_id"":""ea2747234a70431790c1691cf7dc34eb""},""upload_data"":{""date"":""2026-09-14"",""run_id"":""914cbeb6d8264f728ab6c19c744d0891""}}"
1290,290,"45.522545900000004 , -61.981354200000006","45.4195172 , -62.08491",urban-urban,urban,1647,"{""sample_routes"":{""date"":""2026-09-14"",""run_id"":""90b54bdec3334b93bd285d61c8cff0ef""},""join_samples"":{""date"":""2026-09-14"",""run_id"":""ea2747234a70431790c1691cf7dc34eb""},""upload_data"":{""date"":""2026-09-14"",""run_id"":""914cbeb6d8264f728ab6c19c744d0891""}}"
1292,292,"45.1624962 , -63.0820689","45.1630794 , -63.320356800000006",urban-urban,urban,1955,"{""sample_routes"":{""date"":""2026-09-14"",""run_id"":""90b54bdec3334b93bd285d61c8cff0ef""},""join_samples"":{""date"":""2026-09-14"",""run_id"":""ea2747234a70431790c1691cf7dc34eb""},""upload_data"":{""date"":""2026-09-14"",""run_id"":""914cbeb6d8264f728ab6c19c744d0891""}}"
1293,293,"45.427634100000006 , -61.3556504","45.5152894 , -61.356233",urban-urban,urban,1645,"{""sample_routes"":{""date"":""2026-09-14"",""run_id"":""90b54bdec3334b93bd285d61c8cff0ef""},""join_samples"":{""date"":""2026-09-14"",""run_id"":""ea2747234a70431790c1691cf7dc34eb""},""upload_data"":{""date"":""2026-09-14"",""run_id"":""914cbeb6d8264f728ab6c19c744d0891""}}"
1296,296,"44.942584100000005 , -64.8584458","45.1185497 , -64.8588651",urban-urban,urban,1956,"{""sample_routes"":{""date"":""2026-09-14"",""run_id"":""90b54bdec3334b93bd285d61c8cff0ef""},""join_samples"":{""date"":""2026-09-14"",""run_id"":""ea2747234a70431790c1691cf7dc34eb""},""upload_data"":{""date"":""2026-09-14"",""run_id"":""914cbeb6d8264f728ab6c19c744d0891""}}"
1302,302,"44.5279639 , -63.542880800000006","44.6502411 , -63.6646956",urban-urban,urban,1642,"{""sample_routes"":{""date"":""2026-09-14"",""run_id"":""90b54bdec3334b93bd285d61c8cff0ef""},""join_samples"":{""date"":""2026-09-14"",""run_id"":""ea2747234a70431790c1691cf7dc34eb""},""upload_data"":{""date"":""2026-09-14"",""run_id"":""914cbeb6d8264f728ab6c19c744d0891""}}"
1306,306,"45.9290177 , -61.313172400000006","46.070587 , -61.454105000000006",urban-urban,urban,1959,"{""sample_routes"":{""date"":""2026-09-14"",""run_id"":""90b54bdec3334b93bd285d61c8cff0ef""},""join_samples"":{""date"":""2026-09-14"",""run_id"":""ea2747234a70431790c1691cf7dc34eb""},""upload_data"":{""date"":""2026-09-14"",""run_id"":""914cbeb6d8264f728ab6c19c744d0891""}}"
1312,312,"45.5561391 , -62.915458400000006","45.6606779 , -63.0202813",urban-urban,urban,1964,"{""sample_routes"":{""date"":""2026-09-14"",""run_id"":""90b54bdec3334b93bd285d61c8cff0ef""},""join_samples"":{""date"":""2026-09-14"",""run_id"":""ea2747234a70431790c1691cf7dc34eb""},""upload_data"":{""date"":""2026-09-14"",""run_id"":""914cbeb6d8264f728ab6c19c744d0891""}}"
1313,313,"45.509061300000006 , -61.7621971","45.3835673 , -61.76191360000001",urban-urban,urban,1636,"{""sample_routes"":{""date"":""2026-09-14"",""run_id"":""90b54bdec3334b93bd285d61c8cff0ef""},""join_samples"":{""date"":""2026-09-14"",""run_id"":""ea2747234a70431790c1691cf7dc34eb""},""upload_data"":{""date"":""2026-09-14"",""run_id"":""914cbeb6d8264f728ab6c19c744d0891""}}"
1318,318,"45.4939368 , -62.2935395","45.6308938 , -62.430291800000006",urban-urban,urban,1967,"{""sample_routes"":{""date"":""2026-09-14"",""run_id"":""90b54bdec3334b93bd285d61c8cff0ef""},""join_samples"":{""date"":""2026-09-14"",""run_id"":""ea2747234a70431790c1691cf7dc34eb""},""upload_data"":{""date"":""2026-09-14"",""run_id"":""914cbeb6d8264f728ab6c19c744d0891""}}"
1322,322,"44.661764000000005 , -63.537731900000004","44.5997031 , -63.600433300000006",urban-urban,urban,1630,"{""sample_routes"":{""date"":""2026-09-14"",""run_id"":""90b54bdec3334b93bd285d61c8cff0ef""},""join_samples"":{""date"":""2026-09-14"",""run_id"":""ea2747234a70431790c1691cf7dc34eb""},""upload_data"":{""date"":""2026-09-14"",""run_id"":""914cbeb6d8264f728ab6c19c744d0891""}}"
1323,323,"45.467109900000004 , -63.841154200000005","45.437840900000005 , -63.84172410000001",urban-urban,urban,1626,"{""sample_routes"":{""date"":""2026-09-14"",""run_id"":""90b54bdec3334b93bd285d61c8cff0ef""},""join_samples"":{""date"":""2026-09-14"",""run_id"":""ea2747234a70431790c1691cf7dc34eb""},""upload_data"":{""date"":""2026-09-14"",""run_id"":""914cbeb6d8264f728ab6c19c744d0891""}}"
1325,325,"45.6763768 , -63.803010300000004","45.839249900000006 , -63.6397599",rural-rural,urban,1975,"{""sample_routes"":{""date"":""2026-09-14"",""run_id"":""90b54bdec3334b93bd285d61c8cff0ef""},""join_samples"":{""date"":""2026-09-14"",""run_id"":""ea2747234a70431790c1691cf7dc34eb""},""upload_data"":{""date"":""2026-09-14"",""run_id"":""914cbeb6d8264f728ab6c19c744d0891""}}"
1326,326,"45.583217700000006 , -60.7000004","45.695378700000006 , -60.588362000000004",urban-urban,urban,1624,"{""sample_routes"":{""date"":""2026-09-14"",""run_id"":""90b54bdec3334b93bd285d61c8cff0ef""},""join_samples"":{""date"":""2026-09-14"",""run_id"":""ea2747234a70431790c1691cf7dc34eb""},""upload_data"":{""date"":""2026-09-14"",""run_id"":""914cbeb6d8264f728ab6c19c744d0891""}}"
1328,328,"45.9560918 , -60.585506200000005","46.0203708 , -60.650277800000005",urban-rural,urban,1622,"{""sample_routes"":{""date"":""2026-09-14"",""run_id"":""90b54bdec3334b93bd285d61c8cff0ef""},""join_samples"":{""date"":""2026-09-14"",""run_id"":""ea2747234a70431790c1691cf7dc34eb""},""upload_data"":{""date"":""2026-09-14"",""run_id"":""914cbeb6d8264f728ab6c19c744d0891""}}"
1329,329,"45.1338937 , -63.154684800000005","45.0509939 , -63.07161060000001",urban-urban,urban,1622,"{""sample_routes"":{""date"":""2026-09-14"",""run_id"":""90b54bdec3334b93bd285d61c8cff0ef""},""join_samples"":{""date"":""2026-09-14"",""run_id"":""ea2747234a70431790c1691cf7dc34eb""},""upload_data"":{""date"":""2026-09-14"",""run_id"":""914cbeb6d8264f728ab6c19c744d0891""}}"
1331,331,"45.999103600000005 , -61.28335860000001","46.097638200000006 , -61.184187200000004",urban-rural,urban,1620,"{""sample_routes"":{""date"":""2026-09-14"",""run_id"":""90b54bdec3334b93bd285d61c8cff0ef""},""join_samples"":{""date"":""2026-09-14"",""run_id"":""ea2747234a70431790c1691cf7dc34eb""},""upload_data"":{""date"":""2026-09-14"",""run_id"":""914cbeb6d8264f728ab6c19c744d0891""}}"
1332,332,"44.6972401 , -65.4072513","44.6977964 , -65.1430119",urban-urban,urban,1980,"{""sample_routes"":{""date"":""2026-09-14"",""run_id"":""90b54bdec3334b93bd285d61c8cff0ef""},""join_samples"":{""date"":""2026-09-14"",""run_id"":""ea2747234a70431790c1691cf7dc34eb""},""upload_data"":{""date"":""2026-09-14"",""run_id"":""914cbeb6d8264f728ab6c19c744d0891""}}"
1335,335,"45.6095963 , -63.048710500000006","45.5398037 , -63.118900100000005",urban-urban,urban,1619,"{""sample_routes"":{""date"":""2026-09-14"",""run_id"":""90b54bdec3334b93bd285d61c8cff0ef""},""join_samples"":{""date"":""2026-09-14"",""run_id"":""ea2747234a70431790c1691cf7dc34eb""},""upload_data"":{""date"":""2026-09-14"",""run_id"":""914cbeb6d8264f728ab6c19c744d0891""}}"
1337,337,"45.8197027 , -61.300083400000005","45.935302400000005 , -61.415942900000005",urban-urban,urban,1982,"{""sample_routes"":{""date"":""2026-09-14"",""run_id"":""90b54bdec3334b93bd285d61c8cff0ef""},""join_samples"":{""date"":""2026-09-14"",""run_id"":""ea2747234a70431790c1691cf7dc34eb""},""upload_data"":{""date"":""2026-09-14"",""run_id"":""914cbeb6d8264f728ab6c19c744d0891""}}"
1339,339,"44.879257 , -63.69523470000001","44.6962174 , -63.694981000000006",urban-urban,urban,1616,"{""sample_routes"":{""date"":""2026-09-14"",""run_id"":""90b54bdec3334b93bd285d61c8cff0ef""},""join_samples"":{""date"":""2026-09-14"",""run_id"":""ea2747234a70431790c1691cf7dc34eb""},""upload_data"":{""date"":""2026-09-14"",""run_id"":""914cbeb6d8264f728ab6c19c744d0891""}}"
1343,343,"44.1095087 , -66.0517324","43.9649012 , -66.052204",urban-urban,urban,1613,"{""sample_routes"":{""date"":""2026-09-14"",""run_id"":""90b54bdec3334b93bd285d61c8cff0ef""},""join_samples"":{""date"":""2026-09-14"",""run_id"":""ea2747234a70431790c1691cf7dc34eb""},""upload_data"":{""date"":""2026-09-14"",""run_id"":""914cbeb6d8264f728ab6c19c744d0891""}}"
1346,346,"45.967217100000006 , -61.137297800000006","45.9675722 , -61.323790300000006",urban-urban,urban,1613,"{""sample_routes"":{""date"":""2026-09-14"",""run_id"":""90b54bdec3334b93bd285d61c8cff0ef""},""join_samples"":{""date"":""2026-09-14"",""run_id"":""ea2747234a70431790c1691cf7dc34eb""},""upload_data"":{""date"":""2026-09-14"",""run_id"":""914cbeb6d8264f728ab6c19c744d0891""}}"
1349,349,"45.1067119 , -63.09228710000001","45.2361104 , -62.962641500000004",urban-urban,urban,1610,"{""sample_routes"":{""date"":""2026-09-14"",""run_id"":""90b54bdec3334b93bd285d61c8cff0ef""},""join_samples"":{""date"":""2026-09-14"",""run_id"":""ea2747234a70431790c1691cf7dc34eb""},""upload_data"":{""date"":""2026-09-14"",""run_id"":""914cbeb6d8264f728ab6c19c744d0891""}}"
1350,350,"45.515262 , -62.870290000000004","45.6282824 , -62.98320700000001",urban-urban,urban,1990,"{""sample_routes"":{""date"":""2026-09-14"",""run_id"":""90b54bdec3334b93bd285d61c8cff0ef""},""join_samples"":{""date"":""2026-09-14"",""run_id"":""ea2747234a70431790c1691cf7dc34eb""},""upload_data"":{""date"":""2026-09-14"",""run_id"":""914cbeb6d8264f728ab6c19c744d0891""}}"
1351,351,"45.426750000000006 , -64.3160194","45.511821700000006 , -64.23156540000001",urban-urban,urban,1608,"{""sample_routes"":{""date"":""2026-09-14"",""run_id"":""90b54bdec3334b93bd285d61c8cff0ef""},""join_samples"":{""date"":""2026-09-14"",""run_id"":""ea2747234a70431790c1691cf7dc34eb""},""upload_data"":{""date"":""2026-09-14"",""run_id"":""914cbeb6d8264f728ab6c19c744d0891""}}"
1352,352,"44.807642400000006 , -63.7595534","44.696074 , -63.8705428",urban-urban,urban,1992,"{""sample_routes"":{""date"":""2026-09-14"",""run_id"":""90b54bdec3334b93bd285d61c8cff0ef""},""join_samples"":{""date"":""2026-09-14"",""run_id"":""ea2747234a70431790c1691cf7dc34eb""},""upload_data"":{""date"":""2026-09-14"",""run_id"":""914cbeb6d8264f728ab6c19c744d0891""}}"
1353,353,"44.642373500000005 , -63.6281565","44.642999800000005 , -63.4954041",urban-urban,urban,1607,"{""sample_routes"":{""date"":""2026-09-14"",""run_id"":""90b54bdec3334b93bd285d61c8cff0ef""},""join_samples"":{""date"":""2026-09-14"",""run_id"":""ea2747234a70431790c1691cf7dc34eb""},""upload_data"":{""date"":""2026-09-14"",""run_id"":""914cbeb6d8264f728ab6c19c744d0891""}}"
1354,354,"45.7835899 , -61.387240000000006","45.784091700000005 , -61.22950900000001",urban-urban,urban,1607,"{""sample_routes"":{""date"":""2026-09-14"",""run_id"":""90b54bdec3334b93bd285d61c8cff0ef""},""join_samples"":{""date"":""2026-09-14"",""run_id"":""ea2747234a70431790c1691cf7dc34eb""},""upload_data"":{""date"":""2026-09-14"",""run_id"":""914cbeb6d8264f728ab6c19c744d0891""}}"
1356,356,"45.6845322 , -63.426087100000004","45.579436400000006 , -63.426580900000005",urban-urban,urban,1606,"{""sample_routes"":{""date"":""2026-09-14"",""run_id"":""90b54bdec3334b93bd285d61c8cff0ef""},""join_samples"":{""date"":""2026-09-14"",""run_id"":""ea2747234a70431790c1691cf7dc34eb""},""upload_data"":{""date"":""2026-09-14"",""run_id"":""914cbeb6d8264f728ab6c19c744d0891""}}"
1357,357,"45.4555371 , -62.0785982","45.472071 , -62.094981600000004",urban-urban,urban,1995,"{""sample_routes"":{""date"":""2026-09-14"",""run_id"":""90b54bdec3334b93bd285d61c8cff0ef""},""join_samples"":{""date"":""2026-09-14"",""run_id"":""ea2747234a70431790c1691cf7dc34eb""},""upload_data"":{""date"":""2026-09-14"",""run_id"":""914cbeb6d8264f728ab6c19c744d0891""}}"
1358,358,"45.2399238 , -62.380335200000005","45.1108581 , -62.380672000000004",urban-urban,urban,1995,"{""sample_routes"":{""date"":""2026-09-14"",""run_id"":""90b54bdec3334b93bd285d61c8cff0ef""},""join_samples"":{""date"":""2026-09-14"",""run_id"":""ea2747234a70431790c1691cf7dc34eb""},""upload_data"":{""date"":""2026-09-14"",""run_id"":""914cbeb6d8264f728ab6c19c744d0891""}}"
1360,360,"45.402452000000004 , -63.285352","45.554856300000004 , -63.284966600000004",urban-urban,urban,1604,"{""sample_routes"":{""date"":""2026-09-14"",""run_id"":""90b54bdec3334b93bd285d61c8cff0ef""},""join_samples"":{""date"":""2026-09-14"",""run_id"":""ea2747234a70431790c1691cf7dc34eb""},""upload_data"":{""date"":""2026-09-14"",""run_id"":""914cbeb6d8264f728ab6c19c744d0891""}}"
1362,362,"45.7168052 , -61.0455552","45.7174367 , -60.934950900000004",rural-urban,urban,1998,"{""sample_routes"":{""date"":""2026-09-14"",""run_id"":""90b54bdec3334b93bd285d61c8cff0ef""},""join_samples"":{""date"":""2026-09-14"",""run_id"":""ea2747234a70431790c1691cf7dc34eb""},""upload_data"":{""date"":""2026-09-14"",""run_id"":""914cbeb6d8264f728ab6c19c744d0891""}}"
1363,363,"45.7087883 , -62.077573300000005","45.5903767 , -62.0779301",urban-rural,urban,1602,"{""sample_routes"":{""date"":""2026-09-14"",""run_id"":""90b54bdec3334b93bd285d61c8cff0ef""},""join_samples"":{""date"":""2026-09-14"",""run_id"":""ea2747234a70431790c1691cf7dc34eb""},""upload_data"":{""date"":""2026-09-14"",""run_id"":""914cbeb6d8264f728ab6c19c744d0891""}}"
1367,367,"45.072307800000004 , -62.426853","45.133881200000005 , -62.426936000000005",urban-urban,urban,2001,"{""sample_routes"":{""date"":""2026-09-14"",""run_id"":""90b54bdec3334b93bd285d61c8cff0ef""},""join_samples"":{""date"":""2026-09-14"",""run_id"":""ea2747234a70431790c1691cf7dc34eb""},""upload_data"":{""date"":""2026-09-14"",""run_id"":""914cbeb6d8264f728ab6c19c744d0891""}}"
1369,369,"45.4215692 , -63.83671330000001","45.489369800000006 , -63.769532500000004",urban-urban,urban,1598,"{""sample_routes"":{""date"":""2026-09-14"",""run_id"":""90b54bdec3334b93bd285d61c8cff0ef""},""join_samples"":{""date"":""2026-09-14"",""run_id"":""ea2747234a70431790c1691cf7dc34eb""},""upload_data"":{""date"":""2026-09-14"",""run_id"":""914cbeb6d8264f728ab6c19c744d0891""}}"
1373,373,"45.487158900000004 , -62.1403248","45.4237192 , -62.2031299",urban-urban,urban,1598,"{""sample_routes"":{""date"":""2026-09-14"",""run_id"":""90b54bdec3334b93bd285d61c8cff0ef""},""join_samples"":{""date"":""2026-09-14"",""run_id"":""ea2747234a70431790c1691cf7dc34eb""},""upload_data"":{""date"":""2026-09-14"",""run_id"":""914cbeb6d8264f728ab6c19c744d0891""}}"
1376,376,"44.2235716 , -66.0549113","44.299916700000004 , -65.9788968",urban-urban,urban,1597,"{""sample_routes"":{""date"":""2026-09-14"",""run_id"":""90b54bdec3334b93bd285d61c8cff0ef""},""join_samples"":{""date"":""2026-09-14"",""run_id"":""ea2747234a70431790c1691cf7dc34eb""},""upload_data"":{""date"":""2026-09-14"",""run_id"":""914cbeb6d8264f728ab6c19c744d0891""}}"
1377,377,"44.605307 , -63.933261900000005","44.7657686 , -63.772467400000004",urban-urban,urban,2003,"{""sample_routes"":{""date"":""2026-09-14"",""run_id"":""90b54bdec3334b93bd285d61c8cff0ef""},""join_samples"":{""date"":""2026-09-14"",""run_id"":""ea2747234a70431790c1691cf7dc34eb""},""upload_data"":{""date"":""2026-09-14"",""run_id"":""914cbeb6d8264f728ab6c19c744d0891""}}"
1378,378,"45.7134641 , -60.375874700000004","45.8199856 , -60.269455300000004",rural-urban,urban,1595,"{""sample_routes"":{""date"":""2026-09-14"",""run_id"":""90b54bdec3334b93bd285d61c8cff0ef""},""join_samples"":{""date"":""2026-09-14"",""run_id"":""ea2747234a70431790c1691cf7dc34eb""},""upload_data"":{""date"":""2026-09-14"",""run_id"":""914cbeb6d8264f728ab6c19c744d0891""}}"
1382,382,"44.8344916 , -63.681147900000006","44.647195700000005 , -63.681292500000005",urban-urban,urban,1594,"{""sample_routes"":{""date"":""2026-09-14"",""run_id"":""90b54bdec3334b93bd285d61c8cff0ef""},""join_samples"":{""date"":""2026-09-14"",""run_id"":""ea2747234a70431790c1691cf7dc34eb""},""upload_data"":{""date"":""2026-09-14"",""run_id"":""914cbeb6d8264f728ab6c19c744d0891""}}"
1383,383,"45.9743298 , -61.497041800000005","45.974486000000006 , -61.3262847",urban-urban,urban,1594,"{""sample_routes"":{""date"":""2026-09-14"",""run_id"":""90b54bdec3334b93bd285d61c8cff0ef""},""join_samples"":{""date"":""2026-09-14"",""run_id"":""ea2747234a70431790c1691cf7dc34eb""},""upload_data"":{""date"":""2026-09-14"",""run_id"":""914cbeb6d8264f728ab6c19c744d0891""}}"
1384,384,"45.484927500000005 , -62.15044580000001","45.3797739 , -62.04480100000001",urban-rural,urban,2007,"{""sample_routes"":{""date"":""2026-09-14"",""run_id"":""90b54bdec3334b93bd285d61c8cff0ef""},""join_samples"":{""date"":""2026-09-14"",""run_id"":""ea2747234a70431790c1691cf7dc34eb""},""upload_data"":{""date"":""2026-09-14"",""run_id"":""914cbeb6d8264f728ab6c19c744d0891""}}"
1385,385,"45.366345100000004 , -61.7410907","45.465856200000005 , -61.6411129",urban-urban,urban,1592,"{""sample_routes"":{""date"":""2026-09-14"",""run_id"":""90b54bdec3334b93bd285d61c8cff0ef""},""join_samples"":{""date"":""2026-09-14"",""run_id"":""ea2747234a70431790c1691cf7dc34eb""},""upload_data"":{""date"":""2026-09-14"",""run_id"":""914cbeb6d8264f728ab6c19c744d0891""}}"
1386,386,"44.7522152 , -63.82641890000001","44.819858100000005 , -63.758665400000005",urban-urban,urban,1592,"{""sample_routes"":{""date"":""2026-09-14"",""run_id"":""90b54bdec3334b93bd285d61c8cff0ef""},""join_samples"":{""date"":""2026-09-14"",""run_id"":""ea2747234a70431790c1691cf7dc34eb""},""upload_data"":{""date"":""2026-09-14"",""run_id"":""914cbeb6d8264f728ab6c19c744d0891""}}"
1388,388,"45.8637609 , -61.273014100000005","45.9834667 , -61.3931788",urban-urban,urban,2010,"{""sample_routes"":{""date"":""2026-09-14"",""run_id"":""90b54bdec3334b93bd285d61c8cff0ef""},""join_samples"":{""date"":""2026-09-14"",""run_id"":""ea2747234a70431790c1691cf7dc34eb""},""upload_data"":{""date"":""2026-09-14"",""run_id"":""914cbeb6d8264f728ab6c19c744d0891""}}"
1389,389,"44.566595 , -63.5581016","44.6678 , -63.5584429",urban-urban,urban,2010,"{""sample_routes"":{""date"":""2026-09-14"",""run_id"":""90b54bdec3334b93bd285d61c8cff0ef""},""join_samples"":{""date"":""2026-09-14"",""run_id"":""ea2747234a70431790c1691cf7dc34eb""},""upload_data"":{""date"":""2026-09-14"",""run_id"":""914cbeb6d8264f728ab6c19c744d0891""}}"
1390,390,"45.264358200000004 , -62.7355633","45.1235585 , -62.7353486",urban-urban,urban,2010,"{""sample_routes"":{""date"":""2026-09-14"",""run_id"":""90b54bdec3334b93bd285d61c8cff0ef""},""join_samples"":{""date"":""2026-09-14"",""run_id"":""ea2747234a70431790c1691cf7dc34eb""},""upload_data"":{""date"":""2026-09-14"",""run_id"":""914cbeb6d8264f728ab6c19c744d0891""}}"
1391,391,"45.5179978 , -63.21021640000001","45.5972078 , -63.2888364",rural-urban,urban,1589,"{""sample_routes"":{""date"":""2026-09-14"",""run_id"":""90b54bdec3334b93bd285d61c8cff0ef""},""join_samples"":{""date"":""2026-09-14"",""run_id"":""ea2747234a70431790c1691cf7dc34eb""},""upload_data"":{""date"":""2026-09-14"",""run_id"":""914cbeb6d8264f728ab6c19c744d0891""}}"
1394,394,"44.216611 , -66.0227754","44.1907269 , -66.0483212",urban-urban,urban,1589,"{""sample_routes"":{""date"":""2026-09-14"",""run_id"":""90b54bdec3334b93bd285d61c8cff0ef""},""join_samples"":{""date"":""2026-09-14"",""run_id"":""ea2747234a70431790c1691cf7dc34eb""},""upload_data"":{""date"":""2026-09-14"",""run_id"":""914cbeb6d8264f728ab6c19c744d0891""}}"
1396,396,"45.2273281 , -63.183483","45.1313691 , -63.18359",rural-urban,urban,1588,"{""sample_routes"":{""date"":""2026-09-14"",""run_id"":""90b54bdec3334b93bd285d61c8cff0ef""},""join_samples"":{""date"":""2026-09-14"",""run_id"":""ea2747234a70431790c1691cf7dc34eb""},""upload_data"":{""date"":""2026-09-14"",""run_id"":""914cbeb6d8264f728ab6c19c744d0891""}}"
1397,397,"44.382071100000005 , -65.9380057","44.2561629 , -65.8115013",urban-urban,urban,1587,"{""sample_routes"":{""date"":""2026-09-14"",""run_id"":""90b54bdec3334b93bd285d61c8cff0ef""},""join_samples"":{""date"":""2026-09-14"",""run_id"":""ea2747234a70431790c1691cf7dc34eb""},""upload_data"":{""date"":""2026-09-14"",""run_id"":""914cbeb6d8264f728ab6c19c744d0891""}}"
1402,402,"44.6658318 , -63.5140212","44.6088132 , -63.5707116",urban-rural,urban,1584,"{""sample_routes"":{""date"":""2026-09-14"",""run_id"":""90b54bdec3334b93bd285d61c8cff0ef""},""join_samples"":{""date"":""2026-09-14"",""run_id"":""ea2747234a70431790c1691cf7dc34eb""},""upload_data"":{""date"":""2026-09-14"",""run_id"":""914cbeb6d8264f728ab6c19c744d0891""}}"
1405,405,"44.8182629 , -63.684337400000004","44.6889501 , -63.813813",urban-urban,urban,2017,"{""sample_routes"":{""date"":""2026-09-14"",""run_id"":""90b54bdec3334b93bd285d61c8cff0ef""},""join_samples"":{""date"":""2026-09-14"",""run_id"":""ea2747234a70431790c1691cf7dc34eb""},""upload_data"":{""date"":""2026-09-14"",""run_id"":""914cbeb6d8264f728ab6c19c744d0891""}}"
1408,408,"44.1522644 , -66.1058009","44.022265000000004 , -65.97596610000001",urban-urban,urban,2018,"{""sample_routes"":{""date"":""2026-09-14"",""run_id"":""90b54bdec3334b93bd285d61c8cff0ef""},""join_samples"":{""date"":""2026-09-14"",""run_id"":""ea2747234a70431790c1691cf7dc34eb""},""upload_data"":{""date"":""2026-09-14"",""run_id"":""914cbeb6d8264f728ab6c19c744d0891""}}"
1409,409,"45.129613600000006 , -62.418941800000006","45.117142300000005 , -62.4313932",urban-urban,urban,1582,"{""sample_routes"":{""date"":""2026-09-14"",""run_id"":""90b54bdec3334b93bd285d61c8cff0ef""},""join_samples"":{""date"":""2026-09-14"",""run_id"":""ea2747234a70431790c1691cf7dc34eb""},""upload_data"":{""date"":""2026-09-14"",""run_id"":""914cbeb6d8264f728ab6c19c744d0891""}}"
1411,411,"44.7243468 , -63.7507275","44.6540866 , -63.821037200000006",urban-urban,urban,1581,"{""sample_routes"":{""date"":""2026-09-14"",""run_id"":""90b54bdec3334b93bd285d61c8cff0ef""},""join_samples"":{""date"":""2026-09-14"",""run_id"":""ea2747234a70431790c1691cf7dc34eb""},""upload_data"":{""date"":""2026-09-14"",""run_id"":""914cbeb6d8264f728ab6c19c744d0891""}}"
1413,413,"45.457426500000004 , -63.72874770000001","45.563331600000005 , -63.622934900000004",urban-urban,urban,2021,"{""sample_routes"":{""date"":""2026-09-14"",""run_id"":""90b54bdec3334b93bd285d61c8cff0ef""},""join_samples"":{""date"":""2026-09-14"",""run_id"":""ea2747234a70431790c1691cf7dc34eb""},""upload_data"":{""date"":""2026-09-14"",""run_id"":""914cbeb6d8264f728ab6c19c744d0891""}}"
1415,415,"45.4198557 , -62.1818054","45.586239400000004 , -62.1817659",urban-rural,urban,2021,"{""sample_routes"":{""date"":""2026-09-14"",""run_id"":""90b54bdec3334b93bd285d61c8cff0ef""},""join_samples"":{""date"":""2026-09-14"",""run_id"":""ea2747234a70431790c1691cf7dc34eb""},""upload_data"":{""date"":""2026-09-14"",""run_id"":""914cbeb6d8264f728ab6c19c744d0891""}}"
1416,416,"45.554632500000004 , -61.990721900000004","45.7383753 , -61.991185300000005",urban-urban,urban,2022,"{""sample_routes"":{""date"":""2026-09-14"",""run_id"":""90b54bdec3334b93bd285d61c8cff0ef""},""join_samples"":{""date"":""2026-09-14"",""run_id"":""ea2747234a70431790c1691cf7dc34eb""},""upload_data"":{""date"":""2026-09-14"",""run_id"":""914cbeb6d8264f728ab6c19c744d0891""}}"
1419,419,"45.1443419 , -61.99357070000001","45.2568952 , -62.10622910000001",rural-urban,urban,1576,"{""sample_routes"":{""date"":""2026-09-14"",""run_id"":""90b54bdec3334b93bd285d61c8cff0ef""},""join_samples"":{""date"":""2026-09-14"",""run_id"":""ea2747234a70431790c1691cf7dc34eb""},""upload_data"":{""date"":""2026-09-14"",""run_id"":""914cbeb6d8264f728ab6c19c744d0891""}}"
1422,422,"45.453544 , -62.075557","45.453957200000005 , -61.932785700000004",urban-rural,urban,1575,"{""sample_routes"":{""date"":""2026-09-14"",""run_id"":""90b54bdec3334b93bd285d61c8cff0ef""},""join_samples"":{""date"":""2026-09-14"",""run_id"":""ea2747234a70431790c1691cf7dc34eb""},""upload_data"":{""date"":""2026-09-14"",""run_id"":""914cbeb6d8264f728ab6c19c744d0891""}}"
1423,423,"44.669494300000004 , -63.550093100000005","44.744609600000004 , -63.4753814",urban-urban,urban,1574,"{""sample_routes"":{""date"":""2026-09-14"",""run_id"":""90b54bdec3334b93bd285d61c8cff0ef""},""join_samples"":{""date"":""2026-09-14"",""run_id"":""ea2747234a70431790c1691cf7dc34eb""},""upload_data"":{""date"":""2026-09-14"",""run_id"":""914cbeb6d8264f728ab6c19c744d0891""}}"
1428,428,"44.376537500000005 , -64.71206380000001","44.4905976 , -64.59790190000001",urban-rural,urban,1573,"{""sample_routes"":{""date"":""2026-09-14"",""run_id"":""90b54bdec3334b93bd285d61c8cff0ef""},""join_samples"":{""date"":""2026-09-14"",""run_id"":""ea2747234a70431790c1691cf7dc34eb""},""upload_data"":{""date"":""2026-09-14"",""run_id"":""914cbeb6d8264f728ab6c19c744d0891""}}"
1431,431,"45.624310400000006 , -62.89936780000001","45.5152273 , -63.0090511",urban-rural,urban,1571,"{""sample_routes"":{""date"":""2026-09-14"",""run_id"":""90b54bdec3334b93bd285d61c8cff0ef""},""join_samples"":{""date"":""2026-09-14"",""run_id"":""ea2747234a70431790c1691cf7dc34eb""},""upload_data"":{""date"":""2026-09-14"",""run_id"":""914cbeb6d8264f728ab6c19c744d0891""}}"
1432,432,"44.6142273 , -63.572892800000005","44.614585500000004 , -63.49362360000001",urban-urban,urban,2030,"{""sample_routes"":{""date"":""2026-09-14"",""run_id"":""90b54bdec3334b93bd285d61c8cff0ef""},""join_samples"":{""date"":""2026-09-14"",""run_id"":""ea2747234a70431790c1691cf7dc34eb""},""upload_data"":{""date"":""2026-09-14"",""run_id"":""914cbeb6d8264f728ab6c19c744d0891""}}"
1433,433,"45.0674659 , -64.9988051","44.952942300000004 , -64.88489",urban-rural,urban,1569,"{""sample_routes"":{""date"":""2026-09-14"",""run_id"":""90b54bdec3334b93bd285d61c8cff0ef""},""join_samples"":{""date"":""2026-09-14"",""run_id"":""ea2747234a70431790c1691cf7dc34eb""},""upload_data"":{""date"":""2026-09-14"",""run_id"":""914cbeb6d8264f728ab6c19c744d0891""}}"
1435,435,"44.236567400000006 , -66.05456240000001","44.1029404 , -66.05507730000001",urban-urban,urban,1569,"{""sample_routes"":{""date"":""2026-09-14"",""run_id"":""90b54bdec3334b93bd285d61c8cff0ef""},""join_samples"":{""date"":""2026-09-14"",""run_id"":""ea2747234a70431790c1691cf7dc34eb""},""upload_data"":{""date"":""2026-09-14"",""run_id"":""914cbeb6d8264f728ab6c19c744d0891""}}"
1437,437,"45.1257997 , -62.355738200000005","45.200009 , -62.429588",urban-urban,urban,1568,"{""sample_routes"":{""date"":""2026-09-14"",""run_id"":""90b54bdec3334b93bd285d61c8cff0ef""},""join_samples"":{""date"":""2026-09-14"",""run_id"":""ea2747234a70431790c1691cf7dc34eb""},""upload_data"":{""date"":""2026-09-14"",""run_id"":""914cbeb6d8264f728ab6c19c744d0891""}}"
1439,439,"44.820661400000006 , -63.743355","44.691131500000004 , -63.87335530000001",urban-urban,urban,2035,"{""sample_routes"":{""date"":""2026-09-14"",""run_id"":""90b54bdec3334b93bd285d61c8cff0ef""},""join_samples"":{""date"":""2026-09-14"",""run_id"":""ea2747234a70431790c1691cf7dc34eb""},""upload_data"":{""date"":""2026-09-14"",""run_id"":""914cbeb6d8264f728ab6c19c744d0891""}}"
1441,441,"45.9501288 , -61.2936108","46.114067000000006 , -61.4576306",urban-urban,urban,2038,"{""sample_routes"":{""date"":""2026-09-14"",""run_id"":""90b54bdec3334b93bd285d61c8cff0ef""},""join_samples"":{""date"":""2026-09-14"",""run_id"":""ea2747234a70431790c1691cf7dc34eb""},""upload_data"":{""date"":""2026-09-14"",""run_id"":""914cbeb6d8264f728ab6c19c744d0891""}}"
1445,445,"45.9514927 , -61.40733960000001","45.8582562 , -61.407650700000005",urban-urban,urban,1561,"{""sample_routes"":{""date"":""2026-09-14"",""run_id"":""90b54bdec3334b93bd285d61c8cff0ef""},""join_samples"":{""date"":""2026-09-14"",""run_id"":""ea2747234a70431790c1691cf7dc34eb""},""upload_data"":{""date"":""2026-09-14"",""run_id"":""914cbeb6d8264f728ab6c19c744d0891""}}"
1447,447,"44.5603557 , -63.5647274","44.670565200000006 , -63.6744233",urban-urban,urban,1558,"{""sample_routes"":{""date"":""2026-09-14"",""run_id"":""90b54bdec3334b93bd285d61c8cff0ef""},""join_samples"":{""date"":""2026-09-14"",""run_id"":""ea2747234a70431790c1691cf7dc34eb""},""upload_data"":{""date"":""2026-09-14"",""run_id"":""914cbeb6d8264f728ab6c19c744d0891""}}"
1453,453,"46.3800862 , -60.834398300000004","46.4600767 , -60.9144803",urban-urban,urban,2047,"{""sample_routes"":{""date"":""2026-09-14"",""run_id"":""90b54bdec3334b93bd285d61c8cff0ef""},""join_samples"":{""date"":""2026-09-14"",""run_id"":""ea2747234a70431790c1691cf7dc34eb""},""upload_data"":{""date"":""2026-09-14"",""run_id"":""914cbeb6d8264f728ab6c19c744d0891""}}"
1454,454,"45.5848953 , -60.695393800000005","45.691447200000006 , -60.589071000000004",urban-urban,urban,1553,"{""sample_routes"":{""date"":""2026-09-14"",""run_id"":""90b54bdec3334b93bd285d61c8cff0ef""},""join_samples"":{""date"":""2026-09-14"",""run_id"":""ea2747234a70431790c1691cf7dc34eb""},""upload_data"":{""date"":""2026-09-14"",""run_id"":""914cbeb6d8264f728ab6c19c744d0891""}}"
1459,459,"45.135673700000005 , -64.859087","45.0231404 , -64.74684380000001",urban-urban,urban,1551,"{""sample_routes"":{""date"":""2026-09-14"",""run_id"":""90b54bdec3334b93bd285d61c8cff0ef""},""join_samples"":{""date"":""2026-09-14"",""run_id"":""ea2747234a70431790c1691cf7dc34eb""},""upload_data"":{""date"":""2026-09-14"",""run_id"":""914cbeb6d8264f728ab6c19c744d0891""}}"
1460,460,"44.7559205 , -65.0602324","44.6817195 , -65.13400390000001",urban-urban,urban,1550,"{""sample_routes"":{""date"":""2026-09-14"",""run_id"":""90b54bdec3334b93bd285d61c8cff0ef""},""join_samples"":{""date"":""2026-09-14"",""run_id"":""ea2747234a70431790c1691cf7dc34eb""},""upload_data"":{""date"":""2026-09-14"",""run_id"":""914cbeb6d8264f728ab6c19c744d0891""}}"
1462,462,"44.6785864 , -63.593361200000004","44.5897639 , -63.592980000000004",urban-urban,urban,1550,"{""sample_routes"":{""date"":""2026-09-14"",""run_id"":""90b54bdec3334b93bd285d61c8cff0ef""},""join_samples"":{""date"":""2026-09-14"",""run_id"":""ea2747234a70431790c1691cf7dc34eb""},""upload_data"":{""date"":""2026-09-14"",""run_id"":""914cbeb6d8264f728ab6c19c744d0891""}}"
1464,464,"44.6694605 , -63.519052900000005","44.614663300000004 , -63.5732988",urban-urban,urban,1549,"{""sample_routes"":{""date"":""2026-09-14"",""run_id"":""90b54bdec3334b93bd285d61c8cff0ef""},""join_samples"":{""date"":""2026-09-14"",""run_id"":""ea2747234a70431790c1691cf7dc34eb""},""upload_data"":{""date"":""2026-09-14"",""run_id"":""914cbeb6d8264f728ab6c19c744d0891""}}"
1465,465,"44.708746700000006 , -63.6846322","44.8705828 , -63.68520650000001",urban-urban,urban,1549,"{""sample_routes"":{""date"":""2026-09-14"",""run_id"":""90b54bdec3334b93bd285d61c8cff0ef""},""join_samples"":{""date"":""2026-09-14"",""run_id"":""ea2747234a70431790c1691cf7dc34eb""},""upload_data"":{""date"":""2026-09-14"",""run_id"":""914cbeb6d8264f728ab6c19c744d0891""}}"
1466,466,"43.913015900000005 , -66.1070534","44.0155301 , -66.0043114",urban-urban,urban,1549,"{""sample_routes"":{""date"":""2026-09-14"",""run_id"":""90b54bdec3334b93bd285d61c8cff0ef""},""join_samples"":{""date"":""2026-09-14"",""run_id"":""ea2747234a70431790c1691cf7dc34eb""},""upload_data"":{""date"":""2026-09-14"",""run_id"":""914cbeb6d8264f728ab6c19c744d0891""}}"
1467,467,"44.6206078 , -63.453180100000004","44.705367200000005 , -63.5381793",urban-urban,urban,1548,"{""sample_routes"":{""date"":""2026-09-14"",""run_id"":""90b54bdec3334b93bd285d61c8cff0ef""},""join_samples"":{""date"":""2026-09-14"",""run_id"":""ea2747234a70431790c1691cf7dc34eb""},""upload_data"":{""date"":""2026-09-14"",""run_id"":""914cbeb6d8264f728ab6c19c744d0891""}}"
1468,468,"44.393015600000005 , -65.7895805","44.5510104 , -65.78902880000001",urban-urban,urban,2052,"{""sample_routes"":{""date"":""2026-09-14"",""run_id"":""90b54bdec3334b93bd285d61c8cff0ef""},""join_samples"":{""date"":""2026-09-14"",""run_id"":""ea2747234a70431790c1691cf7dc34eb""},""upload_data"":{""date"":""2026-09-14"",""run_id"":""914cbeb6d8264f728ab6c19c744d0891""}}"
1470,470,"45.2226444 , -61.53449380000001","45.319610600000004 , -61.53454910000001",urban-urban,urban,1546,"{""sample_routes"":{""date"":""2026-09-14"",""run_id"":""90b54bdec3334b93bd285d61c8cff0ef""},""join_samples"":{""date"":""2026-09-14"",""run_id"":""ea2747234a70431790c1691cf7dc34eb""},""upload_data"":{""date"":""2026-09-14"",""run_id"":""914cbeb6d8264f728ab6c19c744d0891""}}"
1472,472,"45.1584948 , -63.4140859","45.1588475 , -63.582482500000005",urban-urban,urban,1545,"{""sample_routes"":{""date"":""2026-09-14"",""run_id"":""90b54bdec3334b93bd285d61c8cff0ef""},""join_samples"":{""date"":""2026-09-14"",""run_id"":""ea2747234a70431790c1691cf7dc34eb""},""upload_data"":{""date"":""2026-09-14"",""run_id"":""914cbeb6d8264f728ab6c19c744d0891""}}"
1475,475,"45.4941015 , -62.139597200000004","45.4218205 , -62.21189820000001",urban-urban,urban,1543,"{""sample_routes"":{""date"":""2026-09-14"",""run_id"":""90b54bdec3334b93bd285d61c8cff0ef""},""join_samples"":{""date"":""2026-09-14"",""run_id"":""ea2747234a70431790c1691cf7dc34eb""},""upload_data"":{""date"":""2026-09-14"",""run_id"":""914cbeb6d8264f728ab6c19c744d0891""}}"
1477,477,"45.845986200000006 , -60.433751300000004","45.6904367 , -60.5898954",urban-urban,urban,2058,"{""sample_routes"":{""date"":""2026-09-14"",""run_id"":""90b54bdec3334b93bd285d61c8cff0ef""},""join_samples"":{""date"":""2026-09-14"",""run_id"":""ea2747234a70431790c1691cf7dc34eb""},""upload_data"":{""date"":""2026-09-14"",""run_id"":""914cbeb6d8264f728ab6c19c744d0891""}}"
1478,478,"45.310468400000005 , -61.76173420000001","45.252787600000005 , -61.818987500000006",urban-rural,urban,1541,"{""sample_routes"":{""date"":""2026-09-14"",""run_id"":""90b54bdec3334b93bd285d61c8cff0ef""},""join_samples"":{""date"":""2026-09-14"",""run_id"":""ea2747234a70431790c1691cf7dc34eb""},""upload_data"":{""date"":""2026-09-14"",""run_id"":""914cbeb6d8264f728ab6c19c744d0891""}}"
1479,479,"46.1312815 , -60.4147413","46.056194000000005 , -60.414786500000005",urban-urban,urban,1540,"{""sample_routes"":{""date"":""2026-09-14"",""run_id"":""90b54bdec3334b93bd285d61c8cff0ef""},""join_samples"":{""date"":""2026-09-14"",""run_id"":""ea2747234a70431790c1691cf7dc34eb""},""upload_data"":{""date"":""2026-09-14"",""run_id"":""914cbeb6d8264f728ab6c19c744d0891""}}"
1480,480,"45.4066034 , -63.127493300000005","45.574738800000006 , -63.12727340000001",urban-urban,urban,2060,"{""sample_routes"":{""date"":""2026-09-14"",""run_id"":""90b54bdec3334b93bd285d61c8cff0ef""},""join_samples"":{""date"":""2026-09-14"",""run_id"":""ea2747234a70431790c1691cf7dc34eb""},""upload_data"":{""date"":""2026-09-14"",""run_id"":""914cbeb6d8264f728ab6c19c744d0891""}}"
1482,482,"45.3959987 , -61.9798437","45.495005000000006 , -61.8809236",urban-urban,urban,1538,"{""sample_routes"":{""date"":""2026-09-14"",""run_id"":""90b54bdec3334b93bd285d61c8cff0ef""},""join_samples"":{""date"":""2026-09-14"",""run_id"":""ea2747234a70431790c1691cf7dc34eb""},""upload_data"":{""date"":""2026-09-14"",""run_id"":""914cbeb6d8264f728ab6c19c744d0891""}}"
1483,483,"45.4326294 , -61.4326446","45.541752100000004 , -61.323128700000005",urban-rural,urban,1537,"{""sample_routes"":{""date"":""2026-09-14"",""run_id"":""90b54bdec3334b93bd285d61c8cff0ef""},""join_samples"":{""date"":""2026-09-14"",""run_id"":""ea2747234a70431790c1691cf7dc34eb""},""upload_data"":{""date"":""2026-09-14"",""run_id"":""914cbeb6d8264f728ab6c19c744d0891""}}"
1485,485,"45.4957894 , -61.8493501","45.359278100000004 , -61.7134439",urban-rural,urban,2065,"{""sample_routes"":{""date"":""2026-09-14"",""run_id"":""90b54bdec3334b93bd285d61c8cff0ef""},""join_samples"":{""date"":""2026-09-14"",""run_id"":""ea2747234a70431790c1691cf7dc34eb""},""upload_data"":{""date"":""2026-09-14"",""run_id"":""914cbeb6d8264f728ab6c19c744d0891""}}"
1486,486,"45.4953548 , -62.296669","45.6343994 , -62.296380400000004",urban-rural,urban,1535,"{""sample_routes"":{""date"":""2026-09-14"",""run_id"":""90b54bdec3334b93bd285d61c8cff0ef""},""join_samples"":{""date"":""2026-09-14"",""run_id"":""ea2747234a70431790c1691cf7dc34eb""},""upload_data"":{""date"":""2026-09-14"",""run_id"":""914cbeb6d8264f728ab6c19c744d0891""}}"
1487,487,"44.563542000000005 , -64.6302732","44.462701900000006 , -64.7316898",urban-urban,urban,1535,"{""sample_routes"":{""date"":""2026-09-14"",""run_id"":""90b54bdec3334b93bd285d61c8cff0ef""},""join_samples"":{""date"":""2026-09-14"",""run_id"":""ea2747234a70431790c1691cf7dc34eb""},""upload_data"":{""date"":""2026-09-14"",""run_id"":""914cbeb6d8264f728ab6c19c744d0891""}}"
1488,488,"45.2077569 , -62.39515170000001","45.1129498 , -62.300043200000005",urban-urban,urban,2065,"{""sample_routes"":{""date"":""2026-09-14"",""run_id"":""90b54bdec3334b93bd285d61c8cff0ef""},""join_samples"":{""date"":""2026-09-14"",""run_id"":""ea2747234a70431790c1691cf7dc34eb""},""upload_data"":{""date"":""2026-09-14"",""run_id"":""914cbeb6d8264f728ab6c19c744d0891""}}"
1492,492,"44.133822800000004 , -65.9283446","44.133635000000005 , -66.0765276",rural-urban,urban,1533,"{""sample_routes"":{""date"":""2026-09-14"",""run_id"":""90b54bdec3334b93bd285d61c8cff0ef""},""join_samples"":{""date"":""2026-09-14"",""run_id"":""ea2747234a70431790c1691cf7dc34eb""},""upload_data"":{""date"":""2026-09-14"",""run_id"":""914cbeb6d8264f728ab6c19c744d0891""}}"
1494,494,"44.8058573 , -64.34282970000001","44.9184677 , -64.45551780000001",urban-urban,urban,1532,"{""sample_routes"":{""date"":""2026-09-14"",""run_id"":""90b54bdec3334b93bd285d61c8cff0ef""},""join_samples"":{""date"":""2026-09-14"",""run_id"":""ea2747234a70431790c1691cf7dc34eb""},""upload_data"":{""date"":""2026-09-14"",""run_id"":""914cbeb6d8264f728ab6c19c744d0891""}}"
1495,495,"44.4235136 , -64.7316265","44.512697100000004 , -64.73213960000001",urban-rural,urban,1532,"{""sample_routes"":{""date"":""2026-09-14"",""run_id"":""90b54bdec3334b93bd285d61c8cff0ef""},""join_samples"":{""date"":""2026-09-14"",""run_id"":""ea2747234a70431790c1691cf7dc34eb""},""upload_data"":{""date"":""2026-09-14"",""run_id"":""914cbeb6d8264f728ab6c19c744d0891""}}"
1497,497,"45.0749654 , -64.9749548","44.9528477 , -64.9743658",urban-urban,urban,1531,"{""sample_routes"":{""date"":""2026-09-14"",""run_id"":""90b54bdec3334b93bd285d61c8cff0ef""},""join_samples"":{""date"":""2026-09-14"",""run_id"":""ea2747234a70431790c1691cf7dc34eb""},""upload_data"":{""date"":""2026-09-14"",""run_id"":""914cbeb6d8264f728ab6c19c744d0891""}}"
1498,498,"45.5804087 , -63.1409104","45.5805019 , -63.030078700000004",rural-urban,urban,1531,"{""sample_routes"":{""date"":""2026-09-14"",""run_id"":""90b54bdec3334b93bd285d61c8cff0ef""},""join_samples"":{""date"":""2026-09-14"",""run_id"":""ea2747234a70431790c1691cf7dc34eb""},""upload_data"":{""date"":""2026-09-14"",""run_id"":""914cbeb6d8264f728ab6c19c744d0891""}}"
1503,503,"44.486021400000006 , -64.5863667","44.3687138 , -64.7035913",urban-rural,mixed,1798,"{""sample_routes"":{""date"":""2026-09-14"",""run_id"":""90b54bdec3334b93bd285d61c8cff0ef""},""join_samples"":{""date"":""2026-09-14"",""run_id"":""ea2747234a70431790c1691cf7dc34eb""},""upload_data"":{""date"":""2026-09-14"",""run_id"":""914cbeb6d8264f728ab6c19c744d0891""}}"
1510,510,"43.8289308 , -66.14260850000001","43.8289063 , -65.8827042",urban-urban,mixed,1806,"{""sample_routes"":{""date"":""2026-09-14"",""run_id"":""90b54bdec3334b93bd285d61c8cff0ef""},""join_samples"":{""date"":""2026-09-14"",""run_id"":""ea2747234a70431790c1691cf7dc34eb""},""upload_data"":{""date"":""2026-09-14"",""run_id"":""914cbeb6d8264f728ab6c19c744d0891""}}"
1511,511,"45.0203386 , -64.51215880000001","45.0203806 , -64.91371170000001",rural-urban,mixed,1806,"{""sample_routes"":{""date"":""2026-09-14"",""run_id"":""90b54bdec3334b93bd285d61c8cff0ef""},""join_samples"":{""date"":""2026-09-14"",""run_id"":""ea2747234a70431790c1691cf7dc34eb""},""upload_data"":{""date"":""2026-09-14"",""run_id"":""914cbeb6d8264f728ab6c19c744d0891""}}"
1513,513,"44.5394382 , -64.3138028","44.378984100000004 , -64.31326940000001",urban-urban,mixed,1807,"{""sample_routes"":{""date"":""2026-09-14"",""run_id"":""90b54bdec3334b93bd285d61c8cff0ef""},""join_samples"":{""date"":""2026-09-14"",""run_id"":""ea2747234a70431790c1691cf7dc34eb""},""upload_data"":{""date"":""2026-09-14"",""run_id"":""914cbeb6d8264f728ab6c19c744d0891""}}"
1515,515,"44.279363000000004 , -64.86193800000001","44.279396000000006 , -64.6281159",urban-rural,mixed,1792,"{""sample_routes"":{""date"":""2026-09-14"",""run_id"":""90b54bdec3334b93bd285d61c8cff0ef""},""join_samples"":{""date"":""2026-09-14"",""run_id"":""ea2747234a70431790c1691cf7dc34eb""},""upload_data"":{""date"":""2026-09-14"",""run_id"":""914cbeb6d8264f728ab6c19c744d0891""}}"
1516,516,"45.0958344 , -64.3035773","45.0956495 , -64.6964248",rural-urban,mixed,1809,"{""sample_routes"":{""date"":""2026-09-14"",""run_id"":""90b54bdec3334b93bd285d61c8cff0ef""},""join_samples"":{""date"":""2026-09-14"",""run_id"":""ea2747234a70431790c1691cf7dc34eb""},""upload_data"":{""date"":""2026-09-14"",""run_id"":""914cbeb6d8264f728ab6c19c744d0891""}}"
1517,517,"44.779527900000005 , -63.690321700000005","44.9626962 , -63.873001300000006",urban-urban,mixed,1809,"{""sample_routes"":{""date"":""2026-09-14"",""run_id"":""90b54bdec3334b93bd285d61c8cff0ef""},""join_samples"":{""date"":""2026-09-14"",""run_id"":""ea2747234a70431790c1691cf7dc34eb""},""upload_data"":{""date"":""2026-09-14"",""run_id"":""914cbeb6d8264f728ab6c19c744d0891""}}"
1518,518,"46.1606948 , -60.9191146","46.1610651 , -60.723708200000004",urban-urban,mixed,1791,"{""sample_routes"":{""date"":""2026-09-14"",""run_id"":""90b54bdec3334b93bd285d61c8cff0ef""},""join_samples"":{""date"":""2026-09-14"",""run_id"":""ea2747234a70431790c1691cf7dc34eb""},""upload_data"":{""date"":""2026-09-14"",""run_id"":""914cbeb6d8264f728ab6c19c744d0891""}}"
1519,519,"44.472599200000005 , -64.3242867","44.4046451 , -64.2569173",urban-urban,mixed,1791,"{""sample_routes"":{""date"":""2026-09-14"",""run_id"":""90b54bdec3334b93bd285d61c8cff0ef""},""join_samples"":{""date"":""2026-09-14"",""run_id"":""ea2747234a70431790c1691cf7dc34eb""},""upload_data"":{""date"":""2026-09-14"",""run_id"":""914cbeb6d8264f728ab6c19c744d0891""}}"
1520,520,"45.1634472 , -64.52900360000001","45.0205514 , -64.6715003",rural-urban,mixed,1810,"{""sample_routes"":{""date"":""2026-09-14"",""run_id"":""90b54bdec3334b93bd285d61c8cff0ef""},""join_samples"":{""date"":""2026-09-14"",""run_id"":""ea2747234a70431790c1691cf7dc34eb""},""upload_data"":{""date"":""2026-09-14"",""run_id"":""914cbeb6d8264f728ab6c19c744d0891""}}"
1521,521,"44.975107900000005 , -64.927638","45.1346374 , -64.767857",urban-urban,mixed,1790,"{""sample_routes"":{""date"":""2026-09-14"",""run_id"":""90b54bdec3334b93bd285d61c8cff0ef""},""join_samples"":{""date"":""2026-09-14"",""run_id"":""ea2747234a70431790c1691cf7dc34eb""},""upload_data"":{""date"":""2026-09-14"",""run_id"":""914cbeb6d8264f728ab6c19c744d0891""}}"
1523,523,"46.181741800000005 , -60.910914000000005","46.182005200000006 , -60.7568325",urban-urban,mixed,1812,"{""sample_routes"":{""date"":""2026-09-14"",""run_id"":""90b54bdec3334b93bd285d61c8cff0ef""},""join_samples"":{""date"":""2026-09-14"",""run_id"":""ea2747234a70431790c1691cf7dc34eb""},""upload_data"":{""date"":""2026-09-14"",""run_id"":""914cbeb6d8264f728ab6c19c744d0891""}}"
1524,524,"46.036145000000005 , -60.206974100000004","46.0366366 , -59.967963100000006",rural-rural,mixed,1788,"{""sample_routes"":{""date"":""2026-09-14"",""run_id"":""90b54bdec3334b93bd285d61c8cff0ef""},""join_samples"":{""date"":""2026-09-14"",""run_id"":""ea2747234a70431790c1691cf7dc34eb""},""upload_data"":{""date"":""2026-09-14"",""run_id"":""914cbeb6d8264f728ab6c19c744d0891""}}"
1525,525,"44.684886500000005 , -63.4909442","44.684543700000006 , -63.2078398",urban-urban,mixed,1787,"{""sample_routes"":{""date"":""2026-09-14"",""run_id"":""90b54bdec3334b93bd285d61c8cff0ef""},""join_samples"":{""date"":""2026-09-14"",""run_id"":""ea2747234a70431790c1691cf7dc34eb""},""upload_data"":{""date"":""2026-09-14"",""run_id"":""914cbeb6d8264f728ab6c19c744d0891""}}"
1526,526,"44.4495826 , -64.37316530000001","44.3389405 , -64.4844266",rural-urban,mixed,1787,"{""sample_routes"":{""date"":""2026-09-14"",""run_id"":""90b54bdec3334b93bd285d61c8cff0ef""},""join_samples"":{""date"":""2026-09-14"",""run_id"":""ea2747234a70431790c1691cf7dc34eb""},""upload_data"":{""date"":""2026-09-14"",""run_id"":""914cbeb6d8264f728ab6c19c744d0891""}}"
1533,533,"45.113951400000005 , -63.251204","44.9362572 , -63.251558100000004",rural-rural,mixed,1780,"{""sample_routes"":{""date"":""2026-09-14"",""run_id"":""90b54bdec3334b93bd285d61c8cff0ef""},""join_samples"":{""date"":""2026-09-14"",""run_id"":""ea2747234a70431790c1691cf7dc34eb""},""upload_data"":{""date"":""2026-09-14"",""run_id"":""914cbeb6d8264f728ab6c19c744d0891""}}"
1535,535,"44.7382861 , -63.2343673","44.9096118 , -63.2345326",urban-rural,mixed,1821,"{""sample_routes"":{""date"":""2026-09-14"",""run_id"":""90b54bdec3334b93bd285d61c8cff0ef""},""join_samples"":{""date"":""2026-09-14"",""run_id"":""ea2747234a70431790c1691cf7dc34eb""},""upload_data"":{""date"":""2026-09-14"",""run_id"":""914cbeb6d8264f728ab6c19c744d0891""}}"
1537,537,"44.6861473 , -63.3802243","44.854231000000006 , -63.547983900000006",urban-rural,mixed,1778,"{""sample_routes"":{""date"":""2026-09-14"",""run_id"":""90b54bdec3334b93bd285d61c8cff0ef""},""join_samples"":{""date"":""2026-09-14"",""run_id"":""ea2747234a70431790c1691cf7dc34eb""},""upload_data"":{""date"":""2026-09-14"",""run_id"":""914cbeb6d8264f728ab6c19c744d0891""}}"
1538,538,"45.9951092 , -61.529318100000005","45.843301100000005 , -61.377742600000005",rural-urban,mixed,1824,"{""sample_routes"":{""date"":""2026-09-14"",""run_id"":""90b54bdec3334b93bd285d61c8cff0ef""},""join_samples"":{""date"":""2026-09-14"",""run_id"":""ea2747234a70431790c1691cf7dc34eb""},""upload_data"":{""date"":""2026-09-14"",""run_id"":""914cbeb6d8264f728ab6c19c744d0891""}}"
1539,539,"45.1779364 , -63.22810140000001","45.1773577 , -63.4217444",urban-urban,mixed,1825,"{""sample_routes"":{""date"":""2026-09-14"",""run_id"":""90b54bdec3334b93bd285d61c8cff0ef""},""join_samples"":{""date"":""2026-09-14"",""run_id"":""ea2747234a70431790c1691cf7dc34eb""},""upload_data"":{""date"":""2026-09-14"",""run_id"":""914cbeb6d8264f728ab6c19c744d0891""}}"
1540,540,"44.6234547 , -63.735179","44.623573 , -63.4829585",rural-rural,mixed,1774,"{""sample_routes"":{""date"":""2026-09-14"",""run_id"":""90b54bdec3334b93bd285d61c8cff0ef""},""join_samples"":{""date"":""2026-09-14"",""run_id"":""ea2747234a70431790c1691cf7dc34eb""},""upload_data"":{""date"":""2026-09-14"",""run_id"":""914cbeb6d8264f728ab6c19c744d0891""}}"
1541,541,"45.1573803 , -64.4291182","45.156840800000005 , -64.7004239",urban-urban,mixed,1774,"{""sample_routes"":{""date"":""2026-09-14"",""run_id"":""90b54bdec3334b93bd285d61c8cff0ef""},""join_samples"":{""date"":""2026-09-14"",""run_id"":""ea2747234a70431790c1691cf7dc34eb""},""upload_data"":{""date"":""2026-09-14"",""run_id"":""914cbeb6d8264f728ab6c19c744d0891""}}"
1542,542,"44.2500902 , -64.5048606","44.3956499 , -64.6501221",urban-urban,mixed,1774,"{""sample_routes"":{""date"":""2026-09-14"",""run_id"":""90b54bdec3334b93bd285d61c8cff0ef""},""join_samples"":{""date"":""2026-09-14"",""run_id"":""ea2747234a70431790c1691cf7dc34eb""},""upload_data"":{""date"":""2026-09-14"",""run_id"":""914cbeb6d8264f728ab6c19c744d0891""}}"
1543,543,"44.064046100000006 , -65.85613690000001","43.9710363 , -65.94940220000001",urban-urban,mixed,1771,"{""sample_routes"":{""date"":""2026-09-14"",""run_id"":""90b54bdec3334b93bd285d61c8cff0ef""},""join_samples"":{""date"":""2026-09-14"",""run_id"":""ea2747234a70431790c1691cf7dc34eb""},""upload_data"":{""date"":""2026-09-14"",""run_id"":""914cbeb6d8264f728ab6c19c744d0891""}}"
1544,544,"44.513678000000006 , -63.794305800000004","44.6625303 , -63.6455825",urban-urban,mixed,1829,"{""sample_routes"":{""date"":""2026-09-14"",""run_id"":""90b54bdec3334b93bd285d61c8cff0ef""},""join_samples"":{""date"":""2026-09-14"",""run_id"":""ea2747234a70431790c1691cf7dc34eb""},""upload_data"":{""date"":""2026-09-14"",""run_id"":""914cbeb6d8264f728ab6c19c744d0891""}}"
1546,546,"44.248412800000004 , -64.5536194","44.467730700000004 , -64.5539456",urban-urban,mixed,1770,"{""sample_routes"":{""date"":""2026-09-14"",""run_id"":""90b54bdec3334b93bd285d61c8cff0ef""},""join_samples"":{""date"":""2026-09-14"",""run_id"":""ea2747234a70431790c1691cf7dc34eb""},""upload_data"":{""date"":""2026-09-14"",""run_id"":""914cbeb6d8264f728ab6c19c744d0891""}}"
1547,547,"44.378331100000004 , -64.4151824","44.2918486 , -64.4157333",urban-rural,mixed,1830,"{""sample_routes"":{""date"":""2026-09-14"",""run_id"":""90b54bdec3334b93bd285d61c8cff0ef""},""join_samples"":{""date"":""2026-09-14"",""run_id"":""ea2747234a70431790c1691cf7dc34eb""},""upload_data"":{""date"":""2026-09-14"",""run_id"":""914cbeb6d8264f728ab6c19c744d0891""}}"
1548,548,"45.9603863 , -61.463149900000005","45.7467686 , -61.462727300000005",urban-rural,mixed,1765,"{""sample_routes"":{""date"":""2026-09-14"",""run_id"":""90b54bdec3334b93bd285d61c8cff0ef""},""join_samples"":{""date"":""2026-09-14"",""run_id"":""ea2747234a70431790c1691cf7dc34eb""},""upload_data"":{""date"":""2026-09-14"",""run_id"":""914cbeb6d8264f728ab6c19c744d0891""}}"
1549,549,"45.6019391 , -61.0449314","45.7410459 , -61.1844825",rural-urban,mixed,1765,"{""sample_routes"":{""date"":""2026-09-14"",""run_id"":""90b54bdec3334b93bd285d61c8cff0ef""},""join_samples"":{""date"":""2026-09-14"",""run_id"":""ea2747234a70431790c1691cf7dc34eb""},""upload_data"":{""date"":""2026-09-14"",""run_id"":""914cbeb6d8264f728ab6c19c744d0891""}}"
1550,550,"44.364915200000006 , -64.4802282","44.364825700000004 , -64.3222011",urban-rural,mixed,1764,"{""sample_routes"":{""date"":""2026-09-14"",""run_id"":""90b54bdec3334b93bd285d61c8cff0ef""},""join_samples"":{""date"":""2026-09-14"",""run_id"":""ea2747234a70431790c1691cf7dc34eb""},""upload_data"":{""date"":""2026-09-14"",""run_id"":""914cbeb6d8264f728ab6c19c744d0891""}}"
1552,552,"46.012553800000006 , -59.958198100000004","46.154298100000005 , -59.958427",rural-urban,mixed,1763,"{""sample_routes"":{""date"":""2026-09-14"",""run_id"":""90b54bdec3334b93bd285d61c8cff0ef""},""join_samples"":{""date"":""2026-09-14"",""run_id"":""ea2747234a70431790c1691cf7dc34eb""},""upload_data"":{""date"":""2026-09-14"",""run_id"":""914cbeb6d8264f728ab6c19c744d0891""}}"
1553,553,"43.866852200000004 , -66.143432","44.0080468 , -66.00181020000001",urban-urban,mixed,1837,"{""sample_routes"":{""date"":""2026-09-14"",""run_id"":""90b54bdec3334b93bd285d61c8cff0ef""},""join_samples"":{""date"":""2026-09-14"",""run_id"":""ea2747234a70431790c1691cf7dc34eb""},""upload_data"":{""date"":""2026-09-14"",""run_id"":""914cbeb6d8264f728ab6c19c744d0891""}}"
1555,555,"45.2330136 , -64.4363871","45.0883162 , -64.58101160000001",urban-urban,mixed,1763,"{""sample_routes"":{""date"":""2026-09-14"",""run_id"":""90b54bdec3334b93bd285d61c8cff0ef""},""join_samples"":{""date"":""2026-09-14"",""run_id"":""ea2747234a70431790c1691cf7dc34eb""},""upload_data"":{""date"":""2026-09-14"",""run_id"":""914cbeb6d8264f728ab6c19c744d0891""}}"
1557,557,"46.109496400000005 , -60.71645","46.109436800000005 , -60.93155410000001",urban-rural,mixed,1763,"{""sample_routes"":{""date"":""2026-09-14"",""run_id"":""90b54bdec3334b93bd285d61c8cff0ef""},""join_samples"":{""date"":""2026-09-14"",""run_id"":""ea2747234a70431790c1691cf7dc34eb""},""upload_data"":{""date"":""2026-09-14"",""run_id"":""914cbeb6d8264f728ab6c19c744d0891""}}"
1559,559,"45.0472715 , -64.41652020000001","45.046972800000006 , -64.7880755",rural-urban,mixed,1762,"{""sample_routes"":{""date"":""2026-09-14"",""run_id"":""90b54bdec3334b93bd285d61c8cff0ef""},""join_samples"":{""date"":""2026-09-14"",""run_id"":""ea2747234a70431790c1691cf7dc34eb""},""upload_data"":{""date"":""2026-09-14"",""run_id"":""914cbeb6d8264f728ab6c19c744d0891""}}"
1561,561,"45.7480064 , -61.31421460000001","45.5764543 , -61.314089",urban-urban,mixed,1839,"{""sample_routes"":{""date"":""2026-09-14"",""run_id"":""90b54bdec3334b93bd285d61c8cff0ef""},""join_samples"":{""date"":""2026-09-14"",""run_id"":""ea2747234a70431790c1691cf7dc34eb""},""upload_data"":{""date"":""2026-09-14"",""run_id"":""914cbeb6d8264f728ab6c19c744d0891""}}"
1563,563,"44.6437456 , -65.5804418","44.7283026 , -65.57992010000001",rural-rural,mixed,1760,"{""sample_routes"":{""date"":""2026-09-14"",""run_id"":""90b54bdec3334b93bd285d61c8cff0ef""},""join_samples"":{""date"":""2026-09-14"",""run_id"":""ea2747234a70431790c1691cf7dc34eb""},""upload_data"":{""date"":""2026-09-14"",""run_id"":""914cbeb6d8264f728ab6c19c744d0891""}}"
1564,564,"44.424868200000006 , -64.4594115","44.570537800000004 , -64.60549710000001",rural-rural,mixed,1760,"{""sample_routes"":{""date"":""2026-09-14"",""run_id"":""90b54bdec3334b93bd285d61c8cff0ef""},""join_samples"":{""date"":""2026-09-14"",""run_id"":""ea2747234a70431790c1691cf7dc34eb""},""upload_data"":{""date"":""2026-09-14"",""run_id"":""914cbeb6d8264f728ab6c19c744d0891""}}"
1567,567,"44.385411600000005 , -64.3187621","44.3859639 , -64.6245306",urban-urban,mixed,1842,"{""sample_routes"":{""date"":""2026-09-14"",""run_id"":""90b54bdec3334b93bd285d61c8cff0ef""},""join_samples"":{""date"":""2026-09-14"",""run_id"":""ea2747234a70431790c1691cf7dc34eb""},""upload_data"":{""date"":""2026-09-14"",""run_id"":""914cbeb6d8264f728ab6c19c744d0891""}}"
1568,568,"44.999446000000006 , -64.2843739","45.132311800000004 , -64.4176829",urban-rural,mixed,1843,"{""sample_routes"":{""date"":""2026-09-14"",""run_id"":""90b54bdec3334b93bd285d61c8cff0ef""},""join_samples"":{""date"":""2026-09-14"",""run_id"":""ea2747234a70431790c1691cf7dc34eb""},""upload_data"":{""date"":""2026-09-14"",""run_id"":""914cbeb6d8264f728ab6c19c744d0891""}}"
1569,569,"45.301320000000004 , -61.581194700000005","45.362259400000006 , -61.5814609",urban-urban,mixed,1757,"{""sample_routes"":{""date"":""2026-09-14"",""run_id"":""90b54bdec3334b93bd285d61c8cff0ef""},""join_samples"":{""date"":""2026-09-14"",""run_id"":""ea2747234a70431790c1691cf7dc34eb""},""upload_data"":{""date"":""2026-09-14"",""run_id"":""914cbeb6d8264f728ab6c19c744d0891""}}"
1570,570,"44.232765300000004 , -66.1341269","44.3495457 , -66.0178989",urban-urban,mixed,1756,"{""sample_routes"":{""date"":""2026-09-14"",""run_id"":""90b54bdec3334b93bd285d61c8cff0ef""},""join_samples"":{""date"":""2026-09-14"",""run_id"":""ea2747234a70431790c1691cf7dc34eb""},""upload_data"":{""date"":""2026-09-14"",""run_id"":""914cbeb6d8264f728ab6c19c744d0891""}}"
1578,578,"45.6674817 , -60.983273200000006","45.7559254 , -60.894522800000004",urban-urban,mixed,1754,"{""sample_routes"":{""date"":""2026-09-14"",""run_id"":""90b54bdec3334b93bd285d61c8cff0ef""},""join_samples"":{""date"":""2026-09-14"",""run_id"":""ea2747234a70431790c1691cf7dc34eb""},""upload_data"":{""date"":""2026-09-14"",""run_id"":""914cbeb6d8264f728ab6c19c744d0891""}}"
1579,579,"43.936454000000005 , -65.9852669","44.0804745 , -65.84150480000001",urban-urban,mixed,1847,"{""sample_routes"":{""date"":""2026-09-14"",""run_id"":""90b54bdec3334b93bd285d61c8cff0ef""},""join_samples"":{""date"":""2026-09-14"",""run_id"":""ea2747234a70431790c1691cf7dc34eb""},""upload_data"":{""date"":""2026-09-14"",""run_id"":""914cbeb6d8264f728ab6c19c744d0891""}}"
1580,580,"46.020658100000006 , -60.6490201","46.0207477 , -60.908439400000006",rural-rural,mixed,1847,"{""sample_routes"":{""date"":""2026-09-14"",""run_id"":""90b54bdec3334b93bd285d61c8cff0ef""},""join_samples"":{""date"":""2026-09-14"",""run_id"":""ea2747234a70431790c1691cf7dc34eb""},""upload_data"":{""date"":""2026-09-14"",""run_id"":""914cbeb6d8264f728ab6c19c744d0891""}}"
1582,582,"46.1129983 , -60.2378701","45.905903300000006 , -60.237722500000004",urban-urban,mixed,1753,"{""sample_routes"":{""date"":""2026-09-14"",""run_id"":""90b54bdec3334b93bd285d61c8cff0ef""},""join_samples"":{""date"":""2026-09-14"",""run_id"":""ea2747234a70431790c1691cf7dc34eb""},""upload_data"":{""date"":""2026-09-14"",""run_id"":""914cbeb6d8264f728ab6c19c744d0891""}}"
1587,587,"44.270780200000004 , -64.5491317","44.4800824 , -64.549772",urban-urban,mixed,1751,"{""sample_routes"":{""date"":""2026-09-14"",""run_id"":""90b54bdec3334b93bd285d61c8cff0ef""},""join_samples"":{""date"":""2026-09-14"",""run_id"":""ea2747234a70431790c1691cf7dc34eb""},""upload_data"":{""date"":""2026-09-14"",""run_id"":""914cbeb6d8264f728ab6c19c744d0891""}}"
1589,589,"45.660876300000005 , -61.8363366","45.496305400000004 , -61.836136200000006",urban-urban,mixed,1751,"{""sample_routes"":{""date"":""2026-09-14"",""run_id"":""90b54bdec3334b93bd285d61c8cff0ef""},""join_samples"":{""date"":""2026-09-14"",""run_id"":""ea2747234a70431790c1691cf7dc34eb""},""upload_data"":{""date"":""2026-09-14"",""run_id"":""914cbeb6d8264f728ab6c19c744d0891""}}"
1594,594,"45.995941800000004 , -60.1154492","46.0982173 , -60.217549700000006",urban-urban,mixed,1749,"{""sample_routes"":{""date"":""2026-09-14"",""run_id"":""90b54bdec3334b93bd285d61c8cff0ef""},""join_samples"":{""date"":""2026-09-14"",""run_id"":""ea2747234a70431790c1691cf7dc34eb""},""upload_data"":{""date"":""2026-09-14"",""run_id"":""914cbeb6d8264f728ab6c19c744d0891""}}"
1595,595,"45.8407258 , -61.13833210000001","45.840716400000005 , -61.353106600000004",urban-urban,mixed,1748,"{""sample_routes"":{""date"":""2026-09-14"",""run_id"":""90b54bdec3334b93bd285d61c8cff0ef""},""join_samples"":{""date"":""2026-09-14"",""run_id"":""ea2747234a70431790c1691cf7dc34eb""},""upload_data"":{""date"":""2026-09-14"",""run_id"":""914cbeb6d8264f728ab6c19c744d0891""}}"
1597,597,"44.7873791 , -63.72847780000001","44.9738136 , -63.914300600000004",urban-rural,mixed,1852,"{""sample_routes"":{""date"":""2026-09-14"",""run_id"":""90b54bdec3334b93bd285d61c8cff0ef""},""join_samples"":{""date"":""2026-09-14"",""run_id"":""ea2747234a70431790c1691cf7dc34eb""},""upload_data"":{""date"":""2026-09-14"",""run_id"":""914cbeb6d8264f728ab6c19c744d0891""}}"
1598,598,"45.422341700000004 , -61.997816500000006","45.255714700000006 , -61.8307768",urban-rural,mixed,1853,"{""sample_routes"":{""date"":""2026-09-14"",""run_id"":""90b54bdec3334b93bd285d61c8cff0ef""},""join_samples"":{""date"":""2026-09-14"",""run_id"":""ea2747234a70431790c1691cf7dc34eb""},""upload_data"":{""date"":""2026-09-14"",""run_id"":""914cbeb6d8264f728ab6c19c744d0891""}}"
1599,599,"44.9305377 , -63.890754900000005","44.9307682 , -63.715825",urban-rural,mixed,1747,"{""sample_routes"":{""date"":""2026-09-14"",""run_id"":""90b54bdec3334b93bd285d61c8cff0ef""},""join_samples"":{""date"":""2026-09-14"",""run_id"":""ea2747234a70431790c1691cf7dc34eb""},""upload_data"":{""date"":""2026-09-14"",""run_id"":""914cbeb6d8264f728ab6c19c744d0891""}}"
1600,600,"45.583241 , -62.632984","45.7671216 , -62.817317700000004",urban-urban,mixed,1854,"{""sample_routes"":{""date"":""2026-09-14"",""run_id"":""90b54bdec3334b93bd285d61c8cff0ef""},""join_samples"":{""date"":""2026-09-14"",""run_id"":""ea2747234a70431790c1691cf7dc34eb""},""upload_data"":{""date"":""2026-09-14"",""run_id"":""914cbeb6d8264f728ab6c19c744d0891""}}"
1606,606,"45.0197986 , -64.3132393","45.019710100000005 , -64.5938761",urban-urban,mixed,1860,"{""sample_routes"":{""date"":""2026-09-14"",""run_id"":""90b54bdec3334b93bd285d61c8cff0ef""},""join_samples"":{""date"":""2026-09-14"",""run_id"":""ea2747234a70431790c1691cf7dc34eb""},""upload_data"":{""date"":""2026-09-14"",""run_id"":""914cbeb6d8264f728ab6c19c744d0891""}}"
1607,607,"44.7203711 , -63.6762433","44.720741200000006 , -63.4054549",urban-urban,mixed,1861,"{""sample_routes"":{""date"":""2026-09-14"",""run_id"":""90b54bdec3334b93bd285d61c8cff0ef""},""join_samples"":{""date"":""2026-09-14"",""run_id"":""ea2747234a70431790c1691cf7dc34eb""},""upload_data"":{""date"":""2026-09-14"",""run_id"":""914cbeb6d8264f728ab6c19c744d0891""}}"
1611,611,"45.028732000000005 , -64.6556434","45.168561700000005 , -64.51639990000001",rural-rural,mixed,1736,"{""sample_routes"":{""date"":""2026-09-14"",""run_id"":""90b54bdec3334b93bd285d61c8cff0ef""},""join_samples"":{""date"":""2026-09-14"",""run_id"":""ea2747234a70431790c1691cf7dc34eb""},""upload_data"":{""date"":""2026-09-14"",""run_id"":""914cbeb6d8264f728ab6c19c744d0891""}}"
1612,612,"45.619351 , -63.1666924","45.518424700000004 , -63.26778770000001",urban-urban,mixed,1864,"{""sample_routes"":{""date"":""2026-09-14"",""run_id"":""90b54bdec3334b93bd285d61c8cff0ef""},""join_samples"":{""date"":""2026-09-14"",""run_id"":""ea2747234a70431790c1691cf7dc34eb""},""upload_data"":{""date"":""2026-09-14"",""run_id"":""914cbeb6d8264f728ab6c19c744d0891""}}"
1613,613,"45.726517300000005 , -61.455030900000004","45.618952 , -61.4552576",urban-urban,mixed,1736,"{""sample_routes"":{""date"":""2026-09-14"",""run_id"":""90b54bdec3334b93bd285d61c8cff0ef""},""join_samples"":{""date"":""2026-09-14"",""run_id"":""ea2747234a70431790c1691cf7dc34eb""},""upload_data"":{""date"":""2026-09-14"",""run_id"":""914cbeb6d8264f728ab6c19c744d0891""}}"
1616,616,"45.2153883 , -63.118528600000005","45.361380100000005 , -63.264805",urban-urban,mixed,1865,"{""sample_routes"":{""date"":""2026-09-14"",""run_id"":""90b54bdec3334b93bd285d61c8cff0ef""},""join_samples"":{""date"":""2026-09-14"",""run_id"":""ea2747234a70431790c1691cf7dc34eb""},""upload_data"":{""date"":""2026-09-14"",""run_id"":""914cbeb6d8264f728ab6c19c744d0891""}}"
1619,619,"44.912461900000004 , -63.55666540000001","44.662545 , -63.5565951",urban-urban,mixed,1733,"{""sample_routes"":{""date"":""2026-09-14"",""run_id"":""90b54bdec3334b93bd285d61c8cff0ef""},""join_samples"":{""date"":""2026-09-14"",""run_id"":""ea2747234a70431790c1691cf7dc34eb""},""upload_data"":{""date"":""2026-09-14"",""run_id"":""914cbeb6d8264f728ab6c19c744d0891""}}"
1625,625,"44.8066443 , -63.71530070000001","44.964816400000004 , -63.873083",urban-urban,mixed,1870,"{""sample_routes"":{""date"":""2026-09-14"",""run_id"":""90b54bdec3334b93bd285d61c8cff0ef""},""join_samples"":{""date"":""2026-09-14"",""run_id"":""ea2747234a70431790c1691cf7dc34eb""},""upload_data"":{""date"":""2026-09-14"",""run_id"":""914cbeb6d8264f728ab6c19c744d0891""}}"
1627,627,"44.995111900000005 , -63.1842278","44.994539700000004 , -63.437822000000004",urban-urban,mixed,1870,"{""sample_routes"":{""date"":""2026-09-14"",""run_id"":""90b54bdec3334b93bd285d61c8cff0ef""},""join_samples"":{""date"":""2026-09-14"",""run_id"":""ea2747234a70431790c1691cf7dc34eb""},""upload_data"":{""date"":""2026-09-14"",""run_id"":""914cbeb6d8264f728ab6c19c744d0891""}}"
1630,630,"44.721537000000005 , -63.673614300000004","44.7209693 , -63.4076473",urban-urban,mixed,1871,"{""sample_routes"":{""date"":""2026-09-14"",""run_id"":""90b54bdec3334b93bd285d61c8cff0ef""},""join_samples"":{""date"":""2026-09-14"",""run_id"":""ea2747234a70431790c1691cf7dc34eb""},""upload_data"":{""date"":""2026-09-14"",""run_id"":""914cbeb6d8264f728ab6c19c744d0891""}}"
1631,631,"45.390663700000005 , -63.396135","45.517048300000006 , -63.2698624",rural-urban,mixed,1872,"{""sample_routes"":{""date"":""2026-09-14"",""run_id"":""90b54bdec3334b93bd285d61c8cff0ef""},""join_samples"":{""date"":""2026-09-14"",""run_id"":""ea2747234a70431790c1691cf7dc34eb""},""upload_data"":{""date"":""2026-09-14"",""run_id"":""914cbeb6d8264f728ab6c19c744d0891""}}"
1634,634,"45.8252852 , -63.445121500000006","45.712124900000006 , -63.3320152",rural-urban,mixed,1727,"{""sample_routes"":{""date"":""2026-09-14"",""run_id"":""90b54bdec3334b93bd285d61c8cff0ef""},""join_samples"":{""date"":""2026-09-14"",""run_id"":""ea2747234a70431790c1691cf7dc34eb""},""upload_data"":{""date"":""2026-09-14"",""run_id"":""914cbeb6d8264f728ab6c19c744d0891""}}"
1635,635,"44.460459500000006 , -64.60367120000001","44.4601362 , -64.8118299",urban-rural,mixed,1873,"{""sample_routes"":{""date"":""2026-09-14"",""run_id"":""90b54bdec3334b93bd285d61c8cff0ef""},""join_samples"":{""date"":""2026-09-14"",""run_id"":""ea2747234a70431790c1691cf7dc34eb""},""upload_data"":{""date"":""2026-09-14"",""run_id"":""914cbeb6d8264f728ab6c19c744d0891""}}"
1638,638,"43.9419057 , -64.8309187","43.785785600000004 , -64.9865424",urban-urban,mixed,1726,"{""sample_routes"":{""date"":""2026-09-14"",""run_id"":""90b54bdec3334b93bd285d61c8cff0ef""},""join_samples"":{""date"":""2026-09-14"",""run_id"":""ea2747234a70431790c1691cf7dc34eb""},""upload_data"":{""date"":""2026-09-14"",""run_id"":""914cbeb6d8264f728ab6c19c744d0891""}}"
1639,639,"45.0300273 , -64.594813","45.0294967 , -64.96944090000001",rural-urban,mixed,1875,"{""sample_routes"":{""date"":""2026-09-14"",""run_id"":""90b54bdec3334b93bd285d61c8cff0ef""},""join_samples"":{""date"":""2026-09-14"",""run_id"":""ea2747234a70431790c1691cf7dc34eb""},""upload_data"":{""date"":""2026-09-14"",""run_id"":""914cbeb6d8264f728ab6c19c744d0891""}}"
1640,640,"45.0867774 , -64.34740330000001","44.9885803 , -64.24959580000001",urban-urban,mixed,1725,"{""sample_routes"":{""date"":""2026-09-14"",""run_id"":""90b54bdec3334b93bd285d61c8cff0ef""},""join_samples"":{""date"":""2026-09-14"",""run_id"":""ea2747234a70431790c1691cf7dc34eb""},""upload_data"":{""date"":""2026-09-14"",""run_id"":""914cbeb6d8264f728ab6c19c744d0891""}}"
1641,641,"44.371486700000005 , -64.5439097","44.520546800000005 , -64.69249450000001",urban-urban,mixed,1876,"{""sample_routes"":{""date"":""2026-09-14"",""run_id"":""90b54bdec3334b93bd285d61c8cff0ef""},""join_samples"":{""date"":""2026-09-14"",""run_id"":""ea2747234a70431790c1691cf7dc34eb""},""upload_data"":{""date"":""2026-09-14"",""run_id"":""914cbeb6d8264f728ab6c19c744d0891""}}"
1644,644,"44.6684569 , -63.4973832","44.792208200000005 , -63.373153300000006",urban-rural,mixed,1876,"{""sample_routes"":{""date"":""2026-09-14"",""run_id"":""90b54bdec3334b93bd285d61c8cff0ef""},""join_samples"":{""date"":""2026-09-14"",""run_id"":""ea2747234a70431790c1691cf7dc34eb""},""upload_data"":{""date"":""2026-09-14"",""run_id"":""914cbeb6d8264f728ab6c19c744d0891""}}"
1645,645,"43.835118200000004 , -65.95015500000001","43.959425 , -66.0741661",urban-urban,mixed,1724,"{""sample_routes"":{""date"":""2026-09-14"",""run_id"":""90b54bdec3334b93bd285d61c8cff0ef""},""join_samples"":{""date"":""2026-09-14"",""run_id"":""ea2747234a70431790c1691cf7dc34eb""},""upload_data"":{""date"":""2026-09-14"",""run_id"":""914cbeb6d8264f728ab6c19c744d0891""}}"
1648,648,"44.916739500000006 , -63.9053182","45.090739600000006 , -63.905522700000006",urban-rural,mixed,1723,"{""sample_routes"":{""date"":""2026-09-14"",""run_id"":""90b54bdec3334b93bd285d61c8cff0ef""},""join_samples"":{""date"":""2026-09-14"",""run_id"":""ea2747234a70431790c1691cf7dc34eb""},""upload_data"":{""date"":""2026-09-14"",""run_id"":""914cbeb6d8264f728ab6c19c744d0891""}}"
1649,649,"45.434044300000004 , -62.002967500000004","45.3014705 , -61.869882100000005",urban-urban,mixed,1878,"{""sample_routes"":{""date"":""2026-09-14"",""run_id"":""90b54bdec3334b93bd285d61c8cff0ef""},""join_samples"":{""date"":""2026-09-14"",""run_id"":""ea2747234a70431790c1691cf7dc34eb""},""upload_data"":{""date"":""2026-09-14"",""run_id"":""914cbeb6d8264f728ab6c19c744d0891""}}"
1651,651,"43.8520977 , -66.01436240000001","44.021520200000005 , -66.0143036",urban-urban,mixed,1720,"{""sample_routes"":{""date"":""2026-09-14"",""run_id"":""90b54bdec3334b93bd285d61c8cff0ef""},""join_samples"":{""date"":""2026-09-14"",""run_id"":""ea2747234a70431790c1691cf7dc34eb""},""upload_data"":{""date"":""2026-09-14"",""run_id"":""914cbeb6d8264f728ab6c19c744d0891""}}"
1653,653,"46.2647276 , -60.42903870000001","46.1057725 , -60.5880154",rural-urban,mixed,1720,"{""sample_routes"":{""date"":""2026-09-14"",""run_id"":""90b54bdec3334b93bd285d61c8cff0ef""},""join_samples"":{""date"":""2026-09-14"",""run_id"":""ea2747234a70431790c1691cf7dc34eb""},""upload_data"":{""date"":""2026-09-14"",""run_id"":""914cbeb6d8264f728ab6c19c744d0891""}}"
1655,655,"44.8226488 , -63.62710740000001","44.6533943 , -63.457584100000005",urban-urban,mixed,1718,"{""sample_routes"":{""date"":""2026-09-14"",""run_id"":""90b54bdec3334b93bd285d61c8cff0ef""},""join_samples"":{""date"":""2026-09-14"",""run_id"":""ea2747234a70431790c1691cf7dc34eb""},""upload_data"":{""date"":""2026-09-14"",""run_id"":""914cbeb6d8264f728ab6c19c744d0891""}}"
1657,657,"44.635524100000005 , -63.62350120000001","44.8711695 , -63.623006800000006",urban-urban,mixed,1717,"{""sample_routes"":{""date"":""2026-09-14"",""run_id"":""90b54bdec3334b93bd285d61c8cff0ef""},""join_samples"":{""date"":""2026-09-14"",""run_id"":""ea2747234a70431790c1691cf7dc34eb""},""upload_data"":{""date"":""2026-09-14"",""run_id"":""914cbeb6d8264f728ab6c19c744d0891""}}"
1658,658,"44.4099026 , -64.5340951","44.156381100000004 , -64.5346584",urban-urban,mixed,1883,"{""sample_routes"":{""date"":""2026-09-14"",""run_id"":""90b54bdec3334b93bd285d61c8cff0ef""},""join_samples"":{""date"":""2026-09-14"",""run_id"":""ea2747234a70431790c1691cf7dc34eb""},""upload_data"":{""date"":""2026-09-14"",""run_id"":""914cbeb6d8264f728ab6c19c744d0891""}}"
1659,659,"45.915457100000005 , -63.894226200000006","45.7640517 , -63.894620200000006",urban-rural,mixed,1883,"{""sample_routes"":{""date"":""2026-09-14"",""run_id"":""90b54bdec3334b93bd285d61c8cff0ef""},""join_samples"":{""date"":""2026-09-14"",""run_id"":""ea2747234a70431790c1691cf7dc34eb""},""upload_data"":{""date"":""2026-09-14"",""run_id"":""914cbeb6d8264f728ab6c19c744d0891""}}"
1660,660,"45.4627977 , -61.6248007","45.594499500000005 , -61.7561103",urban-rural,mixed,1717,"{""sample_routes"":{""date"":""2026-09-14"",""run_id"":""90b54bdec3334b93bd285d61c8cff0ef""},""join_samples"":{""date"":""2026-09-14"",""run_id"":""ea2747234a70431790c1691cf7dc34eb""},""upload_data"":{""date"":""2026-09-14"",""run_id"":""914cbeb6d8264f728ab6c19c744d0891""}}"
1661,661,"45.597418000000005 , -60.74773080000001","45.5976907 , -61.0883224",urban-rural,mixed,1885,"{""sample_routes"":{""date"":""2026-09-14"",""run_id"":""90b54bdec3334b93bd285d61c8cff0ef""},""join_samples"":{""date"":""2026-09-14"",""run_id"":""ea2747234a70431790c1691cf7dc34eb""},""upload_data"":{""date"":""2026-09-14"",""run_id"":""914cbeb6d8264f728ab6c19c744d0891""}}"
1662,662,"44.3799446 , -64.32944350000001","44.379431000000004 , -64.6225347",urban-rural,mixed,1715,"{""sample_routes"":{""date"":""2026-09-14"",""run_id"":""90b54bdec3334b93bd285d61c8cff0ef""},""join_samples"":{""date"":""2026-09-14"",""run_id"":""ea2747234a70431790c1691cf7dc34eb""},""upload_data"":{""date"":""2026-09-14"",""run_id"":""914cbeb6d8264f728ab6c19c744d0891""}}"
1663,663,"46.078111 , -60.29088530000001","46.3117892 , -60.2914772",rural-rural,mixed,1714,"{""sample_routes"":{""date"":""2026-09-14"",""run_id"":""90b54bdec3334b93bd285d61c8cff0ef""},""join_samples"":{""date"":""2026-09-14"",""run_id"":""ea2747234a70431790c1691cf7dc34eb""},""upload_data"":{""date"":""2026-09-14"",""run_id"":""914cbeb6d8264f728ab6c19c744d0891""}}"
1664,664,"44.6105127 , -63.454433","44.7162638 , -63.453931700000005",urban-rural,mixed,1713,"{""sample_routes"":{""date"":""2026-09-14"",""run_id"":""90b54bdec3334b93bd285d61c8cff0ef""},""join_samples"":{""date"":""2026-09-14"",""run_id"":""ea2747234a70431790c1691cf7dc34eb""},""upload_data"":{""date"":""2026-09-14"",""run_id"":""914cbeb6d8264f728ab6c19c744d0891""}}"
1668,668,"46.0065601 , -60.1670153","46.1684579 , -60.1664772",rural-urban,mixed,1711,"{""sample_routes"":{""date"":""2026-09-14"",""run_id"":""90b54bdec3334b93bd285d61c8cff0ef""},""join_samples"":{""date"":""2026-09-14"",""run_id"":""ea2747234a70431790c1691cf7dc34eb""},""upload_data"":{""date"":""2026-09-14"",""run_id"":""914cbeb6d8264f728ab6c19c744d0891""}}"
1670,670,"44.4479885 , -64.5753708","44.2137485 , -64.5760131",urban-urban,mixed,1891,"{""sample_routes"":{""date"":""2026-09-14"",""run_id"":""90b54bdec3334b93bd285d61c8cff0ef""},""join_samples"":{""date"":""2026-09-14"",""run_id"":""ea2747234a70431790c1691cf7dc34eb""},""upload_data"":{""date"":""2026-09-14"",""run_id"":""914cbeb6d8264f728ab6c19c744d0891""}}"
1672,672,"45.916182600000006 , -61.0040818","45.9710726 , -61.0588794",urban-rural,mixed,1891,"{""sample_routes"":{""date"":""2026-09-14"",""run_id"":""90b54bdec3334b93bd285d61c8cff0ef""},""join_samples"":{""date"":""2026-09-14"",""run_id"":""ea2747234a70431790c1691cf7dc34eb""},""upload_data"":{""date"":""2026-09-14"",""run_id"":""914cbeb6d8264f728ab6c19c744d0891""}}"
1678,678,"44.4719508 , -64.77042730000001","44.309029100000004 , -64.7705439",urban-rural,mixed,1893,"{""sample_routes"":{""date"":""2026-09-14"",""run_id"":""90b54bdec3334b93bd285d61c8cff0ef""},""join_samples"":{""date"":""2026-09-14"",""run_id"":""ea2747234a70431790c1691cf7dc34eb""},""upload_data"":{""date"":""2026-09-14"",""run_id"":""914cbeb6d8264f728ab6c19c744d0891""}}"
1681,681,"46.156275 , -60.230682300000005","46.3040071 , -60.3780834",urban-urban,mixed,1895,"{""sample_routes"":{""date"":""2026-09-14"",""run_id"":""90b54bdec3334b93bd285d61c8cff0ef""},""join_samples"":{""date"":""2026-09-14"",""run_id"":""ea2747234a70431790c1691cf7dc34eb""},""upload_data"":{""date"":""2026-09-14"",""run_id"":""914cbeb6d8264f728ab6c19c744d0891""}}"
1683,683,"44.2941894 , -64.5326099","44.462097400000005 , -64.70102150000001",urban-rural,mixed,1895,"{""sample_routes"":{""date"":""2026-09-14"",""run_id"":""90b54bdec3334b93bd285d61c8cff0ef""},""join_samples"":{""date"":""2026-09-14"",""run_id"":""ea2747234a70431790c1691cf7dc34eb""},""upload_data"":{""date"":""2026-09-14"",""run_id"":""914cbeb6d8264f728ab6c19c744d0891""}}"
1684,684,"44.6580968 , -63.78618710000001","44.658712200000004 , -64.0373258",urban-urban,mixed,1704,"{""sample_routes"":{""date"":""2026-09-14"",""run_id"":""90b54bdec3334b93bd285d61c8cff0ef""},""join_samples"":{""date"":""2026-09-14"",""run_id"":""ea2747234a70431790c1691cf7dc34eb""},""upload_data"":{""date"":""2026-09-14"",""run_id"":""914cbeb6d8264f728ab6c19c744d0891""}}"
1686,686,"44.3200589 , -64.59866430000001","44.426544500000006 , -64.7057379",urban-urban,mixed,1704,"{""sample_routes"":{""date"":""2026-09-14"",""run_id"":""90b54bdec3334b93bd285d61c8cff0ef""},""join_samples"":{""date"":""2026-09-14"",""run_id"":""ea2747234a70431790c1691cf7dc34eb""},""upload_data"":{""date"":""2026-09-14"",""run_id"":""914cbeb6d8264f728ab6c19c744d0891""}}"
1689,689,"46.0530738 , -61.44565480000001","45.9132939 , -61.445276400000004",urban-urban,mixed,1703,"{""sample_routes"":{""date"":""2026-09-14"",""run_id"":""90b54bdec3334b93bd285d61c8cff0ef""},""join_samples"":{""date"":""2026-09-14"",""run_id"":""ea2747234a70431790c1691cf7dc34eb""},""upload_data"":{""date"":""2026-09-14"",""run_id"":""914cbeb6d8264f728ab6c19c744d0891""}}"
1690,690,"44.631437600000005 , -63.6281625","44.470852 , -63.6281966",urban-urban,mixed,1703,"{""sample_routes"":{""date"":""2026-09-14"",""run_id"":""90b54bdec3334b93bd285d61c8cff0ef""},""join_samples"":{""date"":""2026-09-14"",""run_id"":""ea2747234a70431790c1691cf7dc34eb""},""upload_data"":{""date"":""2026-09-14"",""run_id"":""914cbeb6d8264f728ab6c19c744d0891""}}"
1691,691,"44.7719297 , -63.09899780000001","44.772327100000005 , -62.8121446",urban-rural,mixed,1897,"{""sample_routes"":{""date"":""2026-09-14"",""run_id"":""90b54bdec3334b93bd285d61c8cff0ef""},""join_samples"":{""date"":""2026-09-14"",""run_id"":""ea2747234a70431790c1691cf7dc34eb""},""upload_data"":{""date"":""2026-09-14"",""run_id"":""914cbeb6d8264f728ab6c19c744d0891""}}"
1692,692,"44.252598400000004 , -64.5967727","44.474344300000006 , -64.597254",urban-urban,mixed,1898,"{""sample_routes"":{""date"":""2026-09-14"",""run_id"":""90b54bdec3334b93bd285d61c8cff0ef""},""join_samples"":{""date"":""2026-09-14"",""run_id"":""ea2747234a70431790c1691cf7dc34eb""},""upload_data"":{""date"":""2026-09-14"",""run_id"":""914cbeb6d8264f728ab6c19c744d0891""}}"
1694,694,"44.8407393 , -65.29288650000001","44.840596700000006 , -65.0566507",urban-rural,mixed,1702,"{""sample_routes"":{""date"":""2026-09-14"",""run_id"":""90b54bdec3334b93bd285d61c8cff0ef""},""join_samples"":{""date"":""2026-09-14"",""run_id"":""ea2747234a70431790c1691cf7dc34eb""},""upload_data"":{""date"":""2026-09-14"",""run_id"":""914cbeb6d8264f728ab6c19c744d0891""}}"
1695,695,"44.7059079 , -63.466703300000006","44.871575400000005 , -63.63301250000001",urban-urban,mixed,1702,"{""sample_routes"":{""date"":""2026-09-14"",""run_id"":""90b54bdec3334b93bd285d61c8cff0ef""},""join_samples"":{""date"":""2026-09-14"",""run_id"":""ea2747234a70431790c1691cf7dc34eb""},""upload_data"":{""date"":""2026-09-14"",""run_id"":""914cbeb6d8264f728ab6c19c744d0891""}}"
1696,696,"45.5328565 , -62.354493500000004","45.533323900000006 , -62.71071980000001",urban-rural,mixed,1899,"{""sample_routes"":{""date"":""2026-09-14"",""run_id"":""90b54bdec3334b93bd285d61c8cff0ef""},""join_samples"":{""date"":""2026-09-14"",""run_id"":""ea2747234a70431790c1691cf7dc34eb""},""upload_data"":{""date"":""2026-09-14"",""run_id"":""914cbeb6d8264f728ab6c19c744d0891""}}"
1698,698,"46.2621023 , -60.525823","46.1272007 , -60.66037480000001",urban-urban,mixed,1700,"{""sample_routes"":{""date"":""2026-09-14"",""run_id"":""90b54bdec3334b93bd285d61c8cff0ef""},""join_samples"":{""date"":""2026-09-14"",""run_id"":""ea2747234a70431790c1691cf7dc34eb""},""upload_data"":{""date"":""2026-09-14"",""run_id"":""914cbeb6d8264f728ab6c19c744d0891""}}"
1699,699,"44.591656300000004 , -65.51966200000001","44.591205300000006 , -65.86763590000001",urban-urban,mixed,1900,"{""sample_routes"":{""date"":""2026-09-14"",""run_id"":""90b54bdec3334b93bd285d61c8cff0ef""},""join_samples"":{""date"":""2026-09-14"",""run_id"":""ea2747234a70431790c1691cf7dc34eb""},""upload_data"":{""date"":""2026-09-14"",""run_id"":""914cbeb6d8264f728ab6c19c744d0891""}}"
1700,700,"45.848075200000004 , -61.23252050000001","45.8474963 , -60.9807202",urban-rural,mixed,1900,"{""sample_routes"":{""date"":""2026-09-14"",""run_id"":""90b54bdec3334b93bd285d61c8cff0ef""},""join_samples"":{""date"":""2026-09-14"",""run_id"":""ea2747234a70431790c1691cf7dc34eb""},""upload_data"":{""date"":""2026-09-14"",""run_id"":""914cbeb6d8264f728ab6c19c744d0891""}}"
1701,701,"44.1167865 , -65.7331565","43.9508729 , -65.89853620000001",urban-urban,mixed,1900,"{""sample_routes"":{""date"":""2026-09-14"",""run_id"":""90b54bdec3334b93bd285d61c8cff0ef""},""join_samples"":{""date"":""2026-09-14"",""run_id"":""ea2747234a70431790c1691cf7dc34eb""},""upload_data"":{""date"":""2026-09-14"",""run_id"":""914cbeb6d8264f728ab6c19c744d0891""}}"
1703,703,"44.5696889 , -64.6493449","44.4604641 , -64.7579729",urban-urban,mixed,1700,"{""sample_routes"":{""date"":""2026-09-14"",""run_id"":""90b54bdec3334b93bd285d61c8cff0ef""},""join_samples"":{""date"":""2026-09-14"",""run_id"":""ea2747234a70431790c1691cf7dc34eb""},""upload_data"":{""date"":""2026-09-14"",""run_id"":""914cbeb6d8264f728ab6c19c744d0891""}}"
1704,704,"45.073401100000005 , -63.523765600000004","45.250346900000004 , -63.346828900000006",urban-rural,mixed,1901,"{""sample_routes"":{""date"":""2026-09-14"",""run_id"":""90b54bdec3334b93bd285d61c8cff0ef""},""join_samples"":{""date"":""2026-09-14"",""run_id"":""ea2747234a70431790c1691cf7dc34eb""},""upload_data"":{""date"":""2026-09-14"",""run_id"":""914cbeb6d8264f728ab6c19c744d0891""}}"
1705,705,"44.581451300000005 , -65.4365978","44.7701019 , -65.4368781",urban-urban,mixed,1901,"{""sample_routes"":{""date"":""2026-09-14"",""run_id"":""90b54bdec3334b93bd285d61c8cff0ef""},""join_samples"":{""date"":""2026-09-14"",""run_id"":""ea2747234a70431790c1691cf7dc34eb""},""upload_data"":{""date"":""2026-09-14"",""run_id"":""914cbeb6d8264f728ab6c19c744d0891""}}"
1710,710,"43.8638029 , -66.10867300000001","43.727918900000006 , -65.9722065",urban-urban,mixed,1696,"{""sample_routes"":{""date"":""2026-09-14"",""run_id"":""90b54bdec3334b93bd285d61c8cff0ef""},""join_samples"":{""date"":""2026-09-14"",""run_id"":""ea2747234a70431790c1691cf7dc34eb""},""upload_data"":{""date"":""2026-09-14"",""run_id"":""914cbeb6d8264f728ab6c19c744d0891""}}"
1714,714,"45.696985700000006 , -63.97589430000001","45.792797 , -63.97591070000001",urban-rural,mixed,1694,"{""sample_routes"":{""date"":""2026-09-14"",""run_id"":""90b54bdec3334b93bd285d61c8cff0ef""},""join_samples"":{""date"":""2026-09-14"",""run_id"":""ea2747234a70431790c1691cf7dc34eb""},""upload_data"":{""date"":""2026-09-14"",""run_id"":""914cbeb6d8264f728ab6c19c744d0891""}}"
1715,715,"46.0517787 , -60.0231822","45.8808081 , -60.023026900000005",urban-urban,mixed,1907,"{""sample_routes"":{""date"":""2026-09-14"",""run_id"":""90b54bdec3334b93bd285d61c8cff0ef""},""join_samples"":{""date"":""2026-09-14"",""run_id"":""ea2747234a70431790c1691cf7dc34eb""},""upload_data"":{""date"":""2026-09-14"",""run_id"":""914cbeb6d8264f728ab6c19c744d0891""}}"
1718,718,"46.1306266 , -60.643007100000005","46.2508246 , -60.523233700000006",urban-urban,mixed,1691,"{""sample_routes"":{""date"":""2026-09-14"",""run_id"":""90b54bdec3334b93bd285d61c8cff0ef""},""join_samples"":{""date"":""2026-09-14"",""run_id"":""ea2747234a70431790c1691cf7dc34eb""},""upload_data"":{""date"":""2026-09-14"",""run_id"":""914cbeb6d8264f728ab6c19c744d0891""}}"
1719,719,"45.542057 , -61.095830500000005","45.699661000000006 , -61.09519770000001",urban-urban,mixed,1690,"{""sample_routes"":{""date"":""2026-09-14"",""run_id"":""90b54bdec3334b93bd285d61c8cff0ef""},""join_samples"":{""date"":""2026-09-14"",""run_id"":""ea2747234a70431790c1691cf7dc34eb""},""upload_data"":{""date"":""2026-09-14"",""run_id"":""914cbeb6d8264f728ab6c19c744d0891""}}"
1720,720,"44.6600191 , -63.822469100000006","44.659627400000005 , -63.5314252",urban-urban,mixed,1689,"{""sample_routes"":{""date"":""2026-09-14"",""run_id"":""90b54bdec3334b93bd285d61c8cff0ef""},""join_samples"":{""date"":""2026-09-14"",""run_id"":""ea2747234a70431790c1691cf7dc34eb""},""upload_data"":{""date"":""2026-09-14"",""run_id"":""914cbeb6d8264f728ab6c19c744d0891""}}"
1723,723,"44.2553655 , -64.5905931","44.4339093 , -64.5908836",urban-urban,mixed,1688,"{""sample_routes"":{""date"":""2026-09-14"",""run_id"":""90b54bdec3334b93bd285d61c8cff0ef""},""join_samples"":{""date"":""2026-09-14"",""run_id"":""ea2747234a70431790c1691cf7dc34eb""},""upload_data"":{""date"":""2026-09-14"",""run_id"":""914cbeb6d8264f728ab6c19c744d0891""}}"
1724,724,"46.320465500000005 , -60.6072751","46.1449955 , -60.6078345",rural-urban,mixed,1913,"{""sample_routes"":{""date"":""2026-09-14"",""run_id"":""90b54bdec3334b93bd285d61c8cff0ef""},""join_samples"":{""date"":""2026-09-14"",""run_id"":""ea2747234a70431790c1691cf7dc34eb""},""upload_data"":{""date"":""2026-09-14"",""run_id"":""914cbeb6d8264f728ab6c19c744d0891""}}"
1725,725,"44.0888592 , -66.04094140000001","44.276791800000005 , -66.0415298",urban-rural,mixed,1913,"{""sample_routes"":{""date"":""2026-09-14"",""run_id"":""90b54bdec3334b93bd285d61c8cff0ef""},""join_samples"":{""date"":""2026-09-14"",""run_id"":""ea2747234a70431790c1691cf7dc34eb""},""upload_data"":{""date"":""2026-09-14"",""run_id"":""914cbeb6d8264f728ab6c19c744d0891""}}"
1727,727,"44.2456636 , -65.9873152","44.186405300000004 , -66.0471308",urban-urban,mixed,1914,"{""sample_routes"":{""date"":""2026-09-14"",""run_id"":""90b54bdec3334b93bd285d61c8cff0ef""},""join_samples"":{""date"":""2026-09-14"",""run_id"":""ea2747234a70431790c1691cf7dc34eb""},""upload_data"":{""date"":""2026-09-14"",""run_id"":""914cbeb6d8264f728ab6c19c744d0891""}}"
1728,728,"44.672814300000006 , -63.5312284","44.6723365 , -63.305238700000004",urban-urban,mixed,1914,"{""sample_routes"":{""date"":""2026-09-14"",""run_id"":""90b54bdec3334b93bd285d61c8cff0ef""},""join_samples"":{""date"":""2026-09-14"",""run_id"":""ea2747234a70431790c1691cf7dc34eb""},""upload_data"":{""date"":""2026-09-14"",""run_id"":""914cbeb6d8264f728ab6c19c744d0891""}}"
1730,730,"44.3717721 , -64.47456700000001","44.5061939 , -64.60911510000001",urban-urban,mixed,1685,"{""sample_routes"":{""date"":""2026-09-14"",""run_id"":""90b54bdec3334b93bd285d61c8cff0ef""},""join_samples"":{""date"":""2026-09-14"",""run_id"":""ea2747234a70431790c1691cf7dc34eb""},""upload_data"":{""date"":""2026-09-14"",""run_id"":""914cbeb6d8264f728ab6c19c744d0891""}}"
1731,731,"44.6528816 , -63.982891800000004","44.5819622 , -63.9121304",urban-urban,mixed,1916,"{""sample_routes"":{""date"":""2026-09-14"",""run_id"":""90b54bdec3334b93bd285d61c8cff0ef""},""join_samples"":{""date"":""2026-09-14"",""run_id"":""ea2747234a70431790c1691cf7dc34eb""},""upload_data"":{""date"":""2026-09-14"",""run_id"":""914cbeb6d8264f728ab6c19c744d0891""}}"
1732,732,"45.9749465 , -59.990149900000006","46.1062601 , -59.8583263",urban-urban,mixed,1684,"{""sample_routes"":{""date"":""2026-09-14"",""run_id"":""90b54bdec3334b93bd285d61c8cff0ef""},""join_samples"":{""date"":""2026-09-14"",""run_id"":""ea2747234a70431790c1691cf7dc34eb""},""upload_data"":{""date"":""2026-09-14"",""run_id"":""914cbeb6d8264f728ab6c19c744d0891""}}"
1734,734,"44.3422738 , -64.4585398","44.3417876 , -64.6806605",urban-rural,mixed,1917,"{""sample_routes"":{""date"":""2026-09-14"",""run_id"":""90b54bdec3334b93bd285d61c8cff0ef""},""join_samples"":{""date"":""2026-09-14"",""run_id"":""ea2747234a70431790c1691cf7dc34eb""},""upload_data"":{""date"":""2026-09-14"",""run_id"":""914cbeb6d8264f728ab6c19c744d0891""}}"
1738,738,"46.1046701 , -59.8654494","46.2155454 , -59.976673600000005",urban-urban,mixed,1919,"{""sample_routes"":{""date"":""2026-09-14"",""run_id"":""90b54bdec3334b93bd285d61c8cff0ef""},""join_samples"":{""date"":""2026-09-14"",""run_id"":""ea2747234a70431790c1691cf7dc34eb""},""upload_data"":{""date"":""2026-09-14"",""run_id"":""914cbeb6d8264f728ab6c19c744d0891""}}"
1740,740,"45.247609600000004 , -63.665362800000004","45.2482246 , -63.445882600000004",urban-urban,mixed,1681,"{""sample_routes"":{""date"":""2026-09-14"",""run_id"":""90b54bdec3334b93bd285d61c8cff0ef""},""join_samples"":{""date"":""2026-09-14"",""run_id"":""ea2747234a70431790c1691cf7dc34eb""},""upload_data"":{""date"":""2026-09-14"",""run_id"":""914cbeb6d8264f728ab6c19c744d0891""}}"
1743,743,"44.749935400000005 , -63.38024360000001","44.749325400000004 , -63.1116182",urban-rural,mixed,1921,"{""sample_routes"":{""date"":""2026-09-14"",""run_id"":""90b54bdec3334b93bd285d61c8cff0ef""},""join_samples"":{""date"":""2026-09-14"",""run_id"":""ea2747234a70431790c1691cf7dc34eb""},""upload_data"":{""date"":""2026-09-14"",""run_id"":""914cbeb6d8264f728ab6c19c744d0891""}}"
1745,745,"44.799053900000004 , -63.1563444","44.7996405 , -62.851607400000006",urban-urban,mixed,1921,"{""sample_routes"":{""date"":""2026-09-14"",""run_id"":""90b54bdec3334b93bd285d61c8cff0ef""},""join_samples"":{""date"":""2026-09-14"",""run_id"":""ea2747234a70431790c1691cf7dc34eb""},""upload_data"":{""date"":""2026-09-14"",""run_id"":""914cbeb6d8264f728ab6c19c744d0891""}}"
1746,746,"44.4758958 , -64.3208067","44.476475300000004 , -64.5764535",urban-rural,mixed,1679,"{""sample_routes"":{""date"":""2026-09-14"",""run_id"":""90b54bdec3334b93bd285d61c8cff0ef""},""join_samples"":{""date"":""2026-09-14"",""run_id"":""ea2747234a70431790c1691cf7dc34eb""},""upload_data"":{""date"":""2026-09-14"",""run_id"":""914cbeb6d8264f728ab6c19c744d0891""}}"
1749,749,"45.505573000000005 , -63.168916200000005","45.698128800000006 , -63.169559500000005",urban-urban,mixed,1923,"{""sample_routes"":{""date"":""2026-09-14"",""run_id"":""90b54bdec3334b93bd285d61c8cff0ef""},""join_samples"":{""date"":""2026-09-14"",""run_id"":""ea2747234a70431790c1691cf7dc34eb""},""upload_data"":{""date"":""2026-09-14"",""run_id"":""914cbeb6d8264f728ab6c19c744d0891""}}"
1751,751,"44.4081312 , -64.5629002","44.2555186 , -64.4097115",urban-rural,mixed,1923,"{""sample_routes"":{""date"":""2026-09-14"",""run_id"":""90b54bdec3334b93bd285d61c8cff0ef""},""join_samples"":{""date"":""2026-09-14"",""run_id"":""ea2747234a70431790c1691cf7dc34eb""},""upload_data"":{""date"":""2026-09-14"",""run_id"":""914cbeb6d8264f728ab6c19c744d0891""}}"
1754,754,"45.0423114 , -64.638664","45.1969992 , -64.6384273",rural-urban,mixed,1674,"{""sample_routes"":{""date"":""2026-09-14"",""run_id"":""90b54bdec3334b93bd285d61c8cff0ef""},""join_samples"":{""date"":""2026-09-14"",""run_id"":""ea2747234a70431790c1691cf7dc34eb""},""upload_data"":{""date"":""2026-09-14"",""run_id"":""914cbeb6d8264f728ab6c19c744d0891""}}"
1760,760,"44.6859793 , -64.5768085","44.6007107 , -64.6626779",urban-urban,mixed,1928,"{""sample_routes"":{""date"":""2026-09-14"",""run_id"":""90b54bdec3334b93bd285d61c8cff0ef""},""join_samples"":{""date"":""2026-09-14"",""run_id"":""ea2747234a70431790c1691cf7dc34eb""},""upload_data"":{""date"":""2026-09-14"",""run_id"":""914cbeb6d8264f728ab6c19c744d0891""}}"
1762,762,"45.599653100000005 , -62.6542284","45.767620300000004 , -62.821688400000006",urban-urban,mixed,1670,"{""sample_routes"":{""date"":""2026-09-14"",""run_id"":""90b54bdec3334b93bd285d61c8cff0ef""},""join_samples"":{""date"":""2026-09-14"",""run_id"":""ea2747234a70431790c1691cf7dc34eb""},""upload_data"":{""date"":""2026-09-14"",""run_id"":""914cbeb6d8264f728ab6c19c744d0891""}}"
1763,763,"45.137766500000005 , -63.1510845","45.0095262 , -63.279675600000004",urban-rural,mixed,1930,"{""sample_routes"":{""date"":""2026-09-14"",""run_id"":""90b54bdec3334b93bd285d61c8cff0ef""},""join_samples"":{""date"":""2026-09-14"",""run_id"":""ea2747234a70431790c1691cf7dc34eb""},""upload_data"":{""date"":""2026-09-14"",""run_id"":""914cbeb6d8264f728ab6c19c744d0891""}}"
1764,764,"45.382464600000006 , -61.9756561","45.535206300000006 , -61.975456900000005",urban-urban,mixed,1670,"{""sample_routes"":{""date"":""2026-09-14"",""run_id"":""90b54bdec3334b93bd285d61c8cff0ef""},""join_samples"":{""date"":""2026-09-14"",""run_id"":""ea2747234a70431790c1691cf7dc34eb""},""upload_data"":{""date"":""2026-09-14"",""run_id"":""914cbeb6d8264f728ab6c19c744d0891""}}"
1765,765,"44.8668611 , -63.629741700000004","45.114085100000004 , -63.381905100000004",urban-rural,mixed,1931,"{""sample_routes"":{""date"":""2026-09-14"",""run_id"":""90b54bdec3334b93bd285d61c8cff0ef""},""join_samples"":{""date"":""2026-09-14"",""run_id"":""ea2747234a70431790c1691cf7dc34eb""},""upload_data"":{""date"":""2026-09-14"",""run_id"":""914cbeb6d8264f728ab6c19c744d0891""}}"
1767,767,"45.511734000000004 , -61.473795300000006","45.350973800000006 , -61.473296000000005",urban-urban,mixed,1933,"{""sample_routes"":{""date"":""2026-09-14"",""run_id"":""90b54bdec3334b93bd285d61c8cff0ef""},""join_samples"":{""date"":""2026-09-14"",""run_id"":""ea2747234a70431790c1691cf7dc34eb""},""upload_data"":{""date"":""2026-09-14"",""run_id"":""914cbeb6d8264f728ab6c19c744d0891""}}"
1770,770,"44.3095598 , -64.556482","44.5140892 , -64.5565802",urban-urban,mixed,1935,"{""sample_routes"":{""date"":""2026-09-14"",""run_id"":""90b54bdec3334b93bd285d61c8cff0ef""},""join_samples"":{""date"":""2026-09-14"",""run_id"":""ea2747234a70431790c1691cf7dc34eb""},""upload_data"":{""date"":""2026-09-14"",""run_id"":""914cbeb6d8264f728ab6c19c744d0891""}}"
1772,772,"43.937090500000004 , -65.9857523","44.059727900000006 , -66.1082493",urban-urban,mixed,1665,"{""sample_routes"":{""date"":""2026-09-14"",""run_id"":""90b54bdec3334b93bd285d61c8cff0ef""},""join_samples"":{""date"":""2026-09-14"",""run_id"":""ea2747234a70431790c1691cf7dc34eb""},""upload_data"":{""date"":""2026-09-14"",""run_id"":""914cbeb6d8264f728ab6c19c744d0891""}}"
1776,776,"45.709882900000004 , -60.953697600000005","45.761735300000005 , -60.901657400000005",urban-rural,mixed,1937,"{""sample_routes"":{""date"":""2026-09-14"",""run_id"":""90b54bdec3334b93bd285d61c8cff0ef""},""join_samples"":{""date"":""2026-09-14"",""run_id"":""ea2747234a70431790c1691cf7dc34eb""},""upload_data"":{""date"":""2026-09-14"",""run_id"":""914cbeb6d8264f728ab6c19c744d0891""}}"
1777,777,"43.914640000000006 , -66.14738030000001","44.0600515 , -66.0013813",urban-urban,mixed,1937,"{""sample_routes"":{""date"":""2026-09-14"",""run_id"":""90b54bdec3334b93bd285d61c8cff0ef""},""join_samples"":{""date"":""2026-09-14"",""run_id"":""ea2747234a70431790c1691cf7dc34eb""},""upload_data"":{""date"":""2026-09-14"",""run_id"":""914cbeb6d8264f728ab6c19c744d0891""}}"
1778,778,"43.8088111 , -65.98077860000001","44.0169956 , -65.98034580000001",urban-urban,mixed,1937,"{""sample_routes"":{""date"":""2026-09-14"",""run_id"":""90b54bdec3334b93bd285d61c8cff0ef""},""join_samples"":{""date"":""2026-09-14"",""run_id"":""ea2747234a70431790c1691cf7dc34eb""},""upload_data"":{""date"":""2026-09-14"",""run_id"":""914cbeb6d8264f728ab6c19c744d0891""}}"
1779,779,"45.1509542 , -63.29727990000001","44.9573194 , -63.2971955",rural-rural,mixed,1937,"{""sample_routes"":{""date"":""2026-09-14"",""run_id"":""90b54bdec3334b93bd285d61c8cff0ef""},""join_samples"":{""date"":""2026-09-14"",""run_id"":""ea2747234a70431790c1691cf7dc34eb""},""upload_data"":{""date"":""2026-09-14"",""run_id"":""914cbeb6d8264f728ab6c19c744d0891""}}"
1781,781,"45.391070400000004 , -62.0490994","45.5534702 , -61.8872676",urban-urban,mixed,1939,"{""sample_routes"":{""date"":""2026-09-14"",""run_id"":""90b54bdec3334b93bd285d61c8cff0ef""},""join_samples"":{""date"":""2026-09-14"",""run_id"":""ea2747234a70431790c1691cf7dc34eb""},""upload_data"":{""date"":""2026-09-14"",""run_id"":""914cbeb6d8264f728ab6c19c744d0891""}}"
1782,782,"44.4509976 , -65.97722710000001","44.324179900000004 , -65.8498991",urban-urban,mixed,1660,"{""sample_routes"":{""date"":""2026-09-14"",""run_id"":""90b54bdec3334b93bd285d61c8cff0ef""},""join_samples"":{""date"":""2026-09-14"",""run_id"":""ea2747234a70431790c1691cf7dc34eb""},""upload_data"":{""date"":""2026-09-14"",""run_id"":""914cbeb6d8264f728ab6c19c744d0891""}}"
1784,784,"45.751877900000004 , -61.12697910000001","45.6214589 , -61.126580100000005",urban-rural,mixed,1941,"{""sample_routes"":{""date"":""2026-09-14"",""run_id"":""90b54bdec3334b93bd285d61c8cff0ef""},""join_samples"":{""date"":""2026-09-14"",""run_id"":""ea2747234a70431790c1691cf7dc34eb""},""upload_data"":{""date"":""2026-09-14"",""run_id"":""914cbeb6d8264f728ab6c19c744d0891""}}"
1786,786,"45.550037700000004 , -62.4144615","45.5494817 , -62.726907000000004",rural-urban,mixed,1658,"{""sample_routes"":{""date"":""2026-09-14"",""run_id"":""90b54bdec3334b93bd285d61c8cff0ef""},""join_samples"":{""date"":""2026-09-14"",""run_id"":""ea2747234a70431790c1691cf7dc34eb""},""upload_data"":{""date"":""2026-09-14"",""run_id"":""914cbeb6d8264f728ab6c19c744d0891""}}"
1787,787,"43.9125486 , -65.5035671","43.9933556 , -65.4231693",urban-urban,mixed,1657,"{""sample_routes"":{""date"":""2026-09-14"",""run_id"":""90b54bdec3334b93bd285d61c8cff0ef""},""join_samples"":{""date"":""2026-09-14"",""run_id"":""ea2747234a70431790c1691cf7dc34eb""},""upload_data"":{""date"":""2026-09-14"",""run_id"":""914cbeb6d8264f728ab6c19c744d0891""}}"
1789,789,"45.6538638 , -62.6851854","45.453514600000005 , -62.6846315",urban-rural,mixed,1944,"{""sample_routes"":{""date"":""2026-09-14"",""run_id"":""90b54bdec3334b93bd285d61c8cff0ef""},""join_samples"":{""date"":""2026-09-14"",""run_id"":""ea2747234a70431790c1691cf7dc34eb""},""upload_data"":{""date"":""2026-09-14"",""run_id"":""914cbeb6d8264f728ab6c19c744d0891""}}"
1790,790,"45.2066473 , -63.3080319","45.423555 , -63.308046600000004",urban-urban,mixed,1656,"{""sample_routes"":{""date"":""2026-09-14"",""run_id"":""90b54bdec3334b93bd285d61c8cff0ef""},""join_samples"":{""date"":""2026-09-14"",""run_id"":""ea2747234a70431790c1691cf7dc34eb""},""upload_data"":{""date"":""2026-09-14"",""run_id"":""914cbeb6d8264f728ab6c19c744d0891""}}"
1792,792,"44.9750518 , -63.4431772","45.163015 , -63.254667500000004",urban-urban,mixed,1946,"{""sample_routes"":{""date"":""2026-09-14"",""run_id"":""90b54bdec3334b93bd285d61c8cff0ef""},""join_samples"":{""date"":""2026-09-14"",""run_id"":""ea2747234a70431790c1691cf7dc34eb""},""upload_data"":{""date"":""2026-09-14"",""run_id"":""914cbeb6d8264f728ab6c19c744d0891""}}"
1793,793,"43.8869266 , -65.37059430000001","43.995735 , -65.4787914",urban-urban,mixed,1946,"{""sample_routes"":{""date"":""2026-09-14"",""run_id"":""90b54bdec3334b93bd285d61c8cff0ef""},""join_samples"":{""date"":""2026-09-14"",""run_id"":""ea2747234a70431790c1691cf7dc34eb""},""upload_data"":{""date"":""2026-09-14"",""run_id"":""914cbeb6d8264f728ab6c19c744d0891""}}"
1796,796,"44.3201139 , -64.5356732","44.499935400000005 , -64.5362085",urban-urban,mixed,1948,"{""sample_routes"":{""date"":""2026-09-14"",""run_id"":""90b54bdec3334b93bd285d61c8cff0ef""},""join_samples"":{""date"":""2026-09-14"",""run_id"":""ea2747234a70431790c1691cf7dc34eb""},""upload_data"":{""date"":""2026-09-14"",""run_id"":""914cbeb6d8264f728ab6c19c744d0891""}}"
1802,802,"45.297613000000005 , -63.27988980000001","45.091417500000006 , -63.4856254",urban-urban,mixed,1951,"{""sample_routes"":{""date"":""2026-09-14"",""run_id"":""90b54bdec3334b93bd285d61c8cff0ef""},""join_samples"":{""date"":""2026-09-14"",""run_id"":""ea2747234a70431790c1691cf7dc34eb""},""upload_data"":{""date"":""2026-09-14"",""run_id"":""914cbeb6d8264f728ab6c19c744d0891""}}"
1806,806,"44.850436200000004 , -65.1020108","45.0348747 , -64.9172432",urban-rural,mixed,1953,"{""sample_routes"":{""date"":""2026-09-14"",""run_id"":""90b54bdec3334b93bd285d61c8cff0ef""},""join_samples"":{""date"":""2026-09-14"",""run_id"":""ea2747234a70431790c1691cf7dc34eb""},""upload_data"":{""date"":""2026-09-14"",""run_id"":""914cbeb6d8264f728ab6c19c744d0891""}}"
1812,812,"45.6714222 , -62.605957700000005","45.6710566 , -62.8429949",urban-urban,mixed,1955,"{""sample_routes"":{""date"":""2026-09-14"",""run_id"":""90b54bdec3334b93bd285d61c8cff0ef""},""join_samples"":{""date"":""2026-09-14"",""run_id"":""ea2747234a70431790c1691cf7dc34eb""},""upload_data"":{""date"":""2026-09-14"",""run_id"":""914cbeb6d8264f728ab6c19c744d0891""}}"
1813,813,"46.157309000000005 , -61.31379510000001","45.9743298 , -61.497041800000005",urban-urban,mixed,1956,"{""sample_routes"":{""date"":""2026-09-14"",""run_id"":""90b54bdec3334b93bd285d61c8cff0ef""},""join_samples"":{""date"":""2026-09-14"",""run_id"":""ea2747234a70431790c1691cf7dc34eb""},""upload_data"":{""date"":""2026-09-14"",""run_id"":""914cbeb6d8264f728ab6c19c744d0891""}}"
1818,818,"44.9209673 , -64.51884960000001","45.1303871 , -64.51926130000001",rural-urban,mixed,1958,"{""sample_routes"":{""date"":""2026-09-14"",""run_id"":""90b54bdec3334b93bd285d61c8cff0ef""},""join_samples"":{""date"":""2026-09-14"",""run_id"":""ea2747234a70431790c1691cf7dc34eb""},""upload_data"":{""date"":""2026-09-14"",""run_id"":""914cbeb6d8264f728ab6c19c744d0891""}}"
1822,822,"44.3385193 , -64.3429551","44.512768900000005 , -64.5169443",rural-urban,mixed,1960,"{""sample_routes"":{""date"":""2026-09-14"",""run_id"":""90b54bdec3334b93bd285d61c8cff0ef""},""join_samples"":{""date"":""2026-09-14"",""run_id"":""ea2747234a70431790c1691cf7dc34eb""},""upload_data"":{""date"":""2026-09-14"",""run_id"":""914cbeb6d8264f728ab6c19c744d0891""}}"
1823,823,"44.992079700000005 , -64.1970007","44.8181431 , -64.19744820000001",urban-urban,mixed,1640,"{""sample_routes"":{""date"":""2026-09-14"",""run_id"":""90b54bdec3334b93bd285d61c8cff0ef""},""join_samples"":{""date"":""2026-09-14"",""run_id"":""ea2747234a70431790c1691cf7dc34eb""},""upload_data"":{""date"":""2026-09-14"",""run_id"":""914cbeb6d8264f728ab6c19c744d0891""}}"
1825,825,"45.7098625 , -61.067432800000006","45.5178929 , -61.0677783",rural-urban,mixed,1961,"{""sample_routes"":{""date"":""2026-09-14"",""run_id"":""90b54bdec3334b93bd285d61c8cff0ef""},""join_samples"":{""date"":""2026-09-14"",""run_id"":""ea2747234a70431790c1691cf7dc34eb""},""upload_data"":{""date"":""2026-09-14"",""run_id"":""914cbeb6d8264f728ab6c19c744d0891""}}"
1826,826,"43.880209300000004 , -65.7435986","43.880644600000004 , -65.9747665",urban-urban,mixed,1961,"{""sample_routes"":{""date"":""2026-09-14"",""run_id"":""90b54bdec3334b93bd285d61c8cff0ef""},""join_samples"":{""date"":""2026-09-14"",""run_id"":""ea2747234a70431790c1691cf7dc34eb""},""upload_data"":{""date"":""2026-09-14"",""run_id"":""914cbeb6d8264f728ab6c19c744d0891""}}"
1828,828,"44.5344758 , -64.4771398","44.4500383 , -64.47773810000001",urban-urban,mixed,1638,"{""sample_routes"":{""date"":""2026-09-14"",""run_id"":""90b54bdec3334b93bd285d61c8cff0ef""},""join_samples"":{""date"":""2026-09-14"",""run_id"":""ea2747234a70431790c1691cf7dc34eb""},""upload_data"":{""date"":""2026-09-14"",""run_id"":""914cbeb6d8264f728ab6c19c744d0891""}}"
1829,829,"46.0499336 , -60.1719944","46.218460900000004 , -60.003255200000005",urban-urban,mixed,1962,"{""sample_routes"":{""date"":""2026-09-14"",""run_id"":""90b54bdec3334b93bd285d61c8cff0ef""},""join_samples"":{""date"":""2026-09-14"",""run_id"":""ea2747234a70431790c1691cf7dc34eb""},""upload_data"":{""date"":""2026-09-14"",""run_id"":""914cbeb6d8264f728ab6c19c744d0891""}}"
1831,831,"45.9158926 , -61.462987500000004","46.0697534 , -61.4632316",urban-urban,mixed,1637,"{""sample_routes"":{""date"":""2026-09-14"",""run_id"":""90b54bdec3334b93bd285d61c8cff0ef""},""join_samples"":{""date"":""2026-09-14"",""run_id"":""ea2747234a70431790c1691cf7dc34eb""},""upload_data"":{""date"":""2026-09-14"",""run_id"":""914cbeb6d8264f728ab6c19c744d0891""}}"
1832,832,"45.559915800000006 , -62.424791500000005","45.6946324 , -62.2899109",rural-urban,mixed,1636,"{""sample_routes"":{""date"":""2026-09-14"",""run_id"":""90b54bdec3334b93bd285d61c8cff0ef""},""join_samples"":{""date"":""2026-09-14"",""run_id"":""ea2747234a70431790c1691cf7dc34eb""},""upload_data"":{""date"":""2026-09-14"",""run_id"":""914cbeb6d8264f728ab6c19c744d0891""}}"
1835,835,"46.047462700000004 , -61.453258700000006","45.874471500000006 , -61.452696700000004",urban-urban,mixed,1965,"{""sample_routes"":{""date"":""2026-09-14"",""run_id"":""90b54bdec3334b93bd285d61c8cff0ef""},""join_samples"":{""date"":""2026-09-14"",""run_id"":""ea2747234a70431790c1691cf7dc34eb""},""upload_data"":{""date"":""2026-09-14"",""run_id"":""914cbeb6d8264f728ab6c19c744d0891""}}"
1837,837,"46.131757400000005 , -60.1918973","45.943237200000006 , -60.1924721",urban-urban,mixed,1635,"{""sample_routes"":{""date"":""2026-09-14"",""run_id"":""90b54bdec3334b93bd285d61c8cff0ef""},""join_samples"":{""date"":""2026-09-14"",""run_id"":""ea2747234a70431790c1691cf7dc34eb""},""upload_data"":{""date"":""2026-09-14"",""run_id"":""914cbeb6d8264f728ab6c19c744d0891""}}"
1839,839,"44.708237100000005 , -63.5834163","44.9731237 , -63.58353400000001",urban-urban,mixed,1966,"{""sample_routes"":{""date"":""2026-09-14"",""run_id"":""90b54bdec3334b93bd285d61c8cff0ef""},""join_samples"":{""date"":""2026-09-14"",""run_id"":""ea2747234a70431790c1691cf7dc34eb""},""upload_data"":{""date"":""2026-09-14"",""run_id"":""914cbeb6d8264f728ab6c19c744d0891""}}"
1843,843,"44.3931156 , -64.7170811","44.241054000000005 , -64.5652692",urban-urban,mixed,1966,"{""sample_routes"":{""date"":""2026-09-14"",""run_id"":""90b54bdec3334b93bd285d61c8cff0ef""},""join_samples"":{""date"":""2026-09-14"",""run_id"":""ea2747234a70431790c1691cf7dc34eb""},""upload_data"":{""date"":""2026-09-14"",""run_id"":""914cbeb6d8264f728ab6c19c744d0891""}}"
1846,846,"44.907647700000005 , -64.4318452","45.063769900000004 , -64.5886088",urban-urban,mixed,1968,"{""sample_routes"":{""date"":""2026-09-14"",""run_id"":""90b54bdec3334b93bd285d61c8cff0ef""},""join_samples"":{""date"":""2026-09-14"",""run_id"":""ea2747234a70431790c1691cf7dc34eb""},""upload_data"":{""date"":""2026-09-14"",""run_id"":""914cbeb6d8264f728ab6c19c744d0891""}}"
1849,849,"45.254435 , -63.3410395","45.4332823 , -63.3408366",urban-urban,mixed,1631,"{""sample_routes"":{""date"":""2026-09-14"",""run_id"":""90b54bdec3334b93bd285d61c8cff0ef""},""join_samples"":{""date"":""2026-09-14"",""run_id"":""ea2747234a70431790c1691cf7dc34eb""},""upload_data"":{""date"":""2026-09-14"",""run_id"":""914cbeb6d8264f728ab6c19c744d0891""}}"
1850,850,"46.231017300000005 , -60.2256519","46.205612900000006 , -60.1996211",urban-rural,mixed,1969,"{""sample_routes"":{""date"":""2026-09-14"",""run_id"":""90b54bdec3334b93bd285d61c8cff0ef""},""join_samples"":{""date"":""2026-09-14"",""run_id"":""ea2747234a70431790c1691cf7dc34eb""},""upload_data"":{""date"":""2026-09-14"",""run_id"":""914cbeb6d8264f728ab6c19c744d0891""}}"
1851,851,"45.4911224 , -62.064527600000005","45.3161974 , -62.06390390000001",urban-urban,mixed,1970,"{""sample_routes"":{""date"":""2026-09-14"",""run_id"":""90b54bdec3334b93bd285d61c8cff0ef""},""join_samples"":{""date"":""2026-09-14"",""run_id"":""ea2747234a70431790c1691cf7dc34eb""},""upload_data"":{""date"":""2026-09-14"",""run_id"":""914cbeb6d8264f728ab6c19c744d0891""}}"
1852,852,"44.8467567 , -62.618861","44.8461142 , -62.4607436",urban-urban,mixed,1971,"{""sample_routes"":{""date"":""2026-09-14"",""run_id"":""90b54bdec3334b93bd285d61c8cff0ef""},""join_samples"":{""date"":""2026-09-14"",""run_id"":""ea2747234a70431790c1691cf7dc34eb""},""upload_data"":{""date"":""2026-09-14"",""run_id"":""914cbeb6d8264f728ab6c19c744d0891""}}"
1853,853,"44.6199616 , -64.3145791","44.3771245 , -64.3144997",urban-urban,mixed,1971,"{""sample_routes"":{""date"":""2026-09-14"",""run_id"":""90b54bdec3334b93bd285d61c8cff0ef""},""join_samples"":{""date"":""2026-09-14"",""run_id"":""ea2747234a70431790c1691cf7dc34eb""},""upload_data"":{""date"":""2026-09-14"",""run_id"":""914cbeb6d8264f728ab6c19c744d0891""}}"
1854,854,"44.430033 , -64.5165466","44.287880900000005 , -64.6591689",urban-rural,mixed,1628,"{""sample_routes"":{""date"":""2026-09-14"",""run_id"":""90b54bdec3334b93bd285d61c8cff0ef""},""join_samples"":{""date"":""2026-09-14"",""run_id"":""ea2747234a70431790c1691cf7dc34eb""},""upload_data"":{""date"":""2026-09-14"",""run_id"":""914cbeb6d8264f728ab6c19c744d0891""}}"
1856,856,"45.605708400000005 , -62.2240412","45.6062595 , -62.37203280000001",urban-urban,mixed,1627,"{""sample_routes"":{""date"":""2026-09-14"",""run_id"":""90b54bdec3334b93bd285d61c8cff0ef""},""join_samples"":{""date"":""2026-09-14"",""run_id"":""ea2747234a70431790c1691cf7dc34eb""},""upload_data"":{""date"":""2026-09-14"",""run_id"":""914cbeb6d8264f728ab6c19c744d0891""}}"
1857,857,"45.9674069 , -60.2802626","46.0489471 , -60.36158640000001",urban-rural,mixed,1627,"{""sample_routes"":{""date"":""2026-09-14"",""run_id"":""90b54bdec3334b93bd285d61c8cff0ef""},""join_samples"":{""date"":""2026-09-14"",""run_id"":""ea2747234a70431790c1691cf7dc34eb""},""upload_data"":{""date"":""2026-09-14"",""run_id"":""914cbeb6d8264f728ab6c19c744d0891""}}"
1858,858,"44.8283878 , -64.1892528","44.8282717 , -64.3856408",urban-urban,mixed,1627,"{""sample_routes"":{""date"":""2026-09-14"",""run_id"":""90b54bdec3334b93bd285d61c8cff0ef""},""join_samples"":{""date"":""2026-09-14"",""run_id"":""ea2747234a70431790c1691cf7dc34eb""},""upload_data"":{""date"":""2026-09-14"",""run_id"":""914cbeb6d8264f728ab6c19c744d0891""}}"
1860,860,"44.656109300000004 , -63.320778100000005","44.6559837 , -63.5269448",rural-urban,mixed,1975,"{""sample_routes"":{""date"":""2026-09-14"",""run_id"":""90b54bdec3334b93bd285d61c8cff0ef""},""join_samples"":{""date"":""2026-09-14"",""run_id"":""ea2747234a70431790c1691cf7dc34eb""},""upload_data"":{""date"":""2026-09-14"",""run_id"":""914cbeb6d8264f728ab6c19c744d0891""}}"
1862,862,"44.961314 , -63.8995594","44.9617705 , -63.769815300000005",rural-urban,mixed,1975,"{""sample_routes"":{""date"":""2026-09-14"",""run_id"":""90b54bdec3334b93bd285d61c8cff0ef""},""join_samples"":{""date"":""2026-09-14"",""run_id"":""ea2747234a70431790c1691cf7dc34eb""},""upload_data"":{""date"":""2026-09-14"",""run_id"":""914cbeb6d8264f728ab6c19c744d0891""}}"
1863,863,"44.3518209 , -64.9514912","44.471028100000005 , -65.070974",urban-urban,mixed,1624,"{""sample_routes"":{""date"":""2026-09-14"",""run_id"":""90b54bdec3334b93bd285d61c8cff0ef""},""join_samples"":{""date"":""2026-09-14"",""run_id"":""ea2747234a70431790c1691cf7dc34eb""},""upload_data"":{""date"":""2026-09-14"",""run_id"":""914cbeb6d8264f728ab6c19c744d0891""}}"
1867,867,"44.3719483 , -64.79996940000001","44.3718669 , -64.50941490000001",urban-urban,mixed,1977,"{""sample_routes"":{""date"":""2026-09-14"",""run_id"":""90b54bdec3334b93bd285d61c8cff0ef""},""join_samples"":{""date"":""2026-09-14"",""run_id"":""ea2747234a70431790c1691cf7dc34eb""},""upload_data"":{""date"":""2026-09-14"",""run_id"":""914cbeb6d8264f728ab6c19c744d0891""}}"
1869,869,"44.9674551 , -63.792242200000004","44.9676035 , -63.914250200000005",urban-rural,mixed,1978,"{""sample_routes"":{""date"":""2026-09-14"",""run_id"":""90b54bdec3334b93bd285d61c8cff0ef""},""join_samples"":{""date"":""2026-09-14"",""run_id"":""ea2747234a70431790c1691cf7dc34eb""},""upload_data"":{""date"":""2026-09-14"",""run_id"":""914cbeb6d8264f728ab6c19c744d0891""}}"
1873,873,"44.827963700000005 , -64.1972485","44.828028700000004 , -64.3848949",urban-urban,mixed,1621,"{""sample_routes"":{""date"":""2026-09-14"",""run_id"":""90b54bdec3334b93bd285d61c8cff0ef""},""join_samples"":{""date"":""2026-09-14"",""run_id"":""ea2747234a70431790c1691cf7dc34eb""},""upload_data"":{""date"":""2026-09-14"",""run_id"":""914cbeb6d8264f728ab6c19c744d0891""}}"
1876,876,"44.0854465 , -65.78160480000001","43.926776600000004 , -65.9399526",urban-rural,mixed,1981,"{""sample_routes"":{""date"":""2026-09-14"",""run_id"":""90b54bdec3334b93bd285d61c8cff0ef""},""join_samples"":{""date"":""2026-09-14"",""run_id"":""ea2747234a70431790c1691cf7dc34eb""},""upload_data"":{""date"":""2026-09-14"",""run_id"":""914cbeb6d8264f728ab6c19c744d0891""}}"
1877,877,"45.7160251 , -61.336170900000006","45.5479167 , -61.335660000000004",urban-urban,mixed,1982,"{""sample_routes"":{""date"":""2026-09-14"",""run_id"":""90b54bdec3334b93bd285d61c8cff0ef""},""join_samples"":{""date"":""2026-09-14"",""run_id"":""ea2747234a70431790c1691cf7dc34eb""},""upload_data"":{""date"":""2026-09-14"",""run_id"":""914cbeb6d8264f728ab6c19c744d0891""}}"
1878,878,"44.983372900000006 , -63.431270000000005","44.7819912 , -63.632678000000006",urban-rural,mixed,1983,"{""sample_routes"":{""date"":""2026-09-14"",""run_id"":""90b54bdec3334b93bd285d61c8cff0ef""},""join_samples"":{""date"":""2026-09-14"",""run_id"":""ea2747234a70431790c1691cf7dc34eb""},""upload_data"":{""date"":""2026-09-14"",""run_id"":""914cbeb6d8264f728ab6c19c744d0891""}}"
1882,882,"43.603099300000004 , -65.52115450000001","43.800734500000004 , -65.5215221",urban-urban,mixed,1985,"{""sample_routes"":{""date"":""2026-09-14"",""run_id"":""90b54bdec3334b93bd285d61c8cff0ef""},""join_samples"":{""date"":""2026-09-14"",""run_id"":""ea2747234a70431790c1691cf7dc34eb""},""upload_data"":{""date"":""2026-09-14"",""run_id"":""914cbeb6d8264f728ab6c19c744d0891""}}"
1883,883,"44.6063374 , -65.5308478","44.8119906 , -65.53039270000001",urban-rural,mixed,1985,"{""sample_routes"":{""date"":""2026-09-14"",""run_id"":""90b54bdec3334b93bd285d61c8cff0ef""},""join_samples"":{""date"":""2026-09-14"",""run_id"":""ea2747234a70431790c1691cf7dc34eb""},""upload_data"":{""date"":""2026-09-14"",""run_id"":""914cbeb6d8264f728ab6c19c744d0891""}}"
1884,884,"44.797079800000006 , -65.5730499","44.7966215 , -65.3697985",urban-rural,mixed,1986,"{""sample_routes"":{""date"":""2026-09-14"",""run_id"":""90b54bdec3334b93bd285d61c8cff0ef""},""join_samples"":{""date"":""2026-09-14"",""run_id"":""ea2747234a70431790c1691cf7dc34eb""},""upload_data"":{""date"":""2026-09-14"",""run_id"":""914cbeb6d8264f728ab6c19c744d0891""}}"
1885,885,"46.038279800000005 , -60.05082","45.881284 , -60.05037840000001",urban-urban,mixed,1986,"{""sample_routes"":{""date"":""2026-09-14"",""run_id"":""90b54bdec3334b93bd285d61c8cff0ef""},""join_samples"":{""date"":""2026-09-14"",""run_id"":""ea2747234a70431790c1691cf7dc34eb""},""upload_data"":{""date"":""2026-09-14"",""run_id"":""914cbeb6d8264f728ab6c19c744d0891""}}"
1886,886,"45.1535522 , -63.4100211","44.9952611 , -63.251178800000005",urban-urban,mixed,1986,"{""sample_routes"":{""date"":""2026-09-14"",""run_id"":""90b54bdec3334b93bd285d61c8cff0ef""},""join_samples"":{""date"":""2026-09-14"",""run_id"":""ea2747234a70431790c1691cf7dc34eb""},""upload_data"":{""date"":""2026-09-14"",""run_id"":""914cbeb6d8264f728ab6c19c744d0891""}}"
1888,888,"45.356821800000006 , -61.941043","45.3561862 , -61.7488832",urban-urban,mixed,1987,"{""sample_routes"":{""date"":""2026-09-14"",""run_id"":""90b54bdec3334b93bd285d61c8cff0ef""},""join_samples"":{""date"":""2026-09-14"",""run_id"":""ea2747234a70431790c1691cf7dc34eb""},""upload_data"":{""date"":""2026-09-14"",""run_id"":""914cbeb6d8264f728ab6c19c744d0891""}}"
1889,889,"45.0193281 , -62.757386000000004","45.1281772 , -62.7571725",rural-urban,mixed,1987,"{""sample_routes"":{""date"":""2026-09-14"",""run_id"":""90b54bdec3334b93bd285d61c8cff0ef""},""join_samples"":{""date"":""2026-09-14"",""run_id"":""ea2747234a70431790c1691cf7dc34eb""},""upload_data"":{""date"":""2026-09-14"",""run_id"":""914cbeb6d8264f728ab6c19c744d0891""}}"
1890,890,"45.9409901 , -60.325014700000004","45.775853600000005 , -60.325372800000004",urban-urban,mixed,1612,"{""sample_routes"":{""date"":""2026-09-14"",""run_id"":""90b54bdec3334b93bd285d61c8cff0ef""},""join_samples"":{""date"":""2026-09-14"",""run_id"":""ea2747234a70431790c1691cf7dc34eb""},""upload_data"":{""date"":""2026-09-14"",""run_id"":""914cbeb6d8264f728ab6c19c744d0891""}}"
1891,891,"43.9026511 , -66.0071396","44.0212997 , -66.12514900000001",urban-urban,mixed,1612,"{""sample_routes"":{""date"":""2026-09-14"",""run_id"":""90b54bdec3334b93bd285d61c8cff0ef""},""join_samples"":{""date"":""2026-09-14"",""run_id"":""ea2747234a70431790c1691cf7dc34eb""},""upload_data"":{""date"":""2026-09-14"",""run_id"":""914cbeb6d8264f728ab6c19c744d0891""}}"
1894,894,"45.5365022 , -62.1282086","45.404652000000006 , -61.996573000000005",urban-urban,mixed,1989,"{""sample_routes"":{""date"":""2026-09-14"",""run_id"":""90b54bdec3334b93bd285d61c8cff0ef""},""join_samples"":{""date"":""2026-09-14"",""run_id"":""ea2747234a70431790c1691cf7dc34eb""},""upload_data"":{""date"":""2026-09-14"",""run_id"":""914cbeb6d8264f728ab6c19c744d0891""}}"
1896,896,"46.115888600000005 , -60.183334800000004","46.246584000000006 , -60.05258860000001",urban-rural,mixed,1610,"{""sample_routes"":{""date"":""2026-09-14"",""run_id"":""90b54bdec3334b93bd285d61c8cff0ef""},""join_samples"":{""date"":""2026-09-14"",""run_id"":""ea2747234a70431790c1691cf7dc34eb""},""upload_data"":{""date"":""2026-09-14"",""run_id"":""914cbeb6d8264f728ab6c19c744d0891""}}"
1897,897,"45.137541600000006 , -63.37279290000001","45.254402400000004 , -63.490245900000005",urban-rural,mixed,1609,"{""sample_routes"":{""date"":""2026-09-14"",""run_id"":""90b54bdec3334b93bd285d61c8cff0ef""},""join_samples"":{""date"":""2026-09-14"",""run_id"":""ea2747234a70431790c1691cf7dc34eb""},""upload_data"":{""date"":""2026-09-14"",""run_id"":""914cbeb6d8264f728ab6c19c744d0891""}}"
1902,902,"45.5509714 , -62.298365700000005","45.6388095 , -62.385566600000004",urban-urban,mixed,1608,"{""sample_routes"":{""date"":""2026-09-14"",""run_id"":""90b54bdec3334b93bd285d61c8cff0ef""},""join_samples"":{""date"":""2026-09-14"",""run_id"":""ea2747234a70431790c1691cf7dc34eb""},""upload_data"":{""date"":""2026-09-14"",""run_id"":""914cbeb6d8264f728ab6c19c744d0891""}}"
1905,905,"44.9325009 , -63.7835272","45.014826500000005 , -63.86601340000001",urban-urban,mixed,1993,"{""sample_routes"":{""date"":""2026-09-14"",""run_id"":""90b54bdec3334b93bd285d61c8cff0ef""},""join_samples"":{""date"":""2026-09-14"",""run_id"":""ea2747234a70431790c1691cf7dc34eb""},""upload_data"":{""date"":""2026-09-14"",""run_id"":""914cbeb6d8264f728ab6c19c744d0891""}}"
1908,908,"45.099994200000005 , -64.25770320000001","45.2304894 , -64.3886348",rural-urban,mixed,1995,"{""sample_routes"":{""date"":""2026-09-14"",""run_id"":""90b54bdec3334b93bd285d61c8cff0ef""},""join_samples"":{""date"":""2026-09-14"",""run_id"":""ea2747234a70431790c1691cf7dc34eb""},""upload_data"":{""date"":""2026-09-14"",""run_id"":""914cbeb6d8264f728ab6c19c744d0891""}}"
1909,909,"46.0289383 , -60.3010524","46.276239100000005 , -60.300614800000005",urban-urban,mixed,1995,"{""sample_routes"":{""date"":""2026-09-14"",""run_id"":""90b54bdec3334b93bd285d61c8cff0ef""},""join_samples"":{""date"":""2026-09-14"",""run_id"":""ea2747234a70431790c1691cf7dc34eb""},""upload_data"":{""date"":""2026-09-14"",""run_id"":""914cbeb6d8264f728ab6c19c744d0891""}}"
1911,911,"44.671033900000005 , -63.5354115","44.670846100000006 , -63.304745800000006",urban-urban,mixed,1995,"{""sample_routes"":{""date"":""2026-09-14"",""run_id"":""90b54bdec3334b93bd285d61c8cff0ef""},""join_samples"":{""date"":""2026-09-14"",""run_id"":""ea2747234a70431790c1691cf7dc34eb""},""upload_data"":{""date"":""2026-09-14"",""run_id"":""914cbeb6d8264f728ab6c19c744d0891""}}"
1913,913,"46.107682200000006 , -60.201874800000006","46.2442417 , -60.06592920000001",urban-urban,mixed,1600,"{""sample_routes"":{""date"":""2026-09-14"",""run_id"":""90b54bdec3334b93bd285d61c8cff0ef""},""join_samples"":{""date"":""2026-09-14"",""run_id"":""ea2747234a70431790c1691cf7dc34eb""},""upload_data"":{""date"":""2026-09-14"",""run_id"":""914cbeb6d8264f728ab6c19c744d0891""}}"
1915,915,"44.5210914 , -64.7920903","44.5216609 , -64.5924511",urban-urban,mixed,1599,"{""sample_routes"":{""date"":""2026-09-14"",""run_id"":""90b54bdec3334b93bd285d61c8cff0ef""},""join_samples"":{""date"":""2026-09-14"",""run_id"":""ea2747234a70431790c1691cf7dc34eb""},""upload_data"":{""date"":""2026-09-14"",""run_id"":""914cbeb6d8264f728ab6c19c744d0891""}}"
1916,916,"45.604539300000006 , -61.12686720000001","45.6040721 , -60.742923600000005",urban-urban,mixed,2001,"{""sample_routes"":{""date"":""2026-09-14"",""run_id"":""90b54bdec3334b93bd285d61c8cff0ef""},""join_samples"":{""date"":""2026-09-14"",""run_id"":""ea2747234a70431790c1691cf7dc34eb""},""upload_data"":{""date"":""2026-09-14"",""run_id"":""914cbeb6d8264f728ab6c19c744d0891""}}"
1919,919,"45.9243207 , -60.656516","45.9237465 , -60.908929400000005",urban-urban,mixed,2004,"{""sample_routes"":{""date"":""2026-09-14"",""run_id"":""90b54bdec3334b93bd285d61c8cff0ef""},""join_samples"":{""date"":""2026-09-14"",""run_id"":""ea2747234a70431790c1691cf7dc34eb""},""upload_data"":{""date"":""2026-09-14"",""run_id"":""914cbeb6d8264f728ab6c19c744d0891""}}"
1922,922,"46.077710700000004 , -60.25508000000001","45.9059262 , -60.2553926",urban-urban,mixed,2007,"{""sample_routes"":{""date"":""2026-09-14"",""run_id"":""90b54bdec3334b93bd285d61c8cff0ef""},""join_samples"":{""date"":""2026-09-14"",""run_id"":""ea2747234a70431790c1691cf7dc34eb""},""upload_data"":{""date"":""2026-09-14"",""run_id"":""914cbeb6d8264f728ab6c19c744d0891""}}"
1923,923,"44.9910626 , -64.1759696","44.9905532 , -64.3658769",urban-urban,mixed,2007,"{""sample_routes"":{""date"":""2026-09-14"",""run_id"":""90b54bdec3334b93bd285d61c8cff0ef""},""join_samples"":{""date"":""2026-09-14"",""run_id"":""ea2747234a70431790c1691cf7dc34eb""},""upload_data"":{""date"":""2026-09-14"",""run_id"":""914cbeb6d8264f728ab6c19c744d0891""}}"
1928,928,"45.0853589 , -64.5091088","44.963921400000004 , -64.38764",urban-urban,mixed,2011,"{""sample_routes"":{""date"":""2026-09-14"",""run_id"":""90b54bdec3334b93bd285d61c8cff0ef""},""join_samples"":{""date"":""2026-09-14"",""run_id"":""ea2747234a70431790c1691cf7dc34eb""},""upload_data"":{""date"":""2026-09-14"",""run_id"":""914cbeb6d8264f728ab6c19c744d0891""}}"
1931,931,"44.8465945 , -65.32480120000001","44.709916 , -65.18829050000001",urban-urban,mixed,1588,"{""sample_routes"":{""date"":""2026-09-14"",""run_id"":""90b54bdec3334b93bd285d61c8cff0ef""},""join_samples"":{""date"":""2026-09-14"",""run_id"":""ea2747234a70431790c1691cf7dc34eb""},""upload_data"":{""date"":""2026-09-14"",""run_id"":""914cbeb6d8264f728ab6c19c744d0891""}}"
1932,932,"45.247897900000005 , -63.6655189","45.0933438 , -63.665807",urban-rural,mixed,1587,"{""sample_routes"":{""date"":""2026-09-14"",""run_id"":""90b54bdec3334b93bd285d61c8cff0ef""},""join_samples"":{""date"":""2026-09-14"",""run_id"":""ea2747234a70431790c1691cf7dc34eb""},""upload_data"":{""date"":""2026-09-14"",""run_id"":""914cbeb6d8264f728ab6c19c744d0891""}}"
1933,933,"44.7821249 , -65.0696473","44.931034000000004 , -65.21889870000001",urban-rural,mixed,2013,"{""sample_routes"":{""date"":""2026-09-14"",""run_id"":""90b54bdec3334b93bd285d61c8cff0ef""},""join_samples"":{""date"":""2026-09-14"",""run_id"":""ea2747234a70431790c1691cf7dc34eb""},""upload_data"":{""date"":""2026-09-14"",""run_id"":""914cbeb6d8264f728ab6c19c744d0891""}}"
1935,935,"43.590861600000004 , -65.6369177","43.4498053 , -65.6371779",urban-urban,mixed,1585,"{""sample_routes"":{""date"":""2026-09-14"",""run_id"":""90b54bdec3334b93bd285d61c8cff0ef""},""join_samples"":{""date"":""2026-09-14"",""run_id"":""ea2747234a70431790c1691cf7dc34eb""},""upload_data"":{""date"":""2026-09-14"",""run_id"":""914cbeb6d8264f728ab6c19c744d0891""}}"
1937,937,"44.651649400000004 , -63.8999078","44.496816900000006 , -63.9001518",urban-rural,mixed,1582,"{""sample_routes"":{""date"":""2026-09-14"",""run_id"":""90b54bdec3334b93bd285d61c8cff0ef""},""join_samples"":{""date"":""2026-09-14"",""run_id"":""ea2747234a70431790c1691cf7dc34eb""},""upload_data"":{""date"":""2026-09-14"",""run_id"":""914cbeb6d8264f728ab6c19c744d0891""}}"
1939,939,"44.622960500000005 , -63.6167111","44.467477300000006 , -63.616125000000004",urban-rural,mixed,1581,"{""sample_routes"":{""date"":""2026-09-14"",""run_id"":""90b54bdec3334b93bd285d61c8cff0ef""},""join_samples"":{""date"":""2026-09-14"",""run_id"":""ea2747234a70431790c1691cf7dc34eb""},""upload_data"":{""date"":""2026-09-14"",""run_id"":""914cbeb6d8264f728ab6c19c744d0891""}}"
1941,941,"44.8334004 , -63.59478060000001","44.9518129 , -63.594773100000005",urban-urban,mixed,2023,"{""sample_routes"":{""date"":""2026-09-14"",""run_id"":""90b54bdec3334b93bd285d61c8cff0ef""},""join_samples"":{""date"":""2026-09-14"",""run_id"":""ea2747234a70431790c1691cf7dc34eb""},""upload_data"":{""date"":""2026-09-14"",""run_id"":""914cbeb6d8264f728ab6c19c744d0891""}}"
1945,945,"45.944864700000004 , -61.0514591","46.0265593 , -61.133415600000006",urban-rural,mixed,1576,"{""sample_routes"":{""date"":""2026-09-14"",""run_id"":""90b54bdec3334b93bd285d61c8cff0ef""},""join_samples"":{""date"":""2026-09-14"",""run_id"":""ea2747234a70431790c1691cf7dc34eb""},""upload_data"":{""date"":""2026-09-14"",""run_id"":""914cbeb6d8264f728ab6c19c744d0891""}}"
1947,947,"45.856873 , -61.172945500000004","45.8562334 , -60.963839400000005",urban-urban,mixed,1573,"{""sample_routes"":{""date"":""2026-09-14"",""run_id"":""90b54bdec3334b93bd285d61c8cff0ef""},""join_samples"":{""date"":""2026-09-14"",""run_id"":""ea2747234a70431790c1691cf7dc34eb""},""upload_data"":{""date"":""2026-09-14"",""run_id"":""914cbeb6d8264f728ab6c19c744d0891""}}"
1953,953,"46.035559500000005 , -61.282130300000006","45.9582673 , -61.2052211",urban-urban,mixed,2032,"{""sample_routes"":{""date"":""2026-09-14"",""run_id"":""90b54bdec3334b93bd285d61c8cff0ef""},""join_samples"":{""date"":""2026-09-14"",""run_id"":""ea2747234a70431790c1691cf7dc34eb""},""upload_data"":{""date"":""2026-09-14"",""run_id"":""914cbeb6d8264f728ab6c19c744d0891""}}"
1954,954,"45.2413267 , -64.4643454","45.062429800000004 , -64.4644889",urban-urban,mixed,2032,"{""sample_routes"":{""date"":""2026-09-14"",""run_id"":""90b54bdec3334b93bd285d61c8cff0ef""},""join_samples"":{""date"":""2026-09-14"",""run_id"":""ea2747234a70431790c1691cf7dc34eb""},""upload_data"":{""date"":""2026-09-14"",""run_id"":""914cbeb6d8264f728ab6c19c744d0891""}}"
1959,959,"44.6819281 , -63.511112100000005","44.8397536 , -63.668480100000004",urban-urban,mixed,2035,"{""sample_routes"":{""date"":""2026-09-14"",""run_id"":""90b54bdec3334b93bd285d61c8cff0ef""},""join_samples"":{""date"":""2026-09-14"",""run_id"":""ea2747234a70431790c1691cf7dc34eb""},""upload_data"":{""date"":""2026-09-14"",""run_id"":""914cbeb6d8264f728ab6c19c744d0891""}}"
1960,960,"45.879769 , -60.9961879","45.979808600000005 , -61.09607080000001",urban-urban,mixed,2035,"{""sample_routes"":{""date"":""2026-09-14"",""run_id"":""90b54bdec3334b93bd285d61c8cff0ef""},""join_samples"":{""date"":""2026-09-14"",""run_id"":""ea2747234a70431790c1691cf7dc34eb""},""upload_data"":{""date"":""2026-09-14"",""run_id"":""914cbeb6d8264f728ab6c19c744d0891""}}"
1962,962,"45.6167035 , -61.036637600000006","45.7324599 , -61.15281890000001",urban-rural,mixed,1562,"{""sample_routes"":{""date"":""2026-09-14"",""run_id"":""90b54bdec3334b93bd285d61c8cff0ef""},""join_samples"":{""date"":""2026-09-14"",""run_id"":""ea2747234a70431790c1691cf7dc34eb""},""upload_data"":{""date"":""2026-09-14"",""run_id"":""914cbeb6d8264f728ab6c19c744d0891""}}"
1964,964,"44.509587200000006 , -64.56262620000001","44.291652400000004 , -64.56201",urban-urban,mixed,2039,"{""sample_routes"":{""date"":""2026-09-14"",""run_id"":""90b54bdec3334b93bd285d61c8cff0ef""},""join_samples"":{""date"":""2026-09-14"",""run_id"":""ea2747234a70431790c1691cf7dc34eb""},""upload_data"":{""date"":""2026-09-14"",""run_id"":""914cbeb6d8264f728ab6c19c744d0891""}}"
1965,965,"44.2176613 , -64.8796184","44.3518029 , -64.8795796",rural-urban,mixed,1561,"{""sample_routes"":{""date"":""2026-09-14"",""run_id"":""90b54bdec3334b93bd285d61c8cff0ef""},""join_samples"":{""date"":""2026-09-14"",""run_id"":""ea2747234a70431790c1691cf7dc34eb""},""upload_data"":{""date"":""2026-09-14"",""run_id"":""914cbeb6d8264f728ab6c19c744d0891""}}"
1966,966,"44.625815900000006 , -63.514004400000005","44.9636664 , -63.513395700000004",urban-urban,mixed,2040,"{""sample_routes"":{""date"":""2026-09-14"",""run_id"":""90b54bdec3334b93bd285d61c8cff0ef""},""join_samples"":{""date"":""2026-09-14"",""run_id"":""ea2747234a70431790c1691cf7dc34eb""},""upload_data"":{""date"":""2026-09-14"",""run_id"":""914cbeb6d8264f728ab6c19c744d0891""}}"
1967,967,"44.326389400000004 , -65.0547593","44.436151 , -64.94514310000001",urban-urban,mixed,1559,"{""sample_routes"":{""date"":""2026-09-14"",""run_id"":""90b54bdec3334b93bd285d61c8cff0ef""},""join_samples"":{""date"":""2026-09-14"",""run_id"":""ea2747234a70431790c1691cf7dc34eb""},""upload_data"":{""date"":""2026-09-14"",""run_id"":""914cbeb6d8264f728ab6c19c744d0891""}}"
1968,968,"45.7570859 , -60.8950758","45.6423781 , -60.780460100000006",urban-urban,mixed,2042,"{""sample_routes"":{""date"":""2026-09-14"",""run_id"":""90b54bdec3334b93bd285d61c8cff0ef""},""join_samples"":{""date"":""2026-09-14"",""run_id"":""ea2747234a70431790c1691cf7dc34eb""},""upload_data"":{""date"":""2026-09-14"",""run_id"":""914cbeb6d8264f728ab6c19c744d0891""}}"
1970,970,"45.1237051 , -63.50000000000001","45.1956268 , -63.4286229",urban-rural,mixed,1556,"{""sample_routes"":{""date"":""2026-09-14"",""run_id"":""90b54bdec3334b93bd285d61c8cff0ef""},""join_samples"":{""date"":""2026-09-14"",""run_id"":""ea2747234a70431790c1691cf7dc34eb""},""upload_data"":{""date"":""2026-09-14"",""run_id"":""914cbeb6d8264f728ab6c19c744d0891""}}"
1972,972,"44.6989985 , -63.663678100000006","44.8895275 , -63.47335580000001",urban-urban,mixed,1552,"{""sample_routes"":{""date"":""2026-09-14"",""run_id"":""90b54bdec3334b93bd285d61c8cff0ef""},""join_samples"":{""date"":""2026-09-14"",""run_id"":""ea2747234a70431790c1691cf7dc34eb""},""upload_data"":{""date"":""2026-09-14"",""run_id"":""914cbeb6d8264f728ab6c19c744d0891""}}"
1975,975,"44.9251744 , -62.301017200000004","45.0189603 , -62.2066055",urban-urban,mixed,1548,"{""sample_routes"":{""date"":""2026-09-14"",""run_id"":""90b54bdec3334b93bd285d61c8cff0ef""},""join_samples"":{""date"":""2026-09-14"",""run_id"":""ea2747234a70431790c1691cf7dc34eb""},""upload_data"":{""date"":""2026-09-14"",""run_id"":""914cbeb6d8264f728ab6c19c744d0891""}}"
1977,977,"43.9755655 , -65.955228","43.8950534 , -65.8752359",urban-rural,mixed,1545,"{""sample_routes"":{""date"":""2026-09-14"",""run_id"":""90b54bdec3334b93bd285d61c8cff0ef""},""join_samples"":{""date"":""2026-09-14"",""run_id"":""ea2747234a70431790c1691cf7dc34eb""},""upload_data"":{""date"":""2026-09-14"",""run_id"":""914cbeb6d8264f728ab6c19c744d0891""}}"
1978,978,"45.8727935 , -61.260044300000004","45.872526300000004 , -60.95129730000001",rural-urban,mixed,2057,"{""sample_routes"":{""date"":""2026-09-14"",""run_id"":""90b54bdec3334b93bd285d61c8cff0ef""},""join_samples"":{""date"":""2026-09-14"",""run_id"":""ea2747234a70431790c1691cf7dc34eb""},""upload_data"":{""date"":""2026-09-14"",""run_id"":""914cbeb6d8264f728ab6c19c744d0891""}}"
1979,979,"43.857020000000006 , -65.9770192","44.020937100000005 , -65.977035",urban-urban,mixed,1542,"{""sample_routes"":{""date"":""2026-09-14"",""run_id"":""90b54bdec3334b93bd285d61c8cff0ef""},""join_samples"":{""date"":""2026-09-14"",""run_id"":""ea2747234a70431790c1691cf7dc34eb""},""upload_data"":{""date"":""2026-09-14"",""run_id"":""914cbeb6d8264f728ab6c19c744d0891""}}"
1980,980,"45.0211945 , -62.450878700000004","45.1830195 , -62.451111000000004",urban-urban,mixed,2058,"{""sample_routes"":{""date"":""2026-09-14"",""run_id"":""90b54bdec3334b93bd285d61c8cff0ef""},""join_samples"":{""date"":""2026-09-14"",""run_id"":""ea2747234a70431790c1691cf7dc34eb""},""upload_data"":{""date"":""2026-09-14"",""run_id"":""914cbeb6d8264f728ab6c19c744d0891""}}"
1982,982,"44.7490157 , -63.7943276","44.928408100000006 , -63.973344700000006",urban-rural,mixed,2059,"{""sample_routes"":{""date"":""2026-09-14"",""run_id"":""90b54bdec3334b93bd285d61c8cff0ef""},""join_samples"":{""date"":""2026-09-14"",""run_id"":""ea2747234a70431790c1691cf7dc34eb""},""upload_data"":{""date"":""2026-09-14"",""run_id"":""914cbeb6d8264f728ab6c19c744d0891""}}"
1983,983,"44.4982148 , -63.545697000000004","44.632023000000004 , -63.67922780000001",urban-urban,mixed,2061,"{""sample_routes"":{""date"":""2026-09-14"",""run_id"":""90b54bdec3334b93bd285d61c8cff0ef""},""join_samples"":{""date"":""2026-09-14"",""run_id"":""ea2747234a70431790c1691cf7dc34eb""},""upload_data"":{""date"":""2026-09-14"",""run_id"":""914cbeb6d8264f728ab6c19c744d0891""}}"
1985,985,"45.2631085 , -63.2488116","45.4918472 , -63.248990000000006",urban-urban,mixed,2062,"{""sample_routes"":{""date"":""2026-09-14"",""run_id"":""90b54bdec3334b93bd285d61c8cff0ef""},""join_samples"":{""date"":""2026-09-14"",""run_id"":""ea2747234a70431790c1691cf7dc34eb""},""upload_data"":{""date"":""2026-09-14"",""run_id"":""914cbeb6d8264f728ab6c19c744d0891""}}"
1986,986,"45.551315300000006 , -63.55018020000001","45.6580468 , -63.6575021",urban-rural,mixed,1537,"{""sample_routes"":{""date"":""2026-09-14"",""run_id"":""90b54bdec3334b93bd285d61c8cff0ef""},""join_samples"":{""date"":""2026-09-14"",""run_id"":""ea2747234a70431790c1691cf7dc34eb""},""upload_data"":{""date"":""2026-09-14"",""run_id"":""914cbeb6d8264f728ab6c19c744d0891""}}"
1987,987,"45.487342700000006 , -63.06696840000001","45.6081425 , -63.066637500000006",urban-urban,mixed,2063,"{""sample_routes"":{""date"":""2026-09-14"",""run_id"":""90b54bdec3334b93bd285d61c8cff0ef""},""join_samples"":{""date"":""2026-09-14"",""run_id"":""ea2747234a70431790c1691cf7dc34eb""},""upload_data"":{""date"":""2026-09-14"",""run_id"":""914cbeb6d8264f728ab6c19c744d0891""}}"
1988,988,"44.5130556 , -64.5269794","44.645049300000004 , -64.65842860000001",urban-rural,mixed,1536,"{""sample_routes"":{""date"":""2026-09-14"",""run_id"":""90b54bdec3334b93bd285d61c8cff0ef""},""join_samples"":{""date"":""2026-09-14"",""run_id"":""ea2747234a70431790c1691cf7dc34eb""},""upload_data"":{""date"":""2026-09-14"",""run_id"":""914cbeb6d8264f728ab6c19c744d0891""}}"
1992,992,"45.283346300000005 , -62.6075578","45.129772100000004 , -62.453591800000005",urban-urban,mixed,2066,"{""sample_routes"":{""date"":""2026-09-14"",""run_id"":""90b54bdec3334b93bd285d61c8cff0ef""},""join_samples"":{""date"":""2026-09-14"",""run_id"":""ea2747234a70431790c1691cf7dc34eb""},""upload_data"":{""date"":""2026-09-14"",""run_id"":""914cbeb6d8264f728ab6c19c744d0891""}}"
1994,994,"45.729195100000005 , -63.0639351","45.589769100000005 , -63.064568400000006",urban-urban,mixed,1533,"{""sample_routes"":{""date"":""2026-09-14"",""run_id"":""90b54bdec3334b93bd285d61c8cff0ef""},""join_samples"":{""date"":""2026-09-14"",""run_id"":""ea2747234a70431790c1691cf7dc34eb""},""upload_data"":{""date"":""2026-09-14"",""run_id"":""914cbeb6d8264f728ab6c19c744d0891""}}"
1995,995,"45.065399400000004 , -64.46523900000001","45.066016100000006 , -64.7945594",urban-urban,mixed,1532,"{""sample_routes"":{""date"":""2026-09-14"",""run_id"":""90b54bdec3334b93bd285d61c8cff0ef""},""join_samples"":{""date"":""2026-09-14"",""run_id"":""ea2747234a70431790c1691cf7dc34eb""},""upload_data"":{""date"":""2026-09-14"",""run_id"":""914cbeb6d8264f728ab6c19c744d0891""}}"
1997,997,"44.4273218 , -64.61322700000001","44.520580700000004 , -64.5201167",urban-urban,mixed,1532,"{""sample_routes"":{""date"":""2026-09-14"",""run_id"":""90b54bdec3334b93bd285d61c8cff0ef""},""join_samples"":{""date"":""2026-09-14"",""run_id"":""ea2747234a70431790c1691cf7dc34eb""},""upload_data"":{""date"":""2026-09-14"",""run_id"":""914cbeb6d8264f728ab6c19c744d0891""}}"
1998,998,"45.4916835 , -61.825783300000005","45.6670729 , -62.001688400000006",urban-urban,mixed,2068,"{""sample_routes"":{""date"":""2026-09-14"",""run_id"":""90b54bdec3334b93bd285d61c8cff0ef""},""join_samples"":{""date"":""2026-09-14"",""run_id"":""ea2747234a70431790c1691cf7dc34eb""},""upload_data"":{""date"":""2026-09-14"",""run_id"":""914cbeb6d8264f728ab6c19c744d0891""}}"
