join_index,sampling_index,origin,destination,area,journeyClass,ttpTravelTime,metadata
3,3,"48.5959434 , -89.6580024","48.595650400000004 , -89.7830507",urban-urban,urban,1199,"{""sample_routes"":{""date"":""2026-09-14"",""run_id"":""e8d1f5b91b6f405ba6c0267da8ed117d""},""join_samples"":{""date"":""2026-09-14"",""run_id"":""a045e95393294f6cad1ab8807c001ca6""},""upload_data"":{""date"":""2026-09-14"",""run_id"":""c16ad7f93e1d46c2ae1ca883b048c216""}}"
10,10,"44.5921978 , -76.6378335","44.7013875 , -76.637893",urban-urban,urban,1205,"{""sample_routes"":{""date"":""2026-09-14"",""run_id"":""e8d1f5b91b6f405ba6c0267da8ed117d""},""join_samples"":{""date"":""2026-09-14"",""run_id"":""a045e95393294f6cad1ab8807c001ca6""},""upload_data"":{""date"":""2026-09-14"",""run_id"":""c16ad7f93e1d46c2ae1ca883b048c216""}}"
11,11,"44.8603516 , -78.48158600000001","44.7618377 , -78.48141840000001",urban-urban,urban,1205,"{""sample_routes"":{""date"":""2026-09-14"",""run_id"":""e8d1f5b91b6f405ba6c0267da8ed117d""},""join_samples"":{""date"":""2026-09-14"",""run_id"":""a045e95393294f6cad1ab8807c001ca6""},""upload_data"":{""date"":""2026-09-14"",""run_id"":""c16ad7f93e1d46c2ae1ca883b048c216""}}"
13,13,"45.167942800000006 , -75.639471","45.2855112 , -75.7572975",urban-urban,urban,1207,"{""sample_routes"":{""date"":""2026-09-14"",""run_id"":""e8d1f5b91b6f405ba6c0267da8ed117d""},""join_samples"":{""date"":""2026-09-14"",""run_id"":""a045e95393294f6cad1ab8807c001ca6""},""upload_data"":{""date"":""2026-09-14"",""run_id"":""c16ad7f93e1d46c2ae1ca883b048c216""}}"
15,15,"43.7916733 , -79.476882","43.8858289 , -79.5708039",urban-urban,urban,1193,"{""sample_routes"":{""date"":""2026-09-14"",""run_id"":""e8d1f5b91b6f405ba6c0267da8ed117d""},""join_samples"":{""date"":""2026-09-14"",""run_id"":""a045e95393294f6cad1ab8807c001ca6""},""upload_data"":{""date"":""2026-09-14"",""run_id"":""c16ad7f93e1d46c2ae1ca883b048c216""}}"
16,16,"42.9892574 , -79.25892250000001","43.080520400000005 , -79.3497943",urban-urban,urban,1193,"{""sample_routes"":{""date"":""2026-09-14"",""run_id"":""e8d1f5b91b6f405ba6c0267da8ed117d""},""join_samples"":{""date"":""2026-09-14"",""run_id"":""a045e95393294f6cad1ab8807c001ca6""},""upload_data"":{""date"":""2026-09-14"",""run_id"":""c16ad7f93e1d46c2ae1ca883b048c216""}}"
17,17,"48.5884859 , -89.745699","48.588377900000005 , -89.61751500000001",urban-urban,urban,1192,"{""sample_routes"":{""date"":""2026-09-14"",""run_id"":""e8d1f5b91b6f405ba6c0267da8ed117d""},""join_samples"":{""date"":""2026-09-14"",""run_id"":""a045e95393294f6cad1ab8807c001ca6""},""upload_data"":{""date"":""2026-09-14"",""run_id"":""c16ad7f93e1d46c2ae1ca883b048c216""}}"
18,18,"43.671681500000005 , -79.5839931","43.751330800000005 , -79.5046844",urban-urban,urban,1192,"{""sample_routes"":{""date"":""2026-09-14"",""run_id"":""e8d1f5b91b6f405ba6c0267da8ed117d""},""join_samples"":{""date"":""2026-09-14"",""run_id"":""a045e95393294f6cad1ab8807c001ca6""},""upload_data"":{""date"":""2026-09-14"",""run_id"":""c16ad7f93e1d46c2ae1ca883b048c216""}}"
19,19,"44.8775652 , -76.87133820000001","44.961695500000005 , -76.8709529",urban-urban,urban,1190,"{""sample_routes"":{""date"":""2026-09-14"",""run_id"":""e8d1f5b91b6f405ba6c0267da8ed117d""},""join_samples"":{""date"":""2026-09-14"",""run_id"":""a045e95393294f6cad1ab8807c001ca6""},""upload_data"":{""date"":""2026-09-14"",""run_id"":""c16ad7f93e1d46c2ae1ca883b048c216""}}"
20,20,"45.2579968 , -75.9363915","45.3614571 , -75.9360216",urban-urban,urban,1210,"{""sample_routes"":{""date"":""2026-09-14"",""run_id"":""e8d1f5b91b6f405ba6c0267da8ed117d""},""join_samples"":{""date"":""2026-09-14"",""run_id"":""a045e95393294f6cad1ab8807c001ca6""},""upload_data"":{""date"":""2026-09-14"",""run_id"":""c16ad7f93e1d46c2ae1ca883b048c216""}}"
21,21,"43.4561818 , -80.5019846","43.4559483 , -80.3386832",urban-urban,urban,1190,"{""sample_routes"":{""date"":""2026-09-14"",""run_id"":""e8d1f5b91b6f405ba6c0267da8ed117d""},""join_samples"":{""date"":""2026-09-14"",""run_id"":""a045e95393294f6cad1ab8807c001ca6""},""upload_data"":{""date"":""2026-09-14"",""run_id"":""c16ad7f93e1d46c2ae1ca883b048c216""}}"
23,23,"43.6521702 , -79.80760690000001","43.7438432 , -79.8072061",urban-urban,urban,1211,"{""sample_routes"":{""date"":""2026-09-14"",""run_id"":""e8d1f5b91b6f405ba6c0267da8ed117d""},""join_samples"":{""date"":""2026-09-14"",""run_id"":""a045e95393294f6cad1ab8807c001ca6""},""upload_data"":{""date"":""2026-09-14"",""run_id"":""c16ad7f93e1d46c2ae1ca883b048c216""}}"
24,24,"43.668261900000005 , -79.68196730000001","43.790781100000004 , -79.6818554",urban-urban,urban,1212,"{""sample_routes"":{""date"":""2026-09-14"",""run_id"":""e8d1f5b91b6f405ba6c0267da8ed117d""},""join_samples"":{""date"":""2026-09-14"",""run_id"":""a045e95393294f6cad1ab8807c001ca6""},""upload_data"":{""date"":""2026-09-14"",""run_id"":""c16ad7f93e1d46c2ae1ca883b048c216""}}"
25,25,"46.0710208 , -79.27196140000001","46.1521065 , -79.1912619",urban-urban,urban,1188,"{""sample_routes"":{""date"":""2026-09-14"",""run_id"":""e8d1f5b91b6f405ba6c0267da8ed117d""},""join_samples"":{""date"":""2026-09-14"",""run_id"":""a045e95393294f6cad1ab8807c001ca6""},""upload_data"":{""date"":""2026-09-14"",""run_id"":""c16ad7f93e1d46c2ae1ca883b048c216""}}"
26,26,"42.2396393 , -83.0155797","42.3349532 , -82.9200701",urban-urban,urban,1187,"{""sample_routes"":{""date"":""2026-09-14"",""run_id"":""e8d1f5b91b6f405ba6c0267da8ed117d""},""join_samples"":{""date"":""2026-09-14"",""run_id"":""a045e95393294f6cad1ab8807c001ca6""},""upload_data"":{""date"":""2026-09-14"",""run_id"":""c16ad7f93e1d46c2ae1ca883b048c216""}}"
33,33,"43.7796225 , -79.54624120000001","43.5907846 , -79.5463093",urban-urban,urban,1215,"{""sample_routes"":{""date"":""2026-09-14"",""run_id"":""e8d1f5b91b6f405ba6c0267da8ed117d""},""join_samples"":{""date"":""2026-09-14"",""run_id"":""a045e95393294f6cad1ab8807c001ca6""},""upload_data"":{""date"":""2026-09-14"",""run_id"":""c16ad7f93e1d46c2ae1ca883b048c216""}}"
35,35,"44.825307800000004 , -76.619933","44.731593200000006 , -76.71374920000001",urban-urban,urban,1216,"{""sample_routes"":{""date"":""2026-09-14"",""run_id"":""e8d1f5b91b6f405ba6c0267da8ed117d""},""join_samples"":{""date"":""2026-09-14"",""run_id"":""a045e95393294f6cad1ab8807c001ca6""},""upload_data"":{""date"":""2026-09-14"",""run_id"":""c16ad7f93e1d46c2ae1ca883b048c216""}}"
37,37,"43.2245733 , -79.70927660000001","43.3623312 , -79.84732550000001",urban-urban,urban,1217,"{""sample_routes"":{""date"":""2026-09-14"",""run_id"":""e8d1f5b91b6f405ba6c0267da8ed117d""},""join_samples"":{""date"":""2026-09-14"",""run_id"":""a045e95393294f6cad1ab8807c001ca6""},""upload_data"":{""date"":""2026-09-14"",""run_id"":""c16ad7f93e1d46c2ae1ca883b048c216""}}"
38,38,"48.563117600000005 , -89.56376420000001","48.6137797 , -89.6142559",urban-urban,urban,1182,"{""sample_routes"":{""date"":""2026-09-14"",""run_id"":""e8d1f5b91b6f405ba6c0267da8ed117d""},""join_samples"":{""date"":""2026-09-14"",""run_id"":""a045e95393294f6cad1ab8807c001ca6""},""upload_data"":{""date"":""2026-09-14"",""run_id"":""c16ad7f93e1d46c2ae1ca883b048c216""}}"
39,39,"43.6678288 , -79.8100526","43.7906217 , -79.8105025",urban-rural,urban,1181,"{""sample_routes"":{""date"":""2026-09-14"",""run_id"":""e8d1f5b91b6f405ba6c0267da8ed117d""},""join_samples"":{""date"":""2026-09-14"",""run_id"":""a045e95393294f6cad1ab8807c001ca6""},""upload_data"":{""date"":""2026-09-14"",""run_id"":""c16ad7f93e1d46c2ae1ca883b048c216""}}"
40,40,"43.4758463 , -80.57224120000001","43.475951200000004 , -80.38208250000001",urban-rural,urban,1219,"{""sample_routes"":{""date"":""2026-09-14"",""run_id"":""e8d1f5b91b6f405ba6c0267da8ed117d""},""join_samples"":{""date"":""2026-09-14"",""run_id"":""a045e95393294f6cad1ab8807c001ca6""},""upload_data"":{""date"":""2026-09-14"",""run_id"":""c16ad7f93e1d46c2ae1ca883b048c216""}}"
41,41,"45.2891489 , -75.79568230000001","45.2889398 , -75.6719662",urban-urban,urban,1180,"{""sample_routes"":{""date"":""2026-09-14"",""run_id"":""e8d1f5b91b6f405ba6c0267da8ed117d""},""join_samples"":{""date"":""2026-09-14"",""run_id"":""a045e95393294f6cad1ab8807c001ca6""},""upload_data"":{""date"":""2026-09-14"",""run_id"":""c16ad7f93e1d46c2ae1ca883b048c216""}}"
42,42,"48.653318000000006 , -89.64663510000001","48.580604400000006 , -89.6470001",urban-urban,urban,1180,"{""sample_routes"":{""date"":""2026-09-14"",""run_id"":""e8d1f5b91b6f405ba6c0267da8ed117d""},""join_samples"":{""date"":""2026-09-14"",""run_id"":""a045e95393294f6cad1ab8807c001ca6""},""upload_data"":{""date"":""2026-09-14"",""run_id"":""c16ad7f93e1d46c2ae1ca883b048c216""}}"
43,43,"45.0706932 , -79.30600790000001","45.0705523 , -79.17163690000001",urban-urban,urban,1220,"{""sample_routes"":{""date"":""2026-09-14"",""run_id"":""e8d1f5b91b6f405ba6c0267da8ed117d""},""join_samples"":{""date"":""2026-09-14"",""run_id"":""a045e95393294f6cad1ab8807c001ca6""},""upload_data"":{""date"":""2026-09-14"",""run_id"":""c16ad7f93e1d46c2ae1ca883b048c216""}}"
44,44,"49.054492200000006 , -86.6338894","49.1508881 , -86.6339887",urban-urban,urban,1220,"{""sample_routes"":{""date"":""2026-09-14"",""run_id"":""e8d1f5b91b6f405ba6c0267da8ed117d""},""join_samples"":{""date"":""2026-09-14"",""run_id"":""a045e95393294f6cad1ab8807c001ca6""},""upload_data"":{""date"":""2026-09-14"",""run_id"":""c16ad7f93e1d46c2ae1ca883b048c216""}}"
46,46,"43.6891261 , -79.85402950000001","43.7774858 , -79.76523180000001",urban-rural,urban,1221,"{""sample_routes"":{""date"":""2026-09-14"",""run_id"":""e8d1f5b91b6f405ba6c0267da8ed117d""},""join_samples"":{""date"":""2026-09-14"",""run_id"":""a045e95393294f6cad1ab8807c001ca6""},""upload_data"":{""date"":""2026-09-14"",""run_id"":""c16ad7f93e1d46c2ae1ca883b048c216""}}"
47,47,"49.4636988 , -91.0286348","49.358693200000005 , -91.028237",urban-urban,urban,1178,"{""sample_routes"":{""date"":""2026-09-14"",""run_id"":""e8d1f5b91b6f405ba6c0267da8ed117d""},""join_samples"":{""date"":""2026-09-14"",""run_id"":""a045e95393294f6cad1ab8807c001ca6""},""upload_data"":{""date"":""2026-09-14"",""run_id"":""c16ad7f93e1d46c2ae1ca883b048c216""}}"
48,48,"47.7713958 , -83.1376003","47.871343800000005 , -83.23733130000001",urban-rural,urban,1223,"{""sample_routes"":{""date"":""2026-09-14"",""run_id"":""e8d1f5b91b6f405ba6c0267da8ed117d""},""join_samples"":{""date"":""2026-09-14"",""run_id"":""a045e95393294f6cad1ab8807c001ca6""},""upload_data"":{""date"":""2026-09-14"",""run_id"":""c16ad7f93e1d46c2ae1ca883b048c216""}}"
49,49,"43.773407000000006 , -79.53163860000001","43.5887199 , -79.53124050000001",urban-urban,urban,1177,"{""sample_routes"":{""date"":""2026-09-14"",""run_id"":""e8d1f5b91b6f405ba6c0267da8ed117d""},""join_samples"":{""date"":""2026-09-14"",""run_id"":""a045e95393294f6cad1ab8807c001ca6""},""upload_data"":{""date"":""2026-09-14"",""run_id"":""c16ad7f93e1d46c2ae1ca883b048c216""}}"
50,50,"45.4936814 , -75.4847029","45.3776391 , -75.60034",urban-urban,urban,1224,"{""sample_routes"":{""date"":""2026-09-14"",""run_id"":""e8d1f5b91b6f405ba6c0267da8ed117d""},""join_samples"":{""date"":""2026-09-14"",""run_id"":""a045e95393294f6cad1ab8807c001ca6""},""upload_data"":{""date"":""2026-09-14"",""run_id"":""c16ad7f93e1d46c2ae1ca883b048c216""}}"
52,52,"43.372789700000006 , -80.4378875","43.3726348 , -80.2851681",urban-urban,urban,1225,"{""sample_routes"":{""date"":""2026-09-14"",""run_id"":""e8d1f5b91b6f405ba6c0267da8ed117d""},""join_samples"":{""date"":""2026-09-14"",""run_id"":""a045e95393294f6cad1ab8807c001ca6""},""upload_data"":{""date"":""2026-09-14"",""run_id"":""c16ad7f93e1d46c2ae1ca883b048c216""}}"
53,53,"43.809542400000005 , -79.54563440000001","43.592606100000005 , -79.5460374",urban-urban,urban,1174,"{""sample_routes"":{""date"":""2026-09-14"",""run_id"":""e8d1f5b91b6f405ba6c0267da8ed117d""},""join_samples"":{""date"":""2026-09-14"",""run_id"":""a045e95393294f6cad1ab8807c001ca6""},""upload_data"":{""date"":""2026-09-14"",""run_id"":""c16ad7f93e1d46c2ae1ca883b048c216""}}"
55,55,"43.765320100000004 , -79.5043619","43.851858500000006 , -79.5904739",urban-urban,urban,1174,"{""sample_routes"":{""date"":""2026-09-14"",""run_id"":""e8d1f5b91b6f405ba6c0267da8ed117d""},""join_samples"":{""date"":""2026-09-14"",""run_id"":""a045e95393294f6cad1ab8807c001ca6""},""upload_data"":{""date"":""2026-09-14"",""run_id"":""c16ad7f93e1d46c2ae1ca883b048c216""}}"
57,57,"42.3192086 , -82.9805663","42.3192862 , -82.841949",urban-urban,urban,1171,"{""sample_routes"":{""date"":""2026-09-14"",""run_id"":""e8d1f5b91b6f405ba6c0267da8ed117d""},""join_samples"":{""date"":""2026-09-14"",""run_id"":""a045e95393294f6cad1ab8807c001ca6""},""upload_data"":{""date"":""2026-09-14"",""run_id"":""c16ad7f93e1d46c2ae1ca883b048c216""}}"
59,59,"45.345427900000004 , -75.90284910000001","45.3457992 , -75.7329279",urban-urban,urban,1230,"{""sample_routes"":{""date"":""2026-09-14"",""run_id"":""e8d1f5b91b6f405ba6c0267da8ed117d""},""join_samples"":{""date"":""2026-09-14"",""run_id"":""a045e95393294f6cad1ab8807c001ca6""},""upload_data"":{""date"":""2026-09-14"",""run_id"":""c16ad7f93e1d46c2ae1ca883b048c216""}}"
61,61,"49.5117199 , -91.2862496","49.4023076 , -91.2862709",urban-urban,urban,1170,"{""sample_routes"":{""date"":""2026-09-14"",""run_id"":""e8d1f5b91b6f405ba6c0267da8ed117d""},""join_samples"":{""date"":""2026-09-14"",""run_id"":""a045e95393294f6cad1ab8807c001ca6""},""upload_data"":{""date"":""2026-09-14"",""run_id"":""c16ad7f93e1d46c2ae1ca883b048c216""}}"
63,63,"44.068634200000005 , -79.4949169","43.9360817 , -79.4953668",urban-rural,urban,1169,"{""sample_routes"":{""date"":""2026-09-14"",""run_id"":""e8d1f5b91b6f405ba6c0267da8ed117d""},""join_samples"":{""date"":""2026-09-14"",""run_id"":""a045e95393294f6cad1ab8807c001ca6""},""upload_data"":{""date"":""2026-09-14"",""run_id"":""c16ad7f93e1d46c2ae1ca883b048c216""}}"
64,64,"43.378703200000004 , -79.7494528","43.477917000000005 , -79.74905530000001",urban-urban,urban,1169,"{""sample_routes"":{""date"":""2026-09-14"",""run_id"":""e8d1f5b91b6f405ba6c0267da8ed117d""},""join_samples"":{""date"":""2026-09-14"",""run_id"":""a045e95393294f6cad1ab8807c001ca6""},""upload_data"":{""date"":""2026-09-14"",""run_id"":""c16ad7f93e1d46c2ae1ca883b048c216""}}"
67,67,"43.216539000000004 , -79.75656570000001","43.2162852 , -79.99529550000001",urban-urban,urban,1232,"{""sample_routes"":{""date"":""2026-09-14"",""run_id"":""e8d1f5b91b6f405ba6c0267da8ed117d""},""join_samples"":{""date"":""2026-09-14"",""run_id"":""a045e95393294f6cad1ab8807c001ca6""},""upload_data"":{""date"":""2026-09-14"",""run_id"":""c16ad7f93e1d46c2ae1ca883b048c216""}}"
68,68,"49.198537400000006 , -91.00984890000001","49.1036203 , -91.0097283",urban-urban,urban,1168,"{""sample_routes"":{""date"":""2026-09-14"",""run_id"":""e8d1f5b91b6f405ba6c0267da8ed117d""},""join_samples"":{""date"":""2026-09-14"",""run_id"":""a045e95393294f6cad1ab8807c001ca6""},""upload_data"":{""date"":""2026-09-14"",""run_id"":""c16ad7f93e1d46c2ae1ca883b048c216""}}"
69,69,"43.765074600000005 , -79.3193947","43.654215 , -79.4299883",urban-urban,urban,1233,"{""sample_routes"":{""date"":""2026-09-14"",""run_id"":""e8d1f5b91b6f405ba6c0267da8ed117d""},""join_samples"":{""date"":""2026-09-14"",""run_id"":""a045e95393294f6cad1ab8807c001ca6""},""upload_data"":{""date"":""2026-09-14"",""run_id"":""c16ad7f93e1d46c2ae1ca883b048c216""}}"
70,70,"43.5059716 , -80.5043393","43.5062556 , -80.6732427",urban-rural,urban,1165,"{""sample_routes"":{""date"":""2026-09-14"",""run_id"":""e8d1f5b91b6f405ba6c0267da8ed117d""},""join_samples"":{""date"":""2026-09-14"",""run_id"":""a045e95393294f6cad1ab8807c001ca6""},""upload_data"":{""date"":""2026-09-14"",""run_id"":""c16ad7f93e1d46c2ae1ca883b048c216""}}"
78,78,"49.6513901 , -92.1594898","49.7559289 , -92.0547935",urban-urban,urban,1162,"{""sample_routes"":{""date"":""2026-09-14"",""run_id"":""e8d1f5b91b6f405ba6c0267da8ed117d""},""join_samples"":{""date"":""2026-09-14"",""run_id"":""a045e95393294f6cad1ab8807c001ca6""},""upload_data"":{""date"":""2026-09-14"",""run_id"":""c16ad7f93e1d46c2ae1ca883b048c216""}}"
79,79,"44.057906800000005 , -79.4495689","43.939821800000004 , -79.4491649",urban-urban,urban,1238,"{""sample_routes"":{""date"":""2026-09-14"",""run_id"":""e8d1f5b91b6f405ba6c0267da8ed117d""},""join_samples"":{""date"":""2026-09-14"",""run_id"":""a045e95393294f6cad1ab8807c001ca6""},""upload_data"":{""date"":""2026-09-14"",""run_id"":""c16ad7f93e1d46c2ae1ca883b048c216""}}"
80,80,"43.7906324 , -79.74063790000001","43.7145602 , -79.8166197",urban-urban,urban,1238,"{""sample_routes"":{""date"":""2026-09-14"",""run_id"":""e8d1f5b91b6f405ba6c0267da8ed117d""},""join_samples"":{""date"":""2026-09-14"",""run_id"":""a045e95393294f6cad1ab8807c001ca6""},""upload_data"":{""date"":""2026-09-14"",""run_id"":""c16ad7f93e1d46c2ae1ca883b048c216""}}"
82,82,"45.128796200000004 , -76.5035241","45.128447900000005 , -76.64080200000001",rural-urban,urban,1241,"{""sample_routes"":{""date"":""2026-09-14"",""run_id"":""e8d1f5b91b6f405ba6c0267da8ed117d""},""join_samples"":{""date"":""2026-09-14"",""run_id"":""a045e95393294f6cad1ab8807c001ca6""},""upload_data"":{""date"":""2026-09-14"",""run_id"":""c16ad7f93e1d46c2ae1ca883b048c216""}}"
87,87,"43.6852474 , -79.5670518","43.85589 , -79.56670000000001",urban-urban,urban,1156,"{""sample_routes"":{""date"":""2026-09-14"",""run_id"":""e8d1f5b91b6f405ba6c0267da8ed117d""},""join_samples"":{""date"":""2026-09-14"",""run_id"":""a045e95393294f6cad1ab8807c001ca6""},""upload_data"":{""date"":""2026-09-14"",""run_id"":""c16ad7f93e1d46c2ae1ca883b048c216""}}"
89,89,"45.104229100000005 , -76.1032224","45.0080131 , -76.1991983",urban-urban,urban,1156,"{""sample_routes"":{""date"":""2026-09-14"",""run_id"":""e8d1f5b91b6f405ba6c0267da8ed117d""},""join_samples"":{""date"":""2026-09-14"",""run_id"":""a045e95393294f6cad1ab8807c001ca6""},""upload_data"":{""date"":""2026-09-14"",""run_id"":""c16ad7f93e1d46c2ae1ca883b048c216""}}"
94,94,"43.6872763 , -79.7412887","43.8124448 , -79.7411581",urban-rural,urban,1245,"{""sample_routes"":{""date"":""2026-09-14"",""run_id"":""e8d1f5b91b6f405ba6c0267da8ed117d""},""join_samples"":{""date"":""2026-09-14"",""run_id"":""a045e95393294f6cad1ab8807c001ca6""},""upload_data"":{""date"":""2026-09-14"",""run_id"":""c16ad7f93e1d46c2ae1ca883b048c216""}}"
95,95,"43.4057204 , -80.489868","43.4055726 , -80.26060580000001",urban-urban,urban,1245,"{""sample_routes"":{""date"":""2026-09-14"",""run_id"":""e8d1f5b91b6f405ba6c0267da8ed117d""},""join_samples"":{""date"":""2026-09-14"",""run_id"":""a045e95393294f6cad1ab8807c001ca6""},""upload_data"":{""date"":""2026-09-14"",""run_id"":""c16ad7f93e1d46c2ae1ca883b048c216""}}"
97,97,"44.5142508 , -76.8733837","44.514563700000004 , -76.9392981",urban-urban,urban,1246,"{""sample_routes"":{""date"":""2026-09-14"",""run_id"":""e8d1f5b91b6f405ba6c0267da8ed117d""},""join_samples"":{""date"":""2026-09-14"",""run_id"":""a045e95393294f6cad1ab8807c001ca6""},""upload_data"":{""date"":""2026-09-14"",""run_id"":""c16ad7f93e1d46c2ae1ca883b048c216""}}"
98,98,"43.678773500000005 , -79.8177797","43.757033400000005 , -79.81737770000001",urban-urban,urban,1152,"{""sample_routes"":{""date"":""2026-09-14"",""run_id"":""e8d1f5b91b6f405ba6c0267da8ed117d""},""join_samples"":{""date"":""2026-09-14"",""run_id"":""a045e95393294f6cad1ab8807c001ca6""},""upload_data"":{""date"":""2026-09-14"",""run_id"":""c16ad7f93e1d46c2ae1ca883b048c216""}}"
99,99,"43.9141599 , -79.45248980000001","43.9139677 , -79.3313646",urban-rural,urban,1152,"{""sample_routes"":{""date"":""2026-09-14"",""run_id"":""e8d1f5b91b6f405ba6c0267da8ed117d""},""join_samples"":{""date"":""2026-09-14"",""run_id"":""a045e95393294f6cad1ab8807c001ca6""},""upload_data"":{""date"":""2026-09-14"",""run_id"":""c16ad7f93e1d46c2ae1ca883b048c216""}}"
100,100,"43.8296213 , -79.2297174","43.8997374 , -79.300075",urban-urban,urban,1249,"{""sample_routes"":{""date"":""2026-09-14"",""run_id"":""e8d1f5b91b6f405ba6c0267da8ed117d""},""join_samples"":{""date"":""2026-09-14"",""run_id"":""a045e95393294f6cad1ab8807c001ca6""},""upload_data"":{""date"":""2026-09-14"",""run_id"":""c16ad7f93e1d46c2ae1ca883b048c216""}}"
106,106,"43.5490091 , -80.3007671","43.4314516 , -80.3008587",urban-urban,urban,1148,"{""sample_routes"":{""date"":""2026-09-14"",""run_id"":""e8d1f5b91b6f405ba6c0267da8ed117d""},""join_samples"":{""date"":""2026-09-14"",""run_id"":""a045e95393294f6cad1ab8807c001ca6""},""upload_data"":{""date"":""2026-09-14"",""run_id"":""c16ad7f93e1d46c2ae1ca883b048c216""}}"
107,107,"43.477817900000005 , -80.4666461","43.3830323 , -80.3715416",urban-rural,urban,1148,"{""sample_routes"":{""date"":""2026-09-14"",""run_id"":""e8d1f5b91b6f405ba6c0267da8ed117d""},""join_samples"":{""date"":""2026-09-14"",""run_id"":""a045e95393294f6cad1ab8807c001ca6""},""upload_data"":{""date"":""2026-09-14"",""run_id"":""c16ad7f93e1d46c2ae1ca883b048c216""}}"
111,111,"43.7639343 , -79.5127511","43.8913944 , -79.5131118",urban-urban,urban,1146,"{""sample_routes"":{""date"":""2026-09-14"",""run_id"":""e8d1f5b91b6f405ba6c0267da8ed117d""},""join_samples"":{""date"":""2026-09-14"",""run_id"":""a045e95393294f6cad1ab8807c001ca6""},""upload_data"":{""date"":""2026-09-14"",""run_id"":""c16ad7f93e1d46c2ae1ca883b048c216""}}"
112,112,"43.9614047 , -78.2016081","44.045245200000004 , -78.2855",urban-urban,urban,1146,"{""sample_routes"":{""date"":""2026-09-14"",""run_id"":""e8d1f5b91b6f405ba6c0267da8ed117d""},""join_samples"":{""date"":""2026-09-14"",""run_id"":""a045e95393294f6cad1ab8807c001ca6""},""upload_data"":{""date"":""2026-09-14"",""run_id"":""c16ad7f93e1d46c2ae1ca883b048c216""}}"
113,113,"44.6265238 , -79.42131660000001","44.7024993 , -79.34556520000001",urban-urban,urban,1145,"{""sample_routes"":{""date"":""2026-09-14"",""run_id"":""e8d1f5b91b6f405ba6c0267da8ed117d""},""join_samples"":{""date"":""2026-09-14"",""run_id"":""a045e95393294f6cad1ab8807c001ca6""},""upload_data"":{""date"":""2026-09-14"",""run_id"":""c16ad7f93e1d46c2ae1ca883b048c216""}}"
116,116,"43.662267500000006 , -79.75482170000001","43.5664777 , -79.65870500000001",urban-urban,urban,1257,"{""sample_routes"":{""date"":""2026-09-14"",""run_id"":""e8d1f5b91b6f405ba6c0267da8ed117d""},""join_samples"":{""date"":""2026-09-14"",""run_id"":""a045e95393294f6cad1ab8807c001ca6""},""upload_data"":{""date"":""2026-09-14"",""run_id"":""c16ad7f93e1d46c2ae1ca883b048c216""}}"
119,119,"44.0063219 , -79.4945569","43.929101700000004 , -79.4172151",urban-urban,urban,1143,"{""sample_routes"":{""date"":""2026-09-14"",""run_id"":""e8d1f5b91b6f405ba6c0267da8ed117d""},""join_samples"":{""date"":""2026-09-14"",""run_id"":""a045e95393294f6cad1ab8807c001ca6""},""upload_data"":{""date"":""2026-09-14"",""run_id"":""c16ad7f93e1d46c2ae1ca883b048c216""}}"
125,125,"45.3509005 , -75.77873980000001","45.4533001 , -75.6767324",urban-urban,urban,1136,"{""sample_routes"":{""date"":""2026-09-14"",""run_id"":""e8d1f5b91b6f405ba6c0267da8ed117d""},""join_samples"":{""date"":""2026-09-14"",""run_id"":""a045e95393294f6cad1ab8807c001ca6""},""upload_data"":{""date"":""2026-09-14"",""run_id"":""c16ad7f93e1d46c2ae1ca883b048c216""}}"
127,127,"43.765074600000005 , -79.3193947","43.890571 , -79.1936213",urban-rural,urban,1135,"{""sample_routes"":{""date"":""2026-09-14"",""run_id"":""e8d1f5b91b6f405ba6c0267da8ed117d""},""join_samples"":{""date"":""2026-09-14"",""run_id"":""a045e95393294f6cad1ab8807c001ca6""},""upload_data"":{""date"":""2026-09-14"",""run_id"":""c16ad7f93e1d46c2ae1ca883b048c216""}}"
130,130,"45.026898900000006 , -74.69368610000001","45.0272966 , -74.8863386",urban-urban,urban,1133,"{""sample_routes"":{""date"":""2026-09-14"",""run_id"":""e8d1f5b91b6f405ba6c0267da8ed117d""},""join_samples"":{""date"":""2026-09-14"",""run_id"":""a045e95393294f6cad1ab8807c001ca6""},""upload_data"":{""date"":""2026-09-14"",""run_id"":""c16ad7f93e1d46c2ae1ca883b048c216""}}"
131,131,"43.1906881 , -79.20944010000001","43.050152700000005 , -79.0685498",urban-urban,urban,1267,"{""sample_routes"":{""date"":""2026-09-14"",""run_id"":""e8d1f5b91b6f405ba6c0267da8ed117d""},""join_samples"":{""date"":""2026-09-14"",""run_id"":""a045e95393294f6cad1ab8807c001ca6""},""upload_data"":{""date"":""2026-09-14"",""run_id"":""c16ad7f93e1d46c2ae1ca883b048c216""}}"
134,134,"43.6791396 , -79.3674251","43.898653100000004 , -79.367069",urban-urban,urban,1132,"{""sample_routes"":{""date"":""2026-09-14"",""run_id"":""e8d1f5b91b6f405ba6c0267da8ed117d""},""join_samples"":{""date"":""2026-09-14"",""run_id"":""a045e95393294f6cad1ab8807c001ca6""},""upload_data"":{""date"":""2026-09-14"",""run_id"":""c16ad7f93e1d46c2ae1ca883b048c216""}}"
135,135,"44.518588900000005 , -77.203919","44.518495800000004 , -77.0716362",urban-urban,urban,1132,"{""sample_routes"":{""date"":""2026-09-14"",""run_id"":""e8d1f5b91b6f405ba6c0267da8ed117d""},""join_samples"":{""date"":""2026-09-14"",""run_id"":""a045e95393294f6cad1ab8807c001ca6""},""upload_data"":{""date"":""2026-09-14"",""run_id"":""c16ad7f93e1d46c2ae1ca883b048c216""}}"
138,138,"44.7277697 , -79.3687752","44.7281338 , -79.4887181",urban-urban,urban,1131,"{""sample_routes"":{""date"":""2026-09-14"",""run_id"":""e8d1f5b91b6f405ba6c0267da8ed117d""},""join_samples"":{""date"":""2026-09-14"",""run_id"":""a045e95393294f6cad1ab8807c001ca6""},""upload_data"":{""date"":""2026-09-14"",""run_id"":""c16ad7f93e1d46c2ae1ca883b048c216""}}"
139,139,"43.672756400000004 , -79.4525177","43.6731313 , -79.5800808",urban-urban,urban,1270,"{""sample_routes"":{""date"":""2026-09-14"",""run_id"":""e8d1f5b91b6f405ba6c0267da8ed117d""},""join_samples"":{""date"":""2026-09-14"",""run_id"":""a045e95393294f6cad1ab8807c001ca6""},""upload_data"":{""date"":""2026-09-14"",""run_id"":""c16ad7f93e1d46c2ae1ca883b048c216""}}"
140,140,"43.4786711 , -80.50292950000001","43.344879500000005 , -80.3689111",urban-urban,urban,1270,"{""sample_routes"":{""date"":""2026-09-14"",""run_id"":""e8d1f5b91b6f405ba6c0267da8ed117d""},""join_samples"":{""date"":""2026-09-14"",""run_id"":""a045e95393294f6cad1ab8807c001ca6""},""upload_data"":{""date"":""2026-09-14"",""run_id"":""c16ad7f93e1d46c2ae1ca883b048c216""}}"
141,141,"43.8379355 , -79.2560571","43.8383242 , -79.4914804",urban-urban,urban,1270,"{""sample_routes"":{""date"":""2026-09-14"",""run_id"":""e8d1f5b91b6f405ba6c0267da8ed117d""},""join_samples"":{""date"":""2026-09-14"",""run_id"":""a045e95393294f6cad1ab8807c001ca6""},""upload_data"":{""date"":""2026-09-14"",""run_id"":""c16ad7f93e1d46c2ae1ca883b048c216""}}"
144,144,"43.688666100000006 , -79.35520650000001","43.901338800000005 , -79.3550433",urban-rural,urban,1273,"{""sample_routes"":{""date"":""2026-09-14"",""run_id"":""e8d1f5b91b6f405ba6c0267da8ed117d""},""join_samples"":{""date"":""2026-09-14"",""run_id"":""a045e95393294f6cad1ab8807c001ca6""},""upload_data"":{""date"":""2026-09-14"",""run_id"":""c16ad7f93e1d46c2ae1ca883b048c216""}}"
145,145,"43.5998529 , -79.55917430000001","43.4315942 , -79.7274984",urban-urban,urban,1274,"{""sample_routes"":{""date"":""2026-09-14"",""run_id"":""e8d1f5b91b6f405ba6c0267da8ed117d""},""join_samples"":{""date"":""2026-09-14"",""run_id"":""a045e95393294f6cad1ab8807c001ca6""},""upload_data"":{""date"":""2026-09-14"",""run_id"":""c16ad7f93e1d46c2ae1ca883b048c216""}}"
148,148,"43.2357626 , -79.83970000000001","43.1503639 , -79.9254202",urban-urban,urban,1126,"{""sample_routes"":{""date"":""2026-09-14"",""run_id"":""e8d1f5b91b6f405ba6c0267da8ed117d""},""join_samples"":{""date"":""2026-09-14"",""run_id"":""a045e95393294f6cad1ab8807c001ca6""},""upload_data"":{""date"":""2026-09-14"",""run_id"":""c16ad7f93e1d46c2ae1ca883b048c216""}}"
149,149,"43.6500378 , -79.73736720000001","43.753257700000006 , -79.8402666",urban-urban,urban,1274,"{""sample_routes"":{""date"":""2026-09-14"",""run_id"":""e8d1f5b91b6f405ba6c0267da8ed117d""},""join_samples"":{""date"":""2026-09-14"",""run_id"":""a045e95393294f6cad1ab8807c001ca6""},""upload_data"":{""date"":""2026-09-14"",""run_id"":""c16ad7f93e1d46c2ae1ca883b048c216""}}"
151,151,"43.7453585 , -79.3287324","43.745282 , -79.5722205",urban-urban,urban,1276,"{""sample_routes"":{""date"":""2026-09-14"",""run_id"":""e8d1f5b91b6f405ba6c0267da8ed117d""},""join_samples"":{""date"":""2026-09-14"",""run_id"":""a045e95393294f6cad1ab8807c001ca6""},""upload_data"":{""date"":""2026-09-14"",""run_id"":""c16ad7f93e1d46c2ae1ca883b048c216""}}"
153,153,"45.7136079 , -80.025484","45.6854503 , -80.05370020000001",urban-urban,urban,1123,"{""sample_routes"":{""date"":""2026-09-14"",""run_id"":""e8d1f5b91b6f405ba6c0267da8ed117d""},""join_samples"":{""date"":""2026-09-14"",""run_id"":""a045e95393294f6cad1ab8807c001ca6""},""upload_data"":{""date"":""2026-09-14"",""run_id"":""c16ad7f93e1d46c2ae1ca883b048c216""}}"
155,155,"43.684512000000005 , -79.5257491","43.8642485 , -79.5261902",urban-urban,urban,1277,"{""sample_routes"":{""date"":""2026-09-14"",""run_id"":""e8d1f5b91b6f405ba6c0267da8ed117d""},""join_samples"":{""date"":""2026-09-14"",""run_id"":""a045e95393294f6cad1ab8807c001ca6""},""upload_data"":{""date"":""2026-09-14"",""run_id"":""c16ad7f93e1d46c2ae1ca883b048c216""}}"
157,157,"43.876459000000004 , -79.0516042","43.876404 , -78.80066930000001",urban-urban,urban,1281,"{""sample_routes"":{""date"":""2026-09-14"",""run_id"":""e8d1f5b91b6f405ba6c0267da8ed117d""},""join_samples"":{""date"":""2026-09-14"",""run_id"":""a045e95393294f6cad1ab8807c001ca6""},""upload_data"":{""date"":""2026-09-14"",""run_id"":""c16ad7f93e1d46c2ae1ca883b048c216""}}"
158,158,"43.6860361 , -79.44394030000001","43.5878395 , -79.5425867",urban-urban,urban,1281,"{""sample_routes"":{""date"":""2026-09-14"",""run_id"":""e8d1f5b91b6f405ba6c0267da8ed117d""},""join_samples"":{""date"":""2026-09-14"",""run_id"":""a045e95393294f6cad1ab8807c001ca6""},""upload_data"":{""date"":""2026-09-14"",""run_id"":""c16ad7f93e1d46c2ae1ca883b048c216""}}"
159,159,"43.9055699 , -79.4351111","43.770854400000005 , -79.5695937",urban-urban,urban,1282,"{""sample_routes"":{""date"":""2026-09-14"",""run_id"":""e8d1f5b91b6f405ba6c0267da8ed117d""},""join_samples"":{""date"":""2026-09-14"",""run_id"":""a045e95393294f6cad1ab8807c001ca6""},""upload_data"":{""date"":""2026-09-14"",""run_id"":""c16ad7f93e1d46c2ae1ca883b048c216""}}"
160,160,"43.9230345 , -79.2713104","43.7992569 , -79.27173660000001",urban-urban,urban,1283,"{""sample_routes"":{""date"":""2026-09-14"",""run_id"":""e8d1f5b91b6f405ba6c0267da8ed117d""},""join_samples"":{""date"":""2026-09-14"",""run_id"":""a045e95393294f6cad1ab8807c001ca6""},""upload_data"":{""date"":""2026-09-14"",""run_id"":""c16ad7f93e1d46c2ae1ca883b048c216""}}"
161,161,"43.7649063 , -79.40760800000001","43.645054300000005 , -79.40732530000001",urban-urban,urban,1283,"{""sample_routes"":{""date"":""2026-09-14"",""run_id"":""e8d1f5b91b6f405ba6c0267da8ed117d""},""join_samples"":{""date"":""2026-09-14"",""run_id"":""a045e95393294f6cad1ab8807c001ca6""},""upload_data"":{""date"":""2026-09-14"",""run_id"":""c16ad7f93e1d46c2ae1ca883b048c216""}}"
162,162,"43.560491400000004 , -79.7207716","43.6726438 , -79.83297300000001",urban-urban,urban,1283,"{""sample_routes"":{""date"":""2026-09-14"",""run_id"":""e8d1f5b91b6f405ba6c0267da8ed117d""},""join_samples"":{""date"":""2026-09-14"",""run_id"":""a045e95393294f6cad1ab8807c001ca6""},""upload_data"":{""date"":""2026-09-14"",""run_id"":""c16ad7f93e1d46c2ae1ca883b048c216""}}"
163,163,"43.845247900000004 , -79.48801660000001","43.965384300000004 , -79.4876875",urban-urban,urban,1284,"{""sample_routes"":{""date"":""2026-09-14"",""run_id"":""e8d1f5b91b6f405ba6c0267da8ed117d""},""join_samples"":{""date"":""2026-09-14"",""run_id"":""a045e95393294f6cad1ab8807c001ca6""},""upload_data"":{""date"":""2026-09-14"",""run_id"":""c16ad7f93e1d46c2ae1ca883b048c216""}}"
164,164,"43.067549500000005 , -79.08670570000001","43.2118425 , -79.2308337",urban-urban,urban,1285,"{""sample_routes"":{""date"":""2026-09-14"",""run_id"":""e8d1f5b91b6f405ba6c0267da8ed117d""},""join_samples"":{""date"":""2026-09-14"",""run_id"":""a045e95393294f6cad1ab8807c001ca6""},""upload_data"":{""date"":""2026-09-14"",""run_id"":""c16ad7f93e1d46c2ae1ca883b048c216""}}"
168,168,"43.072701900000006 , -79.10442330000001","43.210999300000005 , -79.2427103",urban-urban,urban,1113,"{""sample_routes"":{""date"":""2026-09-14"",""run_id"":""e8d1f5b91b6f405ba6c0267da8ed117d""},""join_samples"":{""date"":""2026-09-14"",""run_id"":""a045e95393294f6cad1ab8807c001ca6""},""upload_data"":{""date"":""2026-09-14"",""run_id"":""c16ad7f93e1d46c2ae1ca883b048c216""}}"
170,170,"45.3458125 , -76.9124682","45.3458113 , -76.80128520000001",urban-rural,urban,1112,"{""sample_routes"":{""date"":""2026-09-14"",""run_id"":""e8d1f5b91b6f405ba6c0267da8ed117d""},""join_samples"":{""date"":""2026-09-14"",""run_id"":""a045e95393294f6cad1ab8807c001ca6""},""upload_data"":{""date"":""2026-09-14"",""run_id"":""c16ad7f93e1d46c2ae1ca883b048c216""}}"
172,172,"45.6485604 , -79.7256828","45.5736818 , -79.72574990000001",urban-urban,urban,1289,"{""sample_routes"":{""date"":""2026-09-14"",""run_id"":""e8d1f5b91b6f405ba6c0267da8ed117d""},""join_samples"":{""date"":""2026-09-14"",""run_id"":""a045e95393294f6cad1ab8807c001ca6""},""upload_data"":{""date"":""2026-09-14"",""run_id"":""c16ad7f93e1d46c2ae1ca883b048c216""}}"
178,178,"43.691923100000004 , -79.7611447","43.5719125 , -79.7608953",urban-urban,urban,1291,"{""sample_routes"":{""date"":""2026-09-14"",""run_id"":""e8d1f5b91b6f405ba6c0267da8ed117d""},""join_samples"":{""date"":""2026-09-14"",""run_id"":""a045e95393294f6cad1ab8807c001ca6""},""upload_data"":{""date"":""2026-09-14"",""run_id"":""c16ad7f93e1d46c2ae1ca883b048c216""}}"
181,181,"43.8209217 , -79.0318778","43.895628 , -79.10631880000001",urban-urban,urban,1107,"{""sample_routes"":{""date"":""2026-09-14"",""run_id"":""e8d1f5b91b6f405ba6c0267da8ed117d""},""join_samples"":{""date"":""2026-09-14"",""run_id"":""a045e95393294f6cad1ab8807c001ca6""},""upload_data"":{""date"":""2026-09-14"",""run_id"":""c16ad7f93e1d46c2ae1ca883b048c216""}}"
183,183,"43.6416431 , -79.4254547","43.7392661 , -79.5232493",urban-urban,urban,1293,"{""sample_routes"":{""date"":""2026-09-14"",""run_id"":""e8d1f5b91b6f405ba6c0267da8ed117d""},""join_samples"":{""date"":""2026-09-14"",""run_id"":""a045e95393294f6cad1ab8807c001ca6""},""upload_data"":{""date"":""2026-09-14"",""run_id"":""c16ad7f93e1d46c2ae1ca883b048c216""}}"
184,184,"49.656266800000004 , -94.9124044","49.6782527 , -94.93453170000001",urban-urban,urban,1106,"{""sample_routes"":{""date"":""2026-09-14"",""run_id"":""e8d1f5b91b6f405ba6c0267da8ed117d""},""join_samples"":{""date"":""2026-09-14"",""run_id"":""a045e95393294f6cad1ab8807c001ca6""},""upload_data"":{""date"":""2026-09-14"",""run_id"":""c16ad7f93e1d46c2ae1ca883b048c216""}}"
186,186,"43.185841200000006 , -79.2517468","43.0463578 , -79.1123548",urban-urban,urban,1105,"{""sample_routes"":{""date"":""2026-09-14"",""run_id"":""e8d1f5b91b6f405ba6c0267da8ed117d""},""join_samples"":{""date"":""2026-09-14"",""run_id"":""a045e95393294f6cad1ab8807c001ca6""},""upload_data"":{""date"":""2026-09-14"",""run_id"":""c16ad7f93e1d46c2ae1ca883b048c216""}}"
189,189,"43.500591500000006 , -80.5546163","43.3720507 , -80.5550405",urban-rural,urban,1296,"{""sample_routes"":{""date"":""2026-09-14"",""run_id"":""e8d1f5b91b6f405ba6c0267da8ed117d""},""join_samples"":{""date"":""2026-09-14"",""run_id"":""a045e95393294f6cad1ab8807c001ca6""},""upload_data"":{""date"":""2026-09-14"",""run_id"":""c16ad7f93e1d46c2ae1ca883b048c216""}}"
190,190,"45.865006400000006 , -79.3164795","45.865184000000006 , -79.4445609",urban-urban,urban,1103,"{""sample_routes"":{""date"":""2026-09-14"",""run_id"":""e8d1f5b91b6f405ba6c0267da8ed117d""},""join_samples"":{""date"":""2026-09-14"",""run_id"":""a045e95393294f6cad1ab8807c001ca6""},""upload_data"":{""date"":""2026-09-14"",""run_id"":""c16ad7f93e1d46c2ae1ca883b048c216""}}"
191,191,"43.9738052 , -79.2465243","43.8610708 , -79.24676790000001",urban-urban,urban,1297,"{""sample_routes"":{""date"":""2026-09-14"",""run_id"":""e8d1f5b91b6f405ba6c0267da8ed117d""},""join_samples"":{""date"":""2026-09-14"",""run_id"":""a045e95393294f6cad1ab8807c001ca6""},""upload_data"":{""date"":""2026-09-14"",""run_id"":""c16ad7f93e1d46c2ae1ca883b048c216""}}"
192,192,"43.6679879 , -79.3662111","43.7689785 , -79.46700650000001",urban-urban,urban,1298,"{""sample_routes"":{""date"":""2026-09-14"",""run_id"":""e8d1f5b91b6f405ba6c0267da8ed117d""},""join_samples"":{""date"":""2026-09-14"",""run_id"":""a045e95393294f6cad1ab8807c001ca6""},""upload_data"":{""date"":""2026-09-14"",""run_id"":""c16ad7f93e1d46c2ae1ca883b048c216""}}"
194,194,"43.9786738 , -79.4869175","44.1085372 , -79.4865247",urban-urban,urban,1298,"{""sample_routes"":{""date"":""2026-09-14"",""run_id"":""e8d1f5b91b6f405ba6c0267da8ed117d""},""join_samples"":{""date"":""2026-09-14"",""run_id"":""a045e95393294f6cad1ab8807c001ca6""},""upload_data"":{""date"":""2026-09-14"",""run_id"":""c16ad7f93e1d46c2ae1ca883b048c216""}}"
195,195,"43.677028400000005 , -79.36059900000001","43.8986638 , -79.36038930000001",urban-urban,urban,1299,"{""sample_routes"":{""date"":""2026-09-14"",""run_id"":""e8d1f5b91b6f405ba6c0267da8ed117d""},""join_samples"":{""date"":""2026-09-14"",""run_id"":""a045e95393294f6cad1ab8807c001ca6""},""upload_data"":{""date"":""2026-09-14"",""run_id"":""c16ad7f93e1d46c2ae1ca883b048c216""}}"
196,196,"43.860866300000005 , -79.54542430000001","43.6735434 , -79.54583170000001",urban-urban,urban,1300,"{""sample_routes"":{""date"":""2026-09-14"",""run_id"":""e8d1f5b91b6f405ba6c0267da8ed117d""},""join_samples"":{""date"":""2026-09-14"",""run_id"":""a045e95393294f6cad1ab8807c001ca6""},""upload_data"":{""date"":""2026-09-14"",""run_id"":""c16ad7f93e1d46c2ae1ca883b048c216""}}"
198,198,"44.5173897 , -77.3497378","44.3915134 , -77.3496611",urban-urban,urban,1099,"{""sample_routes"":{""date"":""2026-09-14"",""run_id"":""e8d1f5b91b6f405ba6c0267da8ed117d""},""join_samples"":{""date"":""2026-09-14"",""run_id"":""a045e95393294f6cad1ab8807c001ca6""},""upload_data"":{""date"":""2026-09-14"",""run_id"":""c16ad7f93e1d46c2ae1ca883b048c216""}}"
199,199,"44.9046141 , -78.21587190000001","44.9639699 , -78.27563980000001",urban-urban,urban,1099,"{""sample_routes"":{""date"":""2026-09-14"",""run_id"":""e8d1f5b91b6f405ba6c0267da8ed117d""},""join_samples"":{""date"":""2026-09-14"",""run_id"":""a045e95393294f6cad1ab8807c001ca6""},""upload_data"":{""date"":""2026-09-14"",""run_id"":""c16ad7f93e1d46c2ae1ca883b048c216""}}"
200,200,"43.789867 , -79.25763450000001","43.938195 , -79.40557100000001",urban-urban,urban,1302,"{""sample_routes"":{""date"":""2026-09-14"",""run_id"":""e8d1f5b91b6f405ba6c0267da8ed117d""},""join_samples"":{""date"":""2026-09-14"",""run_id"":""a045e95393294f6cad1ab8807c001ca6""},""upload_data"":{""date"":""2026-09-14"",""run_id"":""c16ad7f93e1d46c2ae1ca883b048c216""}}"
201,201,"48.325833800000005 , -89.8302735","48.325600900000005 , -89.6419996",urban-rural,urban,1098,"{""sample_routes"":{""date"":""2026-09-14"",""run_id"":""e8d1f5b91b6f405ba6c0267da8ed117d""},""join_samples"":{""date"":""2026-09-14"",""run_id"":""a045e95393294f6cad1ab8807c001ca6""},""upload_data"":{""date"":""2026-09-14"",""run_id"":""c16ad7f93e1d46c2ae1ca883b048c216""}}"
203,203,"43.2329328 , -79.7935144","43.338617400000004 , -79.89889500000001",urban-urban,urban,1097,"{""sample_routes"":{""date"":""2026-09-14"",""run_id"":""e8d1f5b91b6f405ba6c0267da8ed117d""},""join_samples"":{""date"":""2026-09-14"",""run_id"":""a045e95393294f6cad1ab8807c001ca6""},""upload_data"":{""date"":""2026-09-14"",""run_id"":""c16ad7f93e1d46c2ae1ca883b048c216""}}"
204,204,"45.679426500000005 , -79.5073591","45.655443600000005 , -79.50702100000001",urban-urban,urban,1097,"{""sample_routes"":{""date"":""2026-09-14"",""run_id"":""e8d1f5b91b6f405ba6c0267da8ed117d""},""join_samples"":{""date"":""2026-09-14"",""run_id"":""a045e95393294f6cad1ab8807c001ca6""},""upload_data"":{""date"":""2026-09-14"",""run_id"":""c16ad7f93e1d46c2ae1ca883b048c216""}}"
205,205,"43.683527500000004 , -79.8443962","43.683773800000004 , -79.7138699",urban-urban,urban,1303,"{""sample_routes"":{""date"":""2026-09-14"",""run_id"":""e8d1f5b91b6f405ba6c0267da8ed117d""},""join_samples"":{""date"":""2026-09-14"",""run_id"":""a045e95393294f6cad1ab8807c001ca6""},""upload_data"":{""date"":""2026-09-14"",""run_id"":""c16ad7f93e1d46c2ae1ca883b048c216""}}"
210,210,"49.2680597 , -84.71760420000001","49.2126706 , -84.71765740000001",urban-urban,urban,1094,"{""sample_routes"":{""date"":""2026-09-14"",""run_id"":""e8d1f5b91b6f405ba6c0267da8ed117d""},""join_samples"":{""date"":""2026-09-14"",""run_id"":""a045e95393294f6cad1ab8807c001ca6""},""upload_data"":{""date"":""2026-09-14"",""run_id"":""c16ad7f93e1d46c2ae1ca883b048c216""}}"
214,214,"43.7814491 , -79.2551552","43.923570700000006 , -79.3970568",urban-urban,urban,1308,"{""sample_routes"":{""date"":""2026-09-14"",""run_id"":""e8d1f5b91b6f405ba6c0267da8ed117d""},""join_samples"":{""date"":""2026-09-14"",""run_id"":""a045e95393294f6cad1ab8807c001ca6""},""upload_data"":{""date"":""2026-09-14"",""run_id"":""c16ad7f93e1d46c2ae1ca883b048c216""}}"
215,215,"45.363655900000005 , -75.71124420000001","45.2836135 , -75.7911363",urban-urban,urban,1091,"{""sample_routes"":{""date"":""2026-09-14"",""run_id"":""e8d1f5b91b6f405ba6c0267da8ed117d""},""join_samples"":{""date"":""2026-09-14"",""run_id"":""a045e95393294f6cad1ab8807c001ca6""},""upload_data"":{""date"":""2026-09-14"",""run_id"":""c16ad7f93e1d46c2ae1ca883b048c216""}}"
218,218,"43.6921534 , -79.5412325","43.799890600000005 , -79.433497",urban-urban,urban,1310,"{""sample_routes"":{""date"":""2026-09-14"",""run_id"":""e8d1f5b91b6f405ba6c0267da8ed117d""},""join_samples"":{""date"":""2026-09-14"",""run_id"":""a045e95393294f6cad1ab8807c001ca6""},""upload_data"":{""date"":""2026-09-14"",""run_id"":""c16ad7f93e1d46c2ae1ca883b048c216""}}"
219,219,"49.0059399 , -86.58514360000001","49.0793595 , -86.6585608",urban-urban,urban,1090,"{""sample_routes"":{""date"":""2026-09-14"",""run_id"":""e8d1f5b91b6f405ba6c0267da8ed117d""},""join_samples"":{""date"":""2026-09-14"",""run_id"":""a045e95393294f6cad1ab8807c001ca6""},""upload_data"":{""date"":""2026-09-14"",""run_id"":""c16ad7f93e1d46c2ae1ca883b048c216""}}"
220,220,"43.2122155 , -79.1809029","43.116739200000005 , -79.27605770000001",urban-urban,urban,1090,"{""sample_routes"":{""date"":""2026-09-14"",""run_id"":""e8d1f5b91b6f405ba6c0267da8ed117d""},""join_samples"":{""date"":""2026-09-14"",""run_id"":""a045e95393294f6cad1ab8807c001ca6""},""upload_data"":{""date"":""2026-09-14"",""run_id"":""c16ad7f93e1d46c2ae1ca883b048c216""}}"
223,223,"43.2232271 , -79.8140118","43.4055065 , -79.8141004",urban-urban,urban,1310,"{""sample_routes"":{""date"":""2026-09-14"",""run_id"":""e8d1f5b91b6f405ba6c0267da8ed117d""},""join_samples"":{""date"":""2026-09-14"",""run_id"":""a045e95393294f6cad1ab8807c001ca6""},""upload_data"":{""date"":""2026-09-14"",""run_id"":""c16ad7f93e1d46c2ae1ca883b048c216""}}"
224,224,"43.648582100000006 , -79.51447850000001","43.6481878 , -79.3284697",urban-urban,urban,1089,"{""sample_routes"":{""date"":""2026-09-14"",""run_id"":""e8d1f5b91b6f405ba6c0267da8ed117d""},""join_samples"":{""date"":""2026-09-14"",""run_id"":""a045e95393294f6cad1ab8807c001ca6""},""upload_data"":{""date"":""2026-09-14"",""run_id"":""c16ad7f93e1d46c2ae1ca883b048c216""}}"
225,225,"43.6901774 , -79.43585420000001","43.6048972 , -79.5209476",urban-urban,urban,1313,"{""sample_routes"":{""date"":""2026-09-14"",""run_id"":""e8d1f5b91b6f405ba6c0267da8ed117d""},""join_samples"":{""date"":""2026-09-14"",""run_id"":""a045e95393294f6cad1ab8807c001ca6""},""upload_data"":{""date"":""2026-09-14"",""run_id"":""c16ad7f93e1d46c2ae1ca883b048c216""}}"
227,227,"49.3681215 , -85.5539004","49.460459500000006 , -85.6460473",urban-urban,urban,1314,"{""sample_routes"":{""date"":""2026-09-14"",""run_id"":""e8d1f5b91b6f405ba6c0267da8ed117d""},""join_samples"":{""date"":""2026-09-14"",""run_id"":""a045e95393294f6cad1ab8807c001ca6""},""upload_data"":{""date"":""2026-09-14"",""run_id"":""c16ad7f93e1d46c2ae1ca883b048c216""}}"
228,228,"43.688754700000004 , -79.54612630000001","43.525248700000006 , -79.7097178",urban-urban,urban,1314,"{""sample_routes"":{""date"":""2026-09-14"",""run_id"":""e8d1f5b91b6f405ba6c0267da8ed117d""},""join_samples"":{""date"":""2026-09-14"",""run_id"":""a045e95393294f6cad1ab8807c001ca6""},""upload_data"":{""date"":""2026-09-14"",""run_id"":""c16ad7f93e1d46c2ae1ca883b048c216""}}"
230,230,"43.594833400000006 , -79.68577710000001","43.4191877 , -79.6860193",urban-urban,urban,1315,"{""sample_routes"":{""date"":""2026-09-14"",""run_id"":""e8d1f5b91b6f405ba6c0267da8ed117d""},""join_samples"":{""date"":""2026-09-14"",""run_id"":""a045e95393294f6cad1ab8807c001ca6""},""upload_data"":{""date"":""2026-09-14"",""run_id"":""c16ad7f93e1d46c2ae1ca883b048c216""}}"
231,231,"43.6722571 , -79.4282129","43.7963673 , -79.4277801",urban-urban,urban,1315,"{""sample_routes"":{""date"":""2026-09-14"",""run_id"":""e8d1f5b91b6f405ba6c0267da8ed117d""},""join_samples"":{""date"":""2026-09-14"",""run_id"":""a045e95393294f6cad1ab8807c001ca6""},""upload_data"":{""date"":""2026-09-14"",""run_id"":""c16ad7f93e1d46c2ae1ca883b048c216""}}"
232,232,"43.742423200000005 , -79.24000000000001","43.7419835 , -79.39425390000001",urban-urban,urban,1315,"{""sample_routes"":{""date"":""2026-09-14"",""run_id"":""e8d1f5b91b6f405ba6c0267da8ed117d""},""join_samples"":{""date"":""2026-09-14"",""run_id"":""a045e95393294f6cad1ab8807c001ca6""},""upload_data"":{""date"":""2026-09-14"",""run_id"":""c16ad7f93e1d46c2ae1ca883b048c216""}}"
234,234,"42.2983472 , -83.0415712","42.298162000000005 , -82.84059950000001",urban-urban,urban,1084,"{""sample_routes"":{""date"":""2026-09-14"",""run_id"":""e8d1f5b91b6f405ba6c0267da8ed117d""},""join_samples"":{""date"":""2026-09-14"",""run_id"":""a045e95393294f6cad1ab8807c001ca6""},""upload_data"":{""date"":""2026-09-14"",""run_id"":""c16ad7f93e1d46c2ae1ca883b048c216""}}"
238,238,"43.8763268 , -79.037763","43.8764923 , -78.7874432",urban-urban,urban,1317,"{""sample_routes"":{""date"":""2026-09-14"",""run_id"":""e8d1f5b91b6f405ba6c0267da8ed117d""},""join_samples"":{""date"":""2026-09-14"",""run_id"":""a045e95393294f6cad1ab8807c001ca6""},""upload_data"":{""date"":""2026-09-14"",""run_id"":""c16ad7f93e1d46c2ae1ca883b048c216""}}"
240,240,"43.564163300000004 , -79.7408276","43.6943737 , -79.611036",urban-urban,urban,1317,"{""sample_routes"":{""date"":""2026-09-14"",""run_id"":""e8d1f5b91b6f405ba6c0267da8ed117d""},""join_samples"":{""date"":""2026-09-14"",""run_id"":""a045e95393294f6cad1ab8807c001ca6""},""upload_data"":{""date"":""2026-09-14"",""run_id"":""c16ad7f93e1d46c2ae1ca883b048c216""}}"
243,243,"43.788234200000005 , -79.285427","43.8899774 , -79.2857721",urban-urban,urban,1318,"{""sample_routes"":{""date"":""2026-09-14"",""run_id"":""e8d1f5b91b6f405ba6c0267da8ed117d""},""join_samples"":{""date"":""2026-09-14"",""run_id"":""a045e95393294f6cad1ab8807c001ca6""},""upload_data"":{""date"":""2026-09-14"",""run_id"":""c16ad7f93e1d46c2ae1ca883b048c216""}}"
245,245,"43.914210000000004 , -79.43378","43.913965600000004 , -79.5366585",urban-urban,urban,1081,"{""sample_routes"":{""date"":""2026-09-14"",""run_id"":""e8d1f5b91b6f405ba6c0267da8ed117d""},""join_samples"":{""date"":""2026-09-14"",""run_id"":""a045e95393294f6cad1ab8807c001ca6""},""upload_data"":{""date"":""2026-09-14"",""run_id"":""c16ad7f93e1d46c2ae1ca883b048c216""}}"
246,246,"43.7568697 , -79.2111332","43.839178000000004 , -79.2935319",urban-urban,urban,1319,"{""sample_routes"":{""date"":""2026-09-14"",""run_id"":""e8d1f5b91b6f405ba6c0267da8ed117d""},""join_samples"":{""date"":""2026-09-14"",""run_id"":""a045e95393294f6cad1ab8807c001ca6""},""upload_data"":{""date"":""2026-09-14"",""run_id"":""c16ad7f93e1d46c2ae1ca883b048c216""}}"
249,249,"43.706655700000006 , -79.5893403","43.707037 , -79.7910284",urban-urban,urban,1320,"{""sample_routes"":{""date"":""2026-09-14"",""run_id"":""e8d1f5b91b6f405ba6c0267da8ed117d""},""join_samples"":{""date"":""2026-09-14"",""run_id"":""a045e95393294f6cad1ab8807c001ca6""},""upload_data"":{""date"":""2026-09-14"",""run_id"":""c16ad7f93e1d46c2ae1ca883b048c216""}}"
251,251,"43.6515037 , -79.42657390000001","43.7462121 , -79.52147640000001",urban-urban,urban,1321,"{""sample_routes"":{""date"":""2026-09-14"",""run_id"":""e8d1f5b91b6f405ba6c0267da8ed117d""},""join_samples"":{""date"":""2026-09-14"",""run_id"":""a045e95393294f6cad1ab8807c001ca6""},""upload_data"":{""date"":""2026-09-14"",""run_id"":""c16ad7f93e1d46c2ae1ca883b048c216""}}"
254,254,"43.6462493 , -79.37788330000001","43.736049400000006 , -79.46802190000001",urban-urban,urban,1321,"{""sample_routes"":{""date"":""2026-09-14"",""run_id"":""e8d1f5b91b6f405ba6c0267da8ed117d""},""join_samples"":{""date"":""2026-09-14"",""run_id"":""a045e95393294f6cad1ab8807c001ca6""},""upload_data"":{""date"":""2026-09-14"",""run_id"":""c16ad7f93e1d46c2ae1ca883b048c216""}}"
260,260,"46.521215000000005 , -80.95299750000001","46.4673297 , -80.95262770000001",urban-urban,urban,1076,"{""sample_routes"":{""date"":""2026-09-14"",""run_id"":""e8d1f5b91b6f405ba6c0267da8ed117d""},""join_samples"":{""date"":""2026-09-14"",""run_id"":""a045e95393294f6cad1ab8807c001ca6""},""upload_data"":{""date"":""2026-09-14"",""run_id"":""c16ad7f93e1d46c2ae1ca883b048c216""}}"
262,262,"43.068174600000006 , -79.07582260000001","43.2160287 , -79.2234232",urban-urban,urban,1325,"{""sample_routes"":{""date"":""2026-09-14"",""run_id"":""e8d1f5b91b6f405ba6c0267da8ed117d""},""join_samples"":{""date"":""2026-09-14"",""run_id"":""a045e95393294f6cad1ab8807c001ca6""},""upload_data"":{""date"":""2026-09-14"",""run_id"":""c16ad7f93e1d46c2ae1ca883b048c216""}}"
263,263,"45.8286199 , -79.2786561","45.865028800000005 , -79.31494570000001",urban-urban,urban,1325,"{""sample_routes"":{""date"":""2026-09-14"",""run_id"":""e8d1f5b91b6f405ba6c0267da8ed117d""},""join_samples"":{""date"":""2026-09-14"",""run_id"":""a045e95393294f6cad1ab8807c001ca6""},""upload_data"":{""date"":""2026-09-14"",""run_id"":""c16ad7f93e1d46c2ae1ca883b048c216""}}"
264,264,"43.864223100000004 , -79.444756","43.739920500000004 , -79.44503780000001",urban-urban,urban,1326,"{""sample_routes"":{""date"":""2026-09-14"",""run_id"":""e8d1f5b91b6f405ba6c0267da8ed117d""},""join_samples"":{""date"":""2026-09-14"",""run_id"":""a045e95393294f6cad1ab8807c001ca6""},""upload_data"":{""date"":""2026-09-14"",""run_id"":""c16ad7f93e1d46c2ae1ca883b048c216""}}"
265,265,"45.5181109 , -80.000905","45.433334 , -80.0004844",urban-urban,urban,1074,"{""sample_routes"":{""date"":""2026-09-14"",""run_id"":""e8d1f5b91b6f405ba6c0267da8ed117d""},""join_samples"":{""date"":""2026-09-14"",""run_id"":""a045e95393294f6cad1ab8807c001ca6""},""upload_data"":{""date"":""2026-09-14"",""run_id"":""c16ad7f93e1d46c2ae1ca883b048c216""}}"
267,267,"46.5517045 , -83.7107848","46.4539775 , -83.7106777",urban-urban,urban,1073,"{""sample_routes"":{""date"":""2026-09-14"",""run_id"":""e8d1f5b91b6f405ba6c0267da8ed117d""},""join_samples"":{""date"":""2026-09-14"",""run_id"":""a045e95393294f6cad1ab8807c001ca6""},""upload_data"":{""date"":""2026-09-14"",""run_id"":""c16ad7f93e1d46c2ae1ca883b048c216""}}"
270,270,"43.6664669 , -79.31780090000001","43.833166000000006 , -79.3174647",urban-urban,urban,1328,"{""sample_routes"":{""date"":""2026-09-14"",""run_id"":""e8d1f5b91b6f405ba6c0267da8ed117d""},""join_samples"":{""date"":""2026-09-14"",""run_id"":""a045e95393294f6cad1ab8807c001ca6""},""upload_data"":{""date"":""2026-09-14"",""run_id"":""c16ad7f93e1d46c2ae1ca883b048c216""}}"
272,272,"45.2470146 , -75.7289938","45.4023638 , -75.7286322",urban-urban,urban,1329,"{""sample_routes"":{""date"":""2026-09-14"",""run_id"":""e8d1f5b91b6f405ba6c0267da8ed117d""},""join_samples"":{""date"":""2026-09-14"",""run_id"":""a045e95393294f6cad1ab8807c001ca6""},""upload_data"":{""date"":""2026-09-14"",""run_id"":""c16ad7f93e1d46c2ae1ca883b048c216""}}"
276,276,"44.281249200000005 , -78.31602980000001","44.365779200000006 , -78.40093440000001",urban-urban,urban,1070,"{""sample_routes"":{""date"":""2026-09-14"",""run_id"":""e8d1f5b91b6f405ba6c0267da8ed117d""},""join_samples"":{""date"":""2026-09-14"",""run_id"":""a045e95393294f6cad1ab8807c001ca6""},""upload_data"":{""date"":""2026-09-14"",""run_id"":""c16ad7f93e1d46c2ae1ca883b048c216""}}"
277,277,"43.6902087 , -79.4684002","43.8522212 , -79.46853440000001",urban-urban,urban,1331,"{""sample_routes"":{""date"":""2026-09-14"",""run_id"":""e8d1f5b91b6f405ba6c0267da8ed117d""},""join_samples"":{""date"":""2026-09-14"",""run_id"":""a045e95393294f6cad1ab8807c001ca6""},""upload_data"":{""date"":""2026-09-14"",""run_id"":""c16ad7f93e1d46c2ae1ca883b048c216""}}"
278,278,"43.6883234 , -79.4230883","43.8175353 , -79.4234984",urban-urban,urban,1331,"{""sample_routes"":{""date"":""2026-09-14"",""run_id"":""e8d1f5b91b6f405ba6c0267da8ed117d""},""join_samples"":{""date"":""2026-09-14"",""run_id"":""a045e95393294f6cad1ab8807c001ca6""},""upload_data"":{""date"":""2026-09-14"",""run_id"":""c16ad7f93e1d46c2ae1ca883b048c216""}}"
279,279,"43.789109 , -79.32712810000001","43.648667100000004 , -79.3273501",urban-urban,urban,1069,"{""sample_routes"":{""date"":""2026-09-14"",""run_id"":""e8d1f5b91b6f405ba6c0267da8ed117d""},""join_samples"":{""date"":""2026-09-14"",""run_id"":""a045e95393294f6cad1ab8807c001ca6""},""upload_data"":{""date"":""2026-09-14"",""run_id"":""c16ad7f93e1d46c2ae1ca883b048c216""}}"
281,281,"43.4655148 , -80.4874442","43.465647000000004 , -80.3048265",urban-rural,urban,1068,"{""sample_routes"":{""date"":""2026-09-14"",""run_id"":""e8d1f5b91b6f405ba6c0267da8ed117d""},""join_samples"":{""date"":""2026-09-14"",""run_id"":""a045e95393294f6cad1ab8807c001ca6""},""upload_data"":{""date"":""2026-09-14"",""run_id"":""c16ad7f93e1d46c2ae1ca883b048c216""}}"
282,282,"43.6600035 , -79.55413560000001","43.660308300000004 , -79.32363500000001",urban-urban,urban,1332,"{""sample_routes"":{""date"":""2026-09-14"",""run_id"":""e8d1f5b91b6f405ba6c0267da8ed117d""},""join_samples"":{""date"":""2026-09-14"",""run_id"":""a045e95393294f6cad1ab8807c001ca6""},""upload_data"":{""date"":""2026-09-14"",""run_id"":""c16ad7f93e1d46c2ae1ca883b048c216""}}"
284,284,"43.653937500000005 , -79.4314653","43.7765956 , -79.4318389",urban-urban,urban,1333,"{""sample_routes"":{""date"":""2026-09-14"",""run_id"":""e8d1f5b91b6f405ba6c0267da8ed117d""},""join_samples"":{""date"":""2026-09-14"",""run_id"":""a045e95393294f6cad1ab8807c001ca6""},""upload_data"":{""date"":""2026-09-14"",""run_id"":""c16ad7f93e1d46c2ae1ca883b048c216""}}"
286,286,"43.4680388 , -79.64704880000001","43.598764300000006 , -79.5161614",urban-urban,urban,1333,"{""sample_routes"":{""date"":""2026-09-14"",""run_id"":""e8d1f5b91b6f405ba6c0267da8ed117d""},""join_samples"":{""date"":""2026-09-14"",""run_id"":""a045e95393294f6cad1ab8807c001ca6""},""upload_data"":{""date"":""2026-09-14"",""run_id"":""c16ad7f93e1d46c2ae1ca883b048c216""}}"
287,287,"43.812515700000006 , -79.3667594","43.8128891 , -79.55931290000001",urban-urban,urban,1334,"{""sample_routes"":{""date"":""2026-09-14"",""run_id"":""e8d1f5b91b6f405ba6c0267da8ed117d""},""join_samples"":{""date"":""2026-09-14"",""run_id"":""a045e95393294f6cad1ab8807c001ca6""},""upload_data"":{""date"":""2026-09-14"",""run_id"":""c16ad7f93e1d46c2ae1ca883b048c216""}}"
289,289,"43.2131752 , -80.0112785","43.213469200000006 , -79.7481205",urban-urban,urban,1335,"{""sample_routes"":{""date"":""2026-09-14"",""run_id"":""e8d1f5b91b6f405ba6c0267da8ed117d""},""join_samples"":{""date"":""2026-09-14"",""run_id"":""a045e95393294f6cad1ab8807c001ca6""},""upload_data"":{""date"":""2026-09-14"",""run_id"":""c16ad7f93e1d46c2ae1ca883b048c216""}}"
290,290,"43.7408112 , -79.5045685","43.6371519 , -79.5043047",urban-urban,urban,1335,"{""sample_routes"":{""date"":""2026-09-14"",""run_id"":""e8d1f5b91b6f405ba6c0267da8ed117d""},""join_samples"":{""date"":""2026-09-14"",""run_id"":""a045e95393294f6cad1ab8807c001ca6""},""upload_data"":{""date"":""2026-09-14"",""run_id"":""c16ad7f93e1d46c2ae1ca883b048c216""}}"
292,292,"43.8978151 , -78.8142432","43.897460200000005 , -78.9762479",urban-urban,urban,1065,"{""sample_routes"":{""date"":""2026-09-14"",""run_id"":""e8d1f5b91b6f405ba6c0267da8ed117d""},""join_samples"":{""date"":""2026-09-14"",""run_id"":""a045e95393294f6cad1ab8807c001ca6""},""upload_data"":{""date"":""2026-09-14"",""run_id"":""c16ad7f93e1d46c2ae1ca883b048c216""}}"
293,293,"43.7802808 , -79.37527130000001","43.7800461 , -79.5838708",urban-urban,urban,1335,"{""sample_routes"":{""date"":""2026-09-14"",""run_id"":""e8d1f5b91b6f405ba6c0267da8ed117d""},""join_samples"":{""date"":""2026-09-14"",""run_id"":""a045e95393294f6cad1ab8807c001ca6""},""upload_data"":{""date"":""2026-09-14"",""run_id"":""c16ad7f93e1d46c2ae1ca883b048c216""}}"
296,296,"43.7492753 , -79.34558990000001","43.677996900000004 , -79.27467010000001",urban-urban,urban,1062,"{""sample_routes"":{""date"":""2026-09-14"",""run_id"":""e8d1f5b91b6f405ba6c0267da8ed117d""},""join_samples"":{""date"":""2026-09-14"",""run_id"":""a045e95393294f6cad1ab8807c001ca6""},""upload_data"":{""date"":""2026-09-14"",""run_id"":""c16ad7f93e1d46c2ae1ca883b048c216""}}"
302,302,"43.6336518 , -79.78968280000001","43.6332018 , -79.58200400000001",urban-urban,urban,1339,"{""sample_routes"":{""date"":""2026-09-14"",""run_id"":""e8d1f5b91b6f405ba6c0267da8ed117d""},""join_samples"":{""date"":""2026-09-14"",""run_id"":""a045e95393294f6cad1ab8807c001ca6""},""upload_data"":{""date"":""2026-09-14"",""run_id"":""c16ad7f93e1d46c2ae1ca883b048c216""}}"
306,306,"43.617345900000004 , -79.530011","43.4089599 , -79.738647",urban-urban,urban,1339,"{""sample_routes"":{""date"":""2026-09-14"",""run_id"":""e8d1f5b91b6f405ba6c0267da8ed117d""},""join_samples"":{""date"":""2026-09-14"",""run_id"":""a045e95393294f6cad1ab8807c001ca6""},""upload_data"":{""date"":""2026-09-14"",""run_id"":""c16ad7f93e1d46c2ae1ca883b048c216""}}"
312,312,"45.857897400000006 , -79.1346364","45.9477732 , -79.224728",urban-urban,urban,1341,"{""sample_routes"":{""date"":""2026-09-14"",""run_id"":""e8d1f5b91b6f405ba6c0267da8ed117d""},""join_samples"":{""date"":""2026-09-14"",""run_id"":""a045e95393294f6cad1ab8807c001ca6""},""upload_data"":{""date"":""2026-09-14"",""run_id"":""c16ad7f93e1d46c2ae1ca883b048c216""}}"
313,313,"43.785495100000006 , -79.44495260000001","43.785441500000005 , -79.6116386",urban-urban,urban,1341,"{""sample_routes"":{""date"":""2026-09-14"",""run_id"":""e8d1f5b91b6f405ba6c0267da8ed117d""},""join_samples"":{""date"":""2026-09-14"",""run_id"":""a045e95393294f6cad1ab8807c001ca6""},""upload_data"":{""date"":""2026-09-14"",""run_id"":""c16ad7f93e1d46c2ae1ca883b048c216""}}"
318,318,"48.1288363 , -82.77171080000001","48.2543085 , -82.7714485",urban-urban,urban,1342,"{""sample_routes"":{""date"":""2026-09-14"",""run_id"":""e8d1f5b91b6f405ba6c0267da8ed117d""},""join_samples"":{""date"":""2026-09-14"",""run_id"":""a045e95393294f6cad1ab8807c001ca6""},""upload_data"":{""date"":""2026-09-14"",""run_id"":""c16ad7f93e1d46c2ae1ca883b048c216""}}"
322,322,"43.659613500000006 , -79.5733854","43.846670200000005 , -79.573001",urban-urban,urban,1342,"{""sample_routes"":{""date"":""2026-09-14"",""run_id"":""e8d1f5b91b6f405ba6c0267da8ed117d""},""join_samples"":{""date"":""2026-09-14"",""run_id"":""a045e95393294f6cad1ab8807c001ca6""},""upload_data"":{""date"":""2026-09-14"",""run_id"":""c16ad7f93e1d46c2ae1ca883b048c216""}}"
323,323,"43.5816504 , -79.64173890000001","43.7291821 , -79.4946243",urban-urban,urban,1343,"{""sample_routes"":{""date"":""2026-09-14"",""run_id"":""e8d1f5b91b6f405ba6c0267da8ed117d""},""join_samples"":{""date"":""2026-09-14"",""run_id"":""a045e95393294f6cad1ab8807c001ca6""},""upload_data"":{""date"":""2026-09-14"",""run_id"":""c16ad7f93e1d46c2ae1ca883b048c216""}}"
325,325,"43.9796847 , -79.2580506","43.8450466 , -79.25771590000001",urban-urban,urban,1343,"{""sample_routes"":{""date"":""2026-09-14"",""run_id"":""e8d1f5b91b6f405ba6c0267da8ed117d""},""join_samples"":{""date"":""2026-09-14"",""run_id"":""a045e95393294f6cad1ab8807c001ca6""},""upload_data"":{""date"":""2026-09-14"",""run_id"":""c16ad7f93e1d46c2ae1ca883b048c216""}}"
326,326,"43.8954426 , -79.2888174","43.7831847 , -79.28846030000001",urban-urban,urban,1343,"{""sample_routes"":{""date"":""2026-09-14"",""run_id"":""e8d1f5b91b6f405ba6c0267da8ed117d""},""join_samples"":{""date"":""2026-09-14"",""run_id"":""a045e95393294f6cad1ab8807c001ca6""},""upload_data"":{""date"":""2026-09-14"",""run_id"":""c16ad7f93e1d46c2ae1ca883b048c216""}}"
328,328,"49.6432792 , -92.02125330000001","49.64364440000001 , -92.15560620000001",urban-urban,urban,1056,"{""sample_routes"":{""date"":""2026-09-14"",""run_id"":""e8d1f5b91b6f405ba6c0267da8ed117d""},""join_samples"":{""date"":""2026-09-14"",""run_id"":""a045e95393294f6cad1ab8807c001ca6""},""upload_data"":{""date"":""2026-09-14"",""run_id"":""c16ad7f93e1d46c2ae1ca883b048c216""}}"
329,329,"43.6675899 , -79.5235699","43.8428015 , -79.5233845",urban-urban,urban,1344,"{""sample_routes"":{""date"":""2026-09-14"",""run_id"":""e8d1f5b91b6f405ba6c0267da8ed117d""},""join_samples"":{""date"":""2026-09-14"",""run_id"":""a045e95393294f6cad1ab8807c001ca6""},""upload_data"":{""date"":""2026-09-14"",""run_id"":""c16ad7f93e1d46c2ae1ca883b048c216""}}"
331,331,"46.631469300000006 , -81.0093538","46.729174400000005 , -81.00948840000001",urban-urban,urban,1055,"{""sample_routes"":{""date"":""2026-09-14"",""run_id"":""e8d1f5b91b6f405ba6c0267da8ed117d""},""join_samples"":{""date"":""2026-09-14"",""run_id"":""a045e95393294f6cad1ab8807c001ca6""},""upload_data"":{""date"":""2026-09-14"",""run_id"":""c16ad7f93e1d46c2ae1ca883b048c216""}}"
332,332,"43.812823300000005 , -79.2335092","43.889844100000005 , -79.31036950000001",urban-urban,urban,1345,"{""sample_routes"":{""date"":""2026-09-14"",""run_id"":""e8d1f5b91b6f405ba6c0267da8ed117d""},""join_samples"":{""date"":""2026-09-14"",""run_id"":""a045e95393294f6cad1ab8807c001ca6""},""upload_data"":{""date"":""2026-09-14"",""run_id"":""c16ad7f93e1d46c2ae1ca883b048c216""}}"
335,335,"43.6607624 , -79.5243851","43.840801400000004 , -79.52398120000001",urban-urban,urban,1346,"{""sample_routes"":{""date"":""2026-09-14"",""run_id"":""e8d1f5b91b6f405ba6c0267da8ed117d""},""join_samples"":{""date"":""2026-09-14"",""run_id"":""a045e95393294f6cad1ab8807c001ca6""},""upload_data"":{""date"":""2026-09-14"",""run_id"":""c16ad7f93e1d46c2ae1ca883b048c216""}}"
337,337,"43.7626762 , -79.7297365","43.7626003 , -79.6061097",urban-urban,urban,1054,"{""sample_routes"":{""date"":""2026-09-14"",""run_id"":""e8d1f5b91b6f405ba6c0267da8ed117d""},""join_samples"":{""date"":""2026-09-14"",""run_id"":""a045e95393294f6cad1ab8807c001ca6""},""upload_data"":{""date"":""2026-09-14"",""run_id"":""c16ad7f93e1d46c2ae1ca883b048c216""}}"
339,339,"43.6632528 , -79.4353473","43.7821693 , -79.43569880000001",urban-urban,urban,1347,"{""sample_routes"":{""date"":""2026-09-14"",""run_id"":""e8d1f5b91b6f405ba6c0267da8ed117d""},""join_samples"":{""date"":""2026-09-14"",""run_id"":""a045e95393294f6cad1ab8807c001ca6""},""upload_data"":{""date"":""2026-09-14"",""run_id"":""c16ad7f93e1d46c2ae1ca883b048c216""}}"
343,343,"43.888578300000006 , -79.3421508","43.782147200000004 , -79.44893060000001",urban-urban,urban,1348,"{""sample_routes"":{""date"":""2026-09-14"",""run_id"":""e8d1f5b91b6f405ba6c0267da8ed117d""},""join_samples"":{""date"":""2026-09-14"",""run_id"":""a045e95393294f6cad1ab8807c001ca6""},""upload_data"":{""date"":""2026-09-14"",""run_id"":""c16ad7f93e1d46c2ae1ca883b048c216""}}"
346,346,"43.641555100000005 , -79.4749424","43.745088200000005 , -79.37181860000001",urban-urban,urban,1348,"{""sample_routes"":{""date"":""2026-09-14"",""run_id"":""e8d1f5b91b6f405ba6c0267da8ed117d""},""join_samples"":{""date"":""2026-09-14"",""run_id"":""a045e95393294f6cad1ab8807c001ca6""},""upload_data"":{""date"":""2026-09-14"",""run_id"":""c16ad7f93e1d46c2ae1ca883b048c216""}}"
349,349,"43.830583000000004 , -79.2235806","43.706641700000006 , -79.34752800000001",urban-urban,urban,1348,"{""sample_routes"":{""date"":""2026-09-14"",""run_id"":""e8d1f5b91b6f405ba6c0267da8ed117d""},""join_samples"":{""date"":""2026-09-14"",""run_id"":""a045e95393294f6cad1ab8807c001ca6""},""upload_data"":{""date"":""2026-09-14"",""run_id"":""c16ad7f93e1d46c2ae1ca883b048c216""}}"
350,350,"43.686248500000005 , -79.4664908","43.8435749 , -79.466623",urban-urban,urban,1348,"{""sample_routes"":{""date"":""2026-09-14"",""run_id"":""e8d1f5b91b6f405ba6c0267da8ed117d""},""join_samples"":{""date"":""2026-09-14"",""run_id"":""a045e95393294f6cad1ab8807c001ca6""},""upload_data"":{""date"":""2026-09-14"",""run_id"":""c16ad7f93e1d46c2ae1ca883b048c216""}}"
351,351,"43.663668 , -79.399243","43.8446708 , -79.3994334",urban-urban,urban,1349,"{""sample_routes"":{""date"":""2026-09-14"",""run_id"":""e8d1f5b91b6f405ba6c0267da8ed117d""},""join_samples"":{""date"":""2026-09-14"",""run_id"":""a045e95393294f6cad1ab8807c001ca6""},""upload_data"":{""date"":""2026-09-14"",""run_id"":""c16ad7f93e1d46c2ae1ca883b048c216""}}"
352,352,"43.2286523 , -79.819236","43.3670077 , -79.81932970000001",urban-urban,urban,1349,"{""sample_routes"":{""date"":""2026-09-14"",""run_id"":""e8d1f5b91b6f405ba6c0267da8ed117d""},""join_samples"":{""date"":""2026-09-14"",""run_id"":""a045e95393294f6cad1ab8807c001ca6""},""upload_data"":{""date"":""2026-09-14"",""run_id"":""c16ad7f93e1d46c2ae1ca883b048c216""}}"
353,353,"43.769618300000005 , -79.3421733","43.881294600000004 , -79.4534886",urban-urban,urban,1349,"{""sample_routes"":{""date"":""2026-09-14"",""run_id"":""e8d1f5b91b6f405ba6c0267da8ed117d""},""join_samples"":{""date"":""2026-09-14"",""run_id"":""a045e95393294f6cad1ab8807c001ca6""},""upload_data"":{""date"":""2026-09-14"",""run_id"":""c16ad7f93e1d46c2ae1ca883b048c216""}}"
354,354,"43.6738787 , -79.7299206","43.786324900000004 , -79.7300101",urban-urban,urban,1349,"{""sample_routes"":{""date"":""2026-09-14"",""run_id"":""e8d1f5b91b6f405ba6c0267da8ed117d""},""join_samples"":{""date"":""2026-09-14"",""run_id"":""a045e95393294f6cad1ab8807c001ca6""},""upload_data"":{""date"":""2026-09-14"",""run_id"":""c16ad7f93e1d46c2ae1ca883b048c216""}}"
356,356,"43.725957400000006 , -79.57940190000001","43.6351269 , -79.6706176",urban-urban,urban,1350,"{""sample_routes"":{""date"":""2026-09-14"",""run_id"":""e8d1f5b91b6f405ba6c0267da8ed117d""},""join_samples"":{""date"":""2026-09-14"",""run_id"":""a045e95393294f6cad1ab8807c001ca6""},""upload_data"":{""date"":""2026-09-14"",""run_id"":""c16ad7f93e1d46c2ae1ca883b048c216""}}"
357,357,"43.6754101 , -79.5271467","43.55997 , -79.6425768",urban-urban,urban,1350,"{""sample_routes"":{""date"":""2026-09-14"",""run_id"":""e8d1f5b91b6f405ba6c0267da8ed117d""},""join_samples"":{""date"":""2026-09-14"",""run_id"":""a045e95393294f6cad1ab8807c001ca6""},""upload_data"":{""date"":""2026-09-14"",""run_id"":""c16ad7f93e1d46c2ae1ca883b048c216""}}"
358,358,"43.781000000000006 , -79.71005770000001","43.669013400000004 , -79.82192540000001",urban-urban,urban,1350,"{""sample_routes"":{""date"":""2026-09-14"",""run_id"":""e8d1f5b91b6f405ba6c0267da8ed117d""},""join_samples"":{""date"":""2026-09-14"",""run_id"":""a045e95393294f6cad1ab8807c001ca6""},""upload_data"":{""date"":""2026-09-14"",""run_id"":""c16ad7f93e1d46c2ae1ca883b048c216""}}"
360,360,"43.7720865 , -79.5127906","43.638926000000005 , -79.512754",urban-urban,urban,1351,"{""sample_routes"":{""date"":""2026-09-14"",""run_id"":""e8d1f5b91b6f405ba6c0267da8ed117d""},""join_samples"":{""date"":""2026-09-14"",""run_id"":""a045e95393294f6cad1ab8807c001ca6""},""upload_data"":{""date"":""2026-09-14"",""run_id"":""c16ad7f93e1d46c2ae1ca883b048c216""}}"
362,362,"43.352155800000006 , -79.83471850000001","43.535738800000004 , -79.6508774",urban-urban,urban,1351,"{""sample_routes"":{""date"":""2026-09-14"",""run_id"":""e8d1f5b91b6f405ba6c0267da8ed117d""},""join_samples"":{""date"":""2026-09-14"",""run_id"":""a045e95393294f6cad1ab8807c001ca6""},""upload_data"":{""date"":""2026-09-14"",""run_id"":""c16ad7f93e1d46c2ae1ca883b048c216""}}"
363,363,"44.571882 , -78.4571803","44.641486300000004 , -78.5267192",urban-urban,urban,1049,"{""sample_routes"":{""date"":""2026-09-14"",""run_id"":""e8d1f5b91b6f405ba6c0267da8ed117d""},""join_samples"":{""date"":""2026-09-14"",""run_id"":""a045e95393294f6cad1ab8807c001ca6""},""upload_data"":{""date"":""2026-09-14"",""run_id"":""c16ad7f93e1d46c2ae1ca883b048c216""}}"
367,367,"46.4223134 , -80.2396507","46.483190400000005 , -80.17893720000001",urban-urban,urban,1047,"{""sample_routes"":{""date"":""2026-09-14"",""run_id"":""e8d1f5b91b6f405ba6c0267da8ed117d""},""join_samples"":{""date"":""2026-09-14"",""run_id"":""a045e95393294f6cad1ab8807c001ca6""},""upload_data"":{""date"":""2026-09-14"",""run_id"":""c16ad7f93e1d46c2ae1ca883b048c216""}}"
369,369,"43.7062254 , -79.34854560000001","43.706419600000004 , -79.5511213",urban-urban,urban,1353,"{""sample_routes"":{""date"":""2026-09-14"",""run_id"":""e8d1f5b91b6f405ba6c0267da8ed117d""},""join_samples"":{""date"":""2026-09-14"",""run_id"":""a045e95393294f6cad1ab8807c001ca6""},""upload_data"":{""date"":""2026-09-14"",""run_id"":""c16ad7f93e1d46c2ae1ca883b048c216""}}"
373,373,"44.643185 , -76.62036570000001","44.5546816 , -76.6203498",urban-urban,urban,1046,"{""sample_routes"":{""date"":""2026-09-14"",""run_id"":""e8d1f5b91b6f405ba6c0267da8ed117d""},""join_samples"":{""date"":""2026-09-14"",""run_id"":""a045e95393294f6cad1ab8807c001ca6""},""upload_data"":{""date"":""2026-09-14"",""run_id"":""c16ad7f93e1d46c2ae1ca883b048c216""}}"
376,376,"43.6001867 , -79.6394434","43.7480745 , -79.7874752",urban-urban,urban,1046,"{""sample_routes"":{""date"":""2026-09-14"",""run_id"":""e8d1f5b91b6f405ba6c0267da8ed117d""},""join_samples"":{""date"":""2026-09-14"",""run_id"":""a045e95393294f6cad1ab8807c001ca6""},""upload_data"":{""date"":""2026-09-14"",""run_id"":""c16ad7f93e1d46c2ae1ca883b048c216""}}"
377,377,"45.2818429 , -75.7150216","45.4161548 , -75.7146779",urban-urban,urban,1355,"{""sample_routes"":{""date"":""2026-09-14"",""run_id"":""e8d1f5b91b6f405ba6c0267da8ed117d""},""join_samples"":{""date"":""2026-09-14"",""run_id"":""a045e95393294f6cad1ab8807c001ca6""},""upload_data"":{""date"":""2026-09-14"",""run_id"":""c16ad7f93e1d46c2ae1ca883b048c216""}}"
378,378,"45.342883500000006 , -75.7415137","45.3431993 , -75.942437",urban-urban,urban,1355,"{""sample_routes"":{""date"":""2026-09-14"",""run_id"":""e8d1f5b91b6f405ba6c0267da8ed117d""},""join_samples"":{""date"":""2026-09-14"",""run_id"":""a045e95393294f6cad1ab8807c001ca6""},""upload_data"":{""date"":""2026-09-14"",""run_id"":""c16ad7f93e1d46c2ae1ca883b048c216""}}"
382,382,"43.7678462 , -79.7109106","43.610675900000004 , -79.7110088",urban-urban,urban,1356,"{""sample_routes"":{""date"":""2026-09-14"",""run_id"":""e8d1f5b91b6f405ba6c0267da8ed117d""},""join_samples"":{""date"":""2026-09-14"",""run_id"":""a045e95393294f6cad1ab8807c001ca6""},""upload_data"":{""date"":""2026-09-14"",""run_id"":""c16ad7f93e1d46c2ae1ca883b048c216""}}"
383,383,"43.693186600000004 , -79.3458512","43.8004363 , -79.4529852",urban-urban,urban,1356,"{""sample_routes"":{""date"":""2026-09-14"",""run_id"":""e8d1f5b91b6f405ba6c0267da8ed117d""},""join_samples"":{""date"":""2026-09-14"",""run_id"":""a045e95393294f6cad1ab8807c001ca6""},""upload_data"":{""date"":""2026-09-14"",""run_id"":""c16ad7f93e1d46c2ae1ca883b048c216""}}"
384,384,"45.3524419 , -75.83883750000001","45.254798400000006 , -75.9367953",urban-urban,urban,1044,"{""sample_routes"":{""date"":""2026-09-14"",""run_id"":""e8d1f5b91b6f405ba6c0267da8ed117d""},""join_samples"":{""date"":""2026-09-14"",""run_id"":""a045e95393294f6cad1ab8807c001ca6""},""upload_data"":{""date"":""2026-09-14"",""run_id"":""c16ad7f93e1d46c2ae1ca883b048c216""}}"
385,385,"43.715970500000005 , -79.81703300000001","43.7161485 , -79.6556259",urban-urban,urban,1356,"{""sample_routes"":{""date"":""2026-09-14"",""run_id"":""e8d1f5b91b6f405ba6c0267da8ed117d""},""join_samples"":{""date"":""2026-09-14"",""run_id"":""a045e95393294f6cad1ab8807c001ca6""},""upload_data"":{""date"":""2026-09-14"",""run_id"":""c16ad7f93e1d46c2ae1ca883b048c216""}}"
386,386,"44.6652454 , -78.5222396","44.561377900000004 , -78.52193290000001",urban-urban,urban,1044,"{""sample_routes"":{""date"":""2026-09-14"",""run_id"":""e8d1f5b91b6f405ba6c0267da8ed117d""},""join_samples"":{""date"":""2026-09-14"",""run_id"":""a045e95393294f6cad1ab8807c001ca6""},""upload_data"":{""date"":""2026-09-14"",""run_id"":""c16ad7f93e1d46c2ae1ca883b048c216""}}"
388,388,"43.7366448 , -79.3497639","43.7366174 , -79.57882260000001",urban-urban,urban,1357,"{""sample_routes"":{""date"":""2026-09-14"",""run_id"":""e8d1f5b91b6f405ba6c0267da8ed117d""},""join_samples"":{""date"":""2026-09-14"",""run_id"":""a045e95393294f6cad1ab8807c001ca6""},""upload_data"":{""date"":""2026-09-14"",""run_id"":""c16ad7f93e1d46c2ae1ca883b048c216""}}"
389,389,"43.3273577 , -79.90580560000001","43.1903134 , -79.7691671",urban-urban,urban,1357,"{""sample_routes"":{""date"":""2026-09-14"",""run_id"":""e8d1f5b91b6f405ba6c0267da8ed117d""},""join_samples"":{""date"":""2026-09-14"",""run_id"":""a045e95393294f6cad1ab8807c001ca6""},""upload_data"":{""date"":""2026-09-14"",""run_id"":""c16ad7f93e1d46c2ae1ca883b048c216""}}"
390,390,"43.6799164 , -79.81991570000001","43.7582102 , -79.8202799",urban-urban,urban,1043,"{""sample_routes"":{""date"":""2026-09-14"",""run_id"":""e8d1f5b91b6f405ba6c0267da8ed117d""},""join_samples"":{""date"":""2026-09-14"",""run_id"":""a045e95393294f6cad1ab8807c001ca6""},""upload_data"":{""date"":""2026-09-14"",""run_id"":""c16ad7f93e1d46c2ae1ca883b048c216""}}"
391,391,"43.6443202 , -79.5244885","43.432776600000004 , -79.7358183",urban-urban,urban,1357,"{""sample_routes"":{""date"":""2026-09-14"",""run_id"":""e8d1f5b91b6f405ba6c0267da8ed117d""},""join_samples"":{""date"":""2026-09-14"",""run_id"":""a045e95393294f6cad1ab8807c001ca6""},""upload_data"":{""date"":""2026-09-14"",""run_id"":""c16ad7f93e1d46c2ae1ca883b048c216""}}"
394,394,"43.7875925 , -79.6660229","43.5950542 , -79.6661756",urban-urban,urban,1358,"{""sample_routes"":{""date"":""2026-09-14"",""run_id"":""e8d1f5b91b6f405ba6c0267da8ed117d""},""join_samples"":{""date"":""2026-09-14"",""run_id"":""a045e95393294f6cad1ab8807c001ca6""},""upload_data"":{""date"":""2026-09-14"",""run_id"":""c16ad7f93e1d46c2ae1ca883b048c216""}}"
396,396,"42.3190315 , -82.8959442","42.2434345 , -82.9715872",urban-urban,urban,1042,"{""sample_routes"":{""date"":""2026-09-14"",""run_id"":""e8d1f5b91b6f405ba6c0267da8ed117d""},""join_samples"":{""date"":""2026-09-14"",""run_id"":""a045e95393294f6cad1ab8807c001ca6""},""upload_data"":{""date"":""2026-09-14"",""run_id"":""c16ad7f93e1d46c2ae1ca883b048c216""}}"
397,397,"43.569936600000005 , -80.2221653","43.482463700000004 , -80.3093769",urban-urban,urban,1042,"{""sample_routes"":{""date"":""2026-09-14"",""run_id"":""e8d1f5b91b6f405ba6c0267da8ed117d""},""join_samples"":{""date"":""2026-09-14"",""run_id"":""a045e95393294f6cad1ab8807c001ca6""},""upload_data"":{""date"":""2026-09-14"",""run_id"":""c16ad7f93e1d46c2ae1ca883b048c216""}}"
402,402,"43.65917 , -79.4573617","43.8107351 , -79.4569993",urban-urban,urban,1359,"{""sample_routes"":{""date"":""2026-09-14"",""run_id"":""e8d1f5b91b6f405ba6c0267da8ed117d""},""join_samples"":{""date"":""2026-09-14"",""run_id"":""a045e95393294f6cad1ab8807c001ca6""},""upload_data"":{""date"":""2026-09-14"",""run_id"":""c16ad7f93e1d46c2ae1ca883b048c216""}}"
405,405,"43.6926994 , -79.5175597","43.8157403 , -79.3941635",urban-urban,urban,1360,"{""sample_routes"":{""date"":""2026-09-14"",""run_id"":""e8d1f5b91b6f405ba6c0267da8ed117d""},""join_samples"":{""date"":""2026-09-14"",""run_id"":""a045e95393294f6cad1ab8807c001ca6""},""upload_data"":{""date"":""2026-09-14"",""run_id"":""c16ad7f93e1d46c2ae1ca883b048c216""}}"
408,408,"43.686022300000005 , -79.3063089","43.6864683 , -79.45392030000001",urban-urban,urban,1360,"{""sample_routes"":{""date"":""2026-09-14"",""run_id"":""e8d1f5b91b6f405ba6c0267da8ed117d""},""join_samples"":{""date"":""2026-09-14"",""run_id"":""a045e95393294f6cad1ab8807c001ca6""},""upload_data"":{""date"":""2026-09-14"",""run_id"":""c16ad7f93e1d46c2ae1ca883b048c216""}}"
409,409,"43.7302077 , -79.44049770000001","43.729835900000005 , -79.6836935",urban-urban,urban,1361,"{""sample_routes"":{""date"":""2026-09-14"",""run_id"":""e8d1f5b91b6f405ba6c0267da8ed117d""},""join_samples"":{""date"":""2026-09-14"",""run_id"":""a045e95393294f6cad1ab8807c001ca6""},""upload_data"":{""date"":""2026-09-14"",""run_id"":""c16ad7f93e1d46c2ae1ca883b048c216""}}"
411,411,"43.6922605 , -79.53320500000001","43.8066623 , -79.4191845",urban-urban,urban,1362,"{""sample_routes"":{""date"":""2026-09-14"",""run_id"":""e8d1f5b91b6f405ba6c0267da8ed117d""},""join_samples"":{""date"":""2026-09-14"",""run_id"":""a045e95393294f6cad1ab8807c001ca6""},""upload_data"":{""date"":""2026-09-14"",""run_id"":""c16ad7f93e1d46c2ae1ca883b048c216""}}"
413,413,"43.445621700000004 , -80.4632504","43.446019500000006 , -80.2476118",urban-rural,urban,1038,"{""sample_routes"":{""date"":""2026-09-14"",""run_id"":""e8d1f5b91b6f405ba6c0267da8ed117d""},""join_samples"":{""date"":""2026-09-14"",""run_id"":""a045e95393294f6cad1ab8807c001ca6""},""upload_data"":{""date"":""2026-09-14"",""run_id"":""c16ad7f93e1d46c2ae1ca883b048c216""}}"
415,415,"43.4393509 , -80.31638790000001","43.4391067 , -80.5521714",urban-urban,urban,1362,"{""sample_routes"":{""date"":""2026-09-14"",""run_id"":""e8d1f5b91b6f405ba6c0267da8ed117d""},""join_samples"":{""date"":""2026-09-14"",""run_id"":""a045e95393294f6cad1ab8807c001ca6""},""upload_data"":{""date"":""2026-09-14"",""run_id"":""c16ad7f93e1d46c2ae1ca883b048c216""}}"
416,416,"43.6507998 , -79.7010006","43.6506233 , -79.3972224",urban-urban,urban,1362,"{""sample_routes"":{""date"":""2026-09-14"",""run_id"":""e8d1f5b91b6f405ba6c0267da8ed117d""},""join_samples"":{""date"":""2026-09-14"",""run_id"":""a045e95393294f6cad1ab8807c001ca6""},""upload_data"":{""date"":""2026-09-14"",""run_id"":""c16ad7f93e1d46c2ae1ca883b048c216""}}"
419,419,"43.8470583 , -79.4202848","43.935461600000004 , -79.508745",urban-urban,urban,1363,"{""sample_routes"":{""date"":""2026-09-14"",""run_id"":""e8d1f5b91b6f405ba6c0267da8ed117d""},""join_samples"":{""date"":""2026-09-14"",""run_id"":""a045e95393294f6cad1ab8807c001ca6""},""upload_data"":{""date"":""2026-09-14"",""run_id"":""c16ad7f93e1d46c2ae1ca883b048c216""}}"
422,422,"43.1926063 , -79.5146903","43.192362200000005 , -79.8540804",urban-urban,urban,1363,"{""sample_routes"":{""date"":""2026-09-14"",""run_id"":""e8d1f5b91b6f405ba6c0267da8ed117d""},""join_samples"":{""date"":""2026-09-14"",""run_id"":""a045e95393294f6cad1ab8807c001ca6""},""upload_data"":{""date"":""2026-09-14"",""run_id"":""c16ad7f93e1d46c2ae1ca883b048c216""}}"
423,423,"43.778782 , -79.72611280000001","43.6430474 , -79.7257101",urban-urban,urban,1364,"{""sample_routes"":{""date"":""2026-09-14"",""run_id"":""e8d1f5b91b6f405ba6c0267da8ed117d""},""join_samples"":{""date"":""2026-09-14"",""run_id"":""a045e95393294f6cad1ab8807c001ca6""},""upload_data"":{""date"":""2026-09-14"",""run_id"":""c16ad7f93e1d46c2ae1ca883b048c216""}}"
428,428,"44.3432547 , -79.7028421","44.451357 , -79.70306860000001",urban-rural,urban,1035,"{""sample_routes"":{""date"":""2026-09-14"",""run_id"":""e8d1f5b91b6f405ba6c0267da8ed117d""},""join_samples"":{""date"":""2026-09-14"",""run_id"":""a045e95393294f6cad1ab8807c001ca6""},""upload_data"":{""date"":""2026-09-14"",""run_id"":""c16ad7f93e1d46c2ae1ca883b048c216""}}"
431,431,"43.8833282 , -78.94166170000001","43.8832991 , -78.73280030000001",urban-urban,urban,1034,"{""sample_routes"":{""date"":""2026-09-14"",""run_id"":""e8d1f5b91b6f405ba6c0267da8ed117d""},""join_samples"":{""date"":""2026-09-14"",""run_id"":""a045e95393294f6cad1ab8807c001ca6""},""upload_data"":{""date"":""2026-09-14"",""run_id"":""c16ad7f93e1d46c2ae1ca883b048c216""}}"
432,432,"43.6533139 , -79.37517530000001","43.8971996 , -79.37535890000001",urban-urban,urban,1366,"{""sample_routes"":{""date"":""2026-09-14"",""run_id"":""e8d1f5b91b6f405ba6c0267da8ed117d""},""join_samples"":{""date"":""2026-09-14"",""run_id"":""a045e95393294f6cad1ab8807c001ca6""},""upload_data"":{""date"":""2026-09-14"",""run_id"":""c16ad7f93e1d46c2ae1ca883b048c216""}}"
433,433,"43.4559477 , -80.2711537","43.455640700000004 , -80.5071776",rural-urban,urban,1366,"{""sample_routes"":{""date"":""2026-09-14"",""run_id"":""e8d1f5b91b6f405ba6c0267da8ed117d""},""join_samples"":{""date"":""2026-09-14"",""run_id"":""a045e95393294f6cad1ab8807c001ca6""},""upload_data"":{""date"":""2026-09-14"",""run_id"":""c16ad7f93e1d46c2ae1ca883b048c216""}}"
435,435,"43.7988428 , -79.38407240000001","43.6882267 , -79.38375400000001",urban-urban,urban,1366,"{""sample_routes"":{""date"":""2026-09-14"",""run_id"":""e8d1f5b91b6f405ba6c0267da8ed117d""},""join_samples"":{""date"":""2026-09-14"",""run_id"":""a045e95393294f6cad1ab8807c001ca6""},""upload_data"":{""date"":""2026-09-14"",""run_id"":""c16ad7f93e1d46c2ae1ca883b048c216""}}"
437,437,"43.668913700000004 , -79.3176291","43.6685322 , -79.5738031",urban-urban,urban,1366,"{""sample_routes"":{""date"":""2026-09-14"",""run_id"":""e8d1f5b91b6f405ba6c0267da8ed117d""},""join_samples"":{""date"":""2026-09-14"",""run_id"":""a045e95393294f6cad1ab8807c001ca6""},""upload_data"":{""date"":""2026-09-14"",""run_id"":""c16ad7f93e1d46c2ae1ca883b048c216""}}"
439,439,"43.774814 , -79.3226985","43.774686800000005 , -79.580482",urban-urban,urban,1367,"{""sample_routes"":{""date"":""2026-09-14"",""run_id"":""e8d1f5b91b6f405ba6c0267da8ed117d""},""join_samples"":{""date"":""2026-09-14"",""run_id"":""a045e95393294f6cad1ab8807c001ca6""},""upload_data"":{""date"":""2026-09-14"",""run_id"":""c16ad7f93e1d46c2ae1ca883b048c216""}}"
441,441,"43.6512839 , -79.3889609","43.6508904 , -79.6648084",urban-urban,urban,1367,"{""sample_routes"":{""date"":""2026-09-14"",""run_id"":""e8d1f5b91b6f405ba6c0267da8ed117d""},""join_samples"":{""date"":""2026-09-14"",""run_id"":""a045e95393294f6cad1ab8807c001ca6""},""upload_data"":{""date"":""2026-09-14"",""run_id"":""c16ad7f93e1d46c2ae1ca883b048c216""}}"
445,445,"43.6914801 , -79.5705312","43.6910663 , -79.8150349",urban-urban,urban,1367,"{""sample_routes"":{""date"":""2026-09-14"",""run_id"":""e8d1f5b91b6f405ba6c0267da8ed117d""},""join_samples"":{""date"":""2026-09-14"",""run_id"":""a045e95393294f6cad1ab8807c001ca6""},""upload_data"":{""date"":""2026-09-14"",""run_id"":""c16ad7f93e1d46c2ae1ca883b048c216""}}"
447,447,"43.7762297 , -79.7050782","43.6263759 , -79.7049494",urban-urban,urban,1368,"{""sample_routes"":{""date"":""2026-09-14"",""run_id"":""e8d1f5b91b6f405ba6c0267da8ed117d""},""join_samples"":{""date"":""2026-09-14"",""run_id"":""a045e95393294f6cad1ab8807c001ca6""},""upload_data"":{""date"":""2026-09-14"",""run_id"":""c16ad7f93e1d46c2ae1ca883b048c216""}}"
453,453,"43.793735500000004 , -79.2847399","43.7940673 , -79.5245718",urban-urban,urban,1369,"{""sample_routes"":{""date"":""2026-09-14"",""run_id"":""e8d1f5b91b6f405ba6c0267da8ed117d""},""join_samples"":{""date"":""2026-09-14"",""run_id"":""a045e95393294f6cad1ab8807c001ca6""},""upload_data"":{""date"":""2026-09-14"",""run_id"":""c16ad7f93e1d46c2ae1ca883b048c216""}}"
454,454,"44.1818613 , -77.39319280000001","44.1113453 , -77.3227068",urban-urban,urban,1031,"{""sample_routes"":{""date"":""2026-09-14"",""run_id"":""e8d1f5b91b6f405ba6c0267da8ed117d""},""join_samples"":{""date"":""2026-09-14"",""run_id"":""a045e95393294f6cad1ab8807c001ca6""},""upload_data"":{""date"":""2026-09-14"",""run_id"":""c16ad7f93e1d46c2ae1ca883b048c216""}}"
459,459,"43.669072500000006 , -79.3987235","43.8807661 , -79.3987908",urban-urban,urban,1370,"{""sample_routes"":{""date"":""2026-09-14"",""run_id"":""e8d1f5b91b6f405ba6c0267da8ed117d""},""join_samples"":{""date"":""2026-09-14"",""run_id"":""a045e95393294f6cad1ab8807c001ca6""},""upload_data"":{""date"":""2026-09-14"",""run_id"":""c16ad7f93e1d46c2ae1ca883b048c216""}}"
460,460,"50.170309100000004 , -92.94848320000001","50.10335490000001 , -92.8814486",urban-urban,urban,1030,"{""sample_routes"":{""date"":""2026-09-14"",""run_id"":""e8d1f5b91b6f405ba6c0267da8ed117d""},""join_samples"":{""date"":""2026-09-14"",""run_id"":""a045e95393294f6cad1ab8807c001ca6""},""upload_data"":{""date"":""2026-09-14"",""run_id"":""c16ad7f93e1d46c2ae1ca883b048c216""}}"
462,462,"45.3075623 , -75.5902599","45.420900100000004 , -75.7039606",urban-urban,urban,1370,"{""sample_routes"":{""date"":""2026-09-14"",""run_id"":""e8d1f5b91b6f405ba6c0267da8ed117d""},""join_samples"":{""date"":""2026-09-14"",""run_id"":""a045e95393294f6cad1ab8807c001ca6""},""upload_data"":{""date"":""2026-09-14"",""run_id"":""c16ad7f93e1d46c2ae1ca883b048c216""}}"
464,464,"44.750881400000004 , -76.4172491","44.838095900000006 , -76.41717170000001",urban-urban,urban,1371,"{""sample_routes"":{""date"":""2026-09-14"",""run_id"":""e8d1f5b91b6f405ba6c0267da8ed117d""},""join_samples"":{""date"":""2026-09-14"",""run_id"":""a045e95393294f6cad1ab8807c001ca6""},""upload_data"":{""date"":""2026-09-14"",""run_id"":""c16ad7f93e1d46c2ae1ca883b048c216""}}"
465,465,"43.858726000000004 , -79.302175","43.858583 , -79.554581",urban-urban,urban,1371,"{""sample_routes"":{""date"":""2026-09-14"",""run_id"":""e8d1f5b91b6f405ba6c0267da8ed117d""},""join_samples"":{""date"":""2026-09-14"",""run_id"":""a045e95393294f6cad1ab8807c001ca6""},""upload_data"":{""date"":""2026-09-14"",""run_id"":""c16ad7f93e1d46c2ae1ca883b048c216""}}"
466,466,"43.7533236 , -79.70872890000001","43.5874444 , -79.7085756",urban-urban,urban,1371,"{""sample_routes"":{""date"":""2026-09-14"",""run_id"":""e8d1f5b91b6f405ba6c0267da8ed117d""},""join_samples"":{""date"":""2026-09-14"",""run_id"":""a045e95393294f6cad1ab8807c001ca6""},""upload_data"":{""date"":""2026-09-14"",""run_id"":""c16ad7f93e1d46c2ae1ca883b048c216""}}"
467,467,"43.660413500000004 , -79.52578530000001","43.504582600000006 , -79.6814899",urban-urban,urban,1371,"{""sample_routes"":{""date"":""2026-09-14"",""run_id"":""e8d1f5b91b6f405ba6c0267da8ed117d""},""join_samples"":{""date"":""2026-09-14"",""run_id"":""a045e95393294f6cad1ab8807c001ca6""},""upload_data"":{""date"":""2026-09-14"",""run_id"":""c16ad7f93e1d46c2ae1ca883b048c216""}}"
468,468,"43.8168713 , -79.60077290000001","43.632975300000005 , -79.6003488",urban-urban,urban,1371,"{""sample_routes"":{""date"":""2026-09-14"",""run_id"":""e8d1f5b91b6f405ba6c0267da8ed117d""},""join_samples"":{""date"":""2026-09-14"",""run_id"":""a045e95393294f6cad1ab8807c001ca6""},""upload_data"":{""date"":""2026-09-14"",""run_id"":""c16ad7f93e1d46c2ae1ca883b048c216""}}"
470,470,"43.6805846 , -79.49753220000001","43.5144017 , -79.66367100000001",urban-urban,urban,1371,"{""sample_routes"":{""date"":""2026-09-14"",""run_id"":""e8d1f5b91b6f405ba6c0267da8ed117d""},""join_samples"":{""date"":""2026-09-14"",""run_id"":""a045e95393294f6cad1ab8807c001ca6""},""upload_data"":{""date"":""2026-09-14"",""run_id"":""c16ad7f93e1d46c2ae1ca883b048c216""}}"
472,472,"43.862275000000004 , -79.33347020000001","43.8624625 , -79.55551410000001",urban-urban,urban,1372,"{""sample_routes"":{""date"":""2026-09-14"",""run_id"":""e8d1f5b91b6f405ba6c0267da8ed117d""},""join_samples"":{""date"":""2026-09-14"",""run_id"":""a045e95393294f6cad1ab8807c001ca6""},""upload_data"":{""date"":""2026-09-14"",""run_id"":""c16ad7f93e1d46c2ae1ca883b048c216""}}"
475,475,"44.422403100000004 , -77.2153859","44.516974600000005 , -77.12114460000001",urban-urban,urban,1372,"{""sample_routes"":{""date"":""2026-09-14"",""run_id"":""e8d1f5b91b6f405ba6c0267da8ed117d""},""join_samples"":{""date"":""2026-09-14"",""run_id"":""a045e95393294f6cad1ab8807c001ca6""},""upload_data"":{""date"":""2026-09-14"",""run_id"":""c16ad7f93e1d46c2ae1ca883b048c216""}}"
477,477,"43.6673519 , -79.29669170000001","43.791569300000006 , -79.2968084",urban-urban,urban,1373,"{""sample_routes"":{""date"":""2026-09-14"",""run_id"":""e8d1f5b91b6f405ba6c0267da8ed117d""},""join_samples"":{""date"":""2026-09-14"",""run_id"":""a045e95393294f6cad1ab8807c001ca6""},""upload_data"":{""date"":""2026-09-14"",""run_id"":""c16ad7f93e1d46c2ae1ca883b048c216""}}"
478,478,"43.886964400000004 , -79.3958903","43.754736300000005 , -79.5283551",urban-urban,urban,1373,"{""sample_routes"":{""date"":""2026-09-14"",""run_id"":""e8d1f5b91b6f405ba6c0267da8ed117d""},""join_samples"":{""date"":""2026-09-14"",""run_id"":""a045e95393294f6cad1ab8807c001ca6""},""upload_data"":{""date"":""2026-09-14"",""run_id"":""c16ad7f93e1d46c2ae1ca883b048c216""}}"
479,479,"44.4304172 , -76.40054810000001","44.3576721 , -76.4728941",urban-urban,urban,1027,"{""sample_routes"":{""date"":""2026-09-14"",""run_id"":""e8d1f5b91b6f405ba6c0267da8ed117d""},""join_samples"":{""date"":""2026-09-14"",""run_id"":""a045e95393294f6cad1ab8807c001ca6""},""upload_data"":{""date"":""2026-09-14"",""run_id"":""c16ad7f93e1d46c2ae1ca883b048c216""}}"
480,480,"43.651571600000004 , -79.74664770000001","43.563867800000004 , -79.6585132",urban-urban,urban,1373,"{""sample_routes"":{""date"":""2026-09-14"",""run_id"":""e8d1f5b91b6f405ba6c0267da8ed117d""},""join_samples"":{""date"":""2026-09-14"",""run_id"":""a045e95393294f6cad1ab8807c001ca6""},""upload_data"":{""date"":""2026-09-14"",""run_id"":""c16ad7f93e1d46c2ae1ca883b048c216""}}"
482,482,"47.896003400000005 , -79.84604680000001","47.798123100000005 , -79.84561210000001",urban-urban,urban,1027,"{""sample_routes"":{""date"":""2026-09-14"",""run_id"":""e8d1f5b91b6f405ba6c0267da8ed117d""},""join_samples"":{""date"":""2026-09-14"",""run_id"":""a045e95393294f6cad1ab8807c001ca6""},""upload_data"":{""date"":""2026-09-14"",""run_id"":""c16ad7f93e1d46c2ae1ca883b048c216""}}"
483,483,"43.7779741 , -79.7527474","43.650597600000005 , -79.75290480000001",urban-urban,urban,1373,"{""sample_routes"":{""date"":""2026-09-14"",""run_id"":""e8d1f5b91b6f405ba6c0267da8ed117d""},""join_samples"":{""date"":""2026-09-14"",""run_id"":""a045e95393294f6cad1ab8807c001ca6""},""upload_data"":{""date"":""2026-09-14"",""run_id"":""c16ad7f93e1d46c2ae1ca883b048c216""}}"
485,485,"43.871636200000005 , -79.24140890000001","43.767541900000005 , -79.34586440000001",urban-urban,urban,1376,"{""sample_routes"":{""date"":""2026-09-14"",""run_id"":""e8d1f5b91b6f405ba6c0267da8ed117d""},""join_samples"":{""date"":""2026-09-14"",""run_id"":""a045e95393294f6cad1ab8807c001ca6""},""upload_data"":{""date"":""2026-09-14"",""run_id"":""c16ad7f93e1d46c2ae1ca883b048c216""}}"
486,486,"43.8716689 , -79.3164936","43.6924173 , -79.3160962",urban-urban,urban,1376,"{""sample_routes"":{""date"":""2026-09-14"",""run_id"":""e8d1f5b91b6f405ba6c0267da8ed117d""},""join_samples"":{""date"":""2026-09-14"",""run_id"":""a045e95393294f6cad1ab8807c001ca6""},""upload_data"":{""date"":""2026-09-14"",""run_id"":""c16ad7f93e1d46c2ae1ca883b048c216""}}"
487,487,"43.7961608 , -79.54996600000001","43.795745000000004 , -79.37724580000001",urban-urban,urban,1376,"{""sample_routes"":{""date"":""2026-09-14"",""run_id"":""e8d1f5b91b6f405ba6c0267da8ed117d""},""join_samples"":{""date"":""2026-09-14"",""run_id"":""a045e95393294f6cad1ab8807c001ca6""},""upload_data"":{""date"":""2026-09-14"",""run_id"":""c16ad7f93e1d46c2ae1ca883b048c216""}}"
488,488,"43.8464304 , -79.4048602","43.666297 , -79.40528570000001",urban-urban,urban,1377,"{""sample_routes"":{""date"":""2026-09-14"",""run_id"":""e8d1f5b91b6f405ba6c0267da8ed117d""},""join_samples"":{""date"":""2026-09-14"",""run_id"":""a045e95393294f6cad1ab8807c001ca6""},""upload_data"":{""date"":""2026-09-14"",""run_id"":""c16ad7f93e1d46c2ae1ca883b048c216""}}"
492,492,"42.998522900000005 , -81.3207261","42.998570900000004 , -81.1477031",urban-urban,urban,1379,"{""sample_routes"":{""date"":""2026-09-14"",""run_id"":""e8d1f5b91b6f405ba6c0267da8ed117d""},""join_samples"":{""date"":""2026-09-14"",""run_id"":""a045e95393294f6cad1ab8807c001ca6""},""upload_data"":{""date"":""2026-09-14"",""run_id"":""c16ad7f93e1d46c2ae1ca883b048c216""}}"
494,494,"43.8699244 , -79.2234808","43.7626301 , -79.2235028",urban-urban,urban,1379,"{""sample_routes"":{""date"":""2026-09-14"",""run_id"":""e8d1f5b91b6f405ba6c0267da8ed117d""},""join_samples"":{""date"":""2026-09-14"",""run_id"":""a045e95393294f6cad1ab8807c001ca6""},""upload_data"":{""date"":""2026-09-14"",""run_id"":""c16ad7f93e1d46c2ae1ca883b048c216""}}"
495,495,"43.653074700000005 , -79.54979630000001","43.861376400000005 , -79.54990070000001",urban-urban,urban,1380,"{""sample_routes"":{""date"":""2026-09-14"",""run_id"":""e8d1f5b91b6f405ba6c0267da8ed117d""},""join_samples"":{""date"":""2026-09-14"",""run_id"":""a045e95393294f6cad1ab8807c001ca6""},""upload_data"":{""date"":""2026-09-14"",""run_id"":""c16ad7f93e1d46c2ae1ca883b048c216""}}"
497,497,"43.492370300000005 , -79.6736455","43.653920500000005 , -79.5124929",rural-urban,urban,1380,"{""sample_routes"":{""date"":""2026-09-14"",""run_id"":""e8d1f5b91b6f405ba6c0267da8ed117d""},""join_samples"":{""date"":""2026-09-14"",""run_id"":""a045e95393294f6cad1ab8807c001ca6""},""upload_data"":{""date"":""2026-09-14"",""run_id"":""c16ad7f93e1d46c2ae1ca883b048c216""}}"
498,498,"43.6859151 , -79.72464450000001","43.8051672 , -79.724462",urban-urban,urban,1380,"{""sample_routes"":{""date"":""2026-09-14"",""run_id"":""e8d1f5b91b6f405ba6c0267da8ed117d""},""join_samples"":{""date"":""2026-09-14"",""run_id"":""a045e95393294f6cad1ab8807c001ca6""},""upload_data"":{""date"":""2026-09-14"",""run_id"":""c16ad7f93e1d46c2ae1ca883b048c216""}}"
503,503,"46.5395327 , -80.9150625","46.6525698 , -81.0276671",urban-urban,mixed,1199,"{""sample_routes"":{""date"":""2026-09-14"",""run_id"":""e8d1f5b91b6f405ba6c0267da8ed117d""},""join_samples"":{""date"":""2026-09-14"",""run_id"":""a045e95393294f6cad1ab8807c001ca6""},""upload_data"":{""date"":""2026-09-14"",""run_id"":""c16ad7f93e1d46c2ae1ca883b048c216""}}"
510,510,"48.5601136 , -89.2736612","48.5601125 , -89.13689280000001",rural-rural,mixed,1197,"{""sample_routes"":{""date"":""2026-09-14"",""run_id"":""e8d1f5b91b6f405ba6c0267da8ed117d""},""join_samples"":{""date"":""2026-09-14"",""run_id"":""a045e95393294f6cad1ab8807c001ca6""},""upload_data"":{""date"":""2026-09-14"",""run_id"":""c16ad7f93e1d46c2ae1ca883b048c216""}}"
511,511,"44.420359000000005 , -79.7063012","44.3062453 , -79.82066010000001",urban-urban,mixed,1196,"{""sample_routes"":{""date"":""2026-09-14"",""run_id"":""e8d1f5b91b6f405ba6c0267da8ed117d""},""join_samples"":{""date"":""2026-09-14"",""run_id"":""a045e95393294f6cad1ab8807c001ca6""},""upload_data"":{""date"":""2026-09-14"",""run_id"":""c16ad7f93e1d46c2ae1ca883b048c216""}}"
513,513,"44.820603000000006 , -78.03997360000001","44.820849700000004 , -77.853514",rural-urban,mixed,1204,"{""sample_routes"":{""date"":""2026-09-14"",""run_id"":""e8d1f5b91b6f405ba6c0267da8ed117d""},""join_samples"":{""date"":""2026-09-14"",""run_id"":""a045e95393294f6cad1ab8807c001ca6""},""upload_data"":{""date"":""2026-09-14"",""run_id"":""c16ad7f93e1d46c2ae1ca883b048c216""}}"
515,515,"46.4837366 , -80.1861078","46.5414137 , -80.24350600000001",urban-urban,mixed,1205,"{""sample_routes"":{""date"":""2026-09-14"",""run_id"":""e8d1f5b91b6f405ba6c0267da8ed117d""},""join_samples"":{""date"":""2026-09-14"",""run_id"":""a045e95393294f6cad1ab8807c001ca6""},""upload_data"":{""date"":""2026-09-14"",""run_id"":""c16ad7f93e1d46c2ae1ca883b048c216""}}"
516,516,"49.789290900000005 , -92.9034451","49.888382 , -92.8042121",urban-urban,mixed,1194,"{""sample_routes"":{""date"":""2026-09-14"",""run_id"":""e8d1f5b91b6f405ba6c0267da8ed117d""},""join_samples"":{""date"":""2026-09-14"",""run_id"":""a045e95393294f6cad1ab8807c001ca6""},""upload_data"":{""date"":""2026-09-14"",""run_id"":""c16ad7f93e1d46c2ae1ca883b048c216""}}"
517,517,"44.021961600000004 , -79.8538194","44.022106900000004 , -79.68871990000001",urban-urban,mixed,1206,"{""sample_routes"":{""date"":""2026-09-14"",""run_id"":""e8d1f5b91b6f405ba6c0267da8ed117d""},""join_samples"":{""date"":""2026-09-14"",""run_id"":""a045e95393294f6cad1ab8807c001ca6""},""upload_data"":{""date"":""2026-09-14"",""run_id"":""c16ad7f93e1d46c2ae1ca883b048c216""}}"
518,518,"48.407747 , -89.2999271","48.513583100000005 , -89.40562290000001",rural-urban,mixed,1206,"{""sample_routes"":{""date"":""2026-09-14"",""run_id"":""e8d1f5b91b6f405ba6c0267da8ed117d""},""join_samples"":{""date"":""2026-09-14"",""run_id"":""a045e95393294f6cad1ab8807c001ca6""},""upload_data"":{""date"":""2026-09-14"",""run_id"":""c16ad7f93e1d46c2ae1ca883b048c216""}}"
519,519,"42.953659200000004 , -81.40820740000001","42.9535429 , -81.64718760000001",urban-urban,mixed,1206,"{""sample_routes"":{""date"":""2026-09-14"",""run_id"":""e8d1f5b91b6f405ba6c0267da8ed117d""},""join_samples"":{""date"":""2026-09-14"",""run_id"":""a045e95393294f6cad1ab8807c001ca6""},""upload_data"":{""date"":""2026-09-14"",""run_id"":""c16ad7f93e1d46c2ae1ca883b048c216""}}"
520,520,"46.0380641 , -79.3930363","45.876778400000006 , -79.3932987",urban-urban,mixed,1207,"{""sample_routes"":{""date"":""2026-09-14"",""run_id"":""e8d1f5b91b6f405ba6c0267da8ed117d""},""join_samples"":{""date"":""2026-09-14"",""run_id"":""a045e95393294f6cad1ab8807c001ca6""},""upload_data"":{""date"":""2026-09-14"",""run_id"":""c16ad7f93e1d46c2ae1ca883b048c216""}}"
521,521,"46.4651317 , -83.9244747","46.541017800000006 , -84.0003908",rural-urban,mixed,1207,"{""sample_routes"":{""date"":""2026-09-14"",""run_id"":""e8d1f5b91b6f405ba6c0267da8ed117d""},""join_samples"":{""date"":""2026-09-14"",""run_id"":""a045e95393294f6cad1ab8807c001ca6""},""upload_data"":{""date"":""2026-09-14"",""run_id"":""c16ad7f93e1d46c2ae1ca883b048c216""}}"
523,523,"44.5144212 , -76.87287330000001","44.409579300000004 , -76.9773334",urban-urban,mixed,1210,"{""sample_routes"":{""date"":""2026-09-14"",""run_id"":""e8d1f5b91b6f405ba6c0267da8ed117d""},""join_samples"":{""date"":""2026-09-14"",""run_id"":""a045e95393294f6cad1ab8807c001ca6""},""upload_data"":{""date"":""2026-09-14"",""run_id"":""c16ad7f93e1d46c2ae1ca883b048c216""}}"
524,524,"48.24978410000001 , -89.7663067","48.3478921 , -89.66832670000001",urban-urban,mixed,1210,"{""sample_routes"":{""date"":""2026-09-14"",""run_id"":""e8d1f5b91b6f405ba6c0267da8ed117d""},""join_samples"":{""date"":""2026-09-14"",""run_id"":""a045e95393294f6cad1ab8807c001ca6""},""upload_data"":{""date"":""2026-09-14"",""run_id"":""c16ad7f93e1d46c2ae1ca883b048c216""}}"
525,525,"45.1733795 , -79.6865784","45.271201100000006 , -79.6866949",urban-urban,mixed,1188,"{""sample_routes"":{""date"":""2026-09-14"",""run_id"":""e8d1f5b91b6f405ba6c0267da8ed117d""},""join_samples"":{""date"":""2026-09-14"",""run_id"":""a045e95393294f6cad1ab8807c001ca6""},""upload_data"":{""date"":""2026-09-14"",""run_id"":""c16ad7f93e1d46c2ae1ca883b048c216""}}"
526,526,"46.3205644 , -81.49615580000001","46.320369 , -81.3494094",urban-urban,mixed,1214,"{""sample_routes"":{""date"":""2026-09-14"",""run_id"":""e8d1f5b91b6f405ba6c0267da8ed117d""},""join_samples"":{""date"":""2026-09-14"",""run_id"":""a045e95393294f6cad1ab8807c001ca6""},""upload_data"":{""date"":""2026-09-14"",""run_id"":""c16ad7f93e1d46c2ae1ca883b048c216""}}"
533,533,"44.796074100000006 , -76.23434","44.688172800000004 , -76.3418438",urban-urban,mixed,1217,"{""sample_routes"":{""date"":""2026-09-14"",""run_id"":""e8d1f5b91b6f405ba6c0267da8ed117d""},""join_samples"":{""date"":""2026-09-14"",""run_id"":""a045e95393294f6cad1ab8807c001ca6""},""upload_data"":{""date"":""2026-09-14"",""run_id"":""c16ad7f93e1d46c2ae1ca883b048c216""}}"
535,535,"44.959992 , -75.283073","45.0783311 , -75.2829706",urban-urban,mixed,1182,"{""sample_routes"":{""date"":""2026-09-14"",""run_id"":""e8d1f5b91b6f405ba6c0267da8ed117d""},""join_samples"":{""date"":""2026-09-14"",""run_id"":""a045e95393294f6cad1ab8807c001ca6""},""upload_data"":{""date"":""2026-09-14"",""run_id"":""c16ad7f93e1d46c2ae1ca883b048c216""}}"
537,537,"44.5368913 , -76.61343690000001","44.4509065 , -76.6997242",urban-urban,mixed,1219,"{""sample_routes"":{""date"":""2026-09-14"",""run_id"":""e8d1f5b91b6f405ba6c0267da8ed117d""},""join_samples"":{""date"":""2026-09-14"",""run_id"":""a045e95393294f6cad1ab8807c001ca6""},""upload_data"":{""date"":""2026-09-14"",""run_id"":""c16ad7f93e1d46c2ae1ca883b048c216""}}"
538,538,"44.695549500000006 , -76.30107100000001","44.5685397 , -76.3013214",urban-urban,mixed,1219,"{""sample_routes"":{""date"":""2026-09-14"",""run_id"":""e8d1f5b91b6f405ba6c0267da8ed117d""},""join_samples"":{""date"":""2026-09-14"",""run_id"":""a045e95393294f6cad1ab8807c001ca6""},""upload_data"":{""date"":""2026-09-14"",""run_id"":""c16ad7f93e1d46c2ae1ca883b048c216""}}"
539,539,"46.393049000000005 , -81.1772285","46.517264100000006 , -81.0531759",urban-rural,mixed,1220,"{""sample_routes"":{""date"":""2026-09-14"",""run_id"":""e8d1f5b91b6f405ba6c0267da8ed117d""},""join_samples"":{""date"":""2026-09-14"",""run_id"":""a045e95393294f6cad1ab8807c001ca6""},""upload_data"":{""date"":""2026-09-14"",""run_id"":""c16ad7f93e1d46c2ae1ca883b048c216""}}"
540,540,"44.1602642 , -79.4037931","44.005516 , -79.4040942",rural-urban,mixed,1220,"{""sample_routes"":{""date"":""2026-09-14"",""run_id"":""e8d1f5b91b6f405ba6c0267da8ed117d""},""join_samples"":{""date"":""2026-09-14"",""run_id"":""a045e95393294f6cad1ab8807c001ca6""},""upload_data"":{""date"":""2026-09-14"",""run_id"":""c16ad7f93e1d46c2ae1ca883b048c216""}}"
541,541,"42.894120300000004 , -79.24879490000001","43.0607659 , -79.2485516",rural-urban,mixed,1220,"{""sample_routes"":{""date"":""2026-09-14"",""run_id"":""e8d1f5b91b6f405ba6c0267da8ed117d""},""join_samples"":{""date"":""2026-09-14"",""run_id"":""a045e95393294f6cad1ab8807c001ca6""},""upload_data"":{""date"":""2026-09-14"",""run_id"":""c16ad7f93e1d46c2ae1ca883b048c216""}}"
542,542,"44.896089200000006 , -77.6908308","45.0013111 , -77.6904554",urban-urban,mixed,1220,"{""sample_routes"":{""date"":""2026-09-14"",""run_id"":""e8d1f5b91b6f405ba6c0267da8ed117d""},""join_samples"":{""date"":""2026-09-14"",""run_id"":""a045e95393294f6cad1ab8807c001ca6""},""upload_data"":{""date"":""2026-09-14"",""run_id"":""c16ad7f93e1d46c2ae1ca883b048c216""}}"
543,543,"42.787571 , -80.195446","42.916770500000005 , -80.1958561",urban-urban,mixed,1180,"{""sample_routes"":{""date"":""2026-09-14"",""run_id"":""e8d1f5b91b6f405ba6c0267da8ed117d""},""join_samples"":{""date"":""2026-09-14"",""run_id"":""a045e95393294f6cad1ab8807c001ca6""},""upload_data"":{""date"":""2026-09-14"",""run_id"":""c16ad7f93e1d46c2ae1ca883b048c216""}}"
544,544,"44.699039000000006 , -76.3885056","44.6987566 , -76.52802290000001",urban-urban,mixed,1179,"{""sample_routes"":{""date"":""2026-09-14"",""run_id"":""e8d1f5b91b6f405ba6c0267da8ed117d""},""join_samples"":{""date"":""2026-09-14"",""run_id"":""a045e95393294f6cad1ab8807c001ca6""},""upload_data"":{""date"":""2026-09-14"",""run_id"":""c16ad7f93e1d46c2ae1ca883b048c216""}}"
546,546,"46.550980300000006 , -80.9203646","46.6359779 , -80.9207477",urban-rural,mixed,1222,"{""sample_routes"":{""date"":""2026-09-14"",""run_id"":""e8d1f5b91b6f405ba6c0267da8ed117d""},""join_samples"":{""date"":""2026-09-14"",""run_id"":""a045e95393294f6cad1ab8807c001ca6""},""upload_data"":{""date"":""2026-09-14"",""run_id"":""c16ad7f93e1d46c2ae1ca883b048c216""}}"
547,547,"45.028739300000005 , -74.7533003","45.151733500000006 , -74.8762482",urban-urban,mixed,1177,"{""sample_routes"":{""date"":""2026-09-14"",""run_id"":""e8d1f5b91b6f405ba6c0267da8ed117d""},""join_samples"":{""date"":""2026-09-14"",""run_id"":""a045e95393294f6cad1ab8807c001ca6""},""upload_data"":{""date"":""2026-09-14"",""run_id"":""c16ad7f93e1d46c2ae1ca883b048c216""}}"
548,548,"44.2871961 , -78.3615108","44.2873247 , -78.6010193",urban-urban,mixed,1223,"{""sample_routes"":{""date"":""2026-09-14"",""run_id"":""e8d1f5b91b6f405ba6c0267da8ed117d""},""join_samples"":{""date"":""2026-09-14"",""run_id"":""a045e95393294f6cad1ab8807c001ca6""},""upload_data"":{""date"":""2026-09-14"",""run_id"":""c16ad7f93e1d46c2ae1ca883b048c216""}}"
549,549,"46.2436342 , -82.90541950000001","46.275702200000005 , -82.93751300000001",urban-rural,mixed,1223,"{""sample_routes"":{""date"":""2026-09-14"",""run_id"":""e8d1f5b91b6f405ba6c0267da8ed117d""},""join_samples"":{""date"":""2026-09-14"",""run_id"":""a045e95393294f6cad1ab8807c001ca6""},""upload_data"":{""date"":""2026-09-14"",""run_id"":""c16ad7f93e1d46c2ae1ca883b048c216""}}"
550,550,"43.341255600000004 , -79.9057418","43.472745100000004 , -80.0368677",urban-urban,mixed,1223,"{""sample_routes"":{""date"":""2026-09-14"",""run_id"":""e8d1f5b91b6f405ba6c0267da8ed117d""},""join_samples"":{""date"":""2026-09-14"",""run_id"":""a045e95393294f6cad1ab8807c001ca6""},""upload_data"":{""date"":""2026-09-14"",""run_id"":""c16ad7f93e1d46c2ae1ca883b048c216""}}"
552,552,"43.4047142 , -80.49679470000001","43.3175467 , -80.5835234",urban-urban,mixed,1225,"{""sample_routes"":{""date"":""2026-09-14"",""run_id"":""e8d1f5b91b6f405ba6c0267da8ed117d""},""join_samples"":{""date"":""2026-09-14"",""run_id"":""a045e95393294f6cad1ab8807c001ca6""},""upload_data"":{""date"":""2026-09-14"",""run_id"":""c16ad7f93e1d46c2ae1ca883b048c216""}}"
553,553,"43.8990773 , -79.3611113","43.9981115 , -79.26224690000001",urban-rural,mixed,1227,"{""sample_routes"":{""date"":""2026-09-14"",""run_id"":""e8d1f5b91b6f405ba6c0267da8ed117d""},""join_samples"":{""date"":""2026-09-14"",""run_id"":""a045e95393294f6cad1ab8807c001ca6""},""upload_data"":{""date"":""2026-09-14"",""run_id"":""c16ad7f93e1d46c2ae1ca883b048c216""}}"
555,555,"44.1714253 , -77.3904253","44.3415449 , -77.390579",urban-urban,mixed,1173,"{""sample_routes"":{""date"":""2026-09-14"",""run_id"":""e8d1f5b91b6f405ba6c0267da8ed117d""},""join_samples"":{""date"":""2026-09-14"",""run_id"":""a045e95393294f6cad1ab8807c001ca6""},""upload_data"":{""date"":""2026-09-14"",""run_id"":""c16ad7f93e1d46c2ae1ca883b048c216""}}"
557,557,"44.829413 , -79.1861231","44.748401400000006 , -79.18608230000001",urban-urban,mixed,1228,"{""sample_routes"":{""date"":""2026-09-14"",""run_id"":""e8d1f5b91b6f405ba6c0267da8ed117d""},""join_samples"":{""date"":""2026-09-14"",""run_id"":""a045e95393294f6cad1ab8807c001ca6""},""upload_data"":{""date"":""2026-09-14"",""run_id"":""c16ad7f93e1d46c2ae1ca883b048c216""}}"
559,559,"43.730836100000005 , -79.6242375","43.826379800000005 , -79.7196706",urban-rural,mixed,1229,"{""sample_routes"":{""date"":""2026-09-14"",""run_id"":""e8d1f5b91b6f405ba6c0267da8ed117d""},""join_samples"":{""date"":""2026-09-14"",""run_id"":""a045e95393294f6cad1ab8807c001ca6""},""upload_data"":{""date"":""2026-09-14"",""run_id"":""c16ad7f93e1d46c2ae1ca883b048c216""}}"
561,561,"43.1601252 , -80.267082","43.1598978 , -79.952478",urban-rural,mixed,1230,"{""sample_routes"":{""date"":""2026-09-14"",""run_id"":""e8d1f5b91b6f405ba6c0267da8ed117d""},""join_samples"":{""date"":""2026-09-14"",""run_id"":""a045e95393294f6cad1ab8807c001ca6""},""upload_data"":{""date"":""2026-09-14"",""run_id"":""c16ad7f93e1d46c2ae1ca883b048c216""}}"
563,563,"44.8436085 , -77.92403780000001","44.7809698 , -77.9865012",urban-urban,mixed,1230,"{""sample_routes"":{""date"":""2026-09-14"",""run_id"":""e8d1f5b91b6f405ba6c0267da8ed117d""},""join_samples"":{""date"":""2026-09-14"",""run_id"":""a045e95393294f6cad1ab8807c001ca6""},""upload_data"":{""date"":""2026-09-14"",""run_id"":""c16ad7f93e1d46c2ae1ca883b048c216""}}"
564,564,"45.625710100000006 , -77.5591416","45.6258776 , -77.42179660000001",urban-urban,mixed,1231,"{""sample_routes"":{""date"":""2026-09-14"",""run_id"":""e8d1f5b91b6f405ba6c0267da8ed117d""},""join_samples"":{""date"":""2026-09-14"",""run_id"":""a045e95393294f6cad1ab8807c001ca6""},""upload_data"":{""date"":""2026-09-14"",""run_id"":""c16ad7f93e1d46c2ae1ca883b048c216""}}"
567,567,"45.3558843 , -75.9806495","45.494276400000004 , -76.1187546",urban-rural,mixed,1232,"{""sample_routes"":{""date"":""2026-09-14"",""run_id"":""e8d1f5b91b6f405ba6c0267da8ed117d""},""join_samples"":{""date"":""2026-09-14"",""run_id"":""a045e95393294f6cad1ab8807c001ca6""},""upload_data"":{""date"":""2026-09-14"",""run_id"":""c16ad7f93e1d46c2ae1ca883b048c216""}}"
568,568,"45.2220474 , -79.7636391","45.2985495 , -79.7634568",urban-urban,mixed,1168,"{""sample_routes"":{""date"":""2026-09-14"",""run_id"":""e8d1f5b91b6f405ba6c0267da8ed117d""},""join_samples"":{""date"":""2026-09-14"",""run_id"":""a045e95393294f6cad1ab8807c001ca6""},""upload_data"":{""date"":""2026-09-14"",""run_id"":""c16ad7f93e1d46c2ae1ca883b048c216""}}"
569,569,"44.9161389 , -79.3649709","45.044324100000004 , -79.2368799",urban-urban,mixed,1233,"{""sample_routes"":{""date"":""2026-09-14"",""run_id"":""e8d1f5b91b6f405ba6c0267da8ed117d""},""join_samples"":{""date"":""2026-09-14"",""run_id"":""a045e95393294f6cad1ab8807c001ca6""},""upload_data"":{""date"":""2026-09-14"",""run_id"":""c16ad7f93e1d46c2ae1ca883b048c216""}}"
570,570,"44.506826100000005 , -77.6904056","44.5069973 , -77.82609640000001",urban-urban,mixed,1167,"{""sample_routes"":{""date"":""2026-09-14"",""run_id"":""e8d1f5b91b6f405ba6c0267da8ed117d""},""join_samples"":{""date"":""2026-09-14"",""run_id"":""a045e95393294f6cad1ab8807c001ca6""},""upload_data"":{""date"":""2026-09-14"",""run_id"":""c16ad7f93e1d46c2ae1ca883b048c216""}}"
578,578,"49.4583839 , -94.06275400000001","49.3756071 , -94.0630757",urban-urban,mixed,1236,"{""sample_routes"":{""date"":""2026-09-14"",""run_id"":""e8d1f5b91b6f405ba6c0267da8ed117d""},""join_samples"":{""date"":""2026-09-14"",""run_id"":""a045e95393294f6cad1ab8807c001ca6""},""upload_data"":{""date"":""2026-09-14"",""run_id"":""c16ad7f93e1d46c2ae1ca883b048c216""}}"
579,579,"44.7317739 , -76.63324440000001","44.6311095 , -76.73396070000001",rural-urban,mixed,1236,"{""sample_routes"":{""date"":""2026-09-14"",""run_id"":""e8d1f5b91b6f405ba6c0267da8ed117d""},""join_samples"":{""date"":""2026-09-14"",""run_id"":""a045e95393294f6cad1ab8807c001ca6""},""upload_data"":{""date"":""2026-09-14"",""run_id"":""c16ad7f93e1d46c2ae1ca883b048c216""}}"
580,580,"44.2038529 , -77.5916849","44.3340583 , -77.4615701",urban-urban,mixed,1164,"{""sample_routes"":{""date"":""2026-09-14"",""run_id"":""e8d1f5b91b6f405ba6c0267da8ed117d""},""join_samples"":{""date"":""2026-09-14"",""run_id"":""a045e95393294f6cad1ab8807c001ca6""},""upload_data"":{""date"":""2026-09-14"",""run_id"":""c16ad7f93e1d46c2ae1ca883b048c216""}}"
582,582,"49.7426844 , -94.3620135","49.840316300000005 , -94.4593715",urban-urban,mixed,1236,"{""sample_routes"":{""date"":""2026-09-14"",""run_id"":""e8d1f5b91b6f405ba6c0267da8ed117d""},""join_samples"":{""date"":""2026-09-14"",""run_id"":""a045e95393294f6cad1ab8807c001ca6""},""upload_data"":{""date"":""2026-09-14"",""run_id"":""c16ad7f93e1d46c2ae1ca883b048c216""}}"
587,587,"43.5196036 , -80.2334932","43.519587900000005 , -80.0426099",urban-rural,mixed,1237,"{""sample_routes"":{""date"":""2026-09-14"",""run_id"":""e8d1f5b91b6f405ba6c0267da8ed117d""},""join_samples"":{""date"":""2026-09-14"",""run_id"":""a045e95393294f6cad1ab8807c001ca6""},""upload_data"":{""date"":""2026-09-14"",""run_id"":""c16ad7f93e1d46c2ae1ca883b048c216""}}"
589,589,"44.432215 , -78.6785227","44.541292500000004 , -78.5694862",urban-rural,mixed,1162,"{""sample_routes"":{""date"":""2026-09-14"",""run_id"":""e8d1f5b91b6f405ba6c0267da8ed117d""},""join_samples"":{""date"":""2026-09-14"",""run_id"":""a045e95393294f6cad1ab8807c001ca6""},""upload_data"":{""date"":""2026-09-14"",""run_id"":""c16ad7f93e1d46c2ae1ca883b048c216""}}"
594,594,"44.845178100000005 , -78.4872137","44.933117200000005 , -78.3989772",urban-rural,mixed,1241,"{""sample_routes"":{""date"":""2026-09-14"",""run_id"":""e8d1f5b91b6f405ba6c0267da8ed117d""},""join_samples"":{""date"":""2026-09-14"",""run_id"":""a045e95393294f6cad1ab8807c001ca6""},""upload_data"":{""date"":""2026-09-14"",""run_id"":""c16ad7f93e1d46c2ae1ca883b048c216""}}"
595,595,"43.3887434 , -80.0964015","43.4923927 , -80.2002221",urban-urban,mixed,1159,"{""sample_routes"":{""date"":""2026-09-14"",""run_id"":""e8d1f5b91b6f405ba6c0267da8ed117d""},""join_samples"":{""date"":""2026-09-14"",""run_id"":""a045e95393294f6cad1ab8807c001ca6""},""upload_data"":{""date"":""2026-09-14"",""run_id"":""c16ad7f93e1d46c2ae1ca883b048c216""}}"
597,597,"45.203701300000006 , -79.31435160000001","45.021105600000006 , -79.31452750000001",rural-urban,mixed,1242,"{""sample_routes"":{""date"":""2026-09-14"",""run_id"":""e8d1f5b91b6f405ba6c0267da8ed117d""},""join_samples"":{""date"":""2026-09-14"",""run_id"":""a045e95393294f6cad1ab8807c001ca6""},""upload_data"":{""date"":""2026-09-14"",""run_id"":""c16ad7f93e1d46c2ae1ca883b048c216""}}"
598,598,"46.281621300000005 , -83.56815490000001","46.281932000000005 , -83.30943",urban-urban,mixed,1243,"{""sample_routes"":{""date"":""2026-09-14"",""run_id"":""e8d1f5b91b6f405ba6c0267da8ed117d""},""join_samples"":{""date"":""2026-09-14"",""run_id"":""a045e95393294f6cad1ab8807c001ca6""},""upload_data"":{""date"":""2026-09-14"",""run_id"":""c16ad7f93e1d46c2ae1ca883b048c216""}}"
599,599,"45.6532002 , -79.60584320000001","45.614373500000006 , -79.64426990000001",urban-urban,mixed,1157,"{""sample_routes"":{""date"":""2026-09-14"",""run_id"":""e8d1f5b91b6f405ba6c0267da8ed117d""},""join_samples"":{""date"":""2026-09-14"",""run_id"":""a045e95393294f6cad1ab8807c001ca6""},""upload_data"":{""date"":""2026-09-14"",""run_id"":""c16ad7f93e1d46c2ae1ca883b048c216""}}"
600,600,"49.049777600000006 , -81.1176002","49.1453548 , -81.1172229",urban-urban,mixed,1157,"{""sample_routes"":{""date"":""2026-09-14"",""run_id"":""e8d1f5b91b6f405ba6c0267da8ed117d""},""join_samples"":{""date"":""2026-09-14"",""run_id"":""a045e95393294f6cad1ab8807c001ca6""},""upload_data"":{""date"":""2026-09-14"",""run_id"":""c16ad7f93e1d46c2ae1ca883b048c216""}}"
606,606,"43.6916114 , -79.82937050000001","43.5795411 , -79.829003",urban-urban,mixed,1244,"{""sample_routes"":{""date"":""2026-09-14"",""run_id"":""e8d1f5b91b6f405ba6c0267da8ed117d""},""join_samples"":{""date"":""2026-09-14"",""run_id"":""a045e95393294f6cad1ab8807c001ca6""},""upload_data"":{""date"":""2026-09-14"",""run_id"":""c16ad7f93e1d46c2ae1ca883b048c216""}}"
607,607,"48.611205500000004 , -89.2867899","48.6873802 , -89.3631873",urban-urban,mixed,1156,"{""sample_routes"":{""date"":""2026-09-14"",""run_id"":""e8d1f5b91b6f405ba6c0267da8ed117d""},""join_samples"":{""date"":""2026-09-14"",""run_id"":""a045e95393294f6cad1ab8807c001ca6""},""upload_data"":{""date"":""2026-09-14"",""run_id"":""c16ad7f93e1d46c2ae1ca883b048c216""}}"
611,611,"46.3699286 , -83.6545445","46.468683500000004 , -83.7531738",urban-urban,mixed,1245,"{""sample_routes"":{""date"":""2026-09-14"",""run_id"":""e8d1f5b91b6f405ba6c0267da8ed117d""},""join_samples"":{""date"":""2026-09-14"",""run_id"":""a045e95393294f6cad1ab8807c001ca6""},""upload_data"":{""date"":""2026-09-14"",""run_id"":""c16ad7f93e1d46c2ae1ca883b048c216""}}"
612,612,"46.532138200000006 , -80.9146657","46.4268586 , -81.0197562",urban-urban,mixed,1245,"{""sample_routes"":{""date"":""2026-09-14"",""run_id"":""e8d1f5b91b6f405ba6c0267da8ed117d""},""join_samples"":{""date"":""2026-09-14"",""run_id"":""a045e95393294f6cad1ab8807c001ca6""},""upload_data"":{""date"":""2026-09-14"",""run_id"":""c16ad7f93e1d46c2ae1ca883b048c216""}}"
613,613,"47.3905115 , -79.696937","47.537431600000005 , -79.69723660000001",urban-urban,mixed,1155,"{""sample_routes"":{""date"":""2026-09-14"",""run_id"":""e8d1f5b91b6f405ba6c0267da8ed117d""},""join_samples"":{""date"":""2026-09-14"",""run_id"":""a045e95393294f6cad1ab8807c001ca6""},""upload_data"":{""date"":""2026-09-14"",""run_id"":""c16ad7f93e1d46c2ae1ca883b048c216""}}"
616,616,"43.0371321 , -80.90117760000001","43.1542874 , -80.7840084",urban-rural,mixed,1154,"{""sample_routes"":{""date"":""2026-09-14"",""run_id"":""e8d1f5b91b6f405ba6c0267da8ed117d""},""join_samples"":{""date"":""2026-09-14"",""run_id"":""a045e95393294f6cad1ab8807c001ca6""},""upload_data"":{""date"":""2026-09-14"",""run_id"":""c16ad7f93e1d46c2ae1ca883b048c216""}}"
619,619,"44.3500357 , -78.31639170000001","44.4768971 , -78.1896433",urban-urban,mixed,1247,"{""sample_routes"":{""date"":""2026-09-14"",""run_id"":""e8d1f5b91b6f405ba6c0267da8ed117d""},""join_samples"":{""date"":""2026-09-14"",""run_id"":""a045e95393294f6cad1ab8807c001ca6""},""upload_data"":{""date"":""2026-09-14"",""run_id"":""c16ad7f93e1d46c2ae1ca883b048c216""}}"
625,625,"44.7047046 , -78.06914710000001","44.802426000000004 , -77.9718667",urban-urban,mixed,1248,"{""sample_routes"":{""date"":""2026-09-14"",""run_id"":""e8d1f5b91b6f405ba6c0267da8ed117d""},""join_samples"":{""date"":""2026-09-14"",""run_id"":""a045e95393294f6cad1ab8807c001ca6""},""upload_data"":{""date"":""2026-09-14"",""run_id"":""c16ad7f93e1d46c2ae1ca883b048c216""}}"
627,627,"42.1295555 , -82.74271080000001","42.286306200000006 , -82.7426119",urban-urban,mixed,1248,"{""sample_routes"":{""date"":""2026-09-14"",""run_id"":""e8d1f5b91b6f405ba6c0267da8ed117d""},""join_samples"":{""date"":""2026-09-14"",""run_id"":""a045e95393294f6cad1ab8807c001ca6""},""upload_data"":{""date"":""2026-09-14"",""run_id"":""c16ad7f93e1d46c2ae1ca883b048c216""}}"
630,630,"44.003028 , -78.377108","43.8988133 , -78.4809888",urban-rural,mixed,1151,"{""sample_routes"":{""date"":""2026-09-14"",""run_id"":""e8d1f5b91b6f405ba6c0267da8ed117d""},""join_samples"":{""date"":""2026-09-14"",""run_id"":""a045e95393294f6cad1ab8807c001ca6""},""upload_data"":{""date"":""2026-09-14"",""run_id"":""c16ad7f93e1d46c2ae1ca883b048c216""}}"
631,631,"44.5355688 , -78.5436638","44.535243900000005 , -78.75932610000001",urban-urban,mixed,1151,"{""sample_routes"":{""date"":""2026-09-14"",""run_id"":""e8d1f5b91b6f405ba6c0267da8ed117d""},""join_samples"":{""date"":""2026-09-14"",""run_id"":""a045e95393294f6cad1ab8807c001ca6""},""upload_data"":{""date"":""2026-09-14"",""run_id"":""c16ad7f93e1d46c2ae1ca883b048c216""}}"
634,634,"49.943297400000006 , -94.1232667","50.0375711 , -94.12288140000001",urban-urban,mixed,1149,"{""sample_routes"":{""date"":""2026-09-14"",""run_id"":""e8d1f5b91b6f405ba6c0267da8ed117d""},""join_samples"":{""date"":""2026-09-14"",""run_id"":""a045e95393294f6cad1ab8807c001ca6""},""upload_data"":{""date"":""2026-09-14"",""run_id"":""c16ad7f93e1d46c2ae1ca883b048c216""}}"
635,635,"45.408084300000006 , -79.0635147","45.302650400000005 , -79.06349900000001",urban-urban,mixed,1149,"{""sample_routes"":{""date"":""2026-09-14"",""run_id"":""e8d1f5b91b6f405ba6c0267da8ed117d""},""join_samples"":{""date"":""2026-09-14"",""run_id"":""a045e95393294f6cad1ab8807c001ca6""},""upload_data"":{""date"":""2026-09-14"",""run_id"":""c16ad7f93e1d46c2ae1ca883b048c216""}}"
638,638,"49.7762219 , -92.832312","49.9522394 , -92.83208350000001",urban-urban,mixed,1251,"{""sample_routes"":{""date"":""2026-09-14"",""run_id"":""e8d1f5b91b6f405ba6c0267da8ed117d""},""join_samples"":{""date"":""2026-09-14"",""run_id"":""a045e95393294f6cad1ab8807c001ca6""},""upload_data"":{""date"":""2026-09-14"",""run_id"":""c16ad7f93e1d46c2ae1ca883b048c216""}}"
639,639,"44.6057685 , -76.0732797","44.456540700000005 , -76.222848",urban-urban,mixed,1252,"{""sample_routes"":{""date"":""2026-09-14"",""run_id"":""e8d1f5b91b6f405ba6c0267da8ed117d""},""join_samples"":{""date"":""2026-09-14"",""run_id"":""a045e95393294f6cad1ab8807c001ca6""},""upload_data"":{""date"":""2026-09-14"",""run_id"":""c16ad7f93e1d46c2ae1ca883b048c216""}}"
640,640,"48.4635739 , -89.2634572","48.574373300000005 , -89.2630142",urban-urban,mixed,1252,"{""sample_routes"":{""date"":""2026-09-14"",""run_id"":""e8d1f5b91b6f405ba6c0267da8ed117d""},""join_samples"":{""date"":""2026-09-14"",""run_id"":""a045e95393294f6cad1ab8807c001ca6""},""upload_data"":{""date"":""2026-09-14"",""run_id"":""c16ad7f93e1d46c2ae1ca883b048c216""}}"
641,641,"49.8402193 , -93.0935688","49.839828700000005 , -93.32492950000001",urban-urban,mixed,1148,"{""sample_routes"":{""date"":""2026-09-14"",""run_id"":""e8d1f5b91b6f405ba6c0267da8ed117d""},""join_samples"":{""date"":""2026-09-14"",""run_id"":""a045e95393294f6cad1ab8807c001ca6""},""upload_data"":{""date"":""2026-09-14"",""run_id"":""c16ad7f93e1d46c2ae1ca883b048c216""}}"
644,644,"45.4874663 , -76.8675934","45.487890500000006 , -76.6872568",urban-urban,mixed,1253,"{""sample_routes"":{""date"":""2026-09-14"",""run_id"":""e8d1f5b91b6f405ba6c0267da8ed117d""},""join_samples"":{""date"":""2026-09-14"",""run_id"":""a045e95393294f6cad1ab8807c001ca6""},""upload_data"":{""date"":""2026-09-14"",""run_id"":""c16ad7f93e1d46c2ae1ca883b048c216""}}"
645,645,"44.865095700000005 , -77.63798080000001","44.8652832 , -77.7985843",urban-urban,mixed,1253,"{""sample_routes"":{""date"":""2026-09-14"",""run_id"":""e8d1f5b91b6f405ba6c0267da8ed117d""},""join_samples"":{""date"":""2026-09-14"",""run_id"":""a045e95393294f6cad1ab8807c001ca6""},""upload_data"":{""date"":""2026-09-14"",""run_id"":""c16ad7f93e1d46c2ae1ca883b048c216""}}"
648,648,"42.956412300000004 , -81.1674809","43.058007 , -81.2690427",urban-rural,mixed,1146,"{""sample_routes"":{""date"":""2026-09-14"",""run_id"":""e8d1f5b91b6f405ba6c0267da8ed117d""},""join_samples"":{""date"":""2026-09-14"",""run_id"":""a045e95393294f6cad1ab8807c001ca6""},""upload_data"":{""date"":""2026-09-14"",""run_id"":""c16ad7f93e1d46c2ae1ca883b048c216""}}"
649,649,"44.5802756 , -75.89889430000001","44.5800944 , -76.0788912",urban-urban,mixed,1146,"{""sample_routes"":{""date"":""2026-09-14"",""run_id"":""e8d1f5b91b6f405ba6c0267da8ed117d""},""join_samples"":{""date"":""2026-09-14"",""run_id"":""a045e95393294f6cad1ab8807c001ca6""},""upload_data"":{""date"":""2026-09-14"",""run_id"":""c16ad7f93e1d46c2ae1ca883b048c216""}}"
651,651,"43.0149174 , -79.25664850000001","43.1394971 , -79.13227380000001",urban-urban,mixed,1254,"{""sample_routes"":{""date"":""2026-09-14"",""run_id"":""e8d1f5b91b6f405ba6c0267da8ed117d""},""join_samples"":{""date"":""2026-09-14"",""run_id"":""a045e95393294f6cad1ab8807c001ca6""},""upload_data"":{""date"":""2026-09-14"",""run_id"":""c16ad7f93e1d46c2ae1ca883b048c216""}}"
653,653,"44.3086442 , -78.3577935","44.3088094 , -78.6106505",urban-urban,mixed,1255,"{""sample_routes"":{""date"":""2026-09-14"",""run_id"":""e8d1f5b91b6f405ba6c0267da8ed117d""},""join_samples"":{""date"":""2026-09-14"",""run_id"":""a045e95393294f6cad1ab8807c001ca6""},""upload_data"":{""date"":""2026-09-14"",""run_id"":""c16ad7f93e1d46c2ae1ca883b048c216""}}"
655,655,"44.815801 , -79.92867890000001","44.8157289 , -80.0751927",urban-urban,mixed,1255,"{""sample_routes"":{""date"":""2026-09-14"",""run_id"":""e8d1f5b91b6f405ba6c0267da8ed117d""},""join_samples"":{""date"":""2026-09-14"",""run_id"":""a045e95393294f6cad1ab8807c001ca6""},""upload_data"":{""date"":""2026-09-14"",""run_id"":""c16ad7f93e1d46c2ae1ca883b048c216""}}"
657,657,"44.5699655 , -75.8776332","44.460105500000004 , -75.98750480000001",urban-rural,mixed,1255,"{""sample_routes"":{""date"":""2026-09-14"",""run_id"":""e8d1f5b91b6f405ba6c0267da8ed117d""},""join_samples"":{""date"":""2026-09-14"",""run_id"":""a045e95393294f6cad1ab8807c001ca6""},""upload_data"":{""date"":""2026-09-14"",""run_id"":""c16ad7f93e1d46c2ae1ca883b048c216""}}"
658,658,"44.3211583 , -78.2981417","44.3215325 , -78.06556570000001",urban-urban,mixed,1145,"{""sample_routes"":{""date"":""2026-09-14"",""run_id"":""e8d1f5b91b6f405ba6c0267da8ed117d""},""join_samples"":{""date"":""2026-09-14"",""run_id"":""a045e95393294f6cad1ab8807c001ca6""},""upload_data"":{""date"":""2026-09-14"",""run_id"":""c16ad7f93e1d46c2ae1ca883b048c216""}}"
659,659,"43.2032399 , -79.8572511","43.0996346 , -79.8568991",urban-urban,mixed,1255,"{""sample_routes"":{""date"":""2026-09-14"",""run_id"":""e8d1f5b91b6f405ba6c0267da8ed117d""},""join_samples"":{""date"":""2026-09-14"",""run_id"":""a045e95393294f6cad1ab8807c001ca6""},""upload_data"":{""date"":""2026-09-14"",""run_id"":""c16ad7f93e1d46c2ae1ca883b048c216""}}"
660,660,"44.2028777 , -79.47575780000001","44.110734 , -79.56757250000001",urban-urban,mixed,1256,"{""sample_routes"":{""date"":""2026-09-14"",""run_id"":""e8d1f5b91b6f405ba6c0267da8ed117d""},""join_samples"":{""date"":""2026-09-14"",""run_id"":""a045e95393294f6cad1ab8807c001ca6""},""upload_data"":{""date"":""2026-09-14"",""run_id"":""c16ad7f93e1d46c2ae1ca883b048c216""}}"
661,661,"43.3784104 , -80.9790341","43.2157398 , -80.9791807",urban-urban,mixed,1256,"{""sample_routes"":{""date"":""2026-09-14"",""run_id"":""e8d1f5b91b6f405ba6c0267da8ed117d""},""join_samples"":{""date"":""2026-09-14"",""run_id"":""a045e95393294f6cad1ab8807c001ca6""},""upload_data"":{""date"":""2026-09-14"",""run_id"":""c16ad7f93e1d46c2ae1ca883b048c216""}}"
662,662,"44.3491781 , -78.73566550000001","44.4616082 , -78.6231582",urban-rural,mixed,1144,"{""sample_routes"":{""date"":""2026-09-14"",""run_id"":""e8d1f5b91b6f405ba6c0267da8ed117d""},""join_samples"":{""date"":""2026-09-14"",""run_id"":""a045e95393294f6cad1ab8807c001ca6""},""upload_data"":{""date"":""2026-09-14"",""run_id"":""c16ad7f93e1d46c2ae1ca883b048c216""}}"
663,663,"44.7549476 , -76.4687567","44.8505763 , -76.4684751",urban-urban,mixed,1256,"{""sample_routes"":{""date"":""2026-09-14"",""run_id"":""e8d1f5b91b6f405ba6c0267da8ed117d""},""join_samples"":{""date"":""2026-09-14"",""run_id"":""a045e95393294f6cad1ab8807c001ca6""},""upload_data"":{""date"":""2026-09-14"",""run_id"":""c16ad7f93e1d46c2ae1ca883b048c216""}}"
664,664,"44.7517061 , -79.9066348","44.846876800000004 , -80.00138410000001",urban-urban,mixed,1256,"{""sample_routes"":{""date"":""2026-09-14"",""run_id"":""e8d1f5b91b6f405ba6c0267da8ed117d""},""join_samples"":{""date"":""2026-09-14"",""run_id"":""a045e95393294f6cad1ab8807c001ca6""},""upload_data"":{""date"":""2026-09-14"",""run_id"":""c16ad7f93e1d46c2ae1ca883b048c216""}}"
668,668,"42.9538584 , -79.2496725","43.0685543 , -79.1354",urban-urban,mixed,1259,"{""sample_routes"":{""date"":""2026-09-14"",""run_id"":""e8d1f5b91b6f405ba6c0267da8ed117d""},""join_samples"":{""date"":""2026-09-14"",""run_id"":""a045e95393294f6cad1ab8807c001ca6""},""upload_data"":{""date"":""2026-09-14"",""run_id"":""c16ad7f93e1d46c2ae1ca883b048c216""}}"
670,670,"44.512696600000005 , -76.65651530000001","44.512435 , -76.8197785",rural-urban,mixed,1141,"{""sample_routes"":{""date"":""2026-09-14"",""run_id"":""e8d1f5b91b6f405ba6c0267da8ed117d""},""join_samples"":{""date"":""2026-09-14"",""run_id"":""a045e95393294f6cad1ab8807c001ca6""},""upload_data"":{""date"":""2026-09-14"",""run_id"":""c16ad7f93e1d46c2ae1ca883b048c216""}}"
672,672,"45.332588900000005 , -79.96685640000001","45.332389400000004 , -80.0517908",rural-urban,mixed,1260,"{""sample_routes"":{""date"":""2026-09-14"",""run_id"":""e8d1f5b91b6f405ba6c0267da8ed117d""},""join_samples"":{""date"":""2026-09-14"",""run_id"":""a045e95393294f6cad1ab8807c001ca6""},""upload_data"":{""date"":""2026-09-14"",""run_id"":""c16ad7f93e1d46c2ae1ca883b048c216""}}"
678,678,"45.9558325 , -79.362921","45.7873815 , -79.3627412",urban-urban,mixed,1261,"{""sample_routes"":{""date"":""2026-09-14"",""run_id"":""e8d1f5b91b6f405ba6c0267da8ed117d""},""join_samples"":{""date"":""2026-09-14"",""run_id"":""a045e95393294f6cad1ab8807c001ca6""},""upload_data"":{""date"":""2026-09-14"",""run_id"":""c16ad7f93e1d46c2ae1ca883b048c216""}}"
681,681,"44.006746500000006 , -78.17475800000001","44.0066799 , -78.36835260000001",urban-urban,mixed,1138,"{""sample_routes"":{""date"":""2026-09-14"",""run_id"":""e8d1f5b91b6f405ba6c0267da8ed117d""},""join_samples"":{""date"":""2026-09-14"",""run_id"":""a045e95393294f6cad1ab8807c001ca6""},""upload_data"":{""date"":""2026-09-14"",""run_id"":""c16ad7f93e1d46c2ae1ca883b048c216""}}"
683,683,"45.1442695 , -78.4802322","45.033604600000004 , -78.4803602",urban-urban,mixed,1263,"{""sample_routes"":{""date"":""2026-09-14"",""run_id"":""e8d1f5b91b6f405ba6c0267da8ed117d""},""join_samples"":{""date"":""2026-09-14"",""run_id"":""a045e95393294f6cad1ab8807c001ca6""},""upload_data"":{""date"":""2026-09-14"",""run_id"":""c16ad7f93e1d46c2ae1ca883b048c216""}}"
684,684,"44.721229 , -76.6259019","44.7943975 , -76.699375",urban-rural,mixed,1137,"{""sample_routes"":{""date"":""2026-09-14"",""run_id"":""e8d1f5b91b6f405ba6c0267da8ed117d""},""join_samples"":{""date"":""2026-09-14"",""run_id"":""a045e95393294f6cad1ab8807c001ca6""},""upload_data"":{""date"":""2026-09-14"",""run_id"":""c16ad7f93e1d46c2ae1ca883b048c216""}}"
686,686,"44.786551700000004 , -78.0536869","44.7866367 , -77.97219340000001",urban-urban,mixed,1136,"{""sample_routes"":{""date"":""2026-09-14"",""run_id"":""e8d1f5b91b6f405ba6c0267da8ed117d""},""join_samples"":{""date"":""2026-09-14"",""run_id"":""a045e95393294f6cad1ab8807c001ca6""},""upload_data"":{""date"":""2026-09-14"",""run_id"":""c16ad7f93e1d46c2ae1ca883b048c216""}}"
689,689,"43.966277000000005 , -78.17716060000001","43.966567100000006 , -78.00433120000001",urban-urban,mixed,1136,"{""sample_routes"":{""date"":""2026-09-14"",""run_id"":""e8d1f5b91b6f405ba6c0267da8ed117d""},""join_samples"":{""date"":""2026-09-14"",""run_id"":""a045e95393294f6cad1ab8807c001ca6""},""upload_data"":{""date"":""2026-09-14"",""run_id"":""c16ad7f93e1d46c2ae1ca883b048c216""}}"
690,690,"43.7866852 , -79.132959","43.863955600000004 , -79.21039520000001",urban-urban,mixed,1266,"{""sample_routes"":{""date"":""2026-09-14"",""run_id"":""e8d1f5b91b6f405ba6c0267da8ed117d""},""join_samples"":{""date"":""2026-09-14"",""run_id"":""a045e95393294f6cad1ab8807c001ca6""},""upload_data"":{""date"":""2026-09-14"",""run_id"":""c16ad7f93e1d46c2ae1ca883b048c216""}}"
691,691,"44.816527400000005 , -79.2127937","44.724749100000004 , -79.30418200000001",rural-urban,mixed,1134,"{""sample_routes"":{""date"":""2026-09-14"",""run_id"":""e8d1f5b91b6f405ba6c0267da8ed117d""},""join_samples"":{""date"":""2026-09-14"",""run_id"":""a045e95393294f6cad1ab8807c001ca6""},""upload_data"":{""date"":""2026-09-14"",""run_id"":""c16ad7f93e1d46c2ae1ca883b048c216""}}"
692,692,"43.9036221 , -79.26200370000001","43.9994026 , -79.35751950000001",urban-urban,mixed,1266,"{""sample_routes"":{""date"":""2026-09-14"",""run_id"":""e8d1f5b91b6f405ba6c0267da8ed117d""},""join_samples"":{""date"":""2026-09-14"",""run_id"":""a045e95393294f6cad1ab8807c001ca6""},""upload_data"":{""date"":""2026-09-14"",""run_id"":""c16ad7f93e1d46c2ae1ca883b048c216""}}"
694,694,"45.2989747 , -79.07395530000001","45.377462300000005 , -78.9957444",urban-urban,mixed,1134,"{""sample_routes"":{""date"":""2026-09-14"",""run_id"":""e8d1f5b91b6f405ba6c0267da8ed117d""},""join_samples"":{""date"":""2026-09-14"",""run_id"":""a045e95393294f6cad1ab8807c001ca6""},""upload_data"":{""date"":""2026-09-14"",""run_id"":""c16ad7f93e1d46c2ae1ca883b048c216""}}"
695,695,"43.3469652 , -80.5319223","43.4531617 , -80.4253269",urban-urban,mixed,1267,"{""sample_routes"":{""date"":""2026-09-14"",""run_id"":""e8d1f5b91b6f405ba6c0267da8ed117d""},""join_samples"":{""date"":""2026-09-14"",""run_id"":""a045e95393294f6cad1ab8807c001ca6""},""upload_data"":{""date"":""2026-09-14"",""run_id"":""c16ad7f93e1d46c2ae1ca883b048c216""}}"
696,696,"44.6001131 , -79.4460459","44.703789300000004 , -79.55000480000001",urban-urban,mixed,1133,"{""sample_routes"":{""date"":""2026-09-14"",""run_id"":""e8d1f5b91b6f405ba6c0267da8ed117d""},""join_samples"":{""date"":""2026-09-14"",""run_id"":""a045e95393294f6cad1ab8807c001ca6""},""upload_data"":{""date"":""2026-09-14"",""run_id"":""c16ad7f93e1d46c2ae1ca883b048c216""}}"
698,698,"45.007486 , -77.0777348","45.0072847 , -76.9967051",urban-urban,mixed,1268,"{""sample_routes"":{""date"":""2026-09-14"",""run_id"":""e8d1f5b91b6f405ba6c0267da8ed117d""},""join_samples"":{""date"":""2026-09-14"",""run_id"":""a045e95393294f6cad1ab8807c001ca6""},""upload_data"":{""date"":""2026-09-14"",""run_id"":""c16ad7f93e1d46c2ae1ca883b048c216""}}"
699,699,"44.835406000000006 , -76.1214228","44.746358900000004 , -76.21004330000001",urban-urban,mixed,1268,"{""sample_routes"":{""date"":""2026-09-14"",""run_id"":""e8d1f5b91b6f405ba6c0267da8ed117d""},""join_samples"":{""date"":""2026-09-14"",""run_id"":""a045e95393294f6cad1ab8807c001ca6""},""upload_data"":{""date"":""2026-09-14"",""run_id"":""c16ad7f93e1d46c2ae1ca883b048c216""}}"
700,700,"44.0588016 , -79.4713748","44.0583803 , -79.3274164",urban-urban,mixed,1268,"{""sample_routes"":{""date"":""2026-09-14"",""run_id"":""e8d1f5b91b6f405ba6c0267da8ed117d""},""join_samples"":{""date"":""2026-09-14"",""run_id"":""a045e95393294f6cad1ab8807c001ca6""},""upload_data"":{""date"":""2026-09-14"",""run_id"":""c16ad7f93e1d46c2ae1ca883b048c216""}}"
701,701,"48.432432600000006 , -89.23667400000001","48.562990400000004 , -89.23686000000001",urban-urban,mixed,1269,"{""sample_routes"":{""date"":""2026-09-14"",""run_id"":""e8d1f5b91b6f405ba6c0267da8ed117d""},""join_samples"":{""date"":""2026-09-14"",""run_id"":""a045e95393294f6cad1ab8807c001ca6""},""upload_data"":{""date"":""2026-09-14"",""run_id"":""c16ad7f93e1d46c2ae1ca883b048c216""}}"
703,703,"43.017442200000005 , -81.332936","42.8983049 , -81.4524006",urban-urban,mixed,1269,"{""sample_routes"":{""date"":""2026-09-14"",""run_id"":""e8d1f5b91b6f405ba6c0267da8ed117d""},""join_samples"":{""date"":""2026-09-14"",""run_id"":""a045e95393294f6cad1ab8807c001ca6""},""upload_data"":{""date"":""2026-09-14"",""run_id"":""c16ad7f93e1d46c2ae1ca883b048c216""}}"
704,704,"45.153919900000005 , -74.46000190000001","45.269034100000006 , -74.4603902",urban-urban,mixed,1131,"{""sample_routes"":{""date"":""2026-09-14"",""run_id"":""e8d1f5b91b6f405ba6c0267da8ed117d""},""join_samples"":{""date"":""2026-09-14"",""run_id"":""a045e95393294f6cad1ab8807c001ca6""},""upload_data"":{""date"":""2026-09-14"",""run_id"":""c16ad7f93e1d46c2ae1ca883b048c216""}}"
705,705,"44.4678307 , -76.68031400000001","44.5653586 , -76.5824769",urban-urban,mixed,1269,"{""sample_routes"":{""date"":""2026-09-14"",""run_id"":""e8d1f5b91b6f405ba6c0267da8ed117d""},""join_samples"":{""date"":""2026-09-14"",""run_id"":""a045e95393294f6cad1ab8807c001ca6""},""upload_data"":{""date"":""2026-09-14"",""run_id"":""c16ad7f93e1d46c2ae1ca883b048c216""}}"
710,710,"45.139628200000004 , -76.2586811","44.990957900000005 , -76.2588169",rural-urban,mixed,1130,"{""sample_routes"":{""date"":""2026-09-14"",""run_id"":""e8d1f5b91b6f405ba6c0267da8ed117d""},""join_samples"":{""date"":""2026-09-14"",""run_id"":""a045e95393294f6cad1ab8807c001ca6""},""upload_data"":{""date"":""2026-09-14"",""run_id"":""c16ad7f93e1d46c2ae1ca883b048c216""}}"
714,714,"43.1369102 , -80.24743000000001","43.0004593 , -80.383806",urban-rural,mixed,1271,"{""sample_routes"":{""date"":""2026-09-14"",""run_id"":""e8d1f5b91b6f405ba6c0267da8ed117d""},""join_samples"":{""date"":""2026-09-14"",""run_id"":""a045e95393294f6cad1ab8807c001ca6""},""upload_data"":{""date"":""2026-09-14"",""run_id"":""c16ad7f93e1d46c2ae1ca883b048c216""}}"
715,715,"43.1917482 , -80.79161660000001","43.027340200000005 , -80.79138900000001",rural-urban,mixed,1272,"{""sample_routes"":{""date"":""2026-09-14"",""run_id"":""e8d1f5b91b6f405ba6c0267da8ed117d""},""join_samples"":{""date"":""2026-09-14"",""run_id"":""a045e95393294f6cad1ab8807c001ca6""},""upload_data"":{""date"":""2026-09-14"",""run_id"":""c16ad7f93e1d46c2ae1ca883b048c216""}}"
718,718,"44.404445800000005 , -78.09832820000001","44.5016918 , -78.195936",urban-urban,mixed,1128,"{""sample_routes"":{""date"":""2026-09-14"",""run_id"":""e8d1f5b91b6f405ba6c0267da8ed117d""},""join_samples"":{""date"":""2026-09-14"",""run_id"":""a045e95393294f6cad1ab8807c001ca6""},""upload_data"":{""date"":""2026-09-14"",""run_id"":""c16ad7f93e1d46c2ae1ca883b048c216""}}"
719,719,"45.580808700000006 , -77.08887100000001","45.4706467 , -77.19922460000001",urban-urban,mixed,1272,"{""sample_routes"":{""date"":""2026-09-14"",""run_id"":""e8d1f5b91b6f405ba6c0267da8ed117d""},""join_samples"":{""date"":""2026-09-14"",""run_id"":""a045e95393294f6cad1ab8807c001ca6""},""upload_data"":{""date"":""2026-09-14"",""run_id"":""c16ad7f93e1d46c2ae1ca883b048c216""}}"
720,720,"46.270893 , -79.2970706","46.137621 , -79.2970598",rural-urban,mixed,1272,"{""sample_routes"":{""date"":""2026-09-14"",""run_id"":""e8d1f5b91b6f405ba6c0267da8ed117d""},""join_samples"":{""date"":""2026-09-14"",""run_id"":""a045e95393294f6cad1ab8807c001ca6""},""upload_data"":{""date"":""2026-09-14"",""run_id"":""c16ad7f93e1d46c2ae1ca883b048c216""}}"
723,723,"45.2932481 , -79.86506440000001","45.4468982 , -80.01909400000001",urban-urban,mixed,1127,"{""sample_routes"":{""date"":""2026-09-14"",""run_id"":""e8d1f5b91b6f405ba6c0267da8ed117d""},""join_samples"":{""date"":""2026-09-14"",""run_id"":""a045e95393294f6cad1ab8807c001ca6""},""upload_data"":{""date"":""2026-09-14"",""run_id"":""c16ad7f93e1d46c2ae1ca883b048c216""}}"
724,724,"42.1278784 , -82.7433032","41.9922948 , -82.8793132",urban-urban,mixed,1274,"{""sample_routes"":{""date"":""2026-09-14"",""run_id"":""e8d1f5b91b6f405ba6c0267da8ed117d""},""join_samples"":{""date"":""2026-09-14"",""run_id"":""a045e95393294f6cad1ab8807c001ca6""},""upload_data"":{""date"":""2026-09-14"",""run_id"":""c16ad7f93e1d46c2ae1ca883b048c216""}}"
725,725,"45.154778400000005 , -76.3978895","45.027368900000006 , -76.3977035",urban-urban,mixed,1274,"{""sample_routes"":{""date"":""2026-09-14"",""run_id"":""e8d1f5b91b6f405ba6c0267da8ed117d""},""join_samples"":{""date"":""2026-09-14"",""run_id"":""a045e95393294f6cad1ab8807c001ca6""},""upload_data"":{""date"":""2026-09-14"",""run_id"":""c16ad7f93e1d46c2ae1ca883b048c216""}}"
727,727,"43.2347897 , -79.9137645","43.234956000000004 , -80.1457596",urban-urban,mixed,1275,"{""sample_routes"":{""date"":""2026-09-14"",""run_id"":""e8d1f5b91b6f405ba6c0267da8ed117d""},""join_samples"":{""date"":""2026-09-14"",""run_id"":""a045e95393294f6cad1ab8807c001ca6""},""upload_data"":{""date"":""2026-09-14"",""run_id"":""c16ad7f93e1d46c2ae1ca883b048c216""}}"
728,728,"45.138597000000004 , -78.5090845","45.0244322 , -78.5087015",urban-urban,mixed,1125,"{""sample_routes"":{""date"":""2026-09-14"",""run_id"":""e8d1f5b91b6f405ba6c0267da8ed117d""},""join_samples"":{""date"":""2026-09-14"",""run_id"":""a045e95393294f6cad1ab8807c001ca6""},""upload_data"":{""date"":""2026-09-14"",""run_id"":""c16ad7f93e1d46c2ae1ca883b048c216""}}"
730,730,"43.118269600000005 , -79.8941539","43.2726339 , -79.89427140000001",urban-urban,mixed,1276,"{""sample_routes"":{""date"":""2026-09-14"",""run_id"":""e8d1f5b91b6f405ba6c0267da8ed117d""},""join_samples"":{""date"":""2026-09-14"",""run_id"":""a045e95393294f6cad1ab8807c001ca6""},""upload_data"":{""date"":""2026-09-14"",""run_id"":""c16ad7f93e1d46c2ae1ca883b048c216""}}"
731,731,"43.6964048 , -79.7940348","43.820990800000004 , -79.9188455",urban-rural,mixed,1124,"{""sample_routes"":{""date"":""2026-09-14"",""run_id"":""e8d1f5b91b6f405ba6c0267da8ed117d""},""join_samples"":{""date"":""2026-09-14"",""run_id"":""a045e95393294f6cad1ab8807c001ca6""},""upload_data"":{""date"":""2026-09-14"",""run_id"":""c16ad7f93e1d46c2ae1ca883b048c216""}}"
732,732,"44.500997600000005 , -77.7064057","44.5014416 , -77.84075750000001",urban-urban,mixed,1124,"{""sample_routes"":{""date"":""2026-09-14"",""run_id"":""e8d1f5b91b6f405ba6c0267da8ed117d""},""join_samples"":{""date"":""2026-09-14"",""run_id"":""a045e95393294f6cad1ab8807c001ca6""},""upload_data"":{""date"":""2026-09-14"",""run_id"":""c16ad7f93e1d46c2ae1ca883b048c216""}}"
734,734,"43.8699395 , -79.06421230000001","43.965076200000006 , -79.15979820000001",urban-rural,mixed,1123,"{""sample_routes"":{""date"":""2026-09-14"",""run_id"":""e8d1f5b91b6f405ba6c0267da8ed117d""},""join_samples"":{""date"":""2026-09-14"",""run_id"":""a045e95393294f6cad1ab8807c001ca6""},""upload_data"":{""date"":""2026-09-14"",""run_id"":""c16ad7f93e1d46c2ae1ca883b048c216""}}"
738,738,"43.9220757 , -78.8681772","44.0201957 , -78.7697088",urban-urban,mixed,1122,"{""sample_routes"":{""date"":""2026-09-14"",""run_id"":""e8d1f5b91b6f405ba6c0267da8ed117d""},""join_samples"":{""date"":""2026-09-14"",""run_id"":""a045e95393294f6cad1ab8807c001ca6""},""upload_data"":{""date"":""2026-09-14"",""run_id"":""c16ad7f93e1d46c2ae1ca883b048c216""}}"
740,740,"42.9980532 , -79.0571041","42.997761700000005 , -79.25793970000001",urban-urban,mixed,1278,"{""sample_routes"":{""date"":""2026-09-14"",""run_id"":""e8d1f5b91b6f405ba6c0267da8ed117d""},""join_samples"":{""date"":""2026-09-14"",""run_id"":""a045e95393294f6cad1ab8807c001ca6""},""upload_data"":{""date"":""2026-09-14"",""run_id"":""c16ad7f93e1d46c2ae1ca883b048c216""}}"
743,743,"44.8722147 , -78.11529800000001","44.905118400000006 , -78.11570350000001",urban-urban,mixed,1279,"{""sample_routes"":{""date"":""2026-09-14"",""run_id"":""e8d1f5b91b6f405ba6c0267da8ed117d""},""join_samples"":{""date"":""2026-09-14"",""run_id"":""a045e95393294f6cad1ab8807c001ca6""},""upload_data"":{""date"":""2026-09-14"",""run_id"":""c16ad7f93e1d46c2ae1ca883b048c216""}}"
745,745,"44.877563 , -79.73987530000001","44.922796600000005 , -79.7402608",urban-urban,mixed,1121,"{""sample_routes"":{""date"":""2026-09-14"",""run_id"":""e8d1f5b91b6f405ba6c0267da8ed117d""},""join_samples"":{""date"":""2026-09-14"",""run_id"":""a045e95393294f6cad1ab8807c001ca6""},""upload_data"":{""date"":""2026-09-14"",""run_id"":""c16ad7f93e1d46c2ae1ca883b048c216""}}"
746,746,"44.6885093 , -79.0369847","44.6882278 , -79.1745683",urban-rural,mixed,1120,"{""sample_routes"":{""date"":""2026-09-14"",""run_id"":""e8d1f5b91b6f405ba6c0267da8ed117d""},""join_samples"":{""date"":""2026-09-14"",""run_id"":""a045e95393294f6cad1ab8807c001ca6""},""upload_data"":{""date"":""2026-09-14"",""run_id"":""c16ad7f93e1d46c2ae1ca883b048c216""}}"
749,749,"44.696516 , -76.2792702","44.845752700000006 , -76.27953240000001",urban-urban,mixed,1282,"{""sample_routes"":{""date"":""2026-09-14"",""run_id"":""e8d1f5b91b6f405ba6c0267da8ed117d""},""join_samples"":{""date"":""2026-09-14"",""run_id"":""a045e95393294f6cad1ab8807c001ca6""},""upload_data"":{""date"":""2026-09-14"",""run_id"":""c16ad7f93e1d46c2ae1ca883b048c216""}}"
751,751,"43.9008065 , -79.01077640000001","43.9005121 , -79.1850984",urban-urban,mixed,1118,"{""sample_routes"":{""date"":""2026-09-14"",""run_id"":""e8d1f5b91b6f405ba6c0267da8ed117d""},""join_samples"":{""date"":""2026-09-14"",""run_id"":""a045e95393294f6cad1ab8807c001ca6""},""upload_data"":{""date"":""2026-09-14"",""run_id"":""c16ad7f93e1d46c2ae1ca883b048c216""}}"
754,754,"44.7670199 , -78.8124882","44.767346100000005 , -78.660944",urban-rural,mixed,1116,"{""sample_routes"":{""date"":""2026-09-14"",""run_id"":""e8d1f5b91b6f405ba6c0267da8ed117d""},""join_samples"":{""date"":""2026-09-14"",""run_id"":""a045e95393294f6cad1ab8807c001ca6""},""upload_data"":{""date"":""2026-09-14"",""run_id"":""c16ad7f93e1d46c2ae1ca883b048c216""}}"
760,760,"44.996724500000006 , -76.5485956","44.997087 , -76.3836479",urban-rural,mixed,1113,"{""sample_routes"":{""date"":""2026-09-14"",""run_id"":""e8d1f5b91b6f405ba6c0267da8ed117d""},""join_samples"":{""date"":""2026-09-14"",""run_id"":""a045e95393294f6cad1ab8807c001ca6""},""upload_data"":{""date"":""2026-09-14"",""run_id"":""c16ad7f93e1d46c2ae1ca883b048c216""}}"
762,762,"46.4393253 , -83.7289094","46.439574 , -83.5637763",urban-urban,mixed,1287,"{""sample_routes"":{""date"":""2026-09-14"",""run_id"":""e8d1f5b91b6f405ba6c0267da8ed117d""},""join_samples"":{""date"":""2026-09-14"",""run_id"":""a045e95393294f6cad1ab8807c001ca6""},""upload_data"":{""date"":""2026-09-14"",""run_id"":""c16ad7f93e1d46c2ae1ca883b048c216""}}"
763,763,"44.2652615 , -78.0988856","44.348219500000006 , -78.0160937",urban-urban,mixed,1113,"{""sample_routes"":{""date"":""2026-09-14"",""run_id"":""e8d1f5b91b6f405ba6c0267da8ed117d""},""join_samples"":{""date"":""2026-09-14"",""run_id"":""a045e95393294f6cad1ab8807c001ca6""},""upload_data"":{""date"":""2026-09-14"",""run_id"":""c16ad7f93e1d46c2ae1ca883b048c216""}}"
764,764,"44.370203000000004 , -79.73574930000001","44.562638 , -79.73534260000001",urban-rural,mixed,1113,"{""sample_routes"":{""date"":""2026-09-14"",""run_id"":""e8d1f5b91b6f405ba6c0267da8ed117d""},""join_samples"":{""date"":""2026-09-14"",""run_id"":""a045e95393294f6cad1ab8807c001ca6""},""upload_data"":{""date"":""2026-09-14"",""run_id"":""c16ad7f93e1d46c2ae1ca883b048c216""}}"
765,765,"44.169925600000006 , -77.3442914","44.0529699 , -77.3439821",urban-rural,mixed,1287,"{""sample_routes"":{""date"":""2026-09-14"",""run_id"":""e8d1f5b91b6f405ba6c0267da8ed117d""},""join_samples"":{""date"":""2026-09-14"",""run_id"":""a045e95393294f6cad1ab8807c001ca6""},""upload_data"":{""date"":""2026-09-14"",""run_id"":""c16ad7f93e1d46c2ae1ca883b048c216""}}"
767,767,"43.7367999 , -79.77261100000001","43.7369591 , -79.9478526",urban-urban,mixed,1112,"{""sample_routes"":{""date"":""2026-09-14"",""run_id"":""e8d1f5b91b6f405ba6c0267da8ed117d""},""join_samples"":{""date"":""2026-09-14"",""run_id"":""a045e95393294f6cad1ab8807c001ca6""},""upload_data"":{""date"":""2026-09-14"",""run_id"":""c16ad7f93e1d46c2ae1ca883b048c216""}}"
770,770,"43.9903247 , -79.3610046","44.128218200000006 , -79.498616",urban-urban,mixed,1289,"{""sample_routes"":{""date"":""2026-09-14"",""run_id"":""e8d1f5b91b6f405ba6c0267da8ed117d""},""join_samples"":{""date"":""2026-09-14"",""run_id"":""a045e95393294f6cad1ab8807c001ca6""},""upload_data"":{""date"":""2026-09-14"",""run_id"":""c16ad7f93e1d46c2ae1ca883b048c216""}}"
772,772,"45.337345600000006 , -80.1687587","45.4011955 , -80.23273110000001",urban-urban,mixed,1110,"{""sample_routes"":{""date"":""2026-09-14"",""run_id"":""e8d1f5b91b6f405ba6c0267da8ed117d""},""join_samples"":{""date"":""2026-09-14"",""run_id"":""a045e95393294f6cad1ab8807c001ca6""},""upload_data"":{""date"":""2026-09-14"",""run_id"":""c16ad7f93e1d46c2ae1ca883b048c216""}}"
776,776,"45.268910600000005 , -74.79053040000001","45.2691608 , -74.6085176",urban-urban,mixed,1291,"{""sample_routes"":{""date"":""2026-09-14"",""run_id"":""e8d1f5b91b6f405ba6c0267da8ed117d""},""join_samples"":{""date"":""2026-09-14"",""run_id"":""a045e95393294f6cad1ab8807c001ca6""},""upload_data"":{""date"":""2026-09-14"",""run_id"":""c16ad7f93e1d46c2ae1ca883b048c216""}}"
777,777,"45.017836 , -79.63500640000001","45.111420200000005 , -79.54119580000001",urban-urban,mixed,1291,"{""sample_routes"":{""date"":""2026-09-14"",""run_id"":""e8d1f5b91b6f405ba6c0267da8ed117d""},""join_samples"":{""date"":""2026-09-14"",""run_id"":""a045e95393294f6cad1ab8807c001ca6""},""upload_data"":{""date"":""2026-09-14"",""run_id"":""c16ad7f93e1d46c2ae1ca883b048c216""}}"
778,778,"43.766456500000004 , -79.56544310000001","43.98704 , -79.56556",urban-urban,mixed,1291,"{""sample_routes"":{""date"":""2026-09-14"",""run_id"":""e8d1f5b91b6f405ba6c0267da8ed117d""},""join_samples"":{""date"":""2026-09-14"",""run_id"":""a045e95393294f6cad1ab8807c001ca6""},""upload_data"":{""date"":""2026-09-14"",""run_id"":""c16ad7f93e1d46c2ae1ca883b048c216""}}"
779,779,"43.3283384 , -79.7953402","43.493268900000004 , -79.795517",urban-rural,mixed,1292,"{""sample_routes"":{""date"":""2026-09-14"",""run_id"":""e8d1f5b91b6f405ba6c0267da8ed117d""},""join_samples"":{""date"":""2026-09-14"",""run_id"":""a045e95393294f6cad1ab8807c001ca6""},""upload_data"":{""date"":""2026-09-14"",""run_id"":""c16ad7f93e1d46c2ae1ca883b048c216""}}"
781,781,"43.8908021 , -79.3196135","43.890674000000004 , -79.13289350000001",urban-rural,mixed,1292,"{""sample_routes"":{""date"":""2026-09-14"",""run_id"":""e8d1f5b91b6f405ba6c0267da8ed117d""},""join_samples"":{""date"":""2026-09-14"",""run_id"":""a045e95393294f6cad1ab8807c001ca6""},""upload_data"":{""date"":""2026-09-14"",""run_id"":""c16ad7f93e1d46c2ae1ca883b048c216""}}"
782,782,"43.349361300000005 , -79.8846966","43.3497865 , -80.09041520000001",urban-urban,mixed,1107,"{""sample_routes"":{""date"":""2026-09-14"",""run_id"":""e8d1f5b91b6f405ba6c0267da8ed117d""},""join_samples"":{""date"":""2026-09-14"",""run_id"":""a045e95393294f6cad1ab8807c001ca6""},""upload_data"":{""date"":""2026-09-14"",""run_id"":""c16ad7f93e1d46c2ae1ca883b048c216""}}"
784,784,"44.430277100000005 , -77.22091160000001","44.4303455 , -77.0469841",urban-urban,mixed,1293,"{""sample_routes"":{""date"":""2026-09-14"",""run_id"":""e8d1f5b91b6f405ba6c0267da8ed117d""},""join_samples"":{""date"":""2026-09-14"",""run_id"":""a045e95393294f6cad1ab8807c001ca6""},""upload_data"":{""date"":""2026-09-14"",""run_id"":""c16ad7f93e1d46c2ae1ca883b048c216""}}"
786,786,"44.433807900000005 , -80.409125","44.433588 , -80.58273840000001",rural-urban,mixed,1294,"{""sample_routes"":{""date"":""2026-09-14"",""run_id"":""e8d1f5b91b6f405ba6c0267da8ed117d""},""join_samples"":{""date"":""2026-09-14"",""run_id"":""a045e95393294f6cad1ab8807c001ca6""},""upload_data"":{""date"":""2026-09-14"",""run_id"":""c16ad7f93e1d46c2ae1ca883b048c216""}}"
787,787,"44.7792763 , -77.9879179","44.840732800000005 , -78.04974770000001",urban-urban,mixed,1294,"{""sample_routes"":{""date"":""2026-09-14"",""run_id"":""e8d1f5b91b6f405ba6c0267da8ed117d""},""join_samples"":{""date"":""2026-09-14"",""run_id"":""a045e95393294f6cad1ab8807c001ca6""},""upload_data"":{""date"":""2026-09-14"",""run_id"":""c16ad7f93e1d46c2ae1ca883b048c216""}}"
789,789,"43.634674000000004 , -79.72493250000001","43.812439000000005 , -79.9026482",urban-rural,mixed,1295,"{""sample_routes"":{""date"":""2026-09-14"",""run_id"":""e8d1f5b91b6f405ba6c0267da8ed117d""},""join_samples"":{""date"":""2026-09-14"",""run_id"":""a045e95393294f6cad1ab8807c001ca6""},""upload_data"":{""date"":""2026-09-14"",""run_id"":""c16ad7f93e1d46c2ae1ca883b048c216""}}"
790,790,"46.5074473 , -81.00095830000001","46.4211358 , -81.0873342",urban-rural,mixed,1105,"{""sample_routes"":{""date"":""2026-09-14"",""run_id"":""e8d1f5b91b6f405ba6c0267da8ed117d""},""join_samples"":{""date"":""2026-09-14"",""run_id"":""a045e95393294f6cad1ab8807c001ca6""},""upload_data"":{""date"":""2026-09-14"",""run_id"":""c16ad7f93e1d46c2ae1ca883b048c216""}}"
792,792,"43.507335600000005 , -79.86432950000001","43.5076934 , -80.0340073",urban-urban,mixed,1104,"{""sample_routes"":{""date"":""2026-09-14"",""run_id"":""e8d1f5b91b6f405ba6c0267da8ed117d""},""join_samples"":{""date"":""2026-09-14"",""run_id"":""a045e95393294f6cad1ab8807c001ca6""},""upload_data"":{""date"":""2026-09-14"",""run_id"":""c16ad7f93e1d46c2ae1ca883b048c216""}}"
793,793,"44.6290878 , -76.2896762","44.6727653 , -76.33376700000001",urban-urban,mixed,1104,"{""sample_routes"":{""date"":""2026-09-14"",""run_id"":""e8d1f5b91b6f405ba6c0267da8ed117d""},""join_samples"":{""date"":""2026-09-14"",""run_id"":""a045e95393294f6cad1ab8807c001ca6""},""upload_data"":{""date"":""2026-09-14"",""run_id"":""c16ad7f93e1d46c2ae1ca883b048c216""}}"
796,796,"44.3766941 , -78.41338010000001","44.3767434 , -78.2829262",urban-urban,mixed,1103,"{""sample_routes"":{""date"":""2026-09-14"",""run_id"":""e8d1f5b91b6f405ba6c0267da8ed117d""},""join_samples"":{""date"":""2026-09-14"",""run_id"":""a045e95393294f6cad1ab8807c001ca6""},""upload_data"":{""date"":""2026-09-14"",""run_id"":""c16ad7f93e1d46c2ae1ca883b048c216""}}"
802,802,"49.7687456 , -94.6391653","49.7685393 , -94.73398370000001",urban-urban,mixed,1101,"{""sample_routes"":{""date"":""2026-09-14"",""run_id"":""e8d1f5b91b6f405ba6c0267da8ed117d""},""join_samples"":{""date"":""2026-09-14"",""run_id"":""a045e95393294f6cad1ab8807c001ca6""},""upload_data"":{""date"":""2026-09-14"",""run_id"":""c16ad7f93e1d46c2ae1ca883b048c216""}}"
806,806,"44.413071300000006 , -79.703013","44.1854171 , -79.7028066",urban-urban,mixed,1302,"{""sample_routes"":{""date"":""2026-09-14"",""run_id"":""e8d1f5b91b6f405ba6c0267da8ed117d""},""join_samples"":{""date"":""2026-09-14"",""run_id"":""a045e95393294f6cad1ab8807c001ca6""},""upload_data"":{""date"":""2026-09-14"",""run_id"":""c16ad7f93e1d46c2ae1ca883b048c216""}}"
812,812,"44.753128100000005 , -76.72441690000001","44.6327866 , -76.72427760000001",urban-urban,mixed,1305,"{""sample_routes"":{""date"":""2026-09-14"",""run_id"":""e8d1f5b91b6f405ba6c0267da8ed117d""},""join_samples"":{""date"":""2026-09-14"",""run_id"":""a045e95393294f6cad1ab8807c001ca6""},""upload_data"":{""date"":""2026-09-14"",""run_id"":""c16ad7f93e1d46c2ae1ca883b048c216""}}"
813,813,"43.8743477 , -79.39464310000001","44.093412300000004 , -79.3945746",urban-urban,mixed,1305,"{""sample_routes"":{""date"":""2026-09-14"",""run_id"":""e8d1f5b91b6f405ba6c0267da8ed117d""},""join_samples"":{""date"":""2026-09-14"",""run_id"":""a045e95393294f6cad1ab8807c001ca6""},""upload_data"":{""date"":""2026-09-14"",""run_id"":""c16ad7f93e1d46c2ae1ca883b048c216""}}"
818,818,"44.614718800000006 , -78.1494737","44.6150518 , -77.97882150000001",urban-urban,mixed,1309,"{""sample_routes"":{""date"":""2026-09-14"",""run_id"":""e8d1f5b91b6f405ba6c0267da8ed117d""},""join_samples"":{""date"":""2026-09-14"",""run_id"":""a045e95393294f6cad1ab8807c001ca6""},""upload_data"":{""date"":""2026-09-14"",""run_id"":""c16ad7f93e1d46c2ae1ca883b048c216""}}"
822,822,"45.127427600000004 , -76.1448922","45.0059665 , -76.2660207",urban-urban,mixed,1089,"{""sample_routes"":{""date"":""2026-09-14"",""run_id"":""e8d1f5b91b6f405ba6c0267da8ed117d""},""join_samples"":{""date"":""2026-09-14"",""run_id"":""a045e95393294f6cad1ab8807c001ca6""},""upload_data"":{""date"":""2026-09-14"",""run_id"":""c16ad7f93e1d46c2ae1ca883b048c216""}}"
823,823,"48.5959434 , -89.6580024","48.5958412 , -89.8950494",urban-urban,mixed,1312,"{""sample_routes"":{""date"":""2026-09-14"",""run_id"":""e8d1f5b91b6f405ba6c0267da8ed117d""},""join_samples"":{""date"":""2026-09-14"",""run_id"":""a045e95393294f6cad1ab8807c001ca6""},""upload_data"":{""date"":""2026-09-14"",""run_id"":""c16ad7f93e1d46c2ae1ca883b048c216""}}"
825,825,"45.0658101 , -74.7609405","45.1781895 , -74.76134850000001",urban-urban,mixed,1087,"{""sample_routes"":{""date"":""2026-09-14"",""run_id"":""e8d1f5b91b6f405ba6c0267da8ed117d""},""join_samples"":{""date"":""2026-09-14"",""run_id"":""a045e95393294f6cad1ab8807c001ca6""},""upload_data"":{""date"":""2026-09-14"",""run_id"":""c16ad7f93e1d46c2ae1ca883b048c216""}}"
826,826,"48.449082800000006 , -89.2193536","48.54594 , -89.21971210000001",urban-urban,mixed,1086,"{""sample_routes"":{""date"":""2026-09-14"",""run_id"":""e8d1f5b91b6f405ba6c0267da8ed117d""},""join_samples"":{""date"":""2026-09-14"",""run_id"":""a045e95393294f6cad1ab8807c001ca6""},""upload_data"":{""date"":""2026-09-14"",""run_id"":""c16ad7f93e1d46c2ae1ca883b048c216""}}"
828,828,"48.500420500000004 , -89.3071979","48.5008368 , -89.12980540000001",urban-rural,mixed,1316,"{""sample_routes"":{""date"":""2026-09-14"",""run_id"":""e8d1f5b91b6f405ba6c0267da8ed117d""},""join_samples"":{""date"":""2026-09-14"",""run_id"":""a045e95393294f6cad1ab8807c001ca6""},""upload_data"":{""date"":""2026-09-14"",""run_id"":""c16ad7f93e1d46c2ae1ca883b048c216""}}"
829,829,"46.1218243 , -79.4308165","46.1957189 , -79.5048697",urban-urban,mixed,1084,"{""sample_routes"":{""date"":""2026-09-14"",""run_id"":""e8d1f5b91b6f405ba6c0267da8ed117d""},""join_samples"":{""date"":""2026-09-14"",""run_id"":""a045e95393294f6cad1ab8807c001ca6""},""upload_data"":{""date"":""2026-09-14"",""run_id"":""c16ad7f93e1d46c2ae1ca883b048c216""}}"
831,831,"44.4677409 , -76.6945426","44.564768 , -76.59773600000001",urban-urban,mixed,1084,"{""sample_routes"":{""date"":""2026-09-14"",""run_id"":""e8d1f5b91b6f405ba6c0267da8ed117d""},""join_samples"":{""date"":""2026-09-14"",""run_id"":""a045e95393294f6cad1ab8807c001ca6""},""upload_data"":{""date"":""2026-09-14"",""run_id"":""c16ad7f93e1d46c2ae1ca883b048c216""}}"
832,832,"43.4254509 , -80.2929404","43.425548400000004 , -80.1522139",urban-urban,mixed,1083,"{""sample_routes"":{""date"":""2026-09-14"",""run_id"":""e8d1f5b91b6f405ba6c0267da8ed117d""},""join_samples"":{""date"":""2026-09-14"",""run_id"":""a045e95393294f6cad1ab8807c001ca6""},""upload_data"":{""date"":""2026-09-14"",""run_id"":""c16ad7f93e1d46c2ae1ca883b048c216""}}"
835,835,"43.140393100000004 , -79.3170295","43.140070200000004 , -79.0872513",urban-urban,mixed,1081,"{""sample_routes"":{""date"":""2026-09-14"",""run_id"":""e8d1f5b91b6f405ba6c0267da8ed117d""},""join_samples"":{""date"":""2026-09-14"",""run_id"":""a045e95393294f6cad1ab8807c001ca6""},""upload_data"":{""date"":""2026-09-14"",""run_id"":""c16ad7f93e1d46c2ae1ca883b048c216""}}"
837,837,"44.830824400000004 , -78.434668","44.923702600000006 , -78.3416017",urban-urban,mixed,1080,"{""sample_routes"":{""date"":""2026-09-14"",""run_id"":""e8d1f5b91b6f405ba6c0267da8ed117d""},""join_samples"":{""date"":""2026-09-14"",""run_id"":""a045e95393294f6cad1ab8807c001ca6""},""upload_data"":{""date"":""2026-09-14"",""run_id"":""c16ad7f93e1d46c2ae1ca883b048c216""}}"
839,839,"43.877390000000005 , -79.05039000000001","43.877680500000004 , -79.25554650000001",urban-urban,mixed,1320,"{""sample_routes"":{""date"":""2026-09-14"",""run_id"":""e8d1f5b91b6f405ba6c0267da8ed117d""},""join_samples"":{""date"":""2026-09-14"",""run_id"":""a045e95393294f6cad1ab8807c001ca6""},""upload_data"":{""date"":""2026-09-14"",""run_id"":""c16ad7f93e1d46c2ae1ca883b048c216""}}"
843,843,"43.9884995 , -79.2270057","43.8497901 , -79.2266621",urban-urban,mixed,1321,"{""sample_routes"":{""date"":""2026-09-14"",""run_id"":""e8d1f5b91b6f405ba6c0267da8ed117d""},""join_samples"":{""date"":""2026-09-14"",""run_id"":""a045e95393294f6cad1ab8807c001ca6""},""upload_data"":{""date"":""2026-09-14"",""run_id"":""c16ad7f93e1d46c2ae1ca883b048c216""}}"
846,846,"45.007013900000004 , -78.4005437","45.047757700000005 , -78.3593692",urban-urban,mixed,1322,"{""sample_routes"":{""date"":""2026-09-14"",""run_id"":""e8d1f5b91b6f405ba6c0267da8ed117d""},""join_samples"":{""date"":""2026-09-14"",""run_id"":""a045e95393294f6cad1ab8807c001ca6""},""upload_data"":{""date"":""2026-09-14"",""run_id"":""c16ad7f93e1d46c2ae1ca883b048c216""}}"
849,849,"44.8284309 , -78.777823","44.9304093 , -78.6756646",urban-urban,mixed,1076,"{""sample_routes"":{""date"":""2026-09-14"",""run_id"":""e8d1f5b91b6f405ba6c0267da8ed117d""},""join_samples"":{""date"":""2026-09-14"",""run_id"":""a045e95393294f6cad1ab8807c001ca6""},""upload_data"":{""date"":""2026-09-14"",""run_id"":""c16ad7f93e1d46c2ae1ca883b048c216""}}"
850,850,"44.559391100000006 , -78.05276880000001","44.5593249 , -78.12749000000001",urban-urban,mixed,1076,"{""sample_routes"":{""date"":""2026-09-14"",""run_id"":""e8d1f5b91b6f405ba6c0267da8ed117d""},""join_samples"":{""date"":""2026-09-14"",""run_id"":""a045e95393294f6cad1ab8807c001ca6""},""upload_data"":{""date"":""2026-09-14"",""run_id"":""c16ad7f93e1d46c2ae1ca883b048c216""}}"
851,851,"46.0435189 , -79.5583802","45.9836235 , -79.6183187",urban-urban,mixed,1075,"{""sample_routes"":{""date"":""2026-09-14"",""run_id"":""e8d1f5b91b6f405ba6c0267da8ed117d""},""join_samples"":{""date"":""2026-09-14"",""run_id"":""a045e95393294f6cad1ab8807c001ca6""},""upload_data"":{""date"":""2026-09-14"",""run_id"":""c16ad7f93e1d46c2ae1ca883b048c216""}}"
852,852,"44.8492722 , -76.2245496","44.8496259 , -76.3708594",urban-urban,mixed,1075,"{""sample_routes"":{""date"":""2026-09-14"",""run_id"":""e8d1f5b91b6f405ba6c0267da8ed117d""},""join_samples"":{""date"":""2026-09-14"",""run_id"":""a045e95393294f6cad1ab8807c001ca6""},""upload_data"":{""date"":""2026-09-14"",""run_id"":""c16ad7f93e1d46c2ae1ca883b048c216""}}"
853,853,"44.5751131 , -78.3724895","44.5749367 , -78.2040408",urban-urban,mixed,1075,"{""sample_routes"":{""date"":""2026-09-14"",""run_id"":""e8d1f5b91b6f405ba6c0267da8ed117d""},""join_samples"":{""date"":""2026-09-14"",""run_id"":""a045e95393294f6cad1ab8807c001ca6""},""upload_data"":{""date"":""2026-09-14"",""run_id"":""c16ad7f93e1d46c2ae1ca883b048c216""}}"
854,854,"48.072295700000005 , -89.4523549","48.036289700000005 , -89.48814340000001",urban-urban,mixed,1325,"{""sample_routes"":{""date"":""2026-09-14"",""run_id"":""e8d1f5b91b6f405ba6c0267da8ed117d""},""join_samples"":{""date"":""2026-09-14"",""run_id"":""a045e95393294f6cad1ab8807c001ca6""},""upload_data"":{""date"":""2026-09-14"",""run_id"":""c16ad7f93e1d46c2ae1ca883b048c216""}}"
856,856,"44.806070600000005 , -76.1147086","44.911815600000004 , -76.0085244",urban-urban,mixed,1075,"{""sample_routes"":{""date"":""2026-09-14"",""run_id"":""e8d1f5b91b6f405ba6c0267da8ed117d""},""join_samples"":{""date"":""2026-09-14"",""run_id"":""a045e95393294f6cad1ab8807c001ca6""},""upload_data"":{""date"":""2026-09-14"",""run_id"":""c16ad7f93e1d46c2ae1ca883b048c216""}}"
857,857,"44.7477159 , -79.0127193","44.6408028 , -79.01288430000001",urban-urban,mixed,1074,"{""sample_routes"":{""date"":""2026-09-14"",""run_id"":""e8d1f5b91b6f405ba6c0267da8ed117d""},""join_samples"":{""date"":""2026-09-14"",""run_id"":""a045e95393294f6cad1ab8807c001ca6""},""upload_data"":{""date"":""2026-09-14"",""run_id"":""c16ad7f93e1d46c2ae1ca883b048c216""}}"
858,858,"45.182165600000005 , -79.5263559","45.1139604 , -79.5948125",urban-urban,mixed,1073,"{""sample_routes"":{""date"":""2026-09-14"",""run_id"":""e8d1f5b91b6f405ba6c0267da8ed117d""},""join_samples"":{""date"":""2026-09-14"",""run_id"":""a045e95393294f6cad1ab8807c001ca6""},""upload_data"":{""date"":""2026-09-14"",""run_id"":""c16ad7f93e1d46c2ae1ca883b048c216""}}"
860,860,"43.2155259 , -79.06057050000001","43.215324100000004 , -79.23549650000001",urban-urban,mixed,1073,"{""sample_routes"":{""date"":""2026-09-14"",""run_id"":""e8d1f5b91b6f405ba6c0267da8ed117d""},""join_samples"":{""date"":""2026-09-14"",""run_id"":""a045e95393294f6cad1ab8807c001ca6""},""upload_data"":{""date"":""2026-09-14"",""run_id"":""c16ad7f93e1d46c2ae1ca883b048c216""}}"
862,862,"46.4140542 , -83.9075961","46.4703384 , -83.96411900000001",urban-urban,mixed,1072,"{""sample_routes"":{""date"":""2026-09-14"",""run_id"":""e8d1f5b91b6f405ba6c0267da8ed117d""},""join_samples"":{""date"":""2026-09-14"",""run_id"":""a045e95393294f6cad1ab8807c001ca6""},""upload_data"":{""date"":""2026-09-14"",""run_id"":""c16ad7f93e1d46c2ae1ca883b048c216""}}"
863,863,"45.419608600000004 , -75.5951466","45.258239800000005 , -75.5950686",urban-urban,mixed,1329,"{""sample_routes"":{""date"":""2026-09-14"",""run_id"":""e8d1f5b91b6f405ba6c0267da8ed117d""},""join_samples"":{""date"":""2026-09-14"",""run_id"":""a045e95393294f6cad1ab8807c001ca6""},""upload_data"":{""date"":""2026-09-14"",""run_id"":""c16ad7f93e1d46c2ae1ca883b048c216""}}"
867,867,"43.310076200000005 , -79.8570603","43.4958869 , -79.85748000000001",urban-urban,mixed,1330,"{""sample_routes"":{""date"":""2026-09-14"",""run_id"":""e8d1f5b91b6f405ba6c0267da8ed117d""},""join_samples"":{""date"":""2026-09-14"",""run_id"":""a045e95393294f6cad1ab8807c001ca6""},""upload_data"":{""date"":""2026-09-14"",""run_id"":""c16ad7f93e1d46c2ae1ca883b048c216""}}"
869,869,"42.0463388 , -82.553146","42.046641300000005 , -82.73232630000001",rural-urban,mixed,1069,"{""sample_routes"":{""date"":""2026-09-14"",""run_id"":""e8d1f5b91b6f405ba6c0267da8ed117d""},""join_samples"":{""date"":""2026-09-14"",""run_id"":""a045e95393294f6cad1ab8807c001ca6""},""upload_data"":{""date"":""2026-09-14"",""run_id"":""c16ad7f93e1d46c2ae1ca883b048c216""}}"
873,873,"43.854544700000005 , -79.2371335","43.8544737 , -79.08301680000001",urban-urban,mixed,1333,"{""sample_routes"":{""date"":""2026-09-14"",""run_id"":""e8d1f5b91b6f405ba6c0267da8ed117d""},""join_samples"":{""date"":""2026-09-14"",""run_id"":""a045e95393294f6cad1ab8807c001ca6""},""upload_data"":{""date"":""2026-09-14"",""run_id"":""c16ad7f93e1d46c2ae1ca883b048c216""}}"
876,876,"44.9368555 , -78.37604420000001","45.003658400000006 , -78.3089817",urban-urban,mixed,1334,"{""sample_routes"":{""date"":""2026-09-14"",""run_id"":""e8d1f5b91b6f405ba6c0267da8ed117d""},""join_samples"":{""date"":""2026-09-14"",""run_id"":""a045e95393294f6cad1ab8807c001ca6""},""upload_data"":{""date"":""2026-09-14"",""run_id"":""c16ad7f93e1d46c2ae1ca883b048c216""}}"
877,877,"44.3641395 , -79.6564898","44.4737254 , -79.54688850000001",urban-urban,mixed,1064,"{""sample_routes"":{""date"":""2026-09-14"",""run_id"":""e8d1f5b91b6f405ba6c0267da8ed117d""},""join_samples"":{""date"":""2026-09-14"",""run_id"":""a045e95393294f6cad1ab8807c001ca6""},""upload_data"":{""date"":""2026-09-14"",""run_id"":""c16ad7f93e1d46c2ae1ca883b048c216""}}"
878,878,"44.484028200000004 , -78.24842960000001","44.3542402 , -78.377818",rural-urban,mixed,1063,"{""sample_routes"":{""date"":""2026-09-14"",""run_id"":""e8d1f5b91b6f405ba6c0267da8ed117d""},""join_samples"":{""date"":""2026-09-14"",""run_id"":""a045e95393294f6cad1ab8807c001ca6""},""upload_data"":{""date"":""2026-09-14"",""run_id"":""c16ad7f93e1d46c2ae1ca883b048c216""}}"
882,882,"43.646481 , -79.9153598","43.7599145 , -79.91559810000001",urban-urban,mixed,1062,"{""sample_routes"":{""date"":""2026-09-14"",""run_id"":""e8d1f5b91b6f405ba6c0267da8ed117d""},""join_samples"":{""date"":""2026-09-14"",""run_id"":""a045e95393294f6cad1ab8807c001ca6""},""upload_data"":{""date"":""2026-09-14"",""run_id"":""c16ad7f93e1d46c2ae1ca883b048c216""}}"
883,883,"43.137956100000004 , -79.0864511","42.993415600000006 , -79.2312945",urban-urban,mixed,1338,"{""sample_routes"":{""date"":""2026-09-14"",""run_id"":""e8d1f5b91b6f405ba6c0267da8ed117d""},""join_samples"":{""date"":""2026-09-14"",""run_id"":""a045e95393294f6cad1ab8807c001ca6""},""upload_data"":{""date"":""2026-09-14"",""run_id"":""c16ad7f93e1d46c2ae1ca883b048c216""}}"
884,884,"48.377192900000004 , -89.2792575","48.500277600000004 , -89.2796138",urban-urban,mixed,1062,"{""sample_routes"":{""date"":""2026-09-14"",""run_id"":""e8d1f5b91b6f405ba6c0267da8ed117d""},""join_samples"":{""date"":""2026-09-14"",""run_id"":""a045e95393294f6cad1ab8807c001ca6""},""upload_data"":{""date"":""2026-09-14"",""run_id"":""c16ad7f93e1d46c2ae1ca883b048c216""}}"
885,885,"43.83751 , -79.13692","43.8370839 , -79.2853517",urban-urban,mixed,1338,"{""sample_routes"":{""date"":""2026-09-14"",""run_id"":""e8d1f5b91b6f405ba6c0267da8ed117d""},""join_samples"":{""date"":""2026-09-14"",""run_id"":""a045e95393294f6cad1ab8807c001ca6""},""upload_data"":{""date"":""2026-09-14"",""run_id"":""c16ad7f93e1d46c2ae1ca883b048c216""}}"
886,886,"44.5657117 , -78.0264326","44.5653042 , -78.17298290000001",urban-urban,mixed,1338,"{""sample_routes"":{""date"":""2026-09-14"",""run_id"":""e8d1f5b91b6f405ba6c0267da8ed117d""},""join_samples"":{""date"":""2026-09-14"",""run_id"":""a045e95393294f6cad1ab8807c001ca6""},""upload_data"":{""date"":""2026-09-14"",""run_id"":""c16ad7f93e1d46c2ae1ca883b048c216""}}"
888,888,"43.4217692 , -79.6991383","43.4989186 , -79.77668680000001",urban-rural,mixed,1061,"{""sample_routes"":{""date"":""2026-09-14"",""run_id"":""e8d1f5b91b6f405ba6c0267da8ed117d""},""join_samples"":{""date"":""2026-09-14"",""run_id"":""a045e95393294f6cad1ab8807c001ca6""},""upload_data"":{""date"":""2026-09-14"",""run_id"":""c16ad7f93e1d46c2ae1ca883b048c216""}}"
889,889,"44.273574 , -79.4586441","44.0724985 , -79.4586534",rural-urban,mixed,1340,"{""sample_routes"":{""date"":""2026-09-14"",""run_id"":""e8d1f5b91b6f405ba6c0267da8ed117d""},""join_samples"":{""date"":""2026-09-14"",""run_id"":""a045e95393294f6cad1ab8807c001ca6""},""upload_data"":{""date"":""2026-09-14"",""run_id"":""c16ad7f93e1d46c2ae1ca883b048c216""}}"
890,890,"45.0335619 , -74.7514546","45.172262800000006 , -74.7512178",urban-urban,mixed,1340,"{""sample_routes"":{""date"":""2026-09-14"",""run_id"":""e8d1f5b91b6f405ba6c0267da8ed117d""},""join_samples"":{""date"":""2026-09-14"",""run_id"":""a045e95393294f6cad1ab8807c001ca6""},""upload_data"":{""date"":""2026-09-14"",""run_id"":""c16ad7f93e1d46c2ae1ca883b048c216""}}"
891,891,"45.720880300000005 , -76.9522742","45.6892057 , -76.9520517",urban-urban,mixed,1060,"{""sample_routes"":{""date"":""2026-09-14"",""run_id"":""e8d1f5b91b6f405ba6c0267da8ed117d""},""join_samples"":{""date"":""2026-09-14"",""run_id"":""a045e95393294f6cad1ab8807c001ca6""},""upload_data"":{""date"":""2026-09-14"",""run_id"":""c16ad7f93e1d46c2ae1ca883b048c216""}}"
894,894,"44.1306554 , -78.09345300000001","44.2831484 , -77.94100680000001",urban-rural,mixed,1341,"{""sample_routes"":{""date"":""2026-09-14"",""run_id"":""e8d1f5b91b6f405ba6c0267da8ed117d""},""join_samples"":{""date"":""2026-09-14"",""run_id"":""a045e95393294f6cad1ab8807c001ca6""},""upload_data"":{""date"":""2026-09-14"",""run_id"":""c16ad7f93e1d46c2ae1ca883b048c216""}}"
896,896,"44.244749600000006 , -76.54563300000001","44.312409900000006 , -76.478334",urban-urban,mixed,1058,"{""sample_routes"":{""date"":""2026-09-14"",""run_id"":""e8d1f5b91b6f405ba6c0267da8ed117d""},""join_samples"":{""date"":""2026-09-14"",""run_id"":""a045e95393294f6cad1ab8807c001ca6""},""upload_data"":{""date"":""2026-09-14"",""run_id"":""c16ad7f93e1d46c2ae1ca883b048c216""}}"
897,897,"43.5878208 , -79.7890229","43.5882571 , -79.6490213",urban-urban,mixed,1058,"{""sample_routes"":{""date"":""2026-09-14"",""run_id"":""e8d1f5b91b6f405ba6c0267da8ed117d""},""join_samples"":{""date"":""2026-09-14"",""run_id"":""a045e95393294f6cad1ab8807c001ca6""},""upload_data"":{""date"":""2026-09-14"",""run_id"":""c16ad7f93e1d46c2ae1ca883b048c216""}}"
902,902,"43.5000341 , -79.88632650000001","43.3862013 , -79.88607660000001",urban-rural,mixed,1055,"{""sample_routes"":{""date"":""2026-09-14"",""run_id"":""e8d1f5b91b6f405ba6c0267da8ed117d""},""join_samples"":{""date"":""2026-09-14"",""run_id"":""a045e95393294f6cad1ab8807c001ca6""},""upload_data"":{""date"":""2026-09-14"",""run_id"":""c16ad7f93e1d46c2ae1ca883b048c216""}}"
905,905,"44.8103749 , -77.98083670000001","44.781236 , -77.98114310000001",urban-urban,mixed,1346,"{""sample_routes"":{""date"":""2026-09-14"",""run_id"":""e8d1f5b91b6f405ba6c0267da8ed117d""},""join_samples"":{""date"":""2026-09-14"",""run_id"":""a045e95393294f6cad1ab8807c001ca6""},""upload_data"":{""date"":""2026-09-14"",""run_id"":""c16ad7f93e1d46c2ae1ca883b048c216""}}"
908,908,"45.1392712 , -78.5773408","45.1396603 , -78.4785911",rural-urban,mixed,1054,"{""sample_routes"":{""date"":""2026-09-14"",""run_id"":""e8d1f5b91b6f405ba6c0267da8ed117d""},""join_samples"":{""date"":""2026-09-14"",""run_id"":""a045e95393294f6cad1ab8807c001ca6""},""upload_data"":{""date"":""2026-09-14"",""run_id"":""c16ad7f93e1d46c2ae1ca883b048c216""}}"
909,909,"43.424118500000006 , -80.28826450000001","43.5354438 , -80.3994883",urban-urban,mixed,1346,"{""sample_routes"":{""date"":""2026-09-14"",""run_id"":""e8d1f5b91b6f405ba6c0267da8ed117d""},""join_samples"":{""date"":""2026-09-14"",""run_id"":""a045e95393294f6cad1ab8807c001ca6""},""upload_data"":{""date"":""2026-09-14"",""run_id"":""c16ad7f93e1d46c2ae1ca883b048c216""}}"
911,911,"45.218844100000005 , -76.61925240000001","45.3408236 , -76.7415836",urban-urban,mixed,1346,"{""sample_routes"":{""date"":""2026-09-14"",""run_id"":""e8d1f5b91b6f405ba6c0267da8ed117d""},""join_samples"":{""date"":""2026-09-14"",""run_id"":""a045e95393294f6cad1ab8807c001ca6""},""upload_data"":{""date"":""2026-09-14"",""run_id"":""c16ad7f93e1d46c2ae1ca883b048c216""}}"
913,913,"42.88676 , -78.9893","42.8869666 , -79.25999900000001",urban-urban,mixed,1347,"{""sample_routes"":{""date"":""2026-09-14"",""run_id"":""e8d1f5b91b6f405ba6c0267da8ed117d""},""join_samples"":{""date"":""2026-09-14"",""run_id"":""a045e95393294f6cad1ab8807c001ca6""},""upload_data"":{""date"":""2026-09-14"",""run_id"":""c16ad7f93e1d46c2ae1ca883b048c216""}}"
915,915,"49.8387576 , -93.78191170000001","49.7195873 , -93.7815053",rural-urban,mixed,1348,"{""sample_routes"":{""date"":""2026-09-14"",""run_id"":""e8d1f5b91b6f405ba6c0267da8ed117d""},""join_samples"":{""date"":""2026-09-14"",""run_id"":""a045e95393294f6cad1ab8807c001ca6""},""upload_data"":{""date"":""2026-09-14"",""run_id"":""c16ad7f93e1d46c2ae1ca883b048c216""}}"
916,916,"44.261410000000005 , -76.94975000000001","44.1389587 , -77.0723664",urban-rural,mixed,1349,"{""sample_routes"":{""date"":""2026-09-14"",""run_id"":""e8d1f5b91b6f405ba6c0267da8ed117d""},""join_samples"":{""date"":""2026-09-14"",""run_id"":""a045e95393294f6cad1ab8807c001ca6""},""upload_data"":{""date"":""2026-09-14"",""run_id"":""c16ad7f93e1d46c2ae1ca883b048c216""}}"
919,919,"44.4805143 , -76.1783814","44.480613000000005 , -76.0268114",urban-urban,mixed,1350,"{""sample_routes"":{""date"":""2026-09-14"",""run_id"":""e8d1f5b91b6f405ba6c0267da8ed117d""},""join_samples"":{""date"":""2026-09-14"",""run_id"":""a045e95393294f6cad1ab8807c001ca6""},""upload_data"":{""date"":""2026-09-14"",""run_id"":""c16ad7f93e1d46c2ae1ca883b048c216""}}"
922,922,"43.636991 , -79.91346060000001","43.636991200000004 , -79.7542032",urban-urban,mixed,1351,"{""sample_routes"":{""date"":""2026-09-14"",""run_id"":""e8d1f5b91b6f405ba6c0267da8ed117d""},""join_samples"":{""date"":""2026-09-14"",""run_id"":""a045e95393294f6cad1ab8807c001ca6""},""upload_data"":{""date"":""2026-09-14"",""run_id"":""c16ad7f93e1d46c2ae1ca883b048c216""}}"
923,923,"49.6619777 , -86.8114961","49.7852922 , -86.93459820000001",urban-urban,mixed,1352,"{""sample_routes"":{""date"":""2026-09-14"",""run_id"":""e8d1f5b91b6f405ba6c0267da8ed117d""},""join_samples"":{""date"":""2026-09-14"",""run_id"":""a045e95393294f6cad1ab8807c001ca6""},""upload_data"":{""date"":""2026-09-14"",""run_id"":""c16ad7f93e1d46c2ae1ca883b048c216""}}"
928,928,"45.1325687 , -79.60828520000001","45.187881100000006 , -79.5532589",urban-urban,mixed,1354,"{""sample_routes"":{""date"":""2026-09-14"",""run_id"":""e8d1f5b91b6f405ba6c0267da8ed117d""},""join_samples"":{""date"":""2026-09-14"",""run_id"":""a045e95393294f6cad1ab8807c001ca6""},""upload_data"":{""date"":""2026-09-14"",""run_id"":""c16ad7f93e1d46c2ae1ca883b048c216""}}"
931,931,"42.239400100000005 , -83.0704078","42.2395519 , -82.8413005",urban-rural,mixed,1356,"{""sample_routes"":{""date"":""2026-09-14"",""run_id"":""e8d1f5b91b6f405ba6c0267da8ed117d""},""join_samples"":{""date"":""2026-09-14"",""run_id"":""a045e95393294f6cad1ab8807c001ca6""},""upload_data"":{""date"":""2026-09-14"",""run_id"":""c16ad7f93e1d46c2ae1ca883b048c216""}}"
932,932,"43.9736987 , -78.61756720000001","44.116615 , -78.61800070000001",urban-urban,mixed,1043,"{""sample_routes"":{""date"":""2026-09-14"",""run_id"":""e8d1f5b91b6f405ba6c0267da8ed117d""},""join_samples"":{""date"":""2026-09-14"",""run_id"":""a045e95393294f6cad1ab8807c001ca6""},""upload_data"":{""date"":""2026-09-14"",""run_id"":""c16ad7f93e1d46c2ae1ca883b048c216""}}"
933,933,"43.9570051 , -77.34079080000001","43.9570201 , -77.52060060000001",urban-urban,mixed,1043,"{""sample_routes"":{""date"":""2026-09-14"",""run_id"":""e8d1f5b91b6f405ba6c0267da8ed117d""},""join_samples"":{""date"":""2026-09-14"",""run_id"":""a045e95393294f6cad1ab8807c001ca6""},""upload_data"":{""date"":""2026-09-14"",""run_id"":""c16ad7f93e1d46c2ae1ca883b048c216""}}"
935,935,"46.169669000000006 , -80.4019061","46.3367256 , -80.40177650000001",urban-urban,mixed,1358,"{""sample_routes"":{""date"":""2026-09-14"",""run_id"":""e8d1f5b91b6f405ba6c0267da8ed117d""},""join_samples"":{""date"":""2026-09-14"",""run_id"":""a045e95393294f6cad1ab8807c001ca6""},""upload_data"":{""date"":""2026-09-14"",""run_id"":""c16ad7f93e1d46c2ae1ca883b048c216""}}"
937,937,"43.391318600000005 , -80.37745860000001","43.2884079 , -80.4801553",urban-urban,mixed,1041,"{""sample_routes"":{""date"":""2026-09-14"",""run_id"":""e8d1f5b91b6f405ba6c0267da8ed117d""},""join_samples"":{""date"":""2026-09-14"",""run_id"":""a045e95393294f6cad1ab8807c001ca6""},""upload_data"":{""date"":""2026-09-14"",""run_id"":""c16ad7f93e1d46c2ae1ca883b048c216""}}"
939,939,"44.2877181 , -77.39242060000001","44.3809601 , -77.2989129",urban-urban,mixed,1041,"{""sample_routes"":{""date"":""2026-09-14"",""run_id"":""e8d1f5b91b6f405ba6c0267da8ed117d""},""join_samples"":{""date"":""2026-09-14"",""run_id"":""a045e95393294f6cad1ab8807c001ca6""},""upload_data"":{""date"":""2026-09-14"",""run_id"":""c16ad7f93e1d46c2ae1ca883b048c216""}}"
941,941,"48.4939606 , -81.20723980000001","48.559587400000005 , -81.27276470000001",urban-urban,mixed,1040,"{""sample_routes"":{""date"":""2026-09-14"",""run_id"":""e8d1f5b91b6f405ba6c0267da8ed117d""},""join_samples"":{""date"":""2026-09-14"",""run_id"":""a045e95393294f6cad1ab8807c001ca6""},""upload_data"":{""date"":""2026-09-14"",""run_id"":""c16ad7f93e1d46c2ae1ca883b048c216""}}"
945,945,"49.8112834 , -94.3369169","49.71074350000001 , -94.4371888",urban-urban,mixed,1361,"{""sample_routes"":{""date"":""2026-09-14"",""run_id"":""e8d1f5b91b6f405ba6c0267da8ed117d""},""join_samples"":{""date"":""2026-09-14"",""run_id"":""a045e95393294f6cad1ab8807c001ca6""},""upload_data"":{""date"":""2026-09-14"",""run_id"":""c16ad7f93e1d46c2ae1ca883b048c216""}}"
947,947,"46.518018100000006 , -80.92918420000001","46.437237700000004 , -80.9289541",urban-urban,mixed,1039,"{""sample_routes"":{""date"":""2026-09-14"",""run_id"":""e8d1f5b91b6f405ba6c0267da8ed117d""},""join_samples"":{""date"":""2026-09-14"",""run_id"":""a045e95393294f6cad1ab8807c001ca6""},""upload_data"":{""date"":""2026-09-14"",""run_id"":""c16ad7f93e1d46c2ae1ca883b048c216""}}"
953,953,"46.4754519 , -81.0060198","46.3602946 , -81.1207777",urban-urban,mixed,1364,"{""sample_routes"":{""date"":""2026-09-14"",""run_id"":""e8d1f5b91b6f405ba6c0267da8ed117d""},""join_samples"":{""date"":""2026-09-14"",""run_id"":""a045e95393294f6cad1ab8807c001ca6""},""upload_data"":{""date"":""2026-09-14"",""run_id"":""c16ad7f93e1d46c2ae1ca883b048c216""}}"
954,954,"44.4658068 , -76.52429360000001","44.314682600000005 , -76.5238492",urban-urban,mixed,1365,"{""sample_routes"":{""date"":""2026-09-14"",""run_id"":""e8d1f5b91b6f405ba6c0267da8ed117d""},""join_samples"":{""date"":""2026-09-14"",""run_id"":""a045e95393294f6cad1ab8807c001ca6""},""upload_data"":{""date"":""2026-09-14"",""run_id"":""c16ad7f93e1d46c2ae1ca883b048c216""}}"
959,959,"44.4779434 , -78.7338331","44.375105000000005 , -78.7336202",urban-urban,mixed,1367,"{""sample_routes"":{""date"":""2026-09-14"",""run_id"":""e8d1f5b91b6f405ba6c0267da8ed117d""},""join_samples"":{""date"":""2026-09-14"",""run_id"":""a045e95393294f6cad1ab8807c001ca6""},""upload_data"":{""date"":""2026-09-14"",""run_id"":""c16ad7f93e1d46c2ae1ca883b048c216""}}"
960,960,"45.309822600000004 , -76.061749","45.196740000000005 , -76.1745676",urban-rural,mixed,1032,"{""sample_routes"":{""date"":""2026-09-14"",""run_id"":""e8d1f5b91b6f405ba6c0267da8ed117d""},""join_samples"":{""date"":""2026-09-14"",""run_id"":""a045e95393294f6cad1ab8807c001ca6""},""upload_data"":{""date"":""2026-09-14"",""run_id"":""c16ad7f93e1d46c2ae1ca883b048c216""}}"
962,962,"46.249824200000006 , -82.00592970000001","46.2063627 , -82.0059657",urban-rural,mixed,1031,"{""sample_routes"":{""date"":""2026-09-14"",""run_id"":""e8d1f5b91b6f405ba6c0267da8ed117d""},""join_samples"":{""date"":""2026-09-14"",""run_id"":""a045e95393294f6cad1ab8807c001ca6""},""upload_data"":{""date"":""2026-09-14"",""run_id"":""c16ad7f93e1d46c2ae1ca883b048c216""}}"
964,964,"44.684033 , -76.1121636","44.5366902 , -76.1120234",urban-urban,mixed,1370,"{""sample_routes"":{""date"":""2026-09-14"",""run_id"":""e8d1f5b91b6f405ba6c0267da8ed117d""},""join_samples"":{""date"":""2026-09-14"",""run_id"":""a045e95393294f6cad1ab8807c001ca6""},""upload_data"":{""date"":""2026-09-14"",""run_id"":""c16ad7f93e1d46c2ae1ca883b048c216""}}"
965,965,"43.5052442 , -80.1912619","43.374946 , -80.32145820000001",urban-urban,mixed,1370,"{""sample_routes"":{""date"":""2026-09-14"",""run_id"":""e8d1f5b91b6f405ba6c0267da8ed117d""},""join_samples"":{""date"":""2026-09-14"",""run_id"":""a045e95393294f6cad1ab8807c001ca6""},""upload_data"":{""date"":""2026-09-14"",""run_id"":""c16ad7f93e1d46c2ae1ca883b048c216""}}"
966,966,"44.944030700000006 , -78.6281775","44.944248 , -78.76228850000001",urban-urban,mixed,1030,"{""sample_routes"":{""date"":""2026-09-14"",""run_id"":""e8d1f5b91b6f405ba6c0267da8ed117d""},""join_samples"":{""date"":""2026-09-14"",""run_id"":""a045e95393294f6cad1ab8807c001ca6""},""upload_data"":{""date"":""2026-09-14"",""run_id"":""c16ad7f93e1d46c2ae1ca883b048c216""}}"
967,967,"44.819162000000006 , -76.2377238","44.819001 , -76.1533575",urban-urban,mixed,1371,"{""sample_routes"":{""date"":""2026-09-14"",""run_id"":""e8d1f5b91b6f405ba6c0267da8ed117d""},""join_samples"":{""date"":""2026-09-14"",""run_id"":""a045e95393294f6cad1ab8807c001ca6""},""upload_data"":{""date"":""2026-09-14"",""run_id"":""c16ad7f93e1d46c2ae1ca883b048c216""}}"
968,968,"47.7240772 , -83.3908322","47.845184700000004 , -83.3904823",urban-urban,mixed,1029,"{""sample_routes"":{""date"":""2026-09-14"",""run_id"":""e8d1f5b91b6f405ba6c0267da8ed117d""},""join_samples"":{""date"":""2026-09-14"",""run_id"":""a045e95393294f6cad1ab8807c001ca6""},""upload_data"":{""date"":""2026-09-14"",""run_id"":""c16ad7f93e1d46c2ae1ca883b048c216""}}"
970,970,"43.982328 , -78.5649245","44.0570861 , -78.48980250000001",urban-urban,mixed,1028,"{""sample_routes"":{""date"":""2026-09-14"",""run_id"":""e8d1f5b91b6f405ba6c0267da8ed117d""},""join_samples"":{""date"":""2026-09-14"",""run_id"":""a045e95393294f6cad1ab8807c001ca6""},""upload_data"":{""date"":""2026-09-14"",""run_id"":""c16ad7f93e1d46c2ae1ca883b048c216""}}"
972,972,"45.1112623 , -78.4866674","45.142802100000004 , -78.4550739",urban-urban,mixed,1373,"{""sample_routes"":{""date"":""2026-09-14"",""run_id"":""e8d1f5b91b6f405ba6c0267da8ed117d""},""join_samples"":{""date"":""2026-09-14"",""run_id"":""a045e95393294f6cad1ab8807c001ca6""},""upload_data"":{""date"":""2026-09-14"",""run_id"":""c16ad7f93e1d46c2ae1ca883b048c216""}}"
975,975,"44.8947614 , -79.6399662","44.8945444 , -79.7431828",urban-urban,mixed,1374,"{""sample_routes"":{""date"":""2026-09-14"",""run_id"":""e8d1f5b91b6f405ba6c0267da8ed117d""},""join_samples"":{""date"":""2026-09-14"",""run_id"":""a045e95393294f6cad1ab8807c001ca6""},""upload_data"":{""date"":""2026-09-14"",""run_id"":""c16ad7f93e1d46c2ae1ca883b048c216""}}"
977,977,"46.457211900000004 , -81.01337380000001","46.5846669 , -81.14111240000001",urban-urban,mixed,1375,"{""sample_routes"":{""date"":""2026-09-14"",""run_id"":""e8d1f5b91b6f405ba6c0267da8ed117d""},""join_samples"":{""date"":""2026-09-14"",""run_id"":""a045e95393294f6cad1ab8807c001ca6""},""upload_data"":{""date"":""2026-09-14"",""run_id"":""c16ad7f93e1d46c2ae1ca883b048c216""}}"
978,978,"43.9987051 , -78.49246620000001","43.9985913 , -78.2874048",urban-urban,mixed,1375,"{""sample_routes"":{""date"":""2026-09-14"",""run_id"":""e8d1f5b91b6f405ba6c0267da8ed117d""},""join_samples"":{""date"":""2026-09-14"",""run_id"":""a045e95393294f6cad1ab8807c001ca6""},""upload_data"":{""date"":""2026-09-14"",""run_id"":""c16ad7f93e1d46c2ae1ca883b048c216""}}"
979,979,"45.2476685 , -75.7348383","45.124335200000004 , -75.734575",urban-rural,mixed,1025,"{""sample_routes"":{""date"":""2026-09-14"",""run_id"":""e8d1f5b91b6f405ba6c0267da8ed117d""},""join_samples"":{""date"":""2026-09-14"",""run_id"":""a045e95393294f6cad1ab8807c001ca6""},""upload_data"":{""date"":""2026-09-14"",""run_id"":""c16ad7f93e1d46c2ae1ca883b048c216""}}"
980,980,"44.904603900000005 , -77.7152066","45.0072902 , -77.71479090000001",urban-urban,mixed,1024,"{""sample_routes"":{""date"":""2026-09-14"",""run_id"":""e8d1f5b91b6f405ba6c0267da8ed117d""},""join_samples"":{""date"":""2026-09-14"",""run_id"":""a045e95393294f6cad1ab8807c001ca6""},""upload_data"":{""date"":""2026-09-14"",""run_id"":""c16ad7f93e1d46c2ae1ca883b048c216""}}"
982,982,"44.8081164 , -81.0785232","44.771066100000006 , -81.0781145",urban-urban,mixed,1024,"{""sample_routes"":{""date"":""2026-09-14"",""run_id"":""e8d1f5b91b6f405ba6c0267da8ed117d""},""join_samples"":{""date"":""2026-09-14"",""run_id"":""a045e95393294f6cad1ab8807c001ca6""},""upload_data"":{""date"":""2026-09-14"",""run_id"":""c16ad7f93e1d46c2ae1ca883b048c216""}}"
983,983,"49.7758186 , -94.3338865","49.68836760000001 , -94.3339026",urban-urban,mixed,1376,"{""sample_routes"":{""date"":""2026-09-14"",""run_id"":""e8d1f5b91b6f405ba6c0267da8ed117d""},""join_samples"":{""date"":""2026-09-14"",""run_id"":""a045e95393294f6cad1ab8807c001ca6""},""upload_data"":{""date"":""2026-09-14"",""run_id"":""c16ad7f93e1d46c2ae1ca883b048c216""}}"
985,985,"44.710236200000004 , -76.7925385","44.818350300000006 , -76.6845462",urban-urban,mixed,1377,"{""sample_routes"":{""date"":""2026-09-14"",""run_id"":""e8d1f5b91b6f405ba6c0267da8ed117d""},""join_samples"":{""date"":""2026-09-14"",""run_id"":""a045e95393294f6cad1ab8807c001ca6""},""upload_data"":{""date"":""2026-09-14"",""run_id"":""c16ad7f93e1d46c2ae1ca883b048c216""}}"
986,986,"42.1740848 , -82.82496280000001","42.310642300000005 , -82.9617355",urban-urban,mixed,1377,"{""sample_routes"":{""date"":""2026-09-14"",""run_id"":""e8d1f5b91b6f405ba6c0267da8ed117d""},""join_samples"":{""date"":""2026-09-14"",""run_id"":""a045e95393294f6cad1ab8807c001ca6""},""upload_data"":{""date"":""2026-09-14"",""run_id"":""c16ad7f93e1d46c2ae1ca883b048c216""}}"
987,987,"44.269498600000006 , -77.5929493","44.4130115 , -77.4498849",urban-urban,mixed,1377,"{""sample_routes"":{""date"":""2026-09-14"",""run_id"":""e8d1f5b91b6f405ba6c0267da8ed117d""},""join_samples"":{""date"":""2026-09-14"",""run_id"":""a045e95393294f6cad1ab8807c001ca6""},""upload_data"":{""date"":""2026-09-14"",""run_id"":""c16ad7f93e1d46c2ae1ca883b048c216""}}"
988,988,"46.3726581 , -82.61791930000001","46.463794500000006 , -82.7094448",urban-urban,mixed,1022,"{""sample_routes"":{""date"":""2026-09-14"",""run_id"":""e8d1f5b91b6f405ba6c0267da8ed117d""},""join_samples"":{""date"":""2026-09-14"",""run_id"":""a045e95393294f6cad1ab8807c001ca6""},""upload_data"":{""date"":""2026-09-14"",""run_id"":""c16ad7f93e1d46c2ae1ca883b048c216""}}"
992,992,"44.2020587 , -77.41398650000001","44.0694415 , -77.54677020000001",urban-urban,mixed,1379,"{""sample_routes"":{""date"":""2026-09-14"",""run_id"":""e8d1f5b91b6f405ba6c0267da8ed117d""},""join_samples"":{""date"":""2026-09-14"",""run_id"":""a045e95393294f6cad1ab8807c001ca6""},""upload_data"":{""date"":""2026-09-14"",""run_id"":""c16ad7f93e1d46c2ae1ca883b048c216""}}"
994,994,"44.8615664 , -78.821698","44.998654800000004 , -78.6850476",urban-urban,mixed,1380,"{""sample_routes"":{""date"":""2026-09-14"",""run_id"":""e8d1f5b91b6f405ba6c0267da8ed117d""},""join_samples"":{""date"":""2026-09-14"",""run_id"":""a045e95393294f6cad1ab8807c001ca6""},""upload_data"":{""date"":""2026-09-14"",""run_id"":""c16ad7f93e1d46c2ae1ca883b048c216""}}"
995,995,"44.5710415 , -76.0612052","44.4429263 , -76.1889481",urban-urban,mixed,1380,"{""sample_routes"":{""date"":""2026-09-14"",""run_id"":""e8d1f5b91b6f405ba6c0267da8ed117d""},""join_samples"":{""date"":""2026-09-14"",""run_id"":""a045e95393294f6cad1ab8807c001ca6""},""upload_data"":{""date"":""2026-09-14"",""run_id"":""c16ad7f93e1d46c2ae1ca883b048c216""}}"
997,997,"44.4791047 , -78.51617780000001","44.479162300000006 , -78.63459990000001",urban-urban,mixed,1020,"{""sample_routes"":{""date"":""2026-09-14"",""run_id"":""e8d1f5b91b6f405ba6c0267da8ed117d""},""join_samples"":{""date"":""2026-09-14"",""run_id"":""a045e95393294f6cad1ab8807c001ca6""},""upload_data"":{""date"":""2026-09-14"",""run_id"":""c16ad7f93e1d46c2ae1ca883b048c216""}}"
998,998,"48.3880646 , -89.3086193","48.4847563 , -89.40558490000001",urban-urban,mixed,1380,"{""sample_routes"":{""date"":""2026-09-14"",""run_id"":""e8d1f5b91b6f405ba6c0267da8ed117d""},""join_samples"":{""date"":""2026-09-14"",""run_id"":""a045e95393294f6cad1ab8807c001ca6""},""upload_data"":{""date"":""2026-09-14"",""run_id"":""c16ad7f93e1d46c2ae1ca883b048c216""}}"
1003,3,"43.23031 , -79.7591087","43.4174062 , -79.9465571",urban-urban,urban,1804,"{""sample_routes"":{""date"":""2026-09-14"",""run_id"":""e8d1f5b91b6f405ba6c0267da8ed117d""},""join_samples"":{""date"":""2026-09-14"",""run_id"":""a045e95393294f6cad1ab8807c001ca6""},""upload_data"":{""date"":""2026-09-14"",""run_id"":""c16ad7f93e1d46c2ae1ca883b048c216""}}"
1010,10,"43.7490005 , -79.49484890000001","43.7496281 , -79.1970952",urban-urban,urban,1807,"{""sample_routes"":{""date"":""2026-09-14"",""run_id"":""e8d1f5b91b6f405ba6c0267da8ed117d""},""join_samples"":{""date"":""2026-09-14"",""run_id"":""a045e95393294f6cad1ab8807c001ca6""},""upload_data"":{""date"":""2026-09-14"",""run_id"":""c16ad7f93e1d46c2ae1ca883b048c216""}}"
1011,11,"43.617483500000006 , -79.61559580000001","43.858376 , -79.6157927",urban-urban,urban,1807,"{""sample_routes"":{""date"":""2026-09-14"",""run_id"":""e8d1f5b91b6f405ba6c0267da8ed117d""},""join_samples"":{""date"":""2026-09-14"",""run_id"":""a045e95393294f6cad1ab8807c001ca6""},""upload_data"":{""date"":""2026-09-14"",""run_id"":""c16ad7f93e1d46c2ae1ca883b048c216""}}"
1013,13,"48.3522721 , -81.308519","48.2320293 , -81.188445",urban-urban,urban,1791,"{""sample_routes"":{""date"":""2026-09-14"",""run_id"":""e8d1f5b91b6f405ba6c0267da8ed117d""},""join_samples"":{""date"":""2026-09-14"",""run_id"":""a045e95393294f6cad1ab8807c001ca6""},""upload_data"":{""date"":""2026-09-14"",""run_id"":""c16ad7f93e1d46c2ae1ca883b048c216""}}"
1015,15,"43.7422259 , -79.5769882","43.903016 , -79.416791",urban-urban,urban,1791,"{""sample_routes"":{""date"":""2026-09-14"",""run_id"":""e8d1f5b91b6f405ba6c0267da8ed117d""},""join_samples"":{""date"":""2026-09-14"",""run_id"":""a045e95393294f6cad1ab8807c001ca6""},""upload_data"":{""date"":""2026-09-14"",""run_id"":""c16ad7f93e1d46c2ae1ca883b048c216""}}"
1016,16,"46.210889800000004 , -80.6077399","46.1367586 , -80.5340575",urban-urban,urban,1810,"{""sample_routes"":{""date"":""2026-09-14"",""run_id"":""e8d1f5b91b6f405ba6c0267da8ed117d""},""join_samples"":{""date"":""2026-09-14"",""run_id"":""a045e95393294f6cad1ab8807c001ca6""},""upload_data"":{""date"":""2026-09-14"",""run_id"":""c16ad7f93e1d46c2ae1ca883b048c216""}}"
1017,17,"46.383198500000006 , -79.98487370000001","46.537655400000006 , -79.984907",urban-urban,urban,1789,"{""sample_routes"":{""date"":""2026-09-14"",""run_id"":""e8d1f5b91b6f405ba6c0267da8ed117d""},""join_samples"":{""date"":""2026-09-14"",""run_id"":""a045e95393294f6cad1ab8807c001ca6""},""upload_data"":{""date"":""2026-09-14"",""run_id"":""c16ad7f93e1d46c2ae1ca883b048c216""}}"
1018,18,"43.7703878 , -79.77573310000001","43.567444300000005 , -79.57221",urban-urban,urban,1789,"{""sample_routes"":{""date"":""2026-09-14"",""run_id"":""e8d1f5b91b6f405ba6c0267da8ed117d""},""join_samples"":{""date"":""2026-09-14"",""run_id"":""a045e95393294f6cad1ab8807c001ca6""},""upload_data"":{""date"":""2026-09-14"",""run_id"":""c16ad7f93e1d46c2ae1ca883b048c216""}}"
1019,19,"45.409188500000006 , -75.6967889","45.235885100000004 , -75.6962697",urban-urban,urban,1788,"{""sample_routes"":{""date"":""2026-09-14"",""run_id"":""e8d1f5b91b6f405ba6c0267da8ed117d""},""join_samples"":{""date"":""2026-09-14"",""run_id"":""a045e95393294f6cad1ab8807c001ca6""},""upload_data"":{""date"":""2026-09-14"",""run_id"":""c16ad7f93e1d46c2ae1ca883b048c216""}}"
1020,20,"49.54293860000001 , -91.1303165","49.3816421 , -91.130576",urban-urban,urban,1787,"{""sample_routes"":{""date"":""2026-09-14"",""run_id"":""e8d1f5b91b6f405ba6c0267da8ed117d""},""join_samples"":{""date"":""2026-09-14"",""run_id"":""a045e95393294f6cad1ab8807c001ca6""},""upload_data"":{""date"":""2026-09-14"",""run_id"":""c16ad7f93e1d46c2ae1ca883b048c216""}}"
1021,21,"45.342883500000006 , -75.7415137","45.3427963 , -76.0426985",urban-urban,urban,1813,"{""sample_routes"":{""date"":""2026-09-14"",""run_id"":""e8d1f5b91b6f405ba6c0267da8ed117d""},""join_samples"":{""date"":""2026-09-14"",""run_id"":""a045e95393294f6cad1ab8807c001ca6""},""upload_data"":{""date"":""2026-09-14"",""run_id"":""c16ad7f93e1d46c2ae1ca883b048c216""}}"
1023,23,"43.4364166 , -80.5464084","43.4358826 , -80.182738",urban-urban,urban,1786,"{""sample_routes"":{""date"":""2026-09-14"",""run_id"":""e8d1f5b91b6f405ba6c0267da8ed117d""},""join_samples"":{""date"":""2026-09-14"",""run_id"":""a045e95393294f6cad1ab8807c001ca6""},""upload_data"":{""date"":""2026-09-14"",""run_id"":""c16ad7f93e1d46c2ae1ca883b048c216""}}"
1024,24,"43.762383400000004 , -79.28607600000001","43.9462344 , -79.4693477",urban-urban,urban,1814,"{""sample_routes"":{""date"":""2026-09-14"",""run_id"":""e8d1f5b91b6f405ba6c0267da8ed117d""},""join_samples"":{""date"":""2026-09-14"",""run_id"":""a045e95393294f6cad1ab8807c001ca6""},""upload_data"":{""date"":""2026-09-14"",""run_id"":""c16ad7f93e1d46c2ae1ca883b048c216""}}"
1025,25,"43.651504900000006 , -79.45105690000001","43.835782 , -79.6351384",urban-urban,urban,1815,"{""sample_routes"":{""date"":""2026-09-14"",""run_id"":""e8d1f5b91b6f405ba6c0267da8ed117d""},""join_samples"":{""date"":""2026-09-14"",""run_id"":""a045e95393294f6cad1ab8807c001ca6""},""upload_data"":{""date"":""2026-09-14"",""run_id"":""c16ad7f93e1d46c2ae1ca883b048c216""}}"
1026,26,"43.6473323 , -79.3796993","43.856301900000005 , -79.170558",urban-urban,urban,1785,"{""sample_routes"":{""date"":""2026-09-14"",""run_id"":""e8d1f5b91b6f405ba6c0267da8ed117d""},""join_samples"":{""date"":""2026-09-14"",""run_id"":""a045e95393294f6cad1ab8807c001ca6""},""upload_data"":{""date"":""2026-09-14"",""run_id"":""c16ad7f93e1d46c2ae1ca883b048c216""}}"
1033,33,"43.4343572 , -79.7301492","43.1705047 , -79.7302512",urban-rural,urban,1782,"{""sample_routes"":{""date"":""2026-09-14"",""run_id"":""e8d1f5b91b6f405ba6c0267da8ed117d""},""join_samples"":{""date"":""2026-09-14"",""run_id"":""a045e95393294f6cad1ab8807c001ca6""},""upload_data"":{""date"":""2026-09-14"",""run_id"":""c16ad7f93e1d46c2ae1ca883b048c216""}}"
1035,35,"43.765979800000004 , -79.519698","43.766409 , -79.15977500000001",urban-urban,urban,1821,"{""sample_routes"":{""date"":""2026-09-14"",""run_id"":""e8d1f5b91b6f405ba6c0267da8ed117d""},""join_samples"":{""date"":""2026-09-14"",""run_id"":""a045e95393294f6cad1ab8807c001ca6""},""upload_data"":{""date"":""2026-09-14"",""run_id"":""c16ad7f93e1d46c2ae1ca883b048c216""}}"
1037,37,"45.3979008 , -75.68920390000001","45.219096 , -75.6890449",urban-urban,urban,1778,"{""sample_routes"":{""date"":""2026-09-14"",""run_id"":""e8d1f5b91b6f405ba6c0267da8ed117d""},""join_samples"":{""date"":""2026-09-14"",""run_id"":""a045e95393294f6cad1ab8807c001ca6""},""upload_data"":{""date"":""2026-09-14"",""run_id"":""c16ad7f93e1d46c2ae1ca883b048c216""}}"
1038,38,"43.747611500000005 , -79.5065045","43.7482788 , -79.1958369",urban-urban,urban,1824,"{""sample_routes"":{""date"":""2026-09-14"",""run_id"":""e8d1f5b91b6f405ba6c0267da8ed117d""},""join_samples"":{""date"":""2026-09-14"",""run_id"":""a045e95393294f6cad1ab8807c001ca6""},""upload_data"":{""date"":""2026-09-14"",""run_id"":""c16ad7f93e1d46c2ae1ca883b048c216""}}"
1039,39,"44.960117600000004 , -81.22545500000001","45.1099023 , -81.37591300000001",urban-urban,urban,1776,"{""sample_routes"":{""date"":""2026-09-14"",""run_id"":""e8d1f5b91b6f405ba6c0267da8ed117d""},""join_samples"":{""date"":""2026-09-14"",""run_id"":""a045e95393294f6cad1ab8807c001ca6""},""upload_data"":{""date"":""2026-09-14"",""run_id"":""c16ad7f93e1d46c2ae1ca883b048c216""}}"
1040,40,"43.760794600000004 , -79.36292370000001","43.9200819 , -79.52286980000001",urban-urban,urban,1775,"{""sample_routes"":{""date"":""2026-09-14"",""run_id"":""e8d1f5b91b6f405ba6c0267da8ed117d""},""join_samples"":{""date"":""2026-09-14"",""run_id"":""a045e95393294f6cad1ab8807c001ca6""},""upload_data"":{""date"":""2026-09-14"",""run_id"":""c16ad7f93e1d46c2ae1ca883b048c216""}}"
1041,41,"43.1858644 , -79.81705070000001","43.4120489 , -80.04307490000001",urban-urban,urban,1774,"{""sample_routes"":{""date"":""2026-09-14"",""run_id"":""e8d1f5b91b6f405ba6c0267da8ed117d""},""join_samples"":{""date"":""2026-09-14"",""run_id"":""a045e95393294f6cad1ab8807c001ca6""},""upload_data"":{""date"":""2026-09-14"",""run_id"":""c16ad7f93e1d46c2ae1ca883b048c216""}}"
1042,42,"43.6807105 , -79.5445195","43.889017 , -79.33677920000001",urban-urban,urban,1828,"{""sample_routes"":{""date"":""2026-09-14"",""run_id"":""e8d1f5b91b6f405ba6c0267da8ed117d""},""join_samples"":{""date"":""2026-09-14"",""run_id"":""a045e95393294f6cad1ab8807c001ca6""},""upload_data"":{""date"":""2026-09-14"",""run_id"":""c16ad7f93e1d46c2ae1ca883b048c216""}}"
1043,43,"43.2464248 , -79.8727605","43.4714499 , -79.64826070000001",urban-urban,urban,1828,"{""sample_routes"":{""date"":""2026-09-14"",""run_id"":""e8d1f5b91b6f405ba6c0267da8ed117d""},""join_samples"":{""date"":""2026-09-14"",""run_id"":""a045e95393294f6cad1ab8807c001ca6""},""upload_data"":{""date"":""2026-09-14"",""run_id"":""c16ad7f93e1d46c2ae1ca883b048c216""}}"
1044,44,"43.4322644 , -79.90522890000001","43.178964900000004 , -79.652496",urban-rural,urban,1772,"{""sample_routes"":{""date"":""2026-09-14"",""run_id"":""e8d1f5b91b6f405ba6c0267da8ed117d""},""join_samples"":{""date"":""2026-09-14"",""run_id"":""a045e95393294f6cad1ab8807c001ca6""},""upload_data"":{""date"":""2026-09-14"",""run_id"":""c16ad7f93e1d46c2ae1ca883b048c216""}}"
1046,46,"48.563117600000005 , -89.56376420000001","48.658442 , -89.65841800000001",urban-urban,urban,1829,"{""sample_routes"":{""date"":""2026-09-14"",""run_id"":""e8d1f5b91b6f405ba6c0267da8ed117d""},""join_samples"":{""date"":""2026-09-14"",""run_id"":""a045e95393294f6cad1ab8807c001ca6""},""upload_data"":{""date"":""2026-09-14"",""run_id"":""c16ad7f93e1d46c2ae1ca883b048c216""}}"
1047,47,"48.7218243 , -81.0634679","48.5465176 , -81.06395660000001",urban-rural,urban,1830,"{""sample_routes"":{""date"":""2026-09-14"",""run_id"":""e8d1f5b91b6f405ba6c0267da8ed117d""},""join_samples"":{""date"":""2026-09-14"",""run_id"":""a045e95393294f6cad1ab8807c001ca6""},""upload_data"":{""date"":""2026-09-14"",""run_id"":""c16ad7f93e1d46c2ae1ca883b048c216""}}"
1048,48,"43.7876561 , -79.1653635","43.905796 , -79.2831919",urban-urban,urban,1830,"{""sample_routes"":{""date"":""2026-09-14"",""run_id"":""e8d1f5b91b6f405ba6c0267da8ed117d""},""join_samples"":{""date"":""2026-09-14"",""run_id"":""a045e95393294f6cad1ab8807c001ca6""},""upload_data"":{""date"":""2026-09-14"",""run_id"":""c16ad7f93e1d46c2ae1ca883b048c216""}}"
1049,49,"49.656266800000004 , -94.9124044","49.7271562 , -94.9829024",urban-rural,urban,1770,"{""sample_routes"":{""date"":""2026-09-14"",""run_id"":""e8d1f5b91b6f405ba6c0267da8ed117d""},""join_samples"":{""date"":""2026-09-14"",""run_id"":""a045e95393294f6cad1ab8807c001ca6""},""upload_data"":{""date"":""2026-09-14"",""run_id"":""c16ad7f93e1d46c2ae1ca883b048c216""}}"
1050,50,"44.9293421 , -77.8678951","44.7769495 , -77.867423",urban-urban,urban,1770,"{""sample_routes"":{""date"":""2026-09-14"",""run_id"":""e8d1f5b91b6f405ba6c0267da8ed117d""},""join_samples"":{""date"":""2026-09-14"",""run_id"":""a045e95393294f6cad1ab8807c001ca6""},""upload_data"":{""date"":""2026-09-14"",""run_id"":""c16ad7f93e1d46c2ae1ca883b048c216""}}"
1052,52,"43.418487500000005 , -79.77326860000001","43.1725536 , -79.7734222",urban-urban,urban,1766,"{""sample_routes"":{""date"":""2026-09-14"",""run_id"":""e8d1f5b91b6f405ba6c0267da8ed117d""},""join_samples"":{""date"":""2026-09-14"",""run_id"":""a045e95393294f6cad1ab8807c001ca6""},""upload_data"":{""date"":""2026-09-14"",""run_id"":""c16ad7f93e1d46c2ae1ca883b048c216""}}"
1053,53,"43.502219600000004 , -79.8353178","43.7112412 , -79.6265832",urban-urban,urban,1834,"{""sample_routes"":{""date"":""2026-09-14"",""run_id"":""e8d1f5b91b6f405ba6c0267da8ed117d""},""join_samples"":{""date"":""2026-09-14"",""run_id"":""a045e95393294f6cad1ab8807c001ca6""},""upload_data"":{""date"":""2026-09-14"",""run_id"":""c16ad7f93e1d46c2ae1ca883b048c216""}}"
1055,55,"43.3710329 , -79.7604003","43.1605355 , -79.54997060000001",urban-urban,urban,1835,"{""sample_routes"":{""date"":""2026-09-14"",""run_id"":""e8d1f5b91b6f405ba6c0267da8ed117d""},""join_samples"":{""date"":""2026-09-14"",""run_id"":""a045e95393294f6cad1ab8807c001ca6""},""upload_data"":{""date"":""2026-09-14"",""run_id"":""c16ad7f93e1d46c2ae1ca883b048c216""}}"
1057,57,"43.521926400000005 , -80.6218431","43.3366076 , -80.43664550000001",urban-rural,urban,1765,"{""sample_routes"":{""date"":""2026-09-14"",""run_id"":""e8d1f5b91b6f405ba6c0267da8ed117d""},""join_samples"":{""date"":""2026-09-14"",""run_id"":""a045e95393294f6cad1ab8807c001ca6""},""upload_data"":{""date"":""2026-09-14"",""run_id"":""c16ad7f93e1d46c2ae1ca883b048c216""}}"
1059,59,"43.722269000000004 , -79.6220538","43.919948600000005 , -79.4239848",urban-urban,urban,1763,"{""sample_routes"":{""date"":""2026-09-14"",""run_id"":""e8d1f5b91b6f405ba6c0267da8ed117d""},""join_samples"":{""date"":""2026-09-14"",""run_id"":""a045e95393294f6cad1ab8807c001ca6""},""upload_data"":{""date"":""2026-09-14"",""run_id"":""c16ad7f93e1d46c2ae1ca883b048c216""}}"
1061,61,"49.7292484 , -95.00999540000001","49.6320702 , -94.91234290000001",urban-urban,urban,1838,"{""sample_routes"":{""date"":""2026-09-14"",""run_id"":""e8d1f5b91b6f405ba6c0267da8ed117d""},""join_samples"":{""date"":""2026-09-14"",""run_id"":""a045e95393294f6cad1ab8807c001ca6""},""upload_data"":{""date"":""2026-09-14"",""run_id"":""c16ad7f93e1d46c2ae1ca883b048c216""}}"
1063,63,"43.6322357 , -79.4116635","43.8335178 , -79.6127196",urban-urban,urban,1841,"{""sample_routes"":{""date"":""2026-09-14"",""run_id"":""e8d1f5b91b6f405ba6c0267da8ed117d""},""join_samples"":{""date"":""2026-09-14"",""run_id"":""a045e95393294f6cad1ab8807c001ca6""},""upload_data"":{""date"":""2026-09-14"",""run_id"":""c16ad7f93e1d46c2ae1ca883b048c216""}}"
1064,64,"44.5551073 , -76.30374160000001","44.604537900000004 , -76.3031582",urban-urban,urban,1759,"{""sample_routes"":{""date"":""2026-09-14"",""run_id"":""e8d1f5b91b6f405ba6c0267da8ed117d""},""join_samples"":{""date"":""2026-09-14"",""run_id"":""a045e95393294f6cad1ab8807c001ca6""},""upload_data"":{""date"":""2026-09-14"",""run_id"":""c16ad7f93e1d46c2ae1ca883b048c216""}}"
1067,67,"50.179221500000004 , -92.91673700000001","50.281694 , -92.8142249",urban-urban,urban,1755,"{""sample_routes"":{""date"":""2026-09-14"",""run_id"":""e8d1f5b91b6f405ba6c0267da8ed117d""},""join_samples"":{""date"":""2026-09-14"",""run_id"":""a045e95393294f6cad1ab8807c001ca6""},""upload_data"":{""date"":""2026-09-14"",""run_id"":""c16ad7f93e1d46c2ae1ca883b048c216""}}"
1068,68,"49.0003868 , -86.62924120000001","49.1806466 , -86.6292306",urban-urban,urban,1845,"{""sample_routes"":{""date"":""2026-09-14"",""run_id"":""e8d1f5b91b6f405ba6c0267da8ed117d""},""join_samples"":{""date"":""2026-09-14"",""run_id"":""a045e95393294f6cad1ab8807c001ca6""},""upload_data"":{""date"":""2026-09-14"",""run_id"":""c16ad7f93e1d46c2ae1ca883b048c216""}}"
1069,69,"43.6126809 , -79.6159731","43.8568231 , -79.6159195",urban-urban,urban,1754,"{""sample_routes"":{""date"":""2026-09-14"",""run_id"":""e8d1f5b91b6f405ba6c0267da8ed117d""},""join_samples"":{""date"":""2026-09-14"",""run_id"":""a045e95393294f6cad1ab8807c001ca6""},""upload_data"":{""date"":""2026-09-14"",""run_id"":""c16ad7f93e1d46c2ae1ca883b048c216""}}"
1070,70,"45.3343466 , -77.4566295","45.2208121 , -77.5701737",urban-urban,urban,1751,"{""sample_routes"":{""date"":""2026-09-14"",""run_id"":""e8d1f5b91b6f405ba6c0267da8ed117d""},""join_samples"":{""date"":""2026-09-14"",""run_id"":""a045e95393294f6cad1ab8807c001ca6""},""upload_data"":{""date"":""2026-09-14"",""run_id"":""c16ad7f93e1d46c2ae1ca883b048c216""}}"
1078,78,"48.870579500000005 , -88.66917000000001","48.766291100000004 , -88.66869030000001",urban-urban,urban,1747,"{""sample_routes"":{""date"":""2026-09-14"",""run_id"":""e8d1f5b91b6f405ba6c0267da8ed117d""},""join_samples"":{""date"":""2026-09-14"",""run_id"":""a045e95393294f6cad1ab8807c001ca6""},""upload_data"":{""date"":""2026-09-14"",""run_id"":""c16ad7f93e1d46c2ae1ca883b048c216""}}"
1079,79,"43.666440300000005 , -79.3688473","44.0104874 , -79.3694688",urban-urban,urban,1747,"{""sample_routes"":{""date"":""2026-09-14"",""run_id"":""e8d1f5b91b6f405ba6c0267da8ed117d""},""join_samples"":{""date"":""2026-09-14"",""run_id"":""a045e95393294f6cad1ab8807c001ca6""},""upload_data"":{""date"":""2026-09-14"",""run_id"":""c16ad7f93e1d46c2ae1ca883b048c216""}}"
1080,80,"48.201967 , -80.5576539","48.3396443 , -80.55748960000001",urban-urban,urban,1854,"{""sample_routes"":{""date"":""2026-09-14"",""run_id"":""e8d1f5b91b6f405ba6c0267da8ed117d""},""join_samples"":{""date"":""2026-09-14"",""run_id"":""a045e95393294f6cad1ab8807c001ca6""},""upload_data"":{""date"":""2026-09-14"",""run_id"":""c16ad7f93e1d46c2ae1ca883b048c216""}}"
1082,82,"43.638486 , -79.45384820000001","43.8357766 , -79.25677920000001",urban-urban,urban,1854,"{""sample_routes"":{""date"":""2026-09-14"",""run_id"":""e8d1f5b91b6f405ba6c0267da8ed117d""},""join_samples"":{""date"":""2026-09-14"",""run_id"":""a045e95393294f6cad1ab8807c001ca6""},""upload_data"":{""date"":""2026-09-14"",""run_id"":""c16ad7f93e1d46c2ae1ca883b048c216""}}"
1087,87,"43.4672792 , -79.6937941","43.237300700000006 , -79.92434420000001",urban-urban,urban,1742,"{""sample_routes"":{""date"":""2026-09-14"",""run_id"":""e8d1f5b91b6f405ba6c0267da8ed117d""},""join_samples"":{""date"":""2026-09-14"",""run_id"":""a045e95393294f6cad1ab8807c001ca6""},""upload_data"":{""date"":""2026-09-14"",""run_id"":""c16ad7f93e1d46c2ae1ca883b048c216""}}"
1089,89,"44.0490196 , -79.4816698","43.861236500000004 , -79.48147990000001",urban-urban,urban,1859,"{""sample_routes"":{""date"":""2026-09-14"",""run_id"":""e8d1f5b91b6f405ba6c0267da8ed117d""},""join_samples"":{""date"":""2026-09-14"",""run_id"":""a045e95393294f6cad1ab8807c001ca6""},""upload_data"":{""date"":""2026-09-14"",""run_id"":""c16ad7f93e1d46c2ae1ca883b048c216""}}"
1094,94,"43.676236200000005 , -79.4467497","43.876212200000005 , -79.6465598",urban-rural,urban,1861,"{""sample_routes"":{""date"":""2026-09-14"",""run_id"":""e8d1f5b91b6f405ba6c0267da8ed117d""},""join_samples"":{""date"":""2026-09-14"",""run_id"":""a045e95393294f6cad1ab8807c001ca6""},""upload_data"":{""date"":""2026-09-14"",""run_id"":""c16ad7f93e1d46c2ae1ca883b048c216""}}"
1095,95,"43.6161163 , -79.4987322","43.84818 , -79.498754",urban-urban,urban,1861,"{""sample_routes"":{""date"":""2026-09-14"",""run_id"":""e8d1f5b91b6f405ba6c0267da8ed117d""},""join_samples"":{""date"":""2026-09-14"",""run_id"":""a045e95393294f6cad1ab8807c001ca6""},""upload_data"":{""date"":""2026-09-14"",""run_id"":""c16ad7f93e1d46c2ae1ca883b048c216""}}"
1097,97,"43.7918334 , -79.321347","43.7919415 , -79.684785",urban-urban,urban,1863,"{""sample_routes"":{""date"":""2026-09-14"",""run_id"":""e8d1f5b91b6f405ba6c0267da8ed117d""},""join_samples"":{""date"":""2026-09-14"",""run_id"":""a045e95393294f6cad1ab8807c001ca6""},""upload_data"":{""date"":""2026-09-14"",""run_id"":""c16ad7f93e1d46c2ae1ca883b048c216""}}"
1098,98,"45.7288816 , -79.6023162","45.814743400000005 , -79.6875941",urban-urban,urban,1736,"{""sample_routes"":{""date"":""2026-09-14"",""run_id"":""e8d1f5b91b6f405ba6c0267da8ed117d""},""join_samples"":{""date"":""2026-09-14"",""run_id"":""a045e95393294f6cad1ab8807c001ca6""},""upload_data"":{""date"":""2026-09-14"",""run_id"":""c16ad7f93e1d46c2ae1ca883b048c216""}}"
1099,99,"45.2278663 , -78.578715","45.228421000000004 , -78.4167827",urban-urban,urban,1864,"{""sample_routes"":{""date"":""2026-09-14"",""run_id"":""e8d1f5b91b6f405ba6c0267da8ed117d""},""join_samples"":{""date"":""2026-09-14"",""run_id"":""a045e95393294f6cad1ab8807c001ca6""},""upload_data"":{""date"":""2026-09-14"",""run_id"":""c16ad7f93e1d46c2ae1ca883b048c216""}}"
1100,100,"46.0573885 , -79.5406569","45.9238622 , -79.5403065",urban-urban,urban,1864,"{""sample_routes"":{""date"":""2026-09-14"",""run_id"":""e8d1f5b91b6f405ba6c0267da8ed117d""},""join_samples"":{""date"":""2026-09-14"",""run_id"":""a045e95393294f6cad1ab8807c001ca6""},""upload_data"":{""date"":""2026-09-14"",""run_id"":""c16ad7f93e1d46c2ae1ca883b048c216""}}"
1106,106,"43.832523300000005 , -79.3201188","43.832660700000005 , -79.6202842",urban-urban,urban,1733,"{""sample_routes"":{""date"":""2026-09-14"",""run_id"":""e8d1f5b91b6f405ba6c0267da8ed117d""},""join_samples"":{""date"":""2026-09-14"",""run_id"":""a045e95393294f6cad1ab8807c001ca6""},""upload_data"":{""date"":""2026-09-14"",""run_id"":""c16ad7f93e1d46c2ae1ca883b048c216""}}"
1107,107,"45.0253061 , -79.362584","45.0248889 , -79.1478063",urban-urban,urban,1867,"{""sample_routes"":{""date"":""2026-09-14"",""run_id"":""e8d1f5b91b6f405ba6c0267da8ed117d""},""join_samples"":{""date"":""2026-09-14"",""run_id"":""a045e95393294f6cad1ab8807c001ca6""},""upload_data"":{""date"":""2026-09-14"",""run_id"":""c16ad7f93e1d46c2ae1ca883b048c216""}}"
1111,111,"43.8178313 , -79.31144760000001","43.8174664 , -79.61060930000001",urban-urban,urban,1868,"{""sample_routes"":{""date"":""2026-09-14"",""run_id"":""e8d1f5b91b6f405ba6c0267da8ed117d""},""join_samples"":{""date"":""2026-09-14"",""run_id"":""a045e95393294f6cad1ab8807c001ca6""},""upload_data"":{""date"":""2026-09-14"",""run_id"":""c16ad7f93e1d46c2ae1ca883b048c216""}}"
1112,112,"44.215657500000006 , -80.9332078","44.3881828 , -80.932669",urban-urban,urban,1731,"{""sample_routes"":{""date"":""2026-09-14"",""run_id"":""e8d1f5b91b6f405ba6c0267da8ed117d""},""join_samples"":{""date"":""2026-09-14"",""run_id"":""a045e95393294f6cad1ab8807c001ca6""},""upload_data"":{""date"":""2026-09-14"",""run_id"":""c16ad7f93e1d46c2ae1ca883b048c216""}}"
1113,113,"44.990546800000004 , -81.4201852","44.8522297 , -81.28244330000001",urban-urban,urban,1870,"{""sample_routes"":{""date"":""2026-09-14"",""run_id"":""e8d1f5b91b6f405ba6c0267da8ed117d""},""join_samples"":{""date"":""2026-09-14"",""run_id"":""a045e95393294f6cad1ab8807c001ca6""},""upload_data"":{""date"":""2026-09-14"",""run_id"":""c16ad7f93e1d46c2ae1ca883b048c216""}}"
1116,116,"46.2284731 , -79.14708420000001","46.076072800000006 , -79.1469278",urban-urban,urban,1873,"{""sample_routes"":{""date"":""2026-09-14"",""run_id"":""e8d1f5b91b6f405ba6c0267da8ed117d""},""join_samples"":{""date"":""2026-09-14"",""run_id"":""a045e95393294f6cad1ab8807c001ca6""},""upload_data"":{""date"":""2026-09-14"",""run_id"":""c16ad7f93e1d46c2ae1ca883b048c216""}}"
1119,119,"44.8032666 , -78.46276010000001","44.9316292 , -78.3344893",urban-urban,urban,1875,"{""sample_routes"":{""date"":""2026-09-14"",""run_id"":""e8d1f5b91b6f405ba6c0267da8ed117d""},""join_samples"":{""date"":""2026-09-14"",""run_id"":""a045e95393294f6cad1ab8807c001ca6""},""upload_data"":{""date"":""2026-09-14"",""run_id"":""c16ad7f93e1d46c2ae1ca883b048c216""}}"
1125,125,"43.9175375 , -79.45292590000001","43.7471784 , -79.6233739",urban-urban,urban,1723,"{""sample_routes"":{""date"":""2026-09-14"",""run_id"":""e8d1f5b91b6f405ba6c0267da8ed117d""},""join_samples"":{""date"":""2026-09-14"",""run_id"":""a045e95393294f6cad1ab8807c001ca6""},""upload_data"":{""date"":""2026-09-14"",""run_id"":""c16ad7f93e1d46c2ae1ca883b048c216""}}"
1127,127,"43.221590600000006 , -79.7279733","43.4156337 , -79.9225088",urban-urban,urban,1878,"{""sample_routes"":{""date"":""2026-09-14"",""run_id"":""e8d1f5b91b6f405ba6c0267da8ed117d""},""join_samples"":{""date"":""2026-09-14"",""run_id"":""a045e95393294f6cad1ab8807c001ca6""},""upload_data"":{""date"":""2026-09-14"",""run_id"":""c16ad7f93e1d46c2ae1ca883b048c216""}}"
1130,130,"44.623694500000006 , -79.436448","44.8319224 , -79.4369923",urban-urban,urban,1879,"{""sample_routes"":{""date"":""2026-09-14"",""run_id"":""e8d1f5b91b6f405ba6c0267da8ed117d""},""join_samples"":{""date"":""2026-09-14"",""run_id"":""a045e95393294f6cad1ab8807c001ca6""},""upload_data"":{""date"":""2026-09-14"",""run_id"":""c16ad7f93e1d46c2ae1ca883b048c216""}}"
1131,131,"43.684863500000006 , -79.5040196","43.6854005 , -79.2678485",urban-urban,urban,1721,"{""sample_routes"":{""date"":""2026-09-14"",""run_id"":""e8d1f5b91b6f405ba6c0267da8ed117d""},""join_samples"":{""date"":""2026-09-14"",""run_id"":""a045e95393294f6cad1ab8807c001ca6""},""upload_data"":{""date"":""2026-09-14"",""run_id"":""c16ad7f93e1d46c2ae1ca883b048c216""}}"
1134,134,"48.5775001 , -89.4760313","48.671941000000004 , -89.4757677",urban-urban,urban,1718,"{""sample_routes"":{""date"":""2026-09-14"",""run_id"":""e8d1f5b91b6f405ba6c0267da8ed117d""},""join_samples"":{""date"":""2026-09-14"",""run_id"":""a045e95393294f6cad1ab8807c001ca6""},""upload_data"":{""date"":""2026-09-14"",""run_id"":""c16ad7f93e1d46c2ae1ca883b048c216""}}"
1135,135,"49.3640685 , -87.1221079","49.4844209 , -87.1221584",urban-urban,urban,1882,"{""sample_routes"":{""date"":""2026-09-14"",""run_id"":""e8d1f5b91b6f405ba6c0267da8ed117d""},""join_samples"":{""date"":""2026-09-14"",""run_id"":""a045e95393294f6cad1ab8807c001ca6""},""upload_data"":{""date"":""2026-09-14"",""run_id"":""c16ad7f93e1d46c2ae1ca883b048c216""}}"
1138,138,"43.8973961 , -79.31886560000001","43.896966000000006 , -79.5726384",urban-rural,urban,1885,"{""sample_routes"":{""date"":""2026-09-14"",""run_id"":""e8d1f5b91b6f405ba6c0267da8ed117d""},""join_samples"":{""date"":""2026-09-14"",""run_id"":""a045e95393294f6cad1ab8807c001ca6""},""upload_data"":{""date"":""2026-09-14"",""run_id"":""c16ad7f93e1d46c2ae1ca883b048c216""}}"
1139,139,"43.8544497 , -79.4334736","43.663668300000005 , -79.43343730000001",urban-urban,urban,1715,"{""sample_routes"":{""date"":""2026-09-14"",""run_id"":""e8d1f5b91b6f405ba6c0267da8ed117d""},""join_samples"":{""date"":""2026-09-14"",""run_id"":""a045e95393294f6cad1ab8807c001ca6""},""upload_data"":{""date"":""2026-09-14"",""run_id"":""c16ad7f93e1d46c2ae1ca883b048c216""}}"
1140,140,"43.8478912 , -79.5242916","43.8484598 , -79.1995703",urban-urban,urban,1885,"{""sample_routes"":{""date"":""2026-09-14"",""run_id"":""e8d1f5b91b6f405ba6c0267da8ed117d""},""join_samples"":{""date"":""2026-09-14"",""run_id"":""a045e95393294f6cad1ab8807c001ca6""},""upload_data"":{""date"":""2026-09-14"",""run_id"":""c16ad7f93e1d46c2ae1ca883b048c216""}}"
1141,141,"44.8721697 , -77.0194467","44.792031 , -77.01953130000001",urban-urban,urban,1886,"{""sample_routes"":{""date"":""2026-09-14"",""run_id"":""e8d1f5b91b6f405ba6c0267da8ed117d""},""join_samples"":{""date"":""2026-09-14"",""run_id"":""a045e95393294f6cad1ab8807c001ca6""},""upload_data"":{""date"":""2026-09-14"",""run_id"":""c16ad7f93e1d46c2ae1ca883b048c216""}}"
1144,144,"43.443850600000005 , -79.67574690000001","43.1979295 , -79.9217299",urban-urban,urban,1892,"{""sample_routes"":{""date"":""2026-09-14"",""run_id"":""e8d1f5b91b6f405ba6c0267da8ed117d""},""join_samples"":{""date"":""2026-09-14"",""run_id"":""a045e95393294f6cad1ab8807c001ca6""},""upload_data"":{""date"":""2026-09-14"",""run_id"":""c16ad7f93e1d46c2ae1ca883b048c216""}}"
1145,145,"45.4145843 , -75.6875473","45.2196464 , -75.6879803",urban-urban,urban,1893,"{""sample_routes"":{""date"":""2026-09-14"",""run_id"":""e8d1f5b91b6f405ba6c0267da8ed117d""},""join_samples"":{""date"":""2026-09-14"",""run_id"":""a045e95393294f6cad1ab8807c001ca6""},""upload_data"":{""date"":""2026-09-14"",""run_id"":""c16ad7f93e1d46c2ae1ca883b048c216""}}"
1148,148,"44.883333900000004 , -77.610894","45.0000677 , -77.61114470000001",urban-urban,urban,1897,"{""sample_routes"":{""date"":""2026-09-14"",""run_id"":""e8d1f5b91b6f405ba6c0267da8ed117d""},""join_samples"":{""date"":""2026-09-14"",""run_id"":""a045e95393294f6cad1ab8807c001ca6""},""upload_data"":{""date"":""2026-09-14"",""run_id"":""c16ad7f93e1d46c2ae1ca883b048c216""}}"
1149,149,"44.741054500000004 , -78.4691485","44.7583902 , -78.4871528",urban-urban,urban,1897,"{""sample_routes"":{""date"":""2026-09-14"",""run_id"":""e8d1f5b91b6f405ba6c0267da8ed117d""},""join_samples"":{""date"":""2026-09-14"",""run_id"":""a045e95393294f6cad1ab8807c001ca6""},""upload_data"":{""date"":""2026-09-14"",""run_id"":""c16ad7f93e1d46c2ae1ca883b048c216""}}"
1151,151,"44.748288800000005 , -76.49558400000001","44.6432755 , -76.6005456",urban-urban,urban,1898,"{""sample_routes"":{""date"":""2026-09-14"",""run_id"":""e8d1f5b91b6f405ba6c0267da8ed117d""},""join_samples"":{""date"":""2026-09-14"",""run_id"":""a045e95393294f6cad1ab8807c001ca6""},""upload_data"":{""date"":""2026-09-14"",""run_id"":""c16ad7f93e1d46c2ae1ca883b048c216""}}"
1153,153,"43.722827300000006 , -79.56035580000001","43.9511411 , -79.3323342",urban-urban,urban,1899,"{""sample_routes"":{""date"":""2026-09-14"",""run_id"":""e8d1f5b91b6f405ba6c0267da8ed117d""},""join_samples"":{""date"":""2026-09-14"",""run_id"":""a045e95393294f6cad1ab8807c001ca6""},""upload_data"":{""date"":""2026-09-14"",""run_id"":""c16ad7f93e1d46c2ae1ca883b048c216""}}"
1155,155,"43.4147113 , -79.69697210000001","43.2069564 , -79.90426380000001",urban-urban,urban,1699,"{""sample_routes"":{""date"":""2026-09-14"",""run_id"":""e8d1f5b91b6f405ba6c0267da8ed117d""},""join_samples"":{""date"":""2026-09-14"",""run_id"":""a045e95393294f6cad1ab8807c001ca6""},""upload_data"":{""date"":""2026-09-14"",""run_id"":""c16ad7f93e1d46c2ae1ca883b048c216""}}"
1157,157,"45.394085700000005 , -77.48051550000001","45.270790500000004 , -77.3574191",urban-urban,urban,1696,"{""sample_routes"":{""date"":""2026-09-14"",""run_id"":""e8d1f5b91b6f405ba6c0267da8ed117d""},""join_samples"":{""date"":""2026-09-14"",""run_id"":""a045e95393294f6cad1ab8807c001ca6""},""upload_data"":{""date"":""2026-09-14"",""run_id"":""c16ad7f93e1d46c2ae1ca883b048c216""}}"
1158,158,"43.4786711 , -80.50292950000001","43.2822088 , -80.30684980000001",urban-rural,urban,1905,"{""sample_routes"":{""date"":""2026-09-14"",""run_id"":""e8d1f5b91b6f405ba6c0267da8ed117d""},""join_samples"":{""date"":""2026-09-14"",""run_id"":""a045e95393294f6cad1ab8807c001ca6""},""upload_data"":{""date"":""2026-09-14"",""run_id"":""c16ad7f93e1d46c2ae1ca883b048c216""}}"
1159,159,"43.886380800000005 , -79.32042080000001","43.886720000000004 , -79.51182",urban-urban,urban,1905,"{""sample_routes"":{""date"":""2026-09-14"",""run_id"":""e8d1f5b91b6f405ba6c0267da8ed117d""},""join_samples"":{""date"":""2026-09-14"",""run_id"":""a045e95393294f6cad1ab8807c001ca6""},""upload_data"":{""date"":""2026-09-14"",""run_id"":""c16ad7f93e1d46c2ae1ca883b048c216""}}"
1160,160,"43.8071677 , -79.210271","44.026858000000004 , -79.42933000000001",urban-urban,urban,1905,"{""sample_routes"":{""date"":""2026-09-14"",""run_id"":""e8d1f5b91b6f405ba6c0267da8ed117d""},""join_samples"":{""date"":""2026-09-14"",""run_id"":""a045e95393294f6cad1ab8807c001ca6""},""upload_data"":{""date"":""2026-09-14"",""run_id"":""c16ad7f93e1d46c2ae1ca883b048c216""}}"
1161,161,"44.6578792 , -79.41419280000001","44.840809500000006 , -79.41367910000001",urban-urban,urban,1906,"{""sample_routes"":{""date"":""2026-09-14"",""run_id"":""e8d1f5b91b6f405ba6c0267da8ed117d""},""join_samples"":{""date"":""2026-09-14"",""run_id"":""a045e95393294f6cad1ab8807c001ca6""},""upload_data"":{""date"":""2026-09-14"",""run_id"":""c16ad7f93e1d46c2ae1ca883b048c216""}}"
1162,162,"45.2891856 , -77.55361520000001","45.4049096 , -77.4372599",urban-urban,urban,1694,"{""sample_routes"":{""date"":""2026-09-14"",""run_id"":""e8d1f5b91b6f405ba6c0267da8ed117d""},""join_samples"":{""date"":""2026-09-14"",""run_id"":""a045e95393294f6cad1ab8807c001ca6""},""upload_data"":{""date"":""2026-09-14"",""run_id"":""c16ad7f93e1d46c2ae1ca883b048c216""}}"
1163,163,"43.8474608 , -79.45267750000001","43.639486700000006 , -79.4520552",urban-urban,urban,1693,"{""sample_routes"":{""date"":""2026-09-14"",""run_id"":""e8d1f5b91b6f405ba6c0267da8ed117d""},""join_samples"":{""date"":""2026-09-14"",""run_id"":""a045e95393294f6cad1ab8807c001ca6""},""upload_data"":{""date"":""2026-09-14"",""run_id"":""c16ad7f93e1d46c2ae1ca883b048c216""}}"
1164,164,"43.977620900000005 , -79.477008","43.723640100000004 , -79.47763210000001",urban-urban,urban,1911,"{""sample_routes"":{""date"":""2026-09-14"",""run_id"":""e8d1f5b91b6f405ba6c0267da8ed117d""},""join_samples"":{""date"":""2026-09-14"",""run_id"":""a045e95393294f6cad1ab8807c001ca6""},""upload_data"":{""date"":""2026-09-14"",""run_id"":""c16ad7f93e1d46c2ae1ca883b048c216""}}"
1168,168,"43.597733000000005 , -79.7162971","43.381457600000005 , -79.7158483",urban-urban,urban,1688,"{""sample_routes"":{""date"":""2026-09-14"",""run_id"":""e8d1f5b91b6f405ba6c0267da8ed117d""},""join_samples"":{""date"":""2026-09-14"",""run_id"":""a045e95393294f6cad1ab8807c001ca6""},""upload_data"":{""date"":""2026-09-14"",""run_id"":""c16ad7f93e1d46c2ae1ca883b048c216""}}"
1170,170,"44.1186822 , -77.56337400000001","44.0013054 , -77.681163",urban-urban,urban,1914,"{""sample_routes"":{""date"":""2026-09-14"",""run_id"":""e8d1f5b91b6f405ba6c0267da8ed117d""},""join_samples"":{""date"":""2026-09-14"",""run_id"":""a045e95393294f6cad1ab8807c001ca6""},""upload_data"":{""date"":""2026-09-14"",""run_id"":""c16ad7f93e1d46c2ae1ca883b048c216""}}"
1172,172,"43.821440200000005 , -79.1309614","43.6715607 , -79.2815047",urban-urban,urban,1685,"{""sample_routes"":{""date"":""2026-09-14"",""run_id"":""e8d1f5b91b6f405ba6c0267da8ed117d""},""join_samples"":{""date"":""2026-09-14"",""run_id"":""a045e95393294f6cad1ab8807c001ca6""},""upload_data"":{""date"":""2026-09-14"",""run_id"":""c16ad7f93e1d46c2ae1ca883b048c216""}}"
1178,178,"43.793698600000006 , -79.4331325","43.95942 , -79.26682000000001",urban-urban,urban,1917,"{""sample_routes"":{""date"":""2026-09-14"",""run_id"":""e8d1f5b91b6f405ba6c0267da8ed117d""},""join_samples"":{""date"":""2026-09-14"",""run_id"":""a045e95393294f6cad1ab8807c001ca6""},""upload_data"":{""date"":""2026-09-14"",""run_id"":""c16ad7f93e1d46c2ae1ca883b048c216""}}"
1181,181,"43.6663523 , -79.5593264","43.8816478 , -79.3435676",urban-urban,urban,1918,"{""sample_routes"":{""date"":""2026-09-14"",""run_id"":""e8d1f5b91b6f405ba6c0267da8ed117d""},""join_samples"":{""date"":""2026-09-14"",""run_id"":""a045e95393294f6cad1ab8807c001ca6""},""upload_data"":{""date"":""2026-09-14"",""run_id"":""c16ad7f93e1d46c2ae1ca883b048c216""}}"
1183,183,"43.484152900000005 , -79.70835650000001","43.2022439 , -79.9905061",urban-urban,urban,1919,"{""sample_routes"":{""date"":""2026-09-14"",""run_id"":""e8d1f5b91b6f405ba6c0267da8ed117d""},""join_samples"":{""date"":""2026-09-14"",""run_id"":""a045e95393294f6cad1ab8807c001ca6""},""upload_data"":{""date"":""2026-09-14"",""run_id"":""c16ad7f93e1d46c2ae1ca883b048c216""}}"
1184,184,"49.4039857 , -82.39215340000001","49.5887523 , -82.57740360000001",urban-urban,urban,1920,"{""sample_routes"":{""date"":""2026-09-14"",""run_id"":""e8d1f5b91b6f405ba6c0267da8ed117d""},""join_samples"":{""date"":""2026-09-14"",""run_id"":""a045e95393294f6cad1ab8807c001ca6""},""upload_data"":{""date"":""2026-09-14"",""run_id"":""c16ad7f93e1d46c2ae1ca883b048c216""}}"
1186,186,"45.7969549 , -79.5112939","45.944070100000005 , -79.5111344",urban-urban,urban,1921,"{""sample_routes"":{""date"":""2026-09-14"",""run_id"":""e8d1f5b91b6f405ba6c0267da8ed117d""},""join_samples"":{""date"":""2026-09-14"",""run_id"":""a045e95393294f6cad1ab8807c001ca6""},""upload_data"":{""date"":""2026-09-14"",""run_id"":""c16ad7f93e1d46c2ae1ca883b048c216""}}"
1189,189,"43.6094072 , -79.4988543","43.84818 , -79.498754",urban-urban,urban,1922,"{""sample_routes"":{""date"":""2026-09-14"",""run_id"":""e8d1f5b91b6f405ba6c0267da8ed117d""},""join_samples"":{""date"":""2026-09-14"",""run_id"":""a045e95393294f6cad1ab8807c001ca6""},""upload_data"":{""date"":""2026-09-14"",""run_id"":""c16ad7f93e1d46c2ae1ca883b048c216""}}"
1190,190,"44.634649 , -76.62617990000001","44.7307799 , -76.529521",urban-urban,urban,1923,"{""sample_routes"":{""date"":""2026-09-14"",""run_id"":""e8d1f5b91b6f405ba6c0267da8ed117d""},""join_samples"":{""date"":""2026-09-14"",""run_id"":""a045e95393294f6cad1ab8807c001ca6""},""upload_data"":{""date"":""2026-09-14"",""run_id"":""c16ad7f93e1d46c2ae1ca883b048c216""}}"
1191,191,"43.7029906 , -79.4171366","43.8826247 , -79.5961734",urban-rural,urban,1676,"{""sample_routes"":{""date"":""2026-09-14"",""run_id"":""e8d1f5b91b6f405ba6c0267da8ed117d""},""join_samples"":{""date"":""2026-09-14"",""run_id"":""a045e95393294f6cad1ab8807c001ca6""},""upload_data"":{""date"":""2026-09-14"",""run_id"":""c16ad7f93e1d46c2ae1ca883b048c216""}}"
1192,192,"43.8466564 , -79.3239837","43.8473017 , -79.62966490000001",urban-urban,urban,1676,"{""sample_routes"":{""date"":""2026-09-14"",""run_id"":""e8d1f5b91b6f405ba6c0267da8ed117d""},""join_samples"":{""date"":""2026-09-14"",""run_id"":""a045e95393294f6cad1ab8807c001ca6""},""upload_data"":{""date"":""2026-09-14"",""run_id"":""c16ad7f93e1d46c2ae1ca883b048c216""}}"
1194,194,"44.643185 , -76.62036570000001","44.4830045 , -76.6208539",urban-urban,urban,1926,"{""sample_routes"":{""date"":""2026-09-14"",""run_id"":""e8d1f5b91b6f405ba6c0267da8ed117d""},""join_samples"":{""date"":""2026-09-14"",""run_id"":""a045e95393294f6cad1ab8807c001ca6""},""upload_data"":{""date"":""2026-09-14"",""run_id"":""c16ad7f93e1d46c2ae1ca883b048c216""}}"
1195,195,"50.869141000000006 , -93.2696884","50.9464545 , -93.1919707",urban-urban,urban,1927,"{""sample_routes"":{""date"":""2026-09-14"",""run_id"":""e8d1f5b91b6f405ba6c0267da8ed117d""},""join_samples"":{""date"":""2026-09-14"",""run_id"":""a045e95393294f6cad1ab8807c001ca6""},""upload_data"":{""date"":""2026-09-14"",""run_id"":""c16ad7f93e1d46c2ae1ca883b048c216""}}"
1196,196,"43.7844982 , -79.1425766","43.9442618 , -79.30297990000001",urban-rural,urban,1928,"{""sample_routes"":{""date"":""2026-09-14"",""run_id"":""e8d1f5b91b6f405ba6c0267da8ed117d""},""join_samples"":{""date"":""2026-09-14"",""run_id"":""a045e95393294f6cad1ab8807c001ca6""},""upload_data"":{""date"":""2026-09-14"",""run_id"":""c16ad7f93e1d46c2ae1ca883b048c216""}}"
1198,198,"43.2429986 , -79.8570543","43.4023429 , -79.69706210000001",urban-urban,urban,1671,"{""sample_routes"":{""date"":""2026-09-14"",""run_id"":""e8d1f5b91b6f405ba6c0267da8ed117d""},""join_samples"":{""date"":""2026-09-14"",""run_id"":""a045e95393294f6cad1ab8807c001ca6""},""upload_data"":{""date"":""2026-09-14"",""run_id"":""c16ad7f93e1d46c2ae1ca883b048c216""}}"
1199,199,"45.684097200000004 , -81.80167730000001","45.642212900000004 , -81.8021319",urban-urban,urban,1929,"{""sample_routes"":{""date"":""2026-09-14"",""run_id"":""e8d1f5b91b6f405ba6c0267da8ed117d""},""join_samples"":{""date"":""2026-09-14"",""run_id"":""a045e95393294f6cad1ab8807c001ca6""},""upload_data"":{""date"":""2026-09-14"",""run_id"":""c16ad7f93e1d46c2ae1ca883b048c216""}}"
1200,200,"43.4926874 , -79.66667100000001","43.8546915 , -79.6671723",urban-urban,urban,1930,"{""sample_routes"":{""date"":""2026-09-14"",""run_id"":""e8d1f5b91b6f405ba6c0267da8ed117d""},""join_samples"":{""date"":""2026-09-14"",""run_id"":""a045e95393294f6cad1ab8807c001ca6""},""upload_data"":{""date"":""2026-09-14"",""run_id"":""c16ad7f93e1d46c2ae1ca883b048c216""}}"
1201,201,"44.9676312 , -78.06805510000001","44.8829329 , -78.1524442",urban-urban,urban,1930,"{""sample_routes"":{""date"":""2026-09-14"",""run_id"":""e8d1f5b91b6f405ba6c0267da8ed117d""},""join_samples"":{""date"":""2026-09-14"",""run_id"":""a045e95393294f6cad1ab8807c001ca6""},""upload_data"":{""date"":""2026-09-14"",""run_id"":""c16ad7f93e1d46c2ae1ca883b048c216""}}"
1203,203,"46.3577923 , -83.56245510000001","46.4554844 , -83.65995190000001",urban-rural,urban,1669,"{""sample_routes"":{""date"":""2026-09-14"",""run_id"":""e8d1f5b91b6f405ba6c0267da8ed117d""},""join_samples"":{""date"":""2026-09-14"",""run_id"":""a045e95393294f6cad1ab8807c001ca6""},""upload_data"":{""date"":""2026-09-14"",""run_id"":""c16ad7f93e1d46c2ae1ca883b048c216""}}"
1204,204,"43.1781821 , -79.79927740000001","43.1776416 , -79.3507525",urban-rural,urban,1931,"{""sample_routes"":{""date"":""2026-09-14"",""run_id"":""e8d1f5b91b6f405ba6c0267da8ed117d""},""join_samples"":{""date"":""2026-09-14"",""run_id"":""a045e95393294f6cad1ab8807c001ca6""},""upload_data"":{""date"":""2026-09-14"",""run_id"":""c16ad7f93e1d46c2ae1ca883b048c216""}}"
1205,205,"43.6656338 , -79.4992151","43.9071275 , -79.49856150000001",urban-rural,urban,1931,"{""sample_routes"":{""date"":""2026-09-14"",""run_id"":""e8d1f5b91b6f405ba6c0267da8ed117d""},""join_samples"":{""date"":""2026-09-14"",""run_id"":""a045e95393294f6cad1ab8807c001ca6""},""upload_data"":{""date"":""2026-09-14"",""run_id"":""c16ad7f93e1d46c2ae1ca883b048c216""}}"
1210,210,"44.922784 , -77.8851503","45.0196927 , -77.98248380000001",urban-urban,urban,1665,"{""sample_routes"":{""date"":""2026-09-14"",""run_id"":""e8d1f5b91b6f405ba6c0267da8ed117d""},""join_samples"":{""date"":""2026-09-14"",""run_id"":""a045e95393294f6cad1ab8807c001ca6""},""upload_data"":{""date"":""2026-09-14"",""run_id"":""c16ad7f93e1d46c2ae1ca883b048c216""}}"
1214,214,"45.6563516 , -79.3474692","45.521358 , -79.48267100000001",urban-urban,urban,1939,"{""sample_routes"":{""date"":""2026-09-14"",""run_id"":""e8d1f5b91b6f405ba6c0267da8ed117d""},""join_samples"":{""date"":""2026-09-14"",""run_id"":""a045e95393294f6cad1ab8807c001ca6""},""upload_data"":{""date"":""2026-09-14"",""run_id"":""c16ad7f93e1d46c2ae1ca883b048c216""}}"
1215,215,"43.6077348 , -79.5292575","43.947687300000005 , -79.52963220000001",urban-rural,urban,1939,"{""sample_routes"":{""date"":""2026-09-14"",""run_id"":""e8d1f5b91b6f405ba6c0267da8ed117d""},""join_samples"":{""date"":""2026-09-14"",""run_id"":""a045e95393294f6cad1ab8807c001ca6""},""upload_data"":{""date"":""2026-09-14"",""run_id"":""c16ad7f93e1d46c2ae1ca883b048c216""}}"
1218,218,"43.6979016 , -79.50173380000001","43.8667427 , -79.6700414",urban-urban,urban,1659,"{""sample_routes"":{""date"":""2026-09-14"",""run_id"":""e8d1f5b91b6f405ba6c0267da8ed117d""},""join_samples"":{""date"":""2026-09-14"",""run_id"":""a045e95393294f6cad1ab8807c001ca6""},""upload_data"":{""date"":""2026-09-14"",""run_id"":""c16ad7f93e1d46c2ae1ca883b048c216""}}"
1219,219,"49.9579406 , -86.5151781","49.7932214 , -86.5157824",urban-rural,urban,1941,"{""sample_routes"":{""date"":""2026-09-14"",""run_id"":""e8d1f5b91b6f405ba6c0267da8ed117d""},""join_samples"":{""date"":""2026-09-14"",""run_id"":""a045e95393294f6cad1ab8807c001ca6""},""upload_data"":{""date"":""2026-09-14"",""run_id"":""c16ad7f93e1d46c2ae1ca883b048c216""}}"
1220,220,"43.6491112 , -79.36730390000001","43.855054100000004 , -79.5735985",urban-urban,urban,1942,"{""sample_routes"":{""date"":""2026-09-14"",""run_id"":""e8d1f5b91b6f405ba6c0267da8ed117d""},""join_samples"":{""date"":""2026-09-14"",""run_id"":""a045e95393294f6cad1ab8807c001ca6""},""upload_data"":{""date"":""2026-09-14"",""run_id"":""c16ad7f93e1d46c2ae1ca883b048c216""}}"
1223,223,"43.3341189 , -80.3241246","43.5188271 , -80.50907690000001",urban-rural,urban,1943,"{""sample_routes"":{""date"":""2026-09-14"",""run_id"":""e8d1f5b91b6f405ba6c0267da8ed117d""},""join_samples"":{""date"":""2026-09-14"",""run_id"":""a045e95393294f6cad1ab8807c001ca6""},""upload_data"":{""date"":""2026-09-14"",""run_id"":""c16ad7f93e1d46c2ae1ca883b048c216""}}"
1224,224,"43.9732848 , -79.41049290000001","43.6578711 , -79.4109258",rural-urban,urban,1944,"{""sample_routes"":{""date"":""2026-09-14"",""run_id"":""e8d1f5b91b6f405ba6c0267da8ed117d""},""join_samples"":{""date"":""2026-09-14"",""run_id"":""a045e95393294f6cad1ab8807c001ca6""},""upload_data"":{""date"":""2026-09-14"",""run_id"":""c16ad7f93e1d46c2ae1ca883b048c216""}}"
1225,225,"43.502115700000004 , -79.65404600000001","43.841641900000006 , -79.65458380000001",urban-urban,urban,1945,"{""sample_routes"":{""date"":""2026-09-14"",""run_id"":""e8d1f5b91b6f405ba6c0267da8ed117d""},""join_samples"":{""date"":""2026-09-14"",""run_id"":""a045e95393294f6cad1ab8807c001ca6""},""upload_data"":{""date"":""2026-09-14"",""run_id"":""c16ad7f93e1d46c2ae1ca883b048c216""}}"
1227,227,"43.7816819 , -79.5824958","43.929382100000005 , -79.43539530000001",urban-rural,urban,1652,"{""sample_routes"":{""date"":""2026-09-14"",""run_id"":""e8d1f5b91b6f405ba6c0267da8ed117d""},""join_samples"":{""date"":""2026-09-14"",""run_id"":""a045e95393294f6cad1ab8807c001ca6""},""upload_data"":{""date"":""2026-09-14"",""run_id"":""c16ad7f93e1d46c2ae1ca883b048c216""}}"
1228,228,"43.7982911 , -79.22323820000001","44.021531200000005 , -79.44639020000001",urban-urban,urban,1949,"{""sample_routes"":{""date"":""2026-09-14"",""run_id"":""e8d1f5b91b6f405ba6c0267da8ed117d""},""join_samples"":{""date"":""2026-09-14"",""run_id"":""a045e95393294f6cad1ab8807c001ca6""},""upload_data"":{""date"":""2026-09-14"",""run_id"":""c16ad7f93e1d46c2ae1ca883b048c216""}}"
1230,230,"44.6848328 , -79.4222482","44.835976900000006 , -79.4217531",urban-urban,urban,1950,"{""sample_routes"":{""date"":""2026-09-14"",""run_id"":""e8d1f5b91b6f405ba6c0267da8ed117d""},""join_samples"":{""date"":""2026-09-14"",""run_id"":""a045e95393294f6cad1ab8807c001ca6""},""upload_data"":{""date"":""2026-09-14"",""run_id"":""c16ad7f93e1d46c2ae1ca883b048c216""}}"
1231,231,"49.631942300000006 , -94.93088200000001","49.723884700000006 , -94.93030920000001",urban-urban,urban,1650,"{""sample_routes"":{""date"":""2026-09-14"",""run_id"":""e8d1f5b91b6f405ba6c0267da8ed117d""},""join_samples"":{""date"":""2026-09-14"",""run_id"":""a045e95393294f6cad1ab8807c001ca6""},""upload_data"":{""date"":""2026-09-14"",""run_id"":""c16ad7f93e1d46c2ae1ca883b048c216""}}"
1232,232,"45.493166900000006 , -75.480632","45.3436122 , -75.63070780000001",urban-urban,urban,1649,"{""sample_routes"":{""date"":""2026-09-14"",""run_id"":""e8d1f5b91b6f405ba6c0267da8ed117d""},""join_samples"":{""date"":""2026-09-14"",""run_id"":""a045e95393294f6cad1ab8807c001ca6""},""upload_data"":{""date"":""2026-09-14"",""run_id"":""c16ad7f93e1d46c2ae1ca883b048c216""}}"
1234,234,"48.3066095 , -81.3165365","48.434623 , -81.444711",urban-rural,urban,1951,"{""sample_routes"":{""date"":""2026-09-14"",""run_id"":""e8d1f5b91b6f405ba6c0267da8ed117d""},""join_samples"":{""date"":""2026-09-14"",""run_id"":""a045e95393294f6cad1ab8807c001ca6""},""upload_data"":{""date"":""2026-09-14"",""run_id"":""c16ad7f93e1d46c2ae1ca883b048c216""}}"
1238,238,"44.5582738 , -76.81256950000001","44.558707600000005 , -76.61194970000001",urban-urban,urban,1952,"{""sample_routes"":{""date"":""2026-09-14"",""run_id"":""e8d1f5b91b6f405ba6c0267da8ed117d""},""join_samples"":{""date"":""2026-09-14"",""run_id"":""a045e95393294f6cad1ab8807c001ca6""},""upload_data"":{""date"":""2026-09-14"",""run_id"":""c16ad7f93e1d46c2ae1ca883b048c216""}}"
1240,240,"43.6431083 , -79.55095","43.3419856 , -79.85165760000001",urban-urban,urban,1953,"{""sample_routes"":{""date"":""2026-09-14"",""run_id"":""e8d1f5b91b6f405ba6c0267da8ed117d""},""join_samples"":{""date"":""2026-09-14"",""run_id"":""a045e95393294f6cad1ab8807c001ca6""},""upload_data"":{""date"":""2026-09-14"",""run_id"":""c16ad7f93e1d46c2ae1ca883b048c216""}}"
1243,243,"45.770194100000005 , -79.644036","45.821607500000006 , -79.5927884",urban-urban,urban,1955,"{""sample_routes"":{""date"":""2026-09-14"",""run_id"":""e8d1f5b91b6f405ba6c0267da8ed117d""},""join_samples"":{""date"":""2026-09-14"",""run_id"":""a045e95393294f6cad1ab8807c001ca6""},""upload_data"":{""date"":""2026-09-14"",""run_id"":""c16ad7f93e1d46c2ae1ca883b048c216""}}"
1245,245,"43.920839900000004 , -79.4490138","43.8035822 , -79.5661118",urban-urban,urban,1643,"{""sample_routes"":{""date"":""2026-09-14"",""run_id"":""e8d1f5b91b6f405ba6c0267da8ed117d""},""join_samples"":{""date"":""2026-09-14"",""run_id"":""a045e95393294f6cad1ab8807c001ca6""},""upload_data"":{""date"":""2026-09-14"",""run_id"":""c16ad7f93e1d46c2ae1ca883b048c216""}}"
1246,246,"43.1923642 , -79.79297000000001","43.4180829 , -80.0192056",urban-rural,urban,1959,"{""sample_routes"":{""date"":""2026-09-14"",""run_id"":""e8d1f5b91b6f405ba6c0267da8ed117d""},""join_samples"":{""date"":""2026-09-14"",""run_id"":""a045e95393294f6cad1ab8807c001ca6""},""upload_data"":{""date"":""2026-09-14"",""run_id"":""c16ad7f93e1d46c2ae1ca883b048c216""}}"
1249,249,"48.3828636 , -89.3022507","48.5622288 , -89.30194390000001",urban-urban,urban,1637,"{""sample_routes"":{""date"":""2026-09-14"",""run_id"":""e8d1f5b91b6f405ba6c0267da8ed117d""},""join_samples"":{""date"":""2026-09-14"",""run_id"":""a045e95393294f6cad1ab8807c001ca6""},""upload_data"":{""date"":""2026-09-14"",""run_id"":""c16ad7f93e1d46c2ae1ca883b048c216""}}"
1251,251,"43.6989638 , -79.4569172","43.915790400000006 , -79.24008380000001",urban-rural,urban,1966,"{""sample_routes"":{""date"":""2026-09-14"",""run_id"":""e8d1f5b91b6f405ba6c0267da8ed117d""},""join_samples"":{""date"":""2026-09-14"",""run_id"":""a045e95393294f6cad1ab8807c001ca6""},""upload_data"":{""date"":""2026-09-14"",""run_id"":""c16ad7f93e1d46c2ae1ca883b048c216""}}"
1254,254,"49.549455200000004 , -85.8085094","49.4508876 , -85.7104968",urban-urban,urban,1633,"{""sample_routes"":{""date"":""2026-09-14"",""run_id"":""e8d1f5b91b6f405ba6c0267da8ed117d""},""join_samples"":{""date"":""2026-09-14"",""run_id"":""a045e95393294f6cad1ab8807c001ca6""},""upload_data"":{""date"":""2026-09-14"",""run_id"":""c16ad7f93e1d46c2ae1ca883b048c216""}}"
1260,260,"43.6961018 , -79.5327709","43.891378800000005 , -79.3369291",urban-urban,urban,1629,"{""sample_routes"":{""date"":""2026-09-14"",""run_id"":""e8d1f5b91b6f405ba6c0267da8ed117d""},""join_samples"":{""date"":""2026-09-14"",""run_id"":""a045e95393294f6cad1ab8807c001ca6""},""upload_data"":{""date"":""2026-09-14"",""run_id"":""c16ad7f93e1d46c2ae1ca883b048c216""}}"
1262,262,"44.758606 , -78.521725","44.842603600000004 , -78.43727030000001",urban-urban,urban,1628,"{""sample_routes"":{""date"":""2026-09-14"",""run_id"":""e8d1f5b91b6f405ba6c0267da8ed117d""},""join_samples"":{""date"":""2026-09-14"",""run_id"":""a045e95393294f6cad1ab8807c001ca6""},""upload_data"":{""date"":""2026-09-14"",""run_id"":""c16ad7f93e1d46c2ae1ca883b048c216""}}"
1263,263,"43.6708993 , -79.328108","43.857865700000005 , -79.51513630000001",urban-urban,urban,1973,"{""sample_routes"":{""date"":""2026-09-14"",""run_id"":""e8d1f5b91b6f405ba6c0267da8ed117d""},""join_samples"":{""date"":""2026-09-14"",""run_id"":""a045e95393294f6cad1ab8807c001ca6""},""upload_data"":{""date"":""2026-09-14"",""run_id"":""c16ad7f93e1d46c2ae1ca883b048c216""}}"
1264,264,"43.6586866 , -79.57026160000001","43.891378800000005 , -79.3369291",urban-urban,urban,1973,"{""sample_routes"":{""date"":""2026-09-14"",""run_id"":""e8d1f5b91b6f405ba6c0267da8ed117d""},""join_samples"":{""date"":""2026-09-14"",""run_id"":""a045e95393294f6cad1ab8807c001ca6""},""upload_data"":{""date"":""2026-09-14"",""run_id"":""c16ad7f93e1d46c2ae1ca883b048c216""}}"
1265,265,"45.0441541 , -76.7978277","44.8847456 , -76.9569036",urban-urban,urban,1974,"{""sample_routes"":{""date"":""2026-09-14"",""run_id"":""e8d1f5b91b6f405ba6c0267da8ed117d""},""join_samples"":{""date"":""2026-09-14"",""run_id"":""a045e95393294f6cad1ab8807c001ca6""},""upload_data"":{""date"":""2026-09-14"",""run_id"":""c16ad7f93e1d46c2ae1ca883b048c216""}}"
1267,267,"48.292641200000006 , -81.4880107","48.4176094 , -81.48756300000001",urban-rural,urban,1975,"{""sample_routes"":{""date"":""2026-09-14"",""run_id"":""e8d1f5b91b6f405ba6c0267da8ed117d""},""join_samples"":{""date"":""2026-09-14"",""run_id"":""a045e95393294f6cad1ab8807c001ca6""},""upload_data"":{""date"":""2026-09-14"",""run_id"":""c16ad7f93e1d46c2ae1ca883b048c216""}}"
1270,270,"45.3554303 , -75.9371674","45.3556183 , -75.6296447",urban-urban,urban,1975,"{""sample_routes"":{""date"":""2026-09-14"",""run_id"":""e8d1f5b91b6f405ba6c0267da8ed117d""},""join_samples"":{""date"":""2026-09-14"",""run_id"":""a045e95393294f6cad1ab8807c001ca6""},""upload_data"":{""date"":""2026-09-14"",""run_id"":""c16ad7f93e1d46c2ae1ca883b048c216""}}"
1272,272,"43.7783205 , -79.32023410000001","43.594883 , -79.5038222",urban-urban,urban,1623,"{""sample_routes"":{""date"":""2026-09-14"",""run_id"":""e8d1f5b91b6f405ba6c0267da8ed117d""},""join_samples"":{""date"":""2026-09-14"",""run_id"":""a045e95393294f6cad1ab8807c001ca6""},""upload_data"":{""date"":""2026-09-14"",""run_id"":""c16ad7f93e1d46c2ae1ca883b048c216""}}"
1276,276,"43.819432500000005 , -79.56727640000001","43.56378 , -79.5667262",urban-urban,urban,1620,"{""sample_routes"":{""date"":""2026-09-14"",""run_id"":""e8d1f5b91b6f405ba6c0267da8ed117d""},""join_samples"":{""date"":""2026-09-14"",""run_id"":""a045e95393294f6cad1ab8807c001ca6""},""upload_data"":{""date"":""2026-09-14"",""run_id"":""c16ad7f93e1d46c2ae1ca883b048c216""}}"
1277,277,"43.852561300000005 , -79.5046799","43.637075 , -79.50407200000001",urban-urban,urban,1981,"{""sample_routes"":{""date"":""2026-09-14"",""run_id"":""e8d1f5b91b6f405ba6c0267da8ed117d""},""join_samples"":{""date"":""2026-09-14"",""run_id"":""a045e95393294f6cad1ab8807c001ca6""},""upload_data"":{""date"":""2026-09-14"",""run_id"":""c16ad7f93e1d46c2ae1ca883b048c216""}}"
1278,278,"43.650741700000005 , -79.4708092","43.837150300000005 , -79.6568227",urban-urban,urban,1619,"{""sample_routes"":{""date"":""2026-09-14"",""run_id"":""e8d1f5b91b6f405ba6c0267da8ed117d""},""join_samples"":{""date"":""2026-09-14"",""run_id"":""a045e95393294f6cad1ab8807c001ca6""},""upload_data"":{""date"":""2026-09-14"",""run_id"":""c16ad7f93e1d46c2ae1ca883b048c216""}}"
1279,279,"43.484527400000005 , -79.74901960000001","43.767400800000004 , -79.46658570000001",urban-urban,urban,1981,"{""sample_routes"":{""date"":""2026-09-14"",""run_id"":""e8d1f5b91b6f405ba6c0267da8ed117d""},""join_samples"":{""date"":""2026-09-14"",""run_id"":""a045e95393294f6cad1ab8807c001ca6""},""upload_data"":{""date"":""2026-09-14"",""run_id"":""c16ad7f93e1d46c2ae1ca883b048c216""}}"
1281,281,"43.8379355 , -79.2560571","43.8379275 , -79.6188071",urban-urban,urban,1981,"{""sample_routes"":{""date"":""2026-09-14"",""run_id"":""e8d1f5b91b6f405ba6c0267da8ed117d""},""join_samples"":{""date"":""2026-09-14"",""run_id"":""a045e95393294f6cad1ab8807c001ca6""},""upload_data"":{""date"":""2026-09-14"",""run_id"":""c16ad7f93e1d46c2ae1ca883b048c216""}}"
1282,282,"44.1044867 , -77.58049240000001","44.0021056 , -77.6827457",urban-urban,urban,1619,"{""sample_routes"":{""date"":""2026-09-14"",""run_id"":""e8d1f5b91b6f405ba6c0267da8ed117d""},""join_samples"":{""date"":""2026-09-14"",""run_id"":""a045e95393294f6cad1ab8807c001ca6""},""upload_data"":{""date"":""2026-09-14"",""run_id"":""c16ad7f93e1d46c2ae1ca883b048c216""}}"
1284,284,"43.3808384 , -79.75215990000001","43.179985200000004 , -79.7520801",urban-rural,urban,1618,"{""sample_routes"":{""date"":""2026-09-14"",""run_id"":""e8d1f5b91b6f405ba6c0267da8ed117d""},""join_samples"":{""date"":""2026-09-14"",""run_id"":""a045e95393294f6cad1ab8807c001ca6""},""upload_data"":{""date"":""2026-09-14"",""run_id"":""c16ad7f93e1d46c2ae1ca883b048c216""}}"
1286,286,"44.7710943 , -77.0132786","44.844059800000004 , -77.0126054",urban-urban,urban,1983,"{""sample_routes"":{""date"":""2026-09-14"",""run_id"":""e8d1f5b91b6f405ba6c0267da8ed117d""},""join_samples"":{""date"":""2026-09-14"",""run_id"":""a045e95393294f6cad1ab8807c001ca6""},""upload_data"":{""date"":""2026-09-14"",""run_id"":""c16ad7f93e1d46c2ae1ca883b048c216""}}"
1287,287,"43.858564900000005 , -79.2888387","43.8590175 , -79.6251289",urban-urban,urban,1984,"{""sample_routes"":{""date"":""2026-09-14"",""run_id"":""e8d1f5b91b6f405ba6c0267da8ed117d""},""join_samples"":{""date"":""2026-09-14"",""run_id"":""a045e95393294f6cad1ab8807c001ca6""},""upload_data"":{""date"":""2026-09-14"",""run_id"":""c16ad7f93e1d46c2ae1ca883b048c216""}}"
1289,289,"43.2613235 , -79.894081","43.5927115 , -79.5625835",urban-urban,urban,1986,"{""sample_routes"":{""date"":""2026-09-14"",""run_id"":""e8d1f5b91b6f405ba6c0267da8ed117d""},""join_samples"":{""date"":""2026-09-14"",""run_id"":""a045e95393294f6cad1ab8807c001ca6""},""upload_data"":{""date"":""2026-09-14"",""run_id"":""c16ad7f93e1d46c2ae1ca883b048c216""}}"
1290,290,"43.7505036 , -79.7409633","43.5708659 , -79.5614977",urban-urban,urban,1614,"{""sample_routes"":{""date"":""2026-09-14"",""run_id"":""e8d1f5b91b6f405ba6c0267da8ed117d""},""join_samples"":{""date"":""2026-09-14"",""run_id"":""a045e95393294f6cad1ab8807c001ca6""},""upload_data"":{""date"":""2026-09-14"",""run_id"":""c16ad7f93e1d46c2ae1ca883b048c216""}}"
1292,292,"44.9401069 , -77.92312670000001","44.7991637 , -78.0645123",urban-urban,urban,1986,"{""sample_routes"":{""date"":""2026-09-14"",""run_id"":""e8d1f5b91b6f405ba6c0267da8ed117d""},""join_samples"":{""date"":""2026-09-14"",""run_id"":""a045e95393294f6cad1ab8807c001ca6""},""upload_data"":{""date"":""2026-09-14"",""run_id"":""c16ad7f93e1d46c2ae1ca883b048c216""}}"
1293,293,"45.323221100000005 , -77.5148952","45.2050161 , -77.6324925",urban-urban,urban,1612,"{""sample_routes"":{""date"":""2026-09-14"",""run_id"":""e8d1f5b91b6f405ba6c0267da8ed117d""},""join_samples"":{""date"":""2026-09-14"",""run_id"":""a045e95393294f6cad1ab8807c001ca6""},""upload_data"":{""date"":""2026-09-14"",""run_id"":""c16ad7f93e1d46c2ae1ca883b048c216""}}"
1296,296,"45.2265688 , -77.7381766","45.096673200000005 , -77.8675221",urban-urban,urban,1991,"{""sample_routes"":{""date"":""2026-09-14"",""run_id"":""e8d1f5b91b6f405ba6c0267da8ed117d""},""join_samples"":{""date"":""2026-09-14"",""run_id"":""a045e95393294f6cad1ab8807c001ca6""},""upload_data"":{""date"":""2026-09-14"",""run_id"":""c16ad7f93e1d46c2ae1ca883b048c216""}}"
1302,302,"43.660415900000004 , -79.39057030000001","43.8578932 , -79.5879508",urban-urban,urban,1995,"{""sample_routes"":{""date"":""2026-09-14"",""run_id"":""e8d1f5b91b6f405ba6c0267da8ed117d""},""join_samples"":{""date"":""2026-09-14"",""run_id"":""a045e95393294f6cad1ab8807c001ca6""},""upload_data"":{""date"":""2026-09-14"",""run_id"":""c16ad7f93e1d46c2ae1ca883b048c216""}}"
1306,306,"43.630170400000004 , -79.8936613","43.7831247 , -79.741034",urban-urban,urban,1997,"{""sample_routes"":{""date"":""2026-09-14"",""run_id"":""e8d1f5b91b6f405ba6c0267da8ed117d""},""join_samples"":{""date"":""2026-09-14"",""run_id"":""a045e95393294f6cad1ab8807c001ca6""},""upload_data"":{""date"":""2026-09-14"",""run_id"":""c16ad7f93e1d46c2ae1ca883b048c216""}}"
1312,312,"43.3955812 , -80.5417256","43.5985807 , -80.54196110000001",urban-rural,urban,1599,"{""sample_routes"":{""date"":""2026-09-14"",""run_id"":""e8d1f5b91b6f405ba6c0267da8ed117d""},""join_samples"":{""date"":""2026-09-14"",""run_id"":""a045e95393294f6cad1ab8807c001ca6""},""upload_data"":{""date"":""2026-09-14"",""run_id"":""c16ad7f93e1d46c2ae1ca883b048c216""}}"
1313,313,"46.2116162 , -80.56004","46.104221700000004 , -80.6671333",urban-rural,urban,1599,"{""sample_routes"":{""date"":""2026-09-14"",""run_id"":""e8d1f5b91b6f405ba6c0267da8ed117d""},""join_samples"":{""date"":""2026-09-14"",""run_id"":""a045e95393294f6cad1ab8807c001ca6""},""upload_data"":{""date"":""2026-09-14"",""run_id"":""c16ad7f93e1d46c2ae1ca883b048c216""}}"
1318,318,"43.8306659 , -79.5768482","43.831330900000005 , -79.22910610000001",urban-urban,urban,2004,"{""sample_routes"":{""date"":""2026-09-14"",""run_id"":""e8d1f5b91b6f405ba6c0267da8ed117d""},""join_samples"":{""date"":""2026-09-14"",""run_id"":""a045e95393294f6cad1ab8807c001ca6""},""upload_data"":{""date"":""2026-09-14"",""run_id"":""c16ad7f93e1d46c2ae1ca883b048c216""}}"
1322,322,"43.8180817 , -79.2720546","43.8174664 , -79.61060930000001",urban-urban,urban,2008,"{""sample_routes"":{""date"":""2026-09-14"",""run_id"":""e8d1f5b91b6f405ba6c0267da8ed117d""},""join_samples"":{""date"":""2026-09-14"",""run_id"":""a045e95393294f6cad1ab8807c001ca6""},""upload_data"":{""date"":""2026-09-14"",""run_id"":""c16ad7f93e1d46c2ae1ca883b048c216""}}"
1323,323,"44.938816 , -77.92118450000001","45.0392175 , -77.8210353",urban-urban,urban,2008,"{""sample_routes"":{""date"":""2026-09-14"",""run_id"":""e8d1f5b91b6f405ba6c0267da8ed117d""},""join_samples"":{""date"":""2026-09-14"",""run_id"":""a045e95393294f6cad1ab8807c001ca6""},""upload_data"":{""date"":""2026-09-14"",""run_id"":""c16ad7f93e1d46c2ae1ca883b048c216""}}"
1325,325,"47.9950722 , -81.842601","48.099173 , -81.9473344",urban-urban,urban,2008,"{""sample_routes"":{""date"":""2026-09-14"",""run_id"":""e8d1f5b91b6f405ba6c0267da8ed117d""},""join_samples"":{""date"":""2026-09-14"",""run_id"":""a045e95393294f6cad1ab8807c001ca6""},""upload_data"":{""date"":""2026-09-14"",""run_id"":""c16ad7f93e1d46c2ae1ca883b048c216""}}"
1326,326,"43.795295800000005 , -79.22666720000001","43.9184363 , -79.2260517",urban-rural,urban,1592,"{""sample_routes"":{""date"":""2026-09-14"",""run_id"":""e8d1f5b91b6f405ba6c0267da8ed117d""},""join_samples"":{""date"":""2026-09-14"",""run_id"":""a045e95393294f6cad1ab8807c001ca6""},""upload_data"":{""date"":""2026-09-14"",""run_id"":""c16ad7f93e1d46c2ae1ca883b048c216""}}"
1328,328,"44.887619300000004 , -78.802063","44.787385300000004 , -78.80207440000001",urban-urban,urban,1591,"{""sample_routes"":{""date"":""2026-09-14"",""run_id"":""e8d1f5b91b6f405ba6c0267da8ed117d""},""join_samples"":{""date"":""2026-09-14"",""run_id"":""a045e95393294f6cad1ab8807c001ca6""},""upload_data"":{""date"":""2026-09-14"",""run_id"":""c16ad7f93e1d46c2ae1ca883b048c216""}}"
1329,329,"46.2387652 , -83.157078","46.325465200000004 , -83.1574839",urban-urban,urban,1590,"{""sample_routes"":{""date"":""2026-09-14"",""run_id"":""e8d1f5b91b6f405ba6c0267da8ed117d""},""join_samples"":{""date"":""2026-09-14"",""run_id"":""a045e95393294f6cad1ab8807c001ca6""},""upload_data"":{""date"":""2026-09-14"",""run_id"":""c16ad7f93e1d46c2ae1ca883b048c216""}}"
1331,331,"46.2272897 , -79.1972044","46.1401826 , -79.1970206",urban-urban,urban,1590,"{""sample_routes"":{""date"":""2026-09-14"",""run_id"":""e8d1f5b91b6f405ba6c0267da8ed117d""},""join_samples"":{""date"":""2026-09-14"",""run_id"":""a045e95393294f6cad1ab8807c001ca6""},""upload_data"":{""date"":""2026-09-14"",""run_id"":""c16ad7f93e1d46c2ae1ca883b048c216""}}"
1332,332,"43.6354181 , -79.94979000000001","43.761898900000006 , -79.8232649",urban-urban,urban,1590,"{""sample_routes"":{""date"":""2026-09-14"",""run_id"":""e8d1f5b91b6f405ba6c0267da8ed117d""},""join_samples"":{""date"":""2026-09-14"",""run_id"":""a045e95393294f6cad1ab8807c001ca6""},""upload_data"":{""date"":""2026-09-14"",""run_id"":""c16ad7f93e1d46c2ae1ca883b048c216""}}"
1335,335,"43.6964934 , -79.4685249","43.9110833 , -79.2543843",urban-urban,urban,2011,"{""sample_routes"":{""date"":""2026-09-14"",""run_id"":""e8d1f5b91b6f405ba6c0267da8ed117d""},""join_samples"":{""date"":""2026-09-14"",""run_id"":""a045e95393294f6cad1ab8807c001ca6""},""upload_data"":{""date"":""2026-09-14"",""run_id"":""c16ad7f93e1d46c2ae1ca883b048c216""}}"
1337,337,"45.134337300000006 , -77.76485790000001","45.0154289 , -77.8832084",urban-urban,urban,1588,"{""sample_routes"":{""date"":""2026-09-14"",""run_id"":""e8d1f5b91b6f405ba6c0267da8ed117d""},""join_samples"":{""date"":""2026-09-14"",""run_id"":""a045e95393294f6cad1ab8807c001ca6""},""upload_data"":{""date"":""2026-09-14"",""run_id"":""c16ad7f93e1d46c2ae1ca883b048c216""}}"
1339,339,"43.8685011 , -78.84919930000001","43.868343800000005 , -79.1587332",urban-rural,urban,1586,"{""sample_routes"":{""date"":""2026-09-14"",""run_id"":""e8d1f5b91b6f405ba6c0267da8ed117d""},""join_samples"":{""date"":""2026-09-14"",""run_id"":""a045e95393294f6cad1ab8807c001ca6""},""upload_data"":{""date"":""2026-09-14"",""run_id"":""c16ad7f93e1d46c2ae1ca883b048c216""}}"
1343,343,"43.851206700000006 , -79.3253811","43.7346651 , -79.2090161",urban-urban,urban,1584,"{""sample_routes"":{""date"":""2026-09-14"",""run_id"":""e8d1f5b91b6f405ba6c0267da8ed117d""},""join_samples"":{""date"":""2026-09-14"",""run_id"":""a045e95393294f6cad1ab8807c001ca6""},""upload_data"":{""date"":""2026-09-14"",""run_id"":""c16ad7f93e1d46c2ae1ca883b048c216""}}"
1346,346,"44.863952600000005 , -77.0004256","44.812943100000005 , -77.05084120000001",urban-urban,urban,1584,"{""sample_routes"":{""date"":""2026-09-14"",""run_id"":""e8d1f5b91b6f405ba6c0267da8ed117d""},""join_samples"":{""date"":""2026-09-14"",""run_id"":""a045e95393294f6cad1ab8807c001ca6""},""upload_data"":{""date"":""2026-09-14"",""run_id"":""c16ad7f93e1d46c2ae1ca883b048c216""}}"
1349,349,"43.3667627 , -79.78824630000001","43.670944000000006 , -79.4836626",urban-urban,urban,2017,"{""sample_routes"":{""date"":""2026-09-14"",""run_id"":""e8d1f5b91b6f405ba6c0267da8ed117d""},""join_samples"":{""date"":""2026-09-14"",""run_id"":""a045e95393294f6cad1ab8807c001ca6""},""upload_data"":{""date"":""2026-09-14"",""run_id"":""c16ad7f93e1d46c2ae1ca883b048c216""}}"
1350,350,"43.6729046 , -79.3587371","43.8544769 , -79.17773910000001",urban-urban,urban,1582,"{""sample_routes"":{""date"":""2026-09-14"",""run_id"":""e8d1f5b91b6f405ba6c0267da8ed117d""},""join_samples"":{""date"":""2026-09-14"",""run_id"":""a045e95393294f6cad1ab8807c001ca6""},""upload_data"":{""date"":""2026-09-14"",""run_id"":""c16ad7f93e1d46c2ae1ca883b048c216""}}"
1351,351,"42.3268366 , -82.89618460000001","42.129830000000005 , -83.09278520000001",urban-urban,urban,2018,"{""sample_routes"":{""date"":""2026-09-14"",""run_id"":""e8d1f5b91b6f405ba6c0267da8ed117d""},""join_samples"":{""date"":""2026-09-14"",""run_id"":""a045e95393294f6cad1ab8807c001ca6""},""upload_data"":{""date"":""2026-09-14"",""run_id"":""c16ad7f93e1d46c2ae1ca883b048c216""}}"
1352,352,"43.6018003 , -79.6439988","43.9089472 , -79.643634",urban-urban,urban,2018,"{""sample_routes"":{""date"":""2026-09-14"",""run_id"":""e8d1f5b91b6f405ba6c0267da8ed117d""},""join_samples"":{""date"":""2026-09-14"",""run_id"":""a045e95393294f6cad1ab8807c001ca6""},""upload_data"":{""date"":""2026-09-14"",""run_id"":""c16ad7f93e1d46c2ae1ca883b048c216""}}"
1353,353,"44.025137300000004 , -79.47248450000001","43.7865885 , -79.4729714",urban-urban,urban,2018,"{""sample_routes"":{""date"":""2026-09-14"",""run_id"":""e8d1f5b91b6f405ba6c0267da8ed117d""},""join_samples"":{""date"":""2026-09-14"",""run_id"":""a045e95393294f6cad1ab8807c001ca6""},""upload_data"":{""date"":""2026-09-14"",""run_id"":""c16ad7f93e1d46c2ae1ca883b048c216""}}"
1354,354,"48.2961065 , -81.4918864","48.2962974 , -81.4086573",urban-urban,urban,2019,"{""sample_routes"":{""date"":""2026-09-14"",""run_id"":""e8d1f5b91b6f405ba6c0267da8ed117d""},""join_samples"":{""date"":""2026-09-14"",""run_id"":""a045e95393294f6cad1ab8807c001ca6""},""upload_data"":{""date"":""2026-09-14"",""run_id"":""c16ad7f93e1d46c2ae1ca883b048c216""}}"
1356,356,"43.7293789 , -79.4471369","43.8966883 , -79.2797898",urban-urban,urban,1580,"{""sample_routes"":{""date"":""2026-09-14"",""run_id"":""e8d1f5b91b6f405ba6c0267da8ed117d""},""join_samples"":{""date"":""2026-09-14"",""run_id"":""a045e95393294f6cad1ab8807c001ca6""},""upload_data"":{""date"":""2026-09-14"",""run_id"":""c16ad7f93e1d46c2ae1ca883b048c216""}}"
1357,357,"43.632978800000004 , -79.61678","43.898557800000006 , -79.3516549",urban-urban,urban,2021,"{""sample_routes"":{""date"":""2026-09-14"",""run_id"":""e8d1f5b91b6f405ba6c0267da8ed117d""},""join_samples"":{""date"":""2026-09-14"",""run_id"":""a045e95393294f6cad1ab8807c001ca6""},""upload_data"":{""date"":""2026-09-14"",""run_id"":""c16ad7f93e1d46c2ae1ca883b048c216""}}"
1358,358,"43.6306251 , -79.5779761","43.3069238 , -79.9020296",urban-urban,urban,2021,"{""sample_routes"":{""date"":""2026-09-14"",""run_id"":""e8d1f5b91b6f405ba6c0267da8ed117d""},""join_samples"":{""date"":""2026-09-14"",""run_id"":""a045e95393294f6cad1ab8807c001ca6""},""upload_data"":{""date"":""2026-09-14"",""run_id"":""c16ad7f93e1d46c2ae1ca883b048c216""}}"
1360,360,"49.5807951 , -91.18705840000001","49.7223343 , -91.1874945",urban-urban,urban,2024,"{""sample_routes"":{""date"":""2026-09-14"",""run_id"":""e8d1f5b91b6f405ba6c0267da8ed117d""},""join_samples"":{""date"":""2026-09-14"",""run_id"":""a045e95393294f6cad1ab8807c001ca6""},""upload_data"":{""date"":""2026-09-14"",""run_id"":""c16ad7f93e1d46c2ae1ca883b048c216""}}"
1362,362,"43.7626762 , -79.7297365","43.762565900000006 , -79.3147574",urban-urban,urban,2025,"{""sample_routes"":{""date"":""2026-09-14"",""run_id"":""e8d1f5b91b6f405ba6c0267da8ed117d""},""join_samples"":{""date"":""2026-09-14"",""run_id"":""a045e95393294f6cad1ab8807c001ca6""},""upload_data"":{""date"":""2026-09-14"",""run_id"":""c16ad7f93e1d46c2ae1ca883b048c216""}}"
1363,363,"43.4445697 , -79.7042315","43.7735373 , -79.3748303",urban-urban,urban,2025,"{""sample_routes"":{""date"":""2026-09-14"",""run_id"":""e8d1f5b91b6f405ba6c0267da8ed117d""},""join_samples"":{""date"":""2026-09-14"",""run_id"":""a045e95393294f6cad1ab8807c001ca6""},""upload_data"":{""date"":""2026-09-14"",""run_id"":""c16ad7f93e1d46c2ae1ca883b048c216""}}"
1367,367,"43.479997000000004 , -79.7453917","43.7657192 , -79.4600625",urban-urban,urban,2029,"{""sample_routes"":{""date"":""2026-09-14"",""run_id"":""e8d1f5b91b6f405ba6c0267da8ed117d""},""join_samples"":{""date"":""2026-09-14"",""run_id"":""a045e95393294f6cad1ab8807c001ca6""},""upload_data"":{""date"":""2026-09-14"",""run_id"":""c16ad7f93e1d46c2ae1ca883b048c216""}}"
1369,369,"42.1051027 , -83.0934914","42.3191999 , -82.8790549",urban-urban,urban,2029,"{""sample_routes"":{""date"":""2026-09-14"",""run_id"":""e8d1f5b91b6f405ba6c0267da8ed117d""},""join_samples"":{""date"":""2026-09-14"",""run_id"":""a045e95393294f6cad1ab8807c001ca6""},""upload_data"":{""date"":""2026-09-14"",""run_id"":""c16ad7f93e1d46c2ae1ca883b048c216""}}"
1373,373,"43.4407529 , -79.7150824","43.7648785 , -79.3916154",urban-urban,urban,2030,"{""sample_routes"":{""date"":""2026-09-14"",""run_id"":""e8d1f5b91b6f405ba6c0267da8ed117d""},""join_samples"":{""date"":""2026-09-14"",""run_id"":""a045e95393294f6cad1ab8807c001ca6""},""upload_data"":{""date"":""2026-09-14"",""run_id"":""c16ad7f93e1d46c2ae1ca883b048c216""}}"
1376,376,"43.9525303 , -79.3049896","43.692681500000006 , -79.5653537",rural-urban,urban,2031,"{""sample_routes"":{""date"":""2026-09-14"",""run_id"":""e8d1f5b91b6f405ba6c0267da8ed117d""},""join_samples"":{""date"":""2026-09-14"",""run_id"":""a045e95393294f6cad1ab8807c001ca6""},""upload_data"":{""date"":""2026-09-14"",""run_id"":""c16ad7f93e1d46c2ae1ca883b048c216""}}"
1377,377,"43.7110837 , -79.37704240000001","43.711662000000004 , -79.7927229",urban-urban,urban,2032,"{""sample_routes"":{""date"":""2026-09-14"",""run_id"":""e8d1f5b91b6f405ba6c0267da8ed117d""},""join_samples"":{""date"":""2026-09-14"",""run_id"":""a045e95393294f6cad1ab8807c001ca6""},""upload_data"":{""date"":""2026-09-14"",""run_id"":""c16ad7f93e1d46c2ae1ca883b048c216""}}"
1378,378,"43.667394300000005 , -79.3685981","43.9607632 , -79.36894740000001",urban-urban,urban,1568,"{""sample_routes"":{""date"":""2026-09-14"",""run_id"":""e8d1f5b91b6f405ba6c0267da8ed117d""},""join_samples"":{""date"":""2026-09-14"",""run_id"":""a045e95393294f6cad1ab8807c001ca6""},""upload_data"":{""date"":""2026-09-14"",""run_id"":""c16ad7f93e1d46c2ae1ca883b048c216""}}"
1382,382,"48.5448948 , -89.59001210000001","48.6789253 , -89.4559072",urban-urban,urban,2034,"{""sample_routes"":{""date"":""2026-09-14"",""run_id"":""e8d1f5b91b6f405ba6c0267da8ed117d""},""join_samples"":{""date"":""2026-09-14"",""run_id"":""a045e95393294f6cad1ab8807c001ca6""},""upload_data"":{""date"":""2026-09-14"",""run_id"":""c16ad7f93e1d46c2ae1ca883b048c216""}}"
1383,383,"48.678330200000005 , -89.5184431","48.529234300000006 , -89.51850060000001",urban-urban,urban,2035,"{""sample_routes"":{""date"":""2026-09-14"",""run_id"":""e8d1f5b91b6f405ba6c0267da8ed117d""},""join_samples"":{""date"":""2026-09-14"",""run_id"":""a045e95393294f6cad1ab8807c001ca6""},""upload_data"":{""date"":""2026-09-14"",""run_id"":""c16ad7f93e1d46c2ae1ca883b048c216""}}"
1384,384,"44.642467800000006 , -76.78540530000001","44.4921426 , -76.93585060000001",rural-urban,urban,2036,"{""sample_routes"":{""date"":""2026-09-14"",""run_id"":""e8d1f5b91b6f405ba6c0267da8ed117d""},""join_samples"":{""date"":""2026-09-14"",""run_id"":""a045e95393294f6cad1ab8807c001ca6""},""upload_data"":{""date"":""2026-09-14"",""run_id"":""c16ad7f93e1d46c2ae1ca883b048c216""}}"
1385,385,"43.5762213 , -79.639059","43.7631311 , -79.82558230000001",urban-urban,urban,1564,"{""sample_routes"":{""date"":""2026-09-14"",""run_id"":""e8d1f5b91b6f405ba6c0267da8ed117d""},""join_samples"":{""date"":""2026-09-14"",""run_id"":""a045e95393294f6cad1ab8807c001ca6""},""upload_data"":{""date"":""2026-09-14"",""run_id"":""c16ad7f93e1d46c2ae1ca883b048c216""}}"
1386,386,"43.728661100000004 , -79.5140277","43.8542567 , -79.63986840000001",urban-urban,urban,1563,"{""sample_routes"":{""date"":""2026-09-14"",""run_id"":""e8d1f5b91b6f405ba6c0267da8ed117d""},""join_samples"":{""date"":""2026-09-14"",""run_id"":""a045e95393294f6cad1ab8807c001ca6""},""upload_data"":{""date"":""2026-09-14"",""run_id"":""c16ad7f93e1d46c2ae1ca883b048c216""}}"
1388,388,"43.86397 , -79.21758","43.653097700000004 , -79.4288034",urban-urban,urban,2037,"{""sample_routes"":{""date"":""2026-09-14"",""run_id"":""e8d1f5b91b6f405ba6c0267da8ed117d""},""join_samples"":{""date"":""2026-09-14"",""run_id"":""a045e95393294f6cad1ab8807c001ca6""},""upload_data"":{""date"":""2026-09-14"",""run_id"":""c16ad7f93e1d46c2ae1ca883b048c216""}}"
1389,389,"43.683527500000004 , -79.8443962","43.6829722 , -79.4931581",urban-urban,urban,2037,"{""sample_routes"":{""date"":""2026-09-14"",""run_id"":""e8d1f5b91b6f405ba6c0267da8ed117d""},""join_samples"":{""date"":""2026-09-14"",""run_id"":""a045e95393294f6cad1ab8807c001ca6""},""upload_data"":{""date"":""2026-09-14"",""run_id"":""c16ad7f93e1d46c2ae1ca883b048c216""}}"
1390,390,"45.106227700000005 , -77.8787678","45.257287000000005 , -77.7272471",urban-rural,urban,2037,"{""sample_routes"":{""date"":""2026-09-14"",""run_id"":""e8d1f5b91b6f405ba6c0267da8ed117d""},""join_samples"":{""date"":""2026-09-14"",""run_id"":""a045e95393294f6cad1ab8807c001ca6""},""upload_data"":{""date"":""2026-09-14"",""run_id"":""c16ad7f93e1d46c2ae1ca883b048c216""}}"
1391,391,"43.7321697 , -79.2680335","43.732728900000005 , -79.6972123",urban-urban,urban,2037,"{""sample_routes"":{""date"":""2026-09-14"",""run_id"":""e8d1f5b91b6f405ba6c0267da8ed117d""},""join_samples"":{""date"":""2026-09-14"",""run_id"":""a045e95393294f6cad1ab8807c001ca6""},""upload_data"":{""date"":""2026-09-14"",""run_id"":""c16ad7f93e1d46c2ae1ca883b048c216""}}"
1394,394,"43.84516 , -79.47233","44.046778 , -79.4723608",urban-urban,urban,2038,"{""sample_routes"":{""date"":""2026-09-14"",""run_id"":""e8d1f5b91b6f405ba6c0267da8ed117d""},""join_samples"":{""date"":""2026-09-14"",""run_id"":""a045e95393294f6cad1ab8807c001ca6""},""upload_data"":{""date"":""2026-09-14"",""run_id"":""c16ad7f93e1d46c2ae1ca883b048c216""}}"
1396,396,"43.844170000000005 , -79.55457","43.843889000000004 , -79.07080110000001",urban-urban,urban,2039,"{""sample_routes"":{""date"":""2026-09-14"",""run_id"":""e8d1f5b91b6f405ba6c0267da8ed117d""},""join_samples"":{""date"":""2026-09-14"",""run_id"":""a045e95393294f6cad1ab8807c001ca6""},""upload_data"":{""date"":""2026-09-14"",""run_id"":""c16ad7f93e1d46c2ae1ca883b048c216""}}"
1397,397,"44.0408927 , -79.4550427","43.693422000000005 , -79.4554418",urban-urban,urban,2040,"{""sample_routes"":{""date"":""2026-09-14"",""run_id"":""e8d1f5b91b6f405ba6c0267da8ed117d""},""join_samples"":{""date"":""2026-09-14"",""run_id"":""a045e95393294f6cad1ab8807c001ca6""},""upload_data"":{""date"":""2026-09-14"",""run_id"":""c16ad7f93e1d46c2ae1ca883b048c216""}}"
1402,402,"43.8930032 , -79.2475879","43.6747931 , -79.46620870000001",urban-urban,urban,2042,"{""sample_routes"":{""date"":""2026-09-14"",""run_id"":""e8d1f5b91b6f405ba6c0267da8ed117d""},""join_samples"":{""date"":""2026-09-14"",""run_id"":""a045e95393294f6cad1ab8807c001ca6""},""upload_data"":{""date"":""2026-09-14"",""run_id"":""c16ad7f93e1d46c2ae1ca883b048c216""}}"
1405,405,"43.7174982 , -79.72472540000001","43.386214800000005 , -79.7243399",urban-urban,urban,2042,"{""sample_routes"":{""date"":""2026-09-14"",""run_id"":""e8d1f5b91b6f405ba6c0267da8ed117d""},""join_samples"":{""date"":""2026-09-14"",""run_id"":""a045e95393294f6cad1ab8807c001ca6""},""upload_data"":{""date"":""2026-09-14"",""run_id"":""c16ad7f93e1d46c2ae1ca883b048c216""}}"
1408,408,"43.7298114 , -79.70987840000001","43.4080662 , -79.7092339",urban-urban,urban,2043,"{""sample_routes"":{""date"":""2026-09-14"",""run_id"":""e8d1f5b91b6f405ba6c0267da8ed117d""},""join_samples"":{""date"":""2026-09-14"",""run_id"":""a045e95393294f6cad1ab8807c001ca6""},""upload_data"":{""date"":""2026-09-14"",""run_id"":""c16ad7f93e1d46c2ae1ca883b048c216""}}"
1409,409,"43.6381707 , -79.57408930000001","43.3788409 , -79.8328244",urban-urban,urban,2043,"{""sample_routes"":{""date"":""2026-09-14"",""run_id"":""e8d1f5b91b6f405ba6c0267da8ed117d""},""join_samples"":{""date"":""2026-09-14"",""run_id"":""a045e95393294f6cad1ab8807c001ca6""},""upload_data"":{""date"":""2026-09-14"",""run_id"":""c16ad7f93e1d46c2ae1ca883b048c216""}}"
1411,411,"43.707721400000004 , -79.44064610000001","43.410691400000005 , -79.737055",urban-urban,urban,2047,"{""sample_routes"":{""date"":""2026-09-14"",""run_id"":""e8d1f5b91b6f405ba6c0267da8ed117d""},""join_samples"":{""date"":""2026-09-14"",""run_id"":""a045e95393294f6cad1ab8807c001ca6""},""upload_data"":{""date"":""2026-09-14"",""run_id"":""c16ad7f93e1d46c2ae1ca883b048c216""}}"
1413,413,"48.9527232 , -86.6852551","49.131697700000004 , -86.6847542",urban-urban,urban,2047,"{""sample_routes"":{""date"":""2026-09-14"",""run_id"":""e8d1f5b91b6f405ba6c0267da8ed117d""},""join_samples"":{""date"":""2026-09-14"",""run_id"":""a045e95393294f6cad1ab8807c001ca6""},""upload_data"":{""date"":""2026-09-14"",""run_id"":""c16ad7f93e1d46c2ae1ca883b048c216""}}"
1415,415,"43.757434800000006 , -79.5757517","43.756976 , -79.1744872",urban-urban,urban,2048,"{""sample_routes"":{""date"":""2026-09-14"",""run_id"":""e8d1f5b91b6f405ba6c0267da8ed117d""},""join_samples"":{""date"":""2026-09-14"",""run_id"":""a045e95393294f6cad1ab8807c001ca6""},""upload_data"":{""date"":""2026-09-14"",""run_id"":""c16ad7f93e1d46c2ae1ca883b048c216""}}"
1416,416,"43.7772303 , -79.3091787","43.777589400000004 , -79.7179814",urban-urban,urban,2048,"{""sample_routes"":{""date"":""2026-09-14"",""run_id"":""e8d1f5b91b6f405ba6c0267da8ed117d""},""join_samples"":{""date"":""2026-09-14"",""run_id"":""a045e95393294f6cad1ab8807c001ca6""},""upload_data"":{""date"":""2026-09-14"",""run_id"":""c16ad7f93e1d46c2ae1ca883b048c216""}}"
1419,419,"49.748128300000005 , -94.9003139","49.652414 , -94.99621520000001",urban-urban,urban,1551,"{""sample_routes"":{""date"":""2026-09-14"",""run_id"":""e8d1f5b91b6f405ba6c0267da8ed117d""},""join_samples"":{""date"":""2026-09-14"",""run_id"":""a045e95393294f6cad1ab8807c001ca6""},""upload_data"":{""date"":""2026-09-14"",""run_id"":""c16ad7f93e1d46c2ae1ca883b048c216""}}"
1422,422,"43.7542118 , -79.8170334","43.753660100000005 , -79.3378239",urban-urban,urban,2049,"{""sample_routes"":{""date"":""2026-09-14"",""run_id"":""e8d1f5b91b6f405ba6c0267da8ed117d""},""join_samples"":{""date"":""2026-09-14"",""run_id"":""a045e95393294f6cad1ab8807c001ca6""},""upload_data"":{""date"":""2026-09-14"",""run_id"":""c16ad7f93e1d46c2ae1ca883b048c216""}}"
1423,423,"44.5587443 , -76.6003791","44.6657025 , -76.6004059",urban-urban,urban,1550,"{""sample_routes"":{""date"":""2026-09-14"",""run_id"":""e8d1f5b91b6f405ba6c0267da8ed117d""},""join_samples"":{""date"":""2026-09-14"",""run_id"":""a045e95393294f6cad1ab8807c001ca6""},""upload_data"":{""date"":""2026-09-14"",""run_id"":""c16ad7f93e1d46c2ae1ca883b048c216""}}"
1428,428,"43.815827500000005 , -79.2651276","43.816203800000004 , -79.6021582",urban-urban,urban,2050,"{""sample_routes"":{""date"":""2026-09-14"",""run_id"":""e8d1f5b91b6f405ba6c0267da8ed117d""},""join_samples"":{""date"":""2026-09-14"",""run_id"":""a045e95393294f6cad1ab8807c001ca6""},""upload_data"":{""date"":""2026-09-14"",""run_id"":""c16ad7f93e1d46c2ae1ca883b048c216""}}"
1431,431,"43.729488 , -79.77103670000001","43.5506386 , -79.59215590000001",urban-urban,urban,1549,"{""sample_routes"":{""date"":""2026-09-14"",""run_id"":""e8d1f5b91b6f405ba6c0267da8ed117d""},""join_samples"":{""date"":""2026-09-14"",""run_id"":""a045e95393294f6cad1ab8807c001ca6""},""upload_data"":{""date"":""2026-09-14"",""run_id"":""c16ad7f93e1d46c2ae1ca883b048c216""}}"
1432,432,"43.665749000000005 , -79.43785460000001","43.3846714 , -79.7189292",urban-urban,urban,2051,"{""sample_routes"":{""date"":""2026-09-14"",""run_id"":""e8d1f5b91b6f405ba6c0267da8ed117d""},""join_samples"":{""date"":""2026-09-14"",""run_id"":""a045e95393294f6cad1ab8807c001ca6""},""upload_data"":{""date"":""2026-09-14"",""run_id"":""c16ad7f93e1d46c2ae1ca883b048c216""}}"
1433,433,"43.707035100000006 , -79.39246220000001","43.707391900000005 , -79.8040084",urban-urban,urban,2051,"{""sample_routes"":{""date"":""2026-09-14"",""run_id"":""e8d1f5b91b6f405ba6c0267da8ed117d""},""join_samples"":{""date"":""2026-09-14"",""run_id"":""a045e95393294f6cad1ab8807c001ca6""},""upload_data"":{""date"":""2026-09-14"",""run_id"":""c16ad7f93e1d46c2ae1ca883b048c216""}}"
1435,435,"43.5884773 , -79.6948519","43.835691600000004 , -79.4481956",urban-urban,urban,2051,"{""sample_routes"":{""date"":""2026-09-14"",""run_id"":""e8d1f5b91b6f405ba6c0267da8ed117d""},""join_samples"":{""date"":""2026-09-14"",""run_id"":""a045e95393294f6cad1ab8807c001ca6""},""upload_data"":{""date"":""2026-09-14"",""run_id"":""c16ad7f93e1d46c2ae1ca883b048c216""}}"
1437,437,"43.731418700000006 , -79.8288181","43.519895500000004 , -79.6177139",urban-urban,urban,2052,"{""sample_routes"":{""date"":""2026-09-14"",""run_id"":""e8d1f5b91b6f405ba6c0267da8ed117d""},""join_samples"":{""date"":""2026-09-14"",""run_id"":""a045e95393294f6cad1ab8807c001ca6""},""upload_data"":{""date"":""2026-09-14"",""run_id"":""c16ad7f93e1d46c2ae1ca883b048c216""}}"
1439,439,"45.170320600000004 , -79.33535660000001","45.067806000000004 , -79.437723",urban-urban,urban,1548,"{""sample_routes"":{""date"":""2026-09-14"",""run_id"":""e8d1f5b91b6f405ba6c0267da8ed117d""},""join_samples"":{""date"":""2026-09-14"",""run_id"":""a045e95393294f6cad1ab8807c001ca6""},""upload_data"":{""date"":""2026-09-14"",""run_id"":""c16ad7f93e1d46c2ae1ca883b048c216""}}"
1441,441,"43.727130700000004 , -79.8125796","43.5328621 , -79.61850530000001",urban-urban,urban,2052,"{""sample_routes"":{""date"":""2026-09-14"",""run_id"":""e8d1f5b91b6f405ba6c0267da8ed117d""},""join_samples"":{""date"":""2026-09-14"",""run_id"":""a045e95393294f6cad1ab8807c001ca6""},""upload_data"":{""date"":""2026-09-14"",""run_id"":""c16ad7f93e1d46c2ae1ca883b048c216""}}"
1445,445,"43.6629814 , -79.3623295","43.6628192 , -79.777922",urban-urban,urban,2053,"{""sample_routes"":{""date"":""2026-09-14"",""run_id"":""e8d1f5b91b6f405ba6c0267da8ed117d""},""join_samples"":{""date"":""2026-09-14"",""run_id"":""a045e95393294f6cad1ab8807c001ca6""},""upload_data"":{""date"":""2026-09-14"",""run_id"":""c16ad7f93e1d46c2ae1ca883b048c216""}}"
1447,447,"43.6393682 , -79.4513417","43.8903849 , -79.45135210000001",urban-urban,urban,2054,"{""sample_routes"":{""date"":""2026-09-14"",""run_id"":""e8d1f5b91b6f405ba6c0267da8ed117d""},""join_samples"":{""date"":""2026-09-14"",""run_id"":""a045e95393294f6cad1ab8807c001ca6""},""upload_data"":{""date"":""2026-09-14"",""run_id"":""c16ad7f93e1d46c2ae1ca883b048c216""}}"
1453,453,"44.3589149 , -77.7621675","44.2589139 , -77.6621097",urban-urban,urban,1545,"{""sample_routes"":{""date"":""2026-09-14"",""run_id"":""e8d1f5b91b6f405ba6c0267da8ed117d""},""join_samples"":{""date"":""2026-09-14"",""run_id"":""a045e95393294f6cad1ab8807c001ca6""},""upload_data"":{""date"":""2026-09-14"",""run_id"":""c16ad7f93e1d46c2ae1ca883b048c216""}}"
1454,454,"44.254381 , -76.59520540000001","44.2543603 , -76.386414",urban-urban,urban,1545,"{""sample_routes"":{""date"":""2026-09-14"",""run_id"":""e8d1f5b91b6f405ba6c0267da8ed117d""},""join_samples"":{""date"":""2026-09-14"",""run_id"":""a045e95393294f6cad1ab8807c001ca6""},""upload_data"":{""date"":""2026-09-14"",""run_id"":""c16ad7f93e1d46c2ae1ca883b048c216""}}"
1459,459,"49.0606195 , -90.6749772","49.232222300000004 , -90.6754063",rural-urban,urban,2056,"{""sample_routes"":{""date"":""2026-09-14"",""run_id"":""e8d1f5b91b6f405ba6c0267da8ed117d""},""join_samples"":{""date"":""2026-09-14"",""run_id"":""a045e95393294f6cad1ab8807c001ca6""},""upload_data"":{""date"":""2026-09-14"",""run_id"":""c16ad7f93e1d46c2ae1ca883b048c216""}}"
1460,460,"43.6958931 , -79.2664025","43.887247300000006 , -79.45709380000001",urban-urban,urban,2056,"{""sample_routes"":{""date"":""2026-09-14"",""run_id"":""e8d1f5b91b6f405ba6c0267da8ed117d""},""join_samples"":{""date"":""2026-09-14"",""run_id"":""a045e95393294f6cad1ab8807c001ca6""},""upload_data"":{""date"":""2026-09-14"",""run_id"":""c16ad7f93e1d46c2ae1ca883b048c216""}}"
1462,462,"43.7319064 , -79.3431638","43.731547400000004 , -79.7968393",urban-urban,urban,2056,"{""sample_routes"":{""date"":""2026-09-14"",""run_id"":""e8d1f5b91b6f405ba6c0267da8ed117d""},""join_samples"":{""date"":""2026-09-14"",""run_id"":""a045e95393294f6cad1ab8807c001ca6""},""upload_data"":{""date"":""2026-09-14"",""run_id"":""c16ad7f93e1d46c2ae1ca883b048c216""}}"
1464,464,"43.693834300000006 , -79.4811494","43.3941925 , -79.78098200000001",urban-urban,urban,2057,"{""sample_routes"":{""date"":""2026-09-14"",""run_id"":""e8d1f5b91b6f405ba6c0267da8ed117d""},""join_samples"":{""date"":""2026-09-14"",""run_id"":""a045e95393294f6cad1ab8807c001ca6""},""upload_data"":{""date"":""2026-09-14"",""run_id"":""c16ad7f93e1d46c2ae1ca883b048c216""}}"
1465,465,"43.6889649 , -79.78156580000001","43.6887503 , -79.3915245",urban-urban,urban,2057,"{""sample_routes"":{""date"":""2026-09-14"",""run_id"":""e8d1f5b91b6f405ba6c0267da8ed117d""},""join_samples"":{""date"":""2026-09-14"",""run_id"":""a045e95393294f6cad1ab8807c001ca6""},""upload_data"":{""date"":""2026-09-14"",""run_id"":""c16ad7f93e1d46c2ae1ca883b048c216""}}"
1466,466,"43.6811986 , -79.509234","43.897569700000005 , -79.2923983",urban-urban,urban,2058,"{""sample_routes"":{""date"":""2026-09-14"",""run_id"":""e8d1f5b91b6f405ba6c0267da8ed117d""},""join_samples"":{""date"":""2026-09-14"",""run_id"":""a045e95393294f6cad1ab8807c001ca6""},""upload_data"":{""date"":""2026-09-14"",""run_id"":""c16ad7f93e1d46c2ae1ca883b048c216""}}"
1467,467,"43.7231018 , -79.30825010000001","43.7232586 , -79.7553243",urban-urban,urban,2058,"{""sample_routes"":{""date"":""2026-09-14"",""run_id"":""e8d1f5b91b6f405ba6c0267da8ed117d""},""join_samples"":{""date"":""2026-09-14"",""run_id"":""a045e95393294f6cad1ab8807c001ca6""},""upload_data"":{""date"":""2026-09-14"",""run_id"":""c16ad7f93e1d46c2ae1ca883b048c216""}}"
1468,468,"47.362555300000004 , -83.0076014","47.567839400000004 , -83.00752510000001",urban-rural,urban,2058,"{""sample_routes"":{""date"":""2026-09-14"",""run_id"":""e8d1f5b91b6f405ba6c0267da8ed117d""},""join_samples"":{""date"":""2026-09-14"",""run_id"":""a045e95393294f6cad1ab8807c001ca6""},""upload_data"":{""date"":""2026-09-14"",""run_id"":""c16ad7f93e1d46c2ae1ca883b048c216""}}"
1470,470,"43.6583252 , -79.3835784","43.658855 , -79.7821821",urban-urban,urban,2058,"{""sample_routes"":{""date"":""2026-09-14"",""run_id"":""e8d1f5b91b6f405ba6c0267da8ed117d""},""join_samples"":{""date"":""2026-09-14"",""run_id"":""a045e95393294f6cad1ab8807c001ca6""},""upload_data"":{""date"":""2026-09-14"",""run_id"":""c16ad7f93e1d46c2ae1ca883b048c216""}}"
1472,472,"43.148462 , -79.9191047","43.2808203 , -79.7866867",urban-urban,urban,1541,"{""sample_routes"":{""date"":""2026-09-14"",""run_id"":""e8d1f5b91b6f405ba6c0267da8ed117d""},""join_samples"":{""date"":""2026-09-14"",""run_id"":""a045e95393294f6cad1ab8807c001ca6""},""upload_data"":{""date"":""2026-09-14"",""run_id"":""c16ad7f93e1d46c2ae1ca883b048c216""}}"
1475,475,"43.8854842 , -79.4743335","43.6888553 , -79.27803540000001",urban-urban,urban,2060,"{""sample_routes"":{""date"":""2026-09-14"",""run_id"":""e8d1f5b91b6f405ba6c0267da8ed117d""},""join_samples"":{""date"":""2026-09-14"",""run_id"":""a045e95393294f6cad1ab8807c001ca6""},""upload_data"":{""date"":""2026-09-14"",""run_id"":""c16ad7f93e1d46c2ae1ca883b048c216""}}"
1477,477,"43.3360647 , -80.44844","43.5136204 , -80.4489037",urban-urban,urban,1539,"{""sample_routes"":{""date"":""2026-09-14"",""run_id"":""e8d1f5b91b6f405ba6c0267da8ed117d""},""join_samples"":{""date"":""2026-09-14"",""run_id"":""a045e95393294f6cad1ab8807c001ca6""},""upload_data"":{""date"":""2026-09-14"",""run_id"":""c16ad7f93e1d46c2ae1ca883b048c216""}}"
1478,478,"43.8776798 , -79.4163886","43.6414764 , -79.65289080000001",urban-urban,urban,2061,"{""sample_routes"":{""date"":""2026-09-14"",""run_id"":""e8d1f5b91b6f405ba6c0267da8ed117d""},""join_samples"":{""date"":""2026-09-14"",""run_id"":""a045e95393294f6cad1ab8807c001ca6""},""upload_data"":{""date"":""2026-09-14"",""run_id"":""c16ad7f93e1d46c2ae1ca883b048c216""}}"
1479,479,"43.675422700000006 , -79.51558030000001","43.8843915 , -79.3061476",urban-urban,urban,2062,"{""sample_routes"":{""date"":""2026-09-14"",""run_id"":""e8d1f5b91b6f405ba6c0267da8ed117d""},""join_samples"":{""date"":""2026-09-14"",""run_id"":""a045e95393294f6cad1ab8807c001ca6""},""upload_data"":{""date"":""2026-09-14"",""run_id"":""c16ad7f93e1d46c2ae1ca883b048c216""}}"
1480,480,"44.028911 , -79.436676","43.692705600000004 , -79.43686240000001",urban-urban,urban,2062,"{""sample_routes"":{""date"":""2026-09-14"",""run_id"":""e8d1f5b91b6f405ba6c0267da8ed117d""},""join_samples"":{""date"":""2026-09-14"",""run_id"":""a045e95393294f6cad1ab8807c001ca6""},""upload_data"":{""date"":""2026-09-14"",""run_id"":""c16ad7f93e1d46c2ae1ca883b048c216""}}"
1482,482,"45.3298774 , -75.7712698","45.4552971 , -75.6458005",urban-rural,urban,1537,"{""sample_routes"":{""date"":""2026-09-14"",""run_id"":""e8d1f5b91b6f405ba6c0267da8ed117d""},""join_samples"":{""date"":""2026-09-14"",""run_id"":""a045e95393294f6cad1ab8807c001ca6""},""upload_data"":{""date"":""2026-09-14"",""run_id"":""c16ad7f93e1d46c2ae1ca883b048c216""}}"
1483,483,"49.394555600000004 , -91.0454763","49.497181100000006 , -91.14838560000001",urban-urban,urban,2064,"{""sample_routes"":{""date"":""2026-09-14"",""run_id"":""e8d1f5b91b6f405ba6c0267da8ed117d""},""join_samples"":{""date"":""2026-09-14"",""run_id"":""a045e95393294f6cad1ab8807c001ca6""},""upload_data"":{""date"":""2026-09-14"",""run_id"":""c16ad7f93e1d46c2ae1ca883b048c216""}}"
1485,485,"43.7261333 , -79.3176155","43.7255356 , -79.78725750000001",urban-urban,urban,2064,"{""sample_routes"":{""date"":""2026-09-14"",""run_id"":""e8d1f5b91b6f405ba6c0267da8ed117d""},""join_samples"":{""date"":""2026-09-14"",""run_id"":""a045e95393294f6cad1ab8807c001ca6""},""upload_data"":{""date"":""2026-09-14"",""run_id"":""c16ad7f93e1d46c2ae1ca883b048c216""}}"
1486,486,"43.977156 , -79.46941600000001","43.726728 , -79.469026",urban-urban,urban,2065,"{""sample_routes"":{""date"":""2026-09-14"",""run_id"":""e8d1f5b91b6f405ba6c0267da8ed117d""},""join_samples"":{""date"":""2026-09-14"",""run_id"":""a045e95393294f6cad1ab8807c001ca6""},""upload_data"":{""date"":""2026-09-14"",""run_id"":""c16ad7f93e1d46c2ae1ca883b048c216""}}"
1487,487,"45.8357043 , -79.5223459","45.940972800000004 , -79.52284110000001",urban-urban,urban,1535,"{""sample_routes"":{""date"":""2026-09-14"",""run_id"":""e8d1f5b91b6f405ba6c0267da8ed117d""},""join_samples"":{""date"":""2026-09-14"",""run_id"":""a045e95393294f6cad1ab8807c001ca6""},""upload_data"":{""date"":""2026-09-14"",""run_id"":""c16ad7f93e1d46c2ae1ca883b048c216""}}"
1488,488,"43.6846314 , -79.45877800000001","43.376606300000006 , -79.7662481",urban-urban,urban,2066,"{""sample_routes"":{""date"":""2026-09-14"",""run_id"":""e8d1f5b91b6f405ba6c0267da8ed117d""},""join_samples"":{""date"":""2026-09-14"",""run_id"":""a045e95393294f6cad1ab8807c001ca6""},""upload_data"":{""date"":""2026-09-14"",""run_id"":""c16ad7f93e1d46c2ae1ca883b048c216""}}"
1492,492,"49.148088200000004 , -86.5779656","49.2000213 , -86.6300885",urban-urban,urban,1533,"{""sample_routes"":{""date"":""2026-09-14"",""run_id"":""e8d1f5b91b6f405ba6c0267da8ed117d""},""join_samples"":{""date"":""2026-09-14"",""run_id"":""a045e95393294f6cad1ab8807c001ca6""},""upload_data"":{""date"":""2026-09-14"",""run_id"":""c16ad7f93e1d46c2ae1ca883b048c216""}}"
1494,494,"43.742857400000005 , -79.3207333","43.743236200000005 , -79.74419400000001",urban-urban,urban,2068,"{""sample_routes"":{""date"":""2026-09-14"",""run_id"":""e8d1f5b91b6f405ba6c0267da8ed117d""},""join_samples"":{""date"":""2026-09-14"",""run_id"":""a045e95393294f6cad1ab8807c001ca6""},""upload_data"":{""date"":""2026-09-14"",""run_id"":""c16ad7f93e1d46c2ae1ca883b048c216""}}"
1495,495,"43.874155 , -79.48650400000001","43.6480813 , -79.48586300000001",urban-urban,urban,2069,"{""sample_routes"":{""date"":""2026-09-14"",""run_id"":""e8d1f5b91b6f405ba6c0267da8ed117d""},""join_samples"":{""date"":""2026-09-14"",""run_id"":""a045e95393294f6cad1ab8807c001ca6""},""upload_data"":{""date"":""2026-09-14"",""run_id"":""c16ad7f93e1d46c2ae1ca883b048c216""}}"
1497,497,"43.832179000000004 , -79.4524597","43.8319775 , -78.98740790000001",rural-urban,urban,2069,"{""sample_routes"":{""date"":""2026-09-14"",""run_id"":""e8d1f5b91b6f405ba6c0267da8ed117d""},""join_samples"":{""date"":""2026-09-14"",""run_id"":""a045e95393294f6cad1ab8807c001ca6""},""upload_data"":{""date"":""2026-09-14"",""run_id"":""c16ad7f93e1d46c2ae1ca883b048c216""}}"
1498,498,"43.5734885 , -79.75983550000001","43.840963200000004 , -79.49239150000001",urban-urban,urban,2069,"{""sample_routes"":{""date"":""2026-09-14"",""run_id"":""e8d1f5b91b6f405ba6c0267da8ed117d""},""join_samples"":{""date"":""2026-09-14"",""run_id"":""a045e95393294f6cad1ab8807c001ca6""},""upload_data"":{""date"":""2026-09-14"",""run_id"":""c16ad7f93e1d46c2ae1ca883b048c216""}}"
1503,503,"43.8026478 , -79.2086062","43.9540949 , -79.2091082",urban-rural,mixed,1802,"{""sample_routes"":{""date"":""2026-09-14"",""run_id"":""e8d1f5b91b6f405ba6c0267da8ed117d""},""join_samples"":{""date"":""2026-09-14"",""run_id"":""a045e95393294f6cad1ab8807c001ca6""},""upload_data"":{""date"":""2026-09-14"",""run_id"":""c16ad7f93e1d46c2ae1ca883b048c216""}}"
1510,510,"43.799426000000004 , -79.6805952","44.0101576 , -79.6801391",urban-urban,mixed,1793,"{""sample_routes"":{""date"":""2026-09-14"",""run_id"":""e8d1f5b91b6f405ba6c0267da8ed117d""},""join_samples"":{""date"":""2026-09-14"",""run_id"":""a045e95393294f6cad1ab8807c001ca6""},""upload_data"":{""date"":""2026-09-14"",""run_id"":""c16ad7f93e1d46c2ae1ca883b048c216""}}"
1511,511,"44.962008700000005 , -78.47283870000001","45.0437157 , -78.39072920000001",urban-urban,mixed,1792,"{""sample_routes"":{""date"":""2026-09-14"",""run_id"":""e8d1f5b91b6f405ba6c0267da8ed117d""},""join_samples"":{""date"":""2026-09-14"",""run_id"":""a045e95393294f6cad1ab8807c001ca6""},""upload_data"":{""date"":""2026-09-14"",""run_id"":""c16ad7f93e1d46c2ae1ca883b048c216""}}"
1513,513,"44.842196 , -78.437959","45.0198076 , -78.43805400000001",urban-rural,mixed,1811,"{""sample_routes"":{""date"":""2026-09-14"",""run_id"":""e8d1f5b91b6f405ba6c0267da8ed117d""},""join_samples"":{""date"":""2026-09-14"",""run_id"":""a045e95393294f6cad1ab8807c001ca6""},""upload_data"":{""date"":""2026-09-14"",""run_id"":""c16ad7f93e1d46c2ae1ca883b048c216""}}"
1515,515,"44.2661038 , -76.4852836","44.473634600000004 , -76.6933053",urban-urban,mixed,1812,"{""sample_routes"":{""date"":""2026-09-14"",""run_id"":""e8d1f5b91b6f405ba6c0267da8ed117d""},""join_samples"":{""date"":""2026-09-14"",""run_id"":""a045e95393294f6cad1ab8807c001ca6""},""upload_data"":{""date"":""2026-09-14"",""run_id"":""c16ad7f93e1d46c2ae1ca883b048c216""}}"
1516,516,"45.0387463 , -79.31476860000001","45.3123826 , -79.31505080000001",urban-rural,mixed,1812,"{""sample_routes"":{""date"":""2026-09-14"",""run_id"":""e8d1f5b91b6f405ba6c0267da8ed117d""},""join_samples"":{""date"":""2026-09-14"",""run_id"":""a045e95393294f6cad1ab8807c001ca6""},""upload_data"":{""date"":""2026-09-14"",""run_id"":""c16ad7f93e1d46c2ae1ca883b048c216""}}"
1517,517,"44.182753600000005 , -77.4191146","44.1822748 , -77.7753691",urban-urban,mixed,1813,"{""sample_routes"":{""date"":""2026-09-14"",""run_id"":""e8d1f5b91b6f405ba6c0267da8ed117d""},""join_samples"":{""date"":""2026-09-14"",""run_id"":""a045e95393294f6cad1ab8807c001ca6""},""upload_data"":{""date"":""2026-09-14"",""run_id"":""c16ad7f93e1d46c2ae1ca883b048c216""}}"
1518,518,"46.4320042 , -83.72899550000001","46.4316911 , -83.925717",urban-urban,mixed,1787,"{""sample_routes"":{""date"":""2026-09-14"",""run_id"":""e8d1f5b91b6f405ba6c0267da8ed117d""},""join_samples"":{""date"":""2026-09-14"",""run_id"":""a045e95393294f6cad1ab8807c001ca6""},""upload_data"":{""date"":""2026-09-14"",""run_id"":""c16ad7f93e1d46c2ae1ca883b048c216""}}"
1519,519,"44.361272400000004 , -79.6657311","44.3618645 , -79.97487770000001",urban-urban,mixed,1814,"{""sample_routes"":{""date"":""2026-09-14"",""run_id"":""e8d1f5b91b6f405ba6c0267da8ed117d""},""join_samples"":{""date"":""2026-09-14"",""run_id"":""a045e95393294f6cad1ab8807c001ca6""},""upload_data"":{""date"":""2026-09-14"",""run_id"":""c16ad7f93e1d46c2ae1ca883b048c216""}}"
1520,520,"45.0432975 , -76.7024372","45.1394791 , -76.6059968",urban-urban,mixed,1786,"{""sample_routes"":{""date"":""2026-09-14"",""run_id"":""e8d1f5b91b6f405ba6c0267da8ed117d""},""join_samples"":{""date"":""2026-09-14"",""run_id"":""a045e95393294f6cad1ab8807c001ca6""},""upload_data"":{""date"":""2026-09-14"",""run_id"":""c16ad7f93e1d46c2ae1ca883b048c216""}}"
1521,521,"45.4044997 , -75.70191650000001","45.404132000000004 , -75.3426835",urban-rural,mixed,1814,"{""sample_routes"":{""date"":""2026-09-14"",""run_id"":""e8d1f5b91b6f405ba6c0267da8ed117d""},""join_samples"":{""date"":""2026-09-14"",""run_id"":""a045e95393294f6cad1ab8807c001ca6""},""upload_data"":{""date"":""2026-09-14"",""run_id"":""c16ad7f93e1d46c2ae1ca883b048c216""}}"
1523,523,"44.4073859 , -78.2643982","44.1802973 , -78.4916458",urban-urban,mixed,1815,"{""sample_routes"":{""date"":""2026-09-14"",""run_id"":""e8d1f5b91b6f405ba6c0267da8ed117d""},""join_samples"":{""date"":""2026-09-14"",""run_id"":""a045e95393294f6cad1ab8807c001ca6""},""upload_data"":{""date"":""2026-09-14"",""run_id"":""c16ad7f93e1d46c2ae1ca883b048c216""}}"
1524,524,"43.3476973 , -79.83058390000001","43.100723900000006 , -80.07714150000001",urban-urban,mixed,1816,"{""sample_routes"":{""date"":""2026-09-14"",""run_id"":""e8d1f5b91b6f405ba6c0267da8ed117d""},""join_samples"":{""date"":""2026-09-14"",""run_id"":""a045e95393294f6cad1ab8807c001ca6""},""upload_data"":{""date"":""2026-09-14"",""run_id"":""c16ad7f93e1d46c2ae1ca883b048c216""}}"
1525,525,"44.721380100000005 , -76.57399740000001","44.7212278 , -76.77526370000001",urban-urban,mixed,1784,"{""sample_routes"":{""date"":""2026-09-14"",""run_id"":""e8d1f5b91b6f405ba6c0267da8ed117d""},""join_samples"":{""date"":""2026-09-14"",""run_id"":""a045e95393294f6cad1ab8807c001ca6""},""upload_data"":{""date"":""2026-09-14"",""run_id"":""c16ad7f93e1d46c2ae1ca883b048c216""}}"
1526,526,"45.4277767 , -77.52889280000001","45.2854867 , -77.5291529",urban-urban,mixed,1816,"{""sample_routes"":{""date"":""2026-09-14"",""run_id"":""e8d1f5b91b6f405ba6c0267da8ed117d""},""join_samples"":{""date"":""2026-09-14"",""run_id"":""a045e95393294f6cad1ab8807c001ca6""},""upload_data"":{""date"":""2026-09-14"",""run_id"":""c16ad7f93e1d46c2ae1ca883b048c216""}}"
1533,533,"44.5545546 , -78.8131819","44.7317265 , -78.8129617",urban-urban,mixed,1822,"{""sample_routes"":{""date"":""2026-09-14"",""run_id"":""e8d1f5b91b6f405ba6c0267da8ed117d""},""join_samples"":{""date"":""2026-09-14"",""run_id"":""a045e95393294f6cad1ab8807c001ca6""},""upload_data"":{""date"":""2026-09-14"",""run_id"":""c16ad7f93e1d46c2ae1ca883b048c216""}}"
1535,535,"44.6024687 , -78.69973590000001","44.744143400000006 , -78.8414832",rural-urban,mixed,1777,"{""sample_routes"":{""date"":""2026-09-14"",""run_id"":""e8d1f5b91b6f405ba6c0267da8ed117d""},""join_samples"":{""date"":""2026-09-14"",""run_id"":""a045e95393294f6cad1ab8807c001ca6""},""upload_data"":{""date"":""2026-09-14"",""run_id"":""c16ad7f93e1d46c2ae1ca883b048c216""}}"
1537,537,"46.3698234 , -83.87751250000001","46.370198900000005 , -83.66226780000001",urban-urban,mixed,1777,"{""sample_routes"":{""date"":""2026-09-14"",""run_id"":""e8d1f5b91b6f405ba6c0267da8ed117d""},""join_samples"":{""date"":""2026-09-14"",""run_id"":""a045e95393294f6cad1ab8807c001ca6""},""upload_data"":{""date"":""2026-09-14"",""run_id"":""c16ad7f93e1d46c2ae1ca883b048c216""}}"
1538,538,"43.74125 , -79.3312891","44.0622425 , -79.33171510000001",urban-urban,mixed,1776,"{""sample_routes"":{""date"":""2026-09-14"",""run_id"":""e8d1f5b91b6f405ba6c0267da8ed117d""},""join_samples"":{""date"":""2026-09-14"",""run_id"":""a045e95393294f6cad1ab8807c001ca6""},""upload_data"":{""date"":""2026-09-14"",""run_id"":""c16ad7f93e1d46c2ae1ca883b048c216""}}"
1539,539,"45.4448506 , -77.8047906","45.445108700000006 , -77.58145850000001",urban-urban,mixed,1776,"{""sample_routes"":{""date"":""2026-09-14"",""run_id"":""e8d1f5b91b6f405ba6c0267da8ed117d""},""join_samples"":{""date"":""2026-09-14"",""run_id"":""a045e95393294f6cad1ab8807c001ca6""},""upload_data"":{""date"":""2026-09-14"",""run_id"":""c16ad7f93e1d46c2ae1ca883b048c216""}}"
1540,540,"46.582493 , -81.4286326","46.5827461 , -81.0919267",urban-rural,mixed,1824,"{""sample_routes"":{""date"":""2026-09-14"",""run_id"":""e8d1f5b91b6f405ba6c0267da8ed117d""},""join_samples"":{""date"":""2026-09-14"",""run_id"":""a045e95393294f6cad1ab8807c001ca6""},""upload_data"":{""date"":""2026-09-14"",""run_id"":""c16ad7f93e1d46c2ae1ca883b048c216""}}"
1541,541,"43.4269814 , -80.4150037","43.4273867 , -80.83824150000001",urban-rural,mixed,1776,"{""sample_routes"":{""date"":""2026-09-14"",""run_id"":""e8d1f5b91b6f405ba6c0267da8ed117d""},""join_samples"":{""date"":""2026-09-14"",""run_id"":""a045e95393294f6cad1ab8807c001ca6""},""upload_data"":{""date"":""2026-09-14"",""run_id"":""c16ad7f93e1d46c2ae1ca883b048c216""}}"
1542,542,"44.105086500000006 , -77.60797740000001","44.1046373 , -77.3469582",urban-urban,mixed,1775,"{""sample_routes"":{""date"":""2026-09-14"",""run_id"":""e8d1f5b91b6f405ba6c0267da8ed117d""},""join_samples"":{""date"":""2026-09-14"",""run_id"":""a045e95393294f6cad1ab8807c001ca6""},""upload_data"":{""date"":""2026-09-14"",""run_id"":""c16ad7f93e1d46c2ae1ca883b048c216""}}"
1543,543,"44.275615 , -76.54535100000001","44.451482600000006 , -76.5451238",rural-urban,mixed,1774,"{""sample_routes"":{""date"":""2026-09-14"",""run_id"":""e8d1f5b91b6f405ba6c0267da8ed117d""},""join_samples"":{""date"":""2026-09-14"",""run_id"":""a045e95393294f6cad1ab8807c001ca6""},""upload_data"":{""date"":""2026-09-14"",""run_id"":""c16ad7f93e1d46c2ae1ca883b048c216""}}"
1544,544,"44.708396300000004 , -78.07069320000001","44.8625794 , -78.2247993",urban-urban,mixed,1826,"{""sample_routes"":{""date"":""2026-09-14"",""run_id"":""e8d1f5b91b6f405ba6c0267da8ed117d""},""join_samples"":{""date"":""2026-09-14"",""run_id"":""a045e95393294f6cad1ab8807c001ca6""},""upload_data"":{""date"":""2026-09-14"",""run_id"":""c16ad7f93e1d46c2ae1ca883b048c216""}}"
1546,546,"44.643290300000004 , -76.5120694","44.4762758 , -76.6796637",rural-urban,mixed,1829,"{""sample_routes"":{""date"":""2026-09-14"",""run_id"":""e8d1f5b91b6f405ba6c0267da8ed117d""},""join_samples"":{""date"":""2026-09-14"",""run_id"":""a045e95393294f6cad1ab8807c001ca6""},""upload_data"":{""date"":""2026-09-14"",""run_id"":""c16ad7f93e1d46c2ae1ca883b048c216""}}"
1547,547,"45.041795900000004 , -78.23168340000001","45.042361 , -78.5598167",urban-urban,mixed,1831,"{""sample_routes"":{""date"":""2026-09-14"",""run_id"":""e8d1f5b91b6f405ba6c0267da8ed117d""},""join_samples"":{""date"":""2026-09-14"",""run_id"":""a045e95393294f6cad1ab8807c001ca6""},""upload_data"":{""date"":""2026-09-14"",""run_id"":""c16ad7f93e1d46c2ae1ca883b048c216""}}"
1548,548,"45.5285464 , -77.42780760000001","45.528333100000005 , -77.7138668",urban-urban,mixed,1769,"{""sample_routes"":{""date"":""2026-09-14"",""run_id"":""e8d1f5b91b6f405ba6c0267da8ed117d""},""join_samples"":{""date"":""2026-09-14"",""run_id"":""a045e95393294f6cad1ab8807c001ca6""},""upload_data"":{""date"":""2026-09-14"",""run_id"":""c16ad7f93e1d46c2ae1ca883b048c216""}}"
1549,549,"43.9749563 , -78.1859166","44.1763035 , -77.98456010000001",urban-urban,mixed,1831,"{""sample_routes"":{""date"":""2026-09-14"",""run_id"":""e8d1f5b91b6f405ba6c0267da8ed117d""},""join_samples"":{""date"":""2026-09-14"",""run_id"":""a045e95393294f6cad1ab8807c001ca6""},""upload_data"":{""date"":""2026-09-14"",""run_id"":""c16ad7f93e1d46c2ae1ca883b048c216""}}"
1550,550,"44.1906843 , -77.0973524","44.1911719 , -76.7829385",urban-urban,mixed,1831,"{""sample_routes"":{""date"":""2026-09-14"",""run_id"":""e8d1f5b91b6f405ba6c0267da8ed117d""},""join_samples"":{""date"":""2026-09-14"",""run_id"":""a045e95393294f6cad1ab8807c001ca6""},""upload_data"":{""date"":""2026-09-14"",""run_id"":""c16ad7f93e1d46c2ae1ca883b048c216""}}"
1552,552,"44.818552600000004 , -76.1934933","44.981298200000005 , -76.0311394",urban-urban,mixed,1832,"{""sample_routes"":{""date"":""2026-09-14"",""run_id"":""e8d1f5b91b6f405ba6c0267da8ed117d""},""join_samples"":{""date"":""2026-09-14"",""run_id"":""a045e95393294f6cad1ab8807c001ca6""},""upload_data"":{""date"":""2026-09-14"",""run_id"":""c16ad7f93e1d46c2ae1ca883b048c216""}}"
1553,553,"45.447428800000004 , -79.90889200000001","45.539210700000005 , -80.0000062",urban-urban,mixed,1768,"{""sample_routes"":{""date"":""2026-09-14"",""run_id"":""e8d1f5b91b6f405ba6c0267da8ed117d""},""join_samples"":{""date"":""2026-09-14"",""run_id"":""a045e95393294f6cad1ab8807c001ca6""},""upload_data"":{""date"":""2026-09-14"",""run_id"":""c16ad7f93e1d46c2ae1ca883b048c216""}}"
1555,555,"44.528541700000005 , -76.2414316","44.6877834 , -76.0816078",urban-rural,mixed,1767,"{""sample_routes"":{""date"":""2026-09-14"",""run_id"":""e8d1f5b91b6f405ba6c0267da8ed117d""},""join_samples"":{""date"":""2026-09-14"",""run_id"":""a045e95393294f6cad1ab8807c001ca6""},""upload_data"":{""date"":""2026-09-14"",""run_id"":""c16ad7f93e1d46c2ae1ca883b048c216""}}"
1557,557,"43.5256546 , -79.8695423","43.7242523 , -80.06790840000001",urban-urban,mixed,1833,"{""sample_routes"":{""date"":""2026-09-14"",""run_id"":""e8d1f5b91b6f405ba6c0267da8ed117d""},""join_samples"":{""date"":""2026-09-14"",""run_id"":""a045e95393294f6cad1ab8807c001ca6""},""upload_data"":{""date"":""2026-09-14"",""run_id"":""c16ad7f93e1d46c2ae1ca883b048c216""}}"
1559,559,"43.831720000000004 , -79.62704000000001","44.0873937 , -79.62678310000001",urban-urban,mixed,1834,"{""sample_routes"":{""date"":""2026-09-14"",""run_id"":""e8d1f5b91b6f405ba6c0267da8ed117d""},""join_samples"":{""date"":""2026-09-14"",""run_id"":""a045e95393294f6cad1ab8807c001ca6""},""upload_data"":{""date"":""2026-09-14"",""run_id"":""c16ad7f93e1d46c2ae1ca883b048c216""}}"
1561,561,"44.7247508 , -77.99921210000001","44.6776697 , -78.0456211",urban-urban,mixed,1835,"{""sample_routes"":{""date"":""2026-09-14"",""run_id"":""e8d1f5b91b6f405ba6c0267da8ed117d""},""join_samples"":{""date"":""2026-09-14"",""run_id"":""a045e95393294f6cad1ab8807c001ca6""},""upload_data"":{""date"":""2026-09-14"",""run_id"":""c16ad7f93e1d46c2ae1ca883b048c216""}}"
1563,563,"44.734799900000006 , -76.9697721","44.734153500000005 , -77.1238179",urban-urban,mixed,1835,"{""sample_routes"":{""date"":""2026-09-14"",""run_id"":""e8d1f5b91b6f405ba6c0267da8ed117d""},""join_samples"":{""date"":""2026-09-14"",""run_id"":""a045e95393294f6cad1ab8807c001ca6""},""upload_data"":{""date"":""2026-09-14"",""run_id"":""c16ad7f93e1d46c2ae1ca883b048c216""}}"
1564,564,"44.344598600000005 , -78.31553120000001","44.103162000000005 , -78.5565327",urban-urban,mixed,1836,"{""sample_routes"":{""date"":""2026-09-14"",""run_id"":""e8d1f5b91b6f405ba6c0267da8ed117d""},""join_samples"":{""date"":""2026-09-14"",""run_id"":""a045e95393294f6cad1ab8807c001ca6""},""upload_data"":{""date"":""2026-09-14"",""run_id"":""c16ad7f93e1d46c2ae1ca883b048c216""}}"
1567,567,"42.995868400000006 , -79.2216897","42.9964667 , -79.5541456",urban-urban,mixed,1762,"{""sample_routes"":{""date"":""2026-09-14"",""run_id"":""e8d1f5b91b6f405ba6c0267da8ed117d""},""join_samples"":{""date"":""2026-09-14"",""run_id"":""a045e95393294f6cad1ab8807c001ca6""},""upload_data"":{""date"":""2026-09-14"",""run_id"":""c16ad7f93e1d46c2ae1ca883b048c216""}}"
1568,568,"44.2941164 , -78.360146","44.468879400000006 , -78.1857665",urban-urban,mixed,1762,"{""sample_routes"":{""date"":""2026-09-14"",""run_id"":""e8d1f5b91b6f405ba6c0267da8ed117d""},""join_samples"":{""date"":""2026-09-14"",""run_id"":""a045e95393294f6cad1ab8807c001ca6""},""upload_data"":{""date"":""2026-09-14"",""run_id"":""c16ad7f93e1d46c2ae1ca883b048c216""}}"
1569,569,"44.621971 , -80.9476052","44.6224691 , -81.27084640000001",urban-urban,mixed,1762,"{""sample_routes"":{""date"":""2026-09-14"",""run_id"":""e8d1f5b91b6f405ba6c0267da8ed117d""},""join_samples"":{""date"":""2026-09-14"",""run_id"":""a045e95393294f6cad1ab8807c001ca6""},""upload_data"":{""date"":""2026-09-14"",""run_id"":""c16ad7f93e1d46c2ae1ca883b048c216""}}"
1570,570,"45.466835200000006 , -76.9027933","45.4674385 , -77.12527440000001",urban-urban,mixed,1760,"{""sample_routes"":{""date"":""2026-09-14"",""run_id"":""e8d1f5b91b6f405ba6c0267da8ed117d""},""join_samples"":{""date"":""2026-09-14"",""run_id"":""a045e95393294f6cad1ab8807c001ca6""},""upload_data"":{""date"":""2026-09-14"",""run_id"":""c16ad7f93e1d46c2ae1ca883b048c216""}}"
1578,578,"43.0110777 , -81.3210737","42.7953922 , -81.32158890000001",urban-rural,mixed,1845,"{""sample_routes"":{""date"":""2026-09-14"",""run_id"":""e8d1f5b91b6f405ba6c0267da8ed117d""},""join_samples"":{""date"":""2026-09-14"",""run_id"":""a045e95393294f6cad1ab8807c001ca6""},""upload_data"":{""date"":""2026-09-14"",""run_id"":""c16ad7f93e1d46c2ae1ca883b048c216""}}"
1579,579,"43.5196036 , -80.2334932","43.5189524 , -79.85201930000001",urban-urban,mixed,1845,"{""sample_routes"":{""date"":""2026-09-14"",""run_id"":""e8d1f5b91b6f405ba6c0267da8ed117d""},""join_samples"":{""date"":""2026-09-14"",""run_id"":""a045e95393294f6cad1ab8807c001ca6""},""upload_data"":{""date"":""2026-09-14"",""run_id"":""c16ad7f93e1d46c2ae1ca883b048c216""}}"
1580,580,"45.446660900000005 , -79.53046810000001","45.582376800000006 , -79.3951054",urban-urban,mixed,1846,"{""sample_routes"":{""date"":""2026-09-14"",""run_id"":""e8d1f5b91b6f405ba6c0267da8ed117d""},""join_samples"":{""date"":""2026-09-14"",""run_id"":""a045e95393294f6cad1ab8807c001ca6""},""upload_data"":{""date"":""2026-09-14"",""run_id"":""c16ad7f93e1d46c2ae1ca883b048c216""}}"
1582,582,"45.731873300000004 , -79.4098757","45.503081 , -79.4095594",urban-urban,mixed,1849,"{""sample_routes"":{""date"":""2026-09-14"",""run_id"":""e8d1f5b91b6f405ba6c0267da8ed117d""},""join_samples"":{""date"":""2026-09-14"",""run_id"":""a045e95393294f6cad1ab8807c001ca6""},""upload_data"":{""date"":""2026-09-14"",""run_id"":""c16ad7f93e1d46c2ae1ca883b048c216""}}"
1587,587,"44.246128600000006 , -76.56806300000001","44.246543300000006 , -76.90550610000001",urban-rural,mixed,1749,"{""sample_routes"":{""date"":""2026-09-14"",""run_id"":""e8d1f5b91b6f405ba6c0267da8ed117d""},""join_samples"":{""date"":""2026-09-14"",""run_id"":""a045e95393294f6cad1ab8807c001ca6""},""upload_data"":{""date"":""2026-09-14"",""run_id"":""c16ad7f93e1d46c2ae1ca883b048c216""}}"
1589,589,"49.9798776 , -94.3984714","49.840343600000004 , -94.3980514",urban-urban,mixed,1748,"{""sample_routes"":{""date"":""2026-09-14"",""run_id"":""e8d1f5b91b6f405ba6c0267da8ed117d""},""join_samples"":{""date"":""2026-09-14"",""run_id"":""a045e95393294f6cad1ab8807c001ca6""},""upload_data"":{""date"":""2026-09-14"",""run_id"":""c16ad7f93e1d46c2ae1ca883b048c216""}}"
1594,594,"44.457826100000005 , -77.00000340000001","44.296273500000005 , -77.1615295",urban-urban,mixed,1857,"{""sample_routes"":{""date"":""2026-09-14"",""run_id"":""e8d1f5b91b6f405ba6c0267da8ed117d""},""join_samples"":{""date"":""2026-09-14"",""run_id"":""a045e95393294f6cad1ab8807c001ca6""},""upload_data"":{""date"":""2026-09-14"",""run_id"":""c16ad7f93e1d46c2ae1ca883b048c216""}}"
1595,595,"45.225779 , -79.48530840000001","45.0332439 , -79.29283620000001",urban-urban,mixed,1857,"{""sample_routes"":{""date"":""2026-09-14"",""run_id"":""e8d1f5b91b6f405ba6c0267da8ed117d""},""join_samples"":{""date"":""2026-09-14"",""run_id"":""a045e95393294f6cad1ab8807c001ca6""},""upload_data"":{""date"":""2026-09-14"",""run_id"":""c16ad7f93e1d46c2ae1ca883b048c216""}}"
1597,597,"43.4887542 , -79.86189970000001","43.6917872 , -80.0649618",urban-rural,mixed,1742,"{""sample_routes"":{""date"":""2026-09-14"",""run_id"":""e8d1f5b91b6f405ba6c0267da8ed117d""},""join_samples"":{""date"":""2026-09-14"",""run_id"":""a045e95393294f6cad1ab8807c001ca6""},""upload_data"":{""date"":""2026-09-14"",""run_id"":""c16ad7f93e1d46c2ae1ca883b048c216""}}"
1598,598,"50.124481100000004 , -93.3057981","50.257445100000005 , -93.3058067",urban-urban,mixed,1858,"{""sample_routes"":{""date"":""2026-09-14"",""run_id"":""e8d1f5b91b6f405ba6c0267da8ed117d""},""join_samples"":{""date"":""2026-09-14"",""run_id"":""a045e95393294f6cad1ab8807c001ca6""},""upload_data"":{""date"":""2026-09-14"",""run_id"":""c16ad7f93e1d46c2ae1ca883b048c216""}}"
1599,599,"44.8295867 , -79.6749185","44.828985100000004 , -79.7087829",urban-urban,mixed,1859,"{""sample_routes"":{""date"":""2026-09-14"",""run_id"":""e8d1f5b91b6f405ba6c0267da8ed117d""},""join_samples"":{""date"":""2026-09-14"",""run_id"":""a045e95393294f6cad1ab8807c001ca6""},""upload_data"":{""date"":""2026-09-14"",""run_id"":""c16ad7f93e1d46c2ae1ca883b048c216""}}"
1600,600,"44.7669143 , -76.2400951","44.7664046 , -76.44855050000001",urban-urban,mixed,1861,"{""sample_routes"":{""date"":""2026-09-14"",""run_id"":""e8d1f5b91b6f405ba6c0267da8ed117d""},""join_samples"":{""date"":""2026-09-14"",""run_id"":""a045e95393294f6cad1ab8807c001ca6""},""upload_data"":{""date"":""2026-09-14"",""run_id"":""c16ad7f93e1d46c2ae1ca883b048c216""}}"
1606,606,"45.325106700000006 , -78.9715994","45.1812575 , -78.8277753",urban-urban,mixed,1864,"{""sample_routes"":{""date"":""2026-09-14"",""run_id"":""e8d1f5b91b6f405ba6c0267da8ed117d""},""join_samples"":{""date"":""2026-09-14"",""run_id"":""a045e95393294f6cad1ab8807c001ca6""},""upload_data"":{""date"":""2026-09-14"",""run_id"":""c16ad7f93e1d46c2ae1ca883b048c216""}}"
1607,607,"44.413086400000005 , -79.5917168","44.2171413 , -79.591046",urban-urban,mixed,1864,"{""sample_routes"":{""date"":""2026-09-14"",""run_id"":""e8d1f5b91b6f405ba6c0267da8ed117d""},""join_samples"":{""date"":""2026-09-14"",""run_id"":""a045e95393294f6cad1ab8807c001ca6""},""upload_data"":{""date"":""2026-09-14"",""run_id"":""c16ad7f93e1d46c2ae1ca883b048c216""}}"
1611,611,"49.0758986 , -81.2131415","49.210813300000005 , -81.07771220000001",urban-urban,mixed,1865,"{""sample_routes"":{""date"":""2026-09-14"",""run_id"":""e8d1f5b91b6f405ba6c0267da8ed117d""},""join_samples"":{""date"":""2026-09-14"",""run_id"":""a045e95393294f6cad1ab8807c001ca6""},""upload_data"":{""date"":""2026-09-14"",""run_id"":""c16ad7f93e1d46c2ae1ca883b048c216""}}"
1612,612,"45.173586400000005 , -79.13623700000001","45.3734874 , -79.1362534",urban-urban,mixed,1865,"{""sample_routes"":{""date"":""2026-09-14"",""run_id"":""e8d1f5b91b6f405ba6c0267da8ed117d""},""join_samples"":{""date"":""2026-09-14"",""run_id"":""a045e95393294f6cad1ab8807c001ca6""},""upload_data"":{""date"":""2026-09-14"",""run_id"":""c16ad7f93e1d46c2ae1ca883b048c216""}}"
1613,613,"44.9628621 , -78.6279969","44.9627725 , -78.390422",urban-urban,mixed,1867,"{""sample_routes"":{""date"":""2026-09-14"",""run_id"":""e8d1f5b91b6f405ba6c0267da8ed117d""},""join_samples"":{""date"":""2026-09-14"",""run_id"":""a045e95393294f6cad1ab8807c001ca6""},""upload_data"":{""date"":""2026-09-14"",""run_id"":""c16ad7f93e1d46c2ae1ca883b048c216""}}"
1616,616,"43.122308700000005 , -80.2863313","43.122762 , -79.92971730000001",urban-urban,mixed,1869,"{""sample_routes"":{""date"":""2026-09-14"",""run_id"":""e8d1f5b91b6f405ba6c0267da8ed117d""},""join_samples"":{""date"":""2026-09-14"",""run_id"":""a045e95393294f6cad1ab8807c001ca6""},""upload_data"":{""date"":""2026-09-14"",""run_id"":""c16ad7f93e1d46c2ae1ca883b048c216""}}"
1619,619,"49.2668623 , -84.6702592","49.412803700000005 , -84.66961570000001",urban-urban,mixed,1870,"{""sample_routes"":{""date"":""2026-09-14"",""run_id"":""e8d1f5b91b6f405ba6c0267da8ed117d""},""join_samples"":{""date"":""2026-09-14"",""run_id"":""a045e95393294f6cad1ab8807c001ca6""},""upload_data"":{""date"":""2026-09-14"",""run_id"":""c16ad7f93e1d46c2ae1ca883b048c216""}}"
1625,625,"45.7693048 , -79.40068880000001","46.100981600000004 , -79.40044680000001",urban-urban,mixed,1872,"{""sample_routes"":{""date"":""2026-09-14"",""run_id"":""e8d1f5b91b6f405ba6c0267da8ed117d""},""join_samples"":{""date"":""2026-09-14"",""run_id"":""a045e95393294f6cad1ab8807c001ca6""},""upload_data"":{""date"":""2026-09-14"",""run_id"":""c16ad7f93e1d46c2ae1ca883b048c216""}}"
1627,627,"45.3847146 , -75.73127260000001","45.142972900000004 , -75.7306379",urban-rural,mixed,1873,"{""sample_routes"":{""date"":""2026-09-14"",""run_id"":""e8d1f5b91b6f405ba6c0267da8ed117d""},""join_samples"":{""date"":""2026-09-14"",""run_id"":""a045e95393294f6cad1ab8807c001ca6""},""upload_data"":{""date"":""2026-09-14"",""run_id"":""c16ad7f93e1d46c2ae1ca883b048c216""}}"
1630,630,"43.243459 , -79.8151258","43.0647116 , -79.63672100000001",urban-rural,mixed,1876,"{""sample_routes"":{""date"":""2026-09-14"",""run_id"":""e8d1f5b91b6f405ba6c0267da8ed117d""},""join_samples"":{""date"":""2026-09-14"",""run_id"":""a045e95393294f6cad1ab8807c001ca6""},""upload_data"":{""date"":""2026-09-14"",""run_id"":""c16ad7f93e1d46c2ae1ca883b048c216""}}"
1631,631,"44.1768002 , -77.3410884","44.176500600000004 , -77.6855986",urban-urban,mixed,1876,"{""sample_routes"":{""date"":""2026-09-14"",""run_id"":""e8d1f5b91b6f405ba6c0267da8ed117d""},""join_samples"":{""date"":""2026-09-14"",""run_id"":""a045e95393294f6cad1ab8807c001ca6""},""upload_data"":{""date"":""2026-09-14"",""run_id"":""c16ad7f93e1d46c2ae1ca883b048c216""}}"
1634,634,"44.3218577 , -81.2831139","44.593089500000005 , -81.28376870000001",rural-urban,mixed,1877,"{""sample_routes"":{""date"":""2026-09-14"",""run_id"":""e8d1f5b91b6f405ba6c0267da8ed117d""},""join_samples"":{""date"":""2026-09-14"",""run_id"":""a045e95393294f6cad1ab8807c001ca6""},""upload_data"":{""date"":""2026-09-14"",""run_id"":""c16ad7f93e1d46c2ae1ca883b048c216""}}"
1635,635,"44.277735400000005 , -78.4181118","44.520310800000004 , -78.4180652",urban-rural,mixed,1878,"{""sample_routes"":{""date"":""2026-09-14"",""run_id"":""e8d1f5b91b6f405ba6c0267da8ed117d""},""join_samples"":{""date"":""2026-09-14"",""run_id"":""a045e95393294f6cad1ab8807c001ca6""},""upload_data"":{""date"":""2026-09-14"",""run_id"":""c16ad7f93e1d46c2ae1ca883b048c216""}}"
1638,638,"43.8467939 , -79.10902730000001","44.0236522 , -79.10963620000001",urban-urban,mixed,1721,"{""sample_routes"":{""date"":""2026-09-14"",""run_id"":""e8d1f5b91b6f405ba6c0267da8ed117d""},""join_samples"":{""date"":""2026-09-14"",""run_id"":""a045e95393294f6cad1ab8807c001ca6""},""upload_data"":{""date"":""2026-09-14"",""run_id"":""c16ad7f93e1d46c2ae1ca883b048c216""}}"
1639,639,"44.6112617 , -75.68066780000001","44.783775600000006 , -75.85307780000001",urban-urban,mixed,1880,"{""sample_routes"":{""date"":""2026-09-14"",""run_id"":""e8d1f5b91b6f405ba6c0267da8ed117d""},""join_samples"":{""date"":""2026-09-14"",""run_id"":""a045e95393294f6cad1ab8807c001ca6""},""upload_data"":{""date"":""2026-09-14"",""run_id"":""c16ad7f93e1d46c2ae1ca883b048c216""}}"
1640,640,"43.3665256 , -80.97640340000001","43.366326900000004 , -80.6071708",urban-rural,mixed,1880,"{""sample_routes"":{""date"":""2026-09-14"",""run_id"":""e8d1f5b91b6f405ba6c0267da8ed117d""},""join_samples"":{""date"":""2026-09-14"",""run_id"":""a045e95393294f6cad1ab8807c001ca6""},""upload_data"":{""date"":""2026-09-14"",""run_id"":""c16ad7f93e1d46c2ae1ca883b048c216""}}"
1641,641,"45.505403900000005 , -77.0054515","45.505674600000006 , -76.6574504",urban-urban,mixed,1881,"{""sample_routes"":{""date"":""2026-09-14"",""run_id"":""e8d1f5b91b6f405ba6c0267da8ed117d""},""join_samples"":{""date"":""2026-09-14"",""run_id"":""a045e95393294f6cad1ab8807c001ca6""},""upload_data"":{""date"":""2026-09-14"",""run_id"":""c16ad7f93e1d46c2ae1ca883b048c216""}}"
1644,644,"44.814190800000006 , -77.11274200000001","44.581487 , -77.1133356",urban-rural,mixed,1881,"{""sample_routes"":{""date"":""2026-09-14"",""run_id"":""e8d1f5b91b6f405ba6c0267da8ed117d""},""join_samples"":{""date"":""2026-09-14"",""run_id"":""a045e95393294f6cad1ab8807c001ca6""},""upload_data"":{""date"":""2026-09-14"",""run_id"":""c16ad7f93e1d46c2ae1ca883b048c216""}}"
1645,645,"43.8636038 , -79.8693811","43.862988300000005 , -80.1867003",urban-rural,mixed,1881,"{""sample_routes"":{""date"":""2026-09-14"",""run_id"":""e8d1f5b91b6f405ba6c0267da8ed117d""},""join_samples"":{""date"":""2026-09-14"",""run_id"":""a045e95393294f6cad1ab8807c001ca6""},""upload_data"":{""date"":""2026-09-14"",""run_id"":""c16ad7f93e1d46c2ae1ca883b048c216""}}"
1648,648,"43.3791571 , -80.99392680000001","43.3786519 , -80.6198681",urban-rural,mixed,1883,"{""sample_routes"":{""date"":""2026-09-14"",""run_id"":""e8d1f5b91b6f405ba6c0267da8ed117d""},""join_samples"":{""date"":""2026-09-14"",""run_id"":""a045e95393294f6cad1ab8807c001ca6""},""upload_data"":{""date"":""2026-09-14"",""run_id"":""c16ad7f93e1d46c2ae1ca883b048c216""}}"
1649,649,"43.499207600000005 , -79.87028620000001","43.6974176 , -79.87095260000001",urban-rural,mixed,1883,"{""sample_routes"":{""date"":""2026-09-14"",""run_id"":""e8d1f5b91b6f405ba6c0267da8ed117d""},""join_samples"":{""date"":""2026-09-14"",""run_id"":""a045e95393294f6cad1ab8807c001ca6""},""upload_data"":{""date"":""2026-09-14"",""run_id"":""c16ad7f93e1d46c2ae1ca883b048c216""}}"
1651,651,"43.7866031 , -79.6061538","43.9474011 , -79.7675889",urban-urban,mixed,1885,"{""sample_routes"":{""date"":""2026-09-14"",""run_id"":""e8d1f5b91b6f405ba6c0267da8ed117d""},""join_samples"":{""date"":""2026-09-14"",""run_id"":""a045e95393294f6cad1ab8807c001ca6""},""upload_data"":{""date"":""2026-09-14"",""run_id"":""c16ad7f93e1d46c2ae1ca883b048c216""}}"
1653,653,"43.792681300000005 , -79.33845170000001","44.1059119 , -79.3387587",urban-urban,mixed,1715,"{""sample_routes"":{""date"":""2026-09-14"",""run_id"":""e8d1f5b91b6f405ba6c0267da8ed117d""},""join_samples"":{""date"":""2026-09-14"",""run_id"":""a045e95393294f6cad1ab8807c001ca6""},""upload_data"":{""date"":""2026-09-14"",""run_id"":""c16ad7f93e1d46c2ae1ca883b048c216""}}"
1655,655,"45.053593600000006 , -79.7828934","45.157006100000004 , -79.67883760000001",rural-urban,mixed,1886,"{""sample_routes"":{""date"":""2026-09-14"",""run_id"":""e8d1f5b91b6f405ba6c0267da8ed117d""},""join_samples"":{""date"":""2026-09-14"",""run_id"":""a045e95393294f6cad1ab8807c001ca6""},""upload_data"":{""date"":""2026-09-14"",""run_id"":""c16ad7f93e1d46c2ae1ca883b048c216""}}"
1657,657,"45.086934400000004 , -78.0124413","45.087373 , -77.6640723",urban-urban,mixed,1887,"{""sample_routes"":{""date"":""2026-09-14"",""run_id"":""e8d1f5b91b6f405ba6c0267da8ed117d""},""join_samples"":{""date"":""2026-09-14"",""run_id"":""a045e95393294f6cad1ab8807c001ca6""},""upload_data"":{""date"":""2026-09-14"",""run_id"":""c16ad7f93e1d46c2ae1ca883b048c216""}}"
1658,658,"43.925350900000005 , -80.8699713","43.925545400000004 , -80.5518368",urban-urban,mixed,1887,"{""sample_routes"":{""date"":""2026-09-14"",""run_id"":""e8d1f5b91b6f405ba6c0267da8ed117d""},""join_samples"":{""date"":""2026-09-14"",""run_id"":""a045e95393294f6cad1ab8807c001ca6""},""upload_data"":{""date"":""2026-09-14"",""run_id"":""c16ad7f93e1d46c2ae1ca883b048c216""}}"
1659,659,"44.841059 , -79.3197763","44.988267400000005 , -79.17227670000001",urban-urban,mixed,1711,"{""sample_routes"":{""date"":""2026-09-14"",""run_id"":""e8d1f5b91b6f405ba6c0267da8ed117d""},""join_samples"":{""date"":""2026-09-14"",""run_id"":""a045e95393294f6cad1ab8807c001ca6""},""upload_data"":{""date"":""2026-09-14"",""run_id"":""c16ad7f93e1d46c2ae1ca883b048c216""}}"
1660,660,"44.3546807 , -78.4404607","44.354036300000004 , -78.16154800000001",urban-urban,mixed,1890,"{""sample_routes"":{""date"":""2026-09-14"",""run_id"":""e8d1f5b91b6f405ba6c0267da8ed117d""},""join_samples"":{""date"":""2026-09-14"",""run_id"":""a045e95393294f6cad1ab8807c001ca6""},""upload_data"":{""date"":""2026-09-14"",""run_id"":""c16ad7f93e1d46c2ae1ca883b048c216""}}"
1661,661,"44.407334600000006 , -76.57323430000001","44.6130919 , -76.3669941",rural-urban,mixed,1891,"{""sample_routes"":{""date"":""2026-09-14"",""run_id"":""e8d1f5b91b6f405ba6c0267da8ed117d""},""join_samples"":{""date"":""2026-09-14"",""run_id"":""a045e95393294f6cad1ab8807c001ca6""},""upload_data"":{""date"":""2026-09-14"",""run_id"":""c16ad7f93e1d46c2ae1ca883b048c216""}}"
1662,662,"44.7007793 , -78.0502309","44.7012742 , -77.9020315",urban-urban,mixed,1891,"{""sample_routes"":{""date"":""2026-09-14"",""run_id"":""e8d1f5b91b6f405ba6c0267da8ed117d""},""join_samples"":{""date"":""2026-09-14"",""run_id"":""a045e95393294f6cad1ab8807c001ca6""},""upload_data"":{""date"":""2026-09-14"",""run_id"":""c16ad7f93e1d46c2ae1ca883b048c216""}}"
1663,663,"46.5439236 , -84.2235737","46.734016700000005 , -84.41382560000001",rural-urban,mixed,1892,"{""sample_routes"":{""date"":""2026-09-14"",""run_id"":""e8d1f5b91b6f405ba6c0267da8ed117d""},""join_samples"":{""date"":""2026-09-14"",""run_id"":""a045e95393294f6cad1ab8807c001ca6""},""upload_data"":{""date"":""2026-09-14"",""run_id"":""c16ad7f93e1d46c2ae1ca883b048c216""}}"
1664,664,"44.4679525 , -78.0558943","44.468157700000006 , -78.3073584",urban-rural,mixed,1893,"{""sample_routes"":{""date"":""2026-09-14"",""run_id"":""e8d1f5b91b6f405ba6c0267da8ed117d""},""join_samples"":{""date"":""2026-09-14"",""run_id"":""a045e95393294f6cad1ab8807c001ca6""},""upload_data"":{""date"":""2026-09-14"",""run_id"":""c16ad7f93e1d46c2ae1ca883b048c216""}}"
1668,668,"45.501646300000004 , -77.44099030000001","45.50142 , -77.7925742",urban-urban,mixed,1895,"{""sample_routes"":{""date"":""2026-09-14"",""run_id"":""e8d1f5b91b6f405ba6c0267da8ed117d""},""join_samples"":{""date"":""2026-09-14"",""run_id"":""a045e95393294f6cad1ab8807c001ca6""},""upload_data"":{""date"":""2026-09-14"",""run_id"":""c16ad7f93e1d46c2ae1ca883b048c216""}}"
1670,670,"48.4653605 , -89.2603826","48.6548111 , -89.4496561",urban-urban,mixed,1896,"{""sample_routes"":{""date"":""2026-09-14"",""run_id"":""e8d1f5b91b6f405ba6c0267da8ed117d""},""join_samples"":{""date"":""2026-09-14"",""run_id"":""a045e95393294f6cad1ab8807c001ca6""},""upload_data"":{""date"":""2026-09-14"",""run_id"":""c16ad7f93e1d46c2ae1ca883b048c216""}}"
1672,672,"44.5045232 , -76.8797016","44.5043164 , -76.6072695",urban-urban,mixed,1897,"{""sample_routes"":{""date"":""2026-09-14"",""run_id"":""e8d1f5b91b6f405ba6c0267da8ed117d""},""join_samples"":{""date"":""2026-09-14"",""run_id"":""a045e95393294f6cad1ab8807c001ca6""},""upload_data"":{""date"":""2026-09-14"",""run_id"":""c16ad7f93e1d46c2ae1ca883b048c216""}}"
1678,678,"44.903393900000005 , -78.4198113","45.017494500000005 , -78.53348390000001",urban-urban,mixed,1900,"{""sample_routes"":{""date"":""2026-09-14"",""run_id"":""e8d1f5b91b6f405ba6c0267da8ed117d""},""join_samples"":{""date"":""2026-09-14"",""run_id"":""a045e95393294f6cad1ab8807c001ca6""},""upload_data"":{""date"":""2026-09-14"",""run_id"":""c16ad7f93e1d46c2ae1ca883b048c216""}}"
1681,681,"44.2915543 , -78.3205027","44.2909122 , -78.63531660000001",urban-urban,mixed,1700,"{""sample_routes"":{""date"":""2026-09-14"",""run_id"":""e8d1f5b91b6f405ba6c0267da8ed117d""},""join_samples"":{""date"":""2026-09-14"",""run_id"":""a045e95393294f6cad1ab8807c001ca6""},""upload_data"":{""date"":""2026-09-14"",""run_id"":""c16ad7f93e1d46c2ae1ca883b048c216""}}"
1683,683,"44.9162991 , -79.1392682","44.989580700000005 , -79.06567600000001",urban-urban,mixed,1902,"{""sample_routes"":{""date"":""2026-09-14"",""run_id"":""e8d1f5b91b6f405ba6c0267da8ed117d""},""join_samples"":{""date"":""2026-09-14"",""run_id"":""a045e95393294f6cad1ab8807c001ca6""},""upload_data"":{""date"":""2026-09-14"",""run_id"":""c16ad7f93e1d46c2ae1ca883b048c216""}}"
1684,684,"45.380048 , -75.68723220000001","45.2132164 , -75.68672740000001",urban-urban,mixed,1696,"{""sample_routes"":{""date"":""2026-09-14"",""run_id"":""e8d1f5b91b6f405ba6c0267da8ed117d""},""join_samples"":{""date"":""2026-09-14"",""run_id"":""a045e95393294f6cad1ab8807c001ca6""},""upload_data"":{""date"":""2026-09-14"",""run_id"":""c16ad7f93e1d46c2ae1ca883b048c216""}}"
1686,686,"42.995051100000005 , -81.2503362","42.808910700000006 , -81.06397960000001",urban-rural,mixed,1695,"{""sample_routes"":{""date"":""2026-09-14"",""run_id"":""e8d1f5b91b6f405ba6c0267da8ed117d""},""join_samples"":{""date"":""2026-09-14"",""run_id"":""a045e95393294f6cad1ab8807c001ca6""},""upload_data"":{""date"":""2026-09-14"",""run_id"":""c16ad7f93e1d46c2ae1ca883b048c216""}}"
1689,689,"43.668351200000004 , -79.5997552","44.0313372 , -79.60010050000001",urban-urban,mixed,1907,"{""sample_routes"":{""date"":""2026-09-14"",""run_id"":""e8d1f5b91b6f405ba6c0267da8ed117d""},""join_samples"":{""date"":""2026-09-14"",""run_id"":""a045e95393294f6cad1ab8807c001ca6""},""upload_data"":{""date"":""2026-09-14"",""run_id"":""c16ad7f93e1d46c2ae1ca883b048c216""}}"
1690,690,"46.2602442 , -80.44823070000001","46.421413900000005 , -80.2872413",urban-urban,mixed,1907,"{""sample_routes"":{""date"":""2026-09-14"",""run_id"":""e8d1f5b91b6f405ba6c0267da8ed117d""},""join_samples"":{""date"":""2026-09-14"",""run_id"":""a045e95393294f6cad1ab8807c001ca6""},""upload_data"":{""date"":""2026-09-14"",""run_id"":""c16ad7f93e1d46c2ae1ca883b048c216""}}"
1691,691,"43.5777535 , -79.7690486","43.7554242 , -79.9464694",urban-rural,mixed,1907,"{""sample_routes"":{""date"":""2026-09-14"",""run_id"":""e8d1f5b91b6f405ba6c0267da8ed117d""},""join_samples"":{""date"":""2026-09-14"",""run_id"":""a045e95393294f6cad1ab8807c001ca6""},""upload_data"":{""date"":""2026-09-14"",""run_id"":""c16ad7f93e1d46c2ae1ca883b048c216""}}"
1692,692,"44.2581148 , -76.5432832","44.446811800000006 , -76.35422650000001",urban-urban,mixed,1693,"{""sample_routes"":{""date"":""2026-09-14"",""run_id"":""e8d1f5b91b6f405ba6c0267da8ed117d""},""join_samples"":{""date"":""2026-09-14"",""run_id"":""a045e95393294f6cad1ab8807c001ca6""},""upload_data"":{""date"":""2026-09-14"",""run_id"":""c16ad7f93e1d46c2ae1ca883b048c216""}}"
1694,694,"46.8195045 , -80.8686308","46.990880600000004 , -80.86927680000001",urban-urban,mixed,1692,"{""sample_routes"":{""date"":""2026-09-14"",""run_id"":""e8d1f5b91b6f405ba6c0267da8ed117d""},""join_samples"":{""date"":""2026-09-14"",""run_id"":""a045e95393294f6cad1ab8807c001ca6""},""upload_data"":{""date"":""2026-09-14"",""run_id"":""c16ad7f93e1d46c2ae1ca883b048c216""}}"
1695,695,"43.9148367 , -79.4724869","44.063245200000004 , -79.6202561",urban-urban,mixed,1692,"{""sample_routes"":{""date"":""2026-09-14"",""run_id"":""e8d1f5b91b6f405ba6c0267da8ed117d""},""join_samples"":{""date"":""2026-09-14"",""run_id"":""a045e95393294f6cad1ab8807c001ca6""},""upload_data"":{""date"":""2026-09-14"",""run_id"":""c16ad7f93e1d46c2ae1ca883b048c216""}}"
1696,696,"43.3687045 , -80.3374974","43.368474600000006 , -79.99172940000001",urban-urban,mixed,1910,"{""sample_routes"":{""date"":""2026-09-14"",""run_id"":""e8d1f5b91b6f405ba6c0267da8ed117d""},""join_samples"":{""date"":""2026-09-14"",""run_id"":""a045e95393294f6cad1ab8807c001ca6""},""upload_data"":{""date"":""2026-09-14"",""run_id"":""c16ad7f93e1d46c2ae1ca883b048c216""}}"
1698,698,"44.9112492 , -78.1271401","45.0547459 , -77.98314020000001",urban-urban,mixed,1911,"{""sample_routes"":{""date"":""2026-09-14"",""run_id"":""e8d1f5b91b6f405ba6c0267da8ed117d""},""join_samples"":{""date"":""2026-09-14"",""run_id"":""a045e95393294f6cad1ab8807c001ca6""},""upload_data"":{""date"":""2026-09-14"",""run_id"":""c16ad7f93e1d46c2ae1ca883b048c216""}}"
1699,699,"46.4667678 , -81.0183925","46.625 , -81.1761075",urban-urban,mixed,1689,"{""sample_routes"":{""date"":""2026-09-14"",""run_id"":""e8d1f5b91b6f405ba6c0267da8ed117d""},""join_samples"":{""date"":""2026-09-14"",""run_id"":""a045e95393294f6cad1ab8807c001ca6""},""upload_data"":{""date"":""2026-09-14"",""run_id"":""c16ad7f93e1d46c2ae1ca883b048c216""}}"
1700,700,"45.153047300000004 , -77.1562591","45.0782905 , -77.1561124",urban-urban,mixed,1911,"{""sample_routes"":{""date"":""2026-09-14"",""run_id"":""e8d1f5b91b6f405ba6c0267da8ed117d""},""join_samples"":{""date"":""2026-09-14"",""run_id"":""a045e95393294f6cad1ab8807c001ca6""},""upload_data"":{""date"":""2026-09-14"",""run_id"":""c16ad7f93e1d46c2ae1ca883b048c216""}}"
1701,701,"44.231627200000005 , -78.57179310000001","44.405794300000004 , -78.3976926",urban-urban,mixed,1912,"{""sample_routes"":{""date"":""2026-09-14"",""run_id"":""e8d1f5b91b6f405ba6c0267da8ed117d""},""join_samples"":{""date"":""2026-09-14"",""run_id"":""a045e95393294f6cad1ab8807c001ca6""},""upload_data"":{""date"":""2026-09-14"",""run_id"":""c16ad7f93e1d46c2ae1ca883b048c216""}}"
1703,703,"44.1222099 , -77.5023754","44.121538 , -77.8391009",urban-urban,mixed,1912,"{""sample_routes"":{""date"":""2026-09-14"",""run_id"":""e8d1f5b91b6f405ba6c0267da8ed117d""},""join_samples"":{""date"":""2026-09-14"",""run_id"":""a045e95393294f6cad1ab8807c001ca6""},""upload_data"":{""date"":""2026-09-14"",""run_id"":""c16ad7f93e1d46c2ae1ca883b048c216""}}"
1704,704,"44.946107600000005 , -78.0513729","45.1056176 , -78.0519362",urban-urban,mixed,1913,"{""sample_routes"":{""date"":""2026-09-14"",""run_id"":""e8d1f5b91b6f405ba6c0267da8ed117d""},""join_samples"":{""date"":""2026-09-14"",""run_id"":""a045e95393294f6cad1ab8807c001ca6""},""upload_data"":{""date"":""2026-09-14"",""run_id"":""c16ad7f93e1d46c2ae1ca883b048c216""}}"
1705,705,"43.7975008 , -79.21182560000001","43.921930700000004 , -79.21150200000001",urban-rural,mixed,1687,"{""sample_routes"":{""date"":""2026-09-14"",""run_id"":""e8d1f5b91b6f405ba6c0267da8ed117d""},""join_samples"":{""date"":""2026-09-14"",""run_id"":""a045e95393294f6cad1ab8807c001ca6""},""upload_data"":{""date"":""2026-09-14"",""run_id"":""c16ad7f93e1d46c2ae1ca883b048c216""}}"
1710,710,"42.904940700000004 , -78.94014100000001","42.9045428 , -79.33746670000001",urban-urban,mixed,1915,"{""sample_routes"":{""date"":""2026-09-14"",""run_id"":""e8d1f5b91b6f405ba6c0267da8ed117d""},""join_samples"":{""date"":""2026-09-14"",""run_id"":""a045e95393294f6cad1ab8807c001ca6""},""upload_data"":{""date"":""2026-09-14"",""run_id"":""c16ad7f93e1d46c2ae1ca883b048c216""}}"
1714,714,"44.8263485 , -76.2473902","44.990885000000006 , -76.08253110000001",urban-urban,mixed,1916,"{""sample_routes"":{""date"":""2026-09-14"",""run_id"":""e8d1f5b91b6f405ba6c0267da8ed117d""},""join_samples"":{""date"":""2026-09-14"",""run_id"":""a045e95393294f6cad1ab8807c001ca6""},""upload_data"":{""date"":""2026-09-14"",""run_id"":""c16ad7f93e1d46c2ae1ca883b048c216""}}"
1715,715,"43.308157200000004 , -79.83379070000001","43.5672136 , -79.8342367",urban-rural,mixed,1916,"{""sample_routes"":{""date"":""2026-09-14"",""run_id"":""e8d1f5b91b6f405ba6c0267da8ed117d""},""join_samples"":{""date"":""2026-09-14"",""run_id"":""a045e95393294f6cad1ab8807c001ca6""},""upload_data"":{""date"":""2026-09-14"",""run_id"":""c16ad7f93e1d46c2ae1ca883b048c216""}}"
1718,718,"44.297848900000005 , -78.3690795","44.031192700000005 , -78.36901440000001",urban-rural,mixed,1917,"{""sample_routes"":{""date"":""2026-09-14"",""run_id"":""e8d1f5b91b6f405ba6c0267da8ed117d""},""join_samples"":{""date"":""2026-09-14"",""run_id"":""a045e95393294f6cad1ab8807c001ca6""},""upload_data"":{""date"":""2026-09-14"",""run_id"":""c16ad7f93e1d46c2ae1ca883b048c216""}}"
1719,719,"44.6100931 , -76.12178010000001","44.736188000000006 , -76.2476603",urban-urban,mixed,1683,"{""sample_routes"":{""date"":""2026-09-14"",""run_id"":""e8d1f5b91b6f405ba6c0267da8ed117d""},""join_samples"":{""date"":""2026-09-14"",""run_id"":""a045e95393294f6cad1ab8807c001ca6""},""upload_data"":{""date"":""2026-09-14"",""run_id"":""c16ad7f93e1d46c2ae1ca883b048c216""}}"
1720,720,"43.8975991 , -78.89323470000001","44.118017300000005 , -79.11417250000001",urban-urban,mixed,1918,"{""sample_routes"":{""date"":""2026-09-14"",""run_id"":""e8d1f5b91b6f405ba6c0267da8ed117d""},""join_samples"":{""date"":""2026-09-14"",""run_id"":""a045e95393294f6cad1ab8807c001ca6""},""upload_data"":{""date"":""2026-09-14"",""run_id"":""c16ad7f93e1d46c2ae1ca883b048c216""}}"
1723,723,"43.4243207 , -80.40061510000001","43.4241983 , -79.969233",urban-rural,mixed,1919,"{""sample_routes"":{""date"":""2026-09-14"",""run_id"":""e8d1f5b91b6f405ba6c0267da8ed117d""},""join_samples"":{""date"":""2026-09-14"",""run_id"":""a045e95393294f6cad1ab8807c001ca6""},""upload_data"":{""date"":""2026-09-14"",""run_id"":""c16ad7f93e1d46c2ae1ca883b048c216""}}"
1724,724,"45.096726100000005 , -78.13763110000001","44.900970300000004 , -78.13758270000001",urban-urban,mixed,1919,"{""sample_routes"":{""date"":""2026-09-14"",""run_id"":""e8d1f5b91b6f405ba6c0267da8ed117d""},""join_samples"":{""date"":""2026-09-14"",""run_id"":""a045e95393294f6cad1ab8807c001ca6""},""upload_data"":{""date"":""2026-09-14"",""run_id"":""c16ad7f93e1d46c2ae1ca883b048c216""}}"
1725,725,"49.688189400000006 , -94.3376551","49.8060812 , -94.4551452",urban-urban,mixed,1681,"{""sample_routes"":{""date"":""2026-09-14"",""run_id"":""e8d1f5b91b6f405ba6c0267da8ed117d""},""join_samples"":{""date"":""2026-09-14"",""run_id"":""a045e95393294f6cad1ab8807c001ca6""},""upload_data"":{""date"":""2026-09-14"",""run_id"":""c16ad7f93e1d46c2ae1ca883b048c216""}}"
1727,727,"44.9554905 , -79.3716663","45.148397900000006 , -79.178855",urban-urban,mixed,1920,"{""sample_routes"":{""date"":""2026-09-14"",""run_id"":""e8d1f5b91b6f405ba6c0267da8ed117d""},""join_samples"":{""date"":""2026-09-14"",""run_id"":""a045e95393294f6cad1ab8807c001ca6""},""upload_data"":{""date"":""2026-09-14"",""run_id"":""c16ad7f93e1d46c2ae1ca883b048c216""}}"
1728,728,"43.7488158 , -79.8290633","43.920691000000005 , -79.65705170000001",urban-urban,mixed,1921,"{""sample_routes"":{""date"":""2026-09-14"",""run_id"":""e8d1f5b91b6f405ba6c0267da8ed117d""},""join_samples"":{""date"":""2026-09-14"",""run_id"":""a045e95393294f6cad1ab8807c001ca6""},""upload_data"":{""date"":""2026-09-14"",""run_id"":""c16ad7f93e1d46c2ae1ca883b048c216""}}"
1730,730,"45.0227979 , -78.3699958","44.9819083 , -78.3699315",rural-urban,mixed,1679,"{""sample_routes"":{""date"":""2026-09-14"",""run_id"":""e8d1f5b91b6f405ba6c0267da8ed117d""},""join_samples"":{""date"":""2026-09-14"",""run_id"":""a045e95393294f6cad1ab8807c001ca6""},""upload_data"":{""date"":""2026-09-14"",""run_id"":""c16ad7f93e1d46c2ae1ca883b048c216""}}"
1731,731,"45.212405200000006 , -79.31206","44.906147100000005 , -79.3117381",rural-urban,mixed,1922,"{""sample_routes"":{""date"":""2026-09-14"",""run_id"":""e8d1f5b91b6f405ba6c0267da8ed117d""},""join_samples"":{""date"":""2026-09-14"",""run_id"":""a045e95393294f6cad1ab8807c001ca6""},""upload_data"":{""date"":""2026-09-14"",""run_id"":""c16ad7f93e1d46c2ae1ca883b048c216""}}"
1732,732,"44.466907600000006 , -80.90463600000001","44.4665398 , -80.59062510000001",urban-urban,mixed,1678,"{""sample_routes"":{""date"":""2026-09-14"",""run_id"":""e8d1f5b91b6f405ba6c0267da8ed117d""},""join_samples"":{""date"":""2026-09-14"",""run_id"":""a045e95393294f6cad1ab8807c001ca6""},""upload_data"":{""date"":""2026-09-14"",""run_id"":""c16ad7f93e1d46c2ae1ca883b048c216""}}"
1734,734,"44.244578600000004 , -77.3254661","44.078581500000006 , -77.325433",rural-urban,mixed,1676,"{""sample_routes"":{""date"":""2026-09-14"",""run_id"":""e8d1f5b91b6f405ba6c0267da8ed117d""},""join_samples"":{""date"":""2026-09-14"",""run_id"":""a045e95393294f6cad1ab8807c001ca6""},""upload_data"":{""date"":""2026-09-14"",""run_id"":""c16ad7f93e1d46c2ae1ca883b048c216""}}"
1738,738,"44.516855 , -80.2499014","44.3470833 , -80.0803753",urban-rural,mixed,1675,"{""sample_routes"":{""date"":""2026-09-14"",""run_id"":""e8d1f5b91b6f405ba6c0267da8ed117d""},""join_samples"":{""date"":""2026-09-14"",""run_id"":""a045e95393294f6cad1ab8807c001ca6""},""upload_data"":{""date"":""2026-09-14"",""run_id"":""c16ad7f93e1d46c2ae1ca883b048c216""}}"
1740,740,"43.7340524 , -79.7179466","43.5241959 , -79.9284626",urban-rural,mixed,1925,"{""sample_routes"":{""date"":""2026-09-14"",""run_id"":""e8d1f5b91b6f405ba6c0267da8ed117d""},""join_samples"":{""date"":""2026-09-14"",""run_id"":""a045e95393294f6cad1ab8807c001ca6""},""upload_data"":{""date"":""2026-09-14"",""run_id"":""c16ad7f93e1d46c2ae1ca883b048c216""}}"
1743,743,"43.5607113 , -80.271443","43.5609346 , -80.55845070000001",urban-rural,mixed,1674,"{""sample_routes"":{""date"":""2026-09-14"",""run_id"":""e8d1f5b91b6f405ba6c0267da8ed117d""},""join_samples"":{""date"":""2026-09-14"",""run_id"":""a045e95393294f6cad1ab8807c001ca6""},""upload_data"":{""date"":""2026-09-14"",""run_id"":""c16ad7f93e1d46c2ae1ca883b048c216""}}"
1745,745,"49.839198200000006 , -94.36205290000001","49.839230500000006 , -94.6119087",urban-urban,mixed,1672,"{""sample_routes"":{""date"":""2026-09-14"",""run_id"":""e8d1f5b91b6f405ba6c0267da8ed117d""},""join_samples"":{""date"":""2026-09-14"",""run_id"":""a045e95393294f6cad1ab8807c001ca6""},""upload_data"":{""date"":""2026-09-14"",""run_id"":""c16ad7f93e1d46c2ae1ca883b048c216""}}"
1746,746,"43.2191172 , -79.63425690000001","43.0308481 , -79.4458374",urban-urban,mixed,1928,"{""sample_routes"":{""date"":""2026-09-14"",""run_id"":""e8d1f5b91b6f405ba6c0267da8ed117d""},""join_samples"":{""date"":""2026-09-14"",""run_id"":""a045e95393294f6cad1ab8807c001ca6""},""upload_data"":{""date"":""2026-09-14"",""run_id"":""c16ad7f93e1d46c2ae1ca883b048c216""}}"
1749,749,"49.164121300000005 , -90.8948993","49.3007064 , -91.0319692",urban-urban,mixed,1929,"{""sample_routes"":{""date"":""2026-09-14"",""run_id"":""e8d1f5b91b6f405ba6c0267da8ed117d""},""join_samples"":{""date"":""2026-09-14"",""run_id"":""a045e95393294f6cad1ab8807c001ca6""},""upload_data"":{""date"":""2026-09-14"",""run_id"":""c16ad7f93e1d46c2ae1ca883b048c216""}}"
1751,751,"44.307121800000004 , -79.5678494","44.4190284 , -79.56741910000001",urban-urban,mixed,1670,"{""sample_routes"":{""date"":""2026-09-14"",""run_id"":""e8d1f5b91b6f405ba6c0267da8ed117d""},""join_samples"":{""date"":""2026-09-14"",""run_id"":""a045e95393294f6cad1ab8807c001ca6""},""upload_data"":{""date"":""2026-09-14"",""run_id"":""c16ad7f93e1d46c2ae1ca883b048c216""}}"
1754,754,"45.0639625 , -78.1425147","45.015387600000004 , -78.1427738",urban-urban,mixed,1931,"{""sample_routes"":{""date"":""2026-09-14"",""run_id"":""e8d1f5b91b6f405ba6c0267da8ed117d""},""join_samples"":{""date"":""2026-09-14"",""run_id"":""a045e95393294f6cad1ab8807c001ca6""},""upload_data"":{""date"":""2026-09-14"",""run_id"":""c16ad7f93e1d46c2ae1ca883b048c216""}}"
1760,760,"45.017154700000006 , -79.6199491","45.1879964 , -79.6200228",urban-urban,mixed,1666,"{""sample_routes"":{""date"":""2026-09-14"",""run_id"":""e8d1f5b91b6f405ba6c0267da8ed117d""},""join_samples"":{""date"":""2026-09-14"",""run_id"":""a045e95393294f6cad1ab8807c001ca6""},""upload_data"":{""date"":""2026-09-14"",""run_id"":""c16ad7f93e1d46c2ae1ca883b048c216""}}"
1762,762,"43.765074600000005 , -79.3193947","44.025548400000005 , -79.0584412",urban-urban,mixed,1935,"{""sample_routes"":{""date"":""2026-09-14"",""run_id"":""e8d1f5b91b6f405ba6c0267da8ed117d""},""join_samples"":{""date"":""2026-09-14"",""run_id"":""a045e95393294f6cad1ab8807c001ca6""},""upload_data"":{""date"":""2026-09-14"",""run_id"":""c16ad7f93e1d46c2ae1ca883b048c216""}}"
1763,763,"44.8361456 , -76.24052920000001","44.979065000000006 , -76.09785140000001",urban-urban,mixed,1935,"{""sample_routes"":{""date"":""2026-09-14"",""run_id"":""e8d1f5b91b6f405ba6c0267da8ed117d""},""join_samples"":{""date"":""2026-09-14"",""run_id"":""a045e95393294f6cad1ab8807c001ca6""},""upload_data"":{""date"":""2026-09-14"",""run_id"":""c16ad7f93e1d46c2ae1ca883b048c216""}}"
1764,764,"43.337614800000004 , -79.8809413","43.1117993 , -80.10735910000001",urban-rural,mixed,1935,"{""sample_routes"":{""date"":""2026-09-14"",""run_id"":""e8d1f5b91b6f405ba6c0267da8ed117d""},""join_samples"":{""date"":""2026-09-14"",""run_id"":""a045e95393294f6cad1ab8807c001ca6""},""upload_data"":{""date"":""2026-09-14"",""run_id"":""c16ad7f93e1d46c2ae1ca883b048c216""}}"
1765,765,"43.364794 , -80.343455","43.3647093 , -80.7017998",urban-urban,mixed,1936,"{""sample_routes"":{""date"":""2026-09-14"",""run_id"":""e8d1f5b91b6f405ba6c0267da8ed117d""},""join_samples"":{""date"":""2026-09-14"",""run_id"":""a045e95393294f6cad1ab8807c001ca6""},""upload_data"":{""date"":""2026-09-14"",""run_id"":""c16ad7f93e1d46c2ae1ca883b048c216""}}"
1767,767,"49.8399993 , -93.4442836","49.9831275 , -93.58727660000001",rural-urban,mixed,1664,"{""sample_routes"":{""date"":""2026-09-14"",""run_id"":""e8d1f5b91b6f405ba6c0267da8ed117d""},""join_samples"":{""date"":""2026-09-14"",""run_id"":""a045e95393294f6cad1ab8807c001ca6""},""upload_data"":{""date"":""2026-09-14"",""run_id"":""c16ad7f93e1d46c2ae1ca883b048c216""}}"
1770,770,"43.8250504 , -79.62678030000001","44.076151700000004 , -79.626765",urban-rural,mixed,1661,"{""sample_routes"":{""date"":""2026-09-14"",""run_id"":""e8d1f5b91b6f405ba6c0267da8ed117d""},""join_samples"":{""date"":""2026-09-14"",""run_id"":""a045e95393294f6cad1ab8807c001ca6""},""upload_data"":{""date"":""2026-09-14"",""run_id"":""c16ad7f93e1d46c2ae1ca883b048c216""}}"
1772,772,"44.5640942 , -77.81711410000001","44.3428885 , -77.817114",urban-urban,mixed,1939,"{""sample_routes"":{""date"":""2026-09-14"",""run_id"":""e8d1f5b91b6f405ba6c0267da8ed117d""},""join_samples"":{""date"":""2026-09-14"",""run_id"":""a045e95393294f6cad1ab8807c001ca6""},""upload_data"":{""date"":""2026-09-14"",""run_id"":""c16ad7f93e1d46c2ae1ca883b048c216""}}"
1776,776,"44.7960251 , -76.1912841","44.652177300000005 , -76.19122320000001",urban-rural,mixed,1660,"{""sample_routes"":{""date"":""2026-09-14"",""run_id"":""e8d1f5b91b6f405ba6c0267da8ed117d""},""join_samples"":{""date"":""2026-09-14"",""run_id"":""a045e95393294f6cad1ab8807c001ca6""},""upload_data"":{""date"":""2026-09-14"",""run_id"":""c16ad7f93e1d46c2ae1ca883b048c216""}}"
1777,777,"44.338302500000005 , -78.3506971","44.089330700000005 , -78.35132250000001",urban-urban,mixed,1940,"{""sample_routes"":{""date"":""2026-09-14"",""run_id"":""e8d1f5b91b6f405ba6c0267da8ed117d""},""join_samples"":{""date"":""2026-09-14"",""run_id"":""a045e95393294f6cad1ab8807c001ca6""},""upload_data"":{""date"":""2026-09-14"",""run_id"":""c16ad7f93e1d46c2ae1ca883b048c216""}}"
1778,778,"43.6923047 , -79.7481736","43.9355588 , -79.7482974",urban-rural,mixed,1941,"{""sample_routes"":{""date"":""2026-09-14"",""run_id"":""e8d1f5b91b6f405ba6c0267da8ed117d""},""join_samples"":{""date"":""2026-09-14"",""run_id"":""a045e95393294f6cad1ab8807c001ca6""},""upload_data"":{""date"":""2026-09-14"",""run_id"":""c16ad7f93e1d46c2ae1ca883b048c216""}}"
1779,779,"43.4617547 , -80.3397856","43.2591404 , -80.33998720000001",urban-urban,mixed,1659,"{""sample_routes"":{""date"":""2026-09-14"",""run_id"":""e8d1f5b91b6f405ba6c0267da8ed117d""},""join_samples"":{""date"":""2026-09-14"",""run_id"":""a045e95393294f6cad1ab8807c001ca6""},""upload_data"":{""date"":""2026-09-14"",""run_id"":""c16ad7f93e1d46c2ae1ca883b048c216""}}"
1781,781,"43.988652300000005 , -79.37883910000001","44.284134200000004 , -79.3792866",urban-urban,mixed,1941,"{""sample_routes"":{""date"":""2026-09-14"",""run_id"":""e8d1f5b91b6f405ba6c0267da8ed117d""},""join_samples"":{""date"":""2026-09-14"",""run_id"":""a045e95393294f6cad1ab8807c001ca6""},""upload_data"":{""date"":""2026-09-14"",""run_id"":""c16ad7f93e1d46c2ae1ca883b048c216""}}"
1782,782,"44.6166798 , -78.71796400000001","44.617341 , -78.4647245",urban-urban,mixed,1942,"{""sample_routes"":{""date"":""2026-09-14"",""run_id"":""e8d1f5b91b6f405ba6c0267da8ed117d""},""join_samples"":{""date"":""2026-09-14"",""run_id"":""a045e95393294f6cad1ab8807c001ca6""},""upload_data"":{""date"":""2026-09-14"",""run_id"":""c16ad7f93e1d46c2ae1ca883b048c216""}}"
1784,784,"43.826042300000005 , -79.1079476","43.9953881 , -78.9391695",urban-rural,mixed,1657,"{""sample_routes"":{""date"":""2026-09-14"",""run_id"":""e8d1f5b91b6f405ba6c0267da8ed117d""},""join_samples"":{""date"":""2026-09-14"",""run_id"":""a045e95393294f6cad1ab8807c001ca6""},""upload_data"":{""date"":""2026-09-14"",""run_id"":""c16ad7f93e1d46c2ae1ca883b048c216""}}"
1786,786,"45.2539298 , -79.77606130000001","45.472860100000005 , -79.99525320000001",urban-urban,mixed,1944,"{""sample_routes"":{""date"":""2026-09-14"",""run_id"":""e8d1f5b91b6f405ba6c0267da8ed117d""},""join_samples"":{""date"":""2026-09-14"",""run_id"":""a045e95393294f6cad1ab8807c001ca6""},""upload_data"":{""date"":""2026-09-14"",""run_id"":""c16ad7f93e1d46c2ae1ca883b048c216""}}"
1787,787,"43.219343300000006 , -79.85528070000001","43.2196519 , -80.19598690000001",urban-rural,mixed,1656,"{""sample_routes"":{""date"":""2026-09-14"",""run_id"":""e8d1f5b91b6f405ba6c0267da8ed117d""},""join_samples"":{""date"":""2026-09-14"",""run_id"":""a045e95393294f6cad1ab8807c001ca6""},""upload_data"":{""date"":""2026-09-14"",""run_id"":""c16ad7f93e1d46c2ae1ca883b048c216""}}"
1789,789,"43.481739100000006 , -80.4671746","43.6651175 , -80.28388410000001",urban-urban,mixed,1654,"{""sample_routes"":{""date"":""2026-09-14"",""run_id"":""e8d1f5b91b6f405ba6c0267da8ed117d""},""join_samples"":{""date"":""2026-09-14"",""run_id"":""a045e95393294f6cad1ab8807c001ca6""},""upload_data"":{""date"":""2026-09-14"",""run_id"":""c16ad7f93e1d46c2ae1ca883b048c216""}}"
1790,790,"48.445547100000006 , -89.19602330000001","48.4452021 , -89.5570493",urban-urban,mixed,1946,"{""sample_routes"":{""date"":""2026-09-14"",""run_id"":""e8d1f5b91b6f405ba6c0267da8ed117d""},""join_samples"":{""date"":""2026-09-14"",""run_id"":""a045e95393294f6cad1ab8807c001ca6""},""upload_data"":{""date"":""2026-09-14"",""run_id"":""c16ad7f93e1d46c2ae1ca883b048c216""}}"
1792,792,"44.3374625 , -80.3035479","44.3378846 , -80.69260290000001",urban-urban,mixed,1947,"{""sample_routes"":{""date"":""2026-09-14"",""run_id"":""e8d1f5b91b6f405ba6c0267da8ed117d""},""join_samples"":{""date"":""2026-09-14"",""run_id"":""a045e95393294f6cad1ab8807c001ca6""},""upload_data"":{""date"":""2026-09-14"",""run_id"":""c16ad7f93e1d46c2ae1ca883b048c216""}}"
1793,793,"43.044079100000005 , -79.9784944","42.8527257 , -79.9780836",rural-urban,mixed,1652,"{""sample_routes"":{""date"":""2026-09-14"",""run_id"":""e8d1f5b91b6f405ba6c0267da8ed117d""},""join_samples"":{""date"":""2026-09-14"",""run_id"":""a045e95393294f6cad1ab8807c001ca6""},""upload_data"":{""date"":""2026-09-14"",""run_id"":""c16ad7f93e1d46c2ae1ca883b048c216""}}"
1796,796,"46.4593233 , -81.0103663","46.6964082 , -81.0100451",urban-urban,mixed,1950,"{""sample_routes"":{""date"":""2026-09-14"",""run_id"":""e8d1f5b91b6f405ba6c0267da8ed117d""},""join_samples"":{""date"":""2026-09-14"",""run_id"":""a045e95393294f6cad1ab8807c001ca6""},""upload_data"":{""date"":""2026-09-14"",""run_id"":""c16ad7f93e1d46c2ae1ca883b048c216""}}"
1802,802,"45.418443 , -77.7875192","45.417933100000006 , -77.5925139",urban-urban,mixed,1954,"{""sample_routes"":{""date"":""2026-09-14"",""run_id"":""e8d1f5b91b6f405ba6c0267da8ed117d""},""join_samples"":{""date"":""2026-09-14"",""run_id"":""a045e95393294f6cad1ab8807c001ca6""},""upload_data"":{""date"":""2026-09-14"",""run_id"":""c16ad7f93e1d46c2ae1ca883b048c216""}}"
1806,806,"45.595844500000005 , -79.7139013","45.6554937 , -79.6537256",urban-urban,mixed,1644,"{""sample_routes"":{""date"":""2026-09-14"",""run_id"":""e8d1f5b91b6f405ba6c0267da8ed117d""},""join_samples"":{""date"":""2026-09-14"",""run_id"":""a045e95393294f6cad1ab8807c001ca6""},""upload_data"":{""date"":""2026-09-14"",""run_id"":""c16ad7f93e1d46c2ae1ca883b048c216""}}"
1812,812,"44.0686046 , -77.7417779","44.068084600000006 , -78.0087635",rural-urban,mixed,1641,"{""sample_routes"":{""date"":""2026-09-14"",""run_id"":""e8d1f5b91b6f405ba6c0267da8ed117d""},""join_samples"":{""date"":""2026-09-14"",""run_id"":""a045e95393294f6cad1ab8807c001ca6""},""upload_data"":{""date"":""2026-09-14"",""run_id"":""c16ad7f93e1d46c2ae1ca883b048c216""}}"
1813,813,"44.861938900000006 , -78.78075000000001","45.034875400000004 , -78.6076292",urban-urban,mixed,1959,"{""sample_routes"":{""date"":""2026-09-14"",""run_id"":""e8d1f5b91b6f405ba6c0267da8ed117d""},""join_samples"":{""date"":""2026-09-14"",""run_id"":""a045e95393294f6cad1ab8807c001ca6""},""upload_data"":{""date"":""2026-09-14"",""run_id"":""c16ad7f93e1d46c2ae1ca883b048c216""}}"
1818,818,"43.8571937 , -79.0637435","43.857068600000005 , -79.3414103",urban-urban,mixed,1640,"{""sample_routes"":{""date"":""2026-09-14"",""run_id"":""e8d1f5b91b6f405ba6c0267da8ed117d""},""join_samples"":{""date"":""2026-09-14"",""run_id"":""a045e95393294f6cad1ab8807c001ca6""},""upload_data"":{""date"":""2026-09-14"",""run_id"":""c16ad7f93e1d46c2ae1ca883b048c216""}}"
1822,822,"44.5088504 , -77.7155633","44.312865 , -77.715305",urban-urban,mixed,1962,"{""sample_routes"":{""date"":""2026-09-14"",""run_id"":""e8d1f5b91b6f405ba6c0267da8ed117d""},""join_samples"":{""date"":""2026-09-14"",""run_id"":""a045e95393294f6cad1ab8807c001ca6""},""upload_data"":{""date"":""2026-09-14"",""run_id"":""c16ad7f93e1d46c2ae1ca883b048c216""}}"
1823,823,"43.6479737 , -79.59666030000001","43.3742363 , -79.8702408",urban-rural,mixed,1962,"{""sample_routes"":{""date"":""2026-09-14"",""run_id"":""e8d1f5b91b6f405ba6c0267da8ed117d""},""join_samples"":{""date"":""2026-09-14"",""run_id"":""a045e95393294f6cad1ab8807c001ca6""},""upload_data"":{""date"":""2026-09-14"",""run_id"":""c16ad7f93e1d46c2ae1ca883b048c216""}}"
1825,825,"43.943039600000006 , -79.78998390000001","43.942635100000004 , -80.1401364",urban-urban,mixed,1962,"{""sample_routes"":{""date"":""2026-09-14"",""run_id"":""e8d1f5b91b6f405ba6c0267da8ed117d""},""join_samples"":{""date"":""2026-09-14"",""run_id"":""a045e95393294f6cad1ab8807c001ca6""},""upload_data"":{""date"":""2026-09-14"",""run_id"":""c16ad7f93e1d46c2ae1ca883b048c216""}}"
1826,826,"44.899710600000006 , -75.17514440000001","45.1407721 , -75.41660060000001",urban-urban,mixed,1963,"{""sample_routes"":{""date"":""2026-09-14"",""run_id"":""e8d1f5b91b6f405ba6c0267da8ed117d""},""join_samples"":{""date"":""2026-09-14"",""run_id"":""a045e95393294f6cad1ab8807c001ca6""},""upload_data"":{""date"":""2026-09-14"",""run_id"":""c16ad7f93e1d46c2ae1ca883b048c216""}}"
1828,828,"44.3403828 , -78.2990149","44.339744 , -78.55920370000001",urban-rural,mixed,1634,"{""sample_routes"":{""date"":""2026-09-14"",""run_id"":""e8d1f5b91b6f405ba6c0267da8ed117d""},""join_samples"":{""date"":""2026-09-14"",""run_id"":""a045e95393294f6cad1ab8807c001ca6""},""upload_data"":{""date"":""2026-09-14"",""run_id"":""c16ad7f93e1d46c2ae1ca883b048c216""}}"
1829,829,"44.370045000000005 , -76.0824075","44.5766295 , -76.0825806",rural-urban,mixed,1966,"{""sample_routes"":{""date"":""2026-09-14"",""run_id"":""e8d1f5b91b6f405ba6c0267da8ed117d""},""join_samples"":{""date"":""2026-09-14"",""run_id"":""a045e95393294f6cad1ab8807c001ca6""},""upload_data"":{""date"":""2026-09-14"",""run_id"":""c16ad7f93e1d46c2ae1ca883b048c216""}}"
1831,831,"44.1113505 , -80.3924052","44.111513 , -80.02596910000001",urban-rural,mixed,1967,"{""sample_routes"":{""date"":""2026-09-14"",""run_id"":""e8d1f5b91b6f405ba6c0267da8ed117d""},""join_samples"":{""date"":""2026-09-14"",""run_id"":""a045e95393294f6cad1ab8807c001ca6""},""upload_data"":{""date"":""2026-09-14"",""run_id"":""c16ad7f93e1d46c2ae1ca883b048c216""}}"
1832,832,"43.4819024 , -79.8724325","43.706697600000005 , -80.0974351",urban-rural,mixed,1967,"{""sample_routes"":{""date"":""2026-09-14"",""run_id"":""e8d1f5b91b6f405ba6c0267da8ed117d""},""join_samples"":{""date"":""2026-09-14"",""run_id"":""a045e95393294f6cad1ab8807c001ca6""},""upload_data"":{""date"":""2026-09-14"",""run_id"":""c16ad7f93e1d46c2ae1ca883b048c216""}}"
1835,835,"45.0597371 , -78.46592290000001","45.1695445 , -78.5761906",urban-urban,mixed,1632,"{""sample_routes"":{""date"":""2026-09-14"",""run_id"":""e8d1f5b91b6f405ba6c0267da8ed117d""},""join_samples"":{""date"":""2026-09-14"",""run_id"":""a045e95393294f6cad1ab8807c001ca6""},""upload_data"":{""date"":""2026-09-14"",""run_id"":""c16ad7f93e1d46c2ae1ca883b048c216""}}"
1837,837,"43.5867627 , -80.5716489","43.587380100000004 , -80.2371064",urban-urban,mixed,1969,"{""sample_routes"":{""date"":""2026-09-14"",""run_id"":""e8d1f5b91b6f405ba6c0267da8ed117d""},""join_samples"":{""date"":""2026-09-14"",""run_id"":""a045e95393294f6cad1ab8807c001ca6""},""upload_data"":{""date"":""2026-09-14"",""run_id"":""c16ad7f93e1d46c2ae1ca883b048c216""}}"
1839,839,"46.632396500000006 , -81.0060356","46.401981600000006 , -81.005711",urban-urban,mixed,1973,"{""sample_routes"":{""date"":""2026-09-14"",""run_id"":""e8d1f5b91b6f405ba6c0267da8ed117d""},""join_samples"":{""date"":""2026-09-14"",""run_id"":""a045e95393294f6cad1ab8807c001ca6""},""upload_data"":{""date"":""2026-09-14"",""run_id"":""c16ad7f93e1d46c2ae1ca883b048c216""}}"
1843,843,"45.3168166 , -79.98879430000001","45.316201500000005 , -79.72823000000001",urban-urban,mixed,1626,"{""sample_routes"":{""date"":""2026-09-14"",""run_id"":""e8d1f5b91b6f405ba6c0267da8ed117d""},""join_samples"":{""date"":""2026-09-14"",""run_id"":""a045e95393294f6cad1ab8807c001ca6""},""upload_data"":{""date"":""2026-09-14"",""run_id"":""c16ad7f93e1d46c2ae1ca883b048c216""}}"
1846,846,"46.457874700000005 , -84.06774940000001","46.252081100000005 , -84.06804980000001",rural-urban,mixed,1624,"{""sample_routes"":{""date"":""2026-09-14"",""run_id"":""e8d1f5b91b6f405ba6c0267da8ed117d""},""join_samples"":{""date"":""2026-09-14"",""run_id"":""a045e95393294f6cad1ab8807c001ca6""},""upload_data"":{""date"":""2026-09-14"",""run_id"":""c16ad7f93e1d46c2ae1ca883b048c216""}}"
1849,849,"43.432584500000004 , -80.5059559","43.2696039 , -80.6692989",urban-rural,mixed,1623,"{""sample_routes"":{""date"":""2026-09-14"",""run_id"":""e8d1f5b91b6f405ba6c0267da8ed117d""},""join_samples"":{""date"":""2026-09-14"",""run_id"":""a045e95393294f6cad1ab8807c001ca6""},""upload_data"":{""date"":""2026-09-14"",""run_id"":""c16ad7f93e1d46c2ae1ca883b048c216""}}"
1850,850,"44.6196628 , -76.1179674","44.743830100000004 , -76.2419636",urban-urban,mixed,1977,"{""sample_routes"":{""date"":""2026-09-14"",""run_id"":""e8d1f5b91b6f405ba6c0267da8ed117d""},""join_samples"":{""date"":""2026-09-14"",""run_id"":""a045e95393294f6cad1ab8807c001ca6""},""upload_data"":{""date"":""2026-09-14"",""run_id"":""c16ad7f93e1d46c2ae1ca883b048c216""}}"
1851,851,"44.5601123 , -77.8206967","44.559706500000004 , -77.997123",urban-urban,mixed,1978,"{""sample_routes"":{""date"":""2026-09-14"",""run_id"":""e8d1f5b91b6f405ba6c0267da8ed117d""},""join_samples"":{""date"":""2026-09-14"",""run_id"":""a045e95393294f6cad1ab8807c001ca6""},""upload_data"":{""date"":""2026-09-14"",""run_id"":""c16ad7f93e1d46c2ae1ca883b048c216""}}"
1852,852,"45.017760200000005 , -78.26865620000001","45.018123800000005 , -77.9844047",urban-urban,mixed,1980,"{""sample_routes"":{""date"":""2026-09-14"",""run_id"":""e8d1f5b91b6f405ba6c0267da8ed117d""},""join_samples"":{""date"":""2026-09-14"",""run_id"":""a045e95393294f6cad1ab8807c001ca6""},""upload_data"":{""date"":""2026-09-14"",""run_id"":""c16ad7f93e1d46c2ae1ca883b048c216""}}"
1853,853,"43.4352115 , -79.6836227","43.4347706 , -79.9860575",urban-rural,mixed,1981,"{""sample_routes"":{""date"":""2026-09-14"",""run_id"":""e8d1f5b91b6f405ba6c0267da8ed117d""},""join_samples"":{""date"":""2026-09-14"",""run_id"":""a045e95393294f6cad1ab8807c001ca6""},""upload_data"":{""date"":""2026-09-14"",""run_id"":""c16ad7f93e1d46c2ae1ca883b048c216""}}"
1854,854,"44.5657146 , -78.3367587","44.2985161 , -78.3372088",urban-urban,mixed,1981,"{""sample_routes"":{""date"":""2026-09-14"",""run_id"":""e8d1f5b91b6f405ba6c0267da8ed117d""},""join_samples"":{""date"":""2026-09-14"",""run_id"":""a045e95393294f6cad1ab8807c001ca6""},""upload_data"":{""date"":""2026-09-14"",""run_id"":""c16ad7f93e1d46c2ae1ca883b048c216""}}"
1856,856,"43.3888994 , -80.35418250000001","43.553375 , -80.18999980000001",urban-urban,mixed,1618,"{""sample_routes"":{""date"":""2026-09-14"",""run_id"":""e8d1f5b91b6f405ba6c0267da8ed117d""},""join_samples"":{""date"":""2026-09-14"",""run_id"":""a045e95393294f6cad1ab8807c001ca6""},""upload_data"":{""date"":""2026-09-14"",""run_id"":""c16ad7f93e1d46c2ae1ca883b048c216""}}"
1857,857,"44.392856200000004 , -76.3196118","44.4685798 , -76.3946715",rural-urban,mixed,1983,"{""sample_routes"":{""date"":""2026-09-14"",""run_id"":""e8d1f5b91b6f405ba6c0267da8ed117d""},""join_samples"":{""date"":""2026-09-14"",""run_id"":""a045e95393294f6cad1ab8807c001ca6""},""upload_data"":{""date"":""2026-09-14"",""run_id"":""c16ad7f93e1d46c2ae1ca883b048c216""}}"
1858,858,"44.3298702 , -80.542572","44.3301675 , -80.2981379",urban-urban,mixed,1617,"{""sample_routes"":{""date"":""2026-09-14"",""run_id"":""e8d1f5b91b6f405ba6c0267da8ed117d""},""join_samples"":{""date"":""2026-09-14"",""run_id"":""a045e95393294f6cad1ab8807c001ca6""},""upload_data"":{""date"":""2026-09-14"",""run_id"":""c16ad7f93e1d46c2ae1ca883b048c216""}}"
1860,860,"43.7653535 , -79.3105656","44.0959373 , -79.3105919",urban-rural,mixed,1984,"{""sample_routes"":{""date"":""2026-09-14"",""run_id"":""e8d1f5b91b6f405ba6c0267da8ed117d""},""join_samples"":{""date"":""2026-09-14"",""run_id"":""a045e95393294f6cad1ab8807c001ca6""},""upload_data"":{""date"":""2026-09-14"",""run_id"":""c16ad7f93e1d46c2ae1ca883b048c216""}}"
1862,862,"45.545594200000004 , -79.23302290000001","45.751620300000006 , -79.4391822",urban-urban,mixed,1985,"{""sample_routes"":{""date"":""2026-09-14"",""run_id"":""e8d1f5b91b6f405ba6c0267da8ed117d""},""join_samples"":{""date"":""2026-09-14"",""run_id"":""a045e95393294f6cad1ab8807c001ca6""},""upload_data"":{""date"":""2026-09-14"",""run_id"":""c16ad7f93e1d46c2ae1ca883b048c216""}}"
1863,863,"45.247032600000004 , -79.316911","45.581793600000005 , -79.3170807",urban-urban,mixed,1985,"{""sample_routes"":{""date"":""2026-09-14"",""run_id"":""e8d1f5b91b6f405ba6c0267da8ed117d""},""join_samples"":{""date"":""2026-09-14"",""run_id"":""a045e95393294f6cad1ab8807c001ca6""},""upload_data"":{""date"":""2026-09-14"",""run_id"":""c16ad7f93e1d46c2ae1ca883b048c216""}}"
1867,867,"45.4250107 , -75.68772080000001","45.1428956 , -75.68829620000001",urban-rural,mixed,1987,"{""sample_routes"":{""date"":""2026-09-14"",""run_id"":""e8d1f5b91b6f405ba6c0267da8ed117d""},""join_samples"":{""date"":""2026-09-14"",""run_id"":""a045e95393294f6cad1ab8807c001ca6""},""upload_data"":{""date"":""2026-09-14"",""run_id"":""c16ad7f93e1d46c2ae1ca883b048c216""}}"
1869,869,"49.8553836 , -93.3630736","49.855456200000006 , -92.86970050000001",urban-urban,mixed,1989,"{""sample_routes"":{""date"":""2026-09-14"",""run_id"":""e8d1f5b91b6f405ba6c0267da8ed117d""},""join_samples"":{""date"":""2026-09-14"",""run_id"":""a045e95393294f6cad1ab8807c001ca6""},""upload_data"":{""date"":""2026-09-14"",""run_id"":""c16ad7f93e1d46c2ae1ca883b048c216""}}"
1873,873,"44.996724500000006 , -76.5485956","44.996225900000006 , -76.2632911",urban-urban,mixed,1994,"{""sample_routes"":{""date"":""2026-09-14"",""run_id"":""e8d1f5b91b6f405ba6c0267da8ed117d""},""join_samples"":{""date"":""2026-09-14"",""run_id"":""a045e95393294f6cad1ab8807c001ca6""},""upload_data"":{""date"":""2026-09-14"",""run_id"":""c16ad7f93e1d46c2ae1ca883b048c216""}}"
1876,876,"44.562239600000005 , -76.8303344","44.6840683 , -76.7078422",urban-urban,mixed,1996,"{""sample_routes"":{""date"":""2026-09-14"",""run_id"":""e8d1f5b91b6f405ba6c0267da8ed117d""},""join_samples"":{""date"":""2026-09-14"",""run_id"":""a045e95393294f6cad1ab8807c001ca6""},""upload_data"":{""date"":""2026-09-14"",""run_id"":""c16ad7f93e1d46c2ae1ca883b048c216""}}"
1877,877,"43.073100200000006 , -79.1484392","43.0736865 , -79.5154225",urban-urban,mixed,1996,"{""sample_routes"":{""date"":""2026-09-14"",""run_id"":""e8d1f5b91b6f405ba6c0267da8ed117d""},""join_samples"":{""date"":""2026-09-14"",""run_id"":""a045e95393294f6cad1ab8807c001ca6""},""upload_data"":{""date"":""2026-09-14"",""run_id"":""c16ad7f93e1d46c2ae1ca883b048c216""}}"
1878,878,"44.5571891 , -76.1793237","44.5570016 , -76.34779900000001",urban-urban,mixed,1604,"{""sample_routes"":{""date"":""2026-09-14"",""run_id"":""e8d1f5b91b6f405ba6c0267da8ed117d""},""join_samples"":{""date"":""2026-09-14"",""run_id"":""a045e95393294f6cad1ab8807c001ca6""},""upload_data"":{""date"":""2026-09-14"",""run_id"":""c16ad7f93e1d46c2ae1ca883b048c216""}}"
1882,882,"44.351915500000004 , -79.6551254","44.597104900000005 , -79.4104537",urban-urban,mixed,1998,"{""sample_routes"":{""date"":""2026-09-14"",""run_id"":""e8d1f5b91b6f405ba6c0267da8ed117d""},""join_samples"":{""date"":""2026-09-14"",""run_id"":""a045e95393294f6cad1ab8807c001ca6""},""upload_data"":{""date"":""2026-09-14"",""run_id"":""c16ad7f93e1d46c2ae1ca883b048c216""}}"
1883,883,"44.558871800000006 , -76.2069711","44.753809800000006 , -76.2071591",urban-urban,mixed,1999,"{""sample_routes"":{""date"":""2026-09-14"",""run_id"":""e8d1f5b91b6f405ba6c0267da8ed117d""},""join_samples"":{""date"":""2026-09-14"",""run_id"":""a045e95393294f6cad1ab8807c001ca6""},""upload_data"":{""date"":""2026-09-14"",""run_id"":""c16ad7f93e1d46c2ae1ca883b048c216""}}"
1884,884,"43.554667300000006 , -80.2678561","43.5549436 , -79.87069650000001",urban-rural,mixed,1999,"{""sample_routes"":{""date"":""2026-09-14"",""run_id"":""e8d1f5b91b6f405ba6c0267da8ed117d""},""join_samples"":{""date"":""2026-09-14"",""run_id"":""a045e95393294f6cad1ab8807c001ca6""},""upload_data"":{""date"":""2026-09-14"",""run_id"":""c16ad7f93e1d46c2ae1ca883b048c216""}}"
1885,885,"44.333431700000006 , -78.7049777","44.4895979 , -78.5493241",urban-urban,mixed,1600,"{""sample_routes"":{""date"":""2026-09-14"",""run_id"":""e8d1f5b91b6f405ba6c0267da8ed117d""},""join_samples"":{""date"":""2026-09-14"",""run_id"":""a045e95393294f6cad1ab8807c001ca6""},""upload_data"":{""date"":""2026-09-14"",""run_id"":""c16ad7f93e1d46c2ae1ca883b048c216""}}"
1886,886,"45.484549 , -75.49823090000001","45.2726473 , -75.2865757",urban-urban,mixed,2001,"{""sample_routes"":{""date"":""2026-09-14"",""run_id"":""e8d1f5b91b6f405ba6c0267da8ed117d""},""join_samples"":{""date"":""2026-09-14"",""run_id"":""a045e95393294f6cad1ab8807c001ca6""},""upload_data"":{""date"":""2026-09-14"",""run_id"":""c16ad7f93e1d46c2ae1ca883b048c216""}}"
1888,888,"43.8209217 , -79.0318778","43.9935859 , -79.2048115",urban-urban,mixed,2003,"{""sample_routes"":{""date"":""2026-09-14"",""run_id"":""e8d1f5b91b6f405ba6c0267da8ed117d""},""join_samples"":{""date"":""2026-09-14"",""run_id"":""a045e95393294f6cad1ab8807c001ca6""},""upload_data"":{""date"":""2026-09-14"",""run_id"":""c16ad7f93e1d46c2ae1ca883b048c216""}}"
1889,889,"43.753812 , -79.6038547","44.1115348 , -79.6032704",urban-urban,mixed,2003,"{""sample_routes"":{""date"":""2026-09-14"",""run_id"":""e8d1f5b91b6f405ba6c0267da8ed117d""},""join_samples"":{""date"":""2026-09-14"",""run_id"":""a045e95393294f6cad1ab8807c001ca6""},""upload_data"":{""date"":""2026-09-14"",""run_id"":""c16ad7f93e1d46c2ae1ca883b048c216""}}"
1890,890,"46.5191086 , -84.3417146","46.5196971 , -84.0200272",urban-urban,mixed,1597,"{""sample_routes"":{""date"":""2026-09-14"",""run_id"":""e8d1f5b91b6f405ba6c0267da8ed117d""},""join_samples"":{""date"":""2026-09-14"",""run_id"":""a045e95393294f6cad1ab8807c001ca6""},""upload_data"":{""date"":""2026-09-14"",""run_id"":""c16ad7f93e1d46c2ae1ca883b048c216""}}"
1891,891,"44.280297100000006 , -78.3180241","43.9752294 , -78.6236938",urban-urban,mixed,2004,"{""sample_routes"":{""date"":""2026-09-14"",""run_id"":""e8d1f5b91b6f405ba6c0267da8ed117d""},""join_samples"":{""date"":""2026-09-14"",""run_id"":""a045e95393294f6cad1ab8807c001ca6""},""upload_data"":{""date"":""2026-09-14"",""run_id"":""c16ad7f93e1d46c2ae1ca883b048c216""}}"
1894,894,"43.954266100000005 , -79.4525677","44.1267064 , -79.62488",urban-urban,mixed,2005,"{""sample_routes"":{""date"":""2026-09-14"",""run_id"":""e8d1f5b91b6f405ba6c0267da8ed117d""},""join_samples"":{""date"":""2026-09-14"",""run_id"":""a045e95393294f6cad1ab8807c001ca6""},""upload_data"":{""date"":""2026-09-14"",""run_id"":""c16ad7f93e1d46c2ae1ca883b048c216""}}"
1896,896,"42.2874599 , -83.0521966","42.0631938 , -83.0525765",urban-rural,mixed,1594,"{""sample_routes"":{""date"":""2026-09-14"",""run_id"":""e8d1f5b91b6f405ba6c0267da8ed117d""},""join_samples"":{""date"":""2026-09-14"",""run_id"":""a045e95393294f6cad1ab8807c001ca6""},""upload_data"":{""date"":""2026-09-14"",""run_id"":""c16ad7f93e1d46c2ae1ca883b048c216""}}"
1897,897,"44.447055600000006 , -77.2332641","44.197191200000006 , -77.23315120000001",urban-rural,mixed,2007,"{""sample_routes"":{""date"":""2026-09-14"",""run_id"":""e8d1f5b91b6f405ba6c0267da8ed117d""},""join_samples"":{""date"":""2026-09-14"",""run_id"":""a045e95393294f6cad1ab8807c001ca6""},""upload_data"":{""date"":""2026-09-14"",""run_id"":""c16ad7f93e1d46c2ae1ca883b048c216""}}"
1902,902,"46.364311300000004 , -81.08758160000001","46.5221406 , -80.92963010000001",urban-urban,mixed,2009,"{""sample_routes"":{""date"":""2026-09-14"",""run_id"":""e8d1f5b91b6f405ba6c0267da8ed117d""},""join_samples"":{""date"":""2026-09-14"",""run_id"":""a045e95393294f6cad1ab8807c001ca6""},""upload_data"":{""date"":""2026-09-14"",""run_id"":""c16ad7f93e1d46c2ae1ca883b048c216""}}"
1905,905,"43.4178045 , -80.5205585","43.417330400000004 , -80.0106765",urban-urban,mixed,2009,"{""sample_routes"":{""date"":""2026-09-14"",""run_id"":""e8d1f5b91b6f405ba6c0267da8ed117d""},""join_samples"":{""date"":""2026-09-14"",""run_id"":""a045e95393294f6cad1ab8807c001ca6""},""upload_data"":{""date"":""2026-09-14"",""run_id"":""c16ad7f93e1d46c2ae1ca883b048c216""}}"
1908,908,"44.6259802 , -77.9594635","44.6110034 , -77.9593502",urban-urban,mixed,2010,"{""sample_routes"":{""date"":""2026-09-14"",""run_id"":""e8d1f5b91b6f405ba6c0267da8ed117d""},""join_samples"":{""date"":""2026-09-14"",""run_id"":""a045e95393294f6cad1ab8807c001ca6""},""upload_data"":{""date"":""2026-09-14"",""run_id"":""c16ad7f93e1d46c2ae1ca883b048c216""}}"
1909,909,"44.7422571 , -78.9376397","44.742374700000006 , -78.65157400000001",urban-urban,mixed,1589,"{""sample_routes"":{""date"":""2026-09-14"",""run_id"":""e8d1f5b91b6f405ba6c0267da8ed117d""},""join_samples"":{""date"":""2026-09-14"",""run_id"":""a045e95393294f6cad1ab8807c001ca6""},""upload_data"":{""date"":""2026-09-14"",""run_id"":""c16ad7f93e1d46c2ae1ca883b048c216""}}"
1911,911,"44.5141198 , -75.8476871","44.645437400000006 , -75.979235",urban-rural,mixed,1588,"{""sample_routes"":{""date"":""2026-09-14"",""run_id"":""e8d1f5b91b6f405ba6c0267da8ed117d""},""join_samples"":{""date"":""2026-09-14"",""run_id"":""a045e95393294f6cad1ab8807c001ca6""},""upload_data"":{""date"":""2026-09-14"",""run_id"":""c16ad7f93e1d46c2ae1ca883b048c216""}}"
1913,913,"44.3216126 , -79.400941","44.003478300000005 , -79.4003579",urban-urban,mixed,2013,"{""sample_routes"":{""date"":""2026-09-14"",""run_id"":""e8d1f5b91b6f405ba6c0267da8ed117d""},""join_samples"":{""date"":""2026-09-14"",""run_id"":""a045e95393294f6cad1ab8807c001ca6""},""upload_data"":{""date"":""2026-09-14"",""run_id"":""c16ad7f93e1d46c2ae1ca883b048c216""}}"
1915,915,"44.7963521 , -79.3307585","45.0713504 , -79.3313093",rural-urban,mixed,1587,"{""sample_routes"":{""date"":""2026-09-14"",""run_id"":""e8d1f5b91b6f405ba6c0267da8ed117d""},""join_samples"":{""date"":""2026-09-14"",""run_id"":""a045e95393294f6cad1ab8807c001ca6""},""upload_data"":{""date"":""2026-09-14"",""run_id"":""c16ad7f93e1d46c2ae1ca883b048c216""}}"
1916,916,"43.3450994 , -79.8720227","43.3455207 , -80.2550128",urban-urban,mixed,2014,"{""sample_routes"":{""date"":""2026-09-14"",""run_id"":""e8d1f5b91b6f405ba6c0267da8ed117d""},""join_samples"":{""date"":""2026-09-14"",""run_id"":""a045e95393294f6cad1ab8807c001ca6""},""upload_data"":{""date"":""2026-09-14"",""run_id"":""c16ad7f93e1d46c2ae1ca883b048c216""}}"
1919,919,"44.041353 , -79.2497625","43.8292888 , -79.25",urban-urban,mixed,2015,"{""sample_routes"":{""date"":""2026-09-14"",""run_id"":""e8d1f5b91b6f405ba6c0267da8ed117d""},""join_samples"":{""date"":""2026-09-14"",""run_id"":""a045e95393294f6cad1ab8807c001ca6""},""upload_data"":{""date"":""2026-09-14"",""run_id"":""c16ad7f93e1d46c2ae1ca883b048c216""}}"
1922,922,"43.4133372 , -79.88600070000001","43.4140097 , -80.38908",urban-urban,mixed,2016,"{""sample_routes"":{""date"":""2026-09-14"",""run_id"":""e8d1f5b91b6f405ba6c0267da8ed117d""},""join_samples"":{""date"":""2026-09-14"",""run_id"":""a045e95393294f6cad1ab8807c001ca6""},""upload_data"":{""date"":""2026-09-14"",""run_id"":""c16ad7f93e1d46c2ae1ca883b048c216""}}"
1923,923,"43.1267768 , -80.2558929","43.1273965 , -80.7708585",urban-urban,mixed,2018,"{""sample_routes"":{""date"":""2026-09-14"",""run_id"":""e8d1f5b91b6f405ba6c0267da8ed117d""},""join_samples"":{""date"":""2026-09-14"",""run_id"":""a045e95393294f6cad1ab8807c001ca6""},""upload_data"":{""date"":""2026-09-14"",""run_id"":""c16ad7f93e1d46c2ae1ca883b048c216""}}"
1928,928,"43.528707100000005 , -79.87070100000001","43.5287565 , -80.30626330000001",urban-urban,mixed,2022,"{""sample_routes"":{""date"":""2026-09-14"",""run_id"":""e8d1f5b91b6f405ba6c0267da8ed117d""},""join_samples"":{""date"":""2026-09-14"",""run_id"":""a045e95393294f6cad1ab8807c001ca6""},""upload_data"":{""date"":""2026-09-14"",""run_id"":""c16ad7f93e1d46c2ae1ca883b048c216""}}"
1931,931,"45.497710000000005 , -77.99327810000001","45.61484 , -77.8764932",urban-urban,mixed,1574,"{""sample_routes"":{""date"":""2026-09-14"",""run_id"":""e8d1f5b91b6f405ba6c0267da8ed117d""},""join_samples"":{""date"":""2026-09-14"",""run_id"":""a045e95393294f6cad1ab8807c001ca6""},""upload_data"":{""date"":""2026-09-14"",""run_id"":""c16ad7f93e1d46c2ae1ca883b048c216""}}"
1932,932,"44.6463443 , -76.63744","44.6458559 , -76.3238058",urban-urban,mixed,2026,"{""sample_routes"":{""date"":""2026-09-14"",""run_id"":""e8d1f5b91b6f405ba6c0267da8ed117d""},""join_samples"":{""date"":""2026-09-14"",""run_id"":""a045e95393294f6cad1ab8807c001ca6""},""upload_data"":{""date"":""2026-09-14"",""run_id"":""c16ad7f93e1d46c2ae1ca883b048c216""}}"
1933,933,"43.5310949 , -80.29341720000001","43.5305 , -79.85366040000001",urban-urban,mixed,2026,"{""sample_routes"":{""date"":""2026-09-14"",""run_id"":""e8d1f5b91b6f405ba6c0267da8ed117d""},""join_samples"":{""date"":""2026-09-14"",""run_id"":""a045e95393294f6cad1ab8807c001ca6""},""upload_data"":{""date"":""2026-09-14"",""run_id"":""c16ad7f93e1d46c2ae1ca883b048c216""}}"
1935,935,"45.0842922 , -75.3659942","45.3214029 , -75.60252220000001",urban-urban,mixed,2028,"{""sample_routes"":{""date"":""2026-09-14"",""run_id"":""e8d1f5b91b6f405ba6c0267da8ed117d""},""join_samples"":{""date"":""2026-09-14"",""run_id"":""a045e95393294f6cad1ab8807c001ca6""},""upload_data"":{""date"":""2026-09-14"",""run_id"":""c16ad7f93e1d46c2ae1ca883b048c216""}}"
1937,937,"45.4147614 , -79.8130416","45.492637 , -79.7355907",urban-urban,mixed,1572,"{""sample_routes"":{""date"":""2026-09-14"",""run_id"":""e8d1f5b91b6f405ba6c0267da8ed117d""},""join_samples"":{""date"":""2026-09-14"",""run_id"":""a045e95393294f6cad1ab8807c001ca6""},""upload_data"":{""date"":""2026-09-14"",""run_id"":""c16ad7f93e1d46c2ae1ca883b048c216""}}"
1939,939,"43.2563534 , -79.91560340000001","43.2558963 , -80.2114399",urban-rural,mixed,1571,"{""sample_routes"":{""date"":""2026-09-14"",""run_id"":""e8d1f5b91b6f405ba6c0267da8ed117d""},""join_samples"":{""date"":""2026-09-14"",""run_id"":""a045e95393294f6cad1ab8807c001ca6""},""upload_data"":{""date"":""2026-09-14"",""run_id"":""c16ad7f93e1d46c2ae1ca883b048c216""}}"
1941,941,"43.548670400000006 , -79.7389247","43.2418619 , -79.73881970000001",urban-urban,mixed,2033,"{""sample_routes"":{""date"":""2026-09-14"",""run_id"":""e8d1f5b91b6f405ba6c0267da8ed117d""},""join_samples"":{""date"":""2026-09-14"",""run_id"":""a045e95393294f6cad1ab8807c001ca6""},""upload_data"":{""date"":""2026-09-14"",""run_id"":""c16ad7f93e1d46c2ae1ca883b048c216""}}"
1945,945,"45.3624669 , -76.6055841","45.2487664 , -76.60579200000001",urban-urban,mixed,1564,"{""sample_routes"":{""date"":""2026-09-14"",""run_id"":""e8d1f5b91b6f405ba6c0267da8ed117d""},""join_samples"":{""date"":""2026-09-14"",""run_id"":""a045e95393294f6cad1ab8807c001ca6""},""upload_data"":{""date"":""2026-09-14"",""run_id"":""c16ad7f93e1d46c2ae1ca883b048c216""}}"
1947,947,"42.9968403 , -79.2213261","43.1550236 , -79.37992940000001",rural-urban,mixed,1563,"{""sample_routes"":{""date"":""2026-09-14"",""run_id"":""e8d1f5b91b6f405ba6c0267da8ed117d""},""join_samples"":{""date"":""2026-09-14"",""run_id"":""a045e95393294f6cad1ab8807c001ca6""},""upload_data"":{""date"":""2026-09-14"",""run_id"":""c16ad7f93e1d46c2ae1ca883b048c216""}}"
1953,953,"43.144664500000005 , -80.7518512","43.1450216 , -80.19118610000001",urban-urban,mixed,2040,"{""sample_routes"":{""date"":""2026-09-14"",""run_id"":""e8d1f5b91b6f405ba6c0267da8ed117d""},""join_samples"":{""date"":""2026-09-14"",""run_id"":""a045e95393294f6cad1ab8807c001ca6""},""upload_data"":{""date"":""2026-09-14"",""run_id"":""c16ad7f93e1d46c2ae1ca883b048c216""}}"
1954,954,"44.455239600000006 , -76.3871266","44.4550908 , -76.14592540000001",urban-urban,mixed,2040,"{""sample_routes"":{""date"":""2026-09-14"",""run_id"":""e8d1f5b91b6f405ba6c0267da8ed117d""},""join_samples"":{""date"":""2026-09-14"",""run_id"":""a045e95393294f6cad1ab8807c001ca6""},""upload_data"":{""date"":""2026-09-14"",""run_id"":""c16ad7f93e1d46c2ae1ca883b048c216""}}"
1959,959,"45.044598300000004 , -79.3339581","45.240048900000005 , -79.13843100000001",urban-urban,mixed,2042,"{""sample_routes"":{""date"":""2026-09-14"",""run_id"":""e8d1f5b91b6f405ba6c0267da8ed117d""},""join_samples"":{""date"":""2026-09-14"",""run_id"":""a045e95393294f6cad1ab8807c001ca6""},""upload_data"":{""date"":""2026-09-14"",""run_id"":""c16ad7f93e1d46c2ae1ca883b048c216""}}"
1960,960,"44.2868885 , -78.3734111","44.444886000000004 , -78.37348150000001",urban-urban,mixed,1557,"{""sample_routes"":{""date"":""2026-09-14"",""run_id"":""e8d1f5b91b6f405ba6c0267da8ed117d""},""join_samples"":{""date"":""2026-09-14"",""run_id"":""a045e95393294f6cad1ab8807c001ca6""},""upload_data"":{""date"":""2026-09-14"",""run_id"":""c16ad7f93e1d46c2ae1ca883b048c216""}}"
1962,962,"45.2303998 , -75.4713014","45.464409200000006 , -75.4715559",urban-urban,mixed,2045,"{""sample_routes"":{""date"":""2026-09-14"",""run_id"":""e8d1f5b91b6f405ba6c0267da8ed117d""},""join_samples"":{""date"":""2026-09-14"",""run_id"":""a045e95393294f6cad1ab8807c001ca6""},""upload_data"":{""date"":""2026-09-14"",""run_id"":""c16ad7f93e1d46c2ae1ca883b048c216""}}"
1964,964,"43.1426589 , -80.7426562","43.1429063 , -80.2169641",urban-urban,mixed,2045,"{""sample_routes"":{""date"":""2026-09-14"",""run_id"":""e8d1f5b91b6f405ba6c0267da8ed117d""},""join_samples"":{""date"":""2026-09-14"",""run_id"":""a045e95393294f6cad1ab8807c001ca6""},""upload_data"":{""date"":""2026-09-14"",""run_id"":""c16ad7f93e1d46c2ae1ca883b048c216""}}"
1965,965,"43.1571714 , -80.7743411","43.1574095 , -80.2430554",urban-urban,mixed,2045,"{""sample_routes"":{""date"":""2026-09-14"",""run_id"":""e8d1f5b91b6f405ba6c0267da8ed117d""},""join_samples"":{""date"":""2026-09-14"",""run_id"":""a045e95393294f6cad1ab8807c001ca6""},""upload_data"":{""date"":""2026-09-14"",""run_id"":""c16ad7f93e1d46c2ae1ca883b048c216""}}"
1966,966,"43.521951300000005 , -79.8732064","43.522166600000006 , -80.3092396",urban-urban,mixed,2046,"{""sample_routes"":{""date"":""2026-09-14"",""run_id"":""e8d1f5b91b6f405ba6c0267da8ed117d""},""join_samples"":{""date"":""2026-09-14"",""run_id"":""a045e95393294f6cad1ab8807c001ca6""},""upload_data"":{""date"":""2026-09-14"",""run_id"":""c16ad7f93e1d46c2ae1ca883b048c216""}}"
1967,967,"45.3728679 , -75.6152057","45.1068538 , -75.61573440000001",urban-urban,mixed,2046,"{""sample_routes"":{""date"":""2026-09-14"",""run_id"":""e8d1f5b91b6f405ba6c0267da8ed117d""},""join_samples"":{""date"":""2026-09-14"",""run_id"":""a045e95393294f6cad1ab8807c001ca6""},""upload_data"":{""date"":""2026-09-14"",""run_id"":""c16ad7f93e1d46c2ae1ca883b048c216""}}"
1968,968,"45.172079000000004 , -79.3889075","45.356894800000006 , -79.204305",urban-urban,mixed,1553,"{""sample_routes"":{""date"":""2026-09-14"",""run_id"":""e8d1f5b91b6f405ba6c0267da8ed117d""},""join_samples"":{""date"":""2026-09-14"",""run_id"":""a045e95393294f6cad1ab8807c001ca6""},""upload_data"":{""date"":""2026-09-14"",""run_id"":""c16ad7f93e1d46c2ae1ca883b048c216""}}"
1970,970,"44.421828100000006 , -78.1252924","44.545198600000006 , -78.24798960000001",rural-urban,mixed,1552,"{""sample_routes"":{""date"":""2026-09-14"",""run_id"":""e8d1f5b91b6f405ba6c0267da8ed117d""},""join_samples"":{""date"":""2026-09-14"",""run_id"":""a045e95393294f6cad1ab8807c001ca6""},""upload_data"":{""date"":""2026-09-14"",""run_id"":""c16ad7f93e1d46c2ae1ca883b048c216""}}"
1972,972,"43.874644800000006 , -79.72944720000001","43.8741354 , -79.4464323",urban-urban,mixed,2049,"{""sample_routes"":{""date"":""2026-09-14"",""run_id"":""e8d1f5b91b6f405ba6c0267da8ed117d""},""join_samples"":{""date"":""2026-09-14"",""run_id"":""a045e95393294f6cad1ab8807c001ca6""},""upload_data"":{""date"":""2026-09-14"",""run_id"":""c16ad7f93e1d46c2ae1ca883b048c216""}}"
1975,975,"43.8881657 , -78.969244","43.8886672 , -79.39718140000001",urban-urban,mixed,2051,"{""sample_routes"":{""date"":""2026-09-14"",""run_id"":""e8d1f5b91b6f405ba6c0267da8ed117d""},""join_samples"":{""date"":""2026-09-14"",""run_id"":""a045e95393294f6cad1ab8807c001ca6""},""upload_data"":{""date"":""2026-09-14"",""run_id"":""c16ad7f93e1d46c2ae1ca883b048c216""}}"
1977,977,"43.795790800000006 , -79.3194758","44.1300414 , -79.3191323",urban-urban,mixed,2051,"{""sample_routes"":{""date"":""2026-09-14"",""run_id"":""e8d1f5b91b6f405ba6c0267da8ed117d""},""join_samples"":{""date"":""2026-09-14"",""run_id"":""a045e95393294f6cad1ab8807c001ca6""},""upload_data"":{""date"":""2026-09-14"",""run_id"":""c16ad7f93e1d46c2ae1ca883b048c216""}}"
1978,978,"43.231691500000004 , -80.32564090000001","43.408783 , -80.5022223",urban-urban,mixed,2051,"{""sample_routes"":{""date"":""2026-09-14"",""run_id"":""e8d1f5b91b6f405ba6c0267da8ed117d""},""join_samples"":{""date"":""2026-09-14"",""run_id"":""a045e95393294f6cad1ab8807c001ca6""},""upload_data"":{""date"":""2026-09-14"",""run_id"":""c16ad7f93e1d46c2ae1ca883b048c216""}}"
1979,979,"43.6798197 , -79.8224608","43.4068752 , -79.82257340000001",urban-urban,mixed,2053,"{""sample_routes"":{""date"":""2026-09-14"",""run_id"":""e8d1f5b91b6f405ba6c0267da8ed117d""},""join_samples"":{""date"":""2026-09-14"",""run_id"":""a045e95393294f6cad1ab8807c001ca6""},""upload_data"":{""date"":""2026-09-14"",""run_id"":""c16ad7f93e1d46c2ae1ca883b048c216""}}"
1980,980,"45.0465213 , -76.6469493","45.046952600000004 , -76.4486438",urban-urban,mixed,1546,"{""sample_routes"":{""date"":""2026-09-14"",""run_id"":""e8d1f5b91b6f405ba6c0267da8ed117d""},""join_samples"":{""date"":""2026-09-14"",""run_id"":""a045e95393294f6cad1ab8807c001ca6""},""upload_data"":{""date"":""2026-09-14"",""run_id"":""c16ad7f93e1d46c2ae1ca883b048c216""}}"
1982,982,"43.1949575 , -79.57190320000001","42.996346900000006 , -79.3727128",urban-urban,mixed,2055,"{""sample_routes"":{""date"":""2026-09-14"",""run_id"":""e8d1f5b91b6f405ba6c0267da8ed117d""},""join_samples"":{""date"":""2026-09-14"",""run_id"":""a045e95393294f6cad1ab8807c001ca6""},""upload_data"":{""date"":""2026-09-14"",""run_id"":""c16ad7f93e1d46c2ae1ca883b048c216""}}"
1983,983,"48.3986565 , -89.2830527","48.5780717 , -89.4628117",urban-urban,mixed,2055,"{""sample_routes"":{""date"":""2026-09-14"",""run_id"":""e8d1f5b91b6f405ba6c0267da8ed117d""},""join_samples"":{""date"":""2026-09-14"",""run_id"":""a045e95393294f6cad1ab8807c001ca6""},""upload_data"":{""date"":""2026-09-14"",""run_id"":""c16ad7f93e1d46c2ae1ca883b048c216""}}"
1985,985,"48.1732638 , -89.7234287","48.268389000000006 , -89.8189976",rural-urban,mixed,1544,"{""sample_routes"":{""date"":""2026-09-14"",""run_id"":""e8d1f5b91b6f405ba6c0267da8ed117d""},""join_samples"":{""date"":""2026-09-14"",""run_id"":""a045e95393294f6cad1ab8807c001ca6""},""upload_data"":{""date"":""2026-09-14"",""run_id"":""c16ad7f93e1d46c2ae1ca883b048c216""}}"
1986,986,"43.7711155 , -79.5424746","44.0219182 , -79.5423351",urban-urban,mixed,1543,"{""sample_routes"":{""date"":""2026-09-14"",""run_id"":""e8d1f5b91b6f405ba6c0267da8ed117d""},""join_samples"":{""date"":""2026-09-14"",""run_id"":""a045e95393294f6cad1ab8807c001ca6""},""upload_data"":{""date"":""2026-09-14"",""run_id"":""c16ad7f93e1d46c2ae1ca883b048c216""}}"
1987,987,"48.795223400000005 , -94.2511516","48.9139962 , -94.1321901",urban-urban,mixed,1541,"{""sample_routes"":{""date"":""2026-09-14"",""run_id"":""e8d1f5b91b6f405ba6c0267da8ed117d""},""join_samples"":{""date"":""2026-09-14"",""run_id"":""a045e95393294f6cad1ab8807c001ca6""},""upload_data"":{""date"":""2026-09-14"",""run_id"":""c16ad7f93e1d46c2ae1ca883b048c216""}}"
1988,988,"46.729713200000006 , -84.37709620000001","46.5243308 , -84.3772646",urban-urban,mixed,1540,"{""sample_routes"":{""date"":""2026-09-14"",""run_id"":""e8d1f5b91b6f405ba6c0267da8ed117d""},""join_samples"":{""date"":""2026-09-14"",""run_id"":""a045e95393294f6cad1ab8807c001ca6""},""upload_data"":{""date"":""2026-09-14"",""run_id"":""c16ad7f93e1d46c2ae1ca883b048c216""}}"
1992,992,"50.073136600000005 , -91.89326790000001","50.0728158 , -91.86499930000001",urban-urban,mixed,1538,"{""sample_routes"":{""date"":""2026-09-14"",""run_id"":""e8d1f5b91b6f405ba6c0267da8ed117d""},""join_samples"":{""date"":""2026-09-14"",""run_id"":""a045e95393294f6cad1ab8807c001ca6""},""upload_data"":{""date"":""2026-09-14"",""run_id"":""c16ad7f93e1d46c2ae1ca883b048c216""}}"
1994,994,"45.801776600000004 , -77.0562099","45.801291600000006 , -77.32022350000001",urban-urban,mixed,1538,"{""sample_routes"":{""date"":""2026-09-14"",""run_id"":""e8d1f5b91b6f405ba6c0267da8ed117d""},""join_samples"":{""date"":""2026-09-14"",""run_id"":""a045e95393294f6cad1ab8807c001ca6""},""upload_data"":{""date"":""2026-09-14"",""run_id"":""c16ad7f93e1d46c2ae1ca883b048c216""}}"
1995,995,"46.1814185 , -79.29835820000001","46.3761269 , -79.49272260000001",urban-urban,mixed,1537,"{""sample_routes"":{""date"":""2026-09-14"",""run_id"":""e8d1f5b91b6f405ba6c0267da8ed117d""},""join_samples"":{""date"":""2026-09-14"",""run_id"":""a045e95393294f6cad1ab8807c001ca6""},""upload_data"":{""date"":""2026-09-14"",""run_id"":""c16ad7f93e1d46c2ae1ca883b048c216""}}"
1997,997,"45.4079175 , -75.7204674","45.189082400000004 , -75.7208607",urban-urban,mixed,2067,"{""sample_routes"":{""date"":""2026-09-14"",""run_id"":""e8d1f5b91b6f405ba6c0267da8ed117d""},""join_samples"":{""date"":""2026-09-14"",""run_id"":""a045e95393294f6cad1ab8807c001ca6""},""upload_data"":{""date"":""2026-09-14"",""run_id"":""c16ad7f93e1d46c2ae1ca883b048c216""}}"
1998,998,"46.528234100000006 , -80.93039710000001","46.528058 , -80.5419231",urban-urban,mixed,2068,"{""sample_routes"":{""date"":""2026-09-14"",""run_id"":""e8d1f5b91b6f405ba6c0267da8ed117d""},""join_samples"":{""date"":""2026-09-14"",""run_id"":""a045e95393294f6cad1ab8807c001ca6""},""upload_data"":{""date"":""2026-09-14"",""run_id"":""c16ad7f93e1d46c2ae1ca883b048c216""}}"
