join_index,sampling_index,origin,destination,area,journeyClass,ttpTravelTime,metadata
0,0,"50.409949600000004 , -104.52199680000001","50.5235732 , -104.63555360000001",urban-urban,urban,1200,"{""sample_routes"":{""date"":""2026-09-16"",""run_id"":""508ff160c4b34eb1b06636d11b6607d3""},""join_samples"":{""date"":""2026-09-18"",""run_id"":""80ea536a5f75448aab5bb9f230b0dcf8""},""upload_data"":{""date"":""2026-09-18"",""run_id"":""0188dfb02f074d23b9f7ad74cb501bb5""}}"
1,1,"52.1280883 , -106.5523691","52.128563 , -106.7635927",urban-urban,urban,1200,"{""sample_routes"":{""date"":""2026-09-16"",""run_id"":""508ff160c4b34eb1b06636d11b6607d3""},""join_samples"":{""date"":""2026-09-18"",""run_id"":""80ea536a5f75448aab5bb9f230b0dcf8""},""upload_data"":{""date"":""2026-09-18"",""run_id"":""0188dfb02f074d23b9f7ad74cb501bb5""}}"
2,2,"50.398564500000006 , -104.6588624","50.5064891 , -104.6587447",urban-urban,urban,1203,"{""sample_routes"":{""date"":""2026-09-16"",""run_id"":""508ff160c4b34eb1b06636d11b6607d3""},""join_samples"":{""date"":""2026-09-18"",""run_id"":""80ea536a5f75448aab5bb9f230b0dcf8""},""upload_data"":{""date"":""2026-09-18"",""run_id"":""0188dfb02f074d23b9f7ad74cb501bb5""}}"
3,3,"52.085545 , -106.4914962","52.2167636 , -106.62271390000001",rural-urban,urban,1204,"{""sample_routes"":{""date"":""2026-09-16"",""run_id"":""508ff160c4b34eb1b06636d11b6607d3""},""join_samples"":{""date"":""2026-09-18"",""run_id"":""80ea536a5f75448aab5bb9f230b0dcf8""},""upload_data"":{""date"":""2026-09-18"",""run_id"":""0188dfb02f074d23b9f7ad74cb501bb5""}}"
4,4,"52.12472 , -106.75256820000001","52.124611400000006 , -106.53963540000001",urban-urban,urban,1206,"{""sample_routes"":{""date"":""2026-09-16"",""run_id"":""508ff160c4b34eb1b06636d11b6607d3""},""join_samples"":{""date"":""2026-09-18"",""run_id"":""80ea536a5f75448aab5bb9f230b0dcf8""},""upload_data"":{""date"":""2026-09-18"",""run_id"":""0188dfb02f074d23b9f7ad74cb501bb5""}}"
5,5,"52.091755600000006 , -106.6034113","52.0913556 , -106.6028218",urban-urban,urban,1193,"{""sample_routes"":{""date"":""2026-09-16"",""run_id"":""508ff160c4b34eb1b06636d11b6607d3""},""join_samples"":{""date"":""2026-09-18"",""run_id"":""80ea536a5f75448aab5bb9f230b0dcf8""},""upload_data"":{""date"":""2026-09-18"",""run_id"":""0188dfb02f074d23b9f7ad74cb501bb5""}}"
6,6,"52.1561985 , -106.5923073","52.15573860000001 , -106.76544620000001",urban-urban,urban,1191,"{""sample_routes"":{""date"":""2026-09-16"",""run_id"":""508ff160c4b34eb1b06636d11b6607d3""},""join_samples"":{""date"":""2026-09-18"",""run_id"":""80ea536a5f75448aab5bb9f230b0dcf8""},""upload_data"":{""date"":""2026-09-18"",""run_id"":""0188dfb02f074d23b9f7ad74cb501bb5""}}"
7,7,"52.1516029 , -106.7653521","52.1517965 , -106.5522457",urban-urban,urban,1209,"{""sample_routes"":{""date"":""2026-09-16"",""run_id"":""508ff160c4b34eb1b06636d11b6607d3""},""join_samples"":{""date"":""2026-09-18"",""run_id"":""80ea536a5f75448aab5bb9f230b0dcf8""},""upload_data"":{""date"":""2026-09-18"",""run_id"":""0188dfb02f074d23b9f7ad74cb501bb5""}}"
8,8,"50.513147100000005 , -104.72039160000001","50.4192169 , -104.62680130000001",rural-urban,urban,1190,"{""sample_routes"":{""date"":""2026-09-16"",""run_id"":""508ff160c4b34eb1b06636d11b6607d3""},""join_samples"":{""date"":""2026-09-18"",""run_id"":""80ea536a5f75448aab5bb9f230b0dcf8""},""upload_data"":{""date"":""2026-09-18"",""run_id"":""0188dfb02f074d23b9f7ad74cb501bb5""}}"
9,9,"52.170082400000005 , -106.5556301","52.169628800000005 , -106.61312860000001",urban-urban,urban,1211,"{""sample_routes"":{""date"":""2026-09-16"",""run_id"":""508ff160c4b34eb1b06636d11b6607d3""},""join_samples"":{""date"":""2026-09-18"",""run_id"":""80ea536a5f75448aab5bb9f230b0dcf8""},""upload_data"":{""date"":""2026-09-18"",""run_id"":""0188dfb02f074d23b9f7ad74cb501bb5""}}"
10,10,"50.513437200000006 , -104.7201019","50.4187225 , -104.6253094",rural-urban,urban,1188,"{""sample_routes"":{""date"":""2026-09-16"",""run_id"":""508ff160c4b34eb1b06636d11b6607d3""},""join_samples"":{""date"":""2026-09-18"",""run_id"":""80ea536a5f75448aab5bb9f230b0dcf8""},""upload_data"":{""date"":""2026-09-18"",""run_id"":""0188dfb02f074d23b9f7ad74cb501bb5""}}"
11,11,"52.130732200000004 , -106.690123","52.1305568 , -106.5670106",urban-urban,urban,1213,"{""sample_routes"":{""date"":""2026-09-16"",""run_id"":""508ff160c4b34eb1b06636d11b6607d3""},""join_samples"":{""date"":""2026-09-18"",""run_id"":""80ea536a5f75448aab5bb9f230b0dcf8""},""upload_data"":{""date"":""2026-09-18"",""run_id"":""0188dfb02f074d23b9f7ad74cb501bb5""}}"
12,12,"50.398558900000005 , -104.6577764","50.507349100000006 , -104.65806070000001",urban-urban,urban,1187,"{""sample_routes"":{""date"":""2026-09-16"",""run_id"":""508ff160c4b34eb1b06636d11b6607d3""},""join_samples"":{""date"":""2026-09-18"",""run_id"":""80ea536a5f75448aab5bb9f230b0dcf8""},""upload_data"":{""date"":""2026-09-18"",""run_id"":""0188dfb02f074d23b9f7ad74cb501bb5""}}"
13,13,"50.410895200000006 , -104.5242678","50.5229426 , -104.6365408",urban-urban,urban,1214,"{""sample_routes"":{""date"":""2026-09-16"",""run_id"":""508ff160c4b34eb1b06636d11b6607d3""},""join_samples"":{""date"":""2026-09-18"",""run_id"":""80ea536a5f75448aab5bb9f230b0dcf8""},""upload_data"":{""date"":""2026-09-18"",""run_id"":""0188dfb02f074d23b9f7ad74cb501bb5""}}"
14,14,"52.104588500000006 , -106.56360910000001","52.104456400000004 , -106.79661390000001",urban-rural,urban,1186,"{""sample_routes"":{""date"":""2026-09-16"",""run_id"":""508ff160c4b34eb1b06636d11b6607d3""},""join_samples"":{""date"":""2026-09-18"",""run_id"":""80ea536a5f75448aab5bb9f230b0dcf8""},""upload_data"":{""date"":""2026-09-18"",""run_id"":""0188dfb02f074d23b9f7ad74cb501bb5""}}"
15,15,"52.1897284 , -106.575592","52.0923639 , -106.5756836",urban-urban,urban,1214,"{""sample_routes"":{""date"":""2026-09-16"",""run_id"":""508ff160c4b34eb1b06636d11b6607d3""},""join_samples"":{""date"":""2026-09-18"",""run_id"":""80ea536a5f75448aab5bb9f230b0dcf8""},""upload_data"":{""date"":""2026-09-18"",""run_id"":""0188dfb02f074d23b9f7ad74cb501bb5""}}"
16,16,"52.042861200000004 , -106.6572914","52.127819 , -106.57192610000001",urban-urban,urban,1186,"{""sample_routes"":{""date"":""2026-09-16"",""run_id"":""508ff160c4b34eb1b06636d11b6607d3""},""join_samples"":{""date"":""2026-09-18"",""run_id"":""80ea536a5f75448aab5bb9f230b0dcf8""},""upload_data"":{""date"":""2026-09-18"",""run_id"":""0188dfb02f074d23b9f7ad74cb501bb5""}}"
17,17,"52.149922200000006 , -106.7653648","52.1501802 , -106.56590340000001",urban-urban,urban,1186,"{""sample_routes"":{""date"":""2026-09-16"",""run_id"":""508ff160c4b34eb1b06636d11b6607d3""},""join_samples"":{""date"":""2026-09-18"",""run_id"":""80ea536a5f75448aab5bb9f230b0dcf8""},""upload_data"":{""date"":""2026-09-18"",""run_id"":""0188dfb02f074d23b9f7ad74cb501bb5""}}"
18,18,"50.397774000000005 , -104.6540186","50.4912149 , -104.6535865",urban-urban,urban,1215,"{""sample_routes"":{""date"":""2026-09-16"",""run_id"":""508ff160c4b34eb1b06636d11b6607d3""},""join_samples"":{""date"":""2026-09-18"",""run_id"":""80ea536a5f75448aab5bb9f230b0dcf8""},""upload_data"":{""date"":""2026-09-18"",""run_id"":""0188dfb02f074d23b9f7ad74cb501bb5""}}"
19,19,"50.456653700000004 , -104.53660740000001","50.4564784 , -104.68341860000001",urban-urban,urban,1216,"{""sample_routes"":{""date"":""2026-09-16"",""run_id"":""508ff160c4b34eb1b06636d11b6607d3""},""join_samples"":{""date"":""2026-09-18"",""run_id"":""80ea536a5f75448aab5bb9f230b0dcf8""},""upload_data"":{""date"":""2026-09-18"",""run_id"":""0188dfb02f074d23b9f7ad74cb501bb5""}}"
20,20,"52.113208900000004 , -106.56167500000001","52.1127471 , -106.7802795",urban-rural,urban,1216,"{""sample_routes"":{""date"":""2026-09-16"",""run_id"":""508ff160c4b34eb1b06636d11b6607d3""},""join_samples"":{""date"":""2026-09-18"",""run_id"":""80ea536a5f75448aab5bb9f230b0dcf8""},""upload_data"":{""date"":""2026-09-18"",""run_id"":""0188dfb02f074d23b9f7ad74cb501bb5""}}"
21,21,"52.0368712 , -106.62152640000001","52.1493151 , -106.73399140000001",urban-urban,urban,1216,"{""sample_routes"":{""date"":""2026-09-16"",""run_id"":""508ff160c4b34eb1b06636d11b6607d3""},""join_samples"":{""date"":""2026-09-18"",""run_id"":""80ea536a5f75448aab5bb9f230b0dcf8""},""upload_data"":{""date"":""2026-09-18"",""run_id"":""0188dfb02f074d23b9f7ad74cb501bb5""}}"
22,22,"50.513068700000005 , -104.72048520000001","50.419660300000004 , -104.6265942",rural-urban,urban,1184,"{""sample_routes"":{""date"":""2026-09-16"",""run_id"":""508ff160c4b34eb1b06636d11b6607d3""},""join_samples"":{""date"":""2026-09-18"",""run_id"":""80ea536a5f75448aab5bb9f230b0dcf8""},""upload_data"":{""date"":""2026-09-18"",""run_id"":""0188dfb02f074d23b9f7ad74cb501bb5""}}"
23,23,"50.513221300000005 , -104.72029450000001","50.418724700000006 , -104.62608390000001",rural-urban,urban,1184,"{""sample_routes"":{""date"":""2026-09-16"",""run_id"":""508ff160c4b34eb1b06636d11b6607d3""},""join_samples"":{""date"":""2026-09-18"",""run_id"":""80ea536a5f75448aab5bb9f230b0dcf8""},""upload_data"":{""date"":""2026-09-18"",""run_id"":""0188dfb02f074d23b9f7ad74cb501bb5""}}"
24,24,"52.151284600000004 , -106.76523010000001","52.151583300000006 , -106.55320880000001",urban-urban,urban,1183,"{""sample_routes"":{""date"":""2026-09-16"",""run_id"":""508ff160c4b34eb1b06636d11b6607d3""},""join_samples"":{""date"":""2026-09-18"",""run_id"":""80ea536a5f75448aab5bb9f230b0dcf8""},""upload_data"":{""date"":""2026-09-18"",""run_id"":""0188dfb02f074d23b9f7ad74cb501bb5""}}"
25,25,"52.0454888 , -106.6567356","52.1948068 , -106.65714240000001",urban-urban,urban,1218,"{""sample_routes"":{""date"":""2026-09-16"",""run_id"":""508ff160c4b34eb1b06636d11b6607d3""},""join_samples"":{""date"":""2026-09-18"",""run_id"":""80ea536a5f75448aab5bb9f230b0dcf8""},""upload_data"":{""date"":""2026-09-18"",""run_id"":""0188dfb02f074d23b9f7ad74cb501bb5""}}"
26,26,"52.0322338 , -106.6400978","52.1475663 , -106.7550995",urban-urban,urban,1181,"{""sample_routes"":{""date"":""2026-09-16"",""run_id"":""508ff160c4b34eb1b06636d11b6607d3""},""join_samples"":{""date"":""2026-09-18"",""run_id"":""80ea536a5f75448aab5bb9f230b0dcf8""},""upload_data"":{""date"":""2026-09-18"",""run_id"":""0188dfb02f074d23b9f7ad74cb501bb5""}}"
27,27,"50.4272956 , -104.52165350000001","50.427406500000004 , -104.6424645",urban-urban,urban,1221,"{""sample_routes"":{""date"":""2026-09-16"",""run_id"":""508ff160c4b34eb1b06636d11b6607d3""},""join_samples"":{""date"":""2026-09-18"",""run_id"":""80ea536a5f75448aab5bb9f230b0dcf8""},""upload_data"":{""date"":""2026-09-18"",""run_id"":""0188dfb02f074d23b9f7ad74cb501bb5""}}"
28,28,"52.127867300000005 , -106.56099400000001","52.1935365 , -106.6268105",urban-urban,urban,1221,"{""sample_routes"":{""date"":""2026-09-16"",""run_id"":""508ff160c4b34eb1b06636d11b6607d3""},""join_samples"":{""date"":""2026-09-18"",""run_id"":""80ea536a5f75448aab5bb9f230b0dcf8""},""upload_data"":{""date"":""2026-09-18"",""run_id"":""0188dfb02f074d23b9f7ad74cb501bb5""}}"
29,29,"50.3988102 , -104.6616427","50.5069462 , -104.6613626",urban-urban,urban,1222,"{""sample_routes"":{""date"":""2026-09-16"",""run_id"":""508ff160c4b34eb1b06636d11b6607d3""},""join_samples"":{""date"":""2026-09-18"",""run_id"":""80ea536a5f75448aab5bb9f230b0dcf8""},""upload_data"":{""date"":""2026-09-18"",""run_id"":""0188dfb02f074d23b9f7ad74cb501bb5""}}"
30,30,"50.512580500000006 , -104.72066740000001","50.4171111 , -104.6253612",rural-urban,urban,1177,"{""sample_routes"":{""date"":""2026-09-16"",""run_id"":""508ff160c4b34eb1b06636d11b6607d3""},""join_samples"":{""date"":""2026-09-18"",""run_id"":""80ea536a5f75448aab5bb9f230b0dcf8""},""upload_data"":{""date"":""2026-09-18"",""run_id"":""0188dfb02f074d23b9f7ad74cb501bb5""}}"
31,31,"52.1973422 , -106.6227125","52.1003313 , -106.6228157",urban-urban,urban,1175,"{""sample_routes"":{""date"":""2026-09-16"",""run_id"":""508ff160c4b34eb1b06636d11b6607d3""},""join_samples"":{""date"":""2026-09-18"",""run_id"":""80ea536a5f75448aab5bb9f230b0dcf8""},""upload_data"":{""date"":""2026-09-18"",""run_id"":""0188dfb02f074d23b9f7ad74cb501bb5""}}"
32,32,"50.398571100000005 , -104.6558153","50.5064986 , -104.65568470000001",urban-urban,urban,1175,"{""sample_routes"":{""date"":""2026-09-16"",""run_id"":""508ff160c4b34eb1b06636d11b6607d3""},""join_samples"":{""date"":""2026-09-18"",""run_id"":""80ea536a5f75448aab5bb9f230b0dcf8""},""upload_data"":{""date"":""2026-09-18"",""run_id"":""0188dfb02f074d23b9f7ad74cb501bb5""}}"
33,33,"52.037739800000004 , -106.6636132","52.1296624 , -106.5713599",urban-urban,urban,1226,"{""sample_routes"":{""date"":""2026-09-16"",""run_id"":""508ff160c4b34eb1b06636d11b6607d3""},""join_samples"":{""date"":""2026-09-18"",""run_id"":""80ea536a5f75448aab5bb9f230b0dcf8""},""upload_data"":{""date"":""2026-09-18"",""run_id"":""0188dfb02f074d23b9f7ad74cb501bb5""}}"
34,34,"50.4639152 , -104.5344393","50.4637192 , -104.7097868",urban-rural,urban,1172,"{""sample_routes"":{""date"":""2026-09-16"",""run_id"":""508ff160c4b34eb1b06636d11b6607d3""},""join_samples"":{""date"":""2026-09-18"",""run_id"":""80ea536a5f75448aab5bb9f230b0dcf8""},""upload_data"":{""date"":""2026-09-18"",""run_id"":""0188dfb02f074d23b9f7ad74cb501bb5""}}"
35,35,"52.185881300000005 , -106.63882290000001","52.062361300000006 , -106.63844420000001",urban-urban,urban,1229,"{""sample_routes"":{""date"":""2026-09-16"",""run_id"":""508ff160c4b34eb1b06636d11b6607d3""},""join_samples"":{""date"":""2026-09-18"",""run_id"":""80ea536a5f75448aab5bb9f230b0dcf8""},""upload_data"":{""date"":""2026-09-18"",""run_id"":""0188dfb02f074d23b9f7ad74cb501bb5""}}"
36,36,"52.025099000000004 , -106.67045990000001","52.1286708 , -106.5668708",rural-urban,urban,1229,"{""sample_routes"":{""date"":""2026-09-16"",""run_id"":""508ff160c4b34eb1b06636d11b6607d3""},""join_samples"":{""date"":""2026-09-18"",""run_id"":""80ea536a5f75448aab5bb9f230b0dcf8""},""upload_data"":{""date"":""2026-09-18"",""run_id"":""0188dfb02f074d23b9f7ad74cb501bb5""}}"
37,37,"52.0931523 , -106.6723754","52.1901705 , -106.57495150000001",urban-urban,urban,1170,"{""sample_routes"":{""date"":""2026-09-16"",""run_id"":""508ff160c4b34eb1b06636d11b6607d3""},""join_samples"":{""date"":""2026-09-18"",""run_id"":""80ea536a5f75448aab5bb9f230b0dcf8""},""upload_data"":{""date"":""2026-09-18"",""run_id"":""0188dfb02f074d23b9f7ad74cb501bb5""}}"
38,38,"50.409567100000004 , -104.64176560000001","50.4999161 , -104.6421464",urban-urban,urban,1170,"{""sample_routes"":{""date"":""2026-09-16"",""run_id"":""508ff160c4b34eb1b06636d11b6607d3""},""join_samples"":{""date"":""2026-09-18"",""run_id"":""80ea536a5f75448aab5bb9f230b0dcf8""},""upload_data"":{""date"":""2026-09-18"",""run_id"":""0188dfb02f074d23b9f7ad74cb501bb5""}}"
39,39,"52.037400600000005 , -106.6647087","52.1278176 , -106.57410340000001",urban-urban,urban,1231,"{""sample_routes"":{""date"":""2026-09-16"",""run_id"":""508ff160c4b34eb1b06636d11b6607d3""},""join_samples"":{""date"":""2026-09-18"",""run_id"":""80ea536a5f75448aab5bb9f230b0dcf8""},""upload_data"":{""date"":""2026-09-18"",""run_id"":""0188dfb02f074d23b9f7ad74cb501bb5""}}"
40,40,"52.1881822 , -106.63179670000001","52.1044562 , -106.63217340000001",urban-urban,urban,1168,"{""sample_routes"":{""date"":""2026-09-16"",""run_id"":""508ff160c4b34eb1b06636d11b6607d3""},""join_samples"":{""date"":""2026-09-18"",""run_id"":""80ea536a5f75448aab5bb9f230b0dcf8""},""upload_data"":{""date"":""2026-09-18"",""run_id"":""0188dfb02f074d23b9f7ad74cb501bb5""}}"
41,41,"52.0423363 , -106.6506499","52.1969714 , -106.65097990000001",urban-urban,urban,1234,"{""sample_routes"":{""date"":""2026-09-16"",""run_id"":""508ff160c4b34eb1b06636d11b6607d3""},""join_samples"":{""date"":""2026-09-18"",""run_id"":""80ea536a5f75448aab5bb9f230b0dcf8""},""upload_data"":{""date"":""2026-09-18"",""run_id"":""0188dfb02f074d23b9f7ad74cb501bb5""}}"
42,42,"52.0211338 , -106.6416885","52.141844000000006 , -106.7621891",urban-urban,urban,1165,"{""sample_routes"":{""date"":""2026-09-16"",""run_id"":""508ff160c4b34eb1b06636d11b6607d3""},""join_samples"":{""date"":""2026-09-18"",""run_id"":""80ea536a5f75448aab5bb9f230b0dcf8""},""upload_data"":{""date"":""2026-09-18"",""run_id"":""0188dfb02f074d23b9f7ad74cb501bb5""}}"
43,43,"52.1510327 , -106.7657458","52.151459900000006 , -106.55549760000001",urban-urban,urban,1163,"{""sample_routes"":{""date"":""2026-09-16"",""run_id"":""508ff160c4b34eb1b06636d11b6607d3""},""join_samples"":{""date"":""2026-09-18"",""run_id"":""80ea536a5f75448aab5bb9f230b0dcf8""},""upload_data"":{""date"":""2026-09-18"",""run_id"":""0188dfb02f074d23b9f7ad74cb501bb5""}}"
44,44,"50.412528200000004 , -104.6418713","50.5053442 , -104.64229420000001",urban-urban,urban,1237,"{""sample_routes"":{""date"":""2026-09-16"",""run_id"":""508ff160c4b34eb1b06636d11b6607d3""},""join_samples"":{""date"":""2026-09-18"",""run_id"":""80ea536a5f75448aab5bb9f230b0dcf8""},""upload_data"":{""date"":""2026-09-18"",""run_id"":""0188dfb02f074d23b9f7ad74cb501bb5""}}"
45,45,"50.4496588 , -104.66197930000001","50.4499239 , -104.44243580000001",urban-rural,urban,1238,"{""sample_routes"":{""date"":""2026-09-16"",""run_id"":""508ff160c4b34eb1b06636d11b6607d3""},""join_samples"":{""date"":""2026-09-18"",""run_id"":""80ea536a5f75448aab5bb9f230b0dcf8""},""upload_data"":{""date"":""2026-09-18"",""run_id"":""0188dfb02f074d23b9f7ad74cb501bb5""}}"
46,46,"52.069468500000006 , -106.64142570000001","52.1760613 , -106.5345013",urban-urban,urban,1161,"{""sample_routes"":{""date"":""2026-09-16"",""run_id"":""508ff160c4b34eb1b06636d11b6607d3""},""join_samples"":{""date"":""2026-09-18"",""run_id"":""80ea536a5f75448aab5bb9f230b0dcf8""},""upload_data"":{""date"":""2026-09-18"",""run_id"":""0188dfb02f074d23b9f7ad74cb501bb5""}}"
47,47,"52.081523000000004 , -106.7332059","52.188441600000004 , -106.62634340000001",urban-urban,urban,1161,"{""sample_routes"":{""date"":""2026-09-16"",""run_id"":""508ff160c4b34eb1b06636d11b6607d3""},""join_samples"":{""date"":""2026-09-18"",""run_id"":""80ea536a5f75448aab5bb9f230b0dcf8""},""upload_data"":{""date"":""2026-09-18"",""run_id"":""0188dfb02f074d23b9f7ad74cb501bb5""}}"
48,48,"52.0355756 , -106.65411750000001","52.143552500000006 , -106.5459728",urban-urban,urban,1158,"{""sample_routes"":{""date"":""2026-09-16"",""run_id"":""508ff160c4b34eb1b06636d11b6607d3""},""join_samples"":{""date"":""2026-09-18"",""run_id"":""80ea536a5f75448aab5bb9f230b0dcf8""},""upload_data"":{""date"":""2026-09-18"",""run_id"":""0188dfb02f074d23b9f7ad74cb501bb5""}}"
49,49,"52.0311603 , -106.65577370000001","52.173072600000005 , -106.65544200000001",urban-urban,urban,1242,"{""sample_routes"":{""date"":""2026-09-16"",""run_id"":""508ff160c4b34eb1b06636d11b6607d3""},""join_samples"":{""date"":""2026-09-18"",""run_id"":""80ea536a5f75448aab5bb9f230b0dcf8""},""upload_data"":{""date"":""2026-09-18"",""run_id"":""0188dfb02f074d23b9f7ad74cb501bb5""}}"
50,50,"52.1897674 , -106.57505900000001","52.1018192 , -106.5751235",urban-urban,urban,1244,"{""sample_routes"":{""date"":""2026-09-16"",""run_id"":""508ff160c4b34eb1b06636d11b6607d3""},""join_samples"":{""date"":""2026-09-18"",""run_id"":""80ea536a5f75448aab5bb9f230b0dcf8""},""upload_data"":{""date"":""2026-09-18"",""run_id"":""0188dfb02f074d23b9f7ad74cb501bb5""}}"
51,51,"52.09298020000001 , -106.67050830000001","52.1898557 , -106.5740676",urban-urban,urban,1156,"{""sample_routes"":{""date"":""2026-09-16"",""run_id"":""508ff160c4b34eb1b06636d11b6607d3""},""join_samples"":{""date"":""2026-09-18"",""run_id"":""80ea536a5f75448aab5bb9f230b0dcf8""},""upload_data"":{""date"":""2026-09-18"",""run_id"":""0188dfb02f074d23b9f7ad74cb501bb5""}}"
52,52,"50.4471232 , -104.6196132","50.447505 , -104.3838176",urban-urban,urban,1244,"{""sample_routes"":{""date"":""2026-09-16"",""run_id"":""508ff160c4b34eb1b06636d11b6607d3""},""join_samples"":{""date"":""2026-09-18"",""run_id"":""80ea536a5f75448aab5bb9f230b0dcf8""},""upload_data"":{""date"":""2026-09-18"",""run_id"":""0188dfb02f074d23b9f7ad74cb501bb5""}}"
53,53,"52.020908500000004 , -106.6423652","52.1413329 , -106.76297770000001",urban-urban,urban,1156,"{""sample_routes"":{""date"":""2026-09-16"",""run_id"":""508ff160c4b34eb1b06636d11b6607d3""},""join_samples"":{""date"":""2026-09-18"",""run_id"":""80ea536a5f75448aab5bb9f230b0dcf8""},""upload_data"":{""date"":""2026-09-18"",""run_id"":""0188dfb02f074d23b9f7ad74cb501bb5""}}"
54,54,"52.1896287 , -106.574838","52.0925615 , -106.6718453",urban-urban,urban,1245,"{""sample_routes"":{""date"":""2026-09-16"",""run_id"":""508ff160c4b34eb1b06636d11b6607d3""},""join_samples"":{""date"":""2026-09-18"",""run_id"":""80ea536a5f75448aab5bb9f230b0dcf8""},""upload_data"":{""date"":""2026-09-18"",""run_id"":""0188dfb02f074d23b9f7ad74cb501bb5""}}"
55,55,"52.0460992 , -106.6574102","52.151823400000005 , -106.5521654",urban-urban,urban,1154,"{""sample_routes"":{""date"":""2026-09-16"",""run_id"":""508ff160c4b34eb1b06636d11b6607d3""},""join_samples"":{""date"":""2026-09-18"",""run_id"":""80ea536a5f75448aab5bb9f230b0dcf8""},""upload_data"":{""date"":""2026-09-18"",""run_id"":""0188dfb02f074d23b9f7ad74cb501bb5""}}"
56,56,"52.15439670000001 , -106.7655029","52.1546858 , -106.5534434",urban-urban,urban,1247,"{""sample_routes"":{""date"":""2026-09-16"",""run_id"":""508ff160c4b34eb1b06636d11b6607d3""},""join_samples"":{""date"":""2026-09-18"",""run_id"":""80ea536a5f75448aab5bb9f230b0dcf8""},""upload_data"":{""date"":""2026-09-18"",""run_id"":""0188dfb02f074d23b9f7ad74cb501bb5""}}"
57,57,"52.204503 , -106.62802350000001","52.0855164 , -106.5089569",urban-rural,urban,1153,"{""sample_routes"":{""date"":""2026-09-16"",""run_id"":""508ff160c4b34eb1b06636d11b6607d3""},""join_samples"":{""date"":""2026-09-18"",""run_id"":""80ea536a5f75448aab5bb9f230b0dcf8""},""upload_data"":{""date"":""2026-09-18"",""run_id"":""0188dfb02f074d23b9f7ad74cb501bb5""}}"
58,58,"52.0309619 , -106.6442643","52.1525929 , -106.76558250000001",urban-urban,urban,1153,"{""sample_routes"":{""date"":""2026-09-16"",""run_id"":""508ff160c4b34eb1b06636d11b6607d3""},""join_samples"":{""date"":""2026-09-18"",""run_id"":""80ea536a5f75448aab5bb9f230b0dcf8""},""upload_data"":{""date"":""2026-09-18"",""run_id"":""0188dfb02f074d23b9f7ad74cb501bb5""}}"
59,59,"50.397138000000005 , -104.63900310000001","50.527773200000006 , -104.6391473",urban-urban,urban,1152,"{""sample_routes"":{""date"":""2026-09-16"",""run_id"":""508ff160c4b34eb1b06636d11b6607d3""},""join_samples"":{""date"":""2026-09-18"",""run_id"":""80ea536a5f75448aab5bb9f230b0dcf8""},""upload_data"":{""date"":""2026-09-18"",""run_id"":""0188dfb02f074d23b9f7ad74cb501bb5""}}"
60,60,"52.0339953 , -106.6764236","52.120088900000006 , -106.76300060000001",urban-urban,urban,1249,"{""sample_routes"":{""date"":""2026-09-16"",""run_id"":""508ff160c4b34eb1b06636d11b6607d3""},""join_samples"":{""date"":""2026-09-18"",""run_id"":""80ea536a5f75448aab5bb9f230b0dcf8""},""upload_data"":{""date"":""2026-09-18"",""run_id"":""0188dfb02f074d23b9f7ad74cb501bb5""}}"
61,61,"52.0357878 , -106.66303040000001","52.1283286 , -106.5702519",urban-urban,urban,1250,"{""sample_routes"":{""date"":""2026-09-16"",""run_id"":""508ff160c4b34eb1b06636d11b6607d3""},""join_samples"":{""date"":""2026-09-18"",""run_id"":""80ea536a5f75448aab5bb9f230b0dcf8""},""upload_data"":{""date"":""2026-09-18"",""run_id"":""0188dfb02f074d23b9f7ad74cb501bb5""}}"
62,62,"50.513467600000006 , -104.54939560000001","50.4217596 , -104.6407963",urban-urban,urban,1150,"{""sample_routes"":{""date"":""2026-09-16"",""run_id"":""508ff160c4b34eb1b06636d11b6607d3""},""join_samples"":{""date"":""2026-09-18"",""run_id"":""80ea536a5f75448aab5bb9f230b0dcf8""},""upload_data"":{""date"":""2026-09-18"",""run_id"":""0188dfb02f074d23b9f7ad74cb501bb5""}}"
63,63,"52.090723600000004 , -106.65746750000001","52.1890883 , -106.5588888",urban-rural,urban,1149,"{""sample_routes"":{""date"":""2026-09-16"",""run_id"":""508ff160c4b34eb1b06636d11b6607d3""},""join_samples"":{""date"":""2026-09-18"",""run_id"":""80ea536a5f75448aab5bb9f230b0dcf8""},""upload_data"":{""date"":""2026-09-18"",""run_id"":""0188dfb02f074d23b9f7ad74cb501bb5""}}"
64,64,"50.5046009 , -104.64561520000001","50.4172153 , -104.64520540000001",urban-urban,urban,1251,"{""sample_routes"":{""date"":""2026-09-16"",""run_id"":""508ff160c4b34eb1b06636d11b6607d3""},""join_samples"":{""date"":""2026-09-18"",""run_id"":""80ea536a5f75448aab5bb9f230b0dcf8""},""upload_data"":{""date"":""2026-09-18"",""run_id"":""0188dfb02f074d23b9f7ad74cb501bb5""}}"
65,65,"52.0904778 , -106.65767910000001","52.18913980000001 , -106.5591801",urban-rural,urban,1149,"{""sample_routes"":{""date"":""2026-09-16"",""run_id"":""508ff160c4b34eb1b06636d11b6607d3""},""join_samples"":{""date"":""2026-09-18"",""run_id"":""80ea536a5f75448aab5bb9f230b0dcf8""},""upload_data"":{""date"":""2026-09-18"",""run_id"":""0188dfb02f074d23b9f7ad74cb501bb5""}}"
66,66,"52.0438862 , -106.65590030000001","52.1874338 , -106.65597690000001",urban-urban,urban,1149,"{""sample_routes"":{""date"":""2026-09-16"",""run_id"":""508ff160c4b34eb1b06636d11b6607d3""},""join_samples"":{""date"":""2026-09-18"",""run_id"":""80ea536a5f75448aab5bb9f230b0dcf8""},""upload_data"":{""date"":""2026-09-18"",""run_id"":""0188dfb02f074d23b9f7ad74cb501bb5""}}"
67,67,"50.4259022 , -104.5278701","50.4254332 , -104.64166010000001",urban-urban,urban,1147,"{""sample_routes"":{""date"":""2026-09-16"",""run_id"":""508ff160c4b34eb1b06636d11b6607d3""},""join_samples"":{""date"":""2026-09-18"",""run_id"":""80ea536a5f75448aab5bb9f230b0dcf8""},""upload_data"":{""date"":""2026-09-18"",""run_id"":""0188dfb02f074d23b9f7ad74cb501bb5""}}"
68,68,"52.037460200000005 , -106.6558174","52.134371 , -106.5586208",urban-urban,urban,1146,"{""sample_routes"":{""date"":""2026-09-16"",""run_id"":""508ff160c4b34eb1b06636d11b6607d3""},""join_samples"":{""date"":""2026-09-18"",""run_id"":""80ea536a5f75448aab5bb9f230b0dcf8""},""upload_data"":{""date"":""2026-09-18"",""run_id"":""0188dfb02f074d23b9f7ad74cb501bb5""}}"
69,69,"52.069528000000005 , -106.6412224","52.1750817 , -106.53611020000001",urban-urban,urban,1145,"{""sample_routes"":{""date"":""2026-09-16"",""run_id"":""508ff160c4b34eb1b06636d11b6607d3""},""join_samples"":{""date"":""2026-09-18"",""run_id"":""80ea536a5f75448aab5bb9f230b0dcf8""},""upload_data"":{""date"":""2026-09-18"",""run_id"":""0188dfb02f074d23b9f7ad74cb501bb5""}}"
70,70,"52.1519525 , -106.56237010000001","52.1516098 , -106.7333856",urban-urban,urban,1255,"{""sample_routes"":{""date"":""2026-09-16"",""run_id"":""508ff160c4b34eb1b06636d11b6607d3""},""join_samples"":{""date"":""2026-09-18"",""run_id"":""80ea536a5f75448aab5bb9f230b0dcf8""},""upload_data"":{""date"":""2026-09-18"",""run_id"":""0188dfb02f074d23b9f7ad74cb501bb5""}}"
71,71,"50.4472183 , -104.62105810000001","50.447505 , -104.3838176",urban-urban,urban,1255,"{""sample_routes"":{""date"":""2026-09-16"",""run_id"":""508ff160c4b34eb1b06636d11b6607d3""},""join_samples"":{""date"":""2026-09-18"",""run_id"":""80ea536a5f75448aab5bb9f230b0dcf8""},""upload_data"":{""date"":""2026-09-18"",""run_id"":""0188dfb02f074d23b9f7ad74cb501bb5""}}"
72,72,"53.5231672 , -107.0784229","53.6085963 , -107.1634341",urban-urban,urban,1144,"{""sample_routes"":{""date"":""2026-09-16"",""run_id"":""508ff160c4b34eb1b06636d11b6607d3""},""join_samples"":{""date"":""2026-09-18"",""run_id"":""80ea536a5f75448aab5bb9f230b0dcf8""},""upload_data"":{""date"":""2026-09-18"",""run_id"":""0188dfb02f074d23b9f7ad74cb501bb5""}}"
73,73,"52.044187 , -106.7096673","52.1505535 , -106.7100252",urban-urban,urban,1256,"{""sample_routes"":{""date"":""2026-09-16"",""run_id"":""508ff160c4b34eb1b06636d11b6607d3""},""join_samples"":{""date"":""2026-09-18"",""run_id"":""80ea536a5f75448aab5bb9f230b0dcf8""},""upload_data"":{""date"":""2026-09-18"",""run_id"":""0188dfb02f074d23b9f7ad74cb501bb5""}}"
74,74,"52.1856299 , -106.54915910000001","52.120139 , -106.54939940000001",urban-urban,urban,1257,"{""sample_routes"":{""date"":""2026-09-16"",""run_id"":""508ff160c4b34eb1b06636d11b6607d3""},""join_samples"":{""date"":""2026-09-18"",""run_id"":""80ea536a5f75448aab5bb9f230b0dcf8""},""upload_data"":{""date"":""2026-09-18"",""run_id"":""0188dfb02f074d23b9f7ad74cb501bb5""}}"
75,75,"50.418942 , -104.52986820000001","50.4190364 , -104.642587",urban-urban,urban,1258,"{""sample_routes"":{""date"":""2026-09-16"",""run_id"":""508ff160c4b34eb1b06636d11b6607d3""},""join_samples"":{""date"":""2026-09-18"",""run_id"":""80ea536a5f75448aab5bb9f230b0dcf8""},""upload_data"":{""date"":""2026-09-18"",""run_id"":""0188dfb02f074d23b9f7ad74cb501bb5""}}"
76,76,"52.260343000000006 , -106.6701944","52.125951900000004 , -106.67005250000001",urban-urban,urban,1259,"{""sample_routes"":{""date"":""2026-09-16"",""run_id"":""508ff160c4b34eb1b06636d11b6607d3""},""join_samples"":{""date"":""2026-09-18"",""run_id"":""80ea536a5f75448aab5bb9f230b0dcf8""},""upload_data"":{""date"":""2026-09-18"",""run_id"":""0188dfb02f074d23b9f7ad74cb501bb5""}}"
77,77,"52.033026500000005 , -106.6184748","52.1499383 , -106.7352625",urban-urban,urban,1260,"{""sample_routes"":{""date"":""2026-09-16"",""run_id"":""508ff160c4b34eb1b06636d11b6607d3""},""join_samples"":{""date"":""2026-09-18"",""run_id"":""80ea536a5f75448aab5bb9f230b0dcf8""},""upload_data"":{""date"":""2026-09-18"",""run_id"":""0188dfb02f074d23b9f7ad74cb501bb5""}}"
78,78,"52.185943300000005 , -106.62514030000001","52.1027202 , -106.6252219",urban-urban,urban,1139,"{""sample_routes"":{""date"":""2026-09-16"",""run_id"":""508ff160c4b34eb1b06636d11b6607d3""},""join_samples"":{""date"":""2026-09-18"",""run_id"":""80ea536a5f75448aab5bb9f230b0dcf8""},""upload_data"":{""date"":""2026-09-18"",""run_id"":""0188dfb02f074d23b9f7ad74cb501bb5""}}"
79,79,"52.138907100000004 , -106.76381260000001","52.139058000000006 , -106.5503693",urban-urban,urban,1137,"{""sample_routes"":{""date"":""2026-09-16"",""run_id"":""508ff160c4b34eb1b06636d11b6607d3""},""join_samples"":{""date"":""2026-09-18"",""run_id"":""80ea536a5f75448aab5bb9f230b0dcf8""},""upload_data"":{""date"":""2026-09-18"",""run_id"":""0188dfb02f074d23b9f7ad74cb501bb5""}}"
80,80,"52.1893144 , -106.5617737","52.1191873 , -106.5621399",rural-urban,urban,1264,"{""sample_routes"":{""date"":""2026-09-16"",""run_id"":""508ff160c4b34eb1b06636d11b6607d3""},""join_samples"":{""date"":""2026-09-18"",""run_id"":""80ea536a5f75448aab5bb9f230b0dcf8""},""upload_data"":{""date"":""2026-09-18"",""run_id"":""0188dfb02f074d23b9f7ad74cb501bb5""}}"
81,81,"52.121237900000004 , -106.74274100000001","52.1209544 , -106.5412852",urban-urban,urban,1134,"{""sample_routes"":{""date"":""2026-09-16"",""run_id"":""508ff160c4b34eb1b06636d11b6607d3""},""join_samples"":{""date"":""2026-09-18"",""run_id"":""80ea536a5f75448aab5bb9f230b0dcf8""},""upload_data"":{""date"":""2026-09-18"",""run_id"":""0188dfb02f074d23b9f7ad74cb501bb5""}}"
82,82,"52.1867427 , -106.61804590000001","52.100263000000005 , -106.6182885",urban-urban,urban,1134,"{""sample_routes"":{""date"":""2026-09-16"",""run_id"":""508ff160c4b34eb1b06636d11b6607d3""},""join_samples"":{""date"":""2026-09-18"",""run_id"":""80ea536a5f75448aab5bb9f230b0dcf8""},""upload_data"":{""date"":""2026-09-18"",""run_id"":""0188dfb02f074d23b9f7ad74cb501bb5""}}"
83,83,"52.188921500000006 , -106.61723450000001","52.085104900000005 , -106.61718660000001",urban-urban,urban,1132,"{""sample_routes"":{""date"":""2026-09-16"",""run_id"":""508ff160c4b34eb1b06636d11b6607d3""},""join_samples"":{""date"":""2026-09-18"",""run_id"":""80ea536a5f75448aab5bb9f230b0dcf8""},""upload_data"":{""date"":""2026-09-18"",""run_id"":""0188dfb02f074d23b9f7ad74cb501bb5""}}"
84,84,"52.085549300000004 , -106.51100650000001","52.2029538 , -106.6280296",rural-urban,urban,1131,"{""sample_routes"":{""date"":""2026-09-16"",""run_id"":""508ff160c4b34eb1b06636d11b6607d3""},""join_samples"":{""date"":""2026-09-18"",""run_id"":""80ea536a5f75448aab5bb9f230b0dcf8""},""upload_data"":{""date"":""2026-09-18"",""run_id"":""0188dfb02f074d23b9f7ad74cb501bb5""}}"
85,85,"52.1147744 , -106.79716350000001","52.1149539 , -106.53933230000001",urban-rural,urban,1130,"{""sample_routes"":{""date"":""2026-09-16"",""run_id"":""508ff160c4b34eb1b06636d11b6607d3""},""join_samples"":{""date"":""2026-09-18"",""run_id"":""80ea536a5f75448aab5bb9f230b0dcf8""},""upload_data"":{""date"":""2026-09-18"",""run_id"":""0188dfb02f074d23b9f7ad74cb501bb5""}}"
86,86,"52.1859966 , -106.62637840000001","52.1027223 , -106.62589410000001",urban-urban,urban,1130,"{""sample_routes"":{""date"":""2026-09-16"",""run_id"":""508ff160c4b34eb1b06636d11b6607d3""},""join_samples"":{""date"":""2026-09-18"",""run_id"":""80ea536a5f75448aab5bb9f230b0dcf8""},""upload_data"":{""date"":""2026-09-18"",""run_id"":""0188dfb02f074d23b9f7ad74cb501bb5""}}"
87,87,"50.400899900000006 , -104.65940800000001","50.50819490000001 , -104.6592275",urban-urban,urban,1130,"{""sample_routes"":{""date"":""2026-09-16"",""run_id"":""508ff160c4b34eb1b06636d11b6607d3""},""join_samples"":{""date"":""2026-09-18"",""run_id"":""80ea536a5f75448aab5bb9f230b0dcf8""},""upload_data"":{""date"":""2026-09-18"",""run_id"":""0188dfb02f074d23b9f7ad74cb501bb5""}}"
88,88,"50.4346814 , -104.3476722","50.4347666 , -104.60552390000001",urban-urban,urban,1270,"{""sample_routes"":{""date"":""2026-09-16"",""run_id"":""508ff160c4b34eb1b06636d11b6607d3""},""join_samples"":{""date"":""2026-09-18"",""run_id"":""80ea536a5f75448aab5bb9f230b0dcf8""},""upload_data"":{""date"":""2026-09-18"",""run_id"":""0188dfb02f074d23b9f7ad74cb501bb5""}}"
89,89,"52.0375176 , -106.65030680000001","52.1422649 , -106.5452552",urban-urban,urban,1128,"{""sample_routes"":{""date"":""2026-09-16"",""run_id"":""508ff160c4b34eb1b06636d11b6607d3""},""join_samples"":{""date"":""2026-09-18"",""run_id"":""80ea536a5f75448aab5bb9f230b0dcf8""},""upload_data"":{""date"":""2026-09-18"",""run_id"":""0188dfb02f074d23b9f7ad74cb501bb5""}}"
90,90,"50.401276200000005 , -104.65642150000001","50.4875935 , -104.65619810000001",urban-urban,urban,1127,"{""sample_routes"":{""date"":""2026-09-16"",""run_id"":""508ff160c4b34eb1b06636d11b6607d3""},""join_samples"":{""date"":""2026-09-18"",""run_id"":""80ea536a5f75448aab5bb9f230b0dcf8""},""upload_data"":{""date"":""2026-09-18"",""run_id"":""0188dfb02f074d23b9f7ad74cb501bb5""}}"
91,91,"52.0980786 , -106.5556545","52.1961841 , -106.65329070000001",urban-urban,urban,1125,"{""sample_routes"":{""date"":""2026-09-16"",""run_id"":""508ff160c4b34eb1b06636d11b6607d3""},""join_samples"":{""date"":""2026-09-18"",""run_id"":""80ea536a5f75448aab5bb9f230b0dcf8""},""upload_data"":{""date"":""2026-09-18"",""run_id"":""0188dfb02f074d23b9f7ad74cb501bb5""}}"
92,92,"52.1885661 , -106.6207511","52.1002598 , -106.6210635",urban-urban,urban,1124,"{""sample_routes"":{""date"":""2026-09-16"",""run_id"":""508ff160c4b34eb1b06636d11b6607d3""},""join_samples"":{""date"":""2026-09-18"",""run_id"":""80ea536a5f75448aab5bb9f230b0dcf8""},""upload_data"":{""date"":""2026-09-18"",""run_id"":""0188dfb02f074d23b9f7ad74cb501bb5""}}"
93,93,"52.022767800000004 , -106.6515138","52.123029100000004 , -106.7513476",urban-urban,urban,1124,"{""sample_routes"":{""date"":""2026-09-16"",""run_id"":""508ff160c4b34eb1b06636d11b6607d3""},""join_samples"":{""date"":""2026-09-18"",""run_id"":""80ea536a5f75448aab5bb9f230b0dcf8""},""upload_data"":{""date"":""2026-09-18"",""run_id"":""0188dfb02f074d23b9f7ad74cb501bb5""}}"
94,94,"52.1742301 , -106.5588055","52.1016452 , -106.5583237",urban-urban,urban,1277,"{""sample_routes"":{""date"":""2026-09-16"",""run_id"":""508ff160c4b34eb1b06636d11b6607d3""},""join_samples"":{""date"":""2026-09-18"",""run_id"":""80ea536a5f75448aab5bb9f230b0dcf8""},""upload_data"":{""date"":""2026-09-18"",""run_id"":""0188dfb02f074d23b9f7ad74cb501bb5""}}"
95,95,"50.39856270000001 , -104.6570257","50.503960000000006 , -104.65748350000001",urban-urban,urban,1123,"{""sample_routes"":{""date"":""2026-09-16"",""run_id"":""508ff160c4b34eb1b06636d11b6607d3""},""join_samples"":{""date"":""2026-09-18"",""run_id"":""80ea536a5f75448aab5bb9f230b0dcf8""},""upload_data"":{""date"":""2026-09-18"",""run_id"":""0188dfb02f074d23b9f7ad74cb501bb5""}}"
96,96,"50.4506292 , -104.72423090000001","50.4503362 , -104.59230480000001",rural-urban,urban,1123,"{""sample_routes"":{""date"":""2026-09-16"",""run_id"":""508ff160c4b34eb1b06636d11b6607d3""},""join_samples"":{""date"":""2026-09-18"",""run_id"":""80ea536a5f75448aab5bb9f230b0dcf8""},""upload_data"":{""date"":""2026-09-18"",""run_id"":""0188dfb02f074d23b9f7ad74cb501bb5""}}"
97,97,"50.4305601 , -104.52371380000001","50.43100990000001 , -104.6434516",urban-urban,urban,1122,"{""sample_routes"":{""date"":""2026-09-16"",""run_id"":""508ff160c4b34eb1b06636d11b6607d3""},""join_samples"":{""date"":""2026-09-18"",""run_id"":""80ea536a5f75448aab5bb9f230b0dcf8""},""upload_data"":{""date"":""2026-09-18"",""run_id"":""0188dfb02f074d23b9f7ad74cb501bb5""}}"
98,98,"52.172948000000005 , -106.6663671","52.036484800000004 , -106.6658848",urban-urban,urban,1121,"{""sample_routes"":{""date"":""2026-09-16"",""run_id"":""508ff160c4b34eb1b06636d11b6607d3""},""join_samples"":{""date"":""2026-09-18"",""run_id"":""80ea536a5f75448aab5bb9f230b0dcf8""},""upload_data"":{""date"":""2026-09-18"",""run_id"":""0188dfb02f074d23b9f7ad74cb501bb5""}}"
99,99,"52.1508705 , -106.5644434","52.1507665 , -106.7416187",urban-urban,urban,1279,"{""sample_routes"":{""date"":""2026-09-16"",""run_id"":""508ff160c4b34eb1b06636d11b6607d3""},""join_samples"":{""date"":""2026-09-18"",""run_id"":""80ea536a5f75448aab5bb9f230b0dcf8""},""upload_data"":{""date"":""2026-09-18"",""run_id"":""0188dfb02f074d23b9f7ad74cb501bb5""}}"
100,100,"50.398566 , -104.6564299","50.5031675 , -104.65672400000001",urban-urban,urban,1119,"{""sample_routes"":{""date"":""2026-09-16"",""run_id"":""508ff160c4b34eb1b06636d11b6607d3""},""join_samples"":{""date"":""2026-09-18"",""run_id"":""80ea536a5f75448aab5bb9f230b0dcf8""},""upload_data"":{""date"":""2026-09-18"",""run_id"":""0188dfb02f074d23b9f7ad74cb501bb5""}}"
101,101,"52.2021566 , -106.69405320000001","52.0433479 , -106.6941412",urban-urban,urban,1118,"{""sample_routes"":{""date"":""2026-09-16"",""run_id"":""508ff160c4b34eb1b06636d11b6607d3""},""join_samples"":{""date"":""2026-09-18"",""run_id"":""80ea536a5f75448aab5bb9f230b0dcf8""},""upload_data"":{""date"":""2026-09-18"",""run_id"":""0188dfb02f074d23b9f7ad74cb501bb5""}}"
102,102,"52.1693404 , -106.56085250000001","52.169137400000004 , -106.61247220000001",urban-urban,urban,1283,"{""sample_routes"":{""date"":""2026-09-16"",""run_id"":""508ff160c4b34eb1b06636d11b6607d3""},""join_samples"":{""date"":""2026-09-18"",""run_id"":""80ea536a5f75448aab5bb9f230b0dcf8""},""upload_data"":{""date"":""2026-09-18"",""run_id"":""0188dfb02f074d23b9f7ad74cb501bb5""}}"
103,103,"52.0431077 , -106.703946","52.18751820000001 , -106.7044072",urban-urban,urban,1284,"{""sample_routes"":{""date"":""2026-09-16"",""run_id"":""508ff160c4b34eb1b06636d11b6607d3""},""join_samples"":{""date"":""2026-09-18"",""run_id"":""80ea536a5f75448aab5bb9f230b0dcf8""},""upload_data"":{""date"":""2026-09-18"",""run_id"":""0188dfb02f074d23b9f7ad74cb501bb5""}}"
104,104,"52.13718780000001 , -106.7639936","52.136735900000005 , -106.5533939",urban-urban,urban,1115,"{""sample_routes"":{""date"":""2026-09-16"",""run_id"":""508ff160c4b34eb1b06636d11b6607d3""},""join_samples"":{""date"":""2026-09-18"",""run_id"":""80ea536a5f75448aab5bb9f230b0dcf8""},""upload_data"":{""date"":""2026-09-18"",""run_id"":""0188dfb02f074d23b9f7ad74cb501bb5""}}"
105,105,"52.185134600000005 , -106.634146","52.1052873 , -106.6345807",urban-urban,urban,1114,"{""sample_routes"":{""date"":""2026-09-16"",""run_id"":""508ff160c4b34eb1b06636d11b6607d3""},""join_samples"":{""date"":""2026-09-18"",""run_id"":""80ea536a5f75448aab5bb9f230b0dcf8""},""upload_data"":{""date"":""2026-09-18"",""run_id"":""0188dfb02f074d23b9f7ad74cb501bb5""}}"
106,106,"50.4016953 , -104.65896330000001","50.510896300000006 , -104.54937980000001",urban-rural,urban,1114,"{""sample_routes"":{""date"":""2026-09-16"",""run_id"":""508ff160c4b34eb1b06636d11b6607d3""},""join_samples"":{""date"":""2026-09-18"",""run_id"":""80ea536a5f75448aab5bb9f230b0dcf8""},""upload_data"":{""date"":""2026-09-18"",""run_id"":""0188dfb02f074d23b9f7ad74cb501bb5""}}"
107,107,"52.151146000000004 , -106.765287","52.030883700000004 , -106.6447134",urban-urban,urban,1113,"{""sample_routes"":{""date"":""2026-09-16"",""run_id"":""508ff160c4b34eb1b06636d11b6607d3""},""join_samples"":{""date"":""2026-09-18"",""run_id"":""80ea536a5f75448aab5bb9f230b0dcf8""},""upload_data"":{""date"":""2026-09-18"",""run_id"":""0188dfb02f074d23b9f7ad74cb501bb5""}}"
108,108,"52.0230885 , -106.6498057","52.124939600000005 , -106.7513327",urban-urban,urban,1113,"{""sample_routes"":{""date"":""2026-09-16"",""run_id"":""508ff160c4b34eb1b06636d11b6607d3""},""join_samples"":{""date"":""2026-09-18"",""run_id"":""80ea536a5f75448aab5bb9f230b0dcf8""},""upload_data"":{""date"":""2026-09-18"",""run_id"":""0188dfb02f074d23b9f7ad74cb501bb5""}}"
109,109,"52.1235841 , -106.54532610000001","52.1231377 , -106.7555315",urban-urban,urban,1288,"{""sample_routes"":{""date"":""2026-09-16"",""run_id"":""508ff160c4b34eb1b06636d11b6607d3""},""join_samples"":{""date"":""2026-09-18"",""run_id"":""80ea536a5f75448aab5bb9f230b0dcf8""},""upload_data"":{""date"":""2026-09-18"",""run_id"":""0188dfb02f074d23b9f7ad74cb501bb5""}}"
110,110,"52.1899219 , -106.58161000000001","52.084206800000004 , -106.68718150000001",rural-urban,urban,1112,"{""sample_routes"":{""date"":""2026-09-16"",""run_id"":""508ff160c4b34eb1b06636d11b6607d3""},""join_samples"":{""date"":""2026-09-18"",""run_id"":""80ea536a5f75448aab5bb9f230b0dcf8""},""upload_data"":{""date"":""2026-09-18"",""run_id"":""0188dfb02f074d23b9f7ad74cb501bb5""}}"
111,111,"52.033999200000004 , -106.68139760000001","52.154844700000005 , -106.5608696",urban-urban,urban,1288,"{""sample_routes"":{""date"":""2026-09-16"",""run_id"":""508ff160c4b34eb1b06636d11b6607d3""},""join_samples"":{""date"":""2026-09-18"",""run_id"":""80ea536a5f75448aab5bb9f230b0dcf8""},""upload_data"":{""date"":""2026-09-18"",""run_id"":""0188dfb02f074d23b9f7ad74cb501bb5""}}"
112,112,"52.0424902 , -106.6566571","52.1513718 , -106.76558820000001",urban-urban,urban,1111,"{""sample_routes"":{""date"":""2026-09-16"",""run_id"":""508ff160c4b34eb1b06636d11b6607d3""},""join_samples"":{""date"":""2026-09-18"",""run_id"":""80ea536a5f75448aab5bb9f230b0dcf8""},""upload_data"":{""date"":""2026-09-18"",""run_id"":""0188dfb02f074d23b9f7ad74cb501bb5""}}"
113,113,"50.4481387 , -104.3493945","50.4486186 , -104.62971800000001",rural-urban,urban,1290,"{""sample_routes"":{""date"":""2026-09-16"",""run_id"":""508ff160c4b34eb1b06636d11b6607d3""},""join_samples"":{""date"":""2026-09-18"",""run_id"":""80ea536a5f75448aab5bb9f230b0dcf8""},""upload_data"":{""date"":""2026-09-18"",""run_id"":""0188dfb02f074d23b9f7ad74cb501bb5""}}"
114,114,"52.1850814 , -106.63422750000001","52.1073418 , -106.6343142",urban-urban,urban,1109,"{""sample_routes"":{""date"":""2026-09-16"",""run_id"":""508ff160c4b34eb1b06636d11b6607d3""},""join_samples"":{""date"":""2026-09-18"",""run_id"":""80ea536a5f75448aab5bb9f230b0dcf8""},""upload_data"":{""date"":""2026-09-18"",""run_id"":""0188dfb02f074d23b9f7ad74cb501bb5""}}"
115,115,"50.4558891 , -104.72824010000001","50.4560715 , -104.5329274",urban-urban,urban,1109,"{""sample_routes"":{""date"":""2026-09-16"",""run_id"":""508ff160c4b34eb1b06636d11b6607d3""},""join_samples"":{""date"":""2026-09-18"",""run_id"":""80ea536a5f75448aab5bb9f230b0dcf8""},""upload_data"":{""date"":""2026-09-18"",""run_id"":""0188dfb02f074d23b9f7ad74cb501bb5""}}"
116,116,"52.135738100000005 , -106.7638017","52.1361215 , -106.5532843",urban-rural,urban,1108,"{""sample_routes"":{""date"":""2026-09-16"",""run_id"":""508ff160c4b34eb1b06636d11b6607d3""},""join_samples"":{""date"":""2026-09-18"",""run_id"":""80ea536a5f75448aab5bb9f230b0dcf8""},""upload_data"":{""date"":""2026-09-18"",""run_id"":""0188dfb02f074d23b9f7ad74cb501bb5""}}"
117,117,"52.1689396 , -106.56295750000001","52.061952500000004 , -106.6703131",urban-rural,urban,1107,"{""sample_routes"":{""date"":""2026-09-16"",""run_id"":""508ff160c4b34eb1b06636d11b6607d3""},""join_samples"":{""date"":""2026-09-18"",""run_id"":""80ea536a5f75448aab5bb9f230b0dcf8""},""upload_data"":{""date"":""2026-09-18"",""run_id"":""0188dfb02f074d23b9f7ad74cb501bb5""}}"
118,118,"52.096236000000005 , -106.55138210000001","52.215254 , -106.670686",urban-urban,urban,1106,"{""sample_routes"":{""date"":""2026-09-16"",""run_id"":""508ff160c4b34eb1b06636d11b6607d3""},""join_samples"":{""date"":""2026-09-18"",""run_id"":""80ea536a5f75448aab5bb9f230b0dcf8""},""upload_data"":{""date"":""2026-09-18"",""run_id"":""0188dfb02f074d23b9f7ad74cb501bb5""}}"
119,119,"52.0334414 , -106.6786869","52.153447500000006 , -106.55886120000001",urban-urban,urban,1295,"{""sample_routes"":{""date"":""2026-09-16"",""run_id"":""508ff160c4b34eb1b06636d11b6607d3""},""join_samples"":{""date"":""2026-09-18"",""run_id"":""80ea536a5f75448aab5bb9f230b0dcf8""},""upload_data"":{""date"":""2026-09-18"",""run_id"":""0188dfb02f074d23b9f7ad74cb501bb5""}}"
120,120,"52.185368000000004 , -106.6379522","52.10527810000001 , -106.6383665",urban-urban,urban,1103,"{""sample_routes"":{""date"":""2026-09-16"",""run_id"":""508ff160c4b34eb1b06636d11b6607d3""},""join_samples"":{""date"":""2026-09-18"",""run_id"":""80ea536a5f75448aab5bb9f230b0dcf8""},""upload_data"":{""date"":""2026-09-18"",""run_id"":""0188dfb02f074d23b9f7ad74cb501bb5""}}"
121,121,"52.0437461 , -106.65188090000001","52.131848700000006 , -106.65169370000001",urban-urban,urban,1297,"{""sample_routes"":{""date"":""2026-09-16"",""run_id"":""508ff160c4b34eb1b06636d11b6607d3""},""join_samples"":{""date"":""2026-09-18"",""run_id"":""80ea536a5f75448aab5bb9f230b0dcf8""},""upload_data"":{""date"":""2026-09-18"",""run_id"":""0188dfb02f074d23b9f7ad74cb501bb5""}}"
122,122,"52.033948200000005 , -106.6806179","52.1519837 , -106.56264340000001",urban-urban,urban,1300,"{""sample_routes"":{""date"":""2026-09-16"",""run_id"":""508ff160c4b34eb1b06636d11b6607d3""},""join_samples"":{""date"":""2026-09-18"",""run_id"":""80ea536a5f75448aab5bb9f230b0dcf8""},""upload_data"":{""date"":""2026-09-18"",""run_id"":""0188dfb02f074d23b9f7ad74cb501bb5""}}"
123,123,"52.063768200000005 , -106.6528813","52.1961841 , -106.65329070000001",urban-urban,urban,1099,"{""sample_routes"":{""date"":""2026-09-16"",""run_id"":""508ff160c4b34eb1b06636d11b6607d3""},""join_samples"":{""date"":""2026-09-18"",""run_id"":""80ea536a5f75448aab5bb9f230b0dcf8""},""upload_data"":{""date"":""2026-09-18"",""run_id"":""0188dfb02f074d23b9f7ad74cb501bb5""}}"
124,124,"52.137536100000005 , -106.5606927","52.1379838 , -106.7616648",urban-urban,urban,1302,"{""sample_routes"":{""date"":""2026-09-16"",""run_id"":""508ff160c4b34eb1b06636d11b6607d3""},""join_samples"":{""date"":""2026-09-18"",""run_id"":""80ea536a5f75448aab5bb9f230b0dcf8""},""upload_data"":{""date"":""2026-09-18"",""run_id"":""0188dfb02f074d23b9f7ad74cb501bb5""}}"
125,125,"50.450982800000006 , -104.7242861","50.450917700000005 , -104.5930412",rural-urban,urban,1097,"{""sample_routes"":{""date"":""2026-09-16"",""run_id"":""508ff160c4b34eb1b06636d11b6607d3""},""join_samples"":{""date"":""2026-09-18"",""run_id"":""80ea536a5f75448aab5bb9f230b0dcf8""},""upload_data"":{""date"":""2026-09-18"",""run_id"":""0188dfb02f074d23b9f7ad74cb501bb5""}}"
126,126,"52.171563400000004 , -106.67079980000001","52.025099000000004 , -106.67045990000001",rural-rural,urban,1095,"{""sample_routes"":{""date"":""2026-09-16"",""run_id"":""508ff160c4b34eb1b06636d11b6607d3""},""join_samples"":{""date"":""2026-09-18"",""run_id"":""80ea536a5f75448aab5bb9f230b0dcf8""},""upload_data"":{""date"":""2026-09-18"",""run_id"":""0188dfb02f074d23b9f7ad74cb501bb5""}}"
127,127,"52.033377300000005 , -106.6795007","52.1549026 , -106.5583385",urban-urban,urban,1307,"{""sample_routes"":{""date"":""2026-09-16"",""run_id"":""508ff160c4b34eb1b06636d11b6607d3""},""join_samples"":{""date"":""2026-09-18"",""run_id"":""80ea536a5f75448aab5bb9f230b0dcf8""},""upload_data"":{""date"":""2026-09-18"",""run_id"":""0188dfb02f074d23b9f7ad74cb501bb5""}}"
128,128,"52.03320720000001 , -106.67993580000001","52.1549026 , -106.5583385",urban-urban,urban,1307,"{""sample_routes"":{""date"":""2026-09-16"",""run_id"":""508ff160c4b34eb1b06636d11b6607d3""},""join_samples"":{""date"":""2026-09-18"",""run_id"":""80ea536a5f75448aab5bb9f230b0dcf8""},""upload_data"":{""date"":""2026-09-18"",""run_id"":""0188dfb02f074d23b9f7ad74cb501bb5""}}"
129,129,"50.451518500000006 , -104.72394530000001","50.45136230000001 , -104.59518000000001",rural-urban,urban,1092,"{""sample_routes"":{""date"":""2026-09-16"",""run_id"":""508ff160c4b34eb1b06636d11b6607d3""},""join_samples"":{""date"":""2026-09-18"",""run_id"":""80ea536a5f75448aab5bb9f230b0dcf8""},""upload_data"":{""date"":""2026-09-18"",""run_id"":""0188dfb02f074d23b9f7ad74cb501bb5""}}"
130,130,"52.1355663 , -106.5604193","52.13605020000001 , -106.74980780000001",urban-urban,urban,1308,"{""sample_routes"":{""date"":""2026-09-16"",""run_id"":""508ff160c4b34eb1b06636d11b6607d3""},""join_samples"":{""date"":""2026-09-18"",""run_id"":""80ea536a5f75448aab5bb9f230b0dcf8""},""upload_data"":{""date"":""2026-09-18"",""run_id"":""0188dfb02f074d23b9f7ad74cb501bb5""}}"
131,131,"52.106585900000006 , -106.56405040000001","52.1069736 , -106.7913675",urban-urban,urban,1309,"{""sample_routes"":{""date"":""2026-09-16"",""run_id"":""508ff160c4b34eb1b06636d11b6607d3""},""join_samples"":{""date"":""2026-09-18"",""run_id"":""80ea536a5f75448aab5bb9f230b0dcf8""},""upload_data"":{""date"":""2026-09-18"",""run_id"":""0188dfb02f074d23b9f7ad74cb501bb5""}}"
132,132,"52.031639500000004 , -106.6802792","52.1543471 , -106.55772660000001",urban-urban,urban,1310,"{""sample_routes"":{""date"":""2026-09-16"",""run_id"":""508ff160c4b34eb1b06636d11b6607d3""},""join_samples"":{""date"":""2026-09-18"",""run_id"":""80ea536a5f75448aab5bb9f230b0dcf8""},""upload_data"":{""date"":""2026-09-18"",""run_id"":""0188dfb02f074d23b9f7ad74cb501bb5""}}"
133,133,"52.155349300000005 , -106.5621682","52.1550336 , -106.731577",urban-urban,urban,1311,"{""sample_routes"":{""date"":""2026-09-16"",""run_id"":""508ff160c4b34eb1b06636d11b6607d3""},""join_samples"":{""date"":""2026-09-18"",""run_id"":""80ea536a5f75448aab5bb9f230b0dcf8""},""upload_data"":{""date"":""2026-09-18"",""run_id"":""0188dfb02f074d23b9f7ad74cb501bb5""}}"
134,134,"50.4515491 , -104.7221293","50.4512658 , -104.5937389",rural-urban,urban,1089,"{""sample_routes"":{""date"":""2026-09-16"",""run_id"":""508ff160c4b34eb1b06636d11b6607d3""},""join_samples"":{""date"":""2026-09-18"",""run_id"":""80ea536a5f75448aab5bb9f230b0dcf8""},""upload_data"":{""date"":""2026-09-18"",""run_id"":""0188dfb02f074d23b9f7ad74cb501bb5""}}"
135,135,"52.031584800000005 , -106.6783276","52.1539452 , -106.55575710000001",urban-urban,urban,1312,"{""sample_routes"":{""date"":""2026-09-16"",""run_id"":""508ff160c4b34eb1b06636d11b6607d3""},""join_samples"":{""date"":""2026-09-18"",""run_id"":""80ea536a5f75448aab5bb9f230b0dcf8""},""upload_data"":{""date"":""2026-09-18"",""run_id"":""0188dfb02f074d23b9f7ad74cb501bb5""}}"
136,136,"52.186654000000004 , -106.6336352","52.107341000000005 , -106.63398070000001",urban-urban,urban,1088,"{""sample_routes"":{""date"":""2026-09-16"",""run_id"":""508ff160c4b34eb1b06636d11b6607d3""},""join_samples"":{""date"":""2026-09-18"",""run_id"":""80ea536a5f75448aab5bb9f230b0dcf8""},""upload_data"":{""date"":""2026-09-18"",""run_id"":""0188dfb02f074d23b9f7ad74cb501bb5""}}"
137,137,"52.081429400000005 , -106.64664570000001","52.1833304 , -106.5443056",urban-urban,urban,1087,"{""sample_routes"":{""date"":""2026-09-16"",""run_id"":""508ff160c4b34eb1b06636d11b6607d3""},""join_samples"":{""date"":""2026-09-18"",""run_id"":""80ea536a5f75448aab5bb9f230b0dcf8""},""upload_data"":{""date"":""2026-09-18"",""run_id"":""0188dfb02f074d23b9f7ad74cb501bb5""}}"
138,138,"52.1516086 , -106.676264","52.033811400000005 , -106.67656160000001",urban-urban,urban,1086,"{""sample_routes"":{""date"":""2026-09-16"",""run_id"":""508ff160c4b34eb1b06636d11b6607d3""},""join_samples"":{""date"":""2026-09-18"",""run_id"":""80ea536a5f75448aab5bb9f230b0dcf8""},""upload_data"":{""date"":""2026-09-18"",""run_id"":""0188dfb02f074d23b9f7ad74cb501bb5""}}"
139,139,"52.0334979 , -106.6775618","52.1554829 , -106.55577690000001",urban-urban,urban,1315,"{""sample_routes"":{""date"":""2026-09-16"",""run_id"":""508ff160c4b34eb1b06636d11b6607d3""},""join_samples"":{""date"":""2026-09-18"",""run_id"":""80ea536a5f75448aab5bb9f230b0dcf8""},""upload_data"":{""date"":""2026-09-18"",""run_id"":""0188dfb02f074d23b9f7ad74cb501bb5""}}"
140,140,"50.4107302 , -104.5185855","50.499847 , -104.6080014",urban-urban,urban,1085,"{""sample_routes"":{""date"":""2026-09-16"",""run_id"":""508ff160c4b34eb1b06636d11b6607d3""},""join_samples"":{""date"":""2026-09-18"",""run_id"":""80ea536a5f75448aab5bb9f230b0dcf8""},""upload_data"":{""date"":""2026-09-18"",""run_id"":""0188dfb02f074d23b9f7ad74cb501bb5""}}"
141,141,"52.078251200000004 , -106.68718190000001","52.145717000000005 , -106.75476570000001",urban-urban,urban,1083,"{""sample_routes"":{""date"":""2026-09-16"",""run_id"":""508ff160c4b34eb1b06636d11b6607d3""},""join_samples"":{""date"":""2026-09-18"",""run_id"":""80ea536a5f75448aab5bb9f230b0dcf8""},""upload_data"":{""date"":""2026-09-18"",""run_id"":""0188dfb02f074d23b9f7ad74cb501bb5""}}"
142,142,"52.1850042 , -106.6282084","52.104469200000004 , -106.6280009",urban-urban,urban,1083,"{""sample_routes"":{""date"":""2026-09-16"",""run_id"":""508ff160c4b34eb1b06636d11b6607d3""},""join_samples"":{""date"":""2026-09-18"",""run_id"":""80ea536a5f75448aab5bb9f230b0dcf8""},""upload_data"":{""date"":""2026-09-18"",""run_id"":""0188dfb02f074d23b9f7ad74cb501bb5""}}"
143,143,"52.1396974 , -106.7220252","52.1398652 , -106.56914920000001",urban-urban,urban,1082,"{""sample_routes"":{""date"":""2026-09-16"",""run_id"":""508ff160c4b34eb1b06636d11b6607d3""},""join_samples"":{""date"":""2026-09-18"",""run_id"":""80ea536a5f75448aab5bb9f230b0dcf8""},""upload_data"":{""date"":""2026-09-18"",""run_id"":""0188dfb02f074d23b9f7ad74cb501bb5""}}"
144,144,"50.3964973 , -104.6519181","50.5064871 , -104.6519454",urban-urban,urban,1082,"{""sample_routes"":{""date"":""2026-09-16"",""run_id"":""508ff160c4b34eb1b06636d11b6607d3""},""join_samples"":{""date"":""2026-09-18"",""run_id"":""80ea536a5f75448aab5bb9f230b0dcf8""},""upload_data"":{""date"":""2026-09-18"",""run_id"":""0188dfb02f074d23b9f7ad74cb501bb5""}}"
145,145,"50.4488065 , -104.72837860000001","50.4488065 , -104.59443940000001",rural-urban,urban,1081,"{""sample_routes"":{""date"":""2026-09-16"",""run_id"":""508ff160c4b34eb1b06636d11b6607d3""},""join_samples"":{""date"":""2026-09-18"",""run_id"":""80ea536a5f75448aab5bb9f230b0dcf8""},""upload_data"":{""date"":""2026-09-18"",""run_id"":""0188dfb02f074d23b9f7ad74cb501bb5""}}"
146,146,"52.025099000000004 , -106.67045990000001","52.1698833 , -106.67058680000001",rural-urban,urban,1079,"{""sample_routes"":{""date"":""2026-09-16"",""run_id"":""508ff160c4b34eb1b06636d11b6607d3""},""join_samples"":{""date"":""2026-09-18"",""run_id"":""80ea536a5f75448aab5bb9f230b0dcf8""},""upload_data"":{""date"":""2026-09-18"",""run_id"":""0188dfb02f074d23b9f7ad74cb501bb5""}}"
147,147,"52.0477908 , -106.6573151","52.1454079 , -106.75531210000001",urban-urban,urban,1078,"{""sample_routes"":{""date"":""2026-09-16"",""run_id"":""508ff160c4b34eb1b06636d11b6607d3""},""join_samples"":{""date"":""2026-09-18"",""run_id"":""80ea536a5f75448aab5bb9f230b0dcf8""},""upload_data"":{""date"":""2026-09-18"",""run_id"":""0188dfb02f074d23b9f7ad74cb501bb5""}}"
148,148,"52.136103600000006 , -106.55845930000001","52.136073700000004 , -106.74988370000001",urban-urban,urban,1323,"{""sample_routes"":{""date"":""2026-09-16"",""run_id"":""508ff160c4b34eb1b06636d11b6607d3""},""join_samples"":{""date"":""2026-09-18"",""run_id"":""80ea536a5f75448aab5bb9f230b0dcf8""},""upload_data"":{""date"":""2026-09-18"",""run_id"":""0188dfb02f074d23b9f7ad74cb501bb5""}}"
149,149,"52.194609400000004 , -106.6605523","52.119818300000006 , -106.6606732",urban-urban,urban,1077,"{""sample_routes"":{""date"":""2026-09-16"",""run_id"":""508ff160c4b34eb1b06636d11b6607d3""},""join_samples"":{""date"":""2026-09-18"",""run_id"":""80ea536a5f75448aab5bb9f230b0dcf8""},""upload_data"":{""date"":""2026-09-18"",""run_id"":""0188dfb02f074d23b9f7ad74cb501bb5""}}"
150,150,"52.038826300000004 , -106.63740840000001","52.1484012 , -106.7472245",urban-rural,urban,1075,"{""sample_routes"":{""date"":""2026-09-16"",""run_id"":""508ff160c4b34eb1b06636d11b6607d3""},""join_samples"":{""date"":""2026-09-18"",""run_id"":""80ea536a5f75448aab5bb9f230b0dcf8""},""upload_data"":{""date"":""2026-09-18"",""run_id"":""0188dfb02f074d23b9f7ad74cb501bb5""}}"
151,151,"50.451257700000006 , -104.72420340000001","50.451053900000005 , -104.60490700000001",rural-urban,urban,1075,"{""sample_routes"":{""date"":""2026-09-16"",""run_id"":""508ff160c4b34eb1b06636d11b6607d3""},""join_samples"":{""date"":""2026-09-18"",""run_id"":""80ea536a5f75448aab5bb9f230b0dcf8""},""upload_data"":{""date"":""2026-09-18"",""run_id"":""0188dfb02f074d23b9f7ad74cb501bb5""}}"
152,152,"52.1858298 , -106.62770880000001","52.1044642 , -106.6272821",urban-urban,urban,1074,"{""sample_routes"":{""date"":""2026-09-16"",""run_id"":""508ff160c4b34eb1b06636d11b6607d3""},""join_samples"":{""date"":""2026-09-18"",""run_id"":""80ea536a5f75448aab5bb9f230b0dcf8""},""upload_data"":{""date"":""2026-09-18"",""run_id"":""0188dfb02f074d23b9f7ad74cb501bb5""}}"
153,153,"52.0801947 , -106.63307440000001","52.1757276 , -106.53801200000001",urban-urban,urban,1074,"{""sample_routes"":{""date"":""2026-09-16"",""run_id"":""508ff160c4b34eb1b06636d11b6607d3""},""join_samples"":{""date"":""2026-09-18"",""run_id"":""80ea536a5f75448aab5bb9f230b0dcf8""},""upload_data"":{""date"":""2026-09-18"",""run_id"":""0188dfb02f074d23b9f7ad74cb501bb5""}}"
154,154,"50.513425000000005 , -104.7200397","50.4270663 , -104.6332337",rural-urban,urban,1074,"{""sample_routes"":{""date"":""2026-09-16"",""run_id"":""508ff160c4b34eb1b06636d11b6607d3""},""join_samples"":{""date"":""2026-09-18"",""run_id"":""80ea536a5f75448aab5bb9f230b0dcf8""},""upload_data"":{""date"":""2026-09-18"",""run_id"":""0188dfb02f074d23b9f7ad74cb501bb5""}}"
155,155,"52.1354545 , -106.76374790000001","52.135001100000004 , -106.56326030000001",urban-urban,urban,1073,"{""sample_routes"":{""date"":""2026-09-16"",""run_id"":""508ff160c4b34eb1b06636d11b6607d3""},""join_samples"":{""date"":""2026-09-18"",""run_id"":""80ea536a5f75448aab5bb9f230b0dcf8""},""upload_data"":{""date"":""2026-09-18"",""run_id"":""0188dfb02f074d23b9f7ad74cb501bb5""}}"
156,156,"52.0704803 , -106.49724","52.195617000000006 , -106.62274570000001",urban-urban,urban,1073,"{""sample_routes"":{""date"":""2026-09-16"",""run_id"":""508ff160c4b34eb1b06636d11b6607d3""},""join_samples"":{""date"":""2026-09-18"",""run_id"":""80ea536a5f75448aab5bb9f230b0dcf8""},""upload_data"":{""date"":""2026-09-18"",""run_id"":""0188dfb02f074d23b9f7ad74cb501bb5""}}"
157,157,"50.4321732 , -104.62969240000001","50.4320949 , -104.3874603",urban-urban,urban,1327,"{""sample_routes"":{""date"":""2026-09-16"",""run_id"":""508ff160c4b34eb1b06636d11b6607d3""},""join_samples"":{""date"":""2026-09-18"",""run_id"":""80ea536a5f75448aab5bb9f230b0dcf8""},""upload_data"":{""date"":""2026-09-18"",""run_id"":""0188dfb02f074d23b9f7ad74cb501bb5""}}"
158,158,"52.1133898 , -106.5737005","52.17699330000001 , -106.63775100000001",urban-urban,urban,1072,"{""sample_routes"":{""date"":""2026-09-16"",""run_id"":""508ff160c4b34eb1b06636d11b6607d3""},""join_samples"":{""date"":""2026-09-18"",""run_id"":""80ea536a5f75448aab5bb9f230b0dcf8""},""upload_data"":{""date"":""2026-09-18"",""run_id"":""0188dfb02f074d23b9f7ad74cb501bb5""}}"
159,159,"52.0325774 , -106.6814094","52.1551151 , -106.5587438",urban-urban,urban,1328,"{""sample_routes"":{""date"":""2026-09-16"",""run_id"":""508ff160c4b34eb1b06636d11b6607d3""},""join_samples"":{""date"":""2026-09-18"",""run_id"":""80ea536a5f75448aab5bb9f230b0dcf8""},""upload_data"":{""date"":""2026-09-18"",""run_id"":""0188dfb02f074d23b9f7ad74cb501bb5""}}"
160,160,"52.0437723 , -106.6532186","52.1454079 , -106.75531210000001",urban-urban,urban,1071,"{""sample_routes"":{""date"":""2026-09-16"",""run_id"":""508ff160c4b34eb1b06636d11b6607d3""},""join_samples"":{""date"":""2026-09-18"",""run_id"":""80ea536a5f75448aab5bb9f230b0dcf8""},""upload_data"":{""date"":""2026-09-18"",""run_id"":""0188dfb02f074d23b9f7ad74cb501bb5""}}"
161,161,"52.085759200000005 , -106.57362210000001","52.1898557 , -106.5740676",rural-urban,urban,1071,"{""sample_routes"":{""date"":""2026-09-16"",""run_id"":""508ff160c4b34eb1b06636d11b6607d3""},""join_samples"":{""date"":""2026-09-18"",""run_id"":""80ea536a5f75448aab5bb9f230b0dcf8""},""upload_data"":{""date"":""2026-09-18"",""run_id"":""0188dfb02f074d23b9f7ad74cb501bb5""}}"
162,162,"52.038826300000004 , -106.63740840000001","52.125826 , -106.6377564",urban-urban,urban,1070,"{""sample_routes"":{""date"":""2026-09-16"",""run_id"":""508ff160c4b34eb1b06636d11b6607d3""},""join_samples"":{""date"":""2026-09-18"",""run_id"":""80ea536a5f75448aab5bb9f230b0dcf8""},""upload_data"":{""date"":""2026-09-18"",""run_id"":""0188dfb02f074d23b9f7ad74cb501bb5""}}"
163,163,"50.423440500000005 , -104.53056980000001","50.423881300000005 , -104.64091470000001",urban-urban,urban,1070,"{""sample_routes"":{""date"":""2026-09-16"",""run_id"":""508ff160c4b34eb1b06636d11b6607d3""},""join_samples"":{""date"":""2026-09-18"",""run_id"":""80ea536a5f75448aab5bb9f230b0dcf8""},""upload_data"":{""date"":""2026-09-18"",""run_id"":""0188dfb02f074d23b9f7ad74cb501bb5""}}"
164,164,"50.40572 , -104.6567364","50.505358400000006 , -104.6570226",urban-urban,urban,1069,"{""sample_routes"":{""date"":""2026-09-16"",""run_id"":""508ff160c4b34eb1b06636d11b6607d3""},""join_samples"":{""date"":""2026-09-18"",""run_id"":""80ea536a5f75448aab5bb9f230b0dcf8""},""upload_data"":{""date"":""2026-09-18"",""run_id"":""0188dfb02f074d23b9f7ad74cb501bb5""}}"
165,165,"52.0954567 , -106.54653300000001","52.1845146 , -106.6359269",urban-urban,urban,1069,"{""sample_routes"":{""date"":""2026-09-16"",""run_id"":""508ff160c4b34eb1b06636d11b6607d3""},""join_samples"":{""date"":""2026-09-18"",""run_id"":""80ea536a5f75448aab5bb9f230b0dcf8""},""upload_data"":{""date"":""2026-09-18"",""run_id"":""0188dfb02f074d23b9f7ad74cb501bb5""}}"
166,166,"52.114761300000005 , -106.7846169","52.114708500000006 , -106.5358937",urban-rural,urban,1069,"{""sample_routes"":{""date"":""2026-09-16"",""run_id"":""508ff160c4b34eb1b06636d11b6607d3""},""join_samples"":{""date"":""2026-09-18"",""run_id"":""80ea536a5f75448aab5bb9f230b0dcf8""},""upload_data"":{""date"":""2026-09-18"",""run_id"":""0188dfb02f074d23b9f7ad74cb501bb5""}}"
167,167,"52.1338737 , -106.76349970000001","52.1336797 , -106.56140830000001",urban-urban,urban,1069,"{""sample_routes"":{""date"":""2026-09-16"",""run_id"":""508ff160c4b34eb1b06636d11b6607d3""},""join_samples"":{""date"":""2026-09-18"",""run_id"":""80ea536a5f75448aab5bb9f230b0dcf8""},""upload_data"":{""date"":""2026-09-18"",""run_id"":""0188dfb02f074d23b9f7ad74cb501bb5""}}"
168,168,"52.0774308 , -106.65163170000001","52.202038800000004 , -106.6519334",urban-urban,urban,1068,"{""sample_routes"":{""date"":""2026-09-16"",""run_id"":""508ff160c4b34eb1b06636d11b6607d3""},""join_samples"":{""date"":""2026-09-18"",""run_id"":""80ea536a5f75448aab5bb9f230b0dcf8""},""upload_data"":{""date"":""2026-09-18"",""run_id"":""0188dfb02f074d23b9f7ad74cb501bb5""}}"
169,169,"50.5042333 , -104.6484192","50.4187 , -104.6487185",urban-urban,urban,1332,"{""sample_routes"":{""date"":""2026-09-16"",""run_id"":""508ff160c4b34eb1b06636d11b6607d3""},""join_samples"":{""date"":""2026-09-18"",""run_id"":""80ea536a5f75448aab5bb9f230b0dcf8""},""upload_data"":{""date"":""2026-09-18"",""run_id"":""0188dfb02f074d23b9f7ad74cb501bb5""}}"
170,170,"52.096664000000004 , -106.55748360000001","52.171596400000006 , -106.55765400000001",urban-urban,urban,1332,"{""sample_routes"":{""date"":""2026-09-16"",""run_id"":""508ff160c4b34eb1b06636d11b6607d3""},""join_samples"":{""date"":""2026-09-18"",""run_id"":""80ea536a5f75448aab5bb9f230b0dcf8""},""upload_data"":{""date"":""2026-09-18"",""run_id"":""0188dfb02f074d23b9f7ad74cb501bb5""}}"
171,171,"50.411309700000004 , -104.65705510000001","50.5203794 , -104.6574552",urban-rural,urban,1068,"{""sample_routes"":{""date"":""2026-09-16"",""run_id"":""508ff160c4b34eb1b06636d11b6607d3""},""join_samples"":{""date"":""2026-09-18"",""run_id"":""80ea536a5f75448aab5bb9f230b0dcf8""},""upload_data"":{""date"":""2026-09-18"",""run_id"":""0188dfb02f074d23b9f7ad74cb501bb5""}}"
172,172,"52.0375176 , -106.65030680000001","52.15114560000001 , -106.76428870000001",urban-urban,urban,1067,"{""sample_routes"":{""date"":""2026-09-16"",""run_id"":""508ff160c4b34eb1b06636d11b6607d3""},""join_samples"":{""date"":""2026-09-18"",""run_id"":""80ea536a5f75448aab5bb9f230b0dcf8""},""upload_data"":{""date"":""2026-09-18"",""run_id"":""0188dfb02f074d23b9f7ad74cb501bb5""}}"
173,173,"52.033377300000005 , -106.6795007","52.140199 , -106.6797179",urban-urban,urban,1334,"{""sample_routes"":{""date"":""2026-09-16"",""run_id"":""508ff160c4b34eb1b06636d11b6607d3""},""join_samples"":{""date"":""2026-09-18"",""run_id"":""80ea536a5f75448aab5bb9f230b0dcf8""},""upload_data"":{""date"":""2026-09-18"",""run_id"":""0188dfb02f074d23b9f7ad74cb501bb5""}}"
174,174,"52.032426300000004 , -106.6771772","52.156087500000005 , -106.5533207",urban-urban,urban,1335,"{""sample_routes"":{""date"":""2026-09-16"",""run_id"":""508ff160c4b34eb1b06636d11b6607d3""},""join_samples"":{""date"":""2026-09-18"",""run_id"":""80ea536a5f75448aab5bb9f230b0dcf8""},""upload_data"":{""date"":""2026-09-18"",""run_id"":""0188dfb02f074d23b9f7ad74cb501bb5""}}"
175,175,"50.515722200000006 , -104.618136","50.4275923 , -104.6180753",urban-urban,urban,1065,"{""sample_routes"":{""date"":""2026-09-16"",""run_id"":""508ff160c4b34eb1b06636d11b6607d3""},""join_samples"":{""date"":""2026-09-18"",""run_id"":""80ea536a5f75448aab5bb9f230b0dcf8""},""upload_data"":{""date"":""2026-09-18"",""run_id"":""0188dfb02f074d23b9f7ad74cb501bb5""}}"
176,176,"50.434545 , -104.37229500000001","50.4347666 , -104.60552390000001",urban-urban,urban,1336,"{""sample_routes"":{""date"":""2026-09-16"",""run_id"":""508ff160c4b34eb1b06636d11b6607d3""},""join_samples"":{""date"":""2026-09-18"",""run_id"":""80ea536a5f75448aab5bb9f230b0dcf8""},""upload_data"":{""date"":""2026-09-18"",""run_id"":""0188dfb02f074d23b9f7ad74cb501bb5""}}"
177,177,"52.0437461 , -106.65188090000001","52.147730300000006 , -106.75548140000001",urban-urban,urban,1064,"{""sample_routes"":{""date"":""2026-09-16"",""run_id"":""508ff160c4b34eb1b06636d11b6607d3""},""join_samples"":{""date"":""2026-09-18"",""run_id"":""80ea536a5f75448aab5bb9f230b0dcf8""},""upload_data"":{""date"":""2026-09-18"",""run_id"":""0188dfb02f074d23b9f7ad74cb501bb5""}}"
178,178,"52.031747200000005 , -106.68143590000001","52.153728900000004 , -106.55899500000001",urban-urban,urban,1336,"{""sample_routes"":{""date"":""2026-09-16"",""run_id"":""508ff160c4b34eb1b06636d11b6607d3""},""join_samples"":{""date"":""2026-09-18"",""run_id"":""80ea536a5f75448aab5bb9f230b0dcf8""},""upload_data"":{""date"":""2026-09-18"",""run_id"":""0188dfb02f074d23b9f7ad74cb501bb5""}}"
179,179,"52.1247563 , -106.56518340000001","52.202053500000005 , -106.64242870000001",urban-urban,urban,1063,"{""sample_routes"":{""date"":""2026-09-16"",""run_id"":""508ff160c4b34eb1b06636d11b6607d3""},""join_samples"":{""date"":""2026-09-18"",""run_id"":""80ea536a5f75448aab5bb9f230b0dcf8""},""upload_data"":{""date"":""2026-09-18"",""run_id"":""0188dfb02f074d23b9f7ad74cb501bb5""}}"
180,180,"52.108443300000005 , -106.78831770000001","52.108719400000005 , -106.55155590000001",urban-urban,urban,1063,"{""sample_routes"":{""date"":""2026-09-16"",""run_id"":""508ff160c4b34eb1b06636d11b6607d3""},""join_samples"":{""date"":""2026-09-18"",""run_id"":""80ea536a5f75448aab5bb9f230b0dcf8""},""upload_data"":{""date"":""2026-09-18"",""run_id"":""0188dfb02f074d23b9f7ad74cb501bb5""}}"
181,181,"50.447442300000006 , -104.72376240000001","50.4474372 , -104.51094640000001",rural-urban,urban,1061,"{""sample_routes"":{""date"":""2026-09-16"",""run_id"":""508ff160c4b34eb1b06636d11b6607d3""},""join_samples"":{""date"":""2026-09-18"",""run_id"":""80ea536a5f75448aab5bb9f230b0dcf8""},""upload_data"":{""date"":""2026-09-18"",""run_id"":""0188dfb02f074d23b9f7ad74cb501bb5""}}"
182,182,"52.185772500000006 , -106.63892050000001","52.083933800000004 , -106.6387612",urban-urban,urban,1061,"{""sample_routes"":{""date"":""2026-09-16"",""run_id"":""508ff160c4b34eb1b06636d11b6607d3""},""join_samples"":{""date"":""2026-09-18"",""run_id"":""80ea536a5f75448aab5bb9f230b0dcf8""},""upload_data"":{""date"":""2026-09-18"",""run_id"":""0188dfb02f074d23b9f7ad74cb501bb5""}}"
183,183,"50.504603 , -104.6507694","50.417374900000006 , -104.650447",urban-urban,urban,1340,"{""sample_routes"":{""date"":""2026-09-16"",""run_id"":""508ff160c4b34eb1b06636d11b6607d3""},""join_samples"":{""date"":""2026-09-18"",""run_id"":""80ea536a5f75448aab5bb9f230b0dcf8""},""upload_data"":{""date"":""2026-09-18"",""run_id"":""0188dfb02f074d23b9f7ad74cb501bb5""}}"
184,184,"50.4117175 , -104.657522","50.5203794 , -104.6574552",urban-rural,urban,1059,"{""sample_routes"":{""date"":""2026-09-16"",""run_id"":""508ff160c4b34eb1b06636d11b6607d3""},""join_samples"":{""date"":""2026-09-18"",""run_id"":""80ea536a5f75448aab5bb9f230b0dcf8""},""upload_data"":{""date"":""2026-09-18"",""run_id"":""0188dfb02f074d23b9f7ad74cb501bb5""}}"
185,185,"52.032239800000006 , -106.6788463","52.155542700000005 , -106.555897",urban-urban,urban,1341,"{""sample_routes"":{""date"":""2026-09-16"",""run_id"":""508ff160c4b34eb1b06636d11b6607d3""},""join_samples"":{""date"":""2026-09-18"",""run_id"":""80ea536a5f75448aab5bb9f230b0dcf8""},""upload_data"":{""date"":""2026-09-18"",""run_id"":""0188dfb02f074d23b9f7ad74cb501bb5""}}"
186,186,"52.0324934 , -106.68016010000001","52.1419815 , -106.67970770000001",urban-urban,urban,1341,"{""sample_routes"":{""date"":""2026-09-16"",""run_id"":""508ff160c4b34eb1b06636d11b6607d3""},""join_samples"":{""date"":""2026-09-18"",""run_id"":""80ea536a5f75448aab5bb9f230b0dcf8""},""upload_data"":{""date"":""2026-09-18"",""run_id"":""0188dfb02f074d23b9f7ad74cb501bb5""}}"
187,187,"52.045931 , -106.69787000000001","52.1333819 , -106.6975522",urban-urban,urban,1059,"{""sample_routes"":{""date"":""2026-09-16"",""run_id"":""508ff160c4b34eb1b06636d11b6607d3""},""join_samples"":{""date"":""2026-09-18"",""run_id"":""80ea536a5f75448aab5bb9f230b0dcf8""},""upload_data"":{""date"":""2026-09-18"",""run_id"":""0188dfb02f074d23b9f7ad74cb501bb5""}}"
188,188,"50.5046022 , -104.64950920000001","50.417376700000005 , -104.64988960000001",urban-urban,urban,1343,"{""sample_routes"":{""date"":""2026-09-16"",""run_id"":""508ff160c4b34eb1b06636d11b6607d3""},""join_samples"":{""date"":""2026-09-18"",""run_id"":""80ea536a5f75448aab5bb9f230b0dcf8""},""upload_data"":{""date"":""2026-09-18"",""run_id"":""0188dfb02f074d23b9f7ad74cb501bb5""}}"
189,189,"52.031601800000004 , -106.6800967","52.1561954 , -106.55589730000001",urban-urban,urban,1343,"{""sample_routes"":{""date"":""2026-09-16"",""run_id"":""508ff160c4b34eb1b06636d11b6607d3""},""join_samples"":{""date"":""2026-09-18"",""run_id"":""80ea536a5f75448aab5bb9f230b0dcf8""},""upload_data"":{""date"":""2026-09-18"",""run_id"":""0188dfb02f074d23b9f7ad74cb501bb5""}}"
190,190,"52.085992600000004 , -106.53604940000001","52.1687547 , -106.6190593",urban-urban,urban,1053,"{""sample_routes"":{""date"":""2026-09-16"",""run_id"":""508ff160c4b34eb1b06636d11b6607d3""},""join_samples"":{""date"":""2026-09-18"",""run_id"":""80ea536a5f75448aab5bb9f230b0dcf8""},""upload_data"":{""date"":""2026-09-18"",""run_id"":""0188dfb02f074d23b9f7ad74cb501bb5""}}"
191,191,"52.13920460000001 , -106.57538410000001","52.138870100000005 , -106.75657790000001",urban-urban,urban,1347,"{""sample_routes"":{""date"":""2026-09-16"",""run_id"":""508ff160c4b34eb1b06636d11b6607d3""},""join_samples"":{""date"":""2026-09-18"",""run_id"":""80ea536a5f75448aab5bb9f230b0dcf8""},""upload_data"":{""date"":""2026-09-18"",""run_id"":""0188dfb02f074d23b9f7ad74cb501bb5""}}"
192,192,"50.413006100000004 , -104.65439570000001","50.5185285 , -104.6544042",urban-rural,urban,1052,"{""sample_routes"":{""date"":""2026-09-16"",""run_id"":""508ff160c4b34eb1b06636d11b6607d3""},""join_samples"":{""date"":""2026-09-18"",""run_id"":""80ea536a5f75448aab5bb9f230b0dcf8""},""upload_data"":{""date"":""2026-09-18"",""run_id"":""0188dfb02f074d23b9f7ad74cb501bb5""}}"
193,193,"50.437905 , -104.3643076","50.438022000000004 , -104.62773840000001",urban-urban,urban,1348,"{""sample_routes"":{""date"":""2026-09-16"",""run_id"":""508ff160c4b34eb1b06636d11b6607d3""},""join_samples"":{""date"":""2026-09-18"",""run_id"":""80ea536a5f75448aab5bb9f230b0dcf8""},""upload_data"":{""date"":""2026-09-18"",""run_id"":""0188dfb02f074d23b9f7ad74cb501bb5""}}"
194,194,"52.0931518 , -106.54637210000001","52.19705870000001 , -106.65034130000001",urban-urban,urban,1051,"{""sample_routes"":{""date"":""2026-09-16"",""run_id"":""508ff160c4b34eb1b06636d11b6607d3""},""join_samples"":{""date"":""2026-09-18"",""run_id"":""80ea536a5f75448aab5bb9f230b0dcf8""},""upload_data"":{""date"":""2026-09-18"",""run_id"":""0188dfb02f074d23b9f7ad74cb501bb5""}}"
195,195,"50.4379238 , -104.3509288","50.437549100000005 , -104.62681350000001",urban-urban,urban,1350,"{""sample_routes"":{""date"":""2026-09-16"",""run_id"":""508ff160c4b34eb1b06636d11b6607d3""},""join_samples"":{""date"":""2026-09-18"",""run_id"":""80ea536a5f75448aab5bb9f230b0dcf8""},""upload_data"":{""date"":""2026-09-18"",""run_id"":""0188dfb02f074d23b9f7ad74cb501bb5""}}"
196,196,"50.424232100000005 , -104.36771080000001","50.4240348 , -104.57219450000001",urban-urban,urban,1351,"{""sample_routes"":{""date"":""2026-09-16"",""run_id"":""508ff160c4b34eb1b06636d11b6607d3""},""join_samples"":{""date"":""2026-09-18"",""run_id"":""80ea536a5f75448aab5bb9f230b0dcf8""},""upload_data"":{""date"":""2026-09-18"",""run_id"":""0188dfb02f074d23b9f7ad74cb501bb5""}}"
197,197,"52.031683300000005 , -106.68039200000001","52.1554562 , -106.5569961",urban-urban,urban,1351,"{""sample_routes"":{""date"":""2026-09-16"",""run_id"":""508ff160c4b34eb1b06636d11b6607d3""},""join_samples"":{""date"":""2026-09-18"",""run_id"":""80ea536a5f75448aab5bb9f230b0dcf8""},""upload_data"":{""date"":""2026-09-18"",""run_id"":""0188dfb02f074d23b9f7ad74cb501bb5""}}"
198,198,"50.4102376 , -104.525677","50.410074400000006 , -104.61133210000001",urban-urban,urban,1049,"{""sample_routes"":{""date"":""2026-09-16"",""run_id"":""508ff160c4b34eb1b06636d11b6607d3""},""join_samples"":{""date"":""2026-09-18"",""run_id"":""80ea536a5f75448aab5bb9f230b0dcf8""},""upload_data"":{""date"":""2026-09-18"",""run_id"":""0188dfb02f074d23b9f7ad74cb501bb5""}}"
199,199,"52.1561201 , -106.7051503","52.1558823 , -106.5658896",urban-urban,urban,1351,"{""sample_routes"":{""date"":""2026-09-16"",""run_id"":""508ff160c4b34eb1b06636d11b6607d3""},""join_samples"":{""date"":""2026-09-18"",""run_id"":""80ea536a5f75448aab5bb9f230b0dcf8""},""upload_data"":{""date"":""2026-09-18"",""run_id"":""0188dfb02f074d23b9f7ad74cb501bb5""}}"
200,200,"52.0938801 , -106.6480861","52.1872258 , -106.55489200000001",urban-rural,urban,1048,"{""sample_routes"":{""date"":""2026-09-16"",""run_id"":""508ff160c4b34eb1b06636d11b6607d3""},""join_samples"":{""date"":""2026-09-18"",""run_id"":""80ea536a5f75448aab5bb9f230b0dcf8""},""upload_data"":{""date"":""2026-09-18"",""run_id"":""0188dfb02f074d23b9f7ad74cb501bb5""}}"
201,201,"53.326966600000006 , -110.00057960000001","53.251879800000005 , -110.0008281",urban-urban,urban,1047,"{""sample_routes"":{""date"":""2026-09-16"",""run_id"":""508ff160c4b34eb1b06636d11b6607d3""},""join_samples"":{""date"":""2026-09-18"",""run_id"":""80ea536a5f75448aab5bb9f230b0dcf8""},""upload_data"":{""date"":""2026-09-18"",""run_id"":""0188dfb02f074d23b9f7ad74cb501bb5""}}"
202,202,"50.4402879 , -104.39031100000001","50.4406527 , -104.64096070000001",urban-urban,urban,1354,"{""sample_routes"":{""date"":""2026-09-16"",""run_id"":""508ff160c4b34eb1b06636d11b6607d3""},""join_samples"":{""date"":""2026-09-18"",""run_id"":""80ea536a5f75448aab5bb9f230b0dcf8""},""upload_data"":{""date"":""2026-09-18"",""run_id"":""0188dfb02f074d23b9f7ad74cb501bb5""}}"
203,203,"52.086850000000005 , -106.6466451","52.185093800000004 , -106.5482379",urban-urban,urban,1045,"{""sample_routes"":{""date"":""2026-09-16"",""run_id"":""508ff160c4b34eb1b06636d11b6607d3""},""join_samples"":{""date"":""2026-09-18"",""run_id"":""80ea536a5f75448aab5bb9f230b0dcf8""},""upload_data"":{""date"":""2026-09-18"",""run_id"":""0188dfb02f074d23b9f7ad74cb501bb5""}}"
204,204,"52.164021000000005 , -106.56284950000001","52.0741996 , -106.65242190000001",urban-urban,urban,1045,"{""sample_routes"":{""date"":""2026-09-16"",""run_id"":""508ff160c4b34eb1b06636d11b6607d3""},""join_samples"":{""date"":""2026-09-18"",""run_id"":""80ea536a5f75448aab5bb9f230b0dcf8""},""upload_data"":{""date"":""2026-09-18"",""run_id"":""0188dfb02f074d23b9f7ad74cb501bb5""}}"
205,205,"50.431972 , -104.3522131","50.432148100000006 , -104.6048176",urban-urban,urban,1356,"{""sample_routes"":{""date"":""2026-09-16"",""run_id"":""508ff160c4b34eb1b06636d11b6607d3""},""join_samples"":{""date"":""2026-09-18"",""run_id"":""80ea536a5f75448aab5bb9f230b0dcf8""},""upload_data"":{""date"":""2026-09-18"",""run_id"":""0188dfb02f074d23b9f7ad74cb501bb5""}}"
206,206,"52.154688900000004 , -106.55600480000001","52.069528000000005 , -106.6412224",urban-urban,urban,1043,"{""sample_routes"":{""date"":""2026-09-16"",""run_id"":""508ff160c4b34eb1b06636d11b6607d3""},""join_samples"":{""date"":""2026-09-18"",""run_id"":""80ea536a5f75448aab5bb9f230b0dcf8""},""upload_data"":{""date"":""2026-09-18"",""run_id"":""0188dfb02f074d23b9f7ad74cb501bb5""}}"
207,207,"52.091208800000004 , -106.5979832","52.1955857 , -106.598213",urban-rural,urban,1358,"{""sample_routes"":{""date"":""2026-09-16"",""run_id"":""508ff160c4b34eb1b06636d11b6607d3""},""join_samples"":{""date"":""2026-09-18"",""run_id"":""80ea536a5f75448aab5bb9f230b0dcf8""},""upload_data"":{""date"":""2026-09-18"",""run_id"":""0188dfb02f074d23b9f7ad74cb501bb5""}}"
208,208,"50.4571133 , -104.72411790000001","50.456733 , -104.53021890000001",rural-urban,urban,1042,"{""sample_routes"":{""date"":""2026-09-16"",""run_id"":""508ff160c4b34eb1b06636d11b6607d3""},""join_samples"":{""date"":""2026-09-18"",""run_id"":""80ea536a5f75448aab5bb9f230b0dcf8""},""upload_data"":{""date"":""2026-09-18"",""run_id"":""0188dfb02f074d23b9f7ad74cb501bb5""}}"
209,209,"52.037089300000005 , -106.64203970000001","52.131645000000006 , -106.5471397",urban-urban,urban,1042,"{""sample_routes"":{""date"":""2026-09-16"",""run_id"":""508ff160c4b34eb1b06636d11b6607d3""},""join_samples"":{""date"":""2026-09-18"",""run_id"":""80ea536a5f75448aab5bb9f230b0dcf8""},""upload_data"":{""date"":""2026-09-18"",""run_id"":""0188dfb02f074d23b9f7ad74cb501bb5""}}"
210,210,"50.506538500000005 , -104.64808710000001","50.397060800000006 , -104.64775490000001",urban-urban,urban,1041,"{""sample_routes"":{""date"":""2026-09-16"",""run_id"":""508ff160c4b34eb1b06636d11b6607d3""},""join_samples"":{""date"":""2026-09-18"",""run_id"":""80ea536a5f75448aab5bb9f230b0dcf8""},""upload_data"":{""date"":""2026-09-18"",""run_id"":""0188dfb02f074d23b9f7ad74cb501bb5""}}"
211,211,"50.4270663 , -104.6332337","50.5076595 , -104.63357610000001",urban-rural,urban,1041,"{""sample_routes"":{""date"":""2026-09-16"",""run_id"":""508ff160c4b34eb1b06636d11b6607d3""},""join_samples"":{""date"":""2026-09-18"",""run_id"":""80ea536a5f75448aab5bb9f230b0dcf8""},""upload_data"":{""date"":""2026-09-18"",""run_id"":""0188dfb02f074d23b9f7ad74cb501bb5""}}"
212,212,"52.1462864 , -106.5750654","52.1804786 , -106.6096696",urban-urban,urban,1041,"{""sample_routes"":{""date"":""2026-09-16"",""run_id"":""508ff160c4b34eb1b06636d11b6607d3""},""join_samples"":{""date"":""2026-09-18"",""run_id"":""80ea536a5f75448aab5bb9f230b0dcf8""},""upload_data"":{""date"":""2026-09-18"",""run_id"":""0188dfb02f074d23b9f7ad74cb501bb5""}}"
213,213,"52.1200915 , -106.56106600000001","52.1198507 , -106.7485115",urban-urban,urban,1361,"{""sample_routes"":{""date"":""2026-09-16"",""run_id"":""508ff160c4b34eb1b06636d11b6607d3""},""join_samples"":{""date"":""2026-09-18"",""run_id"":""80ea536a5f75448aab5bb9f230b0dcf8""},""upload_data"":{""date"":""2026-09-18"",""run_id"":""0188dfb02f074d23b9f7ad74cb501bb5""}}"
214,214,"50.493170500000005 , -104.6793605","50.42296 , -104.6092735",urban-urban,urban,1039,"{""sample_routes"":{""date"":""2026-09-16"",""run_id"":""508ff160c4b34eb1b06636d11b6607d3""},""join_samples"":{""date"":""2026-09-18"",""run_id"":""80ea536a5f75448aab5bb9f230b0dcf8""},""upload_data"":{""date"":""2026-09-18"",""run_id"":""0188dfb02f074d23b9f7ad74cb501bb5""}}"
215,215,"52.178438500000006 , -106.60987580000001","52.0978432 , -106.5289772",urban-rural,urban,1038,"{""sample_routes"":{""date"":""2026-09-16"",""run_id"":""508ff160c4b34eb1b06636d11b6607d3""},""join_samples"":{""date"":""2026-09-18"",""run_id"":""80ea536a5f75448aab5bb9f230b0dcf8""},""upload_data"":{""date"":""2026-09-18"",""run_id"":""0188dfb02f074d23b9f7ad74cb501bb5""}}"
216,216,"52.077461400000004 , -106.7417951","52.1884826 , -106.630418",rural-urban,urban,1038,"{""sample_routes"":{""date"":""2026-09-16"",""run_id"":""508ff160c4b34eb1b06636d11b6607d3""},""join_samples"":{""date"":""2026-09-18"",""run_id"":""80ea536a5f75448aab5bb9f230b0dcf8""},""upload_data"":{""date"":""2026-09-18"",""run_id"":""0188dfb02f074d23b9f7ad74cb501bb5""}}"
217,217,"50.451561600000005 , -104.726922","50.451600400000004 , -104.60636520000001",rural-urban,urban,1037,"{""sample_routes"":{""date"":""2026-09-16"",""run_id"":""508ff160c4b34eb1b06636d11b6607d3""},""join_samples"":{""date"":""2026-09-18"",""run_id"":""80ea536a5f75448aab5bb9f230b0dcf8""},""upload_data"":{""date"":""2026-09-18"",""run_id"":""0188dfb02f074d23b9f7ad74cb501bb5""}}"
218,218,"50.439986100000006 , -104.3740655","50.440147100000004 , -104.6282867",urban-urban,urban,1363,"{""sample_routes"":{""date"":""2026-09-16"",""run_id"":""508ff160c4b34eb1b06636d11b6607d3""},""join_samples"":{""date"":""2026-09-18"",""run_id"":""80ea536a5f75448aab5bb9f230b0dcf8""},""upload_data"":{""date"":""2026-09-18"",""run_id"":""0188dfb02f074d23b9f7ad74cb501bb5""}}"
219,219,"50.4511052 , -104.72723180000001","50.45067400000001 , -104.60199870000001",rural-urban,urban,1037,"{""sample_routes"":{""date"":""2026-09-16"",""run_id"":""508ff160c4b34eb1b06636d11b6607d3""},""join_samples"":{""date"":""2026-09-18"",""run_id"":""80ea536a5f75448aab5bb9f230b0dcf8""},""upload_data"":{""date"":""2026-09-18"",""run_id"":""0188dfb02f074d23b9f7ad74cb501bb5""}}"
220,220,"52.140439 , -106.6783178","52.1408999 , -106.5468505",urban-urban,urban,1037,"{""sample_routes"":{""date"":""2026-09-16"",""run_id"":""508ff160c4b34eb1b06636d11b6607d3""},""join_samples"":{""date"":""2026-09-18"",""run_id"":""80ea536a5f75448aab5bb9f230b0dcf8""},""upload_data"":{""date"":""2026-09-18"",""run_id"":""0188dfb02f074d23b9f7ad74cb501bb5""}}"
221,221,"52.1451417 , -106.5650557","52.145059200000006 , -106.7533119",urban-urban,urban,1363,"{""sample_routes"":{""date"":""2026-09-16"",""run_id"":""508ff160c4b34eb1b06636d11b6607d3""},""join_samples"":{""date"":""2026-09-18"",""run_id"":""80ea536a5f75448aab5bb9f230b0dcf8""},""upload_data"":{""date"":""2026-09-18"",""run_id"":""0188dfb02f074d23b9f7ad74cb501bb5""}}"
222,222,"50.4387904 , -104.3574748","50.4385337 , -104.635469",urban-urban,urban,1364,"{""sample_routes"":{""date"":""2026-09-16"",""run_id"":""508ff160c4b34eb1b06636d11b6607d3""},""join_samples"":{""date"":""2026-09-18"",""run_id"":""80ea536a5f75448aab5bb9f230b0dcf8""},""upload_data"":{""date"":""2026-09-18"",""run_id"":""0188dfb02f074d23b9f7ad74cb501bb5""}}"
223,223,"50.437477900000005 , -104.37811810000001","50.437026100000004 , -104.61886070000001",urban-urban,urban,1365,"{""sample_routes"":{""date"":""2026-09-16"",""run_id"":""508ff160c4b34eb1b06636d11b6607d3""},""join_samples"":{""date"":""2026-09-18"",""run_id"":""80ea536a5f75448aab5bb9f230b0dcf8""},""upload_data"":{""date"":""2026-09-18"",""run_id"":""0188dfb02f074d23b9f7ad74cb501bb5""}}"
224,224,"52.096506000000005 , -106.69268360000001","52.193828100000005 , -106.59531720000001",urban-rural,urban,1034,"{""sample_routes"":{""date"":""2026-09-16"",""run_id"":""508ff160c4b34eb1b06636d11b6607d3""},""join_samples"":{""date"":""2026-09-18"",""run_id"":""80ea536a5f75448aab5bb9f230b0dcf8""},""upload_data"":{""date"":""2026-09-18"",""run_id"":""0188dfb02f074d23b9f7ad74cb501bb5""}}"
225,225,"52.145721800000004 , -106.56272600000001","52.146002200000005 , -106.752499",urban-urban,urban,1366,"{""sample_routes"":{""date"":""2026-09-16"",""run_id"":""508ff160c4b34eb1b06636d11b6607d3""},""join_samples"":{""date"":""2026-09-18"",""run_id"":""80ea536a5f75448aab5bb9f230b0dcf8""},""upload_data"":{""date"":""2026-09-18"",""run_id"":""0188dfb02f074d23b9f7ad74cb501bb5""}}"
226,226,"52.1201535 , -106.72791120000001","52.1200448 , -106.5399474",urban-urban,urban,1033,"{""sample_routes"":{""date"":""2026-09-16"",""run_id"":""508ff160c4b34eb1b06636d11b6607d3""},""join_samples"":{""date"":""2026-09-18"",""run_id"":""80ea536a5f75448aab5bb9f230b0dcf8""},""upload_data"":{""date"":""2026-09-18"",""run_id"":""0188dfb02f074d23b9f7ad74cb501bb5""}}"
227,227,"50.3985775 , -104.6051468","50.4715472 , -104.67776140000001",urban-urban,urban,1033,"{""sample_routes"":{""date"":""2026-09-16"",""run_id"":""508ff160c4b34eb1b06636d11b6607d3""},""join_samples"":{""date"":""2026-09-18"",""run_id"":""80ea536a5f75448aab5bb9f230b0dcf8""},""upload_data"":{""date"":""2026-09-18"",""run_id"":""0188dfb02f074d23b9f7ad74cb501bb5""}}"
228,228,"52.1896946 , -106.5747156","52.1206691 , -106.57509080000001",urban-urban,urban,1367,"{""sample_routes"":{""date"":""2026-09-16"",""run_id"":""508ff160c4b34eb1b06636d11b6607d3""},""join_samples"":{""date"":""2026-09-18"",""run_id"":""80ea536a5f75448aab5bb9f230b0dcf8""},""upload_data"":{""date"":""2026-09-18"",""run_id"":""0188dfb02f074d23b9f7ad74cb501bb5""}}"
229,229,"50.435611400000006 , -104.6062924","50.503693600000005 , -104.6748558",urban-urban,urban,1032,"{""sample_routes"":{""date"":""2026-09-16"",""run_id"":""508ff160c4b34eb1b06636d11b6607d3""},""join_samples"":{""date"":""2026-09-18"",""run_id"":""80ea536a5f75448aab5bb9f230b0dcf8""},""upload_data"":{""date"":""2026-09-18"",""run_id"":""0188dfb02f074d23b9f7ad74cb501bb5""}}"
230,230,"52.1436233 , -106.7582656","52.0375406 , -106.65185720000001",urban-urban,urban,1032,"{""sample_routes"":{""date"":""2026-09-16"",""run_id"":""508ff160c4b34eb1b06636d11b6607d3""},""join_samples"":{""date"":""2026-09-18"",""run_id"":""80ea536a5f75448aab5bb9f230b0dcf8""},""upload_data"":{""date"":""2026-09-18"",""run_id"":""0188dfb02f074d23b9f7ad74cb501bb5""}}"
231,231,"52.0782607 , -106.58522400000001","52.202108100000004 , -106.70887350000001",urban-urban,urban,1031,"{""sample_routes"":{""date"":""2026-09-16"",""run_id"":""508ff160c4b34eb1b06636d11b6607d3""},""join_samples"":{""date"":""2026-09-18"",""run_id"":""80ea536a5f75448aab5bb9f230b0dcf8""},""upload_data"":{""date"":""2026-09-18"",""run_id"":""0188dfb02f074d23b9f7ad74cb501bb5""}}"
232,232,"52.0780059 , -106.58493530000001","52.202108100000004 , -106.70887350000001",urban-urban,urban,1031,"{""sample_routes"":{""date"":""2026-09-16"",""run_id"":""508ff160c4b34eb1b06636d11b6607d3""},""join_samples"":{""date"":""2026-09-18"",""run_id"":""80ea536a5f75448aab5bb9f230b0dcf8""},""upload_data"":{""date"":""2026-09-18"",""run_id"":""0188dfb02f074d23b9f7ad74cb501bb5""}}"
233,233,"52.0957306 , -106.55355250000001","52.196115600000006 , -106.65349160000001",urban-urban,urban,1029,"{""sample_routes"":{""date"":""2026-09-16"",""run_id"":""508ff160c4b34eb1b06636d11b6607d3""},""join_samples"":{""date"":""2026-09-18"",""run_id"":""80ea536a5f75448aab5bb9f230b0dcf8""},""upload_data"":{""date"":""2026-09-18"",""run_id"":""0188dfb02f074d23b9f7ad74cb501bb5""}}"
234,234,"53.3262762 , -109.99451970000001","53.252478800000006 , -109.9942192",urban-urban,urban,1028,"{""sample_routes"":{""date"":""2026-09-16"",""run_id"":""508ff160c4b34eb1b06636d11b6607d3""},""join_samples"":{""date"":""2026-09-18"",""run_id"":""80ea536a5f75448aab5bb9f230b0dcf8""},""upload_data"":{""date"":""2026-09-18"",""run_id"":""0188dfb02f074d23b9f7ad74cb501bb5""}}"
235,235,"52.1510602 , -106.7656017","52.0375406 , -106.65185720000001",urban-urban,urban,1028,"{""sample_routes"":{""date"":""2026-09-16"",""run_id"":""508ff160c4b34eb1b06636d11b6607d3""},""join_samples"":{""date"":""2026-09-18"",""run_id"":""80ea536a5f75448aab5bb9f230b0dcf8""},""upload_data"":{""date"":""2026-09-18"",""run_id"":""0188dfb02f074d23b9f7ad74cb501bb5""}}"
236,236,"52.1291449 , -106.80305890000001","52.129480300000004 , -106.567401",rural-urban,urban,1372,"{""sample_routes"":{""date"":""2026-09-16"",""run_id"":""508ff160c4b34eb1b06636d11b6607d3""},""join_samples"":{""date"":""2026-09-18"",""run_id"":""80ea536a5f75448aab5bb9f230b0dcf8""},""upload_data"":{""date"":""2026-09-18"",""run_id"":""0188dfb02f074d23b9f7ad74cb501bb5""}}"
237,237,"52.178202600000006 , -106.6110519","52.0969263 , -106.5299995",urban-rural,urban,1027,"{""sample_routes"":{""date"":""2026-09-16"",""run_id"":""508ff160c4b34eb1b06636d11b6607d3""},""join_samples"":{""date"":""2026-09-18"",""run_id"":""80ea536a5f75448aab5bb9f230b0dcf8""},""upload_data"":{""date"":""2026-09-18"",""run_id"":""0188dfb02f074d23b9f7ad74cb501bb5""}}"
238,238,"52.0330573 , -106.681419","52.1516128 , -106.68169780000001",urban-urban,urban,1027,"{""sample_routes"":{""date"":""2026-09-16"",""run_id"":""508ff160c4b34eb1b06636d11b6607d3""},""join_samples"":{""date"":""2026-09-18"",""run_id"":""80ea536a5f75448aab5bb9f230b0dcf8""},""upload_data"":{""date"":""2026-09-18"",""run_id"":""0188dfb02f074d23b9f7ad74cb501bb5""}}"
239,239,"52.1789258 , -106.62887380000001","52.1044642 , -106.62869830000001",urban-urban,urban,1026,"{""sample_routes"":{""date"":""2026-09-16"",""run_id"":""508ff160c4b34eb1b06636d11b6607d3""},""join_samples"":{""date"":""2026-09-18"",""run_id"":""80ea536a5f75448aab5bb9f230b0dcf8""},""upload_data"":{""date"":""2026-09-18"",""run_id"":""0188dfb02f074d23b9f7ad74cb501bb5""}}"
240,240,"52.230662900000006 , -106.6283365","52.083951400000004 , -106.6279451",rural-urban,urban,1025,"{""sample_routes"":{""date"":""2026-09-16"",""run_id"":""508ff160c4b34eb1b06636d11b6607d3""},""join_samples"":{""date"":""2026-09-18"",""run_id"":""80ea536a5f75448aab5bb9f230b0dcf8""},""upload_data"":{""date"":""2026-09-18"",""run_id"":""0188dfb02f074d23b9f7ad74cb501bb5""}}"
241,241,"52.031601800000004 , -106.6800967","52.1500597 , -106.6798248",urban-urban,urban,1025,"{""sample_routes"":{""date"":""2026-09-16"",""run_id"":""508ff160c4b34eb1b06636d11b6607d3""},""join_samples"":{""date"":""2026-09-18"",""run_id"":""80ea536a5f75448aab5bb9f230b0dcf8""},""upload_data"":{""date"":""2026-09-18"",""run_id"":""0188dfb02f074d23b9f7ad74cb501bb5""}}"
242,242,"53.5186828 , -107.08090360000001","53.6083112 , -107.1707363",urban-urban,urban,1025,"{""sample_routes"":{""date"":""2026-09-16"",""run_id"":""508ff160c4b34eb1b06636d11b6607d3""},""join_samples"":{""date"":""2026-09-18"",""run_id"":""80ea536a5f75448aab5bb9f230b0dcf8""},""upload_data"":{""date"":""2026-09-18"",""run_id"":""0188dfb02f074d23b9f7ad74cb501bb5""}}"
243,243,"50.4457796 , -104.3545804","50.445457700000006 , -104.6416305",urban-urban,urban,1375,"{""sample_routes"":{""date"":""2026-09-16"",""run_id"":""508ff160c4b34eb1b06636d11b6607d3""},""join_samples"":{""date"":""2026-09-18"",""run_id"":""80ea536a5f75448aab5bb9f230b0dcf8""},""upload_data"":{""date"":""2026-09-18"",""run_id"":""0188dfb02f074d23b9f7ad74cb501bb5""}}"
244,244,"52.0323768 , -106.68083410000001","52.1485093 , -106.68129200000001",urban-urban,urban,1023,"{""sample_routes"":{""date"":""2026-09-16"",""run_id"":""508ff160c4b34eb1b06636d11b6607d3""},""join_samples"":{""date"":""2026-09-18"",""run_id"":""80ea536a5f75448aab5bb9f230b0dcf8""},""upload_data"":{""date"":""2026-09-18"",""run_id"":""0188dfb02f074d23b9f7ad74cb501bb5""}}"
245,245,"50.4336131 , -104.549852","50.4338877 , -104.3641707",urban-urban,urban,1022,"{""sample_routes"":{""date"":""2026-09-16"",""run_id"":""508ff160c4b34eb1b06636d11b6607d3""},""join_samples"":{""date"":""2026-09-18"",""run_id"":""80ea536a5f75448aab5bb9f230b0dcf8""},""upload_data"":{""date"":""2026-09-18"",""run_id"":""0188dfb02f074d23b9f7ad74cb501bb5""}}"
246,246,"52.1874556 , -106.66771170000001","52.124417 , -106.66794060000001",urban-urban,urban,1022,"{""sample_routes"":{""date"":""2026-09-16"",""run_id"":""508ff160c4b34eb1b06636d11b6607d3""},""join_samples"":{""date"":""2026-09-18"",""run_id"":""80ea536a5f75448aab5bb9f230b0dcf8""},""upload_data"":{""date"":""2026-09-18"",""run_id"":""0188dfb02f074d23b9f7ad74cb501bb5""}}"
247,247,"52.124997900000004 , -106.76379050000001","52.124836300000005 , -106.54366750000001",urban-urban,urban,1021,"{""sample_routes"":{""date"":""2026-09-16"",""run_id"":""508ff160c4b34eb1b06636d11b6607d3""},""join_samples"":{""date"":""2026-09-18"",""run_id"":""80ea536a5f75448aab5bb9f230b0dcf8""},""upload_data"":{""date"":""2026-09-18"",""run_id"":""0188dfb02f074d23b9f7ad74cb501bb5""}}"
248,248,"52.1883003 , -106.6161656","52.0885028 , -106.7162115",urban-urban,urban,1021,"{""sample_routes"":{""date"":""2026-09-16"",""run_id"":""508ff160c4b34eb1b06636d11b6607d3""},""join_samples"":{""date"":""2026-09-18"",""run_id"":""80ea536a5f75448aab5bb9f230b0dcf8""},""upload_data"":{""date"":""2026-09-18"",""run_id"":""0188dfb02f074d23b9f7ad74cb501bb5""}}"
249,249,"52.16880080000001 , -106.557827","52.07402870000001 , -106.65213820000001",urban-urban,urban,1021,"{""sample_routes"":{""date"":""2026-09-16"",""run_id"":""508ff160c4b34eb1b06636d11b6607d3""},""join_samples"":{""date"":""2026-09-18"",""run_id"":""80ea536a5f75448aab5bb9f230b0dcf8""},""upload_data"":{""date"":""2026-09-18"",""run_id"":""0188dfb02f074d23b9f7ad74cb501bb5""}}"
250,250,"52.077460800000004 , -106.62262750000001","52.2602982 , -106.6226826",urban-urban,mixed,1200,"{""sample_routes"":{""date"":""2026-09-16"",""run_id"":""508ff160c4b34eb1b06636d11b6607d3""},""join_samples"":{""date"":""2026-09-18"",""run_id"":""80ea536a5f75448aab5bb9f230b0dcf8""},""upload_data"":{""date"":""2026-09-18"",""run_id"":""0188dfb02f074d23b9f7ad74cb501bb5""}}"
251,251,"50.438470200000005 , -104.347147","50.571676100000005 , -104.48049180000001",urban-rural,mixed,1201,"{""sample_routes"":{""date"":""2026-09-16"",""run_id"":""508ff160c4b34eb1b06636d11b6607d3""},""join_samples"":{""date"":""2026-09-18"",""run_id"":""80ea536a5f75448aab5bb9f230b0dcf8""},""upload_data"":{""date"":""2026-09-18"",""run_id"":""0188dfb02f074d23b9f7ad74cb501bb5""}}"
252,252,"53.031195100000005 , -108.3984286","53.134724500000004 , -108.39869390000001",urban-urban,mixed,1201,"{""sample_routes"":{""date"":""2026-09-16"",""run_id"":""508ff160c4b34eb1b06636d11b6607d3""},""join_samples"":{""date"":""2026-09-18"",""run_id"":""80ea536a5f75448aab5bb9f230b0dcf8""},""upload_data"":{""date"":""2026-09-18"",""run_id"":""0188dfb02f074d23b9f7ad74cb501bb5""}}"
253,253,"52.119572600000005 , -106.7624636","52.3184765 , -106.5639522",urban-urban,mixed,1202,"{""sample_routes"":{""date"":""2026-09-16"",""run_id"":""508ff160c4b34eb1b06636d11b6607d3""},""join_samples"":{""date"":""2026-09-18"",""run_id"":""80ea536a5f75448aab5bb9f230b0dcf8""},""upload_data"":{""date"":""2026-09-18"",""run_id"":""0188dfb02f074d23b9f7ad74cb501bb5""}}"
254,254,"51.179191800000005 , -102.5224558","51.3575127 , -102.5226294",urban-rural,mixed,1203,"{""sample_routes"":{""date"":""2026-09-16"",""run_id"":""508ff160c4b34eb1b06636d11b6607d3""},""join_samples"":{""date"":""2026-09-18"",""run_id"":""80ea536a5f75448aab5bb9f230b0dcf8""},""upload_data"":{""date"":""2026-09-18"",""run_id"":""0188dfb02f074d23b9f7ad74cb501bb5""}}"
255,255,"53.251879800000005 , -110.0008281","53.4512924 , -110.00054610000001",urban-urban,mixed,1196,"{""sample_routes"":{""date"":""2026-09-16"",""run_id"":""508ff160c4b34eb1b06636d11b6607d3""},""join_samples"":{""date"":""2026-09-18"",""run_id"":""80ea536a5f75448aab5bb9f230b0dcf8""},""upload_data"":{""date"":""2026-09-18"",""run_id"":""0188dfb02f074d23b9f7ad74cb501bb5""}}"
256,256,"52.123588100000006 , -106.92175710000001","52.123614700000005 , -106.5989138",rural-urban,mixed,1195,"{""sample_routes"":{""date"":""2026-09-16"",""run_id"":""508ff160c4b34eb1b06636d11b6607d3""},""join_samples"":{""date"":""2026-09-18"",""run_id"":""80ea536a5f75448aab5bb9f230b0dcf8""},""upload_data"":{""date"":""2026-09-18"",""run_id"":""0188dfb02f074d23b9f7ad74cb501bb5""}}"
257,257,"50.4967246 , -104.62566770000001","50.396221700000005 , -104.52564670000001",urban-rural,mixed,1205,"{""sample_routes"":{""date"":""2026-09-16"",""run_id"":""508ff160c4b34eb1b06636d11b6607d3""},""join_samples"":{""date"":""2026-09-18"",""run_id"":""80ea536a5f75448aab5bb9f230b0dcf8""},""upload_data"":{""date"":""2026-09-18"",""run_id"":""0188dfb02f074d23b9f7ad74cb501bb5""}}"
258,258,"50.4404035 , -104.59370550000001","50.6299713 , -104.59336090000001",urban-rural,mixed,1207,"{""sample_routes"":{""date"":""2026-09-16"",""run_id"":""508ff160c4b34eb1b06636d11b6607d3""},""join_samples"":{""date"":""2026-09-18"",""run_id"":""80ea536a5f75448aab5bb9f230b0dcf8""},""upload_data"":{""date"":""2026-09-18"",""run_id"":""0188dfb02f074d23b9f7ad74cb501bb5""}}"
259,259,"53.031484000000006 , -108.3939663","53.1263434 , -108.39419020000001",urban-urban,mixed,1207,"{""sample_routes"":{""date"":""2026-09-16"",""run_id"":""508ff160c4b34eb1b06636d11b6607d3""},""join_samples"":{""date"":""2026-09-18"",""run_id"":""80ea536a5f75448aab5bb9f230b0dcf8""},""upload_data"":{""date"":""2026-09-18"",""run_id"":""0188dfb02f074d23b9f7ad74cb501bb5""}}"
260,260,"50.4760087 , -104.4116987","50.4764447 , -104.6888273",urban-urban,mixed,1193,"{""sample_routes"":{""date"":""2026-09-16"",""run_id"":""508ff160c4b34eb1b06636d11b6607d3""},""join_samples"":{""date"":""2026-09-18"",""run_id"":""80ea536a5f75448aab5bb9f230b0dcf8""},""upload_data"":{""date"":""2026-09-18"",""run_id"":""0188dfb02f074d23b9f7ad74cb501bb5""}}"
261,261,"50.4831512 , -104.69388280000001","50.630012 , -104.5471258",urban-rural,mixed,1208,"{""sample_routes"":{""date"":""2026-09-16"",""run_id"":""508ff160c4b34eb1b06636d11b6607d3""},""join_samples"":{""date"":""2026-09-18"",""run_id"":""80ea536a5f75448aab5bb9f230b0dcf8""},""upload_data"":{""date"":""2026-09-18"",""run_id"":""0188dfb02f074d23b9f7ad74cb501bb5""}}"
262,262,"52.132936300000004 , -106.71808460000001","51.9463098 , -106.5313591",urban-urban,mixed,1208,"{""sample_routes"":{""date"":""2026-09-16"",""run_id"":""508ff160c4b34eb1b06636d11b6607d3""},""join_samples"":{""date"":""2026-09-18"",""run_id"":""80ea536a5f75448aab5bb9f230b0dcf8""},""upload_data"":{""date"":""2026-09-18"",""run_id"":""0188dfb02f074d23b9f7ad74cb501bb5""}}"
263,263,"52.126020100000005 , -106.66687710000001","51.9592607 , -106.50018270000001",urban-urban,mixed,1209,"{""sample_routes"":{""date"":""2026-09-16"",""run_id"":""508ff160c4b34eb1b06636d11b6607d3""},""join_samples"":{""date"":""2026-09-18"",""run_id"":""80ea536a5f75448aab5bb9f230b0dcf8""},""upload_data"":{""date"":""2026-09-18"",""run_id"":""0188dfb02f074d23b9f7ad74cb501bb5""}}"
264,264,"53.8181755 , -105.3882755","53.692045 , -105.2617379",urban-urban,mixed,1212,"{""sample_routes"":{""date"":""2026-09-16"",""run_id"":""508ff160c4b34eb1b06636d11b6607d3""},""join_samples"":{""date"":""2026-09-18"",""run_id"":""80ea536a5f75448aab5bb9f230b0dcf8""},""upload_data"":{""date"":""2026-09-18"",""run_id"":""0188dfb02f074d23b9f7ad74cb501bb5""}}"
265,265,"52.097348000000004 , -106.4597753","51.993083000000006 , -106.564267",urban-rural,mixed,1213,"{""sample_routes"":{""date"":""2026-09-16"",""run_id"":""508ff160c4b34eb1b06636d11b6607d3""},""join_samples"":{""date"":""2026-09-18"",""run_id"":""80ea536a5f75448aab5bb9f230b0dcf8""},""upload_data"":{""date"":""2026-09-18"",""run_id"":""0188dfb02f074d23b9f7ad74cb501bb5""}}"
266,266,"52.0197949 , -106.43309380000001","52.1616335 , -106.5751463",urban-urban,mixed,1213,"{""sample_routes"":{""date"":""2026-09-16"",""run_id"":""508ff160c4b34eb1b06636d11b6607d3""},""join_samples"":{""date"":""2026-09-18"",""run_id"":""80ea536a5f75448aab5bb9f230b0dcf8""},""upload_data"":{""date"":""2026-09-18"",""run_id"":""0188dfb02f074d23b9f7ad74cb501bb5""}}"
267,267,"53.032009 , -108.3937109","53.1263434 , -108.39419020000001",urban-urban,mixed,1214,"{""sample_routes"":{""date"":""2026-09-16"",""run_id"":""508ff160c4b34eb1b06636d11b6607d3""},""join_samples"":{""date"":""2026-09-18"",""run_id"":""80ea536a5f75448aab5bb9f230b0dcf8""},""upload_data"":{""date"":""2026-09-18"",""run_id"":""0188dfb02f074d23b9f7ad74cb501bb5""}}"
268,268,"52.06737450000001 , -106.64649170000001","51.90654060000001 , -106.4854085",urban-urban,mixed,1185,"{""sample_routes"":{""date"":""2026-09-16"",""run_id"":""508ff160c4b34eb1b06636d11b6607d3""},""join_samples"":{""date"":""2026-09-18"",""run_id"":""80ea536a5f75448aab5bb9f230b0dcf8""},""upload_data"":{""date"":""2026-09-18"",""run_id"":""0188dfb02f074d23b9f7ad74cb501bb5""}}"
269,269,"52.1291516 , -106.8130687","52.2888248 , -106.65362370000001",rural-urban,mixed,1215,"{""sample_routes"":{""date"":""2026-09-16"",""run_id"":""508ff160c4b34eb1b06636d11b6607d3""},""join_samples"":{""date"":""2026-09-18"",""run_id"":""80ea536a5f75448aab5bb9f230b0dcf8""},""upload_data"":{""date"":""2026-09-18"",""run_id"":""0188dfb02f074d23b9f7ad74cb501bb5""}}"
270,270,"52.3260312 , -106.6029374","52.187544200000005 , -106.74161050000001",urban-rural,mixed,1216,"{""sample_routes"":{""date"":""2026-09-16"",""run_id"":""508ff160c4b34eb1b06636d11b6607d3""},""join_samples"":{""date"":""2026-09-18"",""run_id"":""80ea536a5f75448aab5bb9f230b0dcf8""},""upload_data"":{""date"":""2026-09-18"",""run_id"":""0188dfb02f074d23b9f7ad74cb501bb5""}}"
271,271,"52.154665400000006 , -106.7307155","52.313459 , -106.5718813",urban-urban,mixed,1217,"{""sample_routes"":{""date"":""2026-09-16"",""run_id"":""508ff160c4b34eb1b06636d11b6607d3""},""join_samples"":{""date"":""2026-09-18"",""run_id"":""80ea536a5f75448aab5bb9f230b0dcf8""},""upload_data"":{""date"":""2026-09-18"",""run_id"":""0188dfb02f074d23b9f7ad74cb501bb5""}}"
272,272,"51.9423353 , -106.50842080000001","52.143969500000004 , -106.50823340000001",urban-rural,mixed,1182,"{""sample_routes"":{""date"":""2026-09-16"",""run_id"":""508ff160c4b34eb1b06636d11b6607d3""},""join_samples"":{""date"":""2026-09-18"",""run_id"":""80ea536a5f75448aab5bb9f230b0dcf8""},""upload_data"":{""date"":""2026-09-18"",""run_id"":""0188dfb02f074d23b9f7ad74cb501bb5""}}"
273,273,"50.6007918 , -104.74899640000001","50.4257258 , -104.5735226",rural-urban,mixed,1219,"{""sample_routes"":{""date"":""2026-09-16"",""run_id"":""508ff160c4b34eb1b06636d11b6607d3""},""join_samples"":{""date"":""2026-09-18"",""run_id"":""80ea536a5f75448aab5bb9f230b0dcf8""},""upload_data"":{""date"":""2026-09-18"",""run_id"":""0188dfb02f074d23b9f7ad74cb501bb5""}}"
274,274,"50.3525884 , -104.6056681","50.4879465 , -104.6055498",rural-urban,mixed,1179,"{""sample_routes"":{""date"":""2026-09-16"",""run_id"":""508ff160c4b34eb1b06636d11b6607d3""},""join_samples"":{""date"":""2026-09-18"",""run_id"":""80ea536a5f75448aab5bb9f230b0dcf8""},""upload_data"":{""date"":""2026-09-18"",""run_id"":""0188dfb02f074d23b9f7ad74cb501bb5""}}"
275,275,"52.121233100000005 , -106.7581875","52.297603 , -106.5821507",urban-rural,mixed,1221,"{""sample_routes"":{""date"":""2026-09-16"",""run_id"":""508ff160c4b34eb1b06636d11b6607d3""},""join_samples"":{""date"":""2026-09-18"",""run_id"":""80ea536a5f75448aab5bb9f230b0dcf8""},""upload_data"":{""date"":""2026-09-18"",""run_id"":""0188dfb02f074d23b9f7ad74cb501bb5""}}"
276,276,"53.4540894 , -110.00225870000001","53.2527983 , -110.00215320000001",urban-urban,mixed,1222,"{""sample_routes"":{""date"":""2026-09-16"",""run_id"":""508ff160c4b34eb1b06636d11b6607d3""},""join_samples"":{""date"":""2026-09-18"",""run_id"":""80ea536a5f75448aab5bb9f230b0dcf8""},""upload_data"":{""date"":""2026-09-18"",""run_id"":""0188dfb02f074d23b9f7ad74cb501bb5""}}"
277,277,"52.0561202 , -106.5874278","52.2894462 , -106.58738290000001",rural-rural,mixed,1223,"{""sample_routes"":{""date"":""2026-09-16"",""run_id"":""508ff160c4b34eb1b06636d11b6607d3""},""join_samples"":{""date"":""2026-09-18"",""run_id"":""80ea536a5f75448aab5bb9f230b0dcf8""},""upload_data"":{""date"":""2026-09-18"",""run_id"":""0188dfb02f074d23b9f7ad74cb501bb5""}}"
278,278,"52.1287524 , -106.76360020000001","52.310367500000005 , -106.5819903",urban-urban,mixed,1225,"{""sample_routes"":{""date"":""2026-09-16"",""run_id"":""508ff160c4b34eb1b06636d11b6607d3""},""join_samples"":{""date"":""2026-09-18"",""run_id"":""80ea536a5f75448aab5bb9f230b0dcf8""},""upload_data"":{""date"":""2026-09-18"",""run_id"":""0188dfb02f074d23b9f7ad74cb501bb5""}}"
279,279,"52.143829700000005 , -106.24207580000001","52.143974400000005 , -106.6119316",rural-urban,mixed,1233,"{""sample_routes"":{""date"":""2026-09-16"",""run_id"":""508ff160c4b34eb1b06636d11b6607d3""},""join_samples"":{""date"":""2026-09-18"",""run_id"":""80ea536a5f75448aab5bb9f230b0dcf8""},""upload_data"":{""date"":""2026-09-18"",""run_id"":""0188dfb02f074d23b9f7ad74cb501bb5""}}"
280,280,"52.1003127 , -106.66773610000001","52.216758500000005 , -106.55117940000001",urban-urban,mixed,1166,"{""sample_routes"":{""date"":""2026-09-16"",""run_id"":""508ff160c4b34eb1b06636d11b6607d3""},""join_samples"":{""date"":""2026-09-18"",""run_id"":""80ea536a5f75448aab5bb9f230b0dcf8""},""upload_data"":{""date"":""2026-09-18"",""run_id"":""0188dfb02f074d23b9f7ad74cb501bb5""}}"
281,281,"53.641301000000006 , -109.94192530000001","53.746397800000004 , -109.9416755",urban-urban,mixed,1235,"{""sample_routes"":{""date"":""2026-09-16"",""run_id"":""508ff160c4b34eb1b06636d11b6607d3""},""join_samples"":{""date"":""2026-09-18"",""run_id"":""80ea536a5f75448aab5bb9f230b0dcf8""},""upload_data"":{""date"":""2026-09-18"",""run_id"":""0188dfb02f074d23b9f7ad74cb501bb5""}}"
282,282,"50.464603600000004 , -104.4265244","50.4650673 , -104.7098874",urban-rural,mixed,1235,"{""sample_routes"":{""date"":""2026-09-16"",""run_id"":""508ff160c4b34eb1b06636d11b6607d3""},""join_samples"":{""date"":""2026-09-18"",""run_id"":""80ea536a5f75448aab5bb9f230b0dcf8""},""upload_data"":{""date"":""2026-09-18"",""run_id"":""0188dfb02f074d23b9f7ad74cb501bb5""}}"
283,283,"53.147013400000006 , -108.19905220000001","53.036227700000005 , -108.3094248",rural-urban,mixed,1236,"{""sample_routes"":{""date"":""2026-09-16"",""run_id"":""508ff160c4b34eb1b06636d11b6607d3""},""join_samples"":{""date"":""2026-09-18"",""run_id"":""80ea536a5f75448aab5bb9f230b0dcf8""},""upload_data"":{""date"":""2026-09-18"",""run_id"":""0188dfb02f074d23b9f7ad74cb501bb5""}}"
284,284,"50.7637269 , -103.78630270000001","50.6575421 , -103.6804534",urban-rural,mixed,1237,"{""sample_routes"":{""date"":""2026-09-16"",""run_id"":""508ff160c4b34eb1b06636d11b6607d3""},""join_samples"":{""date"":""2026-09-18"",""run_id"":""80ea536a5f75448aab5bb9f230b0dcf8""},""upload_data"":{""date"":""2026-09-18"",""run_id"":""0188dfb02f074d23b9f7ad74cb501bb5""}}"
285,285,"53.2128589 , -105.87710820000001","53.148853900000006 , -105.94094530000001",urban-rural,mixed,1161,"{""sample_routes"":{""date"":""2026-09-16"",""run_id"":""508ff160c4b34eb1b06636d11b6607d3""},""join_samples"":{""date"":""2026-09-18"",""run_id"":""80ea536a5f75448aab5bb9f230b0dcf8""},""upload_data"":{""date"":""2026-09-18"",""run_id"":""0188dfb02f074d23b9f7ad74cb501bb5""}}"
286,286,"52.098660200000005 , -106.62993800000001","51.956365000000005 , -106.4876004",urban-urban,mixed,1159,"{""sample_routes"":{""date"":""2026-09-16"",""run_id"":""508ff160c4b34eb1b06636d11b6607d3""},""join_samples"":{""date"":""2026-09-18"",""run_id"":""80ea536a5f75448aab5bb9f230b0dcf8""},""upload_data"":{""date"":""2026-09-18"",""run_id"":""0188dfb02f074d23b9f7ad74cb501bb5""}}"
287,287,"52.105588700000006 , -106.4403987","52.1059357 , -106.71219020000001",urban-urban,mixed,1243,"{""sample_routes"":{""date"":""2026-09-16"",""run_id"":""508ff160c4b34eb1b06636d11b6607d3""},""join_samples"":{""date"":""2026-09-18"",""run_id"":""80ea536a5f75448aab5bb9f230b0dcf8""},""upload_data"":{""date"":""2026-09-18"",""run_id"":""0188dfb02f074d23b9f7ad74cb501bb5""}}"
288,288,"52.3172749 , -106.57207290000001","52.125267 , -106.76374050000001",urban-urban,mixed,1244,"{""sample_routes"":{""date"":""2026-09-16"",""run_id"":""508ff160c4b34eb1b06636d11b6607d3""},""join_samples"":{""date"":""2026-09-18"",""run_id"":""80ea536a5f75448aab5bb9f230b0dcf8""},""upload_data"":{""date"":""2026-09-18"",""run_id"":""0188dfb02f074d23b9f7ad74cb501bb5""}}"
289,289,"50.4659695 , -104.44082540000001","50.466294600000005 , -104.6900976",urban-urban,mixed,1246,"{""sample_routes"":{""date"":""2026-09-16"",""run_id"":""508ff160c4b34eb1b06636d11b6607d3""},""join_samples"":{""date"":""2026-09-18"",""run_id"":""80ea536a5f75448aab5bb9f230b0dcf8""},""upload_data"":{""date"":""2026-09-18"",""run_id"":""0188dfb02f074d23b9f7ad74cb501bb5""}}"
290,290,"52.1297477 , -106.7654547","52.3267649 , -106.5684339",urban-urban,mixed,1246,"{""sample_routes"":{""date"":""2026-09-16"",""run_id"":""508ff160c4b34eb1b06636d11b6607d3""},""join_samples"":{""date"":""2026-09-18"",""run_id"":""80ea536a5f75448aab5bb9f230b0dcf8""},""upload_data"":{""date"":""2026-09-18"",""run_id"":""0188dfb02f074d23b9f7ad74cb501bb5""}}"
291,291,"52.1101193 , -106.6575504","52.286733000000005 , -106.83383300000001",urban-rural,mixed,1248,"{""sample_routes"":{""date"":""2026-09-16"",""run_id"":""508ff160c4b34eb1b06636d11b6607d3""},""join_samples"":{""date"":""2026-09-18"",""run_id"":""80ea536a5f75448aab5bb9f230b0dcf8""},""upload_data"":{""date"":""2026-09-18"",""run_id"":""0188dfb02f074d23b9f7ad74cb501bb5""}}"
292,292,"53.225378400000004 , -105.97954130000001","53.0954969 , -105.8494132",rural-rural,mixed,1248,"{""sample_routes"":{""date"":""2026-09-16"",""run_id"":""508ff160c4b34eb1b06636d11b6607d3""},""join_samples"":{""date"":""2026-09-18"",""run_id"":""80ea536a5f75448aab5bb9f230b0dcf8""},""upload_data"":{""date"":""2026-09-18"",""run_id"":""0188dfb02f074d23b9f7ad74cb501bb5""}}"
293,293,"51.998282800000005 , -106.875","52.1579935 , -106.7149878",rural-urban,mixed,1248,"{""sample_routes"":{""date"":""2026-09-16"",""run_id"":""508ff160c4b34eb1b06636d11b6607d3""},""join_samples"":{""date"":""2026-09-18"",""run_id"":""80ea536a5f75448aab5bb9f230b0dcf8""},""upload_data"":{""date"":""2026-09-18"",""run_id"":""0188dfb02f074d23b9f7ad74cb501bb5""}}"
294,294,"52.083796400000004 , -106.51673880000001","52.083559400000006 , -106.83967980000001",rural-rural,mixed,1152,"{""sample_routes"":{""date"":""2026-09-16"",""run_id"":""508ff160c4b34eb1b06636d11b6607d3""},""join_samples"":{""date"":""2026-09-18"",""run_id"":""80ea536a5f75448aab5bb9f230b0dcf8""},""upload_data"":{""date"":""2026-09-18"",""run_id"":""0188dfb02f074d23b9f7ad74cb501bb5""}}"
295,295,"50.481900200000005 , -104.4072345","50.482322700000005 , -104.7086809",urban-urban,mixed,1150,"{""sample_routes"":{""date"":""2026-09-16"",""run_id"":""508ff160c4b34eb1b06636d11b6607d3""},""join_samples"":{""date"":""2026-09-18"",""run_id"":""80ea536a5f75448aab5bb9f230b0dcf8""},""upload_data"":{""date"":""2026-09-18"",""run_id"":""0188dfb02f074d23b9f7ad74cb501bb5""}}"
296,296,"52.073456 , -106.6081709","52.246992500000005 , -106.60858730000001",urban-rural,mixed,1150,"{""sample_routes"":{""date"":""2026-09-16"",""run_id"":""508ff160c4b34eb1b06636d11b6607d3""},""join_samples"":{""date"":""2026-09-18"",""run_id"":""80ea536a5f75448aab5bb9f230b0dcf8""},""upload_data"":{""date"":""2026-09-18"",""run_id"":""0188dfb02f074d23b9f7ad74cb501bb5""}}"
297,297,"50.4300057 , -104.5383365","50.430482100000006 , -104.822044",urban-urban,mixed,1150,"{""sample_routes"":{""date"":""2026-09-16"",""run_id"":""508ff160c4b34eb1b06636d11b6607d3""},""join_samples"":{""date"":""2026-09-18"",""run_id"":""80ea536a5f75448aab5bb9f230b0dcf8""},""upload_data"":{""date"":""2026-09-18"",""run_id"":""0188dfb02f074d23b9f7ad74cb501bb5""}}"
298,298,"52.1023221 , -106.659485","51.9342532 , -106.49099860000001",urban-urban,mixed,1252,"{""sample_routes"":{""date"":""2026-09-16"",""run_id"":""508ff160c4b34eb1b06636d11b6607d3""},""join_samples"":{""date"":""2026-09-18"",""run_id"":""80ea536a5f75448aab5bb9f230b0dcf8""},""upload_data"":{""date"":""2026-09-18"",""run_id"":""0188dfb02f074d23b9f7ad74cb501bb5""}}"
299,299,"50.3519212 , -104.62112610000001","50.495075400000005 , -104.62111270000001",rural-urban,mixed,1252,"{""sample_routes"":{""date"":""2026-09-16"",""run_id"":""508ff160c4b34eb1b06636d11b6607d3""},""join_samples"":{""date"":""2026-09-18"",""run_id"":""80ea536a5f75448aab5bb9f230b0dcf8""},""upload_data"":{""date"":""2026-09-18"",""run_id"":""0188dfb02f074d23b9f7ad74cb501bb5""}}"
300,300,"52.289396 , -106.634658","52.1291395 , -106.7950737",urban-urban,mixed,1253,"{""sample_routes"":{""date"":""2026-09-16"",""run_id"":""508ff160c4b34eb1b06636d11b6607d3""},""join_samples"":{""date"":""2026-09-18"",""run_id"":""80ea536a5f75448aab5bb9f230b0dcf8""},""upload_data"":{""date"":""2026-09-18"",""run_id"":""0188dfb02f074d23b9f7ad74cb501bb5""}}"
301,301,"52.463889300000005 , -103.29260120000001","52.464205400000004 , -103.51094160000001",rural-rural,mixed,1254,"{""sample_routes"":{""date"":""2026-09-16"",""run_id"":""508ff160c4b34eb1b06636d11b6607d3""},""join_samples"":{""date"":""2026-09-18"",""run_id"":""80ea536a5f75448aab5bb9f230b0dcf8""},""upload_data"":{""date"":""2026-09-18"",""run_id"":""0188dfb02f074d23b9f7ad74cb501bb5""}}"
302,302,"52.2927899 , -106.63686410000001","52.1549473 , -106.63710300000001",urban-urban,mixed,1254,"{""sample_routes"":{""date"":""2026-09-16"",""run_id"":""508ff160c4b34eb1b06636d11b6607d3""},""join_samples"":{""date"":""2026-09-18"",""run_id"":""80ea536a5f75448aab5bb9f230b0dcf8""},""upload_data"":{""date"":""2026-09-18"",""run_id"":""0188dfb02f074d23b9f7ad74cb501bb5""}}"
303,303,"50.3117765 , -104.61800020000001","50.5460684 , -104.61831880000001",rural-rural,mixed,1255,"{""sample_routes"":{""date"":""2026-09-16"",""run_id"":""508ff160c4b34eb1b06636d11b6607d3""},""join_samples"":{""date"":""2026-09-18"",""run_id"":""80ea536a5f75448aab5bb9f230b0dcf8""},""upload_data"":{""date"":""2026-09-18"",""run_id"":""0188dfb02f074d23b9f7ad74cb501bb5""}}"
304,304,"50.396522000000004 , -104.64388100000001","50.396894 , -104.4117683",urban-urban,mixed,1145,"{""sample_routes"":{""date"":""2026-09-16"",""run_id"":""508ff160c4b34eb1b06636d11b6607d3""},""join_samples"":{""date"":""2026-09-18"",""run_id"":""80ea536a5f75448aab5bb9f230b0dcf8""},""upload_data"":{""date"":""2026-09-18"",""run_id"":""0188dfb02f074d23b9f7ad74cb501bb5""}}"
305,305,"52.082368900000006 , -106.36416000000001","52.082128600000004 , -106.69233790000001",urban-urban,mixed,1256,"{""sample_routes"":{""date"":""2026-09-16"",""run_id"":""508ff160c4b34eb1b06636d11b6607d3""},""join_samples"":{""date"":""2026-09-18"",""run_id"":""80ea536a5f75448aab5bb9f230b0dcf8""},""upload_data"":{""date"":""2026-09-18"",""run_id"":""0188dfb02f074d23b9f7ad74cb501bb5""}}"
306,306,"50.4790208 , -104.41516990000001","50.4790791 , -104.7002767",urban-urban,mixed,1256,"{""sample_routes"":{""date"":""2026-09-16"",""run_id"":""508ff160c4b34eb1b06636d11b6607d3""},""join_samples"":{""date"":""2026-09-18"",""run_id"":""80ea536a5f75448aab5bb9f230b0dcf8""},""upload_data"":{""date"":""2026-09-18"",""run_id"":""0188dfb02f074d23b9f7ad74cb501bb5""}}"
307,307,"52.122235 , -106.7551394","52.310191100000004 , -106.5672354",urban-rural,mixed,1257,"{""sample_routes"":{""date"":""2026-09-16"",""run_id"":""508ff160c4b34eb1b06636d11b6607d3""},""join_samples"":{""date"":""2026-09-18"",""run_id"":""80ea536a5f75448aab5bb9f230b0dcf8""},""upload_data"":{""date"":""2026-09-18"",""run_id"":""0188dfb02f074d23b9f7ad74cb501bb5""}}"
308,308,"53.6070177 , -105.9384038","53.607461300000004 , -105.90055210000001",urban-urban,mixed,1142,"{""sample_routes"":{""date"":""2026-09-16"",""run_id"":""508ff160c4b34eb1b06636d11b6607d3""},""join_samples"":{""date"":""2026-09-18"",""run_id"":""80ea536a5f75448aab5bb9f230b0dcf8""},""upload_data"":{""date"":""2026-09-18"",""run_id"":""0188dfb02f074d23b9f7ad74cb501bb5""}}"
309,309,"50.4317981 , -104.5385459","50.431544300000006 , -104.2742525",urban-rural,mixed,1142,"{""sample_routes"":{""date"":""2026-09-16"",""run_id"":""508ff160c4b34eb1b06636d11b6607d3""},""join_samples"":{""date"":""2026-09-18"",""run_id"":""80ea536a5f75448aab5bb9f230b0dcf8""},""upload_data"":{""date"":""2026-09-18"",""run_id"":""0188dfb02f074d23b9f7ad74cb501bb5""}}"
310,310,"50.606167600000006 , -102.5174504","50.605769800000004 , -102.77097260000001",rural-urban,mixed,1140,"{""sample_routes"":{""date"":""2026-09-16"",""run_id"":""508ff160c4b34eb1b06636d11b6607d3""},""join_samples"":{""date"":""2026-09-18"",""run_id"":""80ea536a5f75448aab5bb9f230b0dcf8""},""upload_data"":{""date"":""2026-09-18"",""run_id"":""0188dfb02f074d23b9f7ad74cb501bb5""}}"
311,311,"50.5989875 , -104.74879250000001","50.4256801 , -104.57514250000001",rural-urban,mixed,1139,"{""sample_routes"":{""date"":""2026-09-16"",""run_id"":""508ff160c4b34eb1b06636d11b6607d3""},""join_samples"":{""date"":""2026-09-18"",""run_id"":""80ea536a5f75448aab5bb9f230b0dcf8""},""upload_data"":{""date"":""2026-09-18"",""run_id"":""0188dfb02f074d23b9f7ad74cb501bb5""}}"
312,312,"50.4848556 , -104.72000100000001","50.4852101 , -104.3659506",rural-urban,mixed,1261,"{""sample_routes"":{""date"":""2026-09-16"",""run_id"":""508ff160c4b34eb1b06636d11b6607d3""},""join_samples"":{""date"":""2026-09-18"",""run_id"":""80ea536a5f75448aab5bb9f230b0dcf8""},""upload_data"":{""date"":""2026-09-18"",""run_id"":""0188dfb02f074d23b9f7ad74cb501bb5""}}"
313,313,"51.9691253 , -106.5542011","52.1869646 , -106.5545438",urban-rural,mixed,1261,"{""sample_routes"":{""date"":""2026-09-16"",""run_id"":""508ff160c4b34eb1b06636d11b6607d3""},""join_samples"":{""date"":""2026-09-18"",""run_id"":""80ea536a5f75448aab5bb9f230b0dcf8""},""upload_data"":{""date"":""2026-09-18"",""run_id"":""0188dfb02f074d23b9f7ad74cb501bb5""}}"
314,314,"52.129141000000004 , -106.75871040000001","52.3280442 , -106.55991",urban-rural,mixed,1262,"{""sample_routes"":{""date"":""2026-09-16"",""run_id"":""508ff160c4b34eb1b06636d11b6607d3""},""join_samples"":{""date"":""2026-09-18"",""run_id"":""80ea536a5f75448aab5bb9f230b0dcf8""},""upload_data"":{""date"":""2026-09-18"",""run_id"":""0188dfb02f074d23b9f7ad74cb501bb5""}}"
315,315,"53.608873 , -105.92407060000001","53.608920700000006 , -105.9013238",urban-urban,mixed,1135,"{""sample_routes"":{""date"":""2026-09-16"",""run_id"":""508ff160c4b34eb1b06636d11b6607d3""},""join_samples"":{""date"":""2026-09-18"",""run_id"":""80ea536a5f75448aab5bb9f230b0dcf8""},""upload_data"":{""date"":""2026-09-18"",""run_id"":""0188dfb02f074d23b9f7ad74cb501bb5""}}"
316,316,"55.233113200000005 , -105.29593770000001","55.0682606 , -105.2961891",rural-urban,mixed,1133,"{""sample_routes"":{""date"":""2026-09-16"",""run_id"":""508ff160c4b34eb1b06636d11b6607d3""},""join_samples"":{""date"":""2026-09-18"",""run_id"":""80ea536a5f75448aab5bb9f230b0dcf8""},""upload_data"":{""date"":""2026-09-18"",""run_id"":""0188dfb02f074d23b9f7ad74cb501bb5""}}"
317,317,"52.098854900000006 , -106.6696866","52.2889198 , -106.6701618",urban-urban,mixed,1132,"{""sample_routes"":{""date"":""2026-09-16"",""run_id"":""508ff160c4b34eb1b06636d11b6607d3""},""join_samples"":{""date"":""2026-09-18"",""run_id"":""80ea536a5f75448aab5bb9f230b0dcf8""},""upload_data"":{""date"":""2026-09-18"",""run_id"":""0188dfb02f074d23b9f7ad74cb501bb5""}}"
318,318,"53.4787496 , -107.06054680000001","53.5748599 , -107.15671090000001",rural-urban,mixed,1132,"{""sample_routes"":{""date"":""2026-09-16"",""run_id"":""508ff160c4b34eb1b06636d11b6607d3""},""join_samples"":{""date"":""2026-09-18"",""run_id"":""80ea536a5f75448aab5bb9f230b0dcf8""},""upload_data"":{""date"":""2026-09-18"",""run_id"":""0188dfb02f074d23b9f7ad74cb501bb5""}}"
319,319,"50.493064200000006 , -104.61423040000001","50.393617600000006 , -104.71349190000001",urban-rural,mixed,1132,"{""sample_routes"":{""date"":""2026-09-16"",""run_id"":""508ff160c4b34eb1b06636d11b6607d3""},""join_samples"":{""date"":""2026-09-18"",""run_id"":""80ea536a5f75448aab5bb9f230b0dcf8""},""upload_data"":{""date"":""2026-09-18"",""run_id"":""0188dfb02f074d23b9f7ad74cb501bb5""}}"
320,320,"55.0720041 , -105.2926197","55.2335907 , -105.29254460000001",urban-rural,mixed,1131,"{""sample_routes"":{""date"":""2026-09-16"",""run_id"":""508ff160c4b34eb1b06636d11b6607d3""},""join_samples"":{""date"":""2026-09-18"",""run_id"":""80ea536a5f75448aab5bb9f230b0dcf8""},""upload_data"":{""date"":""2026-09-18"",""run_id"":""0188dfb02f074d23b9f7ad74cb501bb5""}}"
321,321,"53.6527721 , -107.1735199","53.5625 , -107.0832987",urban-urban,mixed,1269,"{""sample_routes"":{""date"":""2026-09-16"",""run_id"":""508ff160c4b34eb1b06636d11b6607d3""},""join_samples"":{""date"":""2026-09-18"",""run_id"":""80ea536a5f75448aab5bb9f230b0dcf8""},""upload_data"":{""date"":""2026-09-18"",""run_id"":""0188dfb02f074d23b9f7ad74cb501bb5""}}"
322,322,"50.4707583 , -104.618031","50.334347 , -104.6177718",urban-rural,mixed,1129,"{""sample_routes"":{""date"":""2026-09-16"",""run_id"":""508ff160c4b34eb1b06636d11b6607d3""},""join_samples"":{""date"":""2026-09-18"",""run_id"":""80ea536a5f75448aab5bb9f230b0dcf8""},""upload_data"":{""date"":""2026-09-18"",""run_id"":""0188dfb02f074d23b9f7ad74cb501bb5""}}"
323,323,"52.139062100000004 , -106.4150767","52.138661500000005 , -106.7401585",rural-urban,mixed,1271,"{""sample_routes"":{""date"":""2026-09-16"",""run_id"":""508ff160c4b34eb1b06636d11b6607d3""},""join_samples"":{""date"":""2026-09-18"",""run_id"":""80ea536a5f75448aab5bb9f230b0dcf8""},""upload_data"":{""date"":""2026-09-18"",""run_id"":""0188dfb02f074d23b9f7ad74cb501bb5""}}"
324,324,"50.486396600000006 , -104.41688970000001","50.4860295 , -104.7246643",urban-rural,mixed,1275,"{""sample_routes"":{""date"":""2026-09-16"",""run_id"":""508ff160c4b34eb1b06636d11b6607d3""},""join_samples"":{""date"":""2026-09-18"",""run_id"":""80ea536a5f75448aab5bb9f230b0dcf8""},""upload_data"":{""date"":""2026-09-18"",""run_id"":""0188dfb02f074d23b9f7ad74cb501bb5""}}"
325,325,"50.4873403 , -104.41309170000001","50.487672 , -104.72343520000001",urban-rural,mixed,1278,"{""sample_routes"":{""date"":""2026-09-16"",""run_id"":""508ff160c4b34eb1b06636d11b6607d3""},""join_samples"":{""date"":""2026-09-18"",""run_id"":""80ea536a5f75448aab5bb9f230b0dcf8""},""upload_data"":{""date"":""2026-09-18"",""run_id"":""0188dfb02f074d23b9f7ad74cb501bb5""}}"
326,326,"51.9482742 , -106.53373450000001","52.143801800000006 , -106.5332827",urban-rural,mixed,1122,"{""sample_routes"":{""date"":""2026-09-16"",""run_id"":""508ff160c4b34eb1b06636d11b6607d3""},""join_samples"":{""date"":""2026-09-18"",""run_id"":""80ea536a5f75448aab5bb9f230b0dcf8""},""upload_data"":{""date"":""2026-09-18"",""run_id"":""0188dfb02f074d23b9f7ad74cb501bb5""}}"
327,327,"52.281707100000006 , -106.6630655","52.108265100000004 , -106.66304620000001",urban-urban,mixed,1278,"{""sample_routes"":{""date"":""2026-09-16"",""run_id"":""508ff160c4b34eb1b06636d11b6607d3""},""join_samples"":{""date"":""2026-09-18"",""run_id"":""80ea536a5f75448aab5bb9f230b0dcf8""},""upload_data"":{""date"":""2026-09-18"",""run_id"":""0188dfb02f074d23b9f7ad74cb501bb5""}}"
328,328,"52.118858200000005 , -106.65951100000001","52.2725446 , -106.81283880000001",urban-rural,mixed,1121,"{""sample_routes"":{""date"":""2026-09-16"",""run_id"":""508ff160c4b34eb1b06636d11b6607d3""},""join_samples"":{""date"":""2026-09-18"",""run_id"":""80ea536a5f75448aab5bb9f230b0dcf8""},""upload_data"":{""date"":""2026-09-18"",""run_id"":""0188dfb02f074d23b9f7ad74cb501bb5""}}"
329,329,"52.164521400000005 , -106.5710056","52.01400760000001 , -106.42095780000001",urban-urban,mixed,1280,"{""sample_routes"":{""date"":""2026-09-16"",""run_id"":""508ff160c4b34eb1b06636d11b6607d3""},""join_samples"":{""date"":""2026-09-18"",""run_id"":""80ea536a5f75448aab5bb9f230b0dcf8""},""upload_data"":{""date"":""2026-09-18"",""run_id"":""0188dfb02f074d23b9f7ad74cb501bb5""}}"
330,330,"52.0785253 , -106.6532442","51.9038412 , -106.4789853",urban-urban,mixed,1282,"{""sample_routes"":{""date"":""2026-09-16"",""run_id"":""508ff160c4b34eb1b06636d11b6607d3""},""join_samples"":{""date"":""2026-09-18"",""run_id"":""80ea536a5f75448aab5bb9f230b0dcf8""},""upload_data"":{""date"":""2026-09-18"",""run_id"":""0188dfb02f074d23b9f7ad74cb501bb5""}}"
331,331,"50.4812601 , -104.42055470000001","50.481101300000006 , -104.70360400000001",urban-urban,mixed,1118,"{""sample_routes"":{""date"":""2026-09-16"",""run_id"":""508ff160c4b34eb1b06636d11b6607d3""},""join_samples"":{""date"":""2026-09-18"",""run_id"":""80ea536a5f75448aab5bb9f230b0dcf8""},""upload_data"":{""date"":""2026-09-18"",""run_id"":""0188dfb02f074d23b9f7ad74cb501bb5""}}"
332,332,"50.4693793 , -104.6398666","50.4694702 , -104.42354180000001",urban-urban,mixed,1117,"{""sample_routes"":{""date"":""2026-09-16"",""run_id"":""508ff160c4b34eb1b06636d11b6607d3""},""join_samples"":{""date"":""2026-09-18"",""run_id"":""80ea536a5f75448aab5bb9f230b0dcf8""},""upload_data"":{""date"":""2026-09-18"",""run_id"":""0188dfb02f074d23b9f7ad74cb501bb5""}}"
333,333,"53.101139700000004 , -108.37087140000001","53.0367754 , -108.43550610000001",urban-urban,mixed,1283,"{""sample_routes"":{""date"":""2026-09-16"",""run_id"":""508ff160c4b34eb1b06636d11b6607d3""},""join_samples"":{""date"":""2026-09-18"",""run_id"":""80ea536a5f75448aab5bb9f230b0dcf8""},""upload_data"":{""date"":""2026-09-18"",""run_id"":""0188dfb02f074d23b9f7ad74cb501bb5""}}"
334,334,"52.3413757 , -106.78150330000001","52.192837100000006 , -106.6330365",urban-urban,mixed,1283,"{""sample_routes"":{""date"":""2026-09-16"",""run_id"":""508ff160c4b34eb1b06636d11b6607d3""},""join_samples"":{""date"":""2026-09-18"",""run_id"":""80ea536a5f75448aab5bb9f230b0dcf8""},""upload_data"":{""date"":""2026-09-18"",""run_id"":""0188dfb02f074d23b9f7ad74cb501bb5""}}"
335,335,"50.483950300000004 , -104.6204141","50.2195479 , -104.62047480000001",urban-rural,mixed,1284,"{""sample_routes"":{""date"":""2026-09-16"",""run_id"":""508ff160c4b34eb1b06636d11b6607d3""},""join_samples"":{""date"":""2026-09-18"",""run_id"":""80ea536a5f75448aab5bb9f230b0dcf8""},""upload_data"":{""date"":""2026-09-18"",""run_id"":""0188dfb02f074d23b9f7ad74cb501bb5""}}"
336,336,"53.200312100000005 , -105.7976946","53.200718 , -105.53201800000001",urban-rural,mixed,1115,"{""sample_routes"":{""date"":""2026-09-16"",""run_id"":""508ff160c4b34eb1b06636d11b6607d3""},""join_samples"":{""date"":""2026-09-18"",""run_id"":""80ea536a5f75448aab5bb9f230b0dcf8""},""upload_data"":{""date"":""2026-09-18"",""run_id"":""0188dfb02f074d23b9f7ad74cb501bb5""}}"
337,337,"50.492964300000004 , -102.6477607","50.620527800000005 , -102.77567470000001",rural-rural,mixed,1286,"{""sample_routes"":{""date"":""2026-09-16"",""run_id"":""508ff160c4b34eb1b06636d11b6607d3""},""join_samples"":{""date"":""2026-09-18"",""run_id"":""80ea536a5f75448aab5bb9f230b0dcf8""},""upload_data"":{""date"":""2026-09-18"",""run_id"":""0188dfb02f074d23b9f7ad74cb501bb5""}}"
338,338,"51.9385777 , -106.4941472","52.1442032 , -106.4945287",urban-rural,mixed,1286,"{""sample_routes"":{""date"":""2026-09-16"",""run_id"":""508ff160c4b34eb1b06636d11b6607d3""},""join_samples"":{""date"":""2026-09-18"",""run_id"":""80ea536a5f75448aab5bb9f230b0dcf8""},""upload_data"":{""date"":""2026-09-18"",""run_id"":""0188dfb02f074d23b9f7ad74cb501bb5""}}"
339,339,"50.449941700000004 , -104.7227855","50.4503544 , -104.5865057",rural-urban,mixed,1113,"{""sample_routes"":{""date"":""2026-09-16"",""run_id"":""508ff160c4b34eb1b06636d11b6607d3""},""join_samples"":{""date"":""2026-09-18"",""run_id"":""80ea536a5f75448aab5bb9f230b0dcf8""},""upload_data"":{""date"":""2026-09-18"",""run_id"":""0188dfb02f074d23b9f7ad74cb501bb5""}}"
340,340,"52.0757534 , -106.6148479","52.2258013 , -106.7653392",urban-rural,mixed,1112,"{""sample_routes"":{""date"":""2026-09-16"",""run_id"":""508ff160c4b34eb1b06636d11b6607d3""},""join_samples"":{""date"":""2026-09-18"",""run_id"":""80ea536a5f75448aab5bb9f230b0dcf8""},""upload_data"":{""date"":""2026-09-18"",""run_id"":""0188dfb02f074d23b9f7ad74cb501bb5""}}"
341,341,"51.9712529 , -106.6674969","52.116815800000005 , -106.667709",urban-urban,mixed,1111,"{""sample_routes"":{""date"":""2026-09-16"",""run_id"":""508ff160c4b34eb1b06636d11b6607d3""},""join_samples"":{""date"":""2026-09-18"",""run_id"":""80ea536a5f75448aab5bb9f230b0dcf8""},""upload_data"":{""date"":""2026-09-18"",""run_id"":""0188dfb02f074d23b9f7ad74cb501bb5""}}"
342,342,"52.1240911 , -106.75639330000001","52.3400289 , -106.54061970000001",urban-rural,mixed,1291,"{""sample_routes"":{""date"":""2026-09-16"",""run_id"":""508ff160c4b34eb1b06636d11b6607d3""},""join_samples"":{""date"":""2026-09-18"",""run_id"":""80ea536a5f75448aab5bb9f230b0dcf8""},""upload_data"":{""date"":""2026-09-18"",""run_id"":""0188dfb02f074d23b9f7ad74cb501bb5""}}"
343,343,"50.4800495 , -104.6919742","50.4803773 , -104.4048652",urban-urban,mixed,1109,"{""sample_routes"":{""date"":""2026-09-16"",""run_id"":""508ff160c4b34eb1b06636d11b6607d3""},""join_samples"":{""date"":""2026-09-18"",""run_id"":""80ea536a5f75448aab5bb9f230b0dcf8""},""upload_data"":{""date"":""2026-09-18"",""run_id"":""0188dfb02f074d23b9f7ad74cb501bb5""}}"
344,344,"52.300244500000005 , -106.65681860000001","52.128015700000006 , -106.6571681",urban-urban,mixed,1291,"{""sample_routes"":{""date"":""2026-09-16"",""run_id"":""508ff160c4b34eb1b06636d11b6607d3""},""join_samples"":{""date"":""2026-09-18"",""run_id"":""80ea536a5f75448aab5bb9f230b0dcf8""},""upload_data"":{""date"":""2026-09-18"",""run_id"":""0188dfb02f074d23b9f7ad74cb501bb5""}}"
345,345,"50.4802162 , -104.70243180000001","50.4800922 , -104.4159656",urban-urban,mixed,1108,"{""sample_routes"":{""date"":""2026-09-16"",""run_id"":""508ff160c4b34eb1b06636d11b6607d3""},""join_samples"":{""date"":""2026-09-18"",""run_id"":""80ea536a5f75448aab5bb9f230b0dcf8""},""upload_data"":{""date"":""2026-09-18"",""run_id"":""0188dfb02f074d23b9f7ad74cb501bb5""}}"
346,346,"52.241814000000005 , -106.76869970000001","52.108765500000004 , -106.63604830000001",rural-urban,mixed,1107,"{""sample_routes"":{""date"":""2026-09-16"",""run_id"":""508ff160c4b34eb1b06636d11b6607d3""},""join_samples"":{""date"":""2026-09-18"",""run_id"":""80ea536a5f75448aab5bb9f230b0dcf8""},""upload_data"":{""date"":""2026-09-18"",""run_id"":""0188dfb02f074d23b9f7ad74cb501bb5""}}"
347,347,"52.102827000000005 , -106.4383499","52.102970600000006 , -106.7083973",urban-urban,mixed,1107,"{""sample_routes"":{""date"":""2026-09-16"",""run_id"":""508ff160c4b34eb1b06636d11b6607d3""},""join_samples"":{""date"":""2026-09-18"",""run_id"":""80ea536a5f75448aab5bb9f230b0dcf8""},""upload_data"":{""date"":""2026-09-18"",""run_id"":""0188dfb02f074d23b9f7ad74cb501bb5""}}"
348,348,"53.0661379 , -105.7769164","53.2118625 , -105.6314519",rural-urban,mixed,1293,"{""sample_routes"":{""date"":""2026-09-16"",""run_id"":""508ff160c4b34eb1b06636d11b6607d3""},""join_samples"":{""date"":""2026-09-18"",""run_id"":""80ea536a5f75448aab5bb9f230b0dcf8""},""upload_data"":{""date"":""2026-09-18"",""run_id"":""0188dfb02f074d23b9f7ad74cb501bb5""}}"
349,349,"52.11722940000001 , -106.68435020000001","51.9417814 , -106.50842290000001",urban-urban,mixed,1293,"{""sample_routes"":{""date"":""2026-09-16"",""run_id"":""508ff160c4b34eb1b06636d11b6607d3""},""join_samples"":{""date"":""2026-09-18"",""run_id"":""80ea536a5f75448aab5bb9f230b0dcf8""},""upload_data"":{""date"":""2026-09-18"",""run_id"":""0188dfb02f074d23b9f7ad74cb501bb5""}}"
350,350,"50.442388 , -104.6015512","50.57164220000001 , -104.73065050000001",urban-rural,mixed,1105,"{""sample_routes"":{""date"":""2026-09-16"",""run_id"":""508ff160c4b34eb1b06636d11b6607d3""},""join_samples"":{""date"":""2026-09-18"",""run_id"":""80ea536a5f75448aab5bb9f230b0dcf8""},""upload_data"":{""date"":""2026-09-18"",""run_id"":""0188dfb02f074d23b9f7ad74cb501bb5""}}"
351,351,"52.1333719 , -106.57560400000001","52.30465160000001 , -106.575252",urban-rural,mixed,1296,"{""sample_routes"":{""date"":""2026-09-16"",""run_id"":""508ff160c4b34eb1b06636d11b6607d3""},""join_samples"":{""date"":""2026-09-18"",""run_id"":""80ea536a5f75448aab5bb9f230b0dcf8""},""upload_data"":{""date"":""2026-09-18"",""run_id"":""0188dfb02f074d23b9f7ad74cb501bb5""}}"
352,352,"52.29847650000001 , -106.651587","52.130434 , -106.65192490000001",urban-urban,mixed,1296,"{""sample_routes"":{""date"":""2026-09-16"",""run_id"":""508ff160c4b34eb1b06636d11b6607d3""},""join_samples"":{""date"":""2026-09-18"",""run_id"":""80ea536a5f75448aab5bb9f230b0dcf8""},""upload_data"":{""date"":""2026-09-18"",""run_id"":""0188dfb02f074d23b9f7ad74cb501bb5""}}"
353,353,"52.108730900000005 , -106.66775430000001","52.3184708 , -106.66741900000001",urban-rural,mixed,1297,"{""sample_routes"":{""date"":""2026-09-16"",""run_id"":""508ff160c4b34eb1b06636d11b6607d3""},""join_samples"":{""date"":""2026-09-18"",""run_id"":""80ea536a5f75448aab5bb9f230b0dcf8""},""upload_data"":{""date"":""2026-09-18"",""run_id"":""0188dfb02f074d23b9f7ad74cb501bb5""}}"
354,354,"51.906820100000004 , -106.5322052","52.0954702 , -106.5318283",urban-urban,mixed,1103,"{""sample_routes"":{""date"":""2026-09-16"",""run_id"":""508ff160c4b34eb1b06636d11b6607d3""},""join_samples"":{""date"":""2026-09-18"",""run_id"":""80ea536a5f75448aab5bb9f230b0dcf8""},""upload_data"":{""date"":""2026-09-18"",""run_id"":""0188dfb02f074d23b9f7ad74cb501bb5""}}"
355,355,"52.29251360000001 , -106.64006060000001","52.1291449 , -106.80305890000001",urban-rural,mixed,1298,"{""sample_routes"":{""date"":""2026-09-16"",""run_id"":""508ff160c4b34eb1b06636d11b6607d3""},""join_samples"":{""date"":""2026-09-18"",""run_id"":""80ea536a5f75448aab5bb9f230b0dcf8""},""upload_data"":{""date"":""2026-09-18"",""run_id"":""0188dfb02f074d23b9f7ad74cb501bb5""}}"
356,356,"50.6458243 , -104.79831680000001","50.4259855 , -104.57851690000001",rural-urban,mixed,1303,"{""sample_routes"":{""date"":""2026-09-16"",""run_id"":""508ff160c4b34eb1b06636d11b6607d3""},""join_samples"":{""date"":""2026-09-18"",""run_id"":""80ea536a5f75448aab5bb9f230b0dcf8""},""upload_data"":{""date"":""2026-09-18"",""run_id"":""0188dfb02f074d23b9f7ad74cb501bb5""}}"
357,357,"53.3837027 , -106.12563530000001","53.3839276 , -105.98638460000001",urban-urban,mixed,1097,"{""sample_routes"":{""date"":""2026-09-16"",""run_id"":""508ff160c4b34eb1b06636d11b6607d3""},""join_samples"":{""date"":""2026-09-18"",""run_id"":""80ea536a5f75448aab5bb9f230b0dcf8""},""upload_data"":{""date"":""2026-09-18"",""run_id"":""0188dfb02f074d23b9f7ad74cb501bb5""}}"
358,358,"52.7270175 , -108.3439117","52.8420847 , -108.229297",urban-rural,mixed,1096,"{""sample_routes"":{""date"":""2026-09-16"",""run_id"":""508ff160c4b34eb1b06636d11b6607d3""},""join_samples"":{""date"":""2026-09-18"",""run_id"":""80ea536a5f75448aab5bb9f230b0dcf8""},""upload_data"":{""date"":""2026-09-18"",""run_id"":""0188dfb02f074d23b9f7ad74cb501bb5""}}"
359,359,"50.467241200000004 , -104.6826513","50.466796200000005 , -104.4210888",urban-urban,mixed,1305,"{""sample_routes"":{""date"":""2026-09-16"",""run_id"":""508ff160c4b34eb1b06636d11b6607d3""},""join_samples"":{""date"":""2026-09-18"",""run_id"":""80ea536a5f75448aab5bb9f230b0dcf8""},""upload_data"":{""date"":""2026-09-18"",""run_id"":""0188dfb02f074d23b9f7ad74cb501bb5""}}"
360,360,"52.17948620000001 , -106.54330470000001","52.1790285 , -106.67123210000001",urban-rural,mixed,1094,"{""sample_routes"":{""date"":""2026-09-16"",""run_id"":""508ff160c4b34eb1b06636d11b6607d3""},""join_samples"":{""date"":""2026-09-18"",""run_id"":""80ea536a5f75448aab5bb9f230b0dcf8""},""upload_data"":{""date"":""2026-09-18"",""run_id"":""0188dfb02f074d23b9f7ad74cb501bb5""}}"
361,361,"52.088775600000005 , -106.45987450000001","52.189229700000006 , -106.5599078",urban-rural,mixed,1308,"{""sample_routes"":{""date"":""2026-09-16"",""run_id"":""508ff160c4b34eb1b06636d11b6607d3""},""join_samples"":{""date"":""2026-09-18"",""run_id"":""80ea536a5f75448aab5bb9f230b0dcf8""},""upload_data"":{""date"":""2026-09-18"",""run_id"":""0188dfb02f074d23b9f7ad74cb501bb5""}}"
362,362,"52.1166302 , -106.64649650000001","52.25 , -106.7794844",urban-rural,mixed,1091,"{""sample_routes"":{""date"":""2026-09-16"",""run_id"":""508ff160c4b34eb1b06636d11b6607d3""},""join_samples"":{""date"":""2026-09-18"",""run_id"":""80ea536a5f75448aab5bb9f230b0dcf8""},""upload_data"":{""date"":""2026-09-18"",""run_id"":""0188dfb02f074d23b9f7ad74cb501bb5""}}"
363,363,"51.965530400000006 , -106.4788956","52.125339800000006 , -106.6389261",urban-urban,mixed,1309,"{""sample_routes"":{""date"":""2026-09-16"",""run_id"":""508ff160c4b34eb1b06636d11b6607d3""},""join_samples"":{""date"":""2026-09-18"",""run_id"":""80ea536a5f75448aab5bb9f230b0dcf8""},""upload_data"":{""date"":""2026-09-18"",""run_id"":""0188dfb02f074d23b9f7ad74cb501bb5""}}"
364,364,"50.4816901 , -104.4184211","50.4819138 , -104.70875760000001",urban-urban,mixed,1090,"{""sample_routes"":{""date"":""2026-09-16"",""run_id"":""508ff160c4b34eb1b06636d11b6607d3""},""join_samples"":{""date"":""2026-09-18"",""run_id"":""80ea536a5f75448aab5bb9f230b0dcf8""},""upload_data"":{""date"":""2026-09-18"",""run_id"":""0188dfb02f074d23b9f7ad74cb501bb5""}}"
365,365,"53.2565004 , -105.75014970000001","53.117527100000004 , -105.611033",urban-rural,mixed,1089,"{""sample_routes"":{""date"":""2026-09-16"",""run_id"":""508ff160c4b34eb1b06636d11b6607d3""},""join_samples"":{""date"":""2026-09-18"",""run_id"":""80ea536a5f75448aab5bb9f230b0dcf8""},""upload_data"":{""date"":""2026-09-18"",""run_id"":""0188dfb02f074d23b9f7ad74cb501bb5""}}"
366,366,"51.923348000000004 , -106.54034080000001","52.1230072 , -106.53996140000001",urban-urban,mixed,1313,"{""sample_routes"":{""date"":""2026-09-16"",""run_id"":""508ff160c4b34eb1b06636d11b6607d3""},""join_samples"":{""date"":""2026-09-18"",""run_id"":""80ea536a5f75448aab5bb9f230b0dcf8""},""upload_data"":{""date"":""2026-09-18"",""run_id"":""0188dfb02f074d23b9f7ad74cb501bb5""}}"
367,367,"52.133011800000006 , -106.7272291","51.9098331 , -106.50413200000001",urban-urban,mixed,1314,"{""sample_routes"":{""date"":""2026-09-16"",""run_id"":""508ff160c4b34eb1b06636d11b6607d3""},""join_samples"":{""date"":""2026-09-18"",""run_id"":""80ea536a5f75448aab5bb9f230b0dcf8""},""upload_data"":{""date"":""2026-09-18"",""run_id"":""0188dfb02f074d23b9f7ad74cb501bb5""}}"
368,368,"52.120219000000006 , -106.6610962","52.301804700000005 , -106.6609377",urban-urban,mixed,1314,"{""sample_routes"":{""date"":""2026-09-16"",""run_id"":""508ff160c4b34eb1b06636d11b6607d3""},""join_samples"":{""date"":""2026-09-18"",""run_id"":""80ea536a5f75448aab5bb9f230b0dcf8""},""upload_data"":{""date"":""2026-09-18"",""run_id"":""0188dfb02f074d23b9f7ad74cb501bb5""}}"
369,369,"51.958284000000006 , -106.5181793","52.129132500000004 , -106.68879270000001",urban-urban,mixed,1315,"{""sample_routes"":{""date"":""2026-09-16"",""run_id"":""508ff160c4b34eb1b06636d11b6607d3""},""join_samples"":{""date"":""2026-09-18"",""run_id"":""80ea536a5f75448aab5bb9f230b0dcf8""},""upload_data"":{""date"":""2026-09-18"",""run_id"":""0188dfb02f074d23b9f7ad74cb501bb5""}}"
370,370,"52.1730194 , -106.6328905","52.1728808 , -106.4323961",urban-rural,mixed,1084,"{""sample_routes"":{""date"":""2026-09-16"",""run_id"":""508ff160c4b34eb1b06636d11b6607d3""},""join_samples"":{""date"":""2026-09-18"",""run_id"":""80ea536a5f75448aab5bb9f230b0dcf8""},""upload_data"":{""date"":""2026-09-18"",""run_id"":""0188dfb02f074d23b9f7ad74cb501bb5""}}"
371,371,"52.098865700000005 , -106.77261560000001","52.277439900000005 , -106.593889",urban-rural,mixed,1317,"{""sample_routes"":{""date"":""2026-09-16"",""run_id"":""508ff160c4b34eb1b06636d11b6607d3""},""join_samples"":{""date"":""2026-09-18"",""run_id"":""80ea536a5f75448aab5bb9f230b0dcf8""},""upload_data"":{""date"":""2026-09-18"",""run_id"":""0188dfb02f074d23b9f7ad74cb501bb5""}}"
372,372,"51.883717000000004 , -106.51318300000001","52.0999587 , -106.7292333",rural-urban,mixed,1317,"{""sample_routes"":{""date"":""2026-09-16"",""run_id"":""508ff160c4b34eb1b06636d11b6607d3""},""join_samples"":{""date"":""2026-09-18"",""run_id"":""80ea536a5f75448aab5bb9f230b0dcf8""},""upload_data"":{""date"":""2026-09-18"",""run_id"":""0188dfb02f074d23b9f7ad74cb501bb5""}}"
373,373,"52.1261938 , -106.68307320000001","51.943706000000006 , -106.5002012",urban-urban,mixed,1318,"{""sample_routes"":{""date"":""2026-09-16"",""run_id"":""508ff160c4b34eb1b06636d11b6607d3""},""join_samples"":{""date"":""2026-09-18"",""run_id"":""80ea536a5f75448aab5bb9f230b0dcf8""},""upload_data"":{""date"":""2026-09-18"",""run_id"":""0188dfb02f074d23b9f7ad74cb501bb5""}}"
374,374,"53.2489009 , -109.99647010000001","53.424367100000005 , -109.99657760000001",urban-rural,mixed,1082,"{""sample_routes"":{""date"":""2026-09-16"",""run_id"":""508ff160c4b34eb1b06636d11b6607d3""},""join_samples"":{""date"":""2026-09-18"",""run_id"":""80ea536a5f75448aab5bb9f230b0dcf8""},""upload_data"":{""date"":""2026-09-18"",""run_id"":""0188dfb02f074d23b9f7ad74cb501bb5""}}"
375,375,"52.3319824 , -106.5964794","52.210489200000005 , -106.7182935",rural-urban,mixed,1082,"{""sample_routes"":{""date"":""2026-09-16"",""run_id"":""508ff160c4b34eb1b06636d11b6607d3""},""join_samples"":{""date"":""2026-09-18"",""run_id"":""80ea536a5f75448aab5bb9f230b0dcf8""},""upload_data"":{""date"":""2026-09-18"",""run_id"":""0188dfb02f074d23b9f7ad74cb501bb5""}}"
376,376,"52.098915500000004 , -106.62284550000001","51.959836900000006 , -106.484177",urban-urban,mixed,1080,"{""sample_routes"":{""date"":""2026-09-16"",""run_id"":""508ff160c4b34eb1b06636d11b6607d3""},""join_samples"":{""date"":""2026-09-18"",""run_id"":""80ea536a5f75448aab5bb9f230b0dcf8""},""upload_data"":{""date"":""2026-09-18"",""run_id"":""0188dfb02f074d23b9f7ad74cb501bb5""}}"
377,377,"51.9415222 , -106.5517865","52.154220800000004 , -106.5522222",urban-urban,mixed,1320,"{""sample_routes"":{""date"":""2026-09-16"",""run_id"":""508ff160c4b34eb1b06636d11b6607d3""},""join_samples"":{""date"":""2026-09-18"",""run_id"":""80ea536a5f75448aab5bb9f230b0dcf8""},""upload_data"":{""date"":""2026-09-18"",""run_id"":""0188dfb02f074d23b9f7ad74cb501bb5""}}"
378,378,"51.993602200000005 , -106.8132159","52.173814300000004 , -106.6328945",rural-urban,mixed,1321,"{""sample_routes"":{""date"":""2026-09-16"",""run_id"":""508ff160c4b34eb1b06636d11b6607d3""},""join_samples"":{""date"":""2026-09-18"",""run_id"":""80ea536a5f75448aab5bb9f230b0dcf8""},""upload_data"":{""date"":""2026-09-18"",""run_id"":""0188dfb02f074d23b9f7ad74cb501bb5""}}"
379,379,"53.1033489 , -109.9963563","53.3269524 , -109.9962117",rural-urban,mixed,1321,"{""sample_routes"":{""date"":""2026-09-16"",""run_id"":""508ff160c4b34eb1b06636d11b6607d3""},""join_samples"":{""date"":""2026-09-18"",""run_id"":""80ea536a5f75448aab5bb9f230b0dcf8""},""upload_data"":{""date"":""2026-09-18"",""run_id"":""0188dfb02f074d23b9f7ad74cb501bb5""}}"
380,380,"50.8292012 , -103.8982574","50.732474 , -103.9953954",urban-urban,mixed,1321,"{""sample_routes"":{""date"":""2026-09-16"",""run_id"":""508ff160c4b34eb1b06636d11b6607d3""},""join_samples"":{""date"":""2026-09-18"",""run_id"":""80ea536a5f75448aab5bb9f230b0dcf8""},""upload_data"":{""date"":""2026-09-18"",""run_id"":""0188dfb02f074d23b9f7ad74cb501bb5""}}"
381,381,"52.1757312 , -106.5559482","51.943214000000005 , -106.5554941",urban-urban,mixed,1322,"{""sample_routes"":{""date"":""2026-09-16"",""run_id"":""508ff160c4b34eb1b06636d11b6607d3""},""join_samples"":{""date"":""2026-09-18"",""run_id"":""80ea536a5f75448aab5bb9f230b0dcf8""},""upload_data"":{""date"":""2026-09-18"",""run_id"":""0188dfb02f074d23b9f7ad74cb501bb5""}}"
382,382,"51.942133600000005 , -106.5500286","52.1348076 , -106.74306200000001",urban-urban,mixed,1324,"{""sample_routes"":{""date"":""2026-09-16"",""run_id"":""508ff160c4b34eb1b06636d11b6607d3""},""join_samples"":{""date"":""2026-09-18"",""run_id"":""80ea536a5f75448aab5bb9f230b0dcf8""},""upload_data"":{""date"":""2026-09-18"",""run_id"":""0188dfb02f074d23b9f7ad74cb501bb5""}}"
383,383,"52.0974244 , -106.45796390000001","52.186156000000004 , -106.5467029",urban-urban,mixed,1324,"{""sample_routes"":{""date"":""2026-09-16"",""run_id"":""508ff160c4b34eb1b06636d11b6607d3""},""join_samples"":{""date"":""2026-09-18"",""run_id"":""80ea536a5f75448aab5bb9f230b0dcf8""},""upload_data"":{""date"":""2026-09-18"",""run_id"":""0188dfb02f074d23b9f7ad74cb501bb5""}}"
384,384,"52.0949893 , -106.65604970000001","52.2949592 , -106.65633720000001",urban-urban,mixed,1324,"{""sample_routes"":{""date"":""2026-09-16"",""run_id"":""508ff160c4b34eb1b06636d11b6607d3""},""join_samples"":{""date"":""2026-09-18"",""run_id"":""80ea536a5f75448aab5bb9f230b0dcf8""},""upload_data"":{""date"":""2026-09-18"",""run_id"":""0188dfb02f074d23b9f7ad74cb501bb5""}}"
385,385,"50.4577947 , -104.40374150000001","50.4579819 , -104.6553583",urban-urban,mixed,1325,"{""sample_routes"":{""date"":""2026-09-16"",""run_id"":""508ff160c4b34eb1b06636d11b6607d3""},""join_samples"":{""date"":""2026-09-18"",""run_id"":""80ea536a5f75448aab5bb9f230b0dcf8""},""upload_data"":{""date"":""2026-09-18"",""run_id"":""0188dfb02f074d23b9f7ad74cb501bb5""}}"
386,386,"53.2130565 , -105.870987","53.2126135 , -105.6372731",urban-urban,mixed,1075,"{""sample_routes"":{""date"":""2026-09-16"",""run_id"":""508ff160c4b34eb1b06636d11b6607d3""},""join_samples"":{""date"":""2026-09-18"",""run_id"":""80ea536a5f75448aab5bb9f230b0dcf8""},""upload_data"":{""date"":""2026-09-18"",""run_id"":""0188dfb02f074d23b9f7ad74cb501bb5""}}"
387,387,"52.123695600000005 , -106.7545692","52.33453110000001 , -106.54406270000001",urban-rural,mixed,1326,"{""sample_routes"":{""date"":""2026-09-16"",""run_id"":""508ff160c4b34eb1b06636d11b6607d3""},""join_samples"":{""date"":""2026-09-18"",""run_id"":""80ea536a5f75448aab5bb9f230b0dcf8""},""upload_data"":{""date"":""2026-09-18"",""run_id"":""0188dfb02f074d23b9f7ad74cb501bb5""}}"
388,388,"51.9434077 , -106.53375740000001","52.1441986 , -106.5338809",urban-rural,mixed,1073,"{""sample_routes"":{""date"":""2026-09-16"",""run_id"":""508ff160c4b34eb1b06636d11b6607d3""},""join_samples"":{""date"":""2026-09-18"",""run_id"":""80ea536a5f75448aab5bb9f230b0dcf8""},""upload_data"":{""date"":""2026-09-18"",""run_id"":""0188dfb02f074d23b9f7ad74cb501bb5""}}"
389,389,"50.4745811 , -104.2877112","50.4745994 , -104.58362500000001",rural-urban,mixed,1073,"{""sample_routes"":{""date"":""2026-09-16"",""run_id"":""508ff160c4b34eb1b06636d11b6607d3""},""join_samples"":{""date"":""2026-09-18"",""run_id"":""80ea536a5f75448aab5bb9f230b0dcf8""},""upload_data"":{""date"":""2026-09-18"",""run_id"":""0188dfb02f074d23b9f7ad74cb501bb5""}}"
390,390,"52.2808914 , -106.66692830000001","52.166120600000006 , -106.5522035",urban-urban,mixed,1329,"{""sample_routes"":{""date"":""2026-09-16"",""run_id"":""508ff160c4b34eb1b06636d11b6607d3""},""join_samples"":{""date"":""2026-09-18"",""run_id"":""80ea536a5f75448aab5bb9f230b0dcf8""},""upload_data"":{""date"":""2026-09-18"",""run_id"":""0188dfb02f074d23b9f7ad74cb501bb5""}}"
391,391,"51.909318500000005 , -106.479696","52.1059211 , -106.67589880000001",urban-urban,mixed,1329,"{""sample_routes"":{""date"":""2026-09-16"",""run_id"":""508ff160c4b34eb1b06636d11b6607d3""},""join_samples"":{""date"":""2026-09-18"",""run_id"":""80ea536a5f75448aab5bb9f230b0dcf8""},""upload_data"":{""date"":""2026-09-18"",""run_id"":""0188dfb02f074d23b9f7ad74cb501bb5""}}"
392,392,"52.1147129 , -106.62721280000001","52.252321900000005 , -106.7651388",urban-rural,mixed,1069,"{""sample_routes"":{""date"":""2026-09-16"",""run_id"":""508ff160c4b34eb1b06636d11b6607d3""},""join_samples"":{""date"":""2026-09-18"",""run_id"":""80ea536a5f75448aab5bb9f230b0dcf8""},""upload_data"":{""date"":""2026-09-18"",""run_id"":""0188dfb02f074d23b9f7ad74cb501bb5""}}"
393,393,"51.9048103 , -106.52424180000001","52.119964700000004 , -106.73896690000001",urban-urban,mixed,1331,"{""sample_routes"":{""date"":""2026-09-16"",""run_id"":""508ff160c4b34eb1b06636d11b6607d3""},""join_samples"":{""date"":""2026-09-18"",""run_id"":""80ea536a5f75448aab5bb9f230b0dcf8""},""upload_data"":{""date"":""2026-09-18"",""run_id"":""0188dfb02f074d23b9f7ad74cb501bb5""}}"
394,394,"50.630233200000006 , -104.4314911","50.447251400000006 , -104.4312802",rural-urban,mixed,1332,"{""sample_routes"":{""date"":""2026-09-16"",""run_id"":""508ff160c4b34eb1b06636d11b6607d3""},""join_samples"":{""date"":""2026-09-18"",""run_id"":""80ea536a5f75448aab5bb9f230b0dcf8""},""upload_data"":{""date"":""2026-09-18"",""run_id"":""0188dfb02f074d23b9f7ad74cb501bb5""}}"
395,395,"51.943706000000006 , -106.5002012","52.167526 , -106.5",urban-rural,mixed,1332,"{""sample_routes"":{""date"":""2026-09-16"",""run_id"":""508ff160c4b34eb1b06636d11b6607d3""},""join_samples"":{""date"":""2026-09-18"",""run_id"":""80ea536a5f75448aab5bb9f230b0dcf8""},""upload_data"":{""date"":""2026-09-18"",""run_id"":""0188dfb02f074d23b9f7ad74cb501bb5""}}"
396,396,"52.3225874 , -106.5890739","52.1458244 , -106.76561450000001",urban-urban,mixed,1333,"{""sample_routes"":{""date"":""2026-09-16"",""run_id"":""508ff160c4b34eb1b06636d11b6607d3""},""join_samples"":{""date"":""2026-09-18"",""run_id"":""80ea536a5f75448aab5bb9f230b0dcf8""},""upload_data"":{""date"":""2026-09-18"",""run_id"":""0188dfb02f074d23b9f7ad74cb501bb5""}}"
397,397,"50.480000700000005 , -104.2885076","50.4796671 , -104.6793258",rural-urban,mixed,1335,"{""sample_routes"":{""date"":""2026-09-16"",""run_id"":""508ff160c4b34eb1b06636d11b6607d3""},""join_samples"":{""date"":""2026-09-18"",""run_id"":""80ea536a5f75448aab5bb9f230b0dcf8""},""upload_data"":{""date"":""2026-09-18"",""run_id"":""0188dfb02f074d23b9f7ad74cb501bb5""}}"
398,398,"50.485262600000006 , -104.2727935","50.485067300000004 , -104.6640536",urban-urban,mixed,1335,"{""sample_routes"":{""date"":""2026-09-16"",""run_id"":""508ff160c4b34eb1b06636d11b6607d3""},""join_samples"":{""date"":""2026-09-18"",""run_id"":""80ea536a5f75448aab5bb9f230b0dcf8""},""upload_data"":{""date"":""2026-09-18"",""run_id"":""0188dfb02f074d23b9f7ad74cb501bb5""}}"
399,399,"50.806854200000004 , -103.5476237","50.8070206 , -103.9284762",urban-rural,mixed,1337,"{""sample_routes"":{""date"":""2026-09-16"",""run_id"":""508ff160c4b34eb1b06636d11b6607d3""},""join_samples"":{""date"":""2026-09-18"",""run_id"":""80ea536a5f75448aab5bb9f230b0dcf8""},""upload_data"":{""date"":""2026-09-18"",""run_id"":""0188dfb02f074d23b9f7ad74cb501bb5""}}"
400,400,"52.0754327 , -106.61370280000001","52.24122860000001 , -106.6134619",urban-rural,mixed,1062,"{""sample_routes"":{""date"":""2026-09-16"",""run_id"":""508ff160c4b34eb1b06636d11b6607d3""},""join_samples"":{""date"":""2026-09-18"",""run_id"":""80ea536a5f75448aab5bb9f230b0dcf8""},""upload_data"":{""date"":""2026-09-18"",""run_id"":""0188dfb02f074d23b9f7ad74cb501bb5""}}"
401,401,"50.5994029 , -104.7510563","50.433751400000006 , -104.58569220000001",rural-urban,mixed,1061,"{""sample_routes"":{""date"":""2026-09-16"",""run_id"":""508ff160c4b34eb1b06636d11b6607d3""},""join_samples"":{""date"":""2026-09-18"",""run_id"":""80ea536a5f75448aab5bb9f230b0dcf8""},""upload_data"":{""date"":""2026-09-18"",""run_id"":""0188dfb02f074d23b9f7ad74cb501bb5""}}"
402,402,"52.129251000000004 , -106.75353630000001","51.9084912 , -106.53303700000001",urban-urban,mixed,1339,"{""sample_routes"":{""date"":""2026-09-16"",""run_id"":""508ff160c4b34eb1b06636d11b6607d3""},""join_samples"":{""date"":""2026-09-18"",""run_id"":""80ea536a5f75448aab5bb9f230b0dcf8""},""upload_data"":{""date"":""2026-09-18"",""run_id"":""0188dfb02f074d23b9f7ad74cb501bb5""}}"
403,403,"52.317499700000006 , -106.58217540000001","52.148302 , -106.75126730000001",urban-urban,mixed,1340,"{""sample_routes"":{""date"":""2026-09-16"",""run_id"":""508ff160c4b34eb1b06636d11b6607d3""},""join_samples"":{""date"":""2026-09-18"",""run_id"":""80ea536a5f75448aab5bb9f230b0dcf8""},""upload_data"":{""date"":""2026-09-18"",""run_id"":""0188dfb02f074d23b9f7ad74cb501bb5""}}"
404,404,"51.985470600000006 , -106.51850490000001","52.1433873 , -106.6768921",urban-urban,mixed,1340,"{""sample_routes"":{""date"":""2026-09-16"",""run_id"":""508ff160c4b34eb1b06636d11b6607d3""},""join_samples"":{""date"":""2026-09-18"",""run_id"":""80ea536a5f75448aab5bb9f230b0dcf8""},""upload_data"":{""date"":""2026-09-18"",""run_id"":""0188dfb02f074d23b9f7ad74cb501bb5""}}"
405,405,"51.949322300000006 , -106.48175060000001","52.111032200000004 , -106.6438574",urban-urban,mixed,1341,"{""sample_routes"":{""date"":""2026-09-16"",""run_id"":""508ff160c4b34eb1b06636d11b6607d3""},""join_samples"":{""date"":""2026-09-18"",""run_id"":""80ea536a5f75448aab5bb9f230b0dcf8""},""upload_data"":{""date"":""2026-09-18"",""run_id"":""0188dfb02f074d23b9f7ad74cb501bb5""}}"
406,406,"52.288363000000004 , -106.65634610000001","52.17720550000001 , -106.5448899",urban-urban,mixed,1343,"{""sample_routes"":{""date"":""2026-09-16"",""run_id"":""508ff160c4b34eb1b06636d11b6607d3""},""join_samples"":{""date"":""2026-09-18"",""run_id"":""80ea536a5f75448aab5bb9f230b0dcf8""},""upload_data"":{""date"":""2026-09-18"",""run_id"":""0188dfb02f074d23b9f7ad74cb501bb5""}}"
407,407,"50.4567339 , -104.62034290000001","50.3690311 , -104.7081426",urban-rural,mixed,1056,"{""sample_routes"":{""date"":""2026-09-16"",""run_id"":""508ff160c4b34eb1b06636d11b6607d3""},""join_samples"":{""date"":""2026-09-18"",""run_id"":""80ea536a5f75448aab5bb9f230b0dcf8""},""upload_data"":{""date"":""2026-09-18"",""run_id"":""0188dfb02f074d23b9f7ad74cb501bb5""}}"
408,408,"52.3103156 , -106.58194780000001","52.1392735 , -106.7526514",urban-urban,mixed,1344,"{""sample_routes"":{""date"":""2026-09-16"",""run_id"":""508ff160c4b34eb1b06636d11b6607d3""},""join_samples"":{""date"":""2026-09-18"",""run_id"":""80ea536a5f75448aab5bb9f230b0dcf8""},""upload_data"":{""date"":""2026-09-18"",""run_id"":""0188dfb02f074d23b9f7ad74cb501bb5""}}"
409,409,"52.128187800000006 , -106.5846573","52.3159829 , -106.5849081",urban-urban,mixed,1344,"{""sample_routes"":{""date"":""2026-09-16"",""run_id"":""508ff160c4b34eb1b06636d11b6607d3""},""join_samples"":{""date"":""2026-09-18"",""run_id"":""80ea536a5f75448aab5bb9f230b0dcf8""},""upload_data"":{""date"":""2026-09-18"",""run_id"":""0188dfb02f074d23b9f7ad74cb501bb5""}}"
410,410,"52.2888796 , -106.6476171","52.1188197 , -106.6474472",urban-urban,mixed,1346,"{""sample_routes"":{""date"":""2026-09-16"",""run_id"":""508ff160c4b34eb1b06636d11b6607d3""},""join_samples"":{""date"":""2026-09-18"",""run_id"":""80ea536a5f75448aab5bb9f230b0dcf8""},""upload_data"":{""date"":""2026-09-18"",""run_id"":""0188dfb02f074d23b9f7ad74cb501bb5""}}"
411,411,"52.3449539 , -106.9385608","52.1394905 , -106.7331503",rural-urban,mixed,1346,"{""sample_routes"":{""date"":""2026-09-16"",""run_id"":""508ff160c4b34eb1b06636d11b6607d3""},""join_samples"":{""date"":""2026-09-18"",""run_id"":""80ea536a5f75448aab5bb9f230b0dcf8""},""upload_data"":{""date"":""2026-09-18"",""run_id"":""0188dfb02f074d23b9f7ad74cb501bb5""}}"
412,412,"52.13614320000001 , -106.76230500000001","52.327995400000006 , -106.57054280000001",urban-urban,mixed,1346,"{""sample_routes"":{""date"":""2026-09-16"",""run_id"":""508ff160c4b34eb1b06636d11b6607d3""},""join_samples"":{""date"":""2026-09-18"",""run_id"":""80ea536a5f75448aab5bb9f230b0dcf8""},""upload_data"":{""date"":""2026-09-18"",""run_id"":""0188dfb02f074d23b9f7ad74cb501bb5""}}"
413,413,"52.3154644 , -106.57209320000001","52.143024000000004 , -106.5725043",urban-urban,mixed,1347,"{""sample_routes"":{""date"":""2026-09-16"",""run_id"":""508ff160c4b34eb1b06636d11b6607d3""},""join_samples"":{""date"":""2026-09-18"",""run_id"":""80ea536a5f75448aab5bb9f230b0dcf8""},""upload_data"":{""date"":""2026-09-18"",""run_id"":""0188dfb02f074d23b9f7ad74cb501bb5""}}"
414,414,"51.910968100000005 , -106.53143320000001","52.089992200000005 , -106.53129700000001",urban-urban,mixed,1052,"{""sample_routes"":{""date"":""2026-09-16"",""run_id"":""508ff160c4b34eb1b06636d11b6607d3""},""join_samples"":{""date"":""2026-09-18"",""run_id"":""80ea536a5f75448aab5bb9f230b0dcf8""},""upload_data"":{""date"":""2026-09-18"",""run_id"":""0188dfb02f074d23b9f7ad74cb501bb5""}}"
415,415,"53.2032311 , -105.759904","53.2036388 , -105.5389327",urban-rural,mixed,1052,"{""sample_routes"":{""date"":""2026-09-16"",""run_id"":""508ff160c4b34eb1b06636d11b6607d3""},""join_samples"":{""date"":""2026-09-18"",""run_id"":""80ea536a5f75448aab5bb9f230b0dcf8""},""upload_data"":{""date"":""2026-09-18"",""run_id"":""0188dfb02f074d23b9f7ad74cb501bb5""}}"
416,416,"51.302508 , -102.3740274","51.202611000000005 , -102.4743473",urban-urban,mixed,1052,"{""sample_routes"":{""date"":""2026-09-16"",""run_id"":""508ff160c4b34eb1b06636d11b6607d3""},""join_samples"":{""date"":""2026-09-18"",""run_id"":""80ea536a5f75448aab5bb9f230b0dcf8""},""upload_data"":{""date"":""2026-09-18"",""run_id"":""0188dfb02f074d23b9f7ad74cb501bb5""}}"
417,417,"52.1019682 , -106.646521","52.28532920000001 , -106.6469907",urban-urban,mixed,1349,"{""sample_routes"":{""date"":""2026-09-16"",""run_id"":""508ff160c4b34eb1b06636d11b6607d3""},""join_samples"":{""date"":""2026-09-18"",""run_id"":""80ea536a5f75448aab5bb9f230b0dcf8""},""upload_data"":{""date"":""2026-09-18"",""run_id"":""0188dfb02f074d23b9f7ad74cb501bb5""}}"
418,418,"52.2797184 , -106.6713419","52.115740200000005 , -106.67149640000001",rural-urban,mixed,1349,"{""sample_routes"":{""date"":""2026-09-16"",""run_id"":""508ff160c4b34eb1b06636d11b6607d3""},""join_samples"":{""date"":""2026-09-18"",""run_id"":""80ea536a5f75448aab5bb9f230b0dcf8""},""upload_data"":{""date"":""2026-09-18"",""run_id"":""0188dfb02f074d23b9f7ad74cb501bb5""}}"
419,419,"50.357558000000004 , -104.6922919","50.499948800000006 , -104.5496181",rural-urban,mixed,1050,"{""sample_routes"":{""date"":""2026-09-16"",""run_id"":""508ff160c4b34eb1b06636d11b6607d3""},""join_samples"":{""date"":""2026-09-18"",""run_id"":""80ea536a5f75448aab5bb9f230b0dcf8""},""upload_data"":{""date"":""2026-09-18"",""run_id"":""0188dfb02f074d23b9f7ad74cb501bb5""}}"
420,420,"52.2880217 , -106.649838","52.1178138 , -106.6493945",urban-urban,mixed,1350,"{""sample_routes"":{""date"":""2026-09-16"",""run_id"":""508ff160c4b34eb1b06636d11b6607d3""},""join_samples"":{""date"":""2026-09-18"",""run_id"":""80ea536a5f75448aab5bb9f230b0dcf8""},""upload_data"":{""date"":""2026-09-18"",""run_id"":""0188dfb02f074d23b9f7ad74cb501bb5""}}"
421,421,"52.2800907 , -106.65933000000001","52.174359200000005 , -106.55378660000001",urban-urban,mixed,1350,"{""sample_routes"":{""date"":""2026-09-16"",""run_id"":""508ff160c4b34eb1b06636d11b6607d3""},""join_samples"":{""date"":""2026-09-18"",""run_id"":""80ea536a5f75448aab5bb9f230b0dcf8""},""upload_data"":{""date"":""2026-09-18"",""run_id"":""0188dfb02f074d23b9f7ad74cb501bb5""}}"
422,422,"52.345579400000005 , -106.9376531","52.1386565 , -106.731081",rural-urban,mixed,1350,"{""sample_routes"":{""date"":""2026-09-16"",""run_id"":""508ff160c4b34eb1b06636d11b6607d3""},""join_samples"":{""date"":""2026-09-18"",""run_id"":""80ea536a5f75448aab5bb9f230b0dcf8""},""upload_data"":{""date"":""2026-09-18"",""run_id"":""0188dfb02f074d23b9f7ad74cb501bb5""}}"
423,423,"52.156159300000006 , -106.7145845","52.016167 , -106.574983",urban-rural,mixed,1050,"{""sample_routes"":{""date"":""2026-09-16"",""run_id"":""508ff160c4b34eb1b06636d11b6607d3""},""join_samples"":{""date"":""2026-09-18"",""run_id"":""80ea536a5f75448aab5bb9f230b0dcf8""},""upload_data"":{""date"":""2026-09-18"",""run_id"":""0188dfb02f074d23b9f7ad74cb501bb5""}}"
424,424,"52.285416100000006 , -106.6530115","52.117810500000004 , -106.6531295",urban-urban,mixed,1351,"{""sample_routes"":{""date"":""2026-09-16"",""run_id"":""508ff160c4b34eb1b06636d11b6607d3""},""join_samples"":{""date"":""2026-09-18"",""run_id"":""80ea536a5f75448aab5bb9f230b0dcf8""},""upload_data"":{""date"":""2026-09-18"",""run_id"":""0188dfb02f074d23b9f7ad74cb501bb5""}}"
425,425,"52.08825160000001 , -106.44539060000001","52.0885028 , -106.7162115",urban-urban,mixed,1049,"{""sample_routes"":{""date"":""2026-09-16"",""run_id"":""508ff160c4b34eb1b06636d11b6607d3""},""join_samples"":{""date"":""2026-09-18"",""run_id"":""80ea536a5f75448aab5bb9f230b0dcf8""},""upload_data"":{""date"":""2026-09-18"",""run_id"":""0188dfb02f074d23b9f7ad74cb501bb5""}}"
426,426,"52.323123800000005 , -106.56856490000001","52.126254800000005 , -106.5690472",urban-urban,mixed,1352,"{""sample_routes"":{""date"":""2026-09-16"",""run_id"":""508ff160c4b34eb1b06636d11b6607d3""},""join_samples"":{""date"":""2026-09-18"",""run_id"":""80ea536a5f75448aab5bb9f230b0dcf8""},""upload_data"":{""date"":""2026-09-18"",""run_id"":""0188dfb02f074d23b9f7ad74cb501bb5""}}"
427,427,"51.9649171 , -106.72345050000001","52.1447063 , -106.7231251",rural-urban,mixed,1352,"{""sample_routes"":{""date"":""2026-09-16"",""run_id"":""508ff160c4b34eb1b06636d11b6607d3""},""join_samples"":{""date"":""2026-09-18"",""run_id"":""80ea536a5f75448aab5bb9f230b0dcf8""},""upload_data"":{""date"":""2026-09-18"",""run_id"":""0188dfb02f074d23b9f7ad74cb501bb5""}}"
428,428,"50.424105100000006 , -104.5187324","50.4239388 , -104.28890310000001",urban-urban,mixed,1047,"{""sample_routes"":{""date"":""2026-09-16"",""run_id"":""508ff160c4b34eb1b06636d11b6607d3""},""join_samples"":{""date"":""2026-09-18"",""run_id"":""80ea536a5f75448aab5bb9f230b0dcf8""},""upload_data"":{""date"":""2026-09-18"",""run_id"":""0188dfb02f074d23b9f7ad74cb501bb5""}}"
429,429,"51.9291338 , -106.5439886","52.1206181 , -106.73508220000001",urban-urban,mixed,1354,"{""sample_routes"":{""date"":""2026-09-16"",""run_id"":""508ff160c4b34eb1b06636d11b6607d3""},""join_samples"":{""date"":""2026-09-18"",""run_id"":""80ea536a5f75448aab5bb9f230b0dcf8""},""upload_data"":{""date"":""2026-09-18"",""run_id"":""0188dfb02f074d23b9f7ad74cb501bb5""}}"
430,430,"53.2363908 , -105.6337606","53.165769100000006 , -105.70452030000001",urban-urban,mixed,1046,"{""sample_routes"":{""date"":""2026-09-16"",""run_id"":""508ff160c4b34eb1b06636d11b6607d3""},""join_samples"":{""date"":""2026-09-18"",""run_id"":""80ea536a5f75448aab5bb9f230b0dcf8""},""upload_data"":{""date"":""2026-09-18"",""run_id"":""0188dfb02f074d23b9f7ad74cb501bb5""}}"
431,431,"51.9462825 , -106.53111120000001","52.142956000000005 , -106.72771130000001",urban-urban,mixed,1354,"{""sample_routes"":{""date"":""2026-09-16"",""run_id"":""508ff160c4b34eb1b06636d11b6607d3""},""join_samples"":{""date"":""2026-09-18"",""run_id"":""80ea536a5f75448aab5bb9f230b0dcf8""},""upload_data"":{""date"":""2026-09-18"",""run_id"":""0188dfb02f074d23b9f7ad74cb501bb5""}}"
432,432,"52.1215198 , -106.7568112","52.260299700000004 , -106.61850790000001",urban-urban,mixed,1045,"{""sample_routes"":{""date"":""2026-09-16"",""run_id"":""508ff160c4b34eb1b06636d11b6607d3""},""join_samples"":{""date"":""2026-09-18"",""run_id"":""80ea536a5f75448aab5bb9f230b0dcf8""},""upload_data"":{""date"":""2026-09-18"",""run_id"":""0188dfb02f074d23b9f7ad74cb501bb5""}}"
433,433,"53.5106315 , -107.0572975","53.5877604 , -107.13470310000001",urban-urban,mixed,1045,"{""sample_routes"":{""date"":""2026-09-16"",""run_id"":""508ff160c4b34eb1b06636d11b6607d3""},""join_samples"":{""date"":""2026-09-18"",""run_id"":""80ea536a5f75448aab5bb9f230b0dcf8""},""upload_data"":{""date"":""2026-09-18"",""run_id"":""0188dfb02f074d23b9f7ad74cb501bb5""}}"
434,434,"50.485691100000004 , -104.2751219","50.4860674 , -104.6625209",urban-urban,mixed,1356,"{""sample_routes"":{""date"":""2026-09-16"",""run_id"":""508ff160c4b34eb1b06636d11b6607d3""},""join_samples"":{""date"":""2026-09-18"",""run_id"":""80ea536a5f75448aab5bb9f230b0dcf8""},""upload_data"":{""date"":""2026-09-18"",""run_id"":""0188dfb02f074d23b9f7ad74cb501bb5""}}"
435,435,"52.3113669 , -106.57892410000001","52.1404087 , -106.57914050000001",urban-urban,mixed,1356,"{""sample_routes"":{""date"":""2026-09-16"",""run_id"":""508ff160c4b34eb1b06636d11b6607d3""},""join_samples"":{""date"":""2026-09-18"",""run_id"":""80ea536a5f75448aab5bb9f230b0dcf8""},""upload_data"":{""date"":""2026-09-18"",""run_id"":""0188dfb02f074d23b9f7ad74cb501bb5""}}"
436,436,"52.294879300000005 , -106.6652954","52.09575340000001 , -106.6657102",urban-urban,mixed,1357,"{""sample_routes"":{""date"":""2026-09-16"",""run_id"":""508ff160c4b34eb1b06636d11b6607d3""},""join_samples"":{""date"":""2026-09-18"",""run_id"":""80ea536a5f75448aab5bb9f230b0dcf8""},""upload_data"":{""date"":""2026-09-18"",""run_id"":""0188dfb02f074d23b9f7ad74cb501bb5""}}"
437,437,"52.2957832 , -106.6409692","52.124823500000005 , -106.6413162",urban-urban,mixed,1357,"{""sample_routes"":{""date"":""2026-09-16"",""run_id"":""508ff160c4b34eb1b06636d11b6607d3""},""join_samples"":{""date"":""2026-09-18"",""run_id"":""80ea536a5f75448aab5bb9f230b0dcf8""},""upload_data"":{""date"":""2026-09-18"",""run_id"":""0188dfb02f074d23b9f7ad74cb501bb5""}}"
438,438,"50.4582977 , -104.6835346","50.5716897 , -104.57044920000001",urban-rural,mixed,1043,"{""sample_routes"":{""date"":""2026-09-16"",""run_id"":""508ff160c4b34eb1b06636d11b6607d3""},""join_samples"":{""date"":""2026-09-18"",""run_id"":""80ea536a5f75448aab5bb9f230b0dcf8""},""upload_data"":{""date"":""2026-09-18"",""run_id"":""0188dfb02f074d23b9f7ad74cb501bb5""}}"
439,439,"52.3165138 , -106.569765","52.1393147 , -106.5701784",urban-urban,mixed,1357,"{""sample_routes"":{""date"":""2026-09-16"",""run_id"":""508ff160c4b34eb1b06636d11b6607d3""},""join_samples"":{""date"":""2026-09-18"",""run_id"":""80ea536a5f75448aab5bb9f230b0dcf8""},""upload_data"":{""date"":""2026-09-18"",""run_id"":""0188dfb02f074d23b9f7ad74cb501bb5""}}"
440,440,"51.931532000000004 , -106.4615002","52.103701300000004 , -106.6339193",urban-urban,mixed,1358,"{""sample_routes"":{""date"":""2026-09-16"",""run_id"":""508ff160c4b34eb1b06636d11b6607d3""},""join_samples"":{""date"":""2026-09-18"",""run_id"":""80ea536a5f75448aab5bb9f230b0dcf8""},""upload_data"":{""date"":""2026-09-18"",""run_id"":""0188dfb02f074d23b9f7ad74cb501bb5""}}"
441,441,"51.906306900000004 , -106.5103229","52.11513660000001 , -106.71954500000001",urban-urban,mixed,1358,"{""sample_routes"":{""date"":""2026-09-16"",""run_id"":""508ff160c4b34eb1b06636d11b6607d3""},""join_samples"":{""date"":""2026-09-18"",""run_id"":""80ea536a5f75448aab5bb9f230b0dcf8""},""upload_data"":{""date"":""2026-09-18"",""run_id"":""0188dfb02f074d23b9f7ad74cb501bb5""}}"
442,442,"52.2959218 , -106.66529150000001","52.1034908 , -106.6649794",urban-urban,mixed,1359,"{""sample_routes"":{""date"":""2026-09-16"",""run_id"":""508ff160c4b34eb1b06636d11b6607d3""},""join_samples"":{""date"":""2026-09-18"",""run_id"":""80ea536a5f75448aab5bb9f230b0dcf8""},""upload_data"":{""date"":""2026-09-18"",""run_id"":""0188dfb02f074d23b9f7ad74cb501bb5""}}"
443,443,"51.930726500000006 , -106.4577321","52.087372200000004 , -106.61389870000001",urban-urban,mixed,1360,"{""sample_routes"":{""date"":""2026-09-16"",""run_id"":""508ff160c4b34eb1b06636d11b6607d3""},""join_samples"":{""date"":""2026-09-18"",""run_id"":""80ea536a5f75448aab5bb9f230b0dcf8""},""upload_data"":{""date"":""2026-09-18"",""run_id"":""0188dfb02f074d23b9f7ad74cb501bb5""}}"
444,444,"52.293205 , -106.63835940000001","52.128803700000006 , -106.6387622",urban-urban,mixed,1360,"{""sample_routes"":{""date"":""2026-09-16"",""run_id"":""508ff160c4b34eb1b06636d11b6607d3""},""join_samples"":{""date"":""2026-09-18"",""run_id"":""80ea536a5f75448aab5bb9f230b0dcf8""},""upload_data"":{""date"":""2026-09-18"",""run_id"":""0188dfb02f074d23b9f7ad74cb501bb5""}}"
445,445,"50.485629100000004 , -104.27633610000001","50.4858605 , -104.6652298",urban-urban,mixed,1362,"{""sample_routes"":{""date"":""2026-09-16"",""run_id"":""508ff160c4b34eb1b06636d11b6607d3""},""join_samples"":{""date"":""2026-09-18"",""run_id"":""80ea536a5f75448aab5bb9f230b0dcf8""},""upload_data"":{""date"":""2026-09-18"",""run_id"":""0188dfb02f074d23b9f7ad74cb501bb5""}}"
446,446,"50.485695400000004 , -104.2765126","50.4857789 , -104.665323",urban-urban,mixed,1362,"{""sample_routes"":{""date"":""2026-09-16"",""run_id"":""508ff160c4b34eb1b06636d11b6607d3""},""join_samples"":{""date"":""2026-09-18"",""run_id"":""80ea536a5f75448aab5bb9f230b0dcf8""},""upload_data"":{""date"":""2026-09-18"",""run_id"":""0188dfb02f074d23b9f7ad74cb501bb5""}}"
447,447,"51.9448664 , -106.5561107","52.133984700000006 , -106.74568550000001",urban-urban,mixed,1363,"{""sample_routes"":{""date"":""2026-09-16"",""run_id"":""508ff160c4b34eb1b06636d11b6607d3""},""join_samples"":{""date"":""2026-09-18"",""run_id"":""80ea536a5f75448aab5bb9f230b0dcf8""},""upload_data"":{""date"":""2026-09-18"",""run_id"":""0188dfb02f074d23b9f7ad74cb501bb5""}}"
448,448,"52.320602300000004 , -106.5790326","52.149898 , -106.5785917",urban-urban,mixed,1363,"{""sample_routes"":{""date"":""2026-09-16"",""run_id"":""508ff160c4b34eb1b06636d11b6607d3""},""join_samples"":{""date"":""2026-09-18"",""run_id"":""80ea536a5f75448aab5bb9f230b0dcf8""},""upload_data"":{""date"":""2026-09-18"",""run_id"":""0188dfb02f074d23b9f7ad74cb501bb5""}}"
449,449,"52.2186376 , -106.4221753","52.2183645 , -106.7308462",urban-rural,mixed,1363,"{""sample_routes"":{""date"":""2026-09-16"",""run_id"":""508ff160c4b34eb1b06636d11b6607d3""},""join_samples"":{""date"":""2026-09-18"",""run_id"":""80ea536a5f75448aab5bb9f230b0dcf8""},""upload_data"":{""date"":""2026-09-18"",""run_id"":""0188dfb02f074d23b9f7ad74cb501bb5""}}"
450,450,"51.9317305 , -106.45773510000001","52.1052839 , -106.6310732",urban-urban,mixed,1363,"{""sample_routes"":{""date"":""2026-09-16"",""run_id"":""508ff160c4b34eb1b06636d11b6607d3""},""join_samples"":{""date"":""2026-09-18"",""run_id"":""80ea536a5f75448aab5bb9f230b0dcf8""},""upload_data"":{""date"":""2026-09-18"",""run_id"":""0188dfb02f074d23b9f7ad74cb501bb5""}}"
451,451,"52.317515500000006 , -106.5740263","52.120580100000005 , -106.57368310000001",urban-urban,mixed,1364,"{""sample_routes"":{""date"":""2026-09-16"",""run_id"":""508ff160c4b34eb1b06636d11b6607d3""},""join_samples"":{""date"":""2026-09-18"",""run_id"":""80ea536a5f75448aab5bb9f230b0dcf8""},""upload_data"":{""date"":""2026-09-18"",""run_id"":""0188dfb02f074d23b9f7ad74cb501bb5""}}"
452,452,"52.091491500000004 , -106.4586407","52.091809700000006 , -106.7068636",urban-urban,mixed,1034,"{""sample_routes"":{""date"":""2026-09-16"",""run_id"":""508ff160c4b34eb1b06636d11b6607d3""},""join_samples"":{""date"":""2026-09-18"",""run_id"":""80ea536a5f75448aab5bb9f230b0dcf8""},""upload_data"":{""date"":""2026-09-18"",""run_id"":""0188dfb02f074d23b9f7ad74cb501bb5""}}"
453,453,"51.9109721 , -106.53396190000001","52.1332657 , -106.75602140000001",urban-urban,mixed,1366,"{""sample_routes"":{""date"":""2026-09-16"",""run_id"":""508ff160c4b34eb1b06636d11b6607d3""},""join_samples"":{""date"":""2026-09-18"",""run_id"":""80ea536a5f75448aab5bb9f230b0dcf8""},""upload_data"":{""date"":""2026-09-18"",""run_id"":""0188dfb02f074d23b9f7ad74cb501bb5""}}"
454,454,"51.9084912 , -106.53303700000001","52.1205155 , -106.7446374",urban-urban,mixed,1366,"{""sample_routes"":{""date"":""2026-09-16"",""run_id"":""508ff160c4b34eb1b06636d11b6607d3""},""join_samples"":{""date"":""2026-09-18"",""run_id"":""80ea536a5f75448aab5bb9f230b0dcf8""},""upload_data"":{""date"":""2026-09-18"",""run_id"":""0188dfb02f074d23b9f7ad74cb501bb5""}}"
455,455,"52.287453000000006 , -106.65646620000001","52.175411800000006 , -106.54465660000001",urban-urban,mixed,1366,"{""sample_routes"":{""date"":""2026-09-16"",""run_id"":""508ff160c4b34eb1b06636d11b6607d3""},""join_samples"":{""date"":""2026-09-18"",""run_id"":""80ea536a5f75448aab5bb9f230b0dcf8""},""upload_data"":{""date"":""2026-09-18"",""run_id"":""0188dfb02f074d23b9f7ad74cb501bb5""}}"
456,456,"50.491425500000005 , -104.2650196","50.4909447 , -104.6280237",urban-urban,mixed,1367,"{""sample_routes"":{""date"":""2026-09-16"",""run_id"":""508ff160c4b34eb1b06636d11b6607d3""},""join_samples"":{""date"":""2026-09-18"",""run_id"":""80ea536a5f75448aab5bb9f230b0dcf8""},""upload_data"":{""date"":""2026-09-18"",""run_id"":""0188dfb02f074d23b9f7ad74cb501bb5""}}"
457,457,"50.5489466 , -104.6847486","50.430728200000004 , -104.5666704",rural-urban,mixed,1033,"{""sample_routes"":{""date"":""2026-09-16"",""run_id"":""508ff160c4b34eb1b06636d11b6607d3""},""join_samples"":{""date"":""2026-09-18"",""run_id"":""80ea536a5f75448aab5bb9f230b0dcf8""},""upload_data"":{""date"":""2026-09-18"",""run_id"":""0188dfb02f074d23b9f7ad74cb501bb5""}}"
458,458,"52.1218178 , -106.65116130000001","52.2487293 , -106.77764660000001",urban-rural,mixed,1033,"{""sample_routes"":{""date"":""2026-09-16"",""run_id"":""508ff160c4b34eb1b06636d11b6607d3""},""join_samples"":{""date"":""2026-09-18"",""run_id"":""80ea536a5f75448aab5bb9f230b0dcf8""},""upload_data"":{""date"":""2026-09-18"",""run_id"":""0188dfb02f074d23b9f7ad74cb501bb5""}}"
459,459,"52.2896402 , -106.6554215","52.1754362 , -106.5413225",urban-urban,mixed,1368,"{""sample_routes"":{""date"":""2026-09-16"",""run_id"":""508ff160c4b34eb1b06636d11b6607d3""},""join_samples"":{""date"":""2026-09-18"",""run_id"":""80ea536a5f75448aab5bb9f230b0dcf8""},""upload_data"":{""date"":""2026-09-18"",""run_id"":""0188dfb02f074d23b9f7ad74cb501bb5""}}"
460,460,"52.3131977 , -106.5734161","52.1438555 , -106.57322570000001",urban-urban,mixed,1368,"{""sample_routes"":{""date"":""2026-09-16"",""run_id"":""508ff160c4b34eb1b06636d11b6607d3""},""join_samples"":{""date"":""2026-09-18"",""run_id"":""80ea536a5f75448aab5bb9f230b0dcf8""},""upload_data"":{""date"":""2026-09-18"",""run_id"":""0188dfb02f074d23b9f7ad74cb501bb5""}}"
461,461,"52.313639900000005 , -106.5894549","52.1497444 , -106.58983040000001",urban-urban,mixed,1368,"{""sample_routes"":{""date"":""2026-09-16"",""run_id"":""508ff160c4b34eb1b06636d11b6607d3""},""join_samples"":{""date"":""2026-09-18"",""run_id"":""80ea536a5f75448aab5bb9f230b0dcf8""},""upload_data"":{""date"":""2026-09-18"",""run_id"":""0188dfb02f074d23b9f7ad74cb501bb5""}}"
462,462,"52.318501000000005 , -106.88738690000001","52.1128239 , -106.6821451",rural-urban,mixed,1369,"{""sample_routes"":{""date"":""2026-09-16"",""run_id"":""508ff160c4b34eb1b06636d11b6607d3""},""join_samples"":{""date"":""2026-09-18"",""run_id"":""80ea536a5f75448aab5bb9f230b0dcf8""},""upload_data"":{""date"":""2026-09-18"",""run_id"":""0188dfb02f074d23b9f7ad74cb501bb5""}}"
463,463,"52.3197132 , -106.5877827","52.1490668 , -106.5875668",urban-urban,mixed,1369,"{""sample_routes"":{""date"":""2026-09-16"",""run_id"":""508ff160c4b34eb1b06636d11b6607d3""},""join_samples"":{""date"":""2026-09-18"",""run_id"":""80ea536a5f75448aab5bb9f230b0dcf8""},""upload_data"":{""date"":""2026-09-18"",""run_id"":""0188dfb02f074d23b9f7ad74cb501bb5""}}"
464,464,"52.3178714 , -106.5846211","52.118133900000004 , -106.58423250000001",urban-urban,mixed,1369,"{""sample_routes"":{""date"":""2026-09-16"",""run_id"":""508ff160c4b34eb1b06636d11b6607d3""},""join_samples"":{""date"":""2026-09-18"",""run_id"":""80ea536a5f75448aab5bb9f230b0dcf8""},""upload_data"":{""date"":""2026-09-18"",""run_id"":""0188dfb02f074d23b9f7ad74cb501bb5""}}"
465,465,"50.4741635 , -104.2774157","50.4739555 , -104.62327800000001",rural-urban,mixed,1369,"{""sample_routes"":{""date"":""2026-09-16"",""run_id"":""508ff160c4b34eb1b06636d11b6607d3""},""join_samples"":{""date"":""2026-09-18"",""run_id"":""80ea536a5f75448aab5bb9f230b0dcf8""},""upload_data"":{""date"":""2026-09-18"",""run_id"":""0188dfb02f074d23b9f7ad74cb501bb5""}}"
466,466,"51.945243700000006 , -106.55002630000001","52.1411646 , -106.74556700000001",urban-urban,mixed,1369,"{""sample_routes"":{""date"":""2026-09-16"",""run_id"":""508ff160c4b34eb1b06636d11b6607d3""},""join_samples"":{""date"":""2026-09-18"",""run_id"":""80ea536a5f75448aab5bb9f230b0dcf8""},""upload_data"":{""date"":""2026-09-18"",""run_id"":""0188dfb02f074d23b9f7ad74cb501bb5""}}"
467,467,"51.965611200000005 , -106.4860259","52.150058300000005 , -106.6708184",urban-urban,mixed,1369,"{""sample_routes"":{""date"":""2026-09-16"",""run_id"":""508ff160c4b34eb1b06636d11b6607d3""},""join_samples"":{""date"":""2026-09-18"",""run_id"":""80ea536a5f75448aab5bb9f230b0dcf8""},""upload_data"":{""date"":""2026-09-18"",""run_id"":""0188dfb02f074d23b9f7ad74cb501bb5""}}"
468,468,"52.285423400000006 , -106.6601462","52.1729453 , -106.5475263",urban-urban,mixed,1371,"{""sample_routes"":{""date"":""2026-09-16"",""run_id"":""508ff160c4b34eb1b06636d11b6607d3""},""join_samples"":{""date"":""2026-09-18"",""run_id"":""80ea536a5f75448aab5bb9f230b0dcf8""},""upload_data"":{""date"":""2026-09-18"",""run_id"":""0188dfb02f074d23b9f7ad74cb501bb5""}}"
469,469,"50.489132500000004 , -104.2673896","50.4895161 , -104.6469232",urban-urban,mixed,1371,"{""sample_routes"":{""date"":""2026-09-16"",""run_id"":""508ff160c4b34eb1b06636d11b6607d3""},""join_samples"":{""date"":""2026-09-18"",""run_id"":""80ea536a5f75448aab5bb9f230b0dcf8""},""upload_data"":{""date"":""2026-09-18"",""run_id"":""0188dfb02f074d23b9f7ad74cb501bb5""}}"
470,470,"52.123154500000005 , -106.5753612","52.323691200000006 , -106.5749337",urban-urban,mixed,1371,"{""sample_routes"":{""date"":""2026-09-16"",""run_id"":""508ff160c4b34eb1b06636d11b6607d3""},""join_samples"":{""date"":""2026-09-18"",""run_id"":""80ea536a5f75448aab5bb9f230b0dcf8""},""upload_data"":{""date"":""2026-09-18"",""run_id"":""0188dfb02f074d23b9f7ad74cb501bb5""}}"
471,471,"50.485953800000004 , -104.2690032","50.485806800000006 , -104.6609679",urban-urban,mixed,1372,"{""sample_routes"":{""date"":""2026-09-16"",""run_id"":""508ff160c4b34eb1b06636d11b6607d3""},""join_samples"":{""date"":""2026-09-18"",""run_id"":""80ea536a5f75448aab5bb9f230b0dcf8""},""upload_data"":{""date"":""2026-09-18"",""run_id"":""0188dfb02f074d23b9f7ad74cb501bb5""}}"
472,472,"52.091207000000004 , -106.55614000000001","51.943958800000004 , -106.555772",urban-urban,mixed,1028,"{""sample_routes"":{""date"":""2026-09-16"",""run_id"":""508ff160c4b34eb1b06636d11b6607d3""},""join_samples"":{""date"":""2026-09-18"",""run_id"":""80ea536a5f75448aab5bb9f230b0dcf8""},""upload_data"":{""date"":""2026-09-18"",""run_id"":""0188dfb02f074d23b9f7ad74cb501bb5""}}"
473,473,"51.9981329 , -106.75","52.13715070000001 , -106.6108868",rural-urban,mixed,1372,"{""sample_routes"":{""date"":""2026-09-16"",""run_id"":""508ff160c4b34eb1b06636d11b6607d3""},""join_samples"":{""date"":""2026-09-18"",""run_id"":""80ea536a5f75448aab5bb9f230b0dcf8""},""upload_data"":{""date"":""2026-09-18"",""run_id"":""0188dfb02f074d23b9f7ad74cb501bb5""}}"
474,474,"50.4916062 , -104.2686769","50.4920114 , -104.64712150000001",urban-urban,mixed,1372,"{""sample_routes"":{""date"":""2026-09-16"",""run_id"":""508ff160c4b34eb1b06636d11b6607d3""},""join_samples"":{""date"":""2026-09-18"",""run_id"":""80ea536a5f75448aab5bb9f230b0dcf8""},""upload_data"":{""date"":""2026-09-18"",""run_id"":""0188dfb02f074d23b9f7ad74cb501bb5""}}"
475,475,"50.4331515 , -104.32882790000001","50.43313800000001 , -104.5657008",urban-urban,mixed,1027,"{""sample_routes"":{""date"":""2026-09-16"",""run_id"":""508ff160c4b34eb1b06636d11b6607d3""},""join_samples"":{""date"":""2026-09-18"",""run_id"":""80ea536a5f75448aab5bb9f230b0dcf8""},""upload_data"":{""date"":""2026-09-18"",""run_id"":""0188dfb02f074d23b9f7ad74cb501bb5""}}"
476,476,"51.952891400000006 , -106.48077980000001","52.1290908 , -106.6567016",urban-urban,mixed,1373,"{""sample_routes"":{""date"":""2026-09-16"",""run_id"":""508ff160c4b34eb1b06636d11b6607d3""},""join_samples"":{""date"":""2026-09-18"",""run_id"":""80ea536a5f75448aab5bb9f230b0dcf8""},""upload_data"":{""date"":""2026-09-18"",""run_id"":""0188dfb02f074d23b9f7ad74cb501bb5""}}"
477,477,"50.4861469 , -104.2667907","50.485728300000005 , -104.66072650000001",urban-urban,mixed,1374,"{""sample_routes"":{""date"":""2026-09-16"",""run_id"":""508ff160c4b34eb1b06636d11b6607d3""},""join_samples"":{""date"":""2026-09-18"",""run_id"":""80ea536a5f75448aab5bb9f230b0dcf8""},""upload_data"":{""date"":""2026-09-18"",""run_id"":""0188dfb02f074d23b9f7ad74cb501bb5""}}"
478,478,"52.318375 , -106.66569050000001","52.0942366 , -106.6652392",rural-urban,mixed,1374,"{""sample_routes"":{""date"":""2026-09-16"",""run_id"":""508ff160c4b34eb1b06636d11b6607d3""},""join_samples"":{""date"":""2026-09-18"",""run_id"":""80ea536a5f75448aab5bb9f230b0dcf8""},""upload_data"":{""date"":""2026-09-18"",""run_id"":""0188dfb02f074d23b9f7ad74cb501bb5""}}"
479,479,"52.3183249 , -106.58445640000001","52.1192646 , -106.5844534",urban-urban,mixed,1375,"{""sample_routes"":{""date"":""2026-09-16"",""run_id"":""508ff160c4b34eb1b06636d11b6607d3""},""join_samples"":{""date"":""2026-09-18"",""run_id"":""80ea536a5f75448aab5bb9f230b0dcf8""},""upload_data"":{""date"":""2026-09-18"",""run_id"":""0188dfb02f074d23b9f7ad74cb501bb5""}}"
480,480,"50.805049600000004 , -103.9392744","50.804734100000005 , -103.54276460000001",rural-urban,mixed,1375,"{""sample_routes"":{""date"":""2026-09-16"",""run_id"":""508ff160c4b34eb1b06636d11b6607d3""},""join_samples"":{""date"":""2026-09-18"",""run_id"":""80ea536a5f75448aab5bb9f230b0dcf8""},""upload_data"":{""date"":""2026-09-18"",""run_id"":""0188dfb02f074d23b9f7ad74cb501bb5""}}"
481,481,"52.286268 , -106.64896030000001","52.116806100000005 , -106.6487065",urban-urban,mixed,1375,"{""sample_routes"":{""date"":""2026-09-16"",""run_id"":""508ff160c4b34eb1b06636d11b6607d3""},""join_samples"":{""date"":""2026-09-18"",""run_id"":""80ea536a5f75448aab5bb9f230b0dcf8""},""upload_data"":{""date"":""2026-09-18"",""run_id"":""0188dfb02f074d23b9f7ad74cb501bb5""}}"
482,482,"52.3251433 , -106.58570200000001","52.151254200000004 , -106.7593044",urban-urban,mixed,1375,"{""sample_routes"":{""date"":""2026-09-16"",""run_id"":""508ff160c4b34eb1b06636d11b6607d3""},""join_samples"":{""date"":""2026-09-18"",""run_id"":""80ea536a5f75448aab5bb9f230b0dcf8""},""upload_data"":{""date"":""2026-09-18"",""run_id"":""0188dfb02f074d23b9f7ad74cb501bb5""}}"
483,483,"51.9426665 , -106.5324836","52.092432200000005 , -106.5324727",urban-urban,mixed,1025,"{""sample_routes"":{""date"":""2026-09-16"",""run_id"":""508ff160c4b34eb1b06636d11b6607d3""},""join_samples"":{""date"":""2026-09-18"",""run_id"":""80ea536a5f75448aab5bb9f230b0dcf8""},""upload_data"":{""date"":""2026-09-18"",""run_id"":""0188dfb02f074d23b9f7ad74cb501bb5""}}"
484,484,"50.4211813 , -104.5324326","50.4209406 , -104.28845290000001",urban-urban,mixed,1025,"{""sample_routes"":{""date"":""2026-09-16"",""run_id"":""508ff160c4b34eb1b06636d11b6607d3""},""join_samples"":{""date"":""2026-09-18"",""run_id"":""80ea536a5f75448aab5bb9f230b0dcf8""},""upload_data"":{""date"":""2026-09-18"",""run_id"":""0188dfb02f074d23b9f7ad74cb501bb5""}}"
485,485,"51.9585148 , -106.46819470000001","52.1289353 , -106.63891450000001",urban-urban,mixed,1376,"{""sample_routes"":{""date"":""2026-09-16"",""run_id"":""508ff160c4b34eb1b06636d11b6607d3""},""join_samples"":{""date"":""2026-09-18"",""run_id"":""80ea536a5f75448aab5bb9f230b0dcf8""},""upload_data"":{""date"":""2026-09-18"",""run_id"":""0188dfb02f074d23b9f7ad74cb501bb5""}}"
486,486,"52.286561600000006 , -106.6602957","52.1737477 , -106.5478468",urban-urban,mixed,1376,"{""sample_routes"":{""date"":""2026-09-16"",""run_id"":""508ff160c4b34eb1b06636d11b6607d3""},""join_samples"":{""date"":""2026-09-18"",""run_id"":""80ea536a5f75448aab5bb9f230b0dcf8""},""upload_data"":{""date"":""2026-09-18"",""run_id"":""0188dfb02f074d23b9f7ad74cb501bb5""}}"
487,487,"52.313826600000006 , -106.5748274","52.1464031 , -106.57526940000001",urban-urban,mixed,1377,"{""sample_routes"":{""date"":""2026-09-16"",""run_id"":""508ff160c4b34eb1b06636d11b6607d3""},""join_samples"":{""date"":""2026-09-18"",""run_id"":""80ea536a5f75448aab5bb9f230b0dcf8""},""upload_data"":{""date"":""2026-09-18"",""run_id"":""0188dfb02f074d23b9f7ad74cb501bb5""}}"
488,488,"52.288829400000004 , -106.6531645","52.1809214 , -106.54546920000001",urban-urban,mixed,1377,"{""sample_routes"":{""date"":""2026-09-16"",""run_id"":""508ff160c4b34eb1b06636d11b6607d3""},""join_samples"":{""date"":""2026-09-18"",""run_id"":""80ea536a5f75448aab5bb9f230b0dcf8""},""upload_data"":{""date"":""2026-09-18"",""run_id"":""0188dfb02f074d23b9f7ad74cb501bb5""}}"
489,489,"52.318431100000005 , -106.69398790000001","52.172946100000004 , -106.54889650000001",urban-urban,mixed,1377,"{""sample_routes"":{""date"":""2026-09-16"",""run_id"":""508ff160c4b34eb1b06636d11b6607d3""},""join_samples"":{""date"":""2026-09-18"",""run_id"":""80ea536a5f75448aab5bb9f230b0dcf8""},""upload_data"":{""date"":""2026-09-18"",""run_id"":""0188dfb02f074d23b9f7ad74cb501bb5""}}"
490,490,"51.8561721 , -106.50773480000001","52.043369000000006 , -106.6948332",rural-urban,mixed,1378,"{""sample_routes"":{""date"":""2026-09-16"",""run_id"":""508ff160c4b34eb1b06636d11b6607d3""},""join_samples"":{""date"":""2026-09-18"",""run_id"":""80ea536a5f75448aab5bb9f230b0dcf8""},""upload_data"":{""date"":""2026-09-18"",""run_id"":""0188dfb02f074d23b9f7ad74cb501bb5""}}"
491,491,"52.283566900000004 , -106.65623160000001","52.118743200000004 , -106.6566703",urban-urban,mixed,1378,"{""sample_routes"":{""date"":""2026-09-16"",""run_id"":""508ff160c4b34eb1b06636d11b6607d3""},""join_samples"":{""date"":""2026-09-18"",""run_id"":""80ea536a5f75448aab5bb9f230b0dcf8""},""upload_data"":{""date"":""2026-09-18"",""run_id"":""0188dfb02f074d23b9f7ad74cb501bb5""}}"
492,492,"52.313381400000004 , -106.5749639","52.146418000000004 , -106.57486420000001",urban-urban,mixed,1378,"{""sample_routes"":{""date"":""2026-09-16"",""run_id"":""508ff160c4b34eb1b06636d11b6607d3""},""join_samples"":{""date"":""2026-09-18"",""run_id"":""80ea536a5f75448aab5bb9f230b0dcf8""},""upload_data"":{""date"":""2026-09-18"",""run_id"":""0188dfb02f074d23b9f7ad74cb501bb5""}}"
493,493,"52.0904171 , -106.4474344","52.090508500000006 , -106.71091460000001",urban-urban,mixed,1022,"{""sample_routes"":{""date"":""2026-09-16"",""run_id"":""508ff160c4b34eb1b06636d11b6607d3""},""join_samples"":{""date"":""2026-09-18"",""run_id"":""80ea536a5f75448aab5bb9f230b0dcf8""},""upload_data"":{""date"":""2026-09-18"",""run_id"":""0188dfb02f074d23b9f7ad74cb501bb5""}}"
494,494,"52.1050994 , -106.60978820000001","52.2603602 , -106.76539000000001",urban-rural,mixed,1021,"{""sample_routes"":{""date"":""2026-09-16"",""run_id"":""508ff160c4b34eb1b06636d11b6607d3""},""join_samples"":{""date"":""2026-09-18"",""run_id"":""80ea536a5f75448aab5bb9f230b0dcf8""},""upload_data"":{""date"":""2026-09-18"",""run_id"":""0188dfb02f074d23b9f7ad74cb501bb5""}}"
495,495,"51.9502776 , -106.48531670000001","52.1287591 , -106.6635691",urban-urban,mixed,1380,"{""sample_routes"":{""date"":""2026-09-16"",""run_id"":""508ff160c4b34eb1b06636d11b6607d3""},""join_samples"":{""date"":""2026-09-18"",""run_id"":""80ea536a5f75448aab5bb9f230b0dcf8""},""upload_data"":{""date"":""2026-09-18"",""run_id"":""0188dfb02f074d23b9f7ad74cb501bb5""}}"
496,496,"52.3086581 , -106.5819903","52.1442471 , -106.58165720000001",urban-urban,mixed,1380,"{""sample_routes"":{""date"":""2026-09-16"",""run_id"":""508ff160c4b34eb1b06636d11b6607d3""},""join_samples"":{""date"":""2026-09-18"",""run_id"":""80ea536a5f75448aab5bb9f230b0dcf8""},""upload_data"":{""date"":""2026-09-18"",""run_id"":""0188dfb02f074d23b9f7ad74cb501bb5""}}"
497,497,"52.312209 , -106.574965","52.146285500000005 , -106.5748726",urban-urban,mixed,1380,"{""sample_routes"":{""date"":""2026-09-16"",""run_id"":""508ff160c4b34eb1b06636d11b6607d3""},""join_samples"":{""date"":""2026-09-18"",""run_id"":""80ea536a5f75448aab5bb9f230b0dcf8""},""upload_data"":{""date"":""2026-09-18"",""run_id"":""0188dfb02f074d23b9f7ad74cb501bb5""}}"
498,498,"52.296699200000006 , -106.6623108","52.10782450000001 , -106.66215940000001",urban-urban,mixed,1380,"{""sample_routes"":{""date"":""2026-09-16"",""run_id"":""508ff160c4b34eb1b06636d11b6607d3""},""join_samples"":{""date"":""2026-09-18"",""run_id"":""80ea536a5f75448aab5bb9f230b0dcf8""},""upload_data"":{""date"":""2026-09-18"",""run_id"":""0188dfb02f074d23b9f7ad74cb501bb5""}}"
499,499,"51.2054168 , -102.4714084","51.302508 , -102.3740274",urban-urban,mixed,1020,"{""sample_routes"":{""date"":""2026-09-16"",""run_id"":""508ff160c4b34eb1b06636d11b6607d3""},""join_samples"":{""date"":""2026-09-18"",""run_id"":""80ea536a5f75448aab5bb9f230b0dcf8""},""upload_data"":{""date"":""2026-09-18"",""run_id"":""0188dfb02f074d23b9f7ad74cb501bb5""}}"
