join_index,sampling_index,origin,destination,area,journeyClass,ttpTravelTime,metadata
0,0,"52.165610900000004 , 21.0745372","52.1661834 , 20.768046000000002",urban-urban,urban,1799,"{""sample_routes"":{""date"":""2026-09-03"",""run_id"":""305125553a764c29bba4eed248d5b137""},""join_samples"":{""date"":""2026-09-04"",""run_id"":""ce48177ab95f4e858b9f677fa84ec5ff""},""upload_data"":{""date"":""2026-09-04"",""run_id"":""b943f5cc87fa42099b3ec1b731772dc7""}}"
1,1,"52.1599675 , 21.089237500000003","52.307836800000004 , 21.0889975",urban-urban,urban,1801,"{""sample_routes"":{""date"":""2026-09-03"",""run_id"":""305125553a764c29bba4eed248d5b137""},""join_samples"":{""date"":""2026-09-04"",""run_id"":""ce48177ab95f4e858b9f677fa84ec5ff""},""upload_data"":{""date"":""2026-09-04"",""run_id"":""b943f5cc87fa42099b3ec1b731772dc7""}}"
2,2,"52.331247600000005 , 20.951974800000002","52.1838994 , 20.9524674",urban-urban,urban,1787,"{""sample_routes"":{""date"":""2026-09-03"",""run_id"":""305125553a764c29bba4eed248d5b137""},""join_samples"":{""date"":""2026-09-04"",""run_id"":""ce48177ab95f4e858b9f677fa84ec5ff""},""upload_data"":{""date"":""2026-09-04"",""run_id"":""b943f5cc87fa42099b3ec1b731772dc7""}}"
3,3,"52.2807011 , 21.053699100000003","52.1302802 , 21.053256100000002",urban-urban,urban,1773,"{""sample_routes"":{""date"":""2026-09-03"",""run_id"":""305125553a764c29bba4eed248d5b137""},""join_samples"":{""date"":""2026-09-04"",""run_id"":""ce48177ab95f4e858b9f677fa84ec5ff""},""upload_data"":{""date"":""2026-09-04"",""run_id"":""b943f5cc87fa42099b3ec1b731772dc7""}}"
4,4,"52.1562628 , 21.079737100000003","52.1555583 , 20.782447700000002",urban-urban,urban,1834,"{""sample_routes"":{""date"":""2026-09-03"",""run_id"":""305125553a764c29bba4eed248d5b137""},""join_samples"":{""date"":""2026-09-04"",""run_id"":""ce48177ab95f4e858b9f677fa84ec5ff""},""upload_data"":{""date"":""2026-09-04"",""run_id"":""b943f5cc87fa42099b3ec1b731772dc7""}}"
5,5,"52.1687626 , 20.9804292","52.334142500000006 , 20.9799936",urban-urban,urban,1766,"{""sample_routes"":{""date"":""2026-09-03"",""run_id"":""305125553a764c29bba4eed248d5b137""},""join_samples"":{""date"":""2026-09-04"",""run_id"":""ce48177ab95f4e858b9f677fa84ec5ff""},""upload_data"":{""date"":""2026-09-04"",""run_id"":""b943f5cc87fa42099b3ec1b731772dc7""}}"
6,6,"52.167421700000006 , 20.908383200000003","52.3321988 , 21.073579300000002",urban-rural,urban,1765,"{""sample_routes"":{""date"":""2026-09-03"",""run_id"":""305125553a764c29bba4eed248d5b137""},""join_samples"":{""date"":""2026-09-04"",""run_id"":""ce48177ab95f4e858b9f677fa84ec5ff""},""upload_data"":{""date"":""2026-09-04"",""run_id"":""b943f5cc87fa42099b3ec1b731772dc7""}}"
7,7,"52.208558700000005 , 21.150906900000003","52.3375411 , 21.022017100000003",urban-rural,urban,1756,"{""sample_routes"":{""date"":""2026-09-03"",""run_id"":""305125553a764c29bba4eed248d5b137""},""join_samples"":{""date"":""2026-09-04"",""run_id"":""ce48177ab95f4e858b9f677fa84ec5ff""},""upload_data"":{""date"":""2026-09-04"",""run_id"":""b943f5cc87fa42099b3ec1b731772dc7""}}"
8,8,"52.1631699 , 20.8860901","52.163156 , 21.131476600000003",rural-rural,urban,1737,"{""sample_routes"":{""date"":""2026-09-03"",""run_id"":""305125553a764c29bba4eed248d5b137""},""join_samples"":{""date"":""2026-09-04"",""run_id"":""ce48177ab95f4e858b9f677fa84ec5ff""},""upload_data"":{""date"":""2026-09-04"",""run_id"":""b943f5cc87fa42099b3ec1b731772dc7""}}"
9,9,"52.190120500000006 , 21.0965233","52.3472099 , 20.938846400000003",urban-urban,urban,1872,"{""sample_routes"":{""date"":""2026-09-03"",""run_id"":""305125553a764c29bba4eed248d5b137""},""join_samples"":{""date"":""2026-09-04"",""run_id"":""ce48177ab95f4e858b9f677fa84ec5ff""},""upload_data"":{""date"":""2026-09-04"",""run_id"":""b943f5cc87fa42099b3ec1b731772dc7""}}"
10,10,"52.2746815 , 20.9732777","52.136130200000004 , 21.1121012",urban-rural,urban,1726,"{""sample_routes"":{""date"":""2026-09-03"",""run_id"":""305125553a764c29bba4eed248d5b137""},""join_samples"":{""date"":""2026-09-04"",""run_id"":""ce48177ab95f4e858b9f677fa84ec5ff""},""upload_data"":{""date"":""2026-09-04"",""run_id"":""b943f5cc87fa42099b3ec1b731772dc7""}}"
11,11,"52.1930484 , 21.1438253","52.335387600000004 , 21.002183600000002",urban-rural,urban,1878,"{""sample_routes"":{""date"":""2026-09-03"",""run_id"":""305125553a764c29bba4eed248d5b137""},""join_samples"":{""date"":""2026-09-04"",""run_id"":""ce48177ab95f4e858b9f677fa84ec5ff""},""upload_data"":{""date"":""2026-09-04"",""run_id"":""b943f5cc87fa42099b3ec1b731772dc7""}}"
12,12,"52.131200500000006 , 21.061147400000003","52.292095200000006 , 21.0616585",urban-urban,urban,1884,"{""sample_routes"":{""date"":""2026-09-03"",""run_id"":""305125553a764c29bba4eed248d5b137""},""join_samples"":{""date"":""2026-09-04"",""run_id"":""ce48177ab95f4e858b9f677fa84ec5ff""},""upload_data"":{""date"":""2026-09-04"",""run_id"":""b943f5cc87fa42099b3ec1b731772dc7""}}"
13,13,"52.293464500000006 , 21.028660300000002","52.1399417 , 21.027995400000002",urban-urban,urban,1896,"{""sample_routes"":{""date"":""2026-09-03"",""run_id"":""305125553a764c29bba4eed248d5b137""},""join_samples"":{""date"":""2026-09-04"",""run_id"":""ce48177ab95f4e858b9f677fa84ec5ff""},""upload_data"":{""date"":""2026-09-04"",""run_id"":""b943f5cc87fa42099b3ec1b731772dc7""}}"
14,14,"52.1931766 , 21.191125600000003","52.3367129 , 21.0468964",urban-rural,urban,1696,"{""sample_routes"":{""date"":""2026-09-03"",""run_id"":""305125553a764c29bba4eed248d5b137""},""join_samples"":{""date"":""2026-09-04"",""run_id"":""ce48177ab95f4e858b9f677fa84ec5ff""},""upload_data"":{""date"":""2026-09-04"",""run_id"":""b943f5cc87fa42099b3ec1b731772dc7""}}"
15,15,"52.1873688 , 20.825297000000003","52.327646300000005 , 20.9655981",urban-urban,urban,1906,"{""sample_routes"":{""date"":""2026-09-03"",""run_id"":""305125553a764c29bba4eed248d5b137""},""join_samples"":{""date"":""2026-09-04"",""run_id"":""ce48177ab95f4e858b9f677fa84ec5ff""},""upload_data"":{""date"":""2026-09-04"",""run_id"":""b943f5cc87fa42099b3ec1b731772dc7""}}"
16,16,"52.2119207 , 21.019599600000003","52.2115072 , 20.7578546",urban-rural,urban,1692,"{""sample_routes"":{""date"":""2026-09-03"",""run_id"":""305125553a764c29bba4eed248d5b137""},""join_samples"":{""date"":""2026-09-04"",""run_id"":""ce48177ab95f4e858b9f677fa84ec5ff""},""upload_data"":{""date"":""2026-09-04"",""run_id"":""b943f5cc87fa42099b3ec1b731772dc7""}}"
17,17,"52.17063520000001 , 21.0222549","52.1708757 , 20.7526249",urban-rural,urban,1676,"{""sample_routes"":{""date"":""2026-09-03"",""run_id"":""305125553a764c29bba4eed248d5b137""},""join_samples"":{""date"":""2026-09-04"",""run_id"":""ce48177ab95f4e858b9f677fa84ec5ff""},""upload_data"":{""date"":""2026-09-04"",""run_id"":""b943f5cc87fa42099b3ec1b731772dc7""}}"
18,18,"52.301484200000004 , 21.0266951","52.14023340000001 , 21.026738",urban-urban,urban,1939,"{""sample_routes"":{""date"":""2026-09-03"",""run_id"":""305125553a764c29bba4eed248d5b137""},""join_samples"":{""date"":""2026-09-04"",""run_id"":""ce48177ab95f4e858b9f677fa84ec5ff""},""upload_data"":{""date"":""2026-09-04"",""run_id"":""b943f5cc87fa42099b3ec1b731772dc7""}}"
19,19,"52.2670061 , 20.9798395","52.138925500000006 , 20.9802514",urban-rural,urban,1648,"{""sample_routes"":{""date"":""2026-09-03"",""run_id"":""305125553a764c29bba4eed248d5b137""},""join_samples"":{""date"":""2026-09-04"",""run_id"":""ce48177ab95f4e858b9f677fa84ec5ff""},""upload_data"":{""date"":""2026-09-04"",""run_id"":""b943f5cc87fa42099b3ec1b731772dc7""}}"
20,20,"52.161983500000005 , 20.780459800000003","52.161469100000005 , 21.1158176",urban-rural,urban,1957,"{""sample_routes"":{""date"":""2026-09-03"",""run_id"":""305125553a764c29bba4eed248d5b137""},""join_samples"":{""date"":""2026-09-04"",""run_id"":""ce48177ab95f4e858b9f677fa84ec5ff""},""upload_data"":{""date"":""2026-09-04"",""run_id"":""b943f5cc87fa42099b3ec1b731772dc7""}}"
21,21,"52.1617497 , 20.994566300000002","52.320570800000006 , 21.153991100000002",urban-urban,urban,1641,"{""sample_routes"":{""date"":""2026-09-03"",""run_id"":""305125553a764c29bba4eed248d5b137""},""join_samples"":{""date"":""2026-09-04"",""run_id"":""ce48177ab95f4e858b9f677fa84ec5ff""},""upload_data"":{""date"":""2026-09-04"",""run_id"":""b943f5cc87fa42099b3ec1b731772dc7""}}"
22,22,"52.1294206 , 21.075145300000003","52.284789 , 20.9204741",urban-urban,urban,1963,"{""sample_routes"":{""date"":""2026-09-03"",""run_id"":""305125553a764c29bba4eed248d5b137""},""join_samples"":{""date"":""2026-09-04"",""run_id"":""ce48177ab95f4e858b9f677fa84ec5ff""},""upload_data"":{""date"":""2026-09-04"",""run_id"":""b943f5cc87fa42099b3ec1b731772dc7""}}"
23,23,"52.1649309 , 20.789658000000003","52.165497 , 21.118732100000003",urban-rural,urban,1970,"{""sample_routes"":{""date"":""2026-09-03"",""run_id"":""305125553a764c29bba4eed248d5b137""},""join_samples"":{""date"":""2026-09-04"",""run_id"":""ce48177ab95f4e858b9f677fa84ec5ff""},""upload_data"":{""date"":""2026-09-04"",""run_id"":""b943f5cc87fa42099b3ec1b731772dc7""}}"
24,24,"52.164588200000004 , 20.929031700000003","52.3079223 , 20.928462500000002",urban-urban,urban,1629,"{""sample_routes"":{""date"":""2026-09-03"",""run_id"":""305125553a764c29bba4eed248d5b137""},""join_samples"":{""date"":""2026-09-04"",""run_id"":""ce48177ab95f4e858b9f677fa84ec5ff""},""upload_data"":{""date"":""2026-09-04"",""run_id"":""b943f5cc87fa42099b3ec1b731772dc7""}}"
25,25,"52.2113846 , 20.7588042","52.211678500000005 , 21.070665",rural-urban,urban,1974,"{""sample_routes"":{""date"":""2026-09-03"",""run_id"":""305125553a764c29bba4eed248d5b137""},""join_samples"":{""date"":""2026-09-04"",""run_id"":""ce48177ab95f4e858b9f677fa84ec5ff""},""upload_data"":{""date"":""2026-09-04"",""run_id"":""b943f5cc87fa42099b3ec1b731772dc7""}}"
26,26,"52.311896700000005 , 20.976212200000003","52.1679886 , 20.976383600000002",urban-urban,urban,1624,"{""sample_routes"":{""date"":""2026-09-03"",""run_id"":""305125553a764c29bba4eed248d5b137""},""join_samples"":{""date"":""2026-09-04"",""run_id"":""ce48177ab95f4e858b9f677fa84ec5ff""},""upload_data"":{""date"":""2026-09-04"",""run_id"":""b943f5cc87fa42099b3ec1b731772dc7""}}"
27,27,"52.1708299 , 21.0684696","52.170311500000004 , 20.7494556",urban-rural,urban,1981,"{""sample_routes"":{""date"":""2026-09-03"",""run_id"":""305125553a764c29bba4eed248d5b137""},""join_samples"":{""date"":""2026-09-04"",""run_id"":""ce48177ab95f4e858b9f677fa84ec5ff""},""upload_data"":{""date"":""2026-09-04"",""run_id"":""b943f5cc87fa42099b3ec1b731772dc7""}}"
28,28,"52.208102700000005 , 20.9146773","52.3340344 , 21.0402673",urban-urban,urban,1616,"{""sample_routes"":{""date"":""2026-09-03"",""run_id"":""305125553a764c29bba4eed248d5b137""},""join_samples"":{""date"":""2026-09-04"",""run_id"":""ce48177ab95f4e858b9f677fa84ec5ff""},""upload_data"":{""date"":""2026-09-04"",""run_id"":""b943f5cc87fa42099b3ec1b731772dc7""}}"
29,29,"52.1502375 , 21.0382137","52.301306700000005 , 21.038636200000003",urban-urban,urban,1988,"{""sample_routes"":{""date"":""2026-09-03"",""run_id"":""305125553a764c29bba4eed248d5b137""},""join_samples"":{""date"":""2026-09-04"",""run_id"":""ce48177ab95f4e858b9f677fa84ec5ff""},""upload_data"":{""date"":""2026-09-04"",""run_id"":""b943f5cc87fa42099b3ec1b731772dc7""}}"
30,30,"52.158148700000005 , 21.081350800000003","52.300585600000005 , 20.939255900000003",urban-urban,urban,1608,"{""sample_routes"":{""date"":""2026-09-03"",""run_id"":""305125553a764c29bba4eed248d5b137""},""join_samples"":{""date"":""2026-09-04"",""run_id"":""ce48177ab95f4e858b9f677fa84ec5ff""},""upload_data"":{""date"":""2026-09-04"",""run_id"":""b943f5cc87fa42099b3ec1b731772dc7""}}"
31,31,"52.1670596 , 21.016659200000003","52.1677442 , 20.7435328",urban-rural,urban,1607,"{""sample_routes"":{""date"":""2026-09-03"",""run_id"":""305125553a764c29bba4eed248d5b137""},""join_samples"":{""date"":""2026-09-04"",""run_id"":""ce48177ab95f4e858b9f677fa84ec5ff""},""upload_data"":{""date"":""2026-09-04"",""run_id"":""b943f5cc87fa42099b3ec1b731772dc7""}}"
32,32,"52.186509900000004 , 21.035762700000003","52.187036500000005 , 20.7772122",urban-rural,urban,1994,"{""sample_routes"":{""date"":""2026-09-03"",""run_id"":""305125553a764c29bba4eed248d5b137""},""join_samples"":{""date"":""2026-09-04"",""run_id"":""ce48177ab95f4e858b9f677fa84ec5ff""},""upload_data"":{""date"":""2026-09-04"",""run_id"":""b943f5cc87fa42099b3ec1b731772dc7""}}"
33,33,"52.1402353 , 21.0250725","52.297354500000004 , 21.024666500000002",urban-urban,urban,2026,"{""sample_routes"":{""date"":""2026-09-03"",""run_id"":""305125553a764c29bba4eed248d5b137""},""join_samples"":{""date"":""2026-09-04"",""run_id"":""ce48177ab95f4e858b9f677fa84ec5ff""},""upload_data"":{""date"":""2026-09-04"",""run_id"":""b943f5cc87fa42099b3ec1b731772dc7""}}"
34,34,"52.1706738 , 21.106305900000002","52.336662100000005 , 20.9406094",rural-urban,urban,2029,"{""sample_routes"":{""date"":""2026-09-03"",""run_id"":""305125553a764c29bba4eed248d5b137""},""join_samples"":{""date"":""2026-09-04"",""run_id"":""ce48177ab95f4e858b9f677fa84ec5ff""},""upload_data"":{""date"":""2026-09-04"",""run_id"":""b943f5cc87fa42099b3ec1b731772dc7""}}"
35,35,"52.305745900000005 , 20.9420074","52.1512253 , 21.096800400000003",urban-rural,urban,2029,"{""sample_routes"":{""date"":""2026-09-03"",""run_id"":""305125553a764c29bba4eed248d5b137""},""join_samples"":{""date"":""2026-09-04"",""run_id"":""ce48177ab95f4e858b9f677fa84ec5ff""},""upload_data"":{""date"":""2026-09-04"",""run_id"":""b943f5cc87fa42099b3ec1b731772dc7""}}"
36,36,"52.323731800000004 , 21.0503079","52.144615900000005 , 21.050106300000003",urban-urban,urban,2033,"{""sample_routes"":{""date"":""2026-09-03"",""run_id"":""305125553a764c29bba4eed248d5b137""},""join_samples"":{""date"":""2026-09-04"",""run_id"":""ce48177ab95f4e858b9f677fa84ec5ff""},""upload_data"":{""date"":""2026-09-04"",""run_id"":""b943f5cc87fa42099b3ec1b731772dc7""}}"
37,37,"52.175304700000005 , 20.7714342","52.17555 , 21.1177792",urban-rural,urban,2037,"{""sample_routes"":{""date"":""2026-09-03"",""run_id"":""305125553a764c29bba4eed248d5b137""},""join_samples"":{""date"":""2026-09-04"",""run_id"":""ce48177ab95f4e858b9f677fa84ec5ff""},""upload_data"":{""date"":""2026-09-04"",""run_id"":""b943f5cc87fa42099b3ec1b731772dc7""}}"
38,38,"52.1911883 , 21.152459800000003","52.1916172 , 20.8395693",urban-urban,urban,2043,"{""sample_routes"":{""date"":""2026-09-03"",""run_id"":""305125553a764c29bba4eed248d5b137""},""join_samples"":{""date"":""2026-09-04"",""run_id"":""ce48177ab95f4e858b9f677fa84ec5ff""},""upload_data"":{""date"":""2026-09-04"",""run_id"":""b943f5cc87fa42099b3ec1b731772dc7""}}"
39,39,"52.1921072 , 20.831109100000003","52.1927676 , 21.144417500000003",urban-urban,urban,2045,"{""sample_routes"":{""date"":""2026-09-03"",""run_id"":""305125553a764c29bba4eed248d5b137""},""join_samples"":{""date"":""2026-09-04"",""run_id"":""ce48177ab95f4e858b9f677fa84ec5ff""},""upload_data"":{""date"":""2026-09-04"",""run_id"":""b943f5cc87fa42099b3ec1b731772dc7""}}"
40,40,"52.157560100000005 , 20.802894600000002","52.3133193 , 20.9580729",urban-urban,urban,2047,"{""sample_routes"":{""date"":""2026-09-03"",""run_id"":""305125553a764c29bba4eed248d5b137""},""join_samples"":{""date"":""2026-09-04"",""run_id"":""ce48177ab95f4e858b9f677fa84ec5ff""},""upload_data"":{""date"":""2026-09-04"",""run_id"":""b943f5cc87fa42099b3ec1b731772dc7""}}"
41,41,"52.134115900000005 , 21.074137800000003","52.318688800000004 , 21.0737309",urban-urban,urban,2050,"{""sample_routes"":{""date"":""2026-09-03"",""run_id"":""305125553a764c29bba4eed248d5b137""},""join_samples"":{""date"":""2026-09-04"",""run_id"":""ce48177ab95f4e858b9f677fa84ec5ff""},""upload_data"":{""date"":""2026-09-04"",""run_id"":""b943f5cc87fa42099b3ec1b731772dc7""}}"
42,42,"52.15774570000001 , 20.817063400000002","52.3174914 , 20.9770778",urban-urban,urban,2052,"{""sample_routes"":{""date"":""2026-09-03"",""run_id"":""305125553a764c29bba4eed248d5b137""},""join_samples"":{""date"":""2026-09-04"",""run_id"":""ce48177ab95f4e858b9f677fa84ec5ff""},""upload_data"":{""date"":""2026-09-04"",""run_id"":""b943f5cc87fa42099b3ec1b731772dc7""}}"
43,43,"52.259303900000006 , 21.1182146","52.258605800000005 , 20.8913511",urban-urban,urban,1544,"{""sample_routes"":{""date"":""2026-09-03"",""run_id"":""305125553a764c29bba4eed248d5b137""},""join_samples"":{""date"":""2026-09-04"",""run_id"":""ce48177ab95f4e858b9f677fa84ec5ff""},""upload_data"":{""date"":""2026-09-04"",""run_id"":""b943f5cc87fa42099b3ec1b731772dc7""}}"
44,44,"52.307065400000006 , 21.0688286","52.1522699 , 21.068136000000003",urban-urban,urban,2059,"{""sample_routes"":{""date"":""2026-09-03"",""run_id"":""305125553a764c29bba4eed248d5b137""},""join_samples"":{""date"":""2026-09-04"",""run_id"":""ce48177ab95f4e858b9f677fa84ec5ff""},""upload_data"":{""date"":""2026-09-04"",""run_id"":""b943f5cc87fa42099b3ec1b731772dc7""}}"
45,45,"52.202780800000006 , 20.8948573","52.3231163 , 21.0145434",urban-rural,urban,1541,"{""sample_routes"":{""date"":""2026-09-03"",""run_id"":""305125553a764c29bba4eed248d5b137""},""join_samples"":{""date"":""2026-09-04"",""run_id"":""ce48177ab95f4e858b9f677fa84ec5ff""},""upload_data"":{""date"":""2026-09-04"",""run_id"":""b943f5cc87fa42099b3ec1b731772dc7""}}"
46,46,"52.210169300000004 , 20.803306300000003","52.210841900000005 , 21.1532319",urban-urban,urban,2066,"{""sample_routes"":{""date"":""2026-09-03"",""run_id"":""305125553a764c29bba4eed248d5b137""},""join_samples"":{""date"":""2026-09-04"",""run_id"":""ce48177ab95f4e858b9f677fa84ec5ff""},""upload_data"":{""date"":""2026-09-04"",""run_id"":""b943f5cc87fa42099b3ec1b731772dc7""}}"
47,47,"52.1547743 , 21.212242500000002","52.154096300000006 , 20.9654613",urban-urban,mixed,1777,"{""sample_routes"":{""date"":""2026-09-03"",""run_id"":""305125553a764c29bba4eed248d5b137""},""join_samples"":{""date"":""2026-09-04"",""run_id"":""ce48177ab95f4e858b9f677fa84ec5ff""},""upload_data"":{""date"":""2026-09-04"",""run_id"":""b943f5cc87fa42099b3ec1b731772dc7""}}"
48,48,"52.172389 , 21.1998977","52.1718069 , 20.879223800000002",rural-rural,mixed,1774,"{""sample_routes"":{""date"":""2026-09-03"",""run_id"":""305125553a764c29bba4eed248d5b137""},""join_samples"":{""date"":""2026-09-04"",""run_id"":""ce48177ab95f4e858b9f677fa84ec5ff""},""upload_data"":{""date"":""2026-09-04"",""run_id"":""b943f5cc87fa42099b3ec1b731772dc7""}}"
49,49,"52.1616592 , 20.888408000000002","52.162058900000005 , 21.2238979",rural-urban,mixed,1854,"{""sample_routes"":{""date"":""2026-09-03"",""run_id"":""305125553a764c29bba4eed248d5b137""},""join_samples"":{""date"":""2026-09-04"",""run_id"":""ce48177ab95f4e858b9f677fa84ec5ff""},""upload_data"":{""date"":""2026-09-04"",""run_id"":""b943f5cc87fa42099b3ec1b731772dc7""}}"
50,50,"52.182784500000004 , 20.941039500000002","52.182326 , 21.218925600000002",urban-rural,mixed,1737,"{""sample_routes"":{""date"":""2026-09-03"",""run_id"":""305125553a764c29bba4eed248d5b137""},""join_samples"":{""date"":""2026-09-04"",""run_id"":""ce48177ab95f4e858b9f677fa84ec5ff""},""upload_data"":{""date"":""2026-09-04"",""run_id"":""b943f5cc87fa42099b3ec1b731772dc7""}}"
51,51,"52.275591500000004 , 21.0548016","52.1432243 , 21.187434500000002",urban-rural,mixed,1715,"{""sample_routes"":{""date"":""2026-09-03"",""run_id"":""305125553a764c29bba4eed248d5b137""},""join_samples"":{""date"":""2026-09-04"",""run_id"":""ce48177ab95f4e858b9f677fa84ec5ff""},""upload_data"":{""date"":""2026-09-04"",""run_id"":""b943f5cc87fa42099b3ec1b731772dc7""}}"
52,52,"52.176967000000005 , 21.1887684","52.1770463 , 20.877740300000003",urban-urban,mixed,1888,"{""sample_routes"":{""date"":""2026-09-03"",""run_id"":""305125553a764c29bba4eed248d5b137""},""join_samples"":{""date"":""2026-09-04"",""run_id"":""ce48177ab95f4e858b9f677fa84ec5ff""},""upload_data"":{""date"":""2026-09-04"",""run_id"":""b943f5cc87fa42099b3ec1b731772dc7""}}"
53,53,"52.1715445 , 20.8872578","52.171972000000004 , 21.2131019",rural-rural,mixed,1899,"{""sample_routes"":{""date"":""2026-09-03"",""run_id"":""305125553a764c29bba4eed248d5b137""},""join_samples"":{""date"":""2026-09-04"",""run_id"":""ce48177ab95f4e858b9f677fa84ec5ff""},""upload_data"":{""date"":""2026-09-04"",""run_id"":""b943f5cc87fa42099b3ec1b731772dc7""}}"
54,54,"52.159650000000006 , 21.187182200000002","52.1590466 , 20.8891442",rural-rural,mixed,1902,"{""sample_routes"":{""date"":""2026-09-03"",""run_id"":""305125553a764c29bba4eed248d5b137""},""join_samples"":{""date"":""2026-09-04"",""run_id"":""ce48177ab95f4e858b9f677fa84ec5ff""},""upload_data"":{""date"":""2026-09-04"",""run_id"":""b943f5cc87fa42099b3ec1b731772dc7""}}"
55,55,"52.145178 , 21.189760800000002","52.14448 , 20.9750957",rural-rural,mixed,1910,"{""sample_routes"":{""date"":""2026-09-03"",""run_id"":""305125553a764c29bba4eed248d5b137""},""join_samples"":{""date"":""2026-09-04"",""run_id"":""ce48177ab95f4e858b9f677fa84ec5ff""},""upload_data"":{""date"":""2026-09-04"",""run_id"":""b943f5cc87fa42099b3ec1b731772dc7""}}"
56,56,"52.1605599 , 20.894495000000003","52.1599512 , 21.1354238",urban-rural,mixed,1924,"{""sample_routes"":{""date"":""2026-09-03"",""run_id"":""305125553a764c29bba4eed248d5b137""},""join_samples"":{""date"":""2026-09-04"",""run_id"":""ce48177ab95f4e858b9f677fa84ec5ff""},""upload_data"":{""date"":""2026-09-04"",""run_id"":""b943f5cc87fa42099b3ec1b731772dc7""}}"
57,57,"52.1623177 , 21.1477201","52.2075359 , 21.192640400000002",rural-urban,mixed,1649,"{""sample_routes"":{""date"":""2026-09-03"",""run_id"":""305125553a764c29bba4eed248d5b137""},""join_samples"":{""date"":""2026-09-04"",""run_id"":""ce48177ab95f4e858b9f677fa84ec5ff""},""upload_data"":{""date"":""2026-09-04"",""run_id"":""b943f5cc87fa42099b3ec1b731772dc7""}}"
58,58,"52.137456 , 21.185568","52.2843408 , 21.039270600000002",rural-urban,mixed,1952,"{""sample_routes"":{""date"":""2026-09-03"",""run_id"":""305125553a764c29bba4eed248d5b137""},""join_samples"":{""date"":""2026-09-04"",""run_id"":""ce48177ab95f4e858b9f677fa84ec5ff""},""upload_data"":{""date"":""2026-09-04"",""run_id"":""b943f5cc87fa42099b3ec1b731772dc7""}}"
59,59,"52.169531400000004 , 21.2040104","52.168943000000006 , 20.8760184",rural-rural,mixed,1638,"{""sample_routes"":{""date"":""2026-09-03"",""run_id"":""305125553a764c29bba4eed248d5b137""},""join_samples"":{""date"":""2026-09-04"",""run_id"":""ce48177ab95f4e858b9f677fa84ec5ff""},""upload_data"":{""date"":""2026-09-04"",""run_id"":""b943f5cc87fa42099b3ec1b731772dc7""}}"
60,60,"52.177987200000004 , 20.8731143","52.177697300000005 , 21.2190896",urban-rural,mixed,1979,"{""sample_routes"":{""date"":""2026-09-03"",""run_id"":""305125553a764c29bba4eed248d5b137""},""join_samples"":{""date"":""2026-09-04"",""run_id"":""ce48177ab95f4e858b9f677fa84ec5ff""},""upload_data"":{""date"":""2026-09-04"",""run_id"":""b943f5cc87fa42099b3ec1b731772dc7""}}"
61,61,"52.1410555 , 21.190731900000003","52.141254200000006 , 20.970987400000002",rural-rural,mixed,1983,"{""sample_routes"":{""date"":""2026-09-03"",""run_id"":""305125553a764c29bba4eed248d5b137""},""join_samples"":{""date"":""2026-09-04"",""run_id"":""ce48177ab95f4e858b9f677fa84ec5ff""},""upload_data"":{""date"":""2026-09-04"",""run_id"":""b943f5cc87fa42099b3ec1b731772dc7""}}"
62,62,"52.1631699 , 20.8860901","52.162527700000005 , 21.1488491",rural-rural,mixed,1987,"{""sample_routes"":{""date"":""2026-09-03"",""run_id"":""305125553a764c29bba4eed248d5b137""},""join_samples"":{""date"":""2026-09-04"",""run_id"":""ce48177ab95f4e858b9f677fa84ec5ff""},""upload_data"":{""date"":""2026-09-04"",""run_id"":""b943f5cc87fa42099b3ec1b731772dc7""}}"
63,63,"52.1568106 , 20.987164","52.1564756 , 21.198650800000003",urban-rural,mixed,1595,"{""sample_routes"":{""date"":""2026-09-03"",""run_id"":""305125553a764c29bba4eed248d5b137""},""join_samples"":{""date"":""2026-09-04"",""run_id"":""ce48177ab95f4e858b9f677fa84ec5ff""},""upload_data"":{""date"":""2026-09-04"",""run_id"":""b943f5cc87fa42099b3ec1b731772dc7""}}"
64,64,"52.143334100000004 , 21.1991242","52.2700596 , 21.072513200000003",urban-urban,mixed,1588,"{""sample_routes"":{""date"":""2026-09-03"",""run_id"":""305125553a764c29bba4eed248d5b137""},""join_samples"":{""date"":""2026-09-04"",""run_id"":""ce48177ab95f4e858b9f677fa84ec5ff""},""upload_data"":{""date"":""2026-09-04"",""run_id"":""b943f5cc87fa42099b3ec1b731772dc7""}}"
65,65,"52.168547600000004 , 21.1942336","52.169191500000004 , 20.8628199",rural-urban,mixed,2032,"{""sample_routes"":{""date"":""2026-09-03"",""run_id"":""305125553a764c29bba4eed248d5b137""},""join_samples"":{""date"":""2026-09-04"",""run_id"":""ce48177ab95f4e858b9f677fa84ec5ff""},""upload_data"":{""date"":""2026-09-04"",""run_id"":""b943f5cc87fa42099b3ec1b731772dc7""}}"
66,66,"52.1703355 , 20.8594797","52.1708526 , 21.2305284",urban-rural,mixed,2050,"{""sample_routes"":{""date"":""2026-09-03"",""run_id"":""305125553a764c29bba4eed248d5b137""},""join_samples"":{""date"":""2026-09-04"",""run_id"":""ce48177ab95f4e858b9f677fa84ec5ff""},""upload_data"":{""date"":""2026-09-04"",""run_id"":""b943f5cc87fa42099b3ec1b731772dc7""}}"
0,0,"50.375605 , 18.9491894","50.2273666 , 18.9485677",urban-urban,urban,1800,"{""sample_routes"":{""date"":""2026-09-03"",""run_id"":""305125553a764c29bba4eed248d5b137""},""join_samples"":{""date"":""2026-09-04"",""run_id"":""ce48177ab95f4e858b9f677fa84ec5ff""},""upload_data"":{""date"":""2026-09-04"",""run_id"":""b943f5cc87fa42099b3ec1b731772dc7""}}"
1,1,"50.430838400000006 , 18.8706357","50.2798487 , 18.7194796",urban-urban,urban,1803,"{""sample_routes"":{""date"":""2026-09-03"",""run_id"":""305125553a764c29bba4eed248d5b137""},""join_samples"":{""date"":""2026-09-04"",""run_id"":""ce48177ab95f4e858b9f677fa84ec5ff""},""upload_data"":{""date"":""2026-09-04"",""run_id"":""b943f5cc87fa42099b3ec1b731772dc7""}}"
2,2,"50.205270000000006 , 19.2901825","50.205144600000004 , 19.0504353",urban-rural,urban,1825,"{""sample_routes"":{""date"":""2026-09-03"",""run_id"":""305125553a764c29bba4eed248d5b137""},""join_samples"":{""date"":""2026-09-04"",""run_id"":""ce48177ab95f4e858b9f677fa84ec5ff""},""upload_data"":{""date"":""2026-09-04"",""run_id"":""b943f5cc87fa42099b3ec1b731772dc7""}}"
3,3,"50.348590800000004 , 19.0882732","50.2208806 , 18.960936500000003",rural-urban,urban,1838,"{""sample_routes"":{""date"":""2026-09-03"",""run_id"":""305125553a764c29bba4eed248d5b137""},""join_samples"":{""date"":""2026-09-04"",""run_id"":""ce48177ab95f4e858b9f677fa84ec5ff""},""upload_data"":{""date"":""2026-09-04"",""run_id"":""b943f5cc87fa42099b3ec1b731772dc7""}}"
4,4,"50.449508200000004 , 18.864422","50.28844530000001 , 18.703673300000002",urban-urban,urban,1761,"{""sample_routes"":{""date"":""2026-09-03"",""run_id"":""305125553a764c29bba4eed248d5b137""},""join_samples"":{""date"":""2026-09-04"",""run_id"":""ce48177ab95f4e858b9f677fa84ec5ff""},""upload_data"":{""date"":""2026-09-04"",""run_id"":""b943f5cc87fa42099b3ec1b731772dc7""}}"
5,5,"50.336063200000005 , 19.2121111","50.2215744 , 19.096987900000002",urban-rural,urban,1843,"{""sample_routes"":{""date"":""2026-09-03"",""run_id"":""305125553a764c29bba4eed248d5b137""},""join_samples"":{""date"":""2026-09-04"",""run_id"":""ce48177ab95f4e858b9f677fa84ec5ff""},""upload_data"":{""date"":""2026-09-04"",""run_id"":""b943f5cc87fa42099b3ec1b731772dc7""}}"
6,6,"50.2335926 , 19.2086541","50.2329182 , 18.9384435",urban-urban,urban,1852,"{""sample_routes"":{""date"":""2026-09-03"",""run_id"":""305125553a764c29bba4eed248d5b137""},""join_samples"":{""date"":""2026-09-04"",""run_id"":""ce48177ab95f4e858b9f677fa84ec5ff""},""upload_data"":{""date"":""2026-09-04"",""run_id"":""b943f5cc87fa42099b3ec1b731772dc7""}}"
7,7,"50.225984700000005 , 18.9949748","50.341557200000004 , 19.110088",urban-rural,urban,1729,"{""sample_routes"":{""date"":""2026-09-03"",""run_id"":""305125553a764c29bba4eed248d5b137""},""join_samples"":{""date"":""2026-09-04"",""run_id"":""ce48177ab95f4e858b9f677fa84ec5ff""},""upload_data"":{""date"":""2026-09-04"",""run_id"":""b943f5cc87fa42099b3ec1b731772dc7""}}"
8,8,"50.3002447 , 18.998669800000002","50.4442985 , 18.8547549",urban-urban,urban,1882,"{""sample_routes"":{""date"":""2026-09-03"",""run_id"":""305125553a764c29bba4eed248d5b137""},""join_samples"":{""date"":""2026-09-04"",""run_id"":""ce48177ab95f4e858b9f677fa84ec5ff""},""upload_data"":{""date"":""2026-09-04"",""run_id"":""b943f5cc87fa42099b3ec1b731772dc7""}}"
9,9,"50.443450600000006 , 18.823138500000002","50.263682100000004 , 18.822581500000002",urban-urban,urban,1883,"{""sample_routes"":{""date"":""2026-09-03"",""run_id"":""305125553a764c29bba4eed248d5b137""},""join_samples"":{""date"":""2026-09-04"",""run_id"":""ce48177ab95f4e858b9f677fa84ec5ff""},""upload_data"":{""date"":""2026-09-04"",""run_id"":""b943f5cc87fa42099b3ec1b731772dc7""}}"
10,10,"50.2301359 , 18.961217100000002","50.35753750000001 , 18.8343005",urban-urban,urban,1884,"{""sample_routes"":{""date"":""2026-09-03"",""run_id"":""305125553a764c29bba4eed248d5b137""},""join_samples"":{""date"":""2026-09-04"",""run_id"":""ce48177ab95f4e858b9f677fa84ec5ff""},""upload_data"":{""date"":""2026-09-04"",""run_id"":""b943f5cc87fa42099b3ec1b731772dc7""}}"
11,11,"50.2224511 , 18.988427400000003","50.377005700000005 , 18.988208",urban-urban,urban,1886,"{""sample_routes"":{""date"":""2026-09-03"",""run_id"":""305125553a764c29bba4eed248d5b137""},""join_samples"":{""date"":""2026-09-04"",""run_id"":""ce48177ab95f4e858b9f677fa84ec5ff""},""upload_data"":{""date"":""2026-09-04"",""run_id"":""b943f5cc87fa42099b3ec1b731772dc7""}}"
12,12,"50.2763575 , 18.894180900000002","50.397209100000005 , 19.0155742",urban-rural,urban,1713,"{""sample_routes"":{""date"":""2026-09-03"",""run_id"":""305125553a764c29bba4eed248d5b137""},""join_samples"":{""date"":""2026-09-04"",""run_id"":""ce48177ab95f4e858b9f677fa84ec5ff""},""upload_data"":{""date"":""2026-09-04"",""run_id"":""b943f5cc87fa42099b3ec1b731772dc7""}}"
13,13,"50.303012900000006 , 18.8253978","50.468826400000005 , 18.826004",urban-rural,urban,1899,"{""sample_routes"":{""date"":""2026-09-03"",""run_id"":""305125553a764c29bba4eed248d5b137""},""join_samples"":{""date"":""2026-09-04"",""run_id"":""ce48177ab95f4e858b9f677fa84ec5ff""},""upload_data"":{""date"":""2026-09-04"",""run_id"":""b943f5cc87fa42099b3ec1b731772dc7""}}"
14,14,"50.2748835 , 18.9732145","50.413319800000004 , 18.9728423",urban-rural,urban,1693,"{""sample_routes"":{""date"":""2026-09-03"",""run_id"":""305125553a764c29bba4eed248d5b137""},""join_samples"":{""date"":""2026-09-04"",""run_id"":""ce48177ab95f4e858b9f677fa84ec5ff""},""upload_data"":{""date"":""2026-09-04"",""run_id"":""b943f5cc87fa42099b3ec1b731772dc7""}}"
15,15,"50.282910400000006 , 19.1354779","50.2824584 , 18.7883716",urban-urban,urban,1916,"{""sample_routes"":{""date"":""2026-09-03"",""run_id"":""305125553a764c29bba4eed248d5b137""},""join_samples"":{""date"":""2026-09-04"",""run_id"":""ce48177ab95f4e858b9f677fa84ec5ff""},""upload_data"":{""date"":""2026-09-04"",""run_id"":""b943f5cc87fa42099b3ec1b731772dc7""}}"
16,16,"50.2355177 , 18.969391","50.396174200000004 , 18.969985100000002",urban-urban,urban,1929,"{""sample_routes"":{""date"":""2026-09-03"",""run_id"":""305125553a764c29bba4eed248d5b137""},""join_samples"":{""date"":""2026-09-04"",""run_id"":""ce48177ab95f4e858b9f677fa84ec5ff""},""upload_data"":{""date"":""2026-09-04"",""run_id"":""b943f5cc87fa42099b3ec1b731772dc7""}}"
17,17,"50.31472 , 18.638189800000003","50.314665100000006 , 18.980876000000002",rural-urban,urban,1934,"{""sample_routes"":{""date"":""2026-09-03"",""run_id"":""305125553a764c29bba4eed248d5b137""},""join_samples"":{""date"":""2026-09-04"",""run_id"":""ce48177ab95f4e858b9f677fa84ec5ff""},""upload_data"":{""date"":""2026-09-04"",""run_id"":""b943f5cc87fa42099b3ec1b731772dc7""}}"
18,18,"50.219979200000004 , 19.0707345","50.3622188 , 19.2127558",urban-rural,urban,1936,"{""sample_routes"":{""date"":""2026-09-03"",""run_id"":""305125553a764c29bba4eed248d5b137""},""join_samples"":{""date"":""2026-09-04"",""run_id"":""ce48177ab95f4e858b9f677fa84ec5ff""},""upload_data"":{""date"":""2026-09-04"",""run_id"":""b943f5cc87fa42099b3ec1b731772dc7""}}"
19,19,"50.2503727 , 19.0012161","50.399284200000004 , 18.8519525",urban-urban,urban,1937,"{""sample_routes"":{""date"":""2026-09-03"",""run_id"":""305125553a764c29bba4eed248d5b137""},""join_samples"":{""date"":""2026-09-04"",""run_id"":""ce48177ab95f4e858b9f677fa84ec5ff""},""upload_data"":{""date"":""2026-09-04"",""run_id"":""b943f5cc87fa42099b3ec1b731772dc7""}}"
20,20,"50.3248522 , 18.5794853","50.3246033 , 18.9387833",rural-urban,urban,1945,"{""sample_routes"":{""date"":""2026-09-03"",""run_id"":""305125553a764c29bba4eed248d5b137""},""join_samples"":{""date"":""2026-09-04"",""run_id"":""ce48177ab95f4e858b9f677fa84ec5ff""},""upload_data"":{""date"":""2026-09-04"",""run_id"":""b943f5cc87fa42099b3ec1b731772dc7""}}"
21,21,"50.3065093 , 18.918205800000003","50.4052774 , 19.017493700000003",urban-rural,urban,1655,"{""sample_routes"":{""date"":""2026-09-03"",""run_id"":""305125553a764c29bba4eed248d5b137""},""join_samples"":{""date"":""2026-09-04"",""run_id"":""ce48177ab95f4e858b9f677fa84ec5ff""},""upload_data"":{""date"":""2026-09-04"",""run_id"":""b943f5cc87fa42099b3ec1b731772dc7""}}"
22,22,"50.3865629 , 18.9423254","50.26273320000001 , 18.8186193",urban-urban,urban,1641,"{""sample_routes"":{""date"":""2026-09-03"",""run_id"":""305125553a764c29bba4eed248d5b137""},""join_samples"":{""date"":""2026-09-04"",""run_id"":""ce48177ab95f4e858b9f677fa84ec5ff""},""upload_data"":{""date"":""2026-09-04"",""run_id"":""b943f5cc87fa42099b3ec1b731772dc7""}}"
23,23,"50.238733200000006 , 19.2765056","50.2385474 , 18.9877056",rural-urban,urban,1962,"{""sample_routes"":{""date"":""2026-09-03"",""run_id"":""305125553a764c29bba4eed248d5b137""},""join_samples"":{""date"":""2026-09-04"",""run_id"":""ce48177ab95f4e858b9f677fa84ec5ff""},""upload_data"":{""date"":""2026-09-04"",""run_id"":""b943f5cc87fa42099b3ec1b731772dc7""}}"
24,24,"50.280528100000005 , 18.9652973","50.428823200000004 , 18.8166085",urban-urban,urban,1966,"{""sample_routes"":{""date"":""2026-09-03"",""run_id"":""305125553a764c29bba4eed248d5b137""},""join_samples"":{""date"":""2026-09-04"",""run_id"":""ce48177ab95f4e858b9f677fa84ec5ff""},""upload_data"":{""date"":""2026-09-04"",""run_id"":""b943f5cc87fa42099b3ec1b731772dc7""}}"
25,25,"50.196206800000006 , 19.117768","50.341504 , 19.2623977",rural-urban,urban,1967,"{""sample_routes"":{""date"":""2026-09-03"",""run_id"":""305125553a764c29bba4eed248d5b137""},""join_samples"":{""date"":""2026-09-04"",""run_id"":""ce48177ab95f4e858b9f677fa84ec5ff""},""upload_data"":{""date"":""2026-09-04"",""run_id"":""b943f5cc87fa42099b3ec1b731772dc7""}}"
26,26,"50.4583019 , 18.854256900000003","50.3112659 , 18.853944900000002",urban-urban,urban,1633,"{""sample_routes"":{""date"":""2026-09-03"",""run_id"":""305125553a764c29bba4eed248d5b137""},""join_samples"":{""date"":""2026-09-04"",""run_id"":""ce48177ab95f4e858b9f677fa84ec5ff""},""upload_data"":{""date"":""2026-09-04"",""run_id"":""b943f5cc87fa42099b3ec1b731772dc7""}}"
27,27,"50.2979125 , 18.6688653","50.297276700000005 , 19.046528600000002",urban-urban,urban,1969,"{""sample_routes"":{""date"":""2026-09-03"",""run_id"":""305125553a764c29bba4eed248d5b137""},""join_samples"":{""date"":""2026-09-04"",""run_id"":""ce48177ab95f4e858b9f677fa84ec5ff""},""upload_data"":{""date"":""2026-09-04"",""run_id"":""b943f5cc87fa42099b3ec1b731772dc7""}}"
28,28,"50.4044339 , 18.9023572","50.269307500000004 , 18.766741",urban-rural,urban,1977,"{""sample_routes"":{""date"":""2026-09-03"",""run_id"":""305125553a764c29bba4eed248d5b137""},""join_samples"":{""date"":""2026-09-04"",""run_id"":""ce48177ab95f4e858b9f677fa84ec5ff""},""upload_data"":{""date"":""2026-09-04"",""run_id"":""b943f5cc87fa42099b3ec1b731772dc7""}}"
29,29,"50.250431600000006 , 18.9018826","50.4396841 , 18.9012566",urban-rural,urban,1983,"{""sample_routes"":{""date"":""2026-09-03"",""run_id"":""305125553a764c29bba4eed248d5b137""},""join_samples"":{""date"":""2026-09-04"",""run_id"":""ce48177ab95f4e858b9f677fa84ec5ff""},""upload_data"":{""date"":""2026-09-04"",""run_id"":""b943f5cc87fa42099b3ec1b731772dc7""}}"
30,30,"50.4505544 , 18.843119","50.268087300000005 , 18.843133700000003",urban-urban,urban,1984,"{""sample_routes"":{""date"":""2026-09-03"",""run_id"":""305125553a764c29bba4eed248d5b137""},""join_samples"":{""date"":""2026-09-04"",""run_id"":""ce48177ab95f4e858b9f677fa84ec5ff""},""upload_data"":{""date"":""2026-09-04"",""run_id"":""b943f5cc87fa42099b3ec1b731772dc7""}}"
31,31,"50.2711848 , 19.013862200000002","50.418434700000006 , 18.866253200000003",urban-urban,urban,1993,"{""sample_routes"":{""date"":""2026-09-03"",""run_id"":""305125553a764c29bba4eed248d5b137""},""join_samples"":{""date"":""2026-09-04"",""run_id"":""ce48177ab95f4e858b9f677fa84ec5ff""},""upload_data"":{""date"":""2026-09-04"",""run_id"":""b943f5cc87fa42099b3ec1b731772dc7""}}"
32,32,"50.306899200000004 , 19.062821500000002","50.3065476 , 18.7483064",urban-urban,urban,1994,"{""sample_routes"":{""date"":""2026-09-03"",""run_id"":""305125553a764c29bba4eed248d5b137""},""join_samples"":{""date"":""2026-09-04"",""run_id"":""ce48177ab95f4e858b9f677fa84ec5ff""},""upload_data"":{""date"":""2026-09-04"",""run_id"":""b943f5cc87fa42099b3ec1b731772dc7""}}"
33,33,"50.253347600000005 , 19.0198189","50.4071183 , 18.866492400000002",urban-urban,urban,1998,"{""sample_routes"":{""date"":""2026-09-03"",""run_id"":""305125553a764c29bba4eed248d5b137""},""join_samples"":{""date"":""2026-09-04"",""run_id"":""ce48177ab95f4e858b9f677fa84ec5ff""},""upload_data"":{""date"":""2026-09-04"",""run_id"":""b943f5cc87fa42099b3ec1b731772dc7""}}"
34,34,"50.406539800000004 , 18.902065","50.2631317 , 19.0453189",urban-urban,urban,1999,"{""sample_routes"":{""date"":""2026-09-03"",""run_id"":""305125553a764c29bba4eed248d5b137""},""join_samples"":{""date"":""2026-09-04"",""run_id"":""ce48177ab95f4e858b9f677fa84ec5ff""},""upload_data"":{""date"":""2026-09-04"",""run_id"":""b943f5cc87fa42099b3ec1b731772dc7""}}"
35,35,"50.2398596 , 18.8800572","50.408518300000004 , 18.8798655",rural-urban,urban,2004,"{""sample_routes"":{""date"":""2026-09-03"",""run_id"":""305125553a764c29bba4eed248d5b137""},""join_samples"":{""date"":""2026-09-04"",""run_id"":""ce48177ab95f4e858b9f677fa84ec5ff""},""upload_data"":{""date"":""2026-09-04"",""run_id"":""b943f5cc87fa42099b3ec1b731772dc7""}}"
36,36,"50.240669800000006 , 18.853192","50.2402856 , 19.1787858",urban-urban,urban,2008,"{""sample_routes"":{""date"":""2026-09-03"",""run_id"":""305125553a764c29bba4eed248d5b137""},""join_samples"":{""date"":""2026-09-04"",""run_id"":""ce48177ab95f4e858b9f677fa84ec5ff""},""upload_data"":{""date"":""2026-09-04"",""run_id"":""b943f5cc87fa42099b3ec1b731772dc7""}}"
37,37,"50.227519400000006 , 19.1689405","50.227708500000006 , 18.8662546",rural-rural,urban,2011,"{""sample_routes"":{""date"":""2026-09-03"",""run_id"":""305125553a764c29bba4eed248d5b137""},""join_samples"":{""date"":""2026-09-04"",""run_id"":""ce48177ab95f4e858b9f677fa84ec5ff""},""upload_data"":{""date"":""2026-09-04"",""run_id"":""b943f5cc87fa42099b3ec1b731772dc7""}}"
38,38,"50.396855200000005 , 18.971170700000002","50.2202648 , 18.9709569",urban-urban,urban,2022,"{""sample_routes"":{""date"":""2026-09-03"",""run_id"":""305125553a764c29bba4eed248d5b137""},""join_samples"":{""date"":""2026-09-04"",""run_id"":""ce48177ab95f4e858b9f677fa84ec5ff""},""upload_data"":{""date"":""2026-09-04"",""run_id"":""b943f5cc87fa42099b3ec1b731772dc7""}}"
39,39,"50.303484600000004 , 18.928317","50.4207824 , 18.8105985",urban-rural,urban,1569,"{""sample_routes"":{""date"":""2026-09-03"",""run_id"":""305125553a764c29bba4eed248d5b137""},""join_samples"":{""date"":""2026-09-04"",""run_id"":""ce48177ab95f4e858b9f677fa84ec5ff""},""upload_data"":{""date"":""2026-09-04"",""run_id"":""b943f5cc87fa42099b3ec1b731772dc7""}}"
40,40,"50.233912700000005 , 18.9788435","50.233324 , 19.292071800000002",urban-rural,urban,2038,"{""sample_routes"":{""date"":""2026-09-03"",""run_id"":""305125553a764c29bba4eed248d5b137""},""join_samples"":{""date"":""2026-09-04"",""run_id"":""ce48177ab95f4e858b9f677fa84ec5ff""},""upload_data"":{""date"":""2026-09-04"",""run_id"":""b943f5cc87fa42099b3ec1b731772dc7""}}"
41,41,"50.208356 , 19.2571923","50.2077043 , 19.051389800000003",urban-rural,urban,1557,"{""sample_routes"":{""date"":""2026-09-03"",""run_id"":""305125553a764c29bba4eed248d5b137""},""join_samples"":{""date"":""2026-09-04"",""run_id"":""ce48177ab95f4e858b9f677fa84ec5ff""},""upload_data"":{""date"":""2026-09-04"",""run_id"":""b943f5cc87fa42099b3ec1b731772dc7""}}"
42,42,"50.2179014 , 19.1277315","50.3388264 , 19.2483744",rural-rural,urban,2047,"{""sample_routes"":{""date"":""2026-09-03"",""run_id"":""305125553a764c29bba4eed248d5b137""},""join_samples"":{""date"":""2026-09-04"",""run_id"":""ce48177ab95f4e858b9f677fa84ec5ff""},""upload_data"":{""date"":""2026-09-04"",""run_id"":""b943f5cc87fa42099b3ec1b731772dc7""}}"
43,43,"50.2508119 , 18.981408000000002","50.35549880000001 , 19.085515700000002",urban-rural,urban,1551,"{""sample_routes"":{""date"":""2026-09-03"",""run_id"":""305125553a764c29bba4eed248d5b137""},""join_samples"":{""date"":""2026-09-04"",""run_id"":""ce48177ab95f4e858b9f677fa84ec5ff""},""upload_data"":{""date"":""2026-09-04"",""run_id"":""b943f5cc87fa42099b3ec1b731772dc7""}}"
44,44,"50.2377338 , 19.2166307","50.341261900000006 , 19.2171142",urban-urban,urban,1534,"{""sample_routes"":{""date"":""2026-09-03"",""run_id"":""305125553a764c29bba4eed248d5b137""},""join_samples"":{""date"":""2026-09-04"",""run_id"":""ce48177ab95f4e858b9f677fa84ec5ff""},""upload_data"":{""date"":""2026-09-04"",""run_id"":""b943f5cc87fa42099b3ec1b731772dc7""}}"
45,45,"50.301989400000004 , 18.7451666","50.3022007 , 19.1041077",urban-urban,urban,2066,"{""sample_routes"":{""date"":""2026-09-03"",""run_id"":""305125553a764c29bba4eed248d5b137""},""join_samples"":{""date"":""2026-09-04"",""run_id"":""ce48177ab95f4e858b9f677fa84ec5ff""},""upload_data"":{""date"":""2026-09-04"",""run_id"":""b943f5cc87fa42099b3ec1b731772dc7""}}"
46,46,"50.4011785 , 18.8995964","50.2475539 , 18.899841900000002",urban-urban,urban,2069,"{""sample_routes"":{""date"":""2026-09-03"",""run_id"":""305125553a764c29bba4eed248d5b137""},""join_samples"":{""date"":""2026-09-04"",""run_id"":""ce48177ab95f4e858b9f677fa84ec5ff""},""upload_data"":{""date"":""2026-09-04"",""run_id"":""b943f5cc87fa42099b3ec1b731772dc7""}}"
47,47,"50.315198200000005 , 18.8528349","50.315854200000004 , 18.549701900000002",urban-rural,mixed,1798,"{""sample_routes"":{""date"":""2026-09-03"",""run_id"":""305125553a764c29bba4eed248d5b137""},""join_samples"":{""date"":""2026-09-04"",""run_id"":""ce48177ab95f4e858b9f677fa84ec5ff""},""upload_data"":{""date"":""2026-09-04"",""run_id"":""b943f5cc87fa42099b3ec1b731772dc7""}}"
48,48,"50.2738187 , 19.1680132","50.4095257 , 19.0324926",urban-rural,mixed,1817,"{""sample_routes"":{""date"":""2026-09-03"",""run_id"":""305125553a764c29bba4eed248d5b137""},""join_samples"":{""date"":""2026-09-04"",""run_id"":""ce48177ab95f4e858b9f677fa84ec5ff""},""upload_data"":{""date"":""2026-09-04"",""run_id"":""b943f5cc87fa42099b3ec1b731772dc7""}}"
49,49,"50.2920487 , 19.244960600000002","50.177469 , 19.1309277",rural-rural,mixed,1819,"{""sample_routes"":{""date"":""2026-09-03"",""run_id"":""305125553a764c29bba4eed248d5b137""},""join_samples"":{""date"":""2026-09-04"",""run_id"":""ce48177ab95f4e858b9f677fa84ec5ff""},""upload_data"":{""date"":""2026-09-04"",""run_id"":""b943f5cc87fa42099b3ec1b731772dc7""}}"
50,50,"50.227823 , 19.1507904","50.3614642 , 19.017197600000003",urban-rural,mixed,1862,"{""sample_routes"":{""date"":""2026-09-03"",""run_id"":""305125553a764c29bba4eed248d5b137""},""join_samples"":{""date"":""2026-09-04"",""run_id"":""ce48177ab95f4e858b9f677fa84ec5ff""},""upload_data"":{""date"":""2026-09-04"",""run_id"":""b943f5cc87fa42099b3ec1b731772dc7""}}"
51,51,"50.189615700000004 , 19.1802077","50.351724000000004 , 19.1805501",rural-rural,mixed,1885,"{""sample_routes"":{""date"":""2026-09-03"",""run_id"":""305125553a764c29bba4eed248d5b137""},""join_samples"":{""date"":""2026-09-04"",""run_id"":""ce48177ab95f4e858b9f677fa84ec5ff""},""upload_data"":{""date"":""2026-09-04"",""run_id"":""b943f5cc87fa42099b3ec1b731772dc7""}}"
52,52,"50.324955100000004 , 19.0031716","50.325 , 18.7288494",urban-rural,mixed,1911,"{""sample_routes"":{""date"":""2026-09-03"",""run_id"":""305125553a764c29bba4eed248d5b137""},""join_samples"":{""date"":""2026-09-04"",""run_id"":""ce48177ab95f4e858b9f677fa84ec5ff""},""upload_data"":{""date"":""2026-09-04"",""run_id"":""b943f5cc87fa42099b3ec1b731772dc7""}}"
53,53,"50.269054800000006 , 18.809745900000003","50.26881040000001 , 18.5838408",urban-rural,mixed,1688,"{""sample_routes"":{""date"":""2026-09-03"",""run_id"":""305125553a764c29bba4eed248d5b137""},""join_samples"":{""date"":""2026-09-04"",""run_id"":""ce48177ab95f4e858b9f677fa84ec5ff""},""upload_data"":{""date"":""2026-09-04"",""run_id"":""b943f5cc87fa42099b3ec1b731772dc7""}}"
54,54,"50.3326092 , 18.563315900000003","50.3320115 , 18.927194",rural-urban,mixed,1937,"{""sample_routes"":{""date"":""2026-09-03"",""run_id"":""305125553a764c29bba4eed248d5b137""},""join_samples"":{""date"":""2026-09-04"",""run_id"":""ce48177ab95f4e858b9f677fa84ec5ff""},""upload_data"":{""date"":""2026-09-04"",""run_id"":""b943f5cc87fa42099b3ec1b731772dc7""}}"
55,55,"50.196190800000004 , 19.2586406","50.1500319 , 19.2583387",urban-rural,mixed,1945,"{""sample_routes"":{""date"":""2026-09-03"",""run_id"":""305125553a764c29bba4eed248d5b137""},""join_samples"":{""date"":""2026-09-04"",""run_id"":""ce48177ab95f4e858b9f677fa84ec5ff""},""upload_data"":{""date"":""2026-09-04"",""run_id"":""b943f5cc87fa42099b3ec1b731772dc7""}}"
56,56,"50.262987900000006 , 18.9363505","50.392811200000004 , 19.065733700000003",urban-rural,mixed,1951,"{""sample_routes"":{""date"":""2026-09-03"",""run_id"":""305125553a764c29bba4eed248d5b137""},""join_samples"":{""date"":""2026-09-04"",""run_id"":""ce48177ab95f4e858b9f677fa84ec5ff""},""upload_data"":{""date"":""2026-09-04"",""run_id"":""b943f5cc87fa42099b3ec1b731772dc7""}}"
57,57,"50.2063119 , 19.1401799","50.303081000000006 , 19.236575900000002",rural-rural,mixed,1645,"{""sample_routes"":{""date"":""2026-09-03"",""run_id"":""305125553a764c29bba4eed248d5b137""},""join_samples"":{""date"":""2026-09-04"",""run_id"":""ce48177ab95f4e858b9f677fa84ec5ff""},""upload_data"":{""date"":""2026-09-04"",""run_id"":""b943f5cc87fa42099b3ec1b731772dc7""}}"
58,58,"50.344892800000004 , 19.1334892","50.175897400000004 , 19.134035100000002",rural-rural,mixed,1958,"{""sample_routes"":{""date"":""2026-09-03"",""run_id"":""305125553a764c29bba4eed248d5b137""},""join_samples"":{""date"":""2026-09-04"",""run_id"":""ce48177ab95f4e858b9f677fa84ec5ff""},""upload_data"":{""date"":""2026-09-04"",""run_id"":""b943f5cc87fa42099b3ec1b731772dc7""}}"
59,59,"50.2817707 , 18.9677669","50.390199200000005 , 19.0763651",urban-rural,mixed,1630,"{""sample_routes"":{""date"":""2026-09-03"",""run_id"":""305125553a764c29bba4eed248d5b137""},""join_samples"":{""date"":""2026-09-04"",""run_id"":""ce48177ab95f4e858b9f677fa84ec5ff""},""upload_data"":{""date"":""2026-09-04"",""run_id"":""b943f5cc87fa42099b3ec1b731772dc7""}}"
60,60,"50.2436554 , 19.0511427","50.4113665 , 19.051308600000002",urban-rural,mixed,1970,"{""sample_routes"":{""date"":""2026-09-03"",""run_id"":""305125553a764c29bba4eed248d5b137""},""join_samples"":{""date"":""2026-09-04"",""run_id"":""ce48177ab95f4e858b9f677fa84ec5ff""},""upload_data"":{""date"":""2026-09-04"",""run_id"":""b943f5cc87fa42099b3ec1b731772dc7""}}"
61,61,"50.1984356 , 19.288688200000003","50.152335900000004 , 19.2421556",urban-rural,mixed,1985,"{""sample_routes"":{""date"":""2026-09-03"",""run_id"":""305125553a764c29bba4eed248d5b137""},""join_samples"":{""date"":""2026-09-04"",""run_id"":""ce48177ab95f4e858b9f677fa84ec5ff""},""upload_data"":{""date"":""2026-09-04"",""run_id"":""b943f5cc87fa42099b3ec1b731772dc7""}}"
62,62,"50.4053927 , 18.912391500000002","50.2385347 , 18.7456944",urban-rural,mixed,2030,"{""sample_routes"":{""date"":""2026-09-03"",""run_id"":""305125553a764c29bba4eed248d5b137""},""join_samples"":{""date"":""2026-09-04"",""run_id"":""ce48177ab95f4e858b9f677fa84ec5ff""},""upload_data"":{""date"":""2026-09-04"",""run_id"":""b943f5cc87fa42099b3ec1b731772dc7""}}"
63,63,"50.1817232 , 19.2796422","50.364005500000005 , 19.279431900000002",rural-rural,mixed,2039,"{""sample_routes"":{""date"":""2026-09-03"",""run_id"":""305125553a764c29bba4eed248d5b137""},""join_samples"":{""date"":""2026-09-04"",""run_id"":""ce48177ab95f4e858b9f677fa84ec5ff""},""upload_data"":{""date"":""2026-09-04"",""run_id"":""b943f5cc87fa42099b3ec1b731772dc7""}}"
64,64,"50.238903300000004 , 19.1433471","50.397187100000004 , 18.984608700000003",urban-urban,mixed,2050,"{""sample_routes"":{""date"":""2026-09-03"",""run_id"":""305125553a764c29bba4eed248d5b137""},""join_samples"":{""date"":""2026-09-04"",""run_id"":""ce48177ab95f4e858b9f677fa84ec5ff""},""upload_data"":{""date"":""2026-09-04"",""run_id"":""b943f5cc87fa42099b3ec1b731772dc7""}}"
65,65,"50.3451133 , 18.866620700000002","50.345431000000005 , 19.0849757",rural-rural,mixed,1544,"{""sample_routes"":{""date"":""2026-09-03"",""run_id"":""305125553a764c29bba4eed248d5b137""},""join_samples"":{""date"":""2026-09-04"",""run_id"":""ce48177ab95f4e858b9f677fa84ec5ff""},""upload_data"":{""date"":""2026-09-04"",""run_id"":""b943f5cc87fa42099b3ec1b731772dc7""}}"
66,66,"50.384494200000006 , 19.042933700000003","50.198275 , 19.0426435",rural-rural,mixed,2059,"{""sample_routes"":{""date"":""2026-09-03"",""run_id"":""305125553a764c29bba4eed248d5b137""},""join_samples"":{""date"":""2026-09-04"",""run_id"":""ce48177ab95f4e858b9f677fa84ec5ff""},""upload_data"":{""date"":""2026-09-04"",""run_id"":""b943f5cc87fa42099b3ec1b731772dc7""}}"
0,0,"50.063862300000004 , 19.8584327","50.06322290000001 , 20.073445800000002",urban-urban,urban,1763,"{""sample_routes"":{""date"":""2026-09-03"",""run_id"":""305125553a764c29bba4eed248d5b137""},""join_samples"":{""date"":""2026-09-04"",""run_id"":""ce48177ab95f4e858b9f677fa84ec5ff""},""upload_data"":{""date"":""2026-09-04"",""run_id"":""b943f5cc87fa42099b3ec1b731772dc7""}}"
1,1,"50.007417200000006 , 20.0449369","50.099984000000006 , 19.9526359",urban-urban,urban,1762,"{""sample_routes"":{""date"":""2026-09-03"",""run_id"":""305125553a764c29bba4eed248d5b137""},""join_samples"":{""date"":""2026-09-04"",""run_id"":""ce48177ab95f4e858b9f677fa84ec5ff""},""upload_data"":{""date"":""2026-09-04"",""run_id"":""b943f5cc87fa42099b3ec1b731772dc7""}}"
2,2,"50.0600986 , 19.869166","50.0600718 , 20.076185900000002",urban-urban,urban,1741,"{""sample_routes"":{""date"":""2026-09-03"",""run_id"":""305125553a764c29bba4eed248d5b137""},""join_samples"":{""date"":""2026-09-04"",""run_id"":""ce48177ab95f4e858b9f677fa84ec5ff""},""upload_data"":{""date"":""2026-09-04"",""run_id"":""b943f5cc87fa42099b3ec1b731772dc7""}}"
3,3,"50.006054600000006 , 20.047554100000003","50.100461 , 19.952522300000002",urban-urban,urban,1736,"{""sample_routes"":{""date"":""2026-09-03"",""run_id"":""305125553a764c29bba4eed248d5b137""},""join_samples"":{""date"":""2026-09-04"",""run_id"":""ce48177ab95f4e858b9f677fa84ec5ff""},""upload_data"":{""date"":""2026-09-04"",""run_id"":""b943f5cc87fa42099b3ec1b731772dc7""}}"
4,4,"50.0651366 , 19.8553262","50.064453900000004 , 20.071005800000002",urban-urban,urban,1736,"{""sample_routes"":{""date"":""2026-09-03"",""run_id"":""305125553a764c29bba4eed248d5b137""},""join_samples"":{""date"":""2026-09-04"",""run_id"":""ce48177ab95f4e858b9f677fa84ec5ff""},""upload_data"":{""date"":""2026-09-04"",""run_id"":""b943f5cc87fa42099b3ec1b731772dc7""}}"
5,5,"50.0089088 , 20.0453385","50.100841700000004 , 19.9529396",urban-urban,urban,1726,"{""sample_routes"":{""date"":""2026-09-03"",""run_id"":""305125553a764c29bba4eed248d5b137""},""join_samples"":{""date"":""2026-09-04"",""run_id"":""ce48177ab95f4e858b9f677fa84ec5ff""},""upload_data"":{""date"":""2026-09-04"",""run_id"":""b943f5cc87fa42099b3ec1b731772dc7""}}"
6,6,"50.006075100000004 , 20.0478978","50.1009285 , 19.9525559",urban-urban,urban,1724,"{""sample_routes"":{""date"":""2026-09-03"",""run_id"":""305125553a764c29bba4eed248d5b137""},""join_samples"":{""date"":""2026-09-04"",""run_id"":""ce48177ab95f4e858b9f677fa84ec5ff""},""upload_data"":{""date"":""2026-09-04"",""run_id"":""b943f5cc87fa42099b3ec1b731772dc7""}}"
7,7,"50.0613958 , 19.8688256","50.060875 , 20.0692907",urban-urban,urban,1711,"{""sample_routes"":{""date"":""2026-09-03"",""run_id"":""305125553a764c29bba4eed248d5b137""},""join_samples"":{""date"":""2026-09-04"",""run_id"":""ce48177ab95f4e858b9f677fa84ec5ff""},""upload_data"":{""date"":""2026-09-04"",""run_id"":""b943f5cc87fa42099b3ec1b731772dc7""}}"
8,8,"50.0563999 , 20.020508","50.0567676 , 19.854429200000002",urban-urban,urban,1698,"{""sample_routes"":{""date"":""2026-09-03"",""run_id"":""305125553a764c29bba4eed248d5b137""},""join_samples"":{""date"":""2026-09-04"",""run_id"":""ce48177ab95f4e858b9f677fa84ec5ff""},""upload_data"":{""date"":""2026-09-04"",""run_id"":""b943f5cc87fa42099b3ec1b731772dc7""}}"
9,9,"50.074455500000006 , 19.8661248","50.075001900000004 , 20.0619991",urban-urban,urban,1683,"{""sample_routes"":{""date"":""2026-09-03"",""run_id"":""305125553a764c29bba4eed248d5b137""},""join_samples"":{""date"":""2026-09-04"",""run_id"":""ce48177ab95f4e858b9f677fa84ec5ff""},""upload_data"":{""date"":""2026-09-04"",""run_id"":""b943f5cc87fa42099b3ec1b731772dc7""}}"
10,10,"50.006627800000004 , 20.0413201","50.101530000000004 , 19.9466423",urban-urban,urban,1675,"{""sample_routes"":{""date"":""2026-09-03"",""run_id"":""305125553a764c29bba4eed248d5b137""},""join_samples"":{""date"":""2026-09-04"",""run_id"":""ce48177ab95f4e858b9f677fa84ec5ff""},""upload_data"":{""date"":""2026-09-04"",""run_id"":""b943f5cc87fa42099b3ec1b731772dc7""}}"
11,11,"50.0669241 , 19.8548474","50.0670779 , 20.0689026",urban-urban,urban,1665,"{""sample_routes"":{""date"":""2026-09-03"",""run_id"":""305125553a764c29bba4eed248d5b137""},""join_samples"":{""date"":""2026-09-04"",""run_id"":""ce48177ab95f4e858b9f677fa84ec5ff""},""upload_data"":{""date"":""2026-09-04"",""run_id"":""b943f5cc87fa42099b3ec1b731772dc7""}}"
12,12,"50.0075067 , 20.0415758","50.101230400000006 , 19.9485205",urban-urban,urban,1665,"{""sample_routes"":{""date"":""2026-09-03"",""run_id"":""305125553a764c29bba4eed248d5b137""},""join_samples"":{""date"":""2026-09-04"",""run_id"":""ce48177ab95f4e858b9f677fa84ec5ff""},""upload_data"":{""date"":""2026-09-04"",""run_id"":""b943f5cc87fa42099b3ec1b731772dc7""}}"
13,13,"50.0670957 , 19.8544802","50.0670779 , 20.0689026",urban-urban,urban,1665,"{""sample_routes"":{""date"":""2026-09-03"",""run_id"":""305125553a764c29bba4eed248d5b137""},""join_samples"":{""date"":""2026-09-04"",""run_id"":""ce48177ab95f4e858b9f677fa84ec5ff""},""upload_data"":{""date"":""2026-09-04"",""run_id"":""b943f5cc87fa42099b3ec1b731772dc7""}}"
14,14,"50.0102483 , 20.0454116","50.1008044 , 19.9542384",urban-urban,urban,1664,"{""sample_routes"":{""date"":""2026-09-03"",""run_id"":""305125553a764c29bba4eed248d5b137""},""join_samples"":{""date"":""2026-09-04"",""run_id"":""ce48177ab95f4e858b9f677fa84ec5ff""},""upload_data"":{""date"":""2026-09-04"",""run_id"":""b943f5cc87fa42099b3ec1b731772dc7""}}"
15,15,"50.007314900000004 , 20.041104500000003","50.101659600000005 , 19.946581300000002",urban-urban,urban,1659,"{""sample_routes"":{""date"":""2026-09-03"",""run_id"":""305125553a764c29bba4eed248d5b137""},""join_samples"":{""date"":""2026-09-04"",""run_id"":""ce48177ab95f4e858b9f677fa84ec5ff""},""upload_data"":{""date"":""2026-09-04"",""run_id"":""b943f5cc87fa42099b3ec1b731772dc7""}}"
16,16,"50.004731 , 20.0377079","50.0978548 , 19.9439922",urban-urban,urban,1640,"{""sample_routes"":{""date"":""2026-09-03"",""run_id"":""305125553a764c29bba4eed248d5b137""},""join_samples"":{""date"":""2026-09-04"",""run_id"":""ce48177ab95f4e858b9f677fa84ec5ff""},""upload_data"":{""date"":""2026-09-04"",""run_id"":""b943f5cc87fa42099b3ec1b731772dc7""}}"
17,17,"50.0674867 , 19.850532700000002","50.0670779 , 20.0689026",urban-urban,urban,1640,"{""sample_routes"":{""date"":""2026-09-03"",""run_id"":""305125553a764c29bba4eed248d5b137""},""join_samples"":{""date"":""2026-09-04"",""run_id"":""ce48177ab95f4e858b9f677fa84ec5ff""},""upload_data"":{""date"":""2026-09-04"",""run_id"":""b943f5cc87fa42099b3ec1b731772dc7""}}"
18,18,"50.0079356 , 20.049835400000003","50.102614700000004 , 19.954497200000002",urban-urban,urban,1634,"{""sample_routes"":{""date"":""2026-09-03"",""run_id"":""305125553a764c29bba4eed248d5b137""},""join_samples"":{""date"":""2026-09-04"",""run_id"":""ce48177ab95f4e858b9f677fa84ec5ff""},""upload_data"":{""date"":""2026-09-04"",""run_id"":""b943f5cc87fa42099b3ec1b731772dc7""}}"
19,19,"50.0712921 , 19.8519934","50.071492000000006 , 20.0531326",urban-urban,urban,1628,"{""sample_routes"":{""date"":""2026-09-03"",""run_id"":""305125553a764c29bba4eed248d5b137""},""join_samples"":{""date"":""2026-09-04"",""run_id"":""ce48177ab95f4e858b9f677fa84ec5ff""},""upload_data"":{""date"":""2026-09-04"",""run_id"":""b943f5cc87fa42099b3ec1b731772dc7""}}"
20,20,"50.0043899 , 20.041324200000002","50.100708600000004 , 19.9445431",urban-urban,urban,1624,"{""sample_routes"":{""date"":""2026-09-03"",""run_id"":""305125553a764c29bba4eed248d5b137""},""join_samples"":{""date"":""2026-09-04"",""run_id"":""ce48177ab95f4e858b9f677fa84ec5ff""},""upload_data"":{""date"":""2026-09-04"",""run_id"":""b943f5cc87fa42099b3ec1b731772dc7""}}"
21,21,"50.068196 , 19.8506508","50.0686 , 20.0528194",urban-urban,urban,1621,"{""sample_routes"":{""date"":""2026-09-03"",""run_id"":""305125553a764c29bba4eed248d5b137""},""join_samples"":{""date"":""2026-09-04"",""run_id"":""ce48177ab95f4e858b9f677fa84ec5ff""},""upload_data"":{""date"":""2026-09-04"",""run_id"":""b943f5cc87fa42099b3ec1b731772dc7""}}"
22,22,"50.0674921 , 19.851321900000002","50.0670779 , 20.0689026",urban-urban,urban,1621,"{""sample_routes"":{""date"":""2026-09-03"",""run_id"":""305125553a764c29bba4eed248d5b137""},""join_samples"":{""date"":""2026-09-04"",""run_id"":""ce48177ab95f4e858b9f677fa84ec5ff""},""upload_data"":{""date"":""2026-09-04"",""run_id"":""b943f5cc87fa42099b3ec1b731772dc7""}}"
23,23,"50.072497600000005 , 20.050646","50.0727065 , 19.851460300000003",urban-urban,urban,1611,"{""sample_routes"":{""date"":""2026-09-03"",""run_id"":""305125553a764c29bba4eed248d5b137""},""join_samples"":{""date"":""2026-09-04"",""run_id"":""ce48177ab95f4e858b9f677fa84ec5ff""},""upload_data"":{""date"":""2026-09-04"",""run_id"":""b943f5cc87fa42099b3ec1b731772dc7""}}"
24,24,"50.0696628 , 19.857228000000003","50.0696567 , 20.0664754",urban-urban,urban,1601,"{""sample_routes"":{""date"":""2026-09-03"",""run_id"":""305125553a764c29bba4eed248d5b137""},""join_samples"":{""date"":""2026-09-04"",""run_id"":""ce48177ab95f4e858b9f677fa84ec5ff""},""upload_data"":{""date"":""2026-09-04"",""run_id"":""b943f5cc87fa42099b3ec1b731772dc7""}}"
25,25,"50.07323340000001 , 19.858243400000003","50.072695100000004 , 20.0511796",urban-urban,urban,1600,"{""sample_routes"":{""date"":""2026-09-03"",""run_id"":""305125553a764c29bba4eed248d5b137""},""join_samples"":{""date"":""2026-09-04"",""run_id"":""ce48177ab95f4e858b9f677fa84ec5ff""},""upload_data"":{""date"":""2026-09-04"",""run_id"":""b943f5cc87fa42099b3ec1b731772dc7""}}"
26,26,"50.073287300000004 , 19.8570531","50.072695100000004 , 20.0511796",urban-urban,urban,1596,"{""sample_routes"":{""date"":""2026-09-03"",""run_id"":""305125553a764c29bba4eed248d5b137""},""join_samples"":{""date"":""2026-09-04"",""run_id"":""ce48177ab95f4e858b9f677fa84ec5ff""},""upload_data"":{""date"":""2026-09-04"",""run_id"":""b943f5cc87fa42099b3ec1b731772dc7""}}"
27,27,"50.0797285 , 19.8551638","50.0799912 , 20.062442400000002",urban-urban,urban,1593,"{""sample_routes"":{""date"":""2026-09-03"",""run_id"":""305125553a764c29bba4eed248d5b137""},""join_samples"":{""date"":""2026-09-04"",""run_id"":""ce48177ab95f4e858b9f677fa84ec5ff""},""upload_data"":{""date"":""2026-09-04"",""run_id"":""b943f5cc87fa42099b3ec1b731772dc7""}}"
28,28,"50.003998800000005 , 20.0365046","50.0987656 , 19.9421396",urban-urban,urban,1591,"{""sample_routes"":{""date"":""2026-09-03"",""run_id"":""305125553a764c29bba4eed248d5b137""},""join_samples"":{""date"":""2026-09-04"",""run_id"":""ce48177ab95f4e858b9f677fa84ec5ff""},""upload_data"":{""date"":""2026-09-04"",""run_id"":""b943f5cc87fa42099b3ec1b731772dc7""}}"
29,29,"50.0755733 , 20.0470726","50.0751155 , 19.8520213",urban-urban,urban,1590,"{""sample_routes"":{""date"":""2026-09-03"",""run_id"":""305125553a764c29bba4eed248d5b137""},""join_samples"":{""date"":""2026-09-04"",""run_id"":""ce48177ab95f4e858b9f677fa84ec5ff""},""upload_data"":{""date"":""2026-09-04"",""run_id"":""b943f5cc87fa42099b3ec1b731772dc7""}}"
30,30,"50.066960300000005 , 19.8625866","50.0670779 , 20.0689026",urban-urban,urban,1588,"{""sample_routes"":{""date"":""2026-09-03"",""run_id"":""305125553a764c29bba4eed248d5b137""},""join_samples"":{""date"":""2026-09-04"",""run_id"":""ce48177ab95f4e858b9f677fa84ec5ff""},""upload_data"":{""date"":""2026-09-04"",""run_id"":""b943f5cc87fa42099b3ec1b731772dc7""}}"
31,31,"50.07225630000001 , 19.8545748","50.072695100000004 , 20.0511796",urban-urban,urban,1586,"{""sample_routes"":{""date"":""2026-09-03"",""run_id"":""305125553a764c29bba4eed248d5b137""},""join_samples"":{""date"":""2026-09-04"",""run_id"":""ce48177ab95f4e858b9f677fa84ec5ff""},""upload_data"":{""date"":""2026-09-04"",""run_id"":""b943f5cc87fa42099b3ec1b731772dc7""}}"
32,32,"50.0736597 , 19.8566737","50.074252 , 20.051347200000002",urban-urban,urban,1573,"{""sample_routes"":{""date"":""2026-09-03"",""run_id"":""305125553a764c29bba4eed248d5b137""},""join_samples"":{""date"":""2026-09-04"",""run_id"":""ce48177ab95f4e858b9f677fa84ec5ff""},""upload_data"":{""date"":""2026-09-04"",""run_id"":""b943f5cc87fa42099b3ec1b731772dc7""}}"
33,33,"50.0721823 , 19.855789","50.072695100000004 , 20.0511796",urban-urban,urban,1572,"{""sample_routes"":{""date"":""2026-09-03"",""run_id"":""305125553a764c29bba4eed248d5b137""},""join_samples"":{""date"":""2026-09-04"",""run_id"":""ce48177ab95f4e858b9f677fa84ec5ff""},""upload_data"":{""date"":""2026-09-04"",""run_id"":""b943f5cc87fa42099b3ec1b731772dc7""}}"
34,34,"50.072039800000006 , 19.8559586","50.072695100000004 , 20.0511796",urban-urban,urban,1572,"{""sample_routes"":{""date"":""2026-09-03"",""run_id"":""305125553a764c29bba4eed248d5b137""},""join_samples"":{""date"":""2026-09-04"",""run_id"":""ce48177ab95f4e858b9f677fa84ec5ff""},""upload_data"":{""date"":""2026-09-04"",""run_id"":""b943f5cc87fa42099b3ec1b731772dc7""}}"
35,35,"50.071948500000005 , 19.8563763","50.072615400000004 , 20.051156000000002",urban-urban,urban,1566,"{""sample_routes"":{""date"":""2026-09-03"",""run_id"":""305125553a764c29bba4eed248d5b137""},""join_samples"":{""date"":""2026-09-04"",""run_id"":""ce48177ab95f4e858b9f677fa84ec5ff""},""upload_data"":{""date"":""2026-09-04"",""run_id"":""b943f5cc87fa42099b3ec1b731772dc7""}}"
36,36,"50.0700626 , 19.855302000000002","50.0706715 , 20.052460500000002",urban-urban,urban,1566,"{""sample_routes"":{""date"":""2026-09-03"",""run_id"":""305125553a764c29bba4eed248d5b137""},""join_samples"":{""date"":""2026-09-04"",""run_id"":""ce48177ab95f4e858b9f677fa84ec5ff""},""upload_data"":{""date"":""2026-09-04"",""run_id"":""b943f5cc87fa42099b3ec1b731772dc7""}}"
37,37,"50.100732900000004 , 19.912804","50.0050691 , 20.0089305",urban-urban,urban,1564,"{""sample_routes"":{""date"":""2026-09-03"",""run_id"":""305125553a764c29bba4eed248d5b137""},""join_samples"":{""date"":""2026-09-04"",""run_id"":""ce48177ab95f4e858b9f677fa84ec5ff""},""upload_data"":{""date"":""2026-09-04"",""run_id"":""b943f5cc87fa42099b3ec1b731772dc7""}}"
38,38,"50.0046705 , 20.0361821","50.0987656 , 19.9421396",urban-urban,urban,1564,"{""sample_routes"":{""date"":""2026-09-03"",""run_id"":""305125553a764c29bba4eed248d5b137""},""join_samples"":{""date"":""2026-09-04"",""run_id"":""ce48177ab95f4e858b9f677fa84ec5ff""},""upload_data"":{""date"":""2026-09-04"",""run_id"":""b943f5cc87fa42099b3ec1b731772dc7""}}"
39,39,"50.1008475 , 19.9120645","50.0049034 , 20.0076344",urban-urban,urban,1563,"{""sample_routes"":{""date"":""2026-09-03"",""run_id"":""305125553a764c29bba4eed248d5b137""},""join_samples"":{""date"":""2026-09-04"",""run_id"":""ce48177ab95f4e858b9f677fa84ec5ff""},""upload_data"":{""date"":""2026-09-04"",""run_id"":""b943f5cc87fa42099b3ec1b731772dc7""}}"
40,40,"50.076207600000004 , 20.042687700000002","50.076205400000006 , 19.861284",urban-urban,urban,1560,"{""sample_routes"":{""date"":""2026-09-03"",""run_id"":""305125553a764c29bba4eed248d5b137""},""join_samples"":{""date"":""2026-09-04"",""run_id"":""ce48177ab95f4e858b9f677fa84ec5ff""},""upload_data"":{""date"":""2026-09-04"",""run_id"":""b943f5cc87fa42099b3ec1b731772dc7""}}"
41,41,"50.0762158 , 20.0427569","50.076205400000006 , 19.861284",urban-urban,urban,1560,"{""sample_routes"":{""date"":""2026-09-03"",""run_id"":""305125553a764c29bba4eed248d5b137""},""join_samples"":{""date"":""2026-09-04"",""run_id"":""ce48177ab95f4e858b9f677fa84ec5ff""},""upload_data"":{""date"":""2026-09-04"",""run_id"":""b943f5cc87fa42099b3ec1b731772dc7""}}"
42,42,"50.076201100000006 , 20.042621","50.076205400000006 , 19.861284",urban-urban,urban,1560,"{""sample_routes"":{""date"":""2026-09-03"",""run_id"":""305125553a764c29bba4eed248d5b137""},""join_samples"":{""date"":""2026-09-04"",""run_id"":""ce48177ab95f4e858b9f677fa84ec5ff""},""upload_data"":{""date"":""2026-09-04"",""run_id"":""b943f5cc87fa42099b3ec1b731772dc7""}}"
43,43,"50.076241800000005 , 20.042895400000003","50.076205400000006 , 19.861284",urban-urban,urban,1560,"{""sample_routes"":{""date"":""2026-09-03"",""run_id"":""305125553a764c29bba4eed248d5b137""},""join_samples"":{""date"":""2026-09-04"",""run_id"":""ce48177ab95f4e858b9f677fa84ec5ff""},""upload_data"":{""date"":""2026-09-04"",""run_id"":""b943f5cc87fa42099b3ec1b731772dc7""}}"
44,44,"50.0762274 , 20.042825800000003","50.076205400000006 , 19.861284",urban-urban,urban,1560,"{""sample_routes"":{""date"":""2026-09-03"",""run_id"":""305125553a764c29bba4eed248d5b137""},""join_samples"":{""date"":""2026-09-04"",""run_id"":""ce48177ab95f4e858b9f677fa84ec5ff""},""upload_data"":{""date"":""2026-09-04"",""run_id"":""b943f5cc87fa42099b3ec1b731772dc7""}}"
45,45,"50.076256 , 20.042957400000002","50.076205400000006 , 19.861284",urban-urban,urban,1557,"{""sample_routes"":{""date"":""2026-09-03"",""run_id"":""305125553a764c29bba4eed248d5b137""},""join_samples"":{""date"":""2026-09-04"",""run_id"":""ce48177ab95f4e858b9f677fa84ec5ff""},""upload_data"":{""date"":""2026-09-04"",""run_id"":""b943f5cc87fa42099b3ec1b731772dc7""}}"
46,46,"50.0415117 , 19.870679300000003","50.0421824 , 20.058408200000002",rural-rural,urban,1536,"{""sample_routes"":{""date"":""2026-09-03"",""run_id"":""305125553a764c29bba4eed248d5b137""},""join_samples"":{""date"":""2026-09-04"",""run_id"":""ce48177ab95f4e858b9f677fa84ec5ff""},""upload_data"":{""date"":""2026-09-04"",""run_id"":""b943f5cc87fa42099b3ec1b731772dc7""}}"
47,47,"50.0415117 , 19.870679300000003","50.0409967 , 20.0830139",rural-rural,mixed,1684,"{""sample_routes"":{""date"":""2026-09-03"",""run_id"":""305125553a764c29bba4eed248d5b137""},""join_samples"":{""date"":""2026-09-04"",""run_id"":""ce48177ab95f4e858b9f677fa84ec5ff""},""upload_data"":{""date"":""2026-09-04"",""run_id"":""b943f5cc87fa42099b3ec1b731772dc7""}}"
48,48,"50.037581100000004 , 20.064679700000003","50.038115600000005 , 19.8700674",rural-rural,mixed,1601,"{""sample_routes"":{""date"":""2026-09-03"",""run_id"":""305125553a764c29bba4eed248d5b137""},""join_samples"":{""date"":""2026-09-04"",""run_id"":""ce48177ab95f4e858b9f677fa84ec5ff""},""upload_data"":{""date"":""2026-09-04"",""run_id"":""b943f5cc87fa42099b3ec1b731772dc7""}}"
49,49,"50.0401862 , 20.073436100000002","50.040896800000006 , 19.870566800000002",rural-rural,mixed,1544,"{""sample_routes"":{""date"":""2026-09-03"",""run_id"":""305125553a764c29bba4eed248d5b137""},""join_samples"":{""date"":""2026-09-04"",""run_id"":""ce48177ab95f4e858b9f677fa84ec5ff""},""upload_data"":{""date"":""2026-09-04"",""run_id"":""b943f5cc87fa42099b3ec1b731772dc7""}}"
50,50,"50.039552400000005 , 20.072136500000003","50.039061100000005 , 19.872788200000002",rural-rural,mixed,1498,"{""sample_routes"":{""date"":""2026-09-03"",""run_id"":""305125553a764c29bba4eed248d5b137""},""join_samples"":{""date"":""2026-09-04"",""run_id"":""ce48177ab95f4e858b9f677fa84ec5ff""},""upload_data"":{""date"":""2026-09-04"",""run_id"":""b943f5cc87fa42099b3ec1b731772dc7""}}"
51,51,"50.039393800000006 , 20.0706987","50.039061100000005 , 19.872788200000002",rural-rural,mixed,1471,"{""sample_routes"":{""date"":""2026-09-03"",""run_id"":""305125553a764c29bba4eed248d5b137""},""join_samples"":{""date"":""2026-09-04"",""run_id"":""ce48177ab95f4e858b9f677fa84ec5ff""},""upload_data"":{""date"":""2026-09-04"",""run_id"":""b943f5cc87fa42099b3ec1b731772dc7""}}"
52,52,"50.0478461 , 20.075094","50.0474156 , 19.9307187",rural-urban,mixed,1325,"{""sample_routes"":{""date"":""2026-09-03"",""run_id"":""305125553a764c29bba4eed248d5b137""},""join_samples"":{""date"":""2026-09-04"",""run_id"":""ce48177ab95f4e858b9f677fa84ec5ff""},""upload_data"":{""date"":""2026-09-04"",""run_id"":""b943f5cc87fa42099b3ec1b731772dc7""}}"
53,53,"50.0378321 , 20.0233452","50.0378264 , 19.8523125",urban-rural,mixed,1309,"{""sample_routes"":{""date"":""2026-09-03"",""run_id"":""305125553a764c29bba4eed248d5b137""},""join_samples"":{""date"":""2026-09-04"",""run_id"":""ce48177ab95f4e858b9f677fa84ec5ff""},""upload_data"":{""date"":""2026-09-04"",""run_id"":""b943f5cc87fa42099b3ec1b731772dc7""}}"
54,54,"50.064115300000005 , 19.8587901","50.037938700000005 , 19.8582638",urban-rural,mixed,1274,"{""sample_routes"":{""date"":""2026-09-03"",""run_id"":""305125553a764c29bba4eed248d5b137""},""join_samples"":{""date"":""2026-09-04"",""run_id"":""ce48177ab95f4e858b9f677fa84ec5ff""},""upload_data"":{""date"":""2026-09-04"",""run_id"":""b943f5cc87fa42099b3ec1b731772dc7""}}"
55,55,"50.0239082 , 19.8491643","50.0243777 , 20.0100479",rural-urban,mixed,1266,"{""sample_routes"":{""date"":""2026-09-03"",""run_id"":""305125553a764c29bba4eed248d5b137""},""join_samples"":{""date"":""2026-09-04"",""run_id"":""ce48177ab95f4e858b9f677fa84ec5ff""},""upload_data"":{""date"":""2026-09-04"",""run_id"":""b943f5cc87fa42099b3ec1b731772dc7""}}"
56,56,"50.0241088 , 19.848310100000003","50.0243777 , 20.0100479",rural-urban,mixed,1263,"{""sample_routes"":{""date"":""2026-09-03"",""run_id"":""305125553a764c29bba4eed248d5b137""},""join_samples"":{""date"":""2026-09-04"",""run_id"":""ce48177ab95f4e858b9f677fa84ec5ff""},""upload_data"":{""date"":""2026-09-04"",""run_id"":""b943f5cc87fa42099b3ec1b731772dc7""}}"
57,57,"50.0352266 , 19.8542837","50.0346598 , 20.011474500000002",rural-urban,mixed,1262,"{""sample_routes"":{""date"":""2026-09-03"",""run_id"":""305125553a764c29bba4eed248d5b137""},""join_samples"":{""date"":""2026-09-04"",""run_id"":""ce48177ab95f4e858b9f677fa84ec5ff""},""upload_data"":{""date"":""2026-09-04"",""run_id"":""b943f5cc87fa42099b3ec1b731772dc7""}}"
58,58,"50.0380082 , 20.0155703","50.0377048 , 19.8509475",urban-rural,mixed,1256,"{""sample_routes"":{""date"":""2026-09-03"",""run_id"":""305125553a764c29bba4eed248d5b137""},""join_samples"":{""date"":""2026-09-04"",""run_id"":""ce48177ab95f4e858b9f677fa84ec5ff""},""upload_data"":{""date"":""2026-09-04"",""run_id"":""b943f5cc87fa42099b3ec1b731772dc7""}}"
59,59,"50.0231908 , 19.8489298","50.0234036 , 20.0072748",rural-urban,mixed,1238,"{""sample_routes"":{""date"":""2026-09-03"",""run_id"":""305125553a764c29bba4eed248d5b137""},""join_samples"":{""date"":""2026-09-04"",""run_id"":""ce48177ab95f4e858b9f677fa84ec5ff""},""upload_data"":{""date"":""2026-09-04"",""run_id"":""b943f5cc87fa42099b3ec1b731772dc7""}}"
60,60,"50.045013000000004 , 20.075258700000003","50.044783900000006 , 19.949649100000002",rural-urban,mixed,1229,"{""sample_routes"":{""date"":""2026-09-03"",""run_id"":""305125553a764c29bba4eed248d5b137""},""join_samples"":{""date"":""2026-09-04"",""run_id"":""ce48177ab95f4e858b9f677fa84ec5ff""},""upload_data"":{""date"":""2026-09-04"",""run_id"":""b943f5cc87fa42099b3ec1b731772dc7""}}"
61,61,"50.045796300000006 , 20.0764348","50.045065900000004 , 19.954678400000002",rural-urban,mixed,1204,"{""sample_routes"":{""date"":""2026-09-03"",""run_id"":""305125553a764c29bba4eed248d5b137""},""join_samples"":{""date"":""2026-09-04"",""run_id"":""ce48177ab95f4e858b9f677fa84ec5ff""},""upload_data"":{""date"":""2026-09-04"",""run_id"":""b943f5cc87fa42099b3ec1b731772dc7""}}"
0,0,"50.2585683 , 18.862577","50.406884600000005 , 18.8619711",urban-urban,urban,1799,"{""sample_routes"":{""date"":""2026-09-03"",""run_id"":""305125553a764c29bba4eed248d5b137""},""join_samples"":{""date"":""2026-09-04"",""run_id"":""ce48177ab95f4e858b9f677fa84ec5ff""},""upload_data"":{""date"":""2026-09-04"",""run_id"":""b943f5cc87fa42099b3ec1b731772dc7""}}"
1,1,"54.491900300000005 , 18.5527461","54.3493799 , 18.6948441",urban-urban,urban,1802,"{""sample_routes"":{""date"":""2026-09-03"",""run_id"":""305125553a764c29bba4eed248d5b137""},""join_samples"":{""date"":""2026-09-04"",""run_id"":""ce48177ab95f4e858b9f677fa84ec5ff""},""upload_data"":{""date"":""2026-09-04"",""run_id"":""b943f5cc87fa42099b3ec1b731772dc7""}}"
2,2,"52.2348749 , 21.038244900000002","52.3784192 , 21.1811069",urban-rural,urban,1804,"{""sample_routes"":{""date"":""2026-09-03"",""run_id"":""305125553a764c29bba4eed248d5b137""},""join_samples"":{""date"":""2026-09-04"",""run_id"":""ce48177ab95f4e858b9f677fa84ec5ff""},""upload_data"":{""date"":""2026-09-04"",""run_id"":""b943f5cc87fa42099b3ec1b731772dc7""}}"
3,3,"52.1750431 , 21.0235698","52.3704595 , 20.8287626",urban-rural,urban,1804,"{""sample_routes"":{""date"":""2026-09-03"",""run_id"":""305125553a764c29bba4eed248d5b137""},""join_samples"":{""date"":""2026-09-04"",""run_id"":""ce48177ab95f4e858b9f677fa84ec5ff""},""upload_data"":{""date"":""2026-09-04"",""run_id"":""b943f5cc87fa42099b3ec1b731772dc7""}}"
4,4,"50.366049700000005 , 18.9389821","50.199875500000005 , 18.9394347",urban-rural,urban,1794,"{""sample_routes"":{""date"":""2026-09-03"",""run_id"":""305125553a764c29bba4eed248d5b137""},""join_samples"":{""date"":""2026-09-04"",""run_id"":""ce48177ab95f4e858b9f677fa84ec5ff""},""upload_data"":{""date"":""2026-09-04"",""run_id"":""b943f5cc87fa42099b3ec1b731772dc7""}}"
5,5,"52.483895000000004 , 16.874831","52.344206500000006 , 17.0145881",urban-urban,urban,1811,"{""sample_routes"":{""date"":""2026-09-03"",""run_id"":""305125553a764c29bba4eed248d5b137""},""join_samples"":{""date"":""2026-09-04"",""run_id"":""ce48177ab95f4e858b9f677fa84ec5ff""},""upload_data"":{""date"":""2026-09-04"",""run_id"":""b943f5cc87fa42099b3ec1b731772dc7""}}"
6,6,"50.298806400000004 , 18.977684500000002","50.2985291 , 18.6321853",urban-urban,urban,1812,"{""sample_routes"":{""date"":""2026-09-03"",""run_id"":""305125553a764c29bba4eed248d5b137""},""join_samples"":{""date"":""2026-09-04"",""run_id"":""ce48177ab95f4e858b9f677fa84ec5ff""},""upload_data"":{""date"":""2026-09-04"",""run_id"":""b943f5cc87fa42099b3ec1b731772dc7""}}"
7,7,"52.4778388 , 16.881987300000002","52.3443436 , 17.0148654",urban-urban,urban,1787,"{""sample_routes"":{""date"":""2026-09-03"",""run_id"":""305125553a764c29bba4eed248d5b137""},""join_samples"":{""date"":""2026-09-04"",""run_id"":""ce48177ab95f4e858b9f677fa84ec5ff""},""upload_data"":{""date"":""2026-09-04"",""run_id"":""b943f5cc87fa42099b3ec1b731772dc7""}}"
8,8,"52.3523543 , 20.883212200000003","52.4156715 , 20.8838416",urban-urban,urban,1783,"{""sample_routes"":{""date"":""2026-09-03"",""run_id"":""305125553a764c29bba4eed248d5b137""},""join_samples"":{""date"":""2026-09-04"",""run_id"":""ce48177ab95f4e858b9f677fa84ec5ff""},""upload_data"":{""date"":""2026-09-04"",""run_id"":""b943f5cc87fa42099b3ec1b731772dc7""}}"
9,9,"54.4234215 , 18.4700099","54.604640700000004 , 18.2891707",urban-urban,urban,1818,"{""sample_routes"":{""date"":""2026-09-03"",""run_id"":""305125553a764c29bba4eed248d5b137""},""join_samples"":{""date"":""2026-09-04"",""run_id"":""ce48177ab95f4e858b9f677fa84ec5ff""},""upload_data"":{""date"":""2026-09-04"",""run_id"":""b943f5cc87fa42099b3ec1b731772dc7""}}"
10,10,"50.40187280000001 , 18.903803800000002","50.245938 , 18.9042014",urban-urban,urban,1779,"{""sample_routes"":{""date"":""2026-09-03"",""run_id"":""305125553a764c29bba4eed248d5b137""},""join_samples"":{""date"":""2026-09-04"",""run_id"":""ce48177ab95f4e858b9f677fa84ec5ff""},""upload_data"":{""date"":""2026-09-04"",""run_id"":""b943f5cc87fa42099b3ec1b731772dc7""}}"
11,11,"52.359880100000005 , 20.8574637","52.425345 , 20.922784200000002",rural-urban,urban,1825,"{""sample_routes"":{""date"":""2026-09-03"",""run_id"":""305125553a764c29bba4eed248d5b137""},""join_samples"":{""date"":""2026-09-04"",""run_id"":""ce48177ab95f4e858b9f677fa84ec5ff""},""upload_data"":{""date"":""2026-09-04"",""run_id"":""b943f5cc87fa42099b3ec1b731772dc7""}}"
12,12,"52.3482192 , 16.8974119","52.4851352 , 17.0345456",urban-rural,urban,1767,"{""sample_routes"":{""date"":""2026-09-03"",""run_id"":""305125553a764c29bba4eed248d5b137""},""join_samples"":{""date"":""2026-09-04"",""run_id"":""ce48177ab95f4e858b9f677fa84ec5ff""},""upload_data"":{""date"":""2026-09-04"",""run_id"":""b943f5cc87fa42099b3ec1b731772dc7""}}"
13,13,"52.404005700000006 , 16.8767994","52.2378172 , 16.8765903",urban-urban,urban,1834,"{""sample_routes"":{""date"":""2026-09-03"",""run_id"":""305125553a764c29bba4eed248d5b137""},""join_samples"":{""date"":""2026-09-04"",""run_id"":""ce48177ab95f4e858b9f677fa84ec5ff""},""upload_data"":{""date"":""2026-09-04"",""run_id"":""b943f5cc87fa42099b3ec1b731772dc7""}}"
14,14,"52.403152500000004 , 20.879375","52.3743154 , 20.880062000000002",urban-rural,urban,1839,"{""sample_routes"":{""date"":""2026-09-03"",""run_id"":""305125553a764c29bba4eed248d5b137""},""join_samples"":{""date"":""2026-09-04"",""run_id"":""ce48177ab95f4e858b9f677fa84ec5ff""},""upload_data"":{""date"":""2026-09-04"",""run_id"":""b943f5cc87fa42099b3ec1b731772dc7""}}"
15,15,"52.4765832 , 16.9142112","52.3480818 , 17.0431007",rural-urban,urban,1758,"{""sample_routes"":{""date"":""2026-09-03"",""run_id"":""305125553a764c29bba4eed248d5b137""},""join_samples"":{""date"":""2026-09-04"",""run_id"":""ce48177ab95f4e858b9f677fa84ec5ff""},""upload_data"":{""date"":""2026-09-04"",""run_id"":""b943f5cc87fa42099b3ec1b731772dc7""}}"
16,16,"52.3215438 , 16.8545977","52.4715026 , 16.8544795",rural-urban,urban,1751,"{""sample_routes"":{""date"":""2026-09-03"",""run_id"":""305125553a764c29bba4eed248d5b137""},""join_samples"":{""date"":""2026-09-04"",""run_id"":""ce48177ab95f4e858b9f677fa84ec5ff""},""upload_data"":{""date"":""2026-09-04"",""run_id"":""b943f5cc87fa42099b3ec1b731772dc7""}}"
17,17,"50.338314700000005 , 18.906522900000002","50.1960774 , 19.0487952",urban-rural,urban,1850,"{""sample_routes"":{""date"":""2026-09-03"",""run_id"":""305125553a764c29bba4eed248d5b137""},""join_samples"":{""date"":""2026-09-04"",""run_id"":""ce48177ab95f4e858b9f677fa84ec5ff""},""upload_data"":{""date"":""2026-09-04"",""run_id"":""b943f5cc87fa42099b3ec1b731772dc7""}}"
18,18,"52.2339702 , 21.038544700000003","52.4031419 , 20.8696978",urban-urban,urban,1850,"{""sample_routes"":{""date"":""2026-09-03"",""run_id"":""305125553a764c29bba4eed248d5b137""},""join_samples"":{""date"":""2026-09-04"",""run_id"":""ce48177ab95f4e858b9f677fa84ec5ff""},""upload_data"":{""date"":""2026-09-04"",""run_id"":""b943f5cc87fa42099b3ec1b731772dc7""}}"
19,19,"50.0857947 , 20.1496034","50.0851174 , 19.8817434",rural-urban,urban,1745,"{""sample_routes"":{""date"":""2026-09-03"",""run_id"":""305125553a764c29bba4eed248d5b137""},""join_samples"":{""date"":""2026-09-04"",""run_id"":""ce48177ab95f4e858b9f677fa84ec5ff""},""upload_data"":{""date"":""2026-09-04"",""run_id"":""b943f5cc87fa42099b3ec1b731772dc7""}}"
20,20,"52.3738886 , 16.8669584","52.4968129 , 16.9899838",urban-rural,urban,1857,"{""sample_routes"":{""date"":""2026-09-03"",""run_id"":""305125553a764c29bba4eed248d5b137""},""join_samples"":{""date"":""2026-09-04"",""run_id"":""ce48177ab95f4e858b9f677fa84ec5ff""},""upload_data"":{""date"":""2026-09-04"",""run_id"":""b943f5cc87fa42099b3ec1b731772dc7""}}"
21,21,"52.2623583 , 21.169654700000002","52.092643300000006 , 20.999356000000002",urban-urban,urban,1857,"{""sample_routes"":{""date"":""2026-09-03"",""run_id"":""305125553a764c29bba4eed248d5b137""},""join_samples"":{""date"":""2026-09-04"",""run_id"":""ce48177ab95f4e858b9f677fa84ec5ff""},""upload_data"":{""date"":""2026-09-04"",""run_id"":""b943f5cc87fa42099b3ec1b731772dc7""}}"
22,22,"52.2030587 , 21.004762500000002","52.3672491 , 21.004142",urban-rural,urban,1857,"{""sample_routes"":{""date"":""2026-09-03"",""run_id"":""305125553a764c29bba4eed248d5b137""},""join_samples"":{""date"":""2026-09-04"",""run_id"":""ce48177ab95f4e858b9f677fa84ec5ff""},""upload_data"":{""date"":""2026-09-04"",""run_id"":""b943f5cc87fa42099b3ec1b731772dc7""}}"
23,23,"50.244501 , 18.8322207","50.379010900000004 , 18.9670844",urban-urban,urban,1862,"{""sample_routes"":{""date"":""2026-09-03"",""run_id"":""305125553a764c29bba4eed248d5b137""},""join_samples"":{""date"":""2026-09-04"",""run_id"":""ce48177ab95f4e858b9f677fa84ec5ff""},""upload_data"":{""date"":""2026-09-04"",""run_id"":""b943f5cc87fa42099b3ec1b731772dc7""}}"
24,24,"52.1962376 , 21.041475000000002","52.370766 , 21.0416081",urban-rural,urban,1862,"{""sample_routes"":{""date"":""2026-09-03"",""run_id"":""305125553a764c29bba4eed248d5b137""},""join_samples"":{""date"":""2026-09-04"",""run_id"":""ce48177ab95f4e858b9f677fa84ec5ff""},""upload_data"":{""date"":""2026-09-04"",""run_id"":""b943f5cc87fa42099b3ec1b731772dc7""}}"
25,25,"50.3027941 , 18.8559641","50.18491890000001 , 18.9737259",urban-urban,urban,1738,"{""sample_routes"":{""date"":""2026-09-03"",""run_id"":""305125553a764c29bba4eed248d5b137""},""join_samples"":{""date"":""2026-09-04"",""run_id"":""ce48177ab95f4e858b9f677fa84ec5ff""},""upload_data"":{""date"":""2026-09-04"",""run_id"":""b943f5cc87fa42099b3ec1b731772dc7""}}"
26,26,"50.1996514 , 19.2895171","50.1996119 , 19.0354235",urban-rural,urban,1866,"{""sample_routes"":{""date"":""2026-09-03"",""run_id"":""305125553a764c29bba4eed248d5b137""},""join_samples"":{""date"":""2026-09-04"",""run_id"":""ce48177ab95f4e858b9f677fa84ec5ff""},""upload_data"":{""date"":""2026-09-04"",""run_id"":""b943f5cc87fa42099b3ec1b731772dc7""}}"
27,27,"50.271342700000005 , 18.8849144","50.4222483 , 18.8849331",urban-urban,urban,1870,"{""sample_routes"":{""date"":""2026-09-03"",""run_id"":""305125553a764c29bba4eed248d5b137""},""join_samples"":{""date"":""2026-09-04"",""run_id"":""ce48177ab95f4e858b9f677fa84ec5ff""},""upload_data"":{""date"":""2026-09-04"",""run_id"":""b943f5cc87fa42099b3ec1b731772dc7""}}"
28,28,"52.3076232 , 20.9200464","52.1336239 , 20.9198153",urban-rural,urban,1727,"{""sample_routes"":{""date"":""2026-09-03"",""run_id"":""305125553a764c29bba4eed248d5b137""},""join_samples"":{""date"":""2026-09-04"",""run_id"":""ce48177ab95f4e858b9f677fa84ec5ff""},""upload_data"":{""date"":""2026-09-04"",""run_id"":""b943f5cc87fa42099b3ec1b731772dc7""}}"
29,29,"50.34508640000001 , 19.2395803","50.204601000000004 , 19.2400303",urban-urban,urban,1722,"{""sample_routes"":{""date"":""2026-09-03"",""run_id"":""305125553a764c29bba4eed248d5b137""},""join_samples"":{""date"":""2026-09-04"",""run_id"":""ce48177ab95f4e858b9f677fa84ec5ff""},""upload_data"":{""date"":""2026-09-04"",""run_id"":""b943f5cc87fa42099b3ec1b731772dc7""}}"
30,30,"52.273504200000005 , 20.979110000000002","52.1433881 , 20.978467700000003",urban-rural,urban,1720,"{""sample_routes"":{""date"":""2026-09-03"",""run_id"":""305125553a764c29bba4eed248d5b137""},""join_samples"":{""date"":""2026-09-04"",""run_id"":""ce48177ab95f4e858b9f677fa84ec5ff""},""upload_data"":{""date"":""2026-09-04"",""run_id"":""b943f5cc87fa42099b3ec1b731772dc7""}}"
31,31,"52.175570500000006 , 21.075875800000002","52.3677575 , 20.8834293",urban-rural,urban,1887,"{""sample_routes"":{""date"":""2026-09-03"",""run_id"":""305125553a764c29bba4eed248d5b137""},""join_samples"":{""date"":""2026-09-04"",""run_id"":""ce48177ab95f4e858b9f677fa84ec5ff""},""upload_data"":{""date"":""2026-09-04"",""run_id"":""b943f5cc87fa42099b3ec1b731772dc7""}}"
32,32,"50.141566000000005 , 18.617761100000003","49.9842621 , 18.4597889",urban-rural,urban,1892,"{""sample_routes"":{""date"":""2026-09-03"",""run_id"":""305125553a764c29bba4eed248d5b137""},""join_samples"":{""date"":""2026-09-04"",""run_id"":""ce48177ab95f4e858b9f677fa84ec5ff""},""upload_data"":{""date"":""2026-09-04"",""run_id"":""b943f5cc87fa42099b3ec1b731772dc7""}}"
33,33,"50.298607800000006 , 18.9974952","50.1173714 , 18.815906700000003",urban-rural,urban,1893,"{""sample_routes"":{""date"":""2026-09-03"",""run_id"":""305125553a764c29bba4eed248d5b137""},""join_samples"":{""date"":""2026-09-04"",""run_id"":""ce48177ab95f4e858b9f677fa84ec5ff""},""upload_data"":{""date"":""2026-09-04"",""run_id"":""b943f5cc87fa42099b3ec1b731772dc7""}}"
34,34,"54.573206500000005 , 18.435424100000002","54.4317159 , 18.5764138",rural-urban,urban,1704,"{""sample_routes"":{""date"":""2026-09-03"",""run_id"":""305125553a764c29bba4eed248d5b137""},""join_samples"":{""date"":""2026-09-04"",""run_id"":""ce48177ab95f4e858b9f677fa84ec5ff""},""upload_data"":{""date"":""2026-09-04"",""run_id"":""b943f5cc87fa42099b3ec1b731772dc7""}}"
35,35,"52.2476472 , 21.0617759","52.1483865 , 20.9627228",urban-rural,urban,1704,"{""sample_routes"":{""date"":""2026-09-03"",""run_id"":""305125553a764c29bba4eed248d5b137""},""join_samples"":{""date"":""2026-09-04"",""run_id"":""ce48177ab95f4e858b9f677fa84ec5ff""},""upload_data"":{""date"":""2026-09-04"",""run_id"":""b943f5cc87fa42099b3ec1b731772dc7""}}"
36,36,"50.2859988 , 19.2163651","50.2866383 , 18.9137773",rural-urban,urban,1897,"{""sample_routes"":{""date"":""2026-09-03"",""run_id"":""305125553a764c29bba4eed248d5b137""},""join_samples"":{""date"":""2026-09-04"",""run_id"":""ce48177ab95f4e858b9f677fa84ec5ff""},""upload_data"":{""date"":""2026-09-04"",""run_id"":""b943f5cc87fa42099b3ec1b731772dc7""}}"
37,37,"54.357064300000005 , 18.6796976","54.4921598 , 18.5439754",urban-urban,urban,1701,"{""sample_routes"":{""date"":""2026-09-03"",""run_id"":""305125553a764c29bba4eed248d5b137""},""join_samples"":{""date"":""2026-09-04"",""run_id"":""ce48177ab95f4e858b9f677fa84ec5ff""},""upload_data"":{""date"":""2026-09-04"",""run_id"":""b943f5cc87fa42099b3ec1b731772dc7""}}"
38,38,"54.5811737 , 18.396104400000002","54.432631 , 18.544695",urban-urban,urban,1700,"{""sample_routes"":{""date"":""2026-09-03"",""run_id"":""305125553a764c29bba4eed248d5b137""},""join_samples"":{""date"":""2026-09-04"",""run_id"":""ce48177ab95f4e858b9f677fa84ec5ff""},""upload_data"":{""date"":""2026-09-04"",""run_id"":""b943f5cc87fa42099b3ec1b731772dc7""}}"
39,39,"51.7346292 , 19.5291958","51.8947434 , 19.3697372",urban-rural,urban,1903,"{""sample_routes"":{""date"":""2026-09-03"",""run_id"":""305125553a764c29bba4eed248d5b137""},""join_samples"":{""date"":""2026-09-04"",""run_id"":""ce48177ab95f4e858b9f677fa84ec5ff""},""upload_data"":{""date"":""2026-09-04"",""run_id"":""b943f5cc87fa42099b3ec1b731772dc7""}}"
40,40,"51.1655334 , 17.1553559","51.008582200000006 , 16.997743500000002",rural-rural,urban,1905,"{""sample_routes"":{""date"":""2026-09-03"",""run_id"":""305125553a764c29bba4eed248d5b137""},""join_samples"":{""date"":""2026-09-04"",""run_id"":""ce48177ab95f4e858b9f677fa84ec5ff""},""upload_data"":{""date"":""2026-09-04"",""run_id"":""b943f5cc87fa42099b3ec1b731772dc7""}}"
41,41,"54.419157600000005 , 18.4778559","54.6030572 , 18.2934357",urban-urban,urban,1910,"{""sample_routes"":{""date"":""2026-09-03"",""run_id"":""305125553a764c29bba4eed248d5b137""},""join_samples"":{""date"":""2026-09-04"",""run_id"":""ce48177ab95f4e858b9f677fa84ec5ff""},""upload_data"":{""date"":""2026-09-04"",""run_id"":""b943f5cc87fa42099b3ec1b731772dc7""}}"
42,42,"52.189909400000005 , 21.018187700000002","52.358417900000006 , 21.1864624",urban-rural,urban,1687,"{""sample_routes"":{""date"":""2026-09-03"",""run_id"":""305125553a764c29bba4eed248d5b137""},""join_samples"":{""date"":""2026-09-04"",""run_id"":""ce48177ab95f4e858b9f677fa84ec5ff""},""upload_data"":{""date"":""2026-09-04"",""run_id"":""b943f5cc87fa42099b3ec1b731772dc7""}}"
43,43,"52.3832267 , 16.8595717","52.219202100000004 , 16.8594699",urban-rural,urban,1686,"{""sample_routes"":{""date"":""2026-09-03"",""run_id"":""305125553a764c29bba4eed248d5b137""},""join_samples"":{""date"":""2026-09-04"",""run_id"":""ce48177ab95f4e858b9f677fa84ec5ff""},""upload_data"":{""date"":""2026-09-04"",""run_id"":""b943f5cc87fa42099b3ec1b731772dc7""}}"
44,44,"52.229950800000005 , 20.899366200000003","52.369620000000005 , 21.0391169",urban-rural,urban,1685,"{""sample_routes"":{""date"":""2026-09-03"",""run_id"":""305125553a764c29bba4eed248d5b137""},""join_samples"":{""date"":""2026-09-04"",""run_id"":""ce48177ab95f4e858b9f677fa84ec5ff""},""upload_data"":{""date"":""2026-09-04"",""run_id"":""b943f5cc87fa42099b3ec1b731772dc7""}}"
45,45,"52.4047257 , 17.084696100000002","52.4046542 , 16.7714453",urban-urban,urban,1916,"{""sample_routes"":{""date"":""2026-09-03"",""run_id"":""305125553a764c29bba4eed248d5b137""},""join_samples"":{""date"":""2026-09-04"",""run_id"":""ce48177ab95f4e858b9f677fa84ec5ff""},""upload_data"":{""date"":""2026-09-04"",""run_id"":""b943f5cc87fa42099b3ec1b731772dc7""}}"
46,46,"50.318864000000005 , 18.929175400000002","50.440994200000006 , 18.807345",urban-urban,urban,1680,"{""sample_routes"":{""date"":""2026-09-03"",""run_id"":""305125553a764c29bba4eed248d5b137""},""join_samples"":{""date"":""2026-09-04"",""run_id"":""ce48177ab95f4e858b9f677fa84ec5ff""},""upload_data"":{""date"":""2026-09-04"",""run_id"":""b943f5cc87fa42099b3ec1b731772dc7""}}"
47,47,"50.3218643 , 19.0420807","50.1981096 , 19.1658681",urban-rural,urban,1680,"{""sample_routes"":{""date"":""2026-09-03"",""run_id"":""305125553a764c29bba4eed248d5b137""},""join_samples"":{""date"":""2026-09-04"",""run_id"":""ce48177ab95f4e858b9f677fa84ec5ff""},""upload_data"":{""date"":""2026-09-04"",""run_id"":""b943f5cc87fa42099b3ec1b731772dc7""}}"
48,48,"52.341622 , 16.8975078","52.487939100000006 , 16.8976961",urban-rural,urban,1679,"{""sample_routes"":{""date"":""2026-09-03"",""run_id"":""305125553a764c29bba4eed248d5b137""},""join_samples"":{""date"":""2026-09-04"",""run_id"":""ce48177ab95f4e858b9f677fa84ec5ff""},""upload_data"":{""date"":""2026-09-04"",""run_id"":""b943f5cc87fa42099b3ec1b731772dc7""}}"
49,49,"52.261147300000005 , 21.039464000000002","52.0968923 , 21.0399596",urban-urban,urban,1921,"{""sample_routes"":{""date"":""2026-09-03"",""run_id"":""305125553a764c29bba4eed248d5b137""},""join_samples"":{""date"":""2026-09-04"",""run_id"":""ce48177ab95f4e858b9f677fa84ec5ff""},""upload_data"":{""date"":""2026-09-04"",""run_id"":""b943f5cc87fa42099b3ec1b731772dc7""}}"
50,50,"52.1702268 , 21.0330018","52.361535800000006 , 21.224005400000003",urban-urban,urban,1927,"{""sample_routes"":{""date"":""2026-09-03"",""run_id"":""305125553a764c29bba4eed248d5b137""},""join_samples"":{""date"":""2026-09-04"",""run_id"":""ce48177ab95f4e858b9f677fa84ec5ff""},""upload_data"":{""date"":""2026-09-04"",""run_id"":""b943f5cc87fa42099b3ec1b731772dc7""}}"
51,51,"52.216406000000006 , 21.1870091","52.3589999 , 21.0438969",urban-rural,urban,1932,"{""sample_routes"":{""date"":""2026-09-03"",""run_id"":""305125553a764c29bba4eed248d5b137""},""join_samples"":{""date"":""2026-09-04"",""run_id"":""ce48177ab95f4e858b9f677fa84ec5ff""},""upload_data"":{""date"":""2026-09-04"",""run_id"":""b943f5cc87fa42099b3ec1b731772dc7""}}"
52,52,"54.4515456 , 18.543428300000002","54.6340566 , 18.3616022",urban-rural,urban,1932,"{""sample_routes"":{""date"":""2026-09-03"",""run_id"":""305125553a764c29bba4eed248d5b137""},""join_samples"":{""date"":""2026-09-04"",""run_id"":""ce48177ab95f4e858b9f677fa84ec5ff""},""upload_data"":{""date"":""2026-09-04"",""run_id"":""b943f5cc87fa42099b3ec1b731772dc7""}}"
53,53,"50.128636500000006 , 20.10445","49.9658255 , 19.9409412",rural-urban,urban,1666,"{""sample_routes"":{""date"":""2026-09-03"",""run_id"":""305125553a764c29bba4eed248d5b137""},""join_samples"":{""date"":""2026-09-04"",""run_id"":""ce48177ab95f4e858b9f677fa84ec5ff""},""upload_data"":{""date"":""2026-09-04"",""run_id"":""b943f5cc87fa42099b3ec1b731772dc7""}}"
54,54,"50.2646037 , 18.8955257","50.379577000000005 , 19.011078",urban-rural,urban,1662,"{""sample_routes"":{""date"":""2026-09-03"",""run_id"":""305125553a764c29bba4eed248d5b137""},""join_samples"":{""date"":""2026-09-04"",""run_id"":""ce48177ab95f4e858b9f677fa84ec5ff""},""upload_data"":{""date"":""2026-09-04"",""run_id"":""b943f5cc87fa42099b3ec1b731772dc7""}}"
55,55,"52.285968100000005 , 20.941193000000002","52.1323 , 20.941707400000002",urban-rural,urban,1661,"{""sample_routes"":{""date"":""2026-09-03"",""run_id"":""305125553a764c29bba4eed248d5b137""},""join_samples"":{""date"":""2026-09-04"",""run_id"":""ce48177ab95f4e858b9f677fa84ec5ff""},""upload_data"":{""date"":""2026-09-04"",""run_id"":""b943f5cc87fa42099b3ec1b731772dc7""}}"
56,56,"51.7431409 , 19.6160676","51.7427161 , 19.268429700000002",urban-rural,urban,1941,"{""sample_routes"":{""date"":""2026-09-03"",""run_id"":""305125553a764c29bba4eed248d5b137""},""join_samples"":{""date"":""2026-09-04"",""run_id"":""ce48177ab95f4e858b9f677fa84ec5ff""},""upload_data"":{""date"":""2026-09-04"",""run_id"":""b943f5cc87fa42099b3ec1b731772dc7""}}"
57,57,"54.4691337 , 18.5050127","54.630188100000005 , 18.344458",urban-rural,urban,1658,"{""sample_routes"":{""date"":""2026-09-03"",""run_id"":""305125553a764c29bba4eed248d5b137""},""join_samples"":{""date"":""2026-09-04"",""run_id"":""ce48177ab95f4e858b9f677fa84ec5ff""},""upload_data"":{""date"":""2026-09-04"",""run_id"":""b943f5cc87fa42099b3ec1b731772dc7""}}"
58,58,"52.1646973 , 21.0350779","52.3529235 , 21.2234221",urban-urban,urban,1945,"{""sample_routes"":{""date"":""2026-09-03"",""run_id"":""305125553a764c29bba4eed248d5b137""},""join_samples"":{""date"":""2026-09-04"",""run_id"":""ce48177ab95f4e858b9f677fa84ec5ff""},""upload_data"":{""date"":""2026-09-04"",""run_id"":""b943f5cc87fa42099b3ec1b731772dc7""}}"
59,59,"50.2273385 , 18.9835546","50.3817455 , 18.9839148",urban-rural,urban,1946,"{""sample_routes"":{""date"":""2026-09-03"",""run_id"":""305125553a764c29bba4eed248d5b137""},""join_samples"":{""date"":""2026-09-04"",""run_id"":""ce48177ab95f4e858b9f677fa84ec5ff""},""upload_data"":{""date"":""2026-09-04"",""run_id"":""b943f5cc87fa42099b3ec1b731772dc7""}}"
60,60,"52.417824 , 20.9181402","52.260894 , 21.0750438",urban-urban,urban,1946,"{""sample_routes"":{""date"":""2026-09-03"",""run_id"":""305125553a764c29bba4eed248d5b137""},""join_samples"":{""date"":""2026-09-04"",""run_id"":""ce48177ab95f4e858b9f677fa84ec5ff""},""upload_data"":{""date"":""2026-09-04"",""run_id"":""b943f5cc87fa42099b3ec1b731772dc7""}}"
61,61,"52.4502115 , 16.95056","52.330002300000004 , 16.8304528",urban-rural,urban,1654,"{""sample_routes"":{""date"":""2026-09-03"",""run_id"":""305125553a764c29bba4eed248d5b137""},""join_samples"":{""date"":""2026-09-04"",""run_id"":""ce48177ab95f4e858b9f677fa84ec5ff""},""upload_data"":{""date"":""2026-09-04"",""run_id"":""b943f5cc87fa42099b3ec1b731772dc7""}}"
62,62,"50.4007255 , 18.823716","50.2433118 , 18.823799400000002",urban-urban,urban,1948,"{""sample_routes"":{""date"":""2026-09-03"",""run_id"":""305125553a764c29bba4eed248d5b137""},""join_samples"":{""date"":""2026-09-04"",""run_id"":""ce48177ab95f4e858b9f677fa84ec5ff""},""upload_data"":{""date"":""2026-09-04"",""run_id"":""b943f5cc87fa42099b3ec1b731772dc7""}}"
63,63,"51.736679200000005 , 19.608414500000002","51.7373136 , 19.2693558",urban-rural,urban,1958,"{""sample_routes"":{""date"":""2026-09-03"",""run_id"":""305125553a764c29bba4eed248d5b137""},""join_samples"":{""date"":""2026-09-04"",""run_id"":""ce48177ab95f4e858b9f677fa84ec5ff""},""upload_data"":{""date"":""2026-09-04"",""run_id"":""b943f5cc87fa42099b3ec1b731772dc7""}}"
64,64,"54.6054211 , 18.3065147","54.428207400000005 , 18.483436",rural-urban,urban,1638,"{""sample_routes"":{""date"":""2026-09-03"",""run_id"":""305125553a764c29bba4eed248d5b137""},""join_samples"":{""date"":""2026-09-04"",""run_id"":""ce48177ab95f4e858b9f677fa84ec5ff""},""upload_data"":{""date"":""2026-09-04"",""run_id"":""b943f5cc87fa42099b3ec1b731772dc7""}}"
65,65,"50.3203618 , 19.1836968","50.2011728 , 19.064837800000003",urban-rural,urban,1638,"{""sample_routes"":{""date"":""2026-09-03"",""run_id"":""305125553a764c29bba4eed248d5b137""},""join_samples"":{""date"":""2026-09-04"",""run_id"":""ce48177ab95f4e858b9f677fa84ec5ff""},""upload_data"":{""date"":""2026-09-04"",""run_id"":""b943f5cc87fa42099b3ec1b731772dc7""}}"
66,66,"52.2818887 , 21.066909600000002","52.15330470000001 , 21.0667735",urban-urban,urban,1963,"{""sample_routes"":{""date"":""2026-09-03"",""run_id"":""305125553a764c29bba4eed248d5b137""},""join_samples"":{""date"":""2026-09-04"",""run_id"":""ce48177ab95f4e858b9f677fa84ec5ff""},""upload_data"":{""date"":""2026-09-04"",""run_id"":""b943f5cc87fa42099b3ec1b731772dc7""}}"
67,67,"52.282028000000004 , 21.1308712","52.2826159 , 20.838948300000002",urban-rural,urban,1969,"{""sample_routes"":{""date"":""2026-09-03"",""run_id"":""305125553a764c29bba4eed248d5b137""},""join_samples"":{""date"":""2026-09-04"",""run_id"":""ce48177ab95f4e858b9f677fa84ec5ff""},""upload_data"":{""date"":""2026-09-04"",""run_id"":""b943f5cc87fa42099b3ec1b731772dc7""}}"
68,68,"50.298643000000006 , 18.8464031","50.178973600000006 , 18.9659476",urban-urban,urban,1631,"{""sample_routes"":{""date"":""2026-09-03"",""run_id"":""305125553a764c29bba4eed248d5b137""},""join_samples"":{""date"":""2026-09-04"",""run_id"":""ce48177ab95f4e858b9f677fa84ec5ff""},""upload_data"":{""date"":""2026-09-04"",""run_id"":""b943f5cc87fa42099b3ec1b731772dc7""}}"
69,69,"50.346812 , 18.949822","50.215298700000005 , 18.950299700000002",urban-urban,urban,1630,"{""sample_routes"":{""date"":""2026-09-03"",""run_id"":""305125553a764c29bba4eed248d5b137""},""join_samples"":{""date"":""2026-09-04"",""run_id"":""ce48177ab95f4e858b9f677fa84ec5ff""},""upload_data"":{""date"":""2026-09-04"",""run_id"":""b943f5cc87fa42099b3ec1b731772dc7""}}"
70,70,"51.855741800000004 , 19.4255476","51.734774200000004 , 19.5470384",urban-urban,urban,1629,"{""sample_routes"":{""date"":""2026-09-03"",""run_id"":""305125553a764c29bba4eed248d5b137""},""join_samples"":{""date"":""2026-09-04"",""run_id"":""ce48177ab95f4e858b9f677fa84ec5ff""},""upload_data"":{""date"":""2026-09-04"",""run_id"":""b943f5cc87fa42099b3ec1b731772dc7""}}"
71,71,"49.967862100000005 , 19.947128300000003","50.1270083 , 20.1056558",urban-rural,urban,1627,"{""sample_routes"":{""date"":""2026-09-03"",""run_id"":""305125553a764c29bba4eed248d5b137""},""join_samples"":{""date"":""2026-09-04"",""run_id"":""ce48177ab95f4e858b9f677fa84ec5ff""},""upload_data"":{""date"":""2026-09-04"",""run_id"":""b943f5cc87fa42099b3ec1b731772dc7""}}"
72,72,"52.1980378 , 21.134981500000002","52.198087300000005 , 20.8340353",urban-urban,urban,1974,"{""sample_routes"":{""date"":""2026-09-03"",""run_id"":""305125553a764c29bba4eed248d5b137""},""join_samples"":{""date"":""2026-09-04"",""run_id"":""ce48177ab95f4e858b9f677fa84ec5ff""},""upload_data"":{""date"":""2026-09-04"",""run_id"":""b943f5cc87fa42099b3ec1b731772dc7""}}"
73,73,"50.3191689 , 19.070288700000003","50.2145298 , 18.9659428",urban-urban,urban,1626,"{""sample_routes"":{""date"":""2026-09-03"",""run_id"":""305125553a764c29bba4eed248d5b137""},""join_samples"":{""date"":""2026-09-04"",""run_id"":""ce48177ab95f4e858b9f677fa84ec5ff""},""upload_data"":{""date"":""2026-09-04"",""run_id"":""b943f5cc87fa42099b3ec1b731772dc7""}}"
74,74,"52.190255900000004 , 20.8517048","52.379241400000005 , 21.0400345",urban-rural,urban,1976,"{""sample_routes"":{""date"":""2026-09-03"",""run_id"":""305125553a764c29bba4eed248d5b137""},""join_samples"":{""date"":""2026-09-04"",""run_id"":""ce48177ab95f4e858b9f677fa84ec5ff""},""upload_data"":{""date"":""2026-09-04"",""run_id"":""b943f5cc87fa42099b3ec1b731772dc7""}}"
75,75,"50.181735 , 18.965945700000002","50.3476263 , 18.965881900000003",urban-rural,urban,1978,"{""sample_routes"":{""date"":""2026-09-03"",""run_id"":""305125553a764c29bba4eed248d5b137""},""join_samples"":{""date"":""2026-09-04"",""run_id"":""ce48177ab95f4e858b9f677fa84ec5ff""},""upload_data"":{""date"":""2026-09-04"",""run_id"":""b943f5cc87fa42099b3ec1b731772dc7""}}"
76,76,"50.1939149 , 19.2880933","50.356642300000004 , 19.1256187",urban-rural,urban,1978,"{""sample_routes"":{""date"":""2026-09-03"",""run_id"":""305125553a764c29bba4eed248d5b137""},""join_samples"":{""date"":""2026-09-04"",""run_id"":""ce48177ab95f4e858b9f677fa84ec5ff""},""upload_data"":{""date"":""2026-09-04"",""run_id"":""b943f5cc87fa42099b3ec1b731772dc7""}}"
77,77,"50.327008000000006 , 18.8613457","50.186521500000005 , 19.0023",urban-urban,urban,1980,"{""sample_routes"":{""date"":""2026-09-03"",""run_id"":""305125553a764c29bba4eed248d5b137""},""join_samples"":{""date"":""2026-09-04"",""run_id"":""ce48177ab95f4e858b9f677fa84ec5ff""},""upload_data"":{""date"":""2026-09-04"",""run_id"":""b943f5cc87fa42099b3ec1b731772dc7""}}"
78,78,"51.9172365 , 19.467821800000003","51.7365354 , 19.4685093",rural-urban,urban,1981,"{""sample_routes"":{""date"":""2026-09-03"",""run_id"":""305125553a764c29bba4eed248d5b137""},""join_samples"":{""date"":""2026-09-04"",""run_id"":""ce48177ab95f4e858b9f677fa84ec5ff""},""upload_data"":{""date"":""2026-09-04"",""run_id"":""b943f5cc87fa42099b3ec1b731772dc7""}}"
79,79,"52.2848343 , 21.061997","52.164366900000005 , 20.941142600000003",urban-urban,urban,1985,"{""sample_routes"":{""date"":""2026-09-03"",""run_id"":""305125553a764c29bba4eed248d5b137""},""join_samples"":{""date"":""2026-09-04"",""run_id"":""ce48177ab95f4e858b9f677fa84ec5ff""},""upload_data"":{""date"":""2026-09-04"",""run_id"":""b943f5cc87fa42099b3ec1b731772dc7""}}"
80,80,"52.256104 , 21.0611815","52.256798 , 20.8418494",urban-rural,urban,1615,"{""sample_routes"":{""date"":""2026-09-03"",""run_id"":""305125553a764c29bba4eed248d5b137""},""join_samples"":{""date"":""2026-09-04"",""run_id"":""ce48177ab95f4e858b9f677fa84ec5ff""},""upload_data"":{""date"":""2026-09-04"",""run_id"":""b943f5cc87fa42099b3ec1b731772dc7""}}"
81,81,"52.2651656 , 20.971294200000003","52.1415778 , 20.970641800000003",urban-rural,urban,1614,"{""sample_routes"":{""date"":""2026-09-03"",""run_id"":""305125553a764c29bba4eed248d5b137""},""join_samples"":{""date"":""2026-09-04"",""run_id"":""ce48177ab95f4e858b9f677fa84ec5ff""},""upload_data"":{""date"":""2026-09-04"",""run_id"":""b943f5cc87fa42099b3ec1b731772dc7""}}"
82,82,"50.3313551 , 19.1991011","50.331321200000005 , 18.8757221",urban-urban,urban,1989,"{""sample_routes"":{""date"":""2026-09-03"",""run_id"":""305125553a764c29bba4eed248d5b137""},""join_samples"":{""date"":""2026-09-04"",""run_id"":""ce48177ab95f4e858b9f677fa84ec5ff""},""upload_data"":{""date"":""2026-09-04"",""run_id"":""b943f5cc87fa42099b3ec1b731772dc7""}}"
83,83,"50.205865200000005 , 19.2671914","50.2052192 , 18.9592385",urban-urban,urban,1989,"{""sample_routes"":{""date"":""2026-09-03"",""run_id"":""305125553a764c29bba4eed248d5b137""},""join_samples"":{""date"":""2026-09-04"",""run_id"":""ce48177ab95f4e858b9f677fa84ec5ff""},""upload_data"":{""date"":""2026-09-04"",""run_id"":""b943f5cc87fa42099b3ec1b731772dc7""}}"
84,84,"50.394118000000006 , 18.967709300000003","50.2469322 , 19.1155581",urban-urban,urban,1994,"{""sample_routes"":{""date"":""2026-09-03"",""run_id"":""305125553a764c29bba4eed248d5b137""},""join_samples"":{""date"":""2026-09-04"",""run_id"":""ce48177ab95f4e858b9f677fa84ec5ff""},""upload_data"":{""date"":""2026-09-04"",""run_id"":""b943f5cc87fa42099b3ec1b731772dc7""}}"
85,85,"52.2814558 , 21.122313600000002","52.1391859 , 20.9795377",urban-rural,urban,1994,"{""sample_routes"":{""date"":""2026-09-03"",""run_id"":""305125553a764c29bba4eed248d5b137""},""join_samples"":{""date"":""2026-09-04"",""run_id"":""ce48177ab95f4e858b9f677fa84ec5ff""},""upload_data"":{""date"":""2026-09-04"",""run_id"":""b943f5cc87fa42099b3ec1b731772dc7""}}"
86,86,"52.335889400000006 , 16.8257952","52.49868360000001 , 16.988664500000002",rural-rural,urban,1996,"{""sample_routes"":{""date"":""2026-09-03"",""run_id"":""305125553a764c29bba4eed248d5b137""},""join_samples"":{""date"":""2026-09-04"",""run_id"":""ce48177ab95f4e858b9f677fa84ec5ff""},""upload_data"":{""date"":""2026-09-04"",""run_id"":""b943f5cc87fa42099b3ec1b731772dc7""}}"
87,87,"50.251094300000005 , 18.908831600000003","50.439992100000005 , 18.9084776",urban-rural,urban,1997,"{""sample_routes"":{""date"":""2026-09-03"",""run_id"":""305125553a764c29bba4eed248d5b137""},""join_samples"":{""date"":""2026-09-04"",""run_id"":""ce48177ab95f4e858b9f677fa84ec5ff""},""upload_data"":{""date"":""2026-09-04"",""run_id"":""b943f5cc87fa42099b3ec1b731772dc7""}}"
88,88,"52.259009400000004 , 20.960961700000002","52.0962934 , 21.124230700000002",urban-urban,urban,1998,"{""sample_routes"":{""date"":""2026-09-03"",""run_id"":""305125553a764c29bba4eed248d5b137""},""join_samples"":{""date"":""2026-09-04"",""run_id"":""ce48177ab95f4e858b9f677fa84ec5ff""},""upload_data"":{""date"":""2026-09-04"",""run_id"":""b943f5cc87fa42099b3ec1b731772dc7""}}"
89,89,"50.23650850000001 , 19.0098358","50.381135400000005 , 18.8646968",urban-urban,urban,1998,"{""sample_routes"":{""date"":""2026-09-03"",""run_id"":""305125553a764c29bba4eed248d5b137""},""join_samples"":{""date"":""2026-09-04"",""run_id"":""ce48177ab95f4e858b9f677fa84ec5ff""},""upload_data"":{""date"":""2026-09-04"",""run_id"":""b943f5cc87fa42099b3ec1b731772dc7""}}"
90,90,"50.2970017 , 19.1902309","50.297200000000004 , 18.858544000000002",urban-urban,urban,1999,"{""sample_routes"":{""date"":""2026-09-03"",""run_id"":""305125553a764c29bba4eed248d5b137""},""join_samples"":{""date"":""2026-09-04"",""run_id"":""ce48177ab95f4e858b9f677fa84ec5ff""},""upload_data"":{""date"":""2026-09-04"",""run_id"":""b943f5cc87fa42099b3ec1b731772dc7""}}"
91,91,"50.305442000000006 , 19.097532","50.1991932 , 18.9918623",urban-urban,urban,1601,"{""sample_routes"":{""date"":""2026-09-03"",""run_id"":""305125553a764c29bba4eed248d5b137""},""join_samples"":{""date"":""2026-09-04"",""run_id"":""ce48177ab95f4e858b9f677fa84ec5ff""},""upload_data"":{""date"":""2026-09-04"",""run_id"":""b943f5cc87fa42099b3ec1b731772dc7""}}"
92,92,"52.1666175 , 21.053963","52.360155500000005 , 21.2481797",urban-urban,urban,2003,"{""sample_routes"":{""date"":""2026-09-03"",""run_id"":""305125553a764c29bba4eed248d5b137""},""join_samples"":{""date"":""2026-09-04"",""run_id"":""ce48177ab95f4e858b9f677fa84ec5ff""},""upload_data"":{""date"":""2026-09-04"",""run_id"":""b943f5cc87fa42099b3ec1b731772dc7""}}"
93,93,"52.306616500000004 , 20.985300000000002","52.137651500000004 , 20.815911500000002",urban-urban,urban,2003,"{""sample_routes"":{""date"":""2026-09-03"",""run_id"":""305125553a764c29bba4eed248d5b137""},""join_samples"":{""date"":""2026-09-04"",""run_id"":""ce48177ab95f4e858b9f677fa84ec5ff""},""upload_data"":{""date"":""2026-09-04"",""run_id"":""b943f5cc87fa42099b3ec1b731772dc7""}}"
94,94,"49.9537124 , 20.089649","50.0961968 , 19.9474701",rural-urban,urban,2003,"{""sample_routes"":{""date"":""2026-09-03"",""run_id"":""305125553a764c29bba4eed248d5b137""},""join_samples"":{""date"":""2026-09-04"",""run_id"":""ce48177ab95f4e858b9f677fa84ec5ff""},""upload_data"":{""date"":""2026-09-04"",""run_id"":""b943f5cc87fa42099b3ec1b731772dc7""}}"
95,95,"52.315205000000006 , 21.108533100000002","52.1041765 , 21.109052600000002",urban-urban,urban,2004,"{""sample_routes"":{""date"":""2026-09-03"",""run_id"":""305125553a764c29bba4eed248d5b137""},""join_samples"":{""date"":""2026-09-04"",""run_id"":""ce48177ab95f4e858b9f677fa84ec5ff""},""upload_data"":{""date"":""2026-09-04"",""run_id"":""b943f5cc87fa42099b3ec1b731772dc7""}}"
96,96,"52.3887069 , 20.9165318","52.3675062 , 20.8959365",urban-rural,urban,1595,"{""sample_routes"":{""date"":""2026-09-03"",""run_id"":""305125553a764c29bba4eed248d5b137""},""join_samples"":{""date"":""2026-09-04"",""run_id"":""ce48177ab95f4e858b9f677fa84ec5ff""},""upload_data"":{""date"":""2026-09-04"",""run_id"":""b943f5cc87fa42099b3ec1b731772dc7""}}"
97,97,"50.336694800000004 , 19.1141311","50.3361588 , 18.8629029",urban-urban,urban,1595,"{""sample_routes"":{""date"":""2026-09-03"",""run_id"":""305125553a764c29bba4eed248d5b137""},""join_samples"":{""date"":""2026-09-04"",""run_id"":""ce48177ab95f4e858b9f677fa84ec5ff""},""upload_data"":{""date"":""2026-09-04"",""run_id"":""b943f5cc87fa42099b3ec1b731772dc7""}}"
98,98,"52.308691 , 20.9253727","52.1087561 , 21.125938100000003",urban-urban,urban,2006,"{""sample_routes"":{""date"":""2026-09-03"",""run_id"":""305125553a764c29bba4eed248d5b137""},""join_samples"":{""date"":""2026-09-04"",""run_id"":""ce48177ab95f4e858b9f677fa84ec5ff""},""upload_data"":{""date"":""2026-09-04"",""run_id"":""b943f5cc87fa42099b3ec1b731772dc7""}}"
99,99,"50.410694500000005 , 18.9476193","50.2462919 , 19.1127183",rural-urban,urban,2008,"{""sample_routes"":{""date"":""2026-09-03"",""run_id"":""305125553a764c29bba4eed248d5b137""},""join_samples"":{""date"":""2026-09-04"",""run_id"":""ce48177ab95f4e858b9f677fa84ec5ff""},""upload_data"":{""date"":""2026-09-04"",""run_id"":""b943f5cc87fa42099b3ec1b731772dc7""}}"
100,100,"52.218937100000005 , 20.9849184","52.3573965 , 21.1226975",urban-urban,urban,1592,"{""sample_routes"":{""date"":""2026-09-03"",""run_id"":""305125553a764c29bba4eed248d5b137""},""join_samples"":{""date"":""2026-09-04"",""run_id"":""ce48177ab95f4e858b9f677fa84ec5ff""},""upload_data"":{""date"":""2026-09-04"",""run_id"":""b943f5cc87fa42099b3ec1b731772dc7""}}"
101,101,"50.2992183 , 18.9125713","50.418420000000005 , 18.793446",urban-rural,urban,1591,"{""sample_routes"":{""date"":""2026-09-03"",""run_id"":""305125553a764c29bba4eed248d5b137""},""join_samples"":{""date"":""2026-09-04"",""run_id"":""ce48177ab95f4e858b9f677fa84ec5ff""},""upload_data"":{""date"":""2026-09-04"",""run_id"":""b943f5cc87fa42099b3ec1b731772dc7""}}"
102,102,"51.823233800000004 , 19.4530312","51.672228700000005 , 19.4536388",urban-rural,urban,1590,"{""sample_routes"":{""date"":""2026-09-03"",""run_id"":""305125553a764c29bba4eed248d5b137""},""join_samples"":{""date"":""2026-09-04"",""run_id"":""ce48177ab95f4e858b9f677fa84ec5ff""},""upload_data"":{""date"":""2026-09-04"",""run_id"":""b943f5cc87fa42099b3ec1b731772dc7""}}"
103,103,"52.3781162 , 20.916609700000002","52.184753900000004 , 20.917235700000003",urban-urban,urban,2011,"{""sample_routes"":{""date"":""2026-09-03"",""run_id"":""305125553a764c29bba4eed248d5b137""},""join_samples"":{""date"":""2026-09-04"",""run_id"":""ce48177ab95f4e858b9f677fa84ec5ff""},""upload_data"":{""date"":""2026-09-04"",""run_id"":""b943f5cc87fa42099b3ec1b731772dc7""}}"
104,104,"52.244387200000006 , 21.084725300000002","52.406486300000005 , 20.9227376",urban-urban,urban,2014,"{""sample_routes"":{""date"":""2026-09-03"",""run_id"":""305125553a764c29bba4eed248d5b137""},""join_samples"":{""date"":""2026-09-04"",""run_id"":""ce48177ab95f4e858b9f677fa84ec5ff""},""upload_data"":{""date"":""2026-09-04"",""run_id"":""b943f5cc87fa42099b3ec1b731772dc7""}}"
105,105,"52.344817500000005 , 21.249787400000002","52.34492100000001 , 21.0339192",urban-rural,urban,1582,"{""sample_routes"":{""date"":""2026-09-03"",""run_id"":""305125553a764c29bba4eed248d5b137""},""join_samples"":{""date"":""2026-09-04"",""run_id"":""ce48177ab95f4e858b9f677fa84ec5ff""},""upload_data"":{""date"":""2026-09-04"",""run_id"":""b943f5cc87fa42099b3ec1b731772dc7""}}"
106,106,"52.381705200000006 , 21.0290603","52.202935000000004 , 20.850770200000003",rural-urban,urban,2018,"{""sample_routes"":{""date"":""2026-09-03"",""run_id"":""305125553a764c29bba4eed248d5b137""},""join_samples"":{""date"":""2026-09-04"",""run_id"":""ce48177ab95f4e858b9f677fa84ec5ff""},""upload_data"":{""date"":""2026-09-04"",""run_id"":""b943f5cc87fa42099b3ec1b731772dc7""}}"
107,107,"50.399504400000005 , 18.8917925","50.247828500000004 , 18.8911959",urban-urban,urban,2020,"{""sample_routes"":{""date"":""2026-09-03"",""run_id"":""305125553a764c29bba4eed248d5b137""},""join_samples"":{""date"":""2026-09-04"",""run_id"":""ce48177ab95f4e858b9f677fa84ec5ff""},""upload_data"":{""date"":""2026-09-04"",""run_id"":""b943f5cc87fa42099b3ec1b731772dc7""}}"
108,108,"52.1816748 , 20.857354700000002","52.360042 , 21.0357063",urban-rural,urban,2020,"{""sample_routes"":{""date"":""2026-09-03"",""run_id"":""305125553a764c29bba4eed248d5b137""},""join_samples"":{""date"":""2026-09-04"",""run_id"":""ce48177ab95f4e858b9f677fa84ec5ff""},""upload_data"":{""date"":""2026-09-04"",""run_id"":""b943f5cc87fa42099b3ec1b731772dc7""}}"
109,109,"51.086422400000004 , 17.1387001","51.1874053 , 17.0373089",rural-rural,urban,1578,"{""sample_routes"":{""date"":""2026-09-03"",""run_id"":""305125553a764c29bba4eed248d5b137""},""join_samples"":{""date"":""2026-09-04"",""run_id"":""ce48177ab95f4e858b9f677fa84ec5ff""},""upload_data"":{""date"":""2026-09-04"",""run_id"":""b943f5cc87fa42099b3ec1b731772dc7""}}"
110,110,"50.2473224 , 18.9017395","50.4397518 , 18.9011253",urban-rural,urban,2023,"{""sample_routes"":{""date"":""2026-09-03"",""run_id"":""305125553a764c29bba4eed248d5b137""},""join_samples"":{""date"":""2026-09-04"",""run_id"":""ce48177ab95f4e858b9f677fa84ec5ff""},""upload_data"":{""date"":""2026-09-04"",""run_id"":""b943f5cc87fa42099b3ec1b731772dc7""}}"
111,111,"50.2372802 , 19.2873911","50.237250800000005 , 18.9878594",rural-urban,urban,2023,"{""sample_routes"":{""date"":""2026-09-03"",""run_id"":""305125553a764c29bba4eed248d5b137""},""join_samples"":{""date"":""2026-09-04"",""run_id"":""ce48177ab95f4e858b9f677fa84ec5ff""},""upload_data"":{""date"":""2026-09-04"",""run_id"":""b943f5cc87fa42099b3ec1b731772dc7""}}"
112,112,"50.175657 , 18.9042266","50.3396735 , 19.0686423",urban-rural,urban,2024,"{""sample_routes"":{""date"":""2026-09-03"",""run_id"":""305125553a764c29bba4eed248d5b137""},""join_samples"":{""date"":""2026-09-04"",""run_id"":""ce48177ab95f4e858b9f677fa84ec5ff""},""upload_data"":{""date"":""2026-09-04"",""run_id"":""b943f5cc87fa42099b3ec1b731772dc7""}}"
113,113,"52.340403900000005 , 21.0501098","52.16765710000001 , 21.2222303",rural-rural,urban,2027,"{""sample_routes"":{""date"":""2026-09-03"",""run_id"":""305125553a764c29bba4eed248d5b137""},""join_samples"":{""date"":""2026-09-04"",""run_id"":""ce48177ab95f4e858b9f677fa84ec5ff""},""upload_data"":{""date"":""2026-09-04"",""run_id"":""b943f5cc87fa42099b3ec1b731772dc7""}}"
114,114,"52.1575311 , 21.123203500000002","52.321448600000004 , 20.958916000000002",rural-urban,urban,2028,"{""sample_routes"":{""date"":""2026-09-03"",""run_id"":""305125553a764c29bba4eed248d5b137""},""join_samples"":{""date"":""2026-09-04"",""run_id"":""ce48177ab95f4e858b9f677fa84ec5ff""},""upload_data"":{""date"":""2026-09-04"",""run_id"":""b943f5cc87fa42099b3ec1b731772dc7""}}"
115,115,"52.1449554 , 20.957121500000003","52.289212400000004 , 21.100807",rural-urban,urban,2028,"{""sample_routes"":{""date"":""2026-09-03"",""run_id"":""305125553a764c29bba4eed248d5b137""},""join_samples"":{""date"":""2026-09-04"",""run_id"":""ce48177ab95f4e858b9f677fa84ec5ff""},""upload_data"":{""date"":""2026-09-04"",""run_id"":""b943f5cc87fa42099b3ec1b731772dc7""}}"
116,116,"52.209532 , 21.025745800000003","52.3568749 , 21.1736952",urban-rural,urban,1571,"{""sample_routes"":{""date"":""2026-09-03"",""run_id"":""305125553a764c29bba4eed248d5b137""},""join_samples"":{""date"":""2026-09-04"",""run_id"":""ce48177ab95f4e858b9f677fa84ec5ff""},""upload_data"":{""date"":""2026-09-04"",""run_id"":""b943f5cc87fa42099b3ec1b731772dc7""}}"
117,117,"50.390242300000004 , 18.952908400000002","50.2321144 , 19.111251000000003",urban-urban,urban,2029,"{""sample_routes"":{""date"":""2026-09-03"",""run_id"":""305125553a764c29bba4eed248d5b137""},""join_samples"":{""date"":""2026-09-04"",""run_id"":""ce48177ab95f4e858b9f677fa84ec5ff""},""upload_data"":{""date"":""2026-09-04"",""run_id"":""b943f5cc87fa42099b3ec1b731772dc7""}}"
118,118,"52.3557749 , 21.1656343","52.1761276 , 20.9861705",rural-urban,urban,2031,"{""sample_routes"":{""date"":""2026-09-03"",""run_id"":""305125553a764c29bba4eed248d5b137""},""join_samples"":{""date"":""2026-09-04"",""run_id"":""ce48177ab95f4e858b9f677fa84ec5ff""},""upload_data"":{""date"":""2026-09-04"",""run_id"":""b943f5cc87fa42099b3ec1b731772dc7""}}"
119,119,"50.159615300000006 , 18.92999","50.320233 , 19.0903174",rural-urban,urban,2031,"{""sample_routes"":{""date"":""2026-09-03"",""run_id"":""305125553a764c29bba4eed248d5b137""},""join_samples"":{""date"":""2026-09-04"",""run_id"":""ce48177ab95f4e858b9f677fa84ec5ff""},""upload_data"":{""date"":""2026-09-04"",""run_id"":""b943f5cc87fa42099b3ec1b731772dc7""}}"
120,120,"50.3399724 , 19.2501836","50.1918579 , 19.1025743",urban-rural,urban,2031,"{""sample_routes"":{""date"":""2026-09-03"",""run_id"":""305125553a764c29bba4eed248d5b137""},""join_samples"":{""date"":""2026-09-04"",""run_id"":""ce48177ab95f4e858b9f677fa84ec5ff""},""upload_data"":{""date"":""2026-09-04"",""run_id"":""b943f5cc87fa42099b3ec1b731772dc7""}}"
121,121,"50.407444100000006 , 18.8732849","50.242808000000004 , 18.8728674",urban-urban,urban,2032,"{""sample_routes"":{""date"":""2026-09-03"",""run_id"":""305125553a764c29bba4eed248d5b137""},""join_samples"":{""date"":""2026-09-04"",""run_id"":""ce48177ab95f4e858b9f677fa84ec5ff""},""upload_data"":{""date"":""2026-09-04"",""run_id"":""b943f5cc87fa42099b3ec1b731772dc7""}}"
122,122,"52.3865537 , 21.295174300000003","52.204902800000006 , 21.113038900000003",rural-urban,urban,2035,"{""sample_routes"":{""date"":""2026-09-03"",""run_id"":""305125553a764c29bba4eed248d5b137""},""join_samples"":{""date"":""2026-09-04"",""run_id"":""ce48177ab95f4e858b9f677fa84ec5ff""},""upload_data"":{""date"":""2026-09-04"",""run_id"":""b943f5cc87fa42099b3ec1b731772dc7""}}"
123,123,"52.298062200000004 , 21.0472286","52.14287100000001 , 21.0475694",urban-urban,urban,2036,"{""sample_routes"":{""date"":""2026-09-03"",""run_id"":""305125553a764c29bba4eed248d5b137""},""join_samples"":{""date"":""2026-09-04"",""run_id"":""ce48177ab95f4e858b9f677fa84ec5ff""},""upload_data"":{""date"":""2026-09-04"",""run_id"":""b943f5cc87fa42099b3ec1b731772dc7""}}"
124,124,"50.2924847 , 19.021329","50.2930743 , 18.636986",urban-urban,urban,2037,"{""sample_routes"":{""date"":""2026-09-03"",""run_id"":""305125553a764c29bba4eed248d5b137""},""join_samples"":{""date"":""2026-09-04"",""run_id"":""ce48177ab95f4e858b9f677fa84ec5ff""},""upload_data"":{""date"":""2026-09-04"",""run_id"":""b943f5cc87fa42099b3ec1b731772dc7""}}"
125,125,"50.4218825 , 18.9254947","50.222979800000005 , 18.9258165",rural-rural,urban,2040,"{""sample_routes"":{""date"":""2026-09-03"",""run_id"":""305125553a764c29bba4eed248d5b137""},""join_samples"":{""date"":""2026-09-04"",""run_id"":""ce48177ab95f4e858b9f677fa84ec5ff""},""upload_data"":{""date"":""2026-09-04"",""run_id"":""b943f5cc87fa42099b3ec1b731772dc7""}}"
126,126,"52.1907458 , 20.860108800000003","52.295517600000004 , 20.9650727",urban-urban,urban,2041,"{""sample_routes"":{""date"":""2026-09-03"",""run_id"":""305125553a764c29bba4eed248d5b137""},""join_samples"":{""date"":""2026-09-04"",""run_id"":""ce48177ab95f4e858b9f677fa84ec5ff""},""upload_data"":{""date"":""2026-09-04"",""run_id"":""b943f5cc87fa42099b3ec1b731772dc7""}}"
127,127,"50.1557126 , 18.9113733","50.324010300000005 , 19.079153700000003",urban-urban,urban,2041,"{""sample_routes"":{""date"":""2026-09-03"",""run_id"":""305125553a764c29bba4eed248d5b137""},""join_samples"":{""date"":""2026-09-04"",""run_id"":""ce48177ab95f4e858b9f677fa84ec5ff""},""upload_data"":{""date"":""2026-09-04"",""run_id"":""b943f5cc87fa42099b3ec1b731772dc7""}}"
128,128,"52.2640685 , 20.989111400000002","52.133362600000005 , 21.1195242",urban-rural,urban,1557,"{""sample_routes"":{""date"":""2026-09-03"",""run_id"":""305125553a764c29bba4eed248d5b137""},""join_samples"":{""date"":""2026-09-04"",""run_id"":""ce48177ab95f4e858b9f677fa84ec5ff""},""upload_data"":{""date"":""2026-09-04"",""run_id"":""b943f5cc87fa42099b3ec1b731772dc7""}}"
129,129,"50.254045500000004 , 19.0243568","50.4105659 , 18.8681772",urban-urban,urban,2043,"{""sample_routes"":{""date"":""2026-09-03"",""run_id"":""305125553a764c29bba4eed248d5b137""},""join_samples"":{""date"":""2026-09-04"",""run_id"":""ce48177ab95f4e858b9f677fa84ec5ff""},""upload_data"":{""date"":""2026-09-04"",""run_id"":""b943f5cc87fa42099b3ec1b731772dc7""}}"
130,130,"52.3018604 , 21.0564171","52.134020400000004 , 21.224245200000002",urban-urban,urban,2043,"{""sample_routes"":{""date"":""2026-09-03"",""run_id"":""305125553a764c29bba4eed248d5b137""},""join_samples"":{""date"":""2026-09-04"",""run_id"":""ce48177ab95f4e858b9f677fa84ec5ff""},""upload_data"":{""date"":""2026-09-04"",""run_id"":""b943f5cc87fa42099b3ec1b731772dc7""}}"
131,131,"52.206907400000006 , 20.914847400000003","52.394006000000005 , 20.914475900000003",urban-urban,urban,2045,"{""sample_routes"":{""date"":""2026-09-03"",""run_id"":""305125553a764c29bba4eed248d5b137""},""join_samples"":{""date"":""2026-09-04"",""run_id"":""ce48177ab95f4e858b9f677fa84ec5ff""},""upload_data"":{""date"":""2026-09-04"",""run_id"":""b943f5cc87fa42099b3ec1b731772dc7""}}"
132,132,"52.355329600000005 , 21.2394782","52.1525698 , 21.036667100000003",urban-urban,urban,2046,"{""sample_routes"":{""date"":""2026-09-03"",""run_id"":""305125553a764c29bba4eed248d5b137""},""join_samples"":{""date"":""2026-09-04"",""run_id"":""ce48177ab95f4e858b9f677fa84ec5ff""},""upload_data"":{""date"":""2026-09-04"",""run_id"":""b943f5cc87fa42099b3ec1b731772dc7""}}"
133,133,"52.1537189 , 20.9401793","52.259063700000006 , 20.8350075",urban-rural,urban,1553,"{""sample_routes"":{""date"":""2026-09-03"",""run_id"":""305125553a764c29bba4eed248d5b137""},""join_samples"":{""date"":""2026-09-04"",""run_id"":""ce48177ab95f4e858b9f677fa84ec5ff""},""upload_data"":{""date"":""2026-09-04"",""run_id"":""b943f5cc87fa42099b3ec1b731772dc7""}}"
134,134,"52.3039253 , 21.0112558","52.171502800000006 , 21.1432903",urban-rural,urban,1553,"{""sample_routes"":{""date"":""2026-09-03"",""run_id"":""305125553a764c29bba4eed248d5b137""},""join_samples"":{""date"":""2026-09-04"",""run_id"":""ce48177ab95f4e858b9f677fa84ec5ff""},""upload_data"":{""date"":""2026-09-04"",""run_id"":""b943f5cc87fa42099b3ec1b731772dc7""}}"
135,135,"52.183364600000004 , 21.195952100000003","52.3504833 , 21.029234300000002",urban-rural,urban,2048,"{""sample_routes"":{""date"":""2026-09-03"",""run_id"":""305125553a764c29bba4eed248d5b137""},""join_samples"":{""date"":""2026-09-04"",""run_id"":""ce48177ab95f4e858b9f677fa84ec5ff""},""upload_data"":{""date"":""2026-09-04"",""run_id"":""b943f5cc87fa42099b3ec1b731772dc7""}}"
136,136,"51.734607000000004 , 19.650002100000002","51.7352755 , 19.2886166",rural-rural,urban,2049,"{""sample_routes"":{""date"":""2026-09-03"",""run_id"":""305125553a764c29bba4eed248d5b137""},""join_samples"":{""date"":""2026-09-04"",""run_id"":""ce48177ab95f4e858b9f677fa84ec5ff""},""upload_data"":{""date"":""2026-09-04"",""run_id"":""b943f5cc87fa42099b3ec1b731772dc7""}}"
137,137,"50.379714 , 18.8030121","50.233167300000005 , 18.8025373",urban-rural,urban,1551,"{""sample_routes"":{""date"":""2026-09-03"",""run_id"":""305125553a764c29bba4eed248d5b137""},""join_samples"":{""date"":""2026-09-04"",""run_id"":""ce48177ab95f4e858b9f677fa84ec5ff""},""upload_data"":{""date"":""2026-09-04"",""run_id"":""b943f5cc87fa42099b3ec1b731772dc7""}}"
138,138,"50.2255033 , 19.057444","50.3534243 , 18.9301435",urban-urban,urban,2049,"{""sample_routes"":{""date"":""2026-09-03"",""run_id"":""305125553a764c29bba4eed248d5b137""},""join_samples"":{""date"":""2026-09-04"",""run_id"":""ce48177ab95f4e858b9f677fa84ec5ff""},""upload_data"":{""date"":""2026-09-04"",""run_id"":""b943f5cc87fa42099b3ec1b731772dc7""}}"
139,139,"51.175150200000004 , 17.1561238","51.0577125 , 17.0391798",rural-urban,urban,1548,"{""sample_routes"":{""date"":""2026-09-03"",""run_id"":""305125553a764c29bba4eed248d5b137""},""join_samples"":{""date"":""2026-09-04"",""run_id"":""ce48177ab95f4e858b9f677fa84ec5ff""},""upload_data"":{""date"":""2026-09-04"",""run_id"":""b943f5cc87fa42099b3ec1b731772dc7""}}"
140,140,"50.332603500000005 , 19.187002800000002","50.332310400000004 , 18.8601566",urban-urban,urban,2053,"{""sample_routes"":{""date"":""2026-09-03"",""run_id"":""305125553a764c29bba4eed248d5b137""},""join_samples"":{""date"":""2026-09-04"",""run_id"":""ce48177ab95f4e858b9f677fa84ec5ff""},""upload_data"":{""date"":""2026-09-04"",""run_id"":""b943f5cc87fa42099b3ec1b731772dc7""}}"
141,141,"52.161341900000004 , 20.815984200000003","52.3231167 , 20.977224800000002",urban-urban,urban,2054,"{""sample_routes"":{""date"":""2026-09-03"",""run_id"":""305125553a764c29bba4eed248d5b137""},""join_samples"":{""date"":""2026-09-04"",""run_id"":""ce48177ab95f4e858b9f677fa84ec5ff""},""upload_data"":{""date"":""2026-09-04"",""run_id"":""b943f5cc87fa42099b3ec1b731772dc7""}}"
142,142,"52.3583961 , 21.1763988","52.132928400000004 , 20.950721100000003",rural-rural,urban,2055,"{""sample_routes"":{""date"":""2026-09-03"",""run_id"":""305125553a764c29bba4eed248d5b137""},""join_samples"":{""date"":""2026-09-04"",""run_id"":""ce48177ab95f4e858b9f677fa84ec5ff""},""upload_data"":{""date"":""2026-09-04"",""run_id"":""b943f5cc87fa42099b3ec1b731772dc7""}}"
143,143,"52.083915600000005 , 21.015143400000003","52.305108600000004 , 21.015430900000002",urban-urban,urban,2056,"{""sample_routes"":{""date"":""2026-09-03"",""run_id"":""305125553a764c29bba4eed248d5b137""},""join_samples"":{""date"":""2026-09-04"",""run_id"":""ce48177ab95f4e858b9f677fa84ec5ff""},""upload_data"":{""date"":""2026-09-04"",""run_id"":""b943f5cc87fa42099b3ec1b731772dc7""}}"
144,144,"52.35020110000001 , 21.2528697","52.151307900000006 , 21.0537938",urban-urban,urban,2059,"{""sample_routes"":{""date"":""2026-09-03"",""run_id"":""305125553a764c29bba4eed248d5b137""},""join_samples"":{""date"":""2026-09-04"",""run_id"":""ce48177ab95f4e858b9f677fa84ec5ff""},""upload_data"":{""date"":""2026-09-04"",""run_id"":""b943f5cc87fa42099b3ec1b731772dc7""}}"
145,145,"50.2751134 , 18.8921259","50.275133600000004 , 18.5750868",urban-rural,urban,2061,"{""sample_routes"":{""date"":""2026-09-03"",""run_id"":""305125553a764c29bba4eed248d5b137""},""join_samples"":{""date"":""2026-09-04"",""run_id"":""ce48177ab95f4e858b9f677fa84ec5ff""},""upload_data"":{""date"":""2026-09-04"",""run_id"":""b943f5cc87fa42099b3ec1b731772dc7""}}"
146,146,"52.1311601 , 21.093607300000002","52.3455688 , 20.8791987",urban-urban,urban,2063,"{""sample_routes"":{""date"":""2026-09-03"",""run_id"":""305125553a764c29bba4eed248d5b137""},""join_samples"":{""date"":""2026-09-04"",""run_id"":""ce48177ab95f4e858b9f677fa84ec5ff""},""upload_data"":{""date"":""2026-09-04"",""run_id"":""b943f5cc87fa42099b3ec1b731772dc7""}}"
147,147,"52.180023500000004 , 21.172333100000003","52.180007100000005 , 20.8789374",urban-urban,urban,2064,"{""sample_routes"":{""date"":""2026-09-03"",""run_id"":""305125553a764c29bba4eed248d5b137""},""join_samples"":{""date"":""2026-09-04"",""run_id"":""ce48177ab95f4e858b9f677fa84ec5ff""},""upload_data"":{""date"":""2026-09-04"",""run_id"":""b943f5cc87fa42099b3ec1b731772dc7""}}"
148,148,"51.7938272 , 19.532689700000002","51.676416100000004 , 19.4159326",urban-rural,urban,1533,"{""sample_routes"":{""date"":""2026-09-03"",""run_id"":""305125553a764c29bba4eed248d5b137""},""join_samples"":{""date"":""2026-09-04"",""run_id"":""ce48177ab95f4e858b9f677fa84ec5ff""},""upload_data"":{""date"":""2026-09-04"",""run_id"":""b943f5cc87fa42099b3ec1b731772dc7""}}"
149,149,"52.2165662 , 21.2372461","52.2163842 , 20.8870422",urban-urban,urban,2069,"{""sample_routes"":{""date"":""2026-09-03"",""run_id"":""305125553a764c29bba4eed248d5b137""},""join_samples"":{""date"":""2026-09-04"",""run_id"":""ce48177ab95f4e858b9f677fa84ec5ff""},""upload_data"":{""date"":""2026-09-04"",""run_id"":""b943f5cc87fa42099b3ec1b731772dc7""}}"
150,150,"51.862268300000004 , 20.1499528","52.0158533 , 20.1492577",rural-rural,mixed,1802,"{""sample_routes"":{""date"":""2026-09-03"",""run_id"":""305125553a764c29bba4eed248d5b137""},""join_samples"":{""date"":""2026-09-04"",""run_id"":""ce48177ab95f4e858b9f677fa84ec5ff""},""upload_data"":{""date"":""2026-09-04"",""run_id"":""b943f5cc87fa42099b3ec1b731772dc7""}}"
151,151,"50.177356 , 19.293249600000003","50.015840000000004 , 19.293642300000002",rural-rural,mixed,1798,"{""sample_routes"":{""date"":""2026-09-03"",""run_id"":""305125553a764c29bba4eed248d5b137""},""join_samples"":{""date"":""2026-09-04"",""run_id"":""ce48177ab95f4e858b9f677fa84ec5ff""},""upload_data"":{""date"":""2026-09-04"",""run_id"":""b943f5cc87fa42099b3ec1b731772dc7""}}"
152,152,"51.111818500000005 , 17.0585363","50.9130905 , 16.8600131",urban-rural,mixed,1798,"{""sample_routes"":{""date"":""2026-09-03"",""run_id"":""305125553a764c29bba4eed248d5b137""},""join_samples"":{""date"":""2026-09-04"",""run_id"":""ce48177ab95f4e858b9f677fa84ec5ff""},""upload_data"":{""date"":""2026-09-04"",""run_id"":""b943f5cc87fa42099b3ec1b731772dc7""}}"
153,153,"53.654144900000006 , 20.6106844","53.8122905 , 20.453164",rural-rural,mixed,1796,"{""sample_routes"":{""date"":""2026-09-03"",""run_id"":""305125553a764c29bba4eed248d5b137""},""join_samples"":{""date"":""2026-09-04"",""run_id"":""ce48177ab95f4e858b9f677fa84ec5ff""},""upload_data"":{""date"":""2026-09-04"",""run_id"":""b943f5cc87fa42099b3ec1b731772dc7""}}"
154,154,"50.2977393 , 18.6649205","50.13866 , 18.824073000000002",urban-urban,mixed,1805,"{""sample_routes"":{""date"":""2026-09-03"",""run_id"":""305125553a764c29bba4eed248d5b137""},""join_samples"":{""date"":""2026-09-04"",""run_id"":""ce48177ab95f4e858b9f677fa84ec5ff""},""upload_data"":{""date"":""2026-09-04"",""run_id"":""b943f5cc87fa42099b3ec1b731772dc7""}}"
155,155,"52.259848700000006 , 20.9750638","52.0280609 , 20.742624000000003",urban-rural,mixed,1788,"{""sample_routes"":{""date"":""2026-09-03"",""run_id"":""305125553a764c29bba4eed248d5b137""},""join_samples"":{""date"":""2026-09-04"",""run_id"":""ce48177ab95f4e858b9f677fa84ec5ff""},""upload_data"":{""date"":""2026-09-04"",""run_id"":""b943f5cc87fa42099b3ec1b731772dc7""}}"
156,156,"49.731453900000005 , 19.0995472","49.952626800000004 , 18.878452300000003",rural-rural,mixed,1816,"{""sample_routes"":{""date"":""2026-09-03"",""run_id"":""305125553a764c29bba4eed248d5b137""},""join_samples"":{""date"":""2026-09-04"",""run_id"":""ce48177ab95f4e858b9f677fa84ec5ff""},""upload_data"":{""date"":""2026-09-04"",""run_id"":""b943f5cc87fa42099b3ec1b731772dc7""}}"
157,157,"51.1721815 , 16.362732700000002","51.171530800000006 , 16.09133",rural-rural,mixed,1818,"{""sample_routes"":{""date"":""2026-09-03"",""run_id"":""305125553a764c29bba4eed248d5b137""},""join_samples"":{""date"":""2026-09-04"",""run_id"":""ce48177ab95f4e858b9f677fa84ec5ff""},""upload_data"":{""date"":""2026-09-04"",""run_id"":""b943f5cc87fa42099b3ec1b731772dc7""}}"
158,158,"50.0642104 , 19.9894438","49.847288500000005 , 19.77193",urban-rural,mixed,1819,"{""sample_routes"":{""date"":""2026-09-03"",""run_id"":""305125553a764c29bba4eed248d5b137""},""join_samples"":{""date"":""2026-09-04"",""run_id"":""ce48177ab95f4e858b9f677fa84ec5ff""},""upload_data"":{""date"":""2026-09-04"",""run_id"":""b943f5cc87fa42099b3ec1b731772dc7""}}"
159,159,"49.885822700000006 , 19.022862","49.653423700000005 , 19.2550168",rural-rural,mixed,1821,"{""sample_routes"":{""date"":""2026-09-03"",""run_id"":""305125553a764c29bba4eed248d5b137""},""join_samples"":{""date"":""2026-09-04"",""run_id"":""ce48177ab95f4e858b9f677fa84ec5ff""},""upload_data"":{""date"":""2026-09-04"",""run_id"":""b943f5cc87fa42099b3ec1b731772dc7""}}"
160,160,"53.166576000000006 , 23.219824600000003","53.4313682 , 23.4849035",urban-rural,mixed,1778,"{""sample_routes"":{""date"":""2026-09-03"",""run_id"":""305125553a764c29bba4eed248d5b137""},""join_samples"":{""date"":""2026-09-04"",""run_id"":""ce48177ab95f4e858b9f677fa84ec5ff""},""upload_data"":{""date"":""2026-09-04"",""run_id"":""b943f5cc87fa42099b3ec1b731772dc7""}}"
161,161,"49.746269100000006 , 19.0472088","49.9212763 , 19.2216492",rural-rural,mixed,1775,"{""sample_routes"":{""date"":""2026-09-03"",""run_id"":""305125553a764c29bba4eed248d5b137""},""join_samples"":{""date"":""2026-09-04"",""run_id"":""ce48177ab95f4e858b9f677fa84ec5ff""},""upload_data"":{""date"":""2026-09-04"",""run_id"":""b943f5cc87fa42099b3ec1b731772dc7""}}"
162,162,"50.908507900000004 , 20.5783889","50.7667294 , 20.720693",urban-rural,mixed,1774,"{""sample_routes"":{""date"":""2026-09-03"",""run_id"":""305125553a764c29bba4eed248d5b137""},""join_samples"":{""date"":""2026-09-04"",""run_id"":""ce48177ab95f4e858b9f677fa84ec5ff""},""upload_data"":{""date"":""2026-09-04"",""run_id"":""b943f5cc87fa42099b3ec1b731772dc7""}}"
163,163,"52.244500800000004 , 20.9786578","51.999903100000004 , 20.7344584",urban-rural,mixed,1771,"{""sample_routes"":{""date"":""2026-09-03"",""run_id"":""305125553a764c29bba4eed248d5b137""},""join_samples"":{""date"":""2026-09-04"",""run_id"":""ce48177ab95f4e858b9f677fa84ec5ff""},""upload_data"":{""date"":""2026-09-04"",""run_id"":""b943f5cc87fa42099b3ec1b731772dc7""}}"
164,164,"50.1813252 , 18.763586500000002","50.3227009 , 18.905000400000002",rural-urban,mixed,1771,"{""sample_routes"":{""date"":""2026-09-03"",""run_id"":""305125553a764c29bba4eed248d5b137""},""join_samples"":{""date"":""2026-09-04"",""run_id"":""ce48177ab95f4e858b9f677fa84ec5ff""},""upload_data"":{""date"":""2026-09-04"",""run_id"":""b943f5cc87fa42099b3ec1b731772dc7""}}"
165,165,"50.218560000000004 , 19.3571482","50.2179014 , 19.1277315",rural-rural,mixed,1829,"{""sample_routes"":{""date"":""2026-09-03"",""run_id"":""305125553a764c29bba4eed248d5b137""},""join_samples"":{""date"":""2026-09-04"",""run_id"":""ce48177ab95f4e858b9f677fa84ec5ff""},""upload_data"":{""date"":""2026-09-04"",""run_id"":""b943f5cc87fa42099b3ec1b731772dc7""}}"
166,166,"52.261723 , 20.9226813","52.433436 , 20.750872400000002",urban-urban,mixed,1830,"{""sample_routes"":{""date"":""2026-09-03"",""run_id"":""305125553a764c29bba4eed248d5b137""},""join_samples"":{""date"":""2026-09-04"",""run_id"":""ce48177ab95f4e858b9f677fa84ec5ff""},""upload_data"":{""date"":""2026-09-04"",""run_id"":""b943f5cc87fa42099b3ec1b731772dc7""}}"
167,167,"52.228633 , 21.0223176","52.010387200000004 , 20.8046806",urban-rural,mixed,1831,"{""sample_routes"":{""date"":""2026-09-03"",""run_id"":""305125553a764c29bba4eed248d5b137""},""join_samples"":{""date"":""2026-09-04"",""run_id"":""ce48177ab95f4e858b9f677fa84ec5ff""},""upload_data"":{""date"":""2026-09-04"",""run_id"":""b943f5cc87fa42099b3ec1b731772dc7""}}"
168,168,"50.391363600000005 , 18.943716600000002","50.4863433 , 18.8481218",urban-rural,mixed,1769,"{""sample_routes"":{""date"":""2026-09-03"",""run_id"":""305125553a764c29bba4eed248d5b137""},""join_samples"":{""date"":""2026-09-04"",""run_id"":""ce48177ab95f4e858b9f677fa84ec5ff""},""upload_data"":{""date"":""2026-09-04"",""run_id"":""b943f5cc87fa42099b3ec1b731772dc7""}}"
169,169,"50.1933329 , 18.8915198","50.340854900000004 , 18.7435371",rural-urban,mixed,1835,"{""sample_routes"":{""date"":""2026-09-03"",""run_id"":""305125553a764c29bba4eed248d5b137""},""join_samples"":{""date"":""2026-09-04"",""run_id"":""ce48177ab95f4e858b9f677fa84ec5ff""},""upload_data"":{""date"":""2026-09-04"",""run_id"":""b943f5cc87fa42099b3ec1b731772dc7""}}"
170,170,"51.907050700000006 , 19.5720853","51.747459000000006 , 19.4130755",rural-urban,mixed,1837,"{""sample_routes"":{""date"":""2026-09-03"",""run_id"":""305125553a764c29bba4eed248d5b137""},""join_samples"":{""date"":""2026-09-04"",""run_id"":""ce48177ab95f4e858b9f677fa84ec5ff""},""upload_data"":{""date"":""2026-09-04"",""run_id"":""b943f5cc87fa42099b3ec1b731772dc7""}}"
171,171,"52.2441259 , 17.1274635","52.473659500000004 , 16.8973303",rural-urban,mixed,1837,"{""sample_routes"":{""date"":""2026-09-03"",""run_id"":""305125553a764c29bba4eed248d5b137""},""join_samples"":{""date"":""2026-09-04"",""run_id"":""ce48177ab95f4e858b9f677fa84ec5ff""},""upload_data"":{""date"":""2026-09-04"",""run_id"":""b943f5cc87fa42099b3ec1b731772dc7""}}"
172,172,"52.3434029 , 16.852288100000003","52.185484300000006 , 17.0107372",urban-rural,mixed,1761,"{""sample_routes"":{""date"":""2026-09-03"",""run_id"":""305125553a764c29bba4eed248d5b137""},""join_samples"":{""date"":""2026-09-04"",""run_id"":""ce48177ab95f4e858b9f677fa84ec5ff""},""upload_data"":{""date"":""2026-09-04"",""run_id"":""b943f5cc87fa42099b3ec1b731772dc7""}}"
173,173,"53.435990700000005 , 14.5073223","53.277936000000004 , 14.665996400000001",urban-rural,mixed,1758,"{""sample_routes"":{""date"":""2026-09-03"",""run_id"":""305125553a764c29bba4eed248d5b137""},""join_samples"":{""date"":""2026-09-04"",""run_id"":""ce48177ab95f4e858b9f677fa84ec5ff""},""upload_data"":{""date"":""2026-09-04"",""run_id"":""b943f5cc87fa42099b3ec1b731772dc7""}}"
174,174,"52.2542301 , 21.077290700000002","52.44354310000001 , 21.2668669",urban-rural,mixed,1846,"{""sample_routes"":{""date"":""2026-09-03"",""run_id"":""305125553a764c29bba4eed248d5b137""},""join_samples"":{""date"":""2026-09-04"",""run_id"":""ce48177ab95f4e858b9f677fa84ec5ff""},""upload_data"":{""date"":""2026-09-04"",""run_id"":""b943f5cc87fa42099b3ec1b731772dc7""}}"
175,175,"51.0541689 , 17.0829239","51.054500100000006 , 16.7364155",urban-rural,mixed,1846,"{""sample_routes"":{""date"":""2026-09-03"",""run_id"":""305125553a764c29bba4eed248d5b137""},""join_samples"":{""date"":""2026-09-04"",""run_id"":""ce48177ab95f4e858b9f677fa84ec5ff""},""upload_data"":{""date"":""2026-09-04"",""run_id"":""b943f5cc87fa42099b3ec1b731772dc7""}}"
176,176,"50.8628772 , 20.593667500000002","51.127933500000005 , 20.8580946",urban-urban,mixed,1847,"{""sample_routes"":{""date"":""2026-09-03"",""run_id"":""305125553a764c29bba4eed248d5b137""},""join_samples"":{""date"":""2026-09-04"",""run_id"":""ce48177ab95f4e858b9f677fa84ec5ff""},""upload_data"":{""date"":""2026-09-04"",""run_id"":""b943f5cc87fa42099b3ec1b731772dc7""}}"
177,177,"51.069279800000004 , 16.9968401","51.0696621 , 17.2573709",urban-rural,mixed,1847,"{""sample_routes"":{""date"":""2026-09-03"",""run_id"":""305125553a764c29bba4eed248d5b137""},""join_samples"":{""date"":""2026-09-04"",""run_id"":""ce48177ab95f4e858b9f677fa84ec5ff""},""upload_data"":{""date"":""2026-09-04"",""run_id"":""b943f5cc87fa42099b3ec1b731772dc7""}}"
178,178,"52.226480200000005 , 21.104427700000002","51.9663564 , 20.8445773",urban-rural,mixed,1851,"{""sample_routes"":{""date"":""2026-09-03"",""run_id"":""305125553a764c29bba4eed248d5b137""},""join_samples"":{""date"":""2026-09-04"",""run_id"":""ce48177ab95f4e858b9f677fa84ec5ff""},""upload_data"":{""date"":""2026-09-04"",""run_id"":""b943f5cc87fa42099b3ec1b731772dc7""}}"
179,179,"49.6841324 , 19.2850751","49.569489000000004 , 19.171118800000002",rural-rural,mixed,1855,"{""sample_routes"":{""date"":""2026-09-03"",""run_id"":""305125553a764c29bba4eed248d5b137""},""join_samples"":{""date"":""2026-09-04"",""run_id"":""ce48177ab95f4e858b9f677fa84ec5ff""},""upload_data"":{""date"":""2026-09-04"",""run_id"":""b943f5cc87fa42099b3ec1b731772dc7""}}"
180,180,"53.4587299 , 14.515375","53.278604800000004 , 14.5147338",urban-rural,mixed,1855,"{""sample_routes"":{""date"":""2026-09-03"",""run_id"":""305125553a764c29bba4eed248d5b137""},""join_samples"":{""date"":""2026-09-04"",""run_id"":""ce48177ab95f4e858b9f677fa84ec5ff""},""upload_data"":{""date"":""2026-09-04"",""run_id"":""b943f5cc87fa42099b3ec1b731772dc7""}}"
181,181,"49.913965100000006 , 20.179630200000002","50.057881300000005 , 20.035571700000002",rural-urban,mixed,1745,"{""sample_routes"":{""date"":""2026-09-03"",""run_id"":""305125553a764c29bba4eed248d5b137""},""join_samples"":{""date"":""2026-09-04"",""run_id"":""ce48177ab95f4e858b9f677fa84ec5ff""},""upload_data"":{""date"":""2026-09-04"",""run_id"":""b943f5cc87fa42099b3ec1b731772dc7""}}"
182,182,"50.927480100000004 , 15.694784700000001","50.7888924 , 15.694323700000002",rural-rural,mixed,1744,"{""sample_routes"":{""date"":""2026-09-03"",""run_id"":""305125553a764c29bba4eed248d5b137""},""join_samples"":{""date"":""2026-09-04"",""run_id"":""ce48177ab95f4e858b9f677fa84ec5ff""},""upload_data"":{""date"":""2026-09-04"",""run_id"":""b943f5cc87fa42099b3ec1b731772dc7""}}"
183,183,"52.200855100000005 , 20.9764239","52.4339847 , 21.2090463",urban-rural,mixed,1857,"{""sample_routes"":{""date"":""2026-09-03"",""run_id"":""305125553a764c29bba4eed248d5b137""},""join_samples"":{""date"":""2026-09-04"",""run_id"":""ce48177ab95f4e858b9f677fa84ec5ff""},""upload_data"":{""date"":""2026-09-04"",""run_id"":""b943f5cc87fa42099b3ec1b731772dc7""}}"
184,184,"52.268242900000004 , 21.3866334","52.101910800000006 , 21.2196427",rural-urban,mixed,1743,"{""sample_routes"":{""date"":""2026-09-03"",""run_id"":""305125553a764c29bba4eed248d5b137""},""join_samples"":{""date"":""2026-09-04"",""run_id"":""ce48177ab95f4e858b9f677fa84ec5ff""},""upload_data"":{""date"":""2026-09-04"",""run_id"":""b943f5cc87fa42099b3ec1b731772dc7""}}"
185,185,"49.992356900000004 , 18.4946252","49.99256930000001 , 18.876629700000002",rural-rural,mixed,1863,"{""sample_routes"":{""date"":""2026-09-03"",""run_id"":""305125553a764c29bba4eed248d5b137""},""join_samples"":{""date"":""2026-09-04"",""run_id"":""ce48177ab95f4e858b9f677fa84ec5ff""},""upload_data"":{""date"":""2026-09-04"",""run_id"":""b943f5cc87fa42099b3ec1b731772dc7""}}"
186,186,"54.528276000000005 , 18.516798700000002","54.2672237 , 18.7780096",urban-rural,mixed,1864,"{""sample_routes"":{""date"":""2026-09-03"",""run_id"":""305125553a764c29bba4eed248d5b137""},""join_samples"":{""date"":""2026-09-04"",""run_id"":""ce48177ab95f4e858b9f677fa84ec5ff""},""upload_data"":{""date"":""2026-09-04"",""run_id"":""b943f5cc87fa42099b3ec1b731772dc7""}}"
187,187,"50.1568643 , 19.1427012","50.009424900000006 , 19.2907942",urban-rural,mixed,1869,"{""sample_routes"":{""date"":""2026-09-03"",""run_id"":""305125553a764c29bba4eed248d5b137""},""join_samples"":{""date"":""2026-09-04"",""run_id"":""ce48177ab95f4e858b9f677fa84ec5ff""},""upload_data"":{""date"":""2026-09-04"",""run_id"":""b943f5cc87fa42099b3ec1b731772dc7""}}"
188,188,"50.0140164 , 20.9493417","50.1536063 , 21.0883454",urban-rural,mixed,1731,"{""sample_routes"":{""date"":""2026-09-03"",""run_id"":""305125553a764c29bba4eed248d5b137""},""join_samples"":{""date"":""2026-09-04"",""run_id"":""ce48177ab95f4e858b9f677fa84ec5ff""},""upload_data"":{""date"":""2026-09-04"",""run_id"":""b943f5cc87fa42099b3ec1b731772dc7""}}"
189,189,"50.4235817 , 19.0463488","50.2690957 , 19.2013007",rural-urban,mixed,1874,"{""sample_routes"":{""date"":""2026-09-03"",""run_id"":""305125553a764c29bba4eed248d5b137""},""join_samples"":{""date"":""2026-09-04"",""run_id"":""ce48177ab95f4e858b9f677fa84ec5ff""},""upload_data"":{""date"":""2026-09-04"",""run_id"":""b943f5cc87fa42099b3ec1b731772dc7""}}"
190,190,"50.1229165 , 18.979804100000003","49.9357477 , 19.1669243",urban-rural,mixed,1874,"{""sample_routes"":{""date"":""2026-09-03"",""run_id"":""305125553a764c29bba4eed248d5b137""},""join_samples"":{""date"":""2026-09-04"",""run_id"":""ce48177ab95f4e858b9f677fa84ec5ff""},""upload_data"":{""date"":""2026-09-04"",""run_id"":""b943f5cc87fa42099b3ec1b731772dc7""}}"
191,191,"50.0118425 , 19.993157500000002","49.7949816 , 19.7768447",urban-rural,mixed,1877,"{""sample_routes"":{""date"":""2026-09-03"",""run_id"":""305125553a764c29bba4eed248d5b137""},""join_samples"":{""date"":""2026-09-04"",""run_id"":""ce48177ab95f4e858b9f677fa84ec5ff""},""upload_data"":{""date"":""2026-09-04"",""run_id"":""b943f5cc87fa42099b3ec1b731772dc7""}}"
192,192,"51.095149000000006 , 17.2248191","51.0945747 , 16.9600671",rural-urban,mixed,1878,"{""sample_routes"":{""date"":""2026-09-03"",""run_id"":""305125553a764c29bba4eed248d5b137""},""join_samples"":{""date"":""2026-09-04"",""run_id"":""ce48177ab95f4e858b9f677fa84ec5ff""},""upload_data"":{""date"":""2026-09-04"",""run_id"":""b943f5cc87fa42099b3ec1b731772dc7""}}"
193,193,"52.2138763 , 21.2176514","52.052404700000004 , 21.217437500000003",urban-rural,mixed,1720,"{""sample_routes"":{""date"":""2026-09-03"",""run_id"":""305125553a764c29bba4eed248d5b137""},""join_samples"":{""date"":""2026-09-04"",""run_id"":""ce48177ab95f4e858b9f677fa84ec5ff""},""upload_data"":{""date"":""2026-09-04"",""run_id"":""b943f5cc87fa42099b3ec1b731772dc7""}}"
194,194,"50.3297443 , 18.8400453","50.179154000000004 , 18.839721400000002",rural-rural,mixed,1718,"{""sample_routes"":{""date"":""2026-09-03"",""run_id"":""305125553a764c29bba4eed248d5b137""},""join_samples"":{""date"":""2026-09-04"",""run_id"":""ce48177ab95f4e858b9f677fa84ec5ff""},""upload_data"":{""date"":""2026-09-04"",""run_id"":""b943f5cc87fa42099b3ec1b731772dc7""}}"
195,195,"53.842499200000006 , 20.534689500000002","53.729591600000006 , 20.422249400000002",rural-rural,mixed,1715,"{""sample_routes"":{""date"":""2026-09-03"",""run_id"":""305125553a764c29bba4eed248d5b137""},""join_samples"":{""date"":""2026-09-04"",""run_id"":""ce48177ab95f4e858b9f677fa84ec5ff""},""upload_data"":{""date"":""2026-09-04"",""run_id"":""b943f5cc87fa42099b3ec1b731772dc7""}}"
196,196,"49.9904668 , 19.1649418","50.157328500000006 , 19.3312503",rural-rural,mixed,1887,"{""sample_routes"":{""date"":""2026-09-03"",""run_id"":""305125553a764c29bba4eed248d5b137""},""join_samples"":{""date"":""2026-09-04"",""run_id"":""ce48177ab95f4e858b9f677fa84ec5ff""},""upload_data"":{""date"":""2026-09-04"",""run_id"":""b943f5cc87fa42099b3ec1b731772dc7""}}"
197,197,"53.0265592 , 18.5045919","52.847240600000006 , 18.684433600000002",rural-rural,mixed,1888,"{""sample_routes"":{""date"":""2026-09-03"",""run_id"":""305125553a764c29bba4eed248d5b137""},""join_samples"":{""date"":""2026-09-04"",""run_id"":""ce48177ab95f4e858b9f677fa84ec5ff""},""upload_data"":{""date"":""2026-09-04"",""run_id"":""b943f5cc87fa42099b3ec1b731772dc7""}}"
198,198,"51.7880301 , 19.4212855","51.577138600000005 , 19.632536100000003",urban-rural,mixed,1892,"{""sample_routes"":{""date"":""2026-09-03"",""run_id"":""305125553a764c29bba4eed248d5b137""},""join_samples"":{""date"":""2026-09-04"",""run_id"":""ce48177ab95f4e858b9f677fa84ec5ff""},""upload_data"":{""date"":""2026-09-04"",""run_id"":""b943f5cc87fa42099b3ec1b731772dc7""}}"
199,199,"51.798162500000004 , 19.4461264","51.797756 , 19.8014432",urban-rural,mixed,1704,"{""sample_routes"":{""date"":""2026-09-03"",""run_id"":""305125553a764c29bba4eed248d5b137""},""join_samples"":{""date"":""2026-09-04"",""run_id"":""ce48177ab95f4e858b9f677fa84ec5ff""},""upload_data"":{""date"":""2026-09-04"",""run_id"":""b943f5cc87fa42099b3ec1b731772dc7""}}"
200,200,"50.3376287 , 18.6194163","50.1433508 , 18.619794000000002",urban-urban,mixed,1898,"{""sample_routes"":{""date"":""2026-09-03"",""run_id"":""305125553a764c29bba4eed248d5b137""},""join_samples"":{""date"":""2026-09-04"",""run_id"":""ce48177ab95f4e858b9f677fa84ec5ff""},""upload_data"":{""date"":""2026-09-04"",""run_id"":""b943f5cc87fa42099b3ec1b731772dc7""}}"
201,201,"53.443290100000006 , 14.544337200000001","53.3186381 , 14.6695682",urban-rural,mixed,1695,"{""sample_routes"":{""date"":""2026-09-03"",""run_id"":""305125553a764c29bba4eed248d5b137""},""join_samples"":{""date"":""2026-09-04"",""run_id"":""ce48177ab95f4e858b9f677fa84ec5ff""},""upload_data"":{""date"":""2026-09-04"",""run_id"":""b943f5cc87fa42099b3ec1b731772dc7""}}"
202,202,"50.087163800000006 , 20.020470800000002","49.856478300000006 , 19.7901878",urban-urban,mixed,1906,"{""sample_routes"":{""date"":""2026-09-03"",""run_id"":""305125553a764c29bba4eed248d5b137""},""join_samples"":{""date"":""2026-09-04"",""run_id"":""ce48177ab95f4e858b9f677fa84ec5ff""},""upload_data"":{""date"":""2026-09-04"",""run_id"":""b943f5cc87fa42099b3ec1b731772dc7""}}"
203,203,"54.3408929 , 18.5792103","54.541041500000006 , 18.3788296",urban-rural,mixed,1693,"{""sample_routes"":{""date"":""2026-09-03"",""run_id"":""305125553a764c29bba4eed248d5b137""},""join_samples"":{""date"":""2026-09-04"",""run_id"":""ce48177ab95f4e858b9f677fa84ec5ff""},""upload_data"":{""date"":""2026-09-04"",""run_id"":""b943f5cc87fa42099b3ec1b731772dc7""}}"
204,204,"51.7953607 , 19.4766227","51.7956361 , 19.200631700000002",urban-rural,mixed,1690,"{""sample_routes"":{""date"":""2026-09-03"",""run_id"":""305125553a764c29bba4eed248d5b137""},""join_samples"":{""date"":""2026-09-04"",""run_id"":""ce48177ab95f4e858b9f677fa84ec5ff""},""upload_data"":{""date"":""2026-09-04"",""run_id"":""b943f5cc87fa42099b3ec1b731772dc7""}}"
205,205,"52.8713234 , 18.691782800000002","53.017607100000006 , 18.546194500000002",urban-urban,mixed,1688,"{""sample_routes"":{""date"":""2026-09-03"",""run_id"":""305125553a764c29bba4eed248d5b137""},""join_samples"":{""date"":""2026-09-04"",""run_id"":""ce48177ab95f4e858b9f677fa84ec5ff""},""upload_data"":{""date"":""2026-09-04"",""run_id"":""b943f5cc87fa42099b3ec1b731772dc7""}}"
206,206,"49.875671600000004 , 18.856127400000002","49.716796200000005 , 18.856804800000003",rural-rural,mixed,1914,"{""sample_routes"":{""date"":""2026-09-03"",""run_id"":""305125553a764c29bba4eed248d5b137""},""join_samples"":{""date"":""2026-09-04"",""run_id"":""ce48177ab95f4e858b9f677fa84ec5ff""},""upload_data"":{""date"":""2026-09-04"",""run_id"":""b943f5cc87fa42099b3ec1b731772dc7""}}"
207,207,"49.797871300000004 , 19.0774484","50.018860700000005 , 18.857138600000003",urban-rural,mixed,1916,"{""sample_routes"":{""date"":""2026-09-03"",""run_id"":""305125553a764c29bba4eed248d5b137""},""join_samples"":{""date"":""2026-09-04"",""run_id"":""ce48177ab95f4e858b9f677fa84ec5ff""},""upload_data"":{""date"":""2026-09-04"",""run_id"":""b943f5cc87fa42099b3ec1b731772dc7""}}"
208,208,"50.124315 , 18.8162488","50.254578900000006 , 18.946803000000003",rural-urban,mixed,1917,"{""sample_routes"":{""date"":""2026-09-03"",""run_id"":""305125553a764c29bba4eed248d5b137""},""join_samples"":{""date"":""2026-09-04"",""run_id"":""ce48177ab95f4e858b9f677fa84ec5ff""},""upload_data"":{""date"":""2026-09-04"",""run_id"":""b943f5cc87fa42099b3ec1b731772dc7""}}"
209,209,"54.5772473 , 18.404752900000002","54.324406800000006 , 18.6571934",urban-rural,mixed,1925,"{""sample_routes"":{""date"":""2026-09-03"",""run_id"":""305125553a764c29bba4eed248d5b137""},""join_samples"":{""date"":""2026-09-04"",""run_id"":""ce48177ab95f4e858b9f677fa84ec5ff""},""upload_data"":{""date"":""2026-09-04"",""run_id"":""b943f5cc87fa42099b3ec1b731772dc7""}}"
210,210,"52.4190216 , 16.9873725","52.1814733 , 17.224433700000002",urban-rural,mixed,1926,"{""sample_routes"":{""date"":""2026-09-03"",""run_id"":""305125553a764c29bba4eed248d5b137""},""join_samples"":{""date"":""2026-09-04"",""run_id"":""ce48177ab95f4e858b9f677fa84ec5ff""},""upload_data"":{""date"":""2026-09-04"",""run_id"":""b943f5cc87fa42099b3ec1b731772dc7""}}"
211,211,"49.7063849 , 19.035196300000003","49.791722 , 18.9495937",rural-rural,mixed,1671,"{""sample_routes"":{""date"":""2026-09-03"",""run_id"":""305125553a764c29bba4eed248d5b137""},""join_samples"":{""date"":""2026-09-04"",""run_id"":""ce48177ab95f4e858b9f677fa84ec5ff""},""upload_data"":{""date"":""2026-09-04"",""run_id"":""b943f5cc87fa42099b3ec1b731772dc7""}}"
212,212,"51.6312955 , 15.136841700000002","51.8062108 , 14.9622098",urban-rural,mixed,1670,"{""sample_routes"":{""date"":""2026-09-03"",""run_id"":""305125553a764c29bba4eed248d5b137""},""join_samples"":{""date"":""2026-09-04"",""run_id"":""ce48177ab95f4e858b9f677fa84ec5ff""},""upload_data"":{""date"":""2026-09-04"",""run_id"":""b943f5cc87fa42099b3ec1b731772dc7""}}"
213,213,"51.8061542 , 19.4872316","51.806845200000005 , 19.8766468",urban-rural,mixed,1669,"{""sample_routes"":{""date"":""2026-09-03"",""run_id"":""305125553a764c29bba4eed248d5b137""},""join_samples"":{""date"":""2026-09-04"",""run_id"":""ce48177ab95f4e858b9f677fa84ec5ff""},""upload_data"":{""date"":""2026-09-04"",""run_id"":""b943f5cc87fa42099b3ec1b731772dc7""}}"
214,214,"54.4497994 , 18.3448716","54.0947936 , 18.699731",rural-rural,mixed,1932,"{""sample_routes"":{""date"":""2026-09-03"",""run_id"":""305125553a764c29bba4eed248d5b137""},""join_samples"":{""date"":""2026-09-04"",""run_id"":""ce48177ab95f4e858b9f677fa84ec5ff""},""upload_data"":{""date"":""2026-09-04"",""run_id"":""b943f5cc87fa42099b3ec1b731772dc7""}}"
215,215,"49.813384500000005 , 19.036261800000002","49.6396865 , 19.2106126",urban-rural,mixed,1668,"{""sample_routes"":{""date"":""2026-09-03"",""run_id"":""305125553a764c29bba4eed248d5b137""},""join_samples"":{""date"":""2026-09-04"",""run_id"":""ce48177ab95f4e858b9f677fa84ec5ff""},""upload_data"":{""date"":""2026-09-04"",""run_id"":""b943f5cc87fa42099b3ec1b731772dc7""}}"
216,216,"50.195076300000004 , 19.2797333","50.0119386 , 19.2803773",urban-rural,mixed,1934,"{""sample_routes"":{""date"":""2026-09-03"",""run_id"":""305125553a764c29bba4eed248d5b137""},""join_samples"":{""date"":""2026-09-04"",""run_id"":""ce48177ab95f4e858b9f677fa84ec5ff""},""upload_data"":{""date"":""2026-09-04"",""run_id"":""b943f5cc87fa42099b3ec1b731772dc7""}}"
217,217,"50.2774044 , 18.9099973","50.06493630000001 , 18.910534000000002",urban-rural,mixed,1937,"{""sample_routes"":{""date"":""2026-09-03"",""run_id"":""305125553a764c29bba4eed248d5b137""},""join_samples"":{""date"":""2026-09-04"",""run_id"":""ce48177ab95f4e858b9f677fa84ec5ff""},""upload_data"":{""date"":""2026-09-04"",""run_id"":""b943f5cc87fa42099b3ec1b731772dc7""}}"
218,218,"50.110228400000004 , 18.5377829","50.11022740000001 , 18.8532659",urban-rural,mixed,1940,"{""sample_routes"":{""date"":""2026-09-03"",""run_id"":""305125553a764c29bba4eed248d5b137""},""join_samples"":{""date"":""2026-09-04"",""run_id"":""ce48177ab95f4e858b9f677fa84ec5ff""},""upload_data"":{""date"":""2026-09-04"",""run_id"":""b943f5cc87fa42099b3ec1b731772dc7""}}"
219,219,"52.2364515 , 21.020876","52.01057 , 20.7951726",urban-rural,mixed,1946,"{""sample_routes"":{""date"":""2026-09-03"",""run_id"":""305125553a764c29bba4eed248d5b137""},""join_samples"":{""date"":""2026-09-04"",""run_id"":""ce48177ab95f4e858b9f677fa84ec5ff""},""upload_data"":{""date"":""2026-09-04"",""run_id"":""b943f5cc87fa42099b3ec1b731772dc7""}}"
220,220,"49.951794500000005 , 18.594644300000002","49.7662679 , 18.7795813",urban-rural,mixed,1947,"{""sample_routes"":{""date"":""2026-09-03"",""run_id"":""305125553a764c29bba4eed248d5b137""},""join_samples"":{""date"":""2026-09-04"",""run_id"":""ce48177ab95f4e858b9f677fa84ec5ff""},""upload_data"":{""date"":""2026-09-04"",""run_id"":""b943f5cc87fa42099b3ec1b731772dc7""}}"
221,221,"54.430721000000005 , 18.5578626","54.233823300000005 , 18.5582385",urban-rural,mixed,1651,"{""sample_routes"":{""date"":""2026-09-03"",""run_id"":""305125553a764c29bba4eed248d5b137""},""join_samples"":{""date"":""2026-09-04"",""run_id"":""ce48177ab95f4e858b9f677fa84ec5ff""},""upload_data"":{""date"":""2026-09-04"",""run_id"":""b943f5cc87fa42099b3ec1b731772dc7""}}"
222,222,"51.0925506 , 17.095323","51.233974100000005 , 17.2364696",urban-rural,mixed,1950,"{""sample_routes"":{""date"":""2026-09-03"",""run_id"":""305125553a764c29bba4eed248d5b137""},""join_samples"":{""date"":""2026-09-04"",""run_id"":""ce48177ab95f4e858b9f677fa84ec5ff""},""upload_data"":{""date"":""2026-09-04"",""run_id"":""b943f5cc87fa42099b3ec1b731772dc7""}}"
223,223,"52.353507400000005 , 16.847561600000002","52.1725963 , 16.8471949",urban-rural,mixed,1952,"{""sample_routes"":{""date"":""2026-09-03"",""run_id"":""305125553a764c29bba4eed248d5b137""},""join_samples"":{""date"":""2026-09-04"",""run_id"":""ce48177ab95f4e858b9f677fa84ec5ff""},""upload_data"":{""date"":""2026-09-04"",""run_id"":""b943f5cc87fa42099b3ec1b731772dc7""}}"
224,224,"49.95316690000001 , 19.975984500000003","49.95271150000001 , 19.625917100000002",rural-rural,mixed,1952,"{""sample_routes"":{""date"":""2026-09-03"",""run_id"":""305125553a764c29bba4eed248d5b137""},""join_samples"":{""date"":""2026-09-04"",""run_id"":""ce48177ab95f4e858b9f677fa84ec5ff""},""upload_data"":{""date"":""2026-09-04"",""run_id"":""b943f5cc87fa42099b3ec1b731772dc7""}}"
225,225,"52.02180430000001 , 20.7229496","52.285505900000004 , 20.9861015",rural-urban,mixed,1954,"{""sample_routes"":{""date"":""2026-09-03"",""run_id"":""305125553a764c29bba4eed248d5b137""},""join_samples"":{""date"":""2026-09-04"",""run_id"":""ce48177ab95f4e858b9f677fa84ec5ff""},""upload_data"":{""date"":""2026-09-04"",""run_id"":""b943f5cc87fa42099b3ec1b731772dc7""}}"
226,226,"50.09465530000001 , 19.405787","50.250432200000006 , 19.249373000000002",rural-rural,mixed,1957,"{""sample_routes"":{""date"":""2026-09-03"",""run_id"":""305125553a764c29bba4eed248d5b137""},""join_samples"":{""date"":""2026-09-04"",""run_id"":""ce48177ab95f4e858b9f677fa84ec5ff""},""upload_data"":{""date"":""2026-09-04"",""run_id"":""b943f5cc87fa42099b3ec1b731772dc7""}}"
227,227,"50.0815488 , 19.133466900000002","50.0810783 , 18.753121500000002",rural-rural,mixed,1960,"{""sample_routes"":{""date"":""2026-09-03"",""run_id"":""305125553a764c29bba4eed248d5b137""},""join_samples"":{""date"":""2026-09-04"",""run_id"":""ce48177ab95f4e858b9f677fa84ec5ff""},""upload_data"":{""date"":""2026-09-04"",""run_id"":""b943f5cc87fa42099b3ec1b731772dc7""}}"
228,228,"53.1301786 , 23.1138064","53.12961670000001 , 23.568463400000002",urban-rural,mixed,1633,"{""sample_routes"":{""date"":""2026-09-03"",""run_id"":""305125553a764c29bba4eed248d5b137""},""join_samples"":{""date"":""2026-09-04"",""run_id"":""ce48177ab95f4e858b9f677fa84ec5ff""},""upload_data"":{""date"":""2026-09-04"",""run_id"":""b943f5cc87fa42099b3ec1b731772dc7""}}"
229,229,"52.202933400000006 , 20.844112000000003","51.9764836 , 20.8435725",urban-rural,mixed,1971,"{""sample_routes"":{""date"":""2026-09-03"",""run_id"":""305125553a764c29bba4eed248d5b137""},""join_samples"":{""date"":""2026-09-04"",""run_id"":""ce48177ab95f4e858b9f677fa84ec5ff""},""upload_data"":{""date"":""2026-09-04"",""run_id"":""b943f5cc87fa42099b3ec1b731772dc7""}}"
230,230,"52.281533100000004 , 20.9724723","52.011098800000006 , 20.7026386",urban-rural,mixed,1971,"{""sample_routes"":{""date"":""2026-09-03"",""run_id"":""305125553a764c29bba4eed248d5b137""},""join_samples"":{""date"":""2026-09-04"",""run_id"":""ce48177ab95f4e858b9f677fa84ec5ff""},""upload_data"":{""date"":""2026-09-04"",""run_id"":""b943f5cc87fa42099b3ec1b731772dc7""}}"
231,231,"50.202508400000006 , 18.9808083","49.936664500000006 , 18.9813937",urban-rural,mixed,1971,"{""sample_routes"":{""date"":""2026-09-03"",""run_id"":""305125553a764c29bba4eed248d5b137""},""join_samples"":{""date"":""2026-09-04"",""run_id"":""ce48177ab95f4e858b9f677fa84ec5ff""},""upload_data"":{""date"":""2026-09-04"",""run_id"":""b943f5cc87fa42099b3ec1b731772dc7""}}"
232,232,"51.6435344 , 17.8447023","51.821111300000005 , 18.0220136",urban-rural,mixed,1971,"{""sample_routes"":{""date"":""2026-09-03"",""run_id"":""305125553a764c29bba4eed248d5b137""},""join_samples"":{""date"":""2026-09-04"",""run_id"":""ce48177ab95f4e858b9f677fa84ec5ff""},""upload_data"":{""date"":""2026-09-04"",""run_id"":""b943f5cc87fa42099b3ec1b731772dc7""}}"
233,233,"49.6118545 , 20.5312674","49.61255370000001 , 20.7672642",rural-rural,mixed,1628,"{""sample_routes"":{""date"":""2026-09-03"",""run_id"":""305125553a764c29bba4eed248d5b137""},""join_samples"":{""date"":""2026-09-04"",""run_id"":""ce48177ab95f4e858b9f677fa84ec5ff""},""upload_data"":{""date"":""2026-09-04"",""run_id"":""b943f5cc87fa42099b3ec1b731772dc7""}}"
234,234,"50.089477300000006 , 18.5329546","49.8679562 , 18.7542131",urban-rural,mixed,1972,"{""sample_routes"":{""date"":""2026-09-03"",""run_id"":""305125553a764c29bba4eed248d5b137""},""join_samples"":{""date"":""2026-09-04"",""run_id"":""ce48177ab95f4e858b9f677fa84ec5ff""},""upload_data"":{""date"":""2026-09-04"",""run_id"":""b943f5cc87fa42099b3ec1b731772dc7""}}"
235,235,"51.1023921 , 17.0450515","51.2474555 , 16.9001731",urban-rural,mixed,1626,"{""sample_routes"":{""date"":""2026-09-03"",""run_id"":""305125553a764c29bba4eed248d5b137""},""join_samples"":{""date"":""2026-09-04"",""run_id"":""ce48177ab95f4e858b9f677fa84ec5ff""},""upload_data"":{""date"":""2026-09-04"",""run_id"":""b943f5cc87fa42099b3ec1b731772dc7""}}"
236,236,"50.0905695 , 18.5797281","50.0899718 , 18.1907481",urban-urban,mixed,1974,"{""sample_routes"":{""date"":""2026-09-03"",""run_id"":""305125553a764c29bba4eed248d5b137""},""join_samples"":{""date"":""2026-09-04"",""run_id"":""ce48177ab95f4e858b9f677fa84ec5ff""},""upload_data"":{""date"":""2026-09-04"",""run_id"":""b943f5cc87fa42099b3ec1b731772dc7""}}"
237,237,"52.2711734 , 20.973633000000003","52.0044929 , 20.7066798",urban-rural,mixed,1979,"{""sample_routes"":{""date"":""2026-09-03"",""run_id"":""305125553a764c29bba4eed248d5b137""},""join_samples"":{""date"":""2026-09-04"",""run_id"":""ce48177ab95f4e858b9f677fa84ec5ff""},""upload_data"":{""date"":""2026-09-04"",""run_id"":""b943f5cc87fa42099b3ec1b731772dc7""}}"
238,238,"50.067582200000004 , 19.9658301","49.7903341 , 19.966479800000002",urban-rural,mixed,1981,"{""sample_routes"":{""date"":""2026-09-03"",""run_id"":""305125553a764c29bba4eed248d5b137""},""join_samples"":{""date"":""2026-09-04"",""run_id"":""ce48177ab95f4e858b9f677fa84ec5ff""},""upload_data"":{""date"":""2026-09-04"",""run_id"":""b943f5cc87fa42099b3ec1b731772dc7""}}"
239,239,"52.1588099 , 21.1737831","52.158404600000004 , 20.844747400000003",rural-rural,mixed,1983,"{""sample_routes"":{""date"":""2026-09-03"",""run_id"":""305125553a764c29bba4eed248d5b137""},""join_samples"":{""date"":""2026-09-04"",""run_id"":""ce48177ab95f4e858b9f677fa84ec5ff""},""upload_data"":{""date"":""2026-09-04"",""run_id"":""b943f5cc87fa42099b3ec1b731772dc7""}}"
240,240,"54.6028826 , 18.211938800000002","54.798199100000005 , 18.407256200000003",urban-urban,mixed,1984,"{""sample_routes"":{""date"":""2026-09-03"",""run_id"":""305125553a764c29bba4eed248d5b137""},""join_samples"":{""date"":""2026-09-04"",""run_id"":""ce48177ab95f4e858b9f677fa84ec5ff""},""upload_data"":{""date"":""2026-09-04"",""run_id"":""b943f5cc87fa42099b3ec1b731772dc7""}}"
241,241,"52.0090799 , 20.6557669","52.301702000000006 , 20.948973300000002",rural-urban,mixed,1985,"{""sample_routes"":{""date"":""2026-09-03"",""run_id"":""305125553a764c29bba4eed248d5b137""},""join_samples"":{""date"":""2026-09-04"",""run_id"":""ce48177ab95f4e858b9f677fa84ec5ff""},""upload_data"":{""date"":""2026-09-04"",""run_id"":""b943f5cc87fa42099b3ec1b731772dc7""}}"
242,242,"50.1716099 , 18.957601800000003","50.32011 , 18.8091511",urban-rural,mixed,1985,"{""sample_routes"":{""date"":""2026-09-03"",""run_id"":""305125553a764c29bba4eed248d5b137""},""join_samples"":{""date"":""2026-09-04"",""run_id"":""ce48177ab95f4e858b9f677fa84ec5ff""},""upload_data"":{""date"":""2026-09-04"",""run_id"":""b943f5cc87fa42099b3ec1b731772dc7""}}"
243,243,"54.5420589 , 18.2904838","54.283008 , 18.5499435",rural-rural,mixed,1986,"{""sample_routes"":{""date"":""2026-09-03"",""run_id"":""305125553a764c29bba4eed248d5b137""},""join_samples"":{""date"":""2026-09-04"",""run_id"":""ce48177ab95f4e858b9f677fa84ec5ff""},""upload_data"":{""date"":""2026-09-04"",""run_id"":""b943f5cc87fa42099b3ec1b731772dc7""}}"
244,244,"50.8702875 , 15.9533941","50.869668100000005 , 15.6970766",rural-urban,mixed,1614,"{""sample_routes"":{""date"":""2026-09-03"",""run_id"":""305125553a764c29bba4eed248d5b137""},""join_samples"":{""date"":""2026-09-04"",""run_id"":""ce48177ab95f4e858b9f677fa84ec5ff""},""upload_data"":{""date"":""2026-09-04"",""run_id"":""b943f5cc87fa42099b3ec1b731772dc7""}}"
245,245,"53.0933864 , 17.8627068","53.0930271 , 18.2206967",rural-urban,mixed,1988,"{""sample_routes"":{""date"":""2026-09-03"",""run_id"":""305125553a764c29bba4eed248d5b137""},""join_samples"":{""date"":""2026-09-04"",""run_id"":""ce48177ab95f4e858b9f677fa84ec5ff""},""upload_data"":{""date"":""2026-09-04"",""run_id"":""b943f5cc87fa42099b3ec1b731772dc7""}}"
246,246,"51.767484100000004 , 19.5869348","51.874441700000006 , 19.479809",rural-rural,mixed,1609,"{""sample_routes"":{""date"":""2026-09-03"",""run_id"":""305125553a764c29bba4eed248d5b137""},""join_samples"":{""date"":""2026-09-04"",""run_id"":""ce48177ab95f4e858b9f677fa84ec5ff""},""upload_data"":{""date"":""2026-09-04"",""run_id"":""b943f5cc87fa42099b3ec1b731772dc7""}}"
247,247,"51.2897491 , 21.0627779","51.459239600000004 , 21.2326292",rural-rural,mixed,1608,"{""sample_routes"":{""date"":""2026-09-03"",""run_id"":""305125553a764c29bba4eed248d5b137""},""join_samples"":{""date"":""2026-09-04"",""run_id"":""ce48177ab95f4e858b9f677fa84ec5ff""},""upload_data"":{""date"":""2026-09-04"",""run_id"":""b943f5cc87fa42099b3ec1b731772dc7""}}"
248,248,"49.9441846 , 18.9375505","49.9439736 , 18.5716983",rural-urban,mixed,1992,"{""sample_routes"":{""date"":""2026-09-03"",""run_id"":""305125553a764c29bba4eed248d5b137""},""join_samples"":{""date"":""2026-09-04"",""run_id"":""ce48177ab95f4e858b9f677fa84ec5ff""},""upload_data"":{""date"":""2026-09-04"",""run_id"":""b943f5cc87fa42099b3ec1b731772dc7""}}"
249,249,"51.2247251 , 22.5789787","51.225305500000005 , 22.231172100000002",urban-rural,mixed,1995,"{""sample_routes"":{""date"":""2026-09-03"",""run_id"":""305125553a764c29bba4eed248d5b137""},""join_samples"":{""date"":""2026-09-04"",""run_id"":""ce48177ab95f4e858b9f677fa84ec5ff""},""upload_data"":{""date"":""2026-09-04"",""run_id"":""b943f5cc87fa42099b3ec1b731772dc7""}}"
250,250,"54.5776406 , 18.3868011","54.5778631 , 18.0296467",urban-rural,mixed,1995,"{""sample_routes"":{""date"":""2026-09-03"",""run_id"":""305125553a764c29bba4eed248d5b137""},""join_samples"":{""date"":""2026-09-04"",""run_id"":""ce48177ab95f4e858b9f677fa84ec5ff""},""upload_data"":{""date"":""2026-09-04"",""run_id"":""b943f5cc87fa42099b3ec1b731772dc7""}}"
251,251,"50.007023200000006 , 21.5748055","50.1328022 , 21.700361",rural-rural,mixed,1598,"{""sample_routes"":{""date"":""2026-09-03"",""run_id"":""305125553a764c29bba4eed248d5b137""},""join_samples"":{""date"":""2026-09-04"",""run_id"":""ce48177ab95f4e858b9f677fa84ec5ff""},""upload_data"":{""date"":""2026-09-04"",""run_id"":""b943f5cc87fa42099b3ec1b731772dc7""}}"
252,252,"50.033863200000006 , 20.0180754","49.876473000000004 , 20.018602100000003",urban-rural,mixed,2004,"{""sample_routes"":{""date"":""2026-09-03"",""run_id"":""305125553a764c29bba4eed248d5b137""},""join_samples"":{""date"":""2026-09-04"",""run_id"":""ce48177ab95f4e858b9f677fa84ec5ff""},""upload_data"":{""date"":""2026-09-04"",""run_id"":""b943f5cc87fa42099b3ec1b731772dc7""}}"
253,253,"52.285020100000004 , 20.9545053","51.981380400000006 , 20.6508544",urban-rural,mixed,2005,"{""sample_routes"":{""date"":""2026-09-03"",""run_id"":""305125553a764c29bba4eed248d5b137""},""join_samples"":{""date"":""2026-09-04"",""run_id"":""ce48177ab95f4e858b9f677fa84ec5ff""},""upload_data"":{""date"":""2026-09-04"",""run_id"":""b943f5cc87fa42099b3ec1b731772dc7""}}"
254,254,"50.0138941 , 20.048459700000002","50.176082 , 19.8858816",urban-rural,mixed,2006,"{""sample_routes"":{""date"":""2026-09-03"",""run_id"":""305125553a764c29bba4eed248d5b137""},""join_samples"":{""date"":""2026-09-04"",""run_id"":""ce48177ab95f4e858b9f677fa84ec5ff""},""upload_data"":{""date"":""2026-09-04"",""run_id"":""b943f5cc87fa42099b3ec1b731772dc7""}}"
255,255,"50.069577800000005 , 19.8898365","49.8737465 , 19.694227400000003",urban-rural,mixed,2007,"{""sample_routes"":{""date"":""2026-09-03"",""run_id"":""305125553a764c29bba4eed248d5b137""},""join_samples"":{""date"":""2026-09-04"",""run_id"":""ce48177ab95f4e858b9f677fa84ec5ff""},""upload_data"":{""date"":""2026-09-04"",""run_id"":""b943f5cc87fa42099b3ec1b731772dc7""}}"
256,256,"50.316884800000004 , 18.7013553","50.0584495 , 18.701780900000003",urban-urban,mixed,2008,"{""sample_routes"":{""date"":""2026-09-03"",""run_id"":""305125553a764c29bba4eed248d5b137""},""join_samples"":{""date"":""2026-09-04"",""run_id"":""ce48177ab95f4e858b9f677fa84ec5ff""},""upload_data"":{""date"":""2026-09-04"",""run_id"":""b943f5cc87fa42099b3ec1b731772dc7""}}"
257,257,"51.609513400000004 , 19.5044188","51.7594974 , 19.3539011",rural-rural,mixed,1591,"{""sample_routes"":{""date"":""2026-09-03"",""run_id"":""305125553a764c29bba4eed248d5b137""},""join_samples"":{""date"":""2026-09-04"",""run_id"":""ce48177ab95f4e858b9f677fa84ec5ff""},""upload_data"":{""date"":""2026-09-04"",""run_id"":""b943f5cc87fa42099b3ec1b731772dc7""}}"
258,258,"54.3640017 , 18.4342562","54.2050015 , 18.4340423",rural-rural,mixed,1590,"{""sample_routes"":{""date"":""2026-09-03"",""run_id"":""305125553a764c29bba4eed248d5b137""},""join_samples"":{""date"":""2026-09-04"",""run_id"":""ce48177ab95f4e858b9f677fa84ec5ff""},""upload_data"":{""date"":""2026-09-04"",""run_id"":""b943f5cc87fa42099b3ec1b731772dc7""}}"
259,259,"49.965198 , 19.1022111","50.08520540000001 , 19.2222952",rural-rural,mixed,1589,"{""sample_routes"":{""date"":""2026-09-03"",""run_id"":""305125553a764c29bba4eed248d5b137""},""join_samples"":{""date"":""2026-09-04"",""run_id"":""ce48177ab95f4e858b9f677fa84ec5ff""},""upload_data"":{""date"":""2026-09-04"",""run_id"":""b943f5cc87fa42099b3ec1b731772dc7""}}"
260,260,"53.1496999 , 18.1300566","52.9532784 , 17.9336182",urban-rural,mixed,2012,"{""sample_routes"":{""date"":""2026-09-03"",""run_id"":""305125553a764c29bba4eed248d5b137""},""join_samples"":{""date"":""2026-09-04"",""run_id"":""ce48177ab95f4e858b9f677fa84ec5ff""},""upload_data"":{""date"":""2026-09-04"",""run_id"":""b943f5cc87fa42099b3ec1b731772dc7""}}"
261,261,"50.2839065 , 18.6197519","50.1134848 , 18.7907608",urban-rural,mixed,2014,"{""sample_routes"":{""date"":""2026-09-03"",""run_id"":""305125553a764c29bba4eed248d5b137""},""join_samples"":{""date"":""2026-09-04"",""run_id"":""ce48177ab95f4e858b9f677fa84ec5ff""},""upload_data"":{""date"":""2026-09-04"",""run_id"":""b943f5cc87fa42099b3ec1b731772dc7""}}"
262,262,"50.1417392 , 18.6350869","50.3390531 , 18.8323483",urban-rural,mixed,2018,"{""sample_routes"":{""date"":""2026-09-03"",""run_id"":""305125553a764c29bba4eed248d5b137""},""join_samples"":{""date"":""2026-09-04"",""run_id"":""ce48177ab95f4e858b9f677fa84ec5ff""},""upload_data"":{""date"":""2026-09-04"",""run_id"":""b943f5cc87fa42099b3ec1b731772dc7""}}"
263,263,"50.098156100000004 , 18.450392","49.9414383 , 18.6070806",rural-urban,mixed,2019,"{""sample_routes"":{""date"":""2026-09-03"",""run_id"":""305125553a764c29bba4eed248d5b137""},""join_samples"":{""date"":""2026-09-04"",""run_id"":""ce48177ab95f4e858b9f677fa84ec5ff""},""upload_data"":{""date"":""2026-09-04"",""run_id"":""b943f5cc87fa42099b3ec1b731772dc7""}}"
264,264,"50.2718239 , 18.7785756","50.1031679 , 18.7780072",urban-rural,mixed,1580,"{""sample_routes"":{""date"":""2026-09-03"",""run_id"":""305125553a764c29bba4eed248d5b137""},""join_samples"":{""date"":""2026-09-04"",""run_id"":""ce48177ab95f4e858b9f677fa84ec5ff""},""upload_data"":{""date"":""2026-09-04"",""run_id"":""b943f5cc87fa42099b3ec1b731772dc7""}}"
265,265,"54.510952800000005 , 18.5388769","54.331914100000006 , 18.3600478",urban-rural,mixed,1577,"{""sample_routes"":{""date"":""2026-09-03"",""run_id"":""305125553a764c29bba4eed248d5b137""},""join_samples"":{""date"":""2026-09-04"",""run_id"":""ce48177ab95f4e858b9f677fa84ec5ff""},""upload_data"":{""date"":""2026-09-04"",""run_id"":""b943f5cc87fa42099b3ec1b731772dc7""}}"
266,266,"50.7640607 , 16.1413231","50.8848208 , 16.2620244",rural-rural,mixed,1577,"{""sample_routes"":{""date"":""2026-09-03"",""run_id"":""305125553a764c29bba4eed248d5b137""},""join_samples"":{""date"":""2026-09-04"",""run_id"":""ce48177ab95f4e858b9f677fa84ec5ff""},""upload_data"":{""date"":""2026-09-04"",""run_id"":""b943f5cc87fa42099b3ec1b731772dc7""}}"
267,267,"52.371988200000004 , 21.225080300000002","52.1740044 , 21.224794300000003",rural-rural,mixed,2026,"{""sample_routes"":{""date"":""2026-09-03"",""run_id"":""305125553a764c29bba4eed248d5b137""},""join_samples"":{""date"":""2026-09-04"",""run_id"":""ce48177ab95f4e858b9f677fa84ec5ff""},""upload_data"":{""date"":""2026-09-04"",""run_id"":""b943f5cc87fa42099b3ec1b731772dc7""}}"
268,268,"49.988804800000004 , 20.2320965","50.123347900000006 , 20.0981597",rural-rural,mixed,1570,"{""sample_routes"":{""date"":""2026-09-03"",""run_id"":""305125553a764c29bba4eed248d5b137""},""join_samples"":{""date"":""2026-09-04"",""run_id"":""ce48177ab95f4e858b9f677fa84ec5ff""},""upload_data"":{""date"":""2026-09-04"",""run_id"":""b943f5cc87fa42099b3ec1b731772dc7""}}"
269,269,"49.9174123 , 19.053527000000003","50.0640371 , 18.9066437",rural-rural,mixed,1569,"{""sample_routes"":{""date"":""2026-09-03"",""run_id"":""305125553a764c29bba4eed248d5b137""},""join_samples"":{""date"":""2026-09-04"",""run_id"":""ce48177ab95f4e858b9f677fa84ec5ff""},""upload_data"":{""date"":""2026-09-04"",""run_id"":""b943f5cc87fa42099b3ec1b731772dc7""}}"
270,270,"52.1867328 , 21.568215600000002","52.1870309 , 21.063925",urban-urban,mixed,2032,"{""sample_routes"":{""date"":""2026-09-03"",""run_id"":""305125553a764c29bba4eed248d5b137""},""join_samples"":{""date"":""2026-09-04"",""run_id"":""ce48177ab95f4e858b9f677fa84ec5ff""},""upload_data"":{""date"":""2026-09-04"",""run_id"":""b943f5cc87fa42099b3ec1b731772dc7""}}"
271,271,"52.3892606 , 20.8987427","52.2592343 , 20.7687816",urban-rural,mixed,2033,"{""sample_routes"":{""date"":""2026-09-03"",""run_id"":""305125553a764c29bba4eed248d5b137""},""join_samples"":{""date"":""2026-09-04"",""run_id"":""ce48177ab95f4e858b9f677fa84ec5ff""},""upload_data"":{""date"":""2026-09-04"",""run_id"":""b943f5cc87fa42099b3ec1b731772dc7""}}"
272,272,"52.1463741 , 21.0476108","51.9594207 , 21.234871700000003",urban-rural,mixed,2034,"{""sample_routes"":{""date"":""2026-09-03"",""run_id"":""305125553a764c29bba4eed248d5b137""},""join_samples"":{""date"":""2026-09-04"",""run_id"":""ce48177ab95f4e858b9f677fa84ec5ff""},""upload_data"":{""date"":""2026-09-04"",""run_id"":""b943f5cc87fa42099b3ec1b731772dc7""}}"
273,273,"50.23475740000001 , 19.1242498","50.235120800000004 , 18.757619000000002",urban-rural,mixed,2035,"{""sample_routes"":{""date"":""2026-09-03"",""run_id"":""305125553a764c29bba4eed248d5b137""},""join_samples"":{""date"":""2026-09-04"",""run_id"":""ce48177ab95f4e858b9f677fa84ec5ff""},""upload_data"":{""date"":""2026-09-04"",""run_id"":""b943f5cc87fa42099b3ec1b731772dc7""}}"
274,274,"50.068689000000006 , 18.5307798","50.19301 , 18.655794500000003",urban-rural,mixed,1564,"{""sample_routes"":{""date"":""2026-09-03"",""run_id"":""305125553a764c29bba4eed248d5b137""},""join_samples"":{""date"":""2026-09-04"",""run_id"":""ce48177ab95f4e858b9f677fa84ec5ff""},""upload_data"":{""date"":""2026-09-04"",""run_id"":""b943f5cc87fa42099b3ec1b731772dc7""}}"
275,275,"50.7199187 , 16.6717404","50.720551300000004 , 16.441178",urban-rural,mixed,1563,"{""sample_routes"":{""date"":""2026-09-03"",""run_id"":""305125553a764c29bba4eed248d5b137""},""join_samples"":{""date"":""2026-09-04"",""run_id"":""ce48177ab95f4e858b9f677fa84ec5ff""},""upload_data"":{""date"":""2026-09-04"",""run_id"":""b943f5cc87fa42099b3ec1b731772dc7""}}"
276,276,"54.35105050000001 , 18.499219200000002","54.137158400000004 , 18.498590200000002",urban-rural,mixed,1562,"{""sample_routes"":{""date"":""2026-09-03"",""run_id"":""305125553a764c29bba4eed248d5b137""},""join_samples"":{""date"":""2026-09-04"",""run_id"":""ce48177ab95f4e858b9f677fa84ec5ff""},""upload_data"":{""date"":""2026-09-04"",""run_id"":""b943f5cc87fa42099b3ec1b731772dc7""}}"
277,277,"52.185477500000005 , 21.544338500000002","52.1859564 , 21.0256462",urban-urban,mixed,2038,"{""sample_routes"":{""date"":""2026-09-03"",""run_id"":""305125553a764c29bba4eed248d5b137""},""join_samples"":{""date"":""2026-09-04"",""run_id"":""ce48177ab95f4e858b9f677fa84ec5ff""},""upload_data"":{""date"":""2026-09-04"",""run_id"":""b943f5cc87fa42099b3ec1b731772dc7""}}"
278,278,"50.0064183 , 20.1054739","50.1650653 , 19.9462614",urban-rural,mixed,2039,"{""sample_routes"":{""date"":""2026-09-03"",""run_id"":""305125553a764c29bba4eed248d5b137""},""join_samples"":{""date"":""2026-09-04"",""run_id"":""ce48177ab95f4e858b9f677fa84ec5ff""},""upload_data"":{""date"":""2026-09-04"",""run_id"":""b943f5cc87fa42099b3ec1b731772dc7""}}"
279,279,"52.1967098 , 21.560307","52.1960172 , 21.031345400000003",urban-urban,mixed,2040,"{""sample_routes"":{""date"":""2026-09-03"",""run_id"":""305125553a764c29bba4eed248d5b137""},""join_samples"":{""date"":""2026-09-04"",""run_id"":""ce48177ab95f4e858b9f677fa84ec5ff""},""upload_data"":{""date"":""2026-09-04"",""run_id"":""b943f5cc87fa42099b3ec1b731772dc7""}}"
280,280,"50.2569947 , 18.8984171","50.038946700000004 , 18.6797454",urban-urban,mixed,2040,"{""sample_routes"":{""date"":""2026-09-03"",""run_id"":""305125553a764c29bba4eed248d5b137""},""join_samples"":{""date"":""2026-09-04"",""run_id"":""ce48177ab95f4e858b9f677fa84ec5ff""},""upload_data"":{""date"":""2026-09-04"",""run_id"":""b943f5cc87fa42099b3ec1b731772dc7""}}"
281,281,"54.3556183 , 18.6539907","54.355987000000006 , 18.2715296",urban-rural,mixed,2040,"{""sample_routes"":{""date"":""2026-09-03"",""run_id"":""305125553a764c29bba4eed248d5b137""},""join_samples"":{""date"":""2026-09-04"",""run_id"":""ce48177ab95f4e858b9f677fa84ec5ff""},""upload_data"":{""date"":""2026-09-04"",""run_id"":""b943f5cc87fa42099b3ec1b731772dc7""}}"
282,282,"50.0832935 , 19.158419000000002","50.273175900000005 , 19.158818500000002",rural-urban,mixed,2041,"{""sample_routes"":{""date"":""2026-09-03"",""run_id"":""305125553a764c29bba4eed248d5b137""},""join_samples"":{""date"":""2026-09-04"",""run_id"":""ce48177ab95f4e858b9f677fa84ec5ff""},""upload_data"":{""date"":""2026-09-04"",""run_id"":""b943f5cc87fa42099b3ec1b731772dc7""}}"
283,283,"49.8592166 , 19.517959","49.859296 , 19.1724651",rural-rural,mixed,2041,"{""sample_routes"":{""date"":""2026-09-03"",""run_id"":""305125553a764c29bba4eed248d5b137""},""join_samples"":{""date"":""2026-09-04"",""run_id"":""ce48177ab95f4e858b9f677fa84ec5ff""},""upload_data"":{""date"":""2026-09-04"",""run_id"":""b943f5cc87fa42099b3ec1b731772dc7""}}"
284,284,"50.2935351 , 19.0220856","50.2933911 , 19.387665900000002",urban-rural,mixed,2046,"{""sample_routes"":{""date"":""2026-09-03"",""run_id"":""305125553a764c29bba4eed248d5b137""},""join_samples"":{""date"":""2026-09-04"",""run_id"":""ce48177ab95f4e858b9f677fa84ec5ff""},""upload_data"":{""date"":""2026-09-04"",""run_id"":""b943f5cc87fa42099b3ec1b731772dc7""}}"
285,285,"50.0172554 , 20.0114254","49.79726 , 20.011495200000002",urban-rural,mixed,2046,"{""sample_routes"":{""date"":""2026-09-03"",""run_id"":""305125553a764c29bba4eed248d5b137""},""join_samples"":{""date"":""2026-09-04"",""run_id"":""ce48177ab95f4e858b9f677fa84ec5ff""},""upload_data"":{""date"":""2026-09-04"",""run_id"":""b943f5cc87fa42099b3ec1b731772dc7""}}"
286,286,"50.7352153 , 16.6423409","50.580273600000005 , 16.4877901",urban-rural,mixed,2046,"{""sample_routes"":{""date"":""2026-09-03"",""run_id"":""305125553a764c29bba4eed248d5b137""},""join_samples"":{""date"":""2026-09-04"",""run_id"":""ce48177ab95f4e858b9f677fa84ec5ff""},""upload_data"":{""date"":""2026-09-04"",""run_id"":""b943f5cc87fa42099b3ec1b731772dc7""}}"
287,287,"50.3174001 , 18.680409100000002","50.468355200000005 , 18.8310974",urban-rural,mixed,1553,"{""sample_routes"":{""date"":""2026-09-03"",""run_id"":""305125553a764c29bba4eed248d5b137""},""join_samples"":{""date"":""2026-09-04"",""run_id"":""ce48177ab95f4e858b9f677fa84ec5ff""},""upload_data"":{""date"":""2026-09-04"",""run_id"":""b943f5cc87fa42099b3ec1b731772dc7""}}"
288,288,"50.2242885 , 18.729633800000002","50.3999934 , 18.904758400000002",rural-urban,mixed,2052,"{""sample_routes"":{""date"":""2026-09-03"",""run_id"":""305125553a764c29bba4eed248d5b137""},""join_samples"":{""date"":""2026-09-04"",""run_id"":""ce48177ab95f4e858b9f677fa84ec5ff""},""upload_data"":{""date"":""2026-09-04"",""run_id"":""b943f5cc87fa42099b3ec1b731772dc7""}}"
289,289,"52.191583200000004 , 20.8904335","51.860729000000006 , 20.890083200000003",urban-urban,mixed,2053,"{""sample_routes"":{""date"":""2026-09-03"",""run_id"":""305125553a764c29bba4eed248d5b137""},""join_samples"":{""date"":""2026-09-04"",""run_id"":""ce48177ab95f4e858b9f677fa84ec5ff""},""upload_data"":{""date"":""2026-09-04"",""run_id"":""b943f5cc87fa42099b3ec1b731772dc7""}}"
290,290,"50.031062600000006 , 19.2531716","50.2511974 , 19.0329053",urban-urban,mixed,2056,"{""sample_routes"":{""date"":""2026-09-03"",""run_id"":""305125553a764c29bba4eed248d5b137""},""join_samples"":{""date"":""2026-09-04"",""run_id"":""ce48177ab95f4e858b9f677fa84ec5ff""},""upload_data"":{""date"":""2026-09-04"",""run_id"":""b943f5cc87fa42099b3ec1b731772dc7""}}"
291,291,"50.454643000000004 , 18.858664700000002","50.2734499 , 18.8579791",urban-urban,mixed,2057,"{""sample_routes"":{""date"":""2026-09-03"",""run_id"":""305125553a764c29bba4eed248d5b137""},""join_samples"":{""date"":""2026-09-04"",""run_id"":""ce48177ab95f4e858b9f677fa84ec5ff""},""upload_data"":{""date"":""2026-09-04"",""run_id"":""b943f5cc87fa42099b3ec1b731772dc7""}}"
292,292,"54.612095100000005 , 18.3524408","54.6121908 , 18.071471600000002",urban-rural,mixed,1542,"{""sample_routes"":{""date"":""2026-09-03"",""run_id"":""305125553a764c29bba4eed248d5b137""},""join_samples"":{""date"":""2026-09-04"",""run_id"":""ce48177ab95f4e858b9f677fa84ec5ff""},""upload_data"":{""date"":""2026-09-04"",""run_id"":""b943f5cc87fa42099b3ec1b731772dc7""}}"
293,293,"50.1300181 , 19.1050171","50.1304809 , 19.4242715",rural-urban,mixed,2060,"{""sample_routes"":{""date"":""2026-09-03"",""run_id"":""305125553a764c29bba4eed248d5b137""},""join_samples"":{""date"":""2026-09-04"",""run_id"":""ce48177ab95f4e858b9f677fa84ec5ff""},""upload_data"":{""date"":""2026-09-04"",""run_id"":""b943f5cc87fa42099b3ec1b731772dc7""}}"
294,294,"52.9171659 , 18.7169625","53.103345100000006 , 18.5310208",rural-rural,mixed,1540,"{""sample_routes"":{""date"":""2026-09-03"",""run_id"":""305125553a764c29bba4eed248d5b137""},""join_samples"":{""date"":""2026-09-04"",""run_id"":""ce48177ab95f4e858b9f677fa84ec5ff""},""upload_data"":{""date"":""2026-09-04"",""run_id"":""b943f5cc87fa42099b3ec1b731772dc7""}}"
295,295,"49.807438600000005 , 19.036788700000002","49.62970120000001 , 19.2150775",urban-rural,mixed,1539,"{""sample_routes"":{""date"":""2026-09-03"",""run_id"":""305125553a764c29bba4eed248d5b137""},""join_samples"":{""date"":""2026-09-04"",""run_id"":""ce48177ab95f4e858b9f677fa84ec5ff""},""upload_data"":{""date"":""2026-09-04"",""run_id"":""b943f5cc87fa42099b3ec1b731772dc7""}}"
296,296,"50.090569200000004 , 18.890106900000003","50.0909953 , 18.520746600000003",rural-urban,mixed,2063,"{""sample_routes"":{""date"":""2026-09-03"",""run_id"":""305125553a764c29bba4eed248d5b137""},""join_samples"":{""date"":""2026-09-04"",""run_id"":""ce48177ab95f4e858b9f677fa84ec5ff""},""upload_data"":{""date"":""2026-09-04"",""run_id"":""b943f5cc87fa42099b3ec1b731772dc7""}}"
297,297,"51.99201720000001 , 20.820593000000002","52.251018800000004 , 21.078931100000002",rural-urban,mixed,2063,"{""sample_routes"":{""date"":""2026-09-03"",""run_id"":""305125553a764c29bba4eed248d5b137""},""join_samples"":{""date"":""2026-09-04"",""run_id"":""ce48177ab95f4e858b9f677fa84ec5ff""},""upload_data"":{""date"":""2026-09-04"",""run_id"":""b943f5cc87fa42099b3ec1b731772dc7""}}"
298,298,"52.2158449 , 21.4127237","52.2157397 , 20.9808451",rural-urban,mixed,2064,"{""sample_routes"":{""date"":""2026-09-03"",""run_id"":""305125553a764c29bba4eed248d5b137""},""join_samples"":{""date"":""2026-09-04"",""run_id"":""ce48177ab95f4e858b9f677fa84ec5ff""},""upload_data"":{""date"":""2026-09-04"",""run_id"":""b943f5cc87fa42099b3ec1b731772dc7""}}"
299,299,"53.1884765 , 18.0294586","53.0679868 , 17.909404600000002",rural-rural,mixed,1533,"{""sample_routes"":{""date"":""2026-09-03"",""run_id"":""305125553a764c29bba4eed248d5b137""},""join_samples"":{""date"":""2026-09-04"",""run_id"":""ce48177ab95f4e858b9f677fa84ec5ff""},""upload_data"":{""date"":""2026-09-04"",""run_id"":""b943f5cc87fa42099b3ec1b731772dc7""}}"
300,300,"50.3521002 , 19.363851","50.2165605 , 19.227654",rural-urban,rural,1792,"{""sample_routes"":{""date"":""2026-09-03"",""run_id"":""305125553a764c29bba4eed248d5b137""},""join_samples"":{""date"":""2026-09-04"",""run_id"":""ce48177ab95f4e858b9f677fa84ec5ff""},""upload_data"":{""date"":""2026-09-04"",""run_id"":""b943f5cc87fa42099b3ec1b731772dc7""}}"
301,301,"50.4895373 , 20.8010437","50.6853489 , 20.801476",rural-rural,rural,1809,"{""sample_routes"":{""date"":""2026-09-03"",""run_id"":""305125553a764c29bba4eed248d5b137""},""join_samples"":{""date"":""2026-09-04"",""run_id"":""ce48177ab95f4e858b9f677fa84ec5ff""},""upload_data"":{""date"":""2026-09-04"",""run_id"":""b943f5cc87fa42099b3ec1b731772dc7""}}"
302,302,"52.8539303 , 19.668013600000002","53.064165800000005 , 19.4571536",urban-rural,rural,1789,"{""sample_routes"":{""date"":""2026-09-03"",""run_id"":""305125553a764c29bba4eed248d5b137""},""join_samples"":{""date"":""2026-09-04"",""run_id"":""ce48177ab95f4e858b9f677fa84ec5ff""},""upload_data"":{""date"":""2026-09-04"",""run_id"":""b943f5cc87fa42099b3ec1b731772dc7""}}"
303,303,"54.034882700000004 , 21.1299031","54.230889600000005 , 21.325615900000003",rural-rural,rural,1814,"{""sample_routes"":{""date"":""2026-09-03"",""run_id"":""305125553a764c29bba4eed248d5b137""},""join_samples"":{""date"":""2026-09-04"",""run_id"":""ce48177ab95f4e858b9f677fa84ec5ff""},""upload_data"":{""date"":""2026-09-04"",""run_id"":""b943f5cc87fa42099b3ec1b731772dc7""}}"
304,304,"50.1212047 , 19.6108924","49.964051000000005 , 19.6109306",rural-rural,rural,1816,"{""sample_routes"":{""date"":""2026-09-03"",""run_id"":""305125553a764c29bba4eed248d5b137""},""join_samples"":{""date"":""2026-09-04"",""run_id"":""ce48177ab95f4e858b9f677fa84ec5ff""},""upload_data"":{""date"":""2026-09-04"",""run_id"":""b943f5cc87fa42099b3ec1b731772dc7""}}"
305,305,"50.081546900000006 , 22.270113600000002","49.9231733 , 22.111930400000002",rural-rural,rural,1818,"{""sample_routes"":{""date"":""2026-09-03"",""run_id"":""305125553a764c29bba4eed248d5b137""},""join_samples"":{""date"":""2026-09-04"",""run_id"":""ce48177ab95f4e858b9f677fa84ec5ff""},""upload_data"":{""date"":""2026-09-04"",""run_id"":""b943f5cc87fa42099b3ec1b731772dc7""}}"
306,306,"53.470486 , 18.738225800000002","53.7241336 , 18.4842441",urban-rural,rural,1819,"{""sample_routes"":{""date"":""2026-09-03"",""run_id"":""305125553a764c29bba4eed248d5b137""},""join_samples"":{""date"":""2026-09-04"",""run_id"":""ce48177ab95f4e858b9f677fa84ec5ff""},""upload_data"":{""date"":""2026-09-04"",""run_id"":""b943f5cc87fa42099b3ec1b731772dc7""}}"
307,307,"50.2011246 , 17.831905300000003","50.0123606 , 18.020237400000003",urban-rural,rural,1819,"{""sample_routes"":{""date"":""2026-09-03"",""run_id"":""305125553a764c29bba4eed248d5b137""},""join_samples"":{""date"":""2026-09-04"",""run_id"":""ce48177ab95f4e858b9f677fa84ec5ff""},""upload_data"":{""date"":""2026-09-04"",""run_id"":""b943f5cc87fa42099b3ec1b731772dc7""}}"
308,308,"50.514313200000004 , 22.296153800000003","50.7011601 , 22.4834968",rural-rural,rural,1821,"{""sample_routes"":{""date"":""2026-09-03"",""run_id"":""305125553a764c29bba4eed248d5b137""},""join_samples"":{""date"":""2026-09-04"",""run_id"":""ce48177ab95f4e858b9f677fa84ec5ff""},""upload_data"":{""date"":""2026-09-04"",""run_id"":""b943f5cc87fa42099b3ec1b731772dc7""}}"
309,309,"50.483609400000006 , 23.628973600000002","50.6182328 , 23.763391900000002",rural-rural,rural,1774,"{""sample_routes"":{""date"":""2026-09-03"",""run_id"":""305125553a764c29bba4eed248d5b137""},""join_samples"":{""date"":""2026-09-04"",""run_id"":""ce48177ab95f4e858b9f677fa84ec5ff""},""upload_data"":{""date"":""2026-09-04"",""run_id"":""b943f5cc87fa42099b3ec1b731772dc7""}}"
310,310,"53.4728239 , 18.740509600000003","53.2764284 , 18.9362366",urban-urban,rural,1827,"{""sample_routes"":{""date"":""2026-09-03"",""run_id"":""305125553a764c29bba4eed248d5b137""},""join_samples"":{""date"":""2026-09-04"",""run_id"":""ce48177ab95f4e858b9f677fa84ec5ff""},""upload_data"":{""date"":""2026-09-04"",""run_id"":""b943f5cc87fa42099b3ec1b731772dc7""}}"
311,311,"51.181635500000006 , 16.3708587","51.3605269 , 16.3705643",rural-rural,rural,1772,"{""sample_routes"":{""date"":""2026-09-03"",""run_id"":""305125553a764c29bba4eed248d5b137""},""join_samples"":{""date"":""2026-09-04"",""run_id"":""ce48177ab95f4e858b9f677fa84ec5ff""},""upload_data"":{""date"":""2026-09-04"",""run_id"":""b943f5cc87fa42099b3ec1b731772dc7""}}"
312,312,"50.647404900000005 , 17.8603111","50.4326919 , 18.075703400000002",rural-rural,rural,1767,"{""sample_routes"":{""date"":""2026-09-03"",""run_id"":""305125553a764c29bba4eed248d5b137""},""join_samples"":{""date"":""2026-09-04"",""run_id"":""ce48177ab95f4e858b9f677fa84ec5ff""},""upload_data"":{""date"":""2026-09-04"",""run_id"":""b943f5cc87fa42099b3ec1b731772dc7""}}"
313,313,"52.108380800000006 , 21.017640500000002","51.8048511 , 20.714249600000002",urban-rural,rural,1838,"{""sample_routes"":{""date"":""2026-09-03"",""run_id"":""305125553a764c29bba4eed248d5b137""},""join_samples"":{""date"":""2026-09-04"",""run_id"":""ce48177ab95f4e858b9f677fa84ec5ff""},""upload_data"":{""date"":""2026-09-04"",""run_id"":""b943f5cc87fa42099b3ec1b731772dc7""}}"
314,314,"51.3069228 , 22.1387572","51.13350620000001 , 21.9660358",rural-urban,rural,1839,"{""sample_routes"":{""date"":""2026-09-03"",""run_id"":""305125553a764c29bba4eed248d5b137""},""join_samples"":{""date"":""2026-09-04"",""run_id"":""ce48177ab95f4e858b9f677fa84ec5ff""},""upload_data"":{""date"":""2026-09-04"",""run_id"":""b943f5cc87fa42099b3ec1b731772dc7""}}"
315,315,"51.050086 , 15.698702500000001","50.9463336 , 15.802561500000001",rural-rural,rural,1758,"{""sample_routes"":{""date"":""2026-09-03"",""run_id"":""305125553a764c29bba4eed248d5b137""},""join_samples"":{""date"":""2026-09-04"",""run_id"":""ce48177ab95f4e858b9f677fa84ec5ff""},""upload_data"":{""date"":""2026-09-04"",""run_id"":""b943f5cc87fa42099b3ec1b731772dc7""}}"
316,316,"51.2269118 , 22.350748900000003","51.0844425 , 22.208594",rural-rural,rural,1848,"{""sample_routes"":{""date"":""2026-09-03"",""run_id"":""305125553a764c29bba4eed248d5b137""},""join_samples"":{""date"":""2026-09-04"",""run_id"":""ce48177ab95f4e858b9f677fa84ec5ff""},""upload_data"":{""date"":""2026-09-04"",""run_id"":""b943f5cc87fa42099b3ec1b731772dc7""}}"
317,317,"50.9711184 , 22.052771500000002","50.814628600000006 , 21.8965684",rural-rural,rural,1850,"{""sample_routes"":{""date"":""2026-09-03"",""run_id"":""305125553a764c29bba4eed248d5b137""},""join_samples"":{""date"":""2026-09-04"",""run_id"":""ce48177ab95f4e858b9f677fa84ec5ff""},""upload_data"":{""date"":""2026-09-04"",""run_id"":""b943f5cc87fa42099b3ec1b731772dc7""}}"
318,318,"50.8266708 , 19.1029516","50.5958891 , 19.102597300000003",urban-rural,rural,1748,"{""sample_routes"":{""date"":""2026-09-03"",""run_id"":""305125553a764c29bba4eed248d5b137""},""join_samples"":{""date"":""2026-09-04"",""run_id"":""ce48177ab95f4e858b9f677fa84ec5ff""},""upload_data"":{""date"":""2026-09-04"",""run_id"":""b943f5cc87fa42099b3ec1b731772dc7""}}"
319,319,"51.407791200000005 , 17.0537251","51.265250900000005 , 17.196091600000003",rural-rural,rural,1747,"{""sample_routes"":{""date"":""2026-09-03"",""run_id"":""305125553a764c29bba4eed248d5b137""},""join_samples"":{""date"":""2026-09-04"",""run_id"":""ce48177ab95f4e858b9f677fa84ec5ff""},""upload_data"":{""date"":""2026-09-04"",""run_id"":""b943f5cc87fa42099b3ec1b731772dc7""}}"
320,320,"50.326272 , 18.579","50.3269711 , 18.146217",rural-urban,rural,1855,"{""sample_routes"":{""date"":""2026-09-03"",""run_id"":""305125553a764c29bba4eed248d5b137""},""join_samples"":{""date"":""2026-09-04"",""run_id"":""ce48177ab95f4e858b9f677fa84ec5ff""},""upload_data"":{""date"":""2026-09-04"",""run_id"":""b943f5cc87fa42099b3ec1b731772dc7""}}"
321,321,"51.989951500000004 , 22.658842800000002","51.7234155 , 22.6587041",rural-rural,rural,1745,"{""sample_routes"":{""date"":""2026-09-03"",""run_id"":""305125553a764c29bba4eed248d5b137""},""join_samples"":{""date"":""2026-09-04"",""run_id"":""ce48177ab95f4e858b9f677fa84ec5ff""},""upload_data"":{""date"":""2026-09-04"",""run_id"":""b943f5cc87fa42099b3ec1b731772dc7""}}"
322,322,"53.24639680000001 , 18.7256137","53.09898810000001 , 18.8731495",rural-rural,rural,1743,"{""sample_routes"":{""date"":""2026-09-03"",""run_id"":""305125553a764c29bba4eed248d5b137""},""join_samples"":{""date"":""2026-09-04"",""run_id"":""ce48177ab95f4e858b9f677fa84ec5ff""},""upload_data"":{""date"":""2026-09-04"",""run_id"":""b943f5cc87fa42099b3ec1b731772dc7""}}"
323,323,"52.1349791 , 17.0204349","52.308007200000006 , 17.1936654",rural-rural,rural,1858,"{""sample_routes"":{""date"":""2026-09-03"",""run_id"":""305125553a764c29bba4eed248d5b137""},""join_samples"":{""date"":""2026-09-04"",""run_id"":""ce48177ab95f4e858b9f677fa84ec5ff""},""upload_data"":{""date"":""2026-09-04"",""run_id"":""b943f5cc87fa42099b3ec1b731772dc7""}}"
324,324,"51.2544599 , 22.690691","51.2546126 , 22.2293534",rural-rural,rural,1859,"{""sample_routes"":{""date"":""2026-09-03"",""run_id"":""305125553a764c29bba4eed248d5b137""},""join_samples"":{""date"":""2026-09-04"",""run_id"":""ce48177ab95f4e858b9f677fa84ec5ff""},""upload_data"":{""date"":""2026-09-04"",""run_id"":""b943f5cc87fa42099b3ec1b731772dc7""}}"
325,325,"49.704869 , 21.7245707","49.796803600000004 , 21.817099900000002",rural-rural,rural,1730,"{""sample_routes"":{""date"":""2026-09-03"",""run_id"":""305125553a764c29bba4eed248d5b137""},""join_samples"":{""date"":""2026-09-04"",""run_id"":""ce48177ab95f4e858b9f677fa84ec5ff""},""upload_data"":{""date"":""2026-09-04"",""run_id"":""b943f5cc87fa42099b3ec1b731772dc7""}}"
326,326,"52.1813669 , 20.62864","51.999021000000006 , 20.4468962",urban-rural,rural,1729,"{""sample_routes"":{""date"":""2026-09-03"",""run_id"":""305125553a764c29bba4eed248d5b137""},""join_samples"":{""date"":""2026-09-04"",""run_id"":""ce48177ab95f4e858b9f677fa84ec5ff""},""upload_data"":{""date"":""2026-09-04"",""run_id"":""b943f5cc87fa42099b3ec1b731772dc7""}}"
327,327,"51.027712 , 15.419289500000001","50.8470316 , 15.6005622",rural-rural,rural,1872,"{""sample_routes"":{""date"":""2026-09-03"",""run_id"":""305125553a764c29bba4eed248d5b137""},""join_samples"":{""date"":""2026-09-04"",""run_id"":""ce48177ab95f4e858b9f677fa84ec5ff""},""upload_data"":{""date"":""2026-09-04"",""run_id"":""b943f5cc87fa42099b3ec1b731772dc7""}}"
328,328,"51.185679 , 21.1302947","51.185340100000005 , 20.859130200000003",rural-rural,rural,1723,"{""sample_routes"":{""date"":""2026-09-03"",""run_id"":""305125553a764c29bba4eed248d5b137""},""join_samples"":{""date"":""2026-09-04"",""run_id"":""ce48177ab95f4e858b9f677fa84ec5ff""},""upload_data"":{""date"":""2026-09-04"",""run_id"":""b943f5cc87fa42099b3ec1b731772dc7""}}"
329,329,"54.51389210000001 , 17.6754555","54.51327130000001 , 17.242991500000002",rural-rural,rural,1879,"{""sample_routes"":{""date"":""2026-09-03"",""run_id"":""305125553a764c29bba4eed248d5b137""},""join_samples"":{""date"":""2026-09-04"",""run_id"":""ce48177ab95f4e858b9f677fa84ec5ff""},""upload_data"":{""date"":""2026-09-04"",""run_id"":""b943f5cc87fa42099b3ec1b731772dc7""}}"
330,330,"53.1457227 , 16.7718509","53.3513036 , 16.5660123",urban-rural,rural,1886,"{""sample_routes"":{""date"":""2026-09-03"",""run_id"":""305125553a764c29bba4eed248d5b137""},""join_samples"":{""date"":""2026-09-04"",""run_id"":""ce48177ab95f4e858b9f677fa84ec5ff""},""upload_data"":{""date"":""2026-09-04"",""run_id"":""b943f5cc87fa42099b3ec1b731772dc7""}}"
331,331,"50.0351878 , 22.025994700000002","50.2535844 , 21.8076307",urban-rural,rural,1887,"{""sample_routes"":{""date"":""2026-09-03"",""run_id"":""305125553a764c29bba4eed248d5b137""},""join_samples"":{""date"":""2026-09-04"",""run_id"":""ce48177ab95f4e858b9f677fa84ec5ff""},""upload_data"":{""date"":""2026-09-04"",""run_id"":""b943f5cc87fa42099b3ec1b731772dc7""}}"
332,332,"50.7953229 , 22.9532947","50.6200838 , 22.952607200000003",rural-rural,rural,1711,"{""sample_routes"":{""date"":""2026-09-03"",""run_id"":""305125553a764c29bba4eed248d5b137""},""join_samples"":{""date"":""2026-09-04"",""run_id"":""ce48177ab95f4e858b9f677fa84ec5ff""},""upload_data"":{""date"":""2026-09-04"",""run_id"":""b943f5cc87fa42099b3ec1b731772dc7""}}"
333,333,"51.2911755 , 18.024543100000002","51.066108 , 17.7988643",rural-rural,rural,1709,"{""sample_routes"":{""date"":""2026-09-03"",""run_id"":""305125553a764c29bba4eed248d5b137""},""join_samples"":{""date"":""2026-09-04"",""run_id"":""ce48177ab95f4e858b9f677fa84ec5ff""},""upload_data"":{""date"":""2026-09-04"",""run_id"":""b943f5cc87fa42099b3ec1b731772dc7""}}"
334,334,"49.6246481 , 19.806642500000002","49.4879687 , 19.8066408",rural-rural,rural,1891,"{""sample_routes"":{""date"":""2026-09-03"",""run_id"":""305125553a764c29bba4eed248d5b137""},""join_samples"":{""date"":""2026-09-04"",""run_id"":""ce48177ab95f4e858b9f677fa84ec5ff""},""upload_data"":{""date"":""2026-09-04"",""run_id"":""b943f5cc87fa42099b3ec1b731772dc7""}}"
335,335,"50.704297100000005 , 16.3253694","50.822105500000006 , 16.4437885",rural-rural,rural,1708,"{""sample_routes"":{""date"":""2026-09-03"",""run_id"":""305125553a764c29bba4eed248d5b137""},""join_samples"":{""date"":""2026-09-04"",""run_id"":""ce48177ab95f4e858b9f677fa84ec5ff""},""upload_data"":{""date"":""2026-09-04"",""run_id"":""b943f5cc87fa42099b3ec1b731772dc7""}}"
336,336,"54.260425000000005 , 18.645998600000002","54.2610758 , 18.203342600000003",urban-rural,rural,1899,"{""sample_routes"":{""date"":""2026-09-03"",""run_id"":""305125553a764c29bba4eed248d5b137""},""join_samples"":{""date"":""2026-09-04"",""run_id"":""ce48177ab95f4e858b9f677fa84ec5ff""},""upload_data"":{""date"":""2026-09-04"",""run_id"":""b943f5cc87fa42099b3ec1b731772dc7""}}"
337,337,"50.831222700000005 , 20.3869286","50.9635638 , 20.519531200000003",rural-rural,rural,1701,"{""sample_routes"":{""date"":""2026-09-03"",""run_id"":""305125553a764c29bba4eed248d5b137""},""join_samples"":{""date"":""2026-09-04"",""run_id"":""ce48177ab95f4e858b9f677fa84ec5ff""},""upload_data"":{""date"":""2026-09-04"",""run_id"":""b943f5cc87fa42099b3ec1b731772dc7""}}"
338,338,"51.660758400000006 , 19.3085686","51.4509027 , 19.3086516",urban-rural,rural,1900,"{""sample_routes"":{""date"":""2026-09-03"",""run_id"":""305125553a764c29bba4eed248d5b137""},""join_samples"":{""date"":""2026-09-04"",""run_id"":""ce48177ab95f4e858b9f677fa84ec5ff""},""upload_data"":{""date"":""2026-09-04"",""run_id"":""b943f5cc87fa42099b3ec1b731772dc7""}}"
339,339,"51.4017282 , 21.9776519","51.5822513 , 21.796665700000002",urban-rural,rural,1698,"{""sample_routes"":{""date"":""2026-09-03"",""run_id"":""305125553a764c29bba4eed248d5b137""},""join_samples"":{""date"":""2026-09-04"",""run_id"":""ce48177ab95f4e858b9f677fa84ec5ff""},""upload_data"":{""date"":""2026-09-04"",""run_id"":""b943f5cc87fa42099b3ec1b731772dc7""}}"
340,340,"51.2130275 , 18.101452300000002","51.3456412 , 18.233805200000003",rural-rural,rural,1698,"{""sample_routes"":{""date"":""2026-09-03"",""run_id"":""305125553a764c29bba4eed248d5b137""},""join_samples"":{""date"":""2026-09-04"",""run_id"":""ce48177ab95f4e858b9f677fa84ec5ff""},""upload_data"":{""date"":""2026-09-04"",""run_id"":""b943f5cc87fa42099b3ec1b731772dc7""}}"
341,341,"52.8971924 , 16.580330800000002","53.127376500000004 , 16.8098581",rural-rural,rural,1904,"{""sample_routes"":{""date"":""2026-09-03"",""run_id"":""305125553a764c29bba4eed248d5b137""},""join_samples"":{""date"":""2026-09-04"",""run_id"":""ce48177ab95f4e858b9f677fa84ec5ff""},""upload_data"":{""date"":""2026-09-04"",""run_id"":""b943f5cc87fa42099b3ec1b731772dc7""}}"
342,342,"52.234117600000005 , 19.3405449","52.009199100000004 , 19.340337400000003",urban-rural,rural,1905,"{""sample_routes"":{""date"":""2026-09-03"",""run_id"":""305125553a764c29bba4eed248d5b137""},""join_samples"":{""date"":""2026-09-04"",""run_id"":""ce48177ab95f4e858b9f677fa84ec5ff""},""upload_data"":{""date"":""2026-09-04"",""run_id"":""b943f5cc87fa42099b3ec1b731772dc7""}}"
343,343,"51.1990429 , 17.472391000000002","51.0034975 , 17.6685766",rural-rural,rural,1907,"{""sample_routes"":{""date"":""2026-09-03"",""run_id"":""305125553a764c29bba4eed248d5b137""},""join_samples"":{""date"":""2026-09-04"",""run_id"":""ce48177ab95f4e858b9f677fa84ec5ff""},""upload_data"":{""date"":""2026-09-04"",""run_id"":""b943f5cc87fa42099b3ec1b731772dc7""}}"
344,344,"51.9540282 , 15.5215057","51.772976400000005 , 15.341140300000001",urban-rural,rural,1907,"{""sample_routes"":{""date"":""2026-09-03"",""run_id"":""305125553a764c29bba4eed248d5b137""},""join_samples"":{""date"":""2026-09-04"",""run_id"":""ce48177ab95f4e858b9f677fa84ec5ff""},""upload_data"":{""date"":""2026-09-04"",""run_id"":""b943f5cc87fa42099b3ec1b731772dc7""}}"
345,345,"51.32469630000001 , 15.560024400000001","51.151009200000004 , 15.733146900000001",rural-rural,rural,1907,"{""sample_routes"":{""date"":""2026-09-03"",""run_id"":""305125553a764c29bba4eed248d5b137""},""join_samples"":{""date"":""2026-09-04"",""run_id"":""ce48177ab95f4e858b9f677fa84ec5ff""},""upload_data"":{""date"":""2026-09-04"",""run_id"":""b943f5cc87fa42099b3ec1b731772dc7""}}"
346,346,"50.6597784 , 17.9421588","50.868874100000006 , 17.941615300000002",urban-rural,rural,1910,"{""sample_routes"":{""date"":""2026-09-03"",""run_id"":""305125553a764c29bba4eed248d5b137""},""join_samples"":{""date"":""2026-09-04"",""run_id"":""ce48177ab95f4e858b9f677fa84ec5ff""},""upload_data"":{""date"":""2026-09-04"",""run_id"":""b943f5cc87fa42099b3ec1b731772dc7""}}"
347,347,"52.038603200000004 , 22.945714900000002","52.240289000000004 , 22.744672700000002",rural-rural,rural,1913,"{""sample_routes"":{""date"":""2026-09-03"",""run_id"":""305125553a764c29bba4eed248d5b137""},""join_samples"":{""date"":""2026-09-04"",""run_id"":""ce48177ab95f4e858b9f677fa84ec5ff""},""upload_data"":{""date"":""2026-09-04"",""run_id"":""b943f5cc87fa42099b3ec1b731772dc7""}}"
348,348,"53.5113624 , 18.4943837","53.5113793 , 18.1770299",rural-rural,rural,1687,"{""sample_routes"":{""date"":""2026-09-03"",""run_id"":""305125553a764c29bba4eed248d5b137""},""join_samples"":{""date"":""2026-09-04"",""run_id"":""ce48177ab95f4e858b9f677fa84ec5ff""},""upload_data"":{""date"":""2026-09-04"",""run_id"":""b943f5cc87fa42099b3ec1b731772dc7""}}"
349,349,"52.72329250000001 , 15.196570500000002","52.933148 , 14.987409300000001",urban-rural,rural,1916,"{""sample_routes"":{""date"":""2026-09-03"",""run_id"":""305125553a764c29bba4eed248d5b137""},""join_samples"":{""date"":""2026-09-04"",""run_id"":""ce48177ab95f4e858b9f677fa84ec5ff""},""upload_data"":{""date"":""2026-09-04"",""run_id"":""b943f5cc87fa42099b3ec1b731772dc7""}}"
350,350,"52.140410800000005 , 22.210106500000002","52.397719300000006 , 22.2100502",rural-urban,rural,1920,"{""sample_routes"":{""date"":""2026-09-03"",""run_id"":""305125553a764c29bba4eed248d5b137""},""join_samples"":{""date"":""2026-09-04"",""run_id"":""ce48177ab95f4e858b9f677fa84ec5ff""},""upload_data"":{""date"":""2026-09-04"",""run_id"":""b943f5cc87fa42099b3ec1b731772dc7""}}"
351,351,"52.252731000000004 , 20.588573800000002","52.3867521 , 20.454650100000002",rural-rural,rural,1678,"{""sample_routes"":{""date"":""2026-09-03"",""run_id"":""305125553a764c29bba4eed248d5b137""},""join_samples"":{""date"":""2026-09-04"",""run_id"":""ce48177ab95f4e858b9f677fa84ec5ff""},""upload_data"":{""date"":""2026-09-04"",""run_id"":""b943f5cc87fa42099b3ec1b731772dc7""}}"
352,352,"53.4098716 , 18.4359155","53.1516978 , 18.1779175",urban-urban,rural,1927,"{""sample_routes"":{""date"":""2026-09-03"",""run_id"":""305125553a764c29bba4eed248d5b137""},""join_samples"":{""date"":""2026-09-04"",""run_id"":""ce48177ab95f4e858b9f677fa84ec5ff""},""upload_data"":{""date"":""2026-09-04"",""run_id"":""b943f5cc87fa42099b3ec1b731772dc7""}}"
353,353,"51.6277096 , 20.825497600000002","51.6280116 , 20.4920733",rural-rural,rural,1928,"{""sample_routes"":{""date"":""2026-09-03"",""run_id"":""305125553a764c29bba4eed248d5b137""},""join_samples"":{""date"":""2026-09-04"",""run_id"":""ce48177ab95f4e858b9f677fa84ec5ff""},""upload_data"":{""date"":""2026-09-04"",""run_id"":""b943f5cc87fa42099b3ec1b731772dc7""}}"
354,354,"53.587985200000006 , 20.2836296","53.400725800000004 , 20.4703413",rural-rural,rural,1930,"{""sample_routes"":{""date"":""2026-09-03"",""run_id"":""305125553a764c29bba4eed248d5b137""},""join_samples"":{""date"":""2026-09-04"",""run_id"":""ce48177ab95f4e858b9f677fa84ec5ff""},""upload_data"":{""date"":""2026-09-04"",""run_id"":""b943f5cc87fa42099b3ec1b731772dc7""}}"
355,355,"51.1806813 , 17.185969200000002","50.9519383 , 17.1863151",rural-rural,rural,1932,"{""sample_routes"":{""date"":""2026-09-03"",""run_id"":""305125553a764c29bba4eed248d5b137""},""join_samples"":{""date"":""2026-09-04"",""run_id"":""ce48177ab95f4e858b9f677fa84ec5ff""},""upload_data"":{""date"":""2026-09-04"",""run_id"":""b943f5cc87fa42099b3ec1b731772dc7""}}"
356,356,"54.126028000000005 , 17.5133084","53.98226270000001 , 17.6577308",rural-rural,rural,1668,"{""sample_routes"":{""date"":""2026-09-03"",""run_id"":""305125553a764c29bba4eed248d5b137""},""join_samples"":{""date"":""2026-09-04"",""run_id"":""ce48177ab95f4e858b9f677fa84ec5ff""},""upload_data"":{""date"":""2026-09-04"",""run_id"":""b943f5cc87fa42099b3ec1b731772dc7""}}"
357,357,"51.692808400000004 , 19.666559","51.886015900000004 , 19.4728529",rural-rural,rural,1938,"{""sample_routes"":{""date"":""2026-09-03"",""run_id"":""305125553a764c29bba4eed248d5b137""},""join_samples"":{""date"":""2026-09-04"",""run_id"":""ce48177ab95f4e858b9f677fa84ec5ff""},""upload_data"":{""date"":""2026-09-04"",""run_id"":""b943f5cc87fa42099b3ec1b731772dc7""}}"
358,358,"50.0479506 , 21.1167142","50.232356300000006 , 20.9317879",rural-rural,rural,1939,"{""sample_routes"":{""date"":""2026-09-03"",""run_id"":""305125553a764c29bba4eed248d5b137""},""join_samples"":{""date"":""2026-09-04"",""run_id"":""ce48177ab95f4e858b9f677fa84ec5ff""},""upload_data"":{""date"":""2026-09-04"",""run_id"":""b943f5cc87fa42099b3ec1b731772dc7""}}"
359,359,"54.0594582 , 19.675084700000003","53.8619137 , 19.4770135",urban-rural,rural,1941,"{""sample_routes"":{""date"":""2026-09-03"",""run_id"":""305125553a764c29bba4eed248d5b137""},""join_samples"":{""date"":""2026-09-04"",""run_id"":""ce48177ab95f4e858b9f677fa84ec5ff""},""upload_data"":{""date"":""2026-09-04"",""run_id"":""b943f5cc87fa42099b3ec1b731772dc7""}}"
360,360,"51.466163 , 15.978878600000002","51.226866 , 15.979331700000001",rural-rural,rural,1941,"{""sample_routes"":{""date"":""2026-09-03"",""run_id"":""305125553a764c29bba4eed248d5b137""},""join_samples"":{""date"":""2026-09-04"",""run_id"":""ce48177ab95f4e858b9f677fa84ec5ff""},""upload_data"":{""date"":""2026-09-04"",""run_id"":""b943f5cc87fa42099b3ec1b731772dc7""}}"
361,361,"49.7544784 , 22.189821300000002","49.8754884 , 22.0691582",rural-rural,rural,1659,"{""sample_routes"":{""date"":""2026-09-03"",""run_id"":""305125553a764c29bba4eed248d5b137""},""join_samples"":{""date"":""2026-09-04"",""run_id"":""ce48177ab95f4e858b9f677fa84ec5ff""},""upload_data"":{""date"":""2026-09-04"",""run_id"":""b943f5cc87fa42099b3ec1b731772dc7""}}"
362,362,"51.23872840000001 , 16.9961018","51.2381018 , 16.7248816",rural-rural,rural,1943,"{""sample_routes"":{""date"":""2026-09-03"",""run_id"":""305125553a764c29bba4eed248d5b137""},""join_samples"":{""date"":""2026-09-04"",""run_id"":""ce48177ab95f4e858b9f677fa84ec5ff""},""upload_data"":{""date"":""2026-09-04"",""run_id"":""b943f5cc87fa42099b3ec1b731772dc7""}}"
363,363,"50.119088100000006 , 21.673778900000002","50.314444400000006 , 21.4779553",rural-urban,rural,1943,"{""sample_routes"":{""date"":""2026-09-03"",""run_id"":""305125553a764c29bba4eed248d5b137""},""join_samples"":{""date"":""2026-09-04"",""run_id"":""ce48177ab95f4e858b9f677fa84ec5ff""},""upload_data"":{""date"":""2026-09-04"",""run_id"":""b943f5cc87fa42099b3ec1b731772dc7""}}"
364,364,"54.024625900000004 , 20.659917200000002","53.8788162 , 20.514218900000003",rural-rural,rural,1944,"{""sample_routes"":{""date"":""2026-09-03"",""run_id"":""305125553a764c29bba4eed248d5b137""},""join_samples"":{""date"":""2026-09-04"",""run_id"":""ce48177ab95f4e858b9f677fa84ec5ff""},""upload_data"":{""date"":""2026-09-04"",""run_id"":""b943f5cc87fa42099b3ec1b731772dc7""}}"
365,365,"49.9615243 , 20.4158268","49.8015264 , 20.2563795",urban-rural,rural,1949,"{""sample_routes"":{""date"":""2026-09-03"",""run_id"":""305125553a764c29bba4eed248d5b137""},""join_samples"":{""date"":""2026-09-04"",""run_id"":""ce48177ab95f4e858b9f677fa84ec5ff""},""upload_data"":{""date"":""2026-09-04"",""run_id"":""b943f5cc87fa42099b3ec1b731772dc7""}}"
366,366,"53.073996900000004 , 23.0287539","52.917843000000005 , 23.184422400000003",rural-rural,rural,1952,"{""sample_routes"":{""date"":""2026-09-03"",""run_id"":""305125553a764c29bba4eed248d5b137""},""join_samples"":{""date"":""2026-09-04"",""run_id"":""ce48177ab95f4e858b9f677fa84ec5ff""},""upload_data"":{""date"":""2026-09-04"",""run_id"":""b943f5cc87fa42099b3ec1b731772dc7""}}"
367,367,"53.58788680000001 , 21.842095500000003","53.8167568 , 21.842471500000002",rural-rural,rural,1644,"{""sample_routes"":{""date"":""2026-09-03"",""run_id"":""305125553a764c29bba4eed248d5b137""},""join_samples"":{""date"":""2026-09-04"",""run_id"":""ce48177ab95f4e858b9f677fa84ec5ff""},""upload_data"":{""date"":""2026-09-04"",""run_id"":""b943f5cc87fa42099b3ec1b731772dc7""}}"
368,368,"51.281901100000006 , 22.5074067","51.474717500000004 , 22.3141095",urban-rural,rural,1958,"{""sample_routes"":{""date"":""2026-09-03"",""run_id"":""305125553a764c29bba4eed248d5b137""},""join_samples"":{""date"":""2026-09-04"",""run_id"":""ce48177ab95f4e858b9f677fa84ec5ff""},""upload_data"":{""date"":""2026-09-04"",""run_id"":""b943f5cc87fa42099b3ec1b731772dc7""}}"
369,369,"49.7585677 , 21.068704200000003","49.924340900000004 , 21.069375",rural-rural,rural,1632,"{""sample_routes"":{""date"":""2026-09-03"",""run_id"":""305125553a764c29bba4eed248d5b137""},""join_samples"":{""date"":""2026-09-04"",""run_id"":""ce48177ab95f4e858b9f677fa84ec5ff""},""upload_data"":{""date"":""2026-09-04"",""run_id"":""b943f5cc87fa42099b3ec1b731772dc7""}}"
370,370,"53.587568100000006 , 14.865017000000002","53.3742918 , 14.865413100000001",rural-rural,rural,1968,"{""sample_routes"":{""date"":""2026-09-03"",""run_id"":""305125553a764c29bba4eed248d5b137""},""join_samples"":{""date"":""2026-09-04"",""run_id"":""ce48177ab95f4e858b9f677fa84ec5ff""},""upload_data"":{""date"":""2026-09-04"",""run_id"":""b943f5cc87fa42099b3ec1b731772dc7""}}"
371,371,"50.658963400000005 , 17.856606600000003","50.415450400000005 , 17.8570096",rural-rural,rural,1976,"{""sample_routes"":{""date"":""2026-09-03"",""run_id"":""305125553a764c29bba4eed248d5b137""},""join_samples"":{""date"":""2026-09-04"",""run_id"":""ce48177ab95f4e858b9f677fa84ec5ff""},""upload_data"":{""date"":""2026-09-04"",""run_id"":""b943f5cc87fa42099b3ec1b731772dc7""}}"
372,372,"49.624785300000006 , 20.976762800000003","49.8661 , 20.976300000000002",rural-rural,rural,1977,"{""sample_routes"":{""date"":""2026-09-03"",""run_id"":""305125553a764c29bba4eed248d5b137""},""join_samples"":{""date"":""2026-09-04"",""run_id"":""ce48177ab95f4e858b9f677fa84ec5ff""},""upload_data"":{""date"":""2026-09-04"",""run_id"":""b943f5cc87fa42099b3ec1b731772dc7""}}"
373,373,"51.022541600000004 , 16.9655674","50.8000601 , 17.1884121",rural-rural,rural,1978,"{""sample_routes"":{""date"":""2026-09-03"",""run_id"":""305125553a764c29bba4eed248d5b137""},""join_samples"":{""date"":""2026-09-04"",""run_id"":""ce48177ab95f4e858b9f677fa84ec5ff""},""upload_data"":{""date"":""2026-09-04"",""run_id"":""b943f5cc87fa42099b3ec1b731772dc7""}}"
374,374,"52.6893533 , 14.6350704","52.9381834 , 14.385900800000002",rural-rural,rural,1981,"{""sample_routes"":{""date"":""2026-09-03"",""run_id"":""305125553a764c29bba4eed248d5b137""},""join_samples"":{""date"":""2026-09-04"",""run_id"":""ce48177ab95f4e858b9f677fa84ec5ff""},""upload_data"":{""date"":""2026-09-04"",""run_id"":""b943f5cc87fa42099b3ec1b731772dc7""}}"
375,375,"52.4926687 , 14.810818000000001","52.30709220000001 , 14.8111987",rural-rural,rural,1618,"{""sample_routes"":{""date"":""2026-09-03"",""run_id"":""305125553a764c29bba4eed248d5b137""},""join_samples"":{""date"":""2026-09-04"",""run_id"":""ce48177ab95f4e858b9f677fa84ec5ff""},""upload_data"":{""date"":""2026-09-04"",""run_id"":""b943f5cc87fa42099b3ec1b731772dc7""}}"
376,376,"51.854864000000006 , 19.4036541","51.854691800000005 , 18.9344046",urban-rural,rural,1991,"{""sample_routes"":{""date"":""2026-09-03"",""run_id"":""305125553a764c29bba4eed248d5b137""},""join_samples"":{""date"":""2026-09-04"",""run_id"":""ce48177ab95f4e858b9f677fa84ec5ff""},""upload_data"":{""date"":""2026-09-04"",""run_id"":""b943f5cc87fa42099b3ec1b731772dc7""}}"
377,377,"50.3450878 , 19.459104500000002","50.546016200000004 , 19.459747800000002",rural-rural,rural,1992,"{""sample_routes"":{""date"":""2026-09-03"",""run_id"":""305125553a764c29bba4eed248d5b137""},""join_samples"":{""date"":""2026-09-04"",""run_id"":""ce48177ab95f4e858b9f677fa84ec5ff""},""upload_data"":{""date"":""2026-09-04"",""run_id"":""b943f5cc87fa42099b3ec1b731772dc7""}}"
378,378,"52.177259600000006 , 21.5579074","52.351680200000004 , 21.732942700000002",urban-rural,rural,1608,"{""sample_routes"":{""date"":""2026-09-03"",""run_id"":""305125553a764c29bba4eed248d5b137""},""join_samples"":{""date"":""2026-09-04"",""run_id"":""ce48177ab95f4e858b9f677fa84ec5ff""},""upload_data"":{""date"":""2026-09-04"",""run_id"":""b943f5cc87fa42099b3ec1b731772dc7""}}"
379,379,"54.223416900000004 , 18.129487100000002","54.476119600000004 , 18.3821371",rural-rural,rural,1997,"{""sample_routes"":{""date"":""2026-09-03"",""run_id"":""305125553a764c29bba4eed248d5b137""},""join_samples"":{""date"":""2026-09-04"",""run_id"":""ce48177ab95f4e858b9f677fa84ec5ff""},""upload_data"":{""date"":""2026-09-04"",""run_id"":""b943f5cc87fa42099b3ec1b731772dc7""}}"
380,380,"53.499993100000005 , 15.0698685","53.50038240000001 , 14.7057608",rural-rural,rural,1999,"{""sample_routes"":{""date"":""2026-09-03"",""run_id"":""305125553a764c29bba4eed248d5b137""},""join_samples"":{""date"":""2026-09-04"",""run_id"":""ce48177ab95f4e858b9f677fa84ec5ff""},""upload_data"":{""date"":""2026-09-04"",""run_id"":""b943f5cc87fa42099b3ec1b731772dc7""}}"
381,381,"50.91771120000001 , 22.5406182","51.140013200000006 , 22.5410718",rural-rural,rural,2001,"{""sample_routes"":{""date"":""2026-09-03"",""run_id"":""305125553a764c29bba4eed248d5b137""},""join_samples"":{""date"":""2026-09-04"",""run_id"":""ce48177ab95f4e858b9f677fa84ec5ff""},""upload_data"":{""date"":""2026-09-04"",""run_id"":""b943f5cc87fa42099b3ec1b731772dc7""}}"
382,382,"52.6626599 , 22.0232712","52.8381393 , 22.198294100000002",rural-rural,rural,2002,"{""sample_routes"":{""date"":""2026-09-03"",""run_id"":""305125553a764c29bba4eed248d5b137""},""join_samples"":{""date"":""2026-09-04"",""run_id"":""ce48177ab95f4e858b9f677fa84ec5ff""},""upload_data"":{""date"":""2026-09-04"",""run_id"":""b943f5cc87fa42099b3ec1b731772dc7""}}"
383,383,"53.1399996 , 20.338348800000002","53.1394997 , 19.974075000000003",rural-rural,rural,2002,"{""sample_routes"":{""date"":""2026-09-03"",""run_id"":""305125553a764c29bba4eed248d5b137""},""join_samples"":{""date"":""2026-09-04"",""run_id"":""ce48177ab95f4e858b9f677fa84ec5ff""},""upload_data"":{""date"":""2026-09-04"",""run_id"":""b943f5cc87fa42099b3ec1b731772dc7""}}"
384,384,"51.683482000000005 , 19.657596400000003","51.4987153 , 19.8418294",rural-rural,rural,2002,"{""sample_routes"":{""date"":""2026-09-03"",""run_id"":""305125553a764c29bba4eed248d5b137""},""join_samples"":{""date"":""2026-09-04"",""run_id"":""ce48177ab95f4e858b9f677fa84ec5ff""},""upload_data"":{""date"":""2026-09-04"",""run_id"":""b943f5cc87fa42099b3ec1b731772dc7""}}"
385,385,"49.809522900000005 , 20.0140879","49.5700694 , 19.774136000000002",rural-rural,rural,2006,"{""sample_routes"":{""date"":""2026-09-03"",""run_id"":""305125553a764c29bba4eed248d5b137""},""join_samples"":{""date"":""2026-09-04"",""run_id"":""ce48177ab95f4e858b9f677fa84ec5ff""},""upload_data"":{""date"":""2026-09-04"",""run_id"":""b943f5cc87fa42099b3ec1b731772dc7""}}"
386,386,"49.6313827 , 21.3783193","49.804988 , 21.5517329",rural-rural,rural,2007,"{""sample_routes"":{""date"":""2026-09-03"",""run_id"":""305125553a764c29bba4eed248d5b137""},""join_samples"":{""date"":""2026-09-04"",""run_id"":""ce48177ab95f4e858b9f677fa84ec5ff""},""upload_data"":{""date"":""2026-09-04"",""run_id"":""b943f5cc87fa42099b3ec1b731772dc7""}}"
387,387,"51.2635729 , 16.4782786","51.263366000000005 , 16.1519506",rural-rural,rural,2011,"{""sample_routes"":{""date"":""2026-09-03"",""run_id"":""305125553a764c29bba4eed248d5b137""},""join_samples"":{""date"":""2026-09-04"",""run_id"":""ce48177ab95f4e858b9f677fa84ec5ff""},""upload_data"":{""date"":""2026-09-04"",""run_id"":""b943f5cc87fa42099b3ec1b731772dc7""}}"
388,388,"51.466164400000004 , 21.782095700000003","51.6554073 , 21.781598300000002",rural-rural,rural,2011,"{""sample_routes"":{""date"":""2026-09-03"",""run_id"":""305125553a764c29bba4eed248d5b137""},""join_samples"":{""date"":""2026-09-04"",""run_id"":""ce48177ab95f4e858b9f677fa84ec5ff""},""upload_data"":{""date"":""2026-09-04"",""run_id"":""b943f5cc87fa42099b3ec1b731772dc7""}}"
389,389,"52.398413100000006 , 20.9285785","52.561748300000005 , 20.765935000000002",urban-rural,rural,2020,"{""sample_routes"":{""date"":""2026-09-03"",""run_id"":""305125553a764c29bba4eed248d5b137""},""join_samples"":{""date"":""2026-09-04"",""run_id"":""ce48177ab95f4e858b9f677fa84ec5ff""},""upload_data"":{""date"":""2026-09-04"",""run_id"":""b943f5cc87fa42099b3ec1b731772dc7""}}"
390,390,"50.730007900000004 , 21.116897400000003","50.914833300000005 , 21.302340400000002",rural-rural,rural,2023,"{""sample_routes"":{""date"":""2026-09-03"",""run_id"":""305125553a764c29bba4eed248d5b137""},""join_samples"":{""date"":""2026-09-04"",""run_id"":""ce48177ab95f4e858b9f677fa84ec5ff""},""upload_data"":{""date"":""2026-09-04"",""run_id"":""b943f5cc87fa42099b3ec1b731772dc7""}}"
391,391,"54.173914800000006 , 16.119347","53.979315500000006 , 16.3145105",rural-rural,rural,2027,"{""sample_routes"":{""date"":""2026-09-03"",""run_id"":""305125553a764c29bba4eed248d5b137""},""join_samples"":{""date"":""2026-09-04"",""run_id"":""ce48177ab95f4e858b9f677fa84ec5ff""},""upload_data"":{""date"":""2026-09-04"",""run_id"":""b943f5cc87fa42099b3ec1b731772dc7""}}"
392,392,"51.812207 , 15.7131492","52.1153081 , 15.7125453",urban-rural,rural,2033,"{""sample_routes"":{""date"":""2026-09-03"",""run_id"":""305125553a764c29bba4eed248d5b137""},""join_samples"":{""date"":""2026-09-04"",""run_id"":""ce48177ab95f4e858b9f677fa84ec5ff""},""upload_data"":{""date"":""2026-09-04"",""run_id"":""b943f5cc87fa42099b3ec1b731772dc7""}}"
393,393,"52.0696943 , 21.1539867","52.2070839 , 21.2919157",rural-rural,rural,2034,"{""sample_routes"":{""date"":""2026-09-03"",""run_id"":""305125553a764c29bba4eed248d5b137""},""join_samples"":{""date"":""2026-09-04"",""run_id"":""ce48177ab95f4e858b9f677fa84ec5ff""},""upload_data"":{""date"":""2026-09-04"",""run_id"":""b943f5cc87fa42099b3ec1b731772dc7""}}"
394,394,"50.137750000000004 , 19.8656198","50.138286400000005 , 19.2606998",rural-rural,rural,2037,"{""sample_routes"":{""date"":""2026-09-03"",""run_id"":""305125553a764c29bba4eed248d5b137""},""join_samples"":{""date"":""2026-09-04"",""run_id"":""ce48177ab95f4e858b9f677fa84ec5ff""},""upload_data"":{""date"":""2026-09-04"",""run_id"":""b943f5cc87fa42099b3ec1b731772dc7""}}"
395,395,"49.9940488 , 22.589363900000002","49.8797385 , 22.4755132",rural-rural,rural,1554,"{""sample_routes"":{""date"":""2026-09-03"",""run_id"":""305125553a764c29bba4eed248d5b137""},""join_samples"":{""date"":""2026-09-04"",""run_id"":""ce48177ab95f4e858b9f677fa84ec5ff""},""upload_data"":{""date"":""2026-09-04"",""run_id"":""b943f5cc87fa42099b3ec1b731772dc7""}}"
396,396,"50.3447022 , 19.9417034","50.0975091 , 19.941027400000003",rural-urban,rural,2055,"{""sample_routes"":{""date"":""2026-09-03"",""run_id"":""305125553a764c29bba4eed248d5b137""},""join_samples"":{""date"":""2026-09-04"",""run_id"":""ce48177ab95f4e858b9f677fa84ec5ff""},""upload_data"":{""date"":""2026-09-04"",""run_id"":""b943f5cc87fa42099b3ec1b731772dc7""}}"
397,397,"54.1029952 , 17.3243064","53.947208200000006 , 17.3236123",rural-rural,rural,1543,"{""sample_routes"":{""date"":""2026-09-03"",""run_id"":""305125553a764c29bba4eed248d5b137""},""join_samples"":{""date"":""2026-09-04"",""run_id"":""ce48177ab95f4e858b9f677fa84ec5ff""},""upload_data"":{""date"":""2026-09-04"",""run_id"":""b943f5cc87fa42099b3ec1b731772dc7""}}"
398,398,"52.723950200000004 , 14.694361500000001","52.4592332 , 14.694984000000002",urban-rural,rural,1538,"{""sample_routes"":{""date"":""2026-09-03"",""run_id"":""305125553a764c29bba4eed248d5b137""},""join_samples"":{""date"":""2026-09-04"",""run_id"":""ce48177ab95f4e858b9f677fa84ec5ff""},""upload_data"":{""date"":""2026-09-04"",""run_id"":""b943f5cc87fa42099b3ec1b731772dc7""}}"
399,399,"51.2321486 , 21.9906578","51.063183200000005 , 21.8219193",rural-rural,rural,1531,"{""sample_routes"":{""date"":""2026-09-03"",""run_id"":""305125553a764c29bba4eed248d5b137""},""join_samples"":{""date"":""2026-09-04"",""run_id"":""ce48177ab95f4e858b9f677fa84ec5ff""},""upload_data"":{""date"":""2026-09-04"",""run_id"":""b943f5cc87fa42099b3ec1b731772dc7""}}"
400,0,"52.0430664 , 21.0812935","52.3246514 , 21.0816266",rural-urban,urban,2697,"{""sample_routes"":{""date"":""2026-09-03"",""run_id"":""305125553a764c29bba4eed248d5b137""},""join_samples"":{""date"":""2026-09-04"",""run_id"":""ce48177ab95f4e858b9f677fa84ec5ff""},""upload_data"":{""date"":""2026-09-04"",""run_id"":""b943f5cc87fa42099b3ec1b731772dc7""}}"
401,1,"52.3765969 , 20.9209225","52.1583095 , 20.7028888",urban-urban,urban,2713,"{""sample_routes"":{""date"":""2026-09-03"",""run_id"":""305125553a764c29bba4eed248d5b137""},""join_samples"":{""date"":""2026-09-04"",""run_id"":""ce48177ab95f4e858b9f677fa84ec5ff""},""upload_data"":{""date"":""2026-09-04"",""run_id"":""b943f5cc87fa42099b3ec1b731772dc7""}}"
402,2,"52.3241469 , 21.0573903","52.063976200000006 , 21.0570334",urban-rural,urban,2717,"{""sample_routes"":{""date"":""2026-09-03"",""run_id"":""305125553a764c29bba4eed248d5b137""},""join_samples"":{""date"":""2026-09-04"",""run_id"":""ce48177ab95f4e858b9f677fa84ec5ff""},""upload_data"":{""date"":""2026-09-04"",""run_id"":""b943f5cc87fa42099b3ec1b731772dc7""}}"
403,3,"52.3838458 , 21.0041936","52.1627456 , 20.7827942",rural-urban,urban,2682,"{""sample_routes"":{""date"":""2026-09-03"",""run_id"":""305125553a764c29bba4eed248d5b137""},""join_samples"":{""date"":""2026-09-04"",""run_id"":""ce48177ab95f4e858b9f677fa84ec5ff""},""upload_data"":{""date"":""2026-09-04"",""run_id"":""b943f5cc87fa42099b3ec1b731772dc7""}}"
404,4,"50.262570800000006 , 19.025952800000002","50.26156760000001 , 18.512038",urban-rural,urban,2680,"{""sample_routes"":{""date"":""2026-09-03"",""run_id"":""305125553a764c29bba4eed248d5b137""},""join_samples"":{""date"":""2026-09-04"",""run_id"":""ce48177ab95f4e858b9f677fa84ec5ff""},""upload_data"":{""date"":""2026-09-04"",""run_id"":""b943f5cc87fa42099b3ec1b731772dc7""}}"
405,5,"52.3535964 , 21.248714800000002","52.102415 , 20.997263200000003",urban-urban,urban,2721,"{""sample_routes"":{""date"":""2026-09-03"",""run_id"":""305125553a764c29bba4eed248d5b137""},""join_samples"":{""date"":""2026-09-04"",""run_id"":""ce48177ab95f4e858b9f677fa84ec5ff""},""upload_data"":{""date"":""2026-09-04"",""run_id"":""b943f5cc87fa42099b3ec1b731772dc7""}}"
406,6,"52.0812411 , 21.019891400000002","52.3342861 , 21.2720151",urban-urban,urban,2678,"{""sample_routes"":{""date"":""2026-09-03"",""run_id"":""305125553a764c29bba4eed248d5b137""},""join_samples"":{""date"":""2026-09-04"",""run_id"":""ce48177ab95f4e858b9f677fa84ec5ff""},""upload_data"":{""date"":""2026-09-04"",""run_id"":""b943f5cc87fa42099b3ec1b731772dc7""}}"
407,7,"52.0821392 , 21.1451508","52.357928300000005 , 20.870372800000002",rural-urban,urban,2675,"{""sample_routes"":{""date"":""2026-09-03"",""run_id"":""305125553a764c29bba4eed248d5b137""},""join_samples"":{""date"":""2026-09-04"",""run_id"":""ce48177ab95f4e858b9f677fa84ec5ff""},""upload_data"":{""date"":""2026-09-04"",""run_id"":""b943f5cc87fa42099b3ec1b731772dc7""}}"
408,8,"52.134562300000006 , 21.0879873","52.3800595 , 21.3336305",urban-rural,urban,2732,"{""sample_routes"":{""date"":""2026-09-03"",""run_id"":""305125553a764c29bba4eed248d5b137""},""join_samples"":{""date"":""2026-09-04"",""run_id"":""ce48177ab95f4e858b9f677fa84ec5ff""},""upload_data"":{""date"":""2026-09-04"",""run_id"":""b943f5cc87fa42099b3ec1b731772dc7""}}"
409,9,"52.4637061 , 17.0191501","52.2251805 , 16.7810422",rural-rural,urban,2740,"{""sample_routes"":{""date"":""2026-09-03"",""run_id"":""305125553a764c29bba4eed248d5b137""},""join_samples"":{""date"":""2026-09-04"",""run_id"":""ce48177ab95f4e858b9f677fa84ec5ff""},""upload_data"":{""date"":""2026-09-04"",""run_id"":""b943f5cc87fa42099b3ec1b731772dc7""}}"
410,10,"52.460266100000005 , 16.9911843","52.243111000000006 , 16.7730994",urban-rural,urban,2660,"{""sample_routes"":{""date"":""2026-09-03"",""run_id"":""305125553a764c29bba4eed248d5b137""},""join_samples"":{""date"":""2026-09-04"",""run_id"":""ce48177ab95f4e858b9f677fa84ec5ff""},""upload_data"":{""date"":""2026-09-04"",""run_id"":""b943f5cc87fa42099b3ec1b731772dc7""}}"
411,11,"52.1171111 , 21.2423866","52.3495458 , 21.010872300000003",urban-rural,urban,2744,"{""sample_routes"":{""date"":""2026-09-03"",""run_id"":""305125553a764c29bba4eed248d5b137""},""join_samples"":{""date"":""2026-09-04"",""run_id"":""ce48177ab95f4e858b9f677fa84ec5ff""},""upload_data"":{""date"":""2026-09-04"",""run_id"":""b943f5cc87fa42099b3ec1b731772dc7""}}"
412,12,"50.2567524 , 19.0160059","50.2567303 , 18.513196",urban-rural,urban,2648,"{""sample_routes"":{""date"":""2026-09-03"",""run_id"":""305125553a764c29bba4eed248d5b137""},""join_samples"":{""date"":""2026-09-04"",""run_id"":""ce48177ab95f4e858b9f677fa84ec5ff""},""upload_data"":{""date"":""2026-09-04"",""run_id"":""b943f5cc87fa42099b3ec1b731772dc7""}}"
413,13,"50.3868901 , 18.9444555","50.1733483 , 19.1572955",urban-rural,urban,2642,"{""sample_routes"":{""date"":""2026-09-03"",""run_id"":""305125553a764c29bba4eed248d5b137""},""join_samples"":{""date"":""2026-09-04"",""run_id"":""ce48177ab95f4e858b9f677fa84ec5ff""},""upload_data"":{""date"":""2026-09-04"",""run_id"":""b943f5cc87fa42099b3ec1b731772dc7""}}"
414,14,"52.102415 , 20.997263200000003","52.3510633 , 21.245277700000003",urban-urban,urban,2639,"{""sample_routes"":{""date"":""2026-09-03"",""run_id"":""305125553a764c29bba4eed248d5b137""},""join_samples"":{""date"":""2026-09-04"",""run_id"":""ce48177ab95f4e858b9f677fa84ec5ff""},""upload_data"":{""date"":""2026-09-04"",""run_id"":""b943f5cc87fa42099b3ec1b731772dc7""}}"
415,15,"50.394288 , 18.900930600000002","50.174323300000005 , 19.1203211",urban-rural,urban,2767,"{""sample_routes"":{""date"":""2026-09-03"",""run_id"":""305125553a764c29bba4eed248d5b137""},""join_samples"":{""date"":""2026-09-04"",""run_id"":""ce48177ab95f4e858b9f677fa84ec5ff""},""upload_data"":{""date"":""2026-09-04"",""run_id"":""b943f5cc87fa42099b3ec1b731772dc7""}}"
416,16,"50.293852900000005 , 19.1687015","50.293720300000004 , 18.633082700000003",urban-urban,urban,2767,"{""sample_routes"":{""date"":""2026-09-03"",""run_id"":""305125553a764c29bba4eed248d5b137""},""join_samples"":{""date"":""2026-09-04"",""run_id"":""ce48177ab95f4e858b9f677fa84ec5ff""},""upload_data"":{""date"":""2026-09-04"",""run_id"":""b943f5cc87fa42099b3ec1b731772dc7""}}"
417,17,"50.421145800000005 , 18.8309725","50.200222000000004 , 19.0522104",rural-rural,urban,2770,"{""sample_routes"":{""date"":""2026-09-03"",""run_id"":""305125553a764c29bba4eed248d5b137""},""join_samples"":{""date"":""2026-09-04"",""run_id"":""ce48177ab95f4e858b9f677fa84ec5ff""},""upload_data"":{""date"":""2026-09-04"",""run_id"":""b943f5cc87fa42099b3ec1b731772dc7""}}"
418,18,"52.4685903 , 16.8761404","52.198676000000006 , 16.876975400000003",urban-rural,urban,2774,"{""sample_routes"":{""date"":""2026-09-03"",""run_id"":""305125553a764c29bba4eed248d5b137""},""join_samples"":{""date"":""2026-09-04"",""run_id"":""ce48177ab95f4e858b9f677fa84ec5ff""},""upload_data"":{""date"":""2026-09-04"",""run_id"":""b943f5cc87fa42099b3ec1b731772dc7""}}"
419,19,"52.199756300000004 , 20.9144998","52.464891900000005 , 20.9146794",urban-rural,urban,2777,"{""sample_routes"":{""date"":""2026-09-03"",""run_id"":""305125553a764c29bba4eed248d5b137""},""join_samples"":{""date"":""2026-09-04"",""run_id"":""ce48177ab95f4e858b9f677fa84ec5ff""},""upload_data"":{""date"":""2026-09-04"",""run_id"":""b943f5cc87fa42099b3ec1b731772dc7""}}"
420,20,"52.01446 , 21.143570500000003","52.3221044 , 21.1445328",rural-urban,urban,2783,"{""sample_routes"":{""date"":""2026-09-03"",""run_id"":""305125553a764c29bba4eed248d5b137""},""join_samples"":{""date"":""2026-09-04"",""run_id"":""ce48177ab95f4e858b9f677fa84ec5ff""},""upload_data"":{""date"":""2026-09-04"",""run_id"":""b943f5cc87fa42099b3ec1b731772dc7""}}"
421,21,"52.4001795 , 20.9255087","52.1688108 , 20.9265392",urban-urban,urban,2786,"{""sample_routes"":{""date"":""2026-09-03"",""run_id"":""305125553a764c29bba4eed248d5b137""},""join_samples"":{""date"":""2026-09-04"",""run_id"":""ce48177ab95f4e858b9f677fa84ec5ff""},""upload_data"":{""date"":""2026-09-04"",""run_id"":""b943f5cc87fa42099b3ec1b731772dc7""}}"
422,22,"52.2287314 , 16.789105900000003","52.4740626 , 17.0334071",rural-rural,urban,2790,"{""sample_routes"":{""date"":""2026-09-03"",""run_id"":""305125553a764c29bba4eed248d5b137""},""join_samples"":{""date"":""2026-09-04"",""run_id"":""ce48177ab95f4e858b9f677fa84ec5ff""},""upload_data"":{""date"":""2026-09-04"",""run_id"":""b943f5cc87fa42099b3ec1b731772dc7""}}"
423,23,"50.2666559 , 19.0292433","50.265788400000005 , 18.517667900000003",urban-rural,urban,2609,"{""sample_routes"":{""date"":""2026-09-03"",""run_id"":""305125553a764c29bba4eed248d5b137""},""join_samples"":{""date"":""2026-09-04"",""run_id"":""ce48177ab95f4e858b9f677fa84ec5ff""},""upload_data"":{""date"":""2026-09-04"",""run_id"":""b943f5cc87fa42099b3ec1b731772dc7""}}"
424,24,"52.3151462 , 21.0878561","52.068066400000006 , 21.0871077",urban-rural,urban,2608,"{""sample_routes"":{""date"":""2026-09-03"",""run_id"":""305125553a764c29bba4eed248d5b137""},""join_samples"":{""date"":""2026-09-04"",""run_id"":""ce48177ab95f4e858b9f677fa84ec5ff""},""upload_data"":{""date"":""2026-09-04"",""run_id"":""b943f5cc87fa42099b3ec1b731772dc7""}}"
425,25,"50.3850149 , 18.8954966","50.1820158 , 19.0982945",urban-rural,urban,2608,"{""sample_routes"":{""date"":""2026-09-03"",""run_id"":""305125553a764c29bba4eed248d5b137""},""join_samples"":{""date"":""2026-09-04"",""run_id"":""ce48177ab95f4e858b9f677fa84ec5ff""},""upload_data"":{""date"":""2026-09-04"",""run_id"":""b943f5cc87fa42099b3ec1b731772dc7""}}"
426,26,"50.235009500000004 , 19.0908847","50.462752300000005 , 18.8627353",urban-urban,urban,2796,"{""sample_routes"":{""date"":""2026-09-03"",""run_id"":""305125553a764c29bba4eed248d5b137""},""join_samples"":{""date"":""2026-09-04"",""run_id"":""ce48177ab95f4e858b9f677fa84ec5ff""},""upload_data"":{""date"":""2026-09-04"",""run_id"":""b943f5cc87fa42099b3ec1b731772dc7""}}"
427,27,"52.1010981 , 21.027432400000002","52.3665309 , 21.2922376",urban-urban,urban,2796,"{""sample_routes"":{""date"":""2026-09-03"",""run_id"":""305125553a764c29bba4eed248d5b137""},""join_samples"":{""date"":""2026-09-04"",""run_id"":""ce48177ab95f4e858b9f677fa84ec5ff""},""upload_data"":{""date"":""2026-09-04"",""run_id"":""b943f5cc87fa42099b3ec1b731772dc7""}}"
428,28,"50.394118000000006 , 18.967709300000003","50.1830213 , 19.179093400000003",urban-rural,urban,2798,"{""sample_routes"":{""date"":""2026-09-03"",""run_id"":""305125553a764c29bba4eed248d5b137""},""join_samples"":{""date"":""2026-09-04"",""run_id"":""ce48177ab95f4e858b9f677fa84ec5ff""},""upload_data"":{""date"":""2026-09-04"",""run_id"":""b943f5cc87fa42099b3ec1b731772dc7""}}"
429,29,"52.403152500000004 , 20.879375","52.1818547 , 20.880213100000002",urban-urban,urban,2799,"{""sample_routes"":{""date"":""2026-09-03"",""run_id"":""305125553a764c29bba4eed248d5b137""},""join_samples"":{""date"":""2026-09-04"",""run_id"":""ce48177ab95f4e858b9f677fa84ec5ff""},""upload_data"":{""date"":""2026-09-04"",""run_id"":""b943f5cc87fa42099b3ec1b731772dc7""}}"
430,30,"52.342061300000005 , 21.2466215","52.092705200000005 , 20.997232",urban-urban,urban,2594,"{""sample_routes"":{""date"":""2026-09-03"",""run_id"":""305125553a764c29bba4eed248d5b137""},""join_samples"":{""date"":""2026-09-04"",""run_id"":""ce48177ab95f4e858b9f677fa84ec5ff""},""upload_data"":{""date"":""2026-09-04"",""run_id"":""b943f5cc87fa42099b3ec1b731772dc7""}}"
431,31,"52.1922147 , 21.122807700000003","52.433590200000005 , 20.8824827",urban-rural,urban,2594,"{""sample_routes"":{""date"":""2026-09-03"",""run_id"":""305125553a764c29bba4eed248d5b137""},""join_samples"":{""date"":""2026-09-04"",""run_id"":""ce48177ab95f4e858b9f677fa84ec5ff""},""upload_data"":{""date"":""2026-09-04"",""run_id"":""b943f5cc87fa42099b3ec1b731772dc7""}}"
432,32,"50.210242400000006 , 18.989583800000002","50.4288317 , 18.7718515",urban-rural,urban,2807,"{""sample_routes"":{""date"":""2026-09-03"",""run_id"":""305125553a764c29bba4eed248d5b137""},""join_samples"":{""date"":""2026-09-04"",""run_id"":""ce48177ab95f4e858b9f677fa84ec5ff""},""upload_data"":{""date"":""2026-09-04"",""run_id"":""b943f5cc87fa42099b3ec1b731772dc7""}}"
433,33,"52.293833400000004 , 21.113720700000002","52.026728600000006 , 21.112718100000002",urban-rural,urban,2590,"{""sample_routes"":{""date"":""2026-09-03"",""run_id"":""305125553a764c29bba4eed248d5b137""},""join_samples"":{""date"":""2026-09-04"",""run_id"":""ce48177ab95f4e858b9f677fa84ec5ff""},""upload_data"":{""date"":""2026-09-04"",""run_id"":""b943f5cc87fa42099b3ec1b731772dc7""}}"
434,34,"50.225707 , 19.0833307","50.225039300000006 , 18.6480661",urban-urban,urban,2810,"{""sample_routes"":{""date"":""2026-09-03"",""run_id"":""305125553a764c29bba4eed248d5b137""},""join_samples"":{""date"":""2026-09-04"",""run_id"":""ce48177ab95f4e858b9f677fa84ec5ff""},""upload_data"":{""date"":""2026-09-04"",""run_id"":""b943f5cc87fa42099b3ec1b731772dc7""}}"
435,35,"52.4017191 , 20.9286636","52.168591500000005 , 20.927879800000003",urban-urban,urban,2815,"{""sample_routes"":{""date"":""2026-09-03"",""run_id"":""305125553a764c29bba4eed248d5b137""},""join_samples"":{""date"":""2026-09-04"",""run_id"":""ce48177ab95f4e858b9f677fa84ec5ff""},""upload_data"":{""date"":""2026-09-04"",""run_id"":""b943f5cc87fa42099b3ec1b731772dc7""}}"
436,36,"52.358948500000004 , 21.0391894","52.0992157 , 21.0395986",rural-urban,urban,2817,"{""sample_routes"":{""date"":""2026-09-03"",""run_id"":""305125553a764c29bba4eed248d5b137""},""join_samples"":{""date"":""2026-09-04"",""run_id"":""ce48177ab95f4e858b9f677fa84ec5ff""},""upload_data"":{""date"":""2026-09-04"",""run_id"":""b943f5cc87fa42099b3ec1b731772dc7""}}"
437,37,"50.346814200000004 , 19.052656900000002","50.132221900000005 , 18.8376032",rural-rural,urban,2571,"{""sample_routes"":{""date"":""2026-09-03"",""run_id"":""305125553a764c29bba4eed248d5b137""},""join_samples"":{""date"":""2026-09-04"",""run_id"":""ce48177ab95f4e858b9f677fa84ec5ff""},""upload_data"":{""date"":""2026-09-04"",""run_id"":""b943f5cc87fa42099b3ec1b731772dc7""}}"
438,38,"52.161341900000004 , 20.815984200000003","52.3918727 , 21.045879900000003",urban-rural,urban,2569,"{""sample_routes"":{""date"":""2026-09-03"",""run_id"":""305125553a764c29bba4eed248d5b137""},""join_samples"":{""date"":""2026-09-04"",""run_id"":""ce48177ab95f4e858b9f677fa84ec5ff""},""upload_data"":{""date"":""2026-09-04"",""run_id"":""b943f5cc87fa42099b3ec1b731772dc7""}}"
439,39,"52.3447296 , 21.236395400000003","52.100825500000006 , 20.9932349",urban-urban,urban,2565,"{""sample_routes"":{""date"":""2026-09-03"",""run_id"":""305125553a764c29bba4eed248d5b137""},""join_samples"":{""date"":""2026-09-04"",""run_id"":""ce48177ab95f4e858b9f677fa84ec5ff""},""upload_data"":{""date"":""2026-09-04"",""run_id"":""b943f5cc87fa42099b3ec1b731772dc7""}}"
440,40,"52.3266113 , 21.1081195","52.029300600000006 , 21.1080998",urban-rural,urban,2837,"{""sample_routes"":{""date"":""2026-09-03"",""run_id"":""305125553a764c29bba4eed248d5b137""},""join_samples"":{""date"":""2026-09-04"",""run_id"":""ce48177ab95f4e858b9f677fa84ec5ff""},""upload_data"":{""date"":""2026-09-04"",""run_id"":""b943f5cc87fa42099b3ec1b731772dc7""}}"
441,41,"52.1103236 , 20.9787207","52.4189583 , 20.9796787",rural-rural,urban,2839,"{""sample_routes"":{""date"":""2026-09-03"",""run_id"":""305125553a764c29bba4eed248d5b137""},""join_samples"":{""date"":""2026-09-04"",""run_id"":""ce48177ab95f4e858b9f677fa84ec5ff""},""upload_data"":{""date"":""2026-09-04"",""run_id"":""b943f5cc87fa42099b3ec1b731772dc7""}}"
442,42,"52.399967000000004 , 20.927784300000003","52.1687796 , 20.927777000000003",urban-urban,urban,2839,"{""sample_routes"":{""date"":""2026-09-03"",""run_id"":""305125553a764c29bba4eed248d5b137""},""join_samples"":{""date"":""2026-09-04"",""run_id"":""ce48177ab95f4e858b9f677fa84ec5ff""},""upload_data"":{""date"":""2026-09-04"",""run_id"":""b943f5cc87fa42099b3ec1b731772dc7""}}"
443,43,"50.396088600000006 , 19.0071","50.1871756 , 18.7989228",rural-rural,urban,2560,"{""sample_routes"":{""date"":""2026-09-03"",""run_id"":""305125553a764c29bba4eed248d5b137""},""join_samples"":{""date"":""2026-09-04"",""run_id"":""ce48177ab95f4e858b9f677fa84ec5ff""},""upload_data"":{""date"":""2026-09-04"",""run_id"":""b943f5cc87fa42099b3ec1b731772dc7""}}"
444,44,"50.4363954 , 18.9085311","50.194014900000006 , 19.150676400000002",rural-rural,urban,2843,"{""sample_routes"":{""date"":""2026-09-03"",""run_id"":""305125553a764c29bba4eed248d5b137""},""join_samples"":{""date"":""2026-09-04"",""run_id"":""ce48177ab95f4e858b9f677fa84ec5ff""},""upload_data"":{""date"":""2026-09-04"",""run_id"":""b943f5cc87fa42099b3ec1b731772dc7""}}"
445,45,"52.2350088 , 16.8111585","52.4775774 , 17.0531264",rural-rural,urban,2843,"{""sample_routes"":{""date"":""2026-09-03"",""run_id"":""305125553a764c29bba4eed248d5b137""},""join_samples"":{""date"":""2026-09-04"",""run_id"":""ce48177ab95f4e858b9f677fa84ec5ff""},""upload_data"":{""date"":""2026-09-04"",""run_id"":""b943f5cc87fa42099b3ec1b731772dc7""}}"
446,46,"52.4526327 , 16.865126800000002","52.191219800000006 , 16.8647682",urban-rural,urban,2844,"{""sample_routes"":{""date"":""2026-09-03"",""run_id"":""305125553a764c29bba4eed248d5b137""},""join_samples"":{""date"":""2026-09-04"",""run_id"":""ce48177ab95f4e858b9f677fa84ec5ff""},""upload_data"":{""date"":""2026-09-04"",""run_id"":""b943f5cc87fa42099b3ec1b731772dc7""}}"
447,47,"52.298699400000004 , 21.0401005","52.0541593 , 21.0395784",urban-urban,urban,2552,"{""sample_routes"":{""date"":""2026-09-03"",""run_id"":""305125553a764c29bba4eed248d5b137""},""join_samples"":{""date"":""2026-09-04"",""run_id"":""ce48177ab95f4e858b9f677fa84ec5ff""},""upload_data"":{""date"":""2026-09-04"",""run_id"":""b943f5cc87fa42099b3ec1b731772dc7""}}"
448,48,"52.4050707 , 20.9057514","52.1623177 , 21.1477201",urban-rural,urban,2853,"{""sample_routes"":{""date"":""2026-09-03"",""run_id"":""305125553a764c29bba4eed248d5b137""},""join_samples"":{""date"":""2026-09-04"",""run_id"":""ce48177ab95f4e858b9f677fa84ec5ff""},""upload_data"":{""date"":""2026-09-04"",""run_id"":""b943f5cc87fa42099b3ec1b731772dc7""}}"
449,49,"52.175570500000006 , 21.075875800000002","52.4242111 , 20.8281145",urban-rural,urban,2857,"{""sample_routes"":{""date"":""2026-09-03"",""run_id"":""305125553a764c29bba4eed248d5b137""},""join_samples"":{""date"":""2026-09-04"",""run_id"":""ce48177ab95f4e858b9f677fa84ec5ff""},""upload_data"":{""date"":""2026-09-04"",""run_id"":""b943f5cc87fa42099b3ec1b731772dc7""}}"
450,50,"50.252009 , 19.033518","50.4810953 , 18.8039671",urban-rural,urban,2857,"{""sample_routes"":{""date"":""2026-09-03"",""run_id"":""305125553a764c29bba4eed248d5b137""},""join_samples"":{""date"":""2026-09-04"",""run_id"":""ce48177ab95f4e858b9f677fa84ec5ff""},""upload_data"":{""date"":""2026-09-04"",""run_id"":""b943f5cc87fa42099b3ec1b731772dc7""}}"
451,51,"50.181735 , 18.965945700000002","50.4549752 , 18.9659675",urban-rural,urban,2858,"{""sample_routes"":{""date"":""2026-09-03"",""run_id"":""305125553a764c29bba4eed248d5b137""},""join_samples"":{""date"":""2026-09-04"",""run_id"":""ce48177ab95f4e858b9f677fa84ec5ff""},""upload_data"":{""date"":""2026-09-04"",""run_id"":""b943f5cc87fa42099b3ec1b731772dc7""}}"
452,52,"52.361610000000006 , 21.279053","52.0866066 , 21.0037674",urban-urban,urban,2859,"{""sample_routes"":{""date"":""2026-09-03"",""run_id"":""305125553a764c29bba4eed248d5b137""},""join_samples"":{""date"":""2026-09-04"",""run_id"":""ce48177ab95f4e858b9f677fa84ec5ff""},""upload_data"":{""date"":""2026-09-04"",""run_id"":""b943f5cc87fa42099b3ec1b731772dc7""}}"
453,53,"52.359216 , 20.900046200000002","52.0890605 , 21.170085800000003",rural-rural,urban,2860,"{""sample_routes"":{""date"":""2026-09-03"",""run_id"":""305125553a764c29bba4eed248d5b137""},""join_samples"":{""date"":""2026-09-04"",""run_id"":""ce48177ab95f4e858b9f677fa84ec5ff""},""upload_data"":{""date"":""2026-09-04"",""run_id"":""b943f5cc87fa42099b3ec1b731772dc7""}}"
454,54,"52.363382 , 20.9345952","52.1655468 , 20.737168200000003",urban-rural,urban,2539,"{""sample_routes"":{""date"":""2026-09-03"",""run_id"":""305125553a764c29bba4eed248d5b137""},""join_samples"":{""date"":""2026-09-04"",""run_id"":""ce48177ab95f4e858b9f677fa84ec5ff""},""upload_data"":{""date"":""2026-09-04"",""run_id"":""b943f5cc87fa42099b3ec1b731772dc7""}}"
455,55,"52.3246559 , 21.0592103","52.096854300000004 , 21.2875039",urban-urban,urban,2535,"{""sample_routes"":{""date"":""2026-09-03"",""run_id"":""305125553a764c29bba4eed248d5b137""},""join_samples"":{""date"":""2026-09-04"",""run_id"":""ce48177ab95f4e858b9f677fa84ec5ff""},""upload_data"":{""date"":""2026-09-04"",""run_id"":""b943f5cc87fa42099b3ec1b731772dc7""}}"
456,56,"50.208162300000005 , 18.8220351","50.397173300000006 , 19.0107487",rural-rural,urban,2529,"{""sample_routes"":{""date"":""2026-09-03"",""run_id"":""305125553a764c29bba4eed248d5b137""},""join_samples"":{""date"":""2026-09-04"",""run_id"":""ce48177ab95f4e858b9f677fa84ec5ff""},""upload_data"":{""date"":""2026-09-04"",""run_id"":""b943f5cc87fa42099b3ec1b731772dc7""}}"
457,57,"52.126770400000005 , 20.9031001","52.4222228 , 20.903241100000002",rural-urban,urban,2871,"{""sample_routes"":{""date"":""2026-09-03"",""run_id"":""305125553a764c29bba4eed248d5b137""},""join_samples"":{""date"":""2026-09-04"",""run_id"":""ce48177ab95f4e858b9f677fa84ec5ff""},""upload_data"":{""date"":""2026-09-04"",""run_id"":""b943f5cc87fa42099b3ec1b731772dc7""}}"
458,58,"52.4060269 , 16.9963467","52.211240000000004 , 16.8019517",urban-rural,urban,2526,"{""sample_routes"":{""date"":""2026-09-03"",""run_id"":""305125553a764c29bba4eed248d5b137""},""join_samples"":{""date"":""2026-09-04"",""run_id"":""ce48177ab95f4e858b9f677fa84ec5ff""},""upload_data"":{""date"":""2026-09-04"",""run_id"":""b943f5cc87fa42099b3ec1b731772dc7""}}"
459,59,"52.093265300000006 , 21.0590306","52.389037300000005 , 20.7642513",urban-rural,urban,2874,"{""sample_routes"":{""date"":""2026-09-03"",""run_id"":""305125553a764c29bba4eed248d5b137""},""join_samples"":{""date"":""2026-09-04"",""run_id"":""ce48177ab95f4e858b9f677fa84ec5ff""},""upload_data"":{""date"":""2026-09-04"",""run_id"":""b943f5cc87fa42099b3ec1b731772dc7""}}"
460,60,"52.244387200000006 , 21.084725300000002","52.4566822 , 20.873444600000003",urban-rural,urban,2525,"{""sample_routes"":{""date"":""2026-09-03"",""run_id"":""305125553a764c29bba4eed248d5b137""},""join_samples"":{""date"":""2026-09-04"",""run_id"":""ce48177ab95f4e858b9f677fa84ec5ff""},""upload_data"":{""date"":""2026-09-04"",""run_id"":""b943f5cc87fa42099b3ec1b731772dc7""}}"
461,61,"50.2924847 , 19.021329","50.2916972 , 18.561157700000003",urban-rural,urban,2525,"{""sample_routes"":{""date"":""2026-09-03"",""run_id"":""305125553a764c29bba4eed248d5b137""},""join_samples"":{""date"":""2026-09-04"",""run_id"":""ce48177ab95f4e858b9f677fa84ec5ff""},""upload_data"":{""date"":""2026-09-04"",""run_id"":""b943f5cc87fa42099b3ec1b731772dc7""}}"
462,62,"52.314349 , 21.0667487","52.0966223 , 21.2847189",urban-urban,urban,2524,"{""sample_routes"":{""date"":""2026-09-03"",""run_id"":""305125553a764c29bba4eed248d5b137""},""join_samples"":{""date"":""2026-09-04"",""run_id"":""ce48177ab95f4e858b9f677fa84ec5ff""},""upload_data"":{""date"":""2026-09-04"",""run_id"":""b943f5cc87fa42099b3ec1b731772dc7""}}"
463,63,"52.155290300000004 , 21.0810803","52.3931644 , 20.844070300000002",urban-rural,urban,2521,"{""sample_routes"":{""date"":""2026-09-03"",""run_id"":""305125553a764c29bba4eed248d5b137""},""join_samples"":{""date"":""2026-09-04"",""run_id"":""ce48177ab95f4e858b9f677fa84ec5ff""},""upload_data"":{""date"":""2026-09-04"",""run_id"":""b943f5cc87fa42099b3ec1b731772dc7""}}"
464,64,"50.2505144 , 18.9983405","50.440994200000006 , 18.807345",urban-urban,urban,2880,"{""sample_routes"":{""date"":""2026-09-03"",""run_id"":""305125553a764c29bba4eed248d5b137""},""join_samples"":{""date"":""2026-09-04"",""run_id"":""ce48177ab95f4e858b9f677fa84ec5ff""},""upload_data"":{""date"":""2026-09-04"",""run_id"":""b943f5cc87fa42099b3ec1b731772dc7""}}"
465,65,"50.366643800000006 , 19.026534700000003","50.153570800000004 , 18.8139723",rural-rural,urban,2519,"{""sample_routes"":{""date"":""2026-09-03"",""run_id"":""305125553a764c29bba4eed248d5b137""},""join_samples"":{""date"":""2026-09-04"",""run_id"":""ce48177ab95f4e858b9f677fa84ec5ff""},""upload_data"":{""date"":""2026-09-04"",""run_id"":""b943f5cc87fa42099b3ec1b731772dc7""}}"
466,66,"52.352622800000006 , 21.2394703","52.11704 , 21.00296",urban-urban,urban,2513,"{""sample_routes"":{""date"":""2026-09-03"",""run_id"":""305125553a764c29bba4eed248d5b137""},""join_samples"":{""date"":""2026-09-04"",""run_id"":""ce48177ab95f4e858b9f677fa84ec5ff""},""upload_data"":{""date"":""2026-09-04"",""run_id"":""b943f5cc87fa42099b3ec1b731772dc7""}}"
467,67,"52.3027968 , 21.099691800000002","52.0092161 , 21.1006836",urban-rural,urban,2888,"{""sample_routes"":{""date"":""2026-09-03"",""run_id"":""305125553a764c29bba4eed248d5b137""},""join_samples"":{""date"":""2026-09-04"",""run_id"":""ce48177ab95f4e858b9f677fa84ec5ff""},""upload_data"":{""date"":""2026-09-04"",""run_id"":""b943f5cc87fa42099b3ec1b731772dc7""}}"
468,68,"50.363325200000006 , 19.2661184","50.217663800000004 , 19.1202508",rural-rural,urban,2510,"{""sample_routes"":{""date"":""2026-09-03"",""run_id"":""305125553a764c29bba4eed248d5b137""},""join_samples"":{""date"":""2026-09-04"",""run_id"":""ce48177ab95f4e858b9f677fa84ec5ff""},""upload_data"":{""date"":""2026-09-04"",""run_id"":""b943f5cc87fa42099b3ec1b731772dc7""}}"
469,69,"50.3666879 , 19.026021","50.1562836 , 18.8145797",rural-rural,urban,2509,"{""sample_routes"":{""date"":""2026-09-03"",""run_id"":""305125553a764c29bba4eed248d5b137""},""join_samples"":{""date"":""2026-09-04"",""run_id"":""ce48177ab95f4e858b9f677fa84ec5ff""},""upload_data"":{""date"":""2026-09-04"",""run_id"":""b943f5cc87fa42099b3ec1b731772dc7""}}"
470,70,"52.417143 , 20.923264500000002","52.16020090000001 , 21.1796143",urban-rural,urban,2903,"{""sample_routes"":{""date"":""2026-09-03"",""run_id"":""305125553a764c29bba4eed248d5b137""},""join_samples"":{""date"":""2026-09-04"",""run_id"":""ce48177ab95f4e858b9f677fa84ec5ff""},""upload_data"":{""date"":""2026-09-04"",""run_id"":""b943f5cc87fa42099b3ec1b731772dc7""}}"
471,71,"52.1904794 , 20.913977600000003","52.412758800000006 , 20.913379000000003",urban-urban,urban,2497,"{""sample_routes"":{""date"":""2026-09-03"",""run_id"":""305125553a764c29bba4eed248d5b137""},""join_samples"":{""date"":""2026-09-04"",""run_id"":""ce48177ab95f4e858b9f677fa84ec5ff""},""upload_data"":{""date"":""2026-09-04"",""run_id"":""b943f5cc87fa42099b3ec1b731772dc7""}}"
472,72,"52.1039188 , 21.092329300000003","52.352732100000004 , 20.842816000000003",rural-rural,urban,2496,"{""sample_routes"":{""date"":""2026-09-03"",""run_id"":""305125553a764c29bba4eed248d5b137""},""join_samples"":{""date"":""2026-09-04"",""run_id"":""ce48177ab95f4e858b9f677fa84ec5ff""},""upload_data"":{""date"":""2026-09-04"",""run_id"":""b943f5cc87fa42099b3ec1b731772dc7""}}"
473,73,"52.3742892 , 20.880641100000002","52.151138100000004 , 21.102954500000003",rural-rural,urban,2496,"{""sample_routes"":{""date"":""2026-09-03"",""run_id"":""305125553a764c29bba4eed248d5b137""},""join_samples"":{""date"":""2026-09-04"",""run_id"":""ce48177ab95f4e858b9f677fa84ec5ff""},""upload_data"":{""date"":""2026-09-04"",""run_id"":""b943f5cc87fa42099b3ec1b731772dc7""}}"
474,74,"52.158473300000004 , 20.781121300000002","52.3602605 , 20.9831109",urban-rural,urban,2486,"{""sample_routes"":{""date"":""2026-09-03"",""run_id"":""305125553a764c29bba4eed248d5b137""},""join_samples"":{""date"":""2026-09-04"",""run_id"":""ce48177ab95f4e858b9f677fa84ec5ff""},""upload_data"":{""date"":""2026-09-04"",""run_id"":""b943f5cc87fa42099b3ec1b731772dc7""}}"
475,75,"50.223740600000006 , 19.229992300000003","50.2244631 , 18.641201000000002",urban-urban,urban,2919,"{""sample_routes"":{""date"":""2026-09-03"",""run_id"":""305125553a764c29bba4eed248d5b137""},""join_samples"":{""date"":""2026-09-04"",""run_id"":""ce48177ab95f4e858b9f677fa84ec5ff""},""upload_data"":{""date"":""2026-09-04"",""run_id"":""b943f5cc87fa42099b3ec1b731772dc7""}}"
476,76,"52.0708751 , 21.022626000000002","52.346133 , 21.0235398",urban-rural,urban,2478,"{""sample_routes"":{""date"":""2026-09-03"",""run_id"":""305125553a764c29bba4eed248d5b137""},""join_samples"":{""date"":""2026-09-04"",""run_id"":""ce48177ab95f4e858b9f677fa84ec5ff""},""upload_data"":{""date"":""2026-09-04"",""run_id"":""b943f5cc87fa42099b3ec1b731772dc7""}}"
477,77,"52.11467390000001 , 21.010027700000002","52.3674388 , 21.010685000000002",urban-rural,urban,2478,"{""sample_routes"":{""date"":""2026-09-03"",""run_id"":""305125553a764c29bba4eed248d5b137""},""join_samples"":{""date"":""2026-09-04"",""run_id"":""ce48177ab95f4e858b9f677fa84ec5ff""},""upload_data"":{""date"":""2026-09-04"",""run_id"":""b943f5cc87fa42099b3ec1b731772dc7""}}"
478,78,"52.395730500000006 , 20.9224383","52.1631925 , 21.154772100000002",urban-rural,urban,2926,"{""sample_routes"":{""date"":""2026-09-03"",""run_id"":""305125553a764c29bba4eed248d5b137""},""join_samples"":{""date"":""2026-09-04"",""run_id"":""ce48177ab95f4e858b9f677fa84ec5ff""},""upload_data"":{""date"":""2026-09-04"",""run_id"":""b943f5cc87fa42099b3ec1b731772dc7""}}"
479,79,"52.0751781 , 21.003760500000002","52.3450354 , 21.0027444",urban-rural,urban,2473,"{""sample_routes"":{""date"":""2026-09-03"",""run_id"":""305125553a764c29bba4eed248d5b137""},""join_samples"":{""date"":""2026-09-04"",""run_id"":""ce48177ab95f4e858b9f677fa84ec5ff""},""upload_data"":{""date"":""2026-09-04"",""run_id"":""b943f5cc87fa42099b3ec1b731772dc7""}}"
480,80,"52.171061300000005 , 21.0733259","52.4256831 , 20.8181367",urban-rural,urban,2932,"{""sample_routes"":{""date"":""2026-09-03"",""run_id"":""305125553a764c29bba4eed248d5b137""},""join_samples"":{""date"":""2026-09-04"",""run_id"":""ce48177ab95f4e858b9f677fa84ec5ff""},""upload_data"":{""date"":""2026-09-04"",""run_id"":""b943f5cc87fa42099b3ec1b731772dc7""}}"
481,81,"52.4611883 , 16.865281200000002","52.2430783 , 16.866319",urban-urban,urban,2468,"{""sample_routes"":{""date"":""2026-09-03"",""run_id"":""305125553a764c29bba4eed248d5b137""},""join_samples"":{""date"":""2026-09-04"",""run_id"":""ce48177ab95f4e858b9f677fa84ec5ff""},""upload_data"":{""date"":""2026-09-04"",""run_id"":""b943f5cc87fa42099b3ec1b731772dc7""}}"
482,82,"52.088804700000004 , 20.9694769","52.42787190000001 , 20.9685725",rural-rural,urban,2943,"{""sample_routes"":{""date"":""2026-09-03"",""run_id"":""305125553a764c29bba4eed248d5b137""},""join_samples"":{""date"":""2026-09-04"",""run_id"":""ce48177ab95f4e858b9f677fa84ec5ff""},""upload_data"":{""date"":""2026-09-04"",""run_id"":""b943f5cc87fa42099b3ec1b731772dc7""}}"
483,83,"52.335141300000004 , 20.9757742","52.056710900000006 , 20.9765082",urban-urban,urban,2456,"{""sample_routes"":{""date"":""2026-09-03"",""run_id"":""305125553a764c29bba4eed248d5b137""},""join_samples"":{""date"":""2026-09-04"",""run_id"":""ce48177ab95f4e858b9f677fa84ec5ff""},""upload_data"":{""date"":""2026-09-04"",""run_id"":""b943f5cc87fa42099b3ec1b731772dc7""}}"
484,84,"52.1310754 , 21.0859068","52.40961 , 20.807081200000002",urban-rural,urban,2944,"{""sample_routes"":{""date"":""2026-09-03"",""run_id"":""305125553a764c29bba4eed248d5b137""},""join_samples"":{""date"":""2026-09-04"",""run_id"":""ce48177ab95f4e858b9f677fa84ec5ff""},""upload_data"":{""date"":""2026-09-04"",""run_id"":""b943f5cc87fa42099b3ec1b731772dc7""}}"
485,85,"52.2135138 , 21.184783000000003","52.0384529 , 21.0098464",urban-urban,urban,2450,"{""sample_routes"":{""date"":""2026-09-03"",""run_id"":""305125553a764c29bba4eed248d5b137""},""join_samples"":{""date"":""2026-09-04"",""run_id"":""ce48177ab95f4e858b9f677fa84ec5ff""},""upload_data"":{""date"":""2026-09-04"",""run_id"":""b943f5cc87fa42099b3ec1b731772dc7""}}"
486,86,"52.3563899 , 20.9405606","52.1141462 , 20.940518400000002",urban-rural,urban,2445,"{""sample_routes"":{""date"":""2026-09-03"",""run_id"":""305125553a764c29bba4eed248d5b137""},""join_samples"":{""date"":""2026-09-04"",""run_id"":""ce48177ab95f4e858b9f677fa84ec5ff""},""upload_data"":{""date"":""2026-09-04"",""run_id"":""b943f5cc87fa42099b3ec1b731772dc7""}}"
487,87,"52.193944 , 20.8842022","52.4629715 , 20.8831759",urban-rural,urban,2956,"{""sample_routes"":{""date"":""2026-09-03"",""run_id"":""305125553a764c29bba4eed248d5b137""},""join_samples"":{""date"":""2026-09-04"",""run_id"":""ce48177ab95f4e858b9f677fa84ec5ff""},""upload_data"":{""date"":""2026-09-04"",""run_id"":""b943f5cc87fa42099b3ec1b731772dc7""}}"
488,88,"52.196215 , 20.937689900000002","52.4333947 , 20.938612900000003",urban-rural,urban,2444,"{""sample_routes"":{""date"":""2026-09-03"",""run_id"":""305125553a764c29bba4eed248d5b137""},""join_samples"":{""date"":""2026-09-04"",""run_id"":""ce48177ab95f4e858b9f677fa84ec5ff""},""upload_data"":{""date"":""2026-09-04"",""run_id"":""b943f5cc87fa42099b3ec1b731772dc7""}}"
489,89,"50.244770300000006 , 19.031962800000002","50.2437636 , 18.6154106",urban-rural,urban,2443,"{""sample_routes"":{""date"":""2026-09-03"",""run_id"":""305125553a764c29bba4eed248d5b137""},""join_samples"":{""date"":""2026-09-04"",""run_id"":""ce48177ab95f4e858b9f677fa84ec5ff""},""upload_data"":{""date"":""2026-09-04"",""run_id"":""b943f5cc87fa42099b3ec1b731772dc7""}}"
490,90,"52.159634700000005 , 21.091460700000003","52.385756400000005 , 20.864424900000003",urban-rural,urban,2440,"{""sample_routes"":{""date"":""2026-09-03"",""run_id"":""305125553a764c29bba4eed248d5b137""},""join_samples"":{""date"":""2026-09-04"",""run_id"":""ce48177ab95f4e858b9f677fa84ec5ff""},""upload_data"":{""date"":""2026-09-04"",""run_id"":""b943f5cc87fa42099b3ec1b731772dc7""}}"
491,91,"52.0932675 , 21.1227394","52.3587331 , 21.123014700000002",urban-urban,urban,2440,"{""sample_routes"":{""date"":""2026-09-03"",""run_id"":""305125553a764c29bba4eed248d5b137""},""join_samples"":{""date"":""2026-09-04"",""run_id"":""ce48177ab95f4e858b9f677fa84ec5ff""},""upload_data"":{""date"":""2026-09-04"",""run_id"":""b943f5cc87fa42099b3ec1b731772dc7""}}"
492,92,"52.1694517 , 21.075852700000002","52.4256285 , 20.8190999",urban-rural,urban,2968,"{""sample_routes"":{""date"":""2026-09-03"",""run_id"":""305125553a764c29bba4eed248d5b137""},""join_samples"":{""date"":""2026-09-04"",""run_id"":""ce48177ab95f4e858b9f677fa84ec5ff""},""upload_data"":{""date"":""2026-09-04"",""run_id"":""b943f5cc87fa42099b3ec1b731772dc7""}}"
493,93,"52.129101500000004 , 20.972471900000002","52.416748600000005 , 20.9717388",rural-urban,urban,2969,"{""sample_routes"":{""date"":""2026-09-03"",""run_id"":""305125553a764c29bba4eed248d5b137""},""join_samples"":{""date"":""2026-09-04"",""run_id"":""ce48177ab95f4e858b9f677fa84ec5ff""},""upload_data"":{""date"":""2026-09-04"",""run_id"":""b943f5cc87fa42099b3ec1b731772dc7""}}"
494,94,"50.2573176 , 19.093809200000003","50.2577061 , 18.4905943",urban-rural,urban,2973,"{""sample_routes"":{""date"":""2026-09-03"",""run_id"":""305125553a764c29bba4eed248d5b137""},""join_samples"":{""date"":""2026-09-04"",""run_id"":""ce48177ab95f4e858b9f677fa84ec5ff""},""upload_data"":{""date"":""2026-09-04"",""run_id"":""b943f5cc87fa42099b3ec1b731772dc7""}}"
495,95,"50.1773078 , 19.1097244","50.4086434 , 18.8775453",rural-urban,urban,2974,"{""sample_routes"":{""date"":""2026-09-03"",""run_id"":""305125553a764c29bba4eed248d5b137""},""join_samples"":{""date"":""2026-09-04"",""run_id"":""ce48177ab95f4e858b9f677fa84ec5ff""},""upload_data"":{""date"":""2026-09-04"",""run_id"":""b943f5cc87fa42099b3ec1b731772dc7""}}"
496,96,"50.4412874 , 18.8360419","50.217711800000004 , 19.0602722",urban-urban,urban,2974,"{""sample_routes"":{""date"":""2026-09-03"",""run_id"":""305125553a764c29bba4eed248d5b137""},""join_samples"":{""date"":""2026-09-04"",""run_id"":""ce48177ab95f4e858b9f677fa84ec5ff""},""upload_data"":{""date"":""2026-09-04"",""run_id"":""b943f5cc87fa42099b3ec1b731772dc7""}}"
497,97,"52.321127100000005 , 21.221736500000002","52.102046800000004 , 21.0020838",urban-urban,urban,2424,"{""sample_routes"":{""date"":""2026-09-03"",""run_id"":""305125553a764c29bba4eed248d5b137""},""join_samples"":{""date"":""2026-09-04"",""run_id"":""ce48177ab95f4e858b9f677fa84ec5ff""},""upload_data"":{""date"":""2026-09-04"",""run_id"":""b943f5cc87fa42099b3ec1b731772dc7""}}"
498,98,"52.396852900000006 , 21.034992600000002","52.099756600000006 , 21.0354487",rural-urban,urban,2976,"{""sample_routes"":{""date"":""2026-09-03"",""run_id"":""305125553a764c29bba4eed248d5b137""},""join_samples"":{""date"":""2026-09-04"",""run_id"":""ce48177ab95f4e858b9f677fa84ec5ff""},""upload_data"":{""date"":""2026-09-04"",""run_id"":""b943f5cc87fa42099b3ec1b731772dc7""}}"
499,99,"52.395922000000006 , 20.8999688","52.130836200000005 , 21.164447000000003",urban-rural,urban,2979,"{""sample_routes"":{""date"":""2026-09-03"",""run_id"":""305125553a764c29bba4eed248d5b137""},""join_samples"":{""date"":""2026-09-04"",""run_id"":""ce48177ab95f4e858b9f677fa84ec5ff""},""upload_data"":{""date"":""2026-09-04"",""run_id"":""b943f5cc87fa42099b3ec1b731772dc7""}}"
500,100,"50.256108100000006 , 19.0890494","50.457742800000005 , 18.887446500000003",urban-urban,urban,2421,"{""sample_routes"":{""date"":""2026-09-03"",""run_id"":""305125553a764c29bba4eed248d5b137""},""join_samples"":{""date"":""2026-09-04"",""run_id"":""ce48177ab95f4e858b9f677fa84ec5ff""},""upload_data"":{""date"":""2026-09-04"",""run_id"":""b943f5cc87fa42099b3ec1b731772dc7""}}"
501,101,"50.454643000000004 , 18.858664700000002","50.2360333 , 18.8580611",urban-urban,urban,2419,"{""sample_routes"":{""date"":""2026-09-03"",""run_id"":""305125553a764c29bba4eed248d5b137""},""join_samples"":{""date"":""2026-09-04"",""run_id"":""ce48177ab95f4e858b9f677fa84ec5ff""},""upload_data"":{""date"":""2026-09-04"",""run_id"":""b943f5cc87fa42099b3ec1b731772dc7""}}"
502,102,"50.343397700000004 , 19.2362495","50.343671900000004 , 18.725613900000003",urban-rural,urban,2981,"{""sample_routes"":{""date"":""2026-09-03"",""run_id"":""305125553a764c29bba4eed248d5b137""},""join_samples"":{""date"":""2026-09-04"",""run_id"":""ce48177ab95f4e858b9f677fa84ec5ff""},""upload_data"":{""date"":""2026-09-04"",""run_id"":""b943f5cc87fa42099b3ec1b731772dc7""}}"
503,103,"52.1698639 , 21.0748485","52.4256831 , 20.8181367",urban-rural,urban,2986,"{""sample_routes"":{""date"":""2026-09-03"",""run_id"":""305125553a764c29bba4eed248d5b137""},""join_samples"":{""date"":""2026-09-04"",""run_id"":""ce48177ab95f4e858b9f677fa84ec5ff""},""upload_data"":{""date"":""2026-09-04"",""run_id"":""b943f5cc87fa42099b3ec1b731772dc7""}}"
504,104,"52.4232079 , 20.8772448","52.2115725 , 21.0882513",urban-urban,urban,2408,"{""sample_routes"":{""date"":""2026-09-03"",""run_id"":""305125553a764c29bba4eed248d5b137""},""join_samples"":{""date"":""2026-09-04"",""run_id"":""ce48177ab95f4e858b9f677fa84ec5ff""},""upload_data"":{""date"":""2026-09-04"",""run_id"":""b943f5cc87fa42099b3ec1b731772dc7""}}"
505,105,"50.2999924 , 19.086027100000003","50.300393500000006 , 18.5554788",urban-rural,urban,2993,"{""sample_routes"":{""date"":""2026-09-03"",""run_id"":""305125553a764c29bba4eed248d5b137""},""join_samples"":{""date"":""2026-09-04"",""run_id"":""ce48177ab95f4e858b9f677fa84ec5ff""},""upload_data"":{""date"":""2026-09-04"",""run_id"":""b943f5cc87fa42099b3ec1b731772dc7""}}"
506,106,"52.359528700000006 , 21.2156628","52.1248038 , 21.216302300000002",urban-urban,urban,2404,"{""sample_routes"":{""date"":""2026-09-03"",""run_id"":""305125553a764c29bba4eed248d5b137""},""join_samples"":{""date"":""2026-09-04"",""run_id"":""ce48177ab95f4e858b9f677fa84ec5ff""},""upload_data"":{""date"":""2026-09-04"",""run_id"":""b943f5cc87fa42099b3ec1b731772dc7""}}"
507,107,"52.3553433 , 20.941572100000002","52.1737241 , 20.759784800000002",urban-urban,urban,2401,"{""sample_routes"":{""date"":""2026-09-03"",""run_id"":""305125553a764c29bba4eed248d5b137""},""join_samples"":{""date"":""2026-09-04"",""run_id"":""ce48177ab95f4e858b9f677fa84ec5ff""},""upload_data"":{""date"":""2026-09-04"",""run_id"":""b943f5cc87fa42099b3ec1b731772dc7""}}"
508,108,"52.1214723 , 21.0078472","52.3557537 , 21.2414659",urban-urban,urban,2401,"{""sample_routes"":{""date"":""2026-09-03"",""run_id"":""305125553a764c29bba4eed248d5b137""},""join_samples"":{""date"":""2026-09-04"",""run_id"":""ce48177ab95f4e858b9f677fa84ec5ff""},""upload_data"":{""date"":""2026-09-04"",""run_id"":""b943f5cc87fa42099b3ec1b731772dc7""}}"
509,109,"52.406777100000006 , 20.796859700000002","52.129473600000004 , 21.0751773",rural-urban,urban,3000,"{""sample_routes"":{""date"":""2026-09-03"",""run_id"":""305125553a764c29bba4eed248d5b137""},""join_samples"":{""date"":""2026-09-04"",""run_id"":""ce48177ab95f4e858b9f677fa84ec5ff""},""upload_data"":{""date"":""2026-09-04"",""run_id"":""b943f5cc87fa42099b3ec1b731772dc7""}}"
510,110,"52.4202658 , 16.983312700000003","52.219703200000005 , 16.7835609",urban-rural,urban,2398,"{""sample_routes"":{""date"":""2026-09-03"",""run_id"":""305125553a764c29bba4eed248d5b137""},""join_samples"":{""date"":""2026-09-04"",""run_id"":""ce48177ab95f4e858b9f677fa84ec5ff""},""upload_data"":{""date"":""2026-09-04"",""run_id"":""b943f5cc87fa42099b3ec1b731772dc7""}}"
511,111,"52.232586100000006 , 21.3161616","52.2316627 , 20.9068703",urban-urban,urban,2398,"{""sample_routes"":{""date"":""2026-09-03"",""run_id"":""305125553a764c29bba4eed248d5b137""},""join_samples"":{""date"":""2026-09-04"",""run_id"":""ce48177ab95f4e858b9f677fa84ec5ff""},""upload_data"":{""date"":""2026-09-04"",""run_id"":""b943f5cc87fa42099b3ec1b731772dc7""}}"
512,112,"52.336794100000006 , 20.9488467","52.1335367 , 21.1524199",urban-rural,urban,2396,"{""sample_routes"":{""date"":""2026-09-03"",""run_id"":""305125553a764c29bba4eed248d5b137""},""join_samples"":{""date"":""2026-09-04"",""run_id"":""ce48177ab95f4e858b9f677fa84ec5ff""},""upload_data"":{""date"":""2026-09-04"",""run_id"":""b943f5cc87fa42099b3ec1b731772dc7""}}"
513,113,"52.167209500000006 , 20.8761553","52.4546701 , 20.8751301",rural-rural,urban,3007,"{""sample_routes"":{""date"":""2026-09-03"",""run_id"":""305125553a764c29bba4eed248d5b137""},""join_samples"":{""date"":""2026-09-04"",""run_id"":""ce48177ab95f4e858b9f677fa84ec5ff""},""upload_data"":{""date"":""2026-09-04"",""run_id"":""b943f5cc87fa42099b3ec1b731772dc7""}}"
514,114,"52.0601453 , 21.0707366","52.377860600000005 , 21.0705491",rural-rural,urban,3007,"{""sample_routes"":{""date"":""2026-09-03"",""run_id"":""305125553a764c29bba4eed248d5b137""},""join_samples"":{""date"":""2026-09-04"",""run_id"":""ce48177ab95f4e858b9f677fa84ec5ff""},""upload_data"":{""date"":""2026-09-04"",""run_id"":""b943f5cc87fa42099b3ec1b731772dc7""}}"
515,115,"52.1991389 , 20.9167589","52.41652010000001 , 20.9158171",urban-urban,urban,2387,"{""sample_routes"":{""date"":""2026-09-03"",""run_id"":""305125553a764c29bba4eed248d5b137""},""join_samples"":{""date"":""2026-09-04"",""run_id"":""ce48177ab95f4e858b9f677fa84ec5ff""},""upload_data"":{""date"":""2026-09-04"",""run_id"":""b943f5cc87fa42099b3ec1b731772dc7""}}"
516,116,"52.484396600000004 , 16.8861353","52.256175600000006 , 16.8862197",rural-rural,urban,2385,"{""sample_routes"":{""date"":""2026-09-03"",""run_id"":""305125553a764c29bba4eed248d5b137""},""join_samples"":{""date"":""2026-09-04"",""run_id"":""ce48177ab95f4e858b9f677fa84ec5ff""},""upload_data"":{""date"":""2026-09-04"",""run_id"":""b943f5cc87fa42099b3ec1b731772dc7""}}"
517,117,"50.332603500000005 , 19.187002800000002","50.331704300000006 , 18.6246808",urban-urban,urban,3016,"{""sample_routes"":{""date"":""2026-09-03"",""run_id"":""305125553a764c29bba4eed248d5b137""},""join_samples"":{""date"":""2026-09-04"",""run_id"":""ce48177ab95f4e858b9f677fa84ec5ff""},""upload_data"":{""date"":""2026-09-04"",""run_id"":""b943f5cc87fa42099b3ec1b731772dc7""}}"
518,118,"50.282421400000004 , 19.222934300000002","50.2832524 , 18.655030800000002",rural-urban,urban,3017,"{""sample_routes"":{""date"":""2026-09-03"",""run_id"":""305125553a764c29bba4eed248d5b137""},""join_samples"":{""date"":""2026-09-04"",""run_id"":""ce48177ab95f4e858b9f677fa84ec5ff""},""upload_data"":{""date"":""2026-09-04"",""run_id"":""b943f5cc87fa42099b3ec1b731772dc7""}}"
519,119,"52.3249676 , 21.2191467","52.094553100000006 , 20.9879551",urban-urban,urban,2374,"{""sample_routes"":{""date"":""2026-09-03"",""run_id"":""305125553a764c29bba4eed248d5b137""},""join_samples"":{""date"":""2026-09-04"",""run_id"":""ce48177ab95f4e858b9f677fa84ec5ff""},""upload_data"":{""date"":""2026-09-04"",""run_id"":""b943f5cc87fa42099b3ec1b731772dc7""}}"
520,120,"50.439939900000006 , 18.8120122","50.1993469 , 19.051616600000003",urban-rural,urban,3026,"{""sample_routes"":{""date"":""2026-09-03"",""run_id"":""305125553a764c29bba4eed248d5b137""},""join_samples"":{""date"":""2026-09-04"",""run_id"":""ce48177ab95f4e858b9f677fa84ec5ff""},""upload_data"":{""date"":""2026-09-04"",""run_id"":""b943f5cc87fa42099b3ec1b731772dc7""}}"
521,121,"52.144111300000006 , 21.1424527","52.413791200000006 , 20.8717924",rural-urban,urban,3028,"{""sample_routes"":{""date"":""2026-09-03"",""run_id"":""305125553a764c29bba4eed248d5b137""},""join_samples"":{""date"":""2026-09-04"",""run_id"":""ce48177ab95f4e858b9f677fa84ec5ff""},""upload_data"":{""date"":""2026-09-04"",""run_id"":""b943f5cc87fa42099b3ec1b731772dc7""}}"
522,122,"52.1288428 , 20.968306300000002","52.432053100000005 , 20.9672677",rural-rural,urban,3029,"{""sample_routes"":{""date"":""2026-09-03"",""run_id"":""305125553a764c29bba4eed248d5b137""},""join_samples"":{""date"":""2026-09-04"",""run_id"":""ce48177ab95f4e858b9f677fa84ec5ff""},""upload_data"":{""date"":""2026-09-04"",""run_id"":""b943f5cc87fa42099b3ec1b731772dc7""}}"
523,123,"50.171694800000004 , 19.235793400000002","50.339731500000006 , 19.0686302",rural-rural,urban,2368,"{""sample_routes"":{""date"":""2026-09-03"",""run_id"":""305125553a764c29bba4eed248d5b137""},""join_samples"":{""date"":""2026-09-04"",""run_id"":""ce48177ab95f4e858b9f677fa84ec5ff""},""upload_data"":{""date"":""2026-09-04"",""run_id"":""b943f5cc87fa42099b3ec1b731772dc7""}}"
524,124,"50.315886500000005 , 19.1093932","50.3160047 , 18.639866",urban-rural,urban,2366,"{""sample_routes"":{""date"":""2026-09-03"",""run_id"":""305125553a764c29bba4eed248d5b137""},""join_samples"":{""date"":""2026-09-04"",""run_id"":""ce48177ab95f4e858b9f677fa84ec5ff""},""upload_data"":{""date"":""2026-09-04"",""run_id"":""b943f5cc87fa42099b3ec1b731772dc7""}}"
525,125,"52.177066700000005 , 20.8710567","52.466451000000006 , 20.8702182",urban-rural,urban,3034,"{""sample_routes"":{""date"":""2026-09-03"",""run_id"":""305125553a764c29bba4eed248d5b137""},""join_samples"":{""date"":""2026-09-04"",""run_id"":""ce48177ab95f4e858b9f677fa84ec5ff""},""upload_data"":{""date"":""2026-09-04"",""run_id"":""b943f5cc87fa42099b3ec1b731772dc7""}}"
526,126,"50.450912100000004 , 18.8329804","50.2249788 , 18.8326302",urban-rural,urban,2365,"{""sample_routes"":{""date"":""2026-09-03"",""run_id"":""305125553a764c29bba4eed248d5b137""},""join_samples"":{""date"":""2026-09-04"",""run_id"":""ce48177ab95f4e858b9f677fa84ec5ff""},""upload_data"":{""date"":""2026-09-04"",""run_id"":""b943f5cc87fa42099b3ec1b731772dc7""}}"
527,127,"50.2703563 , 19.1118498","50.2711039 , 18.5236503",urban-rural,urban,3035,"{""sample_routes"":{""date"":""2026-09-03"",""run_id"":""305125553a764c29bba4eed248d5b137""},""join_samples"":{""date"":""2026-09-04"",""run_id"":""ce48177ab95f4e858b9f677fa84ec5ff""},""upload_data"":{""date"":""2026-09-04"",""run_id"":""b943f5cc87fa42099b3ec1b731772dc7""}}"
528,128,"50.260714400000005 , 19.0466327","50.4924387 , 18.8159213",urban-rural,urban,3038,"{""sample_routes"":{""date"":""2026-09-03"",""run_id"":""305125553a764c29bba4eed248d5b137""},""join_samples"":{""date"":""2026-09-04"",""run_id"":""ce48177ab95f4e858b9f677fa84ec5ff""},""upload_data"":{""date"":""2026-09-04"",""run_id"":""b943f5cc87fa42099b3ec1b731772dc7""}}"
529,129,"52.0992005 , 21.0831667","52.2992861 , 20.8828402",urban-rural,urban,2359,"{""sample_routes"":{""date"":""2026-09-03"",""run_id"":""305125553a764c29bba4eed248d5b137""},""join_samples"":{""date"":""2026-09-04"",""run_id"":""ce48177ab95f4e858b9f677fa84ec5ff""},""upload_data"":{""date"":""2026-09-04"",""run_id"":""b943f5cc87fa42099b3ec1b731772dc7""}}"
530,130,"52.1907556 , 20.8802725","52.4647109 , 20.879449400000002",urban-rural,urban,3042,"{""sample_routes"":{""date"":""2026-09-03"",""run_id"":""305125553a764c29bba4eed248d5b137""},""join_samples"":{""date"":""2026-09-04"",""run_id"":""ce48177ab95f4e858b9f677fa84ec5ff""},""upload_data"":{""date"":""2026-09-04"",""run_id"":""b943f5cc87fa42099b3ec1b731772dc7""}}"
531,131,"52.4091254 , 20.9184965","52.1636773 , 21.1644337",urban-rural,urban,3044,"{""sample_routes"":{""date"":""2026-09-03"",""run_id"":""305125553a764c29bba4eed248d5b137""},""join_samples"":{""date"":""2026-09-04"",""run_id"":""ce48177ab95f4e858b9f677fa84ec5ff""},""upload_data"":{""date"":""2026-09-04"",""run_id"":""b943f5cc87fa42099b3ec1b731772dc7""}}"
532,132,"50.22634 , 19.199153000000003","50.2273682 , 18.6135074",urban-rural,urban,3045,"{""sample_routes"":{""date"":""2026-09-03"",""run_id"":""305125553a764c29bba4eed248d5b137""},""join_samples"":{""date"":""2026-09-04"",""run_id"":""ce48177ab95f4e858b9f677fa84ec5ff""},""upload_data"":{""date"":""2026-09-04"",""run_id"":""b943f5cc87fa42099b3ec1b731772dc7""}}"
533,133,"52.321753 , 21.2820861","52.0575101 , 21.0170815",rural-urban,urban,3050,"{""sample_routes"":{""date"":""2026-09-03"",""run_id"":""305125553a764c29bba4eed248d5b137""},""join_samples"":{""date"":""2026-09-04"",""run_id"":""ce48177ab95f4e858b9f677fa84ec5ff""},""upload_data"":{""date"":""2026-09-04"",""run_id"":""b943f5cc87fa42099b3ec1b731772dc7""}}"
534,134,"52.246304800000004 , 21.2957681","52.246565200000006 , 20.9078391",urban-urban,urban,2349,"{""sample_routes"":{""date"":""2026-09-03"",""run_id"":""305125553a764c29bba4eed248d5b137""},""join_samples"":{""date"":""2026-09-04"",""run_id"":""ce48177ab95f4e858b9f677fa84ec5ff""},""upload_data"":{""date"":""2026-09-04"",""run_id"":""b943f5cc87fa42099b3ec1b731772dc7""}}"
535,135,"50.2755852 , 19.163428","50.275360500000005 , 18.7289728",urban-urban,urban,3052,"{""sample_routes"":{""date"":""2026-09-03"",""run_id"":""305125553a764c29bba4eed248d5b137""},""join_samples"":{""date"":""2026-09-04"",""run_id"":""ce48177ab95f4e858b9f677fa84ec5ff""},""upload_data"":{""date"":""2026-09-04"",""run_id"":""b943f5cc87fa42099b3ec1b731772dc7""}}"
536,136,"52.4507387 , 20.875145500000002","52.1244165 , 20.8757953",rural-rural,urban,3055,"{""sample_routes"":{""date"":""2026-09-03"",""run_id"":""305125553a764c29bba4eed248d5b137""},""join_samples"":{""date"":""2026-09-04"",""run_id"":""ce48177ab95f4e858b9f677fa84ec5ff""},""upload_data"":{""date"":""2026-09-04"",""run_id"":""b943f5cc87fa42099b3ec1b731772dc7""}}"
537,137,"50.326098900000005 , 19.205593","50.3269153 , 18.5920767",urban-rural,urban,3065,"{""sample_routes"":{""date"":""2026-09-03"",""run_id"":""305125553a764c29bba4eed248d5b137""},""join_samples"":{""date"":""2026-09-04"",""run_id"":""ce48177ab95f4e858b9f677fa84ec5ff""},""upload_data"":{""date"":""2026-09-04"",""run_id"":""b943f5cc87fa42099b3ec1b731772dc7""}}"
538,138,"52.1344373 , 21.002403400000002","52.360508700000004 , 21.2285396",urban-urban,urban,2335,"{""sample_routes"":{""date"":""2026-09-03"",""run_id"":""305125553a764c29bba4eed248d5b137""},""join_samples"":{""date"":""2026-09-04"",""run_id"":""ce48177ab95f4e858b9f677fa84ec5ff""},""upload_data"":{""date"":""2026-09-04"",""run_id"":""b943f5cc87fa42099b3ec1b731772dc7""}}"
539,139,"52.345968600000006 , 21.192953600000003","52.1400701 , 20.988064400000003",urban-urban,urban,3072,"{""sample_routes"":{""date"":""2026-09-03"",""run_id"":""305125553a764c29bba4eed248d5b137""},""join_samples"":{""date"":""2026-09-04"",""run_id"":""ce48177ab95f4e858b9f677fa84ec5ff""},""upload_data"":{""date"":""2026-09-04"",""run_id"":""b943f5cc87fa42099b3ec1b731772dc7""}}"
540,140,"52.1977029 , 20.8819866","52.47962750000001 , 20.8809341",urban-rural,urban,3072,"{""sample_routes"":{""date"":""2026-09-03"",""run_id"":""305125553a764c29bba4eed248d5b137""},""join_samples"":{""date"":""2026-09-04"",""run_id"":""ce48177ab95f4e858b9f677fa84ec5ff""},""upload_data"":{""date"":""2026-09-04"",""run_id"":""b943f5cc87fa42099b3ec1b731772dc7""}}"
541,141,"52.400773400000006 , 20.950253","52.15995830000001 , 20.9511173",urban-urban,urban,3073,"{""sample_routes"":{""date"":""2026-09-03"",""run_id"":""305125553a764c29bba4eed248d5b137""},""join_samples"":{""date"":""2026-09-04"",""run_id"":""ce48177ab95f4e858b9f677fa84ec5ff""},""upload_data"":{""date"":""2026-09-04"",""run_id"":""b943f5cc87fa42099b3ec1b731772dc7""}}"
542,142,"50.3173236 , 19.2078066","50.316585100000005 , 18.5885153",urban-rural,urban,3075,"{""sample_routes"":{""date"":""2026-09-03"",""run_id"":""305125553a764c29bba4eed248d5b137""},""join_samples"":{""date"":""2026-09-04"",""run_id"":""ce48177ab95f4e858b9f677fa84ec5ff""},""upload_data"":{""date"":""2026-09-04"",""run_id"":""b943f5cc87fa42099b3ec1b731772dc7""}}"
543,143,"50.4446037 , 18.8562289","50.2058316 , 19.095282100000002",urban-rural,urban,3076,"{""sample_routes"":{""date"":""2026-09-03"",""run_id"":""305125553a764c29bba4eed248d5b137""},""join_samples"":{""date"":""2026-09-04"",""run_id"":""ce48177ab95f4e858b9f677fa84ec5ff""},""upload_data"":{""date"":""2026-09-04"",""run_id"":""b943f5cc87fa42099b3ec1b731772dc7""}}"
544,144,"50.3466948 , 18.8472152","50.1917738 , 19.0013578",urban-urban,urban,2323,"{""sample_routes"":{""date"":""2026-09-03"",""run_id"":""305125553a764c29bba4eed248d5b137""},""join_samples"":{""date"":""2026-09-04"",""run_id"":""ce48177ab95f4e858b9f677fa84ec5ff""},""upload_data"":{""date"":""2026-09-04"",""run_id"":""b943f5cc87fa42099b3ec1b731772dc7""}}"
545,145,"50.3086269 , 19.283406000000003","50.3087512 , 18.727708",rural-rural,urban,3080,"{""sample_routes"":{""date"":""2026-09-03"",""run_id"":""305125553a764c29bba4eed248d5b137""},""join_samples"":{""date"":""2026-09-04"",""run_id"":""ce48177ab95f4e858b9f677fa84ec5ff""},""upload_data"":{""date"":""2026-09-04"",""run_id"":""b943f5cc87fa42099b3ec1b731772dc7""}}"
546,146,"50.1557126 , 18.9113733","50.36020490000001 , 19.1150091",urban-rural,urban,2317,"{""sample_routes"":{""date"":""2026-09-03"",""run_id"":""305125553a764c29bba4eed248d5b137""},""join_samples"":{""date"":""2026-09-04"",""run_id"":""ce48177ab95f4e858b9f677fa84ec5ff""},""upload_data"":{""date"":""2026-09-04"",""run_id"":""b943f5cc87fa42099b3ec1b731772dc7""}}"
547,147,"50.3025948 , 19.0911116","50.3030514 , 18.5537853",urban-rural,urban,3087,"{""sample_routes"":{""date"":""2026-09-03"",""run_id"":""305125553a764c29bba4eed248d5b137""},""join_samples"":{""date"":""2026-09-04"",""run_id"":""ce48177ab95f4e858b9f677fa84ec5ff""},""upload_data"":{""date"":""2026-09-04"",""run_id"":""b943f5cc87fa42099b3ec1b731772dc7""}}"
548,148,"52.325526 , 20.908751000000002","52.1009917 , 21.133746000000002",urban-urban,urban,2313,"{""sample_routes"":{""date"":""2026-09-03"",""run_id"":""305125553a764c29bba4eed248d5b137""},""join_samples"":{""date"":""2026-09-04"",""run_id"":""ce48177ab95f4e858b9f677fa84ec5ff""},""upload_data"":{""date"":""2026-09-04"",""run_id"":""b943f5cc87fa42099b3ec1b731772dc7""}}"
549,149,"52.360781100000004 , 21.0374483","52.1567676 , 20.8341047",rural-urban,urban,2295,"{""sample_routes"":{""date"":""2026-09-03"",""run_id"":""305125553a764c29bba4eed248d5b137""},""join_samples"":{""date"":""2026-09-04"",""run_id"":""ce48177ab95f4e858b9f677fa84ec5ff""},""upload_data"":{""date"":""2026-09-04"",""run_id"":""b943f5cc87fa42099b3ec1b731772dc7""}}"
550,150,"49.6682719 , 18.9680405","50.017082200000004 , 18.9677568",rural-rural,mixed,2706,"{""sample_routes"":{""date"":""2026-09-03"",""run_id"":""305125553a764c29bba4eed248d5b137""},""join_samples"":{""date"":""2026-09-04"",""run_id"":""ce48177ab95f4e858b9f677fa84ec5ff""},""upload_data"":{""date"":""2026-09-04"",""run_id"":""b943f5cc87fa42099b3ec1b731772dc7""}}"
551,151,"51.7360502 , 19.471271400000003","51.7367428 , 18.9553003",urban-rural,mixed,2710,"{""sample_routes"":{""date"":""2026-09-03"",""run_id"":""305125553a764c29bba4eed248d5b137""},""join_samples"":{""date"":""2026-09-04"",""run_id"":""ce48177ab95f4e858b9f677fa84ec5ff""},""upload_data"":{""date"":""2026-09-04"",""run_id"":""b943f5cc87fa42099b3ec1b731772dc7""}}"
552,152,"50.275906400000004 , 19.132438","50.053225000000005 , 19.355357700000003",urban-rural,mixed,2689,"{""sample_routes"":{""date"":""2026-09-03"",""run_id"":""305125553a764c29bba4eed248d5b137""},""join_samples"":{""date"":""2026-09-04"",""run_id"":""ce48177ab95f4e858b9f677fa84ec5ff""},""upload_data"":{""date"":""2026-09-04"",""run_id"":""b943f5cc87fa42099b3ec1b731772dc7""}}"
553,153,"52.2211937 , 20.9206372","51.9829725 , 21.1585043",urban-rural,mixed,2714,"{""sample_routes"":{""date"":""2026-09-03"",""run_id"":""305125553a764c29bba4eed248d5b137""},""join_samples"":{""date"":""2026-09-04"",""run_id"":""ce48177ab95f4e858b9f677fa84ec5ff""},""upload_data"":{""date"":""2026-09-04"",""run_id"":""b943f5cc87fa42099b3ec1b731772dc7""}}"
554,154,"52.315511900000004 , 20.96065","51.966585300000006 , 20.610901400000003",urban-rural,mixed,2685,"{""sample_routes"":{""date"":""2026-09-03"",""run_id"":""305125553a764c29bba4eed248d5b137""},""join_samples"":{""date"":""2026-09-04"",""run_id"":""ce48177ab95f4e858b9f677fa84ec5ff""},""upload_data"":{""date"":""2026-09-04"",""run_id"":""b943f5cc87fa42099b3ec1b731772dc7""}}"
555,155,"50.1933329 , 18.8915198","50.429870400000006 , 18.65597",rural-rural,mixed,2684,"{""sample_routes"":{""date"":""2026-09-03"",""run_id"":""305125553a764c29bba4eed248d5b137""},""join_samples"":{""date"":""2026-09-04"",""run_id"":""ce48177ab95f4e858b9f677fa84ec5ff""},""upload_data"":{""date"":""2026-09-04"",""run_id"":""b943f5cc87fa42099b3ec1b731772dc7""}}"
556,156,"52.2415907 , 21.105415800000003","51.9731881 , 21.1044415",urban-rural,mixed,2716,"{""sample_routes"":{""date"":""2026-09-03"",""run_id"":""305125553a764c29bba4eed248d5b137""},""join_samples"":{""date"":""2026-09-04"",""run_id"":""ce48177ab95f4e858b9f677fa84ec5ff""},""upload_data"":{""date"":""2026-09-04"",""run_id"":""b943f5cc87fa42099b3ec1b731772dc7""}}"
557,157,"51.7200915 , 19.474087100000002","52.0432634 , 19.1498667",urban-rural,mixed,2717,"{""sample_routes"":{""date"":""2026-09-03"",""run_id"":""305125553a764c29bba4eed248d5b137""},""join_samples"":{""date"":""2026-09-04"",""run_id"":""ce48177ab95f4e858b9f677fa84ec5ff""},""upload_data"":{""date"":""2026-09-04"",""run_id"":""b943f5cc87fa42099b3ec1b731772dc7""}}"
558,158,"50.055315500000006 , 18.5975991","49.774594400000005 , 18.8773242",urban-rural,mixed,2683,"{""sample_routes"":{""date"":""2026-09-03"",""run_id"":""305125553a764c29bba4eed248d5b137""},""join_samples"":{""date"":""2026-09-04"",""run_id"":""ce48177ab95f4e858b9f677fa84ec5ff""},""upload_data"":{""date"":""2026-09-04"",""run_id"":""b943f5cc87fa42099b3ec1b731772dc7""}}"
559,159,"49.929507 , 19.2908461","50.125575100000006 , 19.4869197",rural-rural,mixed,2677,"{""sample_routes"":{""date"":""2026-09-03"",""run_id"":""305125553a764c29bba4eed248d5b137""},""join_samples"":{""date"":""2026-09-04"",""run_id"":""ce48177ab95f4e858b9f677fa84ec5ff""},""upload_data"":{""date"":""2026-09-04"",""run_id"":""b943f5cc87fa42099b3ec1b731772dc7""}}"
560,160,"50.294592200000004 , 20.0361996","49.9515036 , 20.0370868",rural-rural,mixed,2669,"{""sample_routes"":{""date"":""2026-09-03"",""run_id"":""305125553a764c29bba4eed248d5b137""},""join_samples"":{""date"":""2026-09-04"",""run_id"":""ce48177ab95f4e858b9f677fa84ec5ff""},""upload_data"":{""date"":""2026-09-04"",""run_id"":""b943f5cc87fa42099b3ec1b731772dc7""}}"
561,161,"52.314629700000005 , 20.976491000000003","52.009731900000006 , 21.2812313",urban-rural,mixed,2742,"{""sample_routes"":{""date"":""2026-09-03"",""run_id"":""305125553a764c29bba4eed248d5b137""},""join_samples"":{""date"":""2026-09-04"",""run_id"":""ce48177ab95f4e858b9f677fa84ec5ff""},""upload_data"":{""date"":""2026-09-04"",""run_id"":""b943f5cc87fa42099b3ec1b731772dc7""}}"
562,162,"52.2388897 , 21.1126654","51.9751185 , 21.1120151",urban-rural,mixed,2743,"{""sample_routes"":{""date"":""2026-09-03"",""run_id"":""305125553a764c29bba4eed248d5b137""},""join_samples"":{""date"":""2026-09-04"",""run_id"":""ce48177ab95f4e858b9f677fa84ec5ff""},""upload_data"":{""date"":""2026-09-04"",""run_id"":""b943f5cc87fa42099b3ec1b731772dc7""}}"
563,163,"49.990230700000005 , 18.5436091","49.6855234 , 18.8481804",rural-rural,mixed,2745,"{""sample_routes"":{""date"":""2026-09-03"",""run_id"":""305125553a764c29bba4eed248d5b137""},""join_samples"":{""date"":""2026-09-04"",""run_id"":""ce48177ab95f4e858b9f677fa84ec5ff""},""upload_data"":{""date"":""2026-09-04"",""run_id"":""b943f5cc87fa42099b3ec1b731772dc7""}}"
564,164,"49.9733296 , 20.0469164","49.7659135 , 19.8399939",urban-rural,mixed,2753,"{""sample_routes"":{""date"":""2026-09-03"",""run_id"":""305125553a764c29bba4eed248d5b137""},""join_samples"":{""date"":""2026-09-04"",""run_id"":""ce48177ab95f4e858b9f677fa84ec5ff""},""upload_data"":{""date"":""2026-09-04"",""run_id"":""b943f5cc87fa42099b3ec1b731772dc7""}}"
565,165,"52.2549739 , 16.854193300000002","52.495699800000004 , 17.0941259",urban-rural,mixed,2757,"{""sample_routes"":{""date"":""2026-09-03"",""run_id"":""305125553a764c29bba4eed248d5b137""},""join_samples"":{""date"":""2026-09-04"",""run_id"":""ce48177ab95f4e858b9f677fa84ec5ff""},""upload_data"":{""date"":""2026-09-04"",""run_id"":""b943f5cc87fa42099b3ec1b731772dc7""}}"
566,166,"50.2569947 , 18.8984171","49.971197200000006 , 18.6132022",urban-urban,mixed,2774,"{""sample_routes"":{""date"":""2026-09-03"",""run_id"":""305125553a764c29bba4eed248d5b137""},""join_samples"":{""date"":""2026-09-04"",""run_id"":""ce48177ab95f4e858b9f677fa84ec5ff""},""upload_data"":{""date"":""2026-09-04"",""run_id"":""b943f5cc87fa42099b3ec1b731772dc7""}}"
567,167,"52.2237008 , 21.222983600000003","52.4425557 , 21.4423986",urban-urban,mixed,2623,"{""sample_routes"":{""date"":""2026-09-03"",""run_id"":""305125553a764c29bba4eed248d5b137""},""join_samples"":{""date"":""2026-09-04"",""run_id"":""ce48177ab95f4e858b9f677fa84ec5ff""},""upload_data"":{""date"":""2026-09-04"",""run_id"":""b943f5cc87fa42099b3ec1b731772dc7""}}"
568,168,"54.4691337 , 18.5050127","54.7753561 , 18.1979934",urban-rural,mixed,2787,"{""sample_routes"":{""date"":""2026-09-03"",""run_id"":""305125553a764c29bba4eed248d5b137""},""join_samples"":{""date"":""2026-09-04"",""run_id"":""ce48177ab95f4e858b9f677fa84ec5ff""},""upload_data"":{""date"":""2026-09-04"",""run_id"":""b943f5cc87fa42099b3ec1b731772dc7""}}"
569,169,"52.114618400000005 , 21.245724900000003","52.458813000000006 , 21.2465017",urban-rural,mixed,2795,"{""sample_routes"":{""date"":""2026-09-03"",""run_id"":""305125553a764c29bba4eed248d5b137""},""join_samples"":{""date"":""2026-09-04"",""run_id"":""ce48177ab95f4e858b9f677fa84ec5ff""},""upload_data"":{""date"":""2026-09-04"",""run_id"":""b943f5cc87fa42099b3ec1b731772dc7""}}"
570,170,"49.881645400000004 , 18.9702397","50.166428 , 19.255460900000003",rural-rural,mixed,2797,"{""sample_routes"":{""date"":""2026-09-03"",""run_id"":""305125553a764c29bba4eed248d5b137""},""join_samples"":{""date"":""2026-09-04"",""run_id"":""ce48177ab95f4e858b9f677fa84ec5ff""},""upload_data"":{""date"":""2026-09-04"",""run_id"":""b943f5cc87fa42099b3ec1b731772dc7""}}"
571,171,"50.0373795 , 18.561204","50.34759570000001 , 18.872329800000003",rural-rural,mixed,2797,"{""sample_routes"":{""date"":""2026-09-03"",""run_id"":""305125553a764c29bba4eed248d5b137""},""join_samples"":{""date"":""2026-09-04"",""run_id"":""ce48177ab95f4e858b9f677fa84ec5ff""},""upload_data"":{""date"":""2026-09-04"",""run_id"":""b943f5cc87fa42099b3ec1b731772dc7""}}"
572,172,"50.0872237 , 20.1452996","49.801112700000004 , 19.858906",rural-rural,mixed,2593,"{""sample_routes"":{""date"":""2026-09-03"",""run_id"":""305125553a764c29bba4eed248d5b137""},""join_samples"":{""date"":""2026-09-04"",""run_id"":""ce48177ab95f4e858b9f677fa84ec5ff""},""upload_data"":{""date"":""2026-09-04"",""run_id"":""b943f5cc87fa42099b3ec1b731772dc7""}}"
573,173,"50.258411200000005 , 19.028418300000002","50.007167800000005 , 19.280429400000003",urban-rural,mixed,2589,"{""sample_routes"":{""date"":""2026-09-03"",""run_id"":""305125553a764c29bba4eed248d5b137""},""join_samples"":{""date"":""2026-09-04"",""run_id"":""ce48177ab95f4e858b9f677fa84ec5ff""},""upload_data"":{""date"":""2026-09-04"",""run_id"":""b943f5cc87fa42099b3ec1b731772dc7""}}"
574,174,"52.39761360000001 , 17.0775508","52.6779358 , 16.7978278",urban-rural,mixed,2812,"{""sample_routes"":{""date"":""2026-09-03"",""run_id"":""305125553a764c29bba4eed248d5b137""},""join_samples"":{""date"":""2026-09-04"",""run_id"":""ce48177ab95f4e858b9f677fa84ec5ff""},""upload_data"":{""date"":""2026-09-04"",""run_id"":""b943f5cc87fa42099b3ec1b731772dc7""}}"
575,175,"49.8115145 , 19.0259493","50.112911100000005 , 19.328381200000003",urban-urban,mixed,2815,"{""sample_routes"":{""date"":""2026-09-03"",""run_id"":""305125553a764c29bba4eed248d5b137""},""join_samples"":{""date"":""2026-09-04"",""run_id"":""ce48177ab95f4e858b9f677fa84ec5ff""},""upload_data"":{""date"":""2026-09-04"",""run_id"":""b943f5cc87fa42099b3ec1b731772dc7""}}"
576,176,"52.36713820000001 , 21.2330404","52.3672814 , 20.635545200000003",rural-rural,mixed,2579,"{""sample_routes"":{""date"":""2026-09-03"",""run_id"":""305125553a764c29bba4eed248d5b137""},""join_samples"":{""date"":""2026-09-04"",""run_id"":""ce48177ab95f4e858b9f677fa84ec5ff""},""upload_data"":{""date"":""2026-09-04"",""run_id"":""b943f5cc87fa42099b3ec1b731772dc7""}}"
577,177,"52.4134675 , 16.9155974","52.1326814 , 16.9154832",urban-rural,mixed,2824,"{""sample_routes"":{""date"":""2026-09-03"",""run_id"":""305125553a764c29bba4eed248d5b137""},""join_samples"":{""date"":""2026-09-04"",""run_id"":""ce48177ab95f4e858b9f677fa84ec5ff""},""upload_data"":{""date"":""2026-09-04"",""run_id"":""b943f5cc87fa42099b3ec1b731772dc7""}}"
578,178,"52.282028000000004 , 21.1308712","52.2814856 , 20.600079400000002",urban-rural,mixed,2827,"{""sample_routes"":{""date"":""2026-09-03"",""run_id"":""305125553a764c29bba4eed248d5b137""},""join_samples"":{""date"":""2026-09-04"",""run_id"":""ce48177ab95f4e858b9f677fa84ec5ff""},""upload_data"":{""date"":""2026-09-04"",""run_id"":""b943f5cc87fa42099b3ec1b731772dc7""}}"
579,179,"51.7990002 , 19.590210600000002","51.7994398 , 19.1041661",rural-rural,mixed,2829,"{""sample_routes"":{""date"":""2026-09-03"",""run_id"":""305125553a764c29bba4eed248d5b137""},""join_samples"":{""date"":""2026-09-04"",""run_id"":""ce48177ab95f4e858b9f677fa84ec5ff""},""upload_data"":{""date"":""2026-09-04"",""run_id"":""b943f5cc87fa42099b3ec1b731772dc7""}}"
580,180,"52.665464 , 16.7498103","52.392729900000006 , 17.0219397",rural-urban,mixed,2831,"{""sample_routes"":{""date"":""2026-09-03"",""run_id"":""305125553a764c29bba4eed248d5b137""},""join_samples"":{""date"":""2026-09-04"",""run_id"":""ce48177ab95f4e858b9f677fa84ec5ff""},""upload_data"":{""date"":""2026-09-04"",""run_id"":""b943f5cc87fa42099b3ec1b731772dc7""}}"
581,181,"51.8136699 , 19.487369700000002","51.8138647 , 18.889002100000003",urban-rural,mixed,2834,"{""sample_routes"":{""date"":""2026-09-03"",""run_id"":""305125553a764c29bba4eed248d5b137""},""join_samples"":{""date"":""2026-09-04"",""run_id"":""ce48177ab95f4e858b9f677fa84ec5ff""},""upload_data"":{""date"":""2026-09-04"",""run_id"":""b943f5cc87fa42099b3ec1b731772dc7""}}"
582,182,"51.796877800000004 , 19.455846400000002","51.797425100000005 , 19.005851800000002",urban-rural,mixed,2564,"{""sample_routes"":{""date"":""2026-09-03"",""run_id"":""305125553a764c29bba4eed248d5b137""},""join_samples"":{""date"":""2026-09-04"",""run_id"":""ce48177ab95f4e858b9f677fa84ec5ff""},""upload_data"":{""date"":""2026-09-04"",""run_id"":""b943f5cc87fa42099b3ec1b731772dc7""}}"
583,183,"52.0913862 , 20.834288100000002","52.385673000000004 , 20.834159",rural-rural,mixed,2845,"{""sample_routes"":{""date"":""2026-09-03"",""run_id"":""305125553a764c29bba4eed248d5b137""},""join_samples"":{""date"":""2026-09-04"",""run_id"":""ce48177ab95f4e858b9f677fa84ec5ff""},""upload_data"":{""date"":""2026-09-04"",""run_id"":""b943f5cc87fa42099b3ec1b731772dc7""}}"
584,184,"52.224580200000005 , 21.056698400000002","52.580577100000006 , 21.0567464",urban-rural,mixed,2848,"{""sample_routes"":{""date"":""2026-09-03"",""run_id"":""305125553a764c29bba4eed248d5b137""},""join_samples"":{""date"":""2026-09-04"",""run_id"":""ce48177ab95f4e858b9f677fa84ec5ff""},""upload_data"":{""date"":""2026-09-04"",""run_id"":""b943f5cc87fa42099b3ec1b731772dc7""}}"
585,185,"50.0518044 , 19.9547318","49.832177200000004 , 20.1750258",urban-rural,mixed,2549,"{""sample_routes"":{""date"":""2026-09-03"",""run_id"":""305125553a764c29bba4eed248d5b137""},""join_samples"":{""date"":""2026-09-04"",""run_id"":""ce48177ab95f4e858b9f677fa84ec5ff""},""upload_data"":{""date"":""2026-09-04"",""run_id"":""b943f5cc87fa42099b3ec1b731772dc7""}}"
586,186,"52.2280911 , 20.8988207","52.5111956 , 21.1825937",urban-rural,mixed,2549,"{""sample_routes"":{""date"":""2026-09-03"",""run_id"":""305125553a764c29bba4eed248d5b137""},""join_samples"":{""date"":""2026-09-04"",""run_id"":""ce48177ab95f4e858b9f677fa84ec5ff""},""upload_data"":{""date"":""2026-09-04"",""run_id"":""b943f5cc87fa42099b3ec1b731772dc7""}}"
587,187,"52.080071700000005 , 20.9449133","52.4829518 , 21.3473362",rural-rural,mixed,2856,"{""sample_routes"":{""date"":""2026-09-03"",""run_id"":""305125553a764c29bba4eed248d5b137""},""join_samples"":{""date"":""2026-09-04"",""run_id"":""ce48177ab95f4e858b9f677fa84ec5ff""},""upload_data"":{""date"":""2026-09-04"",""run_id"":""b943f5cc87fa42099b3ec1b731772dc7""}}"
588,188,"52.156246700000004 , 21.5432372","52.1564351 , 20.6914163",rural-rural,mixed,2540,"{""sample_routes"":{""date"":""2026-09-03"",""run_id"":""305125553a764c29bba4eed248d5b137""},""join_samples"":{""date"":""2026-09-04"",""run_id"":""ce48177ab95f4e858b9f677fa84ec5ff""},""upload_data"":{""date"":""2026-09-04"",""run_id"":""b943f5cc87fa42099b3ec1b731772dc7""}}"
589,189,"50.1790353 , 18.8886675","49.8915159 , 18.6013117",urban-rural,mixed,2537,"{""sample_routes"":{""date"":""2026-09-03"",""run_id"":""305125553a764c29bba4eed248d5b137""},""join_samples"":{""date"":""2026-09-04"",""run_id"":""ce48177ab95f4e858b9f677fa84ec5ff""},""upload_data"":{""date"":""2026-09-04"",""run_id"":""b943f5cc87fa42099b3ec1b731772dc7""}}"
590,190,"51.0974815 , 17.376527900000003","51.0967436 , 16.9750352",rural-urban,mixed,2868,"{""sample_routes"":{""date"":""2026-09-03"",""run_id"":""305125553a764c29bba4eed248d5b137""},""join_samples"":{""date"":""2026-09-04"",""run_id"":""ce48177ab95f4e858b9f677fa84ec5ff""},""upload_data"":{""date"":""2026-09-04"",""run_id"":""b943f5cc87fa42099b3ec1b731772dc7""}}"
591,191,"52.413692100000006 , 17.102620700000003","52.670949 , 17.1035447",urban-rural,mixed,2870,"{""sample_routes"":{""date"":""2026-09-03"",""run_id"":""305125553a764c29bba4eed248d5b137""},""join_samples"":{""date"":""2026-09-04"",""run_id"":""ce48177ab95f4e858b9f677fa84ec5ff""},""upload_data"":{""date"":""2026-09-04"",""run_id"":""b943f5cc87fa42099b3ec1b731772dc7""}}"
592,192,"49.91958210000001 , 18.966974200000003","49.555231000000006 , 18.965935",rural-rural,mixed,2529,"{""sample_routes"":{""date"":""2026-09-03"",""run_id"":""305125553a764c29bba4eed248d5b137""},""join_samples"":{""date"":""2026-09-04"",""run_id"":""ce48177ab95f4e858b9f677fa84ec5ff""},""upload_data"":{""date"":""2026-09-04"",""run_id"":""b943f5cc87fa42099b3ec1b731772dc7""}}"
593,193,"52.2123117 , 21.0620552","52.578983300000004 , 21.0620301",urban-rural,mixed,2872,"{""sample_routes"":{""date"":""2026-09-03"",""run_id"":""305125553a764c29bba4eed248d5b137""},""join_samples"":{""date"":""2026-09-04"",""run_id"":""ce48177ab95f4e858b9f677fa84ec5ff""},""upload_data"":{""date"":""2026-09-04"",""run_id"":""b943f5cc87fa42099b3ec1b731772dc7""}}"
594,194,"52.440035900000005 , 21.2103974","52.004282100000005 , 20.7752346",rural-rural,mixed,2873,"{""sample_routes"":{""date"":""2026-09-03"",""run_id"":""305125553a764c29bba4eed248d5b137""},""join_samples"":{""date"":""2026-09-04"",""run_id"":""ce48177ab95f4e858b9f677fa84ec5ff""},""upload_data"":{""date"":""2026-09-04"",""run_id"":""b943f5cc87fa42099b3ec1b731772dc7""}}"
595,195,"52.0531008 , 20.923825800000003","52.486552200000006 , 21.3562669",rural-rural,mixed,2875,"{""sample_routes"":{""date"":""2026-09-03"",""run_id"":""305125553a764c29bba4eed248d5b137""},""join_samples"":{""date"":""2026-09-04"",""run_id"":""ce48177ab95f4e858b9f677fa84ec5ff""},""upload_data"":{""date"":""2026-09-04"",""run_id"":""b943f5cc87fa42099b3ec1b731772dc7""}}"
596,196,"54.5438485 , 18.461927300000003","54.174567700000004 , 18.831276300000003",urban-rural,mixed,2518,"{""sample_routes"":{""date"":""2026-09-03"",""run_id"":""305125553a764c29bba4eed248d5b137""},""join_samples"":{""date"":""2026-09-04"",""run_id"":""ce48177ab95f4e858b9f677fa84ec5ff""},""upload_data"":{""date"":""2026-09-04"",""run_id"":""b943f5cc87fa42099b3ec1b731772dc7""}}"
597,197,"50.223202300000004 , 19.064275300000002","49.9962414 , 19.2922209",urban-rural,mixed,2515,"{""sample_routes"":{""date"":""2026-09-03"",""run_id"":""305125553a764c29bba4eed248d5b137""},""join_samples"":{""date"":""2026-09-04"",""run_id"":""ce48177ab95f4e858b9f677fa84ec5ff""},""upload_data"":{""date"":""2026-09-04"",""run_id"":""b943f5cc87fa42099b3ec1b731772dc7""}}"
598,198,"52.416993100000006 , 16.8821196","52.1425117 , 16.8822508",urban-rural,mixed,2886,"{""sample_routes"":{""date"":""2026-09-03"",""run_id"":""305125553a764c29bba4eed248d5b137""},""join_samples"":{""date"":""2026-09-04"",""run_id"":""ce48177ab95f4e858b9f677fa84ec5ff""},""upload_data"":{""date"":""2026-09-04"",""run_id"":""b943f5cc87fa42099b3ec1b731772dc7""}}"
599,199,"50.271468500000005 , 19.1894212","50.5722138 , 19.1895566",urban-rural,mixed,2511,"{""sample_routes"":{""date"":""2026-09-03"",""run_id"":""305125553a764c29bba4eed248d5b137""},""join_samples"":{""date"":""2026-09-04"",""run_id"":""ce48177ab95f4e858b9f677fa84ec5ff""},""upload_data"":{""date"":""2026-09-04"",""run_id"":""b943f5cc87fa42099b3ec1b731772dc7""}}"
600,200,"51.80410800000001 , 19.4737845","51.8030763 , 19.0343965",urban-rural,mixed,2511,"{""sample_routes"":{""date"":""2026-09-03"",""run_id"":""305125553a764c29bba4eed248d5b137""},""join_samples"":{""date"":""2026-09-04"",""run_id"":""ce48177ab95f4e858b9f677fa84ec5ff""},""upload_data"":{""date"":""2026-09-04"",""run_id"":""b943f5cc87fa42099b3ec1b731772dc7""}}"
601,201,"50.3169382 , 18.7241988","49.928440900000005 , 18.724046100000002",rural-rural,mixed,2890,"{""sample_routes"":{""date"":""2026-09-03"",""run_id"":""305125553a764c29bba4eed248d5b137""},""join_samples"":{""date"":""2026-09-04"",""run_id"":""ce48177ab95f4e858b9f677fa84ec5ff""},""upload_data"":{""date"":""2026-09-04"",""run_id"":""b943f5cc87fa42099b3ec1b731772dc7""}}"
602,202,"49.9756197 , 19.439963000000002","50.2226678 , 19.193068200000003",rural-urban,mixed,2892,"{""sample_routes"":{""date"":""2026-09-03"",""run_id"":""305125553a764c29bba4eed248d5b137""},""join_samples"":{""date"":""2026-09-04"",""run_id"":""ce48177ab95f4e858b9f677fa84ec5ff""},""upload_data"":{""date"":""2026-09-04"",""run_id"":""b943f5cc87fa42099b3ec1b731772dc7""}}"
603,203,"50.068598300000005 , 19.116610100000003","50.3590212 , 18.8252115",rural-urban,mixed,2895,"{""sample_routes"":{""date"":""2026-09-03"",""run_id"":""305125553a764c29bba4eed248d5b137""},""join_samples"":{""date"":""2026-09-04"",""run_id"":""ce48177ab95f4e858b9f677fa84ec5ff""},""upload_data"":{""date"":""2026-09-04"",""run_id"":""b943f5cc87fa42099b3ec1b731772dc7""}}"
604,204,"52.67452350000001 , 17.080507","52.3828742 , 17.0808009",rural-urban,mixed,2901,"{""sample_routes"":{""date"":""2026-09-03"",""run_id"":""305125553a764c29bba4eed248d5b137""},""join_samples"":{""date"":""2026-09-04"",""run_id"":""ce48177ab95f4e858b9f677fa84ec5ff""},""upload_data"":{""date"":""2026-09-04"",""run_id"":""b943f5cc87fa42099b3ec1b731772dc7""}}"
605,205,"54.430688200000006 , 18.5858443","54.129794200000006 , 18.5850581",urban-rural,mixed,2492,"{""sample_routes"":{""date"":""2026-09-03"",""run_id"":""305125553a764c29bba4eed248d5b137""},""join_samples"":{""date"":""2026-09-04"",""run_id"":""ce48177ab95f4e858b9f677fa84ec5ff""},""upload_data"":{""date"":""2026-09-04"",""run_id"":""b943f5cc87fa42099b3ec1b731772dc7""}}"
606,206,"49.8039372 , 19.0761749","50.092662600000004 , 19.3658047",urban-rural,mixed,2915,"{""sample_routes"":{""date"":""2026-09-03"",""run_id"":""305125553a764c29bba4eed248d5b137""},""join_samples"":{""date"":""2026-09-04"",""run_id"":""ce48177ab95f4e858b9f677fa84ec5ff""},""upload_data"":{""date"":""2026-09-04"",""run_id"":""b943f5cc87fa42099b3ec1b731772dc7""}}"
607,207,"52.1554 , 16.7508695","52.4105111 , 17.0066803",rural-urban,mixed,2481,"{""sample_routes"":{""date"":""2026-09-03"",""run_id"":""305125553a764c29bba4eed248d5b137""},""join_samples"":{""date"":""2026-09-04"",""run_id"":""ce48177ab95f4e858b9f677fa84ec5ff""},""upload_data"":{""date"":""2026-09-04"",""run_id"":""b943f5cc87fa42099b3ec1b731772dc7""}}"
608,208,"50.148433100000005 , 18.5442571","49.8695606 , 18.822995000000002",rural-rural,mixed,2926,"{""sample_routes"":{""date"":""2026-09-03"",""run_id"":""305125553a764c29bba4eed248d5b137""},""join_samples"":{""date"":""2026-09-04"",""run_id"":""ce48177ab95f4e858b9f677fa84ec5ff""},""upload_data"":{""date"":""2026-09-04"",""run_id"":""b943f5cc87fa42099b3ec1b731772dc7""}}"
609,209,"54.302903500000006 , 18.5784925","54.6284362 , 18.2525629",urban-rural,mixed,2471,"{""sample_routes"":{""date"":""2026-09-03"",""run_id"":""305125553a764c29bba4eed248d5b137""},""join_samples"":{""date"":""2026-09-04"",""run_id"":""ce48177ab95f4e858b9f677fa84ec5ff""},""upload_data"":{""date"":""2026-09-04"",""run_id"":""b943f5cc87fa42099b3ec1b731772dc7""}}"
610,210,"53.017685 , 22.9817827","53.287612200000005 , 23.251086500000003",rural-rural,mixed,2467,"{""sample_routes"":{""date"":""2026-09-03"",""run_id"":""305125553a764c29bba4eed248d5b137""},""join_samples"":{""date"":""2026-09-04"",""run_id"":""ce48177ab95f4e858b9f677fa84ec5ff""},""upload_data"":{""date"":""2026-09-04"",""run_id"":""b943f5cc87fa42099b3ec1b731772dc7""}}"
611,211,"51.836991700000006 , 20.925726400000002","52.309390500000006 , 20.9265033",rural-urban,mixed,2936,"{""sample_routes"":{""date"":""2026-09-03"",""run_id"":""305125553a764c29bba4eed248d5b137""},""join_samples"":{""date"":""2026-09-04"",""run_id"":""ce48177ab95f4e858b9f677fa84ec5ff""},""upload_data"":{""date"":""2026-09-04"",""run_id"":""b943f5cc87fa42099b3ec1b731772dc7""}}"
612,212,"53.2693316 , 14.50586","53.550977100000004 , 14.505751400000001",urban-rural,mixed,2458,"{""sample_routes"":{""date"":""2026-09-03"",""run_id"":""305125553a764c29bba4eed248d5b137""},""join_samples"":{""date"":""2026-09-04"",""run_id"":""ce48177ab95f4e858b9f677fa84ec5ff""},""upload_data"":{""date"":""2026-09-04"",""run_id"":""b943f5cc87fa42099b3ec1b731772dc7""}}"
613,213,"50.398363 , 18.6255193","50.146686900000006 , 18.624563600000002",urban-urban,mixed,2457,"{""sample_routes"":{""date"":""2026-09-03"",""run_id"":""305125553a764c29bba4eed248d5b137""},""join_samples"":{""date"":""2026-09-04"",""run_id"":""ce48177ab95f4e858b9f677fa84ec5ff""},""upload_data"":{""date"":""2026-09-04"",""run_id"":""b943f5cc87fa42099b3ec1b731772dc7""}}"
614,214,"50.272049700000004 , 19.224455000000003","50.002645 , 19.225183100000002",rural-rural,mixed,2944,"{""sample_routes"":{""date"":""2026-09-03"",""run_id"":""305125553a764c29bba4eed248d5b137""},""join_samples"":{""date"":""2026-09-04"",""run_id"":""ce48177ab95f4e858b9f677fa84ec5ff""},""upload_data"":{""date"":""2026-09-04"",""run_id"":""b943f5cc87fa42099b3ec1b731772dc7""}}"
615,215,"53.4587299 , 14.515375","53.2100542 , 14.5151912",urban-rural,mixed,2456,"{""sample_routes"":{""date"":""2026-09-03"",""run_id"":""305125553a764c29bba4eed248d5b137""},""join_samples"":{""date"":""2026-09-04"",""run_id"":""ce48177ab95f4e858b9f677fa84ec5ff""},""upload_data"":{""date"":""2026-09-04"",""run_id"":""b943f5cc87fa42099b3ec1b731772dc7""}}"
616,216,"49.863156000000004 , 18.734030800000003","50.15012290000001 , 18.447815300000002",rural-rural,mixed,2949,"{""sample_routes"":{""date"":""2026-09-03"",""run_id"":""305125553a764c29bba4eed248d5b137""},""join_samples"":{""date"":""2026-09-04"",""run_id"":""ce48177ab95f4e858b9f677fa84ec5ff""},""upload_data"":{""date"":""2026-09-04"",""run_id"":""b943f5cc87fa42099b3ec1b731772dc7""}}"
617,217,"50.34508640000001 , 19.2395803","50.0690771 , 19.2405706",urban-rural,mixed,2951,"{""sample_routes"":{""date"":""2026-09-03"",""run_id"":""305125553a764c29bba4eed248d5b137""},""join_samples"":{""date"":""2026-09-04"",""run_id"":""ce48177ab95f4e858b9f677fa84ec5ff""},""upload_data"":{""date"":""2026-09-04"",""run_id"":""b943f5cc87fa42099b3ec1b731772dc7""}}"
618,218,"52.1402408 , 21.0365535","51.8129294 , 21.0371707",urban-rural,mixed,2952,"{""sample_routes"":{""date"":""2026-09-03"",""run_id"":""305125553a764c29bba4eed248d5b137""},""join_samples"":{""date"":""2026-09-04"",""run_id"":""ce48177ab95f4e858b9f677fa84ec5ff""},""upload_data"":{""date"":""2026-09-04"",""run_id"":""b943f5cc87fa42099b3ec1b731772dc7""}}"
619,219,"50.4549068 , 18.5272359","50.213674700000006 , 18.769326900000003",rural-rural,mixed,2446,"{""sample_routes"":{""date"":""2026-09-03"",""run_id"":""305125553a764c29bba4eed248d5b137""},""join_samples"":{""date"":""2026-09-04"",""run_id"":""ce48177ab95f4e858b9f677fa84ec5ff""},""upload_data"":{""date"":""2026-09-04"",""run_id"":""b943f5cc87fa42099b3ec1b731772dc7""}}"
620,220,"50.6449383 , 16.6369259","50.95284710000001 , 16.328575700000002",rural-urban,mixed,2956,"{""sample_routes"":{""date"":""2026-09-03"",""run_id"":""305125553a764c29bba4eed248d5b137""},""join_samples"":{""date"":""2026-09-04"",""run_id"":""ce48177ab95f4e858b9f677fa84ec5ff""},""upload_data"":{""date"":""2026-09-04"",""run_id"":""b943f5cc87fa42099b3ec1b731772dc7""}}"
621,221,"49.731453900000005 , 19.0995472","50.07862 , 18.7515813",rural-rural,mixed,2958,"{""sample_routes"":{""date"":""2026-09-03"",""run_id"":""305125553a764c29bba4eed248d5b137""},""join_samples"":{""date"":""2026-09-04"",""run_id"":""ce48177ab95f4e858b9f677fa84ec5ff""},""upload_data"":{""date"":""2026-09-04"",""run_id"":""b943f5cc87fa42099b3ec1b731772dc7""}}"
622,222,"52.16683200000001 , 21.2201382","52.50351800000001 , 21.2207978",rural-rural,mixed,2962,"{""sample_routes"":{""date"":""2026-09-03"",""run_id"":""305125553a764c29bba4eed248d5b137""},""join_samples"":{""date"":""2026-09-04"",""run_id"":""ce48177ab95f4e858b9f677fa84ec5ff""},""upload_data"":{""date"":""2026-09-04"",""run_id"":""b943f5cc87fa42099b3ec1b731772dc7""}}"
623,223,"51.997628600000006 , 21.0382396","52.262113500000005 , 20.773898000000003",rural-rural,mixed,2970,"{""sample_routes"":{""date"":""2026-09-03"",""run_id"":""305125553a764c29bba4eed248d5b137""},""join_samples"":{""date"":""2026-09-04"",""run_id"":""ce48177ab95f4e858b9f677fa84ec5ff""},""upload_data"":{""date"":""2026-09-04"",""run_id"":""b943f5cc87fa42099b3ec1b731772dc7""}}"
624,224,"51.785522300000004 , 19.446384300000002","51.784541700000005 , 18.9856531",urban-rural,mixed,2428,"{""sample_routes"":{""date"":""2026-09-03"",""run_id"":""305125553a764c29bba4eed248d5b137""},""join_samples"":{""date"":""2026-09-04"",""run_id"":""ce48177ab95f4e858b9f677fa84ec5ff""},""upload_data"":{""date"":""2026-09-04"",""run_id"":""b943f5cc87fa42099b3ec1b731772dc7""}}"
625,225,"50.2247946 , 18.9345344","49.940541 , 19.2194019",urban-rural,mixed,2974,"{""sample_routes"":{""date"":""2026-09-03"",""run_id"":""305125553a764c29bba4eed248d5b137""},""join_samples"":{""date"":""2026-09-04"",""run_id"":""ce48177ab95f4e858b9f677fa84ec5ff""},""upload_data"":{""date"":""2026-09-04"",""run_id"":""b943f5cc87fa42099b3ec1b731772dc7""}}"
626,226,"53.111034200000006 , 18.0281746","53.3332381 , 17.805942",urban-rural,mixed,2421,"{""sample_routes"":{""date"":""2026-09-03"",""run_id"":""305125553a764c29bba4eed248d5b137""},""join_samples"":{""date"":""2026-09-04"",""run_id"":""ce48177ab95f4e858b9f677fa84ec5ff""},""upload_data"":{""date"":""2026-09-04"",""run_id"":""b943f5cc87fa42099b3ec1b731772dc7""}}"
627,227,"50.836146500000005 , 19.186923800000002","50.6046033 , 18.9564093",rural-rural,mixed,2419,"{""sample_routes"":{""date"":""2026-09-03"",""run_id"":""305125553a764c29bba4eed248d5b137""},""join_samples"":{""date"":""2026-09-04"",""run_id"":""ce48177ab95f4e858b9f677fa84ec5ff""},""upload_data"":{""date"":""2026-09-04"",""run_id"":""b943f5cc87fa42099b3ec1b731772dc7""}}"
628,228,"51.0737132 , 17.047745900000002","51.339558600000004 , 16.7816237",urban-rural,mixed,2983,"{""sample_routes"":{""date"":""2026-09-03"",""run_id"":""305125553a764c29bba4eed248d5b137""},""join_samples"":{""date"":""2026-09-04"",""run_id"":""ce48177ab95f4e858b9f677fa84ec5ff""},""upload_data"":{""date"":""2026-09-04"",""run_id"":""b943f5cc87fa42099b3ec1b731772dc7""}}"
629,229,"50.348658900000004 , 19.0879321","50.090095100000006 , 18.8299871",rural-rural,mixed,2985,"{""sample_routes"":{""date"":""2026-09-03"",""run_id"":""305125553a764c29bba4eed248d5b137""},""join_samples"":{""date"":""2026-09-04"",""run_id"":""ce48177ab95f4e858b9f677fa84ec5ff""},""upload_data"":{""date"":""2026-09-04"",""run_id"":""b943f5cc87fa42099b3ec1b731772dc7""}}"
630,230,"50.289893000000006 , 18.9134156","49.981123800000006 , 19.2230595",urban-rural,mixed,2991,"{""sample_routes"":{""date"":""2026-09-03"",""run_id"":""305125553a764c29bba4eed248d5b137""},""join_samples"":{""date"":""2026-09-04"",""run_id"":""ce48177ab95f4e858b9f677fa84ec5ff""},""upload_data"":{""date"":""2026-09-04"",""run_id"":""b943f5cc87fa42099b3ec1b731772dc7""}}"
631,231,"52.2832291 , 16.7138893","52.5427691 , 16.972590500000003",rural-rural,mixed,2992,"{""sample_routes"":{""date"":""2026-09-03"",""run_id"":""305125553a764c29bba4eed248d5b137""},""join_samples"":{""date"":""2026-09-04"",""run_id"":""ce48177ab95f4e858b9f677fa84ec5ff""},""upload_data"":{""date"":""2026-09-04"",""run_id"":""b943f5cc87fa42099b3ec1b731772dc7""}}"
632,232,"53.1599839 , 18.155813000000002","52.919628800000005 , 17.9151388",urban-rural,mixed,2407,"{""sample_routes"":{""date"":""2026-09-03"",""run_id"":""305125553a764c29bba4eed248d5b137""},""join_samples"":{""date"":""2026-09-04"",""run_id"":""ce48177ab95f4e858b9f677fa84ec5ff""},""upload_data"":{""date"":""2026-09-04"",""run_id"":""b943f5cc87fa42099b3ec1b731772dc7""}}"
633,233,"50.155514800000006 , 19.4047345","50.396054500000005 , 19.164610500000002",urban-rural,mixed,2993,"{""sample_routes"":{""date"":""2026-09-03"",""run_id"":""305125553a764c29bba4eed248d5b137""},""join_samples"":{""date"":""2026-09-04"",""run_id"":""ce48177ab95f4e858b9f677fa84ec5ff""},""upload_data"":{""date"":""2026-09-04"",""run_id"":""b943f5cc87fa42099b3ec1b731772dc7""}}"
634,234,"50.4816276 , 19.3911595","50.218465200000004 , 19.1274976",urban-rural,mixed,2994,"{""sample_routes"":{""date"":""2026-09-03"",""run_id"":""305125553a764c29bba4eed248d5b137""},""join_samples"":{""date"":""2026-09-04"",""run_id"":""ce48177ab95f4e858b9f677fa84ec5ff""},""upload_data"":{""date"":""2026-09-04"",""run_id"":""b943f5cc87fa42099b3ec1b731772dc7""}}"
635,235,"51.046155000000006 , 17.346175300000002","50.8317367 , 17.5611547",urban-rural,mixed,2406,"{""sample_routes"":{""date"":""2026-09-03"",""run_id"":""305125553a764c29bba4eed248d5b137""},""join_samples"":{""date"":""2026-09-04"",""run_id"":""ce48177ab95f4e858b9f677fa84ec5ff""},""upload_data"":{""date"":""2026-09-04"",""run_id"":""b943f5cc87fa42099b3ec1b731772dc7""}}"
636,236,"49.7497867 , 19.9647913","49.99663150000001 , 20.212675700000002",rural-rural,mixed,2406,"{""sample_routes"":{""date"":""2026-09-03"",""run_id"":""305125553a764c29bba4eed248d5b137""},""join_samples"":{""date"":""2026-09-04"",""run_id"":""ce48177ab95f4e858b9f677fa84ec5ff""},""upload_data"":{""date"":""2026-09-04"",""run_id"":""b943f5cc87fa42099b3ec1b731772dc7""}}"
637,237,"52.3813023 , 21.252527500000003","51.9507501 , 20.822384500000002",rural-rural,mixed,2995,"{""sample_routes"":{""date"":""2026-09-03"",""run_id"":""305125553a764c29bba4eed248d5b137""},""join_samples"":{""date"":""2026-09-04"",""run_id"":""ce48177ab95f4e858b9f677fa84ec5ff""},""upload_data"":{""date"":""2026-09-04"",""run_id"":""b943f5cc87fa42099b3ec1b731772dc7""}}"
638,238,"52.5476679 , 21.0633419","52.2912018 , 20.806024100000002",rural-rural,mixed,2995,"{""sample_routes"":{""date"":""2026-09-03"",""run_id"":""305125553a764c29bba4eed248d5b137""},""join_samples"":{""date"":""2026-09-04"",""run_id"":""ce48177ab95f4e858b9f677fa84ec5ff""},""upload_data"":{""date"":""2026-09-04"",""run_id"":""b943f5cc87fa42099b3ec1b731772dc7""}}"
639,239,"50.0832935 , 19.158419000000002","50.403665000000004 , 19.159375800000003",rural-rural,mixed,2997,"{""sample_routes"":{""date"":""2026-09-03"",""run_id"":""305125553a764c29bba4eed248d5b137""},""join_samples"":{""date"":""2026-09-04"",""run_id"":""ce48177ab95f4e858b9f677fa84ec5ff""},""upload_data"":{""date"":""2026-09-04"",""run_id"":""b943f5cc87fa42099b3ec1b731772dc7""}}"
640,240,"53.1683966 , 18.150793","52.941197700000004 , 17.923316200000002",urban-rural,mixed,2402,"{""sample_routes"":{""date"":""2026-09-03"",""run_id"":""305125553a764c29bba4eed248d5b137""},""join_samples"":{""date"":""2026-09-04"",""run_id"":""ce48177ab95f4e858b9f677fa84ec5ff""},""upload_data"":{""date"":""2026-09-04"",""run_id"":""b943f5cc87fa42099b3ec1b731772dc7""}}"
641,241,"52.35995500000001 , 20.6313129","52.081724400000006 , 20.9102293",rural-rural,mixed,3000,"{""sample_routes"":{""date"":""2026-09-03"",""run_id"":""305125553a764c29bba4eed248d5b137""},""join_samples"":{""date"":""2026-09-04"",""run_id"":""ce48177ab95f4e858b9f677fa84ec5ff""},""upload_data"":{""date"":""2026-09-04"",""run_id"":""b943f5cc87fa42099b3ec1b731772dc7""}}"
642,242,"52.3100327 , 21.138265200000003","51.922806400000006 , 20.7507269",urban-rural,mixed,3000,"{""sample_routes"":{""date"":""2026-09-03"",""run_id"":""305125553a764c29bba4eed248d5b137""},""join_samples"":{""date"":""2026-09-04"",""run_id"":""ce48177ab95f4e858b9f677fa84ec5ff""},""upload_data"":{""date"":""2026-09-04"",""run_id"":""b943f5cc87fa42099b3ec1b731772dc7""}}"
643,243,"52.483895000000004 , 16.874831","52.1477938 , 17.211617200000003",urban-rural,mixed,3002,"{""sample_routes"":{""date"":""2026-09-03"",""run_id"":""305125553a764c29bba4eed248d5b137""},""join_samples"":{""date"":""2026-09-04"",""run_id"":""ce48177ab95f4e858b9f677fa84ec5ff""},""upload_data"":{""date"":""2026-09-04"",""run_id"":""b943f5cc87fa42099b3ec1b731772dc7""}}"
644,244,"52.305759200000004 , 21.1583513","51.9422982 , 21.158626",urban-rural,mixed,3005,"{""sample_routes"":{""date"":""2026-09-03"",""run_id"":""305125553a764c29bba4eed248d5b137""},""join_samples"":{""date"":""2026-09-04"",""run_id"":""ce48177ab95f4e858b9f677fa84ec5ff""},""upload_data"":{""date"":""2026-09-04"",""run_id"":""b943f5cc87fa42099b3ec1b731772dc7""}}"
645,245,"54.4791803 , 18.3303043","54.1554681 , 18.654968",rural-rural,mixed,2395,"{""sample_routes"":{""date"":""2026-09-03"",""run_id"":""305125553a764c29bba4eed248d5b137""},""join_samples"":{""date"":""2026-09-04"",""run_id"":""ce48177ab95f4e858b9f677fa84ec5ff""},""upload_data"":{""date"":""2026-09-04"",""run_id"":""b943f5cc87fa42099b3ec1b731772dc7""}}"
646,246,"52.0772515 , 20.868013700000002","52.5260064 , 21.3166282",rural-rural,mixed,3006,"{""sample_routes"":{""date"":""2026-09-03"",""run_id"":""305125553a764c29bba4eed248d5b137""},""join_samples"":{""date"":""2026-09-04"",""run_id"":""ce48177ab95f4e858b9f677fa84ec5ff""},""upload_data"":{""date"":""2026-09-04"",""run_id"":""b943f5cc87fa42099b3ec1b731772dc7""}}"
647,247,"50.4381362 , 19.2072258","50.131998200000005 , 19.2078656",rural-rural,mixed,3007,"{""sample_routes"":{""date"":""2026-09-03"",""run_id"":""305125553a764c29bba4eed248d5b137""},""join_samples"":{""date"":""2026-09-04"",""run_id"":""ce48177ab95f4e858b9f677fa84ec5ff""},""upload_data"":{""date"":""2026-09-04"",""run_id"":""b943f5cc87fa42099b3ec1b731772dc7""}}"
648,248,"51.733590500000005 , 19.472643","52.075803900000004 , 19.1308656",urban-rural,mixed,3008,"{""sample_routes"":{""date"":""2026-09-03"",""run_id"":""305125553a764c29bba4eed248d5b137""},""join_samples"":{""date"":""2026-09-04"",""run_id"":""ce48177ab95f4e858b9f677fa84ec5ff""},""upload_data"":{""date"":""2026-09-04"",""run_id"":""b943f5cc87fa42099b3ec1b731772dc7""}}"
649,249,"52.440977000000004 , 21.014878500000002","52.0545958 , 21.400261500000003",rural-rural,mixed,3008,"{""sample_routes"":{""date"":""2026-09-03"",""run_id"":""305125553a764c29bba4eed248d5b137""},""join_samples"":{""date"":""2026-09-04"",""run_id"":""ce48177ab95f4e858b9f677fa84ec5ff""},""upload_data"":{""date"":""2026-09-04"",""run_id"":""b943f5cc87fa42099b3ec1b731772dc7""}}"
650,250,"50.061233200000004 , 19.943759500000002","49.724227000000006 , 19.607463900000003",urban-rural,mixed,3010,"{""sample_routes"":{""date"":""2026-09-03"",""run_id"":""305125553a764c29bba4eed248d5b137""},""join_samples"":{""date"":""2026-09-04"",""run_id"":""ce48177ab95f4e858b9f677fa84ec5ff""},""upload_data"":{""date"":""2026-09-04"",""run_id"":""b943f5cc87fa42099b3ec1b731772dc7""}}"
651,251,"51.791951100000006 , 19.4764619","51.7910423 , 19.0557246",urban-rural,mixed,2389,"{""sample_routes"":{""date"":""2026-09-03"",""run_id"":""305125553a764c29bba4eed248d5b137""},""join_samples"":{""date"":""2026-09-04"",""run_id"":""ce48177ab95f4e858b9f677fa84ec5ff""},""upload_data"":{""date"":""2026-09-04"",""run_id"":""b943f5cc87fa42099b3ec1b731772dc7""}}"
652,252,"52.1783452 , 20.8758164","52.4948805 , 20.8747972",urban-rural,mixed,3011,"{""sample_routes"":{""date"":""2026-09-03"",""run_id"":""305125553a764c29bba4eed248d5b137""},""join_samples"":{""date"":""2026-09-04"",""run_id"":""ce48177ab95f4e858b9f677fa84ec5ff""},""upload_data"":{""date"":""2026-09-04"",""run_id"":""b943f5cc87fa42099b3ec1b731772dc7""}}"
653,253,"50.58531240000001 , 19.322035500000002","50.8430747 , 19.0640699",urban-urban,mixed,2387,"{""sample_routes"":{""date"":""2026-09-03"",""run_id"":""305125553a764c29bba4eed248d5b137""},""join_samples"":{""date"":""2026-09-04"",""run_id"":""ce48177ab95f4e858b9f677fa84ec5ff""},""upload_data"":{""date"":""2026-09-04"",""run_id"":""b943f5cc87fa42099b3ec1b731772dc7""}}"
654,254,"52.1910377 , 21.5591827","52.191042 , 20.699905100000002",urban-rural,mixed,3013,"{""sample_routes"":{""date"":""2026-09-03"",""run_id"":""305125553a764c29bba4eed248d5b137""},""join_samples"":{""date"":""2026-09-04"",""run_id"":""ce48177ab95f4e858b9f677fa84ec5ff""},""upload_data"":{""date"":""2026-09-04"",""run_id"":""b943f5cc87fa42099b3ec1b731772dc7""}}"
655,255,"49.7014511 , 19.1645182","50.0511324 , 19.164149300000002",rural-rural,mixed,2384,"{""sample_routes"":{""date"":""2026-09-03"",""run_id"":""305125553a764c29bba4eed248d5b137""},""join_samples"":{""date"":""2026-09-04"",""run_id"":""ce48177ab95f4e858b9f677fa84ec5ff""},""upload_data"":{""date"":""2026-09-04"",""run_id"":""b943f5cc87fa42099b3ec1b731772dc7""}}"
656,256,"50.379714 , 18.8030121","50.028113000000005 , 18.802182000000002",urban-rural,mixed,3019,"{""sample_routes"":{""date"":""2026-09-03"",""run_id"":""305125553a764c29bba4eed248d5b137""},""join_samples"":{""date"":""2026-09-04"",""run_id"":""ce48177ab95f4e858b9f677fa84ec5ff""},""upload_data"":{""date"":""2026-09-04"",""run_id"":""b943f5cc87fa42099b3ec1b731772dc7""}}"
657,257,"54.355786 , 18.7653706","54.665967800000004 , 18.455653",urban-rural,mixed,3021,"{""sample_routes"":{""date"":""2026-09-03"",""run_id"":""305125553a764c29bba4eed248d5b137""},""join_samples"":{""date"":""2026-09-04"",""run_id"":""ce48177ab95f4e858b9f677fa84ec5ff""},""upload_data"":{""date"":""2026-09-04"",""run_id"":""b943f5cc87fa42099b3ec1b731772dc7""}}"
658,258,"50.1557126 , 18.9113733","50.4368174 , 19.1930994",urban-rural,mixed,3021,"{""sample_routes"":{""date"":""2026-09-03"",""run_id"":""305125553a764c29bba4eed248d5b137""},""join_samples"":{""date"":""2026-09-04"",""run_id"":""ce48177ab95f4e858b9f677fa84ec5ff""},""upload_data"":{""date"":""2026-09-04"",""run_id"":""b943f5cc87fa42099b3ec1b731772dc7""}}"
659,259,"54.519465800000006 , 18.4704243","53.9994316 , 18.470937900000003",urban-rural,mixed,3023,"{""sample_routes"":{""date"":""2026-09-03"",""run_id"":""305125553a764c29bba4eed248d5b137""},""join_samples"":{""date"":""2026-09-04"",""run_id"":""ce48177ab95f4e858b9f677fa84ec5ff""},""upload_data"":{""date"":""2026-09-04"",""run_id"":""b943f5cc87fa42099b3ec1b731772dc7""}}"
660,260,"50.09465530000001 , 19.405787","50.32821250000001 , 19.172403600000003",rural-urban,mixed,3031,"{""sample_routes"":{""date"":""2026-09-03"",""run_id"":""305125553a764c29bba4eed248d5b137""},""join_samples"":{""date"":""2026-09-04"",""run_id"":""ce48177ab95f4e858b9f677fa84ec5ff""},""upload_data"":{""date"":""2026-09-04"",""run_id"":""b943f5cc87fa42099b3ec1b731772dc7""}}"
661,261,"52.2129994 , 20.9675681","51.9548265 , 21.2257155",urban-rural,mixed,2369,"{""sample_routes"":{""date"":""2026-09-03"",""run_id"":""305125553a764c29bba4eed248d5b137""},""join_samples"":{""date"":""2026-09-04"",""run_id"":""ce48177ab95f4e858b9f677fa84ec5ff""},""upload_data"":{""date"":""2026-09-04"",""run_id"":""b943f5cc87fa42099b3ec1b731772dc7""}}"
662,262,"52.305613900000004 , 21.1580896","51.9118356 , 20.7643355",urban-rural,mixed,3031,"{""sample_routes"":{""date"":""2026-09-03"",""run_id"":""305125553a764c29bba4eed248d5b137""},""join_samples"":{""date"":""2026-09-04"",""run_id"":""ce48177ab95f4e858b9f677fa84ec5ff""},""upload_data"":{""date"":""2026-09-04"",""run_id"":""b943f5cc87fa42099b3ec1b731772dc7""}}"
663,263,"49.7769722 , 19.053132100000003","50.1053158 , 19.380738700000002",urban-rural,mixed,3032,"{""sample_routes"":{""date"":""2026-09-03"",""run_id"":""305125553a764c29bba4eed248d5b137""},""join_samples"":{""date"":""2026-09-04"",""run_id"":""ce48177ab95f4e858b9f677fa84ec5ff""},""upload_data"":{""date"":""2026-09-04"",""run_id"":""b943f5cc87fa42099b3ec1b731772dc7""}}"
664,264,"49.797871300000004 , 19.0774484","50.1087335 , 18.7676258",urban-rural,mixed,3035,"{""sample_routes"":{""date"":""2026-09-03"",""run_id"":""305125553a764c29bba4eed248d5b137""},""join_samples"":{""date"":""2026-09-04"",""run_id"":""ce48177ab95f4e858b9f677fa84ec5ff""},""upload_data"":{""date"":""2026-09-04"",""run_id"":""b943f5cc87fa42099b3ec1b731772dc7""}}"
665,265,"50.0905695 , 18.5797281","50.0914556 , 18.087384500000002",urban-rural,mixed,2364,"{""sample_routes"":{""date"":""2026-09-03"",""run_id"":""305125553a764c29bba4eed248d5b137""},""join_samples"":{""date"":""2026-09-04"",""run_id"":""ce48177ab95f4e858b9f677fa84ec5ff""},""upload_data"":{""date"":""2026-09-04"",""run_id"":""b943f5cc87fa42099b3ec1b731772dc7""}}"
666,266,"49.967862100000005 , 19.947128300000003","50.2558292 , 20.2346456",urban-rural,mixed,3036,"{""sample_routes"":{""date"":""2026-09-03"",""run_id"":""305125553a764c29bba4eed248d5b137""},""join_samples"":{""date"":""2026-09-04"",""run_id"":""ce48177ab95f4e858b9f677fa84ec5ff""},""upload_data"":{""date"":""2026-09-04"",""run_id"":""b943f5cc87fa42099b3ec1b731772dc7""}}"
667,267,"52.189993 , 20.901376600000003","52.5072338 , 20.9014332",urban-rural,mixed,3039,"{""sample_routes"":{""date"":""2026-09-03"",""run_id"":""305125553a764c29bba4eed248d5b137""},""join_samples"":{""date"":""2026-09-04"",""run_id"":""ce48177ab95f4e858b9f677fa84ec5ff""},""upload_data"":{""date"":""2026-09-04"",""run_id"":""b943f5cc87fa42099b3ec1b731772dc7""}}"
668,268,"50.171407800000004 , 18.9720902","49.8371713 , 18.6369024",urban-rural,mixed,3041,"{""sample_routes"":{""date"":""2026-09-03"",""run_id"":""305125553a764c29bba4eed248d5b137""},""join_samples"":{""date"":""2026-09-04"",""run_id"":""ce48177ab95f4e858b9f677fa84ec5ff""},""upload_data"":{""date"":""2026-09-04"",""run_id"":""b943f5cc87fa42099b3ec1b731772dc7""}}"
669,269,"50.031062600000006 , 19.2531716","50.3257649 , 18.9594424",urban-urban,mixed,3041,"{""sample_routes"":{""date"":""2026-09-03"",""run_id"":""305125553a764c29bba4eed248d5b137""},""join_samples"":{""date"":""2026-09-04"",""run_id"":""ce48177ab95f4e858b9f677fa84ec5ff""},""upload_data"":{""date"":""2026-09-04"",""run_id"":""b943f5cc87fa42099b3ec1b731772dc7""}}"
670,270,"52.0630212 , 20.8115937","52.4905046 , 21.2399385",rural-rural,mixed,3042,"{""sample_routes"":{""date"":""2026-09-03"",""run_id"":""305125553a764c29bba4eed248d5b137""},""join_samples"":{""date"":""2026-09-04"",""run_id"":""ce48177ab95f4e858b9f677fa84ec5ff""},""upload_data"":{""date"":""2026-09-04"",""run_id"":""b943f5cc87fa42099b3ec1b731772dc7""}}"
671,271,"52.321613400000004 , 20.9640349","51.9449789 , 20.964207000000002",urban-rural,mixed,3042,"{""sample_routes"":{""date"":""2026-09-03"",""run_id"":""305125553a764c29bba4eed248d5b137""},""join_samples"":{""date"":""2026-09-04"",""run_id"":""ce48177ab95f4e858b9f677fa84ec5ff""},""upload_data"":{""date"":""2026-09-04"",""run_id"":""b943f5cc87fa42099b3ec1b731772dc7""}}"
672,272,"50.322570600000006 , 19.042657600000002","50.076539800000006 , 19.2890465",urban-rural,mixed,3043,"{""sample_routes"":{""date"":""2026-09-03"",""run_id"":""305125553a764c29bba4eed248d5b137""},""join_samples"":{""date"":""2026-09-04"",""run_id"":""ce48177ab95f4e858b9f677fa84ec5ff""},""upload_data"":{""date"":""2026-09-04"",""run_id"":""b943f5cc87fa42099b3ec1b731772dc7""}}"
673,273,"50.393747000000005 , 18.9464702","50.0655269 , 18.9463183",urban-rural,mixed,3044,"{""sample_routes"":{""date"":""2026-09-03"",""run_id"":""305125553a764c29bba4eed248d5b137""},""join_samples"":{""date"":""2026-09-04"",""run_id"":""ce48177ab95f4e858b9f677fa84ec5ff""},""upload_data"":{""date"":""2026-09-04"",""run_id"":""b943f5cc87fa42099b3ec1b731772dc7""}}"
674,274,"53.143943400000005 , 23.181034200000003","52.9103707 , 22.947543900000003",urban-rural,mixed,2356,"{""sample_routes"":{""date"":""2026-09-03"",""run_id"":""305125553a764c29bba4eed248d5b137""},""join_samples"":{""date"":""2026-09-04"",""run_id"":""ce48177ab95f4e858b9f677fa84ec5ff""},""upload_data"":{""date"":""2026-09-04"",""run_id"":""b943f5cc87fa42099b3ec1b731772dc7""}}"
675,275,"50.2107533 , 19.260457900000002","49.9901628 , 19.2607348",urban-rural,mixed,2356,"{""sample_routes"":{""date"":""2026-09-03"",""run_id"":""305125553a764c29bba4eed248d5b137""},""join_samples"":{""date"":""2026-09-04"",""run_id"":""ce48177ab95f4e858b9f677fa84ec5ff""},""upload_data"":{""date"":""2026-09-04"",""run_id"":""b943f5cc87fa42099b3ec1b731772dc7""}}"
676,276,"49.795247 , 19.5765804","49.794617300000006 , 19.0756435",rural-urban,mixed,3045,"{""sample_routes"":{""date"":""2026-09-03"",""run_id"":""305125553a764c29bba4eed248d5b137""},""join_samples"":{""date"":""2026-09-04"",""run_id"":""ce48177ab95f4e858b9f677fa84ec5ff""},""upload_data"":{""date"":""2026-09-04"",""run_id"":""b943f5cc87fa42099b3ec1b731772dc7""}}"
677,277,"52.219711000000004 , 20.9430006","52.608939400000004 , 21.3312308",urban-rural,mixed,3045,"{""sample_routes"":{""date"":""2026-09-03"",""run_id"":""305125553a764c29bba4eed248d5b137""},""join_samples"":{""date"":""2026-09-04"",""run_id"":""ce48177ab95f4e858b9f677fa84ec5ff""},""upload_data"":{""date"":""2026-09-04"",""run_id"":""b943f5cc87fa42099b3ec1b731772dc7""}}"
678,278,"54.543019300000005 , 18.5477138","53.952651100000004 , 18.5480197",urban-urban,mixed,3046,"{""sample_routes"":{""date"":""2026-09-03"",""run_id"":""305125553a764c29bba4eed248d5b137""},""join_samples"":{""date"":""2026-09-04"",""run_id"":""ce48177ab95f4e858b9f677fa84ec5ff""},""upload_data"":{""date"":""2026-09-04"",""run_id"":""b943f5cc87fa42099b3ec1b731772dc7""}}"
679,279,"52.349113 , 21.440439","52.3487664 , 20.8348471",rural-rural,mixed,3048,"{""sample_routes"":{""date"":""2026-09-03"",""run_id"":""305125553a764c29bba4eed248d5b137""},""join_samples"":{""date"":""2026-09-04"",""run_id"":""ce48177ab95f4e858b9f677fa84ec5ff""},""upload_data"":{""date"":""2026-09-04"",""run_id"":""b943f5cc87fa42099b3ec1b731772dc7""}}"
680,280,"52.2337027 , 20.966001600000002","52.6856346 , 21.418817800000003",urban-rural,mixed,3050,"{""sample_routes"":{""date"":""2026-09-03"",""run_id"":""305125553a764c29bba4eed248d5b137""},""join_samples"":{""date"":""2026-09-04"",""run_id"":""ce48177ab95f4e858b9f677fa84ec5ff""},""upload_data"":{""date"":""2026-09-04"",""run_id"":""b943f5cc87fa42099b3ec1b731772dc7""}}"
681,281,"50.4542067 , 18.8360832","50.1411773 , 18.8362035",urban-urban,mixed,3052,"{""sample_routes"":{""date"":""2026-09-03"",""run_id"":""305125553a764c29bba4eed248d5b137""},""join_samples"":{""date"":""2026-09-04"",""run_id"":""ce48177ab95f4e858b9f677fa84ec5ff""},""upload_data"":{""date"":""2026-09-04"",""run_id"":""b943f5cc87fa42099b3ec1b731772dc7""}}"
682,282,"52.098467500000005 , 21.268662000000003","52.4501147 , 21.2691832",urban-rural,mixed,3056,"{""sample_routes"":{""date"":""2026-09-03"",""run_id"":""305125553a764c29bba4eed248d5b137""},""join_samples"":{""date"":""2026-09-04"",""run_id"":""ce48177ab95f4e858b9f677fa84ec5ff""},""upload_data"":{""date"":""2026-09-04"",""run_id"":""b943f5cc87fa42099b3ec1b731772dc7""}}"
683,283,"50.086336300000006 , 19.4125899","49.764864700000004 , 19.0908559",rural-urban,mixed,3058,"{""sample_routes"":{""date"":""2026-09-03"",""run_id"":""305125553a764c29bba4eed248d5b137""},""join_samples"":{""date"":""2026-09-04"",""run_id"":""ce48177ab95f4e858b9f677fa84ec5ff""},""upload_data"":{""date"":""2026-09-04"",""run_id"":""b943f5cc87fa42099b3ec1b731772dc7""}}"
684,284,"49.9560929 , 19.191072000000002","50.2544692 , 18.8933681",rural-urban,mixed,3066,"{""sample_routes"":{""date"":""2026-09-03"",""run_id"":""305125553a764c29bba4eed248d5b137""},""join_samples"":{""date"":""2026-09-04"",""run_id"":""ce48177ab95f4e858b9f677fa84ec5ff""},""upload_data"":{""date"":""2026-09-04"",""run_id"":""b943f5cc87fa42099b3ec1b731772dc7""}}"
685,285,"50.0711725 , 18.4741696","49.732296500000004 , 18.8125846",urban-urban,mixed,3068,"{""sample_routes"":{""date"":""2026-09-03"",""run_id"":""305125553a764c29bba4eed248d5b137""},""join_samples"":{""date"":""2026-09-04"",""run_id"":""ce48177ab95f4e858b9f677fa84ec5ff""},""upload_data"":{""date"":""2026-09-04"",""run_id"":""b943f5cc87fa42099b3ec1b731772dc7""}}"
686,286,"51.1043815 , 17.1024007","51.2931358 , 17.2901375",urban-rural,mixed,2330,"{""sample_routes"":{""date"":""2026-09-03"",""run_id"":""305125553a764c29bba4eed248d5b137""},""join_samples"":{""date"":""2026-09-04"",""run_id"":""ce48177ab95f4e858b9f677fa84ec5ff""},""upload_data"":{""date"":""2026-09-04"",""run_id"":""b943f5cc87fa42099b3ec1b731772dc7""}}"
687,287,"50.001073600000005 , 18.9877024","49.6146363 , 19.3737406",rural-rural,mixed,3072,"{""sample_routes"":{""date"":""2026-09-03"",""run_id"":""305125553a764c29bba4eed248d5b137""},""join_samples"":{""date"":""2026-09-04"",""run_id"":""ce48177ab95f4e858b9f677fa84ec5ff""},""upload_data"":{""date"":""2026-09-04"",""run_id"":""b943f5cc87fa42099b3ec1b731772dc7""}}"
688,288,"50.0239033 , 19.993397100000003","49.7633543 , 19.732206100000003",urban-rural,mixed,2327,"{""sample_routes"":{""date"":""2026-09-03"",""run_id"":""305125553a764c29bba4eed248d5b137""},""join_samples"":{""date"":""2026-09-04"",""run_id"":""ce48177ab95f4e858b9f677fa84ec5ff""},""upload_data"":{""date"":""2026-09-04"",""run_id"":""b943f5cc87fa42099b3ec1b731772dc7""}}"
689,289,"50.061901500000005 , 19.897503500000003","49.7474488 , 19.5821925",urban-urban,mixed,3077,"{""sample_routes"":{""date"":""2026-09-03"",""run_id"":""305125553a764c29bba4eed248d5b137""},""join_samples"":{""date"":""2026-09-04"",""run_id"":""ce48177ab95f4e858b9f677fa84ec5ff""},""upload_data"":{""date"":""2026-09-04"",""run_id"":""b943f5cc87fa42099b3ec1b731772dc7""}}"
690,290,"49.903997100000005 , 19.0053397","50.2281381 , 18.681565600000003",urban-urban,mixed,3078,"{""sample_routes"":{""date"":""2026-09-03"",""run_id"":""305125553a764c29bba4eed248d5b137""},""join_samples"":{""date"":""2026-09-04"",""run_id"":""ce48177ab95f4e858b9f677fa84ec5ff""},""upload_data"":{""date"":""2026-09-04"",""run_id"":""b943f5cc87fa42099b3ec1b731772dc7""}}"
691,291,"52.184072500000006 , 21.575065300000002","52.184957600000004 , 20.556327600000003",urban-rural,mixed,3078,"{""sample_routes"":{""date"":""2026-09-03"",""run_id"":""305125553a764c29bba4eed248d5b137""},""join_samples"":{""date"":""2026-09-04"",""run_id"":""ce48177ab95f4e858b9f677fa84ec5ff""},""upload_data"":{""date"":""2026-09-04"",""run_id"":""b943f5cc87fa42099b3ec1b731772dc7""}}"
692,292,"52.1032085 , 21.302739000000003","52.102933500000006 , 20.6569557",rural-urban,mixed,3079,"{""sample_routes"":{""date"":""2026-09-03"",""run_id"":""305125553a764c29bba4eed248d5b137""},""join_samples"":{""date"":""2026-09-04"",""run_id"":""ce48177ab95f4e858b9f677fa84ec5ff""},""upload_data"":{""date"":""2026-09-04"",""run_id"":""b943f5cc87fa42099b3ec1b731772dc7""}}"
693,293,"49.7338207 , 18.7991235","50.0551097 , 18.478423900000003",urban-urban,mixed,3080,"{""sample_routes"":{""date"":""2026-09-03"",""run_id"":""305125553a764c29bba4eed248d5b137""},""join_samples"":{""date"":""2026-09-04"",""run_id"":""ce48177ab95f4e858b9f677fa84ec5ff""},""upload_data"":{""date"":""2026-09-04"",""run_id"":""b943f5cc87fa42099b3ec1b731772dc7""}}"
694,294,"52.3940003 , 21.3737005","52.218615500000006 , 21.1977149",rural-urban,mixed,2316,"{""sample_routes"":{""date"":""2026-09-03"",""run_id"":""305125553a764c29bba4eed248d5b137""},""join_samples"":{""date"":""2026-09-04"",""run_id"":""ce48177ab95f4e858b9f677fa84ec5ff""},""upload_data"":{""date"":""2026-09-04"",""run_id"":""b943f5cc87fa42099b3ec1b731772dc7""}}"
695,295,"49.959912200000005 , 19.1391055","50.3008206 , 19.138164",urban-urban,mixed,3091,"{""sample_routes"":{""date"":""2026-09-03"",""run_id"":""305125553a764c29bba4eed248d5b137""},""join_samples"":{""date"":""2026-09-04"",""run_id"":""ce48177ab95f4e858b9f677fa84ec5ff""},""upload_data"":{""date"":""2026-09-04"",""run_id"":""b943f5cc87fa42099b3ec1b731772dc7""}}"
696,296,"50.2792942 , 21.794780000000003","50.0749104 , 21.5911827",rural-rural,mixed,2306,"{""sample_routes"":{""date"":""2026-09-03"",""run_id"":""305125553a764c29bba4eed248d5b137""},""join_samples"":{""date"":""2026-09-04"",""run_id"":""ce48177ab95f4e858b9f677fa84ec5ff""},""upload_data"":{""date"":""2026-09-04"",""run_id"":""b943f5cc87fa42099b3ec1b731772dc7""}}"
697,297,"51.9769348 , 20.726064400000002","52.393882500000004 , 21.1425351",rural-rural,mixed,3095,"{""sample_routes"":{""date"":""2026-09-03"",""run_id"":""305125553a764c29bba4eed248d5b137""},""join_samples"":{""date"":""2026-09-04"",""run_id"":""ce48177ab95f4e858b9f677fa84ec5ff""},""upload_data"":{""date"":""2026-09-04"",""run_id"":""b943f5cc87fa42099b3ec1b731772dc7""}}"
698,298,"52.087885 , 21.0001085","52.4445465 , 21.000975800000003",urban-rural,mixed,3099,"{""sample_routes"":{""date"":""2026-09-03"",""run_id"":""305125553a764c29bba4eed248d5b137""},""join_samples"":{""date"":""2026-09-04"",""run_id"":""ce48177ab95f4e858b9f677fa84ec5ff""},""upload_data"":{""date"":""2026-09-04"",""run_id"":""b943f5cc87fa42099b3ec1b731772dc7""}}"
699,299,"50.2776951 , 19.563375500000003","50.2785972 , 18.9230494",urban-urban,mixed,3103,"{""sample_routes"":{""date"":""2026-09-03"",""run_id"":""305125553a764c29bba4eed248d5b137""},""join_samples"":{""date"":""2026-09-04"",""run_id"":""ce48177ab95f4e858b9f677fa84ec5ff""},""upload_data"":{""date"":""2026-09-04"",""run_id"":""b943f5cc87fa42099b3ec1b731772dc7""}}"
700,300,"50.480953400000004 , 19.2501646","50.8032352 , 18.927410000000002",urban-rural,rural,2704,"{""sample_routes"":{""date"":""2026-09-03"",""run_id"":""305125553a764c29bba4eed248d5b137""},""join_samples"":{""date"":""2026-09-04"",""run_id"":""ce48177ab95f4e858b9f677fa84ec5ff""},""upload_data"":{""date"":""2026-09-04"",""run_id"":""b943f5cc87fa42099b3ec1b731772dc7""}}"
701,301,"50.6583886 , 16.431288600000002","50.395622100000004 , 16.4302883",rural-rural,rural,2693,"{""sample_routes"":{""date"":""2026-09-03"",""run_id"":""305125553a764c29bba4eed248d5b137""},""join_samples"":{""date"":""2026-09-04"",""run_id"":""ce48177ab95f4e858b9f677fa84ec5ff""},""upload_data"":{""date"":""2026-09-04"",""run_id"":""b943f5cc87fa42099b3ec1b731772dc7""}}"
702,302,"53.073996900000004 , 23.0287539","52.821248700000005 , 23.2811217",rural-rural,rural,2688,"{""sample_routes"":{""date"":""2026-09-03"",""run_id"":""305125553a764c29bba4eed248d5b137""},""join_samples"":{""date"":""2026-09-04"",""run_id"":""ce48177ab95f4e858b9f677fa84ec5ff""},""upload_data"":{""date"":""2026-09-04"",""run_id"":""b943f5cc87fa42099b3ec1b731772dc7""}}"
703,303,"51.4705631 , 18.165162000000002","51.7504548 , 17.8844359",rural-rural,rural,2725,"{""sample_routes"":{""date"":""2026-09-03"",""run_id"":""305125553a764c29bba4eed248d5b137""},""join_samples"":{""date"":""2026-09-04"",""run_id"":""ce48177ab95f4e858b9f677fa84ec5ff""},""upload_data"":{""date"":""2026-09-04"",""run_id"":""b943f5cc87fa42099b3ec1b731772dc7""}}"
704,304,"53.4728239 , 18.740509600000003","53.1658898 , 19.0465689",urban-rural,rural,2726,"{""sample_routes"":{""date"":""2026-09-03"",""run_id"":""305125553a764c29bba4eed248d5b137""},""join_samples"":{""date"":""2026-09-04"",""run_id"":""ce48177ab95f4e858b9f677fa84ec5ff""},""upload_data"":{""date"":""2026-09-04"",""run_id"":""b943f5cc87fa42099b3ec1b731772dc7""}}"
705,305,"50.9178062 , 17.2801437","51.2258572 , 17.2798261",rural-rural,rural,2736,"{""sample_routes"":{""date"":""2026-09-03"",""run_id"":""305125553a764c29bba4eed248d5b137""},""join_samples"":{""date"":""2026-09-04"",""run_id"":""ce48177ab95f4e858b9f677fa84ec5ff""},""upload_data"":{""date"":""2026-09-04"",""run_id"":""b943f5cc87fa42099b3ec1b731772dc7""}}"
706,306,"49.972628500000006 , 20.5505971","49.7345574 , 20.7891213",rural-rural,rural,2659,"{""sample_routes"":{""date"":""2026-09-03"",""run_id"":""305125553a764c29bba4eed248d5b137""},""join_samples"":{""date"":""2026-09-04"",""run_id"":""ce48177ab95f4e858b9f677fa84ec5ff""},""upload_data"":{""date"":""2026-09-04"",""run_id"":""b943f5cc87fa42099b3ec1b731772dc7""}}"
707,307,"50.2112837 , 19.266133500000002","50.4541989 , 19.508251700000002",urban-rural,rural,2658,"{""sample_routes"":{""date"":""2026-09-03"",""run_id"":""305125553a764c29bba4eed248d5b137""},""join_samples"":{""date"":""2026-09-04"",""run_id"":""ce48177ab95f4e858b9f677fa84ec5ff""},""upload_data"":{""date"":""2026-09-04"",""run_id"":""b943f5cc87fa42099b3ec1b731772dc7""}}"
708,308,"50.111388100000006 , 19.043696","49.7857147 , 18.7174571",urban-rural,rural,2653,"{""sample_routes"":{""date"":""2026-09-03"",""run_id"":""305125553a764c29bba4eed248d5b137""},""join_samples"":{""date"":""2026-09-04"",""run_id"":""ce48177ab95f4e858b9f677fa84ec5ff""},""upload_data"":{""date"":""2026-09-04"",""run_id"":""b943f5cc87fa42099b3ec1b731772dc7""}}"
709,309,"50.8265875 , 16.4794434","50.8271742 , 16.9860805",urban-rural,rural,2751,"{""sample_routes"":{""date"":""2026-09-03"",""run_id"":""305125553a764c29bba4eed248d5b137""},""join_samples"":{""date"":""2026-09-04"",""run_id"":""ce48177ab95f4e858b9f677fa84ec5ff""},""upload_data"":{""date"":""2026-09-04"",""run_id"":""b943f5cc87fa42099b3ec1b731772dc7""}}"
710,310,"54.2697768 , 16.1066879","53.992600100000004 , 15.830168",rural-rural,rural,2646,"{""sample_routes"":{""date"":""2026-09-03"",""run_id"":""305125553a764c29bba4eed248d5b137""},""join_samples"":{""date"":""2026-09-04"",""run_id"":""ce48177ab95f4e858b9f677fa84ec5ff""},""upload_data"":{""date"":""2026-09-04"",""run_id"":""b943f5cc87fa42099b3ec1b731772dc7""}}"
711,311,"53.5680868 , 22.266178200000002","53.8465834 , 21.9877019",rural-rural,rural,2638,"{""sample_routes"":{""date"":""2026-09-03"",""run_id"":""305125553a764c29bba4eed248d5b137""},""join_samples"":{""date"":""2026-09-04"",""run_id"":""ce48177ab95f4e858b9f677fa84ec5ff""},""upload_data"":{""date"":""2026-09-04"",""run_id"":""b943f5cc87fa42099b3ec1b731772dc7""}}"
712,312,"52.189895 , 21.1766411","51.815853600000004 , 21.5503068",urban-rural,rural,2764,"{""sample_routes"":{""date"":""2026-09-03"",""run_id"":""305125553a764c29bba4eed248d5b137""},""join_samples"":{""date"":""2026-09-04"",""run_id"":""ce48177ab95f4e858b9f677fa84ec5ff""},""upload_data"":{""date"":""2026-09-04"",""run_id"":""b943f5cc87fa42099b3ec1b731772dc7""}}"
713,313,"52.1401004 , 18.7821913","51.7927769 , 18.782745000000002",rural-rural,rural,2770,"{""sample_routes"":{""date"":""2026-09-03"",""run_id"":""305125553a764c29bba4eed248d5b137""},""join_samples"":{""date"":""2026-09-04"",""run_id"":""ce48177ab95f4e858b9f677fa84ec5ff""},""upload_data"":{""date"":""2026-09-04"",""run_id"":""b943f5cc87fa42099b3ec1b731772dc7""}}"
714,314,"53.2440702 , 17.7656299","52.92984250000001 , 17.451377400000002",rural-rural,rural,2780,"{""sample_routes"":{""date"":""2026-09-03"",""run_id"":""305125553a764c29bba4eed248d5b137""},""join_samples"":{""date"":""2026-09-04"",""run_id"":""ce48177ab95f4e858b9f677fa84ec5ff""},""upload_data"":{""date"":""2026-09-04"",""run_id"":""b943f5cc87fa42099b3ec1b731772dc7""}}"
715,315,"53.0401862 , 18.685931200000002","52.7798571 , 18.9472357",urban-rural,rural,2797,"{""sample_routes"":{""date"":""2026-09-03"",""run_id"":""305125553a764c29bba4eed248d5b137""},""join_samples"":{""date"":""2026-09-04"",""run_id"":""ce48177ab95f4e858b9f677fa84ec5ff""},""upload_data"":{""date"":""2026-09-04"",""run_id"":""b943f5cc87fa42099b3ec1b731772dc7""}}"
716,316,"49.4253639 , 20.001193","49.734872800000005 , 19.691866100000002",rural-rural,rural,2797,"{""sample_routes"":{""date"":""2026-09-03"",""run_id"":""305125553a764c29bba4eed248d5b137""},""join_samples"":{""date"":""2026-09-04"",""run_id"":""ce48177ab95f4e858b9f677fa84ec5ff""},""upload_data"":{""date"":""2026-09-04"",""run_id"":""b943f5cc87fa42099b3ec1b731772dc7""}}"
717,317,"51.7754264 , 19.4065027","51.443889500000004 , 19.7375085",urban-rural,rural,2597,"{""sample_routes"":{""date"":""2026-09-03"",""run_id"":""305125553a764c29bba4eed248d5b137""},""join_samples"":{""date"":""2026-09-04"",""run_id"":""ce48177ab95f4e858b9f677fa84ec5ff""},""upload_data"":{""date"":""2026-09-04"",""run_id"":""b943f5cc87fa42099b3ec1b731772dc7""}}"
718,318,"52.081213500000004 , 17.6760483","52.0816511 , 18.3174156",rural-rural,rural,2805,"{""sample_routes"":{""date"":""2026-09-03"",""run_id"":""305125553a764c29bba4eed248d5b137""},""join_samples"":{""date"":""2026-09-04"",""run_id"":""ce48177ab95f4e858b9f677fa84ec5ff""},""upload_data"":{""date"":""2026-09-04"",""run_id"":""b943f5cc87fa42099b3ec1b731772dc7""}}"
719,319,"51.306484000000005 , 16.168875500000002","50.998201300000005 , 15.860949600000001",rural-rural,rural,2806,"{""sample_routes"":{""date"":""2026-09-03"",""run_id"":""305125553a764c29bba4eed248d5b137""},""join_samples"":{""date"":""2026-09-04"",""run_id"":""ce48177ab95f4e858b9f677fa84ec5ff""},""upload_data"":{""date"":""2026-09-04"",""run_id"":""b943f5cc87fa42099b3ec1b731772dc7""}}"
720,320,"51.743698 , 15.581066000000002","51.743200400000006 , 16.0463016",urban-rural,rural,2808,"{""sample_routes"":{""date"":""2026-09-03"",""run_id"":""305125553a764c29bba4eed248d5b137""},""join_samples"":{""date"":""2026-09-04"",""run_id"":""ce48177ab95f4e858b9f677fa84ec5ff""},""upload_data"":{""date"":""2026-09-04"",""run_id"":""b943f5cc87fa42099b3ec1b731772dc7""}}"
721,321,"52.252731000000004 , 20.588573800000002","52.644487000000005 , 20.1976353",rural-rural,rural,2810,"{""sample_routes"":{""date"":""2026-09-03"",""run_id"":""305125553a764c29bba4eed248d5b137""},""join_samples"":{""date"":""2026-09-04"",""run_id"":""ce48177ab95f4e858b9f677fa84ec5ff""},""upload_data"":{""date"":""2026-09-04"",""run_id"":""b943f5cc87fa42099b3ec1b731772dc7""}}"
722,322,"52.1349791 , 17.0204349","52.518438700000004 , 17.4036878",rural-rural,rural,2812,"{""sample_routes"":{""date"":""2026-09-03"",""run_id"":""305125553a764c29bba4eed248d5b137""},""join_samples"":{""date"":""2026-09-04"",""run_id"":""ce48177ab95f4e858b9f677fa84ec5ff""},""upload_data"":{""date"":""2026-09-04"",""run_id"":""b943f5cc87fa42099b3ec1b731772dc7""}}"
723,323,"52.4191866 , 20.9496073","52.7218468 , 20.6474581",urban-rural,rural,2815,"{""sample_routes"":{""date"":""2026-09-03"",""run_id"":""305125553a764c29bba4eed248d5b137""},""join_samples"":{""date"":""2026-09-04"",""run_id"":""ce48177ab95f4e858b9f677fa84ec5ff""},""upload_data"":{""date"":""2026-09-04"",""run_id"":""b943f5cc87fa42099b3ec1b731772dc7""}}"
724,324,"50.344317700000005 , 21.450490600000002","49.992530900000006 , 21.4505026",rural-rural,rural,2819,"{""sample_routes"":{""date"":""2026-09-03"",""run_id"":""305125553a764c29bba4eed248d5b137""},""join_samples"":{""date"":""2026-09-04"",""run_id"":""ce48177ab95f4e858b9f677fa84ec5ff""},""upload_data"":{""date"":""2026-09-04"",""run_id"":""b943f5cc87fa42099b3ec1b731772dc7""}}"
725,325,"51.204714100000004 , 22.6900599","51.2043906 , 22.0687645",urban-rural,rural,2822,"{""sample_routes"":{""date"":""2026-09-03"",""run_id"":""305125553a764c29bba4eed248d5b137""},""join_samples"":{""date"":""2026-09-04"",""run_id"":""ce48177ab95f4e858b9f677fa84ec5ff""},""upload_data"":{""date"":""2026-09-04"",""run_id"":""b943f5cc87fa42099b3ec1b731772dc7""}}"
726,326,"51.707190600000004 , 20.692484200000003","51.945681900000004 , 20.453410100000003",rural-rural,rural,2832,"{""sample_routes"":{""date"":""2026-09-03"",""run_id"":""305125553a764c29bba4eed248d5b137""},""join_samples"":{""date"":""2026-09-04"",""run_id"":""ce48177ab95f4e858b9f677fa84ec5ff""},""upload_data"":{""date"":""2026-09-04"",""run_id"":""b943f5cc87fa42099b3ec1b731772dc7""}}"
727,327,"53.6061004 , 18.2539075","53.8451407 , 18.0144132",rural-rural,rural,2842,"{""sample_routes"":{""date"":""2026-09-03"",""run_id"":""305125553a764c29bba4eed248d5b137""},""join_samples"":{""date"":""2026-09-04"",""run_id"":""ce48177ab95f4e858b9f677fa84ec5ff""},""upload_data"":{""date"":""2026-09-04"",""run_id"":""b943f5cc87fa42099b3ec1b731772dc7""}}"
728,328,"49.980394700000005 , 20.8686548","49.6645711 , 20.867975",rural-rural,rural,2846,"{""sample_routes"":{""date"":""2026-09-03"",""run_id"":""305125553a764c29bba4eed248d5b137""},""join_samples"":{""date"":""2026-09-04"",""run_id"":""ce48177ab95f4e858b9f677fa84ec5ff""},""upload_data"":{""date"":""2026-09-04"",""run_id"":""b943f5cc87fa42099b3ec1b731772dc7""}}"
729,329,"52.1302603 , 21.6052779","52.403595300000006 , 21.8788053",rural-rural,rural,2851,"{""sample_routes"":{""date"":""2026-09-03"",""run_id"":""305125553a764c29bba4eed248d5b137""},""join_samples"":{""date"":""2026-09-04"",""run_id"":""ce48177ab95f4e858b9f677fa84ec5ff""},""upload_data"":{""date"":""2026-09-04"",""run_id"":""b943f5cc87fa42099b3ec1b731772dc7""}}"
730,330,"52.106169300000005 , 21.1167382","51.7099841 , 20.721381700000002",urban-rural,rural,2856,"{""sample_routes"":{""date"":""2026-09-03"",""run_id"":""305125553a764c29bba4eed248d5b137""},""join_samples"":{""date"":""2026-09-04"",""run_id"":""ce48177ab95f4e858b9f677fa84ec5ff""},""upload_data"":{""date"":""2026-09-04"",""run_id"":""b943f5cc87fa42099b3ec1b731772dc7""}}"
731,331,"51.466163 , 15.978878600000002","51.116549500000005 , 15.978719700000001",rural-rural,rural,2856,"{""sample_routes"":{""date"":""2026-09-03"",""run_id"":""305125553a764c29bba4eed248d5b137""},""join_samples"":{""date"":""2026-09-04"",""run_id"":""ce48177ab95f4e858b9f677fa84ec5ff""},""upload_data"":{""date"":""2026-09-04"",""run_id"":""b943f5cc87fa42099b3ec1b731772dc7""}}"
732,332,"51.4197756 , 21.163238","50.942357400000006 , 20.686080200000003",urban-rural,rural,2858,"{""sample_routes"":{""date"":""2026-09-03"",""run_id"":""305125553a764c29bba4eed248d5b137""},""join_samples"":{""date"":""2026-09-04"",""run_id"":""ce48177ab95f4e858b9f677fa84ec5ff""},""upload_data"":{""date"":""2026-09-04"",""run_id"":""b943f5cc87fa42099b3ec1b731772dc7""}}"
733,333,"53.567986000000005 , 14.831868600000002","53.271861400000006 , 15.1284138",urban-rural,rural,2859,"{""sample_routes"":{""date"":""2026-09-03"",""run_id"":""305125553a764c29bba4eed248d5b137""},""join_samples"":{""date"":""2026-09-04"",""run_id"":""ce48177ab95f4e858b9f677fa84ec5ff""},""upload_data"":{""date"":""2026-09-04"",""run_id"":""b943f5cc87fa42099b3ec1b731772dc7""}}"
734,334,"51.050086 , 15.698702500000001","50.8645803 , 15.8832216",rural-rural,rural,2866,"{""sample_routes"":{""date"":""2026-09-03"",""run_id"":""305125553a764c29bba4eed248d5b137""},""join_samples"":{""date"":""2026-09-04"",""run_id"":""ce48177ab95f4e858b9f677fa84ec5ff""},""upload_data"":{""date"":""2026-09-04"",""run_id"":""b943f5cc87fa42099b3ec1b731772dc7""}}"
735,335,"52.3876569 , 21.609537900000003","52.6702645 , 21.326755600000002",rural-rural,rural,2534,"{""sample_routes"":{""date"":""2026-09-03"",""run_id"":""305125553a764c29bba4eed248d5b137""},""join_samples"":{""date"":""2026-09-04"",""run_id"":""ce48177ab95f4e858b9f677fa84ec5ff""},""upload_data"":{""date"":""2026-09-04"",""run_id"":""b943f5cc87fa42099b3ec1b731772dc7""}}"
736,336,"53.714844400000004 , 16.681438800000002","53.361532100000005 , 17.0351331",urban-urban,rural,2524,"{""sample_routes"":{""date"":""2026-09-03"",""run_id"":""305125553a764c29bba4eed248d5b137""},""join_samples"":{""date"":""2026-09-04"",""run_id"":""ce48177ab95f4e858b9f677fa84ec5ff""},""upload_data"":{""date"":""2026-09-04"",""run_id"":""b943f5cc87fa42099b3ec1b731772dc7""}}"
737,337,"52.352628900000006 , 17.4677359","52.7019582 , 17.4684509",rural-rural,rural,2888,"{""sample_routes"":{""date"":""2026-09-03"",""run_id"":""305125553a764c29bba4eed248d5b137""},""join_samples"":{""date"":""2026-09-04"",""run_id"":""ce48177ab95f4e858b9f677fa84ec5ff""},""upload_data"":{""date"":""2026-09-04"",""run_id"":""b943f5cc87fa42099b3ec1b731772dc7""}}"
738,338,"53.587568100000006 , 14.865017000000002","53.125053 , 14.864141100000001",rural-rural,rural,2888,"{""sample_routes"":{""date"":""2026-09-03"",""run_id"":""305125553a764c29bba4eed248d5b137""},""join_samples"":{""date"":""2026-09-04"",""run_id"":""ce48177ab95f4e858b9f677fa84ec5ff""},""upload_data"":{""date"":""2026-09-04"",""run_id"":""b943f5cc87fa42099b3ec1b731772dc7""}}"
739,339,"51.6643915 , 16.9961401","51.6633785 , 16.3162422",rural-rural,rural,2889,"{""sample_routes"":{""date"":""2026-09-03"",""run_id"":""305125553a764c29bba4eed248d5b137""},""join_samples"":{""date"":""2026-09-04"",""run_id"":""ce48177ab95f4e858b9f677fa84ec5ff""},""upload_data"":{""date"":""2026-09-04"",""run_id"":""b943f5cc87fa42099b3ec1b731772dc7""}}"
740,340,"51.4984066 , 16.4287445","51.748632900000004 , 16.6782909",rural-rural,rural,2892,"{""sample_routes"":{""date"":""2026-09-03"",""run_id"":""305125553a764c29bba4eed248d5b137""},""join_samples"":{""date"":""2026-09-04"",""run_id"":""ce48177ab95f4e858b9f677fa84ec5ff""},""upload_data"":{""date"":""2026-09-04"",""run_id"":""b943f5cc87fa42099b3ec1b731772dc7""}}"
741,341,"51.466164400000004 , 21.782095700000003","51.822921 , 21.781950700000003",rural-rural,rural,2895,"{""sample_routes"":{""date"":""2026-09-03"",""run_id"":""305125553a764c29bba4eed248d5b137""},""join_samples"":{""date"":""2026-09-04"",""run_id"":""ce48177ab95f4e858b9f677fa84ec5ff""},""upload_data"":{""date"":""2026-09-04"",""run_id"":""b943f5cc87fa42099b3ec1b731772dc7""}}"
742,342,"52.6023307 , 16.322284800000002","52.251186700000005 , 16.3233098",rural-rural,rural,2896,"{""sample_routes"":{""date"":""2026-09-03"",""run_id"":""305125553a764c29bba4eed248d5b137""},""join_samples"":{""date"":""2026-09-04"",""run_id"":""ce48177ab95f4e858b9f677fa84ec5ff""},""upload_data"":{""date"":""2026-09-04"",""run_id"":""b943f5cc87fa42099b3ec1b731772dc7""}}"
743,343,"50.3450878 , 19.459104500000002","50.638572700000005 , 19.458963",rural-rural,rural,2900,"{""sample_routes"":{""date"":""2026-09-03"",""run_id"":""305125553a764c29bba4eed248d5b137""},""join_samples"":{""date"":""2026-09-04"",""run_id"":""ce48177ab95f4e858b9f677fa84ec5ff""},""upload_data"":{""date"":""2026-09-04"",""run_id"":""b943f5cc87fa42099b3ec1b731772dc7""}}"
744,344,"54.2259322 , 21.646976900000002","54.2260981 , 21.0565631",rural-rural,rural,2900,"{""sample_routes"":{""date"":""2026-09-03"",""run_id"":""305125553a764c29bba4eed248d5b137""},""join_samples"":{""date"":""2026-09-04"",""run_id"":""ce48177ab95f4e858b9f677fa84ec5ff""},""upload_data"":{""date"":""2026-09-04"",""run_id"":""b943f5cc87fa42099b3ec1b731772dc7""}}"
745,345,"53.58835070000001 , 20.279805800000002","53.9351386 , 20.2801359",rural-rural,rural,2901,"{""sample_routes"":{""date"":""2026-09-03"",""run_id"":""305125553a764c29bba4eed248d5b137""},""join_samples"":{""date"":""2026-09-04"",""run_id"":""ce48177ab95f4e858b9f677fa84ec5ff""},""upload_data"":{""date"":""2026-09-04"",""run_id"":""b943f5cc87fa42099b3ec1b731772dc7""}}"
746,346,"50.9561846 , 22.1832089","50.6559814 , 22.484302800000002",urban-rural,rural,2493,"{""sample_routes"":{""date"":""2026-09-03"",""run_id"":""305125553a764c29bba4eed248d5b137""},""join_samples"":{""date"":""2026-09-04"",""run_id"":""ce48177ab95f4e858b9f677fa84ec5ff""},""upload_data"":{""date"":""2026-09-04"",""run_id"":""b943f5cc87fa42099b3ec1b731772dc7""}}"
747,347,"54.1029952 , 17.3243064","53.8244228 , 17.323585",rural-rural,rural,2491,"{""sample_routes"":{""date"":""2026-09-03"",""run_id"":""305125553a764c29bba4eed248d5b137""},""join_samples"":{""date"":""2026-09-04"",""run_id"":""ce48177ab95f4e858b9f677fa84ec5ff""},""upload_data"":{""date"":""2026-09-04"",""run_id"":""b943f5cc87fa42099b3ec1b731772dc7""}}"
748,348,"52.514250600000004 , 21.0522652","52.513243200000005 , 20.2570023",rural-rural,rural,2916,"{""sample_routes"":{""date"":""2026-09-03"",""run_id"":""305125553a764c29bba4eed248d5b137""},""join_samples"":{""date"":""2026-09-04"",""run_id"":""ce48177ab95f4e858b9f677fa84ec5ff""},""upload_data"":{""date"":""2026-09-04"",""run_id"":""b943f5cc87fa42099b3ec1b731772dc7""}}"
749,349,"52.919141 , 14.8651318","52.515372500000005 , 15.2691233",urban-rural,rural,2920,"{""sample_routes"":{""date"":""2026-09-03"",""run_id"":""305125553a764c29bba4eed248d5b137""},""join_samples"":{""date"":""2026-09-04"",""run_id"":""ce48177ab95f4e858b9f677fa84ec5ff""},""upload_data"":{""date"":""2026-09-04"",""run_id"":""b943f5cc87fa42099b3ec1b731772dc7""}}"
750,350,"51.854864000000006 , 19.4036541","51.8542001 , 18.6651433",urban-rural,rural,2936,"{""sample_routes"":{""date"":""2026-09-03"",""run_id"":""305125553a764c29bba4eed248d5b137""},""join_samples"":{""date"":""2026-09-04"",""run_id"":""ce48177ab95f4e858b9f677fa84ec5ff""},""upload_data"":{""date"":""2026-09-04"",""run_id"":""b943f5cc87fa42099b3ec1b731772dc7""}}"
751,351,"52.492216400000004 , 19.7398512","52.1691712 , 19.7400094",rural-rural,rural,2460,"{""sample_routes"":{""date"":""2026-09-03"",""run_id"":""305125553a764c29bba4eed248d5b137""},""join_samples"":{""date"":""2026-09-04"",""run_id"":""ce48177ab95f4e858b9f677fa84ec5ff""},""upload_data"":{""date"":""2026-09-04"",""run_id"":""b943f5cc87fa42099b3ec1b731772dc7""}}"
752,352,"51.275607900000004 , 21.9353601","51.274905100000005 , 21.8249411",rural-rural,rural,2942,"{""sample_routes"":{""date"":""2026-09-03"",""run_id"":""305125553a764c29bba4eed248d5b137""},""join_samples"":{""date"":""2026-09-04"",""run_id"":""ce48177ab95f4e858b9f677fa84ec5ff""},""upload_data"":{""date"":""2026-09-04"",""run_id"":""b943f5cc87fa42099b3ec1b731772dc7""}}"
753,353,"53.0469974 , 17.8050374","52.574887200000006 , 17.3329729",rural-rural,rural,2942,"{""sample_routes"":{""date"":""2026-09-03"",""run_id"":""305125553a764c29bba4eed248d5b137""},""join_samples"":{""date"":""2026-09-04"",""run_id"":""ce48177ab95f4e858b9f677fa84ec5ff""},""upload_data"":{""date"":""2026-09-04"",""run_id"":""b943f5cc87fa42099b3ec1b731772dc7""}}"
754,354,"49.6760639 , 20.431","49.9069037 , 20.6609029",rural-rural,rural,2946,"{""sample_routes"":{""date"":""2026-09-03"",""run_id"":""305125553a764c29bba4eed248d5b137""},""join_samples"":{""date"":""2026-09-04"",""run_id"":""ce48177ab95f4e858b9f677fa84ec5ff""},""upload_data"":{""date"":""2026-09-04"",""run_id"":""b943f5cc87fa42099b3ec1b731772dc7""}}"
755,355,"54.0501312 , 23.1128126","54.049092300000005 , 22.5239172",rural-rural,rural,2947,"{""sample_routes"":{""date"":""2026-09-03"",""run_id"":""305125553a764c29bba4eed248d5b137""},""join_samples"":{""date"":""2026-09-04"",""run_id"":""ce48177ab95f4e858b9f677fa84ec5ff""},""upload_data"":{""date"":""2026-09-04"",""run_id"":""b943f5cc87fa42099b3ec1b731772dc7""}}"
756,356,"50.105878600000004 , 22.0965968","50.464195800000006 , 21.7392964",rural-rural,rural,2951,"{""sample_routes"":{""date"":""2026-09-03"",""run_id"":""305125553a764c29bba4eed248d5b137""},""join_samples"":{""date"":""2026-09-04"",""run_id"":""ce48177ab95f4e858b9f677fa84ec5ff""},""upload_data"":{""date"":""2026-09-04"",""run_id"":""b943f5cc87fa42099b3ec1b731772dc7""}}"
757,357,"51.1600546 , 21.649883300000003","50.8599059 , 21.349222400000002",rural-rural,rural,2957,"{""sample_routes"":{""date"":""2026-09-03"",""run_id"":""305125553a764c29bba4eed248d5b137""},""join_samples"":{""date"":""2026-09-04"",""run_id"":""ce48177ab95f4e858b9f677fa84ec5ff""},""upload_data"":{""date"":""2026-09-04"",""run_id"":""b943f5cc87fa42099b3ec1b731772dc7""}}"
758,358,"51.185679 , 21.1302947","51.1853543 , 20.6159533",rural-rural,rural,2966,"{""sample_routes"":{""date"":""2026-09-03"",""run_id"":""305125553a764c29bba4eed248d5b137""},""join_samples"":{""date"":""2026-09-04"",""run_id"":""ce48177ab95f4e858b9f677fa84ec5ff""},""upload_data"":{""date"":""2026-09-04"",""run_id"":""b943f5cc87fa42099b3ec1b731772dc7""}}"
759,359,"52.4584301 , 17.675081900000002","52.4594498 , 17.070220600000003",rural-rural,rural,2967,"{""sample_routes"":{""date"":""2026-09-03"",""run_id"":""305125553a764c29bba4eed248d5b137""},""join_samples"":{""date"":""2026-09-04"",""run_id"":""ce48177ab95f4e858b9f677fa84ec5ff""},""upload_data"":{""date"":""2026-09-04"",""run_id"":""b943f5cc87fa42099b3ec1b731772dc7""}}"
760,360,"51.975067800000005 , 18.6709943","51.589170700000004 , 19.0568393",rural-rural,rural,2968,"{""sample_routes"":{""date"":""2026-09-03"",""run_id"":""305125553a764c29bba4eed248d5b137""},""join_samples"":{""date"":""2026-09-04"",""run_id"":""ce48177ab95f4e858b9f677fa84ec5ff""},""upload_data"":{""date"":""2026-09-04"",""run_id"":""b943f5cc87fa42099b3ec1b731772dc7""}}"
761,361,"51.3088744 , 22.4256242","50.82699890000001 , 21.9433189",rural-rural,rural,2968,"{""sample_routes"":{""date"":""2026-09-03"",""run_id"":""305125553a764c29bba4eed248d5b137""},""join_samples"":{""date"":""2026-09-04"",""run_id"":""ce48177ab95f4e858b9f677fa84ec5ff""},""upload_data"":{""date"":""2026-09-04"",""run_id"":""b943f5cc87fa42099b3ec1b731772dc7""}}"
762,362,"54.47214820000001 , 17.0057517","54.027824900000006 , 17.006693900000002",urban-rural,rural,2968,"{""sample_routes"":{""date"":""2026-09-03"",""run_id"":""305125553a764c29bba4eed248d5b137""},""join_samples"":{""date"":""2026-09-04"",""run_id"":""ce48177ab95f4e858b9f677fa84ec5ff""},""upload_data"":{""date"":""2026-09-04"",""run_id"":""b943f5cc87fa42099b3ec1b731772dc7""}}"
763,363,"53.5290059 , 17.5642053","53.819085900000005 , 17.2740243",rural-rural,rural,2972,"{""sample_routes"":{""date"":""2026-09-03"",""run_id"":""305125553a764c29bba4eed248d5b137""},""join_samples"":{""date"":""2026-09-04"",""run_id"":""ce48177ab95f4e858b9f677fa84ec5ff""},""upload_data"":{""date"":""2026-09-04"",""run_id"":""b943f5cc87fa42099b3ec1b731772dc7""}}"
764,364,"50.514810000000004 , 22.2960339","50.8027023 , 22.5831832",rural-rural,rural,2975,"{""sample_routes"":{""date"":""2026-09-03"",""run_id"":""305125553a764c29bba4eed248d5b137""},""join_samples"":{""date"":""2026-09-04"",""run_id"":""ce48177ab95f4e858b9f677fa84ec5ff""},""upload_data"":{""date"":""2026-09-04"",""run_id"":""b943f5cc87fa42099b3ec1b731772dc7""}}"
765,365,"53.86979710000001 , 20.814709800000003","53.5350589 , 20.479096300000002",rural-rural,rural,2975,"{""sample_routes"":{""date"":""2026-09-03"",""run_id"":""305125553a764c29bba4eed248d5b137""},""join_samples"":{""date"":""2026-09-04"",""run_id"":""ce48177ab95f4e858b9f677fa84ec5ff""},""upload_data"":{""date"":""2026-09-04"",""run_id"":""b943f5cc87fa42099b3ec1b731772dc7""}}"
766,366,"53.139315100000005 , 18.0032357","52.7965912 , 18.002244",urban-rural,rural,2976,"{""sample_routes"":{""date"":""2026-09-03"",""run_id"":""305125553a764c29bba4eed248d5b137""},""join_samples"":{""date"":""2026-09-04"",""run_id"":""ce48177ab95f4e858b9f677fa84ec5ff""},""upload_data"":{""date"":""2026-09-04"",""run_id"":""b943f5cc87fa42099b3ec1b731772dc7""}}"
767,367,"51.9890744 , 15.486811300000001","52.3657599 , 15.863713500000001",rural-rural,rural,2976,"{""sample_routes"":{""date"":""2026-09-03"",""run_id"":""305125553a764c29bba4eed248d5b137""},""join_samples"":{""date"":""2026-09-04"",""run_id"":""ce48177ab95f4e858b9f677fa84ec5ff""},""upload_data"":{""date"":""2026-09-04"",""run_id"":""b943f5cc87fa42099b3ec1b731772dc7""}}"
768,368,"51.1070428 , 17.050355200000002","50.7634758 , 17.3946671",urban-rural,rural,2978,"{""sample_routes"":{""date"":""2026-09-03"",""run_id"":""305125553a764c29bba4eed248d5b137""},""join_samples"":{""date"":""2026-09-04"",""run_id"":""ce48177ab95f4e858b9f677fa84ec5ff""},""upload_data"":{""date"":""2026-09-04"",""run_id"":""b943f5cc87fa42099b3ec1b731772dc7""}}"
769,369,"51.595050900000004 , 16.862505300000002","51.9333796 , 16.5236206",urban-rural,rural,2980,"{""sample_routes"":{""date"":""2026-09-03"",""run_id"":""305125553a764c29bba4eed248d5b137""},""join_samples"":{""date"":""2026-09-04"",""run_id"":""ce48177ab95f4e858b9f677fa84ec5ff""},""upload_data"":{""date"":""2026-09-04"",""run_id"":""b943f5cc87fa42099b3ec1b731772dc7""}}"
770,370,"49.447884800000004 , 20.338337900000003","49.4488233 , 19.6858083",rural-rural,rural,2988,"{""sample_routes"":{""date"":""2026-09-03"",""run_id"":""305125553a764c29bba4eed248d5b137""},""join_samples"":{""date"":""2026-09-04"",""run_id"":""ce48177ab95f4e858b9f677fa84ec5ff""},""upload_data"":{""date"":""2026-09-04"",""run_id"":""b943f5cc87fa42099b3ec1b731772dc7""}}"
771,371,"50.779785000000004 , 19.1352981","51.307770600000005 , 19.6633991",urban-rural,rural,2992,"{""sample_routes"":{""date"":""2026-09-03"",""run_id"":""305125553a764c29bba4eed248d5b137""},""join_samples"":{""date"":""2026-09-04"",""run_id"":""ce48177ab95f4e858b9f677fa84ec5ff""},""upload_data"":{""date"":""2026-09-04"",""run_id"":""b943f5cc87fa42099b3ec1b731772dc7""}}"
772,372,"52.0669484 , 23.095671900000003","51.8109556 , 22.8407291",rural-rural,rural,2997,"{""sample_routes"":{""date"":""2026-09-03"",""run_id"":""305125553a764c29bba4eed248d5b137""},""join_samples"":{""date"":""2026-09-04"",""run_id"":""ce48177ab95f4e858b9f677fa84ec5ff""},""upload_data"":{""date"":""2026-09-04"",""run_id"":""b943f5cc87fa42099b3ec1b731772dc7""}}"
773,373,"49.995793600000006 , 21.1265612","50.2891467 , 21.4205012",rural-urban,rural,3002,"{""sample_routes"":{""date"":""2026-09-03"",""run_id"":""305125553a764c29bba4eed248d5b137""},""join_samples"":{""date"":""2026-09-04"",""run_id"":""ce48177ab95f4e858b9f677fa84ec5ff""},""upload_data"":{""date"":""2026-09-04"",""run_id"":""b943f5cc87fa42099b3ec1b731772dc7""}}"
774,374,"51.811314900000006 , 16.761909900000003","51.4932561 , 16.761086600000002",rural-rural,rural,3002,"{""sample_routes"":{""date"":""2026-09-03"",""run_id"":""305125553a764c29bba4eed248d5b137""},""join_samples"":{""date"":""2026-09-04"",""run_id"":""ce48177ab95f4e858b9f677fa84ec5ff""},""upload_data"":{""date"":""2026-09-04"",""run_id"":""b943f5cc87fa42099b3ec1b731772dc7""}}"
775,375,"52.432380200000004 , 16.882077000000002","52.7198402 , 17.1699503",urban-rural,rural,3002,"{""sample_routes"":{""date"":""2026-09-03"",""run_id"":""305125553a764c29bba4eed248d5b137""},""join_samples"":{""date"":""2026-09-04"",""run_id"":""ce48177ab95f4e858b9f677fa84ec5ff""},""upload_data"":{""date"":""2026-09-04"",""run_id"":""b943f5cc87fa42099b3ec1b731772dc7""}}"
776,376,"50.241306300000005 , 18.8325201","50.2419121 , 18.283095",urban-rural,rural,3003,"{""sample_routes"":{""date"":""2026-09-03"",""run_id"":""305125553a764c29bba4eed248d5b137""},""join_samples"":{""date"":""2026-09-04"",""run_id"":""ce48177ab95f4e858b9f677fa84ec5ff""},""upload_data"":{""date"":""2026-09-04"",""run_id"":""b943f5cc87fa42099b3ec1b731772dc7""}}"
777,377,"50.0237398 , 20.9885288","50.024329200000004 , 20.051313",urban-urban,rural,3016,"{""sample_routes"":{""date"":""2026-09-03"",""run_id"":""305125553a764c29bba4eed248d5b137""},""join_samples"":{""date"":""2026-09-04"",""run_id"":""ce48177ab95f4e858b9f677fa84ec5ff""},""upload_data"":{""date"":""2026-09-04"",""run_id"":""b943f5cc87fa42099b3ec1b731772dc7""}}"
778,378,"50.944785700000004 , 20.4847217","51.242785000000005 , 20.781933000000002",rural-rural,rural,3018,"{""sample_routes"":{""date"":""2026-09-03"",""run_id"":""305125553a764c29bba4eed248d5b137""},""join_samples"":{""date"":""2026-09-04"",""run_id"":""ce48177ab95f4e858b9f677fa84ec5ff""},""upload_data"":{""date"":""2026-09-04"",""run_id"":""b943f5cc87fa42099b3ec1b731772dc7""}}"
779,379,"50.3639572 , 20.0130869","50.863451700000006 , 20.511594900000002",urban-rural,rural,3020,"{""sample_routes"":{""date"":""2026-09-03"",""run_id"":""305125553a764c29bba4eed248d5b137""},""join_samples"":{""date"":""2026-09-04"",""run_id"":""ce48177ab95f4e858b9f677fa84ec5ff""},""upload_data"":{""date"":""2026-09-04"",""run_id"":""b943f5cc87fa42099b3ec1b731772dc7""}}"
780,380,"53.055644300000004 , 23.0095382","53.3540944 , 22.7109448",rural-rural,rural,3021,"{""sample_routes"":{""date"":""2026-09-03"",""run_id"":""305125553a764c29bba4eed248d5b137""},""join_samples"":{""date"":""2026-09-04"",""run_id"":""ce48177ab95f4e858b9f677fa84ec5ff""},""upload_data"":{""date"":""2026-09-04"",""run_id"":""b943f5cc87fa42099b3ec1b731772dc7""}}"
781,381,"50.6608827 , 21.184183100000002","50.365197 , 20.8892597",rural-rural,rural,3023,"{""sample_routes"":{""date"":""2026-09-03"",""run_id"":""305125553a764c29bba4eed248d5b137""},""join_samples"":{""date"":""2026-09-04"",""run_id"":""ce48177ab95f4e858b9f677fa84ec5ff""},""upload_data"":{""date"":""2026-09-04"",""run_id"":""b943f5cc87fa42099b3ec1b731772dc7""}}"
782,382,"49.7585677 , 21.068704200000003","50.0606954 , 21.0676519",rural-rural,rural,3027,"{""sample_routes"":{""date"":""2026-09-03"",""run_id"":""305125553a764c29bba4eed248d5b137""},""join_samples"":{""date"":""2026-09-04"",""run_id"":""ce48177ab95f4e858b9f677fa84ec5ff""},""upload_data"":{""date"":""2026-09-04"",""run_id"":""b943f5cc87fa42099b3ec1b731772dc7""}}"
783,383,"52.6524239 , 18.926477300000002","52.042994300000004 , 19.536552200000003",rural-rural,rural,3027,"{""sample_routes"":{""date"":""2026-09-03"",""run_id"":""305125553a764c29bba4eed248d5b137""},""join_samples"":{""date"":""2026-09-04"",""run_id"":""ce48177ab95f4e858b9f677fa84ec5ff""},""upload_data"":{""date"":""2026-09-04"",""run_id"":""b943f5cc87fa42099b3ec1b731772dc7""}}"
784,384,"53.9572962 , 15.356863500000001","53.556191500000004 , 14.955775800000001",rural-rural,rural,3033,"{""sample_routes"":{""date"":""2026-09-03"",""run_id"":""305125553a764c29bba4eed248d5b137""},""join_samples"":{""date"":""2026-09-04"",""run_id"":""ce48177ab95f4e858b9f677fa84ec5ff""},""upload_data"":{""date"":""2026-09-04"",""run_id"":""b943f5cc87fa42099b3ec1b731772dc7""}}"
785,385,"52.723950200000004 , 14.694361500000001","52.364572900000006 , 14.694238",urban-rural,rural,2363,"{""sample_routes"":{""date"":""2026-09-03"",""run_id"":""305125553a764c29bba4eed248d5b137""},""join_samples"":{""date"":""2026-09-04"",""run_id"":""ce48177ab95f4e858b9f677fa84ec5ff""},""upload_data"":{""date"":""2026-09-04"",""run_id"":""b943f5cc87fa42099b3ec1b731772dc7""}}"
786,386,"49.6313827 , 21.3783193","49.9092495 , 21.657076200000002",rural-rural,rural,3048,"{""sample_routes"":{""date"":""2026-09-03"",""run_id"":""305125553a764c29bba4eed248d5b137""},""join_samples"":{""date"":""2026-09-04"",""run_id"":""ce48177ab95f4e858b9f677fa84ec5ff""},""upload_data"":{""date"":""2026-09-04"",""run_id"":""b943f5cc87fa42099b3ec1b731772dc7""}}"
787,387,"51.064658 , 22.3809089","50.7567321 , 22.0727133",rural-rural,rural,2350,"{""sample_routes"":{""date"":""2026-09-03"",""run_id"":""305125553a764c29bba4eed248d5b137""},""join_samples"":{""date"":""2026-09-04"",""run_id"":""ce48177ab95f4e858b9f677fa84ec5ff""},""upload_data"":{""date"":""2026-09-04"",""run_id"":""b943f5cc87fa42099b3ec1b731772dc7""}}"
788,388,"54.26238300000001 , 18.645848","54.2626561 , 17.9515531",urban-rural,rural,3053,"{""sample_routes"":{""date"":""2026-09-03"",""run_id"":""305125553a764c29bba4eed248d5b137""},""join_samples"":{""date"":""2026-09-04"",""run_id"":""ce48177ab95f4e858b9f677fa84ec5ff""},""upload_data"":{""date"":""2026-09-04"",""run_id"":""b943f5cc87fa42099b3ec1b731772dc7""}}"
789,389,"54.3257368 , 18.584087800000002","53.7641056 , 18.583457300000003",urban-rural,rural,3058,"{""sample_routes"":{""date"":""2026-09-03"",""run_id"":""305125553a764c29bba4eed248d5b137""},""join_samples"":{""date"":""2026-09-04"",""run_id"":""ce48177ab95f4e858b9f677fa84ec5ff""},""upload_data"":{""date"":""2026-09-04"",""run_id"":""b943f5cc87fa42099b3ec1b731772dc7""}}"
790,390,"53.127845400000005 , 18.0902843","53.44826320000001 , 18.4112818",urban-rural,rural,2335,"{""sample_routes"":{""date"":""2026-09-03"",""run_id"":""305125553a764c29bba4eed248d5b137""},""join_samples"":{""date"":""2026-09-04"",""run_id"":""ce48177ab95f4e858b9f677fa84ec5ff""},""upload_data"":{""date"":""2026-09-04"",""run_id"":""b943f5cc87fa42099b3ec1b731772dc7""}}"
791,391,"50.0369314 , 22.1756749","50.0359342 , 21.324889300000002",rural-rural,rural,3067,"{""sample_routes"":{""date"":""2026-09-03"",""run_id"":""305125553a764c29bba4eed248d5b137""},""join_samples"":{""date"":""2026-09-04"",""run_id"":""ce48177ab95f4e858b9f677fa84ec5ff""},""upload_data"":{""date"":""2026-09-04"",""run_id"":""b943f5cc87fa42099b3ec1b731772dc7""}}"
792,392,"52.141834300000006 , 20.825579","52.1417081 , 20.2119639",urban-rural,rural,3067,"{""sample_routes"":{""date"":""2026-09-03"",""run_id"":""305125553a764c29bba4eed248d5b137""},""join_samples"":{""date"":""2026-09-04"",""run_id"":""ce48177ab95f4e858b9f677fa84ec5ff""},""upload_data"":{""date"":""2026-09-04"",""run_id"":""b943f5cc87fa42099b3ec1b731772dc7""}}"
793,393,"50.9317432 , 16.801366700000003","51.3823504 , 17.252249600000003",rural-rural,rural,3069,"{""sample_routes"":{""date"":""2026-09-03"",""run_id"":""305125553a764c29bba4eed248d5b137""},""join_samples"":{""date"":""2026-09-04"",""run_id"":""ce48177ab95f4e858b9f677fa84ec5ff""},""upload_data"":{""date"":""2026-09-04"",""run_id"":""b943f5cc87fa42099b3ec1b731772dc7""}}"
794,394,"53.713651000000006 , 18.6297146","53.971825700000004 , 18.3708704",rural-rural,rural,3073,"{""sample_routes"":{""date"":""2026-09-03"",""run_id"":""305125553a764c29bba4eed248d5b137""},""join_samples"":{""date"":""2026-09-04"",""run_id"":""ce48177ab95f4e858b9f677fa84ec5ff""},""upload_data"":{""date"":""2026-09-04"",""run_id"":""b943f5cc87fa42099b3ec1b731772dc7""}}"
795,395,"50.9440559 , 22.169473","51.162722900000006 , 21.9506605",rural-rural,rural,2326,"{""sample_routes"":{""date"":""2026-09-03"",""run_id"":""305125553a764c29bba4eed248d5b137""},""join_samples"":{""date"":""2026-09-04"",""run_id"":""ce48177ab95f4e858b9f677fa84ec5ff""},""upload_data"":{""date"":""2026-09-04"",""run_id"":""b943f5cc87fa42099b3ec1b731772dc7""}}"
796,396,"49.9871051 , 21.0868112","49.987340200000006 , 20.189118500000003",rural-rural,rural,3076,"{""sample_routes"":{""date"":""2026-09-03"",""run_id"":""305125553a764c29bba4eed248d5b137""},""join_samples"":{""date"":""2026-09-04"",""run_id"":""ce48177ab95f4e858b9f677fa84ec5ff""},""upload_data"":{""date"":""2026-09-04"",""run_id"":""b943f5cc87fa42099b3ec1b731772dc7""}}"
797,397,"52.724590400000004 , 23.019053200000002","53.0364304 , 23.0187984",rural-rural,rural,3083,"{""sample_routes"":{""date"":""2026-09-03"",""run_id"":""305125553a764c29bba4eed248d5b137""},""join_samples"":{""date"":""2026-09-04"",""run_id"":""ce48177ab95f4e858b9f677fa84ec5ff""},""upload_data"":{""date"":""2026-09-04"",""run_id"":""b943f5cc87fa42099b3ec1b731772dc7""}}"
798,398,"53.2463349 , 19.4036566","53.2462731 , 20.2054744",urban-urban,rural,3087,"{""sample_routes"":{""date"":""2026-09-03"",""run_id"":""305125553a764c29bba4eed248d5b137""},""join_samples"":{""date"":""2026-09-04"",""run_id"":""ce48177ab95f4e858b9f677fa84ec5ff""},""upload_data"":{""date"":""2026-09-04"",""run_id"":""b943f5cc87fa42099b3ec1b731772dc7""}}"
799,399,"52.3519711 , 16.8408796","51.960923400000006 , 16.8406141",urban-rural,rural,3093,"{""sample_routes"":{""date"":""2026-09-03"",""run_id"":""305125553a764c29bba4eed248d5b137""},""join_samples"":{""date"":""2026-09-04"",""run_id"":""ce48177ab95f4e858b9f677fa84ec5ff""},""upload_data"":{""date"":""2026-09-04"",""run_id"":""b943f5cc87fa42099b3ec1b731772dc7""}}"
