join_index,sampling_index,origin,destination,area,journeyClass,ttpTravelTime,metadata
0,0,"45.9809325 , 14.4304299","46.0744155 , 14.524668",rural-rural,urban,1734,"{""sample_routes"":{""date"":""2026-10-06"",""run_id"":""b104635e1d0a474fadc9e06a74bf67b7""},""join_samples"":{""date"":""2026-10-06"",""run_id"":""a2396393fc3a4c1583c2e9d52b660583""}}"
1,1,"45.974994900000006 , 14.447568700000001","46.0613958 , 14.5345492",rural-urban,urban,1605,"{""sample_routes"":{""date"":""2026-10-06"",""run_id"":""b104635e1d0a474fadc9e06a74bf67b7""},""join_samples"":{""date"":""2026-10-06"",""run_id"":""a2396393fc3a4c1583c2e9d52b660583""}}"
2,2,"46.073004000000005 , 14.5109744","45.9709056 , 14.511686800000001",urban-urban,urban,1525,"{""sample_routes"":{""date"":""2026-10-06"",""run_id"":""b104635e1d0a474fadc9e06a74bf67b7""},""join_samples"":{""date"":""2026-10-06"",""run_id"":""a2396393fc3a4c1583c2e9d52b660583""}}"
3,3,"45.963088000000006 , 14.480757100000002","46.0511617 , 14.4812781",urban-urban,urban,1524,"{""sample_routes"":{""date"":""2026-10-06"",""run_id"":""b104635e1d0a474fadc9e06a74bf67b7""},""join_samples"":{""date"":""2026-10-06"",""run_id"":""a2396393fc3a4c1583c2e9d52b660583""}}"
4,4,"45.963157300000006 , 14.480576800000001","46.0511617 , 14.4812781",urban-urban,urban,1522,"{""sample_routes"":{""date"":""2026-10-06"",""run_id"":""b104635e1d0a474fadc9e06a74bf67b7""},""join_samples"":{""date"":""2026-10-06"",""run_id"":""a2396393fc3a4c1583c2e9d52b660583""}}"
5,5,"45.963185100000004 , 14.480553800000001","46.0511617 , 14.4812781",urban-urban,urban,1518,"{""sample_routes"":{""date"":""2026-10-06"",""run_id"":""b104635e1d0a474fadc9e06a74bf67b7""},""join_samples"":{""date"":""2026-10-06"",""run_id"":""a2396393fc3a4c1583c2e9d52b660583""}}"
6,6,"45.9632999 , 14.4806036","46.0511617 , 14.4812781",urban-urban,urban,1518,"{""sample_routes"":{""date"":""2026-10-06"",""run_id"":""b104635e1d0a474fadc9e06a74bf67b7""},""join_samples"":{""date"":""2026-10-06"",""run_id"":""a2396393fc3a4c1583c2e9d52b660583""}}"
7,7,"45.963264 , 14.4809376","46.0510997 , 14.4812481",urban-urban,urban,1514,"{""sample_routes"":{""date"":""2026-10-06"",""run_id"":""b104635e1d0a474fadc9e06a74bf67b7""},""join_samples"":{""date"":""2026-10-06"",""run_id"":""a2396393fc3a4c1583c2e9d52b660583""}}"
8,8,"45.962199600000005 , 14.4829641","46.051432500000004 , 14.4823058",urban-urban,urban,1509,"{""sample_routes"":{""date"":""2026-10-06"",""run_id"":""b104635e1d0a474fadc9e06a74bf67b7""},""join_samples"":{""date"":""2026-10-06"",""run_id"":""a2396393fc3a4c1583c2e9d52b660583""}}"
9,9,"45.961980600000004 , 14.483653200000001","46.0506642 , 14.483004600000001",urban-urban,urban,1501,"{""sample_routes"":{""date"":""2026-10-06"",""run_id"":""b104635e1d0a474fadc9e06a74bf67b7""},""join_samples"":{""date"":""2026-10-06"",""run_id"":""a2396393fc3a4c1583c2e9d52b660583""}}"
10,10,"45.961575 , 14.4831532","46.0506642 , 14.483004600000001",urban-urban,urban,1498,"{""sample_routes"":{""date"":""2026-10-06"",""run_id"":""b104635e1d0a474fadc9e06a74bf67b7""},""join_samples"":{""date"":""2026-10-06"",""run_id"":""a2396393fc3a4c1583c2e9d52b660583""}}"
11,11,"45.962042200000006 , 14.4831655","46.0506642 , 14.483004600000001",urban-urban,urban,1492,"{""sample_routes"":{""date"":""2026-10-06"",""run_id"":""b104635e1d0a474fadc9e06a74bf67b7""},""join_samples"":{""date"":""2026-10-06"",""run_id"":""a2396393fc3a4c1583c2e9d52b660583""}}"
12,12,"45.9629628 , 14.4819387","46.0511374 , 14.4813688",urban-urban,urban,1490,"{""sample_routes"":{""date"":""2026-10-06"",""run_id"":""b104635e1d0a474fadc9e06a74bf67b7""},""join_samples"":{""date"":""2026-10-06"",""run_id"":""a2396393fc3a4c1583c2e9d52b660583""}}"
13,13,"45.964571600000006 , 14.482133800000002","46.051432500000004 , 14.4823058",urban-urban,urban,1486,"{""sample_routes"":{""date"":""2026-10-06"",""run_id"":""b104635e1d0a474fadc9e06a74bf67b7""},""join_samples"":{""date"":""2026-10-06"",""run_id"":""a2396393fc3a4c1583c2e9d52b660583""}}"
14,14,"45.9759314 , 14.460195800000001","46.0545902 , 14.5396076",urban-urban,urban,1476,"{""sample_routes"":{""date"":""2026-10-06"",""run_id"":""b104635e1d0a474fadc9e06a74bf67b7""},""join_samples"":{""date"":""2026-10-06"",""run_id"":""a2396393fc3a4c1583c2e9d52b660583""}}"
15,15,"45.966020300000004 , 14.482438400000001","46.057019800000006 , 14.482701700000002",urban-urban,urban,1476,"{""sample_routes"":{""date"":""2026-10-06"",""run_id"":""b104635e1d0a474fadc9e06a74bf67b7""},""join_samples"":{""date"":""2026-10-06"",""run_id"":""a2396393fc3a4c1583c2e9d52b660583""}}"
16,16,"45.9691484 , 14.469657900000001","46.042374 , 14.543030700000001",rural-urban,urban,1470,"{""sample_routes"":{""date"":""2026-10-06"",""run_id"":""b104635e1d0a474fadc9e06a74bf67b7""},""join_samples"":{""date"":""2026-10-06"",""run_id"":""a2396393fc3a4c1583c2e9d52b660583""}}"
17,17,"45.9807767 , 14.429907400000001","46.075042200000006 , 14.5248211",rural-urban,urban,1465,"{""sample_routes"":{""date"":""2026-10-06"",""run_id"":""b104635e1d0a474fadc9e06a74bf67b7""},""join_samples"":{""date"":""2026-10-06"",""run_id"":""a2396393fc3a4c1583c2e9d52b660583""}}"
18,18,"46.069673 , 14.51336","45.968672100000006 , 14.5138577",urban-urban,urban,1464,"{""sample_routes"":{""date"":""2026-10-06"",""run_id"":""b104635e1d0a474fadc9e06a74bf67b7""},""join_samples"":{""date"":""2026-10-06"",""run_id"":""a2396393fc3a4c1583c2e9d52b660583""}}"
19,19,"45.965285300000005 , 14.480708900000002","46.0514755 , 14.4800011",urban-urban,urban,1449,"{""sample_routes"":{""date"":""2026-10-06"",""run_id"":""b104635e1d0a474fadc9e06a74bf67b7""},""join_samples"":{""date"":""2026-10-06"",""run_id"":""a2396393fc3a4c1583c2e9d52b660583""}}"
20,20,"45.9708205 , 14.468890900000002","46.0437188 , 14.5423342",urban-urban,urban,1432,"{""sample_routes"":{""date"":""2026-10-06"",""run_id"":""b104635e1d0a474fadc9e06a74bf67b7""},""join_samples"":{""date"":""2026-10-06"",""run_id"":""a2396393fc3a4c1583c2e9d52b660583""}}"
21,21,"45.9805882 , 14.429252700000001","46.0644499 , 14.512979900000001",rural-urban,urban,1432,"{""sample_routes"":{""date"":""2026-10-06"",""run_id"":""b104635e1d0a474fadc9e06a74bf67b7""},""join_samples"":{""date"":""2026-10-06"",""run_id"":""a2396393fc3a4c1583c2e9d52b660583""}}"
22,22,"45.9804801 , 14.428907100000002","46.0712902 , 14.519028",rural-urban,urban,1429,"{""sample_routes"":{""date"":""2026-10-06"",""run_id"":""b104635e1d0a474fadc9e06a74bf67b7""},""join_samples"":{""date"":""2026-10-06"",""run_id"":""a2396393fc3a4c1583c2e9d52b660583""}}"
23,23,"46.0540424 , 14.4125881","46.0547939 , 14.540430400000002",urban-urban,urban,1418,"{""sample_routes"":{""date"":""2026-10-06"",""run_id"":""b104635e1d0a474fadc9e06a74bf67b7""},""join_samples"":{""date"":""2026-10-06"",""run_id"":""a2396393fc3a4c1583c2e9d52b660583""}}"
24,24,"45.9705195 , 14.469054100000001","46.046709500000006 , 14.545611300000001",urban-urban,urban,1409,"{""sample_routes"":{""date"":""2026-10-06"",""run_id"":""b104635e1d0a474fadc9e06a74bf67b7""},""join_samples"":{""date"":""2026-10-06"",""run_id"":""a2396393fc3a4c1583c2e9d52b660583""}}"
25,25,"46.057712800000004 , 14.408969800000001","46.0581636 , 14.5403081",urban-urban,urban,1396,"{""sample_routes"":{""date"":""2026-10-06"",""run_id"":""b104635e1d0a474fadc9e06a74bf67b7""},""join_samples"":{""date"":""2026-10-06"",""run_id"":""a2396393fc3a4c1583c2e9d52b660583""}}"
26,26,"46.0544869 , 14.4136374","46.054936000000005 , 14.5404756",urban-urban,urban,1384,"{""sample_routes"":{""date"":""2026-10-06"",""run_id"":""b104635e1d0a474fadc9e06a74bf67b7""},""join_samples"":{""date"":""2026-10-06"",""run_id"":""a2396393fc3a4c1583c2e9d52b660583""}}"
27,27,"45.972723800000004 , 14.4681747","46.049939 , 14.5447634",urban-urban,urban,1381,"{""sample_routes"":{""date"":""2026-10-06"",""run_id"":""b104635e1d0a474fadc9e06a74bf67b7""},""join_samples"":{""date"":""2026-10-06"",""run_id"":""a2396393fc3a4c1583c2e9d52b660583""}}"
28,28,"46.055128100000005 , 14.4150161","46.054936000000005 , 14.5404756",urban-urban,urban,1381,"{""sample_routes"":{""date"":""2026-10-06"",""run_id"":""b104635e1d0a474fadc9e06a74bf67b7""},""join_samples"":{""date"":""2026-10-06"",""run_id"":""a2396393fc3a4c1583c2e9d52b660583""}}"
29,29,"45.9715568 , 14.4686427","46.0476447 , 14.5453457",urban-urban,urban,1376,"{""sample_routes"":{""date"":""2026-10-06"",""run_id"":""b104635e1d0a474fadc9e06a74bf67b7""},""join_samples"":{""date"":""2026-10-06"",""run_id"":""a2396393fc3a4c1583c2e9d52b660583""}}"
30,30,"46.038515200000006 , 14.377334600000001","46.038024500000006 , 14.518510500000001",rural-urban,urban,1376,"{""sample_routes"":{""date"":""2026-10-06"",""run_id"":""b104635e1d0a474fadc9e06a74bf67b7""},""join_samples"":{""date"":""2026-10-06"",""run_id"":""a2396393fc3a4c1583c2e9d52b660583""}}"
31,31,"46.053492000000006 , 14.410194800000001","46.052999 , 14.535694200000002",urban-urban,urban,1372,"{""sample_routes"":{""date"":""2026-10-06"",""run_id"":""b104635e1d0a474fadc9e06a74bf67b7""},""join_samples"":{""date"":""2026-10-06"",""run_id"":""a2396393fc3a4c1583c2e9d52b660583""}}"
32,32,"46.070128800000006 , 14.3855783","46.009218600000004 , 14.447085800000002",urban-urban,urban,1369,"{""sample_routes"":{""date"":""2026-10-06"",""run_id"":""b104635e1d0a474fadc9e06a74bf67b7""},""join_samples"":{""date"":""2026-10-06"",""run_id"":""a2396393fc3a4c1583c2e9d52b660583""}}"
33,33,"46.0547242 , 14.4153769","46.054936000000005 , 14.5404756",urban-urban,urban,1369,"{""sample_routes"":{""date"":""2026-10-06"",""run_id"":""b104635e1d0a474fadc9e06a74bf67b7""},""join_samples"":{""date"":""2026-10-06"",""run_id"":""a2396393fc3a4c1583c2e9d52b660583""}}"
34,34,"46.0606993 , 14.4109504","46.060948700000004 , 14.5323106",urban-urban,urban,1364,"{""sample_routes"":{""date"":""2026-10-06"",""run_id"":""b104635e1d0a474fadc9e06a74bf67b7""},""join_samples"":{""date"":""2026-10-06"",""run_id"":""a2396393fc3a4c1583c2e9d52b660583""}}"
35,35,"46.0526841 , 14.411083900000001","46.052999 , 14.535694200000002",urban-urban,urban,1361,"{""sample_routes"":{""date"":""2026-10-06"",""run_id"":""b104635e1d0a474fadc9e06a74bf67b7""},""join_samples"":{""date"":""2026-10-06"",""run_id"":""a2396393fc3a4c1583c2e9d52b660583""}}"
36,36,"46.039107300000005 , 14.377876400000002","46.0384795 , 14.517997800000002",rural-urban,urban,1358,"{""sample_routes"":{""date"":""2026-10-06"",""run_id"":""b104635e1d0a474fadc9e06a74bf67b7""},""join_samples"":{""date"":""2026-10-06"",""run_id"":""a2396393fc3a4c1583c2e9d52b660583""}}"
37,37,"46.0547155 , 14.415696100000002","46.054936000000005 , 14.5404756",urban-urban,urban,1354,"{""sample_routes"":{""date"":""2026-10-06"",""run_id"":""b104635e1d0a474fadc9e06a74bf67b7""},""join_samples"":{""date"":""2026-10-06"",""run_id"":""a2396393fc3a4c1583c2e9d52b660583""}}"
38,38,"46.053128300000004 , 14.412737300000002","46.0534529 , 14.536507",urban-urban,urban,1351,"{""sample_routes"":{""date"":""2026-10-06"",""run_id"":""b104635e1d0a474fadc9e06a74bf67b7""},""join_samples"":{""date"":""2026-10-06"",""run_id"":""a2396393fc3a4c1583c2e9d52b660583""}}"
39,39,"46.054129800000005 , 14.414453000000002","46.0547939 , 14.540430400000002",urban-urban,urban,1350,"{""sample_routes"":{""date"":""2026-10-06"",""run_id"":""b104635e1d0a474fadc9e06a74bf67b7""},""join_samples"":{""date"":""2026-10-06"",""run_id"":""a2396393fc3a4c1583c2e9d52b660583""}}"
40,40,"46.056446900000005 , 14.411833600000001","46.057036800000006 , 14.540473500000001",urban-urban,urban,1349,"{""sample_routes"":{""date"":""2026-10-06"",""run_id"":""b104635e1d0a474fadc9e06a74bf67b7""},""join_samples"":{""date"":""2026-10-06"",""run_id"":""a2396393fc3a4c1583c2e9d52b660583""}}"
41,41,"46.056076600000004 , 14.4119015","46.0564066 , 14.540605800000002",urban-urban,urban,1349,"{""sample_routes"":{""date"":""2026-10-06"",""run_id"":""b104635e1d0a474fadc9e06a74bf67b7""},""join_samples"":{""date"":""2026-10-06"",""run_id"":""a2396393fc3a4c1583c2e9d52b660583""}}"
42,42,"46.055781 , 14.4123339","46.0564066 , 14.540605800000002",urban-urban,urban,1348,"{""sample_routes"":{""date"":""2026-10-06"",""run_id"":""b104635e1d0a474fadc9e06a74bf67b7""},""join_samples"":{""date"":""2026-10-06"",""run_id"":""a2396393fc3a4c1583c2e9d52b660583""}}"
43,43,"46.055911800000004 , 14.4130017","46.0564066 , 14.540605800000002",urban-urban,urban,1348,"{""sample_routes"":{""date"":""2026-10-06"",""run_id"":""b104635e1d0a474fadc9e06a74bf67b7""},""join_samples"":{""date"":""2026-10-06"",""run_id"":""a2396393fc3a4c1583c2e9d52b660583""}}"
44,44,"46.054606400000004 , 14.415859800000002","46.054936000000005 , 14.5404756",urban-urban,urban,1347,"{""sample_routes"":{""date"":""2026-10-06"",""run_id"":""b104635e1d0a474fadc9e06a74bf67b7""},""join_samples"":{""date"":""2026-10-06"",""run_id"":""a2396393fc3a4c1583c2e9d52b660583""}}"
45,45,"46.0563189 , 14.412082700000001","46.056011700000006 , 14.5447065",urban-urban,urban,1346,"{""sample_routes"":{""date"":""2026-10-06"",""run_id"":""b104635e1d0a474fadc9e06a74bf67b7""},""join_samples"":{""date"":""2026-10-06"",""run_id"":""a2396393fc3a4c1583c2e9d52b660583""}}"
46,46,"46.0534729 , 14.4119209","46.052999 , 14.535694200000002",urban-urban,urban,1346,"{""sample_routes"":{""date"":""2026-10-06"",""run_id"":""b104635e1d0a474fadc9e06a74bf67b7""},""join_samples"":{""date"":""2026-10-06"",""run_id"":""a2396393fc3a4c1583c2e9d52b660583""}}"
47,47,"46.054148700000006 , 14.412574300000001","46.054281100000004 , 14.5402257",urban-urban,urban,1345,"{""sample_routes"":{""date"":""2026-10-06"",""run_id"":""b104635e1d0a474fadc9e06a74bf67b7""},""join_samples"":{""date"":""2026-10-06"",""run_id"":""a2396393fc3a4c1583c2e9d52b660583""}}"
48,48,"46.054214200000004 , 14.412633300000001","46.054281100000004 , 14.5402257",urban-urban,urban,1345,"{""sample_routes"":{""date"":""2026-10-06"",""run_id"":""b104635e1d0a474fadc9e06a74bf67b7""},""join_samples"":{""date"":""2026-10-06"",""run_id"":""a2396393fc3a4c1583c2e9d52b660583""}}"
49,49,"46.059512700000006 , 14.5219146","46.1367047 , 14.444502700000001",urban-rural,urban,1342,"{""sample_routes"":{""date"":""2026-10-06"",""run_id"":""b104635e1d0a474fadc9e06a74bf67b7""},""join_samples"":{""date"":""2026-10-06"",""run_id"":""a2396393fc3a4c1583c2e9d52b660583""}}"
50,50,"46.0561985 , 14.411960800000001","46.056904700000004 , 14.5412519",urban-urban,urban,1341,"{""sample_routes"":{""date"":""2026-10-06"",""run_id"":""b104635e1d0a474fadc9e06a74bf67b7""},""join_samples"":{""date"":""2026-10-06"",""run_id"":""a2396393fc3a4c1583c2e9d52b660583""}}"
51,51,"46.0545465 , 14.413184800000002","46.054281100000004 , 14.5402257",urban-urban,urban,1341,"{""sample_routes"":{""date"":""2026-10-06"",""run_id"":""b104635e1d0a474fadc9e06a74bf67b7""},""join_samples"":{""date"":""2026-10-06"",""run_id"":""a2396393fc3a4c1583c2e9d52b660583""}}"
52,52,"46.054551800000006 , 14.4130946","46.054281100000004 , 14.5402257",urban-urban,urban,1341,"{""sample_routes"":{""date"":""2026-10-06"",""run_id"":""b104635e1d0a474fadc9e06a74bf67b7""},""join_samples"":{""date"":""2026-10-06"",""run_id"":""a2396393fc3a4c1583c2e9d52b660583""}}"
53,53,"46.0545167 , 14.413022400000001","46.054281100000004 , 14.5402257",urban-urban,urban,1341,"{""sample_routes"":{""date"":""2026-10-06"",""run_id"":""b104635e1d0a474fadc9e06a74bf67b7""},""join_samples"":{""date"":""2026-10-06"",""run_id"":""a2396393fc3a4c1583c2e9d52b660583""}}"
54,54,"46.070251500000005 , 14.3851711","46.009678300000004 , 14.4461597",urban-urban,urban,1340,"{""sample_routes"":{""date"":""2026-10-06"",""run_id"":""b104635e1d0a474fadc9e06a74bf67b7""},""join_samples"":{""date"":""2026-10-06"",""run_id"":""a2396393fc3a4c1583c2e9d52b660583""}}"
55,55,"46.0534983 , 14.4153611","46.054048200000004 , 14.539682500000001",urban-urban,urban,1338,"{""sample_routes"":{""date"":""2026-10-06"",""run_id"":""b104635e1d0a474fadc9e06a74bf67b7""},""join_samples"":{""date"":""2026-10-06"",""run_id"":""a2396393fc3a4c1583c2e9d52b660583""}}"
56,56,"46.0703018 , 14.3862497","46.009678300000004 , 14.4461597",urban-urban,urban,1336,"{""sample_routes"":{""date"":""2026-10-06"",""run_id"":""b104635e1d0a474fadc9e06a74bf67b7""},""join_samples"":{""date"":""2026-10-06"",""run_id"":""a2396393fc3a4c1583c2e9d52b660583""}}"
57,57,"46.0542986 , 14.416764800000001","46.054936000000005 , 14.5404756",urban-urban,urban,1332,"{""sample_routes"":{""date"":""2026-10-06"",""run_id"":""b104635e1d0a474fadc9e06a74bf67b7""},""join_samples"":{""date"":""2026-10-06"",""run_id"":""a2396393fc3a4c1583c2e9d52b660583""}}"
58,58,"46.069383900000005 , 14.3988454","45.9962292 , 14.398737100000002",urban-urban,urban,1331,"{""sample_routes"":{""date"":""2026-10-06"",""run_id"":""b104635e1d0a474fadc9e06a74bf67b7""},""join_samples"":{""date"":""2026-10-06"",""run_id"":""a2396393fc3a4c1583c2e9d52b660583""}}"
59,59,"46.0671368 , 14.3987055","45.9962292 , 14.398737100000002",urban-urban,urban,1330,"{""sample_routes"":{""date"":""2026-10-06"",""run_id"":""b104635e1d0a474fadc9e06a74bf67b7""},""join_samples"":{""date"":""2026-10-06"",""run_id"":""a2396393fc3a4c1583c2e9d52b660583""}}"
60,60,"46.0685889 , 14.4000228","45.9959159 , 14.4002905",urban-urban,urban,1330,"{""sample_routes"":{""date"":""2026-10-06"",""run_id"":""b104635e1d0a474fadc9e06a74bf67b7""},""join_samples"":{""date"":""2026-10-06"",""run_id"":""a2396393fc3a4c1583c2e9d52b660583""}}"
61,61,"46.058055 , 14.4133329","46.057475000000004 , 14.5385302",urban-urban,urban,1330,"{""sample_routes"":{""date"":""2026-10-06"",""run_id"":""b104635e1d0a474fadc9e06a74bf67b7""},""join_samples"":{""date"":""2026-10-06"",""run_id"":""a2396393fc3a4c1583c2e9d52b660583""}}"
62,62,"46.053212800000004 , 14.412730300000002","46.052999 , 14.535694200000002",urban-urban,urban,1329,"{""sample_routes"":{""date"":""2026-10-06"",""run_id"":""b104635e1d0a474fadc9e06a74bf67b7""},""join_samples"":{""date"":""2026-10-06"",""run_id"":""a2396393fc3a4c1583c2e9d52b660583""}}"
63,63,"46.053030500000006 , 14.4127755","46.052999 , 14.535694200000002",urban-urban,urban,1323,"{""sample_routes"":{""date"":""2026-10-06"",""run_id"":""b104635e1d0a474fadc9e06a74bf67b7""},""join_samples"":{""date"":""2026-10-06"",""run_id"":""a2396393fc3a4c1583c2e9d52b660583""}}"
64,64,"46.0529406 , 14.412846100000001","46.052999 , 14.535694200000002",urban-urban,urban,1323,"{""sample_routes"":{""date"":""2026-10-06"",""run_id"":""b104635e1d0a474fadc9e06a74bf67b7""},""join_samples"":{""date"":""2026-10-06"",""run_id"":""a2396393fc3a4c1583c2e9d52b660583""}}"
65,65,"46.0552669 , 14.416668000000001","46.054936000000005 , 14.5404756",urban-urban,urban,1319,"{""sample_routes"":{""date"":""2026-10-06"",""run_id"":""b104635e1d0a474fadc9e06a74bf67b7""},""join_samples"":{""date"":""2026-10-06"",""run_id"":""a2396393fc3a4c1583c2e9d52b660583""}}"
66,66,"46.0690827 , 14.399044700000001","45.9962292 , 14.398737100000002",urban-urban,urban,1318,"{""sample_routes"":{""date"":""2026-10-06"",""run_id"":""b104635e1d0a474fadc9e06a74bf67b7""},""join_samples"":{""date"":""2026-10-06"",""run_id"":""a2396393fc3a4c1583c2e9d52b660583""}}"
67,67,"46.055489200000004 , 14.4137701","46.0561811 , 14.540627800000001",urban-urban,urban,1315,"{""sample_routes"":{""date"":""2026-10-06"",""run_id"":""b104635e1d0a474fadc9e06a74bf67b7""},""join_samples"":{""date"":""2026-10-06"",""run_id"":""a2396393fc3a4c1583c2e9d52b660583""}}"
68,68,"46.0553478 , 14.4139928","46.0556726 , 14.5407205",urban-urban,urban,1303,"{""sample_routes"":{""date"":""2026-10-06"",""run_id"":""b104635e1d0a474fadc9e06a74bf67b7""},""join_samples"":{""date"":""2026-10-06"",""run_id"":""a2396393fc3a4c1583c2e9d52b660583""}}"
69,69,"46.0520428 , 14.411218000000002","46.0513415 , 14.5373745",urban-urban,urban,1301,"{""sample_routes"":{""date"":""2026-10-06"",""run_id"":""b104635e1d0a474fadc9e06a74bf67b7""},""join_samples"":{""date"":""2026-10-06"",""run_id"":""a2396393fc3a4c1583c2e9d52b660583""}}"
70,70,"46.0549681 , 14.414523800000001","46.054281100000004 , 14.5402257",urban-urban,urban,1301,"{""sample_routes"":{""date"":""2026-10-06"",""run_id"":""b104635e1d0a474fadc9e06a74bf67b7""},""join_samples"":{""date"":""2026-10-06"",""run_id"":""a2396393fc3a4c1583c2e9d52b660583""}}"
71,71,"46.0537587 , 14.4169894","46.0542595 , 14.536938000000001",urban-urban,urban,1301,"{""sample_routes"":{""date"":""2026-10-06"",""run_id"":""b104635e1d0a474fadc9e06a74bf67b7""},""join_samples"":{""date"":""2026-10-06"",""run_id"":""a2396393fc3a4c1583c2e9d52b660583""}}"
72,72,"46.054745700000005 , 14.414771300000002","46.054281100000004 , 14.5402257",urban-urban,urban,1301,"{""sample_routes"":{""date"":""2026-10-06"",""run_id"":""b104635e1d0a474fadc9e06a74bf67b7""},""join_samples"":{""date"":""2026-10-06"",""run_id"":""a2396393fc3a4c1583c2e9d52b660583""}}"
73,73,"46.0548554 , 14.414667300000001","46.054281100000004 , 14.5402257",urban-urban,urban,1301,"{""sample_routes"":{""date"":""2026-10-06"",""run_id"":""b104635e1d0a474fadc9e06a74bf67b7""},""join_samples"":{""date"":""2026-10-06"",""run_id"":""a2396393fc3a4c1583c2e9d52b660583""}}"
74,74,"46.056016 , 14.412767","46.0560221 , 14.5355913",urban-urban,urban,1299,"{""sample_routes"":{""date"":""2026-10-06"",""run_id"":""b104635e1d0a474fadc9e06a74bf67b7""},""join_samples"":{""date"":""2026-10-06"",""run_id"":""a2396393fc3a4c1583c2e9d52b660583""}}"
75,75,"46.0529974 , 14.414048000000001","46.052999 , 14.535694200000002",urban-urban,urban,1299,"{""sample_routes"":{""date"":""2026-10-06"",""run_id"":""b104635e1d0a474fadc9e06a74bf67b7""},""join_samples"":{""date"":""2026-10-06"",""run_id"":""a2396393fc3a4c1583c2e9d52b660583""}}"
76,76,"46.0520846 , 14.4120036","46.0514962 , 14.535898600000001",urban-urban,urban,1298,"{""sample_routes"":{""date"":""2026-10-06"",""run_id"":""b104635e1d0a474fadc9e06a74bf67b7""},""join_samples"":{""date"":""2026-10-06"",""run_id"":""a2396393fc3a4c1583c2e9d52b660583""}}"
77,77,"46.0551672 , 14.4142288","46.0547501 , 14.5341214",urban-urban,urban,1297,"{""sample_routes"":{""date"":""2026-10-06"",""run_id"":""b104635e1d0a474fadc9e06a74bf67b7""},""join_samples"":{""date"":""2026-10-06"",""run_id"":""a2396393fc3a4c1583c2e9d52b660583""}}"
78,78,"46.0537263 , 14.417250500000002","46.0542693 , 14.536893000000001",urban-urban,urban,1296,"{""sample_routes"":{""date"":""2026-10-06"",""run_id"":""b104635e1d0a474fadc9e06a74bf67b7""},""join_samples"":{""date"":""2026-10-06"",""run_id"":""a2396393fc3a4c1583c2e9d52b660583""}}"
79,79,"46.0711893 , 14.3722831","46.011498800000005 , 14.432633000000001",rural-urban,urban,1293,"{""sample_routes"":{""date"":""2026-10-06"",""run_id"":""b104635e1d0a474fadc9e06a74bf67b7""},""join_samples"":{""date"":""2026-10-06"",""run_id"":""a2396393fc3a4c1583c2e9d52b660583""}}"
80,80,"46.053543600000005 , 14.417582500000002","46.052999 , 14.535694200000002",urban-urban,urban,1293,"{""sample_routes"":{""date"":""2026-10-06"",""run_id"":""b104635e1d0a474fadc9e06a74bf67b7""},""join_samples"":{""date"":""2026-10-06"",""run_id"":""a2396393fc3a4c1583c2e9d52b660583""}}"
81,81,"46.053406300000006 , 14.416948600000001","46.052999 , 14.535694200000002",urban-urban,urban,1291,"{""sample_routes"":{""date"":""2026-10-06"",""run_id"":""b104635e1d0a474fadc9e06a74bf67b7""},""join_samples"":{""date"":""2026-10-06"",""run_id"":""a2396393fc3a4c1583c2e9d52b660583""}}"
82,82,"46.053505900000005 , 14.4170733","46.052999 , 14.535694200000002",urban-urban,urban,1288,"{""sample_routes"":{""date"":""2026-10-06"",""run_id"":""b104635e1d0a474fadc9e06a74bf67b7""},""join_samples"":{""date"":""2026-10-06"",""run_id"":""a2396393fc3a4c1583c2e9d52b660583""}}"
83,83,"46.0535981 , 14.4171578","46.052999 , 14.535694200000002",urban-urban,urban,1288,"{""sample_routes"":{""date"":""2026-10-06"",""run_id"":""b104635e1d0a474fadc9e06a74bf67b7""},""join_samples"":{""date"":""2026-10-06"",""run_id"":""a2396393fc3a4c1583c2e9d52b660583""}}"
84,84,"46.071099100000005 , 14.372020200000001","46.011643 , 14.4321894",rural-urban,urban,1283,"{""sample_routes"":{""date"":""2026-10-06"",""run_id"":""b104635e1d0a474fadc9e06a74bf67b7""},""join_samples"":{""date"":""2026-10-06"",""run_id"":""a2396393fc3a4c1583c2e9d52b660583""}}"
85,85,"46.055631600000005 , 14.413534100000001","46.054881800000004 , 14.5340532",urban-urban,urban,1280,"{""sample_routes"":{""date"":""2026-10-06"",""run_id"":""b104635e1d0a474fadc9e06a74bf67b7""},""join_samples"":{""date"":""2026-10-06"",""run_id"":""a2396393fc3a4c1583c2e9d52b660583""}}"
86,86,"46.053534500000005 , 14.415780300000002","46.052999 , 14.535694200000002",urban-urban,urban,1277,"{""sample_routes"":{""date"":""2026-10-06"",""run_id"":""b104635e1d0a474fadc9e06a74bf67b7""},""join_samples"":{""date"":""2026-10-06"",""run_id"":""a2396393fc3a4c1583c2e9d52b660583""}}"
87,87,"46.0541496 , 14.4148209","46.054281100000004 , 14.5402257",urban-urban,urban,1277,"{""sample_routes"":{""date"":""2026-10-06"",""run_id"":""b104635e1d0a474fadc9e06a74bf67b7""},""join_samples"":{""date"":""2026-10-06"",""run_id"":""a2396393fc3a4c1583c2e9d52b660583""}}"
88,88,"46.053505200000004 , 14.415615","46.052999 , 14.535694200000002",urban-urban,urban,1277,"{""sample_routes"":{""date"":""2026-10-06"",""run_id"":""b104635e1d0a474fadc9e06a74bf67b7""},""join_samples"":{""date"":""2026-10-06"",""run_id"":""a2396393fc3a4c1583c2e9d52b660583""}}"
89,89,"46.0535976 , 14.415965900000002","46.052999 , 14.535694200000002",urban-urban,urban,1277,"{""sample_routes"":{""date"":""2026-10-06"",""run_id"":""b104635e1d0a474fadc9e06a74bf67b7""},""join_samples"":{""date"":""2026-10-06"",""run_id"":""a2396393fc3a4c1583c2e9d52b660583""}}"
90,90,"46.0541926 , 14.4158013","46.054281100000004 , 14.5402257",urban-urban,urban,1274,"{""sample_routes"":{""date"":""2026-10-06"",""run_id"":""b104635e1d0a474fadc9e06a74bf67b7""},""join_samples"":{""date"":""2026-10-06"",""run_id"":""a2396393fc3a4c1583c2e9d52b660583""}}"
91,91,"46.0539429 , 14.4155359","46.054476300000005 , 14.540304800000001",urban-urban,urban,1274,"{""sample_routes"":{""date"":""2026-10-06"",""run_id"":""b104635e1d0a474fadc9e06a74bf67b7""},""join_samples"":{""date"":""2026-10-06"",""run_id"":""a2396393fc3a4c1583c2e9d52b660583""}}"
92,92,"46.053159400000006 , 14.4165746","46.0530199 , 14.535701600000001",urban-urban,urban,1263,"{""sample_routes"":{""date"":""2026-10-06"",""run_id"":""b104635e1d0a474fadc9e06a74bf67b7""},""join_samples"":{""date"":""2026-10-06"",""run_id"":""a2396393fc3a4c1583c2e9d52b660583""}}"
93,93,"46.053124200000006 , 14.416525400000001","46.052999 , 14.535694200000002",urban-urban,urban,1263,"{""sample_routes"":{""date"":""2026-10-06"",""run_id"":""b104635e1d0a474fadc9e06a74bf67b7""},""join_samples"":{""date"":""2026-10-06"",""run_id"":""a2396393fc3a4c1583c2e9d52b660583""}}"
94,94,"46.0530946 , 14.416492600000002","46.052999 , 14.535694200000002",urban-urban,urban,1263,"{""sample_routes"":{""date"":""2026-10-06"",""run_id"":""b104635e1d0a474fadc9e06a74bf67b7""},""join_samples"":{""date"":""2026-10-06"",""run_id"":""a2396393fc3a4c1583c2e9d52b660583""}}"
95,95,"46.053068 , 14.416474500000001","46.052999 , 14.535694200000002",urban-urban,urban,1263,"{""sample_routes"":{""date"":""2026-10-06"",""run_id"":""b104635e1d0a474fadc9e06a74bf67b7""},""join_samples"":{""date"":""2026-10-06"",""run_id"":""a2396393fc3a4c1583c2e9d52b660583""}}"
96,96,"46.0537635 , 14.4163262","46.054281100000004 , 14.5402257",urban-urban,urban,1258,"{""sample_routes"":{""date"":""2026-10-06"",""run_id"":""b104635e1d0a474fadc9e06a74bf67b7""},""join_samples"":{""date"":""2026-10-06"",""run_id"":""a2396393fc3a4c1583c2e9d52b660583""}}"
97,97,"46.0538346 , 14.416629400000001","46.054148500000004 , 14.5401588",urban-urban,urban,1258,"{""sample_routes"":{""date"":""2026-10-06"",""run_id"":""b104635e1d0a474fadc9e06a74bf67b7""},""join_samples"":{""date"":""2026-10-06"",""run_id"":""a2396393fc3a4c1583c2e9d52b660583""}}"
98,98,"46.053809900000005 , 14.416468","46.054281100000004 , 14.5402257",urban-urban,urban,1258,"{""sample_routes"":{""date"":""2026-10-06"",""run_id"":""b104635e1d0a474fadc9e06a74bf67b7""},""join_samples"":{""date"":""2026-10-06"",""run_id"":""a2396393fc3a4c1583c2e9d52b660583""}}"
99,99,"46.0556986 , 14.417019600000001","46.0564066 , 14.540605800000002",rural-urban,urban,1257,"{""sample_routes"":{""date"":""2026-10-06"",""run_id"":""b104635e1d0a474fadc9e06a74bf67b7""},""join_samples"":{""date"":""2026-10-06"",""run_id"":""a2396393fc3a4c1583c2e9d52b660583""}}"
100,100,"46.0533176 , 14.418979","46.052999 , 14.535694200000002",urban-urban,urban,1257,"{""sample_routes"":{""date"":""2026-10-06"",""run_id"":""b104635e1d0a474fadc9e06a74bf67b7""},""join_samples"":{""date"":""2026-10-06"",""run_id"":""a2396393fc3a4c1583c2e9d52b660583""}}"
101,101,"46.0557767 , 14.417098300000001","46.0564066 , 14.540605800000002",rural-urban,urban,1257,"{""sample_routes"":{""date"":""2026-10-06"",""run_id"":""b104635e1d0a474fadc9e06a74bf67b7""},""join_samples"":{""date"":""2026-10-06"",""run_id"":""a2396393fc3a4c1583c2e9d52b660583""}}"
102,102,"46.055917300000004 , 14.4172369","46.0562472 , 14.5365844",rural-urban,urban,1214,"{""sample_routes"":{""date"":""2026-10-06"",""run_id"":""b104635e1d0a474fadc9e06a74bf67b7""},""join_samples"":{""date"":""2026-10-06"",""run_id"":""a2396393fc3a4c1583c2e9d52b660583""}}"
103,103,"46.062518100000005 , 14.5302334","45.9915042 , 14.4584632",urban-urban,urban,1212,"{""sample_routes"":{""date"":""2026-10-06"",""run_id"":""b104635e1d0a474fadc9e06a74bf67b7""},""join_samples"":{""date"":""2026-10-06"",""run_id"":""a2396393fc3a4c1583c2e9d52b660583""}}"
104,104,"45.989376 , 14.572339900000001","46.055882000000004 , 14.505301000000001",urban-urban,urban,1212,"{""sample_routes"":{""date"":""2026-10-06"",""run_id"":""b104635e1d0a474fadc9e06a74bf67b7""},""join_samples"":{""date"":""2026-10-06"",""run_id"":""a2396393fc3a4c1583c2e9d52b660583""}}"
105,105,"45.957503200000005 , 14.5148846","46.072990600000004 , 14.399887000000001",urban-urban,mixed,1798,"{""sample_routes"":{""date"":""2026-10-06"",""run_id"":""b104635e1d0a474fadc9e06a74bf67b7""},""join_samples"":{""date"":""2026-10-06"",""run_id"":""a2396393fc3a4c1583c2e9d52b660583""}}"
106,106,"45.963624100000004 , 14.486405800000002","46.0449587 , 14.405112500000001",urban-urban,mixed,1782,"{""sample_routes"":{""date"":""2026-10-06"",""run_id"":""b104635e1d0a474fadc9e06a74bf67b7""},""join_samples"":{""date"":""2026-10-06"",""run_id"":""a2396393fc3a4c1583c2e9d52b660583""}}"
107,107,"46.012345 , 14.615369300000001","46.011698100000004 , 14.433659700000002",urban-urban,mixed,1823,"{""sample_routes"":{""date"":""2026-10-06"",""run_id"":""b104635e1d0a474fadc9e06a74bf67b7""},""join_samples"":{""date"":""2026-10-06"",""run_id"":""a2396393fc3a4c1583c2e9d52b660583""}}"
108,108,"46.1095412 , 14.416825300000001","46.0042722 , 14.4171475",urban-urban,mixed,1760,"{""sample_routes"":{""date"":""2026-10-06"",""run_id"":""b104635e1d0a474fadc9e06a74bf67b7""},""join_samples"":{""date"":""2026-10-06"",""run_id"":""a2396393fc3a4c1583c2e9d52b660583""}}"
109,109,"46.1082745 , 14.414900000000001","46.1077768 , 14.5457362",urban-urban,mixed,1841,"{""sample_routes"":{""date"":""2026-10-06"",""run_id"":""b104635e1d0a474fadc9e06a74bf67b7""},""join_samples"":{""date"":""2026-10-06"",""run_id"":""a2396393fc3a4c1583c2e9d52b660583""}}"
110,110,"46.001458500000005 , 14.417127","46.1086812 , 14.416608600000002",urban-urban,mixed,1759,"{""sample_routes"":{""date"":""2026-10-06"",""run_id"":""b104635e1d0a474fadc9e06a74bf67b7""},""join_samples"":{""date"":""2026-10-06"",""run_id"":""a2396393fc3a4c1583c2e9d52b660583""}}"
111,111,"45.9719301 , 14.501551500000001","46.073703300000005 , 14.399409",urban-urban,mixed,1754,"{""sample_routes"":{""date"":""2026-10-06"",""run_id"":""b104635e1d0a474fadc9e06a74bf67b7""},""join_samples"":{""date"":""2026-10-06"",""run_id"":""a2396393fc3a4c1583c2e9d52b660583""}}"
112,112,"45.9632999 , 14.4806036","46.0928782 , 14.4811619",urban-urban,mixed,1751,"{""sample_routes"":{""date"":""2026-10-06"",""run_id"":""b104635e1d0a474fadc9e06a74bf67b7""},""join_samples"":{""date"":""2026-10-06"",""run_id"":""a2396393fc3a4c1583c2e9d52b660583""}}"
113,113,"45.9951383 , 14.4040002","46.115762100000005 , 14.403599900000001",urban-urban,mixed,1859,"{""sample_routes"":{""date"":""2026-10-06"",""run_id"":""b104635e1d0a474fadc9e06a74bf67b7""},""join_samples"":{""date"":""2026-10-06"",""run_id"":""a2396393fc3a4c1583c2e9d52b660583""}}"
114,114,"46.1097514 , 14.416483500000002","46.1094802 , 14.545518900000001",urban-urban,mixed,1870,"{""sample_routes"":{""date"":""2026-10-06"",""run_id"":""b104635e1d0a474fadc9e06a74bf67b7""},""join_samples"":{""date"":""2026-10-06"",""run_id"":""a2396393fc3a4c1583c2e9d52b660583""}}"
115,115,"46.110651100000005 , 14.4160389","46.0045907 , 14.415488300000002",urban-urban,mixed,1727,"{""sample_routes"":{""date"":""2026-10-06"",""run_id"":""b104635e1d0a474fadc9e06a74bf67b7""},""join_samples"":{""date"":""2026-10-06"",""run_id"":""a2396393fc3a4c1583c2e9d52b660583""}}"
116,116,"46.132845700000004 , 14.432782300000001","45.9886178 , 14.5772574",urban-urban,mixed,1725,"{""sample_routes"":{""date"":""2026-10-06"",""run_id"":""b104635e1d0a474fadc9e06a74bf67b7""},""join_samples"":{""date"":""2026-10-06"",""run_id"":""a2396393fc3a4c1583c2e9d52b660583""}}"
117,117,"45.966553100000006 , 14.498910200000001","46.0676939 , 14.499393900000001",rural-urban,mixed,1721,"{""sample_routes"":{""date"":""2026-10-06"",""run_id"":""b104635e1d0a474fadc9e06a74bf67b7""},""join_samples"":{""date"":""2026-10-06"",""run_id"":""a2396393fc3a4c1583c2e9d52b660583""}}"
118,118,"46.138587400000006 , 14.456756200000001","45.9910391 , 14.4569445",urban-urban,mixed,1716,"{""sample_routes"":{""date"":""2026-10-06"",""run_id"":""b104635e1d0a474fadc9e06a74bf67b7""},""join_samples"":{""date"":""2026-10-06"",""run_id"":""a2396393fc3a4c1583c2e9d52b660583""}}"
119,119,"46.003373700000004 , 14.4156706","46.1079305 , 14.4155612",urban-urban,mixed,1715,"{""sample_routes"":{""date"":""2026-10-06"",""run_id"":""b104635e1d0a474fadc9e06a74bf67b7""},""join_samples"":{""date"":""2026-10-06"",""run_id"":""a2396393fc3a4c1583c2e9d52b660583""}}"
120,120,"46.113610900000005 , 14.402551800000001","46.1140947 , 14.5471505",urban-rural,mixed,1888,"{""sample_routes"":{""date"":""2026-10-06"",""run_id"":""b104635e1d0a474fadc9e06a74bf67b7""},""join_samples"":{""date"":""2026-10-06"",""run_id"":""a2396393fc3a4c1583c2e9d52b660583""}}"
121,121,"46.1102426 , 14.525043","46.110508100000004 , 14.414958",urban-urban,mixed,1710,"{""sample_routes"":{""date"":""2026-10-06"",""run_id"":""b104635e1d0a474fadc9e06a74bf67b7""},""join_samples"":{""date"":""2026-10-06"",""run_id"":""a2396393fc3a4c1583c2e9d52b660583""}}"
122,122,"46.0725217 , 14.4014105","46.071962600000006 , 14.636883300000001",urban-urban,mixed,1709,"{""sample_routes"":{""date"":""2026-10-06"",""run_id"":""b104635e1d0a474fadc9e06a74bf67b7""},""join_samples"":{""date"":""2026-10-06"",""run_id"":""a2396393fc3a4c1583c2e9d52b660583""}}"
123,123,"46.1091555 , 14.420959900000001","46.0184617 , 14.420701800000002",urban-rural,mixed,1700,"{""sample_routes"":{""date"":""2026-10-06"",""run_id"":""b104635e1d0a474fadc9e06a74bf67b7""},""join_samples"":{""date"":""2026-10-06"",""run_id"":""a2396393fc3a4c1583c2e9d52b660583""}}"
124,124,"46.0685519 , 14.4001298","46.0683049 , 14.610627500000001",urban-urban,mixed,1697,"{""sample_routes"":{""date"":""2026-10-06"",""run_id"":""b104635e1d0a474fadc9e06a74bf67b7""},""join_samples"":{""date"":""2026-10-06"",""run_id"":""a2396393fc3a4c1583c2e9d52b660583""}}"
125,125,"46.1086412 , 14.414694200000001","46.013923600000005 , 14.4149902",urban-rural,mixed,1695,"{""sample_routes"":{""date"":""2026-10-06"",""run_id"":""b104635e1d0a474fadc9e06a74bf67b7""},""join_samples"":{""date"":""2026-10-06"",""run_id"":""a2396393fc3a4c1583c2e9d52b660583""}}"
126,126,"46.0703587 , 14.3853871","46.1042314 , 14.4186692",urban-urban,mixed,1907,"{""sample_routes"":{""date"":""2026-10-06"",""run_id"":""b104635e1d0a474fadc9e06a74bf67b7""},""join_samples"":{""date"":""2026-10-06"",""run_id"":""a2396393fc3a4c1583c2e9d52b660583""}}"
127,127,"46.0702079 , 14.3855085","46.0707734 , 14.635086200000002",urban-rural,mixed,1916,"{""sample_routes"":{""date"":""2026-10-06"",""run_id"":""b104635e1d0a474fadc9e06a74bf67b7""},""join_samples"":{""date"":""2026-10-06"",""run_id"":""a2396393fc3a4c1583c2e9d52b660583""}}"
128,128,"46.111307000000004 , 14.526904100000001","46.1113377 , 14.416636100000002",urban-urban,mixed,1682,"{""sample_routes"":{""date"":""2026-10-06"",""run_id"":""b104635e1d0a474fadc9e06a74bf67b7""},""join_samples"":{""date"":""2026-10-06"",""run_id"":""a2396393fc3a4c1583c2e9d52b660583""}}"
129,129,"46.093957800000005 , 14.380616700000001","46.0940269 , 14.5623093",urban-urban,mixed,1678,"{""sample_routes"":{""date"":""2026-10-06"",""run_id"":""b104635e1d0a474fadc9e06a74bf67b7""},""join_samples"":{""date"":""2026-10-06"",""run_id"":""a2396393fc3a4c1583c2e9d52b660583""}}"
130,130,"46.112480700000006 , 14.416138","46.0045881 , 14.4163718",urban-urban,mixed,1676,"{""sample_routes"":{""date"":""2026-10-06"",""run_id"":""b104635e1d0a474fadc9e06a74bf67b7""},""join_samples"":{""date"":""2026-10-06"",""run_id"":""a2396393fc3a4c1583c2e9d52b660583""}}"
131,131,"46.1085475 , 14.421063100000001","46.0763315 , 14.388517100000001",urban-rural,mixed,1676,"{""sample_routes"":{""date"":""2026-10-06"",""run_id"":""b104635e1d0a474fadc9e06a74bf67b7""},""join_samples"":{""date"":""2026-10-06"",""run_id"":""a2396393fc3a4c1583c2e9d52b660583""}}"
132,132,"46.073443100000006 , 14.377589200000001","45.9688663 , 14.482686300000001",urban-rural,mixed,1925,"{""sample_routes"":{""date"":""2026-10-06"",""run_id"":""b104635e1d0a474fadc9e06a74bf67b7""},""join_samples"":{""date"":""2026-10-06"",""run_id"":""a2396393fc3a4c1583c2e9d52b660583""}}"
133,133,"46.064026500000004 , 14.621459600000001","46.064603500000004 , 14.4016707",urban-urban,mixed,1671,"{""sample_routes"":{""date"":""2026-10-06"",""run_id"":""b104635e1d0a474fadc9e06a74bf67b7""},""join_samples"":{""date"":""2026-10-06"",""run_id"":""a2396393fc3a4c1583c2e9d52b660583""}}"
134,134,"46.0711145 , 14.497983900000001","45.9664507 , 14.497404900000001",urban-urban,mixed,1663,"{""sample_routes"":{""date"":""2026-10-06"",""run_id"":""b104635e1d0a474fadc9e06a74bf67b7""},""join_samples"":{""date"":""2026-10-06"",""run_id"":""a2396393fc3a4c1583c2e9d52b660583""}}"
135,135,"46.0763371 , 14.386123300000001","45.9670392 , 14.4950472",rural-urban,mixed,1944,"{""sample_routes"":{""date"":""2026-10-06"",""run_id"":""b104635e1d0a474fadc9e06a74bf67b7""},""join_samples"":{""date"":""2026-10-06"",""run_id"":""a2396393fc3a4c1583c2e9d52b660583""}}"
136,136,"46.106326200000005 , 14.529440200000002","46.1067112 , 14.4157843",urban-urban,mixed,1654,"{""sample_routes"":{""date"":""2026-10-06"",""run_id"":""b104635e1d0a474fadc9e06a74bf67b7""},""join_samples"":{""date"":""2026-10-06"",""run_id"":""a2396393fc3a4c1583c2e9d52b660583""}}"
137,137,"46.0760803 , 14.3831755","46.0754393 , 14.555240600000001",rural-urban,mixed,1652,"{""sample_routes"":{""date"":""2026-10-06"",""run_id"":""b104635e1d0a474fadc9e06a74bf67b7""},""join_samples"":{""date"":""2026-10-06"",""run_id"":""a2396393fc3a4c1583c2e9d52b660583""}}"
138,138,"46.0588362 , 14.6199592","45.958401 , 14.5201331",urban-urban,mixed,1651,"{""sample_routes"":{""date"":""2026-10-06"",""run_id"":""b104635e1d0a474fadc9e06a74bf67b7""},""join_samples"":{""date"":""2026-10-06"",""run_id"":""a2396393fc3a4c1583c2e9d52b660583""}}"
139,139,"46.1326279 , 14.5592249","46.132989800000004 , 14.420101500000001",urban-urban,mixed,1651,"{""sample_routes"":{""date"":""2026-10-06"",""run_id"":""b104635e1d0a474fadc9e06a74bf67b7""},""join_samples"":{""date"":""2026-10-06"",""run_id"":""a2396393fc3a4c1583c2e9d52b660583""}}"
140,140,"45.9618765 , 14.513592000000001","46.061410800000004 , 14.413837200000001",rural-urban,mixed,1639,"{""sample_routes"":{""date"":""2026-10-06"",""run_id"":""b104635e1d0a474fadc9e06a74bf67b7""},""join_samples"":{""date"":""2026-10-06"",""run_id"":""a2396393fc3a4c1583c2e9d52b660583""}}"
141,141,"45.9647361 , 14.484769000000002","46.0831858 , 14.4842124",urban-urban,mixed,1639,"{""sample_routes"":{""date"":""2026-10-06"",""run_id"":""b104635e1d0a474fadc9e06a74bf67b7""},""join_samples"":{""date"":""2026-10-06"",""run_id"":""a2396393fc3a4c1583c2e9d52b660583""}}"
142,142,"45.9620036 , 14.5128304","46.0835888 , 14.5133381",rural-rural,mixed,1617,"{""sample_routes"":{""date"":""2026-10-06"",""run_id"":""b104635e1d0a474fadc9e06a74bf67b7""},""join_samples"":{""date"":""2026-10-06"",""run_id"":""a2396393fc3a4c1583c2e9d52b660583""}}"
143,143,"46.038144100000004 , 14.377015100000001","46.0375024 , 14.561676700000001",rural-urban,mixed,1613,"{""sample_routes"":{""date"":""2026-10-06"",""run_id"":""b104635e1d0a474fadc9e06a74bf67b7""},""join_samples"":{""date"":""2026-10-06"",""run_id"":""a2396393fc3a4c1583c2e9d52b660583""}}"
144,144,"45.9603811 , 14.517537500000001","46.083234600000004 , 14.518113000000001",urban-rural,mixed,1612,"{""sample_routes"":{""date"":""2026-10-06"",""run_id"":""b104635e1d0a474fadc9e06a74bf67b7""},""join_samples"":{""date"":""2026-10-06"",""run_id"":""a2396393fc3a4c1583c2e9d52b660583""}}"
145,145,"45.966432700000006 , 14.4964832","46.0763371 , 14.386123300000001",urban-rural,mixed,1992,"{""sample_routes"":{""date"":""2026-10-06"",""run_id"":""b104635e1d0a474fadc9e06a74bf67b7""},""join_samples"":{""date"":""2026-10-06"",""run_id"":""a2396393fc3a4c1583c2e9d52b660583""}}"
146,146,"46.070552500000005 , 14.4927658","45.966800500000005 , 14.4932668",urban-urban,mixed,1604,"{""sample_routes"":{""date"":""2026-10-06"",""run_id"":""b104635e1d0a474fadc9e06a74bf67b7""},""join_samples"":{""date"":""2026-10-06"",""run_id"":""a2396393fc3a4c1583c2e9d52b660583""}}"
147,147,"46.1327614 , 14.438956000000001","46.0022164 , 14.5700544",urban-urban,mixed,1603,"{""sample_routes"":{""date"":""2026-10-06"",""run_id"":""b104635e1d0a474fadc9e06a74bf67b7""},""join_samples"":{""date"":""2026-10-06"",""run_id"":""a2396393fc3a4c1583c2e9d52b660583""}}"
148,148,"46.05337 , 14.412567200000002","45.966548100000004 , 14.499133700000002",urban-rural,mixed,1602,"{""sample_routes"":{""date"":""2026-10-06"",""run_id"":""b104635e1d0a474fadc9e06a74bf67b7""},""join_samples"":{""date"":""2026-10-06"",""run_id"":""a2396393fc3a4c1583c2e9d52b660583""}}"
149,149,"46.1134763 , 14.4154607","46.034670000000006 , 14.494136600000001",urban-urban,mixed,1596,"{""sample_routes"":{""date"":""2026-10-06"",""run_id"":""b104635e1d0a474fadc9e06a74bf67b7""},""join_samples"":{""date"":""2026-10-06"",""run_id"":""a2396393fc3a4c1583c2e9d52b660583""}}"
150,150,"46.1150083 , 14.4055187","46.030976900000006 , 14.4895341",urban-urban,mixed,1590,"{""sample_routes"":{""date"":""2026-10-06"",""run_id"":""b104635e1d0a474fadc9e06a74bf67b7""},""join_samples"":{""date"":""2026-10-06"",""run_id"":""a2396393fc3a4c1583c2e9d52b660583""}}"
151,151,"45.957233900000006 , 14.530218300000001","46.0649644 , 14.421908400000001",urban-rural,mixed,1587,"{""sample_routes"":{""date"":""2026-10-06"",""run_id"":""b104635e1d0a474fadc9e06a74bf67b7""},""join_samples"":{""date"":""2026-10-06"",""run_id"":""a2396393fc3a4c1583c2e9d52b660583""}}"
152,152,"46.0052639 , 14.447158300000002","46.10255 , 14.544860400000001",urban-urban,mixed,1583,"{""sample_routes"":{""date"":""2026-10-06"",""run_id"":""b104635e1d0a474fadc9e06a74bf67b7""},""join_samples"":{""date"":""2026-10-06"",""run_id"":""a2396393fc3a4c1583c2e9d52b660583""}}"
153,153,"46.054021500000005 , 14.4145689","45.964755100000005 , 14.5042871",urban-rural,mixed,1582,"{""sample_routes"":{""date"":""2026-10-06"",""run_id"":""b104635e1d0a474fadc9e06a74bf67b7""},""join_samples"":{""date"":""2026-10-06"",""run_id"":""a2396393fc3a4c1583c2e9d52b660583""}}"
154,154,"45.967174500000006 , 14.4905541","46.0702684 , 14.3868907",urban-urban,mixed,2027,"{""sample_routes"":{""date"":""2026-10-06"",""run_id"":""b104635e1d0a474fadc9e06a74bf67b7""},""join_samples"":{""date"":""2026-10-06"",""run_id"":""a2396393fc3a4c1583c2e9d52b660583""}}"
155,155,"46.1285937 , 14.558520900000001","46.1288494 , 14.425038500000001",urban-urban,mixed,1572,"{""sample_routes"":{""date"":""2026-10-06"",""run_id"":""b104635e1d0a474fadc9e06a74bf67b7""},""join_samples"":{""date"":""2026-10-06"",""run_id"":""a2396393fc3a4c1583c2e9d52b660583""}}"
156,156,"46.0490214 , 14.598680100000001","46.1339776 , 14.513791900000001",urban-urban,mixed,1568,"{""sample_routes"":{""date"":""2026-10-06"",""run_id"":""b104635e1d0a474fadc9e06a74bf67b7""},""join_samples"":{""date"":""2026-10-06"",""run_id"":""a2396393fc3a4c1583c2e9d52b660583""}}"
157,157,"46.070251500000005 , 14.3851711","45.9666836 , 14.4890374",urban-urban,mixed,2034,"{""sample_routes"":{""date"":""2026-10-06"",""run_id"":""b104635e1d0a474fadc9e06a74bf67b7""},""join_samples"":{""date"":""2026-10-06"",""run_id"":""a2396393fc3a4c1583c2e9d52b660583""}}"
158,158,"45.9604451 , 14.517899600000002","46.066442900000006 , 14.6233178",urban-urban,mixed,1563,"{""sample_routes"":{""date"":""2026-10-06"",""run_id"":""b104635e1d0a474fadc9e06a74bf67b7""},""join_samples"":{""date"":""2026-10-06"",""run_id"":""a2396393fc3a4c1583c2e9d52b660583""}}"
159,159,"46.098223700000005 , 14.537962700000001","46.005764500000005 , 14.4460229",urban-urban,mixed,1550,"{""sample_routes"":{""date"":""2026-10-06"",""run_id"":""b104635e1d0a474fadc9e06a74bf67b7""},""join_samples"":{""date"":""2026-10-06"",""run_id"":""a2396393fc3a4c1583c2e9d52b660583""}}"
160,160,"46.087845200000004 , 14.4692764","45.9691484 , 14.469657900000001",urban-rural,mixed,1546,"{""sample_routes"":{""date"":""2026-10-06"",""run_id"":""b104635e1d0a474fadc9e06a74bf67b7""},""join_samples"":{""date"":""2026-10-06"",""run_id"":""a2396393fc3a4c1583c2e9d52b660583""}}"
161,161,"45.9672065 , 14.492384500000002","46.0698462 , 14.389740300000001",urban-urban,mixed,2055,"{""sample_routes"":{""date"":""2026-10-06"",""run_id"":""b104635e1d0a474fadc9e06a74bf67b7""},""join_samples"":{""date"":""2026-10-06"",""run_id"":""a2396393fc3a4c1583c2e9d52b660583""}}"
162,162,"46.1077299 , 14.5202117","45.9925506 , 14.405352500000001",urban-urban,mixed,1543,"{""sample_routes"":{""date"":""2026-10-06"",""run_id"":""b104635e1d0a474fadc9e06a74bf67b7""},""join_samples"":{""date"":""2026-10-06"",""run_id"":""a2396393fc3a4c1583c2e9d52b660583""}}"
163,163,"45.9658254 , 14.4719458","46.0867506 , 14.471353400000002",urban-urban,mixed,1537,"{""sample_routes"":{""date"":""2026-10-06"",""run_id"":""b104635e1d0a474fadc9e06a74bf67b7""},""join_samples"":{""date"":""2026-10-06"",""run_id"":""a2396393fc3a4c1583c2e9d52b660583""}}"
164,164,"46.068025500000005 , 14.5359124","46.068513700000004 , 14.396731500000001",urban-urban,mixed,1534,"{""sample_routes"":{""date"":""2026-10-06"",""run_id"":""b104635e1d0a474fadc9e06a74bf67b7""},""join_samples"":{""date"":""2026-10-06"",""run_id"":""a2396393fc3a4c1583c2e9d52b660583""}}"
0,0,"46.157046900000005 , 15.0556605","46.258701 , 15.156806000000001",urban-urban,urban,1801,"{""sample_routes"":{""date"":""2026-10-07"",""run_id"":""ee4a8ed5520c43859e904ddfc7d14f6f""},""join_samples"":{""date"":""2026-10-07"",""run_id"":""c247f8784a5849079adb1c1869d6fa5b""}}"
1,1,"46.5578349 , 16.1363545","46.4242859 , 16.2700982",urban-urban,urban,1793,"{""sample_routes"":{""date"":""2026-10-07"",""run_id"":""ee4a8ed5520c43859e904ddfc7d14f6f""},""join_samples"":{""date"":""2026-10-07"",""run_id"":""c247f8784a5849079adb1c1869d6fa5b""}}"
2,2,"46.1004938 , 13.953265","46.099978 , 14.109257600000001",rural-urban,urban,1792,"{""sample_routes"":{""date"":""2026-10-07"",""run_id"":""ee4a8ed5520c43859e904ddfc7d14f6f""},""join_samples"":{""date"":""2026-10-07"",""run_id"":""c247f8784a5849079adb1c1869d6fa5b""}}"
3,3,"46.1397635 , 14.011100800000001","46.0439827 , 14.107475500000001",urban-urban,urban,1809,"{""sample_routes"":{""date"":""2026-10-07"",""run_id"":""ee4a8ed5520c43859e904ddfc7d14f6f""},""join_samples"":{""date"":""2026-10-07"",""run_id"":""c247f8784a5849079adb1c1869d6fa5b""}}"
4,4,"46.1541986 , 15.0516898","46.2583069 , 15.1562765",urban-urban,urban,1809,"{""sample_routes"":{""date"":""2026-10-07"",""run_id"":""ee4a8ed5520c43859e904ddfc7d14f6f""},""join_samples"":{""date"":""2026-10-07"",""run_id"":""c247f8784a5849079adb1c1869d6fa5b""}}"
5,5,"46.458911500000006 , 16.2453578","46.6074889 , 16.0961727",urban-rural,urban,1810,"{""sample_routes"":{""date"":""2026-10-07"",""run_id"":""ee4a8ed5520c43859e904ddfc7d14f6f""},""join_samples"":{""date"":""2026-10-07"",""run_id"":""c247f8784a5849079adb1c1869d6fa5b""}}"
6,6,"46.246687 , 15.047072400000001","46.143526400000006 , 15.047627700000001",urban-urban,urban,1810,"{""sample_routes"":{""date"":""2026-10-07"",""run_id"":""ee4a8ed5520c43859e904ddfc7d14f6f""},""join_samples"":{""date"":""2026-10-07"",""run_id"":""c247f8784a5849079adb1c1869d6fa5b""}}"
7,7,"46.237182700000005 , 15.0747078","46.141615800000004 , 15.0747098",rural-urban,urban,1811,"{""sample_routes"":{""date"":""2026-10-07"",""run_id"":""ee4a8ed5520c43859e904ddfc7d14f6f""},""join_samples"":{""date"":""2026-10-07"",""run_id"":""c247f8784a5849079adb1c1869d6fa5b""}}"
8,8,"46.2349035 , 15.136418500000001","46.1331605 , 15.0351513",rural-rural,urban,1813,"{""sample_routes"":{""date"":""2026-10-07"",""run_id"":""ee4a8ed5520c43859e904ddfc7d14f6f""},""join_samples"":{""date"":""2026-10-07"",""run_id"":""c247f8784a5849079adb1c1869d6fa5b""}}"
9,9,"46.2466062 , 15.0483878","46.1436548 , 15.047910000000002",urban-urban,urban,1787,"{""sample_routes"":{""date"":""2026-10-07"",""run_id"":""ee4a8ed5520c43859e904ddfc7d14f6f""},""join_samples"":{""date"":""2026-10-07"",""run_id"":""c247f8784a5849079adb1c1869d6fa5b""}}"
10,10,"46.2597953 , 15.0711721","46.1481903 , 15.071297600000001",rural-rural,urban,1815,"{""sample_routes"":{""date"":""2026-10-07"",""run_id"":""ee4a8ed5520c43859e904ddfc7d14f6f""},""join_samples"":{""date"":""2026-10-07"",""run_id"":""c247f8784a5849079adb1c1869d6fa5b""}}"
11,11,"46.2360173 , 15.074103200000001","46.1415853 , 15.074699200000001",rural-urban,urban,1817,"{""sample_routes"":{""date"":""2026-10-07"",""run_id"":""ee4a8ed5520c43859e904ddfc7d14f6f""},""join_samples"":{""date"":""2026-10-07"",""run_id"":""c247f8784a5849079adb1c1869d6fa5b""}}"
12,12,"46.236114400000005 , 15.074185600000002","46.1415853 , 15.074699200000001",rural-urban,urban,1817,"{""sample_routes"":{""date"":""2026-10-07"",""run_id"":""ee4a8ed5520c43859e904ddfc7d14f6f""},""join_samples"":{""date"":""2026-10-07"",""run_id"":""c247f8784a5849079adb1c1869d6fa5b""}}"
13,13,"46.5995323 , 16.1055111","46.459355300000006 , 16.2463401",urban-urban,urban,1781,"{""sample_routes"":{""date"":""2026-10-07"",""run_id"":""ee4a8ed5520c43859e904ddfc7d14f6f""},""join_samples"":{""date"":""2026-10-07"",""run_id"":""c247f8784a5849079adb1c1869d6fa5b""}}"
14,14,"46.2430803 , 15.051609800000001","46.1503187 , 15.051513700000001",urban-urban,urban,1781,"{""sample_routes"":{""date"":""2026-10-07"",""run_id"":""ee4a8ed5520c43859e904ddfc7d14f6f""},""join_samples"":{""date"":""2026-10-07"",""run_id"":""c247f8784a5849079adb1c1869d6fa5b""}}"
15,15,"46.4542573 , 16.252786500000003","46.599649400000004 , 16.106905100000002",urban-urban,urban,1821,"{""sample_routes"":{""date"":""2026-10-07"",""run_id"":""ee4a8ed5520c43859e904ddfc7d14f6f""},""join_samples"":{""date"":""2026-10-07"",""run_id"":""c247f8784a5849079adb1c1869d6fa5b""}}"
16,16,"46.157571100000006 , 15.0556301","46.2597224 , 15.157298200000001",urban-urban,urban,1779,"{""sample_routes"":{""date"":""2026-10-07"",""run_id"":""ee4a8ed5520c43859e904ddfc7d14f6f""},""join_samples"":{""date"":""2026-10-07"",""run_id"":""c247f8784a5849079adb1c1869d6fa5b""}}"
17,17,"46.24257 , 15.051941200000002","46.1492797 , 15.052504",urban-urban,urban,1778,"{""sample_routes"":{""date"":""2026-10-07"",""run_id"":""ee4a8ed5520c43859e904ddfc7d14f6f""},""join_samples"":{""date"":""2026-10-07"",""run_id"":""c247f8784a5849079adb1c1869d6fa5b""}}"
18,18,"46.242919500000006 , 15.056303300000001","46.147028000000006 , 15.0557887",urban-urban,urban,1777,"{""sample_routes"":{""date"":""2026-10-07"",""run_id"":""ee4a8ed5520c43859e904ddfc7d14f6f""},""join_samples"":{""date"":""2026-10-07"",""run_id"":""c247f8784a5849079adb1c1869d6fa5b""}}"
19,19,"46.592855 , 16.1050061","46.4447574 , 16.2528338",rural-urban,urban,1773,"{""sample_routes"":{""date"":""2026-10-07"",""run_id"":""ee4a8ed5520c43859e904ddfc7d14f6f""},""join_samples"":{""date"":""2026-10-07"",""run_id"":""c247f8784a5849079adb1c1869d6fa5b""}}"
20,20,"46.447428800000004 , 16.254368200000002","46.5989658 , 16.103192200000002",urban-urban,urban,1830,"{""sample_routes"":{""date"":""2026-10-07"",""run_id"":""ee4a8ed5520c43859e904ddfc7d14f6f""},""join_samples"":{""date"":""2026-10-07"",""run_id"":""c247f8784a5849079adb1c1869d6fa5b""}}"
21,21,"46.1518041 , 15.0392618","46.2471838 , 15.039279700000002",urban-rural,urban,1831,"{""sample_routes"":{""date"":""2026-10-07"",""run_id"":""ee4a8ed5520c43859e904ddfc7d14f6f""},""join_samples"":{""date"":""2026-10-07"",""run_id"":""c247f8784a5849079adb1c1869d6fa5b""}}"
22,22,"46.2429026 , 15.051707700000001","46.1479951 , 15.0522068",urban-urban,urban,1767,"{""sample_routes"":{""date"":""2026-10-07"",""run_id"":""ee4a8ed5520c43859e904ddfc7d14f6f""},""join_samples"":{""date"":""2026-10-07"",""run_id"":""c247f8784a5849079adb1c1869d6fa5b""}}"
23,23,"46.0489 , 14.1095255","46.141479800000006 , 14.017130400000001",urban-urban,urban,1833,"{""sample_routes"":{""date"":""2026-10-07"",""run_id"":""ee4a8ed5520c43859e904ddfc7d14f6f""},""join_samples"":{""date"":""2026-10-07"",""run_id"":""c247f8784a5849079adb1c1869d6fa5b""}}"
24,24,"46.2429172 , 15.055946800000001","46.147055300000005 , 15.0555912",urban-urban,urban,1767,"{""sample_routes"":{""date"":""2026-10-07"",""run_id"":""ee4a8ed5520c43859e904ddfc7d14f6f""},""join_samples"":{""date"":""2026-10-07"",""run_id"":""c247f8784a5849079adb1c1869d6fa5b""}}"
25,25,"46.4469367 , 16.254276","46.6016284 , 16.1001449",urban-urban,urban,1836,"{""sample_routes"":{""date"":""2026-10-07"",""run_id"":""ee4a8ed5520c43859e904ddfc7d14f6f""},""join_samples"":{""date"":""2026-10-07"",""run_id"":""c247f8784a5849079adb1c1869d6fa5b""}}"
26,26,"46.234589 , 15.1372932","46.142712800000005 , 15.045568800000002",rural-urban,urban,1762,"{""sample_routes"":{""date"":""2026-10-07"",""run_id"":""ee4a8ed5520c43859e904ddfc7d14f6f""},""join_samples"":{""date"":""2026-10-07"",""run_id"":""c247f8784a5849079adb1c1869d6fa5b""}}"
27,27,"46.2429025 , 15.0567457","46.1472634 , 15.056341100000001",urban-urban,urban,1761,"{""sample_routes"":{""date"":""2026-10-07"",""run_id"":""ee4a8ed5520c43859e904ddfc7d14f6f""},""join_samples"":{""date"":""2026-10-07"",""run_id"":""c247f8784a5849079adb1c1869d6fa5b""}}"
28,28,"46.2429142 , 15.0567135","46.1470506 , 15.056065100000001",urban-urban,urban,1760,"{""sample_routes"":{""date"":""2026-10-07"",""run_id"":""ee4a8ed5520c43859e904ddfc7d14f6f""},""join_samples"":{""date"":""2026-10-07"",""run_id"":""c247f8784a5849079adb1c1869d6fa5b""}}"
29,29,"46.2429283 , 15.0565885","46.1470506 , 15.056065100000001",urban-urban,urban,1760,"{""sample_routes"":{""date"":""2026-10-07"",""run_id"":""ee4a8ed5520c43859e904ddfc7d14f6f""},""join_samples"":{""date"":""2026-10-07"",""run_id"":""c247f8784a5849079adb1c1869d6fa5b""}}"
30,30,"46.246715300000005 , 15.0458431","46.142712800000005 , 15.045568800000002",urban-urban,urban,1841,"{""sample_routes"":{""date"":""2026-10-07"",""run_id"":""ee4a8ed5520c43859e904ddfc7d14f6f""},""join_samples"":{""date"":""2026-10-07"",""run_id"":""c247f8784a5849079adb1c1869d6fa5b""}}"
31,31,"46.593647100000005 , 16.1098684","46.444948100000005 , 16.2591153",rural-urban,urban,1842,"{""sample_routes"":{""date"":""2026-10-07"",""run_id"":""ee4a8ed5520c43859e904ddfc7d14f6f""},""join_samples"":{""date"":""2026-10-07"",""run_id"":""c247f8784a5849079adb1c1869d6fa5b""}}"
32,32,"46.1534191 , 15.0491989","46.258703100000005 , 15.1538622",urban-urban,urban,1845,"{""sample_routes"":{""date"":""2026-10-07"",""run_id"":""ee4a8ed5520c43859e904ddfc7d14f6f""},""join_samples"":{""date"":""2026-10-07"",""run_id"":""c247f8784a5849079adb1c1869d6fa5b""}}"
33,33,"46.093950500000005 , 14.034925300000001","46.1772879 , 14.0345656",urban-rural,urban,1850,"{""sample_routes"":{""date"":""2026-10-07"",""run_id"":""ee4a8ed5520c43859e904ddfc7d14f6f""},""join_samples"":{""date"":""2026-10-07"",""run_id"":""c247f8784a5849079adb1c1869d6fa5b""}}"
34,34,"46.0454622 , 14.1092975","46.1455101 , 14.009410800000001",urban-urban,urban,1851,"{""sample_routes"":{""date"":""2026-10-07"",""run_id"":""ee4a8ed5520c43859e904ddfc7d14f6f""},""join_samples"":{""date"":""2026-10-07"",""run_id"":""c247f8784a5849079adb1c1869d6fa5b""}}"
35,35,"46.4464078 , 16.2539825","46.600353500000004 , 16.0996332",urban-urban,urban,1851,"{""sample_routes"":{""date"":""2026-10-07"",""run_id"":""ee4a8ed5520c43859e904ddfc7d14f6f""},""join_samples"":{""date"":""2026-10-07"",""run_id"":""c247f8784a5849079adb1c1869d6fa5b""}}"
36,36,"46.2345881 , 15.073140500000001","46.146466700000005 , 15.0737585",rural-rural,urban,1747,"{""sample_routes"":{""date"":""2026-10-07"",""run_id"":""ee4a8ed5520c43859e904ddfc7d14f6f""},""join_samples"":{""date"":""2026-10-07"",""run_id"":""c247f8784a5849079adb1c1869d6fa5b""}}"
37,37,"46.1051493 , 13.949917600000001","46.104568400000005 , 14.1416345",rural-urban,urban,1853,"{""sample_routes"":{""date"":""2026-10-07"",""run_id"":""ee4a8ed5520c43859e904ddfc7d14f6f""},""join_samples"":{""date"":""2026-10-07"",""run_id"":""c247f8784a5849079adb1c1869d6fa5b""}}"
38,38,"46.2346997 , 15.073375400000002","46.146466700000005 , 15.0737585",rural-rural,urban,1742,"{""sample_routes"":{""date"":""2026-10-07"",""run_id"":""ee4a8ed5520c43859e904ddfc7d14f6f""},""join_samples"":{""date"":""2026-10-07"",""run_id"":""c247f8784a5849079adb1c1869d6fa5b""}}"
39,39,"46.234934900000006 , 15.0736229","46.1466275 , 15.073431300000001",rural-rural,urban,1742,"{""sample_routes"":{""date"":""2026-10-07"",""run_id"":""ee4a8ed5520c43859e904ddfc7d14f6f""},""join_samples"":{""date"":""2026-10-07"",""run_id"":""c247f8784a5849079adb1c1869d6fa5b""}}"
40,40,"46.597479500000006 , 16.1017732","46.456714000000005 , 16.242981800000003",urban-urban,urban,1741,"{""sample_routes"":{""date"":""2026-10-07"",""run_id"":""ee4a8ed5520c43859e904ddfc7d14f6f""},""join_samples"":{""date"":""2026-10-07"",""run_id"":""c247f8784a5849079adb1c1869d6fa5b""}}"
41,41,"46.1535133 , 15.057417200000002","46.2550681 , 15.1594004",urban-urban,urban,1863,"{""sample_routes"":{""date"":""2026-10-07"",""run_id"":""ee4a8ed5520c43859e904ddfc7d14f6f""},""join_samples"":{""date"":""2026-10-07"",""run_id"":""c247f8784a5849079adb1c1869d6fa5b""}}"
42,42,"46.162726600000006 , 15.039585","46.249708600000005 , 15.127148000000002",urban-urban,urban,1863,"{""sample_routes"":{""date"":""2026-10-07"",""run_id"":""ee4a8ed5520c43859e904ddfc7d14f6f""},""join_samples"":{""date"":""2026-10-07"",""run_id"":""c247f8784a5849079adb1c1869d6fa5b""}}"
43,43,"46.5427248 , 15.7524151","46.543265700000006 , 15.5816481",rural-urban,urban,1736,"{""sample_routes"":{""date"":""2026-10-07"",""run_id"":""ee4a8ed5520c43859e904ddfc7d14f6f""},""join_samples"":{""date"":""2026-10-07"",""run_id"":""c247f8784a5849079adb1c1869d6fa5b""}}"
44,44,"46.136755300000004 , 15.0040501","46.230781 , 15.097831300000001",urban-urban,urban,1868,"{""sample_routes"":{""date"":""2026-10-07"",""run_id"":""ee4a8ed5520c43859e904ddfc7d14f6f""},""join_samples"":{""date"":""2026-10-07"",""run_id"":""c247f8784a5849079adb1c1869d6fa5b""}}"
45,45,"46.5427848 , 15.752763700000001","46.543339100000004 , 15.5764367",rural-rural,urban,1730,"{""sample_routes"":{""date"":""2026-10-07"",""run_id"":""ee4a8ed5520c43859e904ddfc7d14f6f""},""join_samples"":{""date"":""2026-10-07"",""run_id"":""c247f8784a5849079adb1c1869d6fa5b""}}"
46,46,"46.5425375 , 15.753378000000001","46.541898800000006 , 15.582809300000001",rural-urban,urban,1727,"{""sample_routes"":{""date"":""2026-10-07"",""run_id"":""ee4a8ed5520c43859e904ddfc7d14f6f""},""join_samples"":{""date"":""2026-10-07"",""run_id"":""c247f8784a5849079adb1c1869d6fa5b""}}"
47,47,"46.141479800000006 , 14.017130400000001","46.047231800000006 , 14.1113941",urban-urban,urban,1875,"{""sample_routes"":{""date"":""2026-10-07"",""run_id"":""ee4a8ed5520c43859e904ddfc7d14f6f""},""join_samples"":{""date"":""2026-10-07"",""run_id"":""c247f8784a5849079adb1c1869d6fa5b""}}"
48,48,"46.034249800000005 , 14.086475900000002","46.134233200000004 , 13.986762500000001",rural-urban,urban,1879,"{""sample_routes"":{""date"":""2026-10-07"",""run_id"":""ee4a8ed5520c43859e904ddfc7d14f6f""},""join_samples"":{""date"":""2026-10-07"",""run_id"":""c247f8784a5849079adb1c1869d6fa5b""}}"
49,49,"46.0340757 , 14.086373","46.1337508 , 13.987247300000002",rural-urban,urban,1879,"{""sample_routes"":{""date"":""2026-10-07"",""run_id"":""ee4a8ed5520c43859e904ddfc7d14f6f""},""join_samples"":{""date"":""2026-10-07"",""run_id"":""c247f8784a5849079adb1c1869d6fa5b""}}"
50,50,"46.1066786 , 13.951714200000001","46.106343900000006 , 14.144810300000001",rural-urban,urban,1880,"{""sample_routes"":{""date"":""2026-10-07"",""run_id"":""ee4a8ed5520c43859e904ddfc7d14f6f""},""join_samples"":{""date"":""2026-10-07"",""run_id"":""c247f8784a5849079adb1c1869d6fa5b""}}"
51,51,"46.6845076 , 16.060941500000002","46.6841683 , 15.891852400000001",urban-urban,urban,1718,"{""sample_routes"":{""date"":""2026-10-07"",""run_id"":""ee4a8ed5520c43859e904ddfc7d14f6f""},""join_samples"":{""date"":""2026-10-07"",""run_id"":""c247f8784a5849079adb1c1869d6fa5b""}}"
52,52,"46.2592681 , 15.0736079","46.147512000000006 , 15.073907400000001",rural-rural,urban,1883,"{""sample_routes"":{""date"":""2026-10-07"",""run_id"":""ee4a8ed5520c43859e904ddfc7d14f6f""},""join_samples"":{""date"":""2026-10-07"",""run_id"":""c247f8784a5849079adb1c1869d6fa5b""}}"
53,53,"46.2593742 , 15.0736106","46.147368 , 15.0738336",rural-rural,urban,1883,"{""sample_routes"":{""date"":""2026-10-07"",""run_id"":""ee4a8ed5520c43859e904ddfc7d14f6f""},""join_samples"":{""date"":""2026-10-07"",""run_id"":""c247f8784a5849079adb1c1869d6fa5b""}}"
54,54,"46.2367464 , 15.092578300000001","46.1489245 , 15.0041691",urban-rural,urban,1884,"{""sample_routes"":{""date"":""2026-10-07"",""run_id"":""ee4a8ed5520c43859e904ddfc7d14f6f""},""join_samples"":{""date"":""2026-10-07"",""run_id"":""c247f8784a5849079adb1c1869d6fa5b""}}"
55,55,"46.1472142 , 15.056180300000001","46.2587628 , 15.056389200000002",urban-rural,urban,1884,"{""sample_routes"":{""date"":""2026-10-07"",""run_id"":""ee4a8ed5520c43859e904ddfc7d14f6f""},""join_samples"":{""date"":""2026-10-07"",""run_id"":""c247f8784a5849079adb1c1869d6fa5b""}}"
56,56,"46.1540649 , 15.048649000000001","46.263660200000004 , 15.157825500000001",urban-urban,urban,1885,"{""sample_routes"":{""date"":""2026-10-07"",""run_id"":""ee4a8ed5520c43859e904ddfc7d14f6f""},""join_samples"":{""date"":""2026-10-07"",""run_id"":""c247f8784a5849079adb1c1869d6fa5b""}}"
57,57,"46.542605800000004 , 15.752331900000001","46.5432414 , 15.5759941",rural-rural,urban,1713,"{""sample_routes"":{""date"":""2026-10-07"",""run_id"":""ee4a8ed5520c43859e904ddfc7d14f6f""},""join_samples"":{""date"":""2026-10-07"",""run_id"":""c247f8784a5849079adb1c1869d6fa5b""}}"
58,58,"46.2353248 , 15.0949574","46.153706500000006 , 15.013356900000002",urban-urban,urban,1893,"{""sample_routes"":{""date"":""2026-10-07"",""run_id"":""ee4a8ed5520c43859e904ddfc7d14f6f""},""join_samples"":{""date"":""2026-10-07"",""run_id"":""c247f8784a5849079adb1c1869d6fa5b""}}"
59,59,"46.1114234 , 13.9601932","46.1116334 , 14.1575602",rural-rural,urban,1893,"{""sample_routes"":{""date"":""2026-10-07"",""run_id"":""ee4a8ed5520c43859e904ddfc7d14f6f""},""join_samples"":{""date"":""2026-10-07"",""run_id"":""c247f8784a5849079adb1c1869d6fa5b""}}"
60,60,"46.1772805 , 14.0283282","46.098649 , 14.028966500000001",rural-urban,urban,1894,"{""sample_routes"":{""date"":""2026-10-07"",""run_id"":""ee4a8ed5520c43859e904ddfc7d14f6f""},""join_samples"":{""date"":""2026-10-07"",""run_id"":""c247f8784a5849079adb1c1869d6fa5b""}}"
61,61,"46.5425228 , 15.7535845","46.5423326 , 15.5841141",rural-urban,urban,1702,"{""sample_routes"":{""date"":""2026-10-07"",""run_id"":""ee4a8ed5520c43859e904ddfc7d14f6f""},""join_samples"":{""date"":""2026-10-07"",""run_id"":""c247f8784a5849079adb1c1869d6fa5b""}}"
62,62,"46.5425209 , 15.753439700000001","46.5421265 , 15.5831949",rural-urban,urban,1700,"{""sample_routes"":{""date"":""2026-10-07"",""run_id"":""ee4a8ed5520c43859e904ddfc7d14f6f""},""join_samples"":{""date"":""2026-10-07"",""run_id"":""c247f8784a5849079adb1c1869d6fa5b""}}"
63,63,"46.4471417 , 16.2569929","46.6071146 , 16.097355200000003",urban-urban,urban,1901,"{""sample_routes"":{""date"":""2026-10-07"",""run_id"":""ee4a8ed5520c43859e904ddfc7d14f6f""},""join_samples"":{""date"":""2026-10-07"",""run_id"":""c247f8784a5849079adb1c1869d6fa5b""}}"
64,64,"46.4470681 , 16.257123","46.6071146 , 16.097355200000003",urban-urban,urban,1909,"{""sample_routes"":{""date"":""2026-10-07"",""run_id"":""ee4a8ed5520c43859e904ddfc7d14f6f""},""join_samples"":{""date"":""2026-10-07"",""run_id"":""c247f8784a5849079adb1c1869d6fa5b""}}"
65,65,"46.150417100000006 , 15.054865600000001","46.2545926 , 15.159274700000001",urban-urban,urban,1910,"{""sample_routes"":{""date"":""2026-10-07"",""run_id"":""ee4a8ed5520c43859e904ddfc7d14f6f""},""join_samples"":{""date"":""2026-10-07"",""run_id"":""c247f8784a5849079adb1c1869d6fa5b""}}"
66,66,"46.5427857 , 15.754794200000001","46.5433444 , 15.586986500000002",rural-urban,urban,1687,"{""sample_routes"":{""date"":""2026-10-07"",""run_id"":""ee4a8ed5520c43859e904ddfc7d14f6f""},""join_samples"":{""date"":""2026-10-07"",""run_id"":""c247f8784a5849079adb1c1869d6fa5b""}}"
67,67,"46.259152500000006 , 15.0696673","46.1440393 , 15.0694859",rural-urban,urban,1914,"{""sample_routes"":{""date"":""2026-10-07"",""run_id"":""ee4a8ed5520c43859e904ddfc7d14f6f""},""join_samples"":{""date"":""2026-10-07"",""run_id"":""c247f8784a5849079adb1c1869d6fa5b""}}"
68,68,"46.140294000000004 , 14.013106100000002","46.0370944 , 14.1165082",urban-rural,urban,1914,"{""sample_routes"":{""date"":""2026-10-07"",""run_id"":""ee4a8ed5520c43859e904ddfc7d14f6f""},""join_samples"":{""date"":""2026-10-07"",""run_id"":""c247f8784a5849079adb1c1869d6fa5b""}}"
69,69,"46.446159200000004 , 16.258205800000002","46.6072034 , 16.0966256",urban-rural,urban,1918,"{""sample_routes"":{""date"":""2026-10-07"",""run_id"":""ee4a8ed5520c43859e904ddfc7d14f6f""},""join_samples"":{""date"":""2026-10-07"",""run_id"":""c247f8784a5849079adb1c1869d6fa5b""}}"
70,70,"46.122694200000005 , 14.0135269","46.1939742 , 14.0844657",urban-rural,urban,1681,"{""sample_routes"":{""date"":""2026-10-07"",""run_id"":""ee4a8ed5520c43859e904ddfc7d14f6f""},""join_samples"":{""date"":""2026-10-07"",""run_id"":""c247f8784a5849079adb1c1869d6fa5b""}}"
71,71,"46.1223995 , 14.013922500000001","46.193874400000006 , 14.085063300000002",urban-rural,urban,1681,"{""sample_routes"":{""date"":""2026-10-07"",""run_id"":""ee4a8ed5520c43859e904ddfc7d14f6f""},""join_samples"":{""date"":""2026-10-07"",""run_id"":""c247f8784a5849079adb1c1869d6fa5b""}}"
72,72,"46.6845932 , 15.891835700000001","46.684550800000004 , 16.0596044",urban-urban,urban,1677,"{""sample_routes"":{""date"":""2026-10-07"",""run_id"":""ee4a8ed5520c43859e904ddfc7d14f6f""},""join_samples"":{""date"":""2026-10-07"",""run_id"":""c247f8784a5849079adb1c1869d6fa5b""}}"
73,73,"46.6851871 , 15.891842400000002","46.684544300000006 , 16.059986600000002",urban-urban,urban,1677,"{""sample_routes"":{""date"":""2026-10-07"",""run_id"":""ee4a8ed5520c43859e904ddfc7d14f6f""},""join_samples"":{""date"":""2026-10-07"",""run_id"":""c247f8784a5849079adb1c1869d6fa5b""}}"
74,74,"46.2371926 , 15.093251500000001","46.157717700000006 , 15.014285200000002",rural-urban,urban,1924,"{""sample_routes"":{""date"":""2026-10-07"",""run_id"":""ee4a8ed5520c43859e904ddfc7d14f6f""},""join_samples"":{""date"":""2026-10-07"",""run_id"":""c247f8784a5849079adb1c1869d6fa5b""}}"
75,75,"46.151673200000005 , 15.053376","46.2607985 , 15.162890800000001",urban-rural,urban,1930,"{""sample_routes"":{""date"":""2026-10-07"",""run_id"":""ee4a8ed5520c43859e904ddfc7d14f6f""},""join_samples"":{""date"":""2026-10-07"",""run_id"":""c247f8784a5849079adb1c1869d6fa5b""}}"
76,76,"46.4463578 , 16.2579882","46.607285000000005 , 16.0976488",urban-urban,urban,1930,"{""sample_routes"":{""date"":""2026-10-07"",""run_id"":""ee4a8ed5520c43859e904ddfc7d14f6f""},""join_samples"":{""date"":""2026-10-07"",""run_id"":""c247f8784a5849079adb1c1869d6fa5b""}}"
77,77,"46.233206 , 15.0945423","46.1368549 , 14.998004900000002",urban-urban,urban,1935,"{""sample_routes"":{""date"":""2026-10-07"",""run_id"":""ee4a8ed5520c43859e904ddfc7d14f6f""},""join_samples"":{""date"":""2026-10-07"",""run_id"":""c247f8784a5849079adb1c1869d6fa5b""}}"
78,78,"46.2354008 , 15.098781200000001","46.1374542 , 15.001224700000002",rural-urban,urban,1936,"{""sample_routes"":{""date"":""2026-10-07"",""run_id"":""ee4a8ed5520c43859e904ddfc7d14f6f""},""join_samples"":{""date"":""2026-10-07"",""run_id"":""c247f8784a5849079adb1c1869d6fa5b""}}"
79,79,"46.128218100000005 , 14.0026519","46.0510086 , 14.079413400000002",urban-urban,urban,1664,"{""sample_routes"":{""date"":""2026-10-07"",""run_id"":""ee4a8ed5520c43859e904ddfc7d14f6f""},""join_samples"":{""date"":""2026-10-07"",""run_id"":""c247f8784a5849079adb1c1869d6fa5b""}}"
80,80,"46.2378878 , 15.089576800000001","46.1507834 , 15.002311400000002",urban-rural,urban,1940,"{""sample_routes"":{""date"":""2026-10-07"",""run_id"":""ee4a8ed5520c43859e904ddfc7d14f6f""},""join_samples"":{""date"":""2026-10-07"",""run_id"":""c247f8784a5849079adb1c1869d6fa5b""}}"
81,81,"46.105771000000004 , 14.141959100000001","46.1064176 , 13.938633200000002",urban-rural,urban,1943,"{""sample_routes"":{""date"":""2026-10-07"",""run_id"":""ee4a8ed5520c43859e904ddfc7d14f6f""},""join_samples"":{""date"":""2026-10-07"",""run_id"":""c247f8784a5849079adb1c1869d6fa5b""}}"
82,82,"46.160797900000006 , 15.0363948","46.235801900000006 , 15.1119435",urban-urban,urban,1656,"{""sample_routes"":{""date"":""2026-10-07"",""run_id"":""ee4a8ed5520c43859e904ddfc7d14f6f""},""join_samples"":{""date"":""2026-10-07"",""run_id"":""c247f8784a5849079adb1c1869d6fa5b""}}"
83,83,"46.159868900000006 , 15.0370287","46.2359784 , 15.112618800000002",urban-urban,urban,1655,"{""sample_routes"":{""date"":""2026-10-07"",""run_id"":""ee4a8ed5520c43859e904ddfc7d14f6f""},""join_samples"":{""date"":""2026-10-07"",""run_id"":""c247f8784a5849079adb1c1869d6fa5b""}}"
84,84,"46.686534300000005 , 15.894270800000001","46.6859442 , 16.0543939",urban-urban,urban,1644,"{""sample_routes"":{""date"":""2026-10-07"",""run_id"":""ee4a8ed5520c43859e904ddfc7d14f6f""},""join_samples"":{""date"":""2026-10-07"",""run_id"":""c247f8784a5849079adb1c1869d6fa5b""}}"
85,85,"46.542196700000005 , 15.5908446","46.542836400000006 , 15.7558389",urban-rural,urban,1641,"{""sample_routes"":{""date"":""2026-10-07"",""run_id"":""ee4a8ed5520c43859e904ddfc7d14f6f""},""join_samples"":{""date"":""2026-10-07"",""run_id"":""c247f8784a5849079adb1c1869d6fa5b""}}"
86,86,"46.1601347 , 15.036549200000001","46.235046000000004 , 15.1118714",urban-rural,urban,1641,"{""sample_routes"":{""date"":""2026-10-07"",""run_id"":""ee4a8ed5520c43859e904ddfc7d14f6f""},""join_samples"":{""date"":""2026-10-07"",""run_id"":""c247f8784a5849079adb1c1869d6fa5b""}}"
87,87,"46.1052401 , 14.1437042","46.1057141 , 13.9384633",urban-rural,urban,1962,"{""sample_routes"":{""date"":""2026-10-07"",""run_id"":""ee4a8ed5520c43859e904ddfc7d14f6f""},""join_samples"":{""date"":""2026-10-07"",""run_id"":""c247f8784a5849079adb1c1869d6fa5b""}}"
88,88,"45.6455661 , 14.541597000000001","45.760333800000005 , 14.4265529",urban-urban,urban,1637,"{""sample_routes"":{""date"":""2026-10-07"",""run_id"":""ee4a8ed5520c43859e904ddfc7d14f6f""},""join_samples"":{""date"":""2026-10-07"",""run_id"":""c247f8784a5849079adb1c1869d6fa5b""}}"
89,89,"46.237883700000005 , 15.091884100000001","46.1601646 , 15.0143453",urban-urban,urban,1965,"{""sample_routes"":{""date"":""2026-10-07"",""run_id"":""ee4a8ed5520c43859e904ddfc7d14f6f""},""join_samples"":{""date"":""2026-10-07"",""run_id"":""c247f8784a5849079adb1c1869d6fa5b""}}"
90,90,"46.157614 , 15.052078900000001","46.24257 , 15.051941200000002",urban-urban,urban,1631,"{""sample_routes"":{""date"":""2026-10-07"",""run_id"":""ee4a8ed5520c43859e904ddfc7d14f6f""},""join_samples"":{""date"":""2026-10-07"",""run_id"":""c247f8784a5849079adb1c1869d6fa5b""}}"
91,91,"45.760212100000004 , 14.426190900000002","45.6456965 , 14.540749700000001",urban-urban,urban,1631,"{""sample_routes"":{""date"":""2026-10-07"",""run_id"":""ee4a8ed5520c43859e904ddfc7d14f6f""},""join_samples"":{""date"":""2026-10-07"",""run_id"":""c247f8784a5849079adb1c1869d6fa5b""}}"
92,92,"46.5726895 , 16.1312737","46.442706900000005 , 16.260788",urban-urban,urban,1631,"{""sample_routes"":{""date"":""2026-10-07"",""run_id"":""ee4a8ed5520c43859e904ddfc7d14f6f""},""join_samples"":{""date"":""2026-10-07"",""run_id"":""c247f8784a5849079adb1c1869d6fa5b""}}"
93,93,"46.152506200000005 , 15.0594122","46.2414794 , 15.1490243",urban-urban,urban,1970,"{""sample_routes"":{""date"":""2026-10-07"",""run_id"":""ee4a8ed5520c43859e904ddfc7d14f6f""},""join_samples"":{""date"":""2026-10-07"",""run_id"":""c247f8784a5849079adb1c1869d6fa5b""}}"
94,94,"46.1410421 , 14.013935900000002","46.036796700000004 , 14.1181058",urban-rural,urban,1970,"{""sample_routes"":{""date"":""2026-10-07"",""run_id"":""ee4a8ed5520c43859e904ddfc7d14f6f""},""join_samples"":{""date"":""2026-10-07"",""run_id"":""c247f8784a5849079adb1c1869d6fa5b""}}"
95,95,"46.2477291 , 15.155174200000001","46.148359400000004 , 15.056426900000002",urban-urban,urban,1977,"{""sample_routes"":{""date"":""2026-10-07"",""run_id"":""ee4a8ed5520c43859e904ddfc7d14f6f""},""join_samples"":{""date"":""2026-10-07"",""run_id"":""c247f8784a5849079adb1c1869d6fa5b""}}"
96,96,"46.1023968 , 13.939228700000001","46.1027232 , 14.1397878",rural-urban,urban,1981,"{""sample_routes"":{""date"":""2026-10-07"",""run_id"":""ee4a8ed5520c43859e904ddfc7d14f6f""},""join_samples"":{""date"":""2026-10-07"",""run_id"":""c247f8784a5849079adb1c1869d6fa5b""}}"
97,97,"46.1486256 , 15.0537863","46.253532500000006 , 15.159149000000001",urban-urban,urban,1981,"{""sample_routes"":{""date"":""2026-10-07"",""run_id"":""ee4a8ed5520c43859e904ddfc7d14f6f""},""join_samples"":{""date"":""2026-10-07"",""run_id"":""c247f8784a5849079adb1c1869d6fa5b""}}"
98,98,"46.102655000000006 , 13.9388147","46.103078200000006 , 14.1394371",rural-urban,urban,1984,"{""sample_routes"":{""date"":""2026-10-07"",""run_id"":""ee4a8ed5520c43859e904ddfc7d14f6f""},""join_samples"":{""date"":""2026-10-07"",""run_id"":""c247f8784a5849079adb1c1869d6fa5b""}}"
99,99,"46.4761168 , 15.7621394","46.5923795 , 15.645456600000001",urban-urban,urban,1616,"{""sample_routes"":{""date"":""2026-10-07"",""run_id"":""ee4a8ed5520c43859e904ddfc7d14f6f""},""join_samples"":{""date"":""2026-10-07"",""run_id"":""c247f8784a5849079adb1c1869d6fa5b""}}"
100,100,"46.256561100000006 , 15.157010600000001","46.146851600000005 , 15.0477152",urban-urban,urban,1984,"{""sample_routes"":{""date"":""2026-10-07"",""run_id"":""ee4a8ed5520c43859e904ddfc7d14f6f""},""join_samples"":{""date"":""2026-10-07"",""run_id"":""c247f8784a5849079adb1c1869d6fa5b""}}"
101,101,"46.1021386 , 13.9400904","46.1015299 , 14.1403528",rural-urban,urban,1984,"{""sample_routes"":{""date"":""2026-10-07"",""run_id"":""ee4a8ed5520c43859e904ddfc7d14f6f""},""join_samples"":{""date"":""2026-10-07"",""run_id"":""c247f8784a5849079adb1c1869d6fa5b""}}"
102,102,"46.691253200000006 , 15.885693400000001","46.6917884 , 16.0448719",urban-urban,urban,1615,"{""sample_routes"":{""date"":""2026-10-07"",""run_id"":""ee4a8ed5520c43859e904ddfc7d14f6f""},""join_samples"":{""date"":""2026-10-07"",""run_id"":""c247f8784a5849079adb1c1869d6fa5b""}}"
103,103,"46.10222 , 13.9408001","46.102274 , 14.138531200000001",rural-urban,urban,1995,"{""sample_routes"":{""date"":""2026-10-07"",""run_id"":""ee4a8ed5520c43859e904ddfc7d14f6f""},""join_samples"":{""date"":""2026-10-07"",""run_id"":""c247f8784a5849079adb1c1869d6fa5b""}}"
104,104,"46.130999900000006 , 14.0025697","46.053215400000006 , 14.0800625",urban-urban,urban,1603,"{""sample_routes"":{""date"":""2026-10-07"",""run_id"":""ee4a8ed5520c43859e904ddfc7d14f6f""},""join_samples"":{""date"":""2026-10-07"",""run_id"":""c247f8784a5849079adb1c1869d6fa5b""}}"
105,105,"46.102298100000006 , 13.940945600000001","46.1029338 , 14.137196600000001",rural-urban,urban,1997,"{""sample_routes"":{""date"":""2026-10-07"",""run_id"":""ee4a8ed5520c43859e904ddfc7d14f6f""},""join_samples"":{""date"":""2026-10-07"",""run_id"":""c247f8784a5849079adb1c1869d6fa5b""}}"
106,106,"46.2518334 , 15.1249634","46.148824000000005 , 15.0220473",rural-urban,urban,1999,"{""sample_routes"":{""date"":""2026-10-07"",""run_id"":""ee4a8ed5520c43859e904ddfc7d14f6f""},""join_samples"":{""date"":""2026-10-07"",""run_id"":""c247f8784a5849079adb1c1869d6fa5b""}}"
107,107,"46.6903294 , 15.882556000000001","46.690891500000006 , 16.046063200000003",urban-urban,urban,1598,"{""sample_routes"":{""date"":""2026-10-07"",""run_id"":""ee4a8ed5520c43859e904ddfc7d14f6f""},""join_samples"":{""date"":""2026-10-07"",""run_id"":""c247f8784a5849079adb1c1869d6fa5b""}}"
108,108,"46.597427700000004 , 16.103599300000003","46.4371456 , 16.2641318",urban-urban,urban,2005,"{""sample_routes"":{""date"":""2026-10-07"",""run_id"":""ee4a8ed5520c43859e904ddfc7d14f6f""},""join_samples"":{""date"":""2026-10-07"",""run_id"":""c247f8784a5849079adb1c1869d6fa5b""}}"
109,109,"46.6912225 , 16.0456243","46.691296900000005 , 15.882228600000001",urban-urban,urban,1593,"{""sample_routes"":{""date"":""2026-10-07"",""run_id"":""ee4a8ed5520c43859e904ddfc7d14f6f""},""join_samples"":{""date"":""2026-10-07"",""run_id"":""c247f8784a5849079adb1c1869d6fa5b""}}"
110,110,"46.2570825 , 15.1549741","46.1427056 , 15.0404999",urban-urban,urban,2012,"{""sample_routes"":{""date"":""2026-10-07"",""run_id"":""ee4a8ed5520c43859e904ddfc7d14f6f""},""join_samples"":{""date"":""2026-10-07"",""run_id"":""c247f8784a5849079adb1c1869d6fa5b""}}"
111,111,"46.1486442 , 15.0568798","46.250427800000004 , 15.158806100000001",urban-urban,urban,2013,"{""sample_routes"":{""date"":""2026-10-07"",""run_id"":""ee4a8ed5520c43859e904ddfc7d14f6f""},""join_samples"":{""date"":""2026-10-07"",""run_id"":""c247f8784a5849079adb1c1869d6fa5b""}}"
112,112,"46.2555325 , 15.1579505","46.14621 , 15.048537900000001",urban-urban,urban,2015,"{""sample_routes"":{""date"":""2026-10-07"",""run_id"":""ee4a8ed5520c43859e904ddfc7d14f6f""},""join_samples"":{""date"":""2026-10-07"",""run_id"":""c247f8784a5849079adb1c1869d6fa5b""}}"
113,113,"46.252545700000006 , 15.1590109","46.1481135 , 15.0544454",urban-urban,urban,2017,"{""sample_routes"":{""date"":""2026-10-07"",""run_id"":""ee4a8ed5520c43859e904ddfc7d14f6f""},""join_samples"":{""date"":""2026-10-07"",""run_id"":""c247f8784a5849079adb1c1869d6fa5b""}}"
114,114,"46.259302600000005 , 15.1554517","46.141104000000006 , 15.0366677",urban-urban,urban,2017,"{""sample_routes"":{""date"":""2026-10-07"",""run_id"":""ee4a8ed5520c43859e904ddfc7d14f6f""},""join_samples"":{""date"":""2026-10-07"",""run_id"":""c247f8784a5849079adb1c1869d6fa5b""}}"
115,115,"46.237206 , 15.0910574","46.1601646 , 15.0143453",urban-urban,urban,2019,"{""sample_routes"":{""date"":""2026-10-07"",""run_id"":""ee4a8ed5520c43859e904ddfc7d14f6f""},""join_samples"":{""date"":""2026-10-07"",""run_id"":""c247f8784a5849079adb1c1869d6fa5b""}}"
116,116,"46.687155700000005 , 16.050964500000003","46.686534300000005 , 15.894270800000001",urban-urban,urban,1580,"{""sample_routes"":{""date"":""2026-10-07"",""run_id"":""ee4a8ed5520c43859e904ddfc7d14f6f""},""join_samples"":{""date"":""2026-10-07"",""run_id"":""c247f8784a5849079adb1c1869d6fa5b""}}"
117,117,"46.421275900000005 , 15.498828300000001","46.420751700000004 , 15.5780138",rural-urban,urban,1578,"{""sample_routes"":{""date"":""2026-10-07"",""run_id"":""ee4a8ed5520c43859e904ddfc7d14f6f""},""join_samples"":{""date"":""2026-10-07"",""run_id"":""c247f8784a5849079adb1c1869d6fa5b""}}"
118,118,"46.421324000000006 , 15.4985332","46.420751700000004 , 15.5780138",rural-urban,urban,1578,"{""sample_routes"":{""date"":""2026-10-07"",""run_id"":""ee4a8ed5520c43859e904ddfc7d14f6f""},""join_samples"":{""date"":""2026-10-07"",""run_id"":""c247f8784a5849079adb1c1869d6fa5b""}}"
119,119,"46.463630200000004 , 16.2444241","46.5949528 , 16.1136063",urban-rural,urban,1576,"{""sample_routes"":{""date"":""2026-10-07"",""run_id"":""ee4a8ed5520c43859e904ddfc7d14f6f""},""join_samples"":{""date"":""2026-10-07"",""run_id"":""c247f8784a5849079adb1c1869d6fa5b""}}"
120,120,"46.464057800000006 , 16.2442423","46.5949528 , 16.1136063",urban-rural,urban,1576,"{""sample_routes"":{""date"":""2026-10-07"",""run_id"":""ee4a8ed5520c43859e904ddfc7d14f6f""},""join_samples"":{""date"":""2026-10-07"",""run_id"":""c247f8784a5849079adb1c1869d6fa5b""}}"
121,121,"46.4641305 , 16.2441818","46.5949528 , 16.1136063",urban-rural,urban,1576,"{""sample_routes"":{""date"":""2026-10-07"",""run_id"":""ee4a8ed5520c43859e904ddfc7d14f6f""},""join_samples"":{""date"":""2026-10-07"",""run_id"":""c247f8784a5849079adb1c1869d6fa5b""}}"
122,122,"46.463944600000005 , 16.2443077","46.5949528 , 16.1136063",urban-rural,urban,1576,"{""sample_routes"":{""date"":""2026-10-07"",""run_id"":""ee4a8ed5520c43859e904ddfc7d14f6f""},""join_samples"":{""date"":""2026-10-07"",""run_id"":""c247f8784a5849079adb1c1869d6fa5b""}}"
123,123,"46.2544551 , 15.155535500000001","46.143205200000004 , 15.044431600000001",urban-urban,urban,2024,"{""sample_routes"":{""date"":""2026-10-07"",""run_id"":""ee4a8ed5520c43859e904ddfc7d14f6f""},""join_samples"":{""date"":""2026-10-07"",""run_id"":""c247f8784a5849079adb1c1869d6fa5b""}}"
124,124,"45.645291300000004 , 14.5439506","45.7690697 , 14.4205596",urban-urban,urban,1576,"{""sample_routes"":{""date"":""2026-10-07"",""run_id"":""ee4a8ed5520c43859e904ddfc7d14f6f""},""join_samples"":{""date"":""2026-10-07"",""run_id"":""c247f8784a5849079adb1c1869d6fa5b""}}"
125,125,"46.464614700000006 , 16.2437298","46.5949528 , 16.1136063",urban-rural,urban,1575,"{""sample_routes"":{""date"":""2026-10-07"",""run_id"":""ee4a8ed5520c43859e904ddfc7d14f6f""},""join_samples"":{""date"":""2026-10-07"",""run_id"":""c247f8784a5849079adb1c1869d6fa5b""}}"
126,126,"46.1478309 , 15.054483900000001","46.2516565 , 15.158829",urban-urban,urban,2026,"{""sample_routes"":{""date"":""2026-10-07"",""run_id"":""ee4a8ed5520c43859e904ddfc7d14f6f""},""join_samples"":{""date"":""2026-10-07"",""run_id"":""c247f8784a5849079adb1c1869d6fa5b""}}"
127,127,"46.2564628 , 15.155629800000002","46.1383001 , 15.037839000000002",urban-urban,urban,2029,"{""sample_routes"":{""date"":""2026-10-07"",""run_id"":""ee4a8ed5520c43859e904ddfc7d14f6f""},""join_samples"":{""date"":""2026-10-07"",""run_id"":""c247f8784a5849079adb1c1869d6fa5b""}}"
128,128,"46.1471013 , 15.055391400000001","46.250427800000004 , 15.158806100000001",urban-urban,urban,2030,"{""sample_routes"":{""date"":""2026-10-07"",""run_id"":""ee4a8ed5520c43859e904ddfc7d14f6f""},""join_samples"":{""date"":""2026-10-07"",""run_id"":""c247f8784a5849079adb1c1869d6fa5b""}}"
129,129,"46.6924664 , 16.044173100000002","46.6920992 , 15.883997200000001",urban-urban,urban,1570,"{""sample_routes"":{""date"":""2026-10-07"",""run_id"":""ee4a8ed5520c43859e904ddfc7d14f6f""},""join_samples"":{""date"":""2026-10-07"",""run_id"":""c247f8784a5849079adb1c1869d6fa5b""}}"
130,130,"46.2539912 , 15.155170700000001","46.143205200000004 , 15.044431600000001",urban-urban,urban,2030,"{""sample_routes"":{""date"":""2026-10-07"",""run_id"":""ee4a8ed5520c43859e904ddfc7d14f6f""},""join_samples"":{""date"":""2026-10-07"",""run_id"":""c247f8784a5849079adb1c1869d6fa5b""}}"
131,131,"46.6867608 , 15.891926900000001","46.687316800000005 , 16.0506229",urban-urban,urban,1566,"{""sample_routes"":{""date"":""2026-10-07"",""run_id"":""ee4a8ed5520c43859e904ddfc7d14f6f""},""join_samples"":{""date"":""2026-10-07"",""run_id"":""c247f8784a5849079adb1c1869d6fa5b""}}"
132,132,"46.148194700000005 , 15.054172500000002","46.2439528 , 15.150347100000001",urban-urban,urban,2034,"{""sample_routes"":{""date"":""2026-10-07"",""run_id"":""ee4a8ed5520c43859e904ddfc7d14f6f""},""join_samples"":{""date"":""2026-10-07"",""run_id"":""c247f8784a5849079adb1c1869d6fa5b""}}"
133,133,"46.251569800000006 , 15.159269900000002","46.147674 , 15.0548695",urban-urban,urban,2035,"{""sample_routes"":{""date"":""2026-10-07"",""run_id"":""ee4a8ed5520c43859e904ddfc7d14f6f""},""join_samples"":{""date"":""2026-10-07"",""run_id"":""c247f8784a5849079adb1c1869d6fa5b""}}"
134,134,"46.5572888 , 16.132477400000003","46.441512900000006 , 16.2477238",urban-urban,urban,1565,"{""sample_routes"":{""date"":""2026-10-07"",""run_id"":""ee4a8ed5520c43859e904ddfc7d14f6f""},""join_samples"":{""date"":""2026-10-07"",""run_id"":""c247f8784a5849079adb1c1869d6fa5b""}}"
135,135,"46.2542278 , 15.1575404","46.1444156 , 15.0475007",urban-urban,urban,2036,"{""sample_routes"":{""date"":""2026-10-07"",""run_id"":""ee4a8ed5520c43859e904ddfc7d14f6f""},""join_samples"":{""date"":""2026-10-07"",""run_id"":""c247f8784a5849079adb1c1869d6fa5b""}}"
136,136,"45.6456965 , 14.540749700000001","45.7738753 , 14.4128495",urban-rural,urban,1563,"{""sample_routes"":{""date"":""2026-10-07"",""run_id"":""ee4a8ed5520c43859e904ddfc7d14f6f""},""join_samples"":{""date"":""2026-10-07"",""run_id"":""c247f8784a5849079adb1c1869d6fa5b""}}"
137,137,"46.2587315 , 15.1541574","46.141890800000006 , 15.037208300000001",urban-urban,urban,2037,"{""sample_routes"":{""date"":""2026-10-07"",""run_id"":""ee4a8ed5520c43859e904ddfc7d14f6f""},""join_samples"":{""date"":""2026-10-07"",""run_id"":""c247f8784a5849079adb1c1869d6fa5b""}}"
138,138,"46.2504251 , 15.158643000000001","46.1471959 , 15.0559246",urban-urban,urban,2038,"{""sample_routes"":{""date"":""2026-10-07"",""run_id"":""ee4a8ed5520c43859e904ddfc7d14f6f""},""join_samples"":{""date"":""2026-10-07"",""run_id"":""c247f8784a5849079adb1c1869d6fa5b""}}"
139,139,"46.2545755 , 15.1568547","46.146519100000006 , 15.0485544",urban-urban,urban,2039,"{""sample_routes"":{""date"":""2026-10-07"",""run_id"":""ee4a8ed5520c43859e904ddfc7d14f6f""},""join_samples"":{""date"":""2026-10-07"",""run_id"":""c247f8784a5849079adb1c1869d6fa5b""}}"
140,140,"46.4648036 , 16.2435991","46.5949528 , 16.1136063",urban-rural,urban,1560,"{""sample_routes"":{""date"":""2026-10-07"",""run_id"":""ee4a8ed5520c43859e904ddfc7d14f6f""},""join_samples"":{""date"":""2026-10-07"",""run_id"":""c247f8784a5849079adb1c1869d6fa5b""}}"
141,141,"46.256027800000005 , 15.156343000000001","46.1454305 , 15.0451399",urban-urban,urban,2042,"{""sample_routes"":{""date"":""2026-10-07"",""run_id"":""ee4a8ed5520c43859e904ddfc7d14f6f""},""join_samples"":{""date"":""2026-10-07"",""run_id"":""c247f8784a5849079adb1c1869d6fa5b""}}"
142,142,"46.2552916 , 15.154389","46.137486900000006 , 15.0365538",urban-urban,urban,2042,"{""sample_routes"":{""date"":""2026-10-07"",""run_id"":""ee4a8ed5520c43859e904ddfc7d14f6f""},""join_samples"":{""date"":""2026-10-07"",""run_id"":""c247f8784a5849079adb1c1869d6fa5b""}}"
143,143,"46.4211742 , 15.497100900000001","46.420812500000004 , 15.582556100000001",urban-urban,urban,1556,"{""sample_routes"":{""date"":""2026-10-07"",""run_id"":""ee4a8ed5520c43859e904ddfc7d14f6f""},""join_samples"":{""date"":""2026-10-07"",""run_id"":""c247f8784a5849079adb1c1869d6fa5b""}}"
144,144,"46.554494600000005 , 16.3445186","46.5538997 , 16.4971962",urban-rural,urban,1555,"{""sample_routes"":{""date"":""2026-10-07"",""run_id"":""ee4a8ed5520c43859e904ddfc7d14f6f""},""join_samples"":{""date"":""2026-10-07"",""run_id"":""c247f8784a5849079adb1c1869d6fa5b""}}"
145,145,"46.0722973 , 14.5250122","46.1376238 , 14.459570800000002",rural-urban,urban,1555,"{""sample_routes"":{""date"":""2026-10-07"",""run_id"":""ee4a8ed5520c43859e904ddfc7d14f6f""},""join_samples"":{""date"":""2026-10-07"",""run_id"":""c247f8784a5849079adb1c1869d6fa5b""}}"
146,146,"46.2590249 , 15.034343600000001","46.1408019 , 15.0349628",rural-urban,urban,2047,"{""sample_routes"":{""date"":""2026-10-07"",""run_id"":""ee4a8ed5520c43859e904ddfc7d14f6f""},""join_samples"":{""date"":""2026-10-07"",""run_id"":""c247f8784a5849079adb1c1869d6fa5b""}}"
147,147,"46.243431300000005 , 15.151035400000001","46.147546000000006 , 15.0548189",urban-urban,urban,2048,"{""sample_routes"":{""date"":""2026-10-07"",""run_id"":""ee4a8ed5520c43859e904ddfc7d14f6f""},""join_samples"":{""date"":""2026-10-07"",""run_id"":""c247f8784a5849079adb1c1869d6fa5b""}}"
148,148,"46.251477400000006 , 15.159608700000001","46.151794200000005 , 15.060540600000001",urban-rural,urban,2055,"{""sample_routes"":{""date"":""2026-10-07"",""run_id"":""ee4a8ed5520c43859e904ddfc7d14f6f""},""join_samples"":{""date"":""2026-10-07"",""run_id"":""c247f8784a5849079adb1c1869d6fa5b""}}"
149,149,"46.147674 , 15.0548695","46.2574069 , 15.1649595",urban-urban,urban,2055,"{""sample_routes"":{""date"":""2026-10-07"",""run_id"":""ee4a8ed5520c43859e904ddfc7d14f6f""},""join_samples"":{""date"":""2026-10-07"",""run_id"":""c247f8784a5849079adb1c1869d6fa5b""}}"
150,150,"46.3662113 , 15.849114100000001","46.4983908 , 15.9819182",urban-urban,mixed,1800,"{""sample_routes"":{""date"":""2026-10-07"",""run_id"":""ee4a8ed5520c43859e904ddfc7d14f6f""},""join_samples"":{""date"":""2026-10-07"",""run_id"":""c247f8784a5849079adb1c1869d6fa5b""}}"
151,151,"45.919966300000006 , 14.608550500000002","46.0206803 , 14.709789500000001",urban-rural,mixed,1799,"{""sample_routes"":{""date"":""2026-10-07"",""run_id"":""ee4a8ed5520c43859e904ddfc7d14f6f""},""join_samples"":{""date"":""2026-10-07"",""run_id"":""c247f8784a5849079adb1c1869d6fa5b""}}"
152,152,"46.227542400000004 , 14.6197128","46.0581443 , 14.619736600000001",rural-urban,mixed,1803,"{""sample_routes"":{""date"":""2026-10-07"",""run_id"":""ee4a8ed5520c43859e904ddfc7d14f6f""},""join_samples"":{""date"":""2026-10-07"",""run_id"":""c247f8784a5849079adb1c1869d6fa5b""}}"
153,153,"46.485546500000005 , 15.8966495","46.338163400000006 , 15.749842800000001",urban-urban,mixed,1795,"{""sample_routes"":{""date"":""2026-10-07"",""run_id"":""ee4a8ed5520c43859e904ddfc7d14f6f""},""join_samples"":{""date"":""2026-10-07"",""run_id"":""c247f8784a5849079adb1c1869d6fa5b""}}"
154,154,"46.2156985 , 14.376121600000001","46.2155161 , 14.612371600000001",urban-urban,mixed,1811,"{""sample_routes"":{""date"":""2026-10-07"",""run_id"":""ee4a8ed5520c43859e904ddfc7d14f6f""},""join_samples"":{""date"":""2026-10-07"",""run_id"":""c247f8784a5849079adb1c1869d6fa5b""}}"
155,155,"46.1517823 , 15.2336421","46.3122235 , 15.2330257",urban-urban,mixed,1811,"{""sample_routes"":{""date"":""2026-10-07"",""run_id"":""ee4a8ed5520c43859e904ddfc7d14f6f""},""join_samples"":{""date"":""2026-10-07"",""run_id"":""c247f8784a5849079adb1c1869d6fa5b""}}"
156,156,"45.934649300000004 , 14.781814","45.934065600000004 , 14.577931600000001",urban-urban,mixed,1788,"{""sample_routes"":{""date"":""2026-10-07"",""run_id"":""ee4a8ed5520c43859e904ddfc7d14f6f""},""join_samples"":{""date"":""2026-10-07"",""run_id"":""c247f8784a5849079adb1c1869d6fa5b""}}"
157,157,"46.149054 , 14.600331700000002","46.1493516 , 14.415733500000002",urban-urban,mixed,1815,"{""sample_routes"":{""date"":""2026-10-07"",""run_id"":""ee4a8ed5520c43859e904ddfc7d14f6f""},""join_samples"":{""date"":""2026-10-07"",""run_id"":""c247f8784a5849079adb1c1869d6fa5b""}}"
158,158,"46.6728607 , 15.973659000000001","46.5339072 , 15.9734204",urban-rural,mixed,1815,"{""sample_routes"":{""date"":""2026-10-07"",""run_id"":""ee4a8ed5520c43859e904ddfc7d14f6f""},""join_samples"":{""date"":""2026-10-07"",""run_id"":""c247f8784a5849079adb1c1869d6fa5b""}}"
159,159,"46.541687800000005 , 15.7212452","46.6793321 , 15.5841682",urban-urban,mixed,1816,"{""sample_routes"":{""date"":""2026-10-07"",""run_id"":""ee4a8ed5520c43859e904ddfc7d14f6f""},""join_samples"":{""date"":""2026-10-07"",""run_id"":""c247f8784a5849079adb1c1869d6fa5b""}}"
160,160,"45.4585249 , 15.245165100000001","45.615027600000005 , 15.244593600000002",urban-urban,mixed,1783,"{""sample_routes"":{""date"":""2026-10-07"",""run_id"":""ee4a8ed5520c43859e904ddfc7d14f6f""},""join_samples"":{""date"":""2026-10-07"",""run_id"":""c247f8784a5849079adb1c1869d6fa5b""}}"
161,161,"45.963405800000004 , 13.6548572","45.8337907 , 13.654992",rural-rural,mixed,1783,"{""sample_routes"":{""date"":""2026-10-07"",""run_id"":""ee4a8ed5520c43859e904ddfc7d14f6f""},""join_samples"":{""date"":""2026-10-07"",""run_id"":""c247f8784a5849079adb1c1869d6fa5b""}}"
162,162,"46.110587800000005 , 14.5457011","46.2396808 , 14.6753633",urban-urban,mixed,1780,"{""sample_routes"":{""date"":""2026-10-07"",""run_id"":""ee4a8ed5520c43859e904ddfc7d14f6f""},""join_samples"":{""date"":""2026-10-07"",""run_id"":""c247f8784a5849079adb1c1869d6fa5b""}}"
163,163,"46.560425200000005 , 16.3413675","46.7131466 , 16.1891028",urban-urban,mixed,1820,"{""sample_routes"":{""date"":""2026-10-07"",""run_id"":""ee4a8ed5520c43859e904ddfc7d14f6f""},""join_samples"":{""date"":""2026-10-07"",""run_id"":""c247f8784a5849079adb1c1869d6fa5b""}}"
164,164,"46.422839200000006 , 15.6018585","46.570856000000006 , 15.602288600000001",urban-urban,mixed,1779,"{""sample_routes"":{""date"":""2026-10-07"",""run_id"":""ee4a8ed5520c43859e904ddfc7d14f6f""},""join_samples"":{""date"":""2026-10-07"",""run_id"":""c247f8784a5849079adb1c1869d6fa5b""}}"
165,165,"45.8519361 , 14.8102823","45.852528500000005 , 14.622045600000002",urban-urban,mixed,1821,"{""sample_routes"":{""date"":""2026-10-07"",""run_id"":""ee4a8ed5520c43859e904ddfc7d14f6f""},""join_samples"":{""date"":""2026-10-07"",""run_id"":""c247f8784a5849079adb1c1869d6fa5b""}}"
166,166,"46.670788900000005 , 15.672521600000001","46.5482674 , 15.5501523",rural-urban,mixed,1822,"{""sample_routes"":{""date"":""2026-10-07"",""run_id"":""ee4a8ed5520c43859e904ddfc7d14f6f""},""join_samples"":{""date"":""2026-10-07"",""run_id"":""c247f8784a5849079adb1c1869d6fa5b""}}"
167,167,"45.883769900000004 , 13.730628500000002","46.0120664 , 13.731120800000001",rural-rural,mixed,1775,"{""sample_routes"":{""date"":""2026-10-07"",""run_id"":""ee4a8ed5520c43859e904ddfc7d14f6f""},""join_samples"":{""date"":""2026-10-07"",""run_id"":""c247f8784a5849079adb1c1869d6fa5b""}}"
168,168,"45.486221400000005 , 13.625762700000001","45.5841609 , 13.7233072",urban-urban,mixed,1825,"{""sample_routes"":{""date"":""2026-10-07"",""run_id"":""ee4a8ed5520c43859e904ddfc7d14f6f""},""join_samples"":{""date"":""2026-10-07"",""run_id"":""c247f8784a5849079adb1c1869d6fa5b""}}"
169,169,"46.543684600000006 , 15.5154419","46.543098400000005 , 15.2963778",urban-rural,mixed,1826,"{""sample_routes"":{""date"":""2026-10-07"",""run_id"":""ee4a8ed5520c43859e904ddfc7d14f6f""},""join_samples"":{""date"":""2026-10-07"",""run_id"":""c247f8784a5849079adb1c1869d6fa5b""}}"
170,170,"46.251860400000005 , 15.2411238","46.173301300000006 , 15.1627647",urban-urban,mixed,1827,"{""sample_routes"":{""date"":""2026-10-07"",""run_id"":""ee4a8ed5520c43859e904ddfc7d14f6f""},""join_samples"":{""date"":""2026-10-07"",""run_id"":""c247f8784a5849079adb1c1869d6fa5b""}}"
171,171,"46.298286000000004 , 14.347782500000001","46.1928289 , 14.241693000000001",urban-rural,mixed,1828,"{""sample_routes"":{""date"":""2026-10-07"",""run_id"":""ee4a8ed5520c43859e904ddfc7d14f6f""},""join_samples"":{""date"":""2026-10-07"",""run_id"":""c247f8784a5849079adb1c1869d6fa5b""}}"
172,172,"46.1472113 , 15.2347864","46.309973600000006 , 15.2341615",urban-urban,mixed,1830,"{""sample_routes"":{""date"":""2026-10-07"",""run_id"":""ee4a8ed5520c43859e904ddfc7d14f6f""},""join_samples"":{""date"":""2026-10-07"",""run_id"":""c247f8784a5849079adb1c1869d6fa5b""}}"
173,173,"45.981402100000004 , 14.227382700000001","45.9818529 , 14.4332673",urban-rural,mixed,1830,"{""sample_routes"":{""date"":""2026-10-07"",""run_id"":""ee4a8ed5520c43859e904ddfc7d14f6f""},""join_samples"":{""date"":""2026-10-07"",""run_id"":""c247f8784a5849079adb1c1869d6fa5b""}}"
174,174,"46.104911 , 14.902497400000001","46.206537000000004 , 14.901912300000001",urban-rural,mixed,1768,"{""sample_routes"":{""date"":""2026-10-07"",""run_id"":""ee4a8ed5520c43859e904ddfc7d14f6f""},""join_samples"":{""date"":""2026-10-07"",""run_id"":""c247f8784a5849079adb1c1869d6fa5b""}}"
175,175,"46.4123542 , 15.813124100000001","46.5759295 , 15.813458100000002",urban-urban,mixed,1836,"{""sample_routes"":{""date"":""2026-10-07"",""run_id"":""ee4a8ed5520c43859e904ddfc7d14f6f""},""join_samples"":{""date"":""2026-10-07"",""run_id"":""c247f8784a5849079adb1c1869d6fa5b""}}"
176,176,"46.106043500000006 , 14.5238083","46.236662900000006 , 14.654904",urban-urban,mixed,1762,"{""sample_routes"":{""date"":""2026-10-07"",""run_id"":""ee4a8ed5520c43859e904ddfc7d14f6f""},""join_samples"":{""date"":""2026-10-07"",""run_id"":""c247f8784a5849079adb1c1869d6fa5b""}}"
177,177,"46.2561368 , 15.2517972","46.171113000000005 , 15.1665045",urban-urban,mixed,1839,"{""sample_routes"":{""date"":""2026-10-07"",""run_id"":""ee4a8ed5520c43859e904ddfc7d14f6f""},""join_samples"":{""date"":""2026-10-07"",""run_id"":""c247f8784a5849079adb1c1869d6fa5b""}}"
178,178,"46.108592300000005 , 14.4155771","46.2318471 , 14.2916726",urban-urban,mixed,1841,"{""sample_routes"":{""date"":""2026-10-07"",""run_id"":""ee4a8ed5520c43859e904ddfc7d14f6f""},""join_samples"":{""date"":""2026-10-07"",""run_id"":""c247f8784a5849079adb1c1869d6fa5b""}}"
179,179,"46.6473795 , 16.038009300000002","46.4731845 , 16.0385665",urban-rural,mixed,1841,"{""sample_routes"":{""date"":""2026-10-07"",""run_id"":""ee4a8ed5520c43859e904ddfc7d14f6f""},""join_samples"":{""date"":""2026-10-07"",""run_id"":""c247f8784a5849079adb1c1869d6fa5b""}}"
180,180,"46.6109707 , 16.317287800000003","46.4632075 , 16.1697475",rural-rural,mixed,1842,"{""sample_routes"":{""date"":""2026-10-07"",""run_id"":""ee4a8ed5520c43859e904ddfc7d14f6f""},""join_samples"":{""date"":""2026-10-07"",""run_id"":""c247f8784a5849079adb1c1869d6fa5b""}}"
181,181,"46.0853625 , 14.435750400000002","45.939607300000006 , 14.4353805",urban-rural,mixed,1758,"{""sample_routes"":{""date"":""2026-10-07"",""run_id"":""ee4a8ed5520c43859e904ddfc7d14f6f""},""join_samples"":{""date"":""2026-10-07"",""run_id"":""c247f8784a5849079adb1c1869d6fa5b""}}"
182,182,"46.6148644 , 16.21544","46.445168800000005 , 16.2154032",urban-urban,mixed,1847,"{""sample_routes"":{""date"":""2026-10-07"",""run_id"":""ee4a8ed5520c43859e904ddfc7d14f6f""},""join_samples"":{""date"":""2026-10-07"",""run_id"":""c247f8784a5849079adb1c1869d6fa5b""}}"
183,183,"46.0129948 , 13.7298202","45.8835557 , 13.7301274",rural-urban,mixed,1747,"{""sample_routes"":{""date"":""2026-10-07"",""run_id"":""ee4a8ed5520c43859e904ddfc7d14f6f""},""join_samples"":{""date"":""2026-10-07"",""run_id"":""c247f8784a5849079adb1c1869d6fa5b""}}"
184,184,"46.41798 , 15.900195400000001","46.5973326 , 15.900566200000002",urban-rural,mixed,1853,"{""sample_routes"":{""date"":""2026-10-07"",""run_id"":""ee4a8ed5520c43859e904ddfc7d14f6f""},""join_samples"":{""date"":""2026-10-07"",""run_id"":""c247f8784a5849079adb1c1869d6fa5b""}}"
185,185,"46.5200698 , 16.2932624","46.5198064 , 16.5245763",urban-rural,mixed,1745,"{""sample_routes"":{""date"":""2026-10-07"",""run_id"":""ee4a8ed5520c43859e904ddfc7d14f6f""},""join_samples"":{""date"":""2026-10-07"",""run_id"":""c247f8784a5849079adb1c1869d6fa5b""}}"
186,186,"46.353755400000004 , 15.5447488","46.4779114 , 15.5444498",urban-rural,mixed,1857,"{""sample_routes"":{""date"":""2026-10-07"",""run_id"":""ee4a8ed5520c43859e904ddfc7d14f6f""},""join_samples"":{""date"":""2026-10-07"",""run_id"":""c247f8784a5849079adb1c1869d6fa5b""}}"
187,187,"46.177441900000005 , 14.0459574","46.0848607 , 14.0455979",urban-urban,mixed,1741,"{""sample_routes"":{""date"":""2026-10-07"",""run_id"":""ee4a8ed5520c43859e904ddfc7d14f6f""},""join_samples"":{""date"":""2026-10-07"",""run_id"":""c247f8784a5849079adb1c1869d6fa5b""}}"
188,188,"45.9637673 , 14.413643700000002","46.074298600000006 , 14.524821600000001",urban-rural,mixed,1860,"{""sample_routes"":{""date"":""2026-10-07"",""run_id"":""ee4a8ed5520c43859e904ddfc7d14f6f""},""join_samples"":{""date"":""2026-10-07"",""run_id"":""c247f8784a5849079adb1c1869d6fa5b""}}"
189,189,"46.262644 , 14.353895900000001","46.1005162 , 14.353557200000001",urban-urban,mixed,1862,"{""sample_routes"":{""date"":""2026-10-07"",""run_id"":""ee4a8ed5520c43859e904ddfc7d14f6f""},""join_samples"":{""date"":""2026-10-07"",""run_id"":""c247f8784a5849079adb1c1869d6fa5b""}}"
190,190,"46.6924429 , 16.3847251","46.543962400000005 , 16.385219600000003",urban-urban,mixed,1865,"{""sample_routes"":{""date"":""2026-10-07"",""run_id"":""ee4a8ed5520c43859e904ddfc7d14f6f""},""join_samples"":{""date"":""2026-10-07"",""run_id"":""c247f8784a5849079adb1c1869d6fa5b""}}"
191,191,"46.389505 , 16.2694225","46.556215800000004 , 16.270051000000002",urban-urban,mixed,1871,"{""sample_routes"":{""date"":""2026-10-07"",""run_id"":""ee4a8ed5520c43859e904ddfc7d14f6f""},""join_samples"":{""date"":""2026-10-07"",""run_id"":""c247f8784a5849079adb1c1869d6fa5b""}}"
192,192,"46.703129100000005 , 16.0458372","46.5477878 , 16.2006699",rural-rural,mixed,1873,"{""sample_routes"":{""date"":""2026-10-07"",""run_id"":""ee4a8ed5520c43859e904ddfc7d14f6f""},""join_samples"":{""date"":""2026-10-07"",""run_id"":""c247f8784a5849079adb1c1869d6fa5b""}}"
193,193,"46.5095904 , 16.201571100000002","46.6534416 , 16.345623200000002",urban-urban,mixed,1874,"{""sample_routes"":{""date"":""2026-10-07"",""run_id"":""ee4a8ed5520c43859e904ddfc7d14f6f""},""join_samples"":{""date"":""2026-10-07"",""run_id"":""c247f8784a5849079adb1c1869d6fa5b""}}"
194,194,"45.856743300000005 , 14.4157466","45.856903700000004 , 14.270624000000002",rural-rural,mixed,1725,"{""sample_routes"":{""date"":""2026-10-07"",""run_id"":""ee4a8ed5520c43859e904ddfc7d14f6f""},""join_samples"":{""date"":""2026-10-07"",""run_id"":""c247f8784a5849079adb1c1869d6fa5b""}}"
195,195,"46.1536855 , 15.2363832","46.3062659 , 15.2362891",urban-urban,mixed,1724,"{""sample_routes"":{""date"":""2026-10-07"",""run_id"":""ee4a8ed5520c43859e904ddfc7d14f6f""},""join_samples"":{""date"":""2026-10-07"",""run_id"":""c247f8784a5849079adb1c1869d6fa5b""}}"
196,196,"46.5431856 , 16.038697300000003","46.680922800000005 , 15.900941600000001",rural-urban,mixed,1876,"{""sample_routes"":{""date"":""2026-10-07"",""run_id"":""ee4a8ed5520c43859e904ddfc7d14f6f""},""join_samples"":{""date"":""2026-10-07"",""run_id"":""c247f8784a5849079adb1c1869d6fa5b""}}"
197,197,"46.3889468 , 15.9877113","46.3893183 , 16.2742229",rural-urban,mixed,1723,"{""sample_routes"":{""date"":""2026-10-07"",""run_id"":""ee4a8ed5520c43859e904ddfc7d14f6f""},""join_samples"":{""date"":""2026-10-07"",""run_id"":""c247f8784a5849079adb1c1869d6fa5b""}}"
198,198,"46.168538000000005 , 15.0511806","46.288314 , 15.1712454",urban-rural,mixed,1877,"{""sample_routes"":{""date"":""2026-10-07"",""run_id"":""ee4a8ed5520c43859e904ddfc7d14f6f""},""join_samples"":{""date"":""2026-10-07"",""run_id"":""c247f8784a5849079adb1c1869d6fa5b""}}"
199,199,"46.0660139 , 14.5054555","46.0660393 , 14.307173800000001",urban-urban,mixed,1878,"{""sample_routes"":{""date"":""2026-10-07"",""run_id"":""ee4a8ed5520c43859e904ddfc7d14f6f""},""join_samples"":{""date"":""2026-10-07"",""run_id"":""c247f8784a5849079adb1c1869d6fa5b""}}"
200,200,"46.145782800000006 , 14.3923246","46.3145779 , 14.391903600000001",urban-rural,mixed,1880,"{""sample_routes"":{""date"":""2026-10-07"",""run_id"":""ee4a8ed5520c43859e904ddfc7d14f6f""},""join_samples"":{""date"":""2026-10-07"",""run_id"":""c247f8784a5849079adb1c1869d6fa5b""}}"
201,201,"46.429232400000004 , 15.809278200000001","46.592477200000005 , 15.645389600000001",urban-urban,mixed,1881,"{""sample_routes"":{""date"":""2026-10-07"",""run_id"":""ee4a8ed5520c43859e904ddfc7d14f6f""},""join_samples"":{""date"":""2026-10-07"",""run_id"":""c247f8784a5849079adb1c1869d6fa5b""}}"
202,202,"46.025811700000006 , 14.4983748","46.026150300000005 , 14.236238700000001",urban-rural,mixed,1719,"{""sample_routes"":{""date"":""2026-10-07"",""run_id"":""ee4a8ed5520c43859e904ddfc7d14f6f""},""join_samples"":{""date"":""2026-10-07"",""run_id"":""c247f8784a5849079adb1c1869d6fa5b""}}"
203,203,"46.4336678 , 15.626518800000001","46.587214800000005 , 15.627000200000001",urban-urban,mixed,1718,"{""sample_routes"":{""date"":""2026-10-07"",""run_id"":""ee4a8ed5520c43859e904ddfc7d14f6f""},""join_samples"":{""date"":""2026-10-07"",""run_id"":""c247f8784a5849079adb1c1869d6fa5b""}}"
204,204,"46.422369800000006 , 15.602333600000001","46.2394696 , 15.6027988",urban-rural,mixed,1882,"{""sample_routes"":{""date"":""2026-10-07"",""run_id"":""ee4a8ed5520c43859e904ddfc7d14f6f""},""join_samples"":{""date"":""2026-10-07"",""run_id"":""c247f8784a5849079adb1c1869d6fa5b""}}"
205,205,"46.694496300000004 , 16.3815589","46.694912900000006 , 16.124526",rural-urban,mixed,1885,"{""sample_routes"":{""date"":""2026-10-07"",""run_id"":""ee4a8ed5520c43859e904ddfc7d14f6f""},""join_samples"":{""date"":""2026-10-07"",""run_id"":""c247f8784a5849079adb1c1869d6fa5b""}}"
206,206,"46.432689100000005 , 15.9495973","46.590465200000004 , 15.791252100000001",urban-urban,mixed,1887,"{""sample_routes"":{""date"":""2026-10-07"",""run_id"":""ee4a8ed5520c43859e904ddfc7d14f6f""},""join_samples"":{""date"":""2026-10-07"",""run_id"":""c247f8784a5849079adb1c1869d6fa5b""}}"
207,207,"46.631941600000005 , 16.0564837","46.4728457 , 16.0562046",urban-urban,mixed,1888,"{""sample_routes"":{""date"":""2026-10-07"",""run_id"":""ee4a8ed5520c43859e904ddfc7d14f6f""},""join_samples"":{""date"":""2026-10-07"",""run_id"":""c247f8784a5849079adb1c1869d6fa5b""}}"
208,208,"46.188776000000004 , 14.071132100000002","46.189317300000006 , 14.328813400000001",rural-urban,mixed,1888,"{""sample_routes"":{""date"":""2026-10-07"",""run_id"":""ee4a8ed5520c43859e904ddfc7d14f6f""},""join_samples"":{""date"":""2026-10-07"",""run_id"":""c247f8784a5849079adb1c1869d6fa5b""}}"
209,209,"46.664412600000006 , 16.159673700000003","46.5208865 , 16.3028264",urban-urban,mixed,1709,"{""sample_routes"":{""date"":""2026-10-07"",""run_id"":""ee4a8ed5520c43859e904ddfc7d14f6f""},""join_samples"":{""date"":""2026-10-07"",""run_id"":""c247f8784a5849079adb1c1869d6fa5b""}}"
210,210,"45.6234307 , 14.2847228","45.770237400000006 , 14.138197100000001",urban-rural,mixed,1705,"{""sample_routes"":{""date"":""2026-10-07"",""run_id"":""ee4a8ed5520c43859e904ddfc7d14f6f""},""join_samples"":{""date"":""2026-10-07"",""run_id"":""c247f8784a5849079adb1c1869d6fa5b""}}"
211,211,"46.5499166 , 16.0836185","46.6873701 , 15.945526000000001",rural-urban,mixed,1703,"{""sample_routes"":{""date"":""2026-10-07"",""run_id"":""ee4a8ed5520c43859e904ddfc7d14f6f""},""join_samples"":{""date"":""2026-10-07"",""run_id"":""c247f8784a5849079adb1c1869d6fa5b""}}"
212,212,"46.690831800000005 , 15.6961229","46.576503800000005 , 15.5813974",urban-urban,mixed,1901,"{""sample_routes"":{""date"":""2026-10-07"",""run_id"":""ee4a8ed5520c43859e904ddfc7d14f6f""},""join_samples"":{""date"":""2026-10-07"",""run_id"":""c247f8784a5849079adb1c1869d6fa5b""}}"
213,213,"46.2673215 , 14.402776200000002","46.1153223 , 14.402875300000002",urban-urban,mixed,1697,"{""sample_routes"":{""date"":""2026-10-07"",""run_id"":""ee4a8ed5520c43859e904ddfc7d14f6f""},""join_samples"":{""date"":""2026-10-07"",""run_id"":""c247f8784a5849079adb1c1869d6fa5b""}}"
214,214,"46.801530500000005 , 16.0690502","46.6456541 , 16.068912400000002",urban-urban,mixed,1697,"{""sample_routes"":{""date"":""2026-10-07"",""run_id"":""ee4a8ed5520c43859e904ddfc7d14f6f""},""join_samples"":{""date"":""2026-10-07"",""run_id"":""c247f8784a5849079adb1c1869d6fa5b""}}"
215,215,"46.0880942 , 14.624470200000001","46.2657517 , 14.6239003",rural-urban,mixed,1909,"{""sample_routes"":{""date"":""2026-10-07"",""run_id"":""ee4a8ed5520c43859e904ddfc7d14f6f""},""join_samples"":{""date"":""2026-10-07"",""run_id"":""c247f8784a5849079adb1c1869d6fa5b""}}"
216,216,"46.6145982 , 16.0362954","46.7544744 , 16.1755557",urban-rural,mixed,1910,"{""sample_routes"":{""date"":""2026-10-07"",""run_id"":""ee4a8ed5520c43859e904ddfc7d14f6f""},""join_samples"":{""date"":""2026-10-07"",""run_id"":""c247f8784a5849079adb1c1869d6fa5b""}}"
217,217,"46.3876356 , 15.569836700000002","46.192847900000004 , 15.569278500000001",urban-rural,mixed,1913,"{""sample_routes"":{""date"":""2026-10-07"",""run_id"":""ee4a8ed5520c43859e904ddfc7d14f6f""},""join_samples"":{""date"":""2026-10-07"",""run_id"":""c247f8784a5849079adb1c1869d6fa5b""}}"
218,218,"46.6565706 , 16.1748654","46.8041946 , 16.0266516",urban-rural,mixed,1915,"{""sample_routes"":{""date"":""2026-10-07"",""run_id"":""ee4a8ed5520c43859e904ddfc7d14f6f""},""join_samples"":{""date"":""2026-10-07"",""run_id"":""c247f8784a5849079adb1c1869d6fa5b""}}"
219,219,"46.7523324 , 16.291630400000003","46.605169700000005 , 16.291288400000003",urban-urban,mixed,1916,"{""sample_routes"":{""date"":""2026-10-07"",""run_id"":""ee4a8ed5520c43859e904ddfc7d14f6f""},""join_samples"":{""date"":""2026-10-07"",""run_id"":""c247f8784a5849079adb1c1869d6fa5b""}}"
220,220,"46.2779194 , 15.0687548","46.163237 , 15.068821900000001",rural-rural,mixed,1680,"{""sample_routes"":{""date"":""2026-10-07"",""run_id"":""ee4a8ed5520c43859e904ddfc7d14f6f""},""join_samples"":{""date"":""2026-10-07"",""run_id"":""c247f8784a5849079adb1c1869d6fa5b""}}"
221,221,"46.128033 , 14.5594569","46.009846200000005 , 14.441630700000001",urban-rural,mixed,1679,"{""sample_routes"":{""date"":""2026-10-07"",""run_id"":""ee4a8ed5520c43859e904ddfc7d14f6f""},""join_samples"":{""date"":""2026-10-07"",""run_id"":""c247f8784a5849079adb1c1869d6fa5b""}}"
222,222,"46.523155800000005 , 16.0382885","46.6546098 , 15.9065539",urban-urban,mixed,1922,"{""sample_routes"":{""date"":""2026-10-07"",""run_id"":""ee4a8ed5520c43859e904ddfc7d14f6f""},""join_samples"":{""date"":""2026-10-07"",""run_id"":""c247f8784a5849079adb1c1869d6fa5b""}}"
223,223,"46.4303589 , 15.8960342","46.304270900000006 , 15.769478000000001",urban-rural,mixed,1676,"{""sample_routes"":{""date"":""2026-10-07"",""run_id"":""ee4a8ed5520c43859e904ddfc7d14f6f""},""join_samples"":{""date"":""2026-10-07"",""run_id"":""c247f8784a5849079adb1c1869d6fa5b""}}"
224,224,"46.042436800000004 , 14.4863306","45.9234104 , 14.367794400000001",urban-urban,mixed,1671,"{""sample_routes"":{""date"":""2026-10-07"",""run_id"":""ee4a8ed5520c43859e904ddfc7d14f6f""},""join_samples"":{""date"":""2026-10-07"",""run_id"":""c247f8784a5849079adb1c1869d6fa5b""}}"
225,225,"46.0193123 , 14.2680786","46.1015403 , 14.350290300000001",urban-urban,mixed,1930,"{""sample_routes"":{""date"":""2026-10-07"",""run_id"":""ee4a8ed5520c43859e904ddfc7d14f6f""},""join_samples"":{""date"":""2026-10-07"",""run_id"":""c247f8784a5849079adb1c1869d6fa5b""}}"
226,226,"45.970295300000004 , 14.3416384","45.9709432 , 14.131282500000001",rural-urban,mixed,1670,"{""sample_routes"":{""date"":""2026-10-07"",""run_id"":""ee4a8ed5520c43859e904ddfc7d14f6f""},""join_samples"":{""date"":""2026-10-07"",""run_id"":""c247f8784a5849079adb1c1869d6fa5b""}}"
227,227,"45.890742 , 14.443708200000001","46.0462884 , 14.4435523",urban-urban,mixed,1931,"{""sample_routes"":{""date"":""2026-10-07"",""run_id"":""ee4a8ed5520c43859e904ddfc7d14f6f""},""join_samples"":{""date"":""2026-10-07"",""run_id"":""c247f8784a5849079adb1c1869d6fa5b""}}"
228,228,"46.500405400000005 , 15.852048900000002","46.3851335 , 15.7362631",urban-urban,mixed,1931,"{""sample_routes"":{""date"":""2026-10-07"",""run_id"":""ee4a8ed5520c43859e904ddfc7d14f6f""},""join_samples"":{""date"":""2026-10-07"",""run_id"":""c247f8784a5849079adb1c1869d6fa5b""}}"
229,229,"45.9400981 , 14.674629900000001","45.9401662 , 14.507131200000002",urban-urban,mixed,1664,"{""sample_routes"":{""date"":""2026-10-07"",""run_id"":""ee4a8ed5520c43859e904ddfc7d14f6f""},""join_samples"":{""date"":""2026-10-07"",""run_id"":""c247f8784a5849079adb1c1869d6fa5b""}}"
230,230,"46.261485 , 15.254026600000001","46.1719176 , 15.1640644",urban-urban,mixed,1939,"{""sample_routes"":{""date"":""2026-10-07"",""run_id"":""ee4a8ed5520c43859e904ddfc7d14f6f""},""join_samples"":{""date"":""2026-10-07"",""run_id"":""c247f8784a5849079adb1c1869d6fa5b""}}"
231,231,"46.1450948 , 15.084207200000002","46.1456699 , 14.843022800000002",urban-urban,mixed,1941,"{""sample_routes"":{""date"":""2026-10-07"",""run_id"":""ee4a8ed5520c43859e904ddfc7d14f6f""},""join_samples"":{""date"":""2026-10-07"",""run_id"":""c247f8784a5849079adb1c1869d6fa5b""}}"
232,232,"46.1565802 , 15.052799400000001","46.156620700000005 , 15.2416289",urban-urban,mixed,1656,"{""sample_routes"":{""date"":""2026-10-07"",""run_id"":""ee4a8ed5520c43859e904ddfc7d14f6f""},""join_samples"":{""date"":""2026-10-07"",""run_id"":""c247f8784a5849079adb1c1869d6fa5b""}}"
233,233,"46.0384083 , 14.482939400000001","46.0389989 , 14.2507616",urban-rural,mixed,1946,"{""sample_routes"":{""date"":""2026-10-07"",""run_id"":""ee4a8ed5520c43859e904ddfc7d14f6f""},""join_samples"":{""date"":""2026-10-07"",""run_id"":""c247f8784a5849079adb1c1869d6fa5b""}}"
234,234,"45.881152500000006 , 14.6250551","45.9727699 , 14.7165668",urban-rural,mixed,1653,"{""sample_routes"":{""date"":""2026-10-07"",""run_id"":""ee4a8ed5520c43859e904ddfc7d14f6f""},""join_samples"":{""date"":""2026-10-07"",""run_id"":""c247f8784a5849079adb1c1869d6fa5b""}}"
235,235,"46.3427914 , 15.925883200000001","46.476249200000005 , 15.7919443",urban-rural,mixed,1949,"{""sample_routes"":{""date"":""2026-10-07"",""run_id"":""ee4a8ed5520c43859e904ddfc7d14f6f""},""join_samples"":{""date"":""2026-10-07"",""run_id"":""c247f8784a5849079adb1c1869d6fa5b""}}"
236,236,"46.4669205 , 15.658067200000001","46.5675426 , 15.5574104",rural-urban,mixed,1650,"{""sample_routes"":{""date"":""2026-10-07"",""run_id"":""ee4a8ed5520c43859e904ddfc7d14f6f""},""join_samples"":{""date"":""2026-10-07"",""run_id"":""c247f8784a5849079adb1c1869d6fa5b""}}"
237,237,"46.685757 , 16.213716100000003","46.5505858 , 16.078082900000002",urban-rural,mixed,1650,"{""sample_routes"":{""date"":""2026-10-07"",""run_id"":""ee4a8ed5520c43859e904ddfc7d14f6f""},""join_samples"":{""date"":""2026-10-07"",""run_id"":""c247f8784a5849079adb1c1869d6fa5b""}}"
238,238,"46.3414049 , 14.283005200000002","46.1484031 , 14.2823758",urban-urban,mixed,1955,"{""sample_routes"":{""date"":""2026-10-07"",""run_id"":""ee4a8ed5520c43859e904ddfc7d14f6f""},""join_samples"":{""date"":""2026-10-07"",""run_id"":""c247f8784a5849079adb1c1869d6fa5b""}}"
239,239,"45.904143100000006 , 14.5533175","46.0250007 , 14.431911800000002",urban-rural,mixed,1957,"{""sample_routes"":{""date"":""2026-10-07"",""run_id"":""ee4a8ed5520c43859e904ddfc7d14f6f""},""join_samples"":{""date"":""2026-10-07"",""run_id"":""c247f8784a5849079adb1c1869d6fa5b""}}"
240,240,"46.466552500000006 , 15.658854100000001","46.3290791 , 15.659363200000001",urban-urban,mixed,1643,"{""sample_routes"":{""date"":""2026-10-07"",""run_id"":""ee4a8ed5520c43859e904ddfc7d14f6f""},""join_samples"":{""date"":""2026-10-07"",""run_id"":""c247f8784a5849079adb1c1869d6fa5b""}}"
241,241,"46.4640077 , 16.2255116","46.6176855 , 16.3798137",rural-urban,mixed,1957,"{""sample_routes"":{""date"":""2026-10-07"",""run_id"":""ee4a8ed5520c43859e904ddfc7d14f6f""},""join_samples"":{""date"":""2026-10-07"",""run_id"":""c247f8784a5849079adb1c1869d6fa5b""}}"
242,242,"45.646109900000006 , 15.171373500000001","45.64652 , 15.3777886",urban-rural,mixed,1639,"{""sample_routes"":{""date"":""2026-10-07"",""run_id"":""ee4a8ed5520c43859e904ddfc7d14f6f""},""join_samples"":{""date"":""2026-10-07"",""run_id"":""c247f8784a5849079adb1c1869d6fa5b""}}"
243,243,"46.415359 , 16.0751114","46.4154076 , 15.702375900000002",urban-rural,mixed,1962,"{""sample_routes"":{""date"":""2026-10-07"",""run_id"":""ee4a8ed5520c43859e904ddfc7d14f6f""},""join_samples"":{""date"":""2026-10-07"",""run_id"":""c247f8784a5849079adb1c1869d6fa5b""}}"
244,244,"46.4788353 , 15.550841700000001","46.5596991 , 15.632130100000001",rural-urban,mixed,1963,"{""sample_routes"":{""date"":""2026-10-07"",""run_id"":""ee4a8ed5520c43859e904ddfc7d14f6f""},""join_samples"":{""date"":""2026-10-07"",""run_id"":""c247f8784a5849079adb1c1869d6fa5b""}}"
245,245,"46.537955100000005 , 16.2892683","46.5383292 , 16.0756816",urban-urban,mixed,1967,"{""sample_routes"":{""date"":""2026-10-07"",""run_id"":""ee4a8ed5520c43859e904ddfc7d14f6f""},""join_samples"":{""date"":""2026-10-07"",""run_id"":""c247f8784a5849079adb1c1869d6fa5b""}}"
246,246,"45.811554900000004 , 15.0983415","45.811203000000006 , 15.326621500000002",rural-urban,mixed,1970,"{""sample_routes"":{""date"":""2026-10-07"",""run_id"":""ee4a8ed5520c43859e904ddfc7d14f6f""},""join_samples"":{""date"":""2026-10-07"",""run_id"":""c247f8784a5849079adb1c1869d6fa5b""}}"
247,247,"46.042289000000004 , 14.454528900000001","46.1527388 , 14.5643709",urban-urban,mixed,1626,"{""sample_routes"":{""date"":""2026-10-07"",""run_id"":""ee4a8ed5520c43859e904ddfc7d14f6f""},""join_samples"":{""date"":""2026-10-07"",""run_id"":""c247f8784a5849079adb1c1869d6fa5b""}}"
248,248,"46.0478688 , 14.45218","46.048349300000005 , 14.2049356",urban-rural,mixed,1976,"{""sample_routes"":{""date"":""2026-10-07"",""run_id"":""ee4a8ed5520c43859e904ddfc7d14f6f""},""join_samples"":{""date"":""2026-10-07"",""run_id"":""c247f8784a5849079adb1c1869d6fa5b""}}"
249,249,"46.5305173 , 15.7700016","46.453055000000006 , 15.692430700000001",urban-urban,mixed,1619,"{""sample_routes"":{""date"":""2026-10-07"",""run_id"":""ee4a8ed5520c43859e904ddfc7d14f6f""},""join_samples"":{""date"":""2026-10-07"",""run_id"":""c247f8784a5849079adb1c1869d6fa5b""}}"
250,250,"46.1093488 , 14.609439","46.3052738 , 14.6090935",urban-rural,mixed,1983,"{""sample_routes"":{""date"":""2026-10-07"",""run_id"":""ee4a8ed5520c43859e904ddfc7d14f6f""},""join_samples"":{""date"":""2026-10-07"",""run_id"":""c247f8784a5849079adb1c1869d6fa5b""}}"
251,251,"46.385485700000004 , 15.562088500000002","46.535316 , 15.562732200000001",urban-urban,mixed,1983,"{""sample_routes"":{""date"":""2026-10-07"",""run_id"":""ee4a8ed5520c43859e904ddfc7d14f6f""},""join_samples"":{""date"":""2026-10-07"",""run_id"":""c247f8784a5849079adb1c1869d6fa5b""}}"
252,252,"46.0370719 , 14.4833563","45.9195463 , 14.482993400000002",urban-rural,mixed,1986,"{""sample_routes"":{""date"":""2026-10-07"",""run_id"":""ee4a8ed5520c43859e904ddfc7d14f6f""},""join_samples"":{""date"":""2026-10-07"",""run_id"":""c247f8784a5849079adb1c1869d6fa5b""}}"
253,253,"45.7865454 , 14.7640297","45.933872400000006 , 14.6163708",urban-urban,mixed,1986,"{""sample_routes"":{""date"":""2026-10-07"",""run_id"":""ee4a8ed5520c43859e904ddfc7d14f6f""},""join_samples"":{""date"":""2026-10-07"",""run_id"":""c247f8784a5849079adb1c1869d6fa5b""}}"
254,254,"46.5697071 , 16.457071300000003","46.570058700000004 , 16.229509",urban-urban,mixed,1612,"{""sample_routes"":{""date"":""2026-10-07"",""run_id"":""ee4a8ed5520c43859e904ddfc7d14f6f""},""join_samples"":{""date"":""2026-10-07"",""run_id"":""c247f8784a5849079adb1c1869d6fa5b""}}"
255,255,"45.6437309 , 14.1941836","45.795290900000005 , 14.345939000000001",urban-urban,mixed,1988,"{""sample_routes"":{""date"":""2026-10-07"",""run_id"":""ee4a8ed5520c43859e904ddfc7d14f6f""},""join_samples"":{""date"":""2026-10-07"",""run_id"":""c247f8784a5849079adb1c1869d6fa5b""}}"
256,256,"46.1656983 , 14.628992700000001","46.1661439 , 14.350923600000002",urban-urban,mixed,1989,"{""sample_routes"":{""date"":""2026-10-07"",""run_id"":""ee4a8ed5520c43859e904ddfc7d14f6f""},""join_samples"":{""date"":""2026-10-07"",""run_id"":""c247f8784a5849079adb1c1869d6fa5b""}}"
257,257,"45.9184232 , 14.584149100000001","46.084340700000006 , 14.4186142",rural-urban,mixed,1990,"{""sample_routes"":{""date"":""2026-10-07"",""run_id"":""ee4a8ed5520c43859e904ddfc7d14f6f""},""join_samples"":{""date"":""2026-10-07"",""run_id"":""c247f8784a5849079adb1c1869d6fa5b""}}"
258,258,"45.624769 , 14.2446795","45.8268421 , 14.244076600000001",urban-urban,mixed,1990,"{""sample_routes"":{""date"":""2026-10-07"",""run_id"":""ee4a8ed5520c43859e904ddfc7d14f6f""},""join_samples"":{""date"":""2026-10-07"",""run_id"":""c247f8784a5849079adb1c1869d6fa5b""}}"
259,259,"46.0796666 , 14.487122500000002","45.932355400000006 , 14.6349955",urban-urban,mixed,1606,"{""sample_routes"":{""date"":""2026-10-07"",""run_id"":""ee4a8ed5520c43859e904ddfc7d14f6f""},""join_samples"":{""date"":""2026-10-07"",""run_id"":""c247f8784a5849079adb1c1869d6fa5b""}}"
260,260,"46.2269632 , 15.564467700000002","46.4187802 , 15.564979800000001",urban-urban,mixed,1996,"{""sample_routes"":{""date"":""2026-10-07"",""run_id"":""ee4a8ed5520c43859e904ddfc7d14f6f""},""join_samples"":{""date"":""2026-10-07"",""run_id"":""c247f8784a5849079adb1c1869d6fa5b""}}"
261,261,"46.410764900000004 , 15.6075434","46.587517000000005 , 15.6081873",urban-urban,mixed,2000,"{""sample_routes"":{""date"":""2026-10-07"",""run_id"":""ee4a8ed5520c43859e904ddfc7d14f6f""},""join_samples"":{""date"":""2026-10-07"",""run_id"":""c247f8784a5849079adb1c1869d6fa5b""}}"
262,262,"46.510217100000006 , 15.737760600000001","46.3846021 , 15.7379546",urban-urban,mixed,2001,"{""sample_routes"":{""date"":""2026-10-07"",""run_id"":""ee4a8ed5520c43859e904ddfc7d14f6f""},""join_samples"":{""date"":""2026-10-07"",""run_id"":""c247f8784a5849079adb1c1869d6fa5b""}}"
263,263,"46.497004800000006 , 15.894800100000001","46.3356129 , 15.732927700000001",rural-urban,mixed,2001,"{""sample_routes"":{""date"":""2026-10-07"",""run_id"":""ee4a8ed5520c43859e904ddfc7d14f6f""},""join_samples"":{""date"":""2026-10-07"",""run_id"":""c247f8784a5849079adb1c1869d6fa5b""}}"
264,264,"46.408306 , 15.516727500000002","46.4858708 , 15.593800100000001",urban-urban,mixed,2004,"{""sample_routes"":{""date"":""2026-10-07"",""run_id"":""ee4a8ed5520c43859e904ddfc7d14f6f""},""join_samples"":{""date"":""2026-10-07"",""run_id"":""c247f8784a5849079adb1c1869d6fa5b""}}"
265,265,"45.639919000000006 , 14.8562776","45.8144848 , 14.6818945",urban-urban,mixed,2007,"{""sample_routes"":{""date"":""2026-10-07"",""run_id"":""ee4a8ed5520c43859e904ddfc7d14f6f""},""join_samples"":{""date"":""2026-10-07"",""run_id"":""c247f8784a5849079adb1c1869d6fa5b""}}"
266,266,"46.0247107 , 14.3141919","46.131438100000004 , 14.4214891",urban-urban,mixed,2007,"{""sample_routes"":{""date"":""2026-10-07"",""run_id"":""ee4a8ed5520c43859e904ddfc7d14f6f""},""join_samples"":{""date"":""2026-10-07"",""run_id"":""c247f8784a5849079adb1c1869d6fa5b""}}"
267,267,"46.5492326 , 16.3569575","46.716272200000006 , 16.1898437",urban-urban,mixed,2007,"{""sample_routes"":{""date"":""2026-10-07"",""run_id"":""ee4a8ed5520c43859e904ddfc7d14f6f""},""join_samples"":{""date"":""2026-10-07"",""run_id"":""c247f8784a5849079adb1c1869d6fa5b""}}"
268,268,"46.655002200000006 , 16.173866500000003","46.805203000000006 , 16.0238841",urban-rural,mixed,2010,"{""sample_routes"":{""date"":""2026-10-07"",""run_id"":""ee4a8ed5520c43859e904ddfc7d14f6f""},""join_samples"":{""date"":""2026-10-07"",""run_id"":""c247f8784a5849079adb1c1869d6fa5b""}}"
269,269,"46.234099300000004 , 14.342259100000001","46.234642 , 14.6544743",urban-urban,mixed,2014,"{""sample_routes"":{""date"":""2026-10-07"",""run_id"":""ee4a8ed5520c43859e904ddfc7d14f6f""},""join_samples"":{""date"":""2026-10-07"",""run_id"":""c247f8784a5849079adb1c1869d6fa5b""}}"
270,270,"46.530226400000004 , 15.698915500000002","46.670631500000006 , 15.5579827",urban-urban,mixed,1584,"{""sample_routes"":{""date"":""2026-10-07"",""run_id"":""ee4a8ed5520c43859e904ddfc7d14f6f""},""join_samples"":{""date"":""2026-10-07"",""run_id"":""c247f8784a5849079adb1c1869d6fa5b""}}"
271,271,"46.263949200000006 , 15.7058934","46.135390900000004 , 15.5777239",rural-rural,mixed,2019,"{""sample_routes"":{""date"":""2026-10-07"",""run_id"":""ee4a8ed5520c43859e904ddfc7d14f6f""},""join_samples"":{""date"":""2026-10-07"",""run_id"":""c247f8784a5849079adb1c1869d6fa5b""}}"
272,272,"45.941177 , 14.6331527","45.808715400000004 , 14.7654098",urban-urban,mixed,2021,"{""sample_routes"":{""date"":""2026-10-07"",""run_id"":""ee4a8ed5520c43859e904ddfc7d14f6f""},""join_samples"":{""date"":""2026-10-07"",""run_id"":""c247f8784a5849079adb1c1869d6fa5b""}}"
273,273,"46.6031233 , 15.8896078","46.4116232 , 15.889566400000001",rural-urban,mixed,2024,"{""sample_routes"":{""date"":""2026-10-07"",""run_id"":""ee4a8ed5520c43859e904ddfc7d14f6f""},""join_samples"":{""date"":""2026-10-07"",""run_id"":""c247f8784a5849079adb1c1869d6fa5b""}}"
274,274,"45.693938900000006 , 14.595009800000001","45.6457709 , 14.5463508",urban-urban,mixed,1576,"{""sample_routes"":{""date"":""2026-10-07"",""run_id"":""ee4a8ed5520c43859e904ddfc7d14f6f""},""join_samples"":{""date"":""2026-10-07"",""run_id"":""c247f8784a5849079adb1c1869d6fa5b""}}"
275,275,"46.260839700000005 , 14.3025108","46.2607652 , 14.563722100000001",urban-rural,mixed,2025,"{""sample_routes"":{""date"":""2026-10-07"",""run_id"":""ee4a8ed5520c43859e904ddfc7d14f6f""},""join_samples"":{""date"":""2026-10-07"",""run_id"":""c247f8784a5849079adb1c1869d6fa5b""}}"
276,276,"46.4523725 , 16.204215700000002","46.452329000000006 , 15.892717900000001",urban-urban,mixed,2025,"{""sample_routes"":{""date"":""2026-10-07"",""run_id"":""ee4a8ed5520c43859e904ddfc7d14f6f""},""join_samples"":{""date"":""2026-10-07"",""run_id"":""c247f8784a5849079adb1c1869d6fa5b""}}"
277,277,"45.9198449 , 14.484751600000001","46.0415325 , 14.484492500000002",rural-urban,mixed,2027,"{""sample_routes"":{""date"":""2026-10-07"",""run_id"":""ee4a8ed5520c43859e904ddfc7d14f6f""},""join_samples"":{""date"":""2026-10-07"",""run_id"":""c247f8784a5849079adb1c1869d6fa5b""}}"
278,278,"46.4595059 , 15.912328400000002","46.3402514 , 15.912708",rural-urban,mixed,1570,"{""sample_routes"":{""date"":""2026-10-07"",""run_id"":""ee4a8ed5520c43859e904ddfc7d14f6f""},""join_samples"":{""date"":""2026-10-07"",""run_id"":""c247f8784a5849079adb1c1869d6fa5b""}}"
279,279,"45.8190156 , 15.106413700000001","45.819343100000005 , 15.298086300000001",rural-urban,mixed,1569,"{""sample_routes"":{""date"":""2026-10-07"",""run_id"":""ee4a8ed5520c43859e904ddfc7d14f6f""},""join_samples"":{""date"":""2026-10-07"",""run_id"":""c247f8784a5849079adb1c1869d6fa5b""}}"
280,280,"46.4942974 , 16.0862604","46.639820400000005 , 15.940979700000002",urban-urban,mixed,2034,"{""sample_routes"":{""date"":""2026-10-07"",""run_id"":""ee4a8ed5520c43859e904ddfc7d14f6f""},""join_samples"":{""date"":""2026-10-07"",""run_id"":""c247f8784a5849079adb1c1869d6fa5b""}}"
281,281,"46.1859441 , 14.193370900000001","46.1865146 , 14.409446800000001",urban-urban,mixed,2035,"{""sample_routes"":{""date"":""2026-10-07"",""run_id"":""ee4a8ed5520c43859e904ddfc7d14f6f""},""join_samples"":{""date"":""2026-10-07"",""run_id"":""c247f8784a5849079adb1c1869d6fa5b""}}"
282,282,"46.004803200000005 , 14.654753600000001","45.903797600000004 , 14.5532976",urban-urban,mixed,2036,"{""sample_routes"":{""date"":""2026-10-07"",""run_id"":""ee4a8ed5520c43859e904ddfc7d14f6f""},""join_samples"":{""date"":""2026-10-07"",""run_id"":""c247f8784a5849079adb1c1869d6fa5b""}}"
283,283,"46.230963700000004 , 15.655349600000001","46.2313722 , 15.3756368",rural-urban,mixed,2040,"{""sample_routes"":{""date"":""2026-10-07"",""run_id"":""ee4a8ed5520c43859e904ddfc7d14f6f""},""join_samples"":{""date"":""2026-10-07"",""run_id"":""c247f8784a5849079adb1c1869d6fa5b""}}"
284,284,"46.1002829 , 14.2006048","46.249108 , 14.3493974",rural-urban,mixed,2041,"{""sample_routes"":{""date"":""2026-10-07"",""run_id"":""ee4a8ed5520c43859e904ddfc7d14f6f""},""join_samples"":{""date"":""2026-10-07"",""run_id"":""c247f8784a5849079adb1c1869d6fa5b""}}"
285,285,"46.5845701 , 15.840418900000001","46.5847556 , 15.6314957",urban-urban,mixed,1558,"{""sample_routes"":{""date"":""2026-10-07"",""run_id"":""ee4a8ed5520c43859e904ddfc7d14f6f""},""join_samples"":{""date"":""2026-10-07"",""run_id"":""c247f8784a5849079adb1c1869d6fa5b""}}"
286,286,"46.035401900000004 , 14.511351200000002","46.0357579 , 14.2938243",urban-urban,mixed,2043,"{""sample_routes"":{""date"":""2026-10-07"",""run_id"":""ee4a8ed5520c43859e904ddfc7d14f6f""},""join_samples"":{""date"":""2026-10-07"",""run_id"":""c247f8784a5849079adb1c1869d6fa5b""}}"
287,287,"45.888842100000005 , 13.697247800000001","45.802500300000005 , 13.784081700000002",urban-rural,mixed,1554,"{""sample_routes"":{""date"":""2026-10-07"",""run_id"":""ee4a8ed5520c43859e904ddfc7d14f6f""},""join_samples"":{""date"":""2026-10-07"",""run_id"":""c247f8784a5849079adb1c1869d6fa5b""}}"
288,288,"46.5546889 , 15.5072568","46.5547741 , 15.799501200000002",urban-urban,mixed,2048,"{""sample_routes"":{""date"":""2026-10-07"",""run_id"":""ee4a8ed5520c43859e904ddfc7d14f6f""},""join_samples"":{""date"":""2026-10-07"",""run_id"":""c247f8784a5849079adb1c1869d6fa5b""}}"
289,289,"46.148785700000005 , 15.2329342","46.1492145 , 15.040369600000002",urban-urban,mixed,1551,"{""sample_routes"":{""date"":""2026-10-07"",""run_id"":""ee4a8ed5520c43859e904ddfc7d14f6f""},""join_samples"":{""date"":""2026-10-07"",""run_id"":""c247f8784a5849079adb1c1869d6fa5b""}}"
290,290,"45.890947100000005 , 13.603632600000001","46.0097523 , 13.72273",urban-rural,mixed,1551,"{""sample_routes"":{""date"":""2026-10-07"",""run_id"":""ee4a8ed5520c43859e904ddfc7d14f6f""},""join_samples"":{""date"":""2026-10-07"",""run_id"":""c247f8784a5849079adb1c1869d6fa5b""}}"
291,291,"45.9268129 , 14.719610500000002","46.066724300000004 , 14.579528600000002",urban-urban,mixed,1549,"{""sample_routes"":{""date"":""2026-10-07"",""run_id"":""ee4a8ed5520c43859e904ddfc7d14f6f""},""join_samples"":{""date"":""2026-10-07"",""run_id"":""c247f8784a5849079adb1c1869d6fa5b""}}"
292,292,"46.517087200000006 , 16.0050175","46.654108 , 15.868092200000001",rural-urban,mixed,2052,"{""sample_routes"":{""date"":""2026-10-07"",""run_id"":""ee4a8ed5520c43859e904ddfc7d14f6f""},""join_samples"":{""date"":""2026-10-07"",""run_id"":""c247f8784a5849079adb1c1869d6fa5b""}}"
293,293,"46.6909563 , 15.670939400000002","46.541569700000004 , 15.522189200000001",urban-urban,mixed,2056,"{""sample_routes"":{""date"":""2026-10-07"",""run_id"":""ee4a8ed5520c43859e904ddfc7d14f6f""},""join_samples"":{""date"":""2026-10-07"",""run_id"":""c247f8784a5849079adb1c1869d6fa5b""}}"
294,294,"46.035881700000004 , 14.6078395","46.254492500000005 , 14.607290800000001",urban-urban,mixed,2057,"{""sample_routes"":{""date"":""2026-10-07"",""run_id"":""ee4a8ed5520c43859e904ddfc7d14f6f""},""join_samples"":{""date"":""2026-10-07"",""run_id"":""c247f8784a5849079adb1c1869d6fa5b""}}"
295,295,"46.369186500000005 , 14.119897100000001","46.4550264 , 14.0334038",urban-urban,mixed,1543,"{""sample_routes"":{""date"":""2026-10-07"",""run_id"":""ee4a8ed5520c43859e904ddfc7d14f6f""},""join_samples"":{""date"":""2026-10-07"",""run_id"":""c247f8784a5849079adb1c1869d6fa5b""}}"
296,296,"46.6495315 , 16.1396257","46.8078742 , 16.139726",urban-urban,mixed,1533,"{""sample_routes"":{""date"":""2026-10-07"",""run_id"":""ee4a8ed5520c43859e904ddfc7d14f6f""},""join_samples"":{""date"":""2026-10-07"",""run_id"":""c247f8784a5849079adb1c1869d6fa5b""}}"
297,297,"46.5265075 , 15.7002269","46.5269794 , 15.8637227",urban-urban,mixed,1532,"{""sample_routes"":{""date"":""2026-10-07"",""run_id"":""ee4a8ed5520c43859e904ddfc7d14f6f""},""join_samples"":{""date"":""2026-10-07"",""run_id"":""c247f8784a5849079adb1c1869d6fa5b""}}"
298,298,"46.1338632 , 14.612511600000001","46.1339776 , 14.513791900000001",urban-urban,mixed,1530,"{""sample_routes"":{""date"":""2026-10-07"",""run_id"":""ee4a8ed5520c43859e904ddfc7d14f6f""},""join_samples"":{""date"":""2026-10-07"",""run_id"":""c247f8784a5849079adb1c1869d6fa5b""}}"
299,299,"45.7763429 , 14.161296100000001","45.7759092 , 14.4072945",urban-urban,mixed,1530,"{""sample_routes"":{""date"":""2026-10-07"",""run_id"":""ee4a8ed5520c43859e904ddfc7d14f6f""},""join_samples"":{""date"":""2026-10-07"",""run_id"":""c247f8784a5849079adb1c1869d6fa5b""}}"
300,300,"45.836003700000006 , 15.2142727","45.969603500000005 , 15.214859800000001",urban-rural,rural,1801,"{""sample_routes"":{""date"":""2026-10-07"",""run_id"":""ee4a8ed5520c43859e904ddfc7d14f6f""},""join_samples"":{""date"":""2026-10-07"",""run_id"":""c247f8784a5849079adb1c1869d6fa5b""}}"
301,301,"46.5908962 , 16.1397014","46.416557100000006 , 16.139343800000002",urban-rural,rural,1807,"{""sample_routes"":{""date"":""2026-10-07"",""run_id"":""ee4a8ed5520c43859e904ddfc7d14f6f""},""join_samples"":{""date"":""2026-10-07"",""run_id"":""c247f8784a5849079adb1c1869d6fa5b""}}"
302,302,"46.1569938 , 15.243393500000002","46.0344062 , 15.2439932",urban-urban,rural,1792,"{""sample_routes"":{""date"":""2026-10-07"",""run_id"":""ee4a8ed5520c43859e904ddfc7d14f6f""},""join_samples"":{""date"":""2026-10-07"",""run_id"":""c247f8784a5849079adb1c1869d6fa5b""}}"
303,303,"45.9467009 , 14.8647232","46.050228000000004 , 14.760960800000001",rural-urban,rural,1790,"{""sample_routes"":{""date"":""2026-10-07"",""run_id"":""ee4a8ed5520c43859e904ddfc7d14f6f""},""join_samples"":{""date"":""2026-10-07"",""run_id"":""c247f8784a5849079adb1c1869d6fa5b""}}"
304,304,"46.0884085 , 14.923534600000002","46.0890525 , 15.186504800000002",rural-urban,rural,1810,"{""sample_routes"":{""date"":""2026-10-07"",""run_id"":""ee4a8ed5520c43859e904ddfc7d14f6f""},""join_samples"":{""date"":""2026-10-07"",""run_id"":""c247f8784a5849079adb1c1869d6fa5b""}}"
305,305,"46.519806300000006 , 16.151103300000003","46.5191706 , 15.885534300000002",urban-urban,rural,1783,"{""sample_routes"":{""date"":""2026-10-07"",""run_id"":""ee4a8ed5520c43859e904ddfc7d14f6f""},""join_samples"":{""date"":""2026-10-07"",""run_id"":""c247f8784a5849079adb1c1869d6fa5b""}}"
306,306,"45.529910300000004 , 13.879611500000001","45.7649716 , 13.879043500000002",rural-urban,rural,1823,"{""sample_routes"":{""date"":""2026-10-07"",""run_id"":""ee4a8ed5520c43859e904ddfc7d14f6f""},""join_samples"":{""date"":""2026-10-07"",""run_id"":""c247f8784a5849079adb1c1869d6fa5b""}}"
307,307,"45.6575324 , 14.172824","45.657511500000005 , 13.963007500000002",rural-rural,rural,1824,"{""sample_routes"":{""date"":""2026-10-07"",""run_id"":""ee4a8ed5520c43859e904ddfc7d14f6f""},""join_samples"":{""date"":""2026-10-07"",""run_id"":""c247f8784a5849079adb1c1869d6fa5b""}}"
308,308,"46.5530576 , 15.6588556","46.668937 , 15.7742818",urban-rural,rural,1774,"{""sample_routes"":{""date"":""2026-10-07"",""run_id"":""ee4a8ed5520c43859e904ddfc7d14f6f""},""join_samples"":{""date"":""2026-10-07"",""run_id"":""c247f8784a5849079adb1c1869d6fa5b""}}"
309,309,"46.1192177 , 15.097385200000002","46.036831600000006 , 15.014576900000002",rural-rural,rural,1832,"{""sample_routes"":{""date"":""2026-10-07"",""run_id"":""ee4a8ed5520c43859e904ddfc7d14f6f""},""join_samples"":{""date"":""2026-10-07"",""run_id"":""c247f8784a5849079adb1c1869d6fa5b""}}"
310,310,"45.9743906 , 13.536087400000001","46.1115501 , 13.6729339",urban-rural,rural,1835,"{""sample_routes"":{""date"":""2026-10-07"",""run_id"":""ee4a8ed5520c43859e904ddfc7d14f6f""},""join_samples"":{""date"":""2026-10-07"",""run_id"":""c247f8784a5849079adb1c1869d6fa5b""}}"
311,311,"46.2818679 , 15.3029629","46.4061454 , 15.1789923",urban-rural,rural,1838,"{""sample_routes"":{""date"":""2026-10-07"",""run_id"":""ee4a8ed5520c43859e904ddfc7d14f6f""},""join_samples"":{""date"":""2026-10-07"",""run_id"":""c247f8784a5849079adb1c1869d6fa5b""}}"
312,312,"46.4128145 , 15.684538400000001","46.227425200000006 , 15.6841387",urban-rural,rural,1850,"{""sample_routes"":{""date"":""2026-10-07"",""run_id"":""ee4a8ed5520c43859e904ddfc7d14f6f""},""join_samples"":{""date"":""2026-10-07"",""run_id"":""c247f8784a5849079adb1c1869d6fa5b""}}"
313,313,"46.27499 , 15.794317000000001","46.405937900000005 , 15.662967900000002",urban-rural,rural,1850,"{""sample_routes"":{""date"":""2026-10-07"",""run_id"":""ee4a8ed5520c43859e904ddfc7d14f6f""},""join_samples"":{""date"":""2026-10-07"",""run_id"":""c247f8784a5849079adb1c1869d6fa5b""}}"
314,314,"46.414268500000006 , 15.808096500000001","46.558402 , 15.808358",rural-urban,rural,1851,"{""sample_routes"":{""date"":""2026-10-07"",""run_id"":""ee4a8ed5520c43859e904ddfc7d14f6f""},""join_samples"":{""date"":""2026-10-07"",""run_id"":""c247f8784a5849079adb1c1869d6fa5b""}}"
315,315,"45.6537534 , 15.2304422","45.748210400000005 , 15.1362529",urban-rural,rural,1747,"{""sample_routes"":{""date"":""2026-10-07"",""run_id"":""ee4a8ed5520c43859e904ddfc7d14f6f""},""join_samples"":{""date"":""2026-10-07"",""run_id"":""c247f8784a5849079adb1c1869d6fa5b""}}"
316,316,"46.086389000000004 , 15.5698062","46.085776700000004 , 15.320922600000001",rural-rural,rural,1854,"{""sample_routes"":{""date"":""2026-10-07"",""run_id"":""ee4a8ed5520c43859e904ddfc7d14f6f""},""join_samples"":{""date"":""2026-10-07"",""run_id"":""c247f8784a5849079adb1c1869d6fa5b""}}"
317,317,"45.739405000000005 , 13.939633","45.493495900000006 , 13.939174300000001",rural-rural,rural,1859,"{""sample_routes"":{""date"":""2026-10-07"",""run_id"":""ee4a8ed5520c43859e904ddfc7d14f6f""},""join_samples"":{""date"":""2026-10-07"",""run_id"":""c247f8784a5849079adb1c1869d6fa5b""}}"
318,318,"45.8411758 , 15.146717","45.841393200000006 , 14.910941300000001",rural-rural,rural,1864,"{""sample_routes"":{""date"":""2026-10-07"",""run_id"":""ee4a8ed5520c43859e904ddfc7d14f6f""},""join_samples"":{""date"":""2026-10-07"",""run_id"":""c247f8784a5849079adb1c1869d6fa5b""}}"
319,319,"46.380317600000005 , 15.495435800000001","46.2565315 , 15.494802400000001",urban-urban,rural,1866,"{""sample_routes"":{""date"":""2026-10-07"",""run_id"":""ee4a8ed5520c43859e904ddfc7d14f6f""},""join_samples"":{""date"":""2026-10-07"",""run_id"":""c247f8784a5849079adb1c1869d6fa5b""}}"
320,320,"46.386915800000004 , 15.113634500000002","46.3871434 , 15.3079607",urban-urban,rural,1731,"{""sample_routes"":{""date"":""2026-10-07"",""run_id"":""ee4a8ed5520c43859e904ddfc7d14f6f""},""join_samples"":{""date"":""2026-10-07"",""run_id"":""c247f8784a5849079adb1c1869d6fa5b""}}"
321,321,"46.054985900000005 , 14.549175400000001","46.2179385 , 14.711665300000002",urban-rural,rural,1729,"{""sample_routes"":{""date"":""2026-10-07"",""run_id"":""ee4a8ed5520c43859e904ddfc7d14f6f""},""join_samples"":{""date"":""2026-10-07"",""run_id"":""c247f8784a5849079adb1c1869d6fa5b""}}"
322,322,"45.758832500000004 , 13.937935300000001","45.8610636 , 13.9385249",rural-rural,rural,1729,"{""sample_routes"":{""date"":""2026-10-07"",""run_id"":""ee4a8ed5520c43859e904ddfc7d14f6f""},""join_samples"":{""date"":""2026-10-07"",""run_id"":""c247f8784a5849079adb1c1869d6fa5b""}}"
323,323,"46.561857700000004 , 15.740203000000001","46.413705 , 15.5919649",urban-urban,rural,1721,"{""sample_routes"":{""date"":""2026-10-07"",""run_id"":""ee4a8ed5520c43859e904ddfc7d14f6f""},""join_samples"":{""date"":""2026-10-07"",""run_id"":""c247f8784a5849079adb1c1869d6fa5b""}}"
324,324,"46.020352800000005 , 15.478077700000002","46.087820300000004 , 15.411163100000001",urban-rural,rural,1882,"{""sample_routes"":{""date"":""2026-10-07"",""run_id"":""ee4a8ed5520c43859e904ddfc7d14f6f""},""join_samples"":{""date"":""2026-10-07"",""run_id"":""c247f8784a5849079adb1c1869d6fa5b""}}"
325,325,"46.4438182 , 14.032187400000002","46.2899977 , 14.031737900000001",rural-rural,rural,1718,"{""sample_routes"":{""date"":""2026-10-07"",""run_id"":""ee4a8ed5520c43859e904ddfc7d14f6f""},""join_samples"":{""date"":""2026-10-07"",""run_id"":""c247f8784a5849079adb1c1869d6fa5b""}}"
326,326,"45.7712736 , 14.198880800000001","45.954432000000004 , 14.1994558",urban-rural,rural,1717,"{""sample_routes"":{""date"":""2026-10-07"",""run_id"":""ee4a8ed5520c43859e904ddfc7d14f6f""},""join_samples"":{""date"":""2026-10-07"",""run_id"":""c247f8784a5849079adb1c1869d6fa5b""}}"
327,327,"46.4672683 , 15.641833400000001","46.6204333 , 15.795596900000001",urban-rural,rural,1888,"{""sample_routes"":{""date"":""2026-10-07"",""run_id"":""ee4a8ed5520c43859e904ddfc7d14f6f""},""join_samples"":{""date"":""2026-10-07"",""run_id"":""c247f8784a5849079adb1c1869d6fa5b""}}"
328,328,"46.1374775 , 13.8218083","46.059272400000005 , 13.9005901",rural-rural,rural,1888,"{""sample_routes"":{""date"":""2026-10-07"",""run_id"":""ee4a8ed5520c43859e904ddfc7d14f6f""},""join_samples"":{""date"":""2026-10-07"",""run_id"":""c247f8784a5849079adb1c1869d6fa5b""}}"
329,329,"46.459841100000006 , 15.6452158","46.4604371 , 15.9748949",urban-rural,rural,1889,"{""sample_routes"":{""date"":""2026-10-07"",""run_id"":""ee4a8ed5520c43859e904ddfc7d14f6f""},""join_samples"":{""date"":""2026-10-07"",""run_id"":""c247f8784a5849079adb1c1869d6fa5b""}}"
330,330,"45.8796424 , 15.6192737","45.879724 , 15.1036163",rural-rural,rural,1889,"{""sample_routes"":{""date"":""2026-10-07"",""run_id"":""ee4a8ed5520c43859e904ddfc7d14f6f""},""join_samples"":{""date"":""2026-10-07"",""run_id"":""c247f8784a5849079adb1c1869d6fa5b""}}"
331,331,"46.287201100000004 , 15.390561000000002","46.402074500000005 , 15.390113000000001",urban-urban,rural,1890,"{""sample_routes"":{""date"":""2026-10-07"",""run_id"":""ee4a8ed5520c43859e904ddfc7d14f6f""},""join_samples"":{""date"":""2026-10-07"",""run_id"":""c247f8784a5849079adb1c1869d6fa5b""}}"
332,332,"45.873247400000004 , 15.241399900000001","45.7052652 , 15.2420331",urban-urban,rural,1890,"{""sample_routes"":{""date"":""2026-10-07"",""run_id"":""ee4a8ed5520c43859e904ddfc7d14f6f""},""join_samples"":{""date"":""2026-10-07"",""run_id"":""c247f8784a5849079adb1c1869d6fa5b""}}"
333,333,"46.173009300000004 , 14.482171800000001","46.3436655 , 14.482399200000001",urban-rural,rural,1709,"{""sample_routes"":{""date"":""2026-10-07"",""run_id"":""ee4a8ed5520c43859e904ddfc7d14f6f""},""join_samples"":{""date"":""2026-10-07"",""run_id"":""c247f8784a5849079adb1c1869d6fa5b""}}"
334,334,"46.078529700000004 , 13.9920659","46.077898100000006 , 13.861619000000001",rural-rural,rural,1706,"{""sample_routes"":{""date"":""2026-10-07"",""run_id"":""ee4a8ed5520c43859e904ddfc7d14f6f""},""join_samples"":{""date"":""2026-10-07"",""run_id"":""c247f8784a5849079adb1c1869d6fa5b""}}"
335,335,"46.51091 , 15.701325800000001","46.3197314 , 15.509943600000001",urban-rural,rural,1705,"{""sample_routes"":{""date"":""2026-10-07"",""run_id"":""ee4a8ed5520c43859e904ddfc7d14f6f""},""join_samples"":{""date"":""2026-10-07"",""run_id"":""c247f8784a5849079adb1c1869d6fa5b""}}"
336,336,"46.5839652 , 15.945653900000002","46.5838988 , 15.6152814",rural-urban,rural,1897,"{""sample_routes"":{""date"":""2026-10-07"",""run_id"":""ee4a8ed5520c43859e904ddfc7d14f6f""},""join_samples"":{""date"":""2026-10-07"",""run_id"":""c247f8784a5849079adb1c1869d6fa5b""}}"
337,337,"46.2677168 , 15.5503654","46.3847893 , 15.432766500000001",urban-urban,rural,1903,"{""sample_routes"":{""date"":""2026-10-07"",""run_id"":""ee4a8ed5520c43859e904ddfc7d14f6f""},""join_samples"":{""date"":""2026-10-07"",""run_id"":""c247f8784a5849079adb1c1869d6fa5b""}}"
338,338,"46.231612500000004 , 14.3469207","46.0036891 , 14.3472021",urban-urban,rural,1905,"{""sample_routes"":{""date"":""2026-10-07"",""run_id"":""ee4a8ed5520c43859e904ddfc7d14f6f""},""join_samples"":{""date"":""2026-10-07"",""run_id"":""c247f8784a5849079adb1c1869d6fa5b""}}"
339,339,"45.6515773 , 15.290767800000001","45.7844667 , 15.158008700000002",urban-urban,rural,1906,"{""sample_routes"":{""date"":""2026-10-07"",""run_id"":""ee4a8ed5520c43859e904ddfc7d14f6f""},""join_samples"":{""date"":""2026-10-07"",""run_id"":""c247f8784a5849079adb1c1869d6fa5b""}}"
340,340,"46.213635100000005 , 14.610541000000001","45.9811423 , 14.610237900000001",urban-urban,rural,1684,"{""sample_routes"":{""date"":""2026-10-07"",""run_id"":""ee4a8ed5520c43859e904ddfc7d14f6f""},""join_samples"":{""date"":""2026-10-07"",""run_id"":""c247f8784a5849079adb1c1869d6fa5b""}}"
341,341,"46.3534741 , 15.105954400000002","46.4941261 , 15.105419000000001",rural-urban,rural,1682,"{""sample_routes"":{""date"":""2026-10-07"",""run_id"":""ee4a8ed5520c43859e904ddfc7d14f6f""},""join_samples"":{""date"":""2026-10-07"",""run_id"":""c247f8784a5849079adb1c1869d6fa5b""}}"
342,342,"46.1924894 , 15.428203000000002","46.3698962 , 15.4288334",rural-rural,rural,1678,"{""sample_routes"":{""date"":""2026-10-07"",""run_id"":""ee4a8ed5520c43859e904ddfc7d14f6f""},""join_samples"":{""date"":""2026-10-07"",""run_id"":""c247f8784a5849079adb1c1869d6fa5b""}}"
343,343,"46.0305921 , 15.3899074","45.8680405 , 15.390336800000002",rural-rural,rural,1925,"{""sample_routes"":{""date"":""2026-10-07"",""run_id"":""ee4a8ed5520c43859e904ddfc7d14f6f""},""join_samples"":{""date"":""2026-10-07"",""run_id"":""c247f8784a5849079adb1c1869d6fa5b""}}"
344,344,"46.2092545 , 13.6708131","46.33326 , 13.5473791",urban-urban,rural,1930,"{""sample_routes"":{""date"":""2026-10-07"",""run_id"":""ee4a8ed5520c43859e904ddfc7d14f6f""},""join_samples"":{""date"":""2026-10-07"",""run_id"":""c247f8784a5849079adb1c1869d6fa5b""}}"
345,345,"45.8793876 , 14.836892","45.971541900000005 , 14.9292022",urban-urban,rural,1659,"{""sample_routes"":{""date"":""2026-10-07"",""run_id"":""ee4a8ed5520c43859e904ddfc7d14f6f""},""join_samples"":{""date"":""2026-10-07"",""run_id"":""c247f8784a5849079adb1c1869d6fa5b""}}"
346,346,"46.415185400000006 , 14.0026354","46.4686381 , 13.9495096",rural-urban,rural,1656,"{""sample_routes"":{""date"":""2026-10-07"",""run_id"":""ee4a8ed5520c43859e904ddfc7d14f6f""},""join_samples"":{""date"":""2026-10-07"",""run_id"":""c247f8784a5849079adb1c1869d6fa5b""}}"
347,347,"45.544622000000004 , 13.738801800000001","45.545098200000005 , 14.106940100000001",urban-urban,rural,1945,"{""sample_routes"":{""date"":""2026-10-07"",""run_id"":""ee4a8ed5520c43859e904ddfc7d14f6f""},""join_samples"":{""date"":""2026-10-07"",""run_id"":""c247f8784a5849079adb1c1869d6fa5b""}}"
348,348,"46.099400800000005 , 15.353123100000001","45.989331400000005 , 15.242509600000002",rural-rural,rural,1947,"{""sample_routes"":{""date"":""2026-10-07"",""run_id"":""ee4a8ed5520c43859e904ddfc7d14f6f""},""join_samples"":{""date"":""2026-10-07"",""run_id"":""c247f8784a5849079adb1c1869d6fa5b""}}"
349,349,"45.965535200000005 , 15.48877","46.092860900000005 , 15.6162971",rural-rural,rural,1954,"{""sample_routes"":{""date"":""2026-10-07"",""run_id"":""ee4a8ed5520c43859e904ddfc7d14f6f""},""join_samples"":{""date"":""2026-10-07"",""run_id"":""c247f8784a5849079adb1c1869d6fa5b""}}"
350,350,"46.298426400000004 , 15.263105000000001","46.2983532 , 15.027997300000001",rural-urban,rural,1643,"{""sample_routes"":{""date"":""2026-10-07"",""run_id"":""ee4a8ed5520c43859e904ddfc7d14f6f""},""join_samples"":{""date"":""2026-10-07"",""run_id"":""c247f8784a5849079adb1c1869d6fa5b""}}"
351,351,"45.5167062 , 13.746873500000001","45.7817067 , 14.0119561",urban-rural,rural,1959,"{""sample_routes"":{""date"":""2026-10-07"",""run_id"":""ee4a8ed5520c43859e904ddfc7d14f6f""},""join_samples"":{""date"":""2026-10-07"",""run_id"":""c247f8784a5849079adb1c1869d6fa5b""}}"
352,352,"45.6652987 , 14.124432","45.788112700000006 , 14.001023400000001",urban-rural,rural,1959,"{""sample_routes"":{""date"":""2026-10-07"",""run_id"":""ee4a8ed5520c43859e904ddfc7d14f6f""},""join_samples"":{""date"":""2026-10-07"",""run_id"":""c247f8784a5849079adb1c1869d6fa5b""}}"
353,353,"46.1158828 , 14.955416000000001","46.000840000000004 , 14.8409776",urban-urban,rural,1960,"{""sample_routes"":{""date"":""2026-10-07"",""run_id"":""ee4a8ed5520c43859e904ddfc7d14f6f""},""join_samples"":{""date"":""2026-10-07"",""run_id"":""c247f8784a5849079adb1c1869d6fa5b""}}"
354,354,"46.4875605 , 15.5273344","46.369072900000006 , 15.526728100000001",rural-rural,rural,1963,"{""sample_routes"":{""date"":""2026-10-07"",""run_id"":""ee4a8ed5520c43859e904ddfc7d14f6f""},""join_samples"":{""date"":""2026-10-07"",""run_id"":""c247f8784a5849079adb1c1869d6fa5b""}}"
355,355,"46.2544551 , 15.155535500000001","46.395230500000004 , 15.2964704",urban-rural,rural,1966,"{""sample_routes"":{""date"":""2026-10-07"",""run_id"":""ee4a8ed5520c43859e904ddfc7d14f6f""},""join_samples"":{""date"":""2026-10-07"",""run_id"":""c247f8784a5849079adb1c1869d6fa5b""}}"
356,356,"46.144237700000005 , 14.599895300000002","45.889954 , 14.600507",urban-rural,rural,1967,"{""sample_routes"":{""date"":""2026-10-07"",""run_id"":""ee4a8ed5520c43859e904ddfc7d14f6f""},""join_samples"":{""date"":""2026-10-07"",""run_id"":""c247f8784a5849079adb1c1869d6fa5b""}}"
357,357,"45.905036700000004 , 14.593515100000001","46.101352000000006 , 14.594065200000001",urban-rural,rural,1967,"{""sample_routes"":{""date"":""2026-10-07"",""run_id"":""ee4a8ed5520c43859e904ddfc7d14f6f""},""join_samples"":{""date"":""2026-10-07"",""run_id"":""c247f8784a5849079adb1c1869d6fa5b""}}"
358,358,"45.923239800000005 , 14.9383361","45.798676900000004 , 14.8132754",rural-rural,rural,1968,"{""sample_routes"":{""date"":""2026-10-07"",""run_id"":""ee4a8ed5520c43859e904ddfc7d14f6f""},""join_samples"":{""date"":""2026-10-07"",""run_id"":""c247f8784a5849079adb1c1869d6fa5b""}}"
359,359,"46.2476636 , 14.192676","46.247208500000006 , 14.0057457",rural-rural,rural,1630,"{""sample_routes"":{""date"":""2026-10-07"",""run_id"":""ee4a8ed5520c43859e904ddfc7d14f6f""},""join_samples"":{""date"":""2026-10-07"",""run_id"":""c247f8784a5849079adb1c1869d6fa5b""}}"
360,360,"45.5111049 , 13.9018417","45.7759827 , 14.166802500000001",urban-rural,rural,1975,"{""sample_routes"":{""date"":""2026-10-07"",""run_id"":""ee4a8ed5520c43859e904ddfc7d14f6f""},""join_samples"":{""date"":""2026-10-07"",""run_id"":""c247f8784a5849079adb1c1869d6fa5b""}}"
361,361,"46.497265500000005 , 15.895728100000001","46.369766600000005 , 16.023712",rural-rural,rural,1625,"{""sample_routes"":{""date"":""2026-10-07"",""run_id"":""ee4a8ed5520c43859e904ddfc7d14f6f""},""join_samples"":{""date"":""2026-10-07"",""run_id"":""c247f8784a5849079adb1c1869d6fa5b""}}"
362,362,"46.555222300000004 , 15.887780800000002","46.4576724 , 15.7908076",rural-urban,rural,1977,"{""sample_routes"":{""date"":""2026-10-07"",""run_id"":""ee4a8ed5520c43859e904ddfc7d14f6f""},""join_samples"":{""date"":""2026-10-07"",""run_id"":""c247f8784a5849079adb1c1869d6fa5b""}}"
363,363,"46.0340688 , 14.918170600000002","46.145719400000004 , 14.805953800000001",rural-urban,rural,1979,"{""sample_routes"":{""date"":""2026-10-07"",""run_id"":""ee4a8ed5520c43859e904ddfc7d14f6f""},""join_samples"":{""date"":""2026-10-07"",""run_id"":""c247f8784a5849079adb1c1869d6fa5b""}}"
364,364,"46.5938024 , 15.8413833","46.594137 , 16.2006373",urban-urban,rural,1981,"{""sample_routes"":{""date"":""2026-10-07"",""run_id"":""ee4a8ed5520c43859e904ddfc7d14f6f""},""join_samples"":{""date"":""2026-10-07"",""run_id"":""c247f8784a5849079adb1c1869d6fa5b""}}"
365,365,"45.998462 , 14.517254300000001","46.2456234 , 14.5166383",urban-urban,rural,1981,"{""sample_routes"":{""date"":""2026-10-07"",""run_id"":""ee4a8ed5520c43859e904ddfc7d14f6f""},""join_samples"":{""date"":""2026-10-07"",""run_id"":""c247f8784a5849079adb1c1869d6fa5b""}}"
366,366,"46.219829700000005 , 14.028027300000002","46.2951564 , 13.952645500000001",urban-rural,rural,1616,"{""sample_routes"":{""date"":""2026-10-07"",""run_id"":""ee4a8ed5520c43859e904ddfc7d14f6f""},""join_samples"":{""date"":""2026-10-07"",""run_id"":""c247f8784a5849079adb1c1869d6fa5b""}}"
367,367,"46.003339600000004 , 14.0182248","45.876046300000006 , 14.1461552",urban-rural,rural,1988,"{""sample_routes"":{""date"":""2026-10-07"",""run_id"":""ee4a8ed5520c43859e904ddfc7d14f6f""},""join_samples"":{""date"":""2026-10-07"",""run_id"":""c247f8784a5849079adb1c1869d6fa5b""}}"
368,368,"46.3979784 , 15.076529200000001","46.5350976 , 15.0769385",urban-urban,rural,1989,"{""sample_routes"":{""date"":""2026-10-07"",""run_id"":""ee4a8ed5520c43859e904ddfc7d14f6f""},""join_samples"":{""date"":""2026-10-07"",""run_id"":""c247f8784a5849079adb1c1869d6fa5b""}}"
369,369,"46.3373088 , 15.040735000000002","46.4193622 , 15.1222864",rural-rural,rural,1605,"{""sample_routes"":{""date"":""2026-10-07"",""run_id"":""ee4a8ed5520c43859e904ddfc7d14f6f""},""join_samples"":{""date"":""2026-10-07"",""run_id"":""c247f8784a5849079adb1c1869d6fa5b""}}"
370,370,"46.4522172 , 16.0751706","46.452329000000006 , 15.892717900000001",urban-urban,rural,1605,"{""sample_routes"":{""date"":""2026-10-07"",""run_id"":""ee4a8ed5520c43859e904ddfc7d14f6f""},""join_samples"":{""date"":""2026-10-07"",""run_id"":""c247f8784a5849079adb1c1869d6fa5b""}}"
371,371,"46.2552242 , 15.5626209","46.2547118 , 15.2902432",urban-urban,rural,2005,"{""sample_routes"":{""date"":""2026-10-07"",""run_id"":""ee4a8ed5520c43859e904ddfc7d14f6f""},""join_samples"":{""date"":""2026-10-07"",""run_id"":""c247f8784a5849079adb1c1869d6fa5b""}}"
372,372,"45.889811 , 13.825436000000002","45.7232901 , 13.8248508",rural-rural,rural,2009,"{""sample_routes"":{""date"":""2026-10-07"",""run_id"":""ee4a8ed5520c43859e904ddfc7d14f6f""},""join_samples"":{""date"":""2026-10-07"",""run_id"":""c247f8784a5849079adb1c1869d6fa5b""}}"
373,373,"46.3016671 , 14.302048600000001","46.3021304 , 14.0448076",urban-rural,rural,1589,"{""sample_routes"":{""date"":""2026-10-07"",""run_id"":""ee4a8ed5520c43859e904ddfc7d14f6f""},""join_samples"":{""date"":""2026-10-07"",""run_id"":""c247f8784a5849079adb1c1869d6fa5b""}}"
374,374,"46.356345700000006 , 15.752550300000001","46.245476200000006 , 15.6410715",rural-urban,rural,1587,"{""sample_routes"":{""date"":""2026-10-07"",""run_id"":""ee4a8ed5520c43859e904ddfc7d14f6f""},""join_samples"":{""date"":""2026-10-07"",""run_id"":""c247f8784a5849079adb1c1869d6fa5b""}}"
375,375,"46.520659300000005 , 15.6500371","46.2937025 , 15.422508700000002",urban-urban,rural,2017,"{""sample_routes"":{""date"":""2026-10-07"",""run_id"":""ee4a8ed5520c43859e904ddfc7d14f6f""},""join_samples"":{""date"":""2026-10-07"",""run_id"":""c247f8784a5849079adb1c1869d6fa5b""}}"
376,376,"46.786038600000005 , 16.1650436","46.580884600000005 , 15.959892700000001",urban-urban,rural,2020,"{""sample_routes"":{""date"":""2026-10-07"",""run_id"":""ee4a8ed5520c43859e904ddfc7d14f6f""},""join_samples"":{""date"":""2026-10-07"",""run_id"":""c247f8784a5849079adb1c1869d6fa5b""}}"
377,377,"46.1801241 , 14.412919500000001","46.3779704 , 14.2147964",urban-rural,rural,2021,"{""sample_routes"":{""date"":""2026-10-07"",""run_id"":""ee4a8ed5520c43859e904ddfc7d14f6f""},""join_samples"":{""date"":""2026-10-07"",""run_id"":""c247f8784a5849079adb1c1869d6fa5b""}}"
378,378,"46.1611903 , 13.828751800000001","46.045032500000005 , 13.713134100000001",urban-urban,rural,2023,"{""sample_routes"":{""date"":""2026-10-07"",""run_id"":""ee4a8ed5520c43859e904ddfc7d14f6f""},""join_samples"":{""date"":""2026-10-07"",""run_id"":""c247f8784a5849079adb1c1869d6fa5b""}}"
379,379,"46.277389500000005 , 15.402468800000001","46.3839696 , 15.4027706",urban-urban,rural,1577,"{""sample_routes"":{""date"":""2026-10-07"",""run_id"":""ee4a8ed5520c43859e904ddfc7d14f6f""},""join_samples"":{""date"":""2026-10-07"",""run_id"":""c247f8784a5849079adb1c1869d6fa5b""}}"
380,380,"46.344407200000006 , 15.1469196","46.3443138 , 15.424063",urban-urban,rural,2030,"{""sample_routes"":{""date"":""2026-10-07"",""run_id"":""ee4a8ed5520c43859e904ddfc7d14f6f""},""join_samples"":{""date"":""2026-10-07"",""run_id"":""c247f8784a5849079adb1c1869d6fa5b""}}"
381,381,"46.134944000000004 , 15.263061","46.1345516 , 15.454842200000002",urban-rural,rural,2034,"{""sample_routes"":{""date"":""2026-10-07"",""run_id"":""ee4a8ed5520c43859e904ddfc7d14f6f""},""join_samples"":{""date"":""2026-10-07"",""run_id"":""c247f8784a5849079adb1c1869d6fa5b""}}"
382,382,"46.283454400000004 , 15.5535262","46.2833746 , 15.335072700000001",urban-urban,rural,2035,"{""sample_routes"":{""date"":""2026-10-07"",""run_id"":""ee4a8ed5520c43859e904ddfc7d14f6f""},""join_samples"":{""date"":""2026-10-07"",""run_id"":""c247f8784a5849079adb1c1869d6fa5b""}}"
383,383,"45.928770500000006 , 15.1468474","46.0473579 , 15.2653154",rural-rural,rural,1564,"{""sample_routes"":{""date"":""2026-10-07"",""run_id"":""ee4a8ed5520c43859e904ddfc7d14f6f""},""join_samples"":{""date"":""2026-10-07"",""run_id"":""c247f8784a5849079adb1c1869d6fa5b""}}"
384,384,"45.9637782 , 14.739108000000002","46.079705600000004 , 14.7385424",urban-urban,rural,2038,"{""sample_routes"":{""date"":""2026-10-07"",""run_id"":""ee4a8ed5520c43859e904ddfc7d14f6f""},""join_samples"":{""date"":""2026-10-07"",""run_id"":""c247f8784a5849079adb1c1869d6fa5b""}}"
385,385,"46.0621645 , 14.572074700000002","46.061984 , 14.8520237",urban-urban,rural,2040,"{""sample_routes"":{""date"":""2026-10-07"",""run_id"":""ee4a8ed5520c43859e904ddfc7d14f6f""},""join_samples"":{""date"":""2026-10-07"",""run_id"":""c247f8784a5849079adb1c1869d6fa5b""}}"
386,386,"46.0558738 , 14.575458000000001","46.2712483 , 14.3597231",urban-urban,rural,2041,"{""sample_routes"":{""date"":""2026-10-07"",""run_id"":""ee4a8ed5520c43859e904ddfc7d14f6f""},""join_samples"":{""date"":""2026-10-07"",""run_id"":""c247f8784a5849079adb1c1869d6fa5b""}}"
387,387,"45.9633954 , 15.5073275","45.9629661 , 15.1952505",urban-urban,rural,2042,"{""sample_routes"":{""date"":""2026-10-07"",""run_id"":""ee4a8ed5520c43859e904ddfc7d14f6f""},""join_samples"":{""date"":""2026-10-07"",""run_id"":""c247f8784a5849079adb1c1869d6fa5b""}}"
388,388,"46.5587145 , 15.6639736","46.309439600000005 , 15.414205200000001",urban-rural,rural,2042,"{""sample_routes"":{""date"":""2026-10-07"",""run_id"":""ee4a8ed5520c43859e904ddfc7d14f6f""},""join_samples"":{""date"":""2026-10-07"",""run_id"":""c247f8784a5849079adb1c1869d6fa5b""}}"
389,389,"45.920166300000005 , 14.607522000000001","45.7878284 , 14.474774",rural-urban,rural,2047,"{""sample_routes"":{""date"":""2026-10-07"",""run_id"":""ee4a8ed5520c43859e904ddfc7d14f6f""},""join_samples"":{""date"":""2026-10-07"",""run_id"":""c247f8784a5849079adb1c1869d6fa5b""}}"
390,390,"46.2262209 , 15.186711","46.0679377 , 15.187266500000002",rural-urban,rural,2048,"{""sample_routes"":{""date"":""2026-10-07"",""run_id"":""ee4a8ed5520c43859e904ddfc7d14f6f""},""join_samples"":{""date"":""2026-10-07"",""run_id"":""c247f8784a5849079adb1c1869d6fa5b""}}"
391,391,"45.8971225 , 14.939295300000001","45.7822289 , 14.938865700000001",urban-rural,rural,1546,"{""sample_routes"":{""date"":""2026-10-07"",""run_id"":""ee4a8ed5520c43859e904ddfc7d14f6f""},""join_samples"":{""date"":""2026-10-07"",""run_id"":""c247f8784a5849079adb1c1869d6fa5b""}}"
392,392,"45.775057800000006 , 14.218267800000001","45.919788700000005 , 14.3624357",urban-urban,rural,2054,"{""sample_routes"":{""date"":""2026-10-07"",""run_id"":""ee4a8ed5520c43859e904ddfc7d14f6f""},""join_samples"":{""date"":""2026-10-07"",""run_id"":""c247f8784a5849079adb1c1869d6fa5b""}}"
393,393,"45.794838000000006 , 14.687789500000001","45.6951532 , 14.5882769",rural-urban,rural,1546,"{""sample_routes"":{""date"":""2026-10-07"",""run_id"":""ee4a8ed5520c43859e904ddfc7d14f6f""},""join_samples"":{""date"":""2026-10-07"",""run_id"":""c247f8784a5849079adb1c1869d6fa5b""}}"
394,394,"46.100692800000004 , 14.521314400000001","46.342592200000006 , 14.2797353",urban-urban,rural,2056,"{""sample_routes"":{""date"":""2026-10-07"",""run_id"":""ee4a8ed5520c43859e904ddfc7d14f6f""},""join_samples"":{""date"":""2026-10-07"",""run_id"":""c247f8784a5849079adb1c1869d6fa5b""}}"
395,395,"46.2605665 , 14.601011900000001","46.3838839 , 14.7243332",urban-rural,rural,2057,"{""sample_routes"":{""date"":""2026-10-07"",""run_id"":""ee4a8ed5520c43859e904ddfc7d14f6f""},""join_samples"":{""date"":""2026-10-07"",""run_id"":""c247f8784a5849079adb1c1869d6fa5b""}}"
396,396,"46.0514184 , 14.8621359","45.909418 , 15.004642700000002",urban-urban,rural,2058,"{""sample_routes"":{""date"":""2026-10-07"",""run_id"":""ee4a8ed5520c43859e904ddfc7d14f6f""},""join_samples"":{""date"":""2026-10-07"",""run_id"":""c247f8784a5849079adb1c1869d6fa5b""}}"
397,397,"45.5499777 , 15.140448000000001","45.691811 , 15.1402216",rural-rural,rural,1541,"{""sample_routes"":{""date"":""2026-10-07"",""run_id"":""ee4a8ed5520c43859e904ddfc7d14f6f""},""join_samples"":{""date"":""2026-10-07"",""run_id"":""c247f8784a5849079adb1c1869d6fa5b""}}"
398,398,"45.9018559 , 15.018724100000002","45.9014542 , 14.7610524",rural-rural,rural,1539,"{""sample_routes"":{""date"":""2026-10-07"",""run_id"":""ee4a8ed5520c43859e904ddfc7d14f6f""},""join_samples"":{""date"":""2026-10-07"",""run_id"":""c247f8784a5849079adb1c1869d6fa5b""}}"
399,399,"46.328788800000005 , 14.230227000000001","46.0610688 , 14.498352800000001",urban-urban,rural,2062,"{""sample_routes"":{""date"":""2026-10-07"",""run_id"":""ee4a8ed5520c43859e904ddfc7d14f6f""},""join_samples"":{""date"":""2026-10-07"",""run_id"":""c247f8784a5849079adb1c1869d6fa5b""}}"
400,0,"46.5317207 , 15.6459738","46.5319963 , 15.771065",urban-urban,urban,1202,"{""sample_routes"":{""date"":""2026-10-07"",""run_id"":""ee4a8ed5520c43859e904ddfc7d14f6f""},""join_samples"":{""date"":""2026-10-07"",""run_id"":""c247f8784a5849079adb1c1869d6fa5b""}}"
401,1,"46.1759244 , 14.2900433","46.249581400000004 , 14.3640658",urban-urban,urban,1198,"{""sample_routes"":{""date"":""2026-10-07"",""run_id"":""ee4a8ed5520c43859e904ddfc7d14f6f""},""join_samples"":{""date"":""2026-10-07"",""run_id"":""c247f8784a5849079adb1c1869d6fa5b""}}"
402,2,"46.023354000000005 , 14.5154505","46.1069164 , 14.515814200000001",urban-rural,urban,1198,"{""sample_routes"":{""date"":""2026-10-07"",""run_id"":""ee4a8ed5520c43859e904ddfc7d14f6f""},""join_samples"":{""date"":""2026-10-07"",""run_id"":""c247f8784a5849079adb1c1869d6fa5b""}}"
403,3,"46.451660100000005 , 15.9174769","46.451831500000004 , 15.7931629",urban-urban,urban,1197,"{""sample_routes"":{""date"":""2026-10-07"",""run_id"":""ee4a8ed5520c43859e904ddfc7d14f6f""},""join_samples"":{""date"":""2026-10-07"",""run_id"":""c247f8784a5849079adb1c1869d6fa5b""}}"
404,4,"46.1202394 , 14.014561400000002","46.1204194 , 14.109126100000001",urban-urban,urban,1204,"{""sample_routes"":{""date"":""2026-10-07"",""run_id"":""ee4a8ed5520c43859e904ddfc7d14f6f""},""join_samples"":{""date"":""2026-10-07"",""run_id"":""c247f8784a5849079adb1c1869d6fa5b""}}"
405,5,"45.9888039 , 14.5714293","46.0453398 , 14.514761700000001",urban-urban,urban,1194,"{""sample_routes"":{""date"":""2026-10-07"",""run_id"":""ee4a8ed5520c43859e904ddfc7d14f6f""},""join_samples"":{""date"":""2026-10-07"",""run_id"":""c247f8784a5849079adb1c1869d6fa5b""}}"
406,6,"46.1733215 , 14.2902283","46.2443645 , 14.3614116",urban-urban,urban,1207,"{""sample_routes"":{""date"":""2026-10-07"",""run_id"":""ee4a8ed5520c43859e904ddfc7d14f6f""},""join_samples"":{""date"":""2026-10-07"",""run_id"":""c247f8784a5849079adb1c1869d6fa5b""}}"
407,7,"46.4536505 , 15.795773500000001","46.4534017 , 15.913241600000001",urban-urban,urban,1207,"{""sample_routes"":{""date"":""2026-10-07"",""run_id"":""ee4a8ed5520c43859e904ddfc7d14f6f""},""join_samples"":{""date"":""2026-10-07"",""run_id"":""c247f8784a5849079adb1c1869d6fa5b""}}"
408,8,"46.1737915 , 14.2920768","46.2509832 , 14.369635700000002",urban-urban,urban,1208,"{""sample_routes"":{""date"":""2026-10-07"",""run_id"":""ee4a8ed5520c43859e904ddfc7d14f6f""},""join_samples"":{""date"":""2026-10-07"",""run_id"":""c247f8784a5849079adb1c1869d6fa5b""}}"
409,9,"46.2261061 , 15.1001407","46.169592800000004 , 15.043357",urban-urban,urban,1209,"{""sample_routes"":{""date"":""2026-10-07"",""run_id"":""ee4a8ed5520c43859e904ddfc7d14f6f""},""join_samples"":{""date"":""2026-10-07"",""run_id"":""c247f8784a5849079adb1c1869d6fa5b""}}"
410,10,"46.5325143 , 15.4938494","46.5324207 , 15.645421500000001",urban-urban,urban,1211,"{""sample_routes"":{""date"":""2026-10-07"",""run_id"":""ee4a8ed5520c43859e904ddfc7d14f6f""},""join_samples"":{""date"":""2026-10-07"",""run_id"":""c247f8784a5849079adb1c1869d6fa5b""}}"
411,11,"46.5404885 , 15.590291200000001","46.540403700000006 , 15.4356559",urban-rural,urban,1211,"{""sample_routes"":{""date"":""2026-10-07"",""run_id"":""ee4a8ed5520c43859e904ddfc7d14f6f""},""join_samples"":{""date"":""2026-10-07"",""run_id"":""c247f8784a5849079adb1c1869d6fa5b""}}"
412,12,"46.173753100000006 , 14.291998600000001","46.2509832 , 14.369635700000002",urban-urban,urban,1211,"{""sample_routes"":{""date"":""2026-10-07"",""run_id"":""ee4a8ed5520c43859e904ddfc7d14f6f""},""join_samples"":{""date"":""2026-10-07"",""run_id"":""c247f8784a5849079adb1c1869d6fa5b""}}"
413,13,"46.450910400000005 , 15.789025","46.451321400000005 , 15.9176213",urban-urban,urban,1188,"{""sample_routes"":{""date"":""2026-10-07"",""run_id"":""ee4a8ed5520c43859e904ddfc7d14f6f""},""join_samples"":{""date"":""2026-10-07"",""run_id"":""c247f8784a5849079adb1c1869d6fa5b""}}"
414,14,"46.503928200000004 , 15.700703400000002","46.5880993 , 15.6167619",urban-urban,urban,1188,"{""sample_routes"":{""date"":""2026-10-07"",""run_id"":""ee4a8ed5520c43859e904ddfc7d14f6f""},""join_samples"":{""date"":""2026-10-07"",""run_id"":""c247f8784a5849079adb1c1869d6fa5b""}}"
415,15,"46.1753755 , 14.289487800000002","46.2496383 , 14.3635984",urban-urban,urban,1186,"{""sample_routes"":{""date"":""2026-10-07"",""run_id"":""ee4a8ed5520c43859e904ddfc7d14f6f""},""join_samples"":{""date"":""2026-10-07"",""run_id"":""c247f8784a5849079adb1c1869d6fa5b""}}"
416,16,"46.0848692 , 14.5105251","46.1374441 , 14.4583341",urban-urban,urban,1214,"{""sample_routes"":{""date"":""2026-10-07"",""run_id"":""ee4a8ed5520c43859e904ddfc7d14f6f""},""join_samples"":{""date"":""2026-10-07"",""run_id"":""c247f8784a5849079adb1c1869d6fa5b""}}"
417,17,"46.561613200000004 , 15.624164","46.482091000000004 , 15.624071800000001",urban-urban,urban,1215,"{""sample_routes"":{""date"":""2026-10-07"",""run_id"":""ee4a8ed5520c43859e904ddfc7d14f6f""},""join_samples"":{""date"":""2026-10-07"",""run_id"":""c247f8784a5849079adb1c1869d6fa5b""}}"
418,18,"46.052119100000006 , 14.4127325","45.9627776 , 14.4126083",urban-urban,urban,1215,"{""sample_routes"":{""date"":""2026-10-07"",""run_id"":""ee4a8ed5520c43859e904ddfc7d14f6f""},""join_samples"":{""date"":""2026-10-07"",""run_id"":""c247f8784a5849079adb1c1869d6fa5b""}}"
419,19,"46.059964400000005 , 14.529398100000002","45.993805800000004 , 14.4628294",urban-rural,urban,1185,"{""sample_routes"":{""date"":""2026-10-07"",""run_id"":""ee4a8ed5520c43859e904ddfc7d14f6f""},""join_samples"":{""date"":""2026-10-07"",""run_id"":""c247f8784a5849079adb1c1869d6fa5b""}}"
420,20,"46.0541926 , 14.4158013","45.9629022 , 14.4160216",urban-rural,urban,1217,"{""sample_routes"":{""date"":""2026-10-07"",""run_id"":""ee4a8ed5520c43859e904ddfc7d14f6f""},""join_samples"":{""date"":""2026-10-07"",""run_id"":""c247f8784a5849079adb1c1869d6fa5b""}}"
421,21,"46.4110686 , 15.5046698","46.4112469 , 15.586106200000001",urban-urban,urban,1180,"{""sample_routes"":{""date"":""2026-10-07"",""run_id"":""ee4a8ed5520c43859e904ddfc7d14f6f""},""join_samples"":{""date"":""2026-10-07"",""run_id"":""c247f8784a5849079adb1c1869d6fa5b""}}"
422,22,"46.5437182 , 15.698567","46.5433261 , 15.5817919",urban-urban,urban,1179,"{""sample_routes"":{""date"":""2026-10-07"",""run_id"":""ee4a8ed5520c43859e904ddfc7d14f6f""},""join_samples"":{""date"":""2026-10-07"",""run_id"":""c247f8784a5849079adb1c1869d6fa5b""}}"
423,23,"46.0251121 , 14.513311300000002","46.110283700000004 , 14.512881",urban-rural,urban,1225,"{""sample_routes"":{""date"":""2026-10-07"",""run_id"":""ee4a8ed5520c43859e904ddfc7d14f6f""},""join_samples"":{""date"":""2026-10-07"",""run_id"":""c247f8784a5849079adb1c1869d6fa5b""}}"
424,24,"46.560684800000004 , 15.6069399","46.4910555 , 15.606879300000001",urban-urban,urban,1175,"{""sample_routes"":{""date"":""2026-10-07"",""run_id"":""ee4a8ed5520c43859e904ddfc7d14f6f""},""join_samples"":{""date"":""2026-10-07"",""run_id"":""c247f8784a5849079adb1c1869d6fa5b""}}"
425,25,"46.1201719 , 14.4724196","46.195211500000006 , 14.397436",urban-urban,urban,1174,"{""sample_routes"":{""date"":""2026-10-07"",""run_id"":""ee4a8ed5520c43859e904ddfc7d14f6f""},""join_samples"":{""date"":""2026-10-07"",""run_id"":""c247f8784a5849079adb1c1869d6fa5b""}}"
426,26,"46.1375711 , 14.419030300000001","46.078041400000004 , 14.478125100000002",urban-urban,urban,1227,"{""sample_routes"":{""date"":""2026-10-07"",""run_id"":""ee4a8ed5520c43859e904ddfc7d14f6f""},""join_samples"":{""date"":""2026-10-07"",""run_id"":""c247f8784a5849079adb1c1869d6fa5b""}}"
427,27,"45.8973716 , 14.6976954","45.897722900000005 , 14.6317061",urban-urban,urban,1173,"{""sample_routes"":{""date"":""2026-10-07"",""run_id"":""ee4a8ed5520c43859e904ddfc7d14f6f""},""join_samples"":{""date"":""2026-10-07"",""run_id"":""c247f8784a5849079adb1c1869d6fa5b""}}"
428,28,"46.452587300000005 , 15.913637300000001","46.452870700000005 , 15.7915255",urban-urban,urban,1172,"{""sample_routes"":{""date"":""2026-10-07"",""run_id"":""ee4a8ed5520c43859e904ddfc7d14f6f""},""join_samples"":{""date"":""2026-10-07"",""run_id"":""c247f8784a5849079adb1c1869d6fa5b""}}"
429,29,"46.618557300000006 , 15.0220388","46.572834900000004 , 15.022162000000002",urban-urban,urban,1228,"{""sample_routes"":{""date"":""2026-10-07"",""run_id"":""ee4a8ed5520c43859e904ddfc7d14f6f""},""join_samples"":{""date"":""2026-10-07"",""run_id"":""c247f8784a5849079adb1c1869d6fa5b""}}"
430,30,"46.5414583 , 15.5901852","46.5417526 , 15.439482300000002",urban-rural,urban,1167,"{""sample_routes"":{""date"":""2026-10-07"",""run_id"":""ee4a8ed5520c43859e904ddfc7d14f6f""},""join_samples"":{""date"":""2026-10-07"",""run_id"":""c247f8784a5849079adb1c1869d6fa5b""}}"
431,31,"46.568978 , 16.4604868","46.5693132 , 16.327929700000002",urban-urban,urban,1166,"{""sample_routes"":{""date"":""2026-10-07"",""run_id"":""ee4a8ed5520c43859e904ddfc7d14f6f""},""join_samples"":{""date"":""2026-10-07"",""run_id"":""c247f8784a5849079adb1c1869d6fa5b""}}"
432,32,"46.1258149 , 15.063746100000001","46.1897272 , 15.063861200000002",rural-urban,urban,1166,"{""sample_routes"":{""date"":""2026-10-07"",""run_id"":""ee4a8ed5520c43859e904ddfc7d14f6f""},""join_samples"":{""date"":""2026-10-07"",""run_id"":""c247f8784a5849079adb1c1869d6fa5b""}}"
433,33,"46.0900035 , 14.0383694","46.1476495 , 14.038314000000002",urban-urban,urban,1234,"{""sample_routes"":{""date"":""2026-10-07"",""run_id"":""ee4a8ed5520c43859e904ddfc7d14f6f""},""join_samples"":{""date"":""2026-10-07"",""run_id"":""c247f8784a5849079adb1c1869d6fa5b""}}"
434,34,"46.2565557 , 14.350225900000002","46.1774458 , 14.2714441",urban-rural,urban,1238,"{""sample_routes"":{""date"":""2026-10-07"",""run_id"":""ee4a8ed5520c43859e904ddfc7d14f6f""},""join_samples"":{""date"":""2026-10-07"",""run_id"":""c247f8784a5849079adb1c1869d6fa5b""}}"
435,35,"46.547144200000005 , 15.5705837","46.4816786 , 15.6363199",urban-urban,urban,1238,"{""sample_routes"":{""date"":""2026-10-07"",""run_id"":""ee4a8ed5520c43859e904ddfc7d14f6f""},""join_samples"":{""date"":""2026-10-07"",""run_id"":""c247f8784a5849079adb1c1869d6fa5b""}}"
436,36,"46.7042924 , 16.277538800000002","46.790646900000006 , 16.2775019",urban-urban,urban,1161,"{""sample_routes"":{""date"":""2026-10-07"",""run_id"":""ee4a8ed5520c43859e904ddfc7d14f6f""},""join_samples"":{""date"":""2026-10-07"",""run_id"":""c247f8784a5849079adb1c1869d6fa5b""}}"
437,37,"46.1647708 , 14.318193","46.254705 , 14.318307",urban-urban,urban,1161,"{""sample_routes"":{""date"":""2026-10-07"",""run_id"":""ee4a8ed5520c43859e904ddfc7d14f6f""},""join_samples"":{""date"":""2026-10-07"",""run_id"":""c247f8784a5849079adb1c1869d6fa5b""}}"
438,38,"45.998319 , 14.5255284","46.0707901 , 14.5252563",urban-urban,urban,1160,"{""sample_routes"":{""date"":""2026-10-07"",""run_id"":""ee4a8ed5520c43859e904ddfc7d14f6f""},""join_samples"":{""date"":""2026-10-07"",""run_id"":""c247f8784a5849079adb1c1869d6fa5b""}}"
439,39,"45.897463900000005 , 14.696209000000001","45.8978046 , 14.631089800000002",urban-urban,urban,1159,"{""sample_routes"":{""date"":""2026-10-07"",""run_id"":""ee4a8ed5520c43859e904ddfc7d14f6f""},""join_samples"":{""date"":""2026-10-07"",""run_id"":""c247f8784a5849079adb1c1869d6fa5b""}}"
440,40,"46.0560234 , 14.4155525","45.963390700000005 , 14.415416700000002",urban-rural,urban,1241,"{""sample_routes"":{""date"":""2026-10-07"",""run_id"":""ee4a8ed5520c43859e904ddfc7d14f6f""},""join_samples"":{""date"":""2026-10-07"",""run_id"":""c247f8784a5849079adb1c1869d6fa5b""}}"
441,41,"46.5276988 , 15.646684700000002","46.5278585 , 15.7657041",rural-urban,urban,1241,"{""sample_routes"":{""date"":""2026-10-07"",""run_id"":""ee4a8ed5520c43859e904ddfc7d14f6f""},""join_samples"":{""date"":""2026-10-07"",""run_id"":""c247f8784a5849079adb1c1869d6fa5b""}}"
442,42,"46.4600755 , 16.2539586","46.543074700000005 , 16.1713837",urban-urban,urban,1158,"{""sample_routes"":{""date"":""2026-10-07"",""run_id"":""ee4a8ed5520c43859e904ddfc7d14f6f""},""join_samples"":{""date"":""2026-10-07"",""run_id"":""c247f8784a5849079adb1c1869d6fa5b""}}"
443,43,"46.083690100000005 , 14.510741300000001","46.136397 , 14.4582615",urban-urban,urban,1156,"{""sample_routes"":{""date"":""2026-10-07"",""run_id"":""ee4a8ed5520c43859e904ddfc7d14f6f""},""join_samples"":{""date"":""2026-10-07"",""run_id"":""c247f8784a5849079adb1c1869d6fa5b""}}"
444,44,"46.536688600000005 , 15.493247400000001","46.536750000000005 , 15.6478266",urban-rural,urban,1245,"{""sample_routes"":{""date"":""2026-10-07"",""run_id"":""ee4a8ed5520c43859e904ddfc7d14f6f""},""join_samples"":{""date"":""2026-10-07"",""run_id"":""c247f8784a5849079adb1c1869d6fa5b""}}"
445,45,"46.5758524 , 16.1258328","46.4713812 , 16.2300514",urban-urban,urban,1246,"{""sample_routes"":{""date"":""2026-10-07"",""run_id"":""ee4a8ed5520c43859e904ddfc7d14f6f""},""join_samples"":{""date"":""2026-10-07"",""run_id"":""c247f8784a5849079adb1c1869d6fa5b""}}"
446,46,"46.1698746 , 15.0536942","46.232041 , 15.1156839",urban-rural,urban,1247,"{""sample_routes"":{""date"":""2026-10-07"",""run_id"":""ee4a8ed5520c43859e904ddfc7d14f6f""},""join_samples"":{""date"":""2026-10-07"",""run_id"":""c247f8784a5849079adb1c1869d6fa5b""}}"
447,47,"46.1751772 , 14.2904382","46.2530556 , 14.368697000000001",urban-urban,urban,1247,"{""sample_routes"":{""date"":""2026-10-07"",""run_id"":""ee4a8ed5520c43859e904ddfc7d14f6f""},""join_samples"":{""date"":""2026-10-07"",""run_id"":""c247f8784a5849079adb1c1869d6fa5b""}}"
448,48,"46.572073700000004 , 15.021670100000001","46.617548400000004 , 15.021362000000002",rural-urban,urban,1248,"{""sample_routes"":{""date"":""2026-10-07"",""run_id"":""ee4a8ed5520c43859e904ddfc7d14f6f""},""join_samples"":{""date"":""2026-10-07"",""run_id"":""c247f8784a5849079adb1c1869d6fa5b""}}"
449,49,"46.173942800000006 , 14.290241300000002","46.252245800000004 , 14.368113600000001",urban-urban,urban,1248,"{""sample_routes"":{""date"":""2026-10-07"",""run_id"":""ee4a8ed5520c43859e904ddfc7d14f6f""},""join_samples"":{""date"":""2026-10-07"",""run_id"":""c247f8784a5849079adb1c1869d6fa5b""}}"
450,50,"46.7971422 , 16.276060100000002","46.702645600000004 , 16.2756426",urban-urban,urban,1251,"{""sample_routes"":{""date"":""2026-10-07"",""run_id"":""ee4a8ed5520c43859e904ddfc7d14f6f""},""join_samples"":{""date"":""2026-10-07"",""run_id"":""c247f8784a5849079adb1c1869d6fa5b""}}"
451,51,"46.7979305 , 16.2759018","46.702645600000004 , 16.2756426",urban-urban,urban,1251,"{""sample_routes"":{""date"":""2026-10-07"",""run_id"":""ee4a8ed5520c43859e904ddfc7d14f6f""},""join_samples"":{""date"":""2026-10-07"",""run_id"":""c247f8784a5849079adb1c1869d6fa5b""}}"
452,52,"46.450588800000006 , 15.917911700000001","46.4508449 , 15.789012900000001",urban-urban,urban,1144,"{""sample_routes"":{""date"":""2026-10-07"",""run_id"":""ee4a8ed5520c43859e904ddfc7d14f6f""},""join_samples"":{""date"":""2026-10-07"",""run_id"":""c247f8784a5849079adb1c1869d6fa5b""}}"
453,53,"46.1654059 , 14.310219700000001","46.257986200000005 , 14.3098144",urban-urban,urban,1140,"{""sample_routes"":{""date"":""2026-10-07"",""run_id"":""ee4a8ed5520c43859e904ddfc7d14f6f""},""join_samples"":{""date"":""2026-10-07"",""run_id"":""c247f8784a5849079adb1c1869d6fa5b""}}"
454,54,"45.997404200000005 , 14.4702038","46.0613958 , 14.5345492",urban-urban,urban,1138,"{""sample_routes"":{""date"":""2026-10-07"",""run_id"":""ee4a8ed5520c43859e904ddfc7d14f6f""},""join_samples"":{""date"":""2026-10-07"",""run_id"":""c247f8784a5849079adb1c1869d6fa5b""}}"
455,55,"46.175429900000005 , 14.290007300000001","46.2536847 , 14.368388000000001",urban-urban,urban,1262,"{""sample_routes"":{""date"":""2026-10-07"",""run_id"":""ee4a8ed5520c43859e904ddfc7d14f6f""},""join_samples"":{""date"":""2026-10-07"",""run_id"":""c247f8784a5849079adb1c1869d6fa5b""}}"
456,56,"46.529742500000005 , 15.646460200000002","46.5294004 , 15.768176",urban-urban,urban,1262,"{""sample_routes"":{""date"":""2026-10-07"",""run_id"":""ee4a8ed5520c43859e904ddfc7d14f6f""},""join_samples"":{""date"":""2026-10-07"",""run_id"":""c247f8784a5849079adb1c1869d6fa5b""}}"
457,57,"46.0418208 , 14.3949856","45.9870086 , 14.395339600000002",urban-urban,urban,1137,"{""sample_routes"":{""date"":""2026-10-07"",""run_id"":""ee4a8ed5520c43859e904ddfc7d14f6f""},""join_samples"":{""date"":""2026-10-07"",""run_id"":""c247f8784a5849079adb1c1869d6fa5b""}}"
458,58,"46.0892149 , 14.0401258","46.1478857 , 14.0401062",urban-urban,urban,1263,"{""sample_routes"":{""date"":""2026-10-07"",""run_id"":""ee4a8ed5520c43859e904ddfc7d14f6f""},""join_samples"":{""date"":""2026-10-07"",""run_id"":""c247f8784a5849079adb1c1869d6fa5b""}}"
459,59,"46.4469367 , 16.254276","46.5391623 , 16.1618637",urban-rural,urban,1264,"{""sample_routes"":{""date"":""2026-10-07"",""run_id"":""ee4a8ed5520c43859e904ddfc7d14f6f""},""join_samples"":{""date"":""2026-10-07"",""run_id"":""c247f8784a5849079adb1c1869d6fa5b""}}"
460,60,"46.517699900000004 , 15.651138000000001","46.5173982 , 15.7658462",rural-urban,urban,1128,"{""sample_routes"":{""date"":""2026-10-07"",""run_id"":""ee4a8ed5520c43859e904ddfc7d14f6f""},""join_samples"":{""date"":""2026-10-07"",""run_id"":""c247f8784a5849079adb1c1869d6fa5b""}}"
461,61,"46.5393222 , 15.590785100000002","46.5930873 , 15.644177200000001",urban-urban,urban,1127,"{""sample_routes"":{""date"":""2026-10-07"",""run_id"":""ee4a8ed5520c43859e904ddfc7d14f6f""},""join_samples"":{""date"":""2026-10-07"",""run_id"":""c247f8784a5849079adb1c1869d6fa5b""}}"
462,62,"46.5425413 , 15.587522100000001","46.5421799 , 15.4397125",urban-rural,urban,1126,"{""sample_routes"":{""date"":""2026-10-07"",""run_id"":""ee4a8ed5520c43859e904ddfc7d14f6f""},""join_samples"":{""date"":""2026-10-07"",""run_id"":""c247f8784a5849079adb1c1869d6fa5b""}}"
463,63,"46.5367632 , 15.6311631","46.536966400000004 , 15.486528300000002",urban-urban,urban,1125,"{""sample_routes"":{""date"":""2026-10-07"",""run_id"":""ee4a8ed5520c43859e904ddfc7d14f6f""},""join_samples"":{""date"":""2026-10-07"",""run_id"":""c247f8784a5849079adb1c1869d6fa5b""}}"
464,64,"46.112646100000006 , 14.5115023","46.0355803 , 14.5113488",rural-urban,urban,1123,"{""sample_routes"":{""date"":""2026-10-07"",""run_id"":""ee4a8ed5520c43859e904ddfc7d14f6f""},""join_samples"":{""date"":""2026-10-07"",""run_id"":""c247f8784a5849079adb1c1869d6fa5b""}}"
465,65,"46.0020577 , 14.5102384","46.077593400000005 , 14.510667600000001",urban-urban,urban,1123,"{""sample_routes"":{""date"":""2026-10-07"",""run_id"":""ee4a8ed5520c43859e904ddfc7d14f6f""},""join_samples"":{""date"":""2026-10-07"",""run_id"":""c247f8784a5849079adb1c1869d6fa5b""}}"
466,66,"46.056990400000004 , 14.4108291","45.9643467 , 14.411100000000001",urban-urban,urban,1282,"{""sample_routes"":{""date"":""2026-10-07"",""run_id"":""ee4a8ed5520c43859e904ddfc7d14f6f""},""join_samples"":{""date"":""2026-10-07"",""run_id"":""c247f8784a5849079adb1c1869d6fa5b""}}"
467,67,"46.1752783 , 14.273227700000001","46.2585149 , 14.356110500000002",rural-urban,urban,1283,"{""sample_routes"":{""date"":""2026-10-07"",""run_id"":""ee4a8ed5520c43859e904ddfc7d14f6f""},""join_samples"":{""date"":""2026-10-07"",""run_id"":""c247f8784a5849079adb1c1869d6fa5b""}}"
468,68,"46.1509623 , 14.0451063","46.1513652 , 13.9709666",urban-urban,urban,1115,"{""sample_routes"":{""date"":""2026-10-07"",""run_id"":""ee4a8ed5520c43859e904ddfc7d14f6f""},""join_samples"":{""date"":""2026-10-07"",""run_id"":""c247f8784a5849079adb1c1869d6fa5b""}}"
469,69,"46.4702556 , 15.605910100000001","46.469984000000004 , 15.711505400000002",urban-urban,urban,1110,"{""sample_routes"":{""date"":""2026-10-07"",""run_id"":""ee4a8ed5520c43859e904ddfc7d14f6f""},""join_samples"":{""date"":""2026-10-07"",""run_id"":""c247f8784a5849079adb1c1869d6fa5b""}}"
470,70,"46.142206900000005 , 14.390451200000001","46.1424694 , 14.4783229",urban-urban,urban,1110,"{""sample_routes"":{""date"":""2026-10-07"",""run_id"":""ee4a8ed5520c43859e904ddfc7d14f6f""},""join_samples"":{""date"":""2026-10-07"",""run_id"":""c247f8784a5849079adb1c1869d6fa5b""}}"
471,71,"46.5324557 , 15.633615400000002","46.532337500000004 , 15.4908152",urban-urban,urban,1109,"{""sample_routes"":{""date"":""2026-10-07"",""run_id"":""ee4a8ed5520c43859e904ddfc7d14f6f""},""join_samples"":{""date"":""2026-10-07"",""run_id"":""c247f8784a5849079adb1c1869d6fa5b""}}"
472,72,"46.535512700000005 , 15.6337387","46.5351683 , 15.490549300000001",urban-urban,urban,1108,"{""sample_routes"":{""date"":""2026-10-07"",""run_id"":""ee4a8ed5520c43859e904ddfc7d14f6f""},""join_samples"":{""date"":""2026-10-07"",""run_id"":""c247f8784a5849079adb1c1869d6fa5b""}}"
473,73,"45.476180400000004 , 13.772066","45.5497905 , 13.7724191",urban-rural,urban,1293,"{""sample_routes"":{""date"":""2026-10-07"",""run_id"":""ee4a8ed5520c43859e904ddfc7d14f6f""},""join_samples"":{""date"":""2026-10-07"",""run_id"":""c247f8784a5849079adb1c1869d6fa5b""}}"
474,74,"46.2453589 , 14.376455100000001","46.1659943 , 14.297375700000002",urban-urban,urban,1106,"{""sample_routes"":{""date"":""2026-10-07"",""run_id"":""ee4a8ed5520c43859e904ddfc7d14f6f""},""join_samples"":{""date"":""2026-10-07"",""run_id"":""c247f8784a5849079adb1c1869d6fa5b""}}"
475,75,"46.2590863 , 14.3010318","46.1580859 , 14.300827000000002",urban-urban,urban,1295,"{""sample_routes"":{""date"":""2026-10-07"",""run_id"":""ee4a8ed5520c43859e904ddfc7d14f6f""},""join_samples"":{""date"":""2026-10-07"",""run_id"":""c247f8784a5849079adb1c1869d6fa5b""}}"
476,76,"46.6533042 , 16.148418","46.7378535 , 16.064159",rural-urban,urban,1295,"{""sample_routes"":{""date"":""2026-10-07"",""run_id"":""ee4a8ed5520c43859e904ddfc7d14f6f""},""join_samples"":{""date"":""2026-10-07"",""run_id"":""c247f8784a5849079adb1c1869d6fa5b""}}"
477,77,"46.5377146 , 15.5926077","46.585710500000005 , 15.640899500000002",urban-urban,urban,1103,"{""sample_routes"":{""date"":""2026-10-07"",""run_id"":""ee4a8ed5520c43859e904ddfc7d14f6f""},""join_samples"":{""date"":""2026-10-07"",""run_id"":""c247f8784a5849079adb1c1869d6fa5b""}}"
478,78,"46.1094388 , 14.014921000000001","46.154694600000006 , 14.0599827",urban-rural,urban,1298,"{""sample_routes"":{""date"":""2026-10-07"",""run_id"":""ee4a8ed5520c43859e904ddfc7d14f6f""},""join_samples"":{""date"":""2026-10-07"",""run_id"":""c247f8784a5849079adb1c1869d6fa5b""}}"
479,79,"46.057306100000005 , 14.4090935","45.966084200000005 , 14.4088153",urban-rural,urban,1299,"{""sample_routes"":{""date"":""2026-10-07"",""run_id"":""ee4a8ed5520c43859e904ddfc7d14f6f""},""join_samples"":{""date"":""2026-10-07"",""run_id"":""c247f8784a5849079adb1c1869d6fa5b""}}"
480,80,"46.1259269 , 13.983847","46.177239400000005 , 14.0350338",urban-rural,urban,1100,"{""sample_routes"":{""date"":""2026-10-07"",""run_id"":""ee4a8ed5520c43859e904ddfc7d14f6f""},""join_samples"":{""date"":""2026-10-07"",""run_id"":""c247f8784a5849079adb1c1869d6fa5b""}}"
481,81,"45.4752267 , 13.7721809","45.5496496 , 13.771794100000001",urban-rural,urban,1300,"{""sample_routes"":{""date"":""2026-10-07"",""run_id"":""ee4a8ed5520c43859e904ddfc7d14f6f""},""join_samples"":{""date"":""2026-10-07"",""run_id"":""c247f8784a5849079adb1c1869d6fa5b""}}"
482,82,"45.4757216 , 13.772712","45.54995 , 13.7727985",urban-rural,urban,1301,"{""sample_routes"":{""date"":""2026-10-07"",""run_id"":""ee4a8ed5520c43859e904ddfc7d14f6f""},""join_samples"":{""date"":""2026-10-07"",""run_id"":""c247f8784a5849079adb1c1869d6fa5b""}}"
483,83,"46.0176098 , 14.464097700000002","46.0729965 , 14.5192823",urban-urban,urban,1099,"{""sample_routes"":{""date"":""2026-10-07"",""run_id"":""ee4a8ed5520c43859e904ddfc7d14f6f""},""join_samples"":{""date"":""2026-10-07"",""run_id"":""c247f8784a5849079adb1c1869d6fa5b""}}"
484,84,"46.0482451 , 14.448755","46.048046 , 14.5340155",urban-rural,urban,1098,"{""sample_routes"":{""date"":""2026-10-07"",""run_id"":""ee4a8ed5520c43859e904ddfc7d14f6f""},""join_samples"":{""date"":""2026-10-07"",""run_id"":""c247f8784a5849079adb1c1869d6fa5b""}}"
485,85,"46.1246067 , 14.3996586","46.1244542 , 14.466784400000002",urban-urban,urban,1098,"{""sample_routes"":{""date"":""2026-10-07"",""run_id"":""ee4a8ed5520c43859e904ddfc7d14f6f""},""join_samples"":{""date"":""2026-10-07"",""run_id"":""c247f8784a5849079adb1c1869d6fa5b""}}"
486,86,"46.0000579 , 14.513296100000002","46.0778072 , 14.5135488",urban-urban,urban,1098,"{""sample_routes"":{""date"":""2026-10-07"",""run_id"":""ee4a8ed5520c43859e904ddfc7d14f6f""},""join_samples"":{""date"":""2026-10-07"",""run_id"":""c247f8784a5849079adb1c1869d6fa5b""}}"
487,87,"46.1750945 , 14.273498700000001","46.259911 , 14.358349",rural-urban,urban,1303,"{""sample_routes"":{""date"":""2026-10-07"",""run_id"":""ee4a8ed5520c43859e904ddfc7d14f6f""},""join_samples"":{""date"":""2026-10-07"",""run_id"":""c247f8784a5849079adb1c1869d6fa5b""}}"
488,88,"46.6479307 , 16.1487617","46.7340122 , 16.062729400000002",rural-urban,urban,1304,"{""sample_routes"":{""date"":""2026-10-07"",""run_id"":""ee4a8ed5520c43859e904ddfc7d14f6f""},""join_samples"":{""date"":""2026-10-07"",""run_id"":""c247f8784a5849079adb1c1869d6fa5b""}}"
489,89,"45.998996700000006 , 14.523426400000002","46.0718332 , 14.5233603",urban-urban,urban,1096,"{""sample_routes"":{""date"":""2026-10-07"",""run_id"":""ee4a8ed5520c43859e904ddfc7d14f6f""},""join_samples"":{""date"":""2026-10-07"",""run_id"":""c247f8784a5849079adb1c1869d6fa5b""}}"
490,90,"46.0701547 , 14.526081000000001","45.998067600000006 , 14.526286700000002",urban-urban,urban,1095,"{""sample_routes"":{""date"":""2026-10-07"",""run_id"":""ee4a8ed5520c43859e904ddfc7d14f6f""},""join_samples"":{""date"":""2026-10-07"",""run_id"":""c247f8784a5849079adb1c1869d6fa5b""}}"
491,91,"46.1583155 , 14.303340400000002","46.2610654 , 14.3029305",urban-urban,urban,1306,"{""sample_routes"":{""date"":""2026-10-07"",""run_id"":""ee4a8ed5520c43859e904ddfc7d14f6f""},""join_samples"":{""date"":""2026-10-07"",""run_id"":""c247f8784a5849079adb1c1869d6fa5b""}}"
492,92,"45.8966797 , 14.693692700000001","45.8970484 , 14.6378087",urban-urban,urban,1094,"{""sample_routes"":{""date"":""2026-10-07"",""run_id"":""ee4a8ed5520c43859e904ddfc7d14f6f""},""join_samples"":{""date"":""2026-10-07"",""run_id"":""c247f8784a5849079adb1c1869d6fa5b""}}"
493,93,"46.542902000000005 , 15.6986296","46.543265700000006 , 15.5816481",urban-urban,urban,1092,"{""sample_routes"":{""date"":""2026-10-07"",""run_id"":""ee4a8ed5520c43859e904ddfc7d14f6f""},""join_samples"":{""date"":""2026-10-07"",""run_id"":""c247f8784a5849079adb1c1869d6fa5b""}}"
494,94,"46.1219552 , 14.390794300000001","46.122214500000005 , 14.468551600000001",urban-urban,urban,1092,"{""sample_routes"":{""date"":""2026-10-07"",""run_id"":""ee4a8ed5520c43859e904ddfc7d14f6f""},""join_samples"":{""date"":""2026-10-07"",""run_id"":""c247f8784a5849079adb1c1869d6fa5b""}}"
495,95,"46.065691400000006 , 14.5225576","45.9820294 , 14.522433600000001",urban-rural,urban,1091,"{""sample_routes"":{""date"":""2026-10-07"",""run_id"":""ee4a8ed5520c43859e904ddfc7d14f6f""},""join_samples"":{""date"":""2026-10-07"",""run_id"":""c247f8784a5849079adb1c1869d6fa5b""}}"
496,96,"46.5324752 , 15.628652800000001","46.5321555 , 15.4906853",urban-urban,urban,1090,"{""sample_routes"":{""date"":""2026-10-07"",""run_id"":""ee4a8ed5520c43859e904ddfc7d14f6f""},""join_samples"":{""date"":""2026-10-07"",""run_id"":""c247f8784a5849079adb1c1869d6fa5b""}}"
497,97,"46.0715489 , 14.402454400000002","45.9924849 , 14.402152000000001",urban-urban,urban,1090,"{""sample_routes"":{""date"":""2026-10-07"",""run_id"":""ee4a8ed5520c43859e904ddfc7d14f6f""},""join_samples"":{""date"":""2026-10-07"",""run_id"":""c247f8784a5849079adb1c1869d6fa5b""}}"
498,98,"46.5409949 , 15.698461900000002","46.541212900000005 , 15.5826661",rural-urban,urban,1089,"{""sample_routes"":{""date"":""2026-10-07"",""run_id"":""ee4a8ed5520c43859e904ddfc7d14f6f""},""join_samples"":{""date"":""2026-10-07"",""run_id"":""c247f8784a5849079adb1c1869d6fa5b""}}"
499,99,"46.535219700000006 , 15.4921257","46.535181 , 15.634007",urban-urban,urban,1087,"{""sample_routes"":{""date"":""2026-10-07"",""run_id"":""ee4a8ed5520c43859e904ddfc7d14f6f""},""join_samples"":{""date"":""2026-10-07"",""run_id"":""c247f8784a5849079adb1c1869d6fa5b""}}"
500,100,"45.475148600000004 , 13.7726115","45.54995 , 13.7727985",urban-rural,urban,1314,"{""sample_routes"":{""date"":""2026-10-07"",""run_id"":""ee4a8ed5520c43859e904ddfc7d14f6f""},""join_samples"":{""date"":""2026-10-07"",""run_id"":""c247f8784a5849079adb1c1869d6fa5b""}}"
501,101,"46.561008300000005 , 15.6288063","46.482932700000006 , 15.628795100000001",urban-urban,urban,1085,"{""sample_routes"":{""date"":""2026-10-07"",""run_id"":""ee4a8ed5520c43859e904ddfc7d14f6f""},""join_samples"":{""date"":""2026-10-07"",""run_id"":""c247f8784a5849079adb1c1869d6fa5b""}}"
502,102,"45.9977541 , 14.527252","46.069672700000005 , 14.527078800000002",urban-urban,urban,1085,"{""sample_routes"":{""date"":""2026-10-07"",""run_id"":""ee4a8ed5520c43859e904ddfc7d14f6f""},""join_samples"":{""date"":""2026-10-07"",""run_id"":""c247f8784a5849079adb1c1869d6fa5b""}}"
503,103,"46.178420800000005 , 14.2697275","46.2505551 , 14.3415175",rural-urban,urban,1317,"{""sample_routes"":{""date"":""2026-10-07"",""run_id"":""ee4a8ed5520c43859e904ddfc7d14f6f""},""join_samples"":{""date"":""2026-10-07"",""run_id"":""c247f8784a5849079adb1c1869d6fa5b""}}"
504,104,"46.539883800000005 , 15.4368943","46.540293500000004 , 15.6232991",rural-urban,urban,1319,"{""sample_routes"":{""date"":""2026-10-07"",""run_id"":""ee4a8ed5520c43859e904ddfc7d14f6f""},""join_samples"":{""date"":""2026-10-07"",""run_id"":""c247f8784a5849079adb1c1869d6fa5b""}}"
505,105,"46.5373992 , 15.492666900000001","46.537782400000005 , 15.630622800000001",urban-urban,urban,1079,"{""sample_routes"":{""date"":""2026-10-07"",""run_id"":""ee4a8ed5520c43859e904ddfc7d14f6f""},""join_samples"":{""date"":""2026-10-07"",""run_id"":""c247f8784a5849079adb1c1869d6fa5b""}}"
506,106,"46.0605008 , 14.405729200000001","45.9924465 , 14.4058065",urban-urban,urban,1076,"{""sample_routes"":{""date"":""2026-10-07"",""run_id"":""ee4a8ed5520c43859e904ddfc7d14f6f""},""join_samples"":{""date"":""2026-10-07"",""run_id"":""c247f8784a5849079adb1c1869d6fa5b""}}"
507,107,"45.9386262 , 15.5589718","45.938320600000004 , 15.4388251",urban-urban,urban,1074,"{""sample_routes"":{""date"":""2026-10-07"",""run_id"":""ee4a8ed5520c43859e904ddfc7d14f6f""},""join_samples"":{""date"":""2026-10-07"",""run_id"":""c247f8784a5849079adb1c1869d6fa5b""}}"
508,108,"46.540117200000005 , 15.6964172","46.5398347 , 15.580206500000001",rural-urban,urban,1073,"{""sample_routes"":{""date"":""2026-10-07"",""run_id"":""ee4a8ed5520c43859e904ddfc7d14f6f""},""join_samples"":{""date"":""2026-10-07"",""run_id"":""c247f8784a5849079adb1c1869d6fa5b""}}"
509,109,"46.5263062 , 15.7008886","46.586058900000005 , 15.641098000000001",urban-urban,urban,1073,"{""sample_routes"":{""date"":""2026-10-07"",""run_id"":""ee4a8ed5520c43859e904ddfc7d14f6f""},""join_samples"":{""date"":""2026-10-07"",""run_id"":""c247f8784a5849079adb1c1869d6fa5b""}}"
510,110,"46.590466600000006 , 15.6639634","46.5900514 , 15.587504800000001",urban-urban,urban,1070,"{""sample_routes"":{""date"":""2026-10-07"",""run_id"":""ee4a8ed5520c43859e904ddfc7d14f6f""},""join_samples"":{""date"":""2026-10-07"",""run_id"":""c247f8784a5849079adb1c1869d6fa5b""}}"
511,111,"46.2610654 , 14.3029305","46.1668967 , 14.3032929",urban-urban,urban,1330,"{""sample_routes"":{""date"":""2026-10-07"",""run_id"":""ee4a8ed5520c43859e904ddfc7d14f6f""},""join_samples"":{""date"":""2026-10-07"",""run_id"":""c247f8784a5849079adb1c1869d6fa5b""}}"
512,112,"46.167492300000006 , 14.298786100000001","46.2625874 , 14.299132100000001",urban-urban,urban,1331,"{""sample_routes"":{""date"":""2026-10-07"",""run_id"":""ee4a8ed5520c43859e904ddfc7d14f6f""},""join_samples"":{""date"":""2026-10-07"",""run_id"":""c247f8784a5849079adb1c1869d6fa5b""}}"
513,113,"46.1055289 , 14.5228181","46.105918900000006 , 14.6167148",urban-urban,urban,1068,"{""sample_routes"":{""date"":""2026-10-07"",""run_id"":""ee4a8ed5520c43859e904ddfc7d14f6f""},""join_samples"":{""date"":""2026-10-07"",""run_id"":""c247f8784a5849079adb1c1869d6fa5b""}}"
514,114,"46.4999601 , 15.7024299","46.5699947 , 15.632506800000002",urban-urban,urban,1066,"{""sample_routes"":{""date"":""2026-10-07"",""run_id"":""ee4a8ed5520c43859e904ddfc7d14f6f""},""join_samples"":{""date"":""2026-10-07"",""run_id"":""c247f8784a5849079adb1c1869d6fa5b""}}"
515,115,"46.068296600000004 , 14.410627900000001","45.9665437 , 14.4107605",urban-urban,urban,1334,"{""sample_routes"":{""date"":""2026-10-07"",""run_id"":""ee4a8ed5520c43859e904ddfc7d14f6f""},""join_samples"":{""date"":""2026-10-07"",""run_id"":""c247f8784a5849079adb1c1869d6fa5b""}}"
516,116,"46.168538000000005 , 15.0511806","46.240937100000004 , 15.123682",urban-rural,urban,1335,"{""sample_routes"":{""date"":""2026-10-07"",""run_id"":""ee4a8ed5520c43859e904ddfc7d14f6f""},""join_samples"":{""date"":""2026-10-07"",""run_id"":""c247f8784a5849079adb1c1869d6fa5b""}}"
517,117,"46.590341900000006 , 15.0172266","46.6284993 , 15.0170691",urban-urban,urban,1065,"{""sample_routes"":{""date"":""2026-10-07"",""run_id"":""ee4a8ed5520c43859e904ddfc7d14f6f""},""join_samples"":{""date"":""2026-10-07"",""run_id"":""c247f8784a5849079adb1c1869d6fa5b""}}"
518,118,"46.548236800000005 , 15.554878400000002","46.4916253 , 15.6116761",urban-urban,urban,1340,"{""sample_routes"":{""date"":""2026-10-07"",""run_id"":""ee4a8ed5520c43859e904ddfc7d14f6f""},""join_samples"":{""date"":""2026-10-07"",""run_id"":""c247f8784a5849079adb1c1869d6fa5b""}}"
519,119,"46.0685828 , 14.400094800000002","45.991613300000004 , 14.399765400000001",urban-urban,urban,1342,"{""sample_routes"":{""date"":""2026-10-07"",""run_id"":""ee4a8ed5520c43859e904ddfc7d14f6f""},""join_samples"":{""date"":""2026-10-07"",""run_id"":""c247f8784a5849079adb1c1869d6fa5b""}}"
520,120,"46.120488300000005 , 14.0047735","46.188569900000005 , 14.0725709",urban-rural,urban,1343,"{""sample_routes"":{""date"":""2026-10-07"",""run_id"":""ee4a8ed5520c43859e904ddfc7d14f6f""},""join_samples"":{""date"":""2026-10-07"",""run_id"":""c247f8784a5849079adb1c1869d6fa5b""}}"
521,121,"46.1237298 , 14.4021427","46.1241496 , 14.465557200000001",urban-urban,urban,1055,"{""sample_routes"":{""date"":""2026-10-07"",""run_id"":""ee4a8ed5520c43859e904ddfc7d14f6f""},""join_samples"":{""date"":""2026-10-07"",""run_id"":""c247f8784a5849079adb1c1869d6fa5b""}}"
522,122,"46.5346029 , 15.646392500000001","46.5347894 , 15.750979800000001",rural-urban,urban,1055,"{""sample_routes"":{""date"":""2026-10-07"",""run_id"":""ee4a8ed5520c43859e904ddfc7d14f6f""},""join_samples"":{""date"":""2026-10-07"",""run_id"":""c247f8784a5849079adb1c1869d6fa5b""}}"
523,123,"46.0672331 , 14.3988879","45.992942400000004 , 14.3993213",urban-urban,urban,1350,"{""sample_routes"":{""date"":""2026-10-07"",""run_id"":""ee4a8ed5520c43859e904ddfc7d14f6f""},""join_samples"":{""date"":""2026-10-07"",""run_id"":""c247f8784a5849079adb1c1869d6fa5b""}}"
524,124,"46.216187700000006 , 14.3737831","46.154244000000006 , 14.311549200000002",urban-urban,urban,1050,"{""sample_routes"":{""date"":""2026-10-07"",""run_id"":""ee4a8ed5520c43859e904ddfc7d14f6f""},""join_samples"":{""date"":""2026-10-07"",""run_id"":""c247f8784a5849079adb1c1869d6fa5b""}}"
525,125,"46.0818801 , 14.5243096","46.0305315 , 14.473217600000002",urban-urban,urban,1046,"{""sample_routes"":{""date"":""2026-10-07"",""run_id"":""ee4a8ed5520c43859e904ddfc7d14f6f""},""join_samples"":{""date"":""2026-10-07"",""run_id"":""c247f8784a5849079adb1c1869d6fa5b""}}"
526,126,"46.102392800000004 , 14.614394500000001","46.102291300000005 , 14.522844800000001",urban-urban,urban,1046,"{""sample_routes"":{""date"":""2026-10-07"",""run_id"":""ee4a8ed5520c43859e904ddfc7d14f6f""},""join_samples"":{""date"":""2026-10-07"",""run_id"":""c247f8784a5849079adb1c1869d6fa5b""}}"
527,127,"46.111731000000006 , 14.468542200000002","46.173077600000006 , 14.4068144",urban-urban,urban,1044,"{""sample_routes"":{""date"":""2026-10-07"",""run_id"":""ee4a8ed5520c43859e904ddfc7d14f6f""},""join_samples"":{""date"":""2026-10-07"",""run_id"":""c247f8784a5849079adb1c1869d6fa5b""}}"
528,128,"46.530226400000004 , 15.698915500000002","46.5872497 , 15.6417391",urban-urban,urban,1044,"{""sample_routes"":{""date"":""2026-10-07"",""run_id"":""ee4a8ed5520c43859e904ddfc7d14f6f""},""join_samples"":{""date"":""2026-10-07"",""run_id"":""c247f8784a5849079adb1c1869d6fa5b""}}"
529,129,"46.505787600000005 , 15.7019368","46.571780700000005 , 15.6355771",urban-urban,urban,1043,"{""sample_routes"":{""date"":""2026-10-07"",""run_id"":""ee4a8ed5520c43859e904ddfc7d14f6f""},""join_samples"":{""date"":""2026-10-07"",""run_id"":""c247f8784a5849079adb1c1869d6fa5b""}}"
530,130,"45.9800325 , 14.575205700000001","46.0451307 , 14.5098655",urban-urban,urban,1036,"{""sample_routes"":{""date"":""2026-10-07"",""run_id"":""ee4a8ed5520c43859e904ddfc7d14f6f""},""join_samples"":{""date"":""2026-10-07"",""run_id"":""c247f8784a5849079adb1c1869d6fa5b""}}"
531,131,"45.9802915 , 14.5754233","46.045591 , 14.5101334",urban-urban,urban,1036,"{""sample_routes"":{""date"":""2026-10-07"",""run_id"":""ee4a8ed5520c43859e904ddfc7d14f6f""},""join_samples"":{""date"":""2026-10-07"",""run_id"":""c247f8784a5849079adb1c1869d6fa5b""}}"
532,132,"46.5623681 , 16.13898","46.4584592 , 16.242810900000002",urban-urban,urban,1364,"{""sample_routes"":{""date"":""2026-10-07"",""run_id"":""ee4a8ed5520c43859e904ddfc7d14f6f""},""join_samples"":{""date"":""2026-10-07"",""run_id"":""c247f8784a5849079adb1c1869d6fa5b""}}"
533,133,"46.5404733 , 15.697079100000002","46.5930873 , 15.644177200000001",rural-urban,urban,1036,"{""sample_routes"":{""date"":""2026-10-07"",""run_id"":""ee4a8ed5520c43859e904ddfc7d14f6f""},""join_samples"":{""date"":""2026-10-07"",""run_id"":""c247f8784a5849079adb1c1869d6fa5b""}}"
534,134,"46.0715913 , 14.510636300000002","46.0020577 , 14.5102384",urban-urban,urban,1035,"{""sample_routes"":{""date"":""2026-10-07"",""run_id"":""ee4a8ed5520c43859e904ddfc7d14f6f""},""join_samples"":{""date"":""2026-10-07"",""run_id"":""c247f8784a5849079adb1c1869d6fa5b""}}"
535,135,"46.4462446 , 15.788269600000001","46.4464881 , 15.907130400000002",rural-urban,urban,1035,"{""sample_routes"":{""date"":""2026-10-07"",""run_id"":""ee4a8ed5520c43859e904ddfc7d14f6f""},""join_samples"":{""date"":""2026-10-07"",""run_id"":""c247f8784a5849079adb1c1869d6fa5b""}}"
536,136,"46.5334482 , 15.6856562","46.588474700000006 , 15.630494400000002",urban-urban,urban,1035,"{""sample_routes"":{""date"":""2026-10-07"",""run_id"":""ee4a8ed5520c43859e904ddfc7d14f6f""},""join_samples"":{""date"":""2026-10-07"",""run_id"":""c247f8784a5849079adb1c1869d6fa5b""}}"
537,137,"45.9979534 , 14.517425800000002","46.0767946 , 14.517050200000002",rural-urban,urban,1035,"{""sample_routes"":{""date"":""2026-10-07"",""run_id"":""ee4a8ed5520c43859e904ddfc7d14f6f""},""join_samples"":{""date"":""2026-10-07"",""run_id"":""c247f8784a5849079adb1c1869d6fa5b""}}"
538,138,"46.056838500000005 , 14.617496000000001","46.0565835 , 14.5068651",urban-urban,urban,1033,"{""sample_routes"":{""date"":""2026-10-07"",""run_id"":""ee4a8ed5520c43859e904ddfc7d14f6f""},""join_samples"":{""date"":""2026-10-07"",""run_id"":""c247f8784a5849079adb1c1869d6fa5b""}}"
539,139,"45.9797293 , 14.575646800000001","46.045591 , 14.5101334",urban-urban,urban,1032,"{""sample_routes"":{""date"":""2026-10-07"",""run_id"":""ee4a8ed5520c43859e904ddfc7d14f6f""},""join_samples"":{""date"":""2026-10-07"",""run_id"":""c247f8784a5849079adb1c1869d6fa5b""}}"
540,140,"45.949502800000005 , 14.301247100000001","46.0201331 , 14.3716754",rural-urban,urban,1031,"{""sample_routes"":{""date"":""2026-10-07"",""run_id"":""ee4a8ed5520c43859e904ddfc7d14f6f""},""join_samples"":{""date"":""2026-10-07"",""run_id"":""c247f8784a5849079adb1c1869d6fa5b""}}"
541,141,"46.5357332 , 15.6011147","46.5893358 , 15.6542919",urban-rural,urban,1030,"{""sample_routes"":{""date"":""2026-10-07"",""run_id"":""ee4a8ed5520c43859e904ddfc7d14f6f""},""join_samples"":{""date"":""2026-10-07"",""run_id"":""c247f8784a5849079adb1c1869d6fa5b""}}"
542,142,"46.535717500000004 , 15.6004245","46.5893358 , 15.6542919",urban-rural,urban,1030,"{""sample_routes"":{""date"":""2026-10-07"",""run_id"":""ee4a8ed5520c43859e904ddfc7d14f6f""},""join_samples"":{""date"":""2026-10-07"",""run_id"":""c247f8784a5849079adb1c1869d6fa5b""}}"
543,143,"46.083671900000006 , 14.4419386","46.084052 , 14.536153500000001",urban-urban,urban,1029,"{""sample_routes"":{""date"":""2026-10-07"",""run_id"":""ee4a8ed5520c43859e904ddfc7d14f6f""},""join_samples"":{""date"":""2026-10-07"",""run_id"":""c247f8784a5849079adb1c1869d6fa5b""}}"
544,144,"46.178296 , 14.0452072","46.1263778 , 13.993559200000002",urban-urban,urban,1029,"{""sample_routes"":{""date"":""2026-10-07"",""run_id"":""ee4a8ed5520c43859e904ddfc7d14f6f""},""join_samples"":{""date"":""2026-10-07"",""run_id"":""c247f8784a5849079adb1c1869d6fa5b""}}"
545,145,"45.9799261 , 14.5756238","46.045359700000006 , 14.510035400000001",urban-urban,urban,1028,"{""sample_routes"":{""date"":""2026-10-07"",""run_id"":""ee4a8ed5520c43859e904ddfc7d14f6f""},""join_samples"":{""date"":""2026-10-07"",""run_id"":""c247f8784a5849079adb1c1869d6fa5b""}}"
546,146,"45.999626500000005 , 14.5214323","46.071887800000006 , 14.5218445",urban-urban,urban,1026,"{""sample_routes"":{""date"":""2026-10-07"",""run_id"":""ee4a8ed5520c43859e904ddfc7d14f6f""},""join_samples"":{""date"":""2026-10-07"",""run_id"":""c247f8784a5849079adb1c1869d6fa5b""}}"
547,147,"46.084913 , 14.0827963","46.1438465 , 14.024219500000001",urban-urban,urban,1377,"{""sample_routes"":{""date"":""2026-10-07"",""run_id"":""ee4a8ed5520c43859e904ddfc7d14f6f""},""join_samples"":{""date"":""2026-10-07"",""run_id"":""c247f8784a5849079adb1c1869d6fa5b""}}"
548,148,"46.658103200000006 , 16.161107700000002","46.732886900000004 , 16.086459700000002",urban-urban,urban,1022,"{""sample_routes"":{""date"":""2026-10-07"",""run_id"":""ee4a8ed5520c43859e904ddfc7d14f6f""},""join_samples"":{""date"":""2026-10-07"",""run_id"":""c247f8784a5849079adb1c1869d6fa5b""}}"
549,149,"46.4542573 , 16.252786500000003","46.563063400000004 , 16.1435897",urban-urban,urban,1379,"{""sample_routes"":{""date"":""2026-10-07"",""run_id"":""ee4a8ed5520c43859e904ddfc7d14f6f""},""join_samples"":{""date"":""2026-10-07"",""run_id"":""c247f8784a5849079adb1c1869d6fa5b""}}"
550,150,"46.3203206 , 14.348984900000001","46.3661723 , 14.3486536",rural-urban,mixed,1201,"{""sample_routes"":{""date"":""2026-10-07"",""run_id"":""ee4a8ed5520c43859e904ddfc7d14f6f""},""join_samples"":{""date"":""2026-10-07"",""run_id"":""c247f8784a5849079adb1c1869d6fa5b""}}"
551,151,"46.5962832 , 15.947997200000001","46.596694600000006 , 16.0719968",urban-urban,mixed,1201,"{""sample_routes"":{""date"":""2026-10-07"",""run_id"":""ee4a8ed5520c43859e904ddfc7d14f6f""},""join_samples"":{""date"":""2026-10-07"",""run_id"":""c247f8784a5849079adb1c1869d6fa5b""}}"
552,152,"46.0757756 , 14.4695567","46.1562926 , 14.3894175",urban-rural,mixed,1199,"{""sample_routes"":{""date"":""2026-10-07"",""run_id"":""ee4a8ed5520c43859e904ddfc7d14f6f""},""join_samples"":{""date"":""2026-10-07"",""run_id"":""c247f8784a5849079adb1c1869d6fa5b""}}"
553,153,"46.3044062 , 15.6129992","46.396495300000005 , 15.520485500000001",urban-urban,mixed,1201,"{""sample_routes"":{""date"":""2026-10-07"",""run_id"":""ee4a8ed5520c43859e904ddfc7d14f6f""},""join_samples"":{""date"":""2026-10-07"",""run_id"":""c247f8784a5849079adb1c1869d6fa5b""}}"
554,154,"45.9271437 , 13.643712","46.012605400000005 , 13.728817000000001",urban-rural,mixed,1202,"{""sample_routes"":{""date"":""2026-10-07"",""run_id"":""ee4a8ed5520c43859e904ddfc7d14f6f""},""join_samples"":{""date"":""2026-10-07"",""run_id"":""c247f8784a5849079adb1c1869d6fa5b""}}"
555,155,"45.888487700000006 , 13.903789000000002","45.7801163 , 14.0118679",urban-rural,mixed,1195,"{""sample_routes"":{""date"":""2026-10-07"",""run_id"":""ee4a8ed5520c43859e904ddfc7d14f6f""},""join_samples"":{""date"":""2026-10-07"",""run_id"":""c247f8784a5849079adb1c1869d6fa5b""}}"
556,156,"46.6976366 , 16.2312556","46.782039100000006 , 16.146730400000003",urban-urban,mixed,1194,"{""sample_routes"":{""date"":""2026-10-07"",""run_id"":""ee4a8ed5520c43859e904ddfc7d14f6f""},""join_samples"":{""date"":""2026-10-07"",""run_id"":""c247f8784a5849079adb1c1869d6fa5b""}}"
557,157,"46.0559391 , 14.561085100000001","46.1528082 , 14.560909200000001",urban-urban,mixed,1194,"{""sample_routes"":{""date"":""2026-10-07"",""run_id"":""ee4a8ed5520c43859e904ddfc7d14f6f""},""join_samples"":{""date"":""2026-10-07"",""run_id"":""c247f8784a5849079adb1c1869d6fa5b""}}"
558,158,"46.2269657 , 15.565168600000002","46.354308200000006 , 15.5650939",rural-rural,mixed,1207,"{""sample_routes"":{""date"":""2026-10-07"",""run_id"":""ee4a8ed5520c43859e904ddfc7d14f6f""},""join_samples"":{""date"":""2026-10-07"",""run_id"":""c247f8784a5849079adb1c1869d6fa5b""}}"
559,159,"45.975462300000004 , 13.6506866","45.878707500000004 , 13.6504899",urban-urban,mixed,1193,"{""sample_routes"":{""date"":""2026-10-07"",""run_id"":""ee4a8ed5520c43859e904ddfc7d14f6f""},""join_samples"":{""date"":""2026-10-07"",""run_id"":""c247f8784a5849079adb1c1869d6fa5b""}}"
560,160,"45.5025969 , 13.7725264","45.5845665 , 13.772163200000001",urban-urban,mixed,1210,"{""sample_routes"":{""date"":""2026-10-07"",""run_id"":""ee4a8ed5520c43859e904ddfc7d14f6f""},""join_samples"":{""date"":""2026-10-07"",""run_id"":""c247f8784a5849079adb1c1869d6fa5b""}}"
561,161,"46.464449300000005 , 15.6449113","46.541364900000005 , 15.721421000000001",urban-urban,mixed,1189,"{""sample_routes"":{""date"":""2026-10-07"",""run_id"":""ee4a8ed5520c43859e904ddfc7d14f6f""},""join_samples"":{""date"":""2026-10-07"",""run_id"":""c247f8784a5849079adb1c1869d6fa5b""}}"
562,162,"45.9979608 , 14.556534200000002","45.928817 , 14.625549300000001",urban-urban,mixed,1189,"{""sample_routes"":{""date"":""2026-10-07"",""run_id"":""ee4a8ed5520c43859e904ddfc7d14f6f""},""join_samples"":{""date"":""2026-10-07"",""run_id"":""c247f8784a5849079adb1c1869d6fa5b""}}"
563,163,"46.560188200000006 , 15.643542000000002","46.559905300000004 , 15.488852300000001",urban-urban,mixed,1212,"{""sample_routes"":{""date"":""2026-10-07"",""run_id"":""ee4a8ed5520c43859e904ddfc7d14f6f""},""join_samples"":{""date"":""2026-10-07"",""run_id"":""c247f8784a5849079adb1c1869d6fa5b""}}"
564,164,"46.254033 , 15.2395606","46.343937700000005 , 15.3297877",urban-rural,mixed,1188,"{""sample_routes"":{""date"":""2026-10-07"",""run_id"":""ee4a8ed5520c43859e904ddfc7d14f6f""},""join_samples"":{""date"":""2026-10-07"",""run_id"":""c247f8784a5849079adb1c1869d6fa5b""}}"
565,165,"46.5305173 , 15.7700016","46.488897300000005 , 15.728752000000002",urban-urban,mixed,1212,"{""sample_routes"":{""date"":""2026-10-07"",""run_id"":""ee4a8ed5520c43859e904ddfc7d14f6f""},""join_samples"":{""date"":""2026-10-07"",""run_id"":""c247f8784a5849079adb1c1869d6fa5b""}}"
566,166,"46.493818600000004 , 15.7736569","46.570431600000006 , 15.773299600000001",urban-rural,mixed,1212,"{""sample_routes"":{""date"":""2026-10-07"",""run_id"":""ee4a8ed5520c43859e904ddfc7d14f6f""},""join_samples"":{""date"":""2026-10-07"",""run_id"":""c247f8784a5849079adb1c1869d6fa5b""}}"
567,167,"46.4131026 , 16.0997495","46.5171897 , 16.0996998",urban-rural,mixed,1188,"{""sample_routes"":{""date"":""2026-10-07"",""run_id"":""ee4a8ed5520c43859e904ddfc7d14f6f""},""join_samples"":{""date"":""2026-10-07"",""run_id"":""c247f8784a5849079adb1c1869d6fa5b""}}"
568,168,"46.5546889 , 15.5072568","46.5546045 , 15.6759917",urban-urban,mixed,1216,"{""sample_routes"":{""date"":""2026-10-07"",""run_id"":""ee4a8ed5520c43859e904ddfc7d14f6f""},""join_samples"":{""date"":""2026-10-07"",""run_id"":""c247f8784a5849079adb1c1869d6fa5b""}}"
569,169,"46.021964700000005 , 15.4798778","45.9393705 , 15.5627326",urban-urban,mixed,1183,"{""sample_routes"":{""date"":""2026-10-07"",""run_id"":""ee4a8ed5520c43859e904ddfc7d14f6f""},""join_samples"":{""date"":""2026-10-07"",""run_id"":""c247f8784a5849079adb1c1869d6fa5b""}}"
570,170,"45.908638700000004 , 14.6390823","45.9950398 , 14.63935",urban-urban,mixed,1218,"{""sample_routes"":{""date"":""2026-10-07"",""run_id"":""ee4a8ed5520c43859e904ddfc7d14f6f""},""join_samples"":{""date"":""2026-10-07"",""run_id"":""c247f8784a5849079adb1c1869d6fa5b""}}"
571,171,"46.5011651 , 16.122559600000002","46.576637100000006 , 16.0471521",rural-rural,mixed,1219,"{""sample_routes"":{""date"":""2026-10-07"",""run_id"":""ee4a8ed5520c43859e904ddfc7d14f6f""},""join_samples"":{""date"":""2026-10-07"",""run_id"":""c247f8784a5849079adb1c1869d6fa5b""}}"
572,172,"46.2053123 , 15.415915600000002","46.2786423 , 15.4894452",urban-urban,mixed,1179,"{""sample_routes"":{""date"":""2026-10-07"",""run_id"":""ee4a8ed5520c43859e904ddfc7d14f6f""},""join_samples"":{""date"":""2026-10-07"",""run_id"":""c247f8784a5849079adb1c1869d6fa5b""}}"
573,173,"46.6725604 , 15.667457700000002","46.527444300000006 , 15.667372",urban-urban,mixed,1223,"{""sample_routes"":{""date"":""2026-10-07"",""run_id"":""ee4a8ed5520c43859e904ddfc7d14f6f""},""join_samples"":{""date"":""2026-10-07"",""run_id"":""c247f8784a5849079adb1c1869d6fa5b""}}"
574,174,"46.345273500000005 , 15.952629600000002","46.4335218 , 15.8644157",urban-urban,mixed,1223,"{""sample_routes"":{""date"":""2026-10-07"",""run_id"":""ee4a8ed5520c43859e904ddfc7d14f6f""},""join_samples"":{""date"":""2026-10-07"",""run_id"":""c247f8784a5849079adb1c1869d6fa5b""}}"
575,175,"46.591032000000006 , 16.1368483","46.678610600000006 , 16.0489545",urban-urban,mixed,1224,"{""sample_routes"":{""date"":""2026-10-07"",""run_id"":""ee4a8ed5520c43859e904ddfc7d14f6f""},""join_samples"":{""date"":""2026-10-07"",""run_id"":""c247f8784a5849079adb1c1869d6fa5b""}}"
576,176,"46.3936812 , 15.730201000000001","46.489169600000004 , 15.7305778",urban-urban,mixed,1225,"{""sample_routes"":{""date"":""2026-10-07"",""run_id"":""ee4a8ed5520c43859e904ddfc7d14f6f""},""join_samples"":{""date"":""2026-10-07"",""run_id"":""c247f8784a5849079adb1c1869d6fa5b""}}"
577,177,"45.674828100000006 , 14.2561139","45.7519798 , 14.179259100000001",urban-urban,mixed,1225,"{""sample_routes"":{""date"":""2026-10-07"",""run_id"":""ee4a8ed5520c43859e904ddfc7d14f6f""},""join_samples"":{""date"":""2026-10-07"",""run_id"":""c247f8784a5849079adb1c1869d6fa5b""}}"
578,178,"46.560425200000005 , 16.3413675","46.6716029 , 16.2298757",urban-rural,mixed,1228,"{""sample_routes"":{""date"":""2026-10-07"",""run_id"":""ee4a8ed5520c43859e904ddfc7d14f6f""},""join_samples"":{""date"":""2026-10-07"",""run_id"":""c247f8784a5849079adb1c1869d6fa5b""}}"
579,179,"45.819739600000005 , 14.961986800000002","45.701638 , 15.0803557",urban-rural,mixed,1172,"{""sample_routes"":{""date"":""2026-10-07"",""run_id"":""ee4a8ed5520c43859e904ddfc7d14f6f""},""join_samples"":{""date"":""2026-10-07"",""run_id"":""c247f8784a5849079adb1c1869d6fa5b""}}"
580,180,"45.5236724 , 13.586844900000001","45.5232698 , 13.740714",urban-rural,mixed,1170,"{""sample_routes"":{""date"":""2026-10-07"",""run_id"":""ee4a8ed5520c43859e904ddfc7d14f6f""},""join_samples"":{""date"":""2026-10-07"",""run_id"":""c247f8784a5849079adb1c1869d6fa5b""}}"
581,181,"45.774884500000006 , 14.405836","45.672888300000004 , 14.5082377",urban-rural,mixed,1168,"{""sample_routes"":{""date"":""2026-10-07"",""run_id"":""ee4a8ed5520c43859e904ddfc7d14f6f""},""join_samples"":{""date"":""2026-10-07"",""run_id"":""c247f8784a5849079adb1c1869d6fa5b""}}"
582,182,"46.544101500000004 , 15.661179800000001","46.6461332 , 15.558790100000001",rural-rural,mixed,1232,"{""sample_routes"":{""date"":""2026-10-07"",""run_id"":""ee4a8ed5520c43859e904ddfc7d14f6f""},""join_samples"":{""date"":""2026-10-07"",""run_id"":""c247f8784a5849079adb1c1869d6fa5b""}}"
583,183,"45.9561865 , 14.322987500000002","46.034277900000006 , 14.245219700000002",urban-rural,mixed,1234,"{""sample_routes"":{""date"":""2026-10-07"",""run_id"":""ee4a8ed5520c43859e904ddfc7d14f6f""},""join_samples"":{""date"":""2026-10-07"",""run_id"":""c247f8784a5849079adb1c1869d6fa5b""}}"
584,184,"46.5147409 , 15.723096900000002","46.5146968 , 15.6080427",urban-rural,mixed,1237,"{""sample_routes"":{""date"":""2026-10-07"",""run_id"":""ee4a8ed5520c43859e904ddfc7d14f6f""},""join_samples"":{""date"":""2026-10-07"",""run_id"":""c247f8784a5849079adb1c1869d6fa5b""}}"
585,185,"45.993242800000004 , 14.6720333","45.9929566 , 14.5571274",urban-urban,mixed,1238,"{""sample_routes"":{""date"":""2026-10-07"",""run_id"":""ee4a8ed5520c43859e904ddfc7d14f6f""},""join_samples"":{""date"":""2026-10-07"",""run_id"":""c247f8784a5849079adb1c1869d6fa5b""}}"
586,186,"46.132169700000006 , 14.4394199","46.2104683 , 14.439785500000001",urban-urban,mixed,1161,"{""sample_routes"":{""date"":""2026-10-07"",""run_id"":""ee4a8ed5520c43859e904ddfc7d14f6f""},""join_samples"":{""date"":""2026-10-07"",""run_id"":""c247f8784a5849079adb1c1869d6fa5b""}}"
587,187,"45.5220337 , 13.574462100000002","45.521926 , 13.723638600000001",urban-urban,mixed,1239,"{""sample_routes"":{""date"":""2026-10-07"",""run_id"":""ee4a8ed5520c43859e904ddfc7d14f6f""},""join_samples"":{""date"":""2026-10-07"",""run_id"":""c247f8784a5849079adb1c1869d6fa5b""}}"
588,188,"46.6695878 , 15.675775900000001","46.528352700000006 , 15.676100900000002",rural-urban,mixed,1159,"{""sample_routes"":{""date"":""2026-10-07"",""run_id"":""ee4a8ed5520c43859e904ddfc7d14f6f""},""join_samples"":{""date"":""2026-10-07"",""run_id"":""c247f8784a5849079adb1c1869d6fa5b""}}"
589,189,"46.4266488 , 15.6047326","46.3060698 , 15.604643600000001",urban-rural,mixed,1242,"{""sample_routes"":{""date"":""2026-10-07"",""run_id"":""ee4a8ed5520c43859e904ddfc7d14f6f""},""join_samples"":{""date"":""2026-10-07"",""run_id"":""c247f8784a5849079adb1c1869d6fa5b""}}"
590,190,"46.079906900000005 , 14.536964300000001","46.1449895 , 14.5366257",urban-urban,mixed,1156,"{""sample_routes"":{""date"":""2026-10-07"",""run_id"":""ee4a8ed5520c43859e904ddfc7d14f6f""},""join_samples"":{""date"":""2026-10-07"",""run_id"":""c247f8784a5849079adb1c1869d6fa5b""}}"
591,191,"46.262644 , 14.353895900000001","46.1631677 , 14.3540399",urban-urban,mixed,1155,"{""sample_routes"":{""date"":""2026-10-07"",""run_id"":""ee4a8ed5520c43859e904ddfc7d14f6f""},""join_samples"":{""date"":""2026-10-07"",""run_id"":""c247f8784a5849079adb1c1869d6fa5b""}}"
592,192,"46.429700100000005 , 15.760059400000001","46.4295253 , 15.5923236",rural-urban,mixed,1246,"{""sample_routes"":{""date"":""2026-10-07"",""run_id"":""ee4a8ed5520c43859e904ddfc7d14f6f""},""join_samples"":{""date"":""2026-10-07"",""run_id"":""c247f8784a5849079adb1c1869d6fa5b""}}"
593,193,"46.568178200000006 , 16.2929295","46.5679554 , 16.4672142",urban-urban,mixed,1246,"{""sample_routes"":{""date"":""2026-10-07"",""run_id"":""ee4a8ed5520c43859e904ddfc7d14f6f""},""join_samples"":{""date"":""2026-10-07"",""run_id"":""c247f8784a5849079adb1c1869d6fa5b""}}"
594,194,"46.380626 , 15.506090200000001","46.429482900000004 , 15.5056974",urban-urban,mixed,1152,"{""sample_routes"":{""date"":""2026-10-07"",""run_id"":""ee4a8ed5520c43859e904ddfc7d14f6f""},""join_samples"":{""date"":""2026-10-07"",""run_id"":""c247f8784a5849079adb1c1869d6fa5b""}}"
595,195,"46.260839700000005 , 14.3025108","46.2610679 , 14.4274412",urban-urban,mixed,1249,"{""sample_routes"":{""date"":""2026-10-07"",""run_id"":""ee4a8ed5520c43859e904ddfc7d14f6f""},""join_samples"":{""date"":""2026-10-07"",""run_id"":""c247f8784a5849079adb1c1869d6fa5b""}}"
596,196,"46.614862300000006 , 15.869516800000001","46.524702100000006 , 15.8692092",urban-urban,mixed,1250,"{""sample_routes"":{""date"":""2026-10-07"",""run_id"":""ee4a8ed5520c43859e904ddfc7d14f6f""},""join_samples"":{""date"":""2026-10-07"",""run_id"":""c247f8784a5849079adb1c1869d6fa5b""}}"
597,197,"46.5463826 , 15.619991200000001","46.5467895 , 15.7420883",urban-urban,mixed,1150,"{""sample_routes"":{""date"":""2026-10-07"",""run_id"":""ee4a8ed5520c43859e904ddfc7d14f6f""},""join_samples"":{""date"":""2026-10-07"",""run_id"":""c247f8784a5849079adb1c1869d6fa5b""}}"
598,198,"45.646531700000004 , 15.168473100000002","45.5217351 , 15.168511",urban-rural,mixed,1150,"{""sample_routes"":{""date"":""2026-10-07"",""run_id"":""ee4a8ed5520c43859e904ddfc7d14f6f""},""join_samples"":{""date"":""2026-10-07"",""run_id"":""c247f8784a5849079adb1c1869d6fa5b""}}"
599,199,"46.6623108 , 16.156343800000002","46.539102500000006 , 16.1562933",urban-rural,mixed,1149,"{""sample_routes"":{""date"":""2026-10-07"",""run_id"":""ee4a8ed5520c43859e904ddfc7d14f6f""},""join_samples"":{""date"":""2026-10-07"",""run_id"":""c247f8784a5849079adb1c1869d6fa5b""}}"
600,200,"45.960194800000004 , 14.6470453","45.95985 , 14.519190300000002",urban-urban,mixed,1148,"{""sample_routes"":{""date"":""2026-10-07"",""run_id"":""ee4a8ed5520c43859e904ddfc7d14f6f""},""join_samples"":{""date"":""2026-10-07"",""run_id"":""c247f8784a5849079adb1c1869d6fa5b""}}"
601,201,"46.5916097 , 15.891200000000001","46.6947556 , 15.8915573",urban-urban,mixed,1254,"{""sample_routes"":{""date"":""2026-10-07"",""run_id"":""ee4a8ed5520c43859e904ddfc7d14f6f""},""join_samples"":{""date"":""2026-10-07"",""run_id"":""c247f8784a5849079adb1c1869d6fa5b""}}"
602,202,"46.6351029 , 15.848316200000001","46.5497025 , 15.7632297",rural-urban,mixed,1255,"{""sample_routes"":{""date"":""2026-10-07"",""run_id"":""ee4a8ed5520c43859e904ddfc7d14f6f""},""join_samples"":{""date"":""2026-10-07"",""run_id"":""c247f8784a5849079adb1c1869d6fa5b""}}"
603,203,"46.6599267 , 16.0778308","46.6601647 , 16.2461416",urban-rural,mixed,1144,"{""sample_routes"":{""date"":""2026-10-07"",""run_id"":""ee4a8ed5520c43859e904ddfc7d14f6f""},""join_samples"":{""date"":""2026-10-07"",""run_id"":""c247f8784a5849079adb1c1869d6fa5b""}}"
604,204,"46.574917600000006 , 16.2893443","46.5748376 , 16.1243211",urban-urban,mixed,1257,"{""sample_routes"":{""date"":""2026-10-07"",""run_id"":""ee4a8ed5520c43859e904ddfc7d14f6f""},""join_samples"":{""date"":""2026-10-07"",""run_id"":""c247f8784a5849079adb1c1869d6fa5b""}}"
605,205,"46.030488000000005 , 14.529751000000001","46.1110228 , 14.529701200000002",urban-urban,mixed,1141,"{""sample_routes"":{""date"":""2026-10-07"",""run_id"":""ee4a8ed5520c43859e904ddfc7d14f6f""},""join_samples"":{""date"":""2026-10-07"",""run_id"":""c247f8784a5849079adb1c1869d6fa5b""}}"
606,206,"46.464875000000006 , 15.659182800000002","46.5806033 , 15.659437500000001",urban-urban,mixed,1139,"{""sample_routes"":{""date"":""2026-10-07"",""run_id"":""ee4a8ed5520c43859e904ddfc7d14f6f""},""join_samples"":{""date"":""2026-10-07"",""run_id"":""c247f8784a5849079adb1c1869d6fa5b""}}"
607,207,"46.113252100000004 , 14.6264877","46.113017500000005 , 14.5108116",rural-rural,mixed,1262,"{""sample_routes"":{""date"":""2026-10-07"",""run_id"":""ee4a8ed5520c43859e904ddfc7d14f6f""},""join_samples"":{""date"":""2026-10-07"",""run_id"":""c247f8784a5849079adb1c1869d6fa5b""}}"
608,208,"46.3126826 , 14.3749239","46.2044757 , 14.3753238",urban-urban,mixed,1262,"{""sample_routes"":{""date"":""2026-10-07"",""run_id"":""ee4a8ed5520c43859e904ddfc7d14f6f""},""join_samples"":{""date"":""2026-10-07"",""run_id"":""c247f8784a5849079adb1c1869d6fa5b""}}"
609,209,"46.108592300000005 , 14.4155771","46.168272200000004 , 14.355523400000001",urban-urban,mixed,1136,"{""sample_routes"":{""date"":""2026-10-07"",""run_id"":""ee4a8ed5520c43859e904ddfc7d14f6f""},""join_samples"":{""date"":""2026-10-07"",""run_id"":""c247f8784a5849079adb1c1869d6fa5b""}}"
610,210,"45.905036700000004 , 14.593515100000001","45.9902783 , 14.5933665",urban-rural,mixed,1136,"{""sample_routes"":{""date"":""2026-10-07"",""run_id"":""ee4a8ed5520c43859e904ddfc7d14f6f""},""join_samples"":{""date"":""2026-10-07"",""run_id"":""c247f8784a5849079adb1c1869d6fa5b""}}"
611,211,"45.5192483 , 13.579164800000001","45.5193737 , 13.7522798",urban-rural,mixed,1264,"{""sample_routes"":{""date"":""2026-10-07"",""run_id"":""ee4a8ed5520c43859e904ddfc7d14f6f""},""join_samples"":{""date"":""2026-10-07"",""run_id"":""c247f8784a5849079adb1c1869d6fa5b""}}"
612,212,"46.2640217 , 14.276472900000002","46.2297548 , 14.276723700000002",urban-rural,mixed,1264,"{""sample_routes"":{""date"":""2026-10-07"",""run_id"":""ee4a8ed5520c43859e904ddfc7d14f6f""},""join_samples"":{""date"":""2026-10-07"",""run_id"":""c247f8784a5849079adb1c1869d6fa5b""}}"
613,213,"46.1740599 , 14.5770724","46.263247400000004 , 14.666358700000002",rural-rural,mixed,1266,"{""sample_routes"":{""date"":""2026-10-07"",""run_id"":""ee4a8ed5520c43859e904ddfc7d14f6f""},""join_samples"":{""date"":""2026-10-07"",""run_id"":""c247f8784a5849079adb1c1869d6fa5b""}}"
614,214,"46.2409759 , 15.2221337","46.3293491 , 15.310417800000002",urban-urban,mixed,1267,"{""sample_routes"":{""date"":""2026-10-07"",""run_id"":""ee4a8ed5520c43859e904ddfc7d14f6f""},""join_samples"":{""date"":""2026-10-07"",""run_id"":""c247f8784a5849079adb1c1869d6fa5b""}}"
615,215,"45.7455842 , 14.1129504","45.669626900000004 , 14.1889576",urban-rural,mixed,1268,"{""sample_routes"":{""date"":""2026-10-07"",""run_id"":""ee4a8ed5520c43859e904ddfc7d14f6f""},""join_samples"":{""date"":""2026-10-07"",""run_id"":""c247f8784a5849079adb1c1869d6fa5b""}}"
616,216,"46.7038663 , 16.1396372","46.6020534 , 16.241615",urban-urban,mixed,1268,"{""sample_routes"":{""date"":""2026-10-07"",""run_id"":""ee4a8ed5520c43859e904ddfc7d14f6f""},""join_samples"":{""date"":""2026-10-07"",""run_id"":""c247f8784a5849079adb1c1869d6fa5b""}}"
617,217,"46.497668100000006 , 15.0888506","46.5943811 , 14.991986500000001",urban-rural,mixed,1132,"{""sample_routes"":{""date"":""2026-10-07"",""run_id"":""ee4a8ed5520c43859e904ddfc7d14f6f""},""join_samples"":{""date"":""2026-10-07"",""run_id"":""c247f8784a5849079adb1c1869d6fa5b""}}"
618,218,"46.0045884 , 14.3777526","45.909235 , 14.3776743",urban-urban,mixed,1269,"{""sample_routes"":{""date"":""2026-10-07"",""run_id"":""ee4a8ed5520c43859e904ddfc7d14f6f""},""join_samples"":{""date"":""2026-10-07"",""run_id"":""c247f8784a5849079adb1c1869d6fa5b""}}"
619,219,"46.429414200000004 , 15.864745800000001","46.4297175 , 15.698992700000002",urban-rural,mixed,1270,"{""sample_routes"":{""date"":""2026-10-07"",""run_id"":""ee4a8ed5520c43859e904ddfc7d14f6f""},""join_samples"":{""date"":""2026-10-07"",""run_id"":""c247f8784a5849079adb1c1869d6fa5b""}}"
620,220,"46.4168007 , 16.2043183","46.416551500000004 , 15.976392800000001",urban-urban,mixed,1271,"{""sample_routes"":{""date"":""2026-10-07"",""run_id"":""ee4a8ed5520c43859e904ddfc7d14f6f""},""join_samples"":{""date"":""2026-10-07"",""run_id"":""c247f8784a5849079adb1c1869d6fa5b""}}"
621,221,"45.903467400000004 , 14.236295700000001","46.0040722 , 14.3369484",urban-urban,mixed,1272,"{""sample_routes"":{""date"":""2026-10-07"",""run_id"":""ee4a8ed5520c43859e904ddfc7d14f6f""},""join_samples"":{""date"":""2026-10-07"",""run_id"":""c247f8784a5849079adb1c1869d6fa5b""}}"
622,222,"45.797091900000005 , 15.0840159","45.7973524 , 14.9504771",urban-rural,mixed,1128,"{""sample_routes"":{""date"":""2026-10-07"",""run_id"":""ee4a8ed5520c43859e904ddfc7d14f6f""},""join_samples"":{""date"":""2026-10-07"",""run_id"":""c247f8784a5849079adb1c1869d6fa5b""}}"
623,223,"46.703129100000005 , 16.0458372","46.613464900000004 , 16.1352918",rural-urban,mixed,1272,"{""sample_routes"":{""date"":""2026-10-07"",""run_id"":""ee4a8ed5520c43859e904ddfc7d14f6f""},""join_samples"":{""date"":""2026-10-07"",""run_id"":""c247f8784a5849079adb1c1869d6fa5b""}}"
624,224,"46.0517076 , 14.598508","46.0518954 , 14.4112886",urban-urban,mixed,1273,"{""sample_routes"":{""date"":""2026-10-07"",""run_id"":""ee4a8ed5520c43859e904ddfc7d14f6f""},""join_samples"":{""date"":""2026-10-07"",""run_id"":""c247f8784a5849079adb1c1869d6fa5b""}}"
625,225,"45.9633954 , 15.5073275","45.962994 , 15.4048356",urban-urban,mixed,1127,"{""sample_routes"":{""date"":""2026-10-07"",""run_id"":""ee4a8ed5520c43859e904ddfc7d14f6f""},""join_samples"":{""date"":""2026-10-07"",""run_id"":""c247f8784a5849079adb1c1869d6fa5b""}}"
626,226,"46.0041248 , 14.335108100000001","46.0715671 , 14.4023734",urban-urban,mixed,1274,"{""sample_routes"":{""date"":""2026-10-07"",""run_id"":""ee4a8ed5520c43859e904ddfc7d14f6f""},""join_samples"":{""date"":""2026-10-07"",""run_id"":""c247f8784a5849079adb1c1869d6fa5b""}}"
627,227,"45.834822200000005 , 15.2224423","45.7383773 , 15.2222498",urban-rural,mixed,1126,"{""sample_routes"":{""date"":""2026-10-07"",""run_id"":""ee4a8ed5520c43859e904ddfc7d14f6f""},""join_samples"":{""date"":""2026-10-07"",""run_id"":""c247f8784a5849079adb1c1869d6fa5b""}}"
628,228,"46.503545300000006 , 15.9010998","46.6130566 , 15.791393300000001",rural-rural,mixed,1275,"{""sample_routes"":{""date"":""2026-10-07"",""run_id"":""ee4a8ed5520c43859e904ddfc7d14f6f""},""join_samples"":{""date"":""2026-10-07"",""run_id"":""c247f8784a5849079adb1c1869d6fa5b""}}"
629,229,"45.9790201 , 14.2489328","45.8943317 , 14.248602700000001",rural-rural,mixed,1276,"{""sample_routes"":{""date"":""2026-10-07"",""run_id"":""ee4a8ed5520c43859e904ddfc7d14f6f""},""join_samples"":{""date"":""2026-10-07"",""run_id"":""c247f8784a5849079adb1c1869d6fa5b""}}"
630,230,"46.4080722 , 16.238106900000002","46.4080054 , 16.0431707",urban-urban,mixed,1278,"{""sample_routes"":{""date"":""2026-10-07"",""run_id"":""ee4a8ed5520c43859e904ddfc7d14f6f""},""join_samples"":{""date"":""2026-10-07"",""run_id"":""c247f8784a5849079adb1c1869d6fa5b""}}"
631,231,"46.1869354 , 14.494578400000002","46.145532200000005 , 14.536109100000001",urban-urban,mixed,1278,"{""sample_routes"":{""date"":""2026-10-07"",""run_id"":""ee4a8ed5520c43859e904ddfc7d14f6f""},""join_samples"":{""date"":""2026-10-07"",""run_id"":""c247f8784a5849079adb1c1869d6fa5b""}}"
632,232,"45.5264808 , 13.6442408","45.5262284 , 13.8539209",urban-urban,mixed,1281,"{""sample_routes"":{""date"":""2026-10-07"",""run_id"":""ee4a8ed5520c43859e904ddfc7d14f6f""},""join_samples"":{""date"":""2026-10-07"",""run_id"":""c247f8784a5849079adb1c1869d6fa5b""}}"
633,233,"46.637429100000006 , 16.0412353","46.637175400000004 , 15.906076700000002",urban-urban,mixed,1117,"{""sample_routes"":{""date"":""2026-10-07"",""run_id"":""ee4a8ed5520c43859e904ddfc7d14f6f""},""join_samples"":{""date"":""2026-10-07"",""run_id"":""c247f8784a5849079adb1c1869d6fa5b""}}"
634,234,"45.645966900000005 , 15.1712173","45.645705 , 15.323968",urban-urban,mixed,1283,"{""sample_routes"":{""date"":""2026-10-07"",""run_id"":""ee4a8ed5520c43859e904ddfc7d14f6f""},""join_samples"":{""date"":""2026-10-07"",""run_id"":""c247f8784a5849079adb1c1869d6fa5b""}}"
635,235,"46.6663985 , 16.0474882","46.537451000000004 , 16.0474809",urban-rural,mixed,1290,"{""sample_routes"":{""date"":""2026-10-07"",""run_id"":""ee4a8ed5520c43859e904ddfc7d14f6f""},""join_samples"":{""date"":""2026-10-07"",""run_id"":""c247f8784a5849079adb1c1869d6fa5b""}}"
636,236,"46.157491400000005 , 14.4117014","46.269048700000006 , 14.411410900000002",urban-urban,mixed,1110,"{""sample_routes"":{""date"":""2026-10-07"",""run_id"":""ee4a8ed5520c43859e904ddfc7d14f6f""},""join_samples"":{""date"":""2026-10-07"",""run_id"":""c247f8784a5849079adb1c1869d6fa5b""}}"
637,237,"46.3453348 , 15.9215183","46.4304338 , 15.8361198",urban-urban,mixed,1295,"{""sample_routes"":{""date"":""2026-10-07"",""run_id"":""ee4a8ed5520c43859e904ddfc7d14f6f""},""join_samples"":{""date"":""2026-10-07"",""run_id"":""c247f8784a5849079adb1c1869d6fa5b""}}"
638,238,"46.150528200000004 , 14.4457242","46.0435292 , 14.445371600000001",urban-urban,mixed,1302,"{""sample_routes"":{""date"":""2026-10-07"",""run_id"":""ee4a8ed5520c43859e904ddfc7d14f6f""},""join_samples"":{""date"":""2026-10-07"",""run_id"":""c247f8784a5849079adb1c1869d6fa5b""}}"
639,239,"46.389586 , 15.840875800000001","46.3899161 , 16.002784000000002",urban-urban,mixed,1304,"{""sample_routes"":{""date"":""2026-10-07"",""run_id"":""ee4a8ed5520c43859e904ddfc7d14f6f""},""join_samples"":{""date"":""2026-10-07"",""run_id"":""c247f8784a5849079adb1c1869d6fa5b""}}"
640,240,"45.937472 , 15.470554700000001","46.018388 , 15.551461000000002",urban-urban,mixed,1306,"{""sample_routes"":{""date"":""2026-10-07"",""run_id"":""ee4a8ed5520c43859e904ddfc7d14f6f""},""join_samples"":{""date"":""2026-10-07"",""run_id"":""c247f8784a5849079adb1c1869d6fa5b""}}"
641,241,"46.556549200000006 , 15.574190000000002","46.5746368 , 15.573997400000001",urban-urban,mixed,1093,"{""sample_routes"":{""date"":""2026-10-07"",""run_id"":""ee4a8ed5520c43859e904ddfc7d14f6f""},""join_samples"":{""date"":""2026-10-07"",""run_id"":""c247f8784a5849079adb1c1869d6fa5b""}}"
642,242,"46.6431344 , 16.0133043","46.6432379 , 15.9391803",urban-urban,mixed,1090,"{""sample_routes"":{""date"":""2026-10-07"",""run_id"":""ee4a8ed5520c43859e904ddfc7d14f6f""},""join_samples"":{""date"":""2026-10-07"",""run_id"":""c247f8784a5849079adb1c1869d6fa5b""}}"
643,243,"46.373877900000004 , 15.766482300000002","46.3737968 , 15.904929800000001",urban-urban,mixed,1090,"{""sample_routes"":{""date"":""2026-10-07"",""run_id"":""ee4a8ed5520c43859e904ddfc7d14f6f""},""join_samples"":{""date"":""2026-10-07"",""run_id"":""c247f8784a5849079adb1c1869d6fa5b""}}"
644,244,"45.931499800000005 , 13.669748700000001","45.8821711 , 13.620583400000001",urban-rural,mixed,1089,"{""sample_routes"":{""date"":""2026-10-07"",""run_id"":""ee4a8ed5520c43859e904ddfc7d14f6f""},""join_samples"":{""date"":""2026-10-07"",""run_id"":""c247f8784a5849079adb1c1869d6fa5b""}}"
645,245,"46.0225475 , 15.472538600000002","45.899744600000005 , 15.472322900000002",urban-urban,mixed,1312,"{""sample_routes"":{""date"":""2026-10-07"",""run_id"":""ee4a8ed5520c43859e904ddfc7d14f6f""},""join_samples"":{""date"":""2026-10-07"",""run_id"":""c247f8784a5849079adb1c1869d6fa5b""}}"
646,246,"46.5672696 , 15.018938100000002","46.5674761 , 14.8393113",rural-rural,mixed,1312,"{""sample_routes"":{""date"":""2026-10-07"",""run_id"":""ee4a8ed5520c43859e904ddfc7d14f6f""},""join_samples"":{""date"":""2026-10-07"",""run_id"":""c247f8784a5849079adb1c1869d6fa5b""}}"
647,247,"45.8466479 , 13.9630478","45.939549400000004 , 13.8698885",urban-rural,mixed,1312,"{""sample_routes"":{""date"":""2026-10-07"",""run_id"":""ee4a8ed5520c43859e904ddfc7d14f6f""},""join_samples"":{""date"":""2026-10-07"",""run_id"":""c247f8784a5849079adb1c1869d6fa5b""}}"
648,248,"46.528027900000005 , 15.669761200000002","46.634649700000004 , 15.562841",urban-rural,mixed,1315,"{""sample_routes"":{""date"":""2026-10-07"",""run_id"":""ee4a8ed5520c43859e904ddfc7d14f6f""},""join_samples"":{""date"":""2026-10-07"",""run_id"":""c247f8784a5849079adb1c1869d6fa5b""}}"
649,249,"45.7861204 , 15.1604627","45.785921800000004 , 15.2596641",urban-rural,mixed,1084,"{""sample_routes"":{""date"":""2026-10-07"",""run_id"":""ee4a8ed5520c43859e904ddfc7d14f6f""},""join_samples"":{""date"":""2026-10-07"",""run_id"":""c247f8784a5849079adb1c1869d6fa5b""}}"
650,250,"46.165360500000006 , 15.052700100000001","46.165511800000004 , 14.960919200000001",urban-urban,mixed,1317,"{""sample_routes"":{""date"":""2026-10-07"",""run_id"":""ee4a8ed5520c43859e904ddfc7d14f6f""},""join_samples"":{""date"":""2026-10-07"",""run_id"":""c247f8784a5849079adb1c1869d6fa5b""}}"
651,251,"46.0562096 , 14.4521539","46.055917300000004 , 14.343152900000002",urban-urban,mixed,1317,"{""sample_routes"":{""date"":""2026-10-07"",""run_id"":""ee4a8ed5520c43859e904ddfc7d14f6f""},""join_samples"":{""date"":""2026-10-07"",""run_id"":""c247f8784a5849079adb1c1869d6fa5b""}}"
652,252,"45.9090538 , 14.1949141","46.012722100000005 , 14.298502200000001",urban-rural,mixed,1317,"{""sample_routes"":{""date"":""2026-10-07"",""run_id"":""ee4a8ed5520c43859e904ddfc7d14f6f""},""join_samples"":{""date"":""2026-10-07"",""run_id"":""c247f8784a5849079adb1c1869d6fa5b""}}"
653,253,"46.3944168 , 15.5634805","46.262174 , 15.5636916",urban-urban,mixed,1319,"{""sample_routes"":{""date"":""2026-10-07"",""run_id"":""ee4a8ed5520c43859e904ddfc7d14f6f""},""join_samples"":{""date"":""2026-10-07"",""run_id"":""c247f8784a5849079adb1c1869d6fa5b""}}"
654,254,"46.389158300000005 , 14.0255091","46.445803700000006 , 14.0253338",urban-urban,mixed,1319,"{""sample_routes"":{""date"":""2026-10-07"",""run_id"":""ee4a8ed5520c43859e904ddfc7d14f6f""},""join_samples"":{""date"":""2026-10-07"",""run_id"":""c247f8784a5849079adb1c1869d6fa5b""}}"
655,255,"46.4295927 , 15.8762056","46.561739900000006 , 15.8764953",urban-rural,mixed,1321,"{""sample_routes"":{""date"":""2026-10-07"",""run_id"":""ee4a8ed5520c43859e904ddfc7d14f6f""},""join_samples"":{""date"":""2026-10-07"",""run_id"":""c247f8784a5849079adb1c1869d6fa5b""}}"
656,256,"46.0801845 , 14.518375","46.162742900000005 , 14.4356053",urban-urban,mixed,1321,"{""sample_routes"":{""date"":""2026-10-07"",""run_id"":""ee4a8ed5520c43859e904ddfc7d14f6f""},""join_samples"":{""date"":""2026-10-07"",""run_id"":""c247f8784a5849079adb1c1869d6fa5b""}}"
657,257,"46.0810016 , 14.514786800000001","46.1741472 , 14.421771000000001",urban-urban,mixed,1322,"{""sample_routes"":{""date"":""2026-10-07"",""run_id"":""ee4a8ed5520c43859e904ddfc7d14f6f""},""join_samples"":{""date"":""2026-10-07"",""run_id"":""c247f8784a5849079adb1c1869d6fa5b""}}"
658,258,"46.2541669 , 15.5627846","46.181536300000005 , 15.6352659",urban-urban,mixed,1324,"{""sample_routes"":{""date"":""2026-10-07"",""run_id"":""ee4a8ed5520c43859e904ddfc7d14f6f""},""join_samples"":{""date"":""2026-10-07"",""run_id"":""c247f8784a5849079adb1c1869d6fa5b""}}"
659,259,"46.397456500000004 , 15.715572100000001","46.495293700000005 , 15.7156193",urban-urban,mixed,1324,"{""sample_routes"":{""date"":""2026-10-07"",""run_id"":""ee4a8ed5520c43859e904ddfc7d14f6f""},""join_samples"":{""date"":""2026-10-07"",""run_id"":""c247f8784a5849079adb1c1869d6fa5b""}}"
660,260,"46.154659300000006 , 14.484109700000001","46.1544815 , 14.6025717",urban-urban,mixed,1324,"{""sample_routes"":{""date"":""2026-10-07"",""run_id"":""ee4a8ed5520c43859e904ddfc7d14f6f""},""join_samples"":{""date"":""2026-10-07"",""run_id"":""c247f8784a5849079adb1c1869d6fa5b""}}"
661,261,"46.0640452 , 14.500096200000002","46.1532628 , 14.4107871",urban-rural,mixed,1326,"{""sample_routes"":{""date"":""2026-10-07"",""run_id"":""ee4a8ed5520c43859e904ddfc7d14f6f""},""join_samples"":{""date"":""2026-10-07"",""run_id"":""c247f8784a5849079adb1c1869d6fa5b""}}"
662,262,"45.963354900000006 , 13.6765415","46.0215825 , 13.676804",rural-rural,mixed,1074,"{""sample_routes"":{""date"":""2026-10-07"",""run_id"":""ee4a8ed5520c43859e904ddfc7d14f6f""},""join_samples"":{""date"":""2026-10-07"",""run_id"":""c247f8784a5849079adb1c1869d6fa5b""}}"
663,263,"46.6727871 , 16.0521193","46.5719543 , 16.1532685",urban-rural,mixed,1327,"{""sample_routes"":{""date"":""2026-10-07"",""run_id"":""ee4a8ed5520c43859e904ddfc7d14f6f""},""join_samples"":{""date"":""2026-10-07"",""run_id"":""c247f8784a5849079adb1c1869d6fa5b""}}"
664,264,"45.5173785 , 15.1789909","45.6529241 , 15.179407800000002",rural-urban,mixed,1328,"{""sample_routes"":{""date"":""2026-10-07"",""run_id"":""ee4a8ed5520c43859e904ddfc7d14f6f""},""join_samples"":{""date"":""2026-10-07"",""run_id"":""c247f8784a5849079adb1c1869d6fa5b""}}"
665,265,"46.398131400000004 , 15.5702122","46.270451200000004 , 15.570484500000001",urban-urban,mixed,1329,"{""sample_routes"":{""date"":""2026-10-07"",""run_id"":""ee4a8ed5520c43859e904ddfc7d14f6f""},""join_samples"":{""date"":""2026-10-07"",""run_id"":""c247f8784a5849079adb1c1869d6fa5b""}}"
666,266,"46.0786299 , 14.5711887","46.078716 , 14.431923200000002",urban-rural,mixed,1071,"{""sample_routes"":{""date"":""2026-10-07"",""run_id"":""ee4a8ed5520c43859e904ddfc7d14f6f""},""join_samples"":{""date"":""2026-10-07"",""run_id"":""c247f8784a5849079adb1c1869d6fa5b""}}"
667,267,"46.138310800000006 , 15.115247900000002","46.084645800000004 , 15.1687928",urban-urban,mixed,1070,"{""sample_routes"":{""date"":""2026-10-07"",""run_id"":""ee4a8ed5520c43859e904ddfc7d14f6f""},""join_samples"":{""date"":""2026-10-07"",""run_id"":""c247f8784a5849079adb1c1869d6fa5b""}}"
668,268,"46.0371205 , 14.5042556","45.964755100000005 , 14.5042871",urban-rural,mixed,1067,"{""sample_routes"":{""date"":""2026-10-07"",""run_id"":""ee4a8ed5520c43859e904ddfc7d14f6f""},""join_samples"":{""date"":""2026-10-07"",""run_id"":""c247f8784a5849079adb1c1869d6fa5b""}}"
669,269,"46.071225000000005 , 14.4781256","46.1580157 , 14.5650253",urban-urban,mixed,1333,"{""sample_routes"":{""date"":""2026-10-07"",""run_id"":""ee4a8ed5520c43859e904ddfc7d14f6f""},""join_samples"":{""date"":""2026-10-07"",""run_id"":""c247f8784a5849079adb1c1869d6fa5b""}}"
670,270,"46.266602600000006 , 14.452767900000001","46.2067004 , 14.393212",urban-rural,mixed,1064,"{""sample_routes"":{""date"":""2026-10-07"",""run_id"":""ee4a8ed5520c43859e904ddfc7d14f6f""},""join_samples"":{""date"":""2026-10-07"",""run_id"":""c247f8784a5849079adb1c1869d6fa5b""}}"
671,271,"45.881083200000006 , 13.6011664","45.8806876 , 13.7400476",rural-urban,mixed,1064,"{""sample_routes"":{""date"":""2026-10-07"",""run_id"":""ee4a8ed5520c43859e904ddfc7d14f6f""},""join_samples"":{""date"":""2026-10-07"",""run_id"":""c247f8784a5849079adb1c1869d6fa5b""}}"
672,272,"46.541539500000006 , 16.2935675","46.629561300000006 , 16.3817835",urban-urban,mixed,1337,"{""sample_routes"":{""date"":""2026-10-07"",""run_id"":""ee4a8ed5520c43859e904ddfc7d14f6f""},""join_samples"":{""date"":""2026-10-07"",""run_id"":""c247f8784a5849079adb1c1869d6fa5b""}}"
673,273,"45.5162884 , 13.571696600000001","45.515997000000006 , 13.7279856",urban-urban,mixed,1339,"{""sample_routes"":{""date"":""2026-10-07"",""run_id"":""ee4a8ed5520c43859e904ddfc7d14f6f""},""join_samples"":{""date"":""2026-10-07"",""run_id"":""c247f8784a5849079adb1c1869d6fa5b""}}"
674,274,"46.368315700000004 , 14.179839900000001","46.453603 , 14.094896400000001",urban-urban,mixed,1342,"{""sample_routes"":{""date"":""2026-10-07"",""run_id"":""ee4a8ed5520c43859e904ddfc7d14f6f""},""join_samples"":{""date"":""2026-10-07"",""run_id"":""c247f8784a5849079adb1c1869d6fa5b""}}"
675,275,"45.9585718 , 14.658986400000002","45.958401 , 14.5201331",urban-urban,mixed,1346,"{""sample_routes"":{""date"":""2026-10-07"",""run_id"":""ee4a8ed5520c43859e904ddfc7d14f6f""},""join_samples"":{""date"":""2026-10-07"",""run_id"":""c247f8784a5849079adb1c1869d6fa5b""}}"
676,276,"46.771319600000005 , 16.151231600000003","46.7716768 , 16.0597467",urban-urban,mixed,1348,"{""sample_routes"":{""date"":""2026-10-07"",""run_id"":""ee4a8ed5520c43859e904ddfc7d14f6f""},""join_samples"":{""date"":""2026-10-07"",""run_id"":""c247f8784a5849079adb1c1869d6fa5b""}}"
677,277,"46.0970378 , 14.10219","46.0580347 , 14.0629681",urban-urban,mixed,1051,"{""sample_routes"":{""date"":""2026-10-07"",""run_id"":""ee4a8ed5520c43859e904ddfc7d14f6f""},""join_samples"":{""date"":""2026-10-07"",""run_id"":""c247f8784a5849079adb1c1869d6fa5b""}}"
678,278,"46.01952 , 14.2735979","46.019836700000006 , 14.417674000000002",urban-urban,mixed,1350,"{""sample_routes"":{""date"":""2026-10-07"",""run_id"":""ee4a8ed5520c43859e904ddfc7d14f6f""},""join_samples"":{""date"":""2026-10-07"",""run_id"":""c247f8784a5849079adb1c1869d6fa5b""}}"
679,279,"46.652869900000006 , 16.3468744","46.551524500000006 , 16.3469203",urban-urban,mixed,1351,"{""sample_routes"":{""date"":""2026-10-07"",""run_id"":""ee4a8ed5520c43859e904ddfc7d14f6f""},""join_samples"":{""date"":""2026-10-07"",""run_id"":""c247f8784a5849079adb1c1869d6fa5b""}}"
680,280,"46.5552434 , 15.5462904","46.450908600000005 , 15.651049200000001",urban-rural,mixed,1351,"{""sample_routes"":{""date"":""2026-10-07"",""run_id"":""ee4a8ed5520c43859e904ddfc7d14f6f""},""join_samples"":{""date"":""2026-10-07"",""run_id"":""c247f8784a5849079adb1c1869d6fa5b""}}"
681,281,"45.8625236 , 13.938759000000001","45.862686100000005 , 13.783111900000002",rural-urban,mixed,1353,"{""sample_routes"":{""date"":""2026-10-07"",""run_id"":""ee4a8ed5520c43859e904ddfc7d14f6f""},""join_samples"":{""date"":""2026-10-07"",""run_id"":""c247f8784a5849079adb1c1869d6fa5b""}}"
682,282,"46.5364298 , 15.691006300000002","46.6383658 , 15.5893013",urban-urban,mixed,1046,"{""sample_routes"":{""date"":""2026-10-07"",""run_id"":""ee4a8ed5520c43859e904ddfc7d14f6f""},""join_samples"":{""date"":""2026-10-07"",""run_id"":""c247f8784a5849079adb1c1869d6fa5b""}}"
683,283,"46.6422876 , 16.0273036","46.519648000000004 , 16.1502221",urban-urban,mixed,1354,"{""sample_routes"":{""date"":""2026-10-07"",""run_id"":""ee4a8ed5520c43859e904ddfc7d14f6f""},""join_samples"":{""date"":""2026-10-07"",""run_id"":""c247f8784a5849079adb1c1869d6fa5b""}}"
684,284,"46.217286400000006 , 14.3864657","46.1182388 , 14.386134",urban-urban,mixed,1355,"{""sample_routes"":{""date"":""2026-10-07"",""run_id"":""ee4a8ed5520c43859e904ddfc7d14f6f""},""join_samples"":{""date"":""2026-10-07"",""run_id"":""c247f8784a5849079adb1c1869d6fa5b""}}"
685,285,"46.147283 , 14.4092392","46.0618454 , 14.409672400000002",urban-urban,mixed,1355,"{""sample_routes"":{""date"":""2026-10-07"",""run_id"":""ee4a8ed5520c43859e904ddfc7d14f6f""},""join_samples"":{""date"":""2026-10-07"",""run_id"":""c247f8784a5849079adb1c1869d6fa5b""}}"
686,286,"46.455072900000005 , 16.2135301","46.5470856 , 16.3058295",rural-rural,mixed,1356,"{""sample_routes"":{""date"":""2026-10-07"",""run_id"":""ee4a8ed5520c43859e904ddfc7d14f6f""},""join_samples"":{""date"":""2026-10-07"",""run_id"":""c247f8784a5849079adb1c1869d6fa5b""}}"
687,287,"46.4218314 , 15.865940100000001","46.323748900000005 , 15.9638033",urban-urban,mixed,1357,"{""sample_routes"":{""date"":""2026-10-07"",""run_id"":""ee4a8ed5520c43859e904ddfc7d14f6f""},""join_samples"":{""date"":""2026-10-07"",""run_id"":""c247f8784a5849079adb1c1869d6fa5b""}}"
688,288,"46.638216400000005 , 16.014238900000002","46.638629800000004 , 16.1657043",urban-urban,mixed,1042,"{""sample_routes"":{""date"":""2026-10-07"",""run_id"":""ee4a8ed5520c43859e904ddfc7d14f6f""},""join_samples"":{""date"":""2026-10-07"",""run_id"":""c247f8784a5849079adb1c1869d6fa5b""}}"
689,289,"46.517821500000004 , 16.193388000000002","46.6074007 , 16.282564400000002",urban-urban,mixed,1360,"{""sample_routes"":{""date"":""2026-10-07"",""run_id"":""ee4a8ed5520c43859e904ddfc7d14f6f""},""join_samples"":{""date"":""2026-10-07"",""run_id"":""c247f8784a5849079adb1c1869d6fa5b""}}"
690,290,"46.183049200000006 , 14.6206215","46.062763000000004 , 14.6205843",urban-urban,mixed,1362,"{""sample_routes"":{""date"":""2026-10-07"",""run_id"":""ee4a8ed5520c43859e904ddfc7d14f6f""},""join_samples"":{""date"":""2026-10-07"",""run_id"":""c247f8784a5849079adb1c1869d6fa5b""}}"
691,291,"45.8006809 , 15.1600982","45.7109116 , 15.070616200000002",urban-urban,mixed,1362,"{""sample_routes"":{""date"":""2026-10-07"",""run_id"":""ee4a8ed5520c43859e904ddfc7d14f6f""},""join_samples"":{""date"":""2026-10-07"",""run_id"":""c247f8784a5849079adb1c1869d6fa5b""}}"
692,292,"46.084037900000006 , 14.513592300000001","46.1761795 , 14.421346300000002",urban-urban,mixed,1363,"{""sample_routes"":{""date"":""2026-10-07"",""run_id"":""ee4a8ed5520c43859e904ddfc7d14f6f""},""join_samples"":{""date"":""2026-10-07"",""run_id"":""c247f8784a5849079adb1c1869d6fa5b""}}"
693,293,"45.6479615 , 15.135567300000002","45.573486200000005 , 15.2104747",rural-urban,mixed,1034,"{""sample_routes"":{""date"":""2026-10-07"",""run_id"":""ee4a8ed5520c43859e904ddfc7d14f6f""},""join_samples"":{""date"":""2026-10-07"",""run_id"":""c247f8784a5849079adb1c1869d6fa5b""}}"
694,294,"46.682116400000005 , 15.839666000000001","46.6821289 , 15.751827100000002",urban-rural,mixed,1031,"{""sample_routes"":{""date"":""2026-10-07"",""run_id"":""ee4a8ed5520c43859e904ddfc7d14f6f""},""join_samples"":{""date"":""2026-10-07"",""run_id"":""c247f8784a5849079adb1c1869d6fa5b""}}"
695,295,"46.0610994 , 14.5835886","46.1359507 , 14.508779400000002",urban-urban,mixed,1369,"{""sample_routes"":{""date"":""2026-10-07"",""run_id"":""ee4a8ed5520c43859e904ddfc7d14f6f""},""join_samples"":{""date"":""2026-10-07"",""run_id"":""c247f8784a5849079adb1c1869d6fa5b""}}"
696,296,"46.277827800000004 , 15.0718077","46.359489100000005 , 15.153458200000001",urban-urban,mixed,1375,"{""sample_routes"":{""date"":""2026-10-07"",""run_id"":""ee4a8ed5520c43859e904ddfc7d14f6f""},""join_samples"":{""date"":""2026-10-07"",""run_id"":""c247f8784a5849079adb1c1869d6fa5b""}}"
697,297,"46.6149094 , 16.081621300000002","46.725208 , 16.0814874",urban-urban,mixed,1376,"{""sample_routes"":{""date"":""2026-10-07"",""run_id"":""ee4a8ed5520c43859e904ddfc7d14f6f""},""join_samples"":{""date"":""2026-10-07"",""run_id"":""c247f8784a5849079adb1c1869d6fa5b""}}"
698,298,"46.224614100000004 , 14.685012500000001","46.1429466 , 14.602938600000002",urban-urban,mixed,1376,"{""sample_routes"":{""date"":""2026-10-07"",""run_id"":""ee4a8ed5520c43859e904ddfc7d14f6f""},""join_samples"":{""date"":""2026-10-07"",""run_id"":""c247f8784a5849079adb1c1869d6fa5b""}}"
699,299,"46.256030200000005 , 14.283970900000002","46.324477200000004 , 14.352791600000002",urban-rural,mixed,1377,"{""sample_routes"":{""date"":""2026-10-07"",""run_id"":""ee4a8ed5520c43859e904ddfc7d14f6f""},""join_samples"":{""date"":""2026-10-07"",""run_id"":""c247f8784a5849079adb1c1869d6fa5b""}}"
700,300,"46.271629700000005 , 15.523103500000001","46.3673112 , 15.4270081",rural-rural,rural,1202,"{""sample_routes"":{""date"":""2026-10-07"",""run_id"":""ee4a8ed5520c43859e904ddfc7d14f6f""},""join_samples"":{""date"":""2026-10-07"",""run_id"":""c247f8784a5849079adb1c1869d6fa5b""}}"
701,301,"45.9196979 , 14.362894800000001","45.841564500000004 , 14.3630393",urban-rural,rural,1190,"{""sample_routes"":{""date"":""2026-10-07"",""run_id"":""ee4a8ed5520c43859e904ddfc7d14f6f""},""join_samples"":{""date"":""2026-10-07"",""run_id"":""c247f8784a5849079adb1c1869d6fa5b""}}"
702,302,"46.447667800000005 , 16.1670978","46.5384012 , 16.0762623",rural-urban,rural,1189,"{""sample_routes"":{""date"":""2026-10-07"",""run_id"":""ee4a8ed5520c43859e904ddfc7d14f6f""},""join_samples"":{""date"":""2026-10-07"",""run_id"":""c247f8784a5849079adb1c1869d6fa5b""}}"
703,303,"46.597503800000005 , 16.1016956","46.597484 , 16.332514800000002",urban-urban,rural,1211,"{""sample_routes"":{""date"":""2026-10-07"",""run_id"":""ee4a8ed5520c43859e904ddfc7d14f6f""},""join_samples"":{""date"":""2026-10-07"",""run_id"":""c247f8784a5849079adb1c1869d6fa5b""}}"
704,304,"46.056199400000004 , 13.6879168","45.981767700000006 , 13.6876724",urban-rural,rural,1189,"{""sample_routes"":{""date"":""2026-10-07"",""run_id"":""ee4a8ed5520c43859e904ddfc7d14f6f""},""join_samples"":{""date"":""2026-10-07"",""run_id"":""c247f8784a5849079adb1c1869d6fa5b""}}"
705,305,"46.262250300000005 , 14.4745114","46.3522661 , 14.474357600000001",rural-rural,rural,1212,"{""sample_routes"":{""date"":""2026-10-07"",""run_id"":""ee4a8ed5520c43859e904ddfc7d14f6f""},""join_samples"":{""date"":""2026-10-07"",""run_id"":""c247f8784a5849079adb1c1869d6fa5b""}}"
706,306,"46.157130900000006 , 14.5722295","46.0348727 , 14.5720472",rural-rural,rural,1213,"{""sample_routes"":{""date"":""2026-10-07"",""run_id"":""ee4a8ed5520c43859e904ddfc7d14f6f""},""join_samples"":{""date"":""2026-10-07"",""run_id"":""c247f8784a5849079adb1c1869d6fa5b""}}"
707,307,"45.874757800000005 , 13.8792299","45.812824000000006 , 13.8794882",urban-rural,rural,1186,"{""sample_routes"":{""date"":""2026-10-07"",""run_id"":""ee4a8ed5520c43859e904ddfc7d14f6f""},""join_samples"":{""date"":""2026-10-07"",""run_id"":""c247f8784a5849079adb1c1869d6fa5b""}}"
708,308,"46.5845701 , 15.840418900000001","46.5847965 , 15.670039800000001",urban-rural,rural,1186,"{""sample_routes"":{""date"":""2026-10-07"",""run_id"":""ee4a8ed5520c43859e904ddfc7d14f6f""},""join_samples"":{""date"":""2026-10-07"",""run_id"":""c247f8784a5849079adb1c1869d6fa5b""}}"
709,309,"46.251020200000006 , 15.4544011","46.3384786 , 15.454690500000002",urban-urban,rural,1182,"{""sample_routes"":{""date"":""2026-10-07"",""run_id"":""ee4a8ed5520c43859e904ddfc7d14f6f""},""join_samples"":{""date"":""2026-10-07"",""run_id"":""c247f8784a5849079adb1c1869d6fa5b""}}"
710,310,"46.176078200000006 , 15.2551172","46.239420200000005 , 15.318757900000001",rural-rural,rural,1180,"{""sample_routes"":{""date"":""2026-10-07"",""run_id"":""ee4a8ed5520c43859e904ddfc7d14f6f""},""join_samples"":{""date"":""2026-10-07"",""run_id"":""c247f8784a5849079adb1c1869d6fa5b""}}"
711,311,"46.039336600000006 , 13.9383253","45.9933744 , 13.9839544",rural-rural,rural,1221,"{""sample_routes"":{""date"":""2026-10-07"",""run_id"":""ee4a8ed5520c43859e904ddfc7d14f6f""},""join_samples"":{""date"":""2026-10-07"",""run_id"":""c247f8784a5849079adb1c1869d6fa5b""}}"
712,312,"46.353628 , 15.412124400000002","46.410703000000005 , 15.4695028",rural-urban,rural,1223,"{""sample_routes"":{""date"":""2026-10-07"",""run_id"":""ee4a8ed5520c43859e904ddfc7d14f6f""},""join_samples"":{""date"":""2026-10-07"",""run_id"":""c247f8784a5849079adb1c1869d6fa5b""}}"
713,313,"46.4078092 , 15.957248000000002","46.4961889 , 16.045895100000003",urban-rural,rural,1177,"{""sample_routes"":{""date"":""2026-10-07"",""run_id"":""ee4a8ed5520c43859e904ddfc7d14f6f""},""join_samples"":{""date"":""2026-10-07"",""run_id"":""c247f8784a5849079adb1c1869d6fa5b""}}"
714,314,"46.162246800000005 , 13.721505500000001","46.162313700000006 , 13.886084400000001",urban-urban,rural,1173,"{""sample_routes"":{""date"":""2026-10-07"",""run_id"":""ee4a8ed5520c43859e904ddfc7d14f6f""},""join_samples"":{""date"":""2026-10-07"",""run_id"":""c247f8784a5849079adb1c1869d6fa5b""}}"
715,315,"45.9678302 , 14.970323100000002","45.9681171 , 15.0832531",rural-rural,rural,1228,"{""sample_routes"":{""date"":""2026-10-07"",""run_id"":""ee4a8ed5520c43859e904ddfc7d14f6f""},""join_samples"":{""date"":""2026-10-07"",""run_id"":""c247f8784a5849079adb1c1869d6fa5b""}}"
716,316,"45.8545961 , 14.950540900000002","45.943252900000005 , 14.8615063",rural-urban,rural,1172,"{""sample_routes"":{""date"":""2026-10-07"",""run_id"":""ee4a8ed5520c43859e904ddfc7d14f6f""},""join_samples"":{""date"":""2026-10-07"",""run_id"":""c247f8784a5849079adb1c1869d6fa5b""}}"
717,317,"45.8702509 , 13.952647200000001","45.870539 , 14.1303522",urban-rural,rural,1171,"{""sample_routes"":{""date"":""2026-10-07"",""run_id"":""ee4a8ed5520c43859e904ddfc7d14f6f""},""join_samples"":{""date"":""2026-10-07"",""run_id"":""c247f8784a5849079adb1c1869d6fa5b""}}"
718,318,"46.2869783 , 15.379459700000002","46.2869102 , 15.5045835",urban-urban,rural,1171,"{""sample_routes"":{""date"":""2026-10-07"",""run_id"":""ee4a8ed5520c43859e904ddfc7d14f6f""},""join_samples"":{""date"":""2026-10-07"",""run_id"":""c247f8784a5849079adb1c1869d6fa5b""}}"
719,319,"45.9470114 , 15.147728500000001","45.9466264 , 15.002816000000001",urban-rural,rural,1229,"{""sample_routes"":{""date"":""2026-10-07"",""run_id"":""ee4a8ed5520c43859e904ddfc7d14f6f""},""join_samples"":{""date"":""2026-10-07"",""run_id"":""c247f8784a5849079adb1c1869d6fa5b""}}"
720,320,"46.2267221 , 14.673092800000001","46.156487500000004 , 14.673107600000002",urban-rural,rural,1237,"{""sample_routes"":{""date"":""2026-10-07"",""run_id"":""ee4a8ed5520c43859e904ddfc7d14f6f""},""join_samples"":{""date"":""2026-10-07"",""run_id"":""c247f8784a5849079adb1c1869d6fa5b""}}"
721,321,"46.467024900000006 , 15.710107400000002","46.6107681 , 15.709884700000002",urban-rural,rural,1239,"{""sample_routes"":{""date"":""2026-10-07"",""run_id"":""ee4a8ed5520c43859e904ddfc7d14f6f""},""join_samples"":{""date"":""2026-10-07"",""run_id"":""c247f8784a5849079adb1c1869d6fa5b""}}"
722,322,"45.7574162 , 14.619863","45.8776366 , 14.6195999",rural-urban,rural,1239,"{""sample_routes"":{""date"":""2026-10-07"",""run_id"":""ee4a8ed5520c43859e904ddfc7d14f6f""},""join_samples"":{""date"":""2026-10-07"",""run_id"":""c247f8784a5849079adb1c1869d6fa5b""}}"
723,323,"46.015145800000006 , 14.857617500000002","45.9277789 , 14.857202500000001",rural-rural,rural,1239,"{""sample_routes"":{""date"":""2026-10-07"",""run_id"":""ee4a8ed5520c43859e904ddfc7d14f6f""},""join_samples"":{""date"":""2026-10-07"",""run_id"":""c247f8784a5849079adb1c1869d6fa5b""}}"
724,324,"45.9709232 , 13.7393303","46.0378847 , 13.671972100000001",urban-rural,rural,1158,"{""sample_routes"":{""date"":""2026-10-07"",""run_id"":""ee4a8ed5520c43859e904ddfc7d14f6f""},""join_samples"":{""date"":""2026-10-07"",""run_id"":""c247f8784a5849079adb1c1869d6fa5b""}}"
725,325,"46.3979453 , 16.197894400000003","46.5126026 , 16.1982079",urban-urban,rural,1244,"{""sample_routes"":{""date"":""2026-10-07"",""run_id"":""ee4a8ed5520c43859e904ddfc7d14f6f""},""join_samples"":{""date"":""2026-10-07"",""run_id"":""c247f8784a5849079adb1c1869d6fa5b""}}"
726,326,"45.7702958 , 15.239541800000001","45.840221 , 15.2393447",urban-rural,rural,1245,"{""sample_routes"":{""date"":""2026-10-07"",""run_id"":""ee4a8ed5520c43859e904ddfc7d14f6f""},""join_samples"":{""date"":""2026-10-07"",""run_id"":""c247f8784a5849079adb1c1869d6fa5b""}}"
727,327,"45.795380900000005 , 13.977083","45.809588100000006 , 13.977036400000001",urban-rural,rural,1245,"{""sample_routes"":{""date"":""2026-10-07"",""run_id"":""ee4a8ed5520c43859e904ddfc7d14f6f""},""join_samples"":{""date"":""2026-10-07"",""run_id"":""c247f8784a5849079adb1c1869d6fa5b""}}"
728,328,"45.935911600000004 , 14.14128","46.0041383 , 14.141395600000001",rural-rural,rural,1246,"{""sample_routes"":{""date"":""2026-10-07"",""run_id"":""ee4a8ed5520c43859e904ddfc7d14f6f""},""join_samples"":{""date"":""2026-10-07"",""run_id"":""c247f8784a5849079adb1c1869d6fa5b""}}"
729,329,"46.4003213 , 15.587972800000001","46.400223200000006 , 15.8007162",rural-urban,rural,1247,"{""sample_routes"":{""date"":""2026-10-07"",""run_id"":""ee4a8ed5520c43859e904ddfc7d14f6f""},""join_samples"":{""date"":""2026-10-07"",""run_id"":""c247f8784a5849079adb1c1869d6fa5b""}}"
730,330,"45.9583998 , 15.4160848","46.0262359 , 15.348230000000001",urban-rural,rural,1249,"{""sample_routes"":{""date"":""2026-10-07"",""run_id"":""ee4a8ed5520c43859e904ddfc7d14f6f""},""join_samples"":{""date"":""2026-10-07"",""run_id"":""c247f8784a5849079adb1c1869d6fa5b""}}"
731,331,"45.6075263 , 14.149973200000002","45.607134300000006 , 14.0172322",rural-rural,rural,1250,"{""sample_routes"":{""date"":""2026-10-07"",""run_id"":""ee4a8ed5520c43859e904ddfc7d14f6f""},""join_samples"":{""date"":""2026-10-07"",""run_id"":""c247f8784a5849079adb1c1869d6fa5b""}}"
732,332,"45.874936600000005 , 14.8437417","45.9323313 , 14.8436602",urban-rural,rural,1250,"{""sample_routes"":{""date"":""2026-10-07"",""run_id"":""ee4a8ed5520c43859e904ddfc7d14f6f""},""join_samples"":{""date"":""2026-10-07"",""run_id"":""c247f8784a5849079adb1c1869d6fa5b""}}"
733,333,"45.9950257 , 15.083630500000002","45.995087100000006 , 15.2524513",rural-rural,rural,1253,"{""sample_routes"":{""date"":""2026-10-07"",""run_id"":""ee4a8ed5520c43859e904ddfc7d14f6f""},""join_samples"":{""date"":""2026-10-07"",""run_id"":""c247f8784a5849079adb1c1869d6fa5b""}}"
734,334,"45.9180124 , 15.5872454","45.9179745 , 15.4048434",urban-rural,rural,1253,"{""sample_routes"":{""date"":""2026-10-07"",""run_id"":""ee4a8ed5520c43859e904ddfc7d14f6f""},""join_samples"":{""date"":""2026-10-07"",""run_id"":""c247f8784a5849079adb1c1869d6fa5b""}}"
735,335,"46.1611624 , 14.6720468","46.1057733 , 14.6717341",urban-urban,rural,1145,"{""sample_routes"":{""date"":""2026-10-07"",""run_id"":""ee4a8ed5520c43859e904ddfc7d14f6f""},""join_samples"":{""date"":""2026-10-07"",""run_id"":""c247f8784a5849079adb1c1869d6fa5b""}}"
736,336,"46.3734825 , 13.738608200000002","46.373300300000004 , 13.584638400000001",urban-rural,rural,1144,"{""sample_routes"":{""date"":""2026-10-07"",""run_id"":""ee4a8ed5520c43859e904ddfc7d14f6f""},""join_samples"":{""date"":""2026-10-07"",""run_id"":""c247f8784a5849079adb1c1869d6fa5b""}}"
737,337,"45.7277685 , 14.0239291","45.5664126 , 14.0240082",urban-rural,rural,1259,"{""sample_routes"":{""date"":""2026-10-07"",""run_id"":""ee4a8ed5520c43859e904ddfc7d14f6f""},""join_samples"":{""date"":""2026-10-07"",""run_id"":""c247f8784a5849079adb1c1869d6fa5b""}}"
738,338,"46.264324200000004 , 15.572789400000001","46.3253527 , 15.511642700000001",rural-rural,rural,1140,"{""sample_routes"":{""date"":""2026-10-07"",""run_id"":""ee4a8ed5520c43859e904ddfc7d14f6f""},""join_samples"":{""date"":""2026-10-07"",""run_id"":""c247f8784a5849079adb1c1869d6fa5b""}}"
739,339,"45.773983300000005 , 13.827160000000001","45.855872500000004 , 13.908706",rural-rural,rural,1262,"{""sample_routes"":{""date"":""2026-10-07"",""run_id"":""ee4a8ed5520c43859e904ddfc7d14f6f""},""join_samples"":{""date"":""2026-10-07"",""run_id"":""c247f8784a5849079adb1c1869d6fa5b""}}"
740,340,"46.0558738 , 14.575458000000001","46.1503839 , 14.4812706",urban-urban,rural,1264,"{""sample_routes"":{""date"":""2026-10-07"",""run_id"":""ee4a8ed5520c43859e904ddfc7d14f6f""},""join_samples"":{""date"":""2026-10-07"",""run_id"":""c247f8784a5849079adb1c1869d6fa5b""}}"
741,341,"45.943119900000006 , 13.732194000000002","45.971042000000004 , 13.731981000000001",urban-urban,rural,1267,"{""sample_routes"":{""date"":""2026-10-07"",""run_id"":""ee4a8ed5520c43859e904ddfc7d14f6f""},""join_samples"":{""date"":""2026-10-07"",""run_id"":""c247f8784a5849079adb1c1869d6fa5b""}}"
742,342,"46.3855443 , 15.619619600000002","46.3852672 , 15.8004361",rural-urban,rural,1268,"{""sample_routes"":{""date"":""2026-10-07"",""run_id"":""ee4a8ed5520c43859e904ddfc7d14f6f""},""join_samples"":{""date"":""2026-10-07"",""run_id"":""c247f8784a5849079adb1c1869d6fa5b""}}"
743,343,"46.0156034 , 15.4763087","45.945711200000005 , 15.4064385",urban-urban,rural,1272,"{""sample_routes"":{""date"":""2026-10-07"",""run_id"":""ee4a8ed5520c43859e904ddfc7d14f6f""},""join_samples"":{""date"":""2026-10-07"",""run_id"":""c247f8784a5849079adb1c1869d6fa5b""}}"
744,344,"46.0964961 , 14.4646372","45.9790052 , 14.5824262",urban-urban,rural,1272,"{""sample_routes"":{""date"":""2026-10-07"",""run_id"":""ee4a8ed5520c43859e904ddfc7d14f6f""},""join_samples"":{""date"":""2026-10-07"",""run_id"":""c247f8784a5849079adb1c1869d6fa5b""}}"
745,345,"46.5599349 , 15.946041600000001","46.5599512 , 15.722492200000001",urban-urban,rural,1128,"{""sample_routes"":{""date"":""2026-10-07"",""run_id"":""ee4a8ed5520c43859e904ddfc7d14f6f""},""join_samples"":{""date"":""2026-10-07"",""run_id"":""c247f8784a5849079adb1c1869d6fa5b""}}"
746,346,"45.9122494 , 15.591880900000001","45.989305400000006 , 15.5146156",urban-rural,rural,1280,"{""sample_routes"":{""date"":""2026-10-07"",""run_id"":""ee4a8ed5520c43859e904ddfc7d14f6f""},""join_samples"":{""date"":""2026-10-07"",""run_id"":""c247f8784a5849079adb1c1869d6fa5b""}}"
747,347,"46.2390695 , 15.3325828","46.239466900000004 , 15.123312100000001",rural-urban,rural,1281,"{""sample_routes"":{""date"":""2026-10-07"",""run_id"":""ee4a8ed5520c43859e904ddfc7d14f6f""},""join_samples"":{""date"":""2026-10-07"",""run_id"":""c247f8784a5849079adb1c1869d6fa5b""}}"
748,348,"46.4369886 , 16.013218300000002","46.506885200000006 , 15.9435801",urban-rural,rural,1119,"{""sample_routes"":{""date"":""2026-10-07"",""run_id"":""ee4a8ed5520c43859e904ddfc7d14f6f""},""join_samples"":{""date"":""2026-10-07"",""run_id"":""c247f8784a5849079adb1c1869d6fa5b""}}"
749,349,"46.341121 , 14.9612023","46.2470177 , 14.961086000000002",rural-rural,rural,1284,"{""sample_routes"":{""date"":""2026-10-07"",""run_id"":""ee4a8ed5520c43859e904ddfc7d14f6f""},""join_samples"":{""date"":""2026-10-07"",""run_id"":""c247f8784a5849079adb1c1869d6fa5b""}}"
750,350,"46.022648100000005 , 14.5432123","46.1203583 , 14.6409128",urban-urban,rural,1112,"{""sample_routes"":{""date"":""2026-10-07"",""run_id"":""ee4a8ed5520c43859e904ddfc7d14f6f""},""join_samples"":{""date"":""2026-10-07"",""run_id"":""c247f8784a5849079adb1c1869d6fa5b""}}"
751,351,"46.3761037 , 15.389378200000001","46.2670988 , 15.2806923",urban-urban,rural,1290,"{""sample_routes"":{""date"":""2026-10-07"",""run_id"":""ee4a8ed5520c43859e904ddfc7d14f6f""},""join_samples"":{""date"":""2026-10-07"",""run_id"":""c247f8784a5849079adb1c1869d6fa5b""}}"
752,352,"46.3741202 , 15.5449678","46.2505559 , 15.4215403",rural-urban,rural,1291,"{""sample_routes"":{""date"":""2026-10-07"",""run_id"":""ee4a8ed5520c43859e904ddfc7d14f6f""},""join_samples"":{""date"":""2026-10-07"",""run_id"":""c247f8784a5849079adb1c1869d6fa5b""}}"
753,353,"45.889729 , 13.6014455","45.889754200000006 , 13.8255464",urban-rural,rural,1292,"{""sample_routes"":{""date"":""2026-10-07"",""run_id"":""ee4a8ed5520c43859e904ddfc7d14f6f""},""join_samples"":{""date"":""2026-10-07"",""run_id"":""c247f8784a5849079adb1c1869d6fa5b""}}"
754,354,"45.5337054 , 14.8590931","45.639585700000005 , 14.7529672",urban-rural,rural,1107,"{""sample_routes"":{""date"":""2026-10-07"",""run_id"":""ee4a8ed5520c43859e904ddfc7d14f6f""},""join_samples"":{""date"":""2026-10-07"",""run_id"":""c247f8784a5849079adb1c1869d6fa5b""}}"
755,355,"46.333834100000004 , 15.4219539","46.334228700000004 , 15.5907438",urban-urban,rural,1296,"{""sample_routes"":{""date"":""2026-10-07"",""run_id"":""ee4a8ed5520c43859e904ddfc7d14f6f""},""join_samples"":{""date"":""2026-10-07"",""run_id"":""c247f8784a5849079adb1c1869d6fa5b""}}"
756,356,"45.853258700000005 , 13.8593767","45.7826273 , 13.788731400000001",rural-rural,rural,1297,"{""sample_routes"":{""date"":""2026-10-07"",""run_id"":""ee4a8ed5520c43859e904ddfc7d14f6f""},""join_samples"":{""date"":""2026-10-07"",""run_id"":""c247f8784a5849079adb1c1869d6fa5b""}}"
757,357,"45.7175498 , 13.882530000000001","45.5193723 , 13.882875100000001",urban-rural,rural,1298,"{""sample_routes"":{""date"":""2026-10-07"",""run_id"":""ee4a8ed5520c43859e904ddfc7d14f6f""},""join_samples"":{""date"":""2026-10-07"",""run_id"":""c247f8784a5849079adb1c1869d6fa5b""}}"
758,358,"46.3322111 , 14.7232658","46.3319224 , 14.858791700000001",rural-rural,rural,1098,"{""sample_routes"":{""date"":""2026-10-07"",""run_id"":""ee4a8ed5520c43859e904ddfc7d14f6f""},""join_samples"":{""date"":""2026-10-07"",""run_id"":""c247f8784a5849079adb1c1869d6fa5b""}}"
759,359,"46.2519945 , 15.421468200000001","46.252366200000004 , 15.224734000000002",urban-urban,rural,1303,"{""sample_routes"":{""date"":""2026-10-07"",""run_id"":""ee4a8ed5520c43859e904ddfc7d14f6f""},""join_samples"":{""date"":""2026-10-07"",""run_id"":""c247f8784a5849079adb1c1869d6fa5b""}}"
760,360,"46.2677168 , 15.5503654","46.3447168 , 15.473797800000002",urban-rural,rural,1308,"{""sample_routes"":{""date"":""2026-10-07"",""run_id"":""ee4a8ed5520c43859e904ddfc7d14f6f""},""join_samples"":{""date"":""2026-10-07"",""run_id"":""c247f8784a5849079adb1c1869d6fa5b""}}"
761,361,"46.144237700000005 , 14.599895300000002","45.978333400000004 , 14.5995138",urban-urban,rural,1092,"{""sample_routes"":{""date"":""2026-10-07"",""run_id"":""ee4a8ed5520c43859e904ddfc7d14f6f""},""join_samples"":{""date"":""2026-10-07"",""run_id"":""c247f8784a5849079adb1c1869d6fa5b""}}"
762,362,"46.2629924 , 14.2268489","46.262954400000005 , 14.126254500000002",rural-rural,rural,1088,"{""sample_routes"":{""date"":""2026-10-07"",""run_id"":""ee4a8ed5520c43859e904ddfc7d14f6f""},""join_samples"":{""date"":""2026-10-07"",""run_id"":""c247f8784a5849079adb1c1869d6fa5b""}}"
763,363,"46.384667 , 15.298048900000001","46.384718500000005 , 15.159321",urban-rural,rural,1087,"{""sample_routes"":{""date"":""2026-10-07"",""run_id"":""ee4a8ed5520c43859e904ddfc7d14f6f""},""join_samples"":{""date"":""2026-10-07"",""run_id"":""c247f8784a5849079adb1c1869d6fa5b""}}"
764,364,"46.1167444 , 13.8715457","46.0888489 , 13.8433892",rural-rural,rural,1314,"{""sample_routes"":{""date"":""2026-10-07"",""run_id"":""ee4a8ed5520c43859e904ddfc7d14f6f""},""join_samples"":{""date"":""2026-10-07"",""run_id"":""c247f8784a5849079adb1c1869d6fa5b""}}"
765,365,"46.1319512 , 14.999531800000002","46.0528465 , 14.999233100000001",urban-rural,rural,1315,"{""sample_routes"":{""date"":""2026-10-07"",""run_id"":""ee4a8ed5520c43859e904ddfc7d14f6f""},""join_samples"":{""date"":""2026-10-07"",""run_id"":""c247f8784a5849079adb1c1869d6fa5b""}}"
766,366,"46.512778000000004 , 16.0119908","46.512427900000006 , 15.8944196",rural-rural,rural,1083,"{""sample_routes"":{""date"":""2026-10-07"",""run_id"":""ee4a8ed5520c43859e904ddfc7d14f6f""},""join_samples"":{""date"":""2026-10-07"",""run_id"":""c247f8784a5849079adb1c1869d6fa5b""}}"
767,367,"45.658239 , 14.0299448","45.770589900000004 , 14.0295117",urban-rural,rural,1082,"{""sample_routes"":{""date"":""2026-10-07"",""run_id"":""ee4a8ed5520c43859e904ddfc7d14f6f""},""join_samples"":{""date"":""2026-10-07"",""run_id"":""c247f8784a5849079adb1c1869d6fa5b""}}"
768,368,"46.434094200000004 , 15.602963","46.493331100000006 , 15.5441415",urban-rural,rural,1319,"{""sample_routes"":{""date"":""2026-10-07"",""run_id"":""ee4a8ed5520c43859e904ddfc7d14f6f""},""join_samples"":{""date"":""2026-10-07"",""run_id"":""c247f8784a5849079adb1c1869d6fa5b""}}"
769,369,"46.0184858 , 14.386595300000002","45.9407301 , 14.3091442",urban-rural,rural,1080,"{""sample_routes"":{""date"":""2026-10-07"",""run_id"":""ee4a8ed5520c43859e904ddfc7d14f6f""},""join_samples"":{""date"":""2026-10-07"",""run_id"":""c247f8784a5849079adb1c1869d6fa5b""}}"
770,370,"45.910213000000006 , 14.983911200000001","45.852147200000005 , 15.041755700000001",urban-urban,rural,1320,"{""sample_routes"":{""date"":""2026-10-07"",""run_id"":""ee4a8ed5520c43859e904ddfc7d14f6f""},""join_samples"":{""date"":""2026-10-07"",""run_id"":""c247f8784a5849079adb1c1869d6fa5b""}}"
771,371,"45.7862694 , 14.089229600000001","45.5687361 , 13.8720014",urban-rural,rural,1321,"{""sample_routes"":{""date"":""2026-10-07"",""run_id"":""ee4a8ed5520c43859e904ddfc7d14f6f""},""join_samples"":{""date"":""2026-10-07"",""run_id"":""c247f8784a5849079adb1c1869d6fa5b""}}"
772,372,"46.4863018 , 16.0540187","46.3882221 , 15.955824000000002",urban-urban,rural,1323,"{""sample_routes"":{""date"":""2026-10-07"",""run_id"":""ee4a8ed5520c43859e904ddfc7d14f6f""},""join_samples"":{""date"":""2026-10-07"",""run_id"":""c247f8784a5849079adb1c1869d6fa5b""}}"
773,373,"45.9992583 , 14.290114500000001","45.819628 , 14.290488700000001",rural-urban,rural,1327,"{""sample_routes"":{""date"":""2026-10-07"",""run_id"":""ee4a8ed5520c43859e904ddfc7d14f6f""},""join_samples"":{""date"":""2026-10-07"",""run_id"":""c247f8784a5849079adb1c1869d6fa5b""}}"
774,374,"46.239631100000004 , 15.5540464","46.239712600000004 , 15.3784007",rural-urban,rural,1333,"{""sample_routes"":{""date"":""2026-10-07"",""run_id"":""ee4a8ed5520c43859e904ddfc7d14f6f""},""join_samples"":{""date"":""2026-10-07"",""run_id"":""c247f8784a5849079adb1c1869d6fa5b""}}"
775,375,"45.620121700000006 , 14.124689100000001","45.5522568 , 14.0570243",urban-rural,rural,1334,"{""sample_routes"":{""date"":""2026-10-07"",""run_id"":""ee4a8ed5520c43859e904ddfc7d14f6f""},""join_samples"":{""date"":""2026-10-07"",""run_id"":""c247f8784a5849079adb1c1869d6fa5b""}}"
776,376,"46.2451183 , 15.262621200000002","46.2454954 , 14.949007600000002",urban-urban,rural,1335,"{""sample_routes"":{""date"":""2026-10-07"",""run_id"":""ee4a8ed5520c43859e904ddfc7d14f6f""},""join_samples"":{""date"":""2026-10-07"",""run_id"":""c247f8784a5849079adb1c1869d6fa5b""}}"
777,377,"46.277222300000005 , 15.402024500000001","46.369283 , 15.4016932",urban-urban,rural,1335,"{""sample_routes"":{""date"":""2026-10-07"",""run_id"":""ee4a8ed5520c43859e904ddfc7d14f6f""},""join_samples"":{""date"":""2026-10-07"",""run_id"":""c247f8784a5849079adb1c1869d6fa5b""}}"
778,378,"46.2868912 , 15.3961763","46.371627600000004 , 15.3958118",urban-urban,rural,1336,"{""sample_routes"":{""date"":""2026-10-07"",""run_id"":""ee4a8ed5520c43859e904ddfc7d14f6f""},""join_samples"":{""date"":""2026-10-07"",""run_id"":""c247f8784a5849079adb1c1869d6fa5b""}}"
779,379,"46.439150700000006 , 15.441020400000001","46.497410900000006 , 15.499516900000001",rural-rural,rural,1063,"{""sample_routes"":{""date"":""2026-10-07"",""run_id"":""ee4a8ed5520c43859e904ddfc7d14f6f""},""join_samples"":{""date"":""2026-10-07"",""run_id"":""c247f8784a5849079adb1c1869d6fa5b""}}"
780,380,"46.3156322 , 15.0342347","46.387779900000005 , 15.106507700000002",urban-urban,rural,1344,"{""sample_routes"":{""date"":""2026-10-07"",""run_id"":""ee4a8ed5520c43859e904ddfc7d14f6f""},""join_samples"":{""date"":""2026-10-07"",""run_id"":""c247f8784a5849079adb1c1869d6fa5b""}}"
781,381,"46.138204200000004 , 14.633778300000001","45.965352100000004 , 14.633384000000001",rural-urban,rural,1054,"{""sample_routes"":{""date"":""2026-10-07"",""run_id"":""ee4a8ed5520c43859e904ddfc7d14f6f""},""join_samples"":{""date"":""2026-10-07"",""run_id"":""c247f8784a5849079adb1c1869d6fa5b""}}"
782,382,"46.656264900000004 , 16.1782252","46.5219625 , 16.0443541",urban-urban,rural,1346,"{""sample_routes"":{""date"":""2026-10-07"",""run_id"":""ee4a8ed5520c43859e904ddfc7d14f6f""},""join_samples"":{""date"":""2026-10-07"",""run_id"":""c247f8784a5849079adb1c1869d6fa5b""}}"
783,383,"46.3534462 , 15.761025000000002","46.2604533 , 15.7611989",urban-rural,rural,1054,"{""sample_routes"":{""date"":""2026-10-07"",""run_id"":""ee4a8ed5520c43859e904ddfc7d14f6f""},""join_samples"":{""date"":""2026-10-07"",""run_id"":""c247f8784a5849079adb1c1869d6fa5b""}}"
784,384,"45.824418300000005 , 13.844947500000002","45.8241086 , 13.960409100000001",urban-rural,rural,1054,"{""sample_routes"":{""date"":""2026-10-07"",""run_id"":""ee4a8ed5520c43859e904ddfc7d14f6f""},""join_samples"":{""date"":""2026-10-07"",""run_id"":""c247f8784a5849079adb1c1869d6fa5b""}}"
785,385,"46.014552900000005 , 14.3782776","46.0146305 , 14.588406",urban-rural,rural,1348,"{""sample_routes"":{""date"":""2026-10-07"",""run_id"":""ee4a8ed5520c43859e904ddfc7d14f6f""},""join_samples"":{""date"":""2026-10-07"",""run_id"":""c247f8784a5849079adb1c1869d6fa5b""}}"
786,386,"46.2476983 , 15.01852","46.2480053 , 15.250315500000001",urban-urban,rural,1353,"{""sample_routes"":{""date"":""2026-10-07"",""run_id"":""ee4a8ed5520c43859e904ddfc7d14f6f""},""join_samples"":{""date"":""2026-10-07"",""run_id"":""c247f8784a5849079adb1c1869d6fa5b""}}"
787,387,"46.4364189 , 16.1339392","46.521780500000006 , 16.0482613",urban-urban,rural,1045,"{""sample_routes"":{""date"":""2026-10-07"",""run_id"":""ee4a8ed5520c43859e904ddfc7d14f6f""},""join_samples"":{""date"":""2026-10-07"",""run_id"":""c247f8784a5849079adb1c1869d6fa5b""}}"
788,388,"46.3120337 , 15.363292000000001","46.3789905 , 15.2966633",rural-urban,rural,1360,"{""sample_routes"":{""date"":""2026-10-07"",""run_id"":""ee4a8ed5520c43859e904ddfc7d14f6f""},""join_samples"":{""date"":""2026-10-07"",""run_id"":""c247f8784a5849079adb1c1869d6fa5b""}}"
789,389,"45.998694 , 14.2369289","46.0413682 , 14.2371735",rural-urban,rural,1039,"{""sample_routes"":{""date"":""2026-10-07"",""run_id"":""ee4a8ed5520c43859e904ddfc7d14f6f""},""join_samples"":{""date"":""2026-10-07"",""run_id"":""c247f8784a5849079adb1c1869d6fa5b""}}"
790,390,"46.247627200000004 , 14.3475599","46.368684 , 14.226074500000001",urban-rural,rural,1366,"{""sample_routes"":{""date"":""2026-10-07"",""run_id"":""ee4a8ed5520c43859e904ddfc7d14f6f""},""join_samples"":{""date"":""2026-10-07"",""run_id"":""c247f8784a5849079adb1c1869d6fa5b""}}"
791,391,"46.780044600000004 , 16.1241717","46.7796127 , 16.2483186",urban-urban,rural,1368,"{""sample_routes"":{""date"":""2026-10-07"",""run_id"":""ee4a8ed5520c43859e904ddfc7d14f6f""},""join_samples"":{""date"":""2026-10-07"",""run_id"":""c247f8784a5849079adb1c1869d6fa5b""}}"
792,392,"46.5254543 , 15.8845767","46.5250283 , 15.7749921",urban-rural,rural,1031,"{""sample_routes"":{""date"":""2026-10-07"",""run_id"":""ee4a8ed5520c43859e904ddfc7d14f6f""},""join_samples"":{""date"":""2026-10-07"",""run_id"":""c247f8784a5849079adb1c1869d6fa5b""}}"
793,393,"46.299191400000005 , 14.2290141","46.2506098 , 14.180292000000001",rural-urban,rural,1031,"{""sample_routes"":{""date"":""2026-10-07"",""run_id"":""ee4a8ed5520c43859e904ddfc7d14f6f""},""join_samples"":{""date"":""2026-10-07"",""run_id"":""c247f8784a5849079adb1c1869d6fa5b""}}"
794,394,"46.2230393 , 15.7000732","46.2936624 , 15.7702808",urban-rural,rural,1025,"{""sample_routes"":{""date"":""2026-10-07"",""run_id"":""ee4a8ed5520c43859e904ddfc7d14f6f""},""join_samples"":{""date"":""2026-10-07"",""run_id"":""c247f8784a5849079adb1c1869d6fa5b""}}"
795,395,"46.0218241 , 15.4704674","46.0214033 , 15.3894192",urban-rural,rural,1024,"{""sample_routes"":{""date"":""2026-10-07"",""run_id"":""ee4a8ed5520c43859e904ddfc7d14f6f""},""join_samples"":{""date"":""2026-10-07"",""run_id"":""c247f8784a5849079adb1c1869d6fa5b""}}"
796,396,"45.923239800000005 , 14.9383361","45.857214500000005 , 14.8719567",rural-rural,rural,1377,"{""sample_routes"":{""date"":""2026-10-07"",""run_id"":""ee4a8ed5520c43859e904ddfc7d14f6f""},""join_samples"":{""date"":""2026-10-07"",""run_id"":""c247f8784a5849079adb1c1869d6fa5b""}}"
797,397,"46.346244600000006 , 14.125795400000001","46.345856100000006 , 14.289370100000001",urban-urban,rural,1377,"{""sample_routes"":{""date"":""2026-10-07"",""run_id"":""ee4a8ed5520c43859e904ddfc7d14f6f""},""join_samples"":{""date"":""2026-10-07"",""run_id"":""c247f8784a5849079adb1c1869d6fa5b""}}"
798,398,"45.5526915 , 13.863044200000001","45.7126941 , 14.022744300000001",rural-urban,rural,1021,"{""sample_routes"":{""date"":""2026-10-07"",""run_id"":""ee4a8ed5520c43859e904ddfc7d14f6f""},""join_samples"":{""date"":""2026-10-07"",""run_id"":""c247f8784a5849079adb1c1869d6fa5b""}}"
799,399,"45.576335900000004 , 15.138892400000001","45.647894 , 15.1384655",rural-urban,rural,1021,"{""sample_routes"":{""date"":""2026-10-07"",""run_id"":""ee4a8ed5520c43859e904ddfc7d14f6f""},""join_samples"":{""date"":""2026-10-07"",""run_id"":""c247f8784a5849079adb1c1869d6fa5b""}}"
