join_index,sampling_index,origin,destination,area,journeyClass,ttpTravelTime,metadata
0,0,"47.342581100000004 , 8.397415200000001","47.5325478 , 8.587692500000001",rural-urban,urban,1798,"{""sample_routes"":{""date"":""2026-10-06"",""run_id"":""40f0434126ae436fb4303209904a3f6a""},""join_samples"":{""date"":""2026-10-06"",""run_id"":""f6b44811a3a04e82892b6b92b821b08c""}}"
1,1,"46.9548623 , 7.438998400000001","46.7411442 , 7.6525486",urban-rural,urban,1809,"{""sample_routes"":{""date"":""2026-10-06"",""run_id"":""40f0434126ae436fb4303209904a3f6a""},""join_samples"":{""date"":""2026-10-06"",""run_id"":""f6b44811a3a04e82892b6b92b821b08c""}}"
2,2,"47.3945717 , 8.776726","47.1983802 , 8.7762502",rural-urban,urban,1791,"{""sample_routes"":{""date"":""2026-10-06"",""run_id"":""40f0434126ae436fb4303209904a3f6a""},""join_samples"":{""date"":""2026-10-06"",""run_id"":""f6b44811a3a04e82892b6b92b821b08c""}}"
3,3,"47.516502900000006 , 8.6763306","47.3053334 , 8.6760207",urban-rural,urban,1811,"{""sample_routes"":{""date"":""2026-10-06"",""run_id"":""40f0434126ae436fb4303209904a3f6a""},""join_samples"":{""date"":""2026-10-06"",""run_id"":""f6b44811a3a04e82892b6b92b821b08c""}}"
4,4,"47.309226200000005 , 8.7162615","47.547898100000005 , 8.7156347",rural-rural,urban,1817,"{""sample_routes"":{""date"":""2026-10-06"",""run_id"":""40f0434126ae436fb4303209904a3f6a""},""join_samples"":{""date"":""2026-10-06"",""run_id"":""f6b44811a3a04e82892b6b92b821b08c""}}"
5,5,"46.788642700000004 , 7.5310879","47.0217639 , 7.5317033",rural-urban,urban,1781,"{""sample_routes"":{""date"":""2026-10-06"",""run_id"":""40f0434126ae436fb4303209904a3f6a""},""join_samples"":{""date"":""2026-10-06"",""run_id"":""f6b44811a3a04e82892b6b92b821b08c""}}"
6,6,"47.5533037 , 8.5286597","47.2762638 , 8.5281804",urban-urban,urban,1822,"{""sample_routes"":{""date"":""2026-10-06"",""run_id"":""40f0434126ae436fb4303209904a3f6a""},""join_samples"":{""date"":""2026-10-06"",""run_id"":""f6b44811a3a04e82892b6b92b821b08c""}}"
7,7,"47.4206585 , 8.6143654","47.2399738 , 8.7957023",urban-urban,urban,1823,"{""sample_routes"":{""date"":""2026-10-06"",""run_id"":""40f0434126ae436fb4303209904a3f6a""},""join_samples"":{""date"":""2026-10-06"",""run_id"":""f6b44811a3a04e82892b6b92b821b08c""}}"
8,8,"47.256167500000004 , 8.6971427","47.2009447 , 8.641694600000001",urban-rural,urban,1823,"{""sample_routes"":{""date"":""2026-10-06"",""run_id"":""40f0434126ae436fb4303209904a3f6a""},""join_samples"":{""date"":""2026-10-06"",""run_id"":""f6b44811a3a04e82892b6b92b821b08c""}}"
9,9,"47.0315236 , 8.2517441","47.2616802 , 8.4819186",urban-rural,urban,1828,"{""sample_routes"":{""date"":""2026-10-06"",""run_id"":""40f0434126ae436fb4303209904a3f6a""},""join_samples"":{""date"":""2026-10-06"",""run_id"":""f6b44811a3a04e82892b6b92b821b08c""}}"
10,10,"47.429292700000005 , 8.615987800000001","47.4290317 , 8.3166353",urban-urban,urban,1772,"{""sample_routes"":{""date"":""2026-10-06"",""run_id"":""40f0434126ae436fb4303209904a3f6a""},""join_samples"":{""date"":""2026-10-06"",""run_id"":""f6b44811a3a04e82892b6b92b821b08c""}}"
11,11,"47.0626667 , 8.3213951","47.2414907 , 8.5001719",urban-rural,urban,1771,"{""sample_routes"":{""date"":""2026-10-06"",""run_id"":""40f0434126ae436fb4303209904a3f6a""},""join_samples"":{""date"":""2026-10-06"",""run_id"":""f6b44811a3a04e82892b6b92b821b08c""}}"
12,12,"47.0136673 , 8.311655","47.2385992 , 8.5369496",urban-rural,urban,1770,"{""sample_routes"":{""date"":""2026-10-06"",""run_id"":""40f0434126ae436fb4303209904a3f6a""},""join_samples"":{""date"":""2026-10-06"",""run_id"":""f6b44811a3a04e82892b6b92b821b08c""}}"
13,13,"46.995131400000005 , 8.3042584","47.226066200000005 , 8.5352311",rural-rural,urban,1770,"{""sample_routes"":{""date"":""2026-10-06"",""run_id"":""40f0434126ae436fb4303209904a3f6a""},""join_samples"":{""date"":""2026-10-06"",""run_id"":""f6b44811a3a04e82892b6b92b821b08c""}}"
14,14,"47.4909169 , 8.7316351","47.288348500000005 , 8.5296784",urban-urban,urban,1831,"{""sample_routes"":{""date"":""2026-10-06"",""run_id"":""40f0434126ae436fb4303209904a3f6a""},""join_samples"":{""date"":""2026-10-06"",""run_id"":""f6b44811a3a04e82892b6b92b821b08c""}}"
15,15,"47.3569593 , 8.557845","47.174247300000005 , 8.741054",urban-rural,urban,1766,"{""sample_routes"":{""date"":""2026-10-06"",""run_id"":""40f0434126ae436fb4303209904a3f6a""},""join_samples"":{""date"":""2026-10-06"",""run_id"":""f6b44811a3a04e82892b6b92b821b08c""}}"
16,16,"46.985120800000004 , 8.3085544","47.229080200000006 , 8.5530261",rural-rural,urban,1765,"{""sample_routes"":{""date"":""2026-10-06"",""run_id"":""40f0434126ae436fb4303209904a3f6a""},""join_samples"":{""date"":""2026-10-06"",""run_id"":""f6b44811a3a04e82892b6b92b821b08c""}}"
17,17,"47.2439917 , 8.711022700000001","47.2441061 , 8.603388200000001",urban-urban,urban,1835,"{""sample_routes"":{""date"":""2026-10-06"",""run_id"":""40f0434126ae436fb4303209904a3f6a""},""join_samples"":{""date"":""2026-10-06"",""run_id"":""f6b44811a3a04e82892b6b92b821b08c""}}"
18,18,"47.5081907 , 8.728657100000001","47.5082068 , 8.4536764",urban-rural,urban,1837,"{""sample_routes"":{""date"":""2026-10-06"",""run_id"":""40f0434126ae436fb4303209904a3f6a""},""join_samples"":{""date"":""2026-10-06"",""run_id"":""f6b44811a3a04e82892b6b92b821b08c""}}"
19,19,"47.39203860000001 , 8.482921900000001","47.592226200000006 , 8.4828212",urban-rural,urban,1763,"{""sample_routes"":{""date"":""2026-10-06"",""run_id"":""40f0434126ae436fb4303209904a3f6a""},""join_samples"":{""date"":""2026-10-06"",""run_id"":""f6b44811a3a04e82892b6b92b821b08c""}}"
20,20,"47.4697575 , 9.461180500000001","47.4693434 , 9.003057700000001",urban-rural,urban,1762,"{""sample_routes"":{""date"":""2026-10-06"",""run_id"":""40f0434126ae436fb4303209904a3f6a""},""join_samples"":{""date"":""2026-10-06"",""run_id"":""f6b44811a3a04e82892b6b92b821b08c""}}"
21,21,"47.3802284 , 8.5524793","47.5775872 , 8.7502563",urban-rural,urban,1754,"{""sample_routes"":{""date"":""2026-10-06"",""run_id"":""40f0434126ae436fb4303209904a3f6a""},""join_samples"":{""date"":""2026-10-06"",""run_id"":""f6b44811a3a04e82892b6b92b821b08c""}}"
22,22,"47.2566721 , 8.6846806","47.1488358 , 8.7929559",urban-rural,urban,1846,"{""sample_routes"":{""date"":""2026-10-06"",""run_id"":""40f0434126ae436fb4303209904a3f6a""},""join_samples"":{""date"":""2026-10-06"",""run_id"":""f6b44811a3a04e82892b6b92b821b08c""}}"
23,23,"47.278277100000004 , 8.8404691","47.458865200000005 , 8.6602738",urban-rural,urban,1847,"{""sample_routes"":{""date"":""2026-10-06"",""run_id"":""40f0434126ae436fb4303209904a3f6a""},""join_samples"":{""date"":""2026-10-06"",""run_id"":""f6b44811a3a04e82892b6b92b821b08c""}}"
24,24,"47.4834036 , 8.4851636","47.3263295 , 8.3285927",urban-urban,urban,1848,"{""sample_routes"":{""date"":""2026-10-06"",""run_id"":""40f0434126ae436fb4303209904a3f6a""},""join_samples"":{""date"":""2026-10-06"",""run_id"":""f6b44811a3a04e82892b6b92b821b08c""}}"
25,25,"47.359279300000004 , 8.5566638","47.1743784 , 8.7419846",urban-rural,urban,1751,"{""sample_routes"":{""date"":""2026-10-06"",""run_id"":""40f0434126ae436fb4303209904a3f6a""},""join_samples"":{""date"":""2026-10-06"",""run_id"":""f6b44811a3a04e82892b6b92b821b08c""}}"
26,26,"47.2724398 , 8.8256636","47.271941000000005 , 8.5523605",urban-urban,urban,1858,"{""sample_routes"":{""date"":""2026-10-06"",""run_id"":""40f0434126ae436fb4303209904a3f6a""},""join_samples"":{""date"":""2026-10-06"",""run_id"":""f6b44811a3a04e82892b6b92b821b08c""}}"
27,27,"47.4255386 , 8.6202649","47.277514800000006 , 8.6208968",urban-urban,urban,1742,"{""sample_routes"":{""date"":""2026-10-06"",""run_id"":""40f0434126ae436fb4303209904a3f6a""},""join_samples"":{""date"":""2026-10-06"",""run_id"":""f6b44811a3a04e82892b6b92b821b08c""}}"
28,28,"47.509799 , 8.7238448","47.3057315 , 8.5194214",urban-urban,urban,1861,"{""sample_routes"":{""date"":""2026-10-06"",""run_id"":""40f0434126ae436fb4303209904a3f6a""},""join_samples"":{""date"":""2026-10-06"",""run_id"":""f6b44811a3a04e82892b6b92b821b08c""}}"
29,29,"47.583574600000006 , 8.874571900000001","47.3750681 , 8.666175200000001",rural-urban,urban,1862,"{""sample_routes"":{""date"":""2026-10-06"",""run_id"":""40f0434126ae436fb4303209904a3f6a""},""join_samples"":{""date"":""2026-10-06"",""run_id"":""f6b44811a3a04e82892b6b92b821b08c""}}"
30,30,"47.3995997 , 9.3560393","47.399420400000004 , 9.0829146",urban-rural,urban,1738,"{""sample_routes"":{""date"":""2026-10-06"",""run_id"":""40f0434126ae436fb4303209904a3f6a""},""join_samples"":{""date"":""2026-10-06"",""run_id"":""f6b44811a3a04e82892b6b92b821b08c""}}"
31,31,"47.298499500000005 , 8.844543400000001","47.4802127 , 8.6622357",urban-rural,urban,1864,"{""sample_routes"":{""date"":""2026-10-06"",""run_id"":""40f0434126ae436fb4303209904a3f6a""},""join_samples"":{""date"":""2026-10-06"",""run_id"":""f6b44811a3a04e82892b6b92b821b08c""}}"
32,32,"47.3075859 , 8.682378","47.547646400000005 , 8.6829236",rural-rural,urban,1867,"{""sample_routes"":{""date"":""2026-10-06"",""run_id"":""40f0434126ae436fb4303209904a3f6a""},""join_samples"":{""date"":""2026-10-06"",""run_id"":""f6b44811a3a04e82892b6b92b821b08c""}}"
33,33,"46.8684537 , 7.4694346000000005","47.051947600000005 , 7.47001",rural-rural,urban,1870,"{""sample_routes"":{""date"":""2026-10-06"",""run_id"":""40f0434126ae436fb4303209904a3f6a""},""join_samples"":{""date"":""2026-10-06"",""run_id"":""f6b44811a3a04e82892b6b92b821b08c""}}"
34,34,"47.3073496 , 8.7175063","47.5230575 , 8.7178257",rural-urban,urban,1872,"{""sample_routes"":{""date"":""2026-10-06"",""run_id"":""40f0434126ae436fb4303209904a3f6a""},""join_samples"":{""date"":""2026-10-06"",""run_id"":""f6b44811a3a04e82892b6b92b821b08c""}}"
35,35,"47.4281984 , 9.480311700000001","47.4282126 , 9.0945964",rural-rural,urban,1873,"{""sample_routes"":{""date"":""2026-10-06"",""run_id"":""40f0434126ae436fb4303209904a3f6a""},""join_samples"":{""date"":""2026-10-06"",""run_id"":""f6b44811a3a04e82892b6b92b821b08c""}}"
36,36,"47.3018329 , 8.6004298","47.3022775 , 8.501640100000001",urban-urban,urban,1873,"{""sample_routes"":{""date"":""2026-10-06"",""run_id"":""40f0434126ae436fb4303209904a3f6a""},""join_samples"":{""date"":""2026-10-06"",""run_id"":""f6b44811a3a04e82892b6b92b821b08c""}}"
37,37,"47.394531300000004 , 8.4177731","47.571093100000006 , 8.594154600000001",urban-rural,urban,1874,"{""sample_routes"":{""date"":""2026-10-06"",""run_id"":""40f0434126ae436fb4303209904a3f6a""},""join_samples"":{""date"":""2026-10-06"",""run_id"":""f6b44811a3a04e82892b6b92b821b08c""}}"
38,38,"47.3579225 , 8.5720975","47.5634789 , 8.5727101",urban-rural,urban,1875,"{""sample_routes"":{""date"":""2026-10-06"",""run_id"":""40f0434126ae436fb4303209904a3f6a""},""join_samples"":{""date"":""2026-10-06"",""run_id"":""f6b44811a3a04e82892b6b92b821b08c""}}"
39,39,"47.5541847 , 8.437491300000001","47.3927555 , 8.437948800000001",rural-urban,urban,1725,"{""sample_routes"":{""date"":""2026-10-06"",""run_id"":""40f0434126ae436fb4303209904a3f6a""},""join_samples"":{""date"":""2026-10-06"",""run_id"":""f6b44811a3a04e82892b6b92b821b08c""}}"
40,40,"46.9605392 , 7.4452495","46.7182922 , 7.6876993",urban-rural,urban,1877,"{""sample_routes"":{""date"":""2026-10-06"",""run_id"":""40f0434126ae436fb4303209904a3f6a""},""join_samples"":{""date"":""2026-10-06"",""run_id"":""f6b44811a3a04e82892b6b92b821b08c""}}"
41,41,"47.2767233 , 8.5795668","47.457486700000004 , 8.398194100000001",urban-rural,urban,1722,"{""sample_routes"":{""date"":""2026-10-06"",""run_id"":""40f0434126ae436fb4303209904a3f6a""},""join_samples"":{""date"":""2026-10-06"",""run_id"":""f6b44811a3a04e82892b6b92b821b08c""}}"
42,42,"47.3621022 , 8.7513594","47.6064212 , 8.5067425",urban-rural,urban,1717,"{""sample_routes"":{""date"":""2026-10-06"",""run_id"":""40f0434126ae436fb4303209904a3f6a""},""join_samples"":{""date"":""2026-10-06"",""run_id"":""f6b44811a3a04e82892b6b92b821b08c""}}"
43,43,"47.1734616 , 8.7723373","47.2868537 , 8.8863295",urban-rural,urban,1716,"{""sample_routes"":{""date"":""2026-10-06"",""run_id"":""40f0434126ae436fb4303209904a3f6a""},""join_samples"":{""date"":""2026-10-06"",""run_id"":""f6b44811a3a04e82892b6b92b821b08c""}}"
44,44,"47.237683700000005 , 8.7345798","47.2371203 , 8.597087700000001",urban-urban,urban,1714,"{""sample_routes"":{""date"":""2026-10-06"",""run_id"":""40f0434126ae436fb4303209904a3f6a""},""join_samples"":{""date"":""2026-10-06"",""run_id"":""f6b44811a3a04e82892b6b92b821b08c""}}"
45,45,"47.352417800000005 , 8.560470200000001","47.1827248 , 8.7295259",urban-urban,urban,1713,"{""sample_routes"":{""date"":""2026-10-06"",""run_id"":""40f0434126ae436fb4303209904a3f6a""},""join_samples"":{""date"":""2026-10-06"",""run_id"":""f6b44811a3a04e82892b6b92b821b08c""}}"
46,46,"47.4290062 , 8.373017","47.5996225 , 8.5435329",urban-rural,urban,1888,"{""sample_routes"":{""date"":""2026-10-06"",""run_id"":""40f0434126ae436fb4303209904a3f6a""},""join_samples"":{""date"":""2026-10-06"",""run_id"":""f6b44811a3a04e82892b6b92b821b08c""}}"
47,47,"47.309975800000004 , 8.681322","47.545766900000004 , 8.680741900000001",rural-rural,urban,1891,"{""sample_routes"":{""date"":""2026-10-06"",""run_id"":""40f0434126ae436fb4303209904a3f6a""},""join_samples"":{""date"":""2026-10-06"",""run_id"":""f6b44811a3a04e82892b6b92b821b08c""}}"
48,48,"46.902870500000006 , 7.473283800000001","47.0692153 , 7.4730831",rural-rural,urban,1704,"{""sample_routes"":{""date"":""2026-10-06"",""run_id"":""40f0434126ae436fb4303209904a3f6a""},""join_samples"":{""date"":""2026-10-06"",""run_id"":""f6b44811a3a04e82892b6b92b821b08c""}}"
49,49,"47.4188526 , 8.3602717","47.598777000000005 , 8.540551",urban-rural,urban,1897,"{""sample_routes"":{""date"":""2026-10-06"",""run_id"":""40f0434126ae436fb4303209904a3f6a""},""join_samples"":{""date"":""2026-10-06"",""run_id"":""f6b44811a3a04e82892b6b92b821b08c""}}"
50,50,"47.4146517 , 8.6436159","47.1934405 , 8.6433108",urban-rural,urban,1900,"{""sample_routes"":{""date"":""2026-10-06"",""run_id"":""40f0434126ae436fb4303209904a3f6a""},""join_samples"":{""date"":""2026-10-06"",""run_id"":""f6b44811a3a04e82892b6b92b821b08c""}}"
51,51,"47.3886899 , 8.5465511","47.389326600000004 , 8.87162",urban-rural,urban,1700,"{""sample_routes"":{""date"":""2026-10-06"",""run_id"":""40f0434126ae436fb4303209904a3f6a""},""join_samples"":{""date"":""2026-10-06"",""run_id"":""f6b44811a3a04e82892b6b92b821b08c""}}"
52,52,"47.4222746 , 8.662134","47.4223239 , 8.2190574",urban-rural,urban,1699,"{""sample_routes"":{""date"":""2026-10-06"",""run_id"":""40f0434126ae436fb4303209904a3f6a""},""join_samples"":{""date"":""2026-10-06"",""run_id"":""f6b44811a3a04e82892b6b92b821b08c""}}"
53,53,"47.3044012 , 8.608376100000001","47.4576949 , 8.454562600000001",urban-urban,urban,1907,"{""sample_routes"":{""date"":""2026-10-06"",""run_id"":""40f0434126ae436fb4303209904a3f6a""},""join_samples"":{""date"":""2026-10-06"",""run_id"":""f6b44811a3a04e82892b6b92b821b08c""}}"
54,54,"46.6898959 , 7.680777900000001","46.9846262 , 7.3860583",urban-rural,urban,1908,"{""sample_routes"":{""date"":""2026-10-06"",""run_id"":""40f0434126ae436fb4303209904a3f6a""},""join_samples"":{""date"":""2026-10-06"",""run_id"":""f6b44811a3a04e82892b6b92b821b08c""}}"
55,55,"47.377430200000006 , 8.6422948","47.3774468 , 8.332475200000001",urban-rural,urban,1910,"{""sample_routes"":{""date"":""2026-10-06"",""run_id"":""40f0434126ae436fb4303209904a3f6a""},""join_samples"":{""date"":""2026-10-06"",""run_id"":""f6b44811a3a04e82892b6b92b821b08c""}}"
56,56,"47.523726100000005 , 8.552314","47.271941000000005 , 8.5523605",urban-urban,urban,1911,"{""sample_routes"":{""date"":""2026-10-06"",""run_id"":""40f0434126ae436fb4303209904a3f6a""},""join_samples"":{""date"":""2026-10-06"",""run_id"":""f6b44811a3a04e82892b6b92b821b08c""}}"
57,57,"47.222050800000005 , 8.828182700000001","47.394918100000005 , 8.8279616",urban-rural,urban,1689,"{""sample_routes"":{""date"":""2026-10-06"",""run_id"":""40f0434126ae436fb4303209904a3f6a""},""join_samples"":{""date"":""2026-10-06"",""run_id"":""f6b44811a3a04e82892b6b92b821b08c""}}"
58,58,"47.2903444 , 8.603407200000001","47.2909762 , 8.4282813",urban-rural,urban,1911,"{""sample_routes"":{""date"":""2026-10-06"",""run_id"":""40f0434126ae436fb4303209904a3f6a""},""join_samples"":{""date"":""2026-10-06"",""run_id"":""f6b44811a3a04e82892b6b92b821b08c""}}"
59,59,"46.9664846 , 7.4641538","46.6521976 , 7.7784234",urban-rural,urban,1914,"{""sample_routes"":{""date"":""2026-10-06"",""run_id"":""40f0434126ae436fb4303209904a3f6a""},""join_samples"":{""date"":""2026-10-06"",""run_id"":""f6b44811a3a04e82892b6b92b821b08c""}}"
60,60,"47.4479029 , 8.6208732","47.2795878 , 8.6204709",urban-urban,urban,1915,"{""sample_routes"":{""date"":""2026-10-06"",""run_id"":""40f0434126ae436fb4303209904a3f6a""},""join_samples"":{""date"":""2026-10-06"",""run_id"":""f6b44811a3a04e82892b6b92b821b08c""}}"
61,61,"47.396708600000004 , 8.6202207","47.209223 , 8.6208116",urban-rural,urban,1684,"{""sample_routes"":{""date"":""2026-10-06"",""run_id"":""40f0434126ae436fb4303209904a3f6a""},""join_samples"":{""date"":""2026-10-06"",""run_id"":""f6b44811a3a04e82892b6b92b821b08c""}}"
62,62,"47.2390094 , 8.610455100000001","47.5075055 , 8.3420796",urban-rural,urban,1917,"{""sample_routes"":{""date"":""2026-10-06"",""run_id"":""40f0434126ae436fb4303209904a3f6a""},""join_samples"":{""date"":""2026-10-06"",""run_id"":""f6b44811a3a04e82892b6b92b821b08c""}}"
63,63,"47.484925700000005 , 9.0362387","47.485564600000004 , 9.469337600000001",urban-urban,urban,1920,"{""sample_routes"":{""date"":""2026-10-06"",""run_id"":""40f0434126ae436fb4303209904a3f6a""},""join_samples"":{""date"":""2026-10-06"",""run_id"":""f6b44811a3a04e82892b6b92b821b08c""}}"
64,64,"47.4180647 , 8.6330804","47.218241000000006 , 8.8325373",urban-urban,urban,1922,"{""sample_routes"":{""date"":""2026-10-06"",""run_id"":""40f0434126ae436fb4303209904a3f6a""},""join_samples"":{""date"":""2026-10-06"",""run_id"":""f6b44811a3a04e82892b6b92b821b08c""}}"
65,65,"47.583649900000005 , 8.5124262","47.3076808 , 8.7878025",rural-urban,urban,1924,"{""sample_routes"":{""date"":""2026-10-06"",""run_id"":""40f0434126ae436fb4303209904a3f6a""},""join_samples"":{""date"":""2026-10-06"",""run_id"":""f6b44811a3a04e82892b6b92b821b08c""}}"
66,66,"46.8660227 , 7.5048199","47.075572 , 7.5042489",urban-rural,urban,1676,"{""sample_routes"":{""date"":""2026-10-06"",""run_id"":""40f0434126ae436fb4303209904a3f6a""},""join_samples"":{""date"":""2026-10-06"",""run_id"":""f6b44811a3a04e82892b6b92b821b08c""}}"
67,67,"47.327576900000004 , 8.6015425","47.328234900000005 , 8.4886643",urban-urban,urban,1669,"{""sample_routes"":{""date"":""2026-10-06"",""run_id"":""40f0434126ae436fb4303209904a3f6a""},""join_samples"":{""date"":""2026-10-06"",""run_id"":""f6b44811a3a04e82892b6b92b821b08c""}}"
68,68,"47.2621763 , 8.702806","47.2128578 , 8.7022829",urban-urban,urban,1667,"{""sample_routes"":{""date"":""2026-10-06"",""run_id"":""40f0434126ae436fb4303209904a3f6a""},""join_samples"":{""date"":""2026-10-06"",""run_id"":""f6b44811a3a04e82892b6b92b821b08c""}}"
69,69,"47.3114537 , 8.7927041","47.5008514 , 8.792971300000001",urban-urban,urban,1937,"{""sample_routes"":{""date"":""2026-10-06"",""run_id"":""40f0434126ae436fb4303209904a3f6a""},""join_samples"":{""date"":""2026-10-06"",""run_id"":""f6b44811a3a04e82892b6b92b821b08c""}}"
70,70,"47.436559100000004 , 8.6979456","47.190555700000004 , 8.6973897",urban-urban,urban,1938,"{""sample_routes"":{""date"":""2026-10-06"",""run_id"":""40f0434126ae436fb4303209904a3f6a""},""join_samples"":{""date"":""2026-10-06"",""run_id"":""f6b44811a3a04e82892b6b92b821b08c""}}"
71,71,"46.957332400000006 , 7.4479236","46.657703100000006 , 7.747029700000001",urban-rural,urban,1938,"{""sample_routes"":{""date"":""2026-10-06"",""run_id"":""40f0434126ae436fb4303209904a3f6a""},""join_samples"":{""date"":""2026-10-06"",""run_id"":""f6b44811a3a04e82892b6b92b821b08c""}}"
72,72,"47.320241 , 8.7575047","47.5894277 , 8.4879168",rural-rural,urban,1940,"{""sample_routes"":{""date"":""2026-10-06"",""run_id"":""40f0434126ae436fb4303209904a3f6a""},""join_samples"":{""date"":""2026-10-06"",""run_id"":""f6b44811a3a04e82892b6b92b821b08c""}}"
73,73,"47.5128101 , 8.7627279","47.3043112 , 8.7627784",urban-rural,urban,1940,"{""sample_routes"":{""date"":""2026-10-06"",""run_id"":""40f0434126ae436fb4303209904a3f6a""},""join_samples"":{""date"":""2026-10-06"",""run_id"":""f6b44811a3a04e82892b6b92b821b08c""}}"
74,74,"47.413970400000004 , 8.5466712","47.414362700000005 , 8.2877784",urban-rural,urban,1647,"{""sample_routes"":{""date"":""2026-10-06"",""run_id"":""40f0434126ae436fb4303209904a3f6a""},""join_samples"":{""date"":""2026-10-06"",""run_id"":""f6b44811a3a04e82892b6b92b821b08c""}}"
75,75,"47.097328700000006 , 8.2736927","47.2834951 , 8.460047900000001",urban-urban,urban,1645,"{""sample_routes"":{""date"":""2026-10-06"",""run_id"":""40f0434126ae436fb4303209904a3f6a""},""join_samples"":{""date"":""2026-10-06"",""run_id"":""f6b44811a3a04e82892b6b92b821b08c""}}"
76,76,"47.511619 , 8.5200409","47.2686222 , 8.762432",urban-rural,urban,1955,"{""sample_routes"":{""date"":""2026-10-06"",""run_id"":""40f0434126ae436fb4303209904a3f6a""},""join_samples"":{""date"":""2026-10-06"",""run_id"":""f6b44811a3a04e82892b6b92b821b08c""}}"
77,77,"47.4132121 , 8.600686300000001","47.4128987 , 8.2900797",urban-rural,urban,1645,"{""sample_routes"":{""date"":""2026-10-06"",""run_id"":""40f0434126ae436fb4303209904a3f6a""},""join_samples"":{""date"":""2026-10-06"",""run_id"":""f6b44811a3a04e82892b6b92b821b08c""}}"
78,78,"47.4053684 , 8.602733500000001","47.4054268 , 8.3010509",urban-rural,urban,1644,"{""sample_routes"":{""date"":""2026-10-06"",""run_id"":""40f0434126ae436fb4303209904a3f6a""},""join_samples"":{""date"":""2026-10-06"",""run_id"":""f6b44811a3a04e82892b6b92b821b08c""}}"
79,79,"47.3688954 , 8.7875142","47.368392500000006 , 8.358981700000001",urban-urban,urban,1957,"{""sample_routes"":{""date"":""2026-10-06"",""run_id"":""40f0434126ae436fb4303209904a3f6a""},""join_samples"":{""date"":""2026-10-06"",""run_id"":""f6b44811a3a04e82892b6b92b821b08c""}}"
80,80,"47.5271288 , 8.5369582","47.3279584 , 8.337566800000001",urban-rural,urban,1960,"{""sample_routes"":{""date"":""2026-10-06"",""run_id"":""40f0434126ae436fb4303209904a3f6a""},""join_samples"":{""date"":""2026-10-06"",""run_id"":""f6b44811a3a04e82892b6b92b821b08c""}}"
81,81,"47.085920200000004 , 7.572441700000001","46.753545700000004 , 7.5728967",rural-rural,urban,1964,"{""sample_routes"":{""date"":""2026-10-06"",""run_id"":""40f0434126ae436fb4303209904a3f6a""},""join_samples"":{""date"":""2026-10-06"",""run_id"":""f6b44811a3a04e82892b6b92b821b08c""}}"
82,82,"47.519451700000005 , 8.5465456","47.3646566 , 8.3923696",urban-urban,urban,1635,"{""sample_routes"":{""date"":""2026-10-06"",""run_id"":""40f0434126ae436fb4303209904a3f6a""},""join_samples"":{""date"":""2026-10-06"",""run_id"":""f6b44811a3a04e82892b6b92b821b08c""}}"
83,83,"47.307149100000004 , 8.6072042","47.218383100000004 , 8.606651300000001",urban-rural,urban,1966,"{""sample_routes"":{""date"":""2026-10-06"",""run_id"":""40f0434126ae436fb4303209904a3f6a""},""join_samples"":{""date"":""2026-10-06"",""run_id"":""f6b44811a3a04e82892b6b92b821b08c""}}"
84,84,"47.323956900000006 , 8.5454866","47.5270072 , 8.7488309",urban-urban,urban,1966,"{""sample_routes"":{""date"":""2026-10-06"",""run_id"":""40f0434126ae436fb4303209904a3f6a""},""join_samples"":{""date"":""2026-10-06"",""run_id"":""f6b44811a3a04e82892b6b92b821b08c""}}"
85,85,"46.9400345 , 7.4252551","46.659436 , 7.705883",urban-rural,urban,1967,"{""sample_routes"":{""date"":""2026-10-06"",""run_id"":""40f0434126ae436fb4303209904a3f6a""},""join_samples"":{""date"":""2026-10-06"",""run_id"":""f6b44811a3a04e82892b6b92b821b08c""}}"
86,86,"47.5774435 , 8.5275123","47.2816331 , 8.5278326",rural-urban,urban,1968,"{""sample_routes"":{""date"":""2026-10-06"",""run_id"":""40f0434126ae436fb4303209904a3f6a""},""join_samples"":{""date"":""2026-10-06"",""run_id"":""f6b44811a3a04e82892b6b92b821b08c""}}"
87,87,"47.423421100000006 , 8.653291900000001","47.2834142 , 8.7927628",urban-rural,urban,1632,"{""sample_routes"":{""date"":""2026-10-06"",""run_id"":""40f0434126ae436fb4303209904a3f6a""},""join_samples"":{""date"":""2026-10-06"",""run_id"":""f6b44811a3a04e82892b6b92b821b08c""}}"
88,88,"47.4229106 , 8.685569000000001","47.2590799 , 8.5220603",urban-rural,urban,1968,"{""sample_routes"":{""date"":""2026-10-06"",""run_id"":""40f0434126ae436fb4303209904a3f6a""},""join_samples"":{""date"":""2026-10-06"",""run_id"":""f6b44811a3a04e82892b6b92b821b08c""}}"
89,89,"47.4288235 , 8.696065800000001","47.6056632 , 8.519471900000001",urban-rural,urban,1632,"{""sample_routes"":{""date"":""2026-10-06"",""run_id"":""40f0434126ae436fb4303209904a3f6a""},""join_samples"":{""date"":""2026-10-06"",""run_id"":""f6b44811a3a04e82892b6b92b821b08c""}}"
90,90,"47.339772800000006 , 8.581994","47.214989100000004 , 8.5825118",urban-rural,urban,1631,"{""sample_routes"":{""date"":""2026-10-06"",""run_id"":""40f0434126ae436fb4303209904a3f6a""},""join_samples"":{""date"":""2026-10-06"",""run_id"":""f6b44811a3a04e82892b6b92b821b08c""}}"
91,91,"47.2645537 , 8.849868500000001","47.4673249 , 8.646618700000001",urban-rural,urban,1969,"{""sample_routes"":{""date"":""2026-10-06"",""run_id"":""40f0434126ae436fb4303209904a3f6a""},""join_samples"":{""date"":""2026-10-06"",""run_id"":""f6b44811a3a04e82892b6b92b821b08c""}}"
92,92,"47.4712528 , 9.5002031","47.471293200000005 , 9.0021049",urban-rural,urban,1971,"{""sample_routes"":{""date"":""2026-10-06"",""run_id"":""40f0434126ae436fb4303209904a3f6a""},""join_samples"":{""date"":""2026-10-06"",""run_id"":""f6b44811a3a04e82892b6b92b821b08c""}}"
93,93,"47.3753838 , 8.4849219","47.3757395 , 8.8567069",urban-rural,urban,1974,"{""sample_routes"":{""date"":""2026-10-06"",""run_id"":""40f0434126ae436fb4303209904a3f6a""},""join_samples"":{""date"":""2026-10-06"",""run_id"":""f6b44811a3a04e82892b6b92b821b08c""}}"
94,94,"47.1694164 , 8.721805","47.4148015 , 8.4757868",rural-urban,urban,1975,"{""sample_routes"":{""date"":""2026-10-06"",""run_id"":""40f0434126ae436fb4303209904a3f6a""},""join_samples"":{""date"":""2026-10-06"",""run_id"":""f6b44811a3a04e82892b6b92b821b08c""}}"
95,95,"46.939497200000005 , 7.425897000000001","46.659204800000005 , 7.705683400000001",urban-rural,urban,1975,"{""sample_routes"":{""date"":""2026-10-06"",""run_id"":""40f0434126ae436fb4303209904a3f6a""},""join_samples"":{""date"":""2026-10-06"",""run_id"":""f6b44811a3a04e82892b6b92b821b08c""}}"
96,96,"47.3557506 , 8.7137167","47.2557704 , 8.613195900000001",urban-urban,urban,1980,"{""sample_routes"":{""date"":""2026-10-06"",""run_id"":""40f0434126ae436fb4303209904a3f6a""},""join_samples"":{""date"":""2026-10-06"",""run_id"":""f6b44811a3a04e82892b6b92b821b08c""}}"
97,97,"46.771366500000006 , 7.606677800000001","47.0625871 , 7.6062251000000005",urban-urban,urban,1981,"{""sample_routes"":{""date"":""2026-10-06"",""run_id"":""40f0434126ae436fb4303209904a3f6a""},""join_samples"":{""date"":""2026-10-06"",""run_id"":""f6b44811a3a04e82892b6b92b821b08c""}}"
98,98,"47.248759400000004 , 8.723898400000001","47.180773800000004 , 8.6562777",urban-rural,urban,1619,"{""sample_routes"":{""date"":""2026-10-06"",""run_id"":""40f0434126ae436fb4303209904a3f6a""},""join_samples"":{""date"":""2026-10-06"",""run_id"":""f6b44811a3a04e82892b6b92b821b08c""}}"
99,99,"47.308078300000005 , 8.5552952","47.605658600000005 , 8.5546553",urban-rural,urban,1985,"{""sample_routes"":{""date"":""2026-10-06"",""run_id"":""40f0434126ae436fb4303209904a3f6a""},""join_samples"":{""date"":""2026-10-06"",""run_id"":""f6b44811a3a04e82892b6b92b821b08c""}}"
100,100,"47.343639200000005 , 8.715508","47.242665800000005 , 8.6141775",urban-urban,urban,1985,"{""sample_routes"":{""date"":""2026-10-06"",""run_id"":""40f0434126ae436fb4303209904a3f6a""},""join_samples"":{""date"":""2026-10-06"",""run_id"":""f6b44811a3a04e82892b6b92b821b08c""}}"
101,101,"47.3711861 , 8.6932012","47.205204800000004 , 8.6929937",urban-urban,urban,1986,"{""sample_routes"":{""date"":""2026-10-06"",""run_id"":""40f0434126ae436fb4303209904a3f6a""},""join_samples"":{""date"":""2026-10-06"",""run_id"":""f6b44811a3a04e82892b6b92b821b08c""}}"
102,102,"47.3016123 , 8.8444549","47.516187200000005 , 8.629756200000001",urban-rural,urban,1986,"{""sample_routes"":{""date"":""2026-10-06"",""run_id"":""40f0434126ae436fb4303209904a3f6a""},""join_samples"":{""date"":""2026-10-06"",""run_id"":""f6b44811a3a04e82892b6b92b821b08c""}}"
103,103,"46.7963035 , 7.6029255000000004","47.0822991 , 7.317016000000001",urban-urban,urban,1987,"{""sample_routes"":{""date"":""2026-10-06"",""run_id"":""40f0434126ae436fb4303209904a3f6a""},""join_samples"":{""date"":""2026-10-06"",""run_id"":""f6b44811a3a04e82892b6b92b821b08c""}}"
104,104,"47.205902300000005 , 8.6858626","47.4601898 , 8.4314538",urban-rural,urban,1987,"{""sample_routes"":{""date"":""2026-10-06"",""run_id"":""40f0434126ae436fb4303209904a3f6a""},""join_samples"":{""date"":""2026-10-06"",""run_id"":""f6b44811a3a04e82892b6b92b821b08c""}}"
105,105,"47.263356200000004 , 8.8269204","47.491650400000005 , 8.599106800000001",urban-urban,urban,1989,"{""sample_routes"":{""date"":""2026-10-06"",""run_id"":""40f0434126ae436fb4303209904a3f6a""},""join_samples"":{""date"":""2026-10-06"",""run_id"":""f6b44811a3a04e82892b6b92b821b08c""}}"
106,106,"46.7384472 , 7.613620300000001","47.057653200000004 , 7.2939834",urban-urban,urban,1990,"{""sample_routes"":{""date"":""2026-10-06"",""run_id"":""40f0434126ae436fb4303209904a3f6a""},""join_samples"":{""date"":""2026-10-06"",""run_id"":""f6b44811a3a04e82892b6b92b821b08c""}}"
107,107,"47.2381748 , 8.736250400000001","47.116841900000004 , 8.7360237",urban-urban,urban,1994,"{""sample_routes"":{""date"":""2026-10-06"",""run_id"":""40f0434126ae436fb4303209904a3f6a""},""join_samples"":{""date"":""2026-10-06"",""run_id"":""f6b44811a3a04e82892b6b92b821b08c""}}"
108,108,"47.55448680000001 , 8.5090245","47.295227700000005 , 8.5083909",rural-urban,urban,1997,"{""sample_routes"":{""date"":""2026-10-06"",""run_id"":""40f0434126ae436fb4303209904a3f6a""},""join_samples"":{""date"":""2026-10-06"",""run_id"":""f6b44811a3a04e82892b6b92b821b08c""}}"
109,109,"47.395631200000004 , 8.6697904","47.252944600000006 , 8.526926900000001",urban-rural,urban,1998,"{""sample_routes"":{""date"":""2026-10-06"",""run_id"":""40f0434126ae436fb4303209904a3f6a""},""join_samples"":{""date"":""2026-10-06"",""run_id"":""f6b44811a3a04e82892b6b92b821b08c""}}"
110,110,"47.1035593 , 8.4747768","47.157186300000006 , 8.5287023",rural-urban,urban,1601,"{""sample_routes"":{""date"":""2026-10-06"",""run_id"":""40f0434126ae436fb4303209904a3f6a""},""join_samples"":{""date"":""2026-10-06"",""run_id"":""f6b44811a3a04e82892b6b92b821b08c""}}"
111,111,"47.388379 , 8.492913900000001","47.599538200000005 , 8.492305100000001",urban-rural,urban,1601,"{""sample_routes"":{""date"":""2026-10-06"",""run_id"":""40f0434126ae436fb4303209904a3f6a""},""join_samples"":{""date"":""2026-10-06"",""run_id"":""f6b44811a3a04e82892b6b92b821b08c""}}"
112,112,"47.2754666 , 8.647398200000001","47.247765900000005 , 8.6196791",rural-urban,urban,2002,"{""sample_routes"":{""date"":""2026-10-06"",""run_id"":""40f0434126ae436fb4303209904a3f6a""},""join_samples"":{""date"":""2026-10-06"",""run_id"":""f6b44811a3a04e82892b6b92b821b08c""}}"
113,113,"46.8681671 , 7.5221599","47.0463906 , 7.5220824",rural-rural,urban,1598,"{""sample_routes"":{""date"":""2026-10-06"",""run_id"":""40f0434126ae436fb4303209904a3f6a""},""join_samples"":{""date"":""2026-10-06"",""run_id"":""f6b44811a3a04e82892b6b92b821b08c""}}"
114,114,"47.449194500000004 , 8.337172500000001","47.598219300000004 , 8.486443900000001",urban-rural,urban,2002,"{""sample_routes"":{""date"":""2026-10-06"",""run_id"":""40f0434126ae436fb4303209904a3f6a""},""join_samples"":{""date"":""2026-10-06"",""run_id"":""f6b44811a3a04e82892b6b92b821b08c""}}"
115,115,"47.611667000000004 , 8.5365103","47.3179187 , 8.5362311",rural-urban,urban,2003,"{""sample_routes"":{""date"":""2026-10-06"",""run_id"":""40f0434126ae436fb4303209904a3f6a""},""join_samples"":{""date"":""2026-10-06"",""run_id"":""f6b44811a3a04e82892b6b92b821b08c""}}"
116,116,"47.460152400000005 , 8.6414927","47.237878800000004 , 8.6414776",rural-urban,urban,2004,"{""sample_routes"":{""date"":""2026-10-06"",""run_id"":""40f0434126ae436fb4303209904a3f6a""},""join_samples"":{""date"":""2026-10-06"",""run_id"":""f6b44811a3a04e82892b6b92b821b08c""}}"
117,117,"47.1214901 , 8.736208600000001","47.241826200000006 , 8.7358183",urban-urban,urban,2004,"{""sample_routes"":{""date"":""2026-10-06"",""run_id"":""40f0434126ae436fb4303209904a3f6a""},""join_samples"":{""date"":""2026-10-06"",""run_id"":""f6b44811a3a04e82892b6b92b821b08c""}}"
118,118,"46.7858992 , 7.6541787","47.051269000000005 , 7.3887871",urban-rural,urban,2005,"{""sample_routes"":{""date"":""2026-10-06"",""run_id"":""40f0434126ae436fb4303209904a3f6a""},""join_samples"":{""date"":""2026-10-06"",""run_id"":""f6b44811a3a04e82892b6b92b821b08c""}}"
119,119,"47.399844400000006 , 8.3847679","47.5808632 , 8.5660576",urban-rural,urban,2005,"{""sample_routes"":{""date"":""2026-10-06"",""run_id"":""40f0434126ae436fb4303209904a3f6a""},""join_samples"":{""date"":""2026-10-06"",""run_id"":""f6b44811a3a04e82892b6b92b821b08c""}}"
120,120,"46.76026 , 7.6076185","47.062119100000004 , 7.607286800000001",urban-urban,urban,2005,"{""sample_routes"":{""date"":""2026-10-06"",""run_id"":""40f0434126ae436fb4303209904a3f6a""},""join_samples"":{""date"":""2026-10-06"",""run_id"":""f6b44811a3a04e82892b6b92b821b08c""}}"
121,121,"47.196099800000006 , 8.7547084","47.3295193 , 8.6208418",urban-rural,urban,2006,"{""sample_routes"":{""date"":""2026-10-06"",""run_id"":""40f0434126ae436fb4303209904a3f6a""},""join_samples"":{""date"":""2026-10-06"",""run_id"":""f6b44811a3a04e82892b6b92b821b08c""}}"
122,122,"47.307454 , 8.5555574","47.595041900000005 , 8.555770500000001",urban-rural,urban,2008,"{""sample_routes"":{""date"":""2026-10-06"",""run_id"":""40f0434126ae436fb4303209904a3f6a""},""join_samples"":{""date"":""2026-10-06"",""run_id"":""f6b44811a3a04e82892b6b92b821b08c""}}"
123,123,"47.2546994 , 8.5927032","47.5161669 , 8.5932306",urban-urban,urban,2009,"{""sample_routes"":{""date"":""2026-10-06"",""run_id"":""40f0434126ae436fb4303209904a3f6a""},""join_samples"":{""date"":""2026-10-06"",""run_id"":""f6b44811a3a04e82892b6b92b821b08c""}}"
124,124,"46.817472300000006 , 7.5703797","47.049608500000005 , 7.569800300000001",rural-rural,urban,1590,"{""sample_routes"":{""date"":""2026-10-06"",""run_id"":""40f0434126ae436fb4303209904a3f6a""},""join_samples"":{""date"":""2026-10-06"",""run_id"":""f6b44811a3a04e82892b6b92b821b08c""}}"
125,125,"47.4599187 , 8.6300457","47.2307623 , 8.6306134",rural-rural,urban,2011,"{""sample_routes"":{""date"":""2026-10-06"",""run_id"":""40f0434126ae436fb4303209904a3f6a""},""join_samples"":{""date"":""2026-10-06"",""run_id"":""f6b44811a3a04e82892b6b92b821b08c""}}"
126,126,"47.254385600000006 , 8.6093384","47.521224100000005 , 8.609694300000001",urban-urban,urban,2011,"{""sample_routes"":{""date"":""2026-10-06"",""run_id"":""40f0434126ae436fb4303209904a3f6a""},""join_samples"":{""date"":""2026-10-06"",""run_id"":""f6b44811a3a04e82892b6b92b821b08c""}}"
127,127,"46.7538272 , 7.5736688","46.904137000000006 , 7.4233083",rural-rural,urban,2014,"{""sample_routes"":{""date"":""2026-10-06"",""run_id"":""40f0434126ae436fb4303209904a3f6a""},""join_samples"":{""date"":""2026-10-06"",""run_id"":""f6b44811a3a04e82892b6b92b821b08c""}}"
128,128,"47.3632695 , 8.567593","47.3627472 , 8.8618998",urban-rural,urban,2015,"{""sample_routes"":{""date"":""2026-10-06"",""run_id"":""40f0434126ae436fb4303209904a3f6a""},""join_samples"":{""date"":""2026-10-06"",""run_id"":""f6b44811a3a04e82892b6b92b821b08c""}}"
129,129,"47.383298 , 8.4261712","47.5371153 , 8.579599100000001",urban-rural,urban,1583,"{""sample_routes"":{""date"":""2026-10-06"",""run_id"":""40f0434126ae436fb4303209904a3f6a""},""join_samples"":{""date"":""2026-10-06"",""run_id"":""f6b44811a3a04e82892b6b92b821b08c""}}"
130,130,"47.2737344 , 8.6720641","47.240382600000004 , 8.639204900000001",urban-urban,urban,2017,"{""sample_routes"":{""date"":""2026-10-06"",""run_id"":""40f0434126ae436fb4303209904a3f6a""},""join_samples"":{""date"":""2026-10-06"",""run_id"":""f6b44811a3a04e82892b6b92b821b08c""}}"
131,131,"47.314500300000006 , 8.6032884","47.1991456 , 8.7192637",urban-urban,urban,2018,"{""sample_routes"":{""date"":""2026-10-06"",""run_id"":""40f0434126ae436fb4303209904a3f6a""},""join_samples"":{""date"":""2026-10-06"",""run_id"":""f6b44811a3a04e82892b6b92b821b08c""}}"
132,132,"47.2566003 , 8.854510000000001","47.451235700000005 , 8.6603252",urban-rural,urban,2019,"{""sample_routes"":{""date"":""2026-10-06"",""run_id"":""40f0434126ae436fb4303209904a3f6a""},""join_samples"":{""date"":""2026-10-06"",""run_id"":""f6b44811a3a04e82892b6b92b821b08c""}}"
133,133,"47.2921379 , 8.5568168","47.5875482 , 8.5566995",urban-rural,urban,2019,"{""sample_routes"":{""date"":""2026-10-06"",""run_id"":""40f0434126ae436fb4303209904a3f6a""},""join_samples"":{""date"":""2026-10-06"",""run_id"":""f6b44811a3a04e82892b6b92b821b08c""}}"
134,134,"47.5475695 , 8.6214809","47.362532900000005 , 8.4360674",rural-rural,urban,2021,"{""sample_routes"":{""date"":""2026-10-06"",""run_id"":""40f0434126ae436fb4303209904a3f6a""},""join_samples"":{""date"":""2026-10-06"",""run_id"":""f6b44811a3a04e82892b6b92b821b08c""}}"
135,135,"47.247070900000004 , 8.6442461","47.3868202 , 8.6447684",rural-urban,urban,2021,"{""sample_routes"":{""date"":""2026-10-06"",""run_id"":""40f0434126ae436fb4303209904a3f6a""},""join_samples"":{""date"":""2026-10-06"",""run_id"":""f6b44811a3a04e82892b6b92b821b08c""}}"
136,136,"47.491914 , 8.5507351","47.492542300000004 , 8.184722",urban-urban,urban,2022,"{""sample_routes"":{""date"":""2026-10-06"",""run_id"":""40f0434126ae436fb4303209904a3f6a""},""join_samples"":{""date"":""2026-10-06"",""run_id"":""f6b44811a3a04e82892b6b92b821b08c""}}"
137,137,"47.162774500000005 , 8.785165000000001","47.265385800000004 , 8.682328400000001",rural-urban,urban,2022,"{""sample_routes"":{""date"":""2026-10-06"",""run_id"":""40f0434126ae436fb4303209904a3f6a""},""join_samples"":{""date"":""2026-10-06"",""run_id"":""f6b44811a3a04e82892b6b92b821b08c""}}"
138,138,"47.3703529 , 8.6386418","47.543378700000005 , 8.638038400000001",rural-rural,urban,1576,"{""sample_routes"":{""date"":""2026-10-06"",""run_id"":""40f0434126ae436fb4303209904a3f6a""},""join_samples"":{""date"":""2026-10-06"",""run_id"":""f6b44811a3a04e82892b6b92b821b08c""}}"
139,139,"47.312475500000005 , 8.5254955","47.6094713 , 8.5249726",urban-rural,urban,2025,"{""sample_routes"":{""date"":""2026-10-06"",""run_id"":""40f0434126ae436fb4303209904a3f6a""},""join_samples"":{""date"":""2026-10-06"",""run_id"":""f6b44811a3a04e82892b6b92b821b08c""}}"
140,140,"47.374237400000005 , 8.7901095","47.3748719 , 8.3580681",urban-urban,urban,2025,"{""sample_routes"":{""date"":""2026-10-06"",""run_id"":""40f0434126ae436fb4303209904a3f6a""},""join_samples"":{""date"":""2026-10-06"",""run_id"":""f6b44811a3a04e82892b6b92b821b08c""}}"
141,141,"47.2005324 , 8.7786638","47.422619600000004 , 8.5559749",urban-urban,urban,2027,"{""sample_routes"":{""date"":""2026-10-06"",""run_id"":""40f0434126ae436fb4303209904a3f6a""},""join_samples"":{""date"":""2026-10-06"",""run_id"":""f6b44811a3a04e82892b6b92b821b08c""}}"
142,142,"47.495023 , 8.336502000000001","47.2337597 , 8.597695400000001",urban-rural,urban,2028,"{""sample_routes"":{""date"":""2026-10-06"",""run_id"":""40f0434126ae436fb4303209904a3f6a""},""join_samples"":{""date"":""2026-10-06"",""run_id"":""f6b44811a3a04e82892b6b92b821b08c""}}"
143,143,"47.0222763 , 7.3748141","46.760798300000005 , 7.6356355",rural-urban,urban,2028,"{""sample_routes"":{""date"":""2026-10-06"",""run_id"":""40f0434126ae436fb4303209904a3f6a""},""join_samples"":{""date"":""2026-10-06"",""run_id"":""f6b44811a3a04e82892b6b92b821b08c""}}"
144,144,"47.345655 , 8.601000800000001","47.3453607 , 8.291469600000001",urban-urban,urban,2029,"{""sample_routes"":{""date"":""2026-10-06"",""run_id"":""40f0434126ae436fb4303209904a3f6a""},""join_samples"":{""date"":""2026-10-06"",""run_id"":""f6b44811a3a04e82892b6b92b821b08c""}}"
145,145,"47.570382800000004 , 8.759460500000001","47.3073944 , 8.7596398",rural-urban,urban,2030,"{""sample_routes"":{""date"":""2026-10-06"",""run_id"":""40f0434126ae436fb4303209904a3f6a""},""join_samples"":{""date"":""2026-10-06"",""run_id"":""f6b44811a3a04e82892b6b92b821b08c""}}"
146,146,"47.4189912 , 8.6834942","47.419614800000005 , 8.2752359",urban-rural,urban,2032,"{""sample_routes"":{""date"":""2026-10-06"",""run_id"":""40f0434126ae436fb4303209904a3f6a""},""join_samples"":{""date"":""2026-10-06"",""run_id"":""f6b44811a3a04e82892b6b92b821b08c""}}"
147,147,"47.324969900000006 , 8.807356200000001","47.325303100000006 , 8.4767427",urban-urban,urban,2032,"{""sample_routes"":{""date"":""2026-10-06"",""run_id"":""40f0434126ae436fb4303209904a3f6a""},""join_samples"":{""date"":""2026-10-06"",""run_id"":""f6b44811a3a04e82892b6b92b821b08c""}}"
148,148,"46.9451704 , 7.3885522","46.6384264 , 7.6958529",urban-rural,urban,2033,"{""sample_routes"":{""date"":""2026-10-06"",""run_id"":""40f0434126ae436fb4303209904a3f6a""},""join_samples"":{""date"":""2026-10-06"",""run_id"":""f6b44811a3a04e82892b6b92b821b08c""}}"
149,149,"46.7452088 , 7.618096","47.0704654 , 7.293052800000001",urban-urban,urban,2034,"{""sample_routes"":{""date"":""2026-10-06"",""run_id"":""40f0434126ae436fb4303209904a3f6a""},""join_samples"":{""date"":""2026-10-06"",""run_id"":""f6b44811a3a04e82892b6b92b821b08c""}}"
150,150,"47.2952566 , 8.515037300000001","47.5069293 , 8.726312400000001",urban-urban,urban,2035,"{""sample_routes"":{""date"":""2026-10-06"",""run_id"":""40f0434126ae436fb4303209904a3f6a""},""join_samples"":{""date"":""2026-10-06"",""run_id"":""f6b44811a3a04e82892b6b92b821b08c""}}"
151,151,"47.3013227 , 8.5463824","47.553724100000004 , 8.798412",urban-rural,urban,2036,"{""sample_routes"":{""date"":""2026-10-06"",""run_id"":""40f0434126ae436fb4303209904a3f6a""},""join_samples"":{""date"":""2026-10-06"",""run_id"":""f6b44811a3a04e82892b6b92b821b08c""}}"
152,152,"47.3689763 , 8.3389488","47.5444812 , 8.5143483",urban-rural,urban,2037,"{""sample_routes"":{""date"":""2026-10-06"",""run_id"":""40f0434126ae436fb4303209904a3f6a""},""join_samples"":{""date"":""2026-10-06"",""run_id"":""f6b44811a3a04e82892b6b92b821b08c""}}"
153,153,"47.329278800000004 , 8.5824926","47.538324700000004 , 8.7918774",urban-rural,urban,2038,"{""sample_routes"":{""date"":""2026-10-06"",""run_id"":""40f0434126ae436fb4303209904a3f6a""},""join_samples"":{""date"":""2026-10-06"",""run_id"":""f6b44811a3a04e82892b6b92b821b08c""}}"
154,154,"47.399273900000004 , 8.5019164","47.5418408 , 8.6447477",urban-rural,urban,1562,"{""sample_routes"":{""date"":""2026-10-06"",""run_id"":""40f0434126ae436fb4303209904a3f6a""},""join_samples"":{""date"":""2026-10-06"",""run_id"":""f6b44811a3a04e82892b6b92b821b08c""}}"
155,155,"47.3973463 , 8.423350600000001","47.548551800000006 , 8.2714877",urban-rural,urban,1561,"{""sample_routes"":{""date"":""2026-10-06"",""run_id"":""40f0434126ae436fb4303209904a3f6a""},""join_samples"":{""date"":""2026-10-06"",""run_id"":""f6b44811a3a04e82892b6b92b821b08c""}}"
156,156,"47.3227873 , 8.438056000000001","47.529416100000006 , 8.645326",rural-rural,urban,2039,"{""sample_routes"":{""date"":""2026-10-06"",""run_id"":""40f0434126ae436fb4303209904a3f6a""},""join_samples"":{""date"":""2026-10-06"",""run_id"":""f6b44811a3a04e82892b6b92b821b08c""}}"
157,157,"47.2834797 , 8.7124529","47.5473602 , 8.7120402",rural-rural,urban,2040,"{""sample_routes"":{""date"":""2026-10-06"",""run_id"":""40f0434126ae436fb4303209904a3f6a""},""join_samples"":{""date"":""2026-10-06"",""run_id"":""f6b44811a3a04e82892b6b92b821b08c""}}"
158,158,"47.3074869 , 8.7600783","47.5711414 , 8.760097100000001",urban-rural,urban,2041,"{""sample_routes"":{""date"":""2026-10-06"",""run_id"":""40f0434126ae436fb4303209904a3f6a""},""join_samples"":{""date"":""2026-10-06"",""run_id"":""f6b44811a3a04e82892b6b92b821b08c""}}"
159,159,"47.5768713 , 8.530720200000001","47.2831066 , 8.5307133",rural-urban,urban,2042,"{""sample_routes"":{""date"":""2026-10-06"",""run_id"":""40f0434126ae436fb4303209904a3f6a""},""join_samples"":{""date"":""2026-10-06"",""run_id"":""f6b44811a3a04e82892b6b92b821b08c""}}"
160,160,"47.458593900000004 , 8.324552800000001","47.458609800000005 , 8.7723575",urban-rural,urban,2043,"{""sample_routes"":{""date"":""2026-10-06"",""run_id"":""40f0434126ae436fb4303209904a3f6a""},""join_samples"":{""date"":""2026-10-06"",""run_id"":""f6b44811a3a04e82892b6b92b821b08c""}}"
161,161,"47.5094742 , 8.6463812","47.340270100000005 , 8.477834300000001",rural-urban,urban,2044,"{""sample_routes"":{""date"":""2026-10-06"",""run_id"":""40f0434126ae436fb4303209904a3f6a""},""join_samples"":{""date"":""2026-10-06"",""run_id"":""f6b44811a3a04e82892b6b92b821b08c""}}"
162,162,"47.0015987 , 7.4211622","46.756391900000004 , 7.6663284",rural-rural,urban,2045,"{""sample_routes"":{""date"":""2026-10-06"",""run_id"":""40f0434126ae436fb4303209904a3f6a""},""join_samples"":{""date"":""2026-10-06"",""run_id"":""f6b44811a3a04e82892b6b92b821b08c""}}"
163,163,"47.177021200000006 , 8.8976053","47.349727 , 8.7251338",rural-urban,urban,2046,"{""sample_routes"":{""date"":""2026-10-06"",""run_id"":""40f0434126ae436fb4303209904a3f6a""},""join_samples"":{""date"":""2026-10-06"",""run_id"":""f6b44811a3a04e82892b6b92b821b08c""}}"
164,164,"47.288359500000006 , 8.529912900000001","47.5013597 , 8.7432095",urban-urban,urban,2046,"{""sample_routes"":{""date"":""2026-10-06"",""run_id"":""40f0434126ae436fb4303209904a3f6a""},""join_samples"":{""date"":""2026-10-06"",""run_id"":""f6b44811a3a04e82892b6b92b821b08c""}}"
165,165,"47.259182800000005 , 8.5985701","47.3550807 , 8.6939478",urban-urban,urban,2046,"{""sample_routes"":{""date"":""2026-10-06"",""run_id"":""40f0434126ae436fb4303209904a3f6a""},""join_samples"":{""date"":""2026-10-06"",""run_id"":""f6b44811a3a04e82892b6b92b821b08c""}}"
166,166,"47.3413612 , 8.4745454","47.558879100000006 , 8.6914227",urban-rural,urban,2047,"{""sample_routes"":{""date"":""2026-10-06"",""run_id"":""40f0434126ae436fb4303209904a3f6a""},""join_samples"":{""date"":""2026-10-06"",""run_id"":""f6b44811a3a04e82892b6b92b821b08c""}}"
167,167,"47.3892528 , 8.7445878","47.2533771 , 8.6091926",rural-urban,urban,2047,"{""sample_routes"":{""date"":""2026-10-06"",""run_id"":""40f0434126ae436fb4303209904a3f6a""},""join_samples"":{""date"":""2026-10-06"",""run_id"":""f6b44811a3a04e82892b6b92b821b08c""}}"
168,168,"47.2119477 , 8.602041400000001","47.265471000000005 , 8.6561727",rural-urban,urban,2047,"{""sample_routes"":{""date"":""2026-10-06"",""run_id"":""40f0434126ae436fb4303209904a3f6a""},""join_samples"":{""date"":""2026-10-06"",""run_id"":""f6b44811a3a04e82892b6b92b821b08c""}}"
169,169,"47.413535700000004 , 8.4333334","47.177039 , 8.6699356",urban-rural,urban,1550,"{""sample_routes"":{""date"":""2026-10-06"",""run_id"":""40f0434126ae436fb4303209904a3f6a""},""join_samples"":{""date"":""2026-10-06"",""run_id"":""f6b44811a3a04e82892b6b92b821b08c""}}"
170,170,"47.386452000000006 , 8.764332600000001","47.386493300000005 , 8.3487167",rural-rural,urban,2050,"{""sample_routes"":{""date"":""2026-10-06"",""run_id"":""40f0434126ae436fb4303209904a3f6a""},""join_samples"":{""date"":""2026-10-06"",""run_id"":""f6b44811a3a04e82892b6b92b821b08c""}}"
171,171,"47.4075811 , 9.606796300000001","47.4077074 , 9.2239286",urban-rural,urban,2051,"{""sample_routes"":{""date"":""2026-10-06"",""run_id"":""40f0434126ae436fb4303209904a3f6a""},""join_samples"":{""date"":""2026-10-06"",""run_id"":""f6b44811a3a04e82892b6b92b821b08c""}}"
172,172,"47.444298800000006 , 8.5893665","47.250466200000005 , 8.782943900000001",urban-urban,urban,2051,"{""sample_routes"":{""date"":""2026-10-06"",""run_id"":""40f0434126ae436fb4303209904a3f6a""},""join_samples"":{""date"":""2026-10-06"",""run_id"":""f6b44811a3a04e82892b6b92b821b08c""}}"
173,173,"47.2440962 , 8.7723691","47.1503523 , 8.772566900000001",urban-urban,urban,1548,"{""sample_routes"":{""date"":""2026-10-06"",""run_id"":""40f0434126ae436fb4303209904a3f6a""},""join_samples"":{""date"":""2026-10-06"",""run_id"":""f6b44811a3a04e82892b6b92b821b08c""}}"
174,174,"47.301391800000005 , 8.5620218","47.5077074 , 8.7677361",urban-urban,urban,2053,"{""sample_routes"":{""date"":""2026-10-06"",""run_id"":""40f0434126ae436fb4303209904a3f6a""},""join_samples"":{""date"":""2026-10-06"",""run_id"":""f6b44811a3a04e82892b6b92b821b08c""}}"
175,175,"47.293619 , 8.611086","47.2294404 , 8.6748454",urban-urban,urban,2055,"{""sample_routes"":{""date"":""2026-10-06"",""run_id"":""40f0434126ae436fb4303209904a3f6a""},""join_samples"":{""date"":""2026-10-06"",""run_id"":""f6b44811a3a04e82892b6b92b821b08c""}}"
176,176,"47.193071200000006 , 8.8188887","47.4042125 , 8.6079943",rural-urban,urban,2056,"{""sample_routes"":{""date"":""2026-10-06"",""run_id"":""40f0434126ae436fb4303209904a3f6a""},""join_samples"":{""date"":""2026-10-06"",""run_id"":""f6b44811a3a04e82892b6b92b821b08c""}}"
177,177,"47.2653765 , 8.6521912","47.4502041 , 8.467038500000001",urban-urban,urban,2057,"{""sample_routes"":{""date"":""2026-10-06"",""run_id"":""40f0434126ae436fb4303209904a3f6a""},""join_samples"":{""date"":""2026-10-06"",""run_id"":""f6b44811a3a04e82892b6b92b821b08c""}}"
178,178,"47.4475271 , 8.5810029","47.252251400000006 , 8.776495200000001",urban-urban,urban,2057,"{""sample_routes"":{""date"":""2026-10-06"",""run_id"":""40f0434126ae436fb4303209904a3f6a""},""join_samples"":{""date"":""2026-10-06"",""run_id"":""f6b44811a3a04e82892b6b92b821b08c""}}"
179,179,"47.0887262 , 7.2940177","46.760055 , 7.622345900000001",urban-urban,urban,2058,"{""sample_routes"":{""date"":""2026-10-06"",""run_id"":""40f0434126ae436fb4303209904a3f6a""},""join_samples"":{""date"":""2026-10-06"",""run_id"":""f6b44811a3a04e82892b6b92b821b08c""}}"
180,180,"47.519026200000006 , 8.6372047","47.3320236 , 8.636564700000001",rural-rural,urban,2059,"{""sample_routes"":{""date"":""2026-10-06"",""run_id"":""40f0434126ae436fb4303209904a3f6a""},""join_samples"":{""date"":""2026-10-06"",""run_id"":""f6b44811a3a04e82892b6b92b821b08c""}}"
181,181,"47.2396724 , 8.7221443","47.411308600000005 , 8.5501696",urban-urban,urban,2060,"{""sample_routes"":{""date"":""2026-10-06"",""run_id"":""40f0434126ae436fb4303209904a3f6a""},""join_samples"":{""date"":""2026-10-06"",""run_id"":""f6b44811a3a04e82892b6b92b821b08c""}}"
182,182,"47.3446091 , 8.5968502","47.344485600000006 , 8.2857021",urban-urban,urban,2061,"{""sample_routes"":{""date"":""2026-10-06"",""run_id"":""40f0434126ae436fb4303209904a3f6a""},""join_samples"":{""date"":""2026-10-06"",""run_id"":""f6b44811a3a04e82892b6b92b821b08c""}}"
183,183,"47.462202700000006 , 8.638559","47.2301956 , 8.638308",rural-urban,urban,2063,"{""sample_routes"":{""date"":""2026-10-06"",""run_id"":""40f0434126ae436fb4303209904a3f6a""},""join_samples"":{""date"":""2026-10-06"",""run_id"":""f6b44811a3a04e82892b6b92b821b08c""}}"
184,184,"47.239167 , 8.5771285","47.2386033 , 8.7251331",rural-urban,urban,2064,"{""sample_routes"":{""date"":""2026-10-06"",""run_id"":""40f0434126ae436fb4303209904a3f6a""},""join_samples"":{""date"":""2026-10-06"",""run_id"":""f6b44811a3a04e82892b6b92b821b08c""}}"
185,185,"46.502649000000005 , 6.685185700000001","46.502273 , 6.432921400000001",urban-rural,urban,1535,"{""sample_routes"":{""date"":""2026-10-06"",""run_id"":""40f0434126ae436fb4303209904a3f6a""},""join_samples"":{""date"":""2026-10-06"",""run_id"":""f6b44811a3a04e82892b6b92b821b08c""}}"
186,186,"47.367003100000005 , 8.875898000000001","47.3669364 , 8.4924608",rural-urban,urban,2066,"{""sample_routes"":{""date"":""2026-10-06"",""run_id"":""40f0434126ae436fb4303209904a3f6a""},""join_samples"":{""date"":""2026-10-06"",""run_id"":""f6b44811a3a04e82892b6b92b821b08c""}}"
187,187,"47.5762438 , 8.79536","47.3282133 , 8.7952901",rural-urban,urban,2066,"{""sample_routes"":{""date"":""2026-10-06"",""run_id"":""40f0434126ae436fb4303209904a3f6a""},""join_samples"":{""date"":""2026-10-06"",""run_id"":""f6b44811a3a04e82892b6b92b821b08c""}}"
188,188,"47.556613000000006 , 8.2898223","47.382357500000005 , 8.1161984",rural-rural,mixed,1797,"{""sample_routes"":{""date"":""2026-10-06"",""run_id"":""40f0434126ae436fb4303209904a3f6a""},""join_samples"":{""date"":""2026-10-06"",""run_id"":""f6b44811a3a04e82892b6b92b821b08c""}}"
189,189,"47.3895379 , 7.6778566","47.5196373 , 7.5482038000000005",rural-urban,mixed,1796,"{""sample_routes"":{""date"":""2026-10-06"",""run_id"":""40f0434126ae436fb4303209904a3f6a""},""join_samples"":{""date"":""2026-10-06"",""run_id"":""f6b44811a3a04e82892b6b92b821b08c""}}"
190,190,"47.3632999 , 8.004629000000001","47.362977 , 7.757393",rural-rural,mixed,1804,"{""sample_routes"":{""date"":""2026-10-06"",""run_id"":""40f0434126ae436fb4303209904a3f6a""},""join_samples"":{""date"":""2026-10-06"",""run_id"":""f6b44811a3a04e82892b6b92b821b08c""}}"
191,191,"45.9509674 , 8.9343687","46.151217800000005 , 8.934347500000001",rural-rural,mixed,1796,"{""sample_routes"":{""date"":""2026-10-06"",""run_id"":""40f0434126ae436fb4303209904a3f6a""},""join_samples"":{""date"":""2026-10-06"",""run_id"":""f6b44811a3a04e82892b6b92b821b08c""}}"
192,192,"46.5231372 , 6.6635362","46.7009776 , 6.4854172000000005",urban-rural,mixed,1794,"{""sample_routes"":{""date"":""2026-10-06"",""run_id"":""40f0434126ae436fb4303209904a3f6a""},""join_samples"":{""date"":""2026-10-06"",""run_id"":""f6b44811a3a04e82892b6b92b821b08c""}}"
193,193,"46.25399 , 7.5403853000000005","46.3302865 , 7.540538000000001",rural-rural,mixed,1794,"{""sample_routes"":{""date"":""2026-10-06"",""run_id"":""40f0434126ae436fb4303209904a3f6a""},""join_samples"":{""date"":""2026-10-06"",""run_id"":""f6b44811a3a04e82892b6b92b821b08c""}}"
194,194,"47.4592168 , 8.777369100000001","47.6225578 , 8.776727300000001",rural-rural,mixed,1811,"{""sample_routes"":{""date"":""2026-10-06"",""run_id"":""40f0434126ae436fb4303209904a3f6a""},""join_samples"":{""date"":""2026-10-06"",""run_id"":""f6b44811a3a04e82892b6b92b821b08c""}}"
195,195,"47.5663257 , 9.2150631","47.566143000000004 , 8.8449407",rural-rural,mixed,1789,"{""sample_routes"":{""date"":""2026-10-06"",""run_id"":""40f0434126ae436fb4303209904a3f6a""},""join_samples"":{""date"":""2026-10-06"",""run_id"":""f6b44811a3a04e82892b6b92b821b08c""}}"
196,196,"47.171625000000006 , 7.523745600000001","47.281699100000004 , 7.4140912000000005",rural-rural,mixed,1783,"{""sample_routes"":{""date"":""2026-10-06"",""run_id"":""40f0434126ae436fb4303209904a3f6a""},""join_samples"":{""date"":""2026-10-06"",""run_id"":""f6b44811a3a04e82892b6b92b821b08c""}}"
197,197,"47.3374213 , 7.9067826000000005","47.137297200000006 , 8.1070276",urban-rural,mixed,1819,"{""sample_routes"":{""date"":""2026-10-06"",""run_id"":""40f0434126ae436fb4303209904a3f6a""},""join_samples"":{""date"":""2026-10-06"",""run_id"":""f6b44811a3a04e82892b6b92b821b08c""}}"
198,198,"47.3231777 , 7.805339300000001","47.115124400000006 , 8.0137557",rural-rural,mixed,1781,"{""sample_routes"":{""date"":""2026-10-06"",""run_id"":""40f0434126ae436fb4303209904a3f6a""},""join_samples"":{""date"":""2026-10-06"",""run_id"":""f6b44811a3a04e82892b6b92b821b08c""}}"
199,199,"47.334471400000005 , 8.8300975","47.333981300000005 , 8.572274100000001",urban-urban,mixed,1821,"{""sample_routes"":{""date"":""2026-10-06"",""run_id"":""40f0434126ae436fb4303209904a3f6a""},""join_samples"":{""date"":""2026-10-06"",""run_id"":""f6b44811a3a04e82892b6b92b821b08c""}}"
200,200,"47.465965600000004 , 8.7556507","47.6138017 , 8.608210600000001",rural-rural,mixed,1822,"{""sample_routes"":{""date"":""2026-10-06"",""run_id"":""40f0434126ae436fb4303209904a3f6a""},""join_samples"":{""date"":""2026-10-06"",""run_id"":""f6b44811a3a04e82892b6b92b821b08c""}}"
201,201,"46.0327782 , 7.3065495","46.1101887 , 7.2295483",rural-urban,mixed,1822,"{""sample_routes"":{""date"":""2026-10-06"",""run_id"":""40f0434126ae436fb4303209904a3f6a""},""join_samples"":{""date"":""2026-10-06"",""run_id"":""f6b44811a3a04e82892b6b92b821b08c""}}"
202,202,"46.0294934 , 8.9343319","45.984119 , 8.979098800000001",urban-rural,mixed,1778,"{""sample_routes"":{""date"":""2026-10-06"",""run_id"":""40f0434126ae436fb4303209904a3f6a""},""join_samples"":{""date"":""2026-10-06"",""run_id"":""f6b44811a3a04e82892b6b92b821b08c""}}"
203,203,"47.566779800000006 , 9.121384500000001","47.413577000000004 , 9.120850200000001",urban-urban,mixed,1777,"{""sample_routes"":{""date"":""2026-10-06"",""run_id"":""40f0434126ae436fb4303209904a3f6a""},""join_samples"":{""date"":""2026-10-06"",""run_id"":""f6b44811a3a04e82892b6b92b821b08c""}}"
204,204,"47.349105 , 8.3396934","47.4999003 , 8.1885966",urban-rural,mixed,1775,"{""sample_routes"":{""date"":""2026-10-06"",""run_id"":""40f0434126ae436fb4303209904a3f6a""},""join_samples"":{""date"":""2026-10-06"",""run_id"":""f6b44811a3a04e82892b6b92b821b08c""}}"
205,205,"46.526581300000004 , 6.6075239","46.526515800000006 , 6.352842300000001",urban-rural,mixed,1775,"{""sample_routes"":{""date"":""2026-10-06"",""run_id"":""40f0434126ae436fb4303209904a3f6a""},""join_samples"":{""date"":""2026-10-06"",""run_id"":""f6b44811a3a04e82892b6b92b821b08c""}}"
206,206,"46.2031513 , 7.305565100000001","46.1119616 , 7.396241300000001",rural-rural,mixed,1775,"{""sample_routes"":{""date"":""2026-10-06"",""run_id"":""40f0434126ae436fb4303209904a3f6a""},""join_samples"":{""date"":""2026-10-06"",""run_id"":""f6b44811a3a04e82892b6b92b821b08c""}}"
207,207,"46.711987300000004 , 6.5710908","46.4749659 , 6.8087175",rural-urban,mixed,1827,"{""sample_routes"":{""date"":""2026-10-06"",""run_id"":""40f0434126ae436fb4303209904a3f6a""},""join_samples"":{""date"":""2026-10-06"",""run_id"":""f6b44811a3a04e82892b6b92b821b08c""}}"
208,208,"46.538177600000004 , 6.728060500000001","46.730539300000004 , 6.536000100000001",rural-rural,mixed,1772,"{""sample_routes"":{""date"":""2026-10-06"",""run_id"":""40f0434126ae436fb4303209904a3f6a""},""join_samples"":{""date"":""2026-10-06"",""run_id"":""f6b44811a3a04e82892b6b92b821b08c""}}"
209,209,"47.1489394 , 7.3752814","46.9255848 , 7.3754445",rural-urban,mixed,1771,"{""sample_routes"":{""date"":""2026-10-06"",""run_id"":""40f0434126ae436fb4303209904a3f6a""},""join_samples"":{""date"":""2026-10-06"",""run_id"":""f6b44811a3a04e82892b6b92b821b08c""}}"
210,210,"46.227795 , 7.023644","46.474958 , 6.7761731",rural-rural,mixed,1831,"{""sample_routes"":{""date"":""2026-10-06"",""run_id"":""40f0434126ae436fb4303209904a3f6a""},""join_samples"":{""date"":""2026-10-06"",""run_id"":""f6b44811a3a04e82892b6b92b821b08c""}}"
211,211,"46.4644564 , 6.8359091","46.2711952 , 7.0297638000000005",urban-rural,mixed,1764,"{""sample_routes"":{""date"":""2026-10-06"",""run_id"":""40f0434126ae436fb4303209904a3f6a""},""join_samples"":{""date"":""2026-10-06"",""run_id"":""f6b44811a3a04e82892b6b92b821b08c""}}"
212,212,"47.2959145 , 7.906607","47.440663400000005 , 7.906294900000001",urban-rural,mixed,1838,"{""sample_routes"":{""date"":""2026-10-06"",""run_id"":""40f0434126ae436fb4303209904a3f6a""},""join_samples"":{""date"":""2026-10-06"",""run_id"":""f6b44811a3a04e82892b6b92b821b08c""}}"
213,213,"46.0079276 , 7.169677200000001","46.156144600000005 , 7.1700448",rural-urban,mixed,1838,"{""sample_routes"":{""date"":""2026-10-06"",""run_id"":""40f0434126ae436fb4303209904a3f6a""},""join_samples"":{""date"":""2026-10-06"",""run_id"":""f6b44811a3a04e82892b6b92b821b08c""}}"
214,214,"47.4582702 , 9.28979","47.3277719 , 9.158959000000001",rural-rural,mixed,1761,"{""sample_routes"":{""date"":""2026-10-06"",""run_id"":""40f0434126ae436fb4303209904a3f6a""},""join_samples"":{""date"":""2026-10-06"",""run_id"":""f6b44811a3a04e82892b6b92b821b08c""}}"
215,215,"47.2065934 , 7.537431400000001","47.0399188 , 7.370120300000001",urban-rural,mixed,1761,"{""sample_routes"":{""date"":""2026-10-06"",""run_id"":""40f0434126ae436fb4303209904a3f6a""},""join_samples"":{""date"":""2026-10-06"",""run_id"":""f6b44811a3a04e82892b6b92b821b08c""}}"
216,216,"47.5268851 , 9.0336234","47.370184900000005 , 9.18992",rural-rural,mixed,1841,"{""sample_routes"":{""date"":""2026-10-06"",""run_id"":""40f0434126ae436fb4303209904a3f6a""},""join_samples"":{""date"":""2026-10-06"",""run_id"":""f6b44811a3a04e82892b6b92b821b08c""}}"
217,217,"47.5831035 , 9.341149","47.5834775 , 9.0297278",rural-rural,mixed,1843,"{""sample_routes"":{""date"":""2026-10-06"",""run_id"":""40f0434126ae436fb4303209904a3f6a""},""join_samples"":{""date"":""2026-10-06"",""run_id"":""f6b44811a3a04e82892b6b92b821b08c""}}"
218,218,"46.7687456 , 7.068598700000001","46.960139100000006 , 7.2599767",rural-rural,mixed,1751,"{""sample_routes"":{""date"":""2026-10-06"",""run_id"":""40f0434126ae436fb4303209904a3f6a""},""join_samples"":{""date"":""2026-10-06"",""run_id"":""f6b44811a3a04e82892b6b92b821b08c""}}"
219,219,"47.2277575 , 7.220599000000001","47.038870800000005 , 7.2200796",rural-rural,mixed,1849,"{""sample_routes"":{""date"":""2026-10-06"",""run_id"":""40f0434126ae436fb4303209904a3f6a""},""join_samples"":{""date"":""2026-10-06"",""run_id"":""f6b44811a3a04e82892b6b92b821b08c""}}"
220,220,"47.2671788 , 8.7363","47.449243200000005 , 8.735765200000001",rural-rural,mixed,1748,"{""sample_routes"":{""date"":""2026-10-06"",""run_id"":""40f0434126ae436fb4303209904a3f6a""},""join_samples"":{""date"":""2026-10-06"",""run_id"":""f6b44811a3a04e82892b6b92b821b08c""}}"
221,221,"46.4251951 , 6.2569854000000005","46.139344900000005 , 5.9709716",urban-rural,mixed,1852,"{""sample_routes"":{""date"":""2026-10-06"",""run_id"":""40f0434126ae436fb4303209904a3f6a""},""join_samples"":{""date"":""2026-10-06"",""run_id"":""f6b44811a3a04e82892b6b92b821b08c""}}"
222,222,"46.967166000000006 , 7.448543300000001","47.1252645 , 7.2907348",urban-rural,mixed,1747,"{""sample_routes"":{""date"":""2026-10-06"",""run_id"":""40f0434126ae436fb4303209904a3f6a""},""join_samples"":{""date"":""2026-10-06"",""run_id"":""f6b44811a3a04e82892b6b92b821b08c""}}"
223,223,"46.977585000000005 , 7.4417930000000005","47.17687 , 7.4424099",urban-rural,mixed,1856,"{""sample_routes"":{""date"":""2026-10-06"",""run_id"":""40f0434126ae436fb4303209904a3f6a""},""join_samples"":{""date"":""2026-10-06"",""run_id"":""f6b44811a3a04e82892b6b92b821b08c""}}"
224,224,"46.4812202 , 6.769203900000001","46.227227600000006 , 7.0227649",rural-rural,mixed,1741,"{""sample_routes"":{""date"":""2026-10-06"",""run_id"":""40f0434126ae436fb4303209904a3f6a""},""join_samples"":{""date"":""2026-10-06"",""run_id"":""f6b44811a3a04e82892b6b92b821b08c""}}"
225,225,"47.1169127 , 8.0908209","47.301208 , 7.906755100000001",rural-urban,mixed,1859,"{""sample_routes"":{""date"":""2026-10-06"",""run_id"":""40f0434126ae436fb4303209904a3f6a""},""join_samples"":{""date"":""2026-10-06"",""run_id"":""f6b44811a3a04e82892b6b92b821b08c""}}"
226,226,"46.9207752 , 7.2667399","47.095007100000004 , 7.4412497",rural-rural,mixed,1859,"{""sample_routes"":{""date"":""2026-10-06"",""run_id"":""40f0434126ae436fb4303209904a3f6a""},""join_samples"":{""date"":""2026-10-06"",""run_id"":""f6b44811a3a04e82892b6b92b821b08c""}}"
227,227,"47.3851621 , 8.0319961","47.385574500000004 , 7.8083526",urban-rural,mixed,1740,"{""sample_routes"":{""date"":""2026-10-06"",""run_id"":""40f0434126ae436fb4303209904a3f6a""},""join_samples"":{""date"":""2026-10-06"",""run_id"":""f6b44811a3a04e82892b6b92b821b08c""}}"
228,228,"47.396237500000005 , 7.749109700000001","47.5505806 , 7.9036745",rural-rural,mixed,1864,"{""sample_routes"":{""date"":""2026-10-06"",""run_id"":""40f0434126ae436fb4303209904a3f6a""},""join_samples"":{""date"":""2026-10-06"",""run_id"":""f6b44811a3a04e82892b6b92b821b08c""}}"
229,229,"47.364465 , 8.1097546","47.1830689 , 7.927959500000001",urban-rural,mixed,1864,"{""sample_routes"":{""date"":""2026-10-06"",""run_id"":""40f0434126ae436fb4303209904a3f6a""},""join_samples"":{""date"":""2026-10-06"",""run_id"":""f6b44811a3a04e82892b6b92b821b08c""}}"
230,230,"47.423985900000005 , 9.347905500000001","47.5549144 , 9.216706400000001",urban-rural,mixed,1734,"{""sample_routes"":{""date"":""2026-10-06"",""run_id"":""40f0434126ae436fb4303209904a3f6a""},""join_samples"":{""date"":""2026-10-06"",""run_id"":""f6b44811a3a04e82892b6b92b821b08c""}}"
231,231,"47.0079092 , 7.496019700000001","47.2375811 , 7.725264200000001",urban-rural,mixed,1869,"{""sample_routes"":{""date"":""2026-10-06"",""run_id"":""40f0434126ae436fb4303209904a3f6a""},""join_samples"":{""date"":""2026-10-06"",""run_id"":""f6b44811a3a04e82892b6b92b821b08c""}}"
232,232,"47.170700200000006 , 7.5306179","46.9733578 , 7.332988500000001",rural-rural,mixed,1871,"{""sample_routes"":{""date"":""2026-10-06"",""run_id"":""40f0434126ae436fb4303209904a3f6a""},""join_samples"":{""date"":""2026-10-06"",""run_id"":""f6b44811a3a04e82892b6b92b821b08c""}}"
233,233,"46.880618000000005 , 8.2240277","47.150322 , 8.2246257",rural-rural,mixed,1874,"{""sample_routes"":{""date"":""2026-10-06"",""run_id"":""40f0434126ae436fb4303209904a3f6a""},""join_samples"":{""date"":""2026-10-06"",""run_id"":""f6b44811a3a04e82892b6b92b821b08c""}}"
234,234,"47.3873022 , 8.288444700000001","47.3868604 , 7.9441208",rural-rural,mixed,1874,"{""sample_routes"":{""date"":""2026-10-06"",""run_id"":""40f0434126ae436fb4303209904a3f6a""},""join_samples"":{""date"":""2026-10-06"",""run_id"":""f6b44811a3a04e82892b6b92b821b08c""}}"
235,235,"46.9473508 , 7.4372848000000005","46.7752932 , 7.4378536",urban-rural,mixed,1726,"{""sample_routes"":{""date"":""2026-10-06"",""run_id"":""40f0434126ae436fb4303209904a3f6a""},""join_samples"":{""date"":""2026-10-06"",""run_id"":""f6b44811a3a04e82892b6b92b821b08c""}}"
236,236,"47.1263887 , 7.406796600000001","46.9633297 , 7.243308000000001",rural-rural,mixed,1724,"{""sample_routes"":{""date"":""2026-10-06"",""run_id"":""40f0434126ae436fb4303209904a3f6a""},""join_samples"":{""date"":""2026-10-06"",""run_id"":""f6b44811a3a04e82892b6b92b821b08c""}}"
237,237,"47.4178562 , 8.504026600000001","47.296311300000006 , 8.6259972",urban-urban,mixed,1723,"{""sample_routes"":{""date"":""2026-10-06"",""run_id"":""40f0434126ae436fb4303209904a3f6a""},""join_samples"":{""date"":""2026-10-06"",""run_id"":""f6b44811a3a04e82892b6b92b821b08c""}}"
238,238,"46.8371562 , 7.1861582","47.036240500000005 , 7.3848184",rural-rural,mixed,1878,"{""sample_routes"":{""date"":""2026-10-06"",""run_id"":""40f0434126ae436fb4303209904a3f6a""},""join_samples"":{""date"":""2026-10-06"",""run_id"":""f6b44811a3a04e82892b6b92b821b08c""}}"
239,239,"47.1362715 , 7.2582377000000005","46.9771598 , 7.417923900000001",urban-urban,mixed,1721,"{""sample_routes"":{""date"":""2026-10-06"",""run_id"":""40f0434126ae436fb4303209904a3f6a""},""join_samples"":{""date"":""2026-10-06"",""run_id"":""f6b44811a3a04e82892b6b92b821b08c""}}"
240,240,"46.6238843 , 7.377618900000001","46.819693900000004 , 7.573255400000001",rural-urban,mixed,1881,"{""sample_routes"":{""date"":""2026-10-06"",""run_id"":""40f0434126ae436fb4303209904a3f6a""},""join_samples"":{""date"":""2026-10-06"",""run_id"":""f6b44811a3a04e82892b6b92b821b08c""}}"
241,241,"47.5666378 , 8.913687600000001","47.3829586 , 9.0979595",urban-rural,mixed,1884,"{""sample_routes"":{""date"":""2026-10-06"",""run_id"":""40f0434126ae436fb4303209904a3f6a""},""join_samples"":{""date"":""2026-10-06"",""run_id"":""f6b44811a3a04e82892b6b92b821b08c""}}"
242,242,"47.3478982 , 7.869940100000001","47.1769649 , 7.699430100000001",urban-urban,mixed,1889,"{""sample_routes"":{""date"":""2026-10-06"",""run_id"":""40f0434126ae436fb4303209904a3f6a""},""join_samples"":{""date"":""2026-10-06"",""run_id"":""f6b44811a3a04e82892b6b92b821b08c""}}"
243,243,"47.4468601 , 9.1468317","47.629423 , 8.9647362",urban-rural,mixed,1890,"{""sample_routes"":{""date"":""2026-10-06"",""run_id"":""40f0434126ae436fb4303209904a3f6a""},""join_samples"":{""date"":""2026-10-06"",""run_id"":""f6b44811a3a04e82892b6b92b821b08c""}}"
244,244,"46.937652400000005 , 7.5100902000000005","47.1554713 , 7.5104559",urban-rural,mixed,1891,"{""sample_routes"":{""date"":""2026-10-06"",""run_id"":""40f0434126ae436fb4303209904a3f6a""},""join_samples"":{""date"":""2026-10-06"",""run_id"":""f6b44811a3a04e82892b6b92b821b08c""}}"
245,245,"47.573329 , 8.781022400000001","47.364557600000005 , 8.7814011",rural-urban,mixed,1709,"{""sample_routes"":{""date"":""2026-10-06"",""run_id"":""40f0434126ae436fb4303209904a3f6a""},""join_samples"":{""date"":""2026-10-06"",""run_id"":""f6b44811a3a04e82892b6b92b821b08c""}}"
246,246,"46.704742 , 6.5992369","46.479678400000005 , 6.8245088",rural-urban,mixed,1894,"{""sample_routes"":{""date"":""2026-10-06"",""run_id"":""40f0434126ae436fb4303209904a3f6a""},""join_samples"":{""date"":""2026-10-06"",""run_id"":""f6b44811a3a04e82892b6b92b821b08c""}}"
247,247,"47.3037197 , 7.8944083","47.570206400000004 , 7.628161800000001",urban-urban,mixed,1894,"{""sample_routes"":{""date"":""2026-10-06"",""run_id"":""40f0434126ae436fb4303209904a3f6a""},""join_samples"":{""date"":""2026-10-06"",""run_id"":""f6b44811a3a04e82892b6b92b821b08c""}}"
248,248,"46.236784300000004 , 6.9416877","46.316565700000005 , 6.8625278000000005",urban-rural,mixed,1898,"{""sample_routes"":{""date"":""2026-10-06"",""run_id"":""40f0434126ae436fb4303209904a3f6a""},""join_samples"":{""date"":""2026-10-06"",""run_id"":""f6b44811a3a04e82892b6b92b821b08c""}}"
249,249,"47.3230358 , 8.824568000000001","47.4880766 , 8.825211000000001",urban-rural,mixed,1701,"{""sample_routes"":{""date"":""2026-10-06"",""run_id"":""40f0434126ae436fb4303209904a3f6a""},""join_samples"":{""date"":""2026-10-06"",""run_id"":""f6b44811a3a04e82892b6b92b821b08c""}}"
250,250,"46.5489898 , 6.672406700000001","46.8489232 , 6.6718934",urban-rural,mixed,1899,"{""sample_routes"":{""date"":""2026-10-06"",""run_id"":""40f0434126ae436fb4303209904a3f6a""},""join_samples"":{""date"":""2026-10-06"",""run_id"":""f6b44811a3a04e82892b6b92b821b08c""}}"
251,251,"47.0241823 , 7.6386548","47.181723100000006 , 7.4805216",rural-rural,mixed,1700,"{""sample_routes"":{""date"":""2026-10-06"",""run_id"":""40f0434126ae436fb4303209904a3f6a""},""join_samples"":{""date"":""2026-10-06"",""run_id"":""f6b44811a3a04e82892b6b92b821b08c""}}"
252,252,"47.417824 , 9.1910448","47.556010300000004 , 9.3289532",urban-urban,mixed,1900,"{""sample_routes"":{""date"":""2026-10-06"",""run_id"":""40f0434126ae436fb4303209904a3f6a""},""join_samples"":{""date"":""2026-10-06"",""run_id"":""f6b44811a3a04e82892b6b92b821b08c""}}"
253,253,"47.3080383 , 8.6883716","47.1940054 , 8.802074900000001",rural-urban,mixed,1699,"{""sample_routes"":{""date"":""2026-10-06"",""run_id"":""40f0434126ae436fb4303209904a3f6a""},""join_samples"":{""date"":""2026-10-06"",""run_id"":""f6b44811a3a04e82892b6b92b821b08c""}}"
254,254,"47.1767557 , 7.4399625","47.2270387 , 7.3892351000000005",rural-rural,mixed,1698,"{""sample_routes"":{""date"":""2026-10-06"",""run_id"":""40f0434126ae436fb4303209904a3f6a""},""join_samples"":{""date"":""2026-10-06"",""run_id"":""f6b44811a3a04e82892b6b92b821b08c""}}"
255,255,"46.2190865 , 6.093716400000001","46.510966 , 6.385253700000001",urban-rural,mixed,1903,"{""sample_routes"":{""date"":""2026-10-06"",""run_id"":""40f0434126ae436fb4303209904a3f6a""},""join_samples"":{""date"":""2026-10-06"",""run_id"":""f6b44811a3a04e82892b6b92b821b08c""}}"
256,256,"47.443189700000005 , 9.342336000000001","47.3273171 , 9.342801900000001",rural-rural,mixed,1692,"{""sample_routes"":{""date"":""2026-10-06"",""run_id"":""40f0434126ae436fb4303209904a3f6a""},""join_samples"":{""date"":""2026-10-06"",""run_id"":""f6b44811a3a04e82892b6b92b821b08c""}}"
257,257,"46.1503169 , 7.215046","46.0787095 , 7.1433181",rural-rural,mixed,1692,"{""sample_routes"":{""date"":""2026-10-06"",""run_id"":""40f0434126ae436fb4303209904a3f6a""},""join_samples"":{""date"":""2026-10-06"",""run_id"":""f6b44811a3a04e82892b6b92b821b08c""}}"
258,258,"46.252650100000004 , 6.9467733","46.409237700000006 , 7.1037568",urban-rural,mixed,1914,"{""sample_routes"":{""date"":""2026-10-06"",""run_id"":""40f0434126ae436fb4303209904a3f6a""},""join_samples"":{""date"":""2026-10-06"",""run_id"":""f6b44811a3a04e82892b6b92b821b08c""}}"
259,259,"47.5828153 , 9.033018400000001","47.582163 , 8.6586677",rural-rural,mixed,1685,"{""sample_routes"":{""date"":""2026-10-06"",""run_id"":""40f0434126ae436fb4303209904a3f6a""},""join_samples"":{""date"":""2026-10-06"",""run_id"":""f6b44811a3a04e82892b6b92b821b08c""}}"
260,260,"46.254832400000005 , 7.377488400000001","46.198971300000004 , 7.432841900000001",rural-rural,mixed,1685,"{""sample_routes"":{""date"":""2026-10-06"",""run_id"":""40f0434126ae436fb4303209904a3f6a""},""join_samples"":{""date"":""2026-10-06"",""run_id"":""f6b44811a3a04e82892b6b92b821b08c""}}"
261,261,"46.9492586 , 7.4109106","47.2831211 , 7.7452616",urban-rural,mixed,1916,"{""sample_routes"":{""date"":""2026-10-06"",""run_id"":""40f0434126ae436fb4303209904a3f6a""},""join_samples"":{""date"":""2026-10-06"",""run_id"":""f6b44811a3a04e82892b6b92b821b08c""}}"
262,262,"46.944656200000004 , 7.4290177","46.7825666 , 7.4284669",urban-rural,mixed,1683,"{""sample_routes"":{""date"":""2026-10-06"",""run_id"":""40f0434126ae436fb4303209904a3f6a""},""join_samples"":{""date"":""2026-10-06"",""run_id"":""f6b44811a3a04e82892b6b92b821b08c""}}"
263,263,"46.3376049 , 8.0175744","46.3370742 , 7.617666000000001",rural-rural,mixed,1919,"{""sample_routes"":{""date"":""2026-10-06"",""run_id"":""40f0434126ae436fb4303209904a3f6a""},""join_samples"":{""date"":""2026-10-06"",""run_id"":""f6b44811a3a04e82892b6b92b821b08c""}}"
264,264,"47.2794874 , 8.757576400000001","47.1396418 , 8.8978569",rural-rural,mixed,1680,"{""sample_routes"":{""date"":""2026-10-06"",""run_id"":""40f0434126ae436fb4303209904a3f6a""},""join_samples"":{""date"":""2026-10-06"",""run_id"":""f6b44811a3a04e82892b6b92b821b08c""}}"
265,265,"47.3846934 , 8.02356","47.3845891 , 7.8200142",rural-rural,mixed,1679,"{""sample_routes"":{""date"":""2026-10-06"",""run_id"":""40f0434126ae436fb4303209904a3f6a""},""join_samples"":{""date"":""2026-10-06"",""run_id"":""f6b44811a3a04e82892b6b92b821b08c""}}"
266,266,"46.171735000000005 , 9.0236026","46.022215 , 8.8746095",urban-rural,mixed,1922,"{""sample_routes"":{""date"":""2026-10-06"",""run_id"":""40f0434126ae436fb4303209904a3f6a""},""join_samples"":{""date"":""2026-10-06"",""run_id"":""f6b44811a3a04e82892b6b92b821b08c""}}"
267,267,"47.186945800000004 , 7.378315400000001","47.0113367 , 7.553651500000001",urban-rural,mixed,1923,"{""sample_routes"":{""date"":""2026-10-06"",""run_id"":""40f0434126ae436fb4303209904a3f6a""},""join_samples"":{""date"":""2026-10-06"",""run_id"":""f6b44811a3a04e82892b6b92b821b08c""}}"
268,268,"46.19839 , 6.8899762","46.3618645 , 7.052874900000001",rural-rural,mixed,1924,"{""sample_routes"":{""date"":""2026-10-06"",""run_id"":""40f0434126ae436fb4303209904a3f6a""},""join_samples"":{""date"":""2026-10-06"",""run_id"":""f6b44811a3a04e82892b6b92b821b08c""}}"
269,269,"47.3049547 , 7.942660900000001","47.515788 , 7.732081300000001",urban-urban,mixed,1676,"{""sample_routes"":{""date"":""2026-10-06"",""run_id"":""40f0434126ae436fb4303209904a3f6a""},""join_samples"":{""date"":""2026-10-06"",""run_id"":""f6b44811a3a04e82892b6b92b821b08c""}}"
270,270,"46.9308661 , 7.2874331","47.1035149 , 7.287421900000001",rural-rural,mixed,1924,"{""sample_routes"":{""date"":""2026-10-06"",""run_id"":""40f0434126ae436fb4303209904a3f6a""},""join_samples"":{""date"":""2026-10-06"",""run_id"":""f6b44811a3a04e82892b6b92b821b08c""}}"
271,271,"46.6155309 , 7.1636531","46.727206200000005 , 7.051388500000001",rural-rural,mixed,1670,"{""sample_routes"":{""date"":""2026-10-06"",""run_id"":""40f0434126ae436fb4303209904a3f6a""},""join_samples"":{""date"":""2026-10-06"",""run_id"":""f6b44811a3a04e82892b6b92b821b08c""}}"
272,272,"47.2704717 , 8.203848800000001","47.461405400000004 , 8.3949234",rural-rural,mixed,1931,"{""sample_routes"":{""date"":""2026-10-06"",""run_id"":""40f0434126ae436fb4303209904a3f6a""},""join_samples"":{""date"":""2026-10-06"",""run_id"":""f6b44811a3a04e82892b6b92b821b08c""}}"
273,273,"47.2816278 , 8.7206407","47.413623400000006 , 8.8527664",rural-rural,mixed,1668,"{""sample_routes"":{""date"":""2026-10-06"",""run_id"":""40f0434126ae436fb4303209904a3f6a""},""join_samples"":{""date"":""2026-10-06"",""run_id"":""f6b44811a3a04e82892b6b92b821b08c""}}"
274,274,"47.607964700000004 , 8.911871900000001","47.381077700000006 , 8.6851123",rural-urban,mixed,1933,"{""sample_routes"":{""date"":""2026-10-06"",""run_id"":""40f0434126ae436fb4303209904a3f6a""},""join_samples"":{""date"":""2026-10-06"",""run_id"":""f6b44811a3a04e82892b6b92b821b08c""}}"
275,275,"46.3048906 , 7.331591800000001","46.2182924 , 7.4175389",rural-rural,mixed,1937,"{""sample_routes"":{""date"":""2026-10-06"",""run_id"":""40f0434126ae436fb4303209904a3f6a""},""join_samples"":{""date"":""2026-10-06"",""run_id"":""f6b44811a3a04e82892b6b92b821b08c""}}"
276,276,"47.528218300000006 , 7.8164777","47.349101100000006 , 7.8166495000000005",rural-rural,mixed,1937,"{""sample_routes"":{""date"":""2026-10-06"",""run_id"":""40f0434126ae436fb4303209904a3f6a""},""join_samples"":{""date"":""2026-10-06"",""run_id"":""f6b44811a3a04e82892b6b92b821b08c""}}"
277,277,"47.5609784 , 7.602888200000001","47.350197200000004 , 7.6026381",urban-rural,mixed,1938,"{""sample_routes"":{""date"":""2026-10-06"",""run_id"":""40f0434126ae436fb4303209904a3f6a""},""join_samples"":{""date"":""2026-10-06"",""run_id"":""f6b44811a3a04e82892b6b92b821b08c""}}"
278,278,"47.5201914 , 7.717137900000001","47.355799000000005 , 7.553303700000001",urban-rural,mixed,1943,"{""sample_routes"":{""date"":""2026-10-06"",""run_id"":""40f0434126ae436fb4303209904a3f6a""},""join_samples"":{""date"":""2026-10-06"",""run_id"":""f6b44811a3a04e82892b6b92b821b08c""}}"
279,279,"45.8595794 , 9.0246656","46.0027458 , 8.8820561",urban-rural,mixed,1945,"{""sample_routes"":{""date"":""2026-10-06"",""run_id"":""40f0434126ae436fb4303209904a3f6a""},""join_samples"":{""date"":""2026-10-06"",""run_id"":""f6b44811a3a04e82892b6b92b821b08c""}}"
280,280,"47.256979900000005 , 8.7040036","47.4121034 , 8.8585402",urban-rural,mixed,1946,"{""sample_routes"":{""date"":""2026-10-06"",""run_id"":""40f0434126ae436fb4303209904a3f6a""},""join_samples"":{""date"":""2026-10-06"",""run_id"":""f6b44811a3a04e82892b6b92b821b08c""}}"
281,281,"46.8122204 , 7.3318506","46.8125456 , 7.0764044",rural-rural,mixed,1946,"{""sample_routes"":{""date"":""2026-10-06"",""run_id"":""40f0434126ae436fb4303209904a3f6a""},""join_samples"":{""date"":""2026-10-06"",""run_id"":""f6b44811a3a04e82892b6b92b821b08c""}}"
282,282,"47.091901400000005 , 8.3993505","47.256227300000006 , 8.563435400000001",rural-rural,mixed,1654,"{""sample_routes"":{""date"":""2026-10-06"",""run_id"":""40f0434126ae436fb4303209904a3f6a""},""join_samples"":{""date"":""2026-10-06"",""run_id"":""f6b44811a3a04e82892b6b92b821b08c""}}"
283,283,"47.306612400000006 , 9.415158700000001","47.402239800000004 , 9.3197563",rural-urban,mixed,1946,"{""sample_routes"":{""date"":""2026-10-06"",""run_id"":""40f0434126ae436fb4303209904a3f6a""},""join_samples"":{""date"":""2026-10-06"",""run_id"":""f6b44811a3a04e82892b6b92b821b08c""}}"
284,284,"47.1966711 , 7.972969300000001","47.1973039 , 7.612958600000001",rural-rural,mixed,1947,"{""sample_routes"":{""date"":""2026-10-06"",""run_id"":""40f0434126ae436fb4303209904a3f6a""},""join_samples"":{""date"":""2026-10-06"",""run_id"":""f6b44811a3a04e82892b6b92b821b08c""}}"
285,285,"47.4017579 , 8.277519100000001","47.4012198 , 7.961434400000001",rural-rural,mixed,1651,"{""sample_routes"":{""date"":""2026-10-06"",""run_id"":""40f0434126ae436fb4303209904a3f6a""},""join_samples"":{""date"":""2026-10-06"",""run_id"":""f6b44811a3a04e82892b6b92b821b08c""}}"
286,286,"47.450528000000006 , 8.5298272","47.251533200000004 , 8.5304227",urban-rural,mixed,1950,"{""sample_routes"":{""date"":""2026-10-06"",""run_id"":""40f0434126ae436fb4303209904a3f6a""},""join_samples"":{""date"":""2026-10-06"",""run_id"":""f6b44811a3a04e82892b6b92b821b08c""}}"
287,287,"47.383892700000004 , 7.5393192","47.5440671 , 7.5399685000000005",rural-urban,mixed,1647,"{""sample_routes"":{""date"":""2026-10-06"",""run_id"":""40f0434126ae436fb4303209904a3f6a""},""join_samples"":{""date"":""2026-10-06"",""run_id"":""f6b44811a3a04e82892b6b92b821b08c""}}"
288,288,"47.5503925 , 7.625375200000001","47.249147900000004 , 7.6249551",urban-rural,mixed,1954,"{""sample_routes"":{""date"":""2026-10-06"",""run_id"":""40f0434126ae436fb4303209904a3f6a""},""join_samples"":{""date"":""2026-10-06"",""run_id"":""f6b44811a3a04e82892b6b92b821b08c""}}"
289,289,"47.0685954 , 7.297193600000001","47.2144094 , 7.442935200000001",urban-rural,mixed,1645,"{""sample_routes"":{""date"":""2026-10-06"",""run_id"":""40f0434126ae436fb4303209904a3f6a""},""join_samples"":{""date"":""2026-10-06"",""run_id"":""f6b44811a3a04e82892b6b92b821b08c""}}"
290,290,"46.8648247 , 7.3124652","47.0893132 , 7.312787",rural-urban,mixed,1955,"{""sample_routes"":{""date"":""2026-10-06"",""run_id"":""40f0434126ae436fb4303209904a3f6a""},""join_samples"":{""date"":""2026-10-06"",""run_id"":""f6b44811a3a04e82892b6b92b821b08c""}}"
291,291,"47.475568700000004 , 8.680078700000001","47.656230300000004 , 8.860927700000001",rural-rural,mixed,1959,"{""sample_routes"":{""date"":""2026-10-06"",""run_id"":""40f0434126ae436fb4303209904a3f6a""},""join_samples"":{""date"":""2026-10-06"",""run_id"":""f6b44811a3a04e82892b6b92b821b08c""}}"
292,292,"47.1623164 , 8.3438818","46.9511679 , 8.3438706",rural-urban,mixed,1640,"{""sample_routes"":{""date"":""2026-10-06"",""run_id"":""40f0434126ae436fb4303209904a3f6a""},""join_samples"":{""date"":""2026-10-06"",""run_id"":""f6b44811a3a04e82892b6b92b821b08c""}}"
293,293,"47.4189274 , 9.2450562","47.5887815 , 9.0746252",urban-rural,mixed,1962,"{""sample_routes"":{""date"":""2026-10-06"",""run_id"":""40f0434126ae436fb4303209904a3f6a""},""join_samples"":{""date"":""2026-10-06"",""run_id"":""f6b44811a3a04e82892b6b92b821b08c""}}"
294,294,"47.4171283 , 7.9504019","47.265645000000006 , 7.950054300000001",rural-urban,mixed,1966,"{""sample_routes"":{""date"":""2026-10-06"",""run_id"":""40f0434126ae436fb4303209904a3f6a""},""join_samples"":{""date"":""2026-10-06"",""run_id"":""f6b44811a3a04e82892b6b92b821b08c""}}"
295,295,"47.207634000000006 , 7.452666300000001","46.9999504 , 7.4524606",rural-urban,mixed,1969,"{""sample_routes"":{""date"":""2026-10-06"",""run_id"":""40f0434126ae436fb4303209904a3f6a""},""join_samples"":{""date"":""2026-10-06"",""run_id"":""f6b44811a3a04e82892b6b92b821b08c""}}"
296,296,"47.394595900000006 , 8.3772569","47.5647796 , 8.3775239",urban-rural,mixed,1971,"{""sample_routes"":{""date"":""2026-10-06"",""run_id"":""40f0434126ae436fb4303209904a3f6a""},""join_samples"":{""date"":""2026-10-06"",""run_id"":""f6b44811a3a04e82892b6b92b821b08c""}}"
297,297,"46.298946900000004 , 6.9557662","46.190380700000006 , 6.84673",rural-rural,mixed,1974,"{""sample_routes"":{""date"":""2026-10-06"",""run_id"":""40f0434126ae436fb4303209904a3f6a""},""join_samples"":{""date"":""2026-10-06"",""run_id"":""f6b44811a3a04e82892b6b92b821b08c""}}"
298,298,"46.231031200000004 , 8.8494659","46.2310644 , 8.7307161",rural-rural,mixed,1626,"{""sample_routes"":{""date"":""2026-10-06"",""run_id"":""40f0434126ae436fb4303209904a3f6a""},""join_samples"":{""date"":""2026-10-06"",""run_id"":""f6b44811a3a04e82892b6b92b821b08c""}}"
299,299,"47.4880063 , 7.737335000000001","47.210583500000006 , 8.0147841",urban-rural,mixed,1974,"{""sample_routes"":{""date"":""2026-10-06"",""run_id"":""40f0434126ae436fb4303209904a3f6a""},""join_samples"":{""date"":""2026-10-06"",""run_id"":""f6b44811a3a04e82892b6b92b821b08c""}}"
300,300,"47.501741700000004 , 9.443216900000001","47.3111844 , 9.2522815",urban-rural,mixed,1975,"{""sample_routes"":{""date"":""2026-10-06"",""run_id"":""40f0434126ae436fb4303209904a3f6a""},""join_samples"":{""date"":""2026-10-06"",""run_id"":""f6b44811a3a04e82892b6b92b821b08c""}}"
301,301,"46.9426038 , 8.2800217","47.21982250000001 , 8.2805786",rural-rural,mixed,1976,"{""sample_routes"":{""date"":""2026-10-06"",""run_id"":""40f0434126ae436fb4303209904a3f6a""},""join_samples"":{""date"":""2026-10-06"",""run_id"":""f6b44811a3a04e82892b6b92b821b08c""}}"
302,302,"47.032978400000005 , 7.3384191","47.1883448 , 7.338807",rural-rural,mixed,1977,"{""sample_routes"":{""date"":""2026-10-06"",""run_id"":""40f0434126ae436fb4303209904a3f6a""},""join_samples"":{""date"":""2026-10-06"",""run_id"":""f6b44811a3a04e82892b6b92b821b08c""}}"
303,303,"47.1734616 , 8.7723373","47.3255193 , 8.9239104",urban-rural,mixed,1980,"{""sample_routes"":{""date"":""2026-10-06"",""run_id"":""40f0434126ae436fb4303209904a3f6a""},""join_samples"":{""date"":""2026-10-06"",""run_id"":""f6b44811a3a04e82892b6b92b821b08c""}}"
304,304,"46.2252312 , 6.9039408","46.0863371 , 7.0425706",rural-urban,mixed,1982,"{""sample_routes"":{""date"":""2026-10-06"",""run_id"":""40f0434126ae436fb4303209904a3f6a""},""join_samples"":{""date"":""2026-10-06"",""run_id"":""f6b44811a3a04e82892b6b92b821b08c""}}"
305,305,"47.354711 , 8.3585515","47.087743700000004 , 8.3584174",urban-urban,mixed,1984,"{""sample_routes"":{""date"":""2026-10-06"",""run_id"":""40f0434126ae436fb4303209904a3f6a""},""join_samples"":{""date"":""2026-10-06"",""run_id"":""f6b44811a3a04e82892b6b92b821b08c""}}"
306,306,"47.1358611 , 7.476865600000001","46.9444445 , 7.2858809",rural-rural,mixed,1985,"{""sample_routes"":{""date"":""2026-10-06"",""run_id"":""40f0434126ae436fb4303209904a3f6a""},""join_samples"":{""date"":""2026-10-06"",""run_id"":""f6b44811a3a04e82892b6b92b821b08c""}}"
307,307,"47.4940043 , 9.1040468","47.319201400000004 , 9.2787255",rural-rural,mixed,1987,"{""sample_routes"":{""date"":""2026-10-06"",""run_id"":""40f0434126ae436fb4303209904a3f6a""},""join_samples"":{""date"":""2026-10-06"",""run_id"":""f6b44811a3a04e82892b6b92b821b08c""}}"
308,308,"47.4439955 , 8.372519500000001","47.2603245 , 8.1885511",urban-urban,mixed,1987,"{""sample_routes"":{""date"":""2026-10-06"",""run_id"":""40f0434126ae436fb4303209904a3f6a""},""join_samples"":{""date"":""2026-10-06"",""run_id"":""f6b44811a3a04e82892b6b92b821b08c""}}"
309,309,"47.2581135 , 7.890359","47.3643633 , 7.783784000000001",rural-rural,mixed,1610,"{""sample_routes"":{""date"":""2026-10-06"",""run_id"":""40f0434126ae436fb4303209904a3f6a""},""join_samples"":{""date"":""2026-10-06"",""run_id"":""f6b44811a3a04e82892b6b92b821b08c""}}"
310,310,"47.188718800000004 , 8.858021","47.348794100000006 , 8.698207400000001",urban-urban,mixed,1996,"{""sample_routes"":{""date"":""2026-10-06"",""run_id"":""40f0434126ae436fb4303209904a3f6a""},""join_samples"":{""date"":""2026-10-06"",""run_id"":""f6b44811a3a04e82892b6b92b821b08c""}}"
311,311,"46.1903086 , 7.9016048","46.366611600000006 , 8.0780695",rural-rural,mixed,1998,"{""sample_routes"":{""date"":""2026-10-06"",""run_id"":""40f0434126ae436fb4303209904a3f6a""},""join_samples"":{""date"":""2026-10-06"",""run_id"":""f6b44811a3a04e82892b6b92b821b08c""}}"
312,312,"46.298342700000006 , 7.538313400000001","46.198799300000005 , 7.4387311",urban-rural,mixed,1998,"{""sample_routes"":{""date"":""2026-10-06"",""run_id"":""40f0434126ae436fb4303209904a3f6a""},""join_samples"":{""date"":""2026-10-06"",""run_id"":""f6b44811a3a04e82892b6b92b821b08c""}}"
313,313,"47.428236600000005 , 8.3127011","47.553934000000005 , 8.3128887",urban-rural,mixed,1599,"{""sample_routes"":{""date"":""2026-10-06"",""run_id"":""40f0434126ae436fb4303209904a3f6a""},""join_samples"":{""date"":""2026-10-06"",""run_id"":""f6b44811a3a04e82892b6b92b821b08c""}}"
314,314,"46.9842701 , 7.582790200000001","46.727038 , 7.582916000000001",rural-rural,mixed,2002,"{""sample_routes"":{""date"":""2026-10-06"",""run_id"":""40f0434126ae436fb4303209904a3f6a""},""join_samples"":{""date"":""2026-10-06"",""run_id"":""f6b44811a3a04e82892b6b92b821b08c""}}"
315,315,"46.7378184 , 6.504780200000001","46.5303574 , 6.7126964000000005",rural-rural,mixed,1596,"{""sample_routes"":{""date"":""2026-10-06"",""run_id"":""40f0434126ae436fb4303209904a3f6a""},""join_samples"":{""date"":""2026-10-06"",""run_id"":""f6b44811a3a04e82892b6b92b821b08c""}}"
316,316,"46.882395200000005 , 7.4119785","46.8830168 , 7.0294347",rural-rural,mixed,2004,"{""sample_routes"":{""date"":""2026-10-06"",""run_id"":""40f0434126ae436fb4303209904a3f6a""},""join_samples"":{""date"":""2026-10-06"",""run_id"":""f6b44811a3a04e82892b6b92b821b08c""}}"
317,317,"46.2416664 , 7.3367646","46.1897378 , 7.3887558",urban-rural,mixed,1594,"{""sample_routes"":{""date"":""2026-10-06"",""run_id"":""40f0434126ae436fb4303209904a3f6a""},""join_samples"":{""date"":""2026-10-06"",""run_id"":""f6b44811a3a04e82892b6b92b821b08c""}}"
318,318,"46.6143658 , 7.0473118","46.8871696 , 7.047301200000001",urban-rural,mixed,2008,"{""sample_routes"":{""date"":""2026-10-06"",""run_id"":""40f0434126ae436fb4303209904a3f6a""},""join_samples"":{""date"":""2026-10-06"",""run_id"":""f6b44811a3a04e82892b6b92b821b08c""}}"
319,319,"46.2102243 , 7.5903974000000005","46.3107824 , 7.4903995000000005",rural-rural,mixed,2009,"{""sample_routes"":{""date"":""2026-10-06"",""run_id"":""40f0434126ae436fb4303209904a3f6a""},""join_samples"":{""date"":""2026-10-06"",""run_id"":""f6b44811a3a04e82892b6b92b821b08c""}}"
320,320,"46.7561089 , 7.660972200000001","46.884666300000006 , 7.6603143000000005",rural-rural,mixed,1591,"{""sample_routes"":{""date"":""2026-10-06"",""run_id"":""40f0434126ae436fb4303209904a3f6a""},""join_samples"":{""date"":""2026-10-06"",""run_id"":""f6b44811a3a04e82892b6b92b821b08c""}}"
321,321,"47.284339200000005 , 8.459930100000001","47.0272419 , 8.459401600000001",urban-rural,mixed,2010,"{""sample_routes"":{""date"":""2026-10-06"",""run_id"":""40f0434126ae436fb4303209904a3f6a""},""join_samples"":{""date"":""2026-10-06"",""run_id"":""f6b44811a3a04e82892b6b92b821b08c""}}"
322,322,"46.9470692 , 7.449477600000001","47.223875 , 7.7264045",urban-rural,mixed,2013,"{""sample_routes"":{""date"":""2026-10-06"",""run_id"":""40f0434126ae436fb4303209904a3f6a""},""join_samples"":{""date"":""2026-10-06"",""run_id"":""f6b44811a3a04e82892b6b92b821b08c""}}"
323,323,"47.3433859 , 8.3442518","47.3437381 , 8.135218",urban-rural,mixed,2014,"{""sample_routes"":{""date"":""2026-10-06"",""run_id"":""40f0434126ae436fb4303209904a3f6a""},""join_samples"":{""date"":""2026-10-06"",""run_id"":""f6b44811a3a04e82892b6b92b821b08c""}}"
324,324,"47.267688 , 8.3433457","47.4566424 , 8.532802100000001",urban-rural,mixed,2015,"{""sample_routes"":{""date"":""2026-10-06"",""run_id"":""40f0434126ae436fb4303209904a3f6a""},""join_samples"":{""date"":""2026-10-06"",""run_id"":""f6b44811a3a04e82892b6b92b821b08c""}}"
325,325,"47.091717800000005 , 8.398096","47.0923602 , 8.0744401",rural-rural,mixed,2016,"{""sample_routes"":{""date"":""2026-10-06"",""run_id"":""40f0434126ae436fb4303209904a3f6a""},""join_samples"":{""date"":""2026-10-06"",""run_id"":""f6b44811a3a04e82892b6b92b821b08c""}}"
326,326,"47.4845516 , 8.0505715","47.303374500000004 , 7.870020200000001",rural-urban,mixed,2016,"{""sample_routes"":{""date"":""2026-10-06"",""run_id"":""40f0434126ae436fb4303209904a3f6a""},""join_samples"":{""date"":""2026-10-06"",""run_id"":""f6b44811a3a04e82892b6b92b821b08c""}}"
327,327,"46.9640903 , 7.623118000000001","46.71752 , 7.623672000000001",rural-urban,mixed,2016,"{""sample_routes"":{""date"":""2026-10-06"",""run_id"":""40f0434126ae436fb4303209904a3f6a""},""join_samples"":{""date"":""2026-10-06"",""run_id"":""f6b44811a3a04e82892b6b92b821b08c""}}"
328,328,"47.4930492 , 7.7689066","47.2338152 , 7.509391600000001",rural-urban,mixed,2018,"{""sample_routes"":{""date"":""2026-10-06"",""run_id"":""40f0434126ae436fb4303209904a3f6a""},""join_samples"":{""date"":""2026-10-06"",""run_id"":""f6b44811a3a04e82892b6b92b821b08c""}}"
329,329,"47.4566492 , 8.528314100000001","47.1771569 , 8.528681200000001",rural-urban,mixed,2018,"{""sample_routes"":{""date"":""2026-10-06"",""run_id"":""40f0434126ae436fb4303209904a3f6a""},""join_samples"":{""date"":""2026-10-06"",""run_id"":""f6b44811a3a04e82892b6b92b821b08c""}}"
330,330,"46.4606827 , 6.881599700000001","46.186748900000005 , 6.8815049",urban-rural,mixed,2019,"{""sample_routes"":{""date"":""2026-10-06"",""run_id"":""40f0434126ae436fb4303209904a3f6a""},""join_samples"":{""date"":""2026-10-06"",""run_id"":""f6b44811a3a04e82892b6b92b821b08c""}}"
331,331,"46.602032900000005 , 6.7554097","46.4300377 , 6.9273755",rural-urban,mixed,2022,"{""sample_routes"":{""date"":""2026-10-06"",""run_id"":""40f0434126ae436fb4303209904a3f6a""},""join_samples"":{""date"":""2026-10-06"",""run_id"":""f6b44811a3a04e82892b6b92b821b08c""}}"
332,332,"47.4171945 , 8.6275718","47.7056905 , 8.628209100000001",urban-urban,mixed,2025,"{""sample_routes"":{""date"":""2026-10-06"",""run_id"":""40f0434126ae436fb4303209904a3f6a""},""join_samples"":{""date"":""2026-10-06"",""run_id"":""f6b44811a3a04e82892b6b92b821b08c""}}"
333,333,"47.055785900000004 , 8.101205400000001","46.903045500000005 , 8.2542282",rural-rural,mixed,2027,"{""sample_routes"":{""date"":""2026-10-06"",""run_id"":""40f0434126ae436fb4303209904a3f6a""},""join_samples"":{""date"":""2026-10-06"",""run_id"":""f6b44811a3a04e82892b6b92b821b08c""}}"
334,334,"46.9807943 , 7.456889100000001","47.276465300000005 , 7.7523093",urban-rural,mixed,2028,"{""sample_routes"":{""date"":""2026-10-06"",""run_id"":""40f0434126ae436fb4303209904a3f6a""},""join_samples"":{""date"":""2026-10-06"",""run_id"":""f6b44811a3a04e82892b6b92b821b08c""}}"
335,335,"46.489523600000005 , 6.730784300000001","46.6958501 , 6.7311936",rural-rural,mixed,2029,"{""sample_routes"":{""date"":""2026-10-06"",""run_id"":""40f0434126ae436fb4303209904a3f6a""},""join_samples"":{""date"":""2026-10-06"",""run_id"":""f6b44811a3a04e82892b6b92b821b08c""}}"
336,336,"47.4160047 , 9.3614371","47.580573400000006 , 9.197465600000001",urban-rural,mixed,2029,"{""sample_routes"":{""date"":""2026-10-06"",""run_id"":""40f0434126ae436fb4303209904a3f6a""},""join_samples"":{""date"":""2026-10-06"",""run_id"":""f6b44811a3a04e82892b6b92b821b08c""}}"
337,337,"47.032978400000005 , 7.3384191","46.896542100000005 , 7.3384095",rural-rural,mixed,1570,"{""sample_routes"":{""date"":""2026-10-06"",""run_id"":""40f0434126ae436fb4303209904a3f6a""},""join_samples"":{""date"":""2026-10-06"",""run_id"":""f6b44811a3a04e82892b6b92b821b08c""}}"
338,338,"47.4945122 , 9.4600747","47.495117400000005 , 9.2555162",rural-rural,mixed,1569,"{""sample_routes"":{""date"":""2026-10-06"",""run_id"":""40f0434126ae436fb4303209904a3f6a""},""join_samples"":{""date"":""2026-10-06"",""run_id"":""f6b44811a3a04e82892b6b92b821b08c""}}"
339,339,"47.507664600000005 , 8.0227953","47.507177600000006 , 7.5192696",rural-rural,mixed,2031,"{""sample_routes"":{""date"":""2026-10-06"",""run_id"":""40f0434126ae436fb4303209904a3f6a""},""join_samples"":{""date"":""2026-10-06"",""run_id"":""f6b44811a3a04e82892b6b92b821b08c""}}"
340,340,"47.399554 , 8.083129900000001","47.4001065 , 7.751348500000001",urban-rural,mixed,2033,"{""sample_routes"":{""date"":""2026-10-06"",""run_id"":""40f0434126ae436fb4303209904a3f6a""},""join_samples"":{""date"":""2026-10-06"",""run_id"":""f6b44811a3a04e82892b6b92b821b08c""}}"
341,341,"47.3295705 , 8.206258400000001","47.468807500000004 , 8.3459556",rural-urban,mixed,1567,"{""sample_routes"":{""date"":""2026-10-06"",""run_id"":""40f0434126ae436fb4303209904a3f6a""},""join_samples"":{""date"":""2026-10-06"",""run_id"":""f6b44811a3a04e82892b6b92b821b08c""}}"
342,342,"47.3223459 , 8.5501619","47.057330500000006 , 8.5497289",urban-rural,mixed,2033,"{""sample_routes"":{""date"":""2026-10-06"",""run_id"":""40f0434126ae436fb4303209904a3f6a""},""join_samples"":{""date"":""2026-10-06"",""run_id"":""f6b44811a3a04e82892b6b92b821b08c""}}"
343,343,"47.459185600000005 , 7.824096000000001","47.1738365 , 7.5381182",urban-urban,mixed,2038,"{""sample_routes"":{""date"":""2026-10-06"",""run_id"":""40f0434126ae436fb4303209904a3f6a""},""join_samples"":{""date"":""2026-10-06"",""run_id"":""f6b44811a3a04e82892b6b92b821b08c""}}"
344,344,"47.454235600000004 , 8.771485","47.2471059 , 8.771631300000001",rural-urban,mixed,2040,"{""sample_routes"":{""date"":""2026-10-06"",""run_id"":""40f0434126ae436fb4303209904a3f6a""},""join_samples"":{""date"":""2026-10-06"",""run_id"":""f6b44811a3a04e82892b6b92b821b08c""}}"
345,345,"47.3082731 , 7.9108742","47.575123500000004 , 7.644214900000001",urban-urban,mixed,2040,"{""sample_routes"":{""date"":""2026-10-06"",""run_id"":""40f0434126ae436fb4303209904a3f6a""},""join_samples"":{""date"":""2026-10-06"",""run_id"":""f6b44811a3a04e82892b6b92b821b08c""}}"
346,346,"47.1019238 , 6.8389009000000005","46.9427365 , 6.9984143",urban-rural,mixed,2041,"{""sample_routes"":{""date"":""2026-10-06"",""run_id"":""40f0434126ae436fb4303209904a3f6a""},""join_samples"":{""date"":""2026-10-06"",""run_id"":""f6b44811a3a04e82892b6b92b821b08c""}}"
347,347,"47.2949593 , 8.3986458","47.0315097 , 8.3992827",rural-rural,mixed,2041,"{""sample_routes"":{""date"":""2026-10-06"",""run_id"":""40f0434126ae436fb4303209904a3f6a""},""join_samples"":{""date"":""2026-10-06"",""run_id"":""f6b44811a3a04e82892b6b92b821b08c""}}"
348,348,"47.024974500000006 , 7.371321900000001","46.7973943 , 7.1438724",rural-urban,mixed,2041,"{""sample_routes"":{""date"":""2026-10-06"",""run_id"":""40f0434126ae436fb4303209904a3f6a""},""join_samples"":{""date"":""2026-10-06"",""run_id"":""f6b44811a3a04e82892b6b92b821b08c""}}"
349,349,"47.216477000000005 , 7.5328558","47.4496151 , 7.765655700000001",urban-rural,mixed,2041,"{""sample_routes"":{""date"":""2026-10-06"",""run_id"":""40f0434126ae436fb4303209904a3f6a""},""join_samples"":{""date"":""2026-10-06"",""run_id"":""f6b44811a3a04e82892b6b92b821b08c""}}"
350,350,"47.3977287 , 8.440504800000001","47.235368900000005 , 8.2786992",urban-rural,mixed,2041,"{""sample_routes"":{""date"":""2026-10-06"",""run_id"":""40f0434126ae436fb4303209904a3f6a""},""join_samples"":{""date"":""2026-10-06"",""run_id"":""f6b44811a3a04e82892b6b92b821b08c""}}"
351,351,"47.422169100000005 , 9.2376538","47.4224557 , 8.797405000000001",urban-rural,mixed,2041,"{""sample_routes"":{""date"":""2026-10-06"",""run_id"":""40f0434126ae436fb4303209904a3f6a""},""join_samples"":{""date"":""2026-10-06"",""run_id"":""f6b44811a3a04e82892b6b92b821b08c""}}"
352,352,"46.9422155 , 7.4771697","46.657461700000006 , 7.4767466",urban-rural,mixed,2042,"{""sample_routes"":{""date"":""2026-10-06"",""run_id"":""40f0434126ae436fb4303209904a3f6a""},""join_samples"":{""date"":""2026-10-06"",""run_id"":""f6b44811a3a04e82892b6b92b821b08c""}}"
353,353,"47.51859 , 7.6850711","47.213040500000005 , 7.990505100000001",urban-rural,mixed,2045,"{""sample_routes"":{""date"":""2026-10-06"",""run_id"":""40f0434126ae436fb4303209904a3f6a""},""join_samples"":{""date"":""2026-10-06"",""run_id"":""f6b44811a3a04e82892b6b92b821b08c""}}"
354,354,"47.428015800000004 , 8.397102400000001","47.271135400000006 , 8.2403455",urban-rural,mixed,2045,"{""sample_routes"":{""date"":""2026-10-06"",""run_id"":""40f0434126ae436fb4303209904a3f6a""},""join_samples"":{""date"":""2026-10-06"",""run_id"":""f6b44811a3a04e82892b6b92b821b08c""}}"
355,355,"47.577842800000006 , 7.5959076","47.2739562 , 7.899647900000001",urban-rural,mixed,2045,"{""sample_routes"":{""date"":""2026-10-06"",""run_id"":""40f0434126ae436fb4303209904a3f6a""},""join_samples"":{""date"":""2026-10-06"",""run_id"":""f6b44811a3a04e82892b6b92b821b08c""}}"
356,356,"46.914079900000004 , 7.339770000000001","47.268437500000005 , 7.6939947",rural-rural,mixed,2048,"{""sample_routes"":{""date"":""2026-10-06"",""run_id"":""40f0434126ae436fb4303209904a3f6a""},""join_samples"":{""date"":""2026-10-06"",""run_id"":""f6b44811a3a04e82892b6b92b821b08c""}}"
357,357,"46.2538299 , 7.0242436","46.071307600000004 , 7.0236274000000005",rural-rural,mixed,1551,"{""sample_routes"":{""date"":""2026-10-06"",""run_id"":""40f0434126ae436fb4303209904a3f6a""},""join_samples"":{""date"":""2026-10-06"",""run_id"":""f6b44811a3a04e82892b6b92b821b08c""}}"
358,358,"46.790378700000005 , 7.1379283000000004","47.0607301 , 7.4088555000000005",urban-rural,mixed,2049,"{""sample_routes"":{""date"":""2026-10-06"",""run_id"":""40f0434126ae436fb4303209904a3f6a""},""join_samples"":{""date"":""2026-10-06"",""run_id"":""f6b44811a3a04e82892b6b92b821b08c""}}"
359,359,"47.4091764 , 8.3907862","47.260810400000004 , 8.2421729",urban-rural,mixed,2050,"{""sample_routes"":{""date"":""2026-10-06"",""run_id"":""40f0434126ae436fb4303209904a3f6a""},""join_samples"":{""date"":""2026-10-06"",""run_id"":""f6b44811a3a04e82892b6b92b821b08c""}}"
360,360,"46.9425704 , 7.4735173","46.817450900000004 , 7.3487263",urban-rural,mixed,1548,"{""sample_routes"":{""date"":""2026-10-06"",""run_id"":""40f0434126ae436fb4303209904a3f6a""},""join_samples"":{""date"":""2026-10-06"",""run_id"":""f6b44811a3a04e82892b6b92b821b08c""}}"
361,361,"46.815961900000005 , 7.2245482","46.9237795 , 7.1171847",rural-urban,mixed,1548,"{""sample_routes"":{""date"":""2026-10-06"",""run_id"":""40f0434126ae436fb4303209904a3f6a""},""join_samples"":{""date"":""2026-10-06"",""run_id"":""f6b44811a3a04e82892b6b92b821b08c""}}"
362,362,"47.421143300000004 , 9.315452","47.4214089 , 8.8411054",urban-rural,mixed,2054,"{""sample_routes"":{""date"":""2026-10-06"",""run_id"":""40f0434126ae436fb4303209904a3f6a""},""join_samples"":{""date"":""2026-10-06"",""run_id"":""f6b44811a3a04e82892b6b92b821b08c""}}"
363,363,"46.5272901 , 6.439494600000001","46.2234093 , 6.1354278",rural-urban,mixed,2056,"{""sample_routes"":{""date"":""2026-10-06"",""run_id"":""40f0434126ae436fb4303209904a3f6a""},""join_samples"":{""date"":""2026-10-06"",""run_id"":""f6b44811a3a04e82892b6b92b821b08c""}}"
364,364,"46.8386858 , 7.543785300000001","46.6658229 , 7.716884200000001",rural-rural,mixed,1543,"{""sample_routes"":{""date"":""2026-10-06"",""run_id"":""40f0434126ae436fb4303209904a3f6a""},""join_samples"":{""date"":""2026-10-06"",""run_id"":""f6b44811a3a04e82892b6b92b821b08c""}}"
365,365,"47.305061300000006 , 7.8752056","47.5397454 , 7.8751777",urban-rural,mixed,2058,"{""sample_routes"":{""date"":""2026-10-06"",""run_id"":""40f0434126ae436fb4303209904a3f6a""},""join_samples"":{""date"":""2026-10-06"",""run_id"":""f6b44811a3a04e82892b6b92b821b08c""}}"
366,366,"46.9303393 , 7.1246138000000006","46.7388531 , 7.1243324",urban-rural,mixed,2058,"{""sample_routes"":{""date"":""2026-10-06"",""run_id"":""40f0434126ae436fb4303209904a3f6a""},""join_samples"":{""date"":""2026-10-06"",""run_id"":""f6b44811a3a04e82892b6b92b821b08c""}}"
367,367,"47.1905524 , 7.847729900000001","47.1911183 , 7.393306900000001",rural-urban,mixed,2059,"{""sample_routes"":{""date"":""2026-10-06"",""run_id"":""40f0434126ae436fb4303209904a3f6a""},""join_samples"":{""date"":""2026-10-06"",""run_id"":""f6b44811a3a04e82892b6b92b821b08c""}}"
368,368,"47.5479861 , 8.183534","47.395410600000005 , 8.0311956",rural-urban,mixed,2059,"{""sample_routes"":{""date"":""2026-10-06"",""run_id"":""40f0434126ae436fb4303209904a3f6a""},""join_samples"":{""date"":""2026-10-06"",""run_id"":""f6b44811a3a04e82892b6b92b821b08c""}}"
369,369,"46.980612900000004 , 7.4569502000000005","46.825235400000004 , 7.3012956",urban-rural,mixed,1539,"{""sample_routes"":{""date"":""2026-10-06"",""run_id"":""40f0434126ae436fb4303209904a3f6a""},""join_samples"":{""date"":""2026-10-06"",""run_id"":""f6b44811a3a04e82892b6b92b821b08c""}}"
370,370,"47.3151907 , 7.941743600000001","47.5362741 , 7.7211153",urban-rural,mixed,2062,"{""sample_routes"":{""date"":""2026-10-06"",""run_id"":""40f0434126ae436fb4303209904a3f6a""},""join_samples"":{""date"":""2026-10-06"",""run_id"":""f6b44811a3a04e82892b6b92b821b08c""}}"
371,371,"47.2614304 , 8.1103694","47.4725295 , 8.321896200000001",rural-urban,mixed,2064,"{""sample_routes"":{""date"":""2026-10-06"",""run_id"":""40f0434126ae436fb4303209904a3f6a""},""join_samples"":{""date"":""2026-10-06"",""run_id"":""f6b44811a3a04e82892b6b92b821b08c""}}"
372,372,"47.185519600000006 , 8.454913900000001","47.1856221 , 8.0110796",urban-rural,mixed,2064,"{""sample_routes"":{""date"":""2026-10-06"",""run_id"":""40f0434126ae436fb4303209904a3f6a""},""join_samples"":{""date"":""2026-10-06"",""run_id"":""f6b44811a3a04e82892b6b92b821b08c""}}"
373,373,"46.435596200000006 , 6.2173579000000005","46.2365173 , 6.2167539000000005",rural-urban,mixed,2065,"{""sample_routes"":{""date"":""2026-10-06"",""run_id"":""40f0434126ae436fb4303209904a3f6a""},""join_samples"":{""date"":""2026-10-06"",""run_id"":""f6b44811a3a04e82892b6b92b821b08c""}}"
374,374,"46.943227400000005 , 7.4375632000000005","47.2381503 , 7.7323778",urban-rural,mixed,2067,"{""sample_routes"":{""date"":""2026-10-06"",""run_id"":""40f0434126ae436fb4303209904a3f6a""},""join_samples"":{""date"":""2026-10-06"",""run_id"":""f6b44811a3a04e82892b6b92b821b08c""}}"
375,375,"46.003662000000006 , 8.8335985","45.866758700000005 , 8.970925000000001",rural-urban,mixed,2069,"{""sample_routes"":{""date"":""2026-10-06"",""run_id"":""40f0434126ae436fb4303209904a3f6a""},""join_samples"":{""date"":""2026-10-06"",""run_id"":""f6b44811a3a04e82892b6b92b821b08c""}}"
376,376,"46.898846500000005 , 7.293677400000001","47.028963000000005 , 7.2935563000000005",rural-rural,rural,1800,"{""sample_routes"":{""date"":""2026-10-06"",""run_id"":""40f0434126ae436fb4303209904a3f6a""},""join_samples"":{""date"":""2026-10-06"",""run_id"":""f6b44811a3a04e82892b6b92b821b08c""}}"
377,377,"47.011264000000004 , 6.963587400000001","47.0112037 , 7.2519697",urban-rural,rural,1798,"{""sample_routes"":{""date"":""2026-10-06"",""run_id"":""40f0434126ae436fb4303209904a3f6a""},""join_samples"":{""date"":""2026-10-06"",""run_id"":""f6b44811a3a04e82892b6b92b821b08c""}}"
378,378,"47.297470000000004 , 8.2362739","47.131614500000005 , 8.4023465",rural-rural,rural,1792,"{""sample_routes"":{""date"":""2026-10-06"",""run_id"":""40f0434126ae436fb4303209904a3f6a""},""join_samples"":{""date"":""2026-10-06"",""run_id"":""f6b44811a3a04e82892b6b92b821b08c""}}"
379,379,"47.3371087 , 7.2786843","47.4904073 , 7.1251294000000005",rural-rural,rural,1792,"{""sample_routes"":{""date"":""2026-10-06"",""run_id"":""40f0434126ae436fb4303209904a3f6a""},""join_samples"":{""date"":""2026-10-06"",""run_id"":""f6b44811a3a04e82892b6b92b821b08c""}}"
380,380,"47.3197138 , 8.788810100000001","47.442852900000005 , 8.911371500000001",urban-rural,rural,1810,"{""sample_routes"":{""date"":""2026-10-06"",""run_id"":""40f0434126ae436fb4303209904a3f6a""},""join_samples"":{""date"":""2026-10-06"",""run_id"":""f6b44811a3a04e82892b6b92b821b08c""}}"
381,381,"46.718358900000005 , 9.418725","46.6469935 , 9.418125400000001",rural-rural,rural,1789,"{""sample_routes"":{""date"":""2026-10-06"",""run_id"":""40f0434126ae436fb4303209904a3f6a""},""join_samples"":{""date"":""2026-10-06"",""run_id"":""f6b44811a3a04e82892b6b92b821b08c""}}"
382,382,"46.520711000000006 , 6.9051102","46.750715 , 6.9054925",rural-rural,rural,1786,"{""sample_routes"":{""date"":""2026-10-06"",""run_id"":""40f0434126ae436fb4303209904a3f6a""},""join_samples"":{""date"":""2026-10-06"",""run_id"":""f6b44811a3a04e82892b6b92b821b08c""}}"
383,383,"47.2287138 , 8.346805","47.057873300000004 , 8.3466663",rural-rural,rural,1820,"{""sample_routes"":{""date"":""2026-10-06"",""run_id"":""40f0434126ae436fb4303209904a3f6a""},""join_samples"":{""date"":""2026-10-06"",""run_id"":""f6b44811a3a04e82892b6b92b821b08c""}}"
384,384,"46.957199700000004 , 7.2884210000000005","46.95694820000001 , 7.0192575",rural-rural,rural,1776,"{""sample_routes"":{""date"":""2026-10-06"",""run_id"":""40f0434126ae436fb4303209904a3f6a""},""join_samples"":{""date"":""2026-10-06"",""run_id"":""f6b44811a3a04e82892b6b92b821b08c""}}"
385,385,"46.657584 , 7.4330803","46.490608900000005 , 7.266009",rural-rural,rural,1775,"{""sample_routes"":{""date"":""2026-10-06"",""run_id"":""40f0434126ae436fb4303209904a3f6a""},""join_samples"":{""date"":""2026-10-06"",""run_id"":""f6b44811a3a04e82892b6b92b821b08c""}}"
386,386,"46.9963221 , 8.61444","47.1360387 , 8.7540163",rural-urban,rural,1774,"{""sample_routes"":{""date"":""2026-10-06"",""run_id"":""40f0434126ae436fb4303209904a3f6a""},""join_samples"":{""date"":""2026-10-06"",""run_id"":""f6b44811a3a04e82892b6b92b821b08c""}}"
387,387,"47.3898401 , 9.279674400000001","47.256491100000005 , 9.1459075",urban-rural,rural,1773,"{""sample_routes"":{""date"":""2026-10-06"",""run_id"":""40f0434126ae436fb4303209904a3f6a""},""join_samples"":{""date"":""2026-10-06"",""run_id"":""f6b44811a3a04e82892b6b92b821b08c""}}"
388,388,"47.296950800000005 , 7.5973597","47.3926974 , 7.6935855",rural-rural,rural,1827,"{""sample_routes"":{""date"":""2026-10-06"",""run_id"":""40f0434126ae436fb4303209904a3f6a""},""join_samples"":{""date"":""2026-10-06"",""run_id"":""f6b44811a3a04e82892b6b92b821b08c""}}"
389,389,"46.1305665 , 8.918905500000001","46.2088935 , 8.8399531",rural-rural,rural,1828,"{""sample_routes"":{""date"":""2026-10-06"",""run_id"":""40f0434126ae436fb4303209904a3f6a""},""join_samples"":{""date"":""2026-10-06"",""run_id"":""f6b44811a3a04e82892b6b92b821b08c""}}"
390,390,"46.350034 , 7.178941","46.4811731 , 7.1783628",rural-rural,rural,1770,"{""sample_routes"":{""date"":""2026-10-06"",""run_id"":""40f0434126ae436fb4303209904a3f6a""},""join_samples"":{""date"":""2026-10-06"",""run_id"":""f6b44811a3a04e82892b6b92b821b08c""}}"
391,391,"46.8600324 , 7.163261800000001","46.9957821 , 7.298736300000001",rural-rural,rural,1840,"{""sample_routes"":{""date"":""2026-10-06"",""run_id"":""40f0434126ae436fb4303209904a3f6a""},""join_samples"":{""date"":""2026-10-06"",""run_id"":""f6b44811a3a04e82892b6b92b821b08c""}}"
392,392,"47.101791600000006 , 7.2488413000000005","46.9020528 , 7.249262600000001",rural-rural,rural,1845,"{""sample_routes"":{""date"":""2026-10-06"",""run_id"":""40f0434126ae436fb4303209904a3f6a""},""join_samples"":{""date"":""2026-10-06"",""run_id"":""f6b44811a3a04e82892b6b92b821b08c""}}"
393,393,"46.890141 , 7.156996800000001","47.0471688 , 7.157651",rural-rural,rural,1750,"{""sample_routes"":{""date"":""2026-10-06"",""run_id"":""40f0434126ae436fb4303209904a3f6a""},""join_samples"":{""date"":""2026-10-06"",""run_id"":""f6b44811a3a04e82892b6b92b821b08c""}}"
394,394,"47.2381174 , 8.3648956","47.036290300000005 , 8.3644131",rural-rural,rural,1851,"{""sample_routes"":{""date"":""2026-10-06"",""run_id"":""40f0434126ae436fb4303209904a3f6a""},""join_samples"":{""date"":""2026-10-06"",""run_id"":""f6b44811a3a04e82892b6b92b821b08c""}}"
395,395,"47.5375674 , 8.137596","47.5378084 , 8.383906300000001",rural-rural,rural,1856,"{""sample_routes"":{""date"":""2026-10-06"",""run_id"":""40f0434126ae436fb4303209904a3f6a""},""join_samples"":{""date"":""2026-10-06"",""run_id"":""f6b44811a3a04e82892b6b92b821b08c""}}"
396,396,"47.3227941 , 7.9636811000000005","47.469748800000005 , 7.9634238",rural-rural,rural,1744,"{""sample_routes"":{""date"":""2026-10-06"",""run_id"":""40f0434126ae436fb4303209904a3f6a""},""join_samples"":{""date"":""2026-10-06"",""run_id"":""f6b44811a3a04e82892b6b92b821b08c""}}"
397,397,"46.7248266 , 6.532592500000001","46.725016100000005 , 6.7899488",rural-rural,rural,1856,"{""sample_routes"":{""date"":""2026-10-06"",""run_id"":""40f0434126ae436fb4303209904a3f6a""},""join_samples"":{""date"":""2026-10-06"",""run_id"":""f6b44811a3a04e82892b6b92b821b08c""}}"
398,398,"45.8896844 , 7.1885626","45.9658895 , 7.112967200000001",rural-rural,rural,1732,"{""sample_routes"":{""date"":""2026-10-06"",""run_id"":""40f0434126ae436fb4303209904a3f6a""},""join_samples"":{""date"":""2026-10-06"",""run_id"":""f6b44811a3a04e82892b6b92b821b08c""}}"
399,399,"47.4284101 , 8.9527471","47.4277967 , 8.6987608",rural-urban,rural,1872,"{""sample_routes"":{""date"":""2026-10-06"",""run_id"":""40f0434126ae436fb4303209904a3f6a""},""join_samples"":{""date"":""2026-10-06"",""run_id"":""f6b44811a3a04e82892b6b92b821b08c""}}"
400,400,"47.4748651 , 9.1521798","47.645633200000006 , 9.1523698",rural-urban,rural,1726,"{""sample_routes"":{""date"":""2026-10-06"",""run_id"":""40f0434126ae436fb4303209904a3f6a""},""join_samples"":{""date"":""2026-10-06"",""run_id"":""f6b44811a3a04e82892b6b92b821b08c""}}"
401,401,"46.7636089 , 6.8402003","46.5768932 , 6.840159900000001",rural-rural,rural,1882,"{""sample_routes"":{""date"":""2026-10-06"",""run_id"":""40f0434126ae436fb4303209904a3f6a""},""join_samples"":{""date"":""2026-10-06"",""run_id"":""f6b44811a3a04e82892b6b92b821b08c""}}"
402,402,"46.665803800000006 , 10.167926600000001","46.800001 , 10.3017254",rural-rural,rural,1882,"{""sample_routes"":{""date"":""2026-10-06"",""run_id"":""40f0434126ae436fb4303209904a3f6a""},""join_samples"":{""date"":""2026-10-06"",""run_id"":""f6b44811a3a04e82892b6b92b821b08c""}}"
403,403,"47.394869500000006 , 9.079413","47.394728 , 8.8572659",rural-rural,rural,1886,"{""sample_routes"":{""date"":""2026-10-06"",""run_id"":""40f0434126ae436fb4303209904a3f6a""},""join_samples"":{""date"":""2026-10-06"",""run_id"":""f6b44811a3a04e82892b6b92b821b08c""}}"
404,404,"46.880561 , 9.526850600000001","47.136824700000005 , 9.527018",urban-rural,rural,1714,"{""sample_routes"":{""date"":""2026-10-06"",""run_id"":""40f0434126ae436fb4303209904a3f6a""},""join_samples"":{""date"":""2026-10-06"",""run_id"":""f6b44811a3a04e82892b6b92b821b08c""}}"
405,405,"46.6713479 , 6.696725900000001","46.671863900000005 , 6.9555199000000005",rural-rural,rural,1890,"{""sample_routes"":{""date"":""2026-10-06"",""run_id"":""40f0434126ae436fb4303209904a3f6a""},""join_samples"":{""date"":""2026-10-06"",""run_id"":""f6b44811a3a04e82892b6b92b821b08c""}}"
406,406,"47.1357398 , 7.243170900000001","47.1352823 , 6.9946776",urban-rural,rural,1893,"{""sample_routes"":{""date"":""2026-10-06"",""run_id"":""40f0434126ae436fb4303209904a3f6a""},""join_samples"":{""date"":""2026-10-06"",""run_id"":""f6b44811a3a04e82892b6b92b821b08c""}}"
407,407,"46.2554298 , 7.529214700000001","46.3073849 , 7.477235800000001",rural-rural,rural,1897,"{""sample_routes"":{""date"":""2026-10-06"",""run_id"":""40f0434126ae436fb4303209904a3f6a""},""join_samples"":{""date"":""2026-10-06"",""run_id"":""f6b44811a3a04e82892b6b92b821b08c""}}"
408,408,"47.264065200000005 , 8.1899359","47.2635529 , 7.970128600000001",urban-rural,rural,1898,"{""sample_routes"":{""date"":""2026-10-06"",""run_id"":""40f0434126ae436fb4303209904a3f6a""},""join_samples"":{""date"":""2026-10-06"",""run_id"":""f6b44811a3a04e82892b6b92b821b08c""}}"
409,409,"47.0200642 , 8.2343817","47.0207101 , 8.056259500000001",rural-rural,rural,1701,"{""sample_routes"":{""date"":""2026-10-06"",""run_id"":""40f0434126ae436fb4303209904a3f6a""},""join_samples"":{""date"":""2026-10-06"",""run_id"":""f6b44811a3a04e82892b6b92b821b08c""}}"
410,410,"46.6522963 , 7.489918800000001","46.5611187 , 7.3989647000000005",rural-rural,rural,1701,"{""sample_routes"":{""date"":""2026-10-06"",""run_id"":""40f0434126ae436fb4303209904a3f6a""},""join_samples"":{""date"":""2026-10-06"",""run_id"":""f6b44811a3a04e82892b6b92b821b08c""}}"
411,411,"47.2473053 , 7.7634119","47.036606500000005 , 7.763763600000001",rural-rural,rural,1902,"{""sample_routes"":{""date"":""2026-10-06"",""run_id"":""40f0434126ae436fb4303209904a3f6a""},""join_samples"":{""date"":""2026-10-06"",""run_id"":""f6b44811a3a04e82892b6b92b821b08c""}}"
412,412,"47.383841700000005 , 7.7491304","47.213760400000005 , 7.7495073",rural-rural,rural,1902,"{""sample_routes"":{""date"":""2026-10-06"",""run_id"":""40f0434126ae436fb4303209904a3f6a""},""join_samples"":{""date"":""2026-10-06"",""run_id"":""f6b44811a3a04e82892b6b92b821b08c""}}"
413,413,"47.5445621 , 8.458095","47.544675700000006 , 8.6902003",rural-rural,rural,1909,"{""sample_routes"":{""date"":""2026-10-06"",""run_id"":""40f0434126ae436fb4303209904a3f6a""},""join_samples"":{""date"":""2026-10-06"",""run_id"":""f6b44811a3a04e82892b6b92b821b08c""}}"
414,414,"46.7817653 , 7.008981100000001","46.9462069 , 7.009526200000001",rural-rural,rural,1689,"{""sample_routes"":{""date"":""2026-10-06"",""run_id"":""40f0434126ae436fb4303209904a3f6a""},""join_samples"":{""date"":""2026-10-06"",""run_id"":""f6b44811a3a04e82892b6b92b821b08c""}}"
415,415,"46.550181900000005 , 6.511408500000001","46.7057804 , 6.3554193",rural-rural,rural,1914,"{""sample_routes"":{""date"":""2026-10-06"",""run_id"":""40f0434126ae436fb4303209904a3f6a""},""join_samples"":{""date"":""2026-10-06"",""run_id"":""f6b44811a3a04e82892b6b92b821b08c""}}"
416,416,"46.3051711 , 7.8486998","46.305820600000004 , 7.5255444",rural-urban,rural,1685,"{""sample_routes"":{""date"":""2026-10-06"",""run_id"":""40f0434126ae436fb4303209904a3f6a""},""join_samples"":{""date"":""2026-10-06"",""run_id"":""f6b44811a3a04e82892b6b92b821b08c""}}"
417,417,"47.1434416 , 7.246106200000001","47.2724503 , 7.1170628",urban-rural,rural,1684,"{""sample_routes"":{""date"":""2026-10-06"",""run_id"":""40f0434126ae436fb4303209904a3f6a""},""join_samples"":{""date"":""2026-10-06"",""run_id"":""f6b44811a3a04e82892b6b92b821b08c""}}"
418,418,"46.608527800000005 , 6.747770600000001","46.748820200000004 , 6.608108100000001",rural-rural,rural,1916,"{""sample_routes"":{""date"":""2026-10-06"",""run_id"":""40f0434126ae436fb4303209904a3f6a""},""join_samples"":{""date"":""2026-10-06"",""run_id"":""f6b44811a3a04e82892b6b92b821b08c""}}"
419,419,"47.091452200000006 , 9.0587874","47.090975300000004 , 9.2862975",rural-rural,rural,1917,"{""sample_routes"":{""date"":""2026-10-06"",""run_id"":""40f0434126ae436fb4303209904a3f6a""},""join_samples"":{""date"":""2026-10-06"",""run_id"":""f6b44811a3a04e82892b6b92b821b08c""}}"
420,420,"46.845672500000006 , 7.5094665","46.8452782 , 7.2317166",rural-rural,rural,1917,"{""sample_routes"":{""date"":""2026-10-06"",""run_id"":""40f0434126ae436fb4303209904a3f6a""},""join_samples"":{""date"":""2026-10-06"",""run_id"":""f6b44811a3a04e82892b6b92b821b08c""}}"
421,421,"47.3687823 , 7.1813421","47.198543 , 7.180787100000001",rural-rural,rural,1921,"{""sample_routes"":{""date"":""2026-10-06"",""run_id"":""40f0434126ae436fb4303209904a3f6a""},""join_samples"":{""date"":""2026-10-06"",""run_id"":""f6b44811a3a04e82892b6b92b821b08c""}}"
422,422,"46.7323274 , 8.624144900000001","46.9991144 , 8.6239936",rural-rural,rural,1922,"{""sample_routes"":{""date"":""2026-10-06"",""run_id"":""40f0434126ae436fb4303209904a3f6a""},""join_samples"":{""date"":""2026-10-06"",""run_id"":""f6b44811a3a04e82892b6b92b821b08c""}}"
423,423,"47.054958400000004 , 7.042959400000001","46.853056300000006 , 7.043512600000001",rural-rural,rural,1923,"{""sample_routes"":{""date"":""2026-10-06"",""run_id"":""40f0434126ae436fb4303209904a3f6a""},""join_samples"":{""date"":""2026-10-06"",""run_id"":""f6b44811a3a04e82892b6b92b821b08c""}}"
424,424,"46.5165428 , 6.5747247","46.7144508 , 6.377184300000001",urban-rural,rural,1923,"{""sample_routes"":{""date"":""2026-10-06"",""run_id"":""40f0434126ae436fb4303209904a3f6a""},""join_samples"":{""date"":""2026-10-06"",""run_id"":""f6b44811a3a04e82892b6b92b821b08c""}}"
425,425,"47.2581209 , 8.597621400000001","47.139394800000005 , 8.5981193",urban-rural,rural,1676,"{""sample_routes"":{""date"":""2026-10-06"",""run_id"":""40f0434126ae436fb4303209904a3f6a""},""join_samples"":{""date"":""2026-10-06"",""run_id"":""f6b44811a3a04e82892b6b92b821b08c""}}"
426,426,"46.4838802 , 7.5593503","46.6590945 , 7.734734100000001",rural-rural,rural,1926,"{""sample_routes"":{""date"":""2026-10-06"",""run_id"":""40f0434126ae436fb4303209904a3f6a""},""join_samples"":{""date"":""2026-10-06"",""run_id"":""f6b44811a3a04e82892b6b92b821b08c""}}"
427,427,"47.280472 , 7.373337500000001","47.280973900000006 , 7.1339062",urban-rural,rural,1674,"{""sample_routes"":{""date"":""2026-10-06"",""run_id"":""40f0434126ae436fb4303209904a3f6a""},""join_samples"":{""date"":""2026-10-06"",""run_id"":""f6b44811a3a04e82892b6b92b821b08c""}}"
428,428,"46.1539987 , 7.231957400000001","46.2072075 , 7.178862400000001",rural-rural,rural,1670,"{""sample_routes"":{""date"":""2026-10-06"",""run_id"":""40f0434126ae436fb4303209904a3f6a""},""join_samples"":{""date"":""2026-10-06"",""run_id"":""f6b44811a3a04e82892b6b92b821b08c""}}"
429,429,"47.21819 , 7.2137935","47.366275300000005 , 7.2139690000000005",rural-rural,rural,1931,"{""sample_routes"":{""date"":""2026-10-06"",""run_id"":""40f0434126ae436fb4303209904a3f6a""},""join_samples"":{""date"":""2026-10-06"",""run_id"":""f6b44811a3a04e82892b6b92b821b08c""}}"
430,430,"46.278900400000005 , 8.9834584","46.4778358 , 8.7851066",rural-rural,rural,1932,"{""sample_routes"":{""date"":""2026-10-06"",""run_id"":""40f0434126ae436fb4303209904a3f6a""},""join_samples"":{""date"":""2026-10-06"",""run_id"":""f6b44811a3a04e82892b6b92b821b08c""}}"
431,431,"47.2645537 , 8.849868500000001","47.089116000000004 , 9.0248301",urban-rural,rural,1932,"{""sample_routes"":{""date"":""2026-10-06"",""run_id"":""40f0434126ae436fb4303209904a3f6a""},""join_samples"":{""date"":""2026-10-06"",""run_id"":""f6b44811a3a04e82892b6b92b821b08c""}}"
432,432,"47.242499800000004 , 8.916112400000001","47.121015400000005 , 8.9167056",rural-rural,rural,1667,"{""sample_routes"":{""date"":""2026-10-06"",""run_id"":""40f0434126ae436fb4303209904a3f6a""},""join_samples"":{""date"":""2026-10-06"",""run_id"":""f6b44811a3a04e82892b6b92b821b08c""}}"
433,433,"47.044369 , 7.1553491000000005","46.870866 , 7.1559669",rural-rural,rural,1935,"{""sample_routes"":{""date"":""2026-10-06"",""run_id"":""40f0434126ae436fb4303209904a3f6a""},""join_samples"":{""date"":""2026-10-06"",""run_id"":""f6b44811a3a04e82892b6b92b821b08c""}}"
434,434,"46.977136900000005 , 7.767175900000001","47.1396012 , 7.929052400000001",rural-rural,rural,1941,"{""sample_routes"":{""date"":""2026-10-06"",""run_id"":""40f0434126ae436fb4303209904a3f6a""},""join_samples"":{""date"":""2026-10-06"",""run_id"":""f6b44811a3a04e82892b6b92b821b08c""}}"
435,435,"46.751477 , 9.2164073","46.7510138 , 9.4241337",rural-rural,rural,1941,"{""sample_routes"":{""date"":""2026-10-06"",""run_id"":""40f0434126ae436fb4303209904a3f6a""},""join_samples"":{""date"":""2026-10-06"",""run_id"":""f6b44811a3a04e82892b6b92b821b08c""}}"
436,436,"47.283737300000006 , 9.528436000000001","47.2834761 , 9.4257851",rural-rural,rural,1658,"{""sample_routes"":{""date"":""2026-10-06"",""run_id"":""40f0434126ae436fb4303209904a3f6a""},""join_samples"":{""date"":""2026-10-06"",""run_id"":""f6b44811a3a04e82892b6b92b821b08c""}}"
437,437,"47.257354 , 9.49756","47.356947700000006 , 9.3980811",rural-rural,rural,1942,"{""sample_routes"":{""date"":""2026-10-06"",""run_id"":""40f0434126ae436fb4303209904a3f6a""},""join_samples"":{""date"":""2026-10-06"",""run_id"":""f6b44811a3a04e82892b6b92b821b08c""}}"
438,438,"47.026059000000004 , 9.5137028","47.2063265 , 9.3334398",rural-rural,rural,1946,"{""sample_routes"":{""date"":""2026-10-06"",""run_id"":""40f0434126ae436fb4303209904a3f6a""},""join_samples"":{""date"":""2026-10-06"",""run_id"":""f6b44811a3a04e82892b6b92b821b08c""}}"
439,439,"47.316529300000006 , 7.6701027","47.3171705 , 7.3821824000000005",rural-rural,rural,1654,"{""sample_routes"":{""date"":""2026-10-06"",""run_id"":""40f0434126ae436fb4303209904a3f6a""},""join_samples"":{""date"":""2026-10-06"",""run_id"":""f6b44811a3a04e82892b6b92b821b08c""}}"
440,440,"46.8282558 , 7.243674700000001","46.8277111 , 7.538636",rural-rural,rural,1948,"{""sample_routes"":{""date"":""2026-10-06"",""run_id"":""40f0434126ae436fb4303209904a3f6a""},""join_samples"":{""date"":""2026-10-06"",""run_id"":""f6b44811a3a04e82892b6b92b821b08c""}}"
441,441,"47.4544286 , 7.740780600000001","47.3629669 , 7.6487252",rural-rural,rural,1949,"{""sample_routes"":{""date"":""2026-10-06"",""run_id"":""40f0434126ae436fb4303209904a3f6a""},""join_samples"":{""date"":""2026-10-06"",""run_id"":""f6b44811a3a04e82892b6b92b821b08c""}}"
442,442,"46.864350400000006 , 8.230303000000001","46.7008832 , 8.230825300000001",rural-rural,rural,1950,"{""sample_routes"":{""date"":""2026-10-06"",""run_id"":""40f0434126ae436fb4303209904a3f6a""},""join_samples"":{""date"":""2026-10-06"",""run_id"":""f6b44811a3a04e82892b6b92b821b08c""}}"
443,443,"46.725857600000005 , 6.4426607","46.5126672 , 6.442176000000001",rural-rural,rural,1953,"{""sample_routes"":{""date"":""2026-10-06"",""run_id"":""40f0434126ae436fb4303209904a3f6a""},""join_samples"":{""date"":""2026-10-06"",""run_id"":""f6b44811a3a04e82892b6b92b821b08c""}}"
444,444,"47.185613800000006 , 8.004936800000001","47.1861198 , 7.7591171",rural-rural,rural,1647,"{""sample_routes"":{""date"":""2026-10-06"",""run_id"":""40f0434126ae436fb4303209904a3f6a""},""join_samples"":{""date"":""2026-10-06"",""run_id"":""f6b44811a3a04e82892b6b92b821b08c""}}"
445,445,"47.1519678 , 8.7849228","47.151689100000006 , 8.6087203",rural-rural,rural,1645,"{""sample_routes"":{""date"":""2026-10-06"",""run_id"":""40f0434126ae436fb4303209904a3f6a""},""join_samples"":{""date"":""2026-10-06"",""run_id"":""f6b44811a3a04e82892b6b92b821b08c""}}"
446,446,"47.0845812 , 9.090250300000001","47.2857756 , 8.8885792",rural-rural,rural,1956,"{""sample_routes"":{""date"":""2026-10-06"",""run_id"":""40f0434126ae436fb4303209904a3f6a""},""join_samples"":{""date"":""2026-10-06"",""run_id"":""f6b44811a3a04e82892b6b92b821b08c""}}"
447,447,"47.1730712 , 8.9022728","47.3663346 , 8.9028949",rural-rural,rural,1958,"{""sample_routes"":{""date"":""2026-10-06"",""run_id"":""40f0434126ae436fb4303209904a3f6a""},""join_samples"":{""date"":""2026-10-06"",""run_id"":""f6b44811a3a04e82892b6b92b821b08c""}}"
448,448,"47.3594549 , 9.444697300000001","47.3593388 , 9.1688244",rural-rural,rural,1959,"{""sample_routes"":{""date"":""2026-10-06"",""run_id"":""40f0434126ae436fb4303209904a3f6a""},""join_samples"":{""date"":""2026-10-06"",""run_id"":""f6b44811a3a04e82892b6b92b821b08c""}}"
449,449,"47.535696800000004 , 8.523387600000001","47.6567802 , 8.6450726",rural-rural,rural,1959,"{""sample_routes"":{""date"":""2026-10-06"",""run_id"":""40f0434126ae436fb4303209904a3f6a""},""join_samples"":{""date"":""2026-10-06"",""run_id"":""f6b44811a3a04e82892b6b92b821b08c""}}"
450,450,"45.897549700000006 , 7.1872987","45.969256300000005 , 7.115245300000001",rural-rural,rural,1639,"{""sample_routes"":{""date"":""2026-10-06"",""run_id"":""40f0434126ae436fb4303209904a3f6a""},""join_samples"":{""date"":""2026-10-06"",""run_id"":""f6b44811a3a04e82892b6b92b821b08c""}}"
451,451,"46.751353900000005 , 6.499793","46.8860668 , 6.6346961",rural-rural,rural,1962,"{""sample_routes"":{""date"":""2026-10-06"",""run_id"":""40f0434126ae436fb4303209904a3f6a""},""join_samples"":{""date"":""2026-10-06"",""run_id"":""f6b44811a3a04e82892b6b92b821b08c""}}"
452,452,"46.808711300000006 , 8.0576968","47.029316200000004 , 8.0570904",rural-rural,rural,1962,"{""sample_routes"":{""date"":""2026-10-06"",""run_id"":""40f0434126ae436fb4303209904a3f6a""},""join_samples"":{""date"":""2026-10-06"",""run_id"":""f6b44811a3a04e82892b6b92b821b08c""}}"
453,453,"47.421689900000004 , 7.4935841000000005","47.4214515 , 7.3802596000000005",rural-rural,rural,1638,"{""sample_routes"":{""date"":""2026-10-06"",""run_id"":""40f0434126ae436fb4303209904a3f6a""},""join_samples"":{""date"":""2026-10-06"",""run_id"":""f6b44811a3a04e82892b6b92b821b08c""}}"
454,454,"47.3624409 , 9.258418500000001","47.183643200000006 , 9.2590117",rural-rural,rural,1962,"{""sample_routes"":{""date"":""2026-10-06"",""run_id"":""40f0434126ae436fb4303209904a3f6a""},""join_samples"":{""date"":""2026-10-06"",""run_id"":""f6b44811a3a04e82892b6b92b821b08c""}}"
455,455,"46.305072 , 7.6964294","46.194879 , 7.586846",rural-rural,rural,1964,"{""sample_routes"":{""date"":""2026-10-06"",""run_id"":""40f0434126ae436fb4303209904a3f6a""},""join_samples"":{""date"":""2026-10-06"",""run_id"":""f6b44811a3a04e82892b6b92b821b08c""}}"
456,456,"47.5451786 , 8.457875900000001","47.545583500000006 , 8.1891952",rural-rural,rural,1967,"{""sample_routes"":{""date"":""2026-10-06"",""run_id"":""40f0434126ae436fb4303209904a3f6a""},""join_samples"":{""date"":""2026-10-06"",""run_id"":""f6b44811a3a04e82892b6b92b821b08c""}}"
457,457,"47.0903536 , 7.597346600000001","47.2977361 , 7.597535000000001",rural-rural,rural,1972,"{""sample_routes"":{""date"":""2026-10-06"",""run_id"":""40f0434126ae436fb4303209904a3f6a""},""join_samples"":{""date"":""2026-10-06"",""run_id"":""f6b44811a3a04e82892b6b92b821b08c""}}"
458,458,"46.815961900000005 , 7.2245482","46.950244500000004 , 7.0897034",rural-rural,rural,1973,"{""sample_routes"":{""date"":""2026-10-06"",""run_id"":""40f0434126ae436fb4303209904a3f6a""},""join_samples"":{""date"":""2026-10-06"",""run_id"":""f6b44811a3a04e82892b6b92b821b08c""}}"
459,459,"46.8166133 , 7.4947593","46.816844 , 7.6347082",rural-rural,rural,1624,"{""sample_routes"":{""date"":""2026-10-06"",""run_id"":""40f0434126ae436fb4303209904a3f6a""},""join_samples"":{""date"":""2026-10-06"",""run_id"":""f6b44811a3a04e82892b6b92b821b08c""}}"
460,460,"46.6549143 , 6.833480600000001","46.8435354 , 6.8337449",rural-rural,rural,1977,"{""sample_routes"":{""date"":""2026-10-06"",""run_id"":""40f0434126ae436fb4303209904a3f6a""},""join_samples"":{""date"":""2026-10-06"",""run_id"":""f6b44811a3a04e82892b6b92b821b08c""}}"
461,461,"47.439307 , 7.5803542","47.3173967 , 7.702086400000001",rural-rural,rural,1980,"{""sample_routes"":{""date"":""2026-10-06"",""run_id"":""40f0434126ae436fb4303209904a3f6a""},""join_samples"":{""date"":""2026-10-06"",""run_id"":""f6b44811a3a04e82892b6b92b821b08c""}}"
462,462,"47.2379149 , 8.1786721","47.2380695 , 7.8745852",urban-rural,rural,1980,"{""sample_routes"":{""date"":""2026-10-06"",""run_id"":""40f0434126ae436fb4303209904a3f6a""},""join_samples"":{""date"":""2026-10-06"",""run_id"":""f6b44811a3a04e82892b6b92b821b08c""}}"
463,463,"47.3762751 , 7.7469128000000005","47.472339500000004 , 7.6502673",rural-rural,rural,1616,"{""sample_routes"":{""date"":""2026-10-06"",""run_id"":""40f0434126ae436fb4303209904a3f6a""},""join_samples"":{""date"":""2026-10-06"",""run_id"":""f6b44811a3a04e82892b6b92b821b08c""}}"
464,464,"47.100247800000005 , 8.201721800000001","47.099677 , 7.918874700000001",rural-rural,rural,1988,"{""sample_routes"":{""date"":""2026-10-06"",""run_id"":""40f0434126ae436fb4303209904a3f6a""},""join_samples"":{""date"":""2026-10-06"",""run_id"":""f6b44811a3a04e82892b6b92b821b08c""}}"
465,465,"47.256557300000004 , 7.8173801","47.2569534 , 8.044042000000001",rural-rural,rural,1611,"{""sample_routes"":{""date"":""2026-10-06"",""run_id"":""40f0434126ae436fb4303209904a3f6a""},""join_samples"":{""date"":""2026-10-06"",""run_id"":""f6b44811a3a04e82892b6b92b821b08c""}}"
466,466,"47.377104900000006 , 9.1167713","47.376495600000005 , 9.4052416",rural-rural,rural,2000,"{""sample_routes"":{""date"":""2026-10-06"",""run_id"":""40f0434126ae436fb4303209904a3f6a""},""join_samples"":{""date"":""2026-10-06"",""run_id"":""f6b44811a3a04e82892b6b92b821b08c""}}"
467,467,"46.5120744 , 6.8466165000000005","46.6529328 , 6.705497200000001",rural-rural,rural,2000,"{""sample_routes"":{""date"":""2026-10-06"",""run_id"":""40f0434126ae436fb4303209904a3f6a""},""join_samples"":{""date"":""2026-10-06"",""run_id"":""f6b44811a3a04e82892b6b92b821b08c""}}"
468,468,"46.756326800000004 , 8.1389549","46.8859093 , 8.1383689",rural-rural,rural,2001,"{""sample_routes"":{""date"":""2026-10-06"",""run_id"":""40f0434126ae436fb4303209904a3f6a""},""join_samples"":{""date"":""2026-10-06"",""run_id"":""f6b44811a3a04e82892b6b92b821b08c""}}"
469,469,"46.925566800000006 , 8.122446","46.9257798 , 8.2982548",rural-rural,rural,1593,"{""sample_routes"":{""date"":""2026-10-06"",""run_id"":""40f0434126ae436fb4303209904a3f6a""},""join_samples"":{""date"":""2026-10-06"",""run_id"":""f6b44811a3a04e82892b6b92b821b08c""}}"
470,470,"46.4614156 , 6.2174601","46.5988887 , 6.218038900000001",rural-rural,rural,2007,"{""sample_routes"":{""date"":""2026-10-06"",""run_id"":""40f0434126ae436fb4303209904a3f6a""},""join_samples"":{""date"":""2026-10-06"",""run_id"":""f6b44811a3a04e82892b6b92b821b08c""}}"
471,471,"47.410868 , 7.8724623000000005","47.190049900000005 , 7.651274600000001",rural-rural,rural,2008,"{""sample_routes"":{""date"":""2026-10-06"",""run_id"":""40f0434126ae436fb4303209904a3f6a""},""join_samples"":{""date"":""2026-10-06"",""run_id"":""f6b44811a3a04e82892b6b92b821b08c""}}"
472,472,"47.228384500000004 , 9.0042785","47.393123800000005 , 9.004877200000001",urban-rural,rural,2010,"{""sample_routes"":{""date"":""2026-10-06"",""run_id"":""40f0434126ae436fb4303209904a3f6a""},""join_samples"":{""date"":""2026-10-06"",""run_id"":""f6b44811a3a04e82892b6b92b821b08c""}}"
473,473,"47.2595231 , 8.1659963","47.105202000000006 , 8.012063000000001",urban-rural,rural,2012,"{""sample_routes"":{""date"":""2026-10-06"",""run_id"":""40f0434126ae436fb4303209904a3f6a""},""join_samples"":{""date"":""2026-10-06"",""run_id"":""f6b44811a3a04e82892b6b92b821b08c""}}"
474,474,"47.1039199 , 8.2017667","47.213405 , 8.311343200000001",rural-rural,rural,1587,"{""sample_routes"":{""date"":""2026-10-06"",""run_id"":""40f0434126ae436fb4303209904a3f6a""},""join_samples"":{""date"":""2026-10-06"",""run_id"":""f6b44811a3a04e82892b6b92b821b08c""}}"
475,475,"46.2077006 , 9.0301798","46.407172800000005 , 9.229760800000001",urban-rural,rural,1585,"{""sample_routes"":{""date"":""2026-10-06"",""run_id"":""40f0434126ae436fb4303209904a3f6a""},""join_samples"":{""date"":""2026-10-06"",""run_id"":""f6b44811a3a04e82892b6b92b821b08c""}}"
476,476,"47.113979300000004 , 7.8484138","47.1142053 , 8.2004356",rural-rural,rural,2015,"{""sample_routes"":{""date"":""2026-10-06"",""run_id"":""40f0434126ae436fb4303209904a3f6a""},""join_samples"":{""date"":""2026-10-06"",""run_id"":""f6b44811a3a04e82892b6b92b821b08c""}}"
477,477,"46.862381500000005 , 7.1248092000000005","46.862691000000005 , 7.4752184",rural-rural,rural,2016,"{""sample_routes"":{""date"":""2026-10-06"",""run_id"":""40f0434126ae436fb4303209904a3f6a""},""join_samples"":{""date"":""2026-10-06"",""run_id"":""f6b44811a3a04e82892b6b92b821b08c""}}"
478,478,"47.681768100000006 , 8.6199175","47.4685787 , 8.6202735",urban-rural,rural,2016,"{""sample_routes"":{""date"":""2026-10-06"",""run_id"":""40f0434126ae436fb4303209904a3f6a""},""join_samples"":{""date"":""2026-10-06"",""run_id"":""f6b44811a3a04e82892b6b92b821b08c""}}"
479,479,"46.614042700000006 , 7.0566702","46.721961400000005 , 6.948281000000001",urban-rural,rural,1582,"{""sample_routes"":{""date"":""2026-10-06"",""run_id"":""40f0434126ae436fb4303209904a3f6a""},""join_samples"":{""date"":""2026-10-06"",""run_id"":""f6b44811a3a04e82892b6b92b821b08c""}}"
480,480,"47.6362736 , 9.2065316","47.4321676 , 9.2063103",urban-urban,rural,2019,"{""sample_routes"":{""date"":""2026-10-06"",""run_id"":""40f0434126ae436fb4303209904a3f6a""},""join_samples"":{""date"":""2026-10-06"",""run_id"":""f6b44811a3a04e82892b6b92b821b08c""}}"
481,481,"46.1833972 , 7.288421100000001","46.183826 , 7.437342200000001",rural-rural,rural,2021,"{""sample_routes"":{""date"":""2026-10-06"",""run_id"":""40f0434126ae436fb4303209904a3f6a""},""join_samples"":{""date"":""2026-10-06"",""run_id"":""f6b44811a3a04e82892b6b92b821b08c""}}"
482,482,"47.2129367 , 9.029351","47.452781800000004 , 9.029957900000001",rural-urban,rural,2022,"{""sample_routes"":{""date"":""2026-10-06"",""run_id"":""40f0434126ae436fb4303209904a3f6a""},""join_samples"":{""date"":""2026-10-06"",""run_id"":""f6b44811a3a04e82892b6b92b821b08c""}}"
483,483,"46.658154100000004 , 7.4732123","46.6586988 , 7.8149655000000005",rural-rural,rural,1578,"{""sample_routes"":{""date"":""2026-10-06"",""run_id"":""40f0434126ae436fb4303209904a3f6a""},""join_samples"":{""date"":""2026-10-06"",""run_id"":""f6b44811a3a04e82892b6b92b821b08c""}}"
484,484,"46.6238843 , 7.377618900000001","46.753975100000005 , 7.5071456",rural-rural,rural,2022,"{""sample_routes"":{""date"":""2026-10-06"",""run_id"":""40f0434126ae436fb4303209904a3f6a""},""join_samples"":{""date"":""2026-10-06"",""run_id"":""f6b44811a3a04e82892b6b92b821b08c""}}"
485,485,"47.490388800000005 , 9.551947700000001","47.2111293 , 9.552185300000001",rural-rural,rural,2026,"{""sample_routes"":{""date"":""2026-10-06"",""run_id"":""40f0434126ae436fb4303209904a3f6a""},""join_samples"":{""date"":""2026-10-06"",""run_id"":""f6b44811a3a04e82892b6b92b821b08c""}}"
486,486,"46.6702317 , 6.800560600000001","46.8043624 , 6.800206500000001",rural-rural,rural,2027,"{""sample_routes"":{""date"":""2026-10-06"",""run_id"":""40f0434126ae436fb4303209904a3f6a""},""join_samples"":{""date"":""2026-10-06"",""run_id"":""f6b44811a3a04e82892b6b92b821b08c""}}"
487,487,"46.946045100000006 , 7.1458085","47.1392182 , 7.3383586",urban-rural,rural,2028,"{""sample_routes"":{""date"":""2026-10-06"",""run_id"":""40f0434126ae436fb4303209904a3f6a""},""join_samples"":{""date"":""2026-10-06"",""run_id"":""f6b44811a3a04e82892b6b92b821b08c""}}"
488,488,"46.7458508 , 6.929921","46.7453743 , 7.210193200000001",rural-rural,rural,2029,"{""sample_routes"":{""date"":""2026-10-06"",""run_id"":""40f0434126ae436fb4303209904a3f6a""},""join_samples"":{""date"":""2026-10-06"",""run_id"":""f6b44811a3a04e82892b6b92b821b08c""}}"
489,489,"47.2537084 , 9.304100400000001","47.2543322 , 8.9444157",rural-rural,rural,2031,"{""sample_routes"":{""date"":""2026-10-06"",""run_id"":""40f0434126ae436fb4303209904a3f6a""},""join_samples"":{""date"":""2026-10-06"",""run_id"":""f6b44811a3a04e82892b6b92b821b08c""}}"
490,490,"47.337655000000005 , 7.600837800000001","47.4784814 , 7.741210000000001",rural-urban,rural,2033,"{""sample_routes"":{""date"":""2026-10-06"",""run_id"":""40f0434126ae436fb4303209904a3f6a""},""join_samples"":{""date"":""2026-10-06"",""run_id"":""f6b44811a3a04e82892b6b92b821b08c""}}"
491,491,"47.4286558 , 7.8967685","47.5296846 , 7.9980098",rural-rural,rural,1566,"{""sample_routes"":{""date"":""2026-10-06"",""run_id"":""40f0434126ae436fb4303209904a3f6a""},""join_samples"":{""date"":""2026-10-06"",""run_id"":""f6b44811a3a04e82892b6b92b821b08c""}}"
492,492,"47.3524675 , 7.4142014000000005","47.352385500000004 , 7.766032200000001",rural-rural,rural,2036,"{""sample_routes"":{""date"":""2026-10-06"",""run_id"":""40f0434126ae436fb4303209904a3f6a""},""join_samples"":{""date"":""2026-10-06"",""run_id"":""f6b44811a3a04e82892b6b92b821b08c""}}"
493,493,"46.534673500000004 , 6.6208083","46.681034700000005 , 6.767252900000001",urban-rural,rural,1551,"{""sample_routes"":{""date"":""2026-10-06"",""run_id"":""40f0434126ae436fb4303209904a3f6a""},""join_samples"":{""date"":""2026-10-06"",""run_id"":""f6b44811a3a04e82892b6b92b821b08c""}}"
494,494,"47.1719116 , 8.1114101","47.3493585 , 8.289080100000001",urban-urban,rural,2050,"{""sample_routes"":{""date"":""2026-10-06"",""run_id"":""40f0434126ae436fb4303209904a3f6a""},""join_samples"":{""date"":""2026-10-06"",""run_id"":""f6b44811a3a04e82892b6b92b821b08c""}}"
495,495,"46.723632800000004 , 7.1037277","46.845665200000006 , 6.981525",rural-rural,rural,1548,"{""sample_routes"":{""date"":""2026-10-06"",""run_id"":""40f0434126ae436fb4303209904a3f6a""},""join_samples"":{""date"":""2026-10-06"",""run_id"":""f6b44811a3a04e82892b6b92b821b08c""}}"
496,496,"46.744330000000005 , 9.9888569","46.744267400000005 , 9.908067200000001",rural-rural,rural,1547,"{""sample_routes"":{""date"":""2026-10-06"",""run_id"":""40f0434126ae436fb4303209904a3f6a""},""join_samples"":{""date"":""2026-10-06"",""run_id"":""f6b44811a3a04e82892b6b92b821b08c""}}"
497,497,"46.771034500000006 , 6.644433200000001","46.5899274 , 6.644622",urban-rural,rural,1545,"{""sample_routes"":{""date"":""2026-10-06"",""run_id"":""40f0434126ae436fb4303209904a3f6a""},""join_samples"":{""date"":""2026-10-06"",""run_id"":""f6b44811a3a04e82892b6b92b821b08c""}}"
498,498,"47.32687120000001 , 8.208684400000001","47.4180743 , 8.300411200000001",rural-urban,rural,1538,"{""sample_routes"":{""date"":""2026-10-06"",""run_id"":""40f0434126ae436fb4303209904a3f6a""},""join_samples"":{""date"":""2026-10-06"",""run_id"":""f6b44811a3a04e82892b6b92b821b08c""}}"
499,499,"47.440591600000005 , 8.3627752","47.5527955 , 8.474564",urban-rural,rural,1531,"{""sample_routes"":{""date"":""2026-10-06"",""run_id"":""40f0434126ae436fb4303209904a3f6a""},""join_samples"":{""date"":""2026-10-06"",""run_id"":""f6b44811a3a04e82892b6b92b821b08c""}}"
500,500,"46.8902111 , 6.9409171","46.890760500000006 , 7.228833300000001",rural-rural,rural,2069,"{""sample_routes"":{""date"":""2026-10-06"",""run_id"":""40f0434126ae436fb4303209904a3f6a""},""join_samples"":{""date"":""2026-10-06"",""run_id"":""f6b44811a3a04e82892b6b92b821b08c""}}"
501,0,"47.5450979 , 8.8673845","47.289284900000006 , 8.611276",urban-urban,urban,2697,"{""sample_routes"":{""date"":""2026-10-06"",""run_id"":""40f0434126ae436fb4303209904a3f6a""},""join_samples"":{""date"":""2026-10-06"",""run_id"":""f6b44811a3a04e82892b6b92b821b08c""}}"
502,1,"47.519444400000005 , 8.7215582","47.5186191 , 8.190262500000001",urban-rural,urban,2693,"{""sample_routes"":{""date"":""2026-10-06"",""run_id"":""40f0434126ae436fb4303209904a3f6a""},""join_samples"":{""date"":""2026-10-06"",""run_id"":""f6b44811a3a04e82892b6b92b821b08c""}}"
503,2,"47.495764300000005 , 8.4489797","47.2584585 , 8.687069900000001",rural-urban,urban,2693,"{""sample_routes"":{""date"":""2026-10-06"",""run_id"":""40f0434126ae436fb4303209904a3f6a""},""join_samples"":{""date"":""2026-10-06"",""run_id"":""f6b44811a3a04e82892b6b92b821b08c""}}"
504,3,"47.205435200000004 , 8.7037245","47.606355900000004 , 8.7042219",urban-rural,urban,2708,"{""sample_routes"":{""date"":""2026-10-06"",""run_id"":""40f0434126ae436fb4303209904a3f6a""},""join_samples"":{""date"":""2026-10-06"",""run_id"":""f6b44811a3a04e82892b6b92b821b08c""}}"
505,4,"47.1933172 , 8.636878900000001","47.530791400000005 , 8.6359141",rural-rural,urban,2709,"{""sample_routes"":{""date"":""2026-10-06"",""run_id"":""40f0434126ae436fb4303209904a3f6a""},""join_samples"":{""date"":""2026-10-06"",""run_id"":""f6b44811a3a04e82892b6b92b821b08c""}}"
506,5,"47.552012000000005 , 8.882522400000001","47.2828838 , 8.613330900000001",urban-urban,urban,2710,"{""sample_routes"":{""date"":""2026-10-06"",""run_id"":""40f0434126ae436fb4303209904a3f6a""},""join_samples"":{""date"":""2026-10-06"",""run_id"":""f6b44811a3a04e82892b6b92b821b08c""}}"
507,6,"47.5024031 , 8.606244400000001","47.1724638 , 8.6054583",urban-rural,urban,2713,"{""sample_routes"":{""date"":""2026-10-06"",""run_id"":""40f0434126ae436fb4303209904a3f6a""},""join_samples"":{""date"":""2026-10-06"",""run_id"":""f6b44811a3a04e82892b6b92b821b08c""}}"
508,7,"47.249890300000004 , 8.841396000000001","47.5823249 , 8.8406483",urban-rural,urban,2686,"{""sample_routes"":{""date"":""2026-10-06"",""run_id"":""40f0434126ae436fb4303209904a3f6a""},""join_samples"":{""date"":""2026-10-06"",""run_id"":""f6b44811a3a04e82892b6b92b821b08c""}}"
509,8,"46.7418988 , 7.6278385","47.121005000000004 , 7.2482959000000005",urban-urban,urban,2682,"{""sample_routes"":{""date"":""2026-10-06"",""run_id"":""40f0434126ae436fb4303209904a3f6a""},""join_samples"":{""date"":""2026-10-06"",""run_id"":""f6b44811a3a04e82892b6b92b821b08c""}}"
510,9,"47.029048800000005 , 7.6296898","46.702980800000006 , 7.6292612",rural-rural,urban,2681,"{""sample_routes"":{""date"":""2026-10-06"",""run_id"":""40f0434126ae436fb4303209904a3f6a""},""join_samples"":{""date"":""2026-10-06"",""run_id"":""f6b44811a3a04e82892b6b92b821b08c""}}"
511,10,"47.4926638 , 8.7123754","47.1413692 , 8.7126898",urban-rural,urban,2681,"{""sample_routes"":{""date"":""2026-10-06"",""run_id"":""40f0434126ae436fb4303209904a3f6a""},""join_samples"":{""date"":""2026-10-06"",""run_id"":""f6b44811a3a04e82892b6b92b821b08c""}}"
512,11,"47.5214888 , 8.7962194","47.2504469 , 8.524418",rural-rural,urban,2678,"{""sample_routes"":{""date"":""2026-10-06"",""run_id"":""40f0434126ae436fb4303209904a3f6a""},""join_samples"":{""date"":""2026-10-06"",""run_id"":""f6b44811a3a04e82892b6b92b821b08c""}}"
513,12,"47.240510400000005 , 8.728844","47.5068342 , 8.4619728",urban-rural,urban,2673,"{""sample_routes"":{""date"":""2026-10-06"",""run_id"":""40f0434126ae436fb4303209904a3f6a""},""join_samples"":{""date"":""2026-10-06"",""run_id"":""f6b44811a3a04e82892b6b92b821b08c""}}"
514,13,"47.307347500000006 , 8.597371200000001","47.587541 , 8.877805500000001",urban-rural,urban,2670,"{""sample_routes"":{""date"":""2026-10-06"",""run_id"":""40f0434126ae436fb4303209904a3f6a""},""join_samples"":{""date"":""2026-10-06"",""run_id"":""f6b44811a3a04e82892b6b92b821b08c""}}"
515,14,"47.2528731 , 8.6070787","47.560909800000005 , 8.606980100000001",urban-rural,urban,2731,"{""sample_routes"":{""date"":""2026-10-06"",""run_id"":""40f0434126ae436fb4303209904a3f6a""},""join_samples"":{""date"":""2026-10-06"",""run_id"":""f6b44811a3a04e82892b6b92b821b08c""}}"
516,15,"47.213511200000006 , 8.7000273","47.5405455 , 8.3738016",urban-rural,urban,2667,"{""sample_routes"":{""date"":""2026-10-06"",""run_id"":""40f0434126ae436fb4303209904a3f6a""},""join_samples"":{""date"":""2026-10-06"",""run_id"":""f6b44811a3a04e82892b6b92b821b08c""}}"
517,16,"47.3405344 , 8.7346702","47.341181000000006 , 8.1157731",urban-rural,urban,2734,"{""sample_routes"":{""date"":""2026-10-06"",""run_id"":""40f0434126ae436fb4303209904a3f6a""},""join_samples"":{""date"":""2026-10-06"",""run_id"":""f6b44811a3a04e82892b6b92b821b08c""}}"
518,17,"47.511619 , 8.5200409","47.1378579 , 8.8944577",urban-rural,urban,2736,"{""sample_routes"":{""date"":""2026-10-06"",""run_id"":""40f0434126ae436fb4303209904a3f6a""},""join_samples"":{""date"":""2026-10-06"",""run_id"":""f6b44811a3a04e82892b6b92b821b08c""}}"
519,18,"47.4069214 , 8.7160343","47.1438184 , 8.715941",rural-rural,urban,2664,"{""sample_routes"":{""date"":""2026-10-06"",""run_id"":""40f0434126ae436fb4303209904a3f6a""},""join_samples"":{""date"":""2026-10-06"",""run_id"":""f6b44811a3a04e82892b6b92b821b08c""}}"
520,19,"47.537454000000004 , 8.6516254","47.1841731 , 8.652208",rural-rural,urban,2662,"{""sample_routes"":{""date"":""2026-10-06"",""run_id"":""40f0434126ae436fb4303209904a3f6a""},""join_samples"":{""date"":""2026-10-06"",""run_id"":""f6b44811a3a04e82892b6b92b821b08c""}}"
521,20,"47.240819800000004 , 8.9385685","47.524846200000006 , 8.6543843",rural-rural,urban,2739,"{""sample_routes"":{""date"":""2026-10-06"",""run_id"":""40f0434126ae436fb4303209904a3f6a""},""join_samples"":{""date"":""2026-10-06"",""run_id"":""f6b44811a3a04e82892b6b92b821b08c""}}"
522,21,"47.254160000000006 , 8.606381","47.561013 , 8.606436200000001",urban-rural,urban,2742,"{""sample_routes"":{""date"":""2026-10-06"",""run_id"":""40f0434126ae436fb4303209904a3f6a""},""join_samples"":{""date"":""2026-10-06"",""run_id"":""f6b44811a3a04e82892b6b92b821b08c""}}"
523,22,"47.505062800000005 , 8.7173835","47.1486199 , 8.7169597",urban-rural,urban,2658,"{""sample_routes"":{""date"":""2026-10-06"",""run_id"":""40f0434126ae436fb4303209904a3f6a""},""join_samples"":{""date"":""2026-10-06"",""run_id"":""f6b44811a3a04e82892b6b92b821b08c""}}"
524,23,"47.4879498 , 8.7165589","47.145361 , 8.7158906",urban-rural,urban,2658,"{""sample_routes"":{""date"":""2026-10-06"",""run_id"":""40f0434126ae436fb4303209904a3f6a""},""join_samples"":{""date"":""2026-10-06"",""run_id"":""f6b44811a3a04e82892b6b92b821b08c""}}"
525,24,"47.2210417 , 8.6319468","47.5550173 , 8.6326186",rural-rural,urban,2655,"{""sample_routes"":{""date"":""2026-10-06"",""run_id"":""40f0434126ae436fb4303209904a3f6a""},""join_samples"":{""date"":""2026-10-06"",""run_id"":""f6b44811a3a04e82892b6b92b821b08c""}}"
526,25,"47.2645537 , 8.849868500000001","47.6069836 , 8.5064553",urban-rural,urban,2650,"{""sample_routes"":{""date"":""2026-10-06"",""run_id"":""40f0434126ae436fb4303209904a3f6a""},""join_samples"":{""date"":""2026-10-06"",""run_id"":""f6b44811a3a04e82892b6b92b821b08c""}}"
527,26,"47.4873873 , 8.768477200000001","47.488108100000005 , 8.182253900000001",urban-urban,urban,2646,"{""sample_routes"":{""date"":""2026-10-06"",""run_id"":""40f0434126ae436fb4303209904a3f6a""},""join_samples"":{""date"":""2026-10-06"",""run_id"":""f6b44811a3a04e82892b6b92b821b08c""}}"
528,27,"47.3730003 , 8.893147800000001","47.372165 , 8.3598967",rural-urban,urban,2645,"{""sample_routes"":{""date"":""2026-10-06"",""run_id"":""40f0434126ae436fb4303209904a3f6a""},""join_samples"":{""date"":""2026-10-06"",""run_id"":""f6b44811a3a04e82892b6b92b821b08c""}}"
529,28,"47.524440000000006 , 8.5824289","47.2067988 , 8.5821266",urban-rural,urban,2645,"{""sample_routes"":{""date"":""2026-10-06"",""run_id"":""40f0434126ae436fb4303209904a3f6a""},""join_samples"":{""date"":""2026-10-06"",""run_id"":""f6b44811a3a04e82892b6b92b821b08c""}}"
530,29,"47.502084200000006 , 8.7880199","47.243117600000005 , 8.5286279",urban-rural,urban,2755,"{""sample_routes"":{""date"":""2026-10-06"",""run_id"":""40f0434126ae436fb4303209904a3f6a""},""join_samples"":{""date"":""2026-10-06"",""run_id"":""f6b44811a3a04e82892b6b92b821b08c""}}"
531,30,"47.4962625 , 8.7234535","47.1464182 , 8.7239266",urban-rural,urban,2759,"{""sample_routes"":{""date"":""2026-10-06"",""run_id"":""40f0434126ae436fb4303209904a3f6a""},""join_samples"":{""date"":""2026-10-06"",""run_id"":""f6b44811a3a04e82892b6b92b821b08c""}}"
532,31,"47.243905100000006 , 8.7224432","47.2429872 , 8.4688576",urban-rural,urban,2641,"{""sample_routes"":{""date"":""2026-10-06"",""run_id"":""40f0434126ae436fb4303209904a3f6a""},""join_samples"":{""date"":""2026-10-06"",""run_id"":""f6b44811a3a04e82892b6b92b821b08c""}}"
533,32,"47.0315341 , 7.6286455","46.702980800000006 , 7.6292612",rural-rural,urban,2640,"{""sample_routes"":{""date"":""2026-10-06"",""run_id"":""40f0434126ae436fb4303209904a3f6a""},""join_samples"":{""date"":""2026-10-06"",""run_id"":""f6b44811a3a04e82892b6b92b821b08c""}}"
534,33,"47.4799913 , 8.776665900000001","47.230122800000004 , 8.5274756",urban-rural,urban,2767,"{""sample_routes"":{""date"":""2026-10-06"",""run_id"":""40f0434126ae436fb4303209904a3f6a""},""join_samples"":{""date"":""2026-10-06"",""run_id"":""f6b44811a3a04e82892b6b92b821b08c""}}"
535,34,"47.433474600000004 , 8.691464700000001","47.183038700000004 , 8.9428743",urban-rural,urban,2632,"{""sample_routes"":{""date"":""2026-10-06"",""run_id"":""40f0434126ae436fb4303209904a3f6a""},""join_samples"":{""date"":""2026-10-06"",""run_id"":""f6b44811a3a04e82892b6b92b821b08c""}}"
536,35,"47.2653157 , 8.5831806","47.5291233 , 8.8464728",urban-rural,urban,2627,"{""sample_routes"":{""date"":""2026-10-06"",""run_id"":""40f0434126ae436fb4303209904a3f6a""},""join_samples"":{""date"":""2026-10-06"",""run_id"":""f6b44811a3a04e82892b6b92b821b08c""}}"
537,36,"47.5755557 , 8.6701032","47.177526 , 8.6710524",rural-rural,urban,2776,"{""sample_routes"":{""date"":""2026-10-06"",""run_id"":""40f0434126ae436fb4303209904a3f6a""},""join_samples"":{""date"":""2026-10-06"",""run_id"":""f6b44811a3a04e82892b6b92b821b08c""}}"
538,37,"47.0887262 , 7.2940177","46.6657324 , 7.7171085",urban-rural,urban,2624,"{""sample_routes"":{""date"":""2026-10-06"",""run_id"":""40f0434126ae436fb4303209904a3f6a""},""join_samples"":{""date"":""2026-10-06"",""run_id"":""f6b44811a3a04e82892b6b92b821b08c""}}"
539,38,"47.499314700000006 , 8.4770714","47.235245000000006 , 8.7415894",rural-urban,urban,2624,"{""sample_routes"":{""date"":""2026-10-06"",""run_id"":""40f0434126ae436fb4303209904a3f6a""},""join_samples"":{""date"":""2026-10-06"",""run_id"":""f6b44811a3a04e82892b6b92b821b08c""}}"
540,39,"47.505070100000005 , 8.696266300000001","47.5059933 , 8.191618400000001",urban-rural,urban,2623,"{""sample_routes"":{""date"":""2026-10-06"",""run_id"":""40f0434126ae436fb4303209904a3f6a""},""join_samples"":{""date"":""2026-10-06"",""run_id"":""f6b44811a3a04e82892b6b92b821b08c""}}"
541,40,"47.247070900000004 , 8.6442461","47.5522542 , 8.644882800000001",rural-rural,urban,2779,"{""sample_routes"":{""date"":""2026-10-06"",""run_id"":""40f0434126ae436fb4303209904a3f6a""},""join_samples"":{""date"":""2026-10-06"",""run_id"":""f6b44811a3a04e82892b6b92b821b08c""}}"
542,41,"47.255384400000004 , 8.5976824","47.567135500000006 , 8.598668",urban-rural,urban,2621,"{""sample_routes"":{""date"":""2026-10-06"",""run_id"":""40f0434126ae436fb4303209904a3f6a""},""join_samples"":{""date"":""2026-10-06"",""run_id"":""f6b44811a3a04e82892b6b92b821b08c""}}"
543,42,"47.461479800000006 , 8.629413900000001","47.1709815 , 8.9195031",rural-rural,urban,2780,"{""sample_routes"":{""date"":""2026-10-06"",""run_id"":""40f0434126ae436fb4303209904a3f6a""},""join_samples"":{""date"":""2026-10-06"",""run_id"":""f6b44811a3a04e82892b6b92b821b08c""}}"
544,43,"47.296908200000004 , 8.6065182","47.559937600000005 , 8.868692900000001",urban-urban,urban,2619,"{""sample_routes"":{""date"":""2026-10-06"",""run_id"":""40f0434126ae436fb4303209904a3f6a""},""join_samples"":{""date"":""2026-10-06"",""run_id"":""f6b44811a3a04e82892b6b92b821b08c""}}"
545,44,"47.0810406 , 7.2961301","46.659491200000005 , 7.717973000000001",urban-rural,urban,2618,"{""sample_routes"":{""date"":""2026-10-06"",""run_id"":""40f0434126ae436fb4303209904a3f6a""},""join_samples"":{""date"":""2026-10-06"",""run_id"":""f6b44811a3a04e82892b6b92b821b08c""}}"
546,45,"47.2904278 , 8.9329759","47.541648300000006 , 8.6807731",rural-rural,urban,2782,"{""sample_routes"":{""date"":""2026-10-06"",""run_id"":""40f0434126ae436fb4303209904a3f6a""},""join_samples"":{""date"":""2026-10-06"",""run_id"":""f6b44811a3a04e82892b6b92b821b08c""}}"
547,46,"47.3112183 , 8.872955000000001","47.3102765 , 8.3966258",rural-rural,urban,2784,"{""sample_routes"":{""date"":""2026-10-06"",""run_id"":""40f0434126ae436fb4303209904a3f6a""},""join_samples"":{""date"":""2026-10-06"",""run_id"":""f6b44811a3a04e82892b6b92b821b08c""}}"
548,47,"47.3058546 , 8.6024185","47.6025336 , 8.8990486",urban-rural,urban,2788,"{""sample_routes"":{""date"":""2026-10-06"",""run_id"":""40f0434126ae436fb4303209904a3f6a""},""join_samples"":{""date"":""2026-10-06"",""run_id"":""f6b44811a3a04e82892b6b92b821b08c""}}"
549,48,"47.243495700000004 , 8.9487545","47.5309496 , 8.6614108",rural-rural,urban,2788,"{""sample_routes"":{""date"":""2026-10-06"",""run_id"":""40f0434126ae436fb4303209904a3f6a""},""join_samples"":{""date"":""2026-10-06"",""run_id"":""f6b44811a3a04e82892b6b92b821b08c""}}"
550,49,"47.490991300000005 , 8.7187629","47.144830500000005 , 8.7192706",urban-rural,urban,2608,"{""sample_routes"":{""date"":""2026-10-06"",""run_id"":""40f0434126ae436fb4303209904a3f6a""},""join_samples"":{""date"":""2026-10-06"",""run_id"":""f6b44811a3a04e82892b6b92b821b08c""}}"
551,50,"47.3000747 , 8.8457436","47.5679181 , 8.5777851",urban-rural,urban,2608,"{""sample_routes"":{""date"":""2026-10-06"",""run_id"":""40f0434126ae436fb4303209904a3f6a""},""join_samples"":{""date"":""2026-10-06"",""run_id"":""f6b44811a3a04e82892b6b92b821b08c""}}"
552,51,"47.133871600000006 , 8.763355","47.3005 , 8.5975962",urban-urban,urban,2608,"{""sample_routes"":{""date"":""2026-10-06"",""run_id"":""40f0434126ae436fb4303209904a3f6a""},""join_samples"":{""date"":""2026-10-06"",""run_id"":""f6b44811a3a04e82892b6b92b821b08c""}}"
553,52,"47.4926467 , 8.8637358","47.251529000000005 , 8.623127100000001",rural-urban,urban,2795,"{""sample_routes"":{""date"":""2026-10-06"",""run_id"":""40f0434126ae436fb4303209904a3f6a""},""join_samples"":{""date"":""2026-10-06"",""run_id"":""f6b44811a3a04e82892b6b92b821b08c""}}"
554,53,"47.1377171 , 8.753207900000001","47.436286300000006 , 8.4544153",urban-urban,urban,2601,"{""sample_routes"":{""date"":""2026-10-06"",""run_id"":""40f0434126ae436fb4303209904a3f6a""},""join_samples"":{""date"":""2026-10-06"",""run_id"":""f6b44811a3a04e82892b6b92b821b08c""}}"
555,54,"47.326215000000005 , 8.589024700000001","47.5911203 , 8.854627",urban-rural,urban,2601,"{""sample_routes"":{""date"":""2026-10-06"",""run_id"":""40f0434126ae436fb4303209904a3f6a""},""join_samples"":{""date"":""2026-10-06"",""run_id"":""f6b44811a3a04e82892b6b92b821b08c""}}"
556,55,"47.242192900000006 , 8.8119409","47.564968500000006 , 8.8112662",urban-rural,urban,2801,"{""sample_routes"":{""date"":""2026-10-06"",""run_id"":""40f0434126ae436fb4303209904a3f6a""},""join_samples"":{""date"":""2026-10-06"",""run_id"":""f6b44811a3a04e82892b6b92b821b08c""}}"
557,56,"47.2696789 , 8.6465793","47.501909700000006 , 8.413441500000001",rural-rural,urban,2599,"{""sample_routes"":{""date"":""2026-10-06"",""run_id"":""40f0434126ae436fb4303209904a3f6a""},""join_samples"":{""date"":""2026-10-06"",""run_id"":""f6b44811a3a04e82892b6b92b821b08c""}}"
558,57,"47.5999837 , 8.688590300000001","47.2209985 , 8.6876552",rural-urban,urban,2802,"{""sample_routes"":{""date"":""2026-10-06"",""run_id"":""40f0434126ae436fb4303209904a3f6a""},""join_samples"":{""date"":""2026-10-06"",""run_id"":""f6b44811a3a04e82892b6b92b821b08c""}}"
559,58,"47.5882675 , 8.804337400000001","47.294836200000006 , 8.5100773",rural-urban,urban,2806,"{""sample_routes"":{""date"":""2026-10-06"",""run_id"":""40f0434126ae436fb4303209904a3f6a""},""join_samples"":{""date"":""2026-10-06"",""run_id"":""f6b44811a3a04e82892b6b92b821b08c""}}"
560,59,"47.4983707 , 8.719564","47.498973500000005 , 8.1580239",urban-rural,urban,2591,"{""sample_routes"":{""date"":""2026-10-06"",""run_id"":""40f0434126ae436fb4303209904a3f6a""},""join_samples"":{""date"":""2026-10-06"",""run_id"":""f6b44811a3a04e82892b6b92b821b08c""}}"
561,60,"47.2746013 , 8.57953","47.609687 , 8.9136837",urban-rural,urban,2809,"{""sample_routes"":{""date"":""2026-10-06"",""run_id"":""40f0434126ae436fb4303209904a3f6a""},""join_samples"":{""date"":""2026-10-06"",""run_id"":""f6b44811a3a04e82892b6b92b821b08c""}}"
562,61,"47.5629325 , 8.826898","47.252591 , 8.5159605",rural-rural,urban,2810,"{""sample_routes"":{""date"":""2026-10-06"",""run_id"":""40f0434126ae436fb4303209904a3f6a""},""join_samples"":{""date"":""2026-10-06"",""run_id"":""f6b44811a3a04e82892b6b92b821b08c""}}"
563,62,"47.4699443 , 8.700562","47.1511003 , 8.7008918",urban-rural,urban,2589,"{""sample_routes"":{""date"":""2026-10-06"",""run_id"":""40f0434126ae436fb4303209904a3f6a""},""join_samples"":{""date"":""2026-10-06"",""run_id"":""f6b44811a3a04e82892b6b92b821b08c""}}"
564,63,"47.367003100000005 , 8.875898000000001","47.367245800000006 , 8.314521800000001",rural-rural,urban,2811,"{""sample_routes"":{""date"":""2026-10-06"",""run_id"":""40f0434126ae436fb4303209904a3f6a""},""join_samples"":{""date"":""2026-10-06"",""run_id"":""f6b44811a3a04e82892b6b92b821b08c""}}"
565,64,"47.308890600000005 , 8.6092226","47.560414900000005 , 8.609658600000001",urban-rural,urban,2812,"{""sample_routes"":{""date"":""2026-10-06"",""run_id"":""40f0434126ae436fb4303209904a3f6a""},""join_samples"":{""date"":""2026-10-06"",""run_id"":""f6b44811a3a04e82892b6b92b821b08c""}}"
566,65,"47.5673511 , 8.9167932","47.2773514 , 8.6273403",urban-urban,urban,2814,"{""sample_routes"":{""date"":""2026-10-06"",""run_id"":""40f0434126ae436fb4303209904a3f6a""},""join_samples"":{""date"":""2026-10-06"",""run_id"":""f6b44811a3a04e82892b6b92b821b08c""}}"
567,66,"47.275744 , 8.5818062","47.6082933 , 8.9149814",urban-rural,urban,2816,"{""sample_routes"":{""date"":""2026-10-06"",""run_id"":""40f0434126ae436fb4303209904a3f6a""},""join_samples"":{""date"":""2026-10-06"",""run_id"":""f6b44811a3a04e82892b6b92b821b08c""}}"
568,67,"47.404353300000004 , 8.681218600000001","47.1825683 , 8.9037542",urban-rural,urban,2584,"{""sample_routes"":{""date"":""2026-10-06"",""run_id"":""40f0434126ae436fb4303209904a3f6a""},""join_samples"":{""date"":""2026-10-06"",""run_id"":""f6b44811a3a04e82892b6b92b821b08c""}}"
569,68,"47.2758921 , 8.5724806","47.605601 , 8.9021281",urban-rural,urban,2820,"{""sample_routes"":{""date"":""2026-10-06"",""run_id"":""40f0434126ae436fb4303209904a3f6a""},""join_samples"":{""date"":""2026-10-06"",""run_id"":""f6b44811a3a04e82892b6b92b821b08c""}}"
570,69,"47.39487990000001 , 8.6215784","47.113820800000006 , 8.9018312",urban-rural,urban,2822,"{""sample_routes"":{""date"":""2026-10-06"",""run_id"":""40f0434126ae436fb4303209904a3f6a""},""join_samples"":{""date"":""2026-10-06"",""run_id"":""f6b44811a3a04e82892b6b92b821b08c""}}"
571,70,"47.4975809 , 8.7076361","47.4983729 , 8.1593306",urban-rural,urban,2578,"{""sample_routes"":{""date"":""2026-10-06"",""run_id"":""40f0434126ae436fb4303209904a3f6a""},""join_samples"":{""date"":""2026-10-06"",""run_id"":""f6b44811a3a04e82892b6b92b821b08c""}}"
572,71,"46.7182692 , 7.6275339","47.041545500000005 , 7.628512700000001",urban-urban,urban,2574,"{""sample_routes"":{""date"":""2026-10-06"",""run_id"":""40f0434126ae436fb4303209904a3f6a""},""join_samples"":{""date"":""2026-10-06"",""run_id"":""f6b44811a3a04e82892b6b92b821b08c""}}"
573,72,"47.2800086 , 8.483062700000001","47.5554775 , 8.757760900000001",rural-rural,urban,2574,"{""sample_routes"":{""date"":""2026-10-06"",""run_id"":""40f0434126ae436fb4303209904a3f6a""},""join_samples"":{""date"":""2026-10-06"",""run_id"":""f6b44811a3a04e82892b6b92b821b08c""}}"
574,73,"47.5001 , 8.799704100000001","47.2375108 , 8.5365546",urban-rural,urban,2833,"{""sample_routes"":{""date"":""2026-10-06"",""run_id"":""40f0434126ae436fb4303209904a3f6a""},""join_samples"":{""date"":""2026-10-06"",""run_id"":""f6b44811a3a04e82892b6b92b821b08c""}}"
575,74,"47.2757434 , 8.918966000000001","47.5758926 , 8.918871600000001",rural-urban,urban,2833,"{""sample_routes"":{""date"":""2026-10-06"",""run_id"":""40f0434126ae436fb4303209904a3f6a""},""join_samples"":{""date"":""2026-10-06"",""run_id"":""f6b44811a3a04e82892b6b92b821b08c""}}"
576,75,"47.5044188 , 8.724582100000001","47.5053026 , 8.1913534",urban-rural,urban,2566,"{""sample_routes"":{""date"":""2026-10-06"",""run_id"":""40f0434126ae436fb4303209904a3f6a""},""join_samples"":{""date"":""2026-10-06"",""run_id"":""f6b44811a3a04e82892b6b92b821b08c""}}"
577,76,"47.4054353 , 8.6796033","47.172422000000005 , 8.9126942",urban-rural,urban,2563,"{""sample_routes"":{""date"":""2026-10-06"",""run_id"":""40f0434126ae436fb4303209904a3f6a""},""join_samples"":{""date"":""2026-10-06"",""run_id"":""f6b44811a3a04e82892b6b92b821b08c""}}"
578,77,"47.2862099 , 8.820009500000001","47.613103800000005 , 8.4923565",rural-rural,urban,2562,"{""sample_routes"":{""date"":""2026-10-06"",""run_id"":""40f0434126ae436fb4303209904a3f6a""},""join_samples"":{""date"":""2026-10-06"",""run_id"":""f6b44811a3a04e82892b6b92b821b08c""}}"
579,78,"47.474675500000004 , 8.878584700000001","47.4756523 , 8.280772200000001",rural-urban,urban,2840,"{""sample_routes"":{""date"":""2026-10-06"",""run_id"":""40f0434126ae436fb4303209904a3f6a""},""join_samples"":{""date"":""2026-10-06"",""run_id"":""f6b44811a3a04e82892b6b92b821b08c""}}"
580,79,"47.598051700000006 , 8.6871276","47.2209985 , 8.6876552",rural-urban,urban,2842,"{""sample_routes"":{""date"":""2026-10-06"",""run_id"":""40f0434126ae436fb4303209904a3f6a""},""join_samples"":{""date"":""2026-10-06"",""run_id"":""f6b44811a3a04e82892b6b92b821b08c""}}"
581,80,"47.347885700000006 , 8.7188227","47.099065100000004 , 8.718097400000001",urban-rural,urban,2849,"{""sample_routes"":{""date"":""2026-10-06"",""run_id"":""40f0434126ae436fb4303209904a3f6a""},""join_samples"":{""date"":""2026-10-06"",""run_id"":""f6b44811a3a04e82892b6b92b821b08c""}}"
582,81,"47.3446075 , 8.723443000000001","47.190607500000006 , 8.5697104",urban-rural,urban,2548,"{""sample_routes"":{""date"":""2026-10-06"",""run_id"":""40f0434126ae436fb4303209904a3f6a""},""join_samples"":{""date"":""2026-10-06"",""run_id"":""f6b44811a3a04e82892b6b92b821b08c""}}"
583,82,"47.3032307 , 8.7590728","47.303909600000004 , 8.5012159",rural-rural,urban,2548,"{""sample_routes"":{""date"":""2026-10-06"",""run_id"":""40f0434126ae436fb4303209904a3f6a""},""join_samples"":{""date"":""2026-10-06"",""run_id"":""f6b44811a3a04e82892b6b92b821b08c""}}"
584,83,"47.529771800000006 , 8.7549452","47.187105800000005 , 8.7548703",urban-urban,urban,2858,"{""sample_routes"":{""date"":""2026-10-06"",""run_id"":""40f0434126ae436fb4303209904a3f6a""},""join_samples"":{""date"":""2026-10-06"",""run_id"":""f6b44811a3a04e82892b6b92b821b08c""}}"
585,84,"47.519026200000006 , 8.6372047","47.1713171 , 8.637136700000001",rural-rural,urban,2859,"{""sample_routes"":{""date"":""2026-10-06"",""run_id"":""40f0434126ae436fb4303209904a3f6a""},""join_samples"":{""date"":""2026-10-06"",""run_id"":""f6b44811a3a04e82892b6b92b821b08c""}}"
586,85,"47.2180845 , 8.6066771","47.5554057 , 8.6070829",rural-rural,urban,2860,"{""sample_routes"":{""date"":""2026-10-06"",""run_id"":""40f0434126ae436fb4303209904a3f6a""},""join_samples"":{""date"":""2026-10-06"",""run_id"":""f6b44811a3a04e82892b6b92b821b08c""}}"
587,86,"47.3801074 , 8.754238","47.128776800000004 , 8.7543361",urban-urban,urban,2537,"{""sample_routes"":{""date"":""2026-10-06"",""run_id"":""40f0434126ae436fb4303209904a3f6a""},""join_samples"":{""date"":""2026-10-06"",""run_id"":""f6b44811a3a04e82892b6b92b821b08c""}}"
588,87,"46.709830200000006 , 7.6304325","47.078025700000005 , 7.6298206",urban-urban,urban,2536,"{""sample_routes"":{""date"":""2026-10-06"",""run_id"":""40f0434126ae436fb4303209904a3f6a""},""join_samples"":{""date"":""2026-10-06"",""run_id"":""f6b44811a3a04e82892b6b92b821b08c""}}"
589,88,"47.5106217 , 8.7514868","47.2614711 , 8.5019037",urban-rural,urban,2531,"{""sample_routes"":{""date"":""2026-10-06"",""run_id"":""40f0434126ae436fb4303209904a3f6a""},""join_samples"":{""date"":""2026-10-06"",""run_id"":""f6b44811a3a04e82892b6b92b821b08c""}}"
590,89,"47.532747900000004 , 8.4581718","47.1929108 , 8.7973338",rural-urban,urban,2870,"{""sample_routes"":{""date"":""2026-10-06"",""run_id"":""40f0434126ae436fb4303209904a3f6a""},""join_samples"":{""date"":""2026-10-06"",""run_id"":""f6b44811a3a04e82892b6b92b821b08c""}}"
591,90,"47.2728151 , 8.5764627","47.609379600000004 , 8.9122955",urban-rural,urban,2872,"{""sample_routes"":{""date"":""2026-10-06"",""run_id"":""40f0434126ae436fb4303209904a3f6a""},""join_samples"":{""date"":""2026-10-06"",""run_id"":""f6b44811a3a04e82892b6b92b821b08c""}}"
592,91,"47.526284000000004 , 8.7003711","47.214655500000006 , 8.699815300000001",rural-urban,urban,2875,"{""sample_routes"":{""date"":""2026-10-06"",""run_id"":""40f0434126ae436fb4303209904a3f6a""},""join_samples"":{""date"":""2026-10-06"",""run_id"":""f6b44811a3a04e82892b6b92b821b08c""}}"
593,92,"47.317276500000006 , 8.5870539","47.143413300000006 , 8.7599468",urban-urban,urban,2525,"{""sample_routes"":{""date"":""2026-10-06"",""run_id"":""40f0434126ae436fb4303209904a3f6a""},""join_samples"":{""date"":""2026-10-06"",""run_id"":""f6b44811a3a04e82892b6b92b821b08c""}}"
594,93,"47.537632200000004 , 8.8780546","47.2795878 , 8.6204709",urban-urban,urban,2877,"{""sample_routes"":{""date"":""2026-10-06"",""run_id"":""40f0434126ae436fb4303209904a3f6a""},""join_samples"":{""date"":""2026-10-06"",""run_id"":""f6b44811a3a04e82892b6b92b821b08c""}}"
595,94,"46.7133727 , 7.634515800000001","47.076144600000006 , 7.6345473",rural-urban,urban,2516,"{""sample_routes"":{""date"":""2026-10-06"",""run_id"":""40f0434126ae436fb4303209904a3f6a""},""join_samples"":{""date"":""2026-10-06"",""run_id"":""f6b44811a3a04e82892b6b92b821b08c""}}"
596,95,"47.607964700000004 , 8.911871900000001","47.267752800000004 , 8.572524600000001",rural-urban,urban,2888,"{""sample_routes"":{""date"":""2026-10-06"",""run_id"":""40f0434126ae436fb4303209904a3f6a""},""join_samples"":{""date"":""2026-10-06"",""run_id"":""f6b44811a3a04e82892b6b92b821b08c""}}"
597,96,"47.246285 , 8.7720897","47.2454832 , 8.4312451",urban-rural,urban,2512,"{""sample_routes"":{""date"":""2026-10-06"",""run_id"":""40f0434126ae436fb4303209904a3f6a""},""join_samples"":{""date"":""2026-10-06"",""run_id"":""f6b44811a3a04e82892b6b92b821b08c""}}"
598,97,"47.2913882 , 8.556916300000001","47.593282800000004 , 8.8579863",urban-rural,urban,2509,"{""sample_routes"":{""date"":""2026-10-06"",""run_id"":""40f0434126ae436fb4303209904a3f6a""},""join_samples"":{""date"":""2026-10-06"",""run_id"":""f6b44811a3a04e82892b6b92b821b08c""}}"
599,98,"46.771371200000004 , 7.6488933","47.060048200000004 , 7.648862200000001",urban-rural,urban,2503,"{""sample_routes"":{""date"":""2026-10-06"",""run_id"":""40f0434126ae436fb4303209904a3f6a""},""join_samples"":{""date"":""2026-10-06"",""run_id"":""f6b44811a3a04e82892b6b92b821b08c""}}"
600,99,"47.5495929 , 8.826839000000001","47.252603300000004 , 8.5304985",rural-rural,urban,2901,"{""sample_routes"":{""date"":""2026-10-06"",""run_id"":""40f0434126ae436fb4303209904a3f6a""},""join_samples"":{""date"":""2026-10-06"",""run_id"":""f6b44811a3a04e82892b6b92b821b08c""}}"
601,100,"47.2842677 , 8.6221159","47.5034532 , 8.4032143",urban-rural,urban,2495,"{""sample_routes"":{""date"":""2026-10-06"",""run_id"":""40f0434126ae436fb4303209904a3f6a""},""join_samples"":{""date"":""2026-10-06"",""run_id"":""f6b44811a3a04e82892b6b92b821b08c""}}"
602,101,"47.2309081 , 8.6096157","47.527315200000004 , 8.905409800000001",rural-rural,urban,2906,"{""sample_routes"":{""date"":""2026-10-06"",""run_id"":""40f0434126ae436fb4303209904a3f6a""},""join_samples"":{""date"":""2026-10-06"",""run_id"":""f6b44811a3a04e82892b6b92b821b08c""}}"
603,102,"47.3944963 , 8.6137146","47.1264234 , 8.8808702",urban-rural,urban,2908,"{""sample_routes"":{""date"":""2026-10-06"",""run_id"":""40f0434126ae436fb4303209904a3f6a""},""join_samples"":{""date"":""2026-10-06"",""run_id"":""f6b44811a3a04e82892b6b92b821b08c""}}"
604,103,"46.634252000000004 , 7.708726","46.921421300000006 , 7.4209848",rural-urban,urban,2491,"{""sample_routes"":{""date"":""2026-10-06"",""run_id"":""40f0434126ae436fb4303209904a3f6a""},""join_samples"":{""date"":""2026-10-06"",""run_id"":""f6b44811a3a04e82892b6b92b821b08c""}}"
605,104,"47.2250808 , 8.822918000000001","47.549640700000005 , 8.4989504",urban-rural,urban,2910,"{""sample_routes"":{""date"":""2026-10-06"",""run_id"":""40f0434126ae436fb4303209904a3f6a""},""join_samples"":{""date"":""2026-10-06"",""run_id"":""f6b44811a3a04e82892b6b92b821b08c""}}"
606,105,"47.2667652 , 8.6692038","47.484894000000004 , 8.450892000000001",urban-rural,urban,2488,"{""sample_routes"":{""date"":""2026-10-06"",""run_id"":""40f0434126ae436fb4303209904a3f6a""},""join_samples"":{""date"":""2026-10-06"",""run_id"":""f6b44811a3a04e82892b6b92b821b08c""}}"
607,106,"47.253943500000005 , 8.6062955","47.6009297 , 8.9533732",urban-rural,urban,2919,"{""sample_routes"":{""date"":""2026-10-06"",""run_id"":""40f0434126ae436fb4303209904a3f6a""},""join_samples"":{""date"":""2026-10-06"",""run_id"":""f6b44811a3a04e82892b6b92b821b08c""}}"
608,107,"47.1757858 , 8.9016661","47.578218400000004 , 8.4988419",rural-rural,urban,2921,"{""sample_routes"":{""date"":""2026-10-06"",""run_id"":""40f0434126ae436fb4303209904a3f6a""},""join_samples"":{""date"":""2026-10-06"",""run_id"":""f6b44811a3a04e82892b6b92b821b08c""}}"
609,108,"47.5033242 , 8.741726100000001","47.261836300000006 , 8.4995077",urban-rural,urban,2476,"{""sample_routes"":{""date"":""2026-10-06"",""run_id"":""40f0434126ae436fb4303209904a3f6a""},""join_samples"":{""date"":""2026-10-06"",""run_id"":""f6b44811a3a04e82892b6b92b821b08c""}}"
610,109,"47.3796569 , 8.6832174","47.143737200000004 , 8.682867",urban-rural,urban,2471,"{""sample_routes"":{""date"":""2026-10-06"",""run_id"":""40f0434126ae436fb4303209904a3f6a""},""join_samples"":{""date"":""2026-10-06"",""run_id"":""f6b44811a3a04e82892b6b92b821b08c""}}"
611,110,"47.251937700000006 , 8.835384000000001","47.2520843 , 8.3204388",urban-rural,urban,2932,"{""sample_routes"":{""date"":""2026-10-06"",""run_id"":""40f0434126ae436fb4303209904a3f6a""},""join_samples"":{""date"":""2026-10-06"",""run_id"":""f6b44811a3a04e82892b6b92b821b08c""}}"
612,111,"47.252180300000006 , 8.8557255","47.5822159 , 8.856093900000001",urban-rural,urban,2932,"{""sample_routes"":{""date"":""2026-10-06"",""run_id"":""40f0434126ae436fb4303209904a3f6a""},""join_samples"":{""date"":""2026-10-06"",""run_id"":""f6b44811a3a04e82892b6b92b821b08c""}}"
613,112,"47.5377163 , 8.7100322","47.537171900000004 , 8.1380541",rural-rural,urban,2933,"{""sample_routes"":{""date"":""2026-10-06"",""run_id"":""40f0434126ae436fb4303209904a3f6a""},""join_samples"":{""date"":""2026-10-06"",""run_id"":""f6b44811a3a04e82892b6b92b821b08c""}}"
614,113,"47.353501 , 8.283707600000001","47.5547812 , 8.4849931",urban-rural,urban,2465,"{""sample_routes"":{""date"":""2026-10-06"",""run_id"":""40f0434126ae436fb4303209904a3f6a""},""join_samples"":{""date"":""2026-10-06"",""run_id"":""f6b44811a3a04e82892b6b92b821b08c""}}"
615,114,"47.303986800000004 , 8.8408558","47.575597900000005 , 8.5701324",urban-rural,urban,2461,"{""sample_routes"":{""date"":""2026-10-06"",""run_id"":""40f0434126ae436fb4303209904a3f6a""},""join_samples"":{""date"":""2026-10-06"",""run_id"":""f6b44811a3a04e82892b6b92b821b08c""}}"
616,115,"47.231565200000006 , 8.6672537","47.528255400000006 , 8.3707022",urban-rural,urban,2458,"{""sample_routes"":{""date"":""2026-10-06"",""run_id"":""40f0434126ae436fb4303209904a3f6a""},""join_samples"":{""date"":""2026-10-06"",""run_id"":""f6b44811a3a04e82892b6b92b821b08c""}}"
617,116,"47.254501600000005 , 8.8588006","47.591391400000006 , 8.8591891",urban-rural,urban,2946,"{""sample_routes"":{""date"":""2026-10-06"",""run_id"":""40f0434126ae436fb4303209904a3f6a""},""join_samples"":{""date"":""2026-10-06"",""run_id"":""f6b44811a3a04e82892b6b92b821b08c""}}"
618,117,"47.5611413 , 8.8700021","47.297919500000006 , 8.6064006",urban-urban,urban,2452,"{""sample_routes"":{""date"":""2026-10-06"",""run_id"":""40f0434126ae436fb4303209904a3f6a""},""join_samples"":{""date"":""2026-10-06"",""run_id"":""f6b44811a3a04e82892b6b92b821b08c""}}"
619,118,"47.3913841 , 9.657913","47.390646000000004 , 9.14671",urban-rural,urban,2451,"{""sample_routes"":{""date"":""2026-10-06"",""run_id"":""40f0434126ae436fb4303209904a3f6a""},""join_samples"":{""date"":""2026-10-06"",""run_id"":""f6b44811a3a04e82892b6b92b821b08c""}}"
620,119,"47.3061049 , 8.5511479","47.5596965 , 8.805414500000001",urban-rural,urban,2449,"{""sample_routes"":{""date"":""2026-10-06"",""run_id"":""40f0434126ae436fb4303209904a3f6a""},""join_samples"":{""date"":""2026-10-06"",""run_id"":""f6b44811a3a04e82892b6b92b821b08c""}}"
621,120,"47.509840800000006 , 8.7569484","47.2660774 , 8.513487600000001",urban-rural,urban,2448,"{""sample_routes"":{""date"":""2026-10-06"",""run_id"":""40f0434126ae436fb4303209904a3f6a""},""join_samples"":{""date"":""2026-10-06"",""run_id"":""f6b44811a3a04e82892b6b92b821b08c""}}"
622,121,"47.4865738 , 8.873792","47.2477413 , 8.6355392",rural-rural,urban,2955,"{""sample_routes"":{""date"":""2026-10-06"",""run_id"":""40f0434126ae436fb4303209904a3f6a""},""join_samples"":{""date"":""2026-10-06"",""run_id"":""f6b44811a3a04e82892b6b92b821b08c""}}"
623,122,"47.271677100000005 , 8.8205582","47.5948958 , 8.4963612",rural-rural,urban,2443,"{""sample_routes"":{""date"":""2026-10-06"",""run_id"":""40f0434126ae436fb4303209904a3f6a""},""join_samples"":{""date"":""2026-10-06"",""run_id"":""f6b44811a3a04e82892b6b92b821b08c""}}"
624,123,"47.389312700000005 , 8.795566","47.3884665 , 8.0380327",rural-urban,urban,2960,"{""sample_routes"":{""date"":""2026-10-06"",""run_id"":""40f0434126ae436fb4303209904a3f6a""},""join_samples"":{""date"":""2026-10-06"",""run_id"":""f6b44811a3a04e82892b6b92b821b08c""}}"
625,124,"47.3104991 , 8.5255679","47.576400400000004 , 8.7923924",urban-rural,urban,2439,"{""sample_routes"":{""date"":""2026-10-06"",""run_id"":""40f0434126ae436fb4303209904a3f6a""},""join_samples"":{""date"":""2026-10-06"",""run_id"":""f6b44811a3a04e82892b6b92b821b08c""}}"
626,125,"47.3069921 , 8.5503327","47.5843209 , 8.8268331",urban-rural,urban,2439,"{""sample_routes"":{""date"":""2026-10-06"",""run_id"":""40f0434126ae436fb4303209904a3f6a""},""join_samples"":{""date"":""2026-10-06"",""run_id"":""f6b44811a3a04e82892b6b92b821b08c""}}"
627,126,"47.147715500000004 , 7.2760069000000005","46.7554597 , 7.669166000000001",urban-rural,urban,2962,"{""sample_routes"":{""date"":""2026-10-06"",""run_id"":""40f0434126ae436fb4303209904a3f6a""},""join_samples"":{""date"":""2026-10-06"",""run_id"":""f6b44811a3a04e82892b6b92b821b08c""}}"
628,127,"47.6033604 , 8.506945400000001","47.2377486 , 8.8722118",rural-urban,urban,2963,"{""sample_routes"":{""date"":""2026-10-06"",""run_id"":""40f0434126ae436fb4303209904a3f6a""},""join_samples"":{""date"":""2026-10-06"",""run_id"":""f6b44811a3a04e82892b6b92b821b08c""}}"
629,128,"47.310672700000005 , 8.523135700000001","47.5761337 , 8.7893336",urban-rural,urban,2434,"{""sample_routes"":{""date"":""2026-10-06"",""run_id"":""40f0434126ae436fb4303209904a3f6a""},""join_samples"":{""date"":""2026-10-06"",""run_id"":""f6b44811a3a04e82892b6b92b821b08c""}}"
630,129,"47.542354 , 8.7281463","47.2791057 , 8.4654751",urban-urban,urban,2432,"{""sample_routes"":{""date"":""2026-10-06"",""run_id"":""40f0434126ae436fb4303209904a3f6a""},""join_samples"":{""date"":""2026-10-06"",""run_id"":""f6b44811a3a04e82892b6b92b821b08c""}}"
631,130,"47.137851100000006 , 7.2545669","46.6666698 , 7.725043100000001",urban-rural,urban,2982,"{""sample_routes"":{""date"":""2026-10-06"",""run_id"":""40f0434126ae436fb4303209904a3f6a""},""join_samples"":{""date"":""2026-10-06"",""run_id"":""f6b44811a3a04e82892b6b92b821b08c""}}"
632,131,"47.257755100000004 , 8.851509","47.2579469 , 8.3194762",urban-rural,urban,2988,"{""sample_routes"":{""date"":""2026-10-06"",""run_id"":""40f0434126ae436fb4303209904a3f6a""},""join_samples"":{""date"":""2026-10-06"",""run_id"":""f6b44811a3a04e82892b6b92b821b08c""}}"
633,132,"47.2237792 , 8.851778300000001","47.549953800000004 , 8.8520562",urban-urban,urban,2990,"{""sample_routes"":{""date"":""2026-10-06"",""run_id"":""40f0434126ae436fb4303209904a3f6a""},""join_samples"":{""date"":""2026-10-06"",""run_id"":""f6b44811a3a04e82892b6b92b821b08c""}}"
634,133,"47.5229633 , 8.5832768","47.1745522 , 8.9307862",urban-rural,urban,2993,"{""sample_routes"":{""date"":""2026-10-06"",""run_id"":""40f0434126ae436fb4303209904a3f6a""},""join_samples"":{""date"":""2026-10-06"",""run_id"":""f6b44811a3a04e82892b6b92b821b08c""}}"
635,134,"46.7734758 , 7.6653551","47.1716824 , 7.2662807",rural-rural,urban,2993,"{""sample_routes"":{""date"":""2026-10-06"",""run_id"":""40f0434126ae436fb4303209904a3f6a""},""join_samples"":{""date"":""2026-10-06"",""run_id"":""f6b44811a3a04e82892b6b92b821b08c""}}"
636,135,"47.5171471 , 8.5472391","47.1948365 , 8.8704629",urban-urban,urban,2994,"{""sample_routes"":{""date"":""2026-10-06"",""run_id"":""40f0434126ae436fb4303209904a3f6a""},""join_samples"":{""date"":""2026-10-06"",""run_id"":""f6b44811a3a04e82892b6b92b821b08c""}}"
637,136,"47.534443800000005 , 8.737275200000001","47.142516 , 8.7380188",urban-urban,urban,2999,"{""sample_routes"":{""date"":""2026-10-06"",""run_id"":""40f0434126ae436fb4303209904a3f6a""},""join_samples"":{""date"":""2026-10-06"",""run_id"":""f6b44811a3a04e82892b6b92b821b08c""}}"
638,137,"46.9451704 , 7.3885522","46.625456400000004 , 7.708317900000001",urban-rural,urban,2398,"{""sample_routes"":{""date"":""2026-10-06"",""run_id"":""40f0434126ae436fb4303209904a3f6a""},""join_samples"":{""date"":""2026-10-06"",""run_id"":""f6b44811a3a04e82892b6b92b821b08c""}}"
639,138,"47.338 , 8.836993300000001","47.617901800000006 , 8.5579371",urban-rural,urban,2397,"{""sample_routes"":{""date"":""2026-10-06"",""run_id"":""40f0434126ae436fb4303209904a3f6a""},""join_samples"":{""date"":""2026-10-06"",""run_id"":""f6b44811a3a04e82892b6b92b821b08c""}}"
640,139,"47.045316400000004 , 7.3739170000000005","46.7475832 , 7.6710051",rural-rural,urban,2392,"{""sample_routes"":{""date"":""2026-10-06"",""run_id"":""40f0434126ae436fb4303209904a3f6a""},""join_samples"":{""date"":""2026-10-06"",""run_id"":""f6b44811a3a04e82892b6b92b821b08c""}}"
641,140,"46.7207884 , 7.6093944","47.058538000000006 , 7.2709272",urban-rural,urban,2392,"{""sample_routes"":{""date"":""2026-10-06"",""run_id"":""40f0434126ae436fb4303209904a3f6a""},""join_samples"":{""date"":""2026-10-06"",""run_id"":""f6b44811a3a04e82892b6b92b821b08c""}}"
642,141,"47.3171787 , 8.5485217","47.5676241 , 8.7985328",urban-rural,urban,2388,"{""sample_routes"":{""date"":""2026-10-06"",""run_id"":""40f0434126ae436fb4303209904a3f6a""},""join_samples"":{""date"":""2026-10-06"",""run_id"":""f6b44811a3a04e82892b6b92b821b08c""}}"
643,142,"47.3290434 , 8.5279871","47.5838704 , 8.7820167",urban-rural,urban,2386,"{""sample_routes"":{""date"":""2026-10-06"",""run_id"":""40f0434126ae436fb4303209904a3f6a""},""join_samples"":{""date"":""2026-10-06"",""run_id"":""f6b44811a3a04e82892b6b92b821b08c""}}"
644,143,"47.204254500000005 , 8.762613100000001","47.5659755 , 8.7632192",urban-rural,urban,3019,"{""sample_routes"":{""date"":""2026-10-06"",""run_id"":""40f0434126ae436fb4303209904a3f6a""},""join_samples"":{""date"":""2026-10-06"",""run_id"":""f6b44811a3a04e82892b6b92b821b08c""}}"
645,144,"47.3323929 , 8.3015025","47.5444812 , 8.5143483",rural-rural,urban,2379,"{""sample_routes"":{""date"":""2026-10-06"",""run_id"":""40f0434126ae436fb4303209904a3f6a""},""join_samples"":{""date"":""2026-10-06"",""run_id"":""f6b44811a3a04e82892b6b92b821b08c""}}"
646,145,"47.287014500000005 , 8.9095505","47.287818300000005 , 8.4375175",rural-urban,urban,3021,"{""sample_routes"":{""date"":""2026-10-06"",""run_id"":""40f0434126ae436fb4303209904a3f6a""},""join_samples"":{""date"":""2026-10-06"",""run_id"":""f6b44811a3a04e82892b6b92b821b08c""}}"
647,146,"47.0222763 , 7.3748141","46.732970900000005 , 7.6642818",rural-rural,urban,2376,"{""sample_routes"":{""date"":""2026-10-06"",""run_id"":""40f0434126ae436fb4303209904a3f6a""},""join_samples"":{""date"":""2026-10-06"",""run_id"":""f6b44811a3a04e82892b6b92b821b08c""}}"
648,147,"47.3125864 , 8.5362002","47.570320200000005 , 8.7939529",urban-rural,urban,2373,"{""sample_routes"":{""date"":""2026-10-06"",""run_id"":""40f0434126ae436fb4303209904a3f6a""},""join_samples"":{""date"":""2026-10-06"",""run_id"":""f6b44811a3a04e82892b6b92b821b08c""}}"
649,148,"47.5025114 , 8.7500968","47.259225300000004 , 8.507166400000001",urban-rural,urban,2372,"{""sample_routes"":{""date"":""2026-10-06"",""run_id"":""40f0434126ae436fb4303209904a3f6a""},""join_samples"":{""date"":""2026-10-06"",""run_id"":""f6b44811a3a04e82892b6b92b821b08c""}}"
650,149,"47.2917779 , 8.7844166","47.5925164 , 8.483584500000001",rural-rural,urban,2371,"{""sample_routes"":{""date"":""2026-10-06"",""run_id"":""40f0434126ae436fb4303209904a3f6a""},""join_samples"":{""date"":""2026-10-06"",""run_id"":""f6b44811a3a04e82892b6b92b821b08c""}}"
651,150,"47.2738778 , 8.8290323","47.274535300000004 , 8.3098469",urban-rural,urban,3031,"{""sample_routes"":{""date"":""2026-10-06"",""run_id"":""40f0434126ae436fb4303209904a3f6a""},""join_samples"":{""date"":""2026-10-06"",""run_id"":""f6b44811a3a04e82892b6b92b821b08c""}}"
652,151,"47.481622 , 8.8182197","47.4825189 , 8.1688101",rural-rural,urban,3031,"{""sample_routes"":{""date"":""2026-10-06"",""run_id"":""40f0434126ae436fb4303209904a3f6a""},""join_samples"":{""date"":""2026-10-06"",""run_id"":""f6b44811a3a04e82892b6b92b821b08c""}}"
653,152,"47.506430900000005 , 8.7671898","47.507399400000004 , 8.1510747",urban-rural,urban,3032,"{""sample_routes"":{""date"":""2026-10-06"",""run_id"":""40f0434126ae436fb4303209904a3f6a""},""join_samples"":{""date"":""2026-10-06"",""run_id"":""f6b44811a3a04e82892b6b92b821b08c""}}"
654,153,"47.497487500000005 , 8.802862300000001","47.1940054 , 8.802074900000001",rural-urban,urban,3034,"{""sample_routes"":{""date"":""2026-10-06"",""run_id"":""40f0434126ae436fb4303209904a3f6a""},""join_samples"":{""date"":""2026-10-06"",""run_id"":""f6b44811a3a04e82892b6b92b821b08c""}}"
655,154,"47.1775383 , 8.941708400000001","47.4873969 , 8.632467400000001",rural-rural,urban,3035,"{""sample_routes"":{""date"":""2026-10-06"",""run_id"":""40f0434126ae436fb4303209904a3f6a""},""join_samples"":{""date"":""2026-10-06"",""run_id"":""f6b44811a3a04e82892b6b92b821b08c""}}"
656,155,"47.4369778 , 8.4434625","47.156710800000006 , 8.7231494",urban-rural,urban,2365,"{""sample_routes"":{""date"":""2026-10-06"",""run_id"":""40f0434126ae436fb4303209904a3f6a""},""join_samples"":{""date"":""2026-10-06"",""run_id"":""f6b44811a3a04e82892b6b92b821b08c""}}"
657,156,"47.5332103 , 8.7259919","47.533041600000004 , 8.137313800000001",urban-rural,urban,3037,"{""sample_routes"":{""date"":""2026-10-06"",""run_id"":""40f0434126ae436fb4303209904a3f6a""},""join_samples"":{""date"":""2026-10-06"",""run_id"":""f6b44811a3a04e82892b6b92b821b08c""}}"
658,157,"46.7434414 , 7.6213389000000005","47.144785600000006 , 7.2194248000000005",urban-rural,urban,3037,"{""sample_routes"":{""date"":""2026-10-06"",""run_id"":""40f0434126ae436fb4303209904a3f6a""},""join_samples"":{""date"":""2026-10-06"",""run_id"":""f6b44811a3a04e82892b6b92b821b08c""}}"
659,158,"47.5319713 , 8.577669700000001","47.191688400000004 , 8.9178833",urban-rural,urban,3038,"{""sample_routes"":{""date"":""2026-10-06"",""run_id"":""40f0434126ae436fb4303209904a3f6a""},""join_samples"":{""date"":""2026-10-06"",""run_id"":""f6b44811a3a04e82892b6b92b821b08c""}}"
660,159,"47.316966300000004 , 8.5396821","47.570320200000005 , 8.7939529",urban-rural,urban,2361,"{""sample_routes"":{""date"":""2026-10-06"",""run_id"":""40f0434126ae436fb4303209904a3f6a""},""join_samples"":{""date"":""2026-10-06"",""run_id"":""f6b44811a3a04e82892b6b92b821b08c""}}"
661,160,"46.9414182 , 7.3836059","46.6201607 , 7.705483300000001",urban-rural,urban,2360,"{""sample_routes"":{""date"":""2026-10-06"",""run_id"":""40f0434126ae436fb4303209904a3f6a""},""join_samples"":{""date"":""2026-10-06"",""run_id"":""f6b44811a3a04e82892b6b92b821b08c""}}"
662,161,"47.2390739 , 8.451727400000001","47.528923000000006 , 8.7425429",rural-urban,urban,2358,"{""sample_routes"":{""date"":""2026-10-06"",""run_id"":""40f0434126ae436fb4303209904a3f6a""},""join_samples"":{""date"":""2026-10-06"",""run_id"":""f6b44811a3a04e82892b6b92b821b08c""}}"
663,162,"47.2590555 , 8.5983348","47.5988782 , 8.9384592",urban-rural,urban,3046,"{""sample_routes"":{""date"":""2026-10-06"",""run_id"":""40f0434126ae436fb4303209904a3f6a""},""join_samples"":{""date"":""2026-10-06"",""run_id"":""f6b44811a3a04e82892b6b92b821b08c""}}"
664,163,"47.509243700000006 , 8.731182500000001","47.2787932 , 8.5016452",urban-rural,urban,2353,"{""sample_routes"":{""date"":""2026-10-06"",""run_id"":""40f0434126ae436fb4303209904a3f6a""},""join_samples"":{""date"":""2026-10-06"",""run_id"":""f6b44811a3a04e82892b6b92b821b08c""}}"
665,164,"47.2587072 , 8.5969961","47.5983888 , 8.9359524",urban-rural,urban,3051,"{""sample_routes"":{""date"":""2026-10-06"",""run_id"":""40f0434126ae436fb4303209904a3f6a""},""join_samples"":{""date"":""2026-10-06"",""run_id"":""f6b44811a3a04e82892b6b92b821b08c""}}"
666,165,"47.572254400000006 , 8.7197496","47.3339761 , 8.480867700000001",rural-urban,urban,2348,"{""sample_routes"":{""date"":""2026-10-06"",""run_id"":""40f0434126ae436fb4303209904a3f6a""},""join_samples"":{""date"":""2026-10-06"",""run_id"":""f6b44811a3a04e82892b6b92b821b08c""}}"
667,166,"47.492707 , 8.750280700000001","47.2529203 , 8.5103779",urban-rural,urban,2348,"{""sample_routes"":{""date"":""2026-10-06"",""run_id"":""40f0434126ae436fb4303209904a3f6a""},""join_samples"":{""date"":""2026-10-06"",""run_id"":""f6b44811a3a04e82892b6b92b821b08c""}}"
668,167,"47.611667000000004 , 8.5365103","47.279000100000005 , 8.5362165",rural-urban,urban,2346,"{""sample_routes"":{""date"":""2026-10-06"",""run_id"":""40f0434126ae436fb4303209904a3f6a""},""join_samples"":{""date"":""2026-10-06"",""run_id"":""f6b44811a3a04e82892b6b92b821b08c""}}"
669,168,"47.270471500000006 , 8.8194347","47.269843800000004 , 8.308848600000001",rural-rural,urban,3055,"{""sample_routes"":{""date"":""2026-10-06"",""run_id"":""40f0434126ae436fb4303209904a3f6a""},""join_samples"":{""date"":""2026-10-06"",""run_id"":""f6b44811a3a04e82892b6b92b821b08c""}}"
670,169,"47.2667572 , 8.6583413","47.5229877 , 8.6590748",urban-rural,urban,2342,"{""sample_routes"":{""date"":""2026-10-06"",""run_id"":""40f0434126ae436fb4303209904a3f6a""},""join_samples"":{""date"":""2026-10-06"",""run_id"":""f6b44811a3a04e82892b6b92b821b08c""}}"
671,170,"47.569992000000006 , 8.5221693","47.33174 , 8.2833397",rural-urban,urban,2342,"{""sample_routes"":{""date"":""2026-10-06"",""run_id"":""40f0434126ae436fb4303209904a3f6a""},""join_samples"":{""date"":""2026-10-06"",""run_id"":""f6b44811a3a04e82892b6b92b821b08c""}}"
672,171,"47.260281000000006 , 8.5957504","47.617656600000004 , 8.9527523",urban-rural,urban,3059,"{""sample_routes"":{""date"":""2026-10-06"",""run_id"":""40f0434126ae436fb4303209904a3f6a""},""join_samples"":{""date"":""2026-10-06"",""run_id"":""f6b44811a3a04e82892b6b92b821b08c""}}"
673,172,"47.463441700000004 , 8.447240500000001","47.1757957 , 8.7348282",rural-rural,urban,2336,"{""sample_routes"":{""date"":""2026-10-06"",""run_id"":""40f0434126ae436fb4303209904a3f6a""},""join_samples"":{""date"":""2026-10-06"",""run_id"":""f6b44811a3a04e82892b6b92b821b08c""}}"
674,173,"47.5219164 , 8.891680500000001","47.268305600000005 , 8.638427100000001",rural-rural,urban,3066,"{""sample_routes"":{""date"":""2026-10-06"",""run_id"":""40f0434126ae436fb4303209904a3f6a""},""join_samples"":{""date"":""2026-10-06"",""run_id"":""f6b44811a3a04e82892b6b92b821b08c""}}"
675,174,"46.748256100000006 , 7.6479387","47.147514900000004 , 7.2477162",urban-urban,urban,3069,"{""sample_routes"":{""date"":""2026-10-06"",""run_id"":""40f0434126ae436fb4303209904a3f6a""},""join_samples"":{""date"":""2026-10-06"",""run_id"":""f6b44811a3a04e82892b6b92b821b08c""}}"
676,175,"47.2851343 , 8.638518900000001","47.1503523 , 8.772566900000001",urban-urban,urban,2331,"{""sample_routes"":{""date"":""2026-10-06"",""run_id"":""40f0434126ae436fb4303209904a3f6a""},""join_samples"":{""date"":""2026-10-06"",""run_id"":""f6b44811a3a04e82892b6b92b821b08c""}}"
677,176,"47.577372600000004 , 8.754850300000001","47.1961182 , 8.7558126",rural-urban,urban,3072,"{""sample_routes"":{""date"":""2026-10-06"",""run_id"":""40f0434126ae436fb4303209904a3f6a""},""join_samples"":{""date"":""2026-10-06"",""run_id"":""f6b44811a3a04e82892b6b92b821b08c""}}"
678,177,"47.206045700000004 , 8.7539774","47.5789441 , 8.754894700000001",urban-rural,urban,3073,"{""sample_routes"":{""date"":""2026-10-06"",""run_id"":""40f0434126ae436fb4303209904a3f6a""},""join_samples"":{""date"":""2026-10-06"",""run_id"":""f6b44811a3a04e82892b6b92b821b08c""}}"
679,178,"47.5578991 , 8.7690579","47.558796900000004 , 8.2497117",rural-rural,urban,3074,"{""sample_routes"":{""date"":""2026-10-06"",""run_id"":""40f0434126ae436fb4303209904a3f6a""},""join_samples"":{""date"":""2026-10-06"",""run_id"":""f6b44811a3a04e82892b6b92b821b08c""}}"
680,179,"47.3764867 , 8.8152947","47.377466500000004 , 8.0238276",rural-rural,urban,3074,"{""sample_routes"":{""date"":""2026-10-06"",""run_id"":""40f0434126ae436fb4303209904a3f6a""},""join_samples"":{""date"":""2026-10-06"",""run_id"":""f6b44811a3a04e82892b6b92b821b08c""}}"
681,180,"47.386200900000006 , 8.7641901","47.38711300000001 , 8.3360971",rural-rural,urban,2325,"{""sample_routes"":{""date"":""2026-10-06"",""run_id"":""40f0434126ae436fb4303209904a3f6a""},""join_samples"":{""date"":""2026-10-06"",""run_id"":""f6b44811a3a04e82892b6b92b821b08c""}}"
682,181,"47.232018000000004 , 8.6699243","47.3779034 , 8.8153799",urban-rural,urban,2321,"{""sample_routes"":{""date"":""2026-10-06"",""run_id"":""40f0434126ae436fb4303209904a3f6a""},""join_samples"":{""date"":""2026-10-06"",""run_id"":""f6b44811a3a04e82892b6b92b821b08c""}}"
683,182,"47.5774916 , 8.9736989","47.246642900000005 , 8.642589300000001",rural-rural,urban,3080,"{""sample_routes"":{""date"":""2026-10-06"",""run_id"":""40f0434126ae436fb4303209904a3f6a""},""join_samples"":{""date"":""2026-10-06"",""run_id"":""f6b44811a3a04e82892b6b92b821b08c""}}"
684,183,"47.613816 , 8.5387894","47.2804334 , 8.5391296",rural-urban,urban,2316,"{""sample_routes"":{""date"":""2026-10-06"",""run_id"":""40f0434126ae436fb4303209904a3f6a""},""join_samples"":{""date"":""2026-10-06"",""run_id"":""f6b44811a3a04e82892b6b92b821b08c""}}"
685,184,"46.748862900000006 , 7.643855200000001","47.152316500000005 , 7.241338000000001",urban-urban,urban,3086,"{""sample_routes"":{""date"":""2026-10-06"",""run_id"":""40f0434126ae436fb4303209904a3f6a""},""join_samples"":{""date"":""2026-10-06"",""run_id"":""f6b44811a3a04e82892b6b92b821b08c""}}"
686,185,"47.3856169 , 8.693938300000001","47.171941800000006 , 8.907024400000001",urban-rural,urban,2309,"{""sample_routes"":{""date"":""2026-10-06"",""run_id"":""40f0434126ae436fb4303209904a3f6a""},""join_samples"":{""date"":""2026-10-06"",""run_id"":""f6b44811a3a04e82892b6b92b821b08c""}}"
687,186,"47.518494100000005 , 8.4983603","47.1248622 , 8.8918471",rural-rural,urban,3100,"{""sample_routes"":{""date"":""2026-10-06"",""run_id"":""40f0434126ae436fb4303209904a3f6a""},""join_samples"":{""date"":""2026-10-06"",""run_id"":""f6b44811a3a04e82892b6b92b821b08c""}}"
688,187,"47.4994579 , 8.737813000000001","47.269587800000004 , 8.507136800000001",urban-rural,urban,2297,"{""sample_routes"":{""date"":""2026-10-06"",""run_id"":""40f0434126ae436fb4303209904a3f6a""},""join_samples"":{""date"":""2026-10-06"",""run_id"":""f6b44811a3a04e82892b6b92b821b08c""}}"
689,188,"46.0825455 , 7.0385672","46.250651000000005 , 6.8709357",urban-rural,mixed,2682,"{""sample_routes"":{""date"":""2026-10-06"",""run_id"":""40f0434126ae436fb4303209904a3f6a""},""join_samples"":{""date"":""2026-10-06"",""run_id"":""f6b44811a3a04e82892b6b92b821b08c""}}"
690,189,"47.290097300000006 , 8.7085161","47.6668685 , 8.7075286",rural-rural,mixed,2678,"{""sample_routes"":{""date"":""2026-10-06"",""run_id"":""40f0434126ae436fb4303209904a3f6a""},""join_samples"":{""date"":""2026-10-06"",""run_id"":""f6b44811a3a04e82892b6b92b821b08c""}}"
691,190,"47.1735356 , 7.5997697","47.4373811 , 7.5993266",rural-rural,mixed,2724,"{""sample_routes"":{""date"":""2026-10-06"",""run_id"":""40f0434126ae436fb4303209904a3f6a""},""join_samples"":{""date"":""2026-10-06"",""run_id"":""f6b44811a3a04e82892b6b92b821b08c""}}"
692,191,"47.1802311 , 8.3145108","46.9030773 , 8.592375800000001",rural-rural,mixed,2676,"{""sample_routes"":{""date"":""2026-10-06"",""run_id"":""40f0434126ae436fb4303209904a3f6a""},""join_samples"":{""date"":""2026-10-06"",""run_id"":""f6b44811a3a04e82892b6b92b821b08c""}}"
693,192,"47.1840508 , 8.371738500000001","46.9790148 , 8.575855500000001",rural-rural,mixed,2674,"{""sample_routes"":{""date"":""2026-10-06"",""run_id"":""40f0434126ae436fb4303209904a3f6a""},""join_samples"":{""date"":""2026-10-06"",""run_id"":""f6b44811a3a04e82892b6b92b821b08c""}}"
694,193,"47.246931700000005 , 8.567117","46.9600054 , 8.5678671",rural-rural,mixed,2729,"{""sample_routes"":{""date"":""2026-10-06"",""run_id"":""40f0434126ae436fb4303209904a3f6a""},""join_samples"":{""date"":""2026-10-06"",""run_id"":""f6b44811a3a04e82892b6b92b821b08c""}}"
695,194,"46.249230000000004 , 7.3469622","46.035584300000004 , 7.134083",urban-rural,mixed,2670,"{""sample_routes"":{""date"":""2026-10-06"",""run_id"":""40f0434126ae436fb4303209904a3f6a""},""join_samples"":{""date"":""2026-10-06"",""run_id"":""f6b44811a3a04e82892b6b92b821b08c""}}"
696,195,"47.5958796 , 9.319266500000001","47.321471900000006 , 9.319287800000001",rural-rural,mixed,2665,"{""sample_routes"":{""date"":""2026-10-06"",""run_id"":""40f0434126ae436fb4303209904a3f6a""},""join_samples"":{""date"":""2026-10-06"",""run_id"":""f6b44811a3a04e82892b6b92b821b08c""}}"
697,196,"47.513305700000004 , 8.5454124","47.6951314 , 8.7266394",urban-rural,mixed,2658,"{""sample_routes"":{""date"":""2026-10-06"",""run_id"":""40f0434126ae436fb4303209904a3f6a""},""join_samples"":{""date"":""2026-10-06"",""run_id"":""f6b44811a3a04e82892b6b92b821b08c""}}"
698,197,"47.3492061 , 8.2626612","47.0992668 , 8.0125314",urban-rural,mixed,2747,"{""sample_routes"":{""date"":""2026-10-06"",""run_id"":""40f0434126ae436fb4303209904a3f6a""},""join_samples"":{""date"":""2026-10-06"",""run_id"":""f6b44811a3a04e82892b6b92b821b08c""}}"
699,198,"46.6218207 , 7.683987800000001","46.8169278 , 7.879986700000001",rural-rural,mixed,2747,"{""sample_routes"":{""date"":""2026-10-06"",""run_id"":""40f0434126ae436fb4303209904a3f6a""},""join_samples"":{""date"":""2026-10-06"",""run_id"":""f6b44811a3a04e82892b6b92b821b08c""}}"
700,199,"46.791314400000005 , 6.5174734","46.383465900000004 , 6.925195100000001",rural-rural,mixed,2747,"{""sample_routes"":{""date"":""2026-10-06"",""run_id"":""40f0434126ae436fb4303209904a3f6a""},""join_samples"":{""date"":""2026-10-06"",""run_id"":""f6b44811a3a04e82892b6b92b821b08c""}}"
701,200,"47.112092000000004 , 8.1937128","47.4521158 , 8.534007200000001",rural-rural,mixed,2653,"{""sample_routes"":{""date"":""2026-10-06"",""run_id"":""40f0434126ae436fb4303209904a3f6a""},""join_samples"":{""date"":""2026-10-06"",""run_id"":""f6b44811a3a04e82892b6b92b821b08c""}}"
702,201,"46.4601683 , 6.8499866","46.1341113 , 7.1760099",urban-rural,mixed,2748,"{""sample_routes"":{""date"":""2026-10-06"",""run_id"":""40f0434126ae436fb4303209904a3f6a""},""join_samples"":{""date"":""2026-10-06"",""run_id"":""f6b44811a3a04e82892b6b92b821b08c""}}"
703,202,"46.8303692 , 7.142879400000001","47.0232766 , 6.9502432",urban-urban,mixed,2748,"{""sample_routes"":{""date"":""2026-10-06"",""run_id"":""40f0434126ae436fb4303209904a3f6a""},""join_samples"":{""date"":""2026-10-06"",""run_id"":""f6b44811a3a04e82892b6b92b821b08c""}}"
704,203,"47.032978400000005 , 7.3384191","47.275469300000005 , 7.3374413",rural-rural,mixed,2750,"{""sample_routes"":{""date"":""2026-10-06"",""run_id"":""40f0434126ae436fb4303209904a3f6a""},""join_samples"":{""date"":""2026-10-06"",""run_id"":""f6b44811a3a04e82892b6b92b821b08c""}}"
705,204,"46.2498279 , 9.1474059","46.2489931 , 8.7035421",rural-rural,mixed,2646,"{""sample_routes"":{""date"":""2026-10-06"",""run_id"":""40f0434126ae436fb4303209904a3f6a""},""join_samples"":{""date"":""2026-10-06"",""run_id"":""f6b44811a3a04e82892b6b92b821b08c""}}"
706,205,"47.2058569 , 8.5266318","46.8290736 , 8.1489315",urban-rural,mixed,2756,"{""sample_routes"":{""date"":""2026-10-06"",""run_id"":""40f0434126ae436fb4303209904a3f6a""},""join_samples"":{""date"":""2026-10-06"",""run_id"":""f6b44811a3a04e82892b6b92b821b08c""}}"
707,206,"46.4352018 , 6.2484513","46.8522435 , 6.6662192000000005",rural-rural,mixed,2757,"{""sample_routes"":{""date"":""2026-10-06"",""run_id"":""40f0434126ae436fb4303209904a3f6a""},""join_samples"":{""date"":""2026-10-06"",""run_id"":""f6b44811a3a04e82892b6b92b821b08c""}}"
708,207,"47.453577900000006 , 7.7418963000000005","47.109842900000004 , 8.0863533",rural-rural,mixed,2759,"{""sample_routes"":{""date"":""2026-10-06"",""run_id"":""40f0434126ae436fb4303209904a3f6a""},""join_samples"":{""date"":""2026-10-06"",""run_id"":""f6b44811a3a04e82892b6b92b821b08c""}}"
709,208,"46.7008929 , 9.4228242","47.053705400000005 , 9.422333400000001",rural-urban,mixed,2762,"{""sample_routes"":{""date"":""2026-10-06"",""run_id"":""40f0434126ae436fb4303209904a3f6a""},""join_samples"":{""date"":""2026-10-06"",""run_id"":""f6b44811a3a04e82892b6b92b821b08c""}}"
710,209,"47.355034100000005 , 9.280726900000001","47.6167032 , 9.2813613",rural-rural,mixed,2634,"{""sample_routes"":{""date"":""2026-10-06"",""run_id"":""40f0434126ae436fb4303209904a3f6a""},""join_samples"":{""date"":""2026-10-06"",""run_id"":""f6b44811a3a04e82892b6b92b821b08c""}}"
711,210,"47.038446300000004 , 8.3193987","47.419955 , 8.320305000000001",urban-urban,mixed,2769,"{""sample_routes"":{""date"":""2026-10-06"",""run_id"":""40f0434126ae436fb4303209904a3f6a""},""join_samples"":{""date"":""2026-10-06"",""run_id"":""f6b44811a3a04e82892b6b92b821b08c""}}"
712,211,"47.539998700000005 , 8.857649700000001","47.2957284 , 8.6126191",urban-urban,mixed,2630,"{""sample_routes"":{""date"":""2026-10-06"",""run_id"":""40f0434126ae436fb4303209904a3f6a""},""join_samples"":{""date"":""2026-10-06"",""run_id"":""f6b44811a3a04e82892b6b92b821b08c""}}"
713,212,"47.784622000000006 , 8.664047100000001","47.5318399 , 8.9174535",rural-urban,mixed,2771,"{""sample_routes"":{""date"":""2026-10-06"",""run_id"":""40f0434126ae436fb4303209904a3f6a""},""join_samples"":{""date"":""2026-10-06"",""run_id"":""f6b44811a3a04e82892b6b92b821b08c""}}"
714,213,"47.5087324 , 7.8625547000000005","47.151478700000006 , 7.5054385",rural-rural,mixed,2773,"{""sample_routes"":{""date"":""2026-10-06"",""run_id"":""40f0434126ae436fb4303209904a3f6a""},""join_samples"":{""date"":""2026-10-06"",""run_id"":""f6b44811a3a04e82892b6b92b821b08c""}}"
715,214,"47.7400773 , 8.7141459","47.339637700000004 , 8.715022000000001",rural-urban,mixed,2778,"{""sample_routes"":{""date"":""2026-10-06"",""run_id"":""40f0434126ae436fb4303209904a3f6a""},""join_samples"":{""date"":""2026-10-06"",""run_id"":""f6b44811a3a04e82892b6b92b821b08c""}}"
716,215,"47.484827700000004 , 9.5445171","47.2559198 , 9.3164411",rural-rural,mixed,2622,"{""sample_routes"":{""date"":""2026-10-06"",""run_id"":""40f0434126ae436fb4303209904a3f6a""},""join_samples"":{""date"":""2026-10-06"",""run_id"":""f6b44811a3a04e82892b6b92b821b08c""}}"
717,216,"46.930898400000004 , 7.4295803000000005","46.640275300000006 , 7.4291182000000004",urban-rural,mixed,2780,"{""sample_routes"":{""date"":""2026-10-06"",""run_id"":""40f0434126ae436fb4303209904a3f6a""},""join_samples"":{""date"":""2026-10-06"",""run_id"":""f6b44811a3a04e82892b6b92b821b08c""}}"
718,217,"46.634180300000004 , 7.721047","46.9135828 , 7.7202612",rural-rural,mixed,2618,"{""sample_routes"":{""date"":""2026-10-06"",""run_id"":""40f0434126ae436fb4303209904a3f6a""},""join_samples"":{""date"":""2026-10-06"",""run_id"":""f6b44811a3a04e82892b6b92b821b08c""}}"
719,218,"47.090205600000004 , 8.2520585","47.426393000000004 , 8.251944100000001",urban-rural,mixed,2617,"{""sample_routes"":{""date"":""2026-10-06"",""run_id"":""40f0434126ae436fb4303209904a3f6a""},""join_samples"":{""date"":""2026-10-06"",""run_id"":""f6b44811a3a04e82892b6b92b821b08c""}}"
720,219,"47.4709413 , 9.5079208","47.2491695 , 9.2854521",urban-rural,mixed,2596,"{""sample_routes"":{""date"":""2026-10-06"",""run_id"":""40f0434126ae436fb4303209904a3f6a""},""join_samples"":{""date"":""2026-10-06"",""run_id"":""f6b44811a3a04e82892b6b92b821b08c""}}"
721,220,"47.188936600000005 , 7.4003366","47.475237500000006 , 7.686935900000001",urban-rural,mixed,2804,"{""sample_routes"":{""date"":""2026-10-06"",""run_id"":""40f0434126ae436fb4303209904a3f6a""},""join_samples"":{""date"":""2026-10-06"",""run_id"":""f6b44811a3a04e82892b6b92b821b08c""}}"
722,221,"47.1853512 , 7.75309","46.8994604 , 7.4681335",rural-rural,mixed,2808,"{""sample_routes"":{""date"":""2026-10-06"",""run_id"":""40f0434126ae436fb4303209904a3f6a""},""join_samples"":{""date"":""2026-10-06"",""run_id"":""f6b44811a3a04e82892b6b92b821b08c""}}"
723,222,"47.5868072 , 9.082191100000001","47.334402100000005 , 8.8298181",rural-urban,mixed,2810,"{""sample_routes"":{""date"":""2026-10-06"",""run_id"":""40f0434126ae436fb4303209904a3f6a""},""join_samples"":{""date"":""2026-10-06"",""run_id"":""f6b44811a3a04e82892b6b92b821b08c""}}"
724,223,"47.355407 , 8.0431259","47.59377670000001 , 8.281418200000001",urban-rural,mixed,2588,"{""sample_routes"":{""date"":""2026-10-06"",""run_id"":""40f0434126ae436fb4303209904a3f6a""},""join_samples"":{""date"":""2026-10-06"",""run_id"":""f6b44811a3a04e82892b6b92b821b08c""}}"
725,224,"47.032619600000004 , 8.4574466","47.0327271 , 8.1332757",rural-rural,mixed,2812,"{""sample_routes"":{""date"":""2026-10-06"",""run_id"":""40f0434126ae436fb4303209904a3f6a""},""join_samples"":{""date"":""2026-10-06"",""run_id"":""f6b44811a3a04e82892b6b92b821b08c""}}"
726,225,"47.2281751 , 7.965139300000001","47.551844100000004 , 7.9646274",rural-rural,mixed,2587,"{""sample_routes"":{""date"":""2026-10-06"",""run_id"":""40f0434126ae436fb4303209904a3f6a""},""join_samples"":{""date"":""2026-10-06"",""run_id"":""f6b44811a3a04e82892b6b92b821b08c""}}"
727,226,"47.3266852 , 8.6343154","47.529127100000004 , 8.8361952",rural-rural,mixed,2586,"{""sample_routes"":{""date"":""2026-10-06"",""run_id"":""40f0434126ae436fb4303209904a3f6a""},""join_samples"":{""date"":""2026-10-06"",""run_id"":""f6b44811a3a04e82892b6b92b821b08c""}}"
728,227,"47.246994300000004 , 7.6185957","47.571357500000005 , 7.6189466",rural-urban,mixed,2816,"{""sample_routes"":{""date"":""2026-10-06"",""run_id"":""40f0434126ae436fb4303209904a3f6a""},""join_samples"":{""date"":""2026-10-06"",""run_id"":""f6b44811a3a04e82892b6b92b821b08c""}}"
729,228,"47.3495585 , 7.701371900000001","47.5427942 , 7.5082364",rural-rural,mixed,2817,"{""sample_routes"":{""date"":""2026-10-06"",""run_id"":""40f0434126ae436fb4303209904a3f6a""},""join_samples"":{""date"":""2026-10-06"",""run_id"":""f6b44811a3a04e82892b6b92b821b08c""}}"
730,229,"47.28755 , 8.006337700000001","47.56372390000001 , 8.2826755",rural-rural,mixed,2582,"{""sample_routes"":{""date"":""2026-10-06"",""run_id"":""40f0434126ae436fb4303209904a3f6a""},""join_samples"":{""date"":""2026-10-06"",""run_id"":""f6b44811a3a04e82892b6b92b821b08c""}}"
731,230,"46.654729200000006 , 7.440568300000001","47.055587800000005 , 7.4413445000000005",rural-rural,mixed,2821,"{""sample_routes"":{""date"":""2026-10-06"",""run_id"":""40f0434126ae436fb4303209904a3f6a""},""join_samples"":{""date"":""2026-10-06"",""run_id"":""f6b44811a3a04e82892b6b92b821b08c""}}"
732,231,"47.3227508 , 8.440837100000001","46.9667596 , 8.4403399",rural-rural,mixed,2577,"{""sample_routes"":{""date"":""2026-10-06"",""run_id"":""40f0434126ae436fb4303209904a3f6a""},""join_samples"":{""date"":""2026-10-06"",""run_id"":""f6b44811a3a04e82892b6b92b821b08c""}}"
733,232,"47.280021500000004 , 7.958404600000001","47.5934777 , 7.644601000000001",urban-urban,mixed,2573,"{""sample_routes"":{""date"":""2026-10-06"",""run_id"":""40f0434126ae436fb4303209904a3f6a""},""join_samples"":{""date"":""2026-10-06"",""run_id"":""f6b44811a3a04e82892b6b92b821b08c""}}"
734,233,"47.323193800000006 , 8.8065429","47.675204400000005 , 8.8075223",urban-rural,mixed,2834,"{""sample_routes"":{""date"":""2026-10-06"",""run_id"":""40f0434126ae436fb4303209904a3f6a""},""join_samples"":{""date"":""2026-10-06"",""run_id"":""f6b44811a3a04e82892b6b92b821b08c""}}"
735,234,"46.486708500000006 , 6.8475954","46.1575974 , 7.1772378",rural-urban,mixed,2565,"{""sample_routes"":{""date"":""2026-10-06"",""run_id"":""40f0434126ae436fb4303209904a3f6a""},""join_samples"":{""date"":""2026-10-06"",""run_id"":""f6b44811a3a04e82892b6b92b821b08c""}}"
736,235,"47.102693900000006 , 7.345723700000001","46.8159453 , 7.6331185",rural-rural,mixed,2564,"{""sample_routes"":{""date"":""2026-10-06"",""run_id"":""40f0434126ae436fb4303209904a3f6a""},""join_samples"":{""date"":""2026-10-06"",""run_id"":""f6b44811a3a04e82892b6b92b821b08c""}}"
737,236,"46.9807081 , 7.4565003","46.5616076 , 7.0372523000000005",urban-rural,mixed,2839,"{""sample_routes"":{""date"":""2026-10-06"",""run_id"":""40f0434126ae436fb4303209904a3f6a""},""join_samples"":{""date"":""2026-10-06"",""run_id"":""f6b44811a3a04e82892b6b92b821b08c""}}"
738,237,"47.1994114 , 7.4488646","46.966793 , 7.680532400000001",rural-rural,mixed,2559,"{""sample_routes"":{""date"":""2026-10-06"",""run_id"":""40f0434126ae436fb4303209904a3f6a""},""join_samples"":{""date"":""2026-10-06"",""run_id"":""f6b44811a3a04e82892b6b92b821b08c""}}"
739,238,"46.305072 , 7.6964294","46.1085421 , 7.499617400000001",rural-rural,mixed,2842,"{""sample_routes"":{""date"":""2026-10-06"",""run_id"":""40f0434126ae436fb4303209904a3f6a""},""join_samples"":{""date"":""2026-10-06"",""run_id"":""f6b44811a3a04e82892b6b92b821b08c""}}"
740,239,"47.4803956 , 8.5218015","47.6860396 , 8.7278357",urban-rural,mixed,2557,"{""sample_routes"":{""date"":""2026-10-06"",""run_id"":""40f0434126ae436fb4303209904a3f6a""},""join_samples"":{""date"":""2026-10-06"",""run_id"":""f6b44811a3a04e82892b6b92b821b08c""}}"
741,240,"46.954329200000004 , 7.4524306000000005","46.954782 , 6.813964800000001",urban-rural,mixed,2845,"{""sample_routes"":{""date"":""2026-10-06"",""run_id"":""40f0434126ae436fb4303209904a3f6a""},""join_samples"":{""date"":""2026-10-06"",""run_id"":""f6b44811a3a04e82892b6b92b821b08c""}}"
742,241,"46.866807300000005 , 7.2132597","47.161906800000004 , 7.2136512",rural-rural,mixed,2847,"{""sample_routes"":{""date"":""2026-10-06"",""run_id"":""40f0434126ae436fb4303209904a3f6a""},""join_samples"":{""date"":""2026-10-06"",""run_id"":""f6b44811a3a04e82892b6b92b821b08c""}}"
743,242,"47.4280916 , 8.574404000000001","47.7465026 , 8.574041300000001",urban-rural,mixed,2848,"{""sample_routes"":{""date"":""2026-10-06"",""run_id"":""40f0434126ae436fb4303209904a3f6a""},""join_samples"":{""date"":""2026-10-06"",""run_id"":""f6b44811a3a04e82892b6b92b821b08c""}}"
744,243,"47.0267296 , 8.9721278","47.238124500000005 , 8.7606629",rural-urban,mixed,2851,"{""sample_routes"":{""date"":""2026-10-06"",""run_id"":""40f0434126ae436fb4303209904a3f6a""},""join_samples"":{""date"":""2026-10-06"",""run_id"":""f6b44811a3a04e82892b6b92b821b08c""}}"
745,244,"47.2737344 , 8.6720641","47.160290200000006 , 8.557766500000001",urban-rural,mixed,2855,"{""sample_routes"":{""date"":""2026-10-06"",""run_id"":""40f0434126ae436fb4303209904a3f6a""},""join_samples"":{""date"":""2026-10-06"",""run_id"":""f6b44811a3a04e82892b6b92b821b08c""}}"
746,245,"47.177503 , 7.567724","47.536649700000005 , 7.927427400000001",urban-rural,mixed,2862,"{""sample_routes"":{""date"":""2026-10-06"",""run_id"":""40f0434126ae436fb4303209904a3f6a""},""join_samples"":{""date"":""2026-10-06"",""run_id"":""f6b44811a3a04e82892b6b92b821b08c""}}"
747,246,"47.2238801 , 8.9833496","47.461551400000005 , 8.7466608",urban-rural,mixed,2536,"{""sample_routes"":{""date"":""2026-10-06"",""run_id"":""40f0434126ae436fb4303209904a3f6a""},""join_samples"":{""date"":""2026-10-06"",""run_id"":""f6b44811a3a04e82892b6b92b821b08c""}}"
748,247,"47.253799300000004 , 8.1931432","46.9613838 , 8.4846445",urban-rural,mixed,2536,"{""sample_routes"":{""date"":""2026-10-06"",""run_id"":""40f0434126ae436fb4303209904a3f6a""},""join_samples"":{""date"":""2026-10-06"",""run_id"":""f6b44811a3a04e82892b6b92b821b08c""}}"
749,248,"47.368641100000005 , 8.5439361","46.9886162 , 8.543312400000001",urban-rural,mixed,2535,"{""sample_routes"":{""date"":""2026-10-06"",""run_id"":""40f0434126ae436fb4303209904a3f6a""},""join_samples"":{""date"":""2026-10-06"",""run_id"":""f6b44811a3a04e82892b6b92b821b08c""}}"
750,249,"47.191191800000006 , 8.8254237","47.3709537 , 9.004332",urban-rural,mixed,2530,"{""sample_routes"":{""date"":""2026-10-06"",""run_id"":""40f0434126ae436fb4303209904a3f6a""},""join_samples"":{""date"":""2026-10-06"",""run_id"":""f6b44811a3a04e82892b6b92b821b08c""}}"
751,250,"47.385350700000004 , 8.0908624","47.0499944 , 8.4266672",urban-rural,mixed,2871,"{""sample_routes"":{""date"":""2026-10-06"",""run_id"":""40f0434126ae436fb4303209904a3f6a""},""join_samples"":{""date"":""2026-10-06"",""run_id"":""f6b44811a3a04e82892b6b92b821b08c""}}"
752,251,"47.322631 , 8.0620975","47.577003600000005 , 8.3162606",rural-rural,mixed,2522,"{""sample_routes"":{""date"":""2026-10-06"",""run_id"":""40f0434126ae436fb4303209904a3f6a""},""join_samples"":{""date"":""2026-10-06"",""run_id"":""f6b44811a3a04e82892b6b92b821b08c""}}"
753,252,"46.247023600000006 , 7.3538576","46.248001900000006 , 6.9294948000000005",urban-urban,mixed,2520,"{""sample_routes"":{""date"":""2026-10-06"",""run_id"":""40f0434126ae436fb4303209904a3f6a""},""join_samples"":{""date"":""2026-10-06"",""run_id"":""f6b44811a3a04e82892b6b92b821b08c""}}"
754,253,"46.9935964 , 8.372287400000001","46.994177 , 8.056319700000001",rural-rural,mixed,2518,"{""sample_routes"":{""date"":""2026-10-06"",""run_id"":""40f0434126ae436fb4303209904a3f6a""},""join_samples"":{""date"":""2026-10-06"",""run_id"":""f6b44811a3a04e82892b6b92b821b08c""}}"
755,254,"46.68225 , 7.870249500000001","46.978308600000005 , 7.5736208000000005",urban-rural,mixed,2883,"{""sample_routes"":{""date"":""2026-10-06"",""run_id"":""40f0434126ae436fb4303209904a3f6a""},""join_samples"":{""date"":""2026-10-06"",""run_id"":""f6b44811a3a04e82892b6b92b821b08c""}}"
756,255,"47.391335000000005 , 8.4693739","47.0556198 , 8.804359",urban-rural,mixed,2886,"{""sample_routes"":{""date"":""2026-10-06"",""run_id"":""40f0434126ae436fb4303209904a3f6a""},""join_samples"":{""date"":""2026-10-06"",""run_id"":""f6b44811a3a04e82892b6b92b821b08c""}}"
757,256,"46.9531408 , 7.3863278","46.6270194 , 7.3860254",urban-rural,mixed,2889,"{""sample_routes"":{""date"":""2026-10-06"",""run_id"":""40f0434126ae436fb4303209904a3f6a""},""join_samples"":{""date"":""2026-10-06"",""run_id"":""f6b44811a3a04e82892b6b92b821b08c""}}"
758,257,"47.328287200000005 , 8.5295395","47.6557248 , 8.8560427",urban-rural,mixed,2893,"{""sample_routes"":{""date"":""2026-10-06"",""run_id"":""40f0434126ae436fb4303209904a3f6a""},""join_samples"":{""date"":""2026-10-06"",""run_id"":""f6b44811a3a04e82892b6b92b821b08c""}}"
759,258,"46.942641200000004 , 7.4340399","46.657687900000006 , 7.4346000000000005",urban-rural,mixed,2503,"{""sample_routes"":{""date"":""2026-10-06"",""run_id"":""40f0434126ae436fb4303209904a3f6a""},""join_samples"":{""date"":""2026-10-06"",""run_id"":""f6b44811a3a04e82892b6b92b821b08c""}}"
760,259,"47.4801932 , 9.4645968","47.225137700000005 , 9.210343",urban-rural,mixed,2907,"{""sample_routes"":{""date"":""2026-10-06"",""run_id"":""40f0434126ae436fb4303209904a3f6a""},""join_samples"":{""date"":""2026-10-06"",""run_id"":""f6b44811a3a04e82892b6b92b821b08c""}}"
761,260,"46.979078200000004 , 8.588951900000001","47.228925600000004 , 8.3399224",rural-rural,mixed,2914,"{""sample_routes"":{""date"":""2026-10-06"",""run_id"":""40f0434126ae436fb4303209904a3f6a""},""join_samples"":{""date"":""2026-10-06"",""run_id"":""f6b44811a3a04e82892b6b92b821b08c""}}"
762,261,"46.293554 , 7.472337400000001","46.1372858 , 7.3162855",rural-rural,mixed,2485,"{""sample_routes"":{""date"":""2026-10-06"",""run_id"":""40f0434126ae436fb4303209904a3f6a""},""join_samples"":{""date"":""2026-10-06"",""run_id"":""f6b44811a3a04e82892b6b92b821b08c""}}"
763,262,"47.4030696 , 8.4485933","47.0506198 , 8.801447600000001",urban-rural,mixed,2920,"{""sample_routes"":{""date"":""2026-10-06"",""run_id"":""40f0434126ae436fb4303209904a3f6a""},""join_samples"":{""date"":""2026-10-06"",""run_id"":""f6b44811a3a04e82892b6b92b821b08c""}}"
764,263,"47.406672500000006 , 9.185974400000001","47.6445766 , 9.1857412",urban-urban,mixed,2479,"{""sample_routes"":{""date"":""2026-10-06"",""run_id"":""40f0434126ae436fb4303209904a3f6a""},""join_samples"":{""date"":""2026-10-06"",""run_id"":""f6b44811a3a04e82892b6b92b821b08c""}}"
765,264,"47.1014684 , 9.034161600000001","47.100863700000005 , 8.726904900000001",rural-rural,mixed,2928,"{""sample_routes"":{""date"":""2026-10-06"",""run_id"":""40f0434126ae436fb4303209904a3f6a""},""join_samples"":{""date"":""2026-10-06"",""run_id"":""f6b44811a3a04e82892b6b92b821b08c""}}"
766,265,"47.3224237 , 8.785942200000001","47.1227655 , 8.586482100000001",urban-rural,mixed,2931,"{""sample_routes"":{""date"":""2026-10-06"",""run_id"":""40f0434126ae436fb4303209904a3f6a""},""join_samples"":{""date"":""2026-10-06"",""run_id"":""f6b44811a3a04e82892b6b92b821b08c""}}"
767,266,"46.8031026 , 6.560393400000001","46.5152105 , 6.2730585",rural-rural,mixed,2936,"{""sample_routes"":{""date"":""2026-10-06"",""run_id"":""40f0434126ae436fb4303209904a3f6a""},""join_samples"":{""date"":""2026-10-06"",""run_id"":""f6b44811a3a04e82892b6b92b821b08c""}}"
768,267,"46.942596200000004 , 7.4527464000000005","47.3930768 , 7.9027909",urban-rural,mixed,2936,"{""sample_routes"":{""date"":""2026-10-06"",""run_id"":""40f0434126ae436fb4303209904a3f6a""},""join_samples"":{""date"":""2026-10-06"",""run_id"":""f6b44811a3a04e82892b6b92b821b08c""}}"
769,268,"47.3696691 , 8.2083946","47.073206500000005 , 7.912123800000001",rural-rural,mixed,2938,"{""sample_routes"":{""date"":""2026-10-06"",""run_id"":""40f0434126ae436fb4303209904a3f6a""},""join_samples"":{""date"":""2026-10-06"",""run_id"":""f6b44811a3a04e82892b6b92b821b08c""}}"
770,269,"47.170697800000006 , 7.3315824","46.844168100000005 , 7.005833000000001",rural-rural,mixed,2940,"{""sample_routes"":{""date"":""2026-10-06"",""run_id"":""40f0434126ae436fb4303209904a3f6a""},""join_samples"":{""date"":""2026-10-06"",""run_id"":""f6b44811a3a04e82892b6b92b821b08c""}}"
771,270,"46.013114400000006 , 8.816978200000001","45.8221459 , 9.007398700000001",rural-rural,mixed,2458,"{""sample_routes"":{""date"":""2026-10-06"",""run_id"":""40f0434126ae436fb4303209904a3f6a""},""join_samples"":{""date"":""2026-10-06"",""run_id"":""f6b44811a3a04e82892b6b92b821b08c""}}"
772,271,"46.913245 , 7.149748700000001","47.1549315 , 6.907639400000001",rural-rural,mixed,2945,"{""sample_routes"":{""date"":""2026-10-06"",""run_id"":""40f0434126ae436fb4303209904a3f6a""},""join_samples"":{""date"":""2026-10-06"",""run_id"":""f6b44811a3a04e82892b6b92b821b08c""}}"
773,272,"47.1171707 , 7.2415339","47.3274539 , 7.4513527",urban-rural,mixed,2455,"{""sample_routes"":{""date"":""2026-10-06"",""run_id"":""40f0434126ae436fb4303209904a3f6a""},""join_samples"":{""date"":""2026-10-06"",""run_id"":""f6b44811a3a04e82892b6b92b821b08c""}}"
774,273,"47.0770161 , 9.4762407","47.466482600000006 , 9.4767583",rural-urban,mixed,2453,"{""sample_routes"":{""date"":""2026-10-06"",""run_id"":""40f0434126ae436fb4303209904a3f6a""},""join_samples"":{""date"":""2026-10-06"",""run_id"":""f6b44811a3a04e82892b6b92b821b08c""}}"
775,274,"46.9445083 , 7.4575852000000005","47.2353139 , 7.1665733000000005",urban-rural,mixed,2453,"{""sample_routes"":{""date"":""2026-10-06"",""run_id"":""40f0434126ae436fb4303209904a3f6a""},""join_samples"":{""date"":""2026-10-06"",""run_id"":""f6b44811a3a04e82892b6b92b821b08c""}}"
776,275,"47.2847097 , 8.2640598","46.875539700000004 , 8.2649638",rural-rural,mixed,2948,"{""sample_routes"":{""date"":""2026-10-06"",""run_id"":""40f0434126ae436fb4303209904a3f6a""},""join_samples"":{""date"":""2026-10-06"",""run_id"":""f6b44811a3a04e82892b6b92b821b08c""}}"
777,276,"47.3873261 , 8.2885623","47.0620467 , 8.6146168",rural-rural,mixed,2952,"{""sample_routes"":{""date"":""2026-10-06"",""run_id"":""40f0434126ae436fb4303209904a3f6a""},""join_samples"":{""date"":""2026-10-06"",""run_id"":""f6b44811a3a04e82892b6b92b821b08c""}}"
778,277,"45.959607000000005 , 8.9872172","46.1529481 , 8.7936184",rural-urban,mixed,2957,"{""sample_routes"":{""date"":""2026-10-06"",""run_id"":""40f0434126ae436fb4303209904a3f6a""},""join_samples"":{""date"":""2026-10-06"",""run_id"":""f6b44811a3a04e82892b6b92b821b08c""}}"
779,278,"47.3332795 , 8.725873700000001","47.084528500000005 , 8.476985",urban-rural,mixed,2963,"{""sample_routes"":{""date"":""2026-10-06"",""run_id"":""40f0434126ae436fb4303209904a3f6a""},""join_samples"":{""date"":""2026-10-06"",""run_id"":""f6b44811a3a04e82892b6b92b821b08c""}}"
780,279,"47.191440400000005 , 9.3244931","47.093352700000004 , 9.3248048",rural-rural,mixed,2435,"{""sample_routes"":{""date"":""2026-10-06"",""run_id"":""40f0434126ae436fb4303209904a3f6a""},""join_samples"":{""date"":""2026-10-06"",""run_id"":""f6b44811a3a04e82892b6b92b821b08c""}}"
781,280,"47.044229400000006 , 8.7045895","47.3136479 , 8.7053405",rural-rural,mixed,2965,"{""sample_routes"":{""date"":""2026-10-06"",""run_id"":""40f0434126ae436fb4303209904a3f6a""},""join_samples"":{""date"":""2026-10-06"",""run_id"":""f6b44811a3a04e82892b6b92b821b08c""}}"
782,281,"46.5943643 , 6.9203755000000005","46.5951485 , 6.3966843",rural-rural,mixed,2970,"{""sample_routes"":{""date"":""2026-10-06"",""run_id"":""40f0434126ae436fb4303209904a3f6a""},""join_samples"":{""date"":""2026-10-06"",""run_id"":""f6b44811a3a04e82892b6b92b821b08c""}}"
783,282,"46.2036062 , 6.1632148","46.653913800000005 , 6.614156400000001",urban-rural,mixed,2973,"{""sample_routes"":{""date"":""2026-10-06"",""run_id"":""40f0434126ae436fb4303209904a3f6a""},""join_samples"":{""date"":""2026-10-06"",""run_id"":""f6b44811a3a04e82892b6b92b821b08c""}}"
784,283,"47.4590297 , 7.6886548","47.155682000000006 , 7.6883591000000004",rural-rural,mixed,2974,"{""sample_routes"":{""date"":""2026-10-06"",""run_id"":""40f0434126ae436fb4303209904a3f6a""},""join_samples"":{""date"":""2026-10-06"",""run_id"":""f6b44811a3a04e82892b6b92b821b08c""}}"
785,284,"47.622074600000005 , 8.646532800000001","47.3215761 , 8.3464177",rural-rural,mixed,2975,"{""sample_routes"":{""date"":""2026-10-06"",""run_id"":""40f0434126ae436fb4303209904a3f6a""},""join_samples"":{""date"":""2026-10-06"",""run_id"":""f6b44811a3a04e82892b6b92b821b08c""}}"
786,285,"47.3548587 , 7.2906399","47.0428847 , 7.290217",rural-rural,mixed,2975,"{""sample_routes"":{""date"":""2026-10-06"",""run_id"":""40f0434126ae436fb4303209904a3f6a""},""join_samples"":{""date"":""2026-10-06"",""run_id"":""f6b44811a3a04e82892b6b92b821b08c""}}"
787,286,"47.1734616 , 8.7723373","47.400216500000006 , 8.998825100000001",urban-rural,mixed,2976,"{""sample_routes"":{""date"":""2026-10-06"",""run_id"":""40f0434126ae436fb4303209904a3f6a""},""join_samples"":{""date"":""2026-10-06"",""run_id"":""f6b44811a3a04e82892b6b92b821b08c""}}"
788,287,"46.977983300000005 , 7.4615051","46.656430400000005 , 7.461238300000001",urban-rural,mixed,2421,"{""sample_routes"":{""date"":""2026-10-06"",""run_id"":""40f0434126ae436fb4303209904a3f6a""},""join_samples"":{""date"":""2026-10-06"",""run_id"":""f6b44811a3a04e82892b6b92b821b08c""}}"
789,288,"46.2568118 , 7.5302682","46.256586000000006 , 7.0095425",rural-rural,mixed,2979,"{""sample_routes"":{""date"":""2026-10-06"",""run_id"":""40f0434126ae436fb4303209904a3f6a""},""join_samples"":{""date"":""2026-10-06"",""run_id"":""f6b44811a3a04e82892b6b92b821b08c""}}"
790,289,"47.3839813 , 7.934029000000001","47.0386742 , 8.2791236",rural-urban,mixed,2980,"{""sample_routes"":{""date"":""2026-10-06"",""run_id"":""40f0434126ae436fb4303209904a3f6a""},""join_samples"":{""date"":""2026-10-06"",""run_id"":""f6b44811a3a04e82892b6b92b821b08c""}}"
791,290,"47.5582822 , 7.5949622","47.0509301 , 7.5952083",urban-urban,mixed,2980,"{""sample_routes"":{""date"":""2026-10-06"",""run_id"":""40f0434126ae436fb4303209904a3f6a""},""join_samples"":{""date"":""2026-10-06"",""run_id"":""f6b44811a3a04e82892b6b92b821b08c""}}"
792,291,"47.3973238 , 8.5037413","47.0434902 , 8.148960800000001",urban-rural,mixed,2983,"{""sample_routes"":{""date"":""2026-10-06"",""run_id"":""40f0434126ae436fb4303209904a3f6a""},""join_samples"":{""date"":""2026-10-06"",""run_id"":""f6b44811a3a04e82892b6b92b821b08c""}}"
793,292,"47.508546300000006 , 8.5939186","47.0573926 , 8.5936242",urban-rural,mixed,2987,"{""sample_routes"":{""date"":""2026-10-06"",""run_id"":""40f0434126ae436fb4303209904a3f6a""},""join_samples"":{""date"":""2026-10-06"",""run_id"":""f6b44811a3a04e82892b6b92b821b08c""}}"
794,293,"47.1519678 , 8.7849228","47.151258500000004 , 8.3155166",rural-rural,mixed,2991,"{""sample_routes"":{""date"":""2026-10-06"",""run_id"":""40f0434126ae436fb4303209904a3f6a""},""join_samples"":{""date"":""2026-10-06"",""run_id"":""f6b44811a3a04e82892b6b92b821b08c""}}"
795,294,"46.258371200000006 , 7.3083847","46.258151000000005 , 6.9224683",rural-urban,mixed,2991,"{""sample_routes"":{""date"":""2026-10-06"",""run_id"":""40f0434126ae436fb4303209904a3f6a""},""join_samples"":{""date"":""2026-10-06"",""run_id"":""f6b44811a3a04e82892b6b92b821b08c""}}"
796,295,"47.425485800000004 , 8.4000897","47.4257803 , 7.7175270000000005",urban-rural,mixed,2992,"{""sample_routes"":{""date"":""2026-10-06"",""run_id"":""40f0434126ae436fb4303209904a3f6a""},""join_samples"":{""date"":""2026-10-06"",""run_id"":""f6b44811a3a04e82892b6b92b821b08c""}}"
797,296,"46.1534483 , 7.223793100000001","46.491107 , 6.886064",rural-rural,mixed,2997,"{""sample_routes"":{""date"":""2026-10-06"",""run_id"":""40f0434126ae436fb4303209904a3f6a""},""join_samples"":{""date"":""2026-10-06"",""run_id"":""f6b44811a3a04e82892b6b92b821b08c""}}"
798,297,"46.7320567 , 7.6680092","47.215588600000004 , 7.667790800000001",rural-rural,mixed,2999,"{""sample_routes"":{""date"":""2026-10-06"",""run_id"":""40f0434126ae436fb4303209904a3f6a""},""join_samples"":{""date"":""2026-10-06"",""run_id"":""f6b44811a3a04e82892b6b92b821b08c""}}"
799,298,"46.9454409 , 7.3891989","47.242179900000004 , 7.091765400000001",urban-rural,mixed,3003,"{""sample_routes"":{""date"":""2026-10-06"",""run_id"":""40f0434126ae436fb4303209904a3f6a""},""join_samples"":{""date"":""2026-10-06"",""run_id"":""f6b44811a3a04e82892b6b92b821b08c""}}"
800,299,"46.770225200000006 , 7.5047937000000005","47.065194000000005 , 7.2093226",rural-rural,mixed,3005,"{""sample_routes"":{""date"":""2026-10-06"",""run_id"":""40f0434126ae436fb4303209904a3f6a""},""join_samples"":{""date"":""2026-10-06"",""run_id"":""f6b44811a3a04e82892b6b92b821b08c""}}"
801,300,"47.2079485 , 7.1954849","46.922585500000004 , 7.194724600000001",rural-rural,mixed,2393,"{""sample_routes"":{""date"":""2026-10-06"",""run_id"":""40f0434126ae436fb4303209904a3f6a""},""join_samples"":{""date"":""2026-10-06"",""run_id"":""f6b44811a3a04e82892b6b92b821b08c""}}"
802,301,"47.172297300000004 , 8.1110954","47.488328100000004 , 8.427468300000001",urban-rural,mixed,3009,"{""sample_routes"":{""date"":""2026-10-06"",""run_id"":""40f0434126ae436fb4303209904a3f6a""},""join_samples"":{""date"":""2026-10-06"",""run_id"":""f6b44811a3a04e82892b6b92b821b08c""}}"
803,302,"47.191673800000004 , 8.4834639","47.190742300000004 , 7.8386741",urban-rural,mixed,3013,"{""sample_routes"":{""date"":""2026-10-06"",""run_id"":""40f0434126ae436fb4303209904a3f6a""},""join_samples"":{""date"":""2026-10-06"",""run_id"":""f6b44811a3a04e82892b6b92b821b08c""}}"
804,303,"47.002987600000004 , 7.4620908","47.443978900000005 , 7.9026341",urban-rural,mixed,3014,"{""sample_routes"":{""date"":""2026-10-06"",""run_id"":""40f0434126ae436fb4303209904a3f6a""},""join_samples"":{""date"":""2026-10-06"",""run_id"":""f6b44811a3a04e82892b6b92b821b08c""}}"
805,304,"47.1897791 , 7.980685","47.5677845 , 8.3592315",rural-rural,mixed,3015,"{""sample_routes"":{""date"":""2026-10-06"",""run_id"":""40f0434126ae436fb4303209904a3f6a""},""join_samples"":{""date"":""2026-10-06"",""run_id"":""f6b44811a3a04e82892b6b92b821b08c""}}"
806,305,"47.5610293 , 8.425369","47.0743172 , 8.4250501",rural-rural,mixed,3017,"{""sample_routes"":{""date"":""2026-10-06"",""run_id"":""40f0434126ae436fb4303209904a3f6a""},""join_samples"":{""date"":""2026-10-06"",""run_id"":""f6b44811a3a04e82892b6b92b821b08c""}}"
807,306,"47.0777694 , 8.4292957","47.434018200000004 , 8.786048000000001",rural-rural,mixed,3017,"{""sample_routes"":{""date"":""2026-10-06"",""run_id"":""40f0434126ae436fb4303209904a3f6a""},""join_samples"":{""date"":""2026-10-06"",""run_id"":""f6b44811a3a04e82892b6b92b821b08c""}}"
808,307,"46.0921408 , 7.0654973000000005","46.584274 , 6.5725316000000005",urban-rural,mixed,3018,"{""sample_routes"":{""date"":""2026-10-06"",""run_id"":""40f0434126ae436fb4303209904a3f6a""},""join_samples"":{""date"":""2026-10-06"",""run_id"":""f6b44811a3a04e82892b6b92b821b08c""}}"
809,308,"47.1255899 , 9.496237800000001","47.4223359 , 9.199464500000001",rural-urban,mixed,3018,"{""sample_routes"":{""date"":""2026-10-06"",""run_id"":""40f0434126ae436fb4303209904a3f6a""},""join_samples"":{""date"":""2026-10-06"",""run_id"":""f6b44811a3a04e82892b6b92b821b08c""}}"
810,309,"46.821082000000004 , 8.4239077","47.2072869 , 8.424584000000001",rural-rural,mixed,3018,"{""sample_routes"":{""date"":""2026-10-06"",""run_id"":""40f0434126ae436fb4303209904a3f6a""},""join_samples"":{""date"":""2026-10-06"",""run_id"":""f6b44811a3a04e82892b6b92b821b08c""}}"
811,310,"47.1958532 , 8.444759300000001","47.195028400000005 , 7.7937840000000005",urban-urban,mixed,3019,"{""sample_routes"":{""date"":""2026-10-06"",""run_id"":""40f0434126ae436fb4303209904a3f6a""},""join_samples"":{""date"":""2026-10-06"",""run_id"":""f6b44811a3a04e82892b6b92b821b08c""}}"
812,311,"47.3520927 , 7.901364300000001","47.5895463 , 7.664462400000001",urban-urban,mixed,2378,"{""sample_routes"":{""date"":""2026-10-06"",""run_id"":""40f0434126ae436fb4303209904a3f6a""},""join_samples"":{""date"":""2026-10-06"",""run_id"":""f6b44811a3a04e82892b6b92b821b08c""}}"
813,312,"46.8764538 , 7.325448000000001","47.322193000000006 , 7.771047200000001",rural-rural,mixed,3024,"{""sample_routes"":{""date"":""2026-10-06"",""run_id"":""40f0434126ae436fb4303209904a3f6a""},""join_samples"":{""date"":""2026-10-06"",""run_id"":""f6b44811a3a04e82892b6b92b821b08c""}}"
814,313,"47.131528200000005 , 7.536917900000001","46.6140818 , 7.5361399",rural-rural,mixed,3024,"{""sample_routes"":{""date"":""2026-10-06"",""run_id"":""40f0434126ae436fb4303209904a3f6a""},""join_samples"":{""date"":""2026-10-06"",""run_id"":""f6b44811a3a04e82892b6b92b821b08c""}}"
815,314,"47.226708800000004 , 7.085057900000001","46.9099791 , 7.401152100000001",rural-urban,mixed,3025,"{""sample_routes"":{""date"":""2026-10-06"",""run_id"":""40f0434126ae436fb4303209904a3f6a""},""join_samples"":{""date"":""2026-10-06"",""run_id"":""f6b44811a3a04e82892b6b92b821b08c""}}"
816,315,"47.420006300000004 , 9.246362900000001","47.139841700000005 , 9.5257774",urban-rural,mixed,3027,"{""sample_routes"":{""date"":""2026-10-06"",""run_id"":""40f0434126ae436fb4303209904a3f6a""},""join_samples"":{""date"":""2026-10-06"",""run_id"":""f6b44811a3a04e82892b6b92b821b08c""}}"
817,316,"47.2918436 , 8.864769","47.039633800000004 , 8.612062700000001",rural-rural,mixed,3031,"{""sample_routes"":{""date"":""2026-10-06"",""run_id"":""40f0434126ae436fb4303209904a3f6a""},""join_samples"":{""date"":""2026-10-06"",""run_id"":""f6b44811a3a04e82892b6b92b821b08c""}}"
818,317,"47.389502500000006 , 8.5115534","47.388824500000005 , 7.863129000000001",urban-rural,mixed,3035,"{""sample_routes"":{""date"":""2026-10-06"",""run_id"":""40f0434126ae436fb4303209904a3f6a""},""join_samples"":{""date"":""2026-10-06"",""run_id"":""f6b44811a3a04e82892b6b92b821b08c""}}"
819,318,"47.149264300000006 , 7.6974184","46.7787007 , 7.6972554",rural-rural,mixed,3035,"{""sample_routes"":{""date"":""2026-10-06"",""run_id"":""40f0434126ae436fb4303209904a3f6a""},""join_samples"":{""date"":""2026-10-06"",""run_id"":""f6b44811a3a04e82892b6b92b821b08c""}}"
820,319,"47.50167870000001 , 8.3456384","47.502291500000005 , 7.5507048",rural-urban,mixed,3036,"{""sample_routes"":{""date"":""2026-10-06"",""run_id"":""40f0434126ae436fb4303209904a3f6a""},""join_samples"":{""date"":""2026-10-06"",""run_id"":""f6b44811a3a04e82892b6b92b821b08c""}}"
821,320,"47.2704717 , 8.203848800000001","47.5829065 , 8.5152985",rural-rural,mixed,3037,"{""sample_routes"":{""date"":""2026-10-06"",""run_id"":""40f0434126ae436fb4303209904a3f6a""},""join_samples"":{""date"":""2026-10-06"",""run_id"":""f6b44811a3a04e82892b6b92b821b08c""}}"
822,321,"47.21786 , 7.5884241","46.9358609 , 7.8714082",rural-rural,mixed,3038,"{""sample_routes"":{""date"":""2026-10-06"",""run_id"":""40f0434126ae436fb4303209904a3f6a""},""join_samples"":{""date"":""2026-10-06"",""run_id"":""f6b44811a3a04e82892b6b92b821b08c""}}"
823,322,"47.455380100000006 , 8.436364900000001","47.143086000000004 , 8.1250192",rural-urban,mixed,3040,"{""sample_routes"":{""date"":""2026-10-06"",""run_id"":""40f0434126ae436fb4303209904a3f6a""},""join_samples"":{""date"":""2026-10-06"",""run_id"":""f6b44811a3a04e82892b6b92b821b08c""}}"
824,323,"46.5254619 , 6.628273500000001","46.0990952 , 7.055431700000001",urban-urban,mixed,3041,"{""sample_routes"":{""date"":""2026-10-06"",""run_id"":""40f0434126ae436fb4303209904a3f6a""},""join_samples"":{""date"":""2026-10-06"",""run_id"":""f6b44811a3a04e82892b6b92b821b08c""}}"
825,324,"47.3029432 , 8.046280300000001","47.532218300000004 , 7.816521700000001",rural-rural,mixed,2359,"{""sample_routes"":{""date"":""2026-10-06"",""run_id"":""40f0434126ae436fb4303209904a3f6a""},""join_samples"":{""date"":""2026-10-06"",""run_id"":""f6b44811a3a04e82892b6b92b821b08c""}}"
826,325,"47.123099 , 9.5259471","47.4055529 , 9.244068500000001",rural-urban,mixed,3044,"{""sample_routes"":{""date"":""2026-10-06"",""run_id"":""40f0434126ae436fb4303209904a3f6a""},""join_samples"":{""date"":""2026-10-06"",""run_id"":""f6b44811a3a04e82892b6b92b821b08c""}}"
827,326,"47.401847100000005 , 8.4976527","47.402557200000004 , 7.8609539",urban-rural,mixed,3044,"{""sample_routes"":{""date"":""2026-10-06"",""run_id"":""40f0434126ae436fb4303209904a3f6a""},""join_samples"":{""date"":""2026-10-06"",""run_id"":""f6b44811a3a04e82892b6b92b821b08c""}}"
828,327,"46.969565200000005 , 7.2828064","47.3446676 , 7.6586372",rural-rural,mixed,3044,"{""sample_routes"":{""date"":""2026-10-06"",""run_id"":""40f0434126ae436fb4303209904a3f6a""},""join_samples"":{""date"":""2026-10-06"",""run_id"":""f6b44811a3a04e82892b6b92b821b08c""}}"
829,328,"47.665855400000005 , 9.0655792","47.3180385 , 8.718514800000001",rural-rural,mixed,3045,"{""sample_routes"":{""date"":""2026-10-06"",""run_id"":""40f0434126ae436fb4303209904a3f6a""},""join_samples"":{""date"":""2026-10-06"",""run_id"":""f6b44811a3a04e82892b6b92b821b08c""}}"
830,329,"47.370567300000005 , 7.954867600000001","46.9244597 , 7.508017000000001",rural-urban,mixed,3045,"{""sample_routes"":{""date"":""2026-10-06"",""run_id"":""40f0434126ae436fb4303209904a3f6a""},""join_samples"":{""date"":""2026-10-06"",""run_id"":""f6b44811a3a04e82892b6b92b821b08c""}}"
831,330,"47.4902031 , 7.615241500000001","47.0614196 , 7.6159743",urban-urban,mixed,3045,"{""sample_routes"":{""date"":""2026-10-06"",""run_id"":""40f0434126ae436fb4303209904a3f6a""},""join_samples"":{""date"":""2026-10-06"",""run_id"":""f6b44811a3a04e82892b6b92b821b08c""}}"
832,331,"45.985871700000004 , 8.936146","46.186344500000004 , 8.735226500000001",urban-rural,mixed,2353,"{""sample_routes"":{""date"":""2026-10-06"",""run_id"":""40f0434126ae436fb4303209904a3f6a""},""join_samples"":{""date"":""2026-10-06"",""run_id"":""f6b44811a3a04e82892b6b92b821b08c""}}"
833,332,"47.501936400000005 , 7.764916","47.046644400000005 , 8.2194722",rural-rural,mixed,3047,"{""sample_routes"":{""date"":""2026-10-06"",""run_id"":""40f0434126ae436fb4303209904a3f6a""},""join_samples"":{""date"":""2026-10-06"",""run_id"":""f6b44811a3a04e82892b6b92b821b08c""}}"
834,333,"47.1947981 , 7.518768400000001","47.3729857 , 7.3398417",urban-urban,mixed,2353,"{""sample_routes"":{""date"":""2026-10-06"",""run_id"":""40f0434126ae436fb4303209904a3f6a""},""join_samples"":{""date"":""2026-10-06"",""run_id"":""f6b44811a3a04e82892b6b92b821b08c""}}"
835,334,"46.2317709 , 6.956779","46.6061035 , 6.5826681",rural-rural,mixed,3052,"{""sample_routes"":{""date"":""2026-10-06"",""run_id"":""40f0434126ae436fb4303209904a3f6a""},""join_samples"":{""date"":""2026-10-06"",""run_id"":""f6b44811a3a04e82892b6b92b821b08c""}}"
836,335,"47.2318237 , 8.4332966","47.2314342 , 7.8298353",rural-rural,mixed,3053,"{""sample_routes"":{""date"":""2026-10-06"",""run_id"":""40f0434126ae436fb4303209904a3f6a""},""join_samples"":{""date"":""2026-10-06"",""run_id"":""f6b44811a3a04e82892b6b92b821b08c""}}"
837,336,"47.1258418 , 9.049522900000001","47.467193300000005 , 8.707272900000001",rural-urban,mixed,3056,"{""sample_routes"":{""date"":""2026-10-06"",""run_id"":""40f0434126ae436fb4303209904a3f6a""},""join_samples"":{""date"":""2026-10-06"",""run_id"":""f6b44811a3a04e82892b6b92b821b08c""}}"
838,337,"46.820530000000005 , 8.6467002","47.2426809 , 8.225411000000001",rural-rural,mixed,3056,"{""sample_routes"":{""date"":""2026-10-06"",""run_id"":""40f0434126ae436fb4303209904a3f6a""},""join_samples"":{""date"":""2026-10-06"",""run_id"":""f6b44811a3a04e82892b6b92b821b08c""}}"
839,338,"47.7643144 , 8.5071171","47.4715336 , 8.7991896",rural-rural,mixed,3057,"{""sample_routes"":{""date"":""2026-10-06"",""run_id"":""40f0434126ae436fb4303209904a3f6a""},""join_samples"":{""date"":""2026-10-06"",""run_id"":""f6b44811a3a04e82892b6b92b821b08c""}}"
840,339,"47.3238672 , 8.6524181","47.6595224 , 8.9872422",rural-rural,mixed,3057,"{""sample_routes"":{""date"":""2026-10-06"",""run_id"":""40f0434126ae436fb4303209904a3f6a""},""join_samples"":{""date"":""2026-10-06"",""run_id"":""f6b44811a3a04e82892b6b92b821b08c""}}"
841,340,"47.5554524 , 7.536631600000001","47.087400800000005 , 7.536714300000001",urban-rural,mixed,3058,"{""sample_routes"":{""date"":""2026-10-06"",""run_id"":""40f0434126ae436fb4303209904a3f6a""},""join_samples"":{""date"":""2026-10-06"",""run_id"":""f6b44811a3a04e82892b6b92b821b08c""}}"
842,341,"47.257354 , 9.49756","47.520536400000005 , 9.2347278",rural-rural,mixed,3059,"{""sample_routes"":{""date"":""2026-10-06"",""run_id"":""40f0434126ae436fb4303209904a3f6a""},""join_samples"":{""date"":""2026-10-06"",""run_id"":""f6b44811a3a04e82892b6b92b821b08c""}}"
843,342,"46.639843400000004 , 7.0514539","47.025717400000005 , 7.4369658",urban-urban,mixed,3059,"{""sample_routes"":{""date"":""2026-10-06"",""run_id"":""40f0434126ae436fb4303209904a3f6a""},""join_samples"":{""date"":""2026-10-06"",""run_id"":""f6b44811a3a04e82892b6b92b821b08c""}}"
844,343,"47.636392300000004 , 8.790994300000001","47.265384100000006 , 8.791222000000001",rural-rural,mixed,3062,"{""sample_routes"":{""date"":""2026-10-06"",""run_id"":""40f0434126ae436fb4303209904a3f6a""},""join_samples"":{""date"":""2026-10-06"",""run_id"":""f6b44811a3a04e82892b6b92b821b08c""}}"
845,344,"47.3758939 , 8.6416839","47.0854622 , 8.641381",urban-rural,mixed,3063,"{""sample_routes"":{""date"":""2026-10-06"",""run_id"":""40f0434126ae436fb4303209904a3f6a""},""join_samples"":{""date"":""2026-10-06"",""run_id"":""f6b44811a3a04e82892b6b92b821b08c""}}"
846,345,"47.2956469 , 7.9495335","47.521433900000005 , 7.950115200000001",urban-rural,mixed,2336,"{""sample_routes"":{""date"":""2026-10-06"",""run_id"":""40f0434126ae436fb4303209904a3f6a""},""join_samples"":{""date"":""2026-10-06"",""run_id"":""f6b44811a3a04e82892b6b92b821b08c""}}"
847,346,"46.6532046 , 7.0686423000000005","47.1815883 , 7.597926800000001",urban-urban,mixed,3065,"{""sample_routes"":{""date"":""2026-10-06"",""run_id"":""40f0434126ae436fb4303209904a3f6a""},""join_samples"":{""date"":""2026-10-06"",""run_id"":""f6b44811a3a04e82892b6b92b821b08c""}}"
848,347,"47.2165237 , 7.9950168","46.820165100000004 , 8.3912032",rural-rural,mixed,3067,"{""sample_routes"":{""date"":""2026-10-06"",""run_id"":""40f0434126ae436fb4303209904a3f6a""},""join_samples"":{""date"":""2026-10-06"",""run_id"":""f6b44811a3a04e82892b6b92b821b08c""}}"
849,348,"47.5423905 , 8.3794834","47.186070400000006 , 8.022390600000001",rural-rural,mixed,3067,"{""sample_routes"":{""date"":""2026-10-06"",""run_id"":""40f0434126ae436fb4303209904a3f6a""},""join_samples"":{""date"":""2026-10-06"",""run_id"":""f6b44811a3a04e82892b6b92b821b08c""}}"
850,349,"47.3858523 , 8.257498100000001","47.386547400000005 , 7.675286000000001",rural-rural,mixed,3068,"{""sample_routes"":{""date"":""2026-10-06"",""run_id"":""40f0434126ae436fb4303209904a3f6a""},""join_samples"":{""date"":""2026-10-06"",""run_id"":""f6b44811a3a04e82892b6b92b821b08c""}}"
851,350,"47.3832042 , 8.0226494","47.052998300000006 , 8.352275800000001",urban-rural,mixed,3069,"{""sample_routes"":{""date"":""2026-10-06"",""run_id"":""40f0434126ae436fb4303209904a3f6a""},""join_samples"":{""date"":""2026-10-06"",""run_id"":""f6b44811a3a04e82892b6b92b821b08c""}}"
852,351,"47.481457000000006 , 7.5401324","47.203372200000004 , 7.818629100000001",rural-rural,mixed,3072,"{""sample_routes"":{""date"":""2026-10-06"",""run_id"":""40f0434126ae436fb4303209904a3f6a""},""join_samples"":{""date"":""2026-10-06"",""run_id"":""f6b44811a3a04e82892b6b92b821b08c""}}"
853,352,"47.063269600000005 , 7.6271301000000005","47.064230800000004 , 7.0669851",urban-rural,mixed,3074,"{""sample_routes"":{""date"":""2026-10-06"",""run_id"":""40f0434126ae436fb4303209904a3f6a""},""join_samples"":{""date"":""2026-10-06"",""run_id"":""f6b44811a3a04e82892b6b92b821b08c""}}"
854,353,"46.607123800000004 , 6.525269600000001","46.234668600000006 , 6.898461200000001",rural-rural,mixed,3076,"{""sample_routes"":{""date"":""2026-10-06"",""run_id"":""40f0434126ae436fb4303209904a3f6a""},""join_samples"":{""date"":""2026-10-06"",""run_id"":""f6b44811a3a04e82892b6b92b821b08c""}}"
855,354,"47.707784800000006 , 8.619202300000001","47.327961900000005 , 8.6183814",urban-rural,mixed,3080,"{""sample_routes"":{""date"":""2026-10-06"",""run_id"":""40f0434126ae436fb4303209904a3f6a""},""join_samples"":{""date"":""2026-10-06"",""run_id"":""f6b44811a3a04e82892b6b92b821b08c""}}"
856,355,"47.6818528 , 8.6831794","47.2865295 , 8.682668600000001",rural-urban,mixed,3081,"{""sample_routes"":{""date"":""2026-10-06"",""run_id"":""40f0434126ae436fb4303209904a3f6a""},""join_samples"":{""date"":""2026-10-06"",""run_id"":""f6b44811a3a04e82892b6b92b821b08c""}}"
857,356,"47.2065642 , 8.6999765","47.207552500000006 , 7.980451700000001",urban-rural,mixed,3082,"{""sample_routes"":{""date"":""2026-10-06"",""run_id"":""40f0434126ae436fb4303209904a3f6a""},""join_samples"":{""date"":""2026-10-06"",""run_id"":""f6b44811a3a04e82892b6b92b821b08c""}}"
858,357,"47.2250017 , 9.526309000000001","47.546825600000005 , 9.2044273",rural-rural,mixed,3082,"{""sample_routes"":{""date"":""2026-10-06"",""run_id"":""40f0434126ae436fb4303209904a3f6a""},""join_samples"":{""date"":""2026-10-06"",""run_id"":""f6b44811a3a04e82892b6b92b821b08c""}}"
859,358,"46.872181100000006 , 6.9308562","46.967359200000004 , 6.8349532",rural-urban,mixed,2318,"{""sample_routes"":{""date"":""2026-10-06"",""run_id"":""40f0434126ae436fb4303209904a3f6a""},""join_samples"":{""date"":""2026-10-06"",""run_id"":""f6b44811a3a04e82892b6b92b821b08c""}}"
860,359,"46.953278600000004 , 7.4354205","47.2566189 , 7.1320027",urban-rural,mixed,3087,"{""sample_routes"":{""date"":""2026-10-06"",""run_id"":""40f0434126ae436fb4303209904a3f6a""},""join_samples"":{""date"":""2026-10-06"",""run_id"":""f6b44811a3a04e82892b6b92b821b08c""}}"
861,360,"47.3371755 , 8.520945000000001","47.3363291 , 7.8284856000000005",urban-urban,mixed,3088,"{""sample_routes"":{""date"":""2026-10-06"",""run_id"":""40f0434126ae436fb4303209904a3f6a""},""join_samples"":{""date"":""2026-10-06"",""run_id"":""f6b44811a3a04e82892b6b92b821b08c""}}"
862,361,"47.52830650000001 , 7.588559200000001","47.1717056 , 7.5895244",urban-urban,mixed,3088,"{""sample_routes"":{""date"":""2026-10-06"",""run_id"":""40f0434126ae436fb4303209904a3f6a""},""join_samples"":{""date"":""2026-10-06"",""run_id"":""f6b44811a3a04e82892b6b92b821b08c""}}"
863,362,"46.0294934 , 8.9343319","45.921225500000006 , 9.0416621",urban-rural,mixed,2310,"{""sample_routes"":{""date"":""2026-10-06"",""run_id"":""40f0434126ae436fb4303209904a3f6a""},""join_samples"":{""date"":""2026-10-06"",""run_id"":""f6b44811a3a04e82892b6b92b821b08c""}}"
864,363,"46.003662000000006 , 8.8335985","45.8287563 , 9.009042500000001",rural-urban,mixed,2310,"{""sample_routes"":{""date"":""2026-10-06"",""run_id"":""40f0434126ae436fb4303209904a3f6a""},""join_samples"":{""date"":""2026-10-06"",""run_id"":""f6b44811a3a04e82892b6b92b821b08c""}}"
865,364,"47.552968500000006 , 7.6223317","47.037294200000005 , 7.622860500000001",urban-urban,mixed,3093,"{""sample_routes"":{""date"":""2026-10-06"",""run_id"":""40f0434126ae436fb4303209904a3f6a""},""join_samples"":{""date"":""2026-10-06"",""run_id"":""f6b44811a3a04e82892b6b92b821b08c""}}"
866,365,"47.0357064 , 8.163023200000001","47.383997900000004 , 8.162513",rural-urban,mixed,3094,"{""sample_routes"":{""date"":""2026-10-06"",""run_id"":""40f0434126ae436fb4303209904a3f6a""},""join_samples"":{""date"":""2026-10-06"",""run_id"":""f6b44811a3a04e82892b6b92b821b08c""}}"
867,366,"47.2217659 , 7.5213863000000005","46.7668942 , 7.066532400000001",urban-rural,mixed,3095,"{""sample_routes"":{""date"":""2026-10-06"",""run_id"":""40f0434126ae436fb4303209904a3f6a""},""join_samples"":{""date"":""2026-10-06"",""run_id"":""f6b44811a3a04e82892b6b92b821b08c""}}"
868,367,"47.3947754 , 8.5451756","47.395261100000006 , 7.8588785",urban-rural,mixed,3095,"{""sample_routes"":{""date"":""2026-10-06"",""run_id"":""40f0434126ae436fb4303209904a3f6a""},""join_samples"":{""date"":""2026-10-06"",""run_id"":""f6b44811a3a04e82892b6b92b821b08c""}}"
869,368,"47.2550772 , 8.6146238","47.2541607 , 8.1826223",urban-urban,mixed,3095,"{""sample_routes"":{""date"":""2026-10-06"",""run_id"":""40f0434126ae436fb4303209904a3f6a""},""join_samples"":{""date"":""2026-10-06"",""run_id"":""f6b44811a3a04e82892b6b92b821b08c""}}"
870,369,"46.9594912 , 7.5428772","47.3522909 , 7.9365613",rural-urban,mixed,3096,"{""sample_routes"":{""date"":""2026-10-06"",""run_id"":""40f0434126ae436fb4303209904a3f6a""},""join_samples"":{""date"":""2026-10-06"",""run_id"":""f6b44811a3a04e82892b6b92b821b08c""}}"
871,370,"47.516842200000006 , 8.5281255","47.516593900000004 , 7.693482",urban-urban,mixed,3097,"{""sample_routes"":{""date"":""2026-10-06"",""run_id"":""40f0434126ae436fb4303209904a3f6a""},""join_samples"":{""date"":""2026-10-06"",""run_id"":""f6b44811a3a04e82892b6b92b821b08c""}}"
872,371,"46.837947 , 7.565781800000001","46.838369300000004 , 6.8182",rural-rural,mixed,3098,"{""sample_routes"":{""date"":""2026-10-06"",""run_id"":""40f0434126ae436fb4303209904a3f6a""},""join_samples"":{""date"":""2026-10-06"",""run_id"":""f6b44811a3a04e82892b6b92b821b08c""}}"
873,372,"47.0547059 , 7.624699400000001","47.5374659 , 7.624362400000001",urban-urban,mixed,3099,"{""sample_routes"":{""date"":""2026-10-06"",""run_id"":""40f0434126ae436fb4303209904a3f6a""},""join_samples"":{""date"":""2026-10-06"",""run_id"":""f6b44811a3a04e82892b6b92b821b08c""}}"
874,373,"47.516056000000006 , 8.3199322","47.5166735 , 7.6125926",rural-urban,mixed,3102,"{""sample_routes"":{""date"":""2026-10-06"",""run_id"":""40f0434126ae436fb4303209904a3f6a""},""join_samples"":{""date"":""2026-10-06"",""run_id"":""f6b44811a3a04e82892b6b92b821b08c""}}"
875,374,"46.8490605 , 7.3679715","47.267618500000005 , 7.7872377",rural-rural,mixed,3103,"{""sample_routes"":{""date"":""2026-10-06"",""run_id"":""40f0434126ae436fb4303209904a3f6a""},""join_samples"":{""date"":""2026-10-06"",""run_id"":""f6b44811a3a04e82892b6b92b821b08c""}}"
876,375,"47.4085162 , 8.5358645","47.4091894 , 7.807577200000001",urban-rural,mixed,3104,"{""sample_routes"":{""date"":""2026-10-06"",""run_id"":""40f0434126ae436fb4303209904a3f6a""},""join_samples"":{""date"":""2026-10-06"",""run_id"":""f6b44811a3a04e82892b6b92b821b08c""}}"
877,376,"47.498909600000005 , 9.020767300000001","47.2820089 , 8.803738800000001",rural-rural,rural,2698,"{""sample_routes"":{""date"":""2026-10-06"",""run_id"":""40f0434126ae436fb4303209904a3f6a""},""join_samples"":{""date"":""2026-10-06"",""run_id"":""f6b44811a3a04e82892b6b92b821b08c""}}"
878,377,"47.2306807 , 8.257487600000001","47.540790900000005 , 7.947681",rural-rural,rural,2693,"{""sample_routes"":{""date"":""2026-10-06"",""run_id"":""40f0434126ae436fb4303209904a3f6a""},""join_samples"":{""date"":""2026-10-06"",""run_id"":""f6b44811a3a04e82892b6b92b821b08c""}}"
879,378,"47.329576100000004 , 9.417640500000001","47.195886800000004 , 9.283790900000001",rural-rural,rural,2710,"{""sample_routes"":{""date"":""2026-10-06"",""run_id"":""40f0434126ae436fb4303209904a3f6a""},""join_samples"":{""date"":""2026-10-06"",""run_id"":""f6b44811a3a04e82892b6b92b821b08c""}}"
880,379,"46.748255400000005 , 8.1454337","46.6175329 , 8.0156911",rural-rural,rural,2683,"{""sample_routes"":{""date"":""2026-10-06"",""run_id"":""40f0434126ae436fb4303209904a3f6a""},""join_samples"":{""date"":""2026-10-06"",""run_id"":""f6b44811a3a04e82892b6b92b821b08c""}}"
881,380,"47.3214266 , 7.8355120000000005","47.3204902 , 7.3696311",urban-rural,rural,2679,"{""sample_routes"":{""date"":""2026-10-06"",""run_id"":""40f0434126ae436fb4303209904a3f6a""},""join_samples"":{""date"":""2026-10-06"",""run_id"":""f6b44811a3a04e82892b6b92b821b08c""}}"
882,381,"46.588915400000005 , 7.7232127","46.589441400000005 , 7.3441508",rural-rural,rural,2661,"{""sample_routes"":{""date"":""2026-10-06"",""run_id"":""40f0434126ae436fb4303209904a3f6a""},""join_samples"":{""date"":""2026-10-06"",""run_id"":""f6b44811a3a04e82892b6b92b821b08c""}}"
883,382,"46.596096900000006 , 7.231234000000001","46.497370100000005 , 7.232177200000001",rural-rural,rural,2661,"{""sample_routes"":{""date"":""2026-10-06"",""run_id"":""40f0434126ae436fb4303209904a3f6a""},""join_samples"":{""date"":""2026-10-06"",""run_id"":""f6b44811a3a04e82892b6b92b821b08c""}}"
884,383,"46.6253303 , 9.575110200000001","46.434462800000006 , 9.7669593",rural-rural,rural,2660,"{""sample_routes"":{""date"":""2026-10-06"",""run_id"":""40f0434126ae436fb4303209904a3f6a""},""join_samples"":{""date"":""2026-10-06"",""run_id"":""f6b44811a3a04e82892b6b92b821b08c""}}"
885,384,"46.2888594 , 6.9620692","46.4833258 , 7.155811300000001",urban-rural,rural,2746,"{""sample_routes"":{""date"":""2026-10-06"",""run_id"":""40f0434126ae436fb4303209904a3f6a""},""join_samples"":{""date"":""2026-10-06"",""run_id"":""f6b44811a3a04e82892b6b92b821b08c""}}"
886,385,"47.442494700000005 , 9.080095","47.191694600000005 , 9.3299192",rural-rural,rural,2746,"{""sample_routes"":{""date"":""2026-10-06"",""run_id"":""40f0434126ae436fb4303209904a3f6a""},""join_samples"":{""date"":""2026-10-06"",""run_id"":""f6b44811a3a04e82892b6b92b821b08c""}}"
887,386,"47.271908200000006 , 8.139872500000001","47.052165800000004 , 7.920861400000001",rural-rural,rural,2635,"{""sample_routes"":{""date"":""2026-10-06"",""run_id"":""40f0434126ae436fb4303209904a3f6a""},""join_samples"":{""date"":""2026-10-06"",""run_id"":""f6b44811a3a04e82892b6b92b821b08c""}}"
888,387,"46.4485249 , 6.235572100000001","46.6778161 , 6.463881700000001",rural-rural,rural,2635,"{""sample_routes"":{""date"":""2026-10-06"",""run_id"":""40f0434126ae436fb4303209904a3f6a""},""join_samples"":{""date"":""2026-10-06"",""run_id"":""f6b44811a3a04e82892b6b92b821b08c""}}"
889,388,"47.1367385 , 9.0510035","47.475572 , 9.0515562",rural-urban,rural,2632,"{""sample_routes"":{""date"":""2026-10-06"",""run_id"":""40f0434126ae436fb4303209904a3f6a""},""join_samples"":{""date"":""2026-10-06"",""run_id"":""f6b44811a3a04e82892b6b92b821b08c""}}"
890,389,"47.1730006 , 8.8796806","47.0107645 , 8.8787565",rural-rural,rural,2773,"{""sample_routes"":{""date"":""2026-10-06"",""run_id"":""40f0434126ae436fb4303209904a3f6a""},""join_samples"":{""date"":""2026-10-06"",""run_id"":""f6b44811a3a04e82892b6b92b821b08c""}}"
891,390,"46.847587000000004 , 6.838005300000001","46.6483262 , 7.0377486000000005",rural-rural,rural,2773,"{""sample_routes"":{""date"":""2026-10-06"",""run_id"":""40f0434126ae436fb4303209904a3f6a""},""join_samples"":{""date"":""2026-10-06"",""run_id"":""f6b44811a3a04e82892b6b92b821b08c""}}"
892,391,"47.1719116 , 8.1114101","47.387937300000004 , 8.328072800000001",urban-rural,rural,2626,"{""sample_routes"":{""date"":""2026-10-06"",""run_id"":""40f0434126ae436fb4303209904a3f6a""},""join_samples"":{""date"":""2026-10-06"",""run_id"":""f6b44811a3a04e82892b6b92b821b08c""}}"
893,392,"47.193741100000004 , 8.8933171","46.916408600000004 , 9.170027300000001",urban-rural,rural,2777,"{""sample_routes"":{""date"":""2026-10-06"",""run_id"":""40f0434126ae436fb4303209904a3f6a""},""join_samples"":{""date"":""2026-10-06"",""run_id"":""f6b44811a3a04e82892b6b92b821b08c""}}"
894,393,"46.200298100000005 , 7.8439468","46.262974 , 7.907479",rural-rural,rural,2607,"{""sample_routes"":{""date"":""2026-10-06"",""run_id"":""40f0434126ae436fb4303209904a3f6a""},""join_samples"":{""date"":""2026-10-06"",""run_id"":""f6b44811a3a04e82892b6b92b821b08c""}}"
895,394,"46.3019985 , 7.7038891000000005","46.048754900000006 , 7.9562441",rural-rural,rural,2605,"{""sample_routes"":{""date"":""2026-10-06"",""run_id"":""40f0434126ae436fb4303209904a3f6a""},""join_samples"":{""date"":""2026-10-06"",""run_id"":""f6b44811a3a04e82892b6b92b821b08c""}}"
896,395,"47.148988200000005 , 7.2353909000000005","47.381717800000004 , 7.235432",urban-rural,rural,2597,"{""sample_routes"":{""date"":""2026-10-06"",""run_id"":""40f0434126ae436fb4303209904a3f6a""},""join_samples"":{""date"":""2026-10-06"",""run_id"":""f6b44811a3a04e82892b6b92b821b08c""}}"
897,396,"46.863696600000004 , 8.6556277","46.5115703 , 8.655586900000001",urban-rural,rural,2813,"{""sample_routes"":{""date"":""2026-10-06"",""run_id"":""40f0434126ae436fb4303209904a3f6a""},""join_samples"":{""date"":""2026-10-06"",""run_id"":""f6b44811a3a04e82892b6b92b821b08c""}}"
898,397,"47.0419515 , 9.0181486","46.8697894 , 8.8468351",rural-rural,rural,2817,"{""sample_routes"":{""date"":""2026-10-06"",""run_id"":""40f0434126ae436fb4303209904a3f6a""},""join_samples"":{""date"":""2026-10-06"",""run_id"":""f6b44811a3a04e82892b6b92b821b08c""}}"
899,398,"46.773808100000004 , 6.6520868","46.552303800000004 , 6.8729179",urban-rural,rural,2818,"{""sample_routes"":{""date"":""2026-10-06"",""run_id"":""40f0434126ae436fb4303209904a3f6a""},""join_samples"":{""date"":""2026-10-06"",""run_id"":""f6b44811a3a04e82892b6b92b821b08c""}}"
900,399,"47.162467400000004 , 8.266837","47.4383806 , 8.2659204",rural-rural,rural,2579,"{""sample_routes"":{""date"":""2026-10-06"",""run_id"":""40f0434126ae436fb4303209904a3f6a""},""join_samples"":{""date"":""2026-10-06"",""run_id"":""f6b44811a3a04e82892b6b92b821b08c""}}"
901,400,"46.8377962 , 6.9996374","46.512847900000004 , 6.6740199",rural-urban,rural,2825,"{""sample_routes"":{""date"":""2026-10-06"",""run_id"":""40f0434126ae436fb4303209904a3f6a""},""join_samples"":{""date"":""2026-10-06"",""run_id"":""f6b44811a3a04e82892b6b92b821b08c""}}"
902,401,"46.489848300000006 , 8.7854352","46.121513500000006 , 8.785951200000001",rural-rural,rural,2825,"{""sample_routes"":{""date"":""2026-10-06"",""run_id"":""40f0434126ae436fb4303209904a3f6a""},""join_samples"":{""date"":""2026-10-06"",""run_id"":""f6b44811a3a04e82892b6b92b821b08c""}}"
903,402,"47.536736100000006 , 7.871451500000001","47.337338300000006 , 8.0714773",rural-rural,rural,2572,"{""sample_routes"":{""date"":""2026-10-06"",""run_id"":""40f0434126ae436fb4303209904a3f6a""},""join_samples"":{""date"":""2026-10-06"",""run_id"":""f6b44811a3a04e82892b6b92b821b08c""}}"
904,403,"46.9845033 , 8.4140292","46.728422800000004 , 8.157892",rural-rural,rural,2828,"{""sample_routes"":{""date"":""2026-10-06"",""run_id"":""40f0434126ae436fb4303209904a3f6a""},""join_samples"":{""date"":""2026-10-06"",""run_id"":""f6b44811a3a04e82892b6b92b821b08c""}}"
905,404,"46.2801373 , 7.817658300000001","46.280812700000006 , 7.4537414",rural-rural,rural,2829,"{""sample_routes"":{""date"":""2026-10-06"",""run_id"":""40f0434126ae436fb4303209904a3f6a""},""join_samples"":{""date"":""2026-10-06"",""run_id"":""f6b44811a3a04e82892b6b92b821b08c""}}"
906,405,"47.3100116 , 7.572667900000001","47.1068495 , 7.775867600000001",rural-rural,rural,2839,"{""sample_routes"":{""date"":""2026-10-06"",""run_id"":""40f0434126ae436fb4303209904a3f6a""},""join_samples"":{""date"":""2026-10-06"",""run_id"":""f6b44811a3a04e82892b6b92b821b08c""}}"
907,406,"46.4356425 , 9.2151701","46.4362768 , 8.853720000000001",rural-rural,rural,2841,"{""sample_routes"":{""date"":""2026-10-06"",""run_id"":""40f0434126ae436fb4303209904a3f6a""},""join_samples"":{""date"":""2026-10-06"",""run_id"":""f6b44811a3a04e82892b6b92b821b08c""}}"
908,407,"47.148920800000006 , 9.4806813","46.693399400000004 , 9.4815357",urban-rural,rural,2849,"{""sample_routes"":{""date"":""2026-10-06"",""run_id"":""40f0434126ae436fb4303209904a3f6a""},""join_samples"":{""date"":""2026-10-06"",""run_id"":""f6b44811a3a04e82892b6b92b821b08c""}}"
909,408,"46.887894100000004 , 6.5501562","47.1058383 , 6.7690752000000005",rural-rural,rural,2549,"{""sample_routes"":{""date"":""2026-10-06"",""run_id"":""40f0434126ae436fb4303209904a3f6a""},""join_samples"":{""date"":""2026-10-06"",""run_id"":""f6b44811a3a04e82892b6b92b821b08c""}}"
910,409,"46.779344 , 9.1500292","46.650382500000006 , 9.2797821",rural-rural,rural,2549,"{""sample_routes"":{""date"":""2026-10-06"",""run_id"":""40f0434126ae436fb4303209904a3f6a""},""join_samples"":{""date"":""2026-10-06"",""run_id"":""f6b44811a3a04e82892b6b92b821b08c""}}"
911,410,"46.958837900000006 , 8.5142323","46.9596449 , 8.1250731",rural-rural,rural,2852,"{""sample_routes"":{""date"":""2026-10-06"",""run_id"":""40f0434126ae436fb4303209904a3f6a""},""join_samples"":{""date"":""2026-10-06"",""run_id"":""f6b44811a3a04e82892b6b92b821b08c""}}"
912,411,"47.0305401 , 6.9929923","47.2576486 , 7.2202976",rural-rural,rural,2852,"{""sample_routes"":{""date"":""2026-10-06"",""run_id"":""40f0434126ae436fb4303209904a3f6a""},""join_samples"":{""date"":""2026-10-06"",""run_id"":""f6b44811a3a04e82892b6b92b821b08c""}}"
913,412,"46.914131700000006 , 8.624009000000001","46.9151067 , 8.1165985",rural-rural,rural,2853,"{""sample_routes"":{""date"":""2026-10-06"",""run_id"":""40f0434126ae436fb4303209904a3f6a""},""join_samples"":{""date"":""2026-10-06"",""run_id"":""f6b44811a3a04e82892b6b92b821b08c""}}"
914,413,"46.193983200000005 , 7.1778915","46.321582500000005 , 7.304615",rural-rural,rural,2543,"{""sample_routes"":{""date"":""2026-10-06"",""run_id"":""40f0434126ae436fb4303209904a3f6a""},""join_samples"":{""date"":""2026-10-06"",""run_id"":""f6b44811a3a04e82892b6b92b821b08c""}}"
915,414,"46.814860800000005 , 7.507471600000001","47.091712300000005 , 7.7852433",rural-rural,rural,2857,"{""sample_routes"":{""date"":""2026-10-06"",""run_id"":""40f0434126ae436fb4303209904a3f6a""},""join_samples"":{""date"":""2026-10-06"",""run_id"":""f6b44811a3a04e82892b6b92b821b08c""}}"
916,415,"47.246794200000004 , 8.1818981","47.0103996 , 8.182324300000001",urban-rural,rural,2541,"{""sample_routes"":{""date"":""2026-10-06"",""run_id"":""40f0434126ae436fb4303209904a3f6a""},""join_samples"":{""date"":""2026-10-06"",""run_id"":""f6b44811a3a04e82892b6b92b821b08c""}}"
917,416,"47.2079764 , 7.783212600000001","46.8627175 , 7.782286000000001",urban-rural,rural,2860,"{""sample_routes"":{""date"":""2026-10-06"",""run_id"":""40f0434126ae436fb4303209904a3f6a""},""join_samples"":{""date"":""2026-10-06"",""run_id"":""f6b44811a3a04e82892b6b92b821b08c""}}"
918,417,"46.808711300000006 , 8.0576968","47.1397198 , 8.0581875",rural-rural,rural,2863,"{""sample_routes"":{""date"":""2026-10-06"",""run_id"":""40f0434126ae436fb4303209904a3f6a""},""join_samples"":{""date"":""2026-10-06"",""run_id"":""f6b44811a3a04e82892b6b92b821b08c""}}"
919,418,"47.3045302 , 7.801442700000001","47.044352800000006 , 7.801844300000001",rural-rural,rural,2535,"{""sample_routes"":{""date"":""2026-10-06"",""run_id"":""40f0434126ae436fb4303209904a3f6a""},""join_samples"":{""date"":""2026-10-06"",""run_id"":""f6b44811a3a04e82892b6b92b821b08c""}}"
920,419,"47.088544000000006 , 7.4807817000000005","47.3500147 , 7.7416787000000005",rural-rural,rural,2534,"{""sample_routes"":{""date"":""2026-10-06"",""run_id"":""40f0434126ae436fb4303209904a3f6a""},""join_samples"":{""date"":""2026-10-06"",""run_id"":""f6b44811a3a04e82892b6b92b821b08c""}}"
921,420,"47.376095400000004 , 7.7486692","47.061443800000006 , 7.7482863",rural-rural,rural,2874,"{""sample_routes"":{""date"":""2026-10-06"",""run_id"":""40f0434126ae436fb4303209904a3f6a""},""join_samples"":{""date"":""2026-10-06"",""run_id"":""f6b44811a3a04e82892b6b92b821b08c""}}"
922,421,"46.305072 , 7.6964294","46.1795921 , 7.570495500000001",rural-rural,rural,2522,"{""sample_routes"":{""date"":""2026-10-06"",""run_id"":""40f0434126ae436fb4303209904a3f6a""},""join_samples"":{""date"":""2026-10-06"",""run_id"":""f6b44811a3a04e82892b6b92b821b08c""}}"
923,422,"47.1474835 , 9.481423900000001","47.3541747 , 9.273849700000001",urban-rural,rural,2880,"{""sample_routes"":{""date"":""2026-10-06"",""run_id"":""40f0434126ae436fb4303209904a3f6a""},""join_samples"":{""date"":""2026-10-06"",""run_id"":""f6b44811a3a04e82892b6b92b821b08c""}}"
924,423,"47.410868 , 7.8724623000000005","47.0412854 , 7.5031965000000005",rural-urban,rural,2513,"{""sample_routes"":{""date"":""2026-10-06"",""run_id"":""40f0434126ae436fb4303209904a3f6a""},""join_samples"":{""date"":""2026-10-06"",""run_id"":""f6b44811a3a04e82892b6b92b821b08c""}}"
925,424,"47.039350000000006 , 7.103113400000001","46.714215 , 6.777825900000001",rural-rural,rural,2889,"{""sample_routes"":{""date"":""2026-10-06"",""run_id"":""40f0434126ae436fb4303209904a3f6a""},""join_samples"":{""date"":""2026-10-06"",""run_id"":""f6b44811a3a04e82892b6b92b821b08c""}}"
926,425,"46.7816765 , 6.635928000000001","46.99538930000001 , 6.6351977",urban-rural,rural,2890,"{""sample_routes"":{""date"":""2026-10-06"",""run_id"":""40f0434126ae436fb4303209904a3f6a""},""join_samples"":{""date"":""2026-10-06"",""run_id"":""f6b44811a3a04e82892b6b92b821b08c""}}"
927,426,"47.5368434 , 8.5821474","47.6731738 , 8.4455696",rural-rural,rural,2506,"{""sample_routes"":{""date"":""2026-10-06"",""run_id"":""40f0434126ae436fb4303209904a3f6a""},""join_samples"":{""date"":""2026-10-06"",""run_id"":""f6b44811a3a04e82892b6b92b821b08c""}}"
928,427,"47.0156511 , 8.177675500000001","47.256795200000006 , 7.9360514",rural-rural,rural,2504,"{""sample_routes"":{""date"":""2026-10-06"",""run_id"":""40f0434126ae436fb4303209904a3f6a""},""join_samples"":{""date"":""2026-10-06"",""run_id"":""f6b44811a3a04e82892b6b92b821b08c""}}"
929,428,"47.3264295 , 7.8487111","47.326106100000004 , 7.3452286",urban-rural,rural,2901,"{""sample_routes"":{""date"":""2026-10-06"",""run_id"":""40f0434126ae436fb4303209904a3f6a""},""join_samples"":{""date"":""2026-10-06"",""run_id"":""f6b44811a3a04e82892b6b92b821b08c""}}"
930,429,"47.5137433 , 9.296226800000001","47.2285106 , 9.010619700000001",rural-urban,rural,2910,"{""sample_routes"":{""date"":""2026-10-06"",""run_id"":""40f0434126ae436fb4303209904a3f6a""},""join_samples"":{""date"":""2026-10-06"",""run_id"":""f6b44811a3a04e82892b6b92b821b08c""}}"
931,430,"46.461473100000006 , 7.115743800000001","46.7123263 , 7.116592600000001",rural-rural,rural,2487,"{""sample_routes"":{""date"":""2026-10-06"",""run_id"":""40f0434126ae436fb4303209904a3f6a""},""join_samples"":{""date"":""2026-10-06"",""run_id"":""f6b44811a3a04e82892b6b92b821b08c""}}"
932,431,"47.535696800000004 , 8.523387600000001","47.6831599 , 8.6700555",rural-rural,rural,2483,"{""sample_routes"":{""date"":""2026-10-06"",""run_id"":""40f0434126ae436fb4303209904a3f6a""},""join_samples"":{""date"":""2026-10-06"",""run_id"":""f6b44811a3a04e82892b6b92b821b08c""}}"
933,432,"46.815961900000005 , 7.2245482","47.031131900000005 , 7.009886900000001",rural-rural,rural,2483,"{""sample_routes"":{""date"":""2026-10-06"",""run_id"":""40f0434126ae436fb4303209904a3f6a""},""join_samples"":{""date"":""2026-10-06"",""run_id"":""f6b44811a3a04e82892b6b92b821b08c""}}"
934,433,"46.5588101 , 7.040137700000001","46.772984900000004 , 6.8257437",rural-rural,rural,2918,"{""sample_routes"":{""date"":""2026-10-06"",""run_id"":""40f0434126ae436fb4303209904a3f6a""},""join_samples"":{""date"":""2026-10-06"",""run_id"":""f6b44811a3a04e82892b6b92b821b08c""}}"
935,434,"47.4067541 , 7.8047088","47.0458264 , 7.8042674000000005",rural-rural,rural,2925,"{""sample_routes"":{""date"":""2026-10-06"",""run_id"":""40f0434126ae436fb4303209904a3f6a""},""join_samples"":{""date"":""2026-10-06"",""run_id"":""f6b44811a3a04e82892b6b92b821b08c""}}"
936,435,"47.266497300000005 , 8.1563013","47.0069171 , 8.1556466",urban-rural,rural,2926,"{""sample_routes"":{""date"":""2026-10-06"",""run_id"":""40f0434126ae436fb4303209904a3f6a""},""join_samples"":{""date"":""2026-10-06"",""run_id"":""f6b44811a3a04e82892b6b92b821b08c""}}"
937,436,"47.083094200000005 , 7.444285900000001","47.307982300000006 , 7.2200774",rural-rural,rural,2926,"{""sample_routes"":{""date"":""2026-10-06"",""run_id"":""40f0434126ae436fb4303209904a3f6a""},""join_samples"":{""date"":""2026-10-06"",""run_id"":""f6b44811a3a04e82892b6b92b821b08c""}}"
938,437,"47.4119006 , 7.820950300000001","47.100198500000005 , 7.820228900000001",rural-rural,rural,2473,"{""sample_routes"":{""date"":""2026-10-06"",""run_id"":""40f0434126ae436fb4303209904a3f6a""},""join_samples"":{""date"":""2026-10-06"",""run_id"":""f6b44811a3a04e82892b6b92b821b08c""}}"
939,438,"47.009109800000004 , 9.4990973","46.8002045 , 9.7071501",rural-rural,rural,2472,"{""sample_routes"":{""date"":""2026-10-06"",""run_id"":""40f0434126ae436fb4303209904a3f6a""},""join_samples"":{""date"":""2026-10-06"",""run_id"":""f6b44811a3a04e82892b6b92b821b08c""}}"
940,439,"46.968183700000004 , 9.7013311","46.701964600000004 , 9.4357711",rural-rural,rural,2466,"{""sample_routes"":{""date"":""2026-10-06"",""run_id"":""40f0434126ae436fb4303209904a3f6a""},""join_samples"":{""date"":""2026-10-06"",""run_id"":""f6b44811a3a04e82892b6b92b821b08c""}}"
941,440,"47.1608109 , 7.798881300000001","46.942991500000005 , 8.0162642",rural-rural,rural,2934,"{""sample_routes"":{""date"":""2026-10-06"",""run_id"":""40f0434126ae436fb4303209904a3f6a""},""join_samples"":{""date"":""2026-10-06"",""run_id"":""f6b44811a3a04e82892b6b92b821b08c""}}"
942,441,"47.077440200000005 , 8.6332441","46.7351345 , 8.6331793",rural-rural,rural,2466,"{""sample_routes"":{""date"":""2026-10-06"",""run_id"":""40f0434126ae436fb4303209904a3f6a""},""join_samples"":{""date"":""2026-10-06"",""run_id"":""f6b44811a3a04e82892b6b92b821b08c""}}"
943,442,"46.5368365 , 6.6186422","46.948800600000006 , 7.0308972",urban-rural,rural,2947,"{""sample_routes"":{""date"":""2026-10-06"",""run_id"":""40f0434126ae436fb4303209904a3f6a""},""join_samples"":{""date"":""2026-10-06"",""run_id"":""f6b44811a3a04e82892b6b92b821b08c""}}"
944,443,"47.3747376 , 9.5599758","47.375628400000004 , 9.1231764",urban-rural,rural,2950,"{""sample_routes"":{""date"":""2026-10-06"",""run_id"":""40f0434126ae436fb4303209904a3f6a""},""join_samples"":{""date"":""2026-10-06"",""run_id"":""f6b44811a3a04e82892b6b92b821b08c""}}"
945,444,"46.1205513 , 8.7105075","46.3182989 , 8.5119071",rural-rural,rural,2959,"{""sample_routes"":{""date"":""2026-10-06"",""run_id"":""40f0434126ae436fb4303209904a3f6a""},""join_samples"":{""date"":""2026-10-06"",""run_id"":""f6b44811a3a04e82892b6b92b821b08c""}}"
946,445,"46.5938342 , 6.771430400000001","46.9183016 , 7.0966113",rural-urban,rural,2440,"{""sample_routes"":{""date"":""2026-10-06"",""run_id"":""40f0434126ae436fb4303209904a3f6a""},""join_samples"":{""date"":""2026-10-06"",""run_id"":""f6b44811a3a04e82892b6b92b821b08c""}}"
947,446,"46.7875092 , 7.788257300000001","46.786917100000004 , 7.3229204",rural-rural,rural,2960,"{""sample_routes"":{""date"":""2026-10-06"",""run_id"":""40f0434126ae436fb4303209904a3f6a""},""join_samples"":{""date"":""2026-10-06"",""run_id"":""f6b44811a3a04e82892b6b92b821b08c""}}"
948,447,"46.8728768 , 8.7282691","47.1379764 , 8.4623746",rural-rural,rural,2431,"{""sample_routes"":{""date"":""2026-10-06"",""run_id"":""40f0434126ae436fb4303209904a3f6a""},""join_samples"":{""date"":""2026-10-06"",""run_id"":""f6b44811a3a04e82892b6b92b821b08c""}}"
949,448,"47.503986600000005 , 8.4989819","47.683604200000005 , 8.678423",urban-rural,rural,2431,"{""sample_routes"":{""date"":""2026-10-06"",""run_id"":""40f0434126ae436fb4303209904a3f6a""},""join_samples"":{""date"":""2026-10-06"",""run_id"":""f6b44811a3a04e82892b6b92b821b08c""}}"
950,449,"46.4699189 , 7.052042500000001","46.3045148 , 6.8859737",rural-rural,rural,2970,"{""sample_routes"":{""date"":""2026-10-06"",""run_id"":""40f0434126ae436fb4303209904a3f6a""},""join_samples"":{""date"":""2026-10-06"",""run_id"":""f6b44811a3a04e82892b6b92b821b08c""}}"
951,450,"46.7547294 , 7.145866300000001","46.7547524 , 6.6537915000000005",rural-urban,rural,2972,"{""sample_routes"":{""date"":""2026-10-06"",""run_id"":""40f0434126ae436fb4303209904a3f6a""},""join_samples"":{""date"":""2026-10-06"",""run_id"":""f6b44811a3a04e82892b6b92b821b08c""}}"
952,451,"46.832745 , 9.458097","47.1247921 , 9.457672",rural-rural,rural,2425,"{""sample_routes"":{""date"":""2026-10-06"",""run_id"":""40f0434126ae436fb4303209904a3f6a""},""join_samples"":{""date"":""2026-10-06"",""run_id"":""f6b44811a3a04e82892b6b92b821b08c""}}"
953,452,"46.963837500000004 , 7.2526514","47.112173600000006 , 7.10383",rural-rural,rural,2424,"{""sample_routes"":{""date"":""2026-10-06"",""run_id"":""40f0434126ae436fb4303209904a3f6a""},""join_samples"":{""date"":""2026-10-06"",""run_id"":""f6b44811a3a04e82892b6b92b821b08c""}}"
954,453,"47.3181595 , 9.432679700000001","47.317322100000005 , 9.046869800000001",rural-rural,rural,2421,"{""sample_routes"":{""date"":""2026-10-06"",""run_id"":""40f0434126ae436fb4303209904a3f6a""},""join_samples"":{""date"":""2026-10-06"",""run_id"":""f6b44811a3a04e82892b6b92b821b08c""}}"
955,454,"46.824821 , 7.786089400000001","47.0938157 , 8.054190700000001",rural-rural,rural,2981,"{""sample_routes"":{""date"":""2026-10-06"",""run_id"":""40f0434126ae436fb4303209904a3f6a""},""join_samples"":{""date"":""2026-10-06"",""run_id"":""f6b44811a3a04e82892b6b92b821b08c""}}"
956,455,"46.643353700000006 , 8.016811200000001","46.7542472 , 8.1281195",rural-rural,rural,2983,"{""sample_routes"":{""date"":""2026-10-06"",""run_id"":""40f0434126ae436fb4303209904a3f6a""},""join_samples"":{""date"":""2026-10-06"",""run_id"":""f6b44811a3a04e82892b6b92b821b08c""}}"
957,456,"47.535212300000005 , 8.0479693","47.2153987 , 8.3671633",rural-rural,rural,2991,"{""sample_routes"":{""date"":""2026-10-06"",""run_id"":""40f0434126ae436fb4303209904a3f6a""},""join_samples"":{""date"":""2026-10-06"",""run_id"":""f6b44811a3a04e82892b6b92b821b08c""}}"
958,457,"46.8203438 , 7.1515228","47.1235398 , 7.152170900000001",urban-rural,rural,2992,"{""sample_routes"":{""date"":""2026-10-06"",""run_id"":""40f0434126ae436fb4303209904a3f6a""},""join_samples"":{""date"":""2026-10-06"",""run_id"":""f6b44811a3a04e82892b6b92b821b08c""}}"
959,458,"47.1823514 , 9.470160700000001","47.3801653 , 9.4695605",urban-rural,rural,2408,"{""sample_routes"":{""date"":""2026-10-06"",""run_id"":""40f0434126ae436fb4303209904a3f6a""},""join_samples"":{""date"":""2026-10-06"",""run_id"":""f6b44811a3a04e82892b6b92b821b08c""}}"
960,459,"47.190838500000005 , 9.2800179","47.434446400000006 , 9.5228163",rural-rural,rural,2997,"{""sample_routes"":{""date"":""2026-10-06"",""run_id"":""40f0434126ae436fb4303209904a3f6a""},""join_samples"":{""date"":""2026-10-06"",""run_id"":""f6b44811a3a04e82892b6b92b821b08c""}}"
961,460,"46.8898378 , 6.6348127","47.1529401 , 6.8985634000000005",rural-rural,rural,3001,"{""sample_routes"":{""date"":""2026-10-06"",""run_id"":""40f0434126ae436fb4303209904a3f6a""},""join_samples"":{""date"":""2026-10-06"",""run_id"":""f6b44811a3a04e82892b6b92b821b08c""}}"
962,461,"46.700305500000006 , 7.052327","46.870786300000006 , 6.881390400000001",rural-rural,rural,2389,"{""sample_routes"":{""date"":""2026-10-06"",""run_id"":""40f0434126ae436fb4303209904a3f6a""},""join_samples"":{""date"":""2026-10-06"",""run_id"":""f6b44811a3a04e82892b6b92b821b08c""}}"
963,462,"46.6877834 , 6.895520100000001","46.688540700000004 , 6.482694100000001",rural-rural,rural,3011,"{""sample_routes"":{""date"":""2026-10-06"",""run_id"":""40f0434126ae436fb4303209904a3f6a""},""join_samples"":{""date"":""2026-10-06"",""run_id"":""f6b44811a3a04e82892b6b92b821b08c""}}"
964,463,"47.1732214 , 7.524595400000001","46.948281800000004 , 7.749152100000001",rural-rural,rural,2386,"{""sample_routes"":{""date"":""2026-10-06"",""run_id"":""40f0434126ae436fb4303209904a3f6a""},""join_samples"":{""date"":""2026-10-06"",""run_id"":""f6b44811a3a04e82892b6b92b821b08c""}}"
965,464,"46.6340074 , 9.7524304","46.470905900000005 , 9.7519313",rural-rural,rural,3015,"{""sample_routes"":{""date"":""2026-10-06"",""run_id"":""40f0434126ae436fb4303209904a3f6a""},""join_samples"":{""date"":""2026-10-06"",""run_id"":""f6b44811a3a04e82892b6b92b821b08c""}}"
966,465,"46.732938700000005 , 8.4128038","46.907071800000004 , 8.5878596",rural-rural,rural,3018,"{""sample_routes"":{""date"":""2026-10-06"",""run_id"":""40f0434126ae436fb4303209904a3f6a""},""join_samples"":{""date"":""2026-10-06"",""run_id"":""f6b44811a3a04e82892b6b92b821b08c""}}"
967,466,"47.1098547 , 9.2186494","47.381531200000005 , 8.9477024",rural-rural,rural,3021,"{""sample_routes"":{""date"":""2026-10-06"",""run_id"":""40f0434126ae436fb4303209904a3f6a""},""join_samples"":{""date"":""2026-10-06"",""run_id"":""f6b44811a3a04e82892b6b92b821b08c""}}"
968,467,"47.4836259 , 8.9345158","47.224583700000004 , 9.1938628",rural-rural,rural,2376,"{""sample_routes"":{""date"":""2026-10-06"",""run_id"":""40f0434126ae436fb4303209904a3f6a""},""join_samples"":{""date"":""2026-10-06"",""run_id"":""f6b44811a3a04e82892b6b92b821b08c""}}"
969,468,"47.009702000000004 , 6.7544589","46.7246688 , 6.4698994",rural-rural,rural,3025,"{""sample_routes"":{""date"":""2026-10-06"",""run_id"":""40f0434126ae436fb4303209904a3f6a""},""join_samples"":{""date"":""2026-10-06"",""run_id"":""f6b44811a3a04e82892b6b92b821b08c""}}"
970,469,"46.8585463 , 9.512418700000001","46.6125076 , 9.7583144",urban-rural,rural,3026,"{""sample_routes"":{""date"":""2026-10-06"",""run_id"":""40f0434126ae436fb4303209904a3f6a""},""join_samples"":{""date"":""2026-10-06"",""run_id"":""f6b44811a3a04e82892b6b92b821b08c""}}"
971,470,"47.1797654 , 7.7268097000000004","47.398491 , 7.507866000000001",urban-rural,rural,3027,"{""sample_routes"":{""date"":""2026-10-06"",""run_id"":""40f0434126ae436fb4303209904a3f6a""},""join_samples"":{""date"":""2026-10-06"",""run_id"":""f6b44811a3a04e82892b6b92b821b08c""}}"
972,471,"46.8193063 , 8.6441046","47.038474400000005 , 8.4258966",rural-rural,rural,2371,"{""sample_routes"":{""date"":""2026-10-06"",""run_id"":""40f0434126ae436fb4303209904a3f6a""},""join_samples"":{""date"":""2026-10-06"",""run_id"":""f6b44811a3a04e82892b6b92b821b08c""}}"
973,472,"47.1593664 , 7.750354300000001","46.9317768 , 7.977171200000001",rural-rural,rural,3030,"{""sample_routes"":{""date"":""2026-10-06"",""run_id"":""40f0434126ae436fb4303209904a3f6a""},""join_samples"":{""date"":""2026-10-06"",""run_id"":""f6b44811a3a04e82892b6b92b821b08c""}}"
974,473,"47.3801604 , 7.511715100000001","47.1609059 , 7.5124731",rural-rural,rural,3031,"{""sample_routes"":{""date"":""2026-10-06"",""run_id"":""40f0434126ae436fb4303209904a3f6a""},""join_samples"":{""date"":""2026-10-06"",""run_id"":""f6b44811a3a04e82892b6b92b821b08c""}}"
975,474,"46.746689 , 7.6471606","46.7468414 , 7.2950881",urban-rural,rural,3032,"{""sample_routes"":{""date"":""2026-10-06"",""run_id"":""40f0434126ae436fb4303209904a3f6a""},""join_samples"":{""date"":""2026-10-06"",""run_id"":""f6b44811a3a04e82892b6b92b821b08c""}}"
976,475,"47.6744137 , 8.630833500000001","47.349975900000004 , 8.9550538",urban-rural,rural,3033,"{""sample_routes"":{""date"":""2026-10-06"",""run_id"":""40f0434126ae436fb4303209904a3f6a""},""join_samples"":{""date"":""2026-10-06"",""run_id"":""f6b44811a3a04e82892b6b92b821b08c""}}"
977,476,"46.7522916 , 7.6269821","46.752327900000004 , 7.234115200000001",urban-rural,rural,3034,"{""sample_routes"":{""date"":""2026-10-06"",""run_id"":""40f0434126ae436fb4303209904a3f6a""},""join_samples"":{""date"":""2026-10-06"",""run_id"":""f6b44811a3a04e82892b6b92b821b08c""}}"
978,477,"47.1519678 , 8.7849228","47.151694400000004 , 8.4401568",rural-urban,rural,2361,"{""sample_routes"":{""date"":""2026-10-06"",""run_id"":""40f0434126ae436fb4303209904a3f6a""},""join_samples"":{""date"":""2026-10-06"",""run_id"":""f6b44811a3a04e82892b6b92b821b08c""}}"
979,478,"47.4172024 , 7.0718022000000005","47.181625600000004 , 7.0718421000000005",rural-rural,rural,3040,"{""sample_routes"":{""date"":""2026-10-06"",""run_id"":""40f0434126ae436fb4303209904a3f6a""},""join_samples"":{""date"":""2026-10-06"",""run_id"":""f6b44811a3a04e82892b6b92b821b08c""}}"
980,479,"46.2498279 , 9.1474059","46.2503782 , 8.844644",rural-rural,rural,2358,"{""sample_routes"":{""date"":""2026-10-06"",""run_id"":""40f0434126ae436fb4303209904a3f6a""},""join_samples"":{""date"":""2026-10-06"",""run_id"":""f6b44811a3a04e82892b6b92b821b08c""}}"
981,480,"47.257354 , 9.49756","47.3974823 , 9.357573200000001",rural-urban,rural,2355,"{""sample_routes"":{""date"":""2026-10-06"",""run_id"":""40f0434126ae436fb4303209904a3f6a""},""join_samples"":{""date"":""2026-10-06"",""run_id"":""f6b44811a3a04e82892b6b92b821b08c""}}"
982,481,"46.7266229 , 9.5441927","46.5116012 , 9.3283278",rural-rural,rural,3046,"{""sample_routes"":{""date"":""2026-10-06"",""run_id"":""40f0434126ae436fb4303209904a3f6a""},""join_samples"":{""date"":""2026-10-06"",""run_id"":""f6b44811a3a04e82892b6b92b821b08c""}}"
983,482,"47.251953500000006 , 9.177092","47.079456400000005 , 9.3504584",rural-rural,rural,3047,"{""sample_routes"":{""date"":""2026-10-06"",""run_id"":""40f0434126ae436fb4303209904a3f6a""},""join_samples"":{""date"":""2026-10-06"",""run_id"":""f6b44811a3a04e82892b6b92b821b08c""}}"
984,483,"47.4799371 , 9.1172945","47.6521065 , 8.9443763",rural-rural,rural,2346,"{""sample_routes"":{""date"":""2026-10-06"",""run_id"":""40f0434126ae436fb4303209904a3f6a""},""join_samples"":{""date"":""2026-10-06"",""run_id"":""f6b44811a3a04e82892b6b92b821b08c""}}"
985,484,"47.1730857 , 8.979861600000001","47.524626600000005 , 8.9802244",rural-rural,rural,3056,"{""sample_routes"":{""date"":""2026-10-06"",""run_id"":""40f0434126ae436fb4303209904a3f6a""},""join_samples"":{""date"":""2026-10-06"",""run_id"":""f6b44811a3a04e82892b6b92b821b08c""}}"
986,485,"46.571758800000005 , 6.8261788","46.964146 , 7.218609300000001",rural-rural,rural,3058,"{""sample_routes"":{""date"":""2026-10-06"",""run_id"":""40f0434126ae436fb4303209904a3f6a""},""join_samples"":{""date"":""2026-10-06"",""run_id"":""f6b44811a3a04e82892b6b92b821b08c""}}"
987,486,"47.4310186 , 7.7554382","47.430793300000005 , 7.3414247",rural-rural,rural,3061,"{""sample_routes"":{""date"":""2026-10-06"",""run_id"":""40f0434126ae436fb4303209904a3f6a""},""join_samples"":{""date"":""2026-10-06"",""run_id"":""f6b44811a3a04e82892b6b92b821b08c""}}"
988,487,"46.4897889 , 8.9503266","46.728941500000005 , 8.9511693",rural-rural,rural,3063,"{""sample_routes"":{""date"":""2026-10-06"",""run_id"":""40f0434126ae436fb4303209904a3f6a""},""join_samples"":{""date"":""2026-10-06"",""run_id"":""f6b44811a3a04e82892b6b92b821b08c""}}"
989,488,"47.105693300000006 , 9.534057800000001","47.354380500000005 , 9.284669500000001",rural-rural,rural,3063,"{""sample_routes"":{""date"":""2026-10-06"",""run_id"":""40f0434126ae436fb4303209904a3f6a""},""join_samples"":{""date"":""2026-10-06"",""run_id"":""f6b44811a3a04e82892b6b92b821b08c""}}"
990,489,"47.1896599 , 7.794912600000001","46.953083500000005 , 7.5591036",rural-rural,rural,2333,"{""sample_routes"":{""date"":""2026-10-06"",""run_id"":""40f0434126ae436fb4303209904a3f6a""},""join_samples"":{""date"":""2026-10-06"",""run_id"":""f6b44811a3a04e82892b6b92b821b08c""}}"
991,490,"47.340914600000005 , 9.528614000000001","47.3418238 , 9.0447137",rural-rural,rural,3067,"{""sample_routes"":{""date"":""2026-10-06"",""run_id"":""40f0434126ae436fb4303209904a3f6a""},""join_samples"":{""date"":""2026-10-06"",""run_id"":""f6b44811a3a04e82892b6b92b821b08c""}}"
992,491,"47.0949655 , 8.2760169","46.8299159 , 8.010567700000001",urban-rural,rural,3068,"{""sample_routes"":{""date"":""2026-10-06"",""run_id"":""40f0434126ae436fb4303209904a3f6a""},""join_samples"":{""date"":""2026-10-06"",""run_id"":""f6b44811a3a04e82892b6b92b821b08c""}}"
993,492,"46.286253800000004 , 7.4717257","46.151226400000006 , 7.4707764",rural-rural,rural,2327,"{""sample_routes"":{""date"":""2026-10-06"",""run_id"":""40f0434126ae436fb4303209904a3f6a""},""join_samples"":{""date"":""2026-10-06"",""run_id"":""f6b44811a3a04e82892b6b92b821b08c""}}"
994,493,"46.8152776 , 9.6074923","47.102449500000006 , 9.6083279",rural-rural,rural,3086,"{""sample_routes"":{""date"":""2026-10-06"",""run_id"":""40f0434126ae436fb4303209904a3f6a""},""join_samples"":{""date"":""2026-10-06"",""run_id"":""f6b44811a3a04e82892b6b92b821b08c""}}"
995,494,"47.2457708 , 9.2512725","46.9954115 , 9.502495900000001",rural-rural,rural,3088,"{""sample_routes"":{""date"":""2026-10-06"",""run_id"":""40f0434126ae436fb4303209904a3f6a""},""join_samples"":{""date"":""2026-10-06"",""run_id"":""f6b44811a3a04e82892b6b92b821b08c""}}"
996,495,"47.210263000000005 , 9.511647100000001","47.3786074 , 9.3431674",rural-rural,rural,2312,"{""sample_routes"":{""date"":""2026-10-06"",""run_id"":""40f0434126ae436fb4303209904a3f6a""},""join_samples"":{""date"":""2026-10-06"",""run_id"":""f6b44811a3a04e82892b6b92b821b08c""}}"
997,496,"47.3227294 , 9.4122403","47.1962265 , 9.4127816",rural-rural,rural,2310,"{""sample_routes"":{""date"":""2026-10-06"",""run_id"":""40f0434126ae436fb4303209904a3f6a""},""join_samples"":{""date"":""2026-10-06"",""run_id"":""f6b44811a3a04e82892b6b92b821b08c""}}"
998,497,"47.2093879 , 8.1957266","47.0265804 , 8.0122508",rural-rural,rural,2304,"{""sample_routes"":{""date"":""2026-10-06"",""run_id"":""40f0434126ae436fb4303209904a3f6a""},""join_samples"":{""date"":""2026-10-06"",""run_id"":""f6b44811a3a04e82892b6b92b821b08c""}}"
999,498,"47.582743900000004 , 9.201412000000001","47.371361300000004 , 8.9903513",rural-rural,rural,2301,"{""sample_routes"":{""date"":""2026-10-06"",""run_id"":""40f0434126ae436fb4303209904a3f6a""},""join_samples"":{""date"":""2026-10-06"",""run_id"":""f6b44811a3a04e82892b6b92b821b08c""}}"
1000,499,"47.418037700000006 , 7.243732400000001","47.4187987 , 6.9425087",rural-rural,rural,2301,"{""sample_routes"":{""date"":""2026-10-06"",""run_id"":""40f0434126ae436fb4303209904a3f6a""},""join_samples"":{""date"":""2026-10-06"",""run_id"":""f6b44811a3a04e82892b6b92b821b08c""}}"
1001,500,"47.467160500000006 , 8.2933567","47.1617807 , 8.293865700000001",urban-urban,rural,2299,"{""sample_routes"":{""date"":""2026-10-06"",""run_id"":""40f0434126ae436fb4303209904a3f6a""},""join_samples"":{""date"":""2026-10-06"",""run_id"":""f6b44811a3a04e82892b6b92b821b08c""}}"
